GRAPH_ID,TIMESTAMP,NODE_INDEX,STATION_ID,RAIN_MM,FLOW,WATER_LEVEL,RAIN_MASK,FLOW_MASK,WATER_LEVEL_MASK
B029,2021-06-26 14:00:00,0,613E0590,0,,285.03,1,0,1
B029,2021-06-26 14:00:00,1,613H1300,0,,259.52,1,0,1
B029,2021-06-26 15:00:00,0,613E0590,0,,285.03,1,0,1
B029,2021-06-26 15:00:00,1,613H1300,0.0008150384711,,259.53,1,0,1
B029,2021-06-26 16:00:00,0,613E0590,0.03746922504,,285.03,1,0,1
B029,2021-06-26 16:00:00,1,613H1300,0.03815479792,,259.52,1,0,1
B029,2021-06-26 17:00:00,0,613E0590,0,,285.03,1,0,1
B029,2021-06-26 17:00:00,1,613H1300,0,,259.54,1,0,1
B029,2021-06-26 18:00:00,0,613E0590,0,,285.02,1,0,1
B029,2021-06-26 18:00:00,1,613H1300,0,,259.53,1,0,1
B029,2021-06-26 19:00:00,0,613E0590,0,,285.02,1,0,1
B029,2021-06-26 19:00:00,1,613H1300,0,,259.53,1,0,1
B029,2021-06-26 20:00:00,0,613E0590,0,,285.02,1,0,1
B029,2021-06-26 20:00:00,1,613H1300,0,,259.54,1,0,1
B029,2021-06-26 21:00:00,0,613E0590,0,,285.03,1,0,1
B029,2021-06-26 21:00:00,1,613H1300,0,,259.53,1,0,1
B029,2021-06-26 22:00:00,0,613E0590,0,,285.03,1,0,1
B029,2021-06-26 22:00:00,1,613H1300,0,,259.54,1,0,1
B029,2021-06-26 23:00:00,0,613E0590,0,,285.03,1,0,1
B029,2021-06-26 23:00:00,1,613H1300,0,,259.52,1,0,1
B029,2021-06-27 00:00:00,0,613E0590,0,,285.03,1,0,1
B029,2021-06-27 00:00:00,1,613H1300,0,,259.54,1,0,1
B029,2021-06-27 01:00:00,0,613E0590,0,,285.02,1,0,1
B029,2021-06-27 01:00:00,1,613H1300,0,,259.53,1,0,1
B029,2021-06-27 02:00:00,0,613E0590,0,,285.02,1,0,1
B029,2021-06-27 02:00:00,1,613H1300,0,,259.53,1,0,1
B029,2021-06-27 03:00:00,0,613E0590,0,,285.02,1,0,1
B029,2021-06-27 03:00:00,1,613H1300,0,,259.54,1,0,1
B029,2021-06-27 04:00:00,0,613E0590,0,,285.02,1,0,1
B029,2021-06-27 04:00:00,1,613H1300,0,,259.52,1,0,1
B029,2021-06-27 05:00:00,0,613E0590,0,,285.02,1,0,1
B029,2021-06-27 05:00:00,1,613H1300,0,,259.54,1,0,1
B029,2021-06-27 06:00:00,0,613E0590,0,,285.02,1,0,1
B029,2021-06-27 06:00:00,1,613H1300,0,,259.53,1,0,1
B029,2021-06-27 07:00:00,0,613E0590,0.03746922504,,285.02,1,0,1
B029,2021-06-27 07:00:00,1,613H1300,0.03896983639,,259.53,1,0,1
B029,2021-06-27 08:00:00,0,613E0590,0,,285.02,1,0,1
B029,2021-06-27 08:00:00,1,613H1300,0,,259.53,1,0,1
B029,2021-06-27 09:00:00,0,613E0590,0,,285.02,1,0,1
B029,2021-06-27 09:00:00,1,613H1300,0,,259.52,1,0,1
B029,2021-06-27 10:00:00,0,613E0590,0,,285.02,1,0,1
B029,2021-06-27 10:00:00,1,613H1300,0,,259.53,1,0,1
B029,2021-06-27 11:00:00,0,613E0590,0,,285.02,1,0,1
B029,2021-06-27 11:00:00,1,613H1300,0,,259.53,1,0,1
B029,2021-06-27 12:00:00,0,613E0590,0,,285.02,1,0,1
B029,2021-06-27 12:00:00,1,613H1300,0,,259.51,1,0,1
B029,2021-06-27 13:00:00,0,613E0590,0,,285.02,1,0,1
B029,2021-06-27 13:00:00,1,613H1300,0,,259.52,1,0,1
B029,2021-06-27 14:00:00,0,613E0590,0,,285.02,1,0,1
B029,2021-06-27 14:00:00,1,613H1300,0,,259.52,1,0,1
B029,2021-06-27 15:00:00,0,613E0590,0,,285.02,1,0,1
B029,2021-06-27 15:00:00,1,613H1300,0,,259.52,1,0,1
B029,2021-06-27 16:00:00,0,613E0590,0,,285.02,1,0,1
B029,2021-06-27 16:00:00,1,613H1300,0,,259.52,1,0,1
B029,2021-06-27 17:00:00,0,613E0590,0,,285.02,1,0,1
B029,2021-06-27 17:00:00,1,613H1300,0,,259.52,1,0,1
B029,2021-06-27 18:00:00,0,613E0590,0,,285.02,1,0,1
B029,2021-06-27 18:00:00,1,613H1300,0,,259.52,1,0,1
B029,2021-06-27 19:00:00,0,613E0590,0,,285.02,1,0,1
B029,2021-06-27 19:00:00,1,613H1300,0,,259.52,1,0,1
B029,2021-06-27 20:00:00,0,613E0590,0,,285.02,1,0,1
B029,2021-06-27 20:00:00,1,613H1300,0,,259.51,1,0,1
B029,2021-06-27 21:00:00,0,613E0590,0,,285.02,1,0,1
B029,2021-06-27 21:00:00,1,613H1300,0,,259.53,1,0,1
B029,2021-06-27 22:00:00,0,613E0590,0,,285.02,1,0,1
B029,2021-06-27 22:00:00,1,613H1300,0,,259.51,1,0,1
B029,2021-06-27 23:00:00,0,613E0590,0,,285.02,1,0,1
B029,2021-06-27 23:00:00,1,613H1300,0,,259.51,1,0,1
B029,2021-06-28 00:00:00,0,613E0590,0,,285.02,1,0,1
B029,2021-06-28 00:00:00,1,613H1300,0,,259.52,1,0,1
B029,2021-06-28 01:00:00,0,613E0590,0,,285.02,1,0,1
B029,2021-06-28 01:00:00,1,613H1300,0,,259.52,1,0,1
B029,2021-06-28 02:00:00,0,613E0590,0,,285.03,1,0,1
B029,2021-06-28 02:00:00,1,613H1300,0,,259.52,1,0,1
B029,2021-06-28 03:00:00,0,613E0590,0,,285.03,1,0,1
B029,2021-06-28 03:00:00,1,613H1300,0,,259.53,1,0,1
B029,2021-06-28 04:00:00,0,613E0590,0,,285.03,1,0,1
B029,2021-06-28 04:00:00,1,613H1300,0,,259.52,1,0,1
B029,2021-06-28 05:00:00,0,613E0590,0,,285.03,1,0,1
B029,2021-06-28 05:00:00,1,613H1300,0,,259.53,1,0,1
B029,2021-06-28 06:00:00,0,613E0590,0,,285.03,1,0,1
B029,2021-06-28 06:00:00,1,613H1300,0,,259.53,1,0,1
B029,2021-06-28 07:00:00,0,613E0590,0,,285.03,1,0,1
B029,2021-06-28 07:00:00,1,613H1300,0,,259.55,1,0,1
B029,2021-06-28 08:00:00,0,613E0590,0,,285.03,1,0,1
B029,2021-06-28 08:00:00,1,613H1300,0,,259.55,1,0,1
B029,2021-06-28 09:00:00,0,613E0590,0,,285.03,1,0,1
B029,2021-06-28 09:00:00,1,613H1300,0,,259.53,1,0,1
B029,2021-06-28 10:00:00,0,613E0590,0,,285.03,1,0,1
B029,2021-06-28 10:00:00,1,613H1300,0,,259.53,1,0,1
B029,2021-06-28 11:00:00,0,613E0590,0,,285.02,1,0,1
B029,2021-06-28 11:00:00,1,613H1300,0,,259.54,1,0,1
B029,2021-06-28 12:00:00,0,613E0590,0,,285.02,1,0,1
B029,2021-06-28 12:00:00,1,613H1300,0,,259.53,1,0,1
B029,2021-06-28 13:00:00,0,613E0590,0,,285.02,1,0,1
B029,2021-06-28 13:00:00,1,613H1300,0,,259.52,1,0,1
B029,2021-06-28 14:00:00,0,613E0590,0.004688108818,,285.02,1,0,1
B029,2021-06-28 14:00:00,1,613H1300,0,,259.51,1,0,1
B029,2021-06-28 15:00:00,0,613E0590,0.0005860136022,,285.02,1,0,1
B029,2021-06-28 15:00:00,1,613H1300,0,,259.52,1,0,1
B029,2021-06-28 16:00:00,0,613E0590,0.01113425844,,285.02,1,0,1
B029,2021-06-28 16:00:00,1,613H1300,0,,259.52,1,0,1
B029,2021-06-28 17:00:00,0,613E0590,0.05337854835,,285.02,1,0,1
B029,2021-06-28 17:00:00,1,613H1300,0.1364021564,,259.53,1,0,1
B029,2021-06-28 18:00:00,0,613E0590,0.03795873866,,285.02,1,0,1
B029,2021-06-28 18:00:00,1,613H1300,0.02396030659,,259.53,1,0,1
B029,2021-06-28 19:00:00,0,613E0590,0,,285.02,1,0,1
B029,2021-06-28 19:00:00,1,613H1300,0.02183653945,,259.53,1,0,1
B029,2021-06-28 20:00:00,0,613E0590,0,,285.02,1,0,1
B029,2021-06-28 20:00:00,1,613H1300,0,,259.53,1,0,1
B029,2021-06-28 21:00:00,0,613E0590,0,,285.02,1,0,1
B029,2021-06-28 21:00:00,1,613H1300,0.1159191754,,259.53,1,0,1
B029,2021-06-28 22:00:00,0,613E0590,1.295744152,,285.02,1,0,1
B029,2021-06-28 22:00:00,1,613H1300,10.84010648,,259.51,1,0,1
B029,2021-06-28 23:00:00,0,613E0590,2.057166064,,285.04,1,0,1
B029,2021-06-28 23:00:00,1,613H1300,2.957833242,,259.5,1,0,1
B029,2021-06-29 00:00:00,0,613E0590,0.8611910993,,285.04,1,0,1
B029,2021-06-29 00:00:00,1,613H1300,1.478119831,,259.52,1,0,1
B029,2021-06-29 01:00:00,0,613E0590,0.3041124961,,285.05,1,0,1
B029,2021-06-29 01:00:00,1,613H1300,0.2653609461,,259.49,1,0,1
B029,2021-06-29 02:00:00,0,613E0590,0.01818543687,,285.08,1,0,1
B029,2021-06-29 02:00:00,1,613H1300,0.1065667259,,259.65,1,0,1
B029,2021-06-29 03:00:00,0,613E0590,0,,285.16,1,0,1
B029,2021-06-29 03:00:00,1,613H1300,0.04498180757,,259.75,1,0,1
B029,2021-06-29 04:00:00,0,613E0590,0,,285.25,1,0,1
B029,2021-06-29 04:00:00,1,613H1300,0.0002037596178,,259.75,1,0,1
B029,2021-06-29 05:00:00,0,613E0590,0.01248974168,,285.25,1,0,1
B029,2021-06-29 05:00:00,1,613H1300,0.03333224772,,259.83,1,0,1
B029,2021-06-29 06:00:00,0,613E0590,0,,285.23,1,0,1
B029,2021-06-29 06:00:00,1,613H1300,0.0002037596178,,259.86,1,0,1
B029,2021-06-29 07:00:00,0,613E0590,19.26506829,,285.21,1,0,1
B029,2021-06-29 07:00:00,1,613H1300,12.32867667,,259.82,1,0,1
B029,2021-06-29 08:00:00,0,613E0590,0.0005860136022,,285.19,1,0,1
B029,2021-06-29 08:00:00,1,613H1300,0,,259.82,1,0,1
B029,2021-06-29 09:00:00,0,613E0590,0,,285.17,1,0,1
B029,2021-06-29 09:00:00,1,613H1300,0,,259.68,1,0,1
B029,2021-06-29 10:00:00,0,613E0590,0,,285.16,1,0,1
B029,2021-06-29 10:00:00,1,613H1300,0.02061398174,,259.65,1,0,1
B029,2021-06-29 11:00:00,0,613E0590,0,,285.15,1,0,1
B029,2021-06-29 11:00:00,1,613H1300,0,,259.64,1,0,1
B029,2021-06-29 12:00:00,0,613E0590,0.6832572959,,285.15,1,0,1
B029,2021-06-29 12:00:00,1,613H1300,0.4122796349,,259.59,1,0,1
B029,2021-06-29 13:00:00,0,613E0590,0.113876216,,285.14,1,0,1
B029,2021-06-29 13:00:00,1,613H1300,0,,259.54,1,0,1
B029,2021-06-29 14:00:00,0,613E0590,0,,285.13,1,0,1
B029,2021-06-29 14:00:00,1,613H1300,0,,259.52,1,0,1
B029,2021-06-29 15:00:00,0,613E0590,0,,285.12,1,0,1
B029,2021-06-29 15:00:00,1,613H1300,0,,259.51,1,0,1
B029,2021-06-29 16:00:00,0,613E0590,0,,285.12,1,0,1
B029,2021-06-29 16:00:00,1,613H1300,0,,259.48,1,0,1
B029,2021-06-29 17:00:00,0,613E0590,0,,,1,0,0
B029,2021-06-29 17:00:00,1,613H1300,0,,259.48,1,0,1
B029,2021-06-29 18:00:00,0,613E0590,0,,285.11,1,0,1
B029,2021-06-29 18:00:00,1,613H1300,0,,259.48,1,0,1
B029,2021-06-29 19:00:00,0,613E0590,0,,285.11,1,0,1
B029,2021-06-29 19:00:00,1,613H1300,0,,259.5,1,0,1
B029,2021-06-29 20:00:00,0,613E0590,0,,285.11,1,0,1
B029,2021-06-29 20:00:00,1,613H1300,0,,259.5,1,0,1
B029,2021-06-29 21:00:00,0,613E0590,0,,285.11,1,0,1
B029,2021-06-29 21:00:00,1,613H1300,0,,259.51,1,0,1
B029,2021-06-29 22:00:00,0,613E0590,0,,285.11,1,0,1
B029,2021-06-29 22:00:00,1,613H1300,0,,259.51,1,0,1
B029,2021-06-29 23:00:00,0,613E0590,0,,285.1,1,0,1
B029,2021-06-29 23:00:00,1,613H1300,0,,259.5,1,0,1
B029,2021-06-30 00:00:00,0,613E0590,0,,285.1,1,0,1
B029,2021-06-30 00:00:00,1,613H1300,0,,259.52,1,0,1
B029,2021-06-30 01:00:00,0,613E0590,0,,285.1,1,0,1
B029,2021-06-30 01:00:00,1,613H1300,0,,259.53,1,0,1
B029,2021-06-30 02:00:00,0,613E0590,0,,285.1,1,0,1
B029,2021-06-30 02:00:00,1,613H1300,0,,259.5,1,0,1
B029,2021-06-30 03:00:00,0,613E0590,0,,285.09,1,0,1
B029,2021-06-30 03:00:00,1,613H1300,0.003346324846,,259.5,1,0,1
B029,2021-06-30 04:00:00,0,613E0590,0.002344054409,,285.09,1,0,1
B029,2021-06-30 04:00:00,1,613H1300,0.1046999857,,259.52,1,0,1
B029,2021-06-30 05:00:00,0,613E0590,0.09134302208,,285.09,1,0,1
B029,2021-06-30 05:00:00,1,613H1300,0.0251828643,,259.52,1,0,1
B029,2021-06-30 06:00:00,0,613E0590,0,,285.09,1,0,1
B029,2021-06-30 06:00:00,1,613H1300,0.003346324846,,259.52,1,0,1
B029,2021-06-30 07:00:00,0,613E0590,0.8890625476,,285.09,1,0,1
B029,2021-06-30 07:00:00,1,613H1300,0.03187551399,,259.52,1,0,1
B029,2021-06-30 08:00:00,0,613E0590,0.178429052,,285.09,1,0,1
B029,2021-06-30 08:00:00,1,613H1300,1.649646368,,259.52,1,0,1
B029,2021-06-30 09:00:00,0,613E0590,0.6974917983,,285.09,1,0,1
B029,2021-06-30 09:00:00,1,613H1300,0.0006112788533,,259.52,1,0,1
B029,2021-06-30 10:00:00,0,613E0590,0.03913076587,,285.09,1,0,1
B029,2021-06-30 10:00:00,1,613H1300,0.08245592697,,259.52,1,0,1
B029,2021-06-30 11:00:00,0,613E0590,0.03795873866,,285.09,1,0,1
B029,2021-06-30 11:00:00,1,613H1300,0,,259.52,1,0,1
B029,2021-06-30 12:00:00,0,613E0590,0.07884754534,,285.09,1,0,1
B029,2021-06-30 12:00:00,1,613H1300,0.03856816368,,259.51,1,0,1
B029,2021-06-30 13:00:00,0,613E0590,0.7457670476,,285.09,1,0,1
B029,2021-06-30 13:00:00,1,613H1300,0.582136067,,259.51,1,0,1
B029,2021-06-30 14:00:00,0,613E0590,0.5795535163,,285.1,1,0,1
B029,2021-06-30 14:00:00,1,613H1300,0.7023601715,,259.5,1,0,1
B029,2021-06-30 15:00:00,0,613E0590,0.2228129263,,285.11,1,0,1
B029,2021-06-30 15:00:00,1,613H1300,0.3689473959,,259.5,1,0,1
B029,2021-06-30 16:00:00,0,613E0590,0,,285.13,1,0,1
B029,2021-06-30 16:00:00,1,613H1300,0.0002037596178,,259.48,1,0,1
B029,2021-06-30 17:00:00,0,613E0590,0,,285.15,1,0,1
B029,2021-06-30 17:00:00,1,613H1300,0,,259.51,1,0,1
B029,2021-06-30 18:00:00,0,613E0590,0,,285.16,1,0,1
B029,2021-06-30 18:00:00,1,613H1300,0.04122796349,,259.52,1,0,1
B029,2021-06-30 19:00:00,0,613E0590,0,,285.17,1,0,1
B029,2021-06-30 19:00:00,1,613H1300,0.0004075192355,,259.51,1,0,1
B029,2021-06-30 20:00:00,0,613E0590,0.03854475226,,285.18,1,0,1
B029,2021-06-30 20:00:00,1,613H1300,0.02061398174,,259.48,1,0,1
B029,2021-06-30 21:00:00,0,613E0590,0,,285.17,1,0,1
B029,2021-06-30 21:00:00,1,613H1300,0.02061398174,,259.52,1,0,1
B029,2021-06-30 22:00:00,0,613E0590,0,,285.17,1,0,1
B029,2021-06-30 22:00:00,1,613H1300,0.006692649692,,259.5,1,0,1
B029,2021-06-30 23:00:00,0,613E0590,0.0935169006,,285.16,1,0,1
B029,2021-06-30 23:00:00,1,613H1300,0.003346324846,,259.49,1,0,1
B029,2021-07-01 00:00:00,0,613E0590,0.03008916495,,285.16,1,0,1
B029,2021-07-01 00:00:00,1,613H1300,0.01271826597,,259.49,1,0,1
B029,2021-07-01 01:00:00,0,613E0590,0.03795873866,,285.15,1,0,1
B029,2021-07-01 01:00:00,1,613H1300,0,,259.48,1,0,1
B029,2021-07-01 02:00:00,0,613E0590,0,,285.15,1,0,1
B029,2021-07-01 02:00:00,1,613H1300,0,,259.49,1,0,1
B029,2021-07-01 03:00:00,0,613E0590,0,,285.14,1,0,1
B029,2021-07-01 03:00:00,1,613H1300,0.0002037596178,,259.49,1,0,1
B029,2021-07-01 04:00:00,0,613E0590,0,,285.14,1,0,1
B029,2021-07-01 04:00:00,1,613H1300,0,,259.5,1,0,1
B029,2021-07-01 05:00:00,0,613E0590,0.01759942327,,285.14,1,0,1
B029,2021-07-01 05:00:00,1,613H1300,0,,259.51,1,0,1
B029,2021-07-01 06:00:00,0,613E0590,0.03795873866,,,1,0,0
B029,2021-07-01 06:00:00,1,613H1300,0.02061398174,,259.51,1,0,1
B029,2021-07-01 07:00:00,0,613E0590,8.646305318,,285.13,1,0,1
B029,2021-07-01 07:00:00,1,613H1300,9.661922228,,259.51,1,0,1
B029,2021-07-01 08:00:00,0,613E0590,0.03008916495,,285.13,1,0,1
B029,2021-07-01 08:00:00,1,613H1300,0.1982441017,,259.51,1,0,1
B029,2021-07-01 09:00:00,0,613E0590,0,,285.12,1,0,1
B029,2021-07-01 09:00:00,1,613H1300,0.02061398174,,259.52,1,0,1
B029,2021-07-01 10:00:00,0,613E0590,0,,285.12,1,0,1
B029,2021-07-01 10:00:00,1,613H1300,0,,259.51,1,0,1
B029,2021-07-01 11:00:00,0,613E0590,0,,285.12,1,0,1
B029,2021-07-01 11:00:00,1,613H1300,0,,259.51,1,0,1
B029,2021-07-01 12:00:00,0,613E0590,0.1758354108,,,1,0,0
B029,2021-07-01 12:00:00,1,613H1300,0.4973693846,,259.52,1,0,1
B029,2021-07-01 13:00:00,0,613E0590,0.6571085479,,285.12,1,0,1
B029,2021-07-01 13:00:00,1,613H1300,0.05394622946,,259.53,1,0,1
B029,2021-07-01 14:00:00,0,613E0590,0,,285.12,1,0,1
B029,2021-07-01 14:00:00,1,613H1300,0,,259.51,1,0,1
B029,2022-05-05 07:00:00,0,613E0590,0,,285.04,1,0,1
B029,2022-05-05 07:00:00,1,613H1300,0,,259.97,1,0,1
B029,2022-05-05 08:00:00,0,613E0590,0,,285.04,1,0,1
B029,2022-05-05 08:00:00,1,613H1300,0,,259.97,1,0,1
B029,2022-05-05 09:00:00,0,613E0590,0,,285.04,1,0,1
B029,2022-05-05 09:00:00,1,613H1300,0,,259.93,1,0,1
B029,2022-05-05 10:00:00,0,613E0590,0,,285.04,1,0,1
B029,2022-05-05 10:00:00,1,613H1300,0,,259.93,1,0,1
B029,2022-05-05 11:00:00,0,613E0590,0,,285.04,1,0,1
B029,2022-05-05 11:00:00,1,613H1300,0,,259.94,1,0,1
B029,2022-05-05 12:00:00,0,613E0590,0,,285.05,1,0,1
B029,2022-05-05 12:00:00,1,613H1300,0,,259.94,1,0,1
B029,2022-05-05 13:00:00,0,613E0590,0,,285.04,1,0,1
B029,2022-05-05 13:00:00,1,613H1300,0,,260.06,1,0,1
B029,2022-05-05 14:00:00,0,613E0590,0,,285.04,1,0,1
B029,2022-05-05 14:00:00,1,613H1300,0,,260.02,1,0,1
B029,2022-05-05 15:00:00,0,613E0590,0,,285.04,1,0,1
B029,2022-05-05 15:00:00,1,613H1300,0,,259.98,1,0,1
B029,2022-05-05 16:00:00,0,613E0590,0,,285.04,1,0,1
B029,2022-05-05 16:00:00,1,613H1300,0,,259.96,1,0,1
B029,2022-05-05 17:00:00,0,613E0590,0,,285.04,1,0,1
B029,2022-05-05 17:00:00,1,613H1300,0,,259.99,1,0,1
B029,2022-05-05 18:00:00,0,613E0590,0,,285.04,1,0,1
B029,2022-05-05 18:00:00,1,613H1300,0,,259.99,1,0,1
B029,2022-05-05 19:00:00,0,613E0590,0,,285.03,1,0,1
B029,2022-05-05 19:00:00,1,613H1300,0,,260,1,0,1
B029,2022-05-05 20:00:00,0,613E0590,0,,285.03,1,0,1
B029,2022-05-05 20:00:00,1,613H1300,0,,260,1,0,1
B029,2022-05-05 21:00:00,0,613E0590,0,,285.03,1,0,1
B029,2022-05-05 21:00:00,1,613H1300,0,,260,1,0,1
B029,2022-05-05 22:00:00,0,613E0590,0,,285.03,1,0,1
B029,2022-05-05 22:00:00,1,613H1300,0,,260,1,0,1
B029,2022-05-05 23:00:00,0,613E0590,0,,285.03,1,0,1
B029,2022-05-05 23:00:00,1,613H1300,0,,259.99,1,0,1
B029,2022-05-06 00:00:00,0,613E0590,0,,285.03,1,0,1
B029,2022-05-06 00:00:00,1,613H1300,0,,259.98,1,0,1
B029,2022-05-06 01:00:00,0,613E0590,0,,285.03,1,0,1
B029,2022-05-06 01:00:00,1,613H1300,0,,259.98,1,0,1
B029,2022-05-06 02:00:00,0,613E0590,0,,285.03,1,0,1
B029,2022-05-06 02:00:00,1,613H1300,0,,259.98,1,0,1
B029,2022-05-06 03:00:00,0,613E0590,0,,285.03,1,0,1
B029,2022-05-06 03:00:00,1,613H1300,0,,259.98,1,0,1
B029,2022-05-06 04:00:00,0,613E0590,0,,285.03,1,0,1
B029,2022-05-06 04:00:00,1,613H1300,0,,260,1,0,1
B029,2022-05-06 05:00:00,0,613E0590,0,,285.03,1,0,1
B029,2022-05-06 05:00:00,1,613H1300,0,,259.96,1,0,1
B029,2022-05-06 06:00:00,0,613E0590,0,,285.03,1,0,1
B029,2022-05-06 06:00:00,1,613H1300,0,,259.97,1,0,1
B029,2022-05-06 07:00:00,0,613E0590,0,,285.04,1,0,1
B029,2022-05-06 07:00:00,1,613H1300,0,,259.97,1,0,1
B029,2022-05-06 08:00:00,0,613E0590,0,,285.04,1,0,1
B029,2022-05-06 08:00:00,1,613H1300,0,,259.97,1,0,1
B029,2022-05-06 09:00:00,0,613E0590,0,,,1,0,0
B029,2022-05-06 09:00:00,1,613H1300,0,,259.94,1,0,1
B029,2022-05-06 10:00:00,0,613E0590,0,,285.04,1,0,1
B029,2022-05-06 10:00:00,1,613H1300,0,,259.96,1,0,1
B029,2022-05-06 11:00:00,0,613E0590,0,,285.04,1,0,1
B029,2022-05-06 11:00:00,1,613H1300,0,,259.97,1,0,1
B029,2022-05-06 12:00:00,0,613E0590,0,,285.04,1,0,1
B029,2022-05-06 12:00:00,1,613H1300,0,,260,1,0,1
B029,2022-05-06 13:00:00,0,613E0590,0,,285.04,1,0,1
B029,2022-05-06 13:00:00,1,613H1300,0,,260.01,1,0,1
B029,2022-05-06 14:00:00,0,613E0590,0,,285.04,1,0,1
B029,2022-05-06 14:00:00,1,613H1300,0,,260.02,1,0,1
B029,2022-05-06 15:00:00,0,613E0590,0,,285.04,1,0,1
B029,2022-05-06 15:00:00,1,613H1300,0,,260.02,1,0,1
B029,2022-05-06 16:00:00,0,613E0590,0,,285.04,1,0,1
B029,2022-05-06 16:00:00,1,613H1300,0,,260,1,0,1
B029,2022-05-06 17:00:00,0,613E0590,0,,285.04,1,0,1
B029,2022-05-06 17:00:00,1,613H1300,0,,260.01,1,0,1
B029,2022-05-06 18:00:00,0,613E0590,0,,285.04,1,0,1
B029,2022-05-06 18:00:00,1,613H1300,0,,260.03,1,0,1
B029,2022-05-06 19:00:00,0,613E0590,0,,285.04,1,0,1
B029,2022-05-06 19:00:00,1,613H1300,0,,260.02,1,0,1
B029,2022-05-06 20:00:00,0,613E0590,0,,285.04,1,0,1
B029,2022-05-06 20:00:00,1,613H1300,0,,260.01,1,0,1
B029,2022-05-06 21:00:00,0,613E0590,0,,285.04,1,0,1
B029,2022-05-06 21:00:00,1,613H1300,0,,260.01,1,0,1
B029,2022-05-06 22:00:00,0,613E0590,0,,285.04,1,0,1
B029,2022-05-06 22:00:00,1,613H1300,0.04143172311,,260.01,1,0,1
B029,2022-05-06 23:00:00,0,613E0590,0,,285.04,1,0,1
B029,2022-05-06 23:00:00,1,613H1300,0,,260,1,0,1
B029,2022-05-07 00:00:00,0,613E0590,0,,285.04,1,0,1
B029,2022-05-07 00:00:00,1,613H1300,0,,260.03,1,0,1
B029,2022-05-07 01:00:00,0,613E0590,0,,285.04,1,0,1
B029,2022-05-07 01:00:00,1,613H1300,0,,260.03,1,0,1
B029,2022-05-07 02:00:00,0,613E0590,0,,285.04,1,0,1
B029,2022-05-07 02:00:00,1,613H1300,0,,260.04,1,0,1
B029,2022-05-07 03:00:00,0,613E0590,0,,285.04,1,0,1
B029,2022-05-07 03:00:00,1,613H1300,0,,260.04,1,0,1
B029,2022-05-07 04:00:00,0,613E0590,0,,285.04,1,0,1
B029,2022-05-07 04:00:00,1,613H1300,0,,260.02,1,0,1
B029,2022-05-07 05:00:00,0,613E0590,0,,285.04,1,0,1
B029,2022-05-07 05:00:00,1,613H1300,0,,260.02,1,0,1
B029,2022-05-07 06:00:00,0,613E0590,0,,285.04,1,0,1
B029,2022-05-07 06:00:00,1,613H1300,0,,260.04,1,0,1
B029,2022-05-07 07:00:00,0,613E0590,0,,285.04,1,0,1
B029,2022-05-07 07:00:00,1,613H1300,0.04143172311,,260.04,1,0,1
B029,2022-05-07 08:00:00,0,613E0590,0,,285.04,1,0,1
B029,2022-05-07 08:00:00,1,613H1300,0.02061398174,,260.04,1,0,1
B029,2022-05-07 09:00:00,0,613E0590,0.02556549696,,285.04,1,0,1
B029,2022-05-07 09:00:00,1,613H1300,0.2413582971,,260.03,1,0,1
B029,2022-05-07 10:00:00,0,613E0590,0.04768858822,,285.04,1,0,1
B029,2022-05-07 10:00:00,1,613H1300,0.07476397082,,260.04,1,0,1
B029,2022-05-07 11:00:00,0,613E0590,0,,285.04,1,0,1
B029,2022-05-07 11:00:00,1,613H1300,0,,260.04,1,0,1
B029,2022-05-07 12:00:00,0,613E0590,0,,285.04,1,0,1
B029,2022-05-07 12:00:00,1,613H1300,0,,260.01,1,0,1
B029,2022-05-07 13:00:00,0,613E0590,0,,285.04,1,0,1
B029,2022-05-07 13:00:00,1,613H1300,0,,260.03,1,0,1
B029,2022-05-07 14:00:00,0,613E0590,0,,285.04,1,0,1
B029,2022-05-07 14:00:00,1,613H1300,0,,260.02,1,0,1
B029,2022-05-07 15:00:00,0,613E0590,0,,285.04,1,0,1
B029,2022-05-07 15:00:00,1,613H1300,0,,260.04,1,0,1
B029,2022-05-07 16:00:00,0,613E0590,0.01248974168,,285.04,1,0,1
B029,2022-05-07 16:00:00,1,613H1300,0.02712236345,,260.04,1,0,1
B029,2022-05-07 17:00:00,0,613E0590,0.001172027204,,285.04,1,0,1
B029,2022-05-07 17:00:00,1,613H1300,0.165930652,,260.06,1,0,1
B029,2022-05-07 18:00:00,0,613E0590,0,,285.04,1,0,1
B029,2022-05-07 18:00:00,1,613H1300,0,,260.05,1,0,1
B029,2022-05-07 19:00:00,0,613E0590,0.0005860136022,,285.04,1,0,1
B029,2022-05-07 19:00:00,1,613H1300,0.04143172311,,260.07,1,0,1
B029,2022-05-07 20:00:00,0,613E0590,0.01759942327,,285.04,1,0,1
B029,2022-05-07 20:00:00,1,613H1300,0.006692649692,,260.07,1,0,1
B029,2022-05-07 21:00:00,0,613E0590,0,,285.04,1,0,1
B029,2022-05-07 21:00:00,1,613H1300,0.01338529938,,260.06,1,0,1
B029,2022-05-07 22:00:00,0,613E0590,0.01248974168,,,1,0,0
B029,2022-05-07 22:00:00,1,613H1300,0.01606459082,,260.07,1,0,1
B029,2022-05-07 23:00:00,0,613E0590,0.02497948336,,285.04,1,0,1
B029,2022-05-07 23:00:00,1,613H1300,0.2988367348,,260.03,1,0,1
B029,2022-05-08 00:00:00,0,613E0590,0.5069921361,,285.04,1,0,1
B029,2022-05-08 00:00:00,1,613H1300,1.401856862,,260.04,1,0,1
B029,2022-05-08 01:00:00,0,613E0590,0.8919261586,,285.04,1,0,1
B029,2022-05-08 01:00:00,1,613H1300,1.70732962,,260.06,1,0,1
B029,2022-05-08 02:00:00,0,613E0590,1.274185319,,285.06,1,0,1
B029,2022-05-08 02:00:00,1,613H1300,2.026965199,,260.05,1,0,1
B029,2022-05-08 03:00:00,0,613E0590,0.499685752,,285.08,1,0,1
B029,2022-05-08 03:00:00,1,613H1300,0.4659141631,,260.07,1,0,1
B029,2022-05-08 04:00:00,0,613E0590,0.3486710026,,285.16,1,0,1
B029,2022-05-08 04:00:00,1,613H1300,1.433404334,,260.05,1,0,1
B029,2022-05-08 05:00:00,0,613E0590,0.03083961938,,285.32,1,0,1
B029,2022-05-08 05:00:00,1,613H1300,0.3164773918,,260.05,1,0,1
B029,2022-05-08 06:00:00,0,613E0590,0,,285.47,1,0,1
B029,2022-05-08 06:00:00,1,613H1300,0,,260.06,1,0,1
B029,2022-05-08 07:00:00,0,613E0590,18.34707822,,285.52,1,0,1
B029,2022-05-08 07:00:00,1,613H1300,11.31116171,,260.12,1,0,1
B029,2022-05-08 08:00:00,0,613E0590,0,,285.51,1,0,1
B029,2022-05-08 08:00:00,1,613H1300,0,,260.26,1,0,1
B029,2022-05-08 09:00:00,0,613E0590,0,,285.47,1,0,1
B029,2022-05-08 09:00:00,1,613H1300,0,,260.47,1,0,1
B029,2022-05-08 10:00:00,0,613E0590,0,,285.44,1,0,1
B029,2022-05-08 10:00:00,1,613H1300,0,,260.56,1,0,1
B029,2022-05-08 11:00:00,0,613E0590,0,,285.4,1,0,1
B029,2022-05-08 11:00:00,1,613H1300,0,,260.59,1,0,1
B029,2022-05-08 12:00:00,0,613E0590,0,,285.37,1,0,1
B029,2022-05-08 12:00:00,1,613H1300,0,,260.56,1,0,1
B029,2022-05-08 13:00:00,0,613E0590,0,,285.35,1,0,1
B029,2022-05-08 13:00:00,1,613H1300,0,,260.55,1,0,1
B029,2022-05-08 14:00:00,0,613E0590,0,,285.32,1,0,1
B029,2022-05-08 14:00:00,1,613H1300,0,,260.5,1,0,1
B029,2022-05-08 15:00:00,0,613E0590,0,,285.31,1,0,1
B029,2022-05-08 15:00:00,1,613H1300,0,,260.48,1,0,1
B029,2022-05-08 16:00:00,0,613E0590,0,,285.29,1,0,1
B029,2022-05-08 16:00:00,1,613H1300,0,,260.45,1,0,1
B029,2022-05-08 17:00:00,0,613E0590,0,,285.27,1,0,1
B029,2022-05-08 17:00:00,1,613H1300,0,,260.45,1,0,1
B029,2022-05-08 18:00:00,0,613E0590,0,,285.26,1,0,1
B029,2022-05-08 18:00:00,1,613H1300,0,,260.4,1,0,1
B029,2022-05-08 19:00:00,0,613E0590,0,,285.25,1,0,1
B029,2022-05-08 19:00:00,1,613H1300,0,,260.36,1,0,1
B029,2022-05-08 20:00:00,0,613E0590,0.08799711635,,285.24,1,0,1
B029,2022-05-08 20:00:00,1,613H1300,0.04122796349,,260.34,1,0,1
B029,2022-05-08 21:00:00,0,613E0590,0.1231959629,,285.23,1,0,1
B029,2022-05-08 21:00:00,1,613H1300,0,,260.33,1,0,1
B029,2022-05-08 22:00:00,0,613E0590,0,,285.22,1,0,1
B029,2022-05-08 22:00:00,1,613H1300,0,,260.31,1,0,1
B029,2022-05-08 23:00:00,0,613E0590,0,,285.21,1,0,1
B029,2022-05-08 23:00:00,1,613H1300,0,,260.29,1,0,1
B029,2022-05-09 00:00:00,0,613E0590,0.03519884654,,285.2,1,0,1
B029,2022-05-09 00:00:00,1,613H1300,0,,260.25,1,0,1
B029,2022-05-09 01:00:00,0,613E0590,0,,285.2,1,0,1
B029,2022-05-09 01:00:00,1,613H1300,0,,260.25,1,0,1
B029,2022-05-09 02:00:00,0,613E0590,0,,285.2,1,0,1
B029,2022-05-09 02:00:00,1,613H1300,0,,260.24,1,0,1
B029,2022-05-09 03:00:00,0,613E0590,0,,285.19,1,0,1
B029,2022-05-09 03:00:00,1,613H1300,0,,260.21,1,0,1
B029,2022-05-09 04:00:00,0,613E0590,0,,285.19,1,0,1
B029,2022-05-09 04:00:00,1,613H1300,0,,260.2,1,0,1
B029,2022-05-09 05:00:00,0,613E0590,0,,285.18,1,0,1
B029,2022-05-09 05:00:00,1,613H1300,0,,260.2,1,0,1
B029,2022-05-09 06:00:00,0,613E0590,0,,285.18,1,0,1
B029,2022-05-09 06:00:00,1,613H1300,0,,260.17,1,0,1
B029,2022-05-09 07:00:00,0,613E0590,0.2463919258,,285.17,1,0,1
B029,2022-05-09 07:00:00,1,613H1300,0.04122796349,,260.18,1,0,1
B029,2022-05-09 08:00:00,0,613E0590,0,,285.17,1,0,1
B029,2022-05-09 08:00:00,1,613H1300,0,,260.18,1,0,1
B029,2022-05-09 09:00:00,0,613E0590,0,,285.16,1,0,1
B029,2022-05-09 09:00:00,1,613H1300,0,,260.1,1,0,1
B029,2022-05-09 10:00:00,0,613E0590,0,,285.16,1,0,1
B029,2022-05-09 10:00:00,1,613H1300,0.03011692361,,260.09,1,0,1
B029,2022-05-09 11:00:00,0,613E0590,0.1107233102,,285.16,1,0,1
B029,2022-05-09 11:00:00,1,613H1300,0.9182589574,,260.09,1,0,1
B029,2022-05-09 12:00:00,0,613E0590,0.127388823,,285.15,1,0,1
B029,2022-05-09 12:00:00,1,613H1300,1.743373395,,260.12,1,0,1
B029,2022-05-09 13:00:00,0,613E0590,0.5899532468,,285.15,1,0,1
B029,2022-05-09 13:00:00,1,613H1300,1.306437569,,260.08,1,0,1
B029,2022-05-09 14:00:00,0,613E0590,0.3924956124,,285.16,1,0,1
B029,2022-05-09 14:00:00,1,613H1300,2.239230034,,260.08,1,0,1
B029,2022-05-09 15:00:00,0,613E0590,0.1200087629,,285.19,1,0,1
B029,2022-05-09 15:00:00,1,613H1300,1.123425807,,260.14,1,0,1
B029,2022-05-09 16:00:00,0,613E0590,0.0005860136022,,285.22,1,0,1
B029,2022-05-09 16:00:00,1,613H1300,0.003346324846,,260.1,1,0,1
B029,2022-05-09 17:00:00,0,613E0590,0,,285.26,1,0,1
B029,2022-05-09 17:00:00,1,613H1300,0,,260.12,1,0,1
B029,2022-05-09 18:00:00,0,613E0590,0.001172027204,,285.29,1,0,1
B029,2022-05-09 18:00:00,1,613H1300,0,,260.17,1,0,1
B029,2022-05-09 19:00:00,0,613E0590,0.01759942327,,285.31,1,0,1
B029,2022-05-09 19:00:00,1,613H1300,0,,260.25,1,0,1
B029,2022-05-09 20:00:00,0,613E0590,0.01248974168,,285.32,1,0,1
B029,2022-05-09 20:00:00,1,613H1300,0.06063887915,,260.29,1,0,1
B029,2022-05-09 21:00:00,0,613E0590,0,,285.31,1,0,1
B029,2022-05-09 21:00:00,1,613H1300,0,,260.33,1,0,1
B029,2022-05-09 22:00:00,0,613E0590,0,,285.3,1,0,1
B029,2022-05-09 22:00:00,1,613H1300,0.103477428,,260.39,1,0,1
B029,2022-05-09 23:00:00,0,613E0590,0.09026749485,,285.3,1,0,1
B029,2022-05-09 23:00:00,1,613H1300,0.289962948,,260.42,1,0,1
B029,2022-05-10 00:00:00,0,613E0590,0.001172027204,,285.29,1,0,1
B029,2022-05-10 00:00:00,1,613H1300,0.0705721911,,260.39,1,0,1
B029,2022-05-10 01:00:00,0,613E0590,0,,285.28,1,0,1
B029,2022-05-10 01:00:00,1,613H1300,0.0002037596178,,260.41,1,0,1
B029,2022-05-10 02:00:00,0,613E0590,0.04827460182,,285.28,1,0,1
B029,2022-05-10 02:00:00,1,613H1300,0.2155870047,,260.4,1,0,1
B029,2022-05-10 03:00:00,0,613E0590,0,,285.27,1,0,1
B029,2022-05-10 03:00:00,1,613H1300,0.07583852347,,260.39,1,0,1
B029,2022-05-10 04:00:00,0,613E0590,0.01307575528,,,1,0,0
B029,2022-05-10 04:00:00,1,613H1300,0.03455480542,,260.39,1,0,1
B029,2022-05-10 05:00:00,0,613E0590,0,,285.27,1,0,1
B029,2022-05-10 05:00:00,1,613H1300,0.08580225182,,260.36,1,0,1
B029,2022-05-10 06:00:00,0,613E0590,0,,285.26,1,0,1
B029,2022-05-10 06:00:00,1,613H1300,0,,260.36,1,0,1
B029,2022-05-10 07:00:00,0,613E0590,1.897709125,,285.26,1,0,1
B029,2022-05-10 07:00:00,1,613H1300,8.84756064,,260.36,1,0,1
B029,2022-05-10 08:00:00,0,613E0590,0,,285.25,1,0,1
B029,2022-05-10 08:00:00,1,613H1300,0,,260.36,1,0,1
B029,2022-06-01 12:00:00,0,613E0590,0,,285.17,1,0,1
B029,2022-06-01 12:00:00,1,613H1300,0,,260.52,1,0,1
B029,2022-06-01 13:00:00,0,613E0590,0,,285.16,1,0,1
B029,2022-06-01 13:00:00,1,613H1300,0,,260.3,1,0,1
B029,2022-06-01 14:00:00,0,613E0590,0,,285.16,1,0,1
B029,2022-06-01 14:00:00,1,613H1300,0,,260.26,1,0,1
B029,2022-06-01 15:00:00,0,613E0590,0,,285.16,1,0,1
B029,2022-06-01 15:00:00,1,613H1300,0,,260.24,1,0,1
B029,2022-06-01 16:00:00,0,613E0590,0,,285.16,1,0,1
B029,2022-06-01 16:00:00,1,613H1300,0,,260.19,1,0,1
B029,2022-06-01 17:00:00,0,613E0590,0,,285.15,1,0,1
B029,2022-06-01 17:00:00,1,613H1300,0,,260.32,1,0,1
B029,2022-06-01 18:00:00,0,613E0590,0,,285.15,1,0,1
B029,2022-06-01 18:00:00,1,613H1300,0,,260.41,1,0,1
B029,2022-06-01 19:00:00,0,613E0590,0,,285.15,1,0,1
B029,2022-06-01 19:00:00,1,613H1300,0,,260.3,1,0,1
B029,2022-06-01 20:00:00,0,613E0590,0,,285.15,1,0,1
B029,2022-06-01 20:00:00,1,613H1300,0,,260.15,1,0,1
B029,2022-06-01 21:00:00,0,613E0590,0,,285.15,1,0,1
B029,2022-06-01 21:00:00,1,613H1300,0,,260.08,1,0,1
B029,2022-06-01 22:00:00,0,613E0590,0,,285.15,1,0,1
B029,2022-06-01 22:00:00,1,613H1300,0,,260.06,1,0,1
B029,2022-06-01 23:00:00,0,613E0590,0,,285.15,1,0,1
B029,2022-06-01 23:00:00,1,613H1300,0,,260.04,1,0,1
B029,2022-06-02 00:00:00,0,613E0590,0,,285.14,1,0,1
B029,2022-06-02 00:00:00,1,613H1300,0,,260.05,1,0,1
B029,2022-06-02 01:00:00,0,613E0590,0,,285.14,1,0,1
B029,2022-06-02 01:00:00,1,613H1300,0,,260.14,1,0,1
B029,2022-06-02 02:00:00,0,613E0590,0,,285.14,1,0,1
B029,2022-06-02 02:00:00,1,613H1300,0,,260.12,1,0,1
B029,2022-06-02 03:00:00,0,613E0590,0,,285.14,1,0,1
B029,2022-06-02 03:00:00,1,613H1300,0,,260.13,1,0,1
B029,2022-06-02 04:00:00,0,613E0590,0,,285.14,1,0,1
B029,2022-06-02 04:00:00,1,613H1300,0,,260.13,1,0,1
B029,2022-06-02 05:00:00,0,613E0590,0,,285.14,1,0,1
B029,2022-06-02 05:00:00,1,613H1300,0,,260.2,1,0,1
B029,2022-06-02 06:00:00,0,613E0590,0,,285.14,1,0,1
B029,2022-06-02 06:00:00,1,613H1300,0,,260.22,1,0,1
B029,2022-06-02 07:00:00,0,613E0590,0.05964124194,,285.14,1,0,1
B029,2022-06-02 07:00:00,1,613H1300,0.313796259,,260.24,1,0,1
B029,2022-06-02 08:00:00,0,613E0590,0,,285.14,1,0,1
B029,2022-06-02 08:00:00,1,613H1300,0,,260.33,1,0,1
B029,2022-06-02 09:00:00,0,613E0590,0,,285.14,1,0,1
B029,2022-06-02 09:00:00,1,613H1300,0,,260.11,1,0,1
B029,2022-06-02 10:00:00,0,613E0590,0,,285.13,1,0,1
B029,2022-06-02 10:00:00,1,613H1300,0,,260.01,1,0,1
B029,2022-06-02 11:00:00,0,613E0590,0,,285.13,1,0,1
B029,2022-06-02 11:00:00,1,613H1300,0,,260,1,0,1
B029,2022-06-02 12:00:00,0,613E0590,0,,285.13,1,0,1
B029,2022-06-02 12:00:00,1,613H1300,0,,260.01,1,0,1
B029,2022-06-02 13:00:00,0,613E0590,0,,285.13,1,0,1
B029,2022-06-02 13:00:00,1,613H1300,0,,260.02,1,0,1
B029,2022-06-02 14:00:00,0,613E0590,0,,285.13,1,0,1
B029,2022-06-02 14:00:00,1,613H1300,0,,260.02,1,0,1
B029,2022-06-02 15:00:00,0,613E0590,0,,285.13,1,0,1
B029,2022-06-02 15:00:00,1,613H1300,0,,259.98,1,0,1
B029,2022-06-02 16:00:00,0,613E0590,0,,285.13,1,0,1
B029,2022-06-02 16:00:00,1,613H1300,0,,260,1,0,1
B029,2022-06-02 17:00:00,0,613E0590,0,,285.13,1,0,1
B029,2022-06-02 17:00:00,1,613H1300,0,,259.99,1,0,1
B029,2022-06-02 18:00:00,0,613E0590,0,,285.13,1,0,1
B029,2022-06-02 18:00:00,1,613H1300,0,,259.96,1,0,1
B029,2022-06-02 19:00:00,0,613E0590,0,,285.13,1,0,1
B029,2022-06-02 19:00:00,1,613H1300,0,,259.97,1,0,1
B029,2022-06-02 20:00:00,0,613E0590,0,,285.13,1,0,1
B029,2022-06-02 20:00:00,1,613H1300,0,,260,1,0,1
B029,2022-06-02 21:00:00,0,613E0590,0,,285.13,1,0,1
B029,2022-06-02 21:00:00,1,613H1300,0,,260,1,0,1
B029,2022-06-02 22:00:00,0,613E0590,0,,285.13,1,0,1
B029,2022-06-02 22:00:00,1,613H1300,0,,259.98,1,0,1
B029,2022-06-02 23:00:00,0,613E0590,0,,285.13,1,0,1
B029,2022-06-02 23:00:00,1,613H1300,0,,260.02,1,0,1
B029,2022-06-03 00:00:00,0,613E0590,0,,285.13,1,0,1
B029,2022-06-03 00:00:00,1,613H1300,0,,259.99,1,0,1
B029,2022-06-03 01:00:00,0,613E0590,0,,285.13,1,0,1
B029,2022-06-03 01:00:00,1,613H1300,0,,259.98,1,0,1
B029,2022-06-03 02:00:00,0,613E0590,0,,285.13,1,0,1
B029,2022-06-03 02:00:00,1,613H1300,0,,259.97,1,0,1
B029,2022-06-03 03:00:00,0,613E0590,0,,285.13,1,0,1
B029,2022-06-03 03:00:00,1,613H1300,0,,259.96,1,0,1
B029,2022-06-03 04:00:00,0,613E0590,0,,285.13,1,0,1
B029,2022-06-03 04:00:00,1,613H1300,0,,259.98,1,0,1
B029,2022-06-03 05:00:00,0,613E0590,0,,285.13,1,0,1
B029,2022-06-03 05:00:00,1,613H1300,0,,259.94,1,0,1
B029,2022-06-03 06:00:00,0,613E0590,0,,285.13,1,0,1
B029,2022-06-03 06:00:00,1,613H1300,0,,259.96,1,0,1
B029,2022-06-03 07:00:00,0,613E0590,0,,285.13,1,0,1
B029,2022-06-03 07:00:00,1,613H1300,0,,259.97,1,0,1
B029,2022-06-03 08:00:00,0,613E0590,0,,285.13,1,0,1
B029,2022-06-03 08:00:00,1,613H1300,0,,259.97,1,0,1
B029,2022-06-03 09:00:00,0,613E0590,0,,,1,0,0
B029,2022-06-03 09:00:00,1,613H1300,0,,259.93,1,0,1
B029,2022-06-03 10:00:00,0,613E0590,0,,285.13,1,0,1
B029,2022-06-03 10:00:00,1,613H1300,0,,259.95,1,0,1
B029,2022-06-03 11:00:00,0,613E0590,0,,285.13,1,0,1
B029,2022-06-03 11:00:00,1,613H1300,0,,259.96,1,0,1
B029,2022-06-03 12:00:00,0,613E0590,0.0005860136022,,285.13,1,0,1
B029,2022-06-03 12:00:00,1,613H1300,0.02211554525,,259.97,1,0,1
B029,2022-06-03 13:00:00,0,613E0590,0,,285.13,1,0,1
B029,2022-06-03 13:00:00,1,613H1300,0.04122796349,,259.96,1,0,1
B029,2022-06-03 14:00:00,0,613E0590,0.0935169006,,285.13,1,0,1
B029,2022-06-03 14:00:00,1,613H1300,0,,259.96,1,0,1
B029,2022-06-03 15:00:00,0,613E0590,0.01248974168,,285.13,1,0,1
B029,2022-06-03 15:00:00,1,613H1300,0.01271826597,,259.98,1,0,1
B029,2022-06-03 16:00:00,0,613E0590,0.01759942327,,285.13,1,0,1
B029,2022-06-03 16:00:00,1,613H1300,0,,260.01,1,0,1
B029,2022-06-03 17:00:00,0,613E0590,0,,285.13,1,0,1
B029,2022-06-03 17:00:00,1,613H1300,0,,259.98,1,0,1
B029,2022-06-03 18:00:00,0,613E0590,0,,285.13,1,0,1
B029,2022-06-03 18:00:00,1,613H1300,0.1442978722,,259.99,1,0,1
B029,2022-06-03 19:00:00,0,613E0590,0.04381887468,,285.13,1,0,1
B029,2022-06-03 19:00:00,1,613H1300,5.030477966,,,1,0,0
B029,2022-06-03 20:00:00,0,613E0590,0.1337232663,,285.13,1,0,1
B029,2022-06-03 20:00:00,1,613H1300,7.859675672,,260.03,1,0,1
B029,2022-06-03 21:00:00,0,613E0590,0.7245080724,,285.13,1,0,1
B029,2022-06-03 21:00:00,1,613H1300,4.480828166,,260.09,1,0,1
B029,2022-06-03 22:00:00,0,613E0590,4.756114394,,285.14,1,0,1
B029,2022-06-03 22:00:00,1,613H1300,6.909096285,,260.1,1,0,1
B029,2022-06-03 23:00:00,0,613E0590,0.4886358759,,285.2,1,0,1
B029,2022-06-03 23:00:00,1,613H1300,1.208454724,,260.27,1,0,1
B029,2022-06-04 00:00:00,0,613E0590,0.07784569402,,285.35,1,0,1
B029,2022-06-04 00:00:00,1,613H1300,0.08327096545,,260.64,1,0,1
B029,2022-06-04 01:00:00,0,613E0590,0,,285.67,1,0,1
B029,2022-06-04 01:00:00,1,613H1300,0,,261.01,1,0,1
B029,2022-06-04 02:00:00,0,613E0590,0,,285.87,1,0,1
B029,2022-06-04 02:00:00,1,613H1300,0,,261.52,1,0,1
B029,2022-06-04 03:00:00,0,613E0590,0,,285.88,1,0,1
B029,2022-06-04 03:00:00,1,613H1300,0,,261.79,1,0,1
B029,2022-06-04 04:00:00,0,613E0590,0,,285.82,1,0,1
B029,2022-06-04 04:00:00,1,613H1300,0,,261.82,1,0,1
B029,2022-06-04 05:00:00,0,613E0590,0,,285.75,1,0,1
B029,2022-06-04 05:00:00,1,613H1300,0.02396030659,,261.63,1,0,1
B029,2022-06-04 06:00:00,0,613E0590,0,,285.68,1,0,1
B029,2022-06-04 06:00:00,1,613H1300,1.044750548,,261.49,1,0,1
B029,2022-06-04 07:00:00,0,613E0590,5.024546596,,285.63,1,0,1
B029,2022-06-04 07:00:00,1,613H1300,2.002628479,,261.4,1,0,1
B029,2022-06-04 08:00:00,0,613E0590,0.1380240239,,285.6,1,0,1
B029,2022-06-04 08:00:00,1,613H1300,0.6109837805,,261.35,1,0,1
B029,2022-06-04 09:00:00,0,613E0590,0.001172027204,,285.59,1,0,1
B029,2022-06-04 09:00:00,1,613H1300,0.5093544731,,261.28,1,0,1
B029,2022-06-04 10:00:00,0,613E0590,0.05555816193,,285.59,1,0,1
B029,2022-06-04 10:00:00,1,613H1300,0.02416406621,,261.26,1,0,1
B029,2022-06-04 11:00:00,0,613E0590,0.01248974168,,285.58,1,0,1
B029,2022-06-04 11:00:00,1,613H1300,0.01271826597,,261.17,1,0,1
B029,2022-06-04 12:00:00,0,613E0590,0,,285.55,1,0,1
B029,2022-06-04 12:00:00,1,613H1300,0,,261.1,1,0,1
B029,2022-06-04 13:00:00,0,613E0590,0.09991793343,,285.5,1,0,1
B029,2022-06-04 13:00:00,1,613H1300,0.728060424,,261.06,1,0,1
B029,2022-06-04 14:00:00,0,613E0590,0.5972963664,,,1,0,0
B029,2022-06-04 14:00:00,1,613H1300,0.5639590407,,261.03,1,0,1
B029,2022-06-04 15:00:00,0,613E0590,0.03854475226,,285.49,1,0,1
B029,2022-06-04 15:00:00,1,613H1300,0.7061731293,,261.02,1,0,1
B029,2022-06-04 16:00:00,0,613E0590,0.03913076587,,285.47,1,0,1
B029,2022-06-04 16:00:00,1,613H1300,0,,260.98,1,0,1
B029,2022-06-04 17:00:00,0,613E0590,0,,285.46,1,0,1
B029,2022-06-04 17:00:00,1,613H1300,0,,260.91,1,0,1
B029,2022-06-04 18:00:00,0,613E0590,0.0005860136022,,285.46,1,0,1
B029,2022-06-04 18:00:00,1,613H1300,0,,260.92,1,0,1
B029,2022-06-04 19:00:00,0,613E0590,0,,285.45,1,0,1
B029,2022-06-04 19:00:00,1,613H1300,0.02061398174,,260.9,1,0,1
B029,2022-06-04 20:00:00,0,613E0590,0.0005860136022,,285.43,1,0,1
B029,2022-06-04 20:00:00,1,613H1300,0,,260.88,1,0,1
B029,2022-06-04 21:00:00,0,613E0590,0,,285.42,1,0,1
B029,2022-06-04 21:00:00,1,613H1300,0,,260.84,1,0,1
B029,2022-06-04 22:00:00,0,613E0590,0,,285.41,1,0,1
B029,2022-06-04 22:00:00,1,613H1300,0,,260.79,1,0,1
B029,2022-06-04 23:00:00,0,613E0590,0,,285.4,1,0,1
B029,2022-06-04 23:00:00,1,613H1300,0,,260.76,1,0,1
B029,2022-06-05 00:00:00,0,613E0590,0,,285.38,1,0,1
B029,2022-06-05 00:00:00,1,613H1300,0,,260.72,1,0,1
B029,2022-06-05 01:00:00,0,613E0590,0.0005860136022,,285.37,1,0,1
B029,2022-06-05 01:00:00,1,613H1300,0,,260.69,1,0,1
B029,2022-06-05 02:00:00,0,613E0590,0,,285.36,1,0,1
B029,2022-06-05 02:00:00,1,613H1300,0,,260.66,1,0,1
B029,2022-06-05 03:00:00,0,613E0590,0,,285.35,1,0,1
B029,2022-06-05 03:00:00,1,613H1300,0,,260.62,1,0,1
B029,2022-06-05 04:00:00,0,613E0590,0,,285.35,1,0,1
B029,2022-06-05 04:00:00,1,613H1300,0,,260.59,1,0,1
B029,2022-06-05 05:00:00,0,613E0590,0,,285.34,1,0,1
B029,2022-06-05 05:00:00,1,613H1300,0,,260.56,1,0,1
B029,2022-06-05 06:00:00,0,613E0590,0,,285.33,1,0,1
B029,2022-06-05 06:00:00,1,613H1300,0,,260.55,1,0,1
B029,2022-06-05 07:00:00,0,613E0590,0.9838918135,,285.32,1,0,1
B029,2022-06-05 07:00:00,1,613H1300,3.176027162,,260.54,1,0,1
B029,2022-06-05 08:00:00,0,613E0590,0,,285.32,1,0,1
B029,2022-06-05 08:00:00,1,613H1300,0,,260.51,1,0,1
B029,2022-06-05 09:00:00,0,613E0590,0,,285.31,1,0,1
B029,2022-06-05 09:00:00,1,613H1300,0,,260.5,1,0,1
B029,2022-06-05 10:00:00,0,613E0590,0,,285.3,1,0,1
B029,2022-06-05 10:00:00,1,613H1300,0,,260.49,1,0,1
B029,2022-06-05 11:00:00,0,613E0590,0,,285.29,1,0,1
B029,2022-06-05 11:00:00,1,613H1300,0.003346324846,,260.44,1,0,1
B029,2022-06-05 12:00:00,0,613E0590,0.03795873866,,285.29,1,0,1
B029,2022-06-05 12:00:00,1,613H1300,0.003346324846,,260.41,1,0,1
B029,2022-06-05 13:00:00,0,613E0590,0.0005860136022,,285.28,1,0,1
B029,2022-06-05 13:00:00,1,613H1300,0.003346324846,,260.37,1,0,1
B029,2022-06-05 14:00:00,0,613E0590,0.01248974168,,285.28,1,0,1
B029,2022-06-05 14:00:00,1,613H1300,0.01606459082,,260.36,1,0,1
B029,2022-06-05 15:00:00,0,613E0590,0.01248974168,,285.27,1,0,1
B029,2022-06-05 15:00:00,1,613H1300,0.03333224772,,260.35,1,0,1
B029,2022-06-05 16:00:00,0,613E0590,0,,285.27,1,0,1
B029,2022-06-05 16:00:00,1,613H1300,0.02081774136,,260.33,1,0,1
B029,2022-06-05 17:00:00,0,613E0590,0,,285.27,1,0,1
B029,2022-06-05 17:00:00,1,613H1300,0.003346324846,,260.34,1,0,1
B029,2022-06-05 18:00:00,0,613E0590,0,,285.27,1,0,1
B029,2022-06-05 18:00:00,1,613H1300,0,,260.34,1,0,1
B029,2022-06-05 19:00:00,0,613E0590,0,,285.26,1,0,1
B029,2022-06-05 19:00:00,1,613H1300,0,,260.32,1,0,1
B029,2022-06-05 20:00:00,0,613E0590,0,,285.26,1,0,1
B029,2022-06-05 20:00:00,1,613H1300,0,,260.34,1,0,1
B029,2022-06-05 21:00:00,0,613E0590,0.03795873866,,285.25,1,0,1
B029,2022-06-05 21:00:00,1,613H1300,0,,260.3,1,0,1
B029,2022-06-05 22:00:00,0,613E0590,0.01248974168,,285.25,1,0,1
B029,2022-06-05 22:00:00,1,613H1300,0.01271826597,,260.26,1,0,1
B029,2022-06-05 23:00:00,0,613E0590,0.01759942327,,285.25,1,0,1
B029,2022-06-05 23:00:00,1,613H1300,0.003346324846,,260.31,1,0,1
B029,2022-06-06 00:00:00,0,613E0590,0,,285.24,1,0,1
B029,2022-06-06 00:00:00,1,613H1300,0.003346324846,,260.32,1,0,1
B029,2022-06-06 01:00:00,0,613E0590,0,,285.24,1,0,1
B029,2022-06-06 01:00:00,1,613H1300,0,,260.27,1,0,1
B029,2022-06-06 02:00:00,0,613E0590,0,,285.24,1,0,1
B029,2022-06-06 02:00:00,1,613H1300,0,,260.3,1,0,1
B029,2022-06-06 03:00:00,0,613E0590,0,,285.24,1,0,1
B029,2022-06-06 03:00:00,1,613H1300,0,,260.47,1,0,1
B029,2022-06-06 04:00:00,0,613E0590,0,,285.23,1,0,1
B029,2022-06-06 04:00:00,1,613H1300,0,,260.71,1,0,1
B029,2022-06-06 05:00:00,0,613E0590,0,,285.23,1,0,1
B029,2022-06-06 05:00:00,1,613H1300,0,,260.82,1,0,1
B029,2022-06-06 06:00:00,0,613E0590,0,,285.23,1,0,1
B029,2022-06-06 06:00:00,1,613H1300,0,,261.08,1,0,1
B029,2022-06-06 07:00:00,0,613E0590,0.1315721392,,285.23,1,0,1
B029,2022-06-06 07:00:00,1,613H1300,0.08293284587,,261.41,1,0,1
B029,2022-06-06 08:00:00,0,613E0590,0,,285.23,1,0,1
B029,2022-06-06 08:00:00,1,613H1300,0,,261.52,1,0,1
B029,2022-06-06 09:00:00,0,613E0590,0,,285.22,1,0,1
B029,2022-06-06 09:00:00,1,613H1300,0,,261.6,1,0,1
B029,2022-06-06 10:00:00,0,613E0590,0,,285.22,1,0,1
B029,2022-06-06 10:00:00,1,613H1300,0,,261.62,1,0,1
B029,2022-06-06 11:00:00,0,613E0590,0,,285.21,1,0,1
B029,2022-06-06 11:00:00,1,613H1300,0,,261.65,1,0,1
B029,2022-06-06 12:00:00,0,613E0590,0,,285.21,1,0,1
B029,2022-06-06 12:00:00,1,613H1300,0,,261.67,1,0,1
B029,2022-06-06 13:00:00,0,613E0590,0,,285.21,1,0,1
B029,2022-06-06 13:00:00,1,613H1300,0,,261.67,1,0,1
B029,2022-06-06 14:00:00,0,613E0590,0.03795873866,,285.2,1,0,1
B029,2022-06-06 14:00:00,1,613H1300,0,,261.62,1,0,1
B029,2022-06-06 15:00:00,0,613E0590,0,,285.2,1,0,1
B029,2022-06-06 15:00:00,1,613H1300,0.1030699087,,261.33,1,0,1
B029,2022-06-06 16:00:00,0,613E0590,0.3036699093,,285.2,1,0,1
B029,2022-06-06 16:00:00,1,613H1300,0.0002037596178,,260.93,1,0,1
B029,2022-06-06 17:00:00,0,613E0590,0,,285.19,1,0,1
B029,2022-06-06 17:00:00,1,613H1300,0,,260.73,1,0,1
B029,2022-06-06 18:00:00,0,613E0590,0,,285.18,1,0,1
B029,2022-06-06 18:00:00,1,613H1300,0,,260.63,1,0,1
B029,2022-06-06 19:00:00,0,613E0590,0,,285.18,1,0,1
B029,2022-06-06 19:00:00,1,613H1300,0,,260.66,1,0,1
B029,2022-06-06 20:00:00,0,613E0590,0,,285.17,1,0,1
B029,2022-06-06 20:00:00,1,613H1300,0,,260.79,1,0,1
B029,2022-06-06 21:00:00,0,613E0590,0,,285.18,1,0,1
B029,2022-06-06 21:00:00,1,613H1300,0,,260.84,1,0,1
B029,2022-06-06 22:00:00,0,613E0590,0,,285.18,1,0,1
B029,2022-06-06 22:00:00,1,613H1300,0,,260.83,1,0,1
B029,2022-06-06 23:00:00,0,613E0590,0,,285.17,1,0,1
B029,2022-06-06 23:00:00,1,613H1300,0,,260.85,1,0,1
B029,2022-06-07 00:00:00,0,613E0590,0,,285.17,1,0,1
B029,2022-06-07 00:00:00,1,613H1300,0,,260.81,1,0,1
B029,2022-06-07 01:00:00,0,613E0590,0,,285.17,1,0,1
B029,2022-06-07 01:00:00,1,613H1300,0,,260.71,1,0,1
B029,2022-06-07 02:00:00,0,613E0590,0,,285.17,1,0,1
B029,2022-06-07 02:00:00,1,613H1300,0,,260.54,1,0,1
B029,2022-06-07 03:00:00,0,613E0590,0,,285.17,1,0,1
B029,2022-06-07 03:00:00,1,613H1300,0,,260.44,1,0,1
B029,2022-06-07 04:00:00,0,613E0590,0,,285.17,1,0,1
B029,2022-06-07 04:00:00,1,613H1300,0,,260.37,1,0,1
B029,2022-06-07 05:00:00,0,613E0590,0,,285.17,1,0,1
B029,2022-06-07 05:00:00,1,613H1300,0,,260.34,1,0,1
B029,2022-06-07 06:00:00,0,613E0590,0,,285.17,1,0,1
B029,2022-06-07 06:00:00,1,613H1300,0,,260.3,1,0,1
B029,2022-06-07 07:00:00,0,613E0590,0.341628648,,285.17,1,0,1
B029,2022-06-07 07:00:00,1,613H1300,0.1032736683,,260.26,1,0,1
B029,2022-06-07 08:00:00,0,613E0590,0,,285.17,1,0,1
B029,2022-06-07 08:00:00,1,613H1300,0,,260.16,1,0,1
B029,2022-06-07 09:00:00,0,613E0590,0,,285.17,1,0,1
B029,2022-06-07 09:00:00,1,613H1300,0,,260.1,1,0,1
B029,2022-06-07 10:00:00,0,613E0590,0,,285.16,1,0,1
B029,2022-06-07 10:00:00,1,613H1300,0,,260.06,1,0,1
B029,2022-06-07 11:00:00,0,613E0590,0,,285.16,1,0,1
B029,2022-06-07 11:00:00,1,613H1300,0,,260.03,1,0,1
B029,2022-06-07 12:00:00,0,613E0590,0,,285.16,1,0,1
B029,2022-06-07 12:00:00,1,613H1300,0,,260.03,1,0,1
B029,2022-06-07 13:00:00,0,613E0590,0,,285.16,1,0,1
B029,2022-06-07 13:00:00,1,613H1300,0,,260.03,1,0,1
B029,2022-06-07 14:00:00,0,613E0590,0,,285.16,1,0,1
B029,2022-06-07 14:00:00,1,613H1300,0,,260.07,1,0,1
B029,2022-06-07 15:00:00,0,613E0590,0,,285.15,1,0,1
B029,2022-06-07 15:00:00,1,613H1300,0,,,1,0,0
B029,2022-06-07 16:00:00,0,613E0590,0,,285.15,1,0,1
B029,2022-06-07 16:00:00,1,613H1300,0,,260.06,1,0,1
B029,2022-06-07 17:00:00,0,613E0590,0,,285.15,1,0,1
B029,2022-06-07 17:00:00,1,613H1300,0,,260.03,1,0,1
B029,2022-06-07 18:00:00,0,613E0590,0,,285.15,1,0,1
B029,2022-06-07 18:00:00,1,613H1300,0,,260,1,0,1
B029,2022-06-07 19:00:00,0,613E0590,0,,285.15,1,0,1
B029,2022-06-07 19:00:00,1,613H1300,0,,259.99,1,0,1
B029,2022-06-07 20:00:00,0,613E0590,0,,285.15,1,0,1
B029,2022-06-07 20:00:00,1,613H1300,0,,259.96,1,0,1
B029,2022-06-07 21:00:00,0,613E0590,0,,285.14,1,0,1
B029,2022-06-07 21:00:00,1,613H1300,0,,259.97,1,0,1
B029,2022-06-07 22:00:00,0,613E0590,0.0005860136022,,285.14,1,0,1
B029,2022-06-07 22:00:00,1,613H1300,0,,259.99,1,0,1
B029,2022-06-07 23:00:00,0,613E0590,0,,285.14,1,0,1
B029,2022-06-07 23:00:00,1,613H1300,0,,259.99,1,0,1
B029,2022-06-08 00:00:00,0,613E0590,0,,285.14,1,0,1
B029,2022-06-08 00:00:00,1,613H1300,0,,259.96,1,0,1
B029,2022-06-08 01:00:00,0,613E0590,0,,285.14,1,0,1
B029,2022-06-08 01:00:00,1,613H1300,0,,259.96,1,0,1
B029,2022-06-08 02:00:00,0,613E0590,0,,285.14,1,0,1
B029,2022-06-08 02:00:00,1,613H1300,0,,260,1,0,1
B029,2022-06-08 03:00:00,0,613E0590,0,,285.14,1,0,1
B029,2022-06-08 03:00:00,1,613H1300,0,,260.03,1,0,1
B029,2022-06-08 04:00:00,0,613E0590,0,,285.14,1,0,1
B029,2022-06-08 04:00:00,1,613H1300,0,,260.02,1,0,1
B029,2022-06-08 05:00:00,0,613E0590,0,,285.14,1,0,1
B029,2022-06-08 05:00:00,1,613H1300,0,,260,1,0,1
B029,2022-06-08 06:00:00,0,613E0590,0,,285.14,1,0,1
B029,2022-06-08 06:00:00,1,613H1300,0,,260,1,0,1
B029,2022-06-08 07:00:00,0,613E0590,0.0005860136022,,285.14,1,0,1
B029,2022-06-08 07:00:00,1,613H1300,0,,259.96,1,0,1
B029,2022-06-08 08:00:00,0,613E0590,0,,285.14,1,0,1
B029,2022-06-08 08:00:00,1,613H1300,0,,259.96,1,0,1
B029,2022-06-08 09:00:00,0,613E0590,0,,285.14,1,0,1
B029,2022-06-08 09:00:00,1,613H1300,0,,259.94,1,0,1
B029,2022-06-08 10:00:00,0,613E0590,0,,285.14,1,0,1
B029,2022-06-08 10:00:00,1,613H1300,0,,259.94,1,0,1
B029,2022-06-08 11:00:00,0,613E0590,0,,285.14,1,0,1
B029,2022-06-08 11:00:00,1,613H1300,0,,259.92,1,0,1
B029,2022-06-08 12:00:00,0,613E0590,0,,285.14,1,0,1
B029,2022-06-08 12:00:00,1,613H1300,0,,259.94,1,0,1
B029,2022-06-08 13:00:00,0,613E0590,0,,285.13,1,0,1
B029,2022-06-08 13:00:00,1,613H1300,0,,259.92,1,0,1
B029,2022-06-08 14:00:00,0,613E0590,0,,285.13,1,0,1
B029,2022-06-08 14:00:00,1,613H1300,0,,259.94,1,0,1
B029,2022-06-08 15:00:00,0,613E0590,0,,285.13,1,0,1
B029,2022-06-08 15:00:00,1,613H1300,0,,259.92,1,0,1
B029,2022-06-08 16:00:00,0,613E0590,0,,285.13,1,0,1
B029,2022-06-08 16:00:00,1,613H1300,0,,259.95,1,0,1
B029,2022-06-08 17:00:00,0,613E0590,0,,285.13,1,0,1
B029,2022-06-08 17:00:00,1,613H1300,0,,259.94,1,0,1
B029,2023-07-21 02:00:00,0,613E0590,0,,285.02,1,0,1
B029,2023-07-21 02:00:00,1,613H1300,0,,263.2,1,0,1
B029,2023-07-21 03:00:00,0,613E0590,0,,285.03,1,0,1
B029,2023-07-21 03:00:00,1,613H1300,0,,263.2,1,0,1
B029,2023-07-21 04:00:00,0,613E0590,0,,285.03,1,0,1
B029,2023-07-21 04:00:00,1,613H1300,0,,263.19,1,0,1
B029,2023-07-21 05:00:00,0,613E0590,0,,285.02,1,0,1
B029,2023-07-21 05:00:00,1,613H1300,0,,263.18,1,0,1
B029,2023-07-21 06:00:00,0,613E0590,0,,285.02,1,0,1
B029,2023-07-21 06:00:00,1,613H1300,0,,263.19,1,0,1
B029,2023-07-21 07:00:00,0,613E0590,0.3445683705,,285.02,1,0,1
B029,2023-07-21 07:00:00,1,613H1300,1.035432725,,263.2,1,0,1
B029,2023-07-21 08:00:00,0,613E0590,0,,285.01,1,0,1
B029,2023-07-21 08:00:00,1,613H1300,0,,263.2,1,0,1
B029,2023-07-21 09:00:00,0,613E0590,0,,285.01,1,0,1
B029,2023-07-21 09:00:00,1,613H1300,0,,263.19,1,0,1
B029,2023-07-21 10:00:00,0,613E0590,0,,285.01,1,0,1
B029,2023-07-21 10:00:00,1,613H1300,0,,263.22,1,0,1
B029,2023-07-21 11:00:00,0,613E0590,0.03795873866,,285.02,1,0,1
B029,2023-07-21 11:00:00,1,613H1300,0.2885957444,,263.24,1,0,1
B029,2023-07-21 12:00:00,0,613E0590,0.03795873866,,285.02,1,0,1
B029,2023-07-21 12:00:00,1,613H1300,0.02061398174,,263.27,1,0,1
B029,2023-07-21 13:00:00,0,613E0590,0,,285.02,1,0,1
B029,2023-07-21 13:00:00,1,613H1300,0.02061398174,,263.28,1,0,1
B029,2023-07-21 14:00:00,0,613E0590,0,,285.02,1,0,1
B029,2023-07-21 14:00:00,1,613H1300,0,,263.32,1,0,1
B029,2023-07-21 15:00:00,0,613E0590,0,,285.01,1,0,1
B029,2023-07-21 15:00:00,1,613H1300,0,,263.33,1,0,1
B029,2023-07-21 16:00:00,0,613E0590,0,,285.01,1,0,1
B029,2023-07-21 16:00:00,1,613H1300,0.04122796349,,263.33,1,0,1
B029,2023-07-21 17:00:00,0,613E0590,0,,285.01,1,0,1
B029,2023-07-21 17:00:00,1,613H1300,0,,263.36,1,0,1
B029,2023-07-21 18:00:00,0,613E0590,0,,285.01,1,0,1
B029,2023-07-21 18:00:00,1,613H1300,0,,263.38,1,0,1
B029,2023-07-21 19:00:00,0,613E0590,0,,285.01,1,0,1
B029,2023-07-21 19:00:00,1,613H1300,0,,263.4,1,0,1
B029,2023-07-21 20:00:00,0,613E0590,0,,285.01,1,0,1
B029,2023-07-21 20:00:00,1,613H1300,0,,263.36,1,0,1
B029,2023-07-21 21:00:00,0,613E0590,0,,285.01,1,0,1
B029,2023-07-21 21:00:00,1,613H1300,0,,263.37,1,0,1
B029,2023-07-21 22:00:00,0,613E0590,0,,285.01,1,0,1
B029,2023-07-21 22:00:00,1,613H1300,0,,263.39,1,0,1
B029,2023-07-21 23:00:00,0,613E0590,0,,285.01,1,0,1
B029,2023-07-21 23:00:00,1,613H1300,0,,263.35,1,0,1
B029,2023-07-22 00:00:00,0,613E0590,0,,285.01,1,0,1
B029,2023-07-22 00:00:00,1,613H1300,0,,263.37,1,0,1
B029,2023-07-22 01:00:00,0,613E0590,0,,285,1,0,1
B029,2023-07-22 01:00:00,1,613H1300,0,,263.35,1,0,1
B029,2023-07-22 02:00:00,0,613E0590,0,,285,1,0,1
B029,2023-07-22 02:00:00,1,613H1300,0,,263.34,1,0,1
B029,2023-07-22 03:00:00,0,613E0590,0,,285,1,0,1
B029,2023-07-22 03:00:00,1,613H1300,0,,263.32,1,0,1
B029,2023-07-22 04:00:00,0,613E0590,0,,285,1,0,1
B029,2023-07-22 04:00:00,1,613H1300,0,,263.32,1,0,1
B029,2023-07-22 05:00:00,0,613E0590,0,,285,1,0,1
B029,2023-07-22 05:00:00,1,613H1300,0,,263.34,1,0,1
B029,2023-07-22 06:00:00,0,613E0590,0,,285,1,0,1
B029,2023-07-22 06:00:00,1,613H1300,0,,263.35,1,0,1
B029,2023-07-22 07:00:00,0,613E0590,0.07591747732,,285,1,0,1
B029,2023-07-22 07:00:00,1,613H1300,0.3710516714,,263.37,1,0,1
B029,2023-07-22 08:00:00,0,613E0590,0,,285,1,0,1
B029,2023-07-22 08:00:00,1,613H1300,0,,263.34,1,0,1
B029,2023-07-22 09:00:00,0,613E0590,0,,,1,0,0
B029,2023-07-22 09:00:00,1,613H1300,0,,263.36,1,0,1
B029,2023-07-22 10:00:00,0,613E0590,0,,285,1,0,1
B029,2023-07-22 10:00:00,1,613H1300,0,,263.36,1,0,1
B029,2023-07-22 11:00:00,0,613E0590,0,,285,1,0,1
B029,2023-07-22 11:00:00,1,613H1300,0,,263.37,1,0,1
B029,2023-07-22 12:00:00,0,613E0590,0,,,1,0,0
B029,2023-07-22 12:00:00,1,613H1300,0,,263.39,1,0,1
B029,2023-07-22 13:00:00,0,613E0590,0.2367202551,,285,1,0,1
B029,2023-07-22 13:00:00,1,613H1300,0.01673162423,,263.38,1,0,1
B029,2023-07-22 14:00:00,0,613E0590,0,,285,1,0,1
B029,2023-07-22 14:00:00,1,613H1300,0.001630076942,,263.41,1,0,1
B029,2023-07-22 15:00:00,0,613E0590,0.04995896671,,285,1,0,1
B029,2023-07-22 15:00:00,1,613H1300,0.5468311834,,263.44,1,0,1
B029,2023-07-22 16:00:00,0,613E0590,0,,285,1,0,1
B029,2023-07-22 16:00:00,1,613H1300,0.0006112788533,,263.41,1,0,1
B029,2023-07-22 17:00:00,0,613E0590,0,,,1,0,0
B029,2023-07-22 17:00:00,1,613H1300,0,,263.41,1,0,1
B029,2023-07-22 18:00:00,0,613E0590,0,,284.99,1,0,1
B029,2023-07-22 18:00:00,1,613H1300,0,,,1,0,0
B029,2023-07-22 19:00:00,0,613E0590,0,,284.99,1,0,1
B029,2023-07-22 19:00:00,1,613H1300,0,,263.39,1,0,1
B029,2023-07-22 20:00:00,0,613E0590,0,,285,1,0,1
B029,2023-07-22 20:00:00,1,613H1300,0,,263.38,1,0,1
B029,2023-07-22 21:00:00,0,613E0590,0,,285,1,0,1
B029,2023-07-22 21:00:00,1,613H1300,0,,263.39,1,0,1
B029,2023-07-22 22:00:00,0,613E0590,0,,285,1,0,1
B029,2023-07-22 22:00:00,1,613H1300,0,,263.39,1,0,1
B029,2023-07-22 23:00:00,0,613E0590,0,,285,1,0,1
B029,2023-07-22 23:00:00,1,613H1300,0,,263.4,1,0,1
B029,2023-07-23 00:00:00,0,613E0590,0,,285,1,0,1
B029,2023-07-23 00:00:00,1,613H1300,0,,263.39,1,0,1
B029,2023-07-23 01:00:00,0,613E0590,0,,285,1,0,1
B029,2023-07-23 01:00:00,1,613H1300,0,,263.39,1,0,1
B029,2023-07-23 02:00:00,0,613E0590,0.02367202551,,285,1,0,1
B029,2023-07-23 02:00:00,1,613H1300,0.01338529938,,263.35,1,0,1
B029,2023-07-23 03:00:00,0,613E0590,1.366526793,,285,1,0,1
B029,2023-07-23 03:00:00,1,613H1300,2.460345346,,263.37,1,0,1
B029,2023-07-23 04:00:00,0,613E0590,1.824603167,,285,1,0,1
B029,2023-07-23 04:00:00,1,613H1300,1.744074516,,263.35,1,0,1
B029,2023-07-23 05:00:00,0,613E0590,1.155178684,,285.01,1,0,1
B029,2023-07-23 05:00:00,1,613H1300,6.461363253,,263.33,1,0,1
B029,2023-07-23 06:00:00,0,613E0590,0.5470068646,,285.04,1,0,1
B029,2023-07-23 06:00:00,1,613H1300,3.138034781,,263.45,1,0,1
B029,2023-07-23 07:00:00,0,613E0590,4.860627565,,285.06,1,0,1
B029,2023-07-23 07:00:00,1,613H1300,10.86996836,,263.49,1,0,1
B029,2023-07-23 08:00:00,0,613E0590,0.06163076417,,285.1,1,0,1
B029,2023-07-23 08:00:00,1,613H1300,0.1474295127,,263.52,1,0,1
B029,2023-07-23 09:00:00,0,613E0590,0,,285.15,1,0,1
B029,2023-07-23 09:00:00,1,613H1300,0.003550084464,,263.44,1,0,1
B029,2023-07-23 10:00:00,0,613E0590,0,,285.2,1,0,1
B029,2023-07-23 10:00:00,1,613H1300,0,,263.43,1,0,1
B029,2023-07-23 11:00:00,0,613E0590,0,,285.23,1,0,1
B029,2023-07-23 11:00:00,1,613H1300,0,,263.98,1,0,1
B029,2023-07-23 12:00:00,0,613E0590,0,,285.23,1,0,1
B029,2023-07-23 12:00:00,1,613H1300,0,,264.02,1,0,1
B029,2023-07-23 13:00:00,0,613E0590,0.02497948336,,285.22,1,0,1
B029,2023-07-23 13:00:00,1,613H1300,1.704526349,,264,1,0,1
B029,2023-07-23 14:00:00,0,613E0590,0,,285.2,1,0,1
B029,2023-07-23 14:00:00,1,613H1300,0,,263.79,1,0,1
B029,2023-07-23 15:00:00,0,613E0590,0,,285.19,1,0,1
B029,2023-07-23 15:00:00,1,613H1300,0,,263.89,1,0,1
B029,2023-07-23 16:00:00,0,613E0590,0,,285.18,1,0,1
B029,2023-07-23 16:00:00,1,613H1300,0,,263.97,1,0,1
B029,2023-07-23 17:00:00,0,613E0590,0,,285.17,1,0,1
B029,2023-07-23 17:00:00,1,613H1300,0,,264,1,0,1
B029,2023-07-23 18:00:00,0,613E0590,0,,285.16,1,0,1
B029,2023-07-23 18:00:00,1,613H1300,0,,264,1,0,1
B029,2023-07-23 19:00:00,0,613E0590,0,,285.15,1,0,1
B029,2023-07-23 19:00:00,1,613H1300,0,,264.01,1,0,1
B029,2023-07-23 20:00:00,0,613E0590,0,,285.15,1,0,1
B029,2023-07-23 20:00:00,1,613H1300,0,,263.95,1,0,1
B029,2023-07-23 21:00:00,0,613E0590,0,,285.14,1,0,1
B029,2023-07-23 21:00:00,1,613H1300,0,,263.85,1,0,1
B029,2023-07-23 22:00:00,0,613E0590,0,,285.13,1,0,1
B029,2023-07-23 22:00:00,1,613H1300,0,,263.66,1,0,1
B029,2023-07-23 23:00:00,0,613E0590,0,,285.13,1,0,1
B029,2023-07-23 23:00:00,1,613H1300,0,,263.4,1,0,1
B029,2023-07-24 00:00:00,0,613E0590,0,,285.12,1,0,1
B029,2023-07-24 00:00:00,1,613H1300,0,,263.28,1,0,1
B029,2023-07-24 01:00:00,0,613E0590,0,,285.12,1,0,1
B029,2023-07-24 01:00:00,1,613H1300,0,,263.23,1,0,1
B029,2023-07-24 02:00:00,0,613E0590,0,,285.12,1,0,1
B029,2023-07-24 02:00:00,1,613H1300,0,,263.15,1,0,1
B029,2023-07-24 03:00:00,0,613E0590,0,,285.11,1,0,1
B029,2023-07-24 03:00:00,1,613H1300,0,,263.1,1,0,1
B029,2023-07-24 04:00:00,0,613E0590,0,,285.11,1,0,1
B029,2023-07-24 04:00:00,1,613H1300,0,,263.11,1,0,1
B029,2023-07-24 05:00:00,0,613E0590,0,,285.1,1,0,1
B029,2023-07-24 05:00:00,1,613H1300,0,,263.1,1,0,1
B029,2023-07-24 06:00:00,0,613E0590,0,,285.1,1,0,1
B029,2023-07-24 06:00:00,1,613H1300,0,,263.09,1,0,1
B029,2023-07-24 07:00:00,0,613E0590,1.237244841,,285.1,1,0,1
B029,2023-07-24 07:00:00,1,613H1300,3.174099322,,263.13,1,0,1
B029,2023-07-24 08:00:00,0,613E0590,0,,285.09,1,0,1
B029,2023-07-24 08:00:00,1,613H1300,0,,263.11,1,0,1
B029,2023-07-24 09:00:00,0,613E0590,0,,285.09,1,0,1
B029,2023-07-24 09:00:00,1,613H1300,0,,263.1,1,0,1
B029,2023-07-24 10:00:00,0,613E0590,0,,285.09,1,0,1
B029,2023-07-24 10:00:00,1,613H1300,0,,263.11,1,0,1
B029,2023-07-24 11:00:00,0,613E0590,0,,285.08,1,0,1
B029,2023-07-24 11:00:00,1,613H1300,0,,263.08,1,0,1
B029,2023-07-24 12:00:00,0,613E0590,0,,285.08,1,0,1
B029,2023-07-24 12:00:00,1,613H1300,0,,263.06,1,0,1
B029,2023-07-24 13:00:00,0,613E0590,0,,285.07,1,0,1
B029,2023-07-24 13:00:00,1,613H1300,0,,263.1,1,0,1
B029,2023-07-24 14:00:00,0,613E0590,0,,285.07,1,0,1
B029,2023-07-24 14:00:00,1,613H1300,0,,,1,0,0
B029,2023-07-24 15:00:00,0,613E0590,0,,285.07,1,0,1
B029,2023-07-24 15:00:00,1,613H1300,0,,,1,0,0
B029,2023-07-24 16:00:00,0,613E0590,0.1183601275,,285.07,1,0,1
B029,2023-07-24 16:00:00,1,613H1300,0,,,1,0,0
B029,2023-07-24 17:00:00,0,613E0590,0,,285.07,1,0,1
B029,2023-07-24 17:00:00,1,613H1300,0,,263.27,1,0,1
B029,2023-07-24 18:00:00,0,613E0590,0,,285.07,1,0,1
B029,2023-07-24 18:00:00,1,613H1300,0,,263.27,1,0,1
B029,2023-07-24 19:00:00,0,613E0590,0,,285.06,1,0,1
B029,2023-07-24 19:00:00,1,613H1300,0,,263.3,1,0,1
B029,2023-07-24 20:00:00,0,613E0590,0,,285.06,1,0,1
B029,2023-07-24 20:00:00,1,613H1300,0,,263.3,1,0,1
B029,2023-07-24 21:00:00,0,613E0590,0,,285.06,1,0,1
B029,2023-07-24 21:00:00,1,613H1300,0,,263.31,1,0,1
B029,2023-07-24 22:00:00,0,613E0590,0,,,1,0,0
B029,2023-07-24 22:00:00,1,613H1300,0,,263.35,1,0,1
B029,2023-07-24 23:00:00,0,613E0590,0,,285.06,1,0,1
B029,2023-07-24 23:00:00,1,613H1300,0,,263.36,1,0,1
B029,2023-07-25 00:00:00,0,613E0590,0,,285.05,1,0,1
B029,2023-07-25 00:00:00,1,613H1300,0,,263.33,1,0,1
B029,2023-07-25 01:00:00,0,613E0590,0,,285.05,1,0,1
B029,2023-07-25 01:00:00,1,613H1300,0,,263.31,1,0,1
B029,2023-07-25 02:00:00,0,613E0590,0,,285.05,1,0,1
B029,2023-07-25 02:00:00,1,613H1300,0,,263.28,1,0,1
B029,2023-07-25 03:00:00,0,613E0590,0,,285.05,1,0,1
B029,2023-07-25 03:00:00,1,613H1300,0,,263.27,1,0,1
B029,2023-07-25 04:00:00,0,613E0590,0,,285.05,1,0,1
B029,2023-07-25 04:00:00,1,613H1300,0,,263.23,1,0,1
B029,2023-07-25 05:00:00,0,613E0590,0,,285.05,1,0,1
B029,2023-07-25 05:00:00,1,613H1300,0,,263.23,1,0,1
B029,2023-07-25 06:00:00,0,613E0590,0,,285.05,1,0,1
B029,2023-07-25 06:00:00,1,613H1300,0,,263.2,1,0,1
B029,2023-07-25 07:00:00,0,613E0590,0.1183601275,,285.04,1,0,1
B029,2023-07-25 07:00:00,1,613H1300,0,,263.19,1,0,1
B029,2023-07-25 08:00:00,0,613E0590,0,,285.04,1,0,1
B029,2023-07-25 08:00:00,1,613H1300,0,,263.15,1,0,1
B029,2023-07-25 09:00:00,0,613E0590,0,,285.04,1,0,1
B029,2023-07-25 09:00:00,1,613H1300,0,,263.14,1,0,1
B029,2023-07-25 10:00:00,0,613E0590,0,,285.04,1,0,1
B029,2023-07-25 10:00:00,1,613H1300,0,,263.16,1,0,1
B029,2023-07-25 11:00:00,0,613E0590,0,,285.04,1,0,1
B029,2023-07-25 11:00:00,1,613H1300,0,,263.2,1,0,1
B029,2023-07-25 12:00:00,0,613E0590,0,,285.04,1,0,1
B029,2023-07-25 12:00:00,1,613H1300,0,,263.21,1,0,1
B029,2023-07-25 13:00:00,0,613E0590,0,,285.04,1,0,1
B029,2023-07-25 13:00:00,1,613H1300,0,,263.24,1,0,1
B029,2023-07-25 14:00:00,0,613E0590,0,,285.04,1,0,1
B029,2023-07-25 14:00:00,1,613H1300,0,,263.24,1,0,1
B029,2023-08-05 22:00:00,0,613E0590,0.113876216,,285.02,1,0,1
B029,2023-08-05 22:00:00,1,613H1300,0.01385565401,,263.34,1,0,1
B029,2023-08-05 23:00:00,0,613E0590,0.03795873866,,285.02,1,0,1
B029,2023-08-05 23:00:00,1,613H1300,0,,263.34,1,0,1
B029,2023-08-06 00:00:00,0,613E0590,0,,285.02,1,0,1
B029,2023-08-06 00:00:00,1,613H1300,0,,263.3,1,0,1
B029,2023-08-06 01:00:00,0,613E0590,0,,285.01,1,0,1
B029,2023-08-06 01:00:00,1,613H1300,0,,263.28,1,0,1
B029,2023-08-06 02:00:00,0,613E0590,0,,285.01,1,0,1
B029,2023-08-06 02:00:00,1,613H1300,0,,263.25,1,0,1
B029,2023-08-06 03:00:00,0,613E0590,0,,285.01,1,0,1
B029,2023-08-06 03:00:00,1,613H1300,0,,263.24,1,0,1
B029,2023-08-06 04:00:00,0,613E0590,0,,285.01,1,0,1
B029,2023-08-06 04:00:00,1,613H1300,0.0002037596178,,263.21,1,0,1
B029,2023-08-06 05:00:00,0,613E0590,0,,285.01,1,0,1
B029,2023-08-06 05:00:00,1,613H1300,0,,263.21,1,0,1
B029,2023-08-06 06:00:00,0,613E0590,0,,285.01,1,0,1
B029,2023-08-06 06:00:00,1,613H1300,0,,263.22,1,0,1
B029,2023-08-06 07:00:00,0,613E0590,0.1518349546,,285.01,1,0,1
B029,2023-08-06 07:00:00,1,613H1300,0.01731956751,,263.2,1,0,1
B029,2023-08-06 08:00:00,0,613E0590,0,,285.01,1,0,1
B029,2023-08-06 08:00:00,1,613H1300,0,,263.2,1,0,1
B029,2023-08-06 09:00:00,0,613E0590,0,,285.01,1,0,1
B029,2023-08-06 09:00:00,1,613H1300,0,,263.15,1,0,1
B029,2023-08-06 10:00:00,0,613E0590,0,,,1,0,0
B029,2023-08-06 10:00:00,1,613H1300,0,,263.16,1,0,1
B029,2023-08-06 11:00:00,0,613E0590,0,,285.01,1,0,1
B029,2023-08-06 11:00:00,1,613H1300,0,,263.17,1,0,1
B029,2023-08-06 12:00:00,0,613E0590,0,,285.01,1,0,1
B029,2023-08-06 12:00:00,1,613H1300,0,,263.18,1,0,1
B029,2023-08-06 13:00:00,0,613E0590,0,,285.01,1,0,1
B029,2023-08-06 13:00:00,1,613H1300,0,,263.22,1,0,1
B029,2023-08-06 14:00:00,0,613E0590,0,,285.01,1,0,1
B029,2023-08-06 14:00:00,1,613H1300,0,,263.31,1,0,1
B029,2023-08-06 15:00:00,0,613E0590,0,,285.01,1,0,1
B029,2023-08-06 15:00:00,1,613H1300,0,,263.34,1,0,1
B029,2023-08-06 16:00:00,0,613E0590,0,,285.01,1,0,1
B029,2023-08-06 16:00:00,1,613H1300,0,,263.34,1,0,1
B029,2023-08-06 17:00:00,0,613E0590,0,,,1,0,0
B029,2023-08-06 17:00:00,1,613H1300,0,,263.34,1,0,1
B029,2023-08-06 18:00:00,0,613E0590,0.3037647559,,285,1,0,1
B029,2023-08-06 18:00:00,1,613H1300,3.97326972,,263.33,1,0,1
B029,2023-08-06 19:00:00,0,613E0590,1.104105556,,285.01,1,0,1
B029,2023-08-06 19:00:00,1,613H1300,1.357975739,,263.34,1,0,1
B029,2023-08-06 20:00:00,0,613E0590,0.1417583068,,285.02,1,0,1
B029,2023-08-06 20:00:00,1,613H1300,0.2395473113,,263.35,1,0,1
B029,2023-08-06 21:00:00,0,613E0590,0.05279826981,,285.03,1,0,1
B029,2023-08-06 21:00:00,1,613H1300,0.0002037596178,,263.33,1,0,1
B029,2023-08-06 22:00:00,0,613E0590,0.03519884654,,285.03,1,0,1
B029,2023-08-06 22:00:00,1,613H1300,0.02061398174,,263.34,1,0,1
B029,2023-08-06 23:00:00,0,613E0590,0,,285.03,1,0,1
B029,2023-08-06 23:00:00,1,613H1300,0.003346324846,,263.33,1,0,1
B029,2023-08-07 00:00:00,0,613E0590,0,,285.03,1,0,1
B029,2023-08-07 00:00:00,1,613H1300,0,,263.28,1,0,1
B029,2023-08-07 01:00:00,0,613E0590,0,,285.04,1,0,1
B029,2023-08-07 01:00:00,1,613H1300,0,,263.28,1,0,1
B029,2023-08-07 02:00:00,0,613E0590,0,,285.04,1,0,1
B029,2023-08-07 02:00:00,1,613H1300,0,,263.25,1,0,1
B029,2023-08-07 03:00:00,0,613E0590,0,,285.04,1,0,1
B029,2023-08-07 03:00:00,1,613H1300,0,,263.25,1,0,1
B029,2023-08-07 04:00:00,0,613E0590,0,,285.04,1,0,1
B029,2023-08-07 04:00:00,1,613H1300,0,,263.22,1,0,1
B029,2023-08-07 05:00:00,0,613E0590,0,,285.04,1,0,1
B029,2023-08-07 05:00:00,1,613H1300,0,,263.22,1,0,1
B029,2023-08-07 06:00:00,0,613E0590,0,,285.04,1,0,1
B029,2023-08-07 06:00:00,1,613H1300,0,,263.22,1,0,1
B029,2023-08-07 07:00:00,0,613E0590,1.637625735,,285.04,1,0,1
B029,2023-08-07 07:00:00,1,613H1300,5.594956836,,263.22,1,0,1
B029,2023-08-07 08:00:00,0,613E0590,0,,285.04,1,0,1
B029,2023-08-07 08:00:00,1,613H1300,0,,263.22,1,0,1
B029,2023-08-07 09:00:00,0,613E0590,0.03795873866,,285.04,1,0,1
B029,2023-08-07 09:00:00,1,613H1300,0,,263.2,1,0,1
B029,2023-08-07 10:00:00,0,613E0590,0,,285.04,1,0,1
B029,2023-08-07 10:00:00,1,613H1300,0.0002037596178,,263.2,1,0,1
B029,2023-08-07 11:00:00,0,613E0590,0,,285.04,1,0,1
B029,2023-08-07 11:00:00,1,613H1300,0,,263.21,1,0,1
B029,2023-08-07 12:00:00,0,613E0590,0,,285.03,1,0,1
B029,2023-08-07 12:00:00,1,613H1300,0,,263.22,1,0,1
B029,2023-08-07 13:00:00,0,613E0590,0,,285.03,1,0,1
B029,2023-08-07 13:00:00,1,613H1300,0,,263.22,1,0,1
B029,2023-08-07 14:00:00,0,613E0590,0,,285.03,1,0,1
B029,2023-08-07 14:00:00,1,613H1300,0,,263.28,1,0,1
B029,2023-08-07 15:00:00,0,613E0590,0,,285.03,1,0,1
B029,2023-08-07 15:00:00,1,613H1300,0,,263.3,1,0,1
B029,2023-08-07 16:00:00,0,613E0590,0,,285.03,1,0,1
B029,2023-08-07 16:00:00,1,613H1300,0,,263.3,1,0,1
B029,2023-08-07 17:00:00,0,613E0590,0,,285.03,1,0,1
B029,2023-08-07 17:00:00,1,613H1300,0,,263.3,1,0,1
B029,2023-08-07 18:00:00,0,613E0590,0,,285.03,1,0,1
B029,2023-08-07 18:00:00,1,613H1300,0,,263.3,1,0,1
B029,2023-08-07 19:00:00,0,613E0590,0,,285.03,1,0,1
B029,2023-08-07 19:00:00,1,613H1300,0,,263.28,1,0,1
B029,2023-08-07 20:00:00,0,613E0590,0,,285.03,1,0,1
B029,2023-08-07 20:00:00,1,613H1300,0,,263.3,1,0,1
B029,2023-08-07 21:00:00,0,613E0590,0,,285.03,1,0,1
B029,2023-08-07 21:00:00,1,613H1300,0,,263.32,1,0,1
B029,2023-08-07 22:00:00,0,613E0590,1.207720354,,285.03,1,0,1
B029,2023-08-07 22:00:00,1,613H1300,9.439832888,,263.33,1,0,1
B029,2023-08-07 23:00:00,0,613E0590,0.06114125055,,285.05,1,0,1
B029,2023-08-07 23:00:00,1,613H1300,0.429820451,,263.56,1,0,1
B029,2023-08-08 00:00:00,0,613E0590,0,,285.05,1,0,1
B029,2023-08-08 00:00:00,1,613H1300,0.3720704695,,263.67,1,0,1
B029,2023-08-08 01:00:00,0,613E0590,0.1946060355,,285.05,1,0,1
B029,2023-08-08 01:00:00,1,613H1300,1.627384536,,263.98,1,0,1
B029,2023-08-08 02:00:00,0,613E0590,0,,285.06,1,0,1
B029,2023-08-08 02:00:00,1,613H1300,0,,264.16,1,0,1
B029,2023-08-08 03:00:00,0,613E0590,0,,285.06,1,0,1
B029,2023-08-08 03:00:00,1,613H1300,0,,264.19,1,0,1
B029,2023-08-08 04:00:00,0,613E0590,0,,285.06,1,0,1
B029,2023-08-08 04:00:00,1,613H1300,0,,264.2,1,0,1
B029,2023-08-08 05:00:00,0,613E0590,0,,285.07,1,0,1
B029,2023-08-08 05:00:00,1,613H1300,0,,264.19,1,0,1
B029,2023-08-08 06:00:00,0,613E0590,0,,285.07,1,0,1
B029,2023-08-08 06:00:00,1,613H1300,0.0224478183,,264.1,1,0,1
B029,2023-08-08 07:00:00,0,613E0590,0.9730391285,,285.07,1,0,1
B029,2023-08-08 07:00:00,1,613H1300,0.1129187687,,264.02,1,0,1
B029,2023-08-08 08:00:00,0,613E0590,0,,285.07,1,0,1
B029,2023-08-08 08:00:00,1,613H1300,0,,263.91,1,0,1
B029,2023-08-08 09:00:00,0,613E0590,0,,285.07,1,0,1
B029,2023-08-08 09:00:00,1,613H1300,0.4122796349,,263.77,1,0,1
B029,2023-08-08 10:00:00,0,613E0590,0.2518249125,,285.07,1,0,1
B029,2023-08-08 10:00:00,1,613H1300,1.176746344,,263.72,1,0,1
B029,2023-08-08 11:00:00,0,613E0590,0,,285.07,1,0,1
B029,2023-08-08 11:00:00,1,613H1300,0,,263.65,1,0,1
B029,2023-08-08 12:00:00,0,613E0590,0,,285.07,1,0,1
B029,2023-08-08 12:00:00,1,613H1300,0,,263.61,1,0,1
B029,2023-08-08 13:00:00,0,613E0590,0.1583948094,,285.07,1,0,1
B029,2023-08-08 13:00:00,1,613H1300,0.0002037596178,,263.55,1,0,1
B029,2023-08-08 14:00:00,0,613E0590,0.03519884654,,285.07,1,0,1
B029,2023-08-08 14:00:00,1,613H1300,0,,263.29,1,0,1
B029,2023-08-08 15:00:00,0,613E0590,0,,285.07,1,0,1
B029,2023-08-08 15:00:00,1,613H1300,0.003346324846,,263.14,1,0,1
B029,2023-08-08 16:00:00,0,613E0590,0,,285.07,1,0,1
B029,2023-08-08 16:00:00,1,613H1300,0,,263.01,1,0,1
B029,2023-08-08 17:00:00,0,613E0590,0,,285.06,1,0,1
B029,2023-08-08 17:00:00,1,613H1300,0,,263,1,0,1
B029,2023-08-08 18:00:00,0,613E0590,0,,285.06,1,0,1
B029,2023-08-08 18:00:00,1,613H1300,0,,263.06,1,0,1
B029,2023-08-08 19:00:00,0,613E0590,0,,285.06,1,0,1
B029,2023-08-08 19:00:00,1,613H1300,0,,263.1,1,0,1
B029,2023-08-08 20:00:00,0,613E0590,0,,285.06,1,0,1
B029,2023-08-08 20:00:00,1,613H1300,0,,263.12,1,0,1
B029,2023-08-08 21:00:00,0,613E0590,0,,285.06,1,0,1
B029,2023-08-08 21:00:00,1,613H1300,0,,263.16,1,0,1
B029,2023-08-08 22:00:00,0,613E0590,0,,285.07,1,0,1
B029,2023-08-08 22:00:00,1,613H1300,0,,263.18,1,0,1
B029,2023-08-08 23:00:00,0,613E0590,0,,285.07,1,0,1
B029,2023-08-08 23:00:00,1,613H1300,0,,263.19,1,0,1
B029,2023-08-09 00:00:00,0,613E0590,0,,285.06,1,0,1
B029,2023-08-09 00:00:00,1,613H1300,0,,263.21,1,0,1
B029,2023-08-09 01:00:00,0,613E0590,0,,285.06,1,0,1
B029,2023-08-09 01:00:00,1,613H1300,0,,263.2,1,0,1
B029,2023-08-09 02:00:00,0,613E0590,0,,285.06,1,0,1
B029,2023-08-09 02:00:00,1,613H1300,0,,263.23,1,0,1
B029,2023-08-09 03:00:00,0,613E0590,0,,285.06,1,0,1
B029,2023-08-09 03:00:00,1,613H1300,0,,263.17,1,0,1
B029,2023-08-09 04:00:00,0,613E0590,0,,285.06,1,0,1
B029,2023-08-09 04:00:00,1,613H1300,0,,263.22,1,0,1
B029,2023-08-09 05:00:00,0,613E0590,0,,285.05,1,0,1
B029,2023-08-09 05:00:00,1,613H1300,0,,263.22,1,0,1
B029,2023-08-09 06:00:00,0,613E0590,0,,285.05,1,0,1
B029,2023-08-09 06:00:00,1,613H1300,0,,263.25,1,0,1
B029,2023-08-09 07:00:00,0,613E0590,0.4454185685,,285.05,1,0,1
B029,2023-08-09 07:00:00,1,613H1300,0.06359132986,,263.28,1,0,1
B029,2023-08-09 08:00:00,0,613E0590,0,,285.05,1,0,1
B029,2023-08-09 08:00:00,1,613H1300,0,,263.28,1,0,1
B029,2023-08-09 09:00:00,0,613E0590,0,,285.05,1,0,1
B029,2023-08-09 09:00:00,1,613H1300,0,,263.31,1,0,1
B029,2023-08-09 10:00:00,0,613E0590,0,,285.05,1,0,1
B029,2023-08-09 10:00:00,1,613H1300,0,,263.32,1,0,1
B029,2023-08-09 11:00:00,0,613E0590,0.07591747732,,285.05,1,0,1
B029,2023-08-09 11:00:00,1,613H1300,0,,263.32,1,0,1
B029,2023-08-09 12:00:00,0,613E0590,0,,285.04,1,0,1
B029,2023-08-09 12:00:00,1,613H1300,0,,263.36,1,0,1
B029,2023-08-09 13:00:00,0,613E0590,0,,285.04,1,0,1
B029,2023-08-09 13:00:00,1,613H1300,0,,263.38,1,0,1
B029,2023-08-09 14:00:00,0,613E0590,0,,285.04,1,0,1
B029,2023-08-09 14:00:00,1,613H1300,0,,263.37,1,0,1
B029,2023-08-09 15:00:00,0,613E0590,0,,285.04,1,0,1
B029,2023-08-09 15:00:00,1,613H1300,0,,263.34,1,0,1
B029,2023-08-09 16:00:00,0,613E0590,0,,285.04,1,0,1
B029,2023-08-09 16:00:00,1,613H1300,0,,263.33,1,0,1
B029,2023-08-09 17:00:00,0,613E0590,0,,285.04,1,0,1
B029,2023-08-09 17:00:00,1,613H1300,0,,,1,0,0
B029,2023-08-09 18:00:00,0,613E0590,0,,,1,0,0
B029,2023-08-09 18:00:00,1,613H1300,0,,263.29,1,0,1
B029,2023-08-09 19:00:00,0,613E0590,0.03795873866,,285.04,1,0,1
B029,2023-08-09 19:00:00,1,613H1300,0,,263.27,1,0,1
B029,2023-08-09 20:00:00,0,613E0590,0,,285.03,1,0,1
B029,2023-08-09 20:00:00,1,613H1300,0,,263.28,1,0,1
B029,2023-08-09 21:00:00,0,613E0590,0,,,1,0,0
B029,2023-08-09 21:00:00,1,613H1300,0,,263.3,1,0,1
B029,2023-08-09 22:00:00,0,613E0590,0,,285.04,1,0,1
B029,2023-08-09 22:00:00,1,613H1300,0,,263.3,1,0,1
B029,2023-08-09 23:00:00,0,613E0590,0,,285.04,1,0,1
B029,2023-08-09 23:00:00,1,613H1300,0,,263.3,1,0,1
B029,2023-08-10 00:00:00,0,613E0590,0,,285.04,1,0,1
B029,2023-08-10 00:00:00,1,613H1300,0,,263.28,1,0,1
B029,2023-08-10 01:00:00,0,613E0590,0,,285.04,1,0,1
B029,2023-08-10 01:00:00,1,613H1300,0,,263.26,1,0,1
B029,2023-08-10 02:00:00,0,613E0590,0,,285.04,1,0,1
B029,2023-08-10 02:00:00,1,613H1300,0,,263.27,1,0,1
B029,2023-08-10 03:00:00,0,613E0590,0,,285.03,1,0,1
B029,2023-08-10 03:00:00,1,613H1300,0,,263.26,1,0,1
B029,2023-08-10 04:00:00,0,613E0590,0.03795873866,,285.03,1,0,1
B029,2023-08-10 04:00:00,1,613H1300,0,,263.23,1,0,1
B029,2023-08-10 05:00:00,0,613E0590,0,,285.03,1,0,1
B029,2023-08-10 05:00:00,1,613H1300,0,,263.22,1,0,1
B029,2023-08-10 06:00:00,0,613E0590,0,,285.03,1,0,1
B029,2023-08-10 06:00:00,1,613H1300,0.2267537992,,263.19,1,0,1
B029,2023-08-10 07:00:00,0,613E0590,0.1518349546,,285.03,1,0,1
B029,2023-08-10 07:00:00,1,613H1300,0.2269575588,,263.23,1,0,1
B029,2023-08-10 08:00:00,0,613E0590,0,,285.03,1,0,1
B029,2023-08-10 08:00:00,1,613H1300,0,,263.26,1,0,1
B029,2023-08-10 09:00:00,0,613E0590,0,,285.03,1,0,1
B029,2023-08-10 09:00:00,1,613H1300,0,,263.22,1,0,1
B029,2023-08-10 10:00:00,0,613E0590,0,,285.03,1,0,1
B029,2023-08-10 10:00:00,1,613H1300,0,,263.23,1,0,1
B029,2023-08-10 11:00:00,0,613E0590,0,,285.03,1,0,1
B029,2023-08-10 11:00:00,1,613H1300,0,,263.25,1,0,1
B029,2023-08-10 12:00:00,0,613E0590,0,,285.03,1,0,1
B029,2023-08-10 12:00:00,1,613H1300,0.0004075192355,,263.25,1,0,1
B029,2023-08-10 13:00:00,0,613E0590,0,,,1,0,0
B029,2023-08-10 13:00:00,1,613H1300,0,,263.27,1,0,1
B029,2023-08-10 14:00:00,0,613E0590,0,,285.03,1,0,1
B029,2023-08-10 14:00:00,1,613H1300,0,,263.34,1,0,1
B029,2023-08-10 15:00:00,0,613E0590,0,,,1,0,0
B029,2023-08-10 15:00:00,1,613H1300,0,,263.38,1,0,1
B029,2023-08-10 16:00:00,0,613E0590,0,,285.02,1,0,1
B029,2023-08-10 16:00:00,1,613H1300,0,,263.37,1,0,1
B029,2024-05-15 05:00:00,0,613E0590,0,,285.03,1,0,1
B029,2024-05-15 05:00:00,1,613H1300,0,,266.37,1,0,1
B029,2024-05-15 06:00:00,0,613E0590,0,,285.03,1,0,1
B029,2024-05-15 06:00:00,1,613H1300,0,,266.35,1,0,1
B029,2024-05-15 07:00:00,0,613E0590,0,,285.03,1,0,1
B029,2024-05-15 07:00:00,1,613H1300,0,,266.36,1,0,1
B029,2024-05-15 08:00:00,0,613E0590,0,,285.03,1,0,1
B029,2024-05-15 08:00:00,1,613H1300,0,,266.33,1,0,1
B029,2024-05-15 09:00:00,0,613E0590,0,,285.02,1,0,1
B029,2024-05-15 09:00:00,1,613H1300,0,,266.27,1,0,1
B029,2024-05-15 10:00:00,0,613E0590,0,,285.03,1,0,1
B029,2024-05-15 10:00:00,1,613H1300,0,,266.23,1,0,1
B029,2024-05-15 11:00:00,0,613E0590,0,,285.03,1,0,1
B029,2024-05-15 11:00:00,1,613H1300,0,,266.22,1,0,1
B029,2024-05-15 12:00:00,0,613E0590,0,,285.03,1,0,1
B029,2024-05-15 12:00:00,1,613H1300,0,,266.26,1,0,1
B029,2024-05-15 13:00:00,0,613E0590,0,,285.03,1,0,1
B029,2024-05-15 13:00:00,1,613H1300,0,,266.26,1,0,1
B029,2024-05-15 14:00:00,0,613E0590,0,,285.02,1,0,1
B029,2024-05-15 14:00:00,1,613H1300,0,,266.27,1,0,1
B029,2024-05-15 15:00:00,0,613E0590,0,,285.02,1,0,1
B029,2024-05-15 15:00:00,1,613H1300,0,,266.31,1,0,1
B029,2024-05-15 16:00:00,0,613E0590,0,,285.02,1,0,1
B029,2024-05-15 16:00:00,1,613H1300,0,,266.32,1,0,1
B029,2024-05-15 17:00:00,0,613E0590,0,,285.03,1,0,1
B029,2024-05-15 17:00:00,1,613H1300,0,,266.35,1,0,1
B029,2024-05-15 18:00:00,0,613E0590,0,,285.03,1,0,1
B029,2024-05-15 18:00:00,1,613H1300,0,,266.38,1,0,1
B029,2024-05-15 19:00:00,0,613E0590,0,,285.02,1,0,1
B029,2024-05-15 19:00:00,1,613H1300,0,,266.37,1,0,1
B029,2024-05-15 20:00:00,0,613E0590,0,,285.02,1,0,1
B029,2024-05-15 20:00:00,1,613H1300,0,,266.32,1,0,1
B029,2024-05-15 21:00:00,0,613E0590,0,,285.02,1,0,1
B029,2024-05-15 21:00:00,1,613H1300,0,,266.31,1,0,1
B029,2024-05-15 22:00:00,0,613E0590,0,,285.02,1,0,1
B029,2024-05-15 22:00:00,1,613H1300,0,,266.5,1,0,1
B029,2024-05-15 23:00:00,0,613E0590,0,,285.03,1,0,1
B029,2024-05-15 23:00:00,1,613H1300,0,,266.48,1,0,1
B029,2024-05-16 00:00:00,0,613E0590,0,,285.03,1,0,1
B029,2024-05-16 00:00:00,1,613H1300,0,,266.59,1,0,1
B029,2024-05-16 01:00:00,0,613E0590,0,,285.02,1,0,1
B029,2024-05-16 01:00:00,1,613H1300,0,,266.48,1,0,1
B029,2024-05-16 02:00:00,0,613E0590,0,,285.02,1,0,1
B029,2024-05-16 02:00:00,1,613H1300,0,,266.63,1,0,1
B029,2024-05-16 03:00:00,0,613E0590,0,,285.02,1,0,1
B029,2024-05-16 03:00:00,1,613H1300,0,,266.82,1,0,1
B029,2024-05-16 04:00:00,0,613E0590,0,,285.02,1,0,1
B029,2024-05-16 04:00:00,1,613H1300,0,,266.84,1,0,1
B029,2024-05-16 05:00:00,0,613E0590,0,,285.03,1,0,1
B029,2024-05-16 05:00:00,1,613H1300,0,,266.99,1,0,1
B029,2024-05-16 06:00:00,0,613E0590,0,,285.03,1,0,1
B029,2024-05-16 06:00:00,1,613H1300,0,,,1,0,0
B029,2024-05-16 07:00:00,0,613E0590,0,,285.02,1,0,1
B029,2024-05-16 07:00:00,1,613H1300,0,,267.09,1,0,1
B029,2024-05-16 08:00:00,0,613E0590,0,,285.02,1,0,1
B029,2024-05-16 08:00:00,1,613H1300,0,,267.03,1,0,1
B029,2024-05-16 09:00:00,0,613E0590,0,,285.02,1,0,1
B029,2024-05-16 09:00:00,1,613H1300,0,,266.94,1,0,1
B029,2024-05-16 10:00:00,0,613E0590,0,,285.02,1,0,1
B029,2024-05-16 10:00:00,1,613H1300,0,,266.84,1,0,1
B029,2024-05-16 11:00:00,0,613E0590,0,,285.03,1,0,1
B029,2024-05-16 11:00:00,1,613H1300,0,,266.72,1,0,1
B029,2024-05-16 12:00:00,0,613E0590,0,,285.03,1,0,1
B029,2024-05-16 12:00:00,1,613H1300,0,,266.66,1,0,1
B029,2024-05-16 13:00:00,0,613E0590,0,,285.02,1,0,1
B029,2024-05-16 13:00:00,1,613H1300,0,,266.62,1,0,1
B029,2024-05-16 14:00:00,0,613E0590,0,,285.02,1,0,1
B029,2024-05-16 14:00:00,1,613H1300,0,,266.63,1,0,1
B029,2024-05-16 15:00:00,0,613E0590,0,,285.02,1,0,1
B029,2024-05-16 15:00:00,1,613H1300,0,,266.61,1,0,1
B029,2024-05-16 16:00:00,0,613E0590,0,,285.02,1,0,1
B029,2024-05-16 16:00:00,1,613H1300,0,,266.59,1,0,1
B029,2024-05-16 17:00:00,0,613E0590,0,,285.02,1,0,1
B029,2024-05-16 17:00:00,1,613H1300,0,,266.57,1,0,1
B029,2024-05-16 18:00:00,0,613E0590,0,,285.02,1,0,1
B029,2024-05-16 18:00:00,1,613H1300,0,,266.57,1,0,1
B029,2024-05-16 19:00:00,0,613E0590,0,,285.02,1,0,1
B029,2024-05-16 19:00:00,1,613H1300,0,,266.61,1,0,1
B029,2024-05-16 20:00:00,0,613E0590,0,,285.02,1,0,1
B029,2024-05-16 20:00:00,1,613H1300,0,,266.65,1,0,1
B029,2024-05-16 21:00:00,0,613E0590,0,,285.01,1,0,1
B029,2024-05-16 21:00:00,1,613H1300,0,,266.58,1,0,1
B029,2024-05-16 22:00:00,0,613E0590,0,,285.02,1,0,1
B029,2024-05-16 22:00:00,1,613H1300,0,,266.64,1,0,1
B029,2024-05-16 23:00:00,0,613E0590,0,,285.02,1,0,1
B029,2024-05-16 23:00:00,1,613H1300,0,,266.74,1,0,1
B029,2024-05-17 00:00:00,0,613E0590,0,,285.01,1,0,1
B029,2024-05-17 00:00:00,1,613H1300,0,,266.94,1,0,1
B029,2024-05-17 01:00:00,0,613E0590,0,,285.01,1,0,1
B029,2024-05-17 01:00:00,1,613H1300,0,,267.25,1,0,1
B029,2024-05-17 02:00:00,0,613E0590,0,,285.02,1,0,1
B029,2024-05-17 02:00:00,1,613H1300,0,,267.15,1,0,1
B029,2024-05-17 03:00:00,0,613E0590,0,,,1,0,0
B029,2024-05-17 03:00:00,1,613H1300,0,,267.29,1,0,1
B029,2024-05-17 04:00:00,0,613E0590,0,,285.02,1,0,1
B029,2024-05-17 04:00:00,1,613H1300,0,,267.45,1,0,1
B029,2024-05-17 05:00:00,0,613E0590,0.02367202551,,285.02,1,0,1
B029,2024-05-17 05:00:00,1,613H1300,0.05688752238,,,1,0,0
B029,2024-05-17 06:00:00,0,613E0590,0.3190622584,,285.03,1,0,1
B029,2024-05-17 06:00:00,1,613H1300,0.2983447884,,267.55,1,0,1
B029,2024-05-17 07:00:00,0,613E0590,0.342734284,,285.03,1,0,1
B029,2024-05-17 07:00:00,1,613H1300,0.2954921537,,267.63,1,0,1
B029,2024-05-17 08:00:00,0,613E0590,0,,285.03,1,0,1
B029,2024-05-17 08:00:00,1,613H1300,0,,267.65,1,0,1
B029,2024-05-17 09:00:00,0,613E0590,0,,285.03,1,0,1
B029,2024-05-17 09:00:00,1,613H1300,0,,267.61,1,0,1
B029,2024-05-17 10:00:00,0,613E0590,0,,285.02,1,0,1
B029,2024-05-17 10:00:00,1,613H1300,0,,267.55,1,0,1
B029,2024-05-17 11:00:00,0,613E0590,0,,285.02,1,0,1
B029,2024-05-17 11:00:00,1,613H1300,0,,267.49,1,0,1
B029,2024-05-17 12:00:00,0,613E0590,0,,285.03,1,0,1
B029,2024-05-17 12:00:00,1,613H1300,0.02061398174,,267.45,1,0,1
B029,2024-05-17 13:00:00,0,613E0590,0.03008916495,,285.03,1,0,1
B029,2024-05-17 13:00:00,1,613H1300,0.0543537487,,267.43,1,0,1
B029,2024-05-17 14:00:00,0,613E0590,0.02367202551,,285.03,1,0,1
B029,2024-05-17 14:00:00,1,613H1300,0.1237591366,,267.49,1,0,1
B029,2024-05-17 15:00:00,0,613E0590,0.03795873866,,285.03,1,0,1
B029,2024-05-17 15:00:00,1,613H1300,0.2511107002,,267.53,1,0,1
B029,2024-05-17 16:00:00,0,613E0590,0.6647251155,,285.02,1,0,1
B029,2024-05-17 16:00:00,1,613H1300,1.018168018,,267.54,1,0,1
B029,2024-05-17 17:00:00,0,613E0590,0.7490090668,,285.02,1,0,1
B029,2024-05-17 17:00:00,1,613H1300,1.036195727,,267.44,1,0,1
B029,2024-05-17 18:00:00,0,613E0590,0.4862101513,,285.03,1,0,1
B029,2024-05-17 18:00:00,1,613H1300,1.045074617,,267.29,1,0,1
B029,2024-05-17 19:00:00,0,613E0590,0.03795873866,,285.04,1,0,1
B029,2024-05-17 19:00:00,1,613H1300,0.02570797219,,267.21,1,0,1
B029,2024-05-17 20:00:00,0,613E0590,0,,,1,0,0
B029,2024-05-17 20:00:00,1,613H1300,0.003346324846,,267.26,1,0,1
B029,2024-05-17 21:00:00,0,613E0590,0,,285.04,1,0,1
B029,2024-05-17 21:00:00,1,613H1300,0.003346324846,,267.43,1,0,1
B029,2024-05-17 22:00:00,0,613E0590,0,,285.05,1,0,1
B029,2024-05-17 22:00:00,1,613H1300,0.0002037596178,,267.65,1,0,1
B029,2024-05-17 23:00:00,0,613E0590,0,,285.07,1,0,1
B029,2024-05-17 23:00:00,1,613H1300,0.0002037596178,,267.76,1,0,1
B029,2024-05-18 00:00:00,0,613E0590,0,,285.07,1,0,1
B029,2024-05-18 00:00:00,1,613H1300,0,,267.86,1,0,1
B029,2024-05-18 01:00:00,0,613E0590,0,,285.08,1,0,1
B029,2024-05-18 01:00:00,1,613H1300,0,,267.93,1,0,1
B029,2024-05-18 02:00:00,0,613E0590,0.02367202551,,285.08,1,0,1
B029,2024-05-18 02:00:00,1,613H1300,0,,267.98,1,0,1
B029,2024-05-18 03:00:00,0,613E0590,0,,285.08,1,0,1
B029,2024-05-18 03:00:00,1,613H1300,0.02396030659,,268.03,1,0,1
B029,2024-05-18 04:00:00,0,613E0590,0,,285.08,1,0,1
B029,2024-05-18 04:00:00,1,613H1300,0,,268.04,1,0,1
B029,2024-05-18 05:00:00,0,613E0590,0.03746922504,,285.08,1,0,1
B029,2024-05-18 05:00:00,1,613H1300,0.06546142935,,268.08,1,0,1
B029,2024-05-18 06:00:00,0,613E0590,0.01759942327,,285.08,1,0,1
B029,2024-05-18 06:00:00,1,613H1300,0.03440680036,,268.08,1,0,1
B029,2024-05-18 07:00:00,0,613E0590,0.6710619509,,285.07,1,0,1
B029,2024-05-18 07:00:00,1,613H1300,0.8074571529,,268.04,1,0,1
B029,2024-05-18 08:00:00,0,613E0590,0.1783301767,,285.07,1,0,1
B029,2024-05-18 08:00:00,1,613H1300,0.4277735455,,268.04,1,0,1
B029,2024-05-18 09:00:00,0,613E0590,0.332707095,,285.07,1,0,1
B029,2024-05-18 09:00:00,1,613H1300,0.8556580896,,268.1,1,0,1
B029,2024-05-18 10:00:00,0,613E0590,0.05555816193,,285.08,1,0,1
B029,2024-05-18 10:00:00,1,613H1300,0.04853189203,,268.14,1,0,1
B029,2024-05-18 11:00:00,0,613E0590,0.1153919546,,285.08,1,0,1
B029,2024-05-18 11:00:00,1,613H1300,0.1738230086,,268.15,1,0,1
B029,2024-05-18 12:00:00,0,613E0590,0.07743321597,,285.08,1,0,1
B029,2024-05-18 12:00:00,1,613H1300,0.07504297662,,268.14,1,0,1
B029,2024-05-18 13:00:00,0,613E0590,0.6836393832,,285.08,1,0,1
B029,2024-05-18 13:00:00,1,613H1300,0.9230108291,,268.15,1,0,1
B029,2024-05-18 14:00:00,0,613E0590,0.6576497815,,285.09,1,0,1
B029,2024-05-18 14:00:00,1,613H1300,0.5095861618,,268.12,1,0,1
B029,2024-05-18 15:00:00,0,613E0590,0.2708841566,,285.09,1,0,1
B029,2024-05-18 15:00:00,1,613H1300,0.610822234,,268.12,1,0,1
B029,2024-05-18 16:00:00,0,613E0590,0.3984213157,,285.11,1,0,1
B029,2024-05-18 16:00:00,1,613H1300,0.3688155232,,268.13,1,0,1
B029,2024-05-18 17:00:00,0,613E0590,0.2196016254,,285.12,1,0,1
B029,2024-05-18 17:00:00,1,613H1300,0.5686592854,,268.12,1,0,1
B029,2024-05-18 18:00:00,0,613E0590,0.2897910377,,285.14,1,0,1
B029,2024-05-18 18:00:00,1,613H1300,0.2308002942,,268.12,1,0,1
B029,2024-05-18 19:00:00,0,613E0590,0.2307839093,,285.16,1,0,1
B029,2024-05-18 19:00:00,1,613H1300,0.1743785329,,268.29,1,0,1
B029,2024-05-18 20:00:00,0,613E0590,0.1278816963,,285.17,1,0,1
B029,2024-05-18 20:00:00,1,613H1300,0.4578584373,,,1,0,0
B029,2024-05-18 21:00:00,0,613E0590,0.06804790361,,285.18,1,0,1
B029,2024-05-18 21:00:00,1,613H1300,0.2286823736,,268.21,1,0,1
B029,2024-05-18 22:00:00,0,613E0590,0.07412050585,,285.19,1,0,1
B029,2024-05-18 22:00:00,1,613H1300,0.08166038013,,268.18,1,0,1
B029,2024-05-18 23:00:00,0,613E0590,0.05555816193,,285.19,1,0,1
B029,2024-05-18 23:00:00,1,613H1300,0.004161363317,,268.14,1,0,1
B029,2024-05-19 00:00:00,0,613E0590,0.03795873866,,285.19,1,0,1
B029,2024-05-19 00:00:00,1,613H1300,0.02771415067,,268.09,1,0,1
B029,2024-05-19 01:00:00,0,613E0590,0,,285.19,1,0,1
B029,2024-05-19 01:00:00,1,613H1300,0.02061398174,,268.1,1,0,1
B029,2024-05-19 02:00:00,0,613E0590,0.02367202551,,285.19,1,0,1
B029,2024-05-19 02:00:00,1,613H1300,0.003346324846,,268.06,1,0,1
B029,2024-05-19 03:00:00,0,613E0590,0.01759942327,,285.19,1,0,1
B029,2024-05-19 03:00:00,1,613H1300,0,,268.05,1,0,1
B029,2024-05-19 04:00:00,0,613E0590,0.01248974168,,285.18,1,0,1
B029,2024-05-19 04:00:00,1,613H1300,0.06063887915,,268.04,1,0,1
B029,2024-05-19 05:00:00,0,613E0590,0,,285.18,1,0,1
B029,2024-05-19 05:00:00,1,613H1300,0.00689640931,,268.03,1,0,1
B029,2024-05-19 06:00:00,0,613E0590,0.04734405102,,285.18,1,0,1
B029,2024-05-19 06:00:00,1,613H1300,0.03065295628,,268.02,1,0,1
B029,2024-05-19 07:00:00,0,613E0590,6.519332333,,285.17,1,0,1
B029,2024-05-19 07:00:00,1,613H1300,8.707357333,,268.02,1,0,1
B029,2024-05-19 08:00:00,0,613E0590,0,,285.17,1,0,1
B029,2024-05-19 08:00:00,1,613H1300,0.003346324846,,268.01,1,0,1
B029,2024-05-19 09:00:00,0,613E0590,0,,285.16,1,0,1
B029,2024-05-19 09:00:00,1,613H1300,0.0002037596178,,,1,0,0
B029,2024-05-19 10:00:00,0,613E0590,0,,285.16,1,0,1
B029,2024-05-19 10:00:00,1,613H1300,0,,267.99,1,0,1
B029,2024-05-19 11:00:00,0,613E0590,0,,285.16,1,0,1
B029,2024-05-19 11:00:00,1,613H1300,0.003056394267,,267.96,1,0,1
B029,2024-05-19 12:00:00,0,613E0590,0,,285.15,1,0,1
B029,2024-05-19 12:00:00,1,613H1300,0.0002037596178,,267.94,1,0,1
B029,2024-05-19 13:00:00,0,613E0590,0.02367202551,,285.15,1,0,1
B029,2024-05-19 13:00:00,1,613H1300,0.001630076942,,267.84,1,0,1
B029,2024-05-19 14:00:00,0,613E0590,0,,285.15,1,0,1
B029,2024-05-19 14:00:00,1,613H1300,0.0002037596178,,267.73,1,0,1
B029,2024-05-19 15:00:00,0,613E0590,0,,285.14,1,0,1
B029,2024-05-19 15:00:00,1,613H1300,0,,267.57,1,0,1
B029,2024-05-19 16:00:00,0,613E0590,0,,285.14,1,0,1
B029,2024-05-19 16:00:00,1,613H1300,0,,267.49,1,0,1
B029,2024-05-19 17:00:00,0,613E0590,0,,285.14,1,0,1
B029,2024-05-19 17:00:00,1,613H1300,0,,267.46,1,0,1
B029,2024-05-19 18:00:00,0,613E0590,0.03795873866,,285.13,1,0,1
B029,2024-05-19 18:00:00,1,613H1300,0,,267.34,1,0,1
B029,2024-05-19 19:00:00,0,613E0590,0,,285.13,1,0,1
B029,2024-05-19 19:00:00,1,613H1300,0,,267.3,1,0,1
B029,2024-05-19 20:00:00,0,613E0590,0,,285.13,1,0,1
B029,2024-05-19 20:00:00,1,613H1300,0,,267.26,1,0,1
B029,2024-05-19 21:00:00,0,613E0590,0,,285.13,1,0,1
B029,2024-05-19 21:00:00,1,613H1300,0,,267.31,1,0,1
B029,2024-05-19 22:00:00,0,613E0590,0,,285.12,1,0,1
B029,2024-05-19 22:00:00,1,613H1300,0,,267.4,1,0,1
B029,2024-05-19 23:00:00,0,613E0590,0,,285.12,1,0,1
B029,2024-05-19 23:00:00,1,613H1300,0,,267.5,1,0,1
B029,2024-05-20 00:00:00,0,613E0590,0,,285.12,1,0,1
B029,2024-05-20 00:00:00,1,613H1300,0,,267.56,1,0,1
B029,2024-05-20 01:00:00,0,613E0590,0,,285.12,1,0,1
B029,2024-05-20 01:00:00,1,613H1300,0,,267.53,1,0,1
B029,2024-05-20 02:00:00,0,613E0590,0,,285.12,1,0,1
B029,2024-05-20 02:00:00,1,613H1300,0,,267.61,1,0,1
B029,2024-05-20 03:00:00,0,613E0590,0,,285.11,1,0,1
B029,2024-05-20 03:00:00,1,613H1300,0,,267.62,1,0,1
B029,2024-05-20 04:00:00,0,613E0590,0,,285.11,1,0,1
B029,2024-05-20 04:00:00,1,613H1300,0,,267.62,1,0,1
B029,2024-05-20 05:00:00,0,613E0590,0,,285.11,1,0,1
B029,2024-05-20 05:00:00,1,613H1300,0,,267.67,1,0,1
B029,2024-05-20 06:00:00,0,613E0590,0,,,1,0,0
B029,2024-05-20 06:00:00,1,613H1300,0,,267.7,1,0,1
B029,2024-05-20 07:00:00,0,613E0590,0.06163076417,,285.11,1,0,1
B029,2024-05-20 07:00:00,1,613H1300,0.008644074908,,267.78,1,0,1
B029,2024-05-20 08:00:00,0,613E0590,0,,,1,0,0
B029,2024-05-20 08:00:00,1,613H1300,0,,267.78,1,0,1
B029,2024-05-20 09:00:00,0,613E0590,0.02367202551,,285.1,1,0,1
B029,2024-05-20 09:00:00,1,613H1300,0,,267.68,1,0,1
B029,2024-05-20 10:00:00,0,613E0590,0.02367202551,,285.1,1,0,1
B029,2024-05-20 10:00:00,1,613H1300,0.07696547146,,267.53,1,0,1
B029,2024-05-20 11:00:00,0,613E0590,0.01759942327,,285.1,1,0,1
B029,2024-05-20 11:00:00,1,613H1300,0.003346324846,,267.4,1,0,1
B029,2024-05-20 12:00:00,0,613E0590,0.2815907723,,285.1,1,0,1
B029,2024-05-20 12:00:00,1,613H1300,0.01170046917,,267.47,1,0,1
B029,2024-05-20 13:00:00,0,613E0590,0.03795873866,,285.1,1,0,1
B029,2024-05-20 13:00:00,1,613H1300,1.484206686,,267.73,1,0,1
B029,2024-05-20 14:00:00,0,613E0590,0.2292026052,,285.1,1,0,1
B029,2024-05-20 14:00:00,1,613H1300,0.235053675,,267.45,1,0,1
B029,2024-05-20 15:00:00,0,613E0590,0.3167896189,,285.1,1,0,1
B029,2024-05-20 15:00:00,1,613H1300,0,,267.37,1,0,1
B029,2024-05-20 16:00:00,0,613E0590,0,,285.1,1,0,1
B029,2024-05-20 16:00:00,1,613H1300,0,,267.33,1,0,1
B029,2024-05-20 17:00:00,0,613E0590,0,,285.09,1,0,1
B029,2024-05-20 17:00:00,1,613H1300,0,,267.3,1,0,1
B029,2024-05-20 18:00:00,0,613E0590,0,,285.09,1,0,1
B029,2024-05-20 18:00:00,1,613H1300,0,,267.25,1,0,1
B029,2024-05-20 19:00:00,0,613E0590,0,,285.09,1,0,1
B029,2024-05-20 19:00:00,1,613H1300,0,,267.19,1,0,1
B029,2024-05-20 20:00:00,0,613E0590,0,,285.09,1,0,1
B029,2024-05-20 20:00:00,1,613H1300,0,,267.16,1,0,1
B029,2024-05-20 21:00:00,0,613E0590,0,,285.09,1,0,1
B029,2024-05-20 21:00:00,1,613H1300,0,,267.12,1,0,1
B029,2024-05-20 22:00:00,0,613E0590,0,,285.1,1,0,1
B029,2024-05-20 22:00:00,1,613H1300,0,,267.12,1,0,1
B029,2024-05-20 23:00:00,0,613E0590,0,,285.1,1,0,1
B029,2024-05-20 23:00:00,1,613H1300,0,,267.09,1,0,1
B029,2024-05-21 00:00:00,0,613E0590,0,,285.1,1,0,1
B029,2024-05-21 00:00:00,1,613H1300,0,,267.09,1,0,1
B029,2024-05-21 01:00:00,0,613E0590,0,,285.1,1,0,1
B029,2024-05-21 01:00:00,1,613H1300,0,,267.08,1,0,1
B029,2024-05-21 02:00:00,0,613E0590,0,,285.1,1,0,1
B029,2024-05-21 02:00:00,1,613H1300,0,,267.08,1,0,1
B029,2024-05-21 03:00:00,0,613E0590,0,,285.1,1,0,1
B029,2024-05-21 03:00:00,1,613H1300,0,,267.08,1,0,1
B029,2024-05-21 04:00:00,0,613E0590,0,,285.1,1,0,1
B029,2024-05-21 04:00:00,1,613H1300,0,,267.05,1,0,1
B029,2024-05-21 05:00:00,0,613E0590,0,,285.1,1,0,1
B029,2024-05-21 05:00:00,1,613H1300,0,,,1,0,0
B029,2024-05-21 06:00:00,0,613E0590,0,,285.09,1,0,1
B029,2024-05-21 06:00:00,1,613H1300,0,,267.04,1,0,1
B029,2024-05-21 07:00:00,0,613E0590,0.9304852093,,285.09,1,0,1
B029,2024-05-21 07:00:00,1,613H1300,1.811272626,,267.03,1,0,1
B029,2024-05-21 08:00:00,0,613E0590,0,,285.09,1,0,1
B029,2024-05-21 08:00:00,1,613H1300,0,,267,1,0,1
B029,2024-05-21 09:00:00,0,613E0590,0,,285.09,1,0,1
B029,2024-05-21 09:00:00,1,613H1300,0,,266.95,1,0,1
B029,2024-05-21 10:00:00,0,613E0590,0,,285.09,1,0,1
B029,2024-05-21 10:00:00,1,613H1300,0,,266.92,1,0,1
B029,2024-05-21 11:00:00,0,613E0590,0,,285.09,1,0,1
B029,2024-05-21 11:00:00,1,613H1300,0,,266.93,1,0,1
B029,2024-05-21 12:00:00,0,613E0590,0,,285.09,1,0,1
B029,2024-05-21 12:00:00,1,613H1300,0,,266.96,1,0,1
B029,2024-05-21 13:00:00,0,613E0590,0,,285.08,1,0,1
B029,2024-05-21 13:00:00,1,613H1300,0,,266.95,1,0,1
B029,2024-05-21 14:00:00,0,613E0590,0,,285.08,1,0,1
B029,2024-05-21 14:00:00,1,613H1300,0.02326285677,,266.99,1,0,1
B029,2024-05-21 15:00:00,0,613E0590,0.3526724143,,285.08,1,0,1
B029,2024-05-21 15:00:00,1,613H1300,0.002852634649,,267.03,1,0,1
B029,2024-05-21 16:00:00,0,613E0590,0.1183601275,,285.08,1,0,1
B029,2024-05-21 16:00:00,1,613H1300,0,,267.05,1,0,1
B029,2024-05-21 17:00:00,0,613E0590,0,,285.08,1,0,1
B029,2024-05-21 17:00:00,1,613H1300,0,,267.01,1,0,1
B029,2024-05-21 18:00:00,0,613E0590,0,,,1,0,0
B029,2024-05-21 18:00:00,1,613H1300,0,,267.06,1,0,1
B029,2024-05-21 19:00:00,0,613E0590,0,,285.08,1,0,1
B029,2024-05-21 19:00:00,1,613H1300,0,,267.03,1,0,1
B029,2024-10-15 07:00:00,0,613E0590,1.574342119,,285.03,1,0,1
B029,2024-10-15 07:00:00,1,613H1300,0.3433931813,,266.77,1,0,1
B029,2024-10-15 08:00:00,0,613E0590,0,,285.03,1,0,1
B029,2024-10-15 08:00:00,1,613H1300,0,,266.77,1,0,1
B029,2024-10-15 09:00:00,0,613E0590,0,,285.02,1,0,1
B029,2024-10-15 09:00:00,1,613H1300,0,,266.61,1,0,1
B029,2024-10-15 10:00:00,0,613E0590,0,,285.02,1,0,1
B029,2024-10-15 10:00:00,1,613H1300,0,,266,1,0,1
B029,2024-10-15 11:00:00,0,613E0590,0,,285.02,1,0,1
B029,2024-10-15 11:00:00,1,613H1300,0,,265.75,1,0,1
B029,2024-10-15 12:00:00,0,613E0590,0,,285.02,1,0,1
B029,2024-10-15 12:00:00,1,613H1300,0,,265.45,1,0,1
B029,2024-10-15 13:00:00,0,613E0590,0,,285.02,1,0,1
B029,2024-10-15 13:00:00,1,613H1300,0,,265.25,1,0,1
B029,2024-10-15 14:00:00,0,613E0590,0,,285.02,1,0,1
B029,2024-10-15 14:00:00,1,613H1300,0,,265.2,1,0,1
B029,2024-10-15 15:00:00,0,613E0590,0,,285.02,1,0,1
B029,2024-10-15 15:00:00,1,613H1300,0,,265.12,1,0,1
B029,2024-10-15 16:00:00,0,613E0590,0,,,1,0,0
B029,2024-10-15 16:00:00,1,613H1300,0,,265.16,1,0,1
B029,2024-10-15 17:00:00,0,613E0590,0.08564732688,,285.02,1,0,1
B029,2024-10-15 17:00:00,1,613H1300,0.01271826597,,265.49,1,0,1
B029,2024-10-15 18:00:00,0,613E0590,0.03795873866,,285.02,1,0,1
B029,2024-10-15 18:00:00,1,613H1300,0,,265.59,1,0,1
B029,2024-10-15 19:00:00,0,613E0590,0,,285.01,1,0,1
B029,2024-10-15 19:00:00,1,613H1300,0,,265.59,1,0,1
B029,2024-10-15 20:00:00,0,613E0590,0,,285.01,1,0,1
B029,2024-10-15 20:00:00,1,613H1300,0,,265.27,1,0,1
B029,2024-10-15 21:00:00,0,613E0590,0,,285.01,1,0,1
B029,2024-10-15 21:00:00,1,613H1300,0,,265.47,1,0,1
B029,2024-10-15 22:00:00,0,613E0590,0,,285.01,1,0,1
B029,2024-10-15 22:00:00,1,613H1300,0,,265.1,1,0,1
B029,2024-10-15 23:00:00,0,613E0590,0,,285.01,1,0,1
B029,2024-10-15 23:00:00,1,613H1300,0,,265.55,1,0,1
B029,2024-10-16 00:00:00,0,613E0590,0,,285.01,1,0,1
B029,2024-10-16 00:00:00,1,613H1300,0,,265.38,1,0,1
B029,2024-10-16 01:00:00,0,613E0590,0,,285.01,1,0,1
B029,2024-10-16 01:00:00,1,613H1300,0,,265.6,1,0,1
B029,2024-10-16 02:00:00,0,613E0590,0,,285,1,0,1
B029,2024-10-16 02:00:00,1,613H1300,0,,265.69,1,0,1
B029,2024-10-16 03:00:00,0,613E0590,0,,285,1,0,1
B029,2024-10-16 03:00:00,1,613H1300,0,,265.26,1,0,1
B029,2024-10-16 04:00:00,0,613E0590,0,,285.01,1,0,1
B029,2024-10-16 04:00:00,1,613H1300,0,,265.62,1,0,1
B029,2024-10-16 05:00:00,0,613E0590,0,,285.01,1,0,1
B029,2024-10-16 05:00:00,1,613H1300,0,,265.55,1,0,1
B029,2024-10-16 06:00:00,0,613E0590,0,,285.01,1,0,1
B029,2024-10-16 06:00:00,1,613H1300,0,,265.45,1,0,1
B029,2024-10-16 07:00:00,0,613E0590,0.1236060655,,285.01,1,0,1
B029,2024-10-16 07:00:00,1,613H1300,0.01271826597,,265.34,1,0,1
B029,2024-10-16 08:00:00,0,613E0590,0,,285.01,1,0,1
B029,2024-10-16 08:00:00,1,613H1300,0,,265.8,1,0,1
B029,2024-10-16 09:00:00,0,613E0590,0,,285.01,1,0,1
B029,2024-10-16 09:00:00,1,613H1300,0,,265.68,1,0,1
B029,2024-10-16 10:00:00,0,613E0590,0,,285.01,1,0,1
B029,2024-10-16 10:00:00,1,613H1300,0,,265.18,1,0,1
B029,2024-10-16 11:00:00,0,613E0590,0,,285.01,1,0,1
B029,2024-10-16 11:00:00,1,613H1300,0,,265.08,1,0,1
B029,2024-10-16 12:00:00,0,613E0590,0,,285.01,1,0,1
B029,2024-10-16 12:00:00,1,613H1300,0,,265.01,1,0,1
B029,2024-10-16 13:00:00,0,613E0590,0,,285.01,1,0,1
B029,2024-10-16 13:00:00,1,613H1300,0,,265.03,1,0,1
B029,2024-10-16 14:00:00,0,613E0590,0,,285.01,1,0,1
B029,2024-10-16 14:00:00,1,613H1300,0,,265.03,1,0,1
B029,2024-10-16 15:00:00,0,613E0590,0,,285,1,0,1
B029,2024-10-16 15:00:00,1,613H1300,0,,265.13,1,0,1
B029,2024-10-16 16:00:00,0,613E0590,0,,285,1,0,1
B029,2024-10-16 16:00:00,1,613H1300,0,,265.14,1,0,1
B029,2024-10-16 17:00:00,0,613E0590,0,,285,1,0,1
B029,2024-10-16 17:00:00,1,613H1300,0,,265.14,1,0,1
B029,2024-10-16 18:00:00,0,613E0590,0,,285,1,0,1
B029,2024-10-16 18:00:00,1,613H1300,0,,,1,0,0
B029,2024-10-16 19:00:00,0,613E0590,0,,285,1,0,1
B029,2024-10-16 19:00:00,1,613H1300,0,,265.21,1,0,1
B029,2024-10-16 20:00:00,0,613E0590,0.01759942327,,285,1,0,1
B029,2024-10-16 20:00:00,1,613H1300,0,,264.99,1,0,1
B029,2024-10-16 21:00:00,0,613E0590,0,,285,1,0,1
B029,2024-10-16 21:00:00,1,613H1300,0,,265.3,1,0,1
B029,2024-10-16 22:00:00,0,613E0590,0,,285,1,0,1
B029,2024-10-16 22:00:00,1,613H1300,0,,265.24,1,0,1
B029,2024-10-16 23:00:00,0,613E0590,0,,285.01,1,0,1
B029,2024-10-16 23:00:00,1,613H1300,0,,265.01,1,0,1
B029,2024-10-17 00:00:00,0,613E0590,0,,285.01,1,0,1
B029,2024-10-17 00:00:00,1,613H1300,0,,265.33,1,0,1
B029,2024-10-17 01:00:00,0,613E0590,0,,285.01,1,0,1
B029,2024-10-17 01:00:00,1,613H1300,0,,265.13,1,0,1
B029,2024-10-17 02:00:00,0,613E0590,0,,285.01,1,0,1
B029,2024-10-17 02:00:00,1,613H1300,0,,265.4,1,0,1
B029,2024-10-17 03:00:00,0,613E0590,0,,,1,0,0
B029,2024-10-17 03:00:00,1,613H1300,0,,265.26,1,0,1
B029,2024-10-17 04:00:00,0,613E0590,0,,285.01,1,0,1
B029,2024-10-17 04:00:00,1,613H1300,0,,264.96,1,0,1
B029,2024-10-17 05:00:00,0,613E0590,0,,285,1,0,1
B029,2024-10-17 05:00:00,1,613H1300,0,,265.19,1,0,1
B029,2024-10-17 06:00:00,0,613E0590,0,,285,1,0,1
B029,2024-10-17 06:00:00,1,613H1300,0,,265.01,1,0,1
B029,2024-10-17 07:00:00,0,613E0590,3.052520089,,285,1,0,1
B029,2024-10-17 07:00:00,1,613H1300,0,,265.21,1,0,1
B029,2024-10-17 08:00:00,0,613E0590,0.2071118838,,285,1,0,1
B029,2024-10-17 08:00:00,1,613H1300,0.02543653195,,265.29,1,0,1
B029,2024-10-17 09:00:00,0,613E0590,1.03404368,,285,1,0,1
B029,2024-10-17 09:00:00,1,613H1300,0.1144643938,,266.13,1,0,1
B029,2024-10-17 10:00:00,0,613E0590,0.4063541938,,285,1,0,1
B029,2024-10-17 10:00:00,1,613H1300,0.06359132986,,267.39,1,0,1
B029,2024-10-17 11:00:00,0,613E0590,0.2053149123,,285,1,0,1
B029,2024-10-17 11:00:00,1,613H1300,0.03815479792,,267.64,1,0,1
B029,2024-10-17 12:00:00,0,613E0590,2.568372755,,285,1,0,1
B029,2024-10-17 12:00:00,1,613H1300,0.3052383833,,267.56,1,0,1
B029,2024-10-17 13:00:00,0,613E0590,0.1615648042,,285.02,1,0,1
B029,2024-10-17 13:00:00,1,613H1300,0.01271826597,,267.1,1,0,1
B029,2024-10-17 14:00:00,0,613E0590,0,,285.03,1,0,1
B029,2024-10-17 14:00:00,1,613H1300,0,,265.6,1,0,1
B029,2024-10-17 15:00:00,0,613E0590,0,,285.05,1,0,1
B029,2024-10-17 15:00:00,1,613H1300,0,,265.28,1,0,1
B029,2024-10-17 16:00:00,0,613E0590,0,,285.07,1,0,1
B029,2024-10-17 16:00:00,1,613H1300,0,,265,1,0,1
B029,2024-10-17 17:00:00,0,613E0590,0,,285.09,1,0,1
B029,2024-10-17 17:00:00,1,613H1300,0,,265.16,1,0,1
B029,2024-10-17 18:00:00,0,613E0590,0,,285.1,1,0,1
B029,2024-10-17 18:00:00,1,613H1300,0,,265.5,1,0,1
B029,2024-10-17 19:00:00,0,613E0590,0,,285.11,1,0,1
B029,2024-10-17 19:00:00,1,613H1300,0,,266.34,1,0,1
B029,2024-10-17 20:00:00,0,613E0590,0,,285.1,1,0,1
B029,2024-10-17 20:00:00,1,613H1300,0,,267.6,1,0,1
B029,2024-10-17 21:00:00,0,613E0590,0,,285.1,1,0,1
B029,2024-10-17 21:00:00,1,613H1300,0,,266.16,1,0,1
B029,2024-10-17 22:00:00,0,613E0590,0,,285.1,1,0,1
B029,2024-10-17 22:00:00,1,613H1300,0,,268.05,1,0,1
B029,2024-10-17 23:00:00,0,613E0590,0,,285.09,1,0,1
B029,2024-10-17 23:00:00,1,613H1300,0,,266.04,1,0,1
B029,2024-10-18 00:00:00,0,613E0590,0,,285.09,1,0,1
B029,2024-10-18 00:00:00,1,613H1300,0,,267.2,1,0,1
B029,2024-10-18 01:00:00,0,613E0590,0,,285.08,1,0,1
B029,2024-10-18 01:00:00,1,613H1300,0,,266.35,1,0,1
B029,2024-10-18 02:00:00,0,613E0590,0,,285.08,1,0,1
B029,2024-10-18 02:00:00,1,613H1300,0,,266.55,1,0,1
B029,2024-10-18 03:00:00,0,613E0590,0,,285.07,1,0,1
B029,2024-10-18 03:00:00,1,613H1300,0,,266.99,1,0,1
B029,2024-10-18 04:00:00,0,613E0590,0,,285.07,1,0,1
B029,2024-10-18 04:00:00,1,613H1300,0,,266.62,1,0,1
B029,2024-10-18 05:00:00,0,613E0590,0,,285.07,1,0,1
B029,2024-10-18 05:00:00,1,613H1300,0,,268.81,1,0,1
B029,2024-10-18 06:00:00,0,613E0590,0,,285.06,1,0,1
B029,2024-10-18 06:00:00,1,613H1300,0,,268.93,1,0,1
B029,2024-10-18 07:00:00,0,613E0590,4.582762229,,285.06,1,0,1
B029,2024-10-18 07:00:00,1,613H1300,0.5596037028,,267.04,1,0,1
B029,2024-10-18 08:00:00,0,613E0590,0,,285.06,1,0,1
B029,2024-10-18 08:00:00,1,613H1300,0,,266.79,1,0,1
B029,2024-10-18 09:00:00,0,613E0590,0,,285.05,1,0,1
B029,2024-10-18 09:00:00,1,613H1300,0,,267.18,1,0,1
B029,2024-10-18 10:00:00,0,613E0590,0,,285.05,1,0,1
B029,2024-10-18 10:00:00,1,613H1300,0,,267.06,1,0,1
B029,2024-10-18 11:00:00,0,613E0590,0,,285.05,1,0,1
B029,2024-10-18 11:00:00,1,613H1300,0,,266.59,1,0,1
B029,2024-10-18 12:00:00,0,613E0590,0,,285.05,1,0,1
B029,2024-10-18 12:00:00,1,613H1300,0,,265.6,1,0,1
B029,2024-10-18 13:00:00,0,613E0590,0,,285.04,1,0,1
B029,2024-10-18 13:00:00,1,613H1300,0,,265.28,1,0,1
B029,2024-10-18 14:00:00,0,613E0590,0,,285.04,1,0,1
B029,2024-10-18 14:00:00,1,613H1300,0,,265.33,1,0,1
B029,2024-10-18 15:00:00,0,613E0590,0,,285.04,1,0,1
B029,2024-10-18 15:00:00,1,613H1300,0,,265.32,1,0,1
B029,2024-10-18 16:00:00,0,613E0590,0,,285.04,1,0,1
B029,2024-10-18 16:00:00,1,613H1300,0,,265.33,1,0,1
B029,2024-10-18 17:00:00,0,613E0590,0,,285.03,1,0,1
B029,2024-10-18 17:00:00,1,613H1300,0,,265.28,1,0,1
B029,2024-10-18 18:00:00,0,613E0590,0,,285.03,1,0,1
B029,2024-10-18 18:00:00,1,613H1300,0,,265.27,1,0,1
B029,2024-10-18 19:00:00,0,613E0590,0.04863912898,,285.03,1,0,1
B029,2024-10-18 19:00:00,1,613H1300,0,,265.33,1,0,1
B029,2024-10-18 20:00:00,0,613E0590,0,,285.03,1,0,1
B029,2024-10-18 20:00:00,1,613H1300,0,,265.55,1,0,1
B029,2024-10-18 21:00:00,0,613E0590,0,,285.02,1,0,1
B029,2024-10-18 21:00:00,1,613H1300,0,,265.75,1,0,1
B029,2024-10-18 22:00:00,0,613E0590,0,,285.02,1,0,1
B029,2024-10-18 22:00:00,1,613H1300,0,,265.81,1,0,1
B029,2024-10-18 23:00:00,0,613E0590,0,,285.01,1,0,1
B029,2024-10-18 23:00:00,1,613H1300,0,,265.82,1,0,1
B029,2024-10-19 00:00:00,0,613E0590,0,,285.01,1,0,1
B029,2024-10-19 00:00:00,1,613H1300,0,,265.41,1,0,1
B029,2024-10-19 01:00:00,0,613E0590,0,,285.01,1,0,1
B029,2024-10-19 01:00:00,1,613H1300,0,,265.44,1,0,1
B029,2024-10-19 02:00:00,0,613E0590,0.03795873866,,285.01,1,0,1
B029,2024-10-19 02:00:00,1,613H1300,0,,265.86,1,0,1
B029,2024-10-19 03:00:00,0,613E0590,0,,285,1,0,1
B029,2024-10-19 03:00:00,1,613H1300,0,,265.45,1,0,1
B029,2024-10-19 04:00:00,0,613E0590,0.09468810204,,285,1,0,1
B029,2024-10-19 04:00:00,1,613H1300,0,,265.69,1,0,1
B029,2024-10-19 05:00:00,0,613E0590,0,,285,1,0,1
B029,2024-10-19 05:00:00,1,613H1300,0,,266.3,1,0,1
B029,2024-10-19 06:00:00,0,613E0590,0,,285,1,0,1
B029,2024-10-19 06:00:00,1,613H1300,0,,265.99,1,0,1
B029,2024-10-19 07:00:00,0,613E0590,0.2049579952,,285,1,0,1
B029,2024-10-19 07:00:00,1,613H1300,0,,265.99,1,0,1
B029,2024-10-19 08:00:00,0,613E0590,0.09468810204,,285,1,0,1
B029,2024-10-19 08:00:00,1,613H1300,0,,265.95,1,0,1
B029,2024-10-19 09:00:00,0,613E0590,0,,285,1,0,1
B029,2024-10-19 09:00:00,1,613H1300,0,,265.87,1,0,1
B029,2024-10-19 10:00:00,0,613E0590,0.02367202551,,285,1,0,1
B029,2024-10-19 10:00:00,1,613H1300,0,,265.52,1,0,1
B029,2024-10-19 11:00:00,0,613E0590,0,,285,1,0,1
B029,2024-10-19 11:00:00,1,613H1300,0,,265.32,1,0,1
B029,2024-10-19 12:00:00,0,613E0590,0,,285,1,0,1
B029,2024-10-19 12:00:00,1,613H1300,0,,265.11,1,0,1
B029,2024-10-19 13:00:00,0,613E0590,0,,285,1,0,1
B029,2024-10-19 13:00:00,1,613H1300,0,,265.02,1,0,1
B029,2024-10-19 14:00:00,0,613E0590,0,,285,1,0,1
B029,2024-10-19 14:00:00,1,613H1300,0,,264.98,1,0,1
