GRAPH_ID,TIMESTAMP,NODE_INDEX,STATION_ID,RAIN_MM,FLOW,WATER_LEVEL,RAIN_MASK,FLOW_MASK,WATER_LEVEL_MASK
B022,2021-04-09 19:00:00,0,612E2790,0,,62.03,1,0,1
B022,2021-04-09 19:00:00,1,612E2800,0,,48.55,1,0,1
B022,2021-04-09 20:00:00,0,612E2790,0,,62.02,1,0,1
B022,2021-04-09 20:00:00,1,612E2800,0,,48.54,1,0,1
B022,2021-04-09 21:00:00,0,612E2790,0,,62.02,1,0,1
B022,2021-04-09 21:00:00,1,612E2800,0,,48.54,1,0,1
B022,2021-04-09 22:00:00,0,612E2790,0,,62.01,1,0,1
B022,2021-04-09 22:00:00,1,612E2800,0,,48.54,1,0,1
B022,2021-04-09 23:00:00,0,612E2790,0,,62.01,1,0,1
B022,2021-04-09 23:00:00,1,612E2800,0,,48.54,1,0,1
B022,2021-04-10 00:00:00,0,612E2790,0,,62.01,1,0,1
B022,2021-04-10 00:00:00,1,612E2800,0,,48.53,1,0,1
B022,2021-04-10 01:00:00,0,612E2790,0,,,1,0,0
B022,2021-04-10 01:00:00,1,612E2800,0,,48.53,1,0,1
B022,2021-04-10 02:00:00,0,612E2790,0,,,1,0,0
B022,2021-04-10 02:00:00,1,612E2800,0,,48.53,1,0,1
B022,2021-04-10 03:00:00,0,612E2790,0,,,1,0,0
B022,2021-04-10 03:00:00,1,612E2800,0,,48.53,1,0,1
B022,2021-04-10 04:00:00,0,612E2790,0,,,1,0,0
B022,2021-04-10 04:00:00,1,612E2800,0,,48.53,1,0,1
B022,2021-04-10 05:00:00,0,612E2790,0,,,1,0,0
B022,2021-04-10 05:00:00,1,612E2800,0,,48.52,1,0,1
B022,2021-04-10 06:00:00,0,612E2790,0,,61.99,1,0,1
B022,2021-04-10 06:00:00,1,612E2800,0,,48.52,1,0,1
B022,2021-04-10 07:00:00,0,612E2790,0,,61.99,1,0,1
B022,2021-04-10 07:00:00,1,612E2800,0,,48.52,1,0,1
B022,2021-04-10 08:00:00,0,612E2790,0,,61.98,1,0,1
B022,2021-04-10 08:00:00,1,612E2800,0,,48.51,1,0,1
B022,2021-04-10 09:00:00,0,612E2790,0,,61.98,1,0,1
B022,2021-04-10 09:00:00,1,612E2800,0,,48.51,1,0,1
B022,2021-04-10 10:00:00,0,612E2790,0,,61.98,1,0,1
B022,2021-04-10 10:00:00,1,612E2800,0,,48.51,1,0,1
B022,2021-04-10 11:00:00,0,612E2790,0,,61.98,1,0,1
B022,2021-04-10 11:00:00,1,612E2800,0,,48.51,1,0,1
B022,2021-04-10 12:00:00,0,612E2790,0,,61.98,1,0,1
B022,2021-04-10 12:00:00,1,612E2800,0,,48.51,1,0,1
B022,2021-04-10 13:00:00,0,612E2790,0,,61.99,1,0,1
B022,2021-04-10 13:00:00,1,612E2800,0,,48.51,1,0,1
B022,2021-04-10 14:00:00,0,612E2790,0,,61.99,1,0,1
B022,2021-04-10 14:00:00,1,612E2800,0,,48.51,1,0,1
B022,2021-04-10 15:00:00,0,612E2790,0,,61.99,1,0,1
B022,2021-04-10 15:00:00,1,612E2800,0,,48.51,1,0,1
B022,2021-04-10 16:00:00,0,612E2790,0,,61.99,1,0,1
B022,2021-04-10 16:00:00,1,612E2800,0,,48.51,1,0,1
B022,2021-04-10 17:00:00,0,612E2790,0,,61.99,1,0,1
B022,2021-04-10 17:00:00,1,612E2800,0,,48.51,1,0,1
B022,2021-04-10 18:00:00,0,612E2790,0,,,1,0,0
B022,2021-04-10 18:00:00,1,612E2800,0,,48.51,1,0,1
B022,2021-04-10 19:00:00,0,612E2790,0,,61.98,1,0,1
B022,2021-04-10 19:00:00,1,612E2800,0,,48.51,1,0,1
B022,2021-04-10 20:00:00,0,612E2790,0,,,1,0,0
B022,2021-04-10 20:00:00,1,612E2800,0,,48.51,1,0,1
B022,2021-04-10 21:00:00,0,612E2790,0,,61.98,1,0,1
B022,2021-04-10 21:00:00,1,612E2800,0,,48.51,1,0,1
B022,2021-04-10 22:00:00,0,612E2790,0,,61.97,1,0,1
B022,2021-04-10 22:00:00,1,612E2800,0,,48.51,1,0,1
B022,2021-04-10 23:00:00,0,612E2790,0,,61.97,1,0,1
B022,2021-04-10 23:00:00,1,612E2800,0,,48.51,1,0,1
B022,2021-04-11 00:00:00,0,612E2790,0,,61.97,1,0,1
B022,2021-04-11 00:00:00,1,612E2800,0,,48.51,1,0,1
B022,2021-04-11 01:00:00,0,612E2790,0,,61.97,1,0,1
B022,2021-04-11 01:00:00,1,612E2800,0,,48.51,1,0,1
B022,2021-04-11 02:00:00,0,612E2790,0,,61.97,1,0,1
B022,2021-04-11 02:00:00,1,612E2800,0,,48.51,1,0,1
B022,2021-04-11 03:00:00,0,612E2790,0,,61.97,1,0,1
B022,2021-04-11 03:00:00,1,612E2800,0,,48.5,1,0,1
B022,2021-04-11 04:00:00,0,612E2790,0,,61.97,1,0,1
B022,2021-04-11 04:00:00,1,612E2800,0,,48.5,1,0,1
B022,2021-04-11 05:00:00,0,612E2790,0,,61.97,1,0,1
B022,2021-04-11 05:00:00,1,612E2800,0,,48.5,1,0,1
B022,2021-04-11 06:00:00,0,612E2790,0,,61.97,1,0,1
B022,2021-04-11 06:00:00,1,612E2800,0,,48.5,1,0,1
B022,2021-04-11 07:00:00,0,612E2790,0,,61.99,1,0,1
B022,2021-04-11 07:00:00,1,612E2800,0,,48.5,1,0,1
B022,2021-04-11 08:00:00,0,612E2790,0,,62.01,1,0,1
B022,2021-04-11 08:00:00,1,612E2800,0,,48.51,1,0,1
B022,2021-04-11 09:00:00,0,612E2790,0,,62.06,1,0,1
B022,2021-04-11 09:00:00,1,612E2800,0,,48.53,1,0,1
B022,2021-04-11 10:00:00,0,612E2790,0,,62.11,1,0,1
B022,2021-04-11 10:00:00,1,612E2800,0,,48.55,1,0,1
B022,2021-04-11 11:00:00,0,612E2790,0,,62.17,1,0,1
B022,2021-04-11 11:00:00,1,612E2800,0,,48.6,1,0,1
B022,2021-04-11 12:00:00,0,612E2790,0,,62.24,1,0,1
B022,2021-04-11 12:00:00,1,612E2800,0,,48.64,1,0,1
B022,2021-04-11 13:00:00,0,612E2790,0,,62.31,1,0,1
B022,2021-04-11 13:00:00,1,612E2800,0,,48.68,1,0,1
B022,2021-04-11 14:00:00,0,612E2790,0,,62.34,1,0,1
B022,2021-04-11 14:00:00,1,612E2800,0,,48.73,1,0,1
B022,2021-04-11 15:00:00,0,612E2790,0,,62.33,1,0,1
B022,2021-04-11 15:00:00,1,612E2800,0,,48.77,1,0,1
B022,2021-04-11 16:00:00,0,612E2790,0,,62.31,1,0,1
B022,2021-04-11 16:00:00,1,612E2800,0,,48.78,1,0,1
B022,2021-04-11 17:00:00,0,612E2790,0,,62.3,1,0,1
B022,2021-04-11 17:00:00,1,612E2800,0,,48.77,1,0,1
B022,2021-04-11 18:00:00,0,612E2790,0,,62.29,1,0,1
B022,2021-04-11 18:00:00,1,612E2800,0,,48.76,1,0,1
B022,2021-04-11 19:00:00,0,612E2790,0.2457294397,,62.28,1,0,1
B022,2021-04-11 19:00:00,1,612E2800,0,,48.76,1,0,1
B022,2021-04-11 20:00:00,0,612E2790,0.3499344132,,62.27,1,0,1
B022,2021-04-11 20:00:00,1,612E2800,0.6470927651,,48.75,1,0,1
B022,2021-04-11 21:00:00,0,612E2790,0.06588021884,,62.26,1,0,1
B022,2021-04-11 21:00:00,1,612E2800,0.3491941559,,48.74,1,0,1
B022,2021-04-11 22:00:00,0,612E2790,0.3915076524,,62.28,1,0,1
B022,2021-04-11 22:00:00,1,612E2800,0.2855376784,,48.74,1,0,1
B022,2021-04-11 23:00:00,0,612E2790,0,,62.31,1,0,1
B022,2021-04-11 23:00:00,1,612E2800,0,,48.74,1,0,1
B022,2021-04-12 00:00:00,0,612E2790,0,,,1,0,0
B022,2021-04-12 00:00:00,1,612E2800,0,,48.75,1,0,1
B022,2021-04-12 01:00:00,0,612E2790,0,,,1,0,0
B022,2021-04-12 01:00:00,1,612E2800,0.02803443091,,48.77,1,0,1
B022,2021-04-12 02:00:00,0,612E2790,2.545210539,,,1,0,0
B022,2021-04-12 02:00:00,1,612E2800,3.006973419,,48.77,1,0,1
B022,2021-04-12 03:00:00,0,612E2790,2.249511091,,62.33,1,0,1
B022,2021-04-12 03:00:00,1,612E2800,1.811233583,,48.81,1,0,1
B022,2021-04-12 04:00:00,0,612E2790,3.128647796,,62.5,1,0,1
B022,2021-04-12 04:00:00,1,612E2800,1.263039871,,48.9,1,0,1
B022,2021-04-12 05:00:00,0,612E2790,2.498556567,,,1,0,0
B022,2021-04-12 05:00:00,1,612E2800,1.052355783,,49.01,1,0,1
B022,2021-04-12 06:00:00,0,612E2790,0.5366453548,,,1,0,0
B022,2021-04-12 06:00:00,1,612E2800,0.1112733751,,49.16,1,0,1
B022,2021-04-12 07:00:00,0,612E2790,6.289151463,,63.26,1,0,1
B022,2021-04-12 07:00:00,1,612E2800,0.2729910629,,49.31,1,0,1
B022,2021-04-12 08:00:00,0,612E2790,0.1319128078,,63.59,1,0,1
B022,2021-04-12 08:00:00,1,612E2800,0,,49.5,1,0,1
B022,2021-04-12 09:00:00,0,612E2790,0.08021298885,,63.6,1,0,1
B022,2021-04-12 09:00:00,1,612E2800,0.02803443091,,49.71,1,0,1
B022,2021-04-12 10:00:00,0,612E2790,0.005775825248,,63.51,1,0,1
B022,2021-04-12 10:00:00,1,612E2800,0.07919600202,,49.74,1,0,1
B022,2021-04-12 11:00:00,0,612E2790,0.08021298885,,63.38,1,0,1
B022,2021-04-12 11:00:00,1,612E2800,0,,49.69,1,0,1
B022,2021-04-12 12:00:00,0,612E2790,0.03879211974,,63.29,1,0,1
B022,2021-04-12 12:00:00,1,612E2800,0,,49.6,1,0,1
B022,2021-04-12 13:00:00,0,612E2790,0,,63.19,1,0,1
B022,2021-04-12 13:00:00,1,612E2800,0,,49.52,1,0,1
B022,2021-04-12 14:00:00,0,612E2790,0,,63.1,1,0,1
B022,2021-04-12 14:00:00,1,612E2800,0,,49.44,1,0,1
B022,2021-04-12 15:00:00,0,612E2790,0,,,1,0,0
B022,2021-04-12 15:00:00,1,612E2800,0,,49.37,1,0,1
B022,2021-04-12 16:00:00,0,612E2790,0,,,1,0,0
B022,2021-04-12 16:00:00,1,612E2800,0,,49.31,1,0,1
B022,2021-04-12 17:00:00,0,612E2790,0,,,1,0,0
B022,2021-04-12 17:00:00,1,612E2800,0,,49.26,1,0,1
B022,2021-04-12 18:00:00,0,612E2790,0,,,1,0,0
B022,2021-04-12 18:00:00,1,612E2800,0,,49.21,1,0,1
B022,2021-04-12 19:00:00,0,612E2790,0,,62.79,1,0,1
B022,2021-04-12 19:00:00,1,612E2800,0,,49.13,1,0,1
B022,2021-04-12 20:00:00,0,612E2790,0,,,1,0,0
B022,2021-04-12 20:00:00,1,612E2800,0,,,1,0,0
B022,2021-04-12 21:00:00,0,612E2790,0,,,1,0,0
B022,2021-04-12 21:00:00,1,612E2800,0,,49.09,1,0,1
B022,2021-04-12 22:00:00,0,612E2790,0,,,1,0,0
B022,2021-04-12 22:00:00,1,612E2800,0,,49.06,1,0,1
B022,2021-04-12 23:00:00,0,612E2790,0,,62.64,1,0,1
B022,2021-04-12 23:00:00,1,612E2800,0,,49.03,1,0,1
B022,2021-04-13 00:00:00,0,612E2790,0,,62.6,1,0,1
B022,2021-04-13 00:00:00,1,612E2800,0,,49,1,0,1
B022,2021-04-13 01:00:00,0,612E2790,0,,,1,0,0
B022,2021-04-13 01:00:00,1,612E2800,0,,48.98,1,0,1
B022,2021-04-13 02:00:00,0,612E2790,0,,,1,0,0
B022,2021-04-13 02:00:00,1,612E2800,0,,48.96,1,0,1
B022,2021-04-13 03:00:00,0,612E2790,0,,62.52,1,0,1
B022,2021-04-13 03:00:00,1,612E2800,0,,48.94,1,0,1
B022,2021-04-13 04:00:00,0,612E2790,0,,,1,0,0
B022,2021-04-13 04:00:00,1,612E2800,0,,48.92,1,0,1
B022,2021-04-13 05:00:00,0,612E2790,0,,,1,0,0
B022,2021-04-13 05:00:00,1,612E2800,0,,48.9,1,0,1
B022,2021-04-13 06:00:00,0,612E2790,0,,62.46,1,0,1
B022,2021-04-13 06:00:00,1,612E2800,0,,48.89,1,0,1
B022,2021-04-13 07:00:00,0,612E2790,0.1681452002,,62.44,1,0,1
B022,2021-04-13 07:00:00,1,612E2800,0.09540107593,,48.87,1,0,1
B022,2021-04-13 08:00:00,0,612E2790,0,,62.42,1,0,1
B022,2021-04-13 08:00:00,1,612E2800,0,,48.85,1,0,1
B022,2021-04-13 09:00:00,0,612E2790,0.1293530805,,,1,0,0
B022,2021-04-13 09:00:00,1,612E2800,0.06736664502,,48.84,1,0,1
B022,2021-04-13 10:00:00,0,612E2790,0,,,1,0,0
B022,2021-04-13 10:00:00,1,612E2800,0.06736664502,,48.82,1,0,1
B022,2021-04-13 11:00:00,0,612E2790,0.6214304904,,,1,0,0
B022,2021-04-13 11:00:00,1,612E2800,0.3969450291,,48.82,1,0,1
B022,2021-04-13 12:00:00,0,612E2790,0.8563526473,,62.37,1,0,1
B022,2021-04-13 12:00:00,1,612E2800,0.6981536657,,48.81,1,0,1
B022,2021-04-13 13:00:00,0,612E2790,0.7371339526,,,1,0,0
B022,2021-04-13 13:00:00,1,612E2800,0.4682539458,,48.81,1,0,1
B022,2021-04-13 14:00:00,0,612E2790,1.710690427,,,1,0,0
B022,2021-04-13 14:00:00,1,612E2800,0.5910239033,,48.81,1,0,1
B022,2021-04-13 15:00:00,0,612E2790,1.151106596,,62.46,1,0,1
B022,2021-04-13 15:00:00,1,612E2800,0.3728528699,,48.82,1,0,1
B022,2021-04-13 16:00:00,0,612E2790,0.5255286828,,62.51,1,0,1
B022,2021-04-13 16:00:00,1,612E2800,0.472296888,,48.85,1,0,1
B022,2021-04-13 17:00:00,0,612E2790,0.4601689908,,62.59,1,0,1
B022,2021-04-13 17:00:00,1,612E2800,0.2899133953,,48.89,1,0,1
B022,2021-04-13 18:00:00,0,612E2790,0.09889651333,,62.68,1,0,1
B022,2021-04-13 18:00:00,1,612E2800,0.03986378792,,48.94,1,0,1
B022,2021-04-13 19:00:00,0,612E2790,0.1712944765,,62.79,1,0,1
B022,2021-04-13 19:00:00,1,612E2800,0.004042942194,,49,1,0,1
B022,2021-04-13 20:00:00,0,612E2790,0.0115516505,,62.8,1,0,1
B022,2021-04-13 20:00:00,1,612E2800,0.2144608659,,49.08,1,0,1
B022,2021-04-13 21:00:00,0,612E2790,0.1190051086,,62.78,1,0,1
B022,2021-04-13 21:00:00,1,612E2800,0.06736664502,,49.11,1,0,1
B022,2021-04-13 22:00:00,0,612E2790,0.1478842348,,62.76,1,0,1
B022,2021-04-13 22:00:00,1,612E2800,0.5754843788,,49.1,1,0,1
B022,2021-04-13 23:00:00,0,612E2790,0.08021298885,,62.75,1,0,1
B022,2021-04-13 23:00:00,1,612E2800,0.1234355068,,49.09,1,0,1
B022,2021-04-14 00:00:00,0,612E2790,0.5638002756,,62.74,1,0,1
B022,2021-04-14 00:00:00,1,612E2800,0.3054862249,,49.08,1,0,1
B022,2021-04-14 01:00:00,0,612E2790,0.2535466658,,62.74,1,0,1
B022,2021-04-14 01:00:00,1,612E2800,0.02803443091,,49.08,1,0,1
B022,2021-04-14 02:00:00,0,612E2790,0,,62.74,1,0,1
B022,2021-04-14 02:00:00,1,612E2800,0,,49.07,1,0,1
B022,2021-04-14 03:00:00,0,612E2790,0,,62.73,1,0,1
B022,2021-04-14 03:00:00,1,612E2800,0,,49.07,1,0,1
B022,2021-04-14 04:00:00,0,612E2790,0,,62.73,1,0,1
B022,2021-04-14 04:00:00,1,612E2800,0,,49.06,1,0,1
B022,2021-04-14 05:00:00,0,612E2790,2.231919316,,62.71,1,0,1
B022,2021-04-14 05:00:00,1,612E2800,1.556397269,,49.06,1,0,1
B022,2021-04-14 06:00:00,0,612E2790,1.487602528,,62.71,1,0,1
B022,2021-04-14 06:00:00,1,612E2800,0.6274769933,,49.06,1,0,1
B022,2021-04-14 07:00:00,0,612E2790,3.410271464,,62.77,1,0,1
B022,2021-04-14 07:00:00,1,612E2800,0.6996510136,,49.06,1,0,1
B022,2021-04-14 08:00:00,0,612E2790,0.5793367242,,62.89,1,0,1
B022,2021-04-14 08:00:00,1,612E2800,0.4008873008,,49.1,1,0,1
B022,2021-04-14 09:00:00,0,612E2790,0.3801186268,,62.99,1,0,1
B022,2021-04-14 09:00:00,1,612E2800,0.4008873008,,49.18,1,0,1
B022,2021-04-14 10:00:00,0,612E2790,0.4215394959,,63.09,1,0,1
B022,2021-04-14 10:00:00,1,612E2800,0.3054862249,,49.27,1,0,1
B022,2021-04-14 11:00:00,0,612E2790,0.3988711733,,,1,0,0
B022,2021-04-14 11:00:00,1,612E2800,0.3173155819,,49.34,1,0,1
B022,2021-04-14 12:00:00,0,612E2790,0.2424299937,,,1,0,0
B022,2021-04-14 12:00:00,1,612E2800,0.2543246538,,49.4,1,0,1
B022,2021-04-14 13:00:00,0,612E2790,0.05432856834,,63.25,1,0,1
B022,2021-04-14 13:00:00,1,612E2800,0.09540107593,,49.44,1,0,1
B022,2021-05-01 14:00:00,0,612E2790,0,,61.84,1,0,1
B022,2021-05-01 14:00:00,1,612E2800,0,,48.43,1,0,1
B022,2021-05-01 15:00:00,0,612E2790,0,,61.84,1,0,1
B022,2021-05-01 15:00:00,1,612E2800,0,,48.43,1,0,1
B022,2021-05-01 16:00:00,0,612E2790,0,,61.84,1,0,1
B022,2021-05-01 16:00:00,1,612E2800,0,,48.43,1,0,1
B022,2021-05-01 17:00:00,0,612E2790,0,,61.83,1,0,1
B022,2021-05-01 17:00:00,1,612E2800,0,,,1,0,0
B022,2021-05-01 18:00:00,0,612E2790,0,,61.83,1,0,1
B022,2021-05-01 18:00:00,1,612E2800,0,,48.44,1,0,1
B022,2021-05-01 19:00:00,0,612E2790,0,,61.82,1,0,1
B022,2021-05-01 19:00:00,1,612E2800,0,,48.44,1,0,1
B022,2021-05-01 20:00:00,0,612E2790,0,,61.82,1,0,1
B022,2021-05-01 20:00:00,1,612E2800,0,,48.43,1,0,1
B022,2021-05-01 21:00:00,0,612E2790,0,,61.82,1,0,1
B022,2021-05-01 21:00:00,1,612E2800,0,,48.42,1,0,1
B022,2021-05-01 22:00:00,0,612E2790,0,,61.81,1,0,1
B022,2021-05-01 22:00:00,1,612E2800,0,,48.42,1,0,1
B022,2021-05-01 23:00:00,0,612E2790,0,,61.81,1,0,1
B022,2021-05-01 23:00:00,1,612E2800,0,,48.42,1,0,1
B022,2021-05-02 00:00:00,0,612E2790,0,,61.82,1,0,1
B022,2021-05-02 00:00:00,1,612E2800,0,,48.42,1,0,1
B022,2021-05-02 01:00:00,0,612E2790,0,,61.81,1,0,1
B022,2021-05-02 01:00:00,1,612E2800,0,,48.42,1,0,1
B022,2021-05-02 02:00:00,0,612E2790,0,,61.81,1,0,1
B022,2021-05-02 02:00:00,1,612E2800,0,,48.42,1,0,1
B022,2021-05-02 03:00:00,0,612E2790,0,,61.81,1,0,1
B022,2021-05-02 03:00:00,1,612E2800,0,,48.42,1,0,1
B022,2021-05-02 04:00:00,0,612E2790,0,,61.81,1,0,1
B022,2021-05-02 04:00:00,1,612E2800,0,,48.42,1,0,1
B022,2021-05-02 05:00:00,0,612E2790,0,,61.81,1,0,1
B022,2021-05-02 05:00:00,1,612E2800,0,,48.42,1,0,1
B022,2021-05-02 06:00:00,0,612E2790,0,,61.81,1,0,1
B022,2021-05-02 06:00:00,1,612E2800,0,,48.42,1,0,1
B022,2021-05-02 07:00:00,0,612E2790,0,,61.81,1,0,1
B022,2021-05-02 07:00:00,1,612E2800,0,,48.42,1,0,1
B022,2021-05-02 08:00:00,0,612E2790,0,,61.82,1,0,1
B022,2021-05-02 08:00:00,1,612E2800,0,,48.41,1,0,1
B022,2021-05-02 09:00:00,0,612E2790,0,,61.81,1,0,1
B022,2021-05-02 09:00:00,1,612E2800,0,,48.41,1,0,1
B022,2021-05-02 10:00:00,0,612E2790,0,,61.81,1,0,1
B022,2021-05-02 10:00:00,1,612E2800,0,,48.41,1,0,1
B022,2021-05-02 11:00:00,0,612E2790,0,,61.81,1,0,1
B022,2021-05-02 11:00:00,1,612E2800,0,,48.41,1,0,1
B022,2021-05-02 12:00:00,0,612E2790,0,,61.81,1,0,1
B022,2021-05-02 12:00:00,1,612E2800,0,,48.41,1,0,1
B022,2021-05-02 13:00:00,0,612E2790,0,,,1,0,0
B022,2021-05-02 13:00:00,1,612E2800,0,,48.41,1,0,1
B022,2021-05-02 14:00:00,0,612E2790,0,,61.81,1,0,1
B022,2021-05-02 14:00:00,1,612E2800,0,,48.41,1,0,1
B022,2021-05-02 15:00:00,0,612E2790,0,,,1,0,0
B022,2021-05-02 15:00:00,1,612E2800,0,,48.41,1,0,1
B022,2021-05-02 16:00:00,0,612E2790,0,,,1,0,0
B022,2021-05-02 16:00:00,1,612E2800,0,,48.41,1,0,1
B022,2021-05-02 17:00:00,0,612E2790,0,,61.8,1,0,1
B022,2021-05-02 17:00:00,1,612E2800,0,,48.4,1,0,1
B022,2021-05-02 18:00:00,0,612E2790,0,,61.8,1,0,1
B022,2021-05-02 18:00:00,1,612E2800,0,,48.4,1,0,1
B022,2021-05-02 19:00:00,0,612E2790,0,,61.79,1,0,1
B022,2021-05-02 19:00:00,1,612E2800,0,,48.4,1,0,1
B022,2021-05-02 20:00:00,0,612E2790,0,,61.79,1,0,1
B022,2021-05-02 20:00:00,1,612E2800,0,,48.4,1,0,1
B022,2021-05-02 21:00:00,0,612E2790,0,,61.79,1,0,1
B022,2021-05-02 21:00:00,1,612E2800,0,,48.4,1,0,1
B022,2021-05-02 22:00:00,0,612E2790,0,,61.79,1,0,1
B022,2021-05-02 22:00:00,1,612E2800,0,,48.4,1,0,1
B022,2021-05-02 23:00:00,0,612E2790,0,,61.79,1,0,1
B022,2021-05-02 23:00:00,1,612E2800,0,,48.4,1,0,1
B022,2021-05-03 00:00:00,0,612E2790,0,,61.83,1,0,1
B022,2021-05-03 00:00:00,1,612E2800,0,,,1,0,0
B022,2021-05-03 01:00:00,0,612E2790,0,,61.85,1,0,1
B022,2021-05-03 01:00:00,1,612E2800,0,,48.4,1,0,1
B022,2021-05-03 02:00:00,0,612E2790,0,,61.85,1,0,1
B022,2021-05-03 02:00:00,1,612E2800,0,,48.4,1,0,1
B022,2021-05-03 03:00:00,0,612E2790,0,,61.85,1,0,1
B022,2021-05-03 03:00:00,1,612E2800,0,,48.41,1,0,1
B022,2021-05-03 04:00:00,0,612E2790,0,,61.85,1,0,1
B022,2021-05-03 04:00:00,1,612E2800,0,,48.42,1,0,1
B022,2021-05-03 05:00:00,0,612E2790,0,,61.85,1,0,1
B022,2021-05-03 05:00:00,1,612E2800,0,,48.42,1,0,1
B022,2021-05-03 06:00:00,0,612E2790,0,,61.84,1,0,1
B022,2021-05-03 06:00:00,1,612E2800,0,,48.42,1,0,1
B022,2021-05-03 07:00:00,0,612E2790,0,,61.83,1,0,1
B022,2021-05-03 07:00:00,1,612E2800,0,,48.42,1,0,1
B022,2021-05-03 08:00:00,0,612E2790,0,,61.83,1,0,1
B022,2021-05-03 08:00:00,1,612E2800,0,,48.42,1,0,1
B022,2021-05-03 09:00:00,0,612E2790,0,,61.82,1,0,1
B022,2021-05-03 09:00:00,1,612E2800,0,,48.42,1,0,1
B022,2021-05-03 10:00:00,0,612E2790,0,,61.83,1,0,1
B022,2021-05-03 10:00:00,1,612E2800,0,,48.42,1,0,1
B022,2021-05-03 11:00:00,0,612E2790,0,,61.83,1,0,1
B022,2021-05-03 11:00:00,1,612E2800,0,,48.42,1,0,1
B022,2021-05-03 12:00:00,0,612E2790,0,,61.83,1,0,1
B022,2021-05-03 12:00:00,1,612E2800,0,,48.42,1,0,1
B022,2021-05-03 13:00:00,0,612E2790,0,,61.83,1,0,1
B022,2021-05-03 13:00:00,1,612E2800,0,,48.41,1,0,1
B022,2021-05-03 14:00:00,0,612E2790,3.014669099,,61.83,1,0,1
B022,2021-05-03 14:00:00,1,612E2800,4.626554303,,48.41,1,0,1
B022,2021-05-03 15:00:00,0,612E2790,0.618969966,,61.91,1,0,1
B022,2021-05-03 15:00:00,1,612E2800,0.04821583675,,48.41,1,0,1
B022,2021-05-03 16:00:00,0,612E2790,0,,62.07,1,0,1
B022,2021-05-03 16:00:00,1,612E2800,0,,48.43,1,0,1
B022,2021-05-03 17:00:00,0,612E2790,0,,62.13,1,0,1
B022,2021-05-03 17:00:00,1,612E2800,0,,48.47,1,0,1
B022,2021-05-03 18:00:00,0,612E2790,0,,62.14,1,0,1
B022,2021-05-03 18:00:00,1,612E2800,0,,48.57,1,0,1
B022,2021-05-03 19:00:00,0,612E2790,0.2218528719,,62.11,1,0,1
B022,2021-05-03 19:00:00,1,612E2800,0.4726296627,,48.65,1,0,1
B022,2021-05-03 20:00:00,0,612E2790,1.332956231,,62.06,1,0,1
B022,2021-05-03 20:00:00,1,612E2800,2.223451972,,48.65,1,0,1
B022,2021-05-03 21:00:00,0,612E2790,0.4212765013,,62.08,1,0,1
B022,2021-05-03 21:00:00,1,612E2800,0.4410505583,,48.66,1,0,1
B022,2021-05-03 22:00:00,0,612E2790,0.1035376821,,62.14,1,0,1
B022,2021-05-03 22:00:00,1,612E2800,0,,48.66,1,0,1
B022,2021-05-03 23:00:00,0,612E2790,0.0002680580448,,,1,0,0
B022,2021-05-03 23:00:00,1,612E2800,0,,48.67,1,0,1
B022,2021-05-04 00:00:00,0,612E2790,0.0002680580448,,,1,0,0
B022,2021-05-04 00:00:00,1,612E2800,0,,48.69,1,0,1
B022,2021-05-04 01:00:00,0,612E2790,0.0002680580448,,,1,0,0
B022,2021-05-04 01:00:00,1,612E2800,0,,48.7,1,0,1
B022,2021-05-04 02:00:00,0,612E2790,0,,62.17,1,0,1
B022,2021-05-04 02:00:00,1,612E2800,0,,48.71,1,0,1
B022,2021-05-04 03:00:00,0,612E2790,0,,,1,0,0
B022,2021-05-04 03:00:00,1,612E2800,0,,48.7,1,0,1
B022,2021-05-04 04:00:00,0,612E2790,0,,62.12,1,0,1
B022,2021-05-04 04:00:00,1,612E2800,0,,48.68,1,0,1
B022,2021-05-04 05:00:00,0,612E2790,0,,,1,0,0
B022,2021-05-04 05:00:00,1,612E2800,0,,48.66,1,0,1
B022,2021-05-04 06:00:00,0,612E2790,0,,,1,0,0
B022,2021-05-04 06:00:00,1,612E2800,0,,48.65,1,0,1
B022,2021-05-04 07:00:00,0,612E2790,4.970888989,,,1,0,0
B022,2021-05-04 07:00:00,1,612E2800,6.782748273,,48.63,1,0,1
B022,2021-05-04 08:00:00,0,612E2790,0,,,1,0,0
B022,2021-05-04 08:00:00,1,612E2800,0,,48.62,1,0,1
B022,2021-05-04 09:00:00,0,612E2790,0,,,1,0,0
B022,2021-05-04 09:00:00,1,612E2800,0,,48.61,1,0,1
B022,2021-05-04 10:00:00,0,612E2790,0,,62.04,1,0,1
B022,2021-05-04 10:00:00,1,612E2800,0,,48.59,1,0,1
B022,2021-05-04 11:00:00,0,612E2790,0,,,1,0,0
B022,2021-05-04 11:00:00,1,612E2800,0,,48.58,1,0,1
B022,2021-05-04 12:00:00,0,612E2790,0,,,1,0,0
B022,2021-05-04 12:00:00,1,612E2800,0,,48.57,1,0,1
B022,2021-05-04 13:00:00,0,612E2790,0,,,1,0,0
B022,2021-05-04 13:00:00,1,612E2800,0,,48.56,1,0,1
B022,2021-05-04 14:00:00,0,612E2790,0,,,1,0,0
B022,2021-05-04 14:00:00,1,612E2800,0,,48.56,1,0,1
B022,2021-05-04 15:00:00,0,612E2790,0,,,1,0,0
B022,2021-05-04 15:00:00,1,612E2800,0,,48.54,1,0,1
B022,2021-05-04 16:00:00,0,612E2790,0,,61.93,1,0,1
B022,2021-05-04 16:00:00,1,612E2800,0,,48.53,1,0,1
B022,2021-05-04 17:00:00,0,612E2790,0,,61.96,1,0,1
B022,2021-05-04 17:00:00,1,612E2800,0,,48.53,1,0,1
B022,2021-05-04 18:00:00,0,612E2790,0,,61.96,1,0,1
B022,2021-05-04 18:00:00,1,612E2800,0,,48.51,1,0,1
B022,2021-05-04 19:00:00,0,612E2790,0,,,1,0,0
B022,2021-05-04 19:00:00,1,612E2800,0,,48.5,1,0,1
B022,2021-05-04 20:00:00,0,612E2790,0,,,1,0,0
B022,2021-05-04 20:00:00,1,612E2800,0,,48.5,1,0,1
B022,2021-05-04 21:00:00,0,612E2790,0,,,1,0,0
B022,2021-05-04 21:00:00,1,612E2800,0,,48.49,1,0,1
B022,2021-05-04 22:00:00,0,612E2790,0,,61.94,1,0,1
B022,2021-05-04 22:00:00,1,612E2800,0,,48.49,1,0,1
B022,2021-05-04 23:00:00,0,612E2790,0,,,1,0,0
B022,2021-05-04 23:00:00,1,612E2800,0,,48.49,1,0,1
B022,2021-05-05 00:00:00,0,612E2790,0,,,1,0,0
B022,2021-05-05 00:00:00,1,612E2800,0,,48.49,1,0,1
B022,2021-05-05 01:00:00,0,612E2790,0,,,1,0,0
B022,2021-05-05 01:00:00,1,612E2800,0,,48.49,1,0,1
B022,2021-05-05 02:00:00,0,612E2790,0,,61.96,1,0,1
B022,2021-05-05 02:00:00,1,612E2800,0,,48.49,1,0,1
B022,2021-05-05 03:00:00,0,612E2790,0,,,1,0,0
B022,2021-05-05 03:00:00,1,612E2800,0,,48.49,1,0,1
B022,2021-05-05 04:00:00,0,612E2790,0,,61.95,1,0,1
B022,2021-05-05 04:00:00,1,612E2800,0,,48.49,1,0,1
B022,2021-05-05 05:00:00,0,612E2790,0,,61.95,1,0,1
B022,2021-05-05 05:00:00,1,612E2800,0,,48.49,1,0,1
B022,2021-05-05 06:00:00,0,612E2790,0,,61.95,1,0,1
B022,2021-05-05 06:00:00,1,612E2800,0,,48.49,1,0,1
B022,2021-05-05 07:00:00,0,612E2790,0,,61.95,1,0,1
B022,2021-05-05 07:00:00,1,612E2800,0,,48.49,1,0,1
B022,2021-05-05 08:00:00,0,612E2790,0,,61.94,1,0,1
B022,2021-05-05 08:00:00,1,612E2800,0,,48.49,1,0,1
B022,2021-05-05 09:00:00,0,612E2790,0,,61.94,1,0,1
B022,2021-05-05 09:00:00,1,612E2800,0,,48.37,1,0,1
B022,2021-05-05 10:00:00,0,612E2790,0,,61.94,1,0,1
B022,2021-05-05 10:00:00,1,612E2800,0,,48.45,1,0,1
B022,2021-05-05 11:00:00,0,612E2790,0,,61.91,1,0,1
B022,2021-05-05 11:00:00,1,612E2800,0,,48.48,1,0,1
B022,2021-05-05 12:00:00,0,612E2790,0,,61.9,1,0,1
B022,2021-05-05 12:00:00,1,612E2800,0,,48.48,1,0,1
B022,2021-05-05 13:00:00,0,612E2790,0,,61.9,1,0,1
B022,2021-05-05 13:00:00,1,612E2800,0,,48.47,1,0,1
B022,2021-05-05 14:00:00,0,612E2790,0,,61.89,1,0,1
B022,2021-05-05 14:00:00,1,612E2800,0,,48.47,1,0,1
B022,2021-05-05 15:00:00,0,612E2790,0,,61.89,1,0,1
B022,2021-05-05 15:00:00,1,612E2800,0,,48.47,1,0,1
B022,2021-05-05 16:00:00,0,612E2790,0,,61.89,1,0,1
B022,2021-05-05 16:00:00,1,612E2800,0,,48.47,1,0,1
B022,2021-05-05 17:00:00,0,612E2790,0,,61.89,1,0,1
B022,2021-05-05 17:00:00,1,612E2800,0,,48.46,1,0,1
B022,2021-05-05 18:00:00,0,612E2790,0,,61.88,1,0,1
B022,2021-05-05 18:00:00,1,612E2800,0,,48.46,1,0,1
B022,2021-05-05 19:00:00,0,612E2790,0,,61.88,1,0,1
B022,2021-05-05 19:00:00,1,612E2800,0,,48.46,1,0,1
B022,2021-05-05 20:00:00,0,612E2790,0,,61.87,1,0,1
B022,2021-05-05 20:00:00,1,612E2800,0,,,1,0,0
B022,2021-05-05 21:00:00,0,612E2790,0,,61.87,1,0,1
B022,2021-05-05 21:00:00,1,612E2800,0,,48.45,1,0,1
B022,2021-05-05 22:00:00,0,612E2790,0,,61.86,1,0,1
B022,2021-05-05 22:00:00,1,612E2800,0,,48.45,1,0,1
B022,2021-05-05 23:00:00,0,612E2790,0,,61.86,1,0,1
B022,2021-05-05 23:00:00,1,612E2800,0,,48.45,1,0,1
B022,2021-05-06 00:00:00,0,612E2790,0,,,1,0,0
B022,2021-05-06 00:00:00,1,612E2800,0,,48.45,1,0,1
B022,2021-05-06 01:00:00,0,612E2790,0,,,1,0,0
B022,2021-05-06 01:00:00,1,612E2800,0,,48.45,1,0,1
B022,2021-05-06 02:00:00,0,612E2790,0,,61.86,1,0,1
B022,2021-05-06 02:00:00,1,612E2800,0,,48.45,1,0,1
B022,2021-05-06 03:00:00,0,612E2790,0,,,1,0,0
B022,2021-05-06 03:00:00,1,612E2800,0,,48.44,1,0,1
B022,2021-05-06 04:00:00,0,612E2790,0,,61.86,1,0,1
B022,2021-05-06 04:00:00,1,612E2800,0,,48.44,1,0,1
B022,2021-05-06 05:00:00,0,612E2790,0,,,1,0,0
B022,2021-05-06 05:00:00,1,612E2800,0,,48.44,1,0,1
B022,2021-05-06 06:00:00,0,612E2790,0,,,1,0,0
B022,2021-05-06 06:00:00,1,612E2800,0,,48.44,1,0,1
B022,2021-05-06 07:00:00,0,612E2790,0,,61.87,1,0,1
B022,2021-05-06 07:00:00,1,612E2800,0,,48.44,1,0,1
B022,2021-05-06 08:00:00,0,612E2790,0,,61.85,1,0,1
B022,2021-05-06 08:00:00,1,612E2800,0,,48.44,1,0,1
B022,2021-05-08 08:00:00,0,612E2790,0,,,1,0,0
B022,2021-05-08 08:00:00,1,612E2800,0,,48.41,1,0,1
B022,2021-05-08 09:00:00,0,612E2790,0,,61.76,1,0,1
B022,2021-05-08 09:00:00,1,612E2800,0,,48.41,1,0,1
B022,2021-05-08 10:00:00,0,612E2790,0,,,1,0,0
B022,2021-05-08 10:00:00,1,612E2800,0,,48.41,1,0,1
B022,2021-05-08 11:00:00,0,612E2790,0,,,1,0,0
B022,2021-05-08 11:00:00,1,612E2800,0,,48.4,1,0,1
B022,2021-05-08 12:00:00,0,612E2790,0,,,1,0,0
B022,2021-05-08 12:00:00,1,612E2800,0,,,1,0,0
B022,2021-05-08 13:00:00,0,612E2790,0,,,1,0,0
B022,2021-05-08 13:00:00,1,612E2800,0,,48.4,1,0,1
B022,2021-05-08 14:00:00,0,612E2790,0,,61.76,1,0,1
B022,2021-05-08 14:00:00,1,612E2800,0,,48.4,1,0,1
B022,2021-05-08 15:00:00,0,612E2790,0,,61.75,1,0,1
B022,2021-05-08 15:00:00,1,612E2800,0,,48.4,1,0,1
B022,2021-05-08 16:00:00,0,612E2790,0,,,1,0,0
B022,2021-05-08 16:00:00,1,612E2800,0,,48.39,1,0,1
B022,2021-05-08 17:00:00,0,612E2790,0,,61.74,1,0,1
B022,2021-05-08 17:00:00,1,612E2800,0,,48.39,1,0,1
B022,2021-05-08 18:00:00,0,612E2790,0,,,1,0,0
B022,2021-05-08 18:00:00,1,612E2800,0,,48.38,1,0,1
B022,2021-05-08 19:00:00,0,612E2790,0,,,1,0,0
B022,2021-05-08 19:00:00,1,612E2800,0,,,1,0,0
B022,2021-05-08 20:00:00,0,612E2790,0,,,1,0,0
B022,2021-05-08 20:00:00,1,612E2800,0,,48.37,1,0,1
B022,2021-05-08 21:00:00,0,612E2790,0,,,1,0,0
B022,2021-05-08 21:00:00,1,612E2800,0,,48.37,1,0,1
B022,2021-05-08 22:00:00,0,612E2790,0,,61.73,1,0,1
B022,2021-05-08 22:00:00,1,612E2800,0,,48.37,1,0,1
B022,2021-05-08 23:00:00,0,612E2790,0,,,1,0,0
B022,2021-05-08 23:00:00,1,612E2800,0,,48.37,1,0,1
B022,2021-05-09 00:00:00,0,612E2790,0,,61.73,1,0,1
B022,2021-05-09 00:00:00,1,612E2800,0,,48.37,1,0,1
B022,2021-05-09 01:00:00,0,612E2790,0,,,1,0,0
B022,2021-05-09 01:00:00,1,612E2800,0,,48.37,1,0,1
B022,2021-05-09 02:00:00,0,612E2790,0,,,1,0,0
B022,2021-05-09 02:00:00,1,612E2800,0,,48.37,1,0,1
B022,2021-05-09 03:00:00,0,612E2790,0,,,1,0,0
B022,2021-05-09 03:00:00,1,612E2800,0,,,1,0,0
B022,2021-05-09 04:00:00,0,612E2790,0,,,1,0,0
B022,2021-05-09 04:00:00,1,612E2800,0,,48.37,1,0,1
B022,2021-05-09 05:00:00,0,612E2790,0,,,1,0,0
B022,2021-05-09 05:00:00,1,612E2800,0,,48.37,1,0,1
B022,2021-05-09 06:00:00,0,612E2790,0,,,1,0,0
B022,2021-05-09 06:00:00,1,612E2800,0,,48.37,1,0,1
B022,2021-05-09 07:00:00,0,612E2790,0,,61.74,1,0,1
B022,2021-05-09 07:00:00,1,612E2800,0,,48.37,1,0,1
B022,2021-05-09 08:00:00,0,612E2790,0,,,1,0,0
B022,2021-05-09 08:00:00,1,612E2800,0,,48.37,1,0,1
B022,2021-05-09 09:00:00,0,612E2790,0,,,1,0,0
B022,2021-05-09 09:00:00,1,612E2800,0,,48.37,1,0,1
B022,2021-05-09 10:00:00,0,612E2790,0,,,1,0,0
B022,2021-05-09 10:00:00,1,612E2800,0,,48.37,1,0,1
B022,2021-05-09 11:00:00,0,612E2790,0,,,1,0,0
B022,2021-05-09 11:00:00,1,612E2800,0,,48.37,1,0,1
B022,2021-05-09 12:00:00,0,612E2790,0,,61.75,1,0,1
B022,2021-05-09 12:00:00,1,612E2800,0,,48.37,1,0,1
B022,2021-05-09 13:00:00,0,612E2790,0,,61.75,1,0,1
B022,2021-05-09 13:00:00,1,612E2800,0,,48.37,1,0,1
B022,2021-05-09 14:00:00,0,612E2790,0,,61.75,1,0,1
B022,2021-05-09 14:00:00,1,612E2800,0,,48.37,1,0,1
B022,2021-05-09 15:00:00,0,612E2790,0,,61.75,1,0,1
B022,2021-05-09 15:00:00,1,612E2800,0,,48.37,1,0,1
B022,2021-05-09 16:00:00,0,612E2790,0,,61.75,1,0,1
B022,2021-05-09 16:00:00,1,612E2800,0,,48.37,1,0,1
B022,2021-05-09 17:00:00,0,612E2790,0,,61.75,1,0,1
B022,2021-05-09 17:00:00,1,612E2800,0,,48.37,1,0,1
B022,2021-05-09 18:00:00,0,612E2790,0,,61.75,1,0,1
B022,2021-05-09 18:00:00,1,612E2800,0,,48.37,1,0,1
B022,2021-05-09 19:00:00,0,612E2790,0,,61.75,1,0,1
B022,2021-05-09 19:00:00,1,612E2800,0,,48.37,1,0,1
B022,2021-05-09 20:00:00,0,612E2790,0,,61.75,1,0,1
B022,2021-05-09 20:00:00,1,612E2800,0,,48.34,1,0,1
B022,2021-05-09 21:00:00,0,612E2790,0,,61.75,1,0,1
B022,2021-05-09 21:00:00,1,612E2800,0,,48.33,1,0,1
B022,2021-05-09 22:00:00,0,612E2790,0,,,1,0,0
B022,2021-05-09 22:00:00,1,612E2800,0,,48.35,1,0,1
B022,2021-05-09 23:00:00,0,612E2790,0,,61.75,1,0,1
B022,2021-05-09 23:00:00,1,612E2800,0,,48.37,1,0,1
B022,2021-05-10 00:00:00,0,612E2790,0,,,1,0,0
B022,2021-05-10 00:00:00,1,612E2800,0,,48.37,1,0,1
B022,2021-05-10 01:00:00,0,612E2790,0,,61.75,1,0,1
B022,2021-05-10 01:00:00,1,612E2800,0,,48.37,1,0,1
B022,2021-05-10 02:00:00,0,612E2790,0,,61.75,1,0,1
B022,2021-05-10 02:00:00,1,612E2800,0,,48.37,1,0,1
B022,2021-05-10 03:00:00,0,612E2790,0,,61.75,1,0,1
B022,2021-05-10 03:00:00,1,612E2800,0,,48.37,1,0,1
B022,2021-05-10 04:00:00,0,612E2790,0,,,1,0,0
B022,2021-05-10 04:00:00,1,612E2800,0,,48.37,1,0,1
B022,2021-05-10 05:00:00,0,612E2790,0,,,1,0,0
B022,2021-05-10 05:00:00,1,612E2800,0,,48.37,1,0,1
B022,2021-05-10 06:00:00,0,612E2790,0,,61.74,1,0,1
B022,2021-05-10 06:00:00,1,612E2800,0,,48.37,1,0,1
B022,2021-05-10 07:00:00,0,612E2790,0,,61.74,1,0,1
B022,2021-05-10 07:00:00,1,612E2800,0,,48.37,1,0,1
B022,2021-05-10 08:00:00,0,612E2790,0.03879211974,,61.74,1,0,1
B022,2021-05-10 08:00:00,1,612E2800,0,,48.37,1,0,1
B022,2021-05-10 09:00:00,0,612E2790,0.05459662638,,61.74,1,0,1
B022,2021-05-10 09:00:00,1,612E2800,0,,48.37,1,0,1
B022,2021-05-10 10:00:00,0,612E2790,0,,61.73,1,0,1
B022,2021-05-10 10:00:00,1,612E2800,0,,48.37,1,0,1
B022,2021-05-10 11:00:00,0,612E2790,0.03879211974,,61.74,1,0,1
B022,2021-05-10 11:00:00,1,612E2800,0.06736664502,,48.37,1,0,1
B022,2021-05-10 12:00:00,0,612E2790,0,,,1,0,0
B022,2021-05-10 12:00:00,1,612E2800,0,,48.37,1,0,1
B022,2021-05-10 13:00:00,0,612E2790,0.07097289238,,,1,0,0
B022,2021-05-10 13:00:00,1,612E2800,0.04390673011,,48.37,1,0,1
B022,2021-05-10 14:00:00,0,612E2790,0,,61.79,1,0,1
B022,2021-05-10 14:00:00,1,612E2800,0,,48.37,1,0,1
B022,2021-05-10 15:00:00,0,612E2790,0,,61.77,1,0,1
B022,2021-05-10 15:00:00,1,612E2800,0.02803443091,,48.37,1,0,1
B022,2021-05-10 16:00:00,0,612E2790,0,,61.76,1,0,1
B022,2021-05-10 16:00:00,1,612E2800,0,,48.38,1,0,1
B022,2021-05-10 17:00:00,0,612E2790,0,,,1,0,0
B022,2021-05-10 17:00:00,1,612E2800,0,,48.39,1,0,1
B022,2021-05-10 18:00:00,0,612E2790,0,,61.73,1,0,1
B022,2021-05-10 18:00:00,1,612E2800,0,,48.39,1,0,1
B022,2021-05-10 19:00:00,0,612E2790,0,,61.73,1,0,1
B022,2021-05-10 19:00:00,1,612E2800,0,,48.39,1,0,1
B022,2021-05-10 20:00:00,0,612E2790,0.005775825248,,61.73,1,0,1
B022,2021-05-10 20:00:00,1,612E2800,0.07919600202,,48.38,1,0,1
B022,2021-05-10 21:00:00,0,612E2790,1.126793579,,,1,0,0
B022,2021-05-10 21:00:00,1,612E2800,0.3546330204,,48.37,1,0,1
B022,2021-05-10 22:00:00,0,612E2790,1.112808736,,61.73,1,0,1
B022,2021-05-10 22:00:00,1,612E2800,5.503925851,,48.37,1,0,1
B022,2021-05-10 23:00:00,0,612E2790,4.521562726,,61.92,1,0,1
B022,2021-05-10 23:00:00,1,612E2800,1.860420962,,48.42,1,0,1
B022,2021-05-11 00:00:00,0,612E2790,0.287288353,,,1,0,0
B022,2021-05-11 00:00:00,1,612E2800,0,,48.47,1,0,1
B022,2021-05-11 01:00:00,0,612E2790,0,,62.23,1,0,1
B022,2021-05-11 01:00:00,1,612E2800,0.02803443091,,48.54,1,0,1
B022,2021-05-11 02:00:00,0,612E2790,0,,,1,0,0
B022,2021-05-11 02:00:00,1,612E2800,0.02803443091,,48.74,1,0,1
B022,2021-05-11 03:00:00,0,612E2790,0.03906017779,,,1,0,0
B022,2021-05-11 03:00:00,1,612E2800,0,,48.77,1,0,1
B022,2021-05-11 04:00:00,0,612E2790,0.3584870624,,62.18,1,0,1
B022,2021-05-11 04:00:00,1,612E2800,0.158392004,,48.74,1,0,1
B022,2021-05-11 05:00:00,0,612E2790,0.07072042355,,,1,0,0
B022,2021-05-11 05:00:00,1,612E2800,0.1632992948,,48.71,1,0,1
B022,2021-05-11 06:00:00,0,612E2790,0.1518690329,,62.22,1,0,1
B022,2021-05-11 06:00:00,1,612E2800,0.2375880061,,48.73,1,0,1
B022,2021-05-11 07:00:00,0,612E2790,4.865042968,,,1,0,0
B022,2021-05-11 07:00:00,1,612E2800,0.4221326094,,48.75,1,0,1
B022,2021-05-11 08:00:00,0,612E2790,0.1992180974,,62.15,1,0,1
B022,2021-05-11 08:00:00,1,612E2800,0.09540107593,,48.73,1,0,1
B022,2021-05-11 09:00:00,0,612E2790,0.736214458,,,1,0,0
B022,2021-05-11 09:00:00,1,612E2800,0.03608701017,,48.7,1,0,1
B022,2021-05-11 10:00:00,0,612E2790,0.07758423948,,62.12,1,0,1
B022,2021-05-11 10:00:00,1,612E2800,0.02803443091,,,1,0,0
B022,2021-05-11 11:00:00,0,612E2790,0.5081499745,,62.12,1,0,1
B022,2021-05-11 11:00:00,1,612E2800,0.004042942194,,48.67,1,0,1
B022,2021-05-11 12:00:00,0,612E2790,0.1195412247,,,1,0,0
B022,2021-05-11 12:00:00,1,612E2800,0,,48.66,1,0,1
B022,2021-05-11 13:00:00,0,612E2790,0.03906017779,,62.12,1,0,1
B022,2021-05-11 13:00:00,1,612E2800,0,,48.66,1,0,1
B022,2021-05-11 14:00:00,0,612E2790,0.0002680580448,,,1,0,0
B022,2021-05-11 14:00:00,1,612E2800,0,,48.66,1,0,1
B022,2021-05-11 15:00:00,0,612E2790,0,,62.09,1,0,1
B022,2021-05-11 15:00:00,1,612E2800,0,,48.65,1,0,1
B022,2021-05-11 16:00:00,0,612E2790,0,,62.07,1,0,1
B022,2021-05-11 16:00:00,1,612E2800,0,,48.64,1,0,1
B022,2021-05-11 17:00:00,0,612E2790,0,,62.05,1,0,1
B022,2021-05-11 17:00:00,1,612E2800,0,,48.63,1,0,1
B022,2021-05-11 18:00:00,0,612E2790,0,,,1,0,0
B022,2021-05-11 18:00:00,1,612E2800,0,,48.61,1,0,1
B022,2021-05-11 19:00:00,0,612E2790,0,,62.03,1,0,1
B022,2021-05-11 19:00:00,1,612E2800,0,,48.6,1,0,1
B022,2021-05-11 20:00:00,0,612E2790,0,,62.02,1,0,1
B022,2021-05-11 20:00:00,1,612E2800,0,,48.59,1,0,1
B022,2021-05-11 21:00:00,0,612E2790,0,,62,1,0,1
B022,2021-05-11 21:00:00,1,612E2800,0,,48.58,1,0,1
B022,2021-05-11 22:00:00,0,612E2790,0,,,1,0,0
B022,2021-05-11 22:00:00,1,612E2800,0,,48.57,1,0,1
B022,2021-05-11 23:00:00,0,612E2790,0,,,1,0,0
B022,2021-05-11 23:00:00,1,612E2800,0,,48.57,1,0,1
B022,2021-05-12 00:00:00,0,612E2790,0,,61.97,1,0,1
B022,2021-05-12 00:00:00,1,612E2800,0,,48.55,1,0,1
B022,2021-05-12 01:00:00,0,612E2790,0,,,1,0,0
B022,2021-05-12 01:00:00,1,612E2800,0,,48.54,1,0,1
B022,2021-05-12 02:00:00,0,612E2790,0,,61.95,1,0,1
B022,2021-05-12 02:00:00,1,612E2800,0,,48.53,1,0,1
B022,2021-05-12 03:00:00,0,612E2790,0,,,1,0,0
B022,2021-05-12 03:00:00,1,612E2800,0,,48.53,1,0,1
B022,2021-05-12 04:00:00,0,612E2790,0,,61.94,1,0,1
B022,2021-05-12 04:00:00,1,612E2800,0,,48.53,1,0,1
B022,2021-05-12 05:00:00,0,612E2790,0,,61.93,1,0,1
B022,2021-05-12 05:00:00,1,612E2800,0,,48.52,1,0,1
B022,2021-05-12 06:00:00,0,612E2790,0,,61.92,1,0,1
B022,2021-05-12 06:00:00,1,612E2800,0,,48.51,1,0,1
B022,2021-05-12 07:00:00,0,612E2790,1.288538626,,61.92,1,0,1
B022,2021-05-12 07:00:00,1,612E2800,0.1517361022,,48.51,1,0,1
B022,2021-05-12 08:00:00,0,612E2790,0,,61.91,1,0,1
B022,2021-05-12 08:00:00,1,612E2800,0,,48.5,1,0,1
B022,2021-05-12 09:00:00,0,612E2790,0,,61.91,1,0,1
B022,2021-05-12 09:00:00,1,612E2800,0,,48.5,1,0,1
B022,2021-05-12 10:00:00,0,612E2790,0,,61.9,1,0,1
B022,2021-05-12 10:00:00,1,612E2800,0,,48.5,1,0,1
B022,2021-05-12 11:00:00,0,612E2790,0,,61.9,1,0,1
B022,2021-05-12 11:00:00,1,612E2800,0,,48.5,1,0,1
B022,2021-05-12 12:00:00,0,612E2790,0,,61.89,1,0,1
B022,2021-05-12 12:00:00,1,612E2800,0,,48.49,1,0,1
B022,2021-05-12 13:00:00,0,612E2790,0,,61.89,1,0,1
B022,2021-05-12 13:00:00,1,612E2800,0,,48.49,1,0,1
B022,2021-05-12 14:00:00,0,612E2790,0,,,1,0,0
B022,2021-05-12 14:00:00,1,612E2800,0,,48.49,1,0,1
B022,2021-05-12 15:00:00,0,612E2790,0,,61.89,1,0,1
B022,2021-05-12 15:00:00,1,612E2800,0,,48.48,1,0,1
B022,2021-05-12 16:00:00,0,612E2790,0,,61.88,1,0,1
B022,2021-05-12 16:00:00,1,612E2800,0,,48.48,1,0,1
B022,2021-05-12 17:00:00,0,612E2790,0,,,1,0,0
B022,2021-05-12 17:00:00,1,612E2800,0,,48.48,1,0,1
B022,2021-05-12 18:00:00,0,612E2790,0,,61.87,1,0,1
B022,2021-05-12 18:00:00,1,612E2800,0,,48.47,1,0,1
B022,2021-05-12 19:00:00,0,612E2790,0,,,1,0,0
B022,2021-05-12 19:00:00,1,612E2800,0,,48.47,1,0,1
B022,2021-05-12 20:00:00,0,612E2790,0,,61.86,1,0,1
B022,2021-05-12 20:00:00,1,612E2800,0,,48.47,1,0,1
B022,2021-05-12 21:00:00,0,612E2790,0,,61.86,1,0,1
B022,2021-05-12 21:00:00,1,612E2800,0,,48.47,1,0,1
B022,2021-05-12 22:00:00,0,612E2790,0,,61.86,1,0,1
B022,2021-05-12 22:00:00,1,612E2800,0,,48.46,1,0,1
B022,2021-05-12 23:00:00,0,612E2790,0,,61.85,1,0,1
B022,2021-05-12 23:00:00,1,612E2800,0,,48.46,1,0,1
B022,2021-05-13 00:00:00,0,612E2790,0,,61.85,1,0,1
B022,2021-05-13 00:00:00,1,612E2800,0,,48.46,1,0,1
B022,2021-05-13 01:00:00,0,612E2790,0,,61.85,1,0,1
B022,2021-05-13 01:00:00,1,612E2800,0,,48.46,1,0,1
B022,2021-05-13 02:00:00,0,612E2790,0,,61.85,1,0,1
B022,2021-05-13 02:00:00,1,612E2800,0,,48.45,1,0,1
B022,2021-05-13 03:00:00,0,612E2790,0,,61.85,1,0,1
B022,2021-05-13 03:00:00,1,612E2800,0,,48.45,1,0,1
B022,2021-05-13 04:00:00,0,612E2790,0,,61.84,1,0,1
B022,2021-05-13 04:00:00,1,612E2800,0,,48.45,1,0,1
B022,2021-05-13 05:00:00,0,612E2790,0,,61.84,1,0,1
B022,2021-05-13 05:00:00,1,612E2800,0,,48.45,1,0,1
B022,2021-05-13 06:00:00,0,612E2790,0,,61.84,1,0,1
B022,2021-05-13 06:00:00,1,612E2800,0,,48.45,1,0,1
B022,2021-05-13 07:00:00,0,612E2790,0.02966881375,,61.84,1,0,1
B022,2021-05-13 07:00:00,1,612E2800,0,,48.45,1,0,1
B022,2021-05-13 08:00:00,0,612E2790,0.09312068808,,61.84,1,0,1
B022,2021-05-13 08:00:00,1,612E2800,0,,48.45,1,0,1
B022,2021-05-13 09:00:00,0,612E2790,0.2704590479,,61.84,1,0,1
B022,2021-05-13 09:00:00,1,612E2800,0.1786400201,,48.45,1,0,1
B022,2021-05-13 10:00:00,0,612E2790,0.02615247856,,61.84,1,0,1
B022,2021-05-13 10:00:00,1,612E2800,0.06736664502,,48.45,1,0,1
B022,2021-05-13 11:00:00,0,612E2790,0.005775825248,,61.84,1,0,1
B022,2021-05-13 11:00:00,1,612E2800,0.01182935701,,48.45,1,0,1
B022,2021-05-13 12:00:00,0,612E2790,0,,61.84,1,0,1
B022,2021-05-13 12:00:00,1,612E2800,0,,48.45,1,0,1
B022,2021-05-13 13:00:00,0,612E2790,0,,61.84,1,0,1
B022,2021-05-13 13:00:00,1,612E2800,0,,48.45,1,0,1
B022,2021-05-13 14:00:00,0,612E2790,0,,61.84,1,0,1
B022,2021-05-13 14:00:00,1,612E2800,0,,48.45,1,0,1
B022,2021-05-13 15:00:00,0,612E2790,0,,61.84,1,0,1
B022,2021-05-13 15:00:00,1,612E2800,0,,48.45,1,0,1
B022,2021-05-13 16:00:00,0,612E2790,0,,61.84,1,0,1
B022,2021-05-13 16:00:00,1,612E2800,0,,48.45,1,0,1
B022,2021-05-13 17:00:00,0,612E2790,0,,,1,0,0
B022,2021-05-13 17:00:00,1,612E2800,0,,48.45,1,0,1
B022,2021-05-13 18:00:00,0,612E2790,0,,61.83,1,0,1
B022,2021-05-13 18:00:00,1,612E2800,0,,48.45,1,0,1
B022,2021-05-13 19:00:00,0,612E2790,0,,,1,0,0
B022,2021-05-13 19:00:00,1,612E2800,0,,48.45,1,0,1
B022,2021-05-13 20:00:00,0,612E2790,0,,61.82,1,0,1
B022,2021-05-13 20:00:00,1,612E2800,0,,48.44,1,0,1
B022,2021-05-13 21:00:00,0,612E2790,0,,61.82,1,0,1
B022,2021-05-13 21:00:00,1,612E2800,0,,48.44,1,0,1
B022,2021-05-13 22:00:00,0,612E2790,0,,61.82,1,0,1
B022,2021-05-13 22:00:00,1,612E2800,0,,48.44,1,0,1
B022,2021-05-13 23:00:00,0,612E2790,0,,,1,0,0
B022,2021-05-13 23:00:00,1,612E2800,0,,,1,0,0
B022,2021-05-14 00:00:00,0,612E2790,0,,,1,0,0
B022,2021-05-14 00:00:00,1,612E2800,0,,48.44,1,0,1
B022,2021-05-14 01:00:00,0,612E2790,0,,,1,0,0
B022,2021-05-14 01:00:00,1,612E2800,0,,48.44,1,0,1
B022,2021-05-14 02:00:00,0,612E2790,0,,,1,0,0
B022,2021-05-14 02:00:00,1,612E2800,0,,48.44,1,0,1
B022,2021-05-14 03:00:00,0,612E2790,0,,61.81,1,0,1
B022,2021-05-14 03:00:00,1,612E2800,0,,48.44,1,0,1
B022,2021-05-14 04:00:00,0,612E2790,0,,61.81,1,0,1
B022,2021-05-14 04:00:00,1,612E2800,0,,48.44,1,0,1
B022,2021-05-14 05:00:00,0,612E2790,0,,61.81,1,0,1
B022,2021-05-14 05:00:00,1,612E2800,0,,48.43,1,0,1
B022,2021-05-14 06:00:00,0,612E2790,0,,61.81,1,0,1
B022,2021-05-14 06:00:00,1,612E2800,0,,48.43,1,0,1
B022,2021-05-14 07:00:00,0,612E2790,0.2204345682,,61.81,1,0,1
B022,2021-05-14 07:00:00,1,612E2800,0.2341773082,,48.43,1,0,1
B022,2021-05-14 08:00:00,0,612E2790,0,,,1,0,0
B022,2021-05-14 08:00:00,1,612E2800,0,,48.43,1,0,1
B022,2021-05-14 09:00:00,0,612E2790,0,,,1,0,0
B022,2021-05-14 09:00:00,1,612E2800,0,,48.43,1,0,1
B022,2021-05-14 10:00:00,0,612E2790,0,,,1,0,0
B022,2021-05-14 10:00:00,1,612E2800,0,,48.43,1,0,1
B022,2021-05-14 11:00:00,0,612E2790,0,,,1,0,0
B022,2021-05-14 11:00:00,1,612E2800,0,,48.43,1,0,1
B022,2021-05-14 12:00:00,0,612E2790,0,,,1,0,0
B022,2021-05-14 12:00:00,1,612E2800,0,,48.43,1,0,1
B022,2021-05-14 13:00:00,0,612E2790,0,,61.8,1,0,1
B022,2021-05-14 13:00:00,1,612E2800,0,,48.43,1,0,1
B022,2021-05-14 14:00:00,0,612E2790,0,,,1,0,0
B022,2021-05-14 14:00:00,1,612E2800,0,,48.42,1,0,1
B022,2021-05-14 15:00:00,0,612E2790,0,,,1,0,0
B022,2021-05-14 15:00:00,1,612E2800,0,,48.42,1,0,1
B022,2021-05-14 16:00:00,0,612E2790,0,,61.79,1,0,1
B022,2021-05-14 16:00:00,1,612E2800,0,,48.42,1,0,1
B022,2021-05-14 17:00:00,0,612E2790,0,,61.78,1,0,1
B022,2021-05-14 17:00:00,1,612E2800,0,,48.42,1,0,1
B022,2021-05-14 18:00:00,0,612E2790,0,,61.78,1,0,1
B022,2021-05-14 18:00:00,1,612E2800,0,,48.42,1,0,1
B022,2021-05-14 19:00:00,0,612E2790,0,,61.78,1,0,1
B022,2021-05-14 19:00:00,1,612E2800,0,,48.41,1,0,1
B022,2021-05-14 20:00:00,0,612E2790,0,,61.77,1,0,1
B022,2021-05-14 20:00:00,1,612E2800,0,,48.41,1,0,1
B022,2021-05-14 21:00:00,0,612E2790,0,,61.77,1,0,1
B022,2021-05-14 21:00:00,1,612E2800,0,,48.41,1,0,1
B022,2021-05-14 22:00:00,0,612E2790,0,,61.77,1,0,1
B022,2021-05-14 22:00:00,1,612E2800,0,,48.41,1,0,1
B022,2021-05-14 23:00:00,0,612E2790,0,,61.77,1,0,1
B022,2021-05-14 23:00:00,1,612E2800,0,,48.4,1,0,1
B022,2021-05-15 00:00:00,0,612E2790,0,,61.77,1,0,1
B022,2021-05-15 00:00:00,1,612E2800,0,,48.4,1,0,1
B022,2021-05-15 01:00:00,0,612E2790,0,,61.77,1,0,1
B022,2021-05-15 01:00:00,1,612E2800,0,,48.4,1,0,1
B022,2021-05-15 02:00:00,0,612E2790,0,,61.77,1,0,1
B022,2021-05-15 02:00:00,1,612E2800,0,,,1,0,0
B022,2021-05-15 03:00:00,0,612E2790,0,,61.77,1,0,1
B022,2021-05-15 03:00:00,1,612E2800,0,,48.4,1,0,1
B022,2021-05-15 04:00:00,0,612E2790,0,,61.77,1,0,1
B022,2021-05-15 04:00:00,1,612E2800,0,,48.4,1,0,1
B022,2021-05-15 05:00:00,0,612E2790,0,,61.76,1,0,1
B022,2021-05-15 05:00:00,1,612E2800,0,,48.4,1,0,1
B022,2021-05-15 06:00:00,0,612E2790,0,,61.77,1,0,1
B022,2021-05-15 06:00:00,1,612E2800,0,,48.4,1,0,1
B022,2021-05-15 07:00:00,0,612E2790,0,,61.77,1,0,1
B022,2021-05-15 07:00:00,1,612E2800,0,,48.4,1,0,1
B022,2021-05-15 08:00:00,0,612E2790,0,,61.77,1,0,1
B022,2021-05-15 08:00:00,1,612E2800,0,,48.4,1,0,1
B022,2021-05-15 09:00:00,0,612E2790,0,,61.77,1,0,1
B022,2021-05-15 09:00:00,1,612E2800,0,,48.4,1,0,1
B022,2021-05-15 10:00:00,0,612E2790,0,,61.77,1,0,1
B022,2021-05-15 10:00:00,1,612E2800,0,,48.4,1,0,1
B022,2021-05-15 11:00:00,0,612E2790,0,,61.76,1,0,1
B022,2021-05-15 11:00:00,1,612E2800,0,,48.4,1,0,1
B022,2021-05-15 12:00:00,0,612E2790,0,,61.74,1,0,1
B022,2021-05-15 12:00:00,1,612E2800,0,,48.4,1,0,1
B022,2021-05-15 13:00:00,0,612E2790,0,,61.73,1,0,1
B022,2021-05-15 13:00:00,1,612E2800,0,,48.4,1,0,1
B022,2021-05-15 14:00:00,0,612E2790,0.0115516505,,61.73,1,0,1
B022,2021-05-15 14:00:00,1,612E2800,0.4278585841,,48.4,1,0,1
B022,2021-05-15 15:00:00,0,612E2790,0,,,1,0,0
B022,2021-05-15 15:00:00,1,612E2800,0,,48.39,1,0,1
B022,2021-05-15 16:00:00,0,612E2790,0,,,1,0,0
B022,2021-05-15 16:00:00,1,612E2800,0,,48.38,1,0,1
B022,2021-05-15 17:00:00,0,612E2790,0,,,1,0,0
B022,2021-05-15 17:00:00,1,612E2800,0,,48.38,1,0,1
B022,2021-05-15 18:00:00,0,612E2790,0,,61.73,1,0,1
B022,2021-05-15 18:00:00,1,612E2800,0,,,1,0,0
B022,2021-05-15 19:00:00,0,612E2790,0,,,1,0,0
B022,2021-05-15 19:00:00,1,612E2800,0,,48.38,1,0,1
B022,2021-05-15 20:00:00,0,612E2790,0,,61.73,1,0,1
B022,2021-05-15 20:00:00,1,612E2800,0,,48.37,1,0,1
B022,2021-05-15 21:00:00,0,612E2790,0.3226674111,,61.73,1,0,1
B022,2021-05-15 21:00:00,1,612E2800,3.412622431,,48.37,1,0,1
B022,2021-05-15 22:00:00,0,612E2790,7.121662928,,61.77,1,0,1
B022,2021-05-15 22:00:00,1,612E2800,2.15939762,,48.39,1,0,1
B022,2021-05-15 23:00:00,0,612E2790,2.749185003,,62,1,0,1
B022,2021-05-15 23:00:00,1,612E2800,1.003541762,,48.44,1,0,1
B022,2021-05-16 00:00:00,0,612E2790,1.460946245,,62.28,1,0,1
B022,2021-05-16 00:00:00,1,612E2800,0.1072304329,,48.5,1,0,1
B022,2021-05-16 01:00:00,0,612E2790,0.5455680867,,62.57,1,0,1
B022,2021-05-16 01:00:00,1,612E2800,0.5361521647,,48.63,1,0,1
B022,2021-05-16 02:00:00,0,612E2790,1.184294705,,62.56,1,0,1
B022,2021-05-16 02:00:00,1,612E2800,0.9569547069,,48.89,1,0,1
B022,2021-05-16 03:00:00,0,612E2790,0.315831167,,62.59,1,0,1
B022,2021-05-16 03:00:00,1,612E2800,0.2578360222,,49.03,1,0,1
B022,2021-05-16 04:00:00,0,612E2790,0.5277044948,,62.68,1,0,1
B022,2021-05-16 04:00:00,1,612E2800,0.09102535903,,49.03,1,0,1
B022,2021-05-16 05:00:00,0,612E2790,1.328648118,,62.65,1,0,1
B022,2021-05-16 05:00:00,1,612E2800,0.8054847691,,49.08,1,0,1
B022,2021-05-16 06:00:00,0,612E2790,0.4894484912,,62.62,1,0,1
B022,2021-05-16 06:00:00,1,612E2800,0.1470942208,,49.09,1,0,1
B022,2021-05-16 07:00:00,0,612E2790,6.534757152,,62.62,1,0,1
B022,2021-05-16 07:00:00,1,612E2800,0.4836418459,,49.06,1,0,1
B022,2021-05-16 08:00:00,0,612E2790,0.08021298885,,62.63,1,0,1
B022,2021-05-16 08:00:00,1,612E2800,0,,49.05,1,0,1
B022,2021-05-16 09:00:00,0,612E2790,0.3041584941,,62.64,1,0,1
B022,2021-05-16 09:00:00,1,612E2800,0.186426435,,49.05,1,0,1
B022,2021-05-16 10:00:00,0,612E2790,0.4437970203,,62.65,1,0,1
B022,2021-05-16 10:00:00,1,612E2800,0.4410505583,,49.05,1,0,1
B022,2021-05-16 11:00:00,0,612E2790,0.3010476601,,62.65,1,0,1
B022,2021-05-16 11:00:00,1,612E2800,0.0158722992,,49.06,1,0,1
B022,2021-05-16 12:00:00,0,612E2790,0.1793775602,,62.64,1,0,1
B022,2021-05-16 12:00:00,1,612E2800,0.07919600202,,49.06,1,0,1
B022,2021-05-16 13:00:00,0,612E2790,0.05432856834,,62.63,1,0,1
B022,2021-05-16 13:00:00,1,612E2800,0,,49.06,1,0,1
B022,2021-05-16 14:00:00,0,612E2790,0,,62.61,1,0,1
B022,2021-05-16 14:00:00,1,612E2800,0,,49.05,1,0,1
B022,2021-05-16 15:00:00,0,612E2790,0,,62.58,1,0,1
B022,2021-05-16 15:00:00,1,612E2800,0,,49.03,1,0,1
B022,2021-05-16 16:00:00,0,612E2790,0,,62.55,1,0,1
B022,2021-05-16 16:00:00,1,612E2800,0,,49.01,1,0,1
B022,2021-05-16 17:00:00,0,612E2790,0,,62.52,1,0,1
B022,2021-05-16 17:00:00,1,612E2800,0.09540107593,,48.99,1,0,1
B022,2021-05-16 18:00:00,0,612E2790,0.05459662638,,62.49,1,0,1
B022,2021-05-16 18:00:00,1,612E2800,0,,48.97,1,0,1
B022,2021-05-16 19:00:00,0,612E2790,0.0002680580448,,62.46,1,0,1
B022,2021-05-16 19:00:00,1,612E2800,0,,48.95,1,0,1
B022,2021-05-16 20:00:00,0,612E2790,0.005775825248,,,1,0,0
B022,2021-05-16 20:00:00,1,612E2800,0.01182935701,,48.93,1,0,1
B022,2021-05-16 21:00:00,0,612E2790,0,,,1,0,0
B022,2021-05-16 21:00:00,1,612E2800,0,,48.91,1,0,1
B022,2021-05-16 22:00:00,0,612E2790,0,,62.4,1,0,1
B022,2021-05-16 22:00:00,1,612E2800,0,,48.89,1,0,1
B022,2021-05-16 23:00:00,0,612E2790,0,,62.37,1,0,1
B022,2021-05-16 23:00:00,1,612E2800,0,,48.87,1,0,1
B022,2021-05-17 00:00:00,0,612E2790,0,,62.35,1,0,1
B022,2021-05-17 00:00:00,1,612E2800,0,,48.85,1,0,1
B022,2021-05-17 01:00:00,0,612E2790,0,,62.33,1,0,1
B022,2021-05-17 01:00:00,1,612E2800,0,,48.84,1,0,1
B022,2021-05-17 02:00:00,0,612E2790,0,,62.31,1,0,1
B022,2021-05-17 02:00:00,1,612E2800,0,,48.82,1,0,1
B022,2021-05-17 03:00:00,0,612E2790,0,,62.3,1,0,1
B022,2021-05-17 03:00:00,1,612E2800,0,,48.81,1,0,1
B022,2021-05-17 04:00:00,0,612E2790,0,,62.28,1,0,1
B022,2021-05-17 04:00:00,1,612E2800,0,,48.79,1,0,1
B022,2021-05-17 05:00:00,0,612E2790,0,,62.27,1,0,1
B022,2021-05-17 05:00:00,1,612E2800,0,,48.78,1,0,1
B022,2021-05-17 06:00:00,0,612E2790,0,,62.25,1,0,1
B022,2021-05-17 06:00:00,1,612E2800,0,,48.77,1,0,1
B022,2021-05-17 07:00:00,0,612E2790,1.389798554,,62.24,1,0,1
B022,2021-05-17 07:00:00,1,612E2800,0.7233115144,,48.76,1,0,1
B022,2021-05-17 08:00:00,0,612E2790,0,,,1,0,0
B022,2021-05-17 08:00:00,1,612E2800,0,,48.74,1,0,1
B022,2021-05-17 09:00:00,0,612E2790,0,,,1,0,0
B022,2021-05-17 09:00:00,1,612E2800,0,,48.74,1,0,1
B022,2021-05-17 10:00:00,0,612E2790,0,,,1,0,0
B022,2021-05-17 10:00:00,1,612E2800,0,,48.73,1,0,1
B022,2021-05-17 11:00:00,0,612E2790,0.9325560332,,,1,0,0
B022,2021-05-17 11:00:00,1,612E2800,0.008085884388,,48.72,1,0,1
B022,2021-05-17 12:00:00,0,612E2790,2.286702827,,62.15,1,0,1
B022,2021-05-17 12:00:00,1,612E2800,0.9254429678,,48.71,1,0,1
B022,2021-05-17 13:00:00,0,612E2790,0.8631883549,,,1,0,0
B022,2021-05-17 13:00:00,1,612E2800,0.3768958121,,48.71,1,0,1
B022,2021-05-17 14:00:00,0,612E2790,0.2506340999,,,1,0,0
B022,2021-05-17 14:00:00,1,612E2800,0.2818275109,,48.69,1,0,1
B022,2021-05-17 15:00:00,0,612E2790,0.2302574466,,,1,0,0
B022,2021-05-17 15:00:00,1,612E2800,0.3216912988,,48.7,1,0,1
B022,2021-05-17 16:00:00,0,612E2790,0.1478842348,,62.39,1,0,1
B022,2021-05-17 16:00:00,1,612E2800,0.221914506,,48.74,1,0,1
B022,2021-05-17 17:00:00,0,612E2790,0.05432856834,,,1,0,0
B022,2021-05-17 17:00:00,1,612E2800,0,,48.82,1,0,1
B022,2021-05-17 18:00:00,0,612E2790,0,,62.43,1,0,1
B022,2021-05-17 18:00:00,1,612E2800,0,,48.86,1,0,1
B022,2021-05-17 19:00:00,0,612E2790,0,,62.42,1,0,1
B022,2021-05-17 19:00:00,1,612E2800,0,,48.88,1,0,1
B022,2021-05-17 20:00:00,0,612E2790,0,,62.4,1,0,1
B022,2021-05-17 20:00:00,1,612E2800,0,,48.88,1,0,1
B022,2021-05-17 21:00:00,0,612E2790,0,,62.38,1,0,1
B022,2021-05-17 21:00:00,1,612E2800,0,,48.87,1,0,1
B022,2021-05-17 22:00:00,0,612E2790,0,,62.36,1,0,1
B022,2021-05-17 22:00:00,1,612E2800,0,,48.85,1,0,1
B022,2021-05-17 23:00:00,0,612E2790,0,,62.34,1,0,1
B022,2021-05-17 23:00:00,1,612E2800,0,,48.84,1,0,1
B022,2021-05-18 00:00:00,0,612E2790,0,,62.33,1,0,1
B022,2021-05-18 00:00:00,1,612E2800,0,,48.82,1,0,1
B022,2021-05-18 01:00:00,0,612E2790,0,,62.32,1,0,1
B022,2021-05-18 01:00:00,1,612E2800,0,,48.81,1,0,1
B022,2021-05-18 02:00:00,0,612E2790,0,,62.31,1,0,1
B022,2021-05-18 02:00:00,1,612E2800,0,,48.8,1,0,1
B022,2021-05-18 03:00:00,0,612E2790,0,,62.3,1,0,1
B022,2021-05-18 03:00:00,1,612E2800,0,,48.79,1,0,1
B022,2021-05-18 04:00:00,0,612E2790,0,,,1,0,0
B022,2021-05-18 04:00:00,1,612E2800,0,,48.78,1,0,1
B022,2021-05-18 05:00:00,0,612E2790,0,,,1,0,0
B022,2021-05-18 05:00:00,1,612E2800,0,,48.78,1,0,1
B022,2021-05-18 06:00:00,0,612E2790,0,,,1,0,0
B022,2021-05-18 06:00:00,1,612E2800,0,,48.77,1,0,1
B022,2021-05-18 07:00:00,0,612E2790,3.02280348,,,1,0,0
B022,2021-05-18 07:00:00,1,612E2800,1.863782769,,48.76,1,0,1
B022,2021-05-18 08:00:00,0,612E2790,0.3389658157,,62.25,1,0,1
B022,2021-05-18 08:00:00,1,612E2800,0.4569561626,,48.76,1,0,1
B022,2021-05-18 09:00:00,0,612E2790,0.6748699347,,,1,0,0
B022,2021-05-18 09:00:00,1,612E2800,0.4289217317,,48.75,1,0,1
B022,2021-05-18 10:00:00,0,612E2790,0.1308248171,,62.25,1,0,1
B022,2021-05-18 10:00:00,1,612E2800,0.1190597899,,48.75,1,0,1
B022,2021-05-18 11:00:00,0,612E2790,0.1955013574,,,1,0,0
B022,2021-05-18 11:00:00,1,612E2800,0.1190597899,,48.75,1,0,1
B022,2021-05-18 12:00:00,0,612E2790,0.1348096152,,62.28,1,0,1
B022,2021-05-18 12:00:00,1,612E2800,0.09540107593,,48.76,1,0,1
B022,2021-05-18 13:00:00,0,612E2790,0.005775825248,,,1,0,0
B022,2021-05-18 13:00:00,1,612E2800,0.01182935701,,48.76,1,0,1
B022,2021-05-18 14:00:00,0,612E2790,0,,,1,0,0
B022,2021-05-18 14:00:00,1,612E2800,0,,48.77,1,0,1
B022,2021-05-18 15:00:00,0,612E2790,0,,,1,0,0
B022,2021-05-18 15:00:00,1,612E2800,0,,48.77,1,0,1
B022,2021-05-18 16:00:00,0,612E2790,0,,62.26,1,0,1
B022,2021-05-18 16:00:00,1,612E2800,0.02803443091,,48.77,1,0,1
B022,2021-05-18 17:00:00,0,612E2790,0,,62.24,1,0,1
B022,2021-05-18 17:00:00,1,612E2800,0,,48.77,1,0,1
B022,2021-05-18 18:00:00,0,612E2790,0,,,1,0,0
B022,2021-05-18 18:00:00,1,612E2800,0,,48.76,1,0,1
B022,2021-05-18 19:00:00,0,612E2790,0,,62.21,1,0,1
B022,2021-05-18 19:00:00,1,612E2800,0,,48.74,1,0,1
B022,2021-05-18 20:00:00,0,612E2790,0,,,1,0,0
B022,2021-05-18 20:00:00,1,612E2800,0,,48.74,1,0,1
B022,2021-05-18 21:00:00,0,612E2790,0,,,1,0,0
B022,2021-05-18 21:00:00,1,612E2800,0,,48.73,1,0,1
B022,2021-08-03 05:00:00,0,612E2790,0,,61.73,1,0,1
B022,2021-08-03 05:00:00,1,612E2800,0,,48.2,1,0,1
B022,2021-08-03 06:00:00,0,612E2790,0,,61.73,1,0,1
B022,2021-08-03 06:00:00,1,612E2800,0,,48.2,1,0,1
B022,2021-08-03 07:00:00,0,612E2790,0,,61.73,1,0,1
B022,2021-08-03 07:00:00,1,612E2800,0,,48.2,1,0,1
B022,2021-08-03 08:00:00,0,612E2790,0,,61.73,1,0,1
B022,2021-08-03 08:00:00,1,612E2800,0,,48.2,1,0,1
B022,2021-08-03 09:00:00,0,612E2790,0,,61.73,1,0,1
B022,2021-08-03 09:00:00,1,612E2800,0,,48.2,1,0,1
B022,2021-08-03 10:00:00,0,612E2790,0,,61.73,1,0,1
B022,2021-08-03 10:00:00,1,612E2800,0,,48.2,1,0,1
B022,2021-08-03 11:00:00,0,612E2790,0,,61.73,1,0,1
B022,2021-08-03 11:00:00,1,612E2800,0,,48.2,1,0,1
B022,2021-08-03 12:00:00,0,612E2790,0,,,1,0,0
B022,2021-08-03 12:00:00,1,612E2800,0,,48.2,1,0,1
B022,2021-08-03 13:00:00,0,612E2790,0,,61.73,1,0,1
B022,2021-08-03 13:00:00,1,612E2800,0,,48.2,1,0,1
B022,2021-08-03 14:00:00,0,612E2790,0,,,1,0,0
B022,2021-08-03 14:00:00,1,612E2800,0,,48.2,1,0,1
B022,2021-08-03 15:00:00,0,612E2790,0,,61.73,1,0,1
B022,2021-08-03 15:00:00,1,612E2800,0,,48.2,1,0,1
B022,2021-08-03 16:00:00,0,612E2790,0,,61.73,1,0,1
B022,2021-08-03 16:00:00,1,612E2800,0,,48.2,1,0,1
B022,2021-08-03 17:00:00,0,612E2790,0,,61.73,1,0,1
B022,2021-08-03 17:00:00,1,612E2800,0,,48.2,1,0,1
B022,2021-08-03 18:00:00,0,612E2790,0,,61.73,1,0,1
B022,2021-08-03 18:00:00,1,612E2800,0,,48.2,1,0,1
B022,2021-08-03 19:00:00,0,612E2790,0,,61.73,1,0,1
B022,2021-08-03 19:00:00,1,612E2800,0,,48.2,1,0,1
B022,2021-08-03 20:00:00,0,612E2790,0,,61.73,1,0,1
B022,2021-08-03 20:00:00,1,612E2800,0,,48.2,1,0,1
B022,2021-08-03 21:00:00,0,612E2790,0,,61.73,1,0,1
B022,2021-08-03 21:00:00,1,612E2800,0,,48.2,1,0,1
B022,2021-08-03 22:00:00,0,612E2790,0,,61.73,1,0,1
B022,2021-08-03 22:00:00,1,612E2800,0,,48.2,1,0,1
B022,2021-08-03 23:00:00,0,612E2790,0,,61.73,1,0,1
B022,2021-08-03 23:00:00,1,612E2800,0,,48.2,1,0,1
B022,2021-08-04 00:00:00,0,612E2790,0,,61.73,1,0,1
B022,2021-08-04 00:00:00,1,612E2800,0,,48.2,1,0,1
B022,2021-08-04 01:00:00,0,612E2790,0,,61.73,1,0,1
B022,2021-08-04 01:00:00,1,612E2800,0,,48.2,1,0,1
B022,2021-08-04 02:00:00,0,612E2790,0,,61.73,1,0,1
B022,2021-08-04 02:00:00,1,612E2800,0,,48.2,1,0,1
B022,2021-08-04 03:00:00,0,612E2790,0,,61.73,1,0,1
B022,2021-08-04 03:00:00,1,612E2800,0,,48.2,1,0,1
B022,2021-08-04 04:00:00,0,612E2790,0,,61.73,1,0,1
B022,2021-08-04 04:00:00,1,612E2800,0,,48.2,1,0,1
B022,2021-08-04 05:00:00,0,612E2790,0,,61.73,1,0,1
B022,2021-08-04 05:00:00,1,612E2800,0,,48.2,1,0,1
B022,2021-08-04 06:00:00,0,612E2790,0,,61.73,1,0,1
B022,2021-08-04 06:00:00,1,612E2800,0,,48.2,1,0,1
B022,2021-08-04 07:00:00,0,612E2790,0,,61.73,1,0,1
B022,2021-08-04 07:00:00,1,612E2800,0,,,1,0,0
B022,2021-08-04 08:00:00,0,612E2790,0,,61.73,1,0,1
B022,2021-08-04 08:00:00,1,612E2800,0,,48.2,1,0,1
B022,2021-08-04 09:00:00,0,612E2790,0,,61.73,1,0,1
B022,2021-08-04 09:00:00,1,612E2800,0,,48.2,1,0,1
B022,2021-08-04 10:00:00,0,612E2790,0,,61.73,1,0,1
B022,2021-08-04 10:00:00,1,612E2800,0,,48.2,1,0,1
B022,2021-08-04 11:00:00,0,612E2790,0,,61.73,1,0,1
B022,2021-08-04 11:00:00,1,612E2800,0,,48.2,1,0,1
B022,2021-08-04 12:00:00,0,612E2790,0,,61.73,1,0,1
B022,2021-08-04 12:00:00,1,612E2800,0,,48.2,1,0,1
B022,2021-08-04 13:00:00,0,612E2790,0,,61.73,1,0,1
B022,2021-08-04 13:00:00,1,612E2800,0,,48.2,1,0,1
B022,2021-08-04 14:00:00,0,612E2790,0,,61.73,1,0,1
B022,2021-08-04 14:00:00,1,612E2800,0,,48.2,1,0,1
B022,2021-08-04 15:00:00,0,612E2790,0,,61.73,1,0,1
B022,2021-08-04 15:00:00,1,612E2800,0,,48.2,1,0,1
B022,2021-08-04 16:00:00,0,612E2790,0,,,1,0,0
B022,2021-08-04 16:00:00,1,612E2800,0,,48.2,1,0,1
B022,2021-08-04 17:00:00,0,612E2790,0,,61.73,1,0,1
B022,2021-08-04 17:00:00,1,612E2800,0,,48.2,1,0,1
B022,2021-08-04 18:00:00,0,612E2790,0,,61.73,1,0,1
B022,2021-08-04 18:00:00,1,612E2800,0,,48.2,1,0,1
B022,2021-08-04 19:00:00,0,612E2790,0,,61.73,1,0,1
B022,2021-08-04 19:00:00,1,612E2800,0,,48.2,1,0,1
B022,2021-08-04 20:00:00,0,612E2790,0,,61.73,1,0,1
B022,2021-08-04 20:00:00,1,612E2800,0,,48.2,1,0,1
B022,2021-08-04 21:00:00,0,612E2790,0,,61.73,1,0,1
B022,2021-08-04 21:00:00,1,612E2800,0,,48.2,1,0,1
B022,2021-08-04 22:00:00,0,612E2790,0,,61.73,1,0,1
B022,2021-08-04 22:00:00,1,612E2800,0,,48.2,1,0,1
B022,2021-08-04 23:00:00,0,612E2790,0,,61.73,1,0,1
B022,2021-08-04 23:00:00,1,612E2800,0,,48.2,1,0,1
B022,2021-08-05 00:00:00,0,612E2790,0,,61.73,1,0,1
B022,2021-08-05 00:00:00,1,612E2800,0,,,1,0,0
B022,2021-08-05 01:00:00,0,612E2790,0,,61.73,1,0,1
B022,2021-08-05 01:00:00,1,612E2800,0,,48.2,1,0,1
B022,2021-08-05 02:00:00,0,612E2790,0,,61.73,1,0,1
B022,2021-08-05 02:00:00,1,612E2800,0,,48.2,1,0,1
B022,2021-08-05 03:00:00,0,612E2790,0,,,1,0,0
B022,2021-08-05 03:00:00,1,612E2800,0,,48.2,1,0,1
B022,2021-08-05 04:00:00,0,612E2790,0,,,1,0,0
B022,2021-08-05 04:00:00,1,612E2800,0,,48.2,1,0,1
B022,2021-08-05 05:00:00,0,612E2790,0.0008041741345,,61.73,1,0,1
B022,2021-08-05 05:00:00,1,612E2800,0,,48.2,1,0,1
B022,2021-08-05 06:00:00,0,612E2790,0.0002680580448,,61.73,1,0,1
B022,2021-08-05 06:00:00,1,612E2800,0,,48.2,1,0,1
B022,2021-08-05 07:00:00,0,612E2790,0.01566542983,,61.73,1,0,1
B022,2021-08-05 07:00:00,1,612E2800,0.01182935701,,48.2,1,0,1
B022,2021-08-05 08:00:00,0,612E2790,0,,61.73,1,0,1
B022,2021-08-05 08:00:00,1,612E2800,0,,48.2,1,0,1
B022,2021-08-05 09:00:00,0,612E2790,0,,,1,0,0
B022,2021-08-05 09:00:00,1,612E2800,0,,48.2,1,0,1
B022,2021-08-05 10:00:00,0,612E2790,0,,61.73,1,0,1
B022,2021-08-05 10:00:00,1,612E2800,0,,48.2,1,0,1
B022,2021-08-05 11:00:00,0,612E2790,0,,61.73,1,0,1
B022,2021-08-05 11:00:00,1,612E2800,0,,48.2,1,0,1
B022,2021-08-05 12:00:00,0,612E2790,0.1811909436,,61.73,1,0,1
B022,2021-08-05 12:00:00,1,612E2800,0,,48.2,1,0,1
B022,2021-08-05 13:00:00,0,612E2790,1.82971533,,61.73,1,0,1
B022,2021-08-05 13:00:00,1,612E2800,0.4683213112,,48.2,1,0,1
B022,2021-08-05 14:00:00,0,612E2790,9.471559794,,61.73,1,0,1
B022,2021-08-05 14:00:00,1,612E2800,2.795711539,,48.2,1,0,1
B022,2021-08-05 15:00:00,0,612E2790,2.126585098,,61.73,1,0,1
B022,2021-08-05 15:00:00,1,612E2800,3.241524085,,48.21,1,0,1
B022,2021-08-05 16:00:00,0,612E2790,0.005775825248,,61.78,1,0,1
B022,2021-08-05 16:00:00,1,612E2800,0.4160292271,,48.22,1,0,1
B022,2021-08-05 17:00:00,0,612E2790,0.0264205366,,62.43,1,0,1
B022,2021-08-05 17:00:00,1,612E2800,0.3196765232,,48.24,1,0,1
B022,2021-08-05 18:00:00,0,612E2790,1.049360138,154.8,62.98,1,1,1
B022,2021-08-05 18:00:00,1,612E2800,0.4518142259,,48.27,1,0,1
B022,2021-08-05 19:00:00,0,612E2790,0,139,62.84,1,1,1
B022,2021-08-05 19:00:00,1,612E2800,0.06736664502,,48.97,1,0,1
B022,2021-08-05 20:00:00,0,612E2790,0,,,1,0,0
B022,2021-08-05 20:00:00,1,612E2800,0,,49.14,1,0,1
B022,2021-08-05 21:00:00,0,612E2790,0,,62.53,1,0,1
B022,2021-08-05 21:00:00,1,612E2800,0,,49.02,1,0,1
B022,2021-08-05 22:00:00,0,612E2790,0,,62.43,1,0,1
B022,2021-08-05 22:00:00,1,612E2800,0,,48.9,1,0,1
B022,2021-08-05 23:00:00,0,612E2790,0,,62.34,1,0,1
B022,2021-08-05 23:00:00,1,612E2800,0,,48.81,1,0,1
B022,2021-08-06 00:00:00,0,612E2790,0,,62.27,1,0,1
B022,2021-08-06 00:00:00,1,612E2800,0,,48.75,1,0,1
B022,2021-08-06 01:00:00,0,612E2790,0,,62.21,1,0,1
B022,2021-08-06 01:00:00,1,612E2800,0,,48.69,1,0,1
B022,2021-08-06 02:00:00,0,612E2790,0,,,1,0,0
B022,2021-08-06 02:00:00,1,612E2800,0,,48.65,1,0,1
B022,2021-08-06 03:00:00,0,612E2790,0,,62.12,1,0,1
B022,2021-08-06 03:00:00,1,612E2800,0,,48.61,1,0,1
B022,2021-08-06 04:00:00,0,612E2790,0,,62.09,1,0,1
B022,2021-08-06 04:00:00,1,612E2800,0,,48.58,1,0,1
B022,2021-08-06 05:00:00,0,612E2790,0,,62.06,1,0,1
B022,2021-08-06 05:00:00,1,612E2800,0,,48.55,1,0,1
B022,2021-08-06 06:00:00,0,612E2790,0,,62.03,1,0,1
B022,2021-08-06 06:00:00,1,612E2800,0,,48.53,1,0,1
B022,2021-08-06 07:00:00,0,612E2790,8.42596963,,,1,0,0
B022,2021-08-06 07:00:00,1,612E2800,6.766777568,,48.5,1,0,1
B022,2021-08-06 08:00:00,0,612E2790,0,,61.99,1,0,1
B022,2021-08-06 08:00:00,1,612E2800,0,,48.48,1,0,1
B022,2021-08-06 09:00:00,0,612E2790,0,,61.96,1,0,1
B022,2021-08-06 09:00:00,1,612E2800,0,,48.46,1,0,1
B022,2021-08-06 10:00:00,0,612E2790,0,,61.93,1,0,1
B022,2021-08-06 10:00:00,1,612E2800,0,,48.45,1,0,1
B022,2021-08-06 11:00:00,0,612E2790,0,,61.91,1,0,1
B022,2021-08-06 11:00:00,1,612E2800,0,,48.44,1,0,1
B022,2021-08-06 12:00:00,0,612E2790,0,,61.9,1,0,1
B022,2021-08-06 12:00:00,1,612E2800,0,,48.42,1,0,1
B022,2021-08-06 13:00:00,0,612E2790,0.02588442051,,61.89,1,0,1
B022,2021-08-06 13:00:00,1,612E2800,0,,48.4,1,0,1
B022,2021-08-06 14:00:00,0,612E2790,0,,61.88,1,0,1
B022,2021-08-06 14:00:00,1,612E2800,0,,48.39,1,0,1
B022,2021-08-06 15:00:00,0,612E2790,0,,61.87,1,0,1
B022,2021-08-06 15:00:00,1,612E2800,0,,48.38,1,0,1
B022,2021-08-06 16:00:00,0,612E2790,0,,61.86,1,0,1
B022,2021-08-06 16:00:00,1,612E2800,0,,48.37,1,0,1
B022,2021-08-06 17:00:00,0,612E2790,0,,61.85,1,0,1
B022,2021-08-06 17:00:00,1,612E2800,0,,48.37,1,0,1
B022,2021-08-06 18:00:00,0,612E2790,0,,,1,0,0
B022,2021-08-06 18:00:00,1,612E2800,0,,48.36,1,0,1
B022,2021-08-06 19:00:00,0,612E2790,0,,,1,0,0
B022,2021-08-06 19:00:00,1,612E2800,0,,48.35,1,0,1
B022,2021-08-06 20:00:00,0,612E2790,0,,,1,0,0
B022,2021-08-06 20:00:00,1,612E2800,0,,48.35,1,0,1
B022,2021-08-06 21:00:00,0,612E2790,0,,,1,0,0
B022,2021-08-06 21:00:00,1,612E2800,0,,48.34,1,0,1
B022,2021-08-06 22:00:00,0,612E2790,0,,,1,0,0
B022,2021-08-06 22:00:00,1,612E2800,0,,48.34,1,0,1
B022,2021-08-06 23:00:00,0,612E2790,0,,61.79,1,0,1
B022,2021-08-06 23:00:00,1,612E2800,0,,48.33,1,0,1
B022,2021-08-07 00:00:00,0,612E2790,0,,61.78,1,0,1
B022,2021-08-07 00:00:00,1,612E2800,0,,,1,0,0
B022,2021-08-07 01:00:00,0,612E2790,0,,61.78,1,0,1
B022,2021-08-07 01:00:00,1,612E2800,0,,48.32,1,0,1
B022,2021-08-07 02:00:00,0,612E2790,0,,61.77,1,0,1
B022,2021-08-07 02:00:00,1,612E2800,0,,48.32,1,0,1
B022,2021-08-07 03:00:00,0,612E2790,0,,61.77,1,0,1
B022,2021-08-07 03:00:00,1,612E2800,0,,48.32,1,0,1
B022,2021-08-07 04:00:00,0,612E2790,0,,61.76,1,0,1
B022,2021-08-07 04:00:00,1,612E2800,0,,48.31,1,0,1
B022,2021-08-07 05:00:00,0,612E2790,0,,61.76,1,0,1
B022,2021-08-07 05:00:00,1,612E2800,0,,,1,0,0
B022,2021-08-07 06:00:00,0,612E2790,0,,61.76,1,0,1
B022,2021-08-07 06:00:00,1,612E2800,0,,48.3,1,0,1
B022,2021-08-07 07:00:00,0,612E2790,0.02588442051,,61.76,1,0,1
B022,2021-08-07 07:00:00,1,612E2800,0,,48.3,1,0,1
B022,2021-08-07 08:00:00,0,612E2790,0,,,1,0,0
B022,2021-08-07 08:00:00,1,612E2800,0,,48.3,1,0,1
B022,2021-08-07 09:00:00,0,612E2790,0,,61.75,1,0,1
B022,2021-08-07 09:00:00,1,612E2800,0,,48.3,1,0,1
B022,2021-08-07 10:00:00,0,612E2790,0,,61.75,1,0,1
B022,2021-08-07 10:00:00,1,612E2800,0,,,1,0,0
B022,2021-08-07 11:00:00,0,612E2790,0,,61.75,1,0,1
B022,2021-08-07 11:00:00,1,612E2800,0,,48.3,1,0,1
B022,2021-08-07 12:00:00,0,612E2790,0,,,1,0,0
B022,2021-08-07 12:00:00,1,612E2800,0,,48.3,1,0,1
B022,2021-08-07 13:00:00,0,612E2790,0,,61.74,1,0,1
B022,2021-08-07 13:00:00,1,612E2800,0,,48.3,1,0,1
B022,2021-08-07 14:00:00,0,612E2790,0,,61.73,1,0,1
B022,2021-08-07 14:00:00,1,612E2800,0,,48.29,1,0,1
B022,2021-08-07 15:00:00,0,612E2790,0,,61.75,1,0,1
B022,2021-08-07 15:00:00,1,612E2800,0,,48.29,1,0,1
B022,2021-08-07 16:00:00,0,612E2790,0,,61.75,1,0,1
B022,2021-08-07 16:00:00,1,612E2800,0,,48.29,1,0,1
B022,2021-08-07 17:00:00,0,612E2790,0,,61.74,1,0,1
B022,2021-08-07 17:00:00,1,612E2800,0,,48.29,1,0,1
B022,2021-08-07 18:00:00,0,612E2790,0,,61.73,1,0,1
B022,2021-08-07 18:00:00,1,612E2800,0,,48.29,1,0,1
B022,2021-08-07 19:00:00,0,612E2790,0,,61.73,1,0,1
B022,2021-08-07 19:00:00,1,612E2800,0,,48.29,1,0,1
B022,2021-08-07 20:00:00,0,612E2790,0,,61.73,1,0,1
B022,2021-08-07 20:00:00,1,612E2800,0,,48.29,1,0,1
B022,2021-08-07 21:00:00,0,612E2790,0,,61.73,1,0,1
B022,2021-08-07 21:00:00,1,612E2800,0,,48.29,1,0,1
B022,2021-08-07 22:00:00,0,612E2790,0,,61.73,1,0,1
B022,2021-08-07 22:00:00,1,612E2800,0,,48.28,1,0,1
B022,2021-08-07 23:00:00,0,612E2790,0,,61.73,1,0,1
B022,2021-08-07 23:00:00,1,612E2800,0,,48.28,1,0,1
B022,2021-08-08 00:00:00,0,612E2790,0,,61.73,1,0,1
B022,2021-08-08 00:00:00,1,612E2800,0,,48.28,1,0,1
B022,2021-08-08 01:00:00,0,612E2790,0,,61.73,1,0,1
B022,2021-08-08 01:00:00,1,612E2800,0,,48.28,1,0,1
B022,2021-08-08 02:00:00,0,612E2790,0,,61.73,1,0,1
B022,2021-08-08 02:00:00,1,612E2800,0,,48.27,1,0,1
B022,2021-08-08 03:00:00,0,612E2790,0,,61.73,1,0,1
B022,2021-08-08 03:00:00,1,612E2800,0,,48.27,1,0,1
B022,2021-08-08 04:00:00,0,612E2790,0,,61.73,1,0,1
B022,2021-08-08 04:00:00,1,612E2800,0,,48.27,1,0,1
B022,2021-08-08 05:00:00,0,612E2790,0,,61.73,1,0,1
B022,2021-08-08 05:00:00,1,612E2800,0,,48.27,1,0,1
B022,2021-08-08 06:00:00,0,612E2790,0,,61.73,1,0,1
B022,2021-08-08 06:00:00,1,612E2800,0,,48.27,1,0,1
B022,2021-08-08 07:00:00,0,612E2790,0,,61.73,1,0,1
B022,2021-08-08 07:00:00,1,612E2800,0,,48.27,1,0,1
B022,2021-08-08 08:00:00,0,612E2790,0,,61.73,1,0,1
B022,2021-08-08 08:00:00,1,612E2800,0,,48.27,1,0,1
B022,2021-08-08 09:00:00,0,612E2790,0,,61.73,1,0,1
B022,2021-08-08 09:00:00,1,612E2800,0,,48.27,1,0,1
B022,2021-08-08 10:00:00,0,612E2790,0,,61.73,1,0,1
B022,2021-08-08 10:00:00,1,612E2800,0,,48.27,1,0,1
B022,2021-08-08 11:00:00,0,612E2790,0.3802999784,,61.73,1,0,1
B022,2021-08-08 11:00:00,1,612E2800,0,,48.27,1,0,1
B022,2021-08-08 12:00:00,0,612E2790,0,,,1,0,0
B022,2021-08-08 12:00:00,1,612E2800,0,,48.27,1,0,1
B022,2021-08-08 13:00:00,0,612E2790,0.02588442051,,61.73,1,0,1
B022,2021-08-08 13:00:00,1,612E2800,0,,48.27,1,0,1
B022,2021-08-08 14:00:00,0,612E2790,0.02588442051,,61.73,1,0,1
B022,2021-08-08 14:00:00,1,612E2800,0,,48.27,1,0,1
B022,2021-08-08 15:00:00,0,612E2790,0,,61.73,1,0,1
B022,2021-08-08 15:00:00,1,612E2800,0,,48.27,1,0,1
B022,2021-08-08 16:00:00,0,612E2790,0,,,1,0,0
B022,2021-08-08 16:00:00,1,612E2800,0,,48.27,1,0,1
B022,2021-08-08 17:00:00,0,612E2790,0,,61.73,1,0,1
B022,2021-08-08 17:00:00,1,612E2800,0,,48.27,1,0,1
B022,2021-08-08 18:00:00,0,612E2790,0,,61.73,1,0,1
B022,2021-08-08 18:00:00,1,612E2800,0,,,1,0,0
B022,2021-08-08 19:00:00,0,612E2790,0,,61.73,1,0,1
B022,2021-08-08 19:00:00,1,612E2800,0,,48.27,1,0,1
B022,2021-08-08 20:00:00,0,612E2790,0,,61.73,1,0,1
B022,2021-08-08 20:00:00,1,612E2800,0,,48.27,1,0,1
B022,2021-08-08 21:00:00,0,612E2790,0,,,1,0,0
B022,2021-08-08 21:00:00,1,612E2800,0,,48.27,1,0,1
B022,2021-08-08 22:00:00,0,612E2790,0,,61.73,1,0,1
B022,2021-08-08 22:00:00,1,612E2800,0,,48.27,1,0,1
B022,2021-08-08 23:00:00,0,612E2790,0,,61.73,1,0,1
B022,2021-08-08 23:00:00,1,612E2800,0,,48.27,1,0,1
B022,2021-08-09 00:00:00,0,612E2790,0,,61.73,1,0,1
B022,2021-08-09 00:00:00,1,612E2800,0,,48.27,1,0,1
B022,2021-08-09 01:00:00,0,612E2790,0,,61.73,1,0,1
B022,2021-08-09 01:00:00,1,612E2800,0,,48.27,1,0,1
B022,2021-08-09 02:00:00,0,612E2790,0,,61.73,1,0,1
B022,2021-08-09 02:00:00,1,612E2800,0,,48.27,1,0,1
B022,2021-08-09 03:00:00,0,612E2790,0,,,1,0,0
B022,2021-08-09 03:00:00,1,612E2800,0,,48.27,1,0,1
B022,2021-08-09 04:00:00,0,612E2790,0,,61.73,1,0,1
B022,2021-08-09 04:00:00,1,612E2800,0,,48.27,1,0,1
B022,2021-08-09 05:00:00,0,612E2790,0,,61.73,1,0,1
B022,2021-08-09 05:00:00,1,612E2800,0,,48.27,1,0,1
B022,2021-08-09 06:00:00,0,612E2790,0,,61.73,1,0,1
B022,2021-08-09 06:00:00,1,612E2800,0,,48.26,1,0,1
B022,2021-08-09 07:00:00,0,612E2790,0.05176884103,,61.73,1,0,1
B022,2021-08-09 07:00:00,1,612E2800,0,,48.26,1,0,1
B022,2021-08-09 08:00:00,0,612E2790,0,,61.73,1,0,1
B022,2021-08-09 08:00:00,1,612E2800,0,,48.26,1,0,1
B022,2021-08-09 09:00:00,0,612E2790,0,,61.73,1,0,1
B022,2021-08-09 09:00:00,1,612E2800,0,,48.26,1,0,1
B022,2021-08-09 10:00:00,0,612E2790,0,,61.73,1,0,1
B022,2021-08-09 10:00:00,1,612E2800,0,,48.26,1,0,1
B022,2021-08-09 11:00:00,0,612E2790,0,,61.73,1,0,1
B022,2021-08-09 11:00:00,1,612E2800,0,,48.26,1,0,1
B022,2021-08-09 12:00:00,0,612E2790,1.172575177,,61.73,1,0,1
B022,2021-08-09 12:00:00,1,612E2800,0.0646870751,,48.26,1,0,1
B022,2021-08-09 13:00:00,0,612E2790,4.437289786,,61.73,1,0,1
B022,2021-08-09 13:00:00,1,612E2800,0.1819323987,,48.26,1,0,1
B022,2021-08-09 14:00:00,0,612E2790,0.7148020455,,61.73,1,0,1
B022,2021-08-09 14:00:00,1,612E2800,0.4525938367,,48.26,1,0,1
B022,2021-08-09 15:00:00,0,612E2790,0.1500590079,,61.73,1,0,1
B022,2021-08-09 15:00:00,1,612E2800,1.556651829,,48.26,1,0,1
B022,2021-08-09 16:00:00,0,612E2790,0.005775825248,,61.9,1,0,1
B022,2021-08-09 16:00:00,1,612E2800,0.01182935701,,48.26,1,0,1
B022,2021-08-09 17:00:00,0,612E2790,0,,,1,0,0
B022,2021-08-09 17:00:00,1,612E2800,0,,48.26,1,0,1
B022,2021-08-09 18:00:00,0,612E2790,0,,62.09,1,0,1
B022,2021-08-09 18:00:00,1,612E2800,0,,48.26,1,0,1
B022,2021-08-09 19:00:00,0,612E2790,0,,62.04,1,0,1
B022,2021-08-09 19:00:00,1,612E2800,0,,48.35,1,0,1
B022,2021-08-09 20:00:00,0,612E2790,0,,,1,0,0
B022,2021-08-09 20:00:00,1,612E2800,0,,48.5,1,0,1
B022,2021-08-09 21:00:00,0,612E2790,0,,62.13,1,0,1
B022,2021-08-09 21:00:00,1,612E2800,0,,48.5,1,0,1
B022,2021-08-09 22:00:00,0,612E2790,0.02310330099,,62.09,1,0,1
B022,2021-08-09 22:00:00,1,612E2800,0.1427185039,,48.49,1,0,1
B022,2021-08-09 23:00:00,0,612E2790,0.0859888141,,62.04,1,0,1
B022,2021-08-09 23:00:00,1,612E2800,0.07919600202,,48.53,1,0,1
B022,2021-08-10 00:00:00,0,612E2790,0.03166024576,,62,1,0,1
B022,2021-08-10 00:00:00,1,612E2800,0.1072304329,,48.53,1,0,1
B022,2021-08-10 01:00:00,0,612E2790,0.06037245163,,61.97,1,0,1
B022,2021-08-10 01:00:00,1,612E2800,0.07919600202,,48.5,1,0,1
B022,2021-08-10 02:00:00,0,612E2790,0,,61.94,1,0,1
B022,2021-08-10 02:00:00,1,612E2800,0.09540107593,,48.47,1,0,1
B022,2021-08-10 03:00:00,0,612E2790,0.09176463935,,61.92,1,0,1
B022,2021-08-10 03:00:00,1,612E2800,0.02365871401,,48.45,1,0,1
B022,2021-08-10 04:00:00,0,612E2790,0,,61.9,1,0,1
B022,2021-08-10 04:00:00,1,612E2800,0,,48.44,1,0,1
B022,2021-08-10 05:00:00,0,612E2790,0.03166024576,,61.89,1,0,1
B022,2021-08-10 05:00:00,1,612E2800,0.07919600202,,48.42,1,0,1
B022,2021-08-10 06:00:00,0,612E2790,0.05432856834,,61.87,1,0,1
B022,2021-08-10 06:00:00,1,612E2800,0.02803443091,,48.41,1,0,1
B022,2021-08-10 07:00:00,0,612E2790,4.769946619,,61.86,1,0,1
B022,2021-08-10 07:00:00,1,612E2800,0.9142057503,,48.4,1,0,1
B022,2021-08-10 08:00:00,0,612E2790,0,,61.84,1,0,1
B022,2021-08-10 08:00:00,1,612E2800,0,,48.39,1,0,1
B022,2021-08-10 09:00:00,0,612E2790,0.0115516505,,61.83,1,0,1
B022,2021-08-10 09:00:00,1,612E2800,0.1470942208,,48.38,1,0,1
B022,2021-08-10 10:00:00,0,612E2790,0.03492300953,,61.82,1,0,1
B022,2021-08-10 10:00:00,1,612E2800,0.07097614203,,48.37,1,0,1
B022,2021-08-10 11:00:00,0,612E2790,0.02887912624,,61.81,1,0,1
B022,2021-08-10 11:00:00,1,612E2800,0.7436909642,,48.37,1,0,1
B022,2021-08-10 12:00:00,0,612E2790,0,,61.81,1,0,1
B022,2021-08-10 12:00:00,1,612E2800,0,,48.37,1,0,1
B022,2021-08-10 13:00:00,0,612E2790,0.0002680580448,,61.81,1,0,1
B022,2021-08-10 13:00:00,1,612E2800,0,,48.36,1,0,1
B022,2021-08-10 14:00:00,0,612E2790,0.005775825248,,61.8,1,0,1
B022,2021-08-10 14:00:00,1,612E2800,0.01182935701,,48.36,1,0,1
B022,2021-08-10 15:00:00,0,612E2790,0,,61.8,1,0,1
B022,2021-08-10 15:00:00,1,612E2800,0,,48.35,1,0,1
B022,2021-08-10 16:00:00,0,612E2790,0,,61.79,1,0,1
B022,2021-08-10 16:00:00,1,612E2800,0,,48.35,1,0,1
B022,2021-08-10 17:00:00,0,612E2790,0,,61.78,1,0,1
B022,2021-08-10 17:00:00,1,612E2800,0.06736664502,,48.35,1,0,1
B022,2021-08-10 18:00:00,0,612E2790,0,,61.78,1,0,1
B022,2021-08-10 18:00:00,1,612E2800,0,,48.35,1,0,1
B022,2021-08-10 19:00:00,0,612E2790,0,,61.77,1,0,1
B022,2021-08-10 19:00:00,1,612E2800,0,,48.34,1,0,1
B022,2021-08-10 20:00:00,0,612E2790,0,,61.77,1,0,1
B022,2021-08-10 20:00:00,1,612E2800,0,,48.34,1,0,1
B022,2021-08-10 21:00:00,0,612E2790,0,,61.76,1,0,1
B022,2021-08-10 21:00:00,1,612E2800,0,,48.34,1,0,1
B022,2021-08-10 22:00:00,0,612E2790,0.05432856834,,61.76,1,0,1
B022,2021-08-10 22:00:00,1,612E2800,0,,48.34,1,0,1
B022,2021-08-10 23:00:00,0,612E2790,0.005775825248,,61.75,1,0,1
B022,2021-08-10 23:00:00,1,612E2800,0.01182935701,,48.33,1,0,1
B022,2021-08-11 00:00:00,0,612E2790,0,,,1,0,0
B022,2021-08-11 00:00:00,1,612E2800,0,,48.33,1,0,1
B022,2021-08-11 01:00:00,0,612E2790,0,,61.74,1,0,1
B022,2021-08-11 01:00:00,1,612E2800,0,,48.33,1,0,1
B022,2021-08-11 02:00:00,0,612E2790,0,,61.74,1,0,1
B022,2021-08-11 02:00:00,1,612E2800,0,,48.32,1,0,1
B022,2021-08-11 03:00:00,0,612E2790,0,,61.73,1,0,1
B022,2021-08-11 03:00:00,1,612E2800,0,,48.32,1,0,1
B022,2021-08-11 04:00:00,0,612E2790,0,,,1,0,0
B022,2021-08-11 04:00:00,1,612E2800,0,,48.32,1,0,1
B022,2021-08-11 05:00:00,0,612E2790,0,,61.73,1,0,1
B022,2021-08-11 05:00:00,1,612E2800,0,,48.32,1,0,1
B022,2021-08-11 06:00:00,0,612E2790,0,,61.73,1,0,1
B022,2021-08-11 06:00:00,1,612E2800,0,,48.31,1,0,1
B022,2021-08-11 07:00:00,0,612E2790,0.4057108672,,,1,0,0
B022,2021-08-11 07:00:00,1,612E2800,0.538513106,,48.31,1,0,1
B022,2021-08-11 08:00:00,0,612E2790,0.05432856834,,61.73,1,0,1
B022,2021-08-11 08:00:00,1,612E2800,0.02803443091,,48.31,1,0,1
B022,2021-08-11 09:00:00,0,612E2790,0,,,1,0,0
B022,2021-08-11 09:00:00,1,612E2800,0,,48.31,1,0,1
B022,2021-08-11 10:00:00,0,612E2790,0,,61.73,1,0,1
B022,2021-08-11 10:00:00,1,612E2800,0,,48.3,1,0,1
B022,2021-08-11 11:00:00,0,612E2790,0,,,1,0,0
B022,2021-08-11 11:00:00,1,612E2800,0,,48.3,1,0,1
B022,2021-08-11 12:00:00,0,612E2790,0,,61.73,1,0,1
B022,2021-08-11 12:00:00,1,612E2800,0,,48.3,1,0,1
B022,2021-08-11 13:00:00,0,612E2790,0,,61.73,1,0,1
B022,2021-08-11 13:00:00,1,612E2800,0,,48.3,1,0,1
B022,2021-08-11 14:00:00,0,612E2790,0,,61.73,1,0,1
B022,2021-08-11 14:00:00,1,612E2800,0,,48.3,1,0,1
B022,2021-08-11 15:00:00,0,612E2790,0,,61.73,1,0,1
B022,2021-08-11 15:00:00,1,612E2800,0,,48.3,1,0,1
B022,2021-08-11 16:00:00,0,612E2790,0,,61.73,1,0,1
B022,2021-08-11 16:00:00,1,612E2800,0,,48.3,1,0,1
B022,2021-08-11 17:00:00,0,612E2790,0,,,1,0,0
B022,2021-08-11 17:00:00,1,612E2800,0,,48.3,1,0,1
B022,2021-08-11 18:00:00,0,612E2790,0,,,1,0,0
B022,2021-08-11 18:00:00,1,612E2800,0,,48.3,1,0,1
B022,2021-08-11 19:00:00,0,612E2790,0,,61.73,1,0,1
B022,2021-08-11 19:00:00,1,612E2800,0,,48.3,1,0,1
B022,2021-08-11 20:00:00,0,612E2790,0,,,1,0,0
B022,2021-08-11 20:00:00,1,612E2800,0,,48.29,1,0,1
B022,2021-08-11 21:00:00,0,612E2790,0,,61.73,1,0,1
B022,2021-08-11 21:00:00,1,612E2800,0,,48.29,1,0,1
B022,2021-08-11 22:00:00,0,612E2790,0,,,1,0,0
B022,2021-08-11 22:00:00,1,612E2800,0,,48.29,1,0,1
B022,2021-08-11 23:00:00,0,612E2790,0,,,1,0,0
B022,2021-08-11 23:00:00,1,612E2800,0,,48.29,1,0,1
B022,2021-08-12 00:00:00,0,612E2790,0,,61.73,1,0,1
B022,2021-08-12 00:00:00,1,612E2800,0,,48.29,1,0,1
B022,2021-08-12 01:00:00,0,612E2790,0,,61.73,1,0,1
B022,2021-08-12 01:00:00,1,612E2800,0,,48.29,1,0,1
B022,2021-08-12 02:00:00,0,612E2790,0,,61.73,1,0,1
B022,2021-08-12 02:00:00,1,612E2800,0,,48.29,1,0,1
B022,2021-08-12 03:00:00,0,612E2790,0,,61.73,1,0,1
B022,2021-08-12 03:00:00,1,612E2800,0,,48.29,1,0,1
B022,2021-08-12 04:00:00,0,612E2790,0,,61.73,1,0,1
B022,2021-08-12 04:00:00,1,612E2800,0,,48.29,1,0,1
B022,2021-08-12 05:00:00,0,612E2790,0,,61.73,1,0,1
B022,2021-08-12 05:00:00,1,612E2800,0,,48.29,1,0,1
B022,2021-08-12 06:00:00,0,612E2790,0,,61.73,1,0,1
B022,2021-08-12 06:00:00,1,612E2800,0,,48.28,1,0,1
B022,2021-08-12 07:00:00,0,612E2790,0,,61.73,1,0,1
B022,2021-08-12 07:00:00,1,612E2800,0.02803443091,,48.28,1,0,1
B022,2021-08-12 08:00:00,0,612E2790,0,,61.73,1,0,1
B022,2021-08-12 08:00:00,1,612E2800,0,,48.28,1,0,1
B022,2021-08-12 09:00:00,0,612E2790,0,,61.73,1,0,1
B022,2021-08-12 09:00:00,1,612E2800,0,,48.28,1,0,1
B022,2021-08-12 10:00:00,0,612E2790,0,,61.73,1,0,1
B022,2021-08-12 10:00:00,1,612E2800,0,,48.28,1,0,1
B022,2021-08-12 11:00:00,0,612E2790,0,,61.73,1,0,1
B022,2021-08-12 11:00:00,1,612E2800,0,,48.28,1,0,1
B022,2021-08-12 12:00:00,0,612E2790,0,,61.73,1,0,1
B022,2021-08-12 12:00:00,1,612E2800,0,,48.28,1,0,1
B022,2021-08-12 13:00:00,0,612E2790,0.003752812628,,61.73,1,0,1
B022,2021-08-12 13:00:00,1,612E2800,0,,48.28,1,0,1
B022,2021-08-12 14:00:00,0,612E2790,0.5179564683,,61.73,1,0,1
B022,2021-08-12 14:00:00,1,612E2800,0,,48.27,1,0,1
B022,2021-08-12 15:00:00,0,612E2790,2.731650471,,61.73,1,0,1
B022,2021-08-12 15:00:00,1,612E2800,0.0646870751,,48.27,1,0,1
B022,2021-08-12 16:00:00,0,612E2790,5.119947825,,61.73,1,0,1
B022,2021-08-12 16:00:00,1,612E2800,0.4643563069,,48.27,1,0,1
B022,2021-08-12 17:00:00,0,612E2790,0.164069248,,61.73,1,0,1
B022,2021-08-12 17:00:00,1,612E2800,0.252792214,,48.26,1,0,1
B022,2021-08-12 18:00:00,0,612E2790,0,,61.83,1,0,1
B022,2021-08-12 18:00:00,1,612E2800,0.02803443091,,48.26,1,0,1
B022,2021-08-12 19:00:00,0,612E2790,0.02588442051,,62.43,1,0,1
B022,2021-08-12 19:00:00,1,612E2800,1.61679948,,48.26,1,0,1
B022,2021-08-12 20:00:00,0,612E2790,0,,62.53,1,0,1
B022,2021-08-12 20:00:00,1,612E2800,0,,48.28,1,0,1
B022,2021-08-12 21:00:00,0,612E2790,0.006043883292,,62.41,1,0,1
B022,2021-08-12 21:00:00,1,612E2800,0.1072304329,,48.74,1,0,1
B022,2021-08-12 22:00:00,0,612E2790,0.005775825248,,62.3,1,0,1
B022,2021-08-12 22:00:00,1,612E2800,0.03986378792,,48.83,1,0,1
B022,2021-08-12 23:00:00,0,612E2790,0.2410049229,,62.22,1,0,1
B022,2021-08-12 23:00:00,1,612E2800,0.5081177338,,48.75,1,0,1
B022,2021-08-13 00:00:00,0,612E2790,0.3442233144,,62.17,1,0,1
B022,2021-08-13 00:00:00,1,612E2800,0.3054862249,,48.69,1,0,1
B022,2021-09-17 17:00:00,0,612E2790,0,,61.6,1,0,1
B022,2021-09-17 17:00:00,1,612E2800,0,,48.24,1,0,1
B022,2021-09-17 18:00:00,0,612E2790,0,,61.6,1,0,1
B022,2021-09-17 18:00:00,1,612E2800,0,,48.24,1,0,1
B022,2021-09-17 19:00:00,0,612E2790,0,,61.6,1,0,1
B022,2021-09-17 19:00:00,1,612E2800,0,,48.24,1,0,1
B022,2021-09-17 20:00:00,0,612E2790,0,,61.6,1,0,1
B022,2021-09-17 20:00:00,1,612E2800,0,,48.24,1,0,1
B022,2021-09-17 21:00:00,0,612E2790,0,,61.6,1,0,1
B022,2021-09-17 21:00:00,1,612E2800,0,,48.24,1,0,1
B022,2021-09-17 22:00:00,0,612E2790,0,,61.59,1,0,1
B022,2021-09-17 22:00:00,1,612E2800,0,,48.24,1,0,1
B022,2021-09-17 23:00:00,0,612E2790,0,,61.59,1,0,1
B022,2021-09-17 23:00:00,1,612E2800,0,,48.24,1,0,1
B022,2021-09-18 00:00:00,0,612E2790,0,,61.59,1,0,1
B022,2021-09-18 00:00:00,1,612E2800,0,,48.23,1,0,1
B022,2021-09-18 01:00:00,0,612E2790,0,,61.59,1,0,1
B022,2021-09-18 01:00:00,1,612E2800,0,,48.23,1,0,1
B022,2021-09-18 02:00:00,0,612E2790,0,,61.59,1,0,1
B022,2021-09-18 02:00:00,1,612E2800,0,,48.23,1,0,1
B022,2021-09-18 03:00:00,0,612E2790,0,,61.59,1,0,1
B022,2021-09-18 03:00:00,1,612E2800,0,,48.23,1,0,1
B022,2021-09-18 04:00:00,0,612E2790,0,,61.59,1,0,1
B022,2021-09-18 04:00:00,1,612E2800,0,,48.23,1,0,1
B022,2021-09-18 05:00:00,0,612E2790,0,,61.59,1,0,1
B022,2021-09-18 05:00:00,1,612E2800,0,,48.23,1,0,1
B022,2021-09-18 06:00:00,0,612E2790,0,,61.59,1,0,1
B022,2021-09-18 06:00:00,1,612E2800,0,,48.23,1,0,1
B022,2021-09-18 07:00:00,0,612E2790,0,,61.58,1,0,1
B022,2021-09-18 07:00:00,1,612E2800,0,,48.23,1,0,1
B022,2021-09-18 08:00:00,0,612E2790,0,,61.58,1,0,1
B022,2021-09-18 08:00:00,1,612E2800,0,,48.23,1,0,1
B022,2021-09-18 09:00:00,0,612E2790,0,,61.58,1,0,1
B022,2021-09-18 09:00:00,1,612E2800,0,,48.23,1,0,1
B022,2021-09-18 10:00:00,0,612E2790,0,,61.57,1,0,1
B022,2021-09-18 10:00:00,1,612E2800,0,,48.23,1,0,1
B022,2021-09-18 11:00:00,0,612E2790,0,,61.57,1,0,1
B022,2021-09-18 11:00:00,1,612E2800,0,,48.23,1,0,1
B022,2021-09-18 12:00:00,0,612E2790,0,,61.58,1,0,1
B022,2021-09-18 12:00:00,1,612E2800,0,,48.23,1,0,1
B022,2021-09-18 13:00:00,0,612E2790,0,,61.58,1,0,1
B022,2021-09-18 13:00:00,1,612E2800,0,,48.23,1,0,1
B022,2021-09-18 14:00:00,0,612E2790,0,,,1,0,0
B022,2021-09-18 14:00:00,1,612E2800,0,,48.23,1,0,1
B022,2021-09-18 15:00:00,0,612E2790,0,,61.56,1,0,1
B022,2021-09-18 15:00:00,1,612E2800,0,,48.23,1,0,1
B022,2021-09-18 16:00:00,0,612E2790,0,,61.55,1,0,1
B022,2021-09-18 16:00:00,1,612E2800,0,,48.23,1,0,1
B022,2021-09-18 17:00:00,0,612E2790,0,,61.54,1,0,1
B022,2021-09-18 17:00:00,1,612E2800,0,,48.23,1,0,1
B022,2021-09-18 18:00:00,0,612E2790,0,,61.54,1,0,1
B022,2021-09-18 18:00:00,1,612E2800,0,,48.23,1,0,1
B022,2021-09-18 19:00:00,0,612E2790,0,,61.54,1,0,1
B022,2021-09-18 19:00:00,1,612E2800,0,,48.23,1,0,1
B022,2021-09-18 20:00:00,0,612E2790,0,,61.55,1,0,1
B022,2021-09-18 20:00:00,1,612E2800,0,,48.22,1,0,1
B022,2021-09-18 21:00:00,0,612E2790,0.620108419,,61.55,1,0,1
B022,2021-09-18 21:00:00,1,612E2800,0,,48.21,1,0,1
B022,2021-09-18 22:00:00,0,612E2790,0.05176884103,,61.56,1,0,1
B022,2021-09-18 22:00:00,1,612E2800,0,,48.21,1,0,1
B022,2021-09-18 23:00:00,0,612E2790,0,,61.56,1,0,1
B022,2021-09-18 23:00:00,1,612E2800,0,,48.21,1,0,1
B022,2021-09-19 00:00:00,0,612E2790,0,,61.58,1,0,1
B022,2021-09-19 00:00:00,1,612E2800,0,,48.21,1,0,1
B022,2021-09-19 01:00:00,0,612E2790,0,,61.58,1,0,1
B022,2021-09-19 01:00:00,1,612E2800,0,,48.21,1,0,1
B022,2021-09-19 02:00:00,0,612E2790,0.05432856834,,61.58,1,0,1
B022,2021-09-19 02:00:00,1,612E2800,0,,48.21,1,0,1
B022,2021-09-19 03:00:00,0,612E2790,0,,61.58,1,0,1
B022,2021-09-19 03:00:00,1,612E2800,0,,48.21,1,0,1
B022,2021-09-19 04:00:00,0,612E2790,0,,61.59,1,0,1
B022,2021-09-19 04:00:00,1,612E2800,0,,48.21,1,0,1
B022,2021-09-19 05:00:00,0,612E2790,0,,61.6,1,0,1
B022,2021-09-19 05:00:00,1,612E2800,0,,48.21,1,0,1
B022,2021-09-19 06:00:00,0,612E2790,0,,61.6,1,0,1
B022,2021-09-19 06:00:00,1,612E2800,0,,48.21,1,0,1
B022,2021-09-19 07:00:00,0,612E2790,0.2329597846,,61.6,1,0,1
B022,2021-09-19 07:00:00,1,612E2800,0,,48.22,1,0,1
B022,2021-09-19 08:00:00,0,612E2790,0,,61.6,1,0,1
B022,2021-09-19 08:00:00,1,612E2800,0,,48.22,1,0,1
B022,2021-09-19 09:00:00,0,612E2790,0,,61.61,1,0,1
B022,2021-09-19 09:00:00,1,612E2800,0,,48.22,1,0,1
B022,2021-09-19 10:00:00,0,612E2790,0,,61.61,1,0,1
B022,2021-09-19 10:00:00,1,612E2800,0,,48.22,1,0,1
B022,2021-09-19 11:00:00,0,612E2790,0,,61.6,1,0,1
B022,2021-09-19 11:00:00,1,612E2800,0,,48.23,1,0,1
B022,2021-09-19 12:00:00,0,612E2790,0,,61.58,1,0,1
B022,2021-09-19 12:00:00,1,612E2800,0,,48.23,1,0,1
B022,2021-09-19 13:00:00,0,612E2790,0,,61.58,1,0,1
B022,2021-09-19 13:00:00,1,612E2800,0,,48.23,1,0,1
B022,2021-09-19 14:00:00,0,612E2790,0,,61.59,1,0,1
B022,2021-09-19 14:00:00,1,612E2800,0,,48.23,1,0,1
B022,2021-09-19 15:00:00,0,612E2790,0,,61.61,1,0,1
B022,2021-09-19 15:00:00,1,612E2800,0,,48.23,1,0,1
B022,2021-09-19 16:00:00,0,612E2790,0,,61.61,1,0,1
B022,2021-09-19 16:00:00,1,612E2800,0,,48.23,1,0,1
B022,2021-09-19 17:00:00,0,612E2790,0,,61.61,1,0,1
B022,2021-09-19 17:00:00,1,612E2800,0.06736664502,,48.23,1,0,1
B022,2021-09-19 18:00:00,0,612E2790,0,,61.6,1,0,1
B022,2021-09-19 18:00:00,1,612E2800,0,,48.23,1,0,1
B022,2021-09-19 19:00:00,0,612E2790,0,,61.6,1,0,1
B022,2021-09-19 19:00:00,1,612E2800,0,,48.23,1,0,1
B022,2021-09-19 20:00:00,0,612E2790,0.5211717999,,61.6,1,0,1
B022,2021-09-19 20:00:00,1,612E2800,0.1509050588,,48.23,1,0,1
B022,2021-09-19 21:00:00,0,612E2790,2.564990253,,61.6,1,0,1
B022,2021-09-19 21:00:00,1,612E2800,2.413955409,,48.23,1,0,1
B022,2021-09-19 22:00:00,0,612E2790,4.753528119,,61.64,1,0,1
B022,2021-09-19 22:00:00,1,612E2800,2.971770395,,48.25,1,0,1
B022,2021-09-19 23:00:00,0,612E2790,0.5857938683,,61.69,1,0,1
B022,2021-09-19 23:00:00,1,612E2800,0.8971423724,,48.26,1,0,1
B022,2021-09-20 00:00:00,0,612E2790,1.079979395,,61.79,1,0,1
B022,2021-09-20 00:00:00,1,612E2800,1.635394472,,48.27,1,0,1
B022,2021-09-20 01:00:00,0,612E2790,0.5679290682,,62.16,1,0,1
B022,2021-09-20 01:00:00,1,612E2800,1.401415963,,48.29,1,0,1
B022,2021-09-20 02:00:00,0,612E2790,0.03192830381,,62.4,1,0,1
B022,2021-09-20 02:00:00,1,612E2800,0.1745970779,,48.32,1,0,1
B022,2021-09-20 03:00:00,0,612E2790,0.05808078236,,62.6,1,0,1
B022,2021-09-20 03:00:00,1,612E2800,0.3373647989,,48.64,1,0,1
B022,2021-09-20 04:00:00,0,612E2790,0.1018287947,,62.61,1,0,1
B022,2021-09-20 04:00:00,1,612E2800,0.2381195799,,48.9,1,0,1
B022,2021-09-20 05:00:00,0,612E2790,0.0002680580448,,62.52,1,0,1
B022,2021-09-20 05:00:00,1,612E2800,0,,48.96,1,0,1
B022,2021-09-20 06:00:00,0,612E2790,0,,62.41,1,0,1
B022,2021-09-20 06:00:00,1,612E2800,0,,48.92,1,0,1
B022,2021-09-20 07:00:00,0,612E2790,9.61935173,,62.32,1,0,1
B022,2021-09-20 07:00:00,1,612E2800,9.105096072,,48.85,1,0,1
B022,2021-09-20 08:00:00,0,612E2790,0.05432856834,,62.24,1,0,1
B022,2021-09-20 08:00:00,1,612E2800,0,,48.77,1,0,1
B022,2021-09-20 09:00:00,0,612E2790,0,,62.18,1,0,1
B022,2021-09-20 09:00:00,1,612E2800,0,,48.71,1,0,1
B022,2021-09-20 10:00:00,0,612E2790,0.05432856834,,62.13,1,0,1
B022,2021-09-20 10:00:00,1,612E2800,0,,48.66,1,0,1
B022,2021-09-20 11:00:00,0,612E2790,0,,62.08,1,0,1
B022,2021-09-20 11:00:00,1,612E2800,0,,48.62,1,0,1
B022,2021-09-20 12:00:00,0,612E2790,0,,62.04,1,0,1
B022,2021-09-20 12:00:00,1,612E2800,0,,48.59,1,0,1
B022,2021-09-20 13:00:00,0,612E2790,0,,62,1,0,1
B022,2021-09-20 13:00:00,1,612E2800,0,,48.56,1,0,1
B022,2021-09-20 14:00:00,0,612E2790,0,,61.97,1,0,1
B022,2021-09-20 14:00:00,1,612E2800,0,,48.53,1,0,1
B022,2021-09-20 15:00:00,0,612E2790,0,,61.94,1,0,1
B022,2021-09-20 15:00:00,1,612E2800,0,,48.5,1,0,1
B022,2021-09-20 16:00:00,0,612E2790,0,,61.91,1,0,1
B022,2021-09-20 16:00:00,1,612E2800,0,,48.48,1,0,1
B022,2021-09-20 17:00:00,0,612E2790,0,,61.89,1,0,1
B022,2021-09-20 17:00:00,1,612E2800,0,,48.46,1,0,1
B022,2021-09-20 18:00:00,0,612E2790,0,,61.87,1,0,1
B022,2021-09-20 18:00:00,1,612E2800,0,,48.44,1,0,1
B022,2021-09-20 19:00:00,0,612E2790,0,,61.86,1,0,1
B022,2021-09-20 19:00:00,1,612E2800,0,,,1,0,0
B022,2021-09-20 20:00:00,0,612E2790,0,,61.84,1,0,1
B022,2021-09-20 20:00:00,1,612E2800,0,,48.41,1,0,1
B022,2021-09-20 21:00:00,0,612E2790,0,,61.83,1,0,1
B022,2021-09-20 21:00:00,1,612E2800,0,,48.4,1,0,1
B022,2021-09-20 22:00:00,0,612E2790,0,,61.81,1,0,1
B022,2021-09-20 22:00:00,1,612E2800,0,,48.38,1,0,1
B022,2021-09-20 23:00:00,0,612E2790,0,,61.8,1,0,1
B022,2021-09-20 23:00:00,1,612E2800,0,,48.37,1,0,1
B022,2021-09-21 00:00:00,0,612E2790,0,,61.79,1,0,1
B022,2021-09-21 00:00:00,1,612E2800,0,,48.37,1,0,1
B022,2021-09-21 01:00:00,0,612E2790,0,,61.77,1,0,1
B022,2021-09-21 01:00:00,1,612E2800,0,,48.36,1,0,1
B022,2021-09-21 02:00:00,0,612E2790,0,,61.77,1,0,1
B022,2021-09-21 02:00:00,1,612E2800,0,,48.35,1,0,1
B022,2021-09-21 03:00:00,0,612E2790,0,,61.76,1,0,1
B022,2021-09-21 03:00:00,1,612E2800,0,,,1,0,0
B022,2021-09-21 04:00:00,0,612E2790,0,,61.75,1,0,1
B022,2021-09-21 04:00:00,1,612E2800,0,,48.34,1,0,1
B022,2021-09-21 05:00:00,0,612E2790,0,,,1,0,0
B022,2021-09-21 05:00:00,1,612E2800,0,,48.33,1,0,1
B022,2021-09-21 06:00:00,0,612E2790,0,,61.73,1,0,1
B022,2021-09-21 06:00:00,1,612E2800,0,,48.33,1,0,1
B022,2021-09-21 07:00:00,0,612E2790,0,,61.73,1,0,1
B022,2021-09-21 07:00:00,1,612E2800,0,,48.32,1,0,1
B022,2021-09-21 08:00:00,0,612E2790,0,,61.72,1,0,1
B022,2021-09-21 08:00:00,1,612E2800,0,,48.32,1,0,1
B022,2021-09-21 09:00:00,0,612E2790,0,,61.71,1,0,1
B022,2021-09-21 09:00:00,1,612E2800,0,,48.32,1,0,1
B022,2021-09-21 10:00:00,0,612E2790,0,,61.71,1,0,1
B022,2021-09-21 10:00:00,1,612E2800,0,,48.31,1,0,1
B022,2021-09-21 11:00:00,0,612E2790,0,,61.71,1,0,1
B022,2021-09-21 11:00:00,1,612E2800,0,,48.31,1,0,1
B022,2021-09-21 12:00:00,0,612E2790,0,,61.71,1,0,1
B022,2021-09-21 12:00:00,1,612E2800,0,,48.3,1,0,1
B022,2021-09-21 13:00:00,0,612E2790,0,,61.7,1,0,1
B022,2021-09-21 13:00:00,1,612E2800,0,,48.3,1,0,1
B022,2021-09-21 14:00:00,0,612E2790,0,,61.69,1,0,1
B022,2021-09-21 14:00:00,1,612E2800,0,,48.3,1,0,1
B022,2021-09-21 15:00:00,0,612E2790,0,,61.69,1,0,1
B022,2021-09-21 15:00:00,1,612E2800,0,,48.29,1,0,1
B022,2021-09-21 16:00:00,0,612E2790,0,,61.68,1,0,1
B022,2021-09-21 16:00:00,1,612E2800,0,,48.29,1,0,1
B022,2021-09-21 17:00:00,0,612E2790,0,,61.68,1,0,1
B022,2021-09-21 17:00:00,1,612E2800,0,,48.29,1,0,1
B022,2021-09-21 18:00:00,0,612E2790,0,,61.68,1,0,1
B022,2021-09-21 18:00:00,1,612E2800,0,,48.29,1,0,1
B022,2021-09-21 19:00:00,0,612E2790,0,,,1,0,0
B022,2021-09-21 19:00:00,1,612E2800,0,,48.29,1,0,1
B022,2021-09-21 20:00:00,0,612E2790,0,,61.67,1,0,1
B022,2021-09-21 20:00:00,1,612E2800,0,,48.28,1,0,1
B022,2021-09-21 21:00:00,0,612E2790,0,,61.66,1,0,1
B022,2021-09-21 21:00:00,1,612E2800,0,,48.28,1,0,1
B022,2021-09-21 22:00:00,0,612E2790,0,,,1,0,0
B022,2021-09-21 22:00:00,1,612E2800,0,,48.28,1,0,1
B022,2021-09-21 23:00:00,0,612E2790,0,,61.65,1,0,1
B022,2021-09-21 23:00:00,1,612E2800,0,,48.28,1,0,1
B022,2021-09-22 00:00:00,0,612E2790,0,,61.65,1,0,1
B022,2021-09-22 00:00:00,1,612E2800,0,,48.27,1,0,1
B022,2021-09-22 01:00:00,0,612E2790,0,,61.65,1,0,1
B022,2021-09-22 01:00:00,1,612E2800,0,,48.27,1,0,1
B022,2021-09-22 02:00:00,0,612E2790,0,,61.65,1,0,1
B022,2021-09-22 02:00:00,1,612E2800,0,,48.27,1,0,1
B022,2021-09-22 03:00:00,0,612E2790,0,,61.64,1,0,1
B022,2021-09-22 03:00:00,1,612E2800,0,,48.27,1,0,1
B022,2021-09-22 04:00:00,0,612E2790,0,,61.64,1,0,1
B022,2021-09-22 04:00:00,1,612E2800,0,,48.26,1,0,1
B022,2021-09-22 05:00:00,0,612E2790,0,,,1,0,0
B022,2021-09-22 05:00:00,1,612E2800,0,,,1,0,0
B022,2021-09-22 06:00:00,0,612E2790,0,,61.64,1,0,1
B022,2021-09-22 06:00:00,1,612E2800,0,,48.26,1,0,1
B022,2021-09-22 07:00:00,0,612E2790,0,,61.63,1,0,1
B022,2021-09-22 07:00:00,1,612E2800,0,,48.26,1,0,1
B022,2021-09-22 08:00:00,0,612E2790,0,,61.63,1,0,1
B022,2021-09-22 08:00:00,1,612E2800,0,,48.26,1,0,1
B022,2021-09-22 09:00:00,0,612E2790,0,,61.63,1,0,1
B022,2021-09-22 09:00:00,1,612E2800,0,,48.26,1,0,1
B022,2021-09-22 10:00:00,0,612E2790,0,,61.63,1,0,1
B022,2021-09-22 10:00:00,1,612E2800,0,,48.26,1,0,1
B022,2021-09-22 11:00:00,0,612E2790,0,,61.63,1,0,1
B022,2021-09-22 11:00:00,1,612E2800,0,,,1,0,0
B022,2022-04-10 16:00:00,0,612E2790,0,,61.68,1,0,1
B022,2022-04-10 16:00:00,1,612E2800,0,,48.21,1,0,1
B022,2022-04-10 17:00:00,0,612E2790,0,,61.68,1,0,1
B022,2022-04-10 17:00:00,1,612E2800,0,,48.21,1,0,1
B022,2022-04-10 18:00:00,0,612E2790,0,,61.67,1,0,1
B022,2022-04-10 18:00:00,1,612E2800,0,,48.21,1,0,1
B022,2022-04-10 19:00:00,0,612E2790,0,,61.67,1,0,1
B022,2022-04-10 19:00:00,1,612E2800,0,,48.21,1,0,1
B022,2022-04-10 20:00:00,0,612E2790,0,,61.66,1,0,1
B022,2022-04-10 20:00:00,1,612E2800,0,,48.21,1,0,1
B022,2022-04-10 21:00:00,0,612E2790,0,,61.66,1,0,1
B022,2022-04-10 21:00:00,1,612E2800,0,,48.21,1,0,1
B022,2022-04-10 22:00:00,0,612E2790,0,,61.66,1,0,1
B022,2022-04-10 22:00:00,1,612E2800,0,,48.21,1,0,1
B022,2022-04-10 23:00:00,0,612E2790,0,,61.66,1,0,1
B022,2022-04-10 23:00:00,1,612E2800,0,,48.21,1,0,1
B022,2022-04-11 00:00:00,0,612E2790,0,,61.66,1,0,1
B022,2022-04-11 00:00:00,1,612E2800,0,,48.21,1,0,1
B022,2022-04-11 01:00:00,0,612E2790,0,,61.66,1,0,1
B022,2022-04-11 01:00:00,1,612E2800,0,,48.21,1,0,1
B022,2022-04-11 02:00:00,0,612E2790,0,,61.66,1,0,1
B022,2022-04-11 02:00:00,1,612E2800,0,,48.21,1,0,1
B022,2022-04-11 03:00:00,0,612E2790,0,,61.66,1,0,1
B022,2022-04-11 03:00:00,1,612E2800,0,,48.21,1,0,1
B022,2022-04-11 04:00:00,0,612E2790,0,,61.66,1,0,1
B022,2022-04-11 04:00:00,1,612E2800,0,,48.21,1,0,1
B022,2022-04-11 05:00:00,0,612E2790,0,,61.66,1,0,1
B022,2022-04-11 05:00:00,1,612E2800,0,,48.21,1,0,1
B022,2022-04-11 06:00:00,0,612E2790,0,,61.66,1,0,1
B022,2022-04-11 06:00:00,1,612E2800,0,,48.21,1,0,1
B022,2022-04-11 07:00:00,0,612E2790,0,,61.66,1,0,1
B022,2022-04-11 07:00:00,1,612E2800,0,,48.21,1,0,1
B022,2022-04-11 08:00:00,0,612E2790,0,,61.66,1,0,1
B022,2022-04-11 08:00:00,1,612E2800,0,,48.21,1,0,1
B022,2022-04-11 09:00:00,0,612E2790,0,,61.66,1,0,1
B022,2022-04-11 09:00:00,1,612E2800,0,,48.21,1,0,1
B022,2022-04-11 10:00:00,0,612E2790,0,,61.66,1,0,1
B022,2022-04-11 10:00:00,1,612E2800,0,,48.21,1,0,1
B022,2022-04-11 11:00:00,0,612E2790,0,,61.65,1,0,1
B022,2022-04-11 11:00:00,1,612E2800,0,,48.21,1,0,1
B022,2022-04-11 12:00:00,0,612E2790,0,,61.65,1,0,1
B022,2022-04-11 12:00:00,1,612E2800,0,,48.21,1,0,1
B022,2022-04-11 13:00:00,0,612E2790,0,,61.66,1,0,1
B022,2022-04-11 13:00:00,1,612E2800,0,,48.21,1,0,1
B022,2022-04-11 14:00:00,0,612E2790,0,,,1,0,0
B022,2022-04-11 14:00:00,1,612E2800,0,,48.21,1,0,1
B022,2022-04-11 15:00:00,0,612E2790,0,,,1,0,0
B022,2022-04-11 15:00:00,1,612E2800,0,,48.21,1,0,1
B022,2022-04-11 16:00:00,0,612E2790,0,,,1,0,0
B022,2022-04-11 16:00:00,1,612E2800,0,,48.21,1,0,1
B022,2022-04-11 17:00:00,0,612E2790,0,,,1,0,0
B022,2022-04-11 17:00:00,1,612E2800,0,,48.21,1,0,1
B022,2022-04-11 18:00:00,0,612E2790,0,,61.65,1,0,1
B022,2022-04-11 18:00:00,1,612E2800,0,,48.21,1,0,1
B022,2022-04-11 19:00:00,0,612E2790,0,,61.65,1,0,1
B022,2022-04-11 19:00:00,1,612E2800,0,,48.21,1,0,1
B022,2022-04-11 20:00:00,0,612E2790,0,,61.66,1,0,1
B022,2022-04-11 20:00:00,1,612E2800,0,,48.21,1,0,1
B022,2022-04-11 21:00:00,0,612E2790,0,,61.65,1,0,1
B022,2022-04-11 21:00:00,1,612E2800,0,,48.21,1,0,1
B022,2022-04-11 22:00:00,0,612E2790,0,,61.65,1,0,1
B022,2022-04-11 22:00:00,1,612E2800,0,,48.21,1,0,1
B022,2022-04-11 23:00:00,0,612E2790,0,,61.65,1,0,1
B022,2022-04-11 23:00:00,1,612E2800,0,,48.21,1,0,1
B022,2022-04-12 00:00:00,0,612E2790,0,,61.64,1,0,1
B022,2022-04-12 00:00:00,1,612E2800,0,,48.21,1,0,1
B022,2022-04-12 01:00:00,0,612E2790,0,,61.63,1,0,1
B022,2022-04-12 01:00:00,1,612E2800,0,,48.21,1,0,1
B022,2022-04-12 02:00:00,0,612E2790,0,,61.62,1,0,1
B022,2022-04-12 02:00:00,1,612E2800,0,,48.21,1,0,1
B022,2022-04-12 03:00:00,0,612E2790,0,,61.62,1,0,1
B022,2022-04-12 03:00:00,1,612E2800,0,,48.2,1,0,1
B022,2022-04-12 04:00:00,0,612E2790,0,,61.63,1,0,1
B022,2022-04-12 04:00:00,1,612E2800,0,,48.2,1,0,1
B022,2022-04-12 05:00:00,0,612E2790,0,,61.64,1,0,1
B022,2022-04-12 05:00:00,1,612E2800,0,,48.19,1,0,1
B022,2022-04-12 06:00:00,0,612E2790,0,,61.64,1,0,1
B022,2022-04-12 06:00:00,1,612E2800,0,,48.19,1,0,1
B022,2022-04-12 07:00:00,0,612E2790,0,,61.64,1,0,1
B022,2022-04-12 07:00:00,1,612E2800,0,,48.19,1,0,1
B022,2022-04-12 08:00:00,0,612E2790,0,,61.64,1,0,1
B022,2022-04-12 08:00:00,1,612E2800,0,,48.19,1,0,1
B022,2022-04-12 09:00:00,0,612E2790,0,,61.64,1,0,1
B022,2022-04-12 09:00:00,1,612E2800,0,,48.19,1,0,1
B022,2022-04-12 10:00:00,0,612E2790,0,,61.65,1,0,1
B022,2022-04-12 10:00:00,1,612E2800,0,,48.2,1,0,1
B022,2022-04-12 11:00:00,0,612E2790,0,,61.65,1,0,1
B022,2022-04-12 11:00:00,1,612E2800,0,,,1,0,0
B022,2022-04-12 12:00:00,0,612E2790,0,,61.65,1,0,1
B022,2022-04-12 12:00:00,1,612E2800,0,,48.2,1,0,1
B022,2022-04-12 13:00:00,0,612E2790,0,,,1,0,0
B022,2022-04-12 13:00:00,1,612E2800,0,,48.2,1,0,1
B022,2022-04-12 14:00:00,0,612E2790,0,,61.65,1,0,1
B022,2022-04-12 14:00:00,1,612E2800,0,,48.2,1,0,1
B022,2022-04-12 15:00:00,0,612E2790,0,,61.65,1,0,1
B022,2022-04-12 15:00:00,1,612E2800,0,,48.3,1,0,1
B022,2022-04-12 16:00:00,0,612E2790,0.001608348269,,61.65,1,0,1
B022,2022-04-12 16:00:00,1,612E2800,0,,48.32,1,0,1
B022,2022-04-12 17:00:00,0,612E2790,0,,61.64,1,0,1
B022,2022-04-12 17:00:00,1,612E2800,0,,48.25,1,0,1
B022,2022-04-12 18:00:00,0,612E2790,0.05364524734,,61.64,1,0,1
B022,2022-04-12 18:00:00,1,612E2800,0.8473119001,,48.22,1,0,1
B022,2022-04-12 19:00:00,0,612E2790,0.07792131958,,61.65,1,0,1
B022,2022-04-12 19:00:00,1,612E2800,1.874128169,,48.22,1,0,1
B022,2022-04-12 20:00:00,0,612E2790,0.1571829294,,61.72,1,0,1
B022,2022-04-12 20:00:00,1,612E2800,1.212179556,,48.24,1,0,1
B022,2022-04-12 21:00:00,0,612E2790,0.3106130462,,61.81,1,0,1
B022,2022-04-12 21:00:00,1,612E2800,0.9259763284,,48.27,1,0,1
B022,2022-04-12 22:00:00,0,612E2790,0.5537590365,,61.98,1,0,1
B022,2022-04-12 22:00:00,1,612E2800,0.8360141169,,48.32,1,0,1
B022,2022-04-12 23:00:00,0,612E2790,0.2100240026,,62.14,1,0,1
B022,2022-04-12 23:00:00,1,612E2800,0.2862032278,,48.37,1,0,1
B022,2022-04-13 00:00:00,0,612E2790,0.1046099142,,,1,0,0
B022,2022-04-13 00:00:00,1,612E2800,0.6171775342,,48.49,1,0,1
B022,2022-04-13 01:00:00,0,612E2790,0.07872549372,,62.33,1,0,1
B022,2022-04-13 01:00:00,1,612E2800,0.2468710137,,48.64,1,0,1
B022,2022-04-13 02:00:00,0,612E2790,0.07818937763,,,1,0,0
B022,2022-04-13 02:00:00,1,612E2800,0.02803443091,,48.71,1,0,1
B022,2022-04-13 03:00:00,0,612E2790,0.1563787553,,62.34,1,0,1
B022,2022-04-13 03:00:00,1,612E2800,0.4209365178,,48.72,1,0,1
B022,2022-04-13 04:00:00,0,612E2790,0.05203689907,,62.33,1,0,1
B022,2022-04-13 04:00:00,1,612E2800,0,,48.72,1,0,1
B022,2022-04-13 05:00:00,0,612E2790,0.02615247856,,62.32,1,0,1
B022,2022-04-13 05:00:00,1,612E2800,0.02803443091,,48.71,1,0,1
B022,2022-04-13 06:00:00,0,612E2790,0.05230495712,,62.3,1,0,1
B022,2022-04-13 06:00:00,1,612E2800,0.09540107593,,48.69,1,0,1
B022,2022-04-13 07:00:00,0,612E2790,4.316542271,,62.28,1,0,1
B022,2022-04-13 07:00:00,1,612E2800,4.811066227,,48.68,1,0,1
B022,2022-04-13 08:00:00,0,612E2790,0.0002680580448,,62.29,1,0,1
B022,2022-04-13 08:00:00,1,612E2800,0,,48.67,1,0,1
B022,2022-04-13 09:00:00,0,612E2790,0,,62.27,1,0,1
B022,2022-04-13 09:00:00,1,612E2800,0,,48.66,1,0,1
B022,2022-04-13 10:00:00,0,612E2790,0,,62.24,1,0,1
B022,2022-04-13 10:00:00,1,612E2800,0,,48.65,1,0,1
B022,2022-04-13 11:00:00,0,612E2790,0,,62.21,1,0,1
B022,2022-04-13 11:00:00,1,612E2800,0,,48.64,1,0,1
B022,2022-04-13 12:00:00,0,612E2790,0,,62.18,1,0,1
B022,2022-04-13 12:00:00,1,612E2800,0,,48.62,1,0,1
B022,2022-04-13 13:00:00,0,612E2790,0,,62.15,1,0,1
B022,2022-04-13 13:00:00,1,612E2800,0,,48.6,1,0,1
B022,2022-04-13 14:00:00,0,612E2790,0,,62.12,1,0,1
B022,2022-04-13 14:00:00,1,612E2800,0,,48.58,1,0,1
B022,2022-04-13 15:00:00,0,612E2790,0,,62.11,1,0,1
B022,2022-04-13 15:00:00,1,612E2800,0,,48.55,1,0,1
B022,2022-04-13 16:00:00,0,612E2790,0,,62.08,1,0,1
B022,2022-04-13 16:00:00,1,612E2800,0,,48.54,1,0,1
B022,2022-04-13 17:00:00,0,612E2790,0,,,1,0,0
B022,2022-04-13 17:00:00,1,612E2800,0,,48.52,1,0,1
B022,2022-04-13 18:00:00,0,612E2790,0,,,1,0,0
B022,2022-04-13 18:00:00,1,612E2800,0,,48.5,1,0,1
B022,2022-04-13 19:00:00,0,612E2790,0,,62.03,1,0,1
B022,2022-04-13 19:00:00,1,612E2800,0,,48.48,1,0,1
B022,2022-04-13 20:00:00,0,612E2790,0,,62.01,1,0,1
B022,2022-04-13 20:00:00,1,612E2800,0,,48.47,1,0,1
B022,2022-04-13 21:00:00,0,612E2790,0,,62,1,0,1
B022,2022-04-13 21:00:00,1,612E2800,0,,48.45,1,0,1
B022,2022-04-13 22:00:00,0,612E2790,0,,61.99,1,0,1
B022,2022-04-13 22:00:00,1,612E2800,0,,48.44,1,0,1
B022,2022-04-13 23:00:00,0,612E2790,0,,61.97,1,0,1
B022,2022-04-13 23:00:00,1,612E2800,0,,48.43,1,0,1
B022,2022-04-14 00:00:00,0,612E2790,0,,61.97,1,0,1
B022,2022-04-14 00:00:00,1,612E2800,0,,48.42,1,0,1
B022,2022-04-14 01:00:00,0,612E2790,0,,61.96,1,0,1
B022,2022-04-14 01:00:00,1,612E2800,0,,48.42,1,0,1
B022,2022-04-14 02:00:00,0,612E2790,0,,61.95,1,0,1
B022,2022-04-14 02:00:00,1,612E2800,0,,48.41,1,0,1
B022,2022-04-14 03:00:00,0,612E2790,0,,61.94,1,0,1
B022,2022-04-14 03:00:00,1,612E2800,0,,48.4,1,0,1
B022,2022-04-14 04:00:00,0,612E2790,0,,61.93,1,0,1
B022,2022-04-14 04:00:00,1,612E2800,0,,48.39,1,0,1
B022,2022-04-14 05:00:00,0,612E2790,0,,61.92,1,0,1
B022,2022-04-14 05:00:00,1,612E2800,0,,48.39,1,0,1
B022,2022-04-14 06:00:00,0,612E2790,0,,61.91,1,0,1
B022,2022-04-14 06:00:00,1,612E2800,0,,48.38,1,0,1
B022,2022-04-14 07:00:00,0,612E2790,0.4517701447,,61.91,1,0,1
B022,2022-04-14 07:00:00,1,612E2800,0,,48.37,1,0,1
B022,2022-04-14 08:00:00,0,612E2790,0,,61.9,1,0,1
B022,2022-04-14 08:00:00,1,612E2800,0,,48.37,1,0,1
B022,2022-04-14 09:00:00,0,612E2790,0,,61.89,1,0,1
B022,2022-04-14 09:00:00,1,612E2800,0,,48.37,1,0,1
B022,2022-04-14 10:00:00,0,612E2790,0,,61.89,1,0,1
B022,2022-04-14 10:00:00,1,612E2800,0,,48.36,1,0,1
B022,2022-04-14 11:00:00,0,612E2790,0,,61.88,1,0,1
B022,2022-04-14 11:00:00,1,612E2800,0,,48.36,1,0,1
B022,2022-04-14 12:00:00,0,612E2790,0,,61.88,1,0,1
B022,2022-04-14 12:00:00,1,612E2800,0,,48.35,1,0,1
B022,2022-04-14 13:00:00,0,612E2790,0,,61.88,1,0,1
B022,2022-04-14 13:00:00,1,612E2800,0,,48.35,1,0,1
B022,2022-04-14 14:00:00,0,612E2790,0,,61.86,1,0,1
B022,2022-04-14 14:00:00,1,612E2800,0,,48.34,1,0,1
B022,2022-04-14 15:00:00,0,612E2790,0,,,1,0,0
B022,2022-04-14 15:00:00,1,612E2800,0,,48.34,1,0,1
B022,2022-04-14 16:00:00,0,612E2790,0.05176884103,,61.85,1,0,1
B022,2022-04-14 16:00:00,1,612E2800,0,,48.34,1,0,1
B022,2022-04-14 17:00:00,0,612E2790,0,,61.85,1,0,1
B022,2022-04-14 17:00:00,1,612E2800,0,,48.33,1,0,1
B022,2022-04-14 18:00:00,0,612E2790,0.1169659082,,61.85,1,0,1
B022,2022-04-14 18:00:00,1,612E2800,0.127478449,,48.33,1,0,1
B022,2022-04-14 19:00:00,0,612E2790,0.3296122317,,61.84,1,0,1
B022,2022-04-14 19:00:00,1,612E2800,0.1988880362,,48.33,1,0,1
B022,2022-04-14 20:00:00,0,612E2790,0.2367596017,,61.85,1,0,1
B022,2022-04-14 20:00:00,1,612E2800,0.1315213912,,48.33,1,0,1
B022,2022-04-14 21:00:00,0,612E2790,0.5375906055,,61.85,1,0,1
B022,2022-04-14 21:00:00,1,612E2800,0.2350083515,,48.33,1,0,1
B022,2022-04-14 22:00:00,0,612E2790,0.2608038577,,61.86,1,0,1
B022,2022-04-14 22:00:00,1,612E2800,0.1075299025,,48.33,1,0,1
B022,2022-04-14 23:00:00,0,612E2790,0.3842088581,,61.87,1,0,1
B022,2022-04-14 23:00:00,1,612E2800,0.3223235431,,48.33,1,0,1
B022,2022-04-15 00:00:00,0,612E2790,0.3032072843,,61.88,1,0,1
B022,2022-04-15 00:00:00,1,612E2800,0.0320773731,,48.34,1,0,1
B022,2022-04-15 01:00:00,0,612E2790,0.3950773569,,61.89,1,0,1
B022,2022-04-15 01:00:00,1,612E2800,0.1748965475,,48.34,1,0,1
B022,2022-04-15 02:00:00,0,612E2790,0.5787590057,,61.9,1,0,1
B022,2022-04-15 02:00:00,1,612E2800,0.3263664853,,48.35,1,0,1
B022,2022-04-15 03:00:00,0,612E2790,0.8300190657,,61.92,1,0,1
B022,2022-04-15 03:00:00,1,612E2800,0.28242645,,48.36,1,0,1
B022,2022-04-15 04:00:00,0,612E2790,1.239002268,,61.94,1,0,1
B022,2022-04-15 04:00:00,1,612E2800,0.5012630328,,48.37,1,0,1
B022,2022-04-15 05:00:00,0,612E2790,0.6765771585,,61.97,1,0,1
B022,2022-04-15 05:00:00,1,612E2800,0.5292974637,,48.38,1,0,1
B022,2022-04-15 06:00:00,0,612E2790,1.061545087,,62.01,1,0,1
B022,2022-04-15 06:00:00,1,612E2800,0.4018190147,,48.41,1,0,1
B022,2022-04-15 07:00:00,0,612E2790,2.375319222,,62.08,1,0,1
B022,2022-04-15 07:00:00,1,612E2800,0.4058619569,,48.43,1,0,1
B022,2022-04-15 08:00:00,0,612E2790,0.4747698189,,62.15,1,0,1
B022,2022-04-15 08:00:00,1,612E2800,0.1988880362,,48.47,1,0,1
B022,2022-04-15 09:00:00,0,612E2790,0.6250780391,,62.22,1,0,1
B022,2022-04-15 09:00:00,1,612E2800,0.2188365828,,48.51,1,0,1
B022,2022-04-23 17:00:00,0,612E2790,0,,,1,0,0
B022,2022-04-23 17:00:00,1,612E2800,0,,48.31,1,0,1
B022,2022-04-23 18:00:00,0,612E2790,0,,61.81,1,0,1
B022,2022-04-23 18:00:00,1,612E2800,0,,48.31,1,0,1
B022,2022-04-23 19:00:00,0,612E2790,0,,61.8,1,0,1
B022,2022-04-23 19:00:00,1,612E2800,0,,48.3,1,0,1
B022,2022-04-23 20:00:00,0,612E2790,0,,61.8,1,0,1
B022,2022-04-23 20:00:00,1,612E2800,0,,48.3,1,0,1
B022,2022-04-23 21:00:00,0,612E2790,0,,,1,0,0
B022,2022-04-23 21:00:00,1,612E2800,0,,48.3,1,0,1
B022,2022-04-23 22:00:00,0,612E2790,0,,61.78,1,0,1
B022,2022-04-23 22:00:00,1,612E2800,0,,48.29,1,0,1
B022,2022-04-23 23:00:00,0,612E2790,0,,61.78,1,0,1
B022,2022-04-23 23:00:00,1,612E2800,0,,48.29,1,0,1
B022,2022-04-24 00:00:00,0,612E2790,0,,,1,0,0
B022,2022-04-24 00:00:00,1,612E2800,0,,48.29,1,0,1
B022,2022-04-24 01:00:00,0,612E2790,0,,61.78,1,0,1
B022,2022-04-24 01:00:00,1,612E2800,0,,48.29,1,0,1
B022,2022-04-24 02:00:00,0,612E2790,0,,61.78,1,0,1
B022,2022-04-24 02:00:00,1,612E2800,0,,48.29,1,0,1
B022,2022-04-24 03:00:00,0,612E2790,0,,61.78,1,0,1
B022,2022-04-24 03:00:00,1,612E2800,0,,48.28,1,0,1
B022,2022-04-24 04:00:00,0,612E2790,0,,61.78,1,0,1
B022,2022-04-24 04:00:00,1,612E2800,0,,48.28,1,0,1
B022,2022-04-24 05:00:00,0,612E2790,0,,61.78,1,0,1
B022,2022-04-24 05:00:00,1,612E2800,0,,48.28,1,0,1
B022,2022-04-24 06:00:00,0,612E2790,0,,61.78,1,0,1
B022,2022-04-24 06:00:00,1,612E2800,0,,48.28,1,0,1
B022,2022-04-24 07:00:00,0,612E2790,0.0002680580448,,61.78,1,0,1
B022,2022-04-24 07:00:00,1,612E2800,0,,48.28,1,0,1
B022,2022-04-24 08:00:00,0,612E2790,0,,61.77,1,0,1
B022,2022-04-24 08:00:00,1,612E2800,0,,48.28,1,0,1
B022,2022-04-24 09:00:00,0,612E2790,0,,61.78,1,0,1
B022,2022-04-24 09:00:00,1,612E2800,0,,48.28,1,0,1
B022,2022-04-24 10:00:00,0,612E2790,0,,61.77,1,0,1
B022,2022-04-24 10:00:00,1,612E2800,0,,48.28,1,0,1
B022,2022-04-24 11:00:00,0,612E2790,0,,61.75,1,0,1
B022,2022-04-24 11:00:00,1,612E2800,0,,48.28,1,0,1
B022,2022-04-24 12:00:00,0,612E2790,0,,61.74,1,0,1
B022,2022-04-24 12:00:00,1,612E2800,0,,48.28,1,0,1
B022,2022-04-24 13:00:00,0,612E2790,0,,61.76,1,0,1
B022,2022-04-24 13:00:00,1,612E2800,0,,48.27,1,0,1
B022,2022-04-24 14:00:00,0,612E2790,0,,61.76,1,0,1
B022,2022-04-24 14:00:00,1,612E2800,0,,48.26,1,0,1
B022,2022-04-24 15:00:00,0,612E2790,0,,,1,0,0
B022,2022-04-24 15:00:00,1,612E2800,0,,48.26,1,0,1
B022,2022-04-24 16:00:00,0,612E2790,0,,61.76,1,0,1
B022,2022-04-24 16:00:00,1,612E2800,0,,48.26,1,0,1
B022,2022-04-24 17:00:00,0,612E2790,0,,61.75,1,0,1
B022,2022-04-24 17:00:00,1,612E2800,0,,48.26,1,0,1
B022,2022-04-24 18:00:00,0,612E2790,0,,61.75,1,0,1
B022,2022-04-24 18:00:00,1,612E2800,0,,48.26,1,0,1
B022,2022-04-24 19:00:00,0,612E2790,0,,61.75,1,0,1
B022,2022-04-24 19:00:00,1,612E2800,0,,48.26,1,0,1
B022,2022-04-24 20:00:00,0,612E2790,0.05432856834,,61.75,1,0,1
B022,2022-04-24 20:00:00,1,612E2800,0,,,1,0,0
B022,2022-04-24 21:00:00,0,612E2790,0,,61.75,1,0,1
B022,2022-04-24 21:00:00,1,612E2800,0,,48.26,1,0,1
B022,2022-04-24 22:00:00,0,612E2790,0,,61.75,1,0,1
B022,2022-04-24 22:00:00,1,612E2800,0,,48.26,1,0,1
B022,2022-04-24 23:00:00,0,612E2790,0,,61.75,1,0,1
B022,2022-04-24 23:00:00,1,612E2800,0,,48.26,1,0,1
B022,2022-04-25 00:00:00,0,612E2790,0,,61.75,1,0,1
B022,2022-04-25 00:00:00,1,612E2800,0,,48.26,1,0,1
B022,2022-04-25 01:00:00,0,612E2790,0,,61.75,1,0,1
B022,2022-04-25 01:00:00,1,612E2800,0,,48.26,1,0,1
B022,2022-04-25 02:00:00,0,612E2790,0,,61.76,1,0,1
B022,2022-04-25 02:00:00,1,612E2800,0,,48.26,1,0,1
B022,2022-04-25 03:00:00,0,612E2790,0,,61.76,1,0,1
B022,2022-04-25 03:00:00,1,612E2800,0,,48.26,1,0,1
B022,2022-04-25 04:00:00,0,612E2790,0,,61.76,1,0,1
B022,2022-04-25 04:00:00,1,612E2800,0,,48.26,1,0,1
B022,2022-04-25 05:00:00,0,612E2790,0,,61.77,1,0,1
B022,2022-04-25 05:00:00,1,612E2800,0,,48.26,1,0,1
B022,2022-04-25 06:00:00,0,612E2790,0,,61.77,1,0,1
B022,2022-04-25 06:00:00,1,612E2800,0,,48.26,1,0,1
B022,2022-04-25 07:00:00,0,612E2790,0.4733118738,,61.77,1,0,1
B022,2022-04-25 07:00:00,1,612E2800,0,,48.26,1,0,1
B022,2022-04-25 08:00:00,0,612E2790,0,,61.73,1,0,1
B022,2022-04-25 08:00:00,1,612E2800,0,,48.26,1,0,1
B022,2022-04-25 09:00:00,0,612E2790,0,,61.73,1,0,1
B022,2022-04-25 09:00:00,1,612E2800,0,,48.26,1,0,1
B022,2022-04-25 10:00:00,0,612E2790,0,,61.73,1,0,1
B022,2022-04-25 10:00:00,1,612E2800,0,,48.26,1,0,1
B022,2022-04-25 11:00:00,0,612E2790,0,,61.73,1,0,1
B022,2022-04-25 11:00:00,1,612E2800,0,,48.26,1,0,1
B022,2022-04-25 12:00:00,0,612E2790,0,,61.73,1,0,1
B022,2022-04-25 12:00:00,1,612E2800,0,,48.25,1,0,1
B022,2022-04-25 13:00:00,0,612E2790,0,,61.73,1,0,1
B022,2022-04-25 13:00:00,1,612E2800,0,,48.25,1,0,1
B022,2022-04-25 14:00:00,0,612E2790,0,,,1,0,0
B022,2022-04-25 14:00:00,1,612E2800,0,,48.25,1,0,1
B022,2022-04-25 15:00:00,0,612E2790,0,,,1,0,0
B022,2022-04-25 15:00:00,1,612E2800,0,,48.25,1,0,1
B022,2022-04-25 16:00:00,0,612E2790,0,,,1,0,0
B022,2022-04-25 16:00:00,1,612E2800,0,,48.25,1,0,1
B022,2022-04-25 17:00:00,0,612E2790,0.1946459508,,61.72,1,0,1
B022,2022-04-25 17:00:00,1,612E2800,0.01182935701,,48.25,1,0,1
B022,2022-04-25 18:00:00,0,612E2790,3.070512807,,61.72,1,0,1
B022,2022-04-25 18:00:00,1,612E2800,2.01363951,,48.25,1,0,1
B022,2022-04-25 19:00:00,0,612E2790,2.13961536,,61.77,1,0,1
B022,2022-04-25 19:00:00,1,612E2800,1.687885355,,48.26,1,0,1
B022,2022-04-25 20:00:00,0,612E2790,0.2326003483,,61.91,1,0,1
B022,2022-04-25 20:00:00,1,612E2800,0.412185084,,48.28,1,0,1
B022,2022-04-25 21:00:00,0,612E2790,0.3966857052,,61.97,1,0,1
B022,2022-04-25 21:00:00,1,612E2800,0.0794954716,,48.3,1,0,1
B022,2022-04-25 22:00:00,0,612E2790,0,,61.99,1,0,1
B022,2022-04-25 22:00:00,1,612E2800,0,,48.35,1,0,1
B022,2022-04-25 23:00:00,0,612E2790,0,,62.02,1,0,1
B022,2022-04-25 23:00:00,1,612E2800,0,,48.42,1,0,1
B022,2022-04-26 00:00:00,0,612E2790,0,,62.06,1,0,1
B022,2022-04-26 00:00:00,1,612E2800,0,,48.44,1,0,1
B022,2022-04-26 01:00:00,0,612E2790,0.06519706713,,62.08,1,0,1
B022,2022-04-26 01:00:00,1,612E2800,0.004042942194,,48.44,1,0,1
B022,2022-04-26 02:00:00,0,612E2790,0,,62.05,1,0,1
B022,2022-04-26 02:00:00,1,612E2800,0,,48.46,1,0,1
B022,2022-04-26 03:00:00,0,612E2790,0,,,1,0,0
B022,2022-04-26 03:00:00,1,612E2800,0,,48.47,1,0,1
B022,2022-04-26 04:00:00,0,612E2790,0,,62.01,1,0,1
B022,2022-04-26 04:00:00,1,612E2800,0,,48.46,1,0,1
B022,2022-04-26 05:00:00,0,612E2790,0,,61.99,1,0,1
B022,2022-04-26 05:00:00,1,612E2800,0,,48.45,1,0,1
B022,2022-04-26 06:00:00,0,612E2790,0,,,1,0,0
B022,2022-04-26 06:00:00,1,612E2800,0,,48.44,1,0,1
B022,2022-04-26 07:00:00,0,612E2790,8.441280816,,61.96,1,0,1
B022,2022-04-26 07:00:00,1,612E2800,4.209077721,,48.42,1,0,1
B022,2022-04-26 08:00:00,0,612E2790,0,,61.94,1,0,1
B022,2022-04-26 08:00:00,1,612E2800,0,,48.41,1,0,1
B022,2022-04-26 09:00:00,0,612E2790,0,,61.93,1,0,1
B022,2022-04-26 09:00:00,1,612E2800,0,,48.4,1,0,1
B022,2022-04-26 10:00:00,0,612E2790,0,,61.92,1,0,1
B022,2022-04-26 10:00:00,1,612E2800,0,,48.38,1,0,1
B022,2022-04-26 11:00:00,0,612E2790,0,,61.91,1,0,1
B022,2022-04-26 11:00:00,1,612E2800,0,,48.37,1,0,1
B022,2022-04-26 12:00:00,0,612E2790,0,,61.9,1,0,1
B022,2022-04-26 12:00:00,1,612E2800,0,,48.37,1,0,1
B022,2022-04-26 13:00:00,0,612E2790,0,,61.88,1,0,1
B022,2022-04-26 13:00:00,1,612E2800,0,,48.36,1,0,1
B022,2022-04-26 14:00:00,0,612E2790,0,,61.88,1,0,1
B022,2022-04-26 14:00:00,1,612E2800,0,,48.35,1,0,1
B022,2022-04-26 15:00:00,0,612E2790,0,,61.87,1,0,1
B022,2022-04-26 15:00:00,1,612E2800,0,,48.35,1,0,1
B022,2022-04-26 16:00:00,0,612E2790,0,,61.86,1,0,1
B022,2022-04-26 16:00:00,1,612E2800,0,,48.34,1,0,1
B022,2022-04-26 17:00:00,0,612E2790,0,,61.85,1,0,1
B022,2022-04-26 17:00:00,1,612E2800,0,,48.34,1,0,1
B022,2022-04-26 18:00:00,0,612E2790,0,,61.84,1,0,1
B022,2022-04-26 18:00:00,1,612E2800,0,,48.33,1,0,1
B022,2022-04-26 19:00:00,0,612E2790,0.4078952121,,61.84,1,0,1
B022,2022-04-26 19:00:00,1,612E2800,0.09102535903,,48.33,1,0,1
B022,2022-04-26 20:00:00,0,612E2790,0.5814284618,,61.83,1,0,1
B022,2022-04-26 20:00:00,1,612E2800,0.1074965974,,48.32,1,0,1
B022,2022-04-26 21:00:00,0,612E2790,0,,61.84,1,0,1
B022,2022-04-26 21:00:00,1,612E2800,0,,48.32,1,0,1
B022,2022-04-26 22:00:00,0,612E2790,0,,61.84,1,0,1
B022,2022-04-26 22:00:00,1,612E2800,0,,48.31,1,0,1
B022,2022-04-26 23:00:00,0,612E2790,0,,61.83,1,0,1
B022,2022-04-26 23:00:00,1,612E2800,0,,48.31,1,0,1
B022,2022-04-27 00:00:00,0,612E2790,0,,61.83,1,0,1
B022,2022-04-27 00:00:00,1,612E2800,0,,48.31,1,0,1
B022,2022-04-27 01:00:00,0,612E2790,0,,61.84,1,0,1
B022,2022-04-27 01:00:00,1,612E2800,0,,48.31,1,0,1
B022,2022-04-27 02:00:00,0,612E2790,0,,61.84,1,0,1
B022,2022-04-27 02:00:00,1,612E2800,0,,48.31,1,0,1
B022,2022-04-27 03:00:00,0,612E2790,0,,61.83,1,0,1
B022,2022-04-27 03:00:00,1,612E2800,0,,48.31,1,0,1
B022,2022-04-27 04:00:00,0,612E2790,0,,61.83,1,0,1
B022,2022-04-27 04:00:00,1,612E2800,0,,48.31,1,0,1
B022,2022-04-27 05:00:00,0,612E2790,0,,61.83,1,0,1
B022,2022-04-27 05:00:00,1,612E2800,0,,48.31,1,0,1
B022,2022-04-27 06:00:00,0,612E2790,0,,61.82,1,0,1
B022,2022-04-27 06:00:00,1,612E2800,0,,48.31,1,0,1
B022,2022-04-27 07:00:00,0,612E2790,2.082818287,,61.82,1,0,1
B022,2022-04-27 07:00:00,1,612E2800,0.1985219564,,48.31,1,0,1
B022,2022-04-27 08:00:00,0,612E2790,0.02588442051,,61.82,1,0,1
B022,2022-04-27 08:00:00,1,612E2800,0,,48.31,1,0,1
B022,2022-04-27 09:00:00,0,612E2790,0,,61.81,1,0,1
B022,2022-04-27 09:00:00,1,612E2800,0.06736664502,,48.3,1,0,1
B022,2022-04-27 10:00:00,0,612E2790,0,,61.81,1,0,1
B022,2022-04-27 10:00:00,1,612E2800,0,,48.3,1,0,1
B022,2022-04-27 11:00:00,0,612E2790,0,,61.82,1,0,1
B022,2022-04-27 11:00:00,1,612E2800,0,,48.3,1,0,1
B022,2022-04-27 12:00:00,0,612E2790,0,,61.82,1,0,1
B022,2022-04-27 12:00:00,1,612E2800,0,,48.29,1,0,1
B022,2022-04-27 13:00:00,0,612E2790,0,,61.81,1,0,1
B022,2022-04-27 13:00:00,1,612E2800,0,,48.29,1,0,1
B022,2022-04-27 14:00:00,0,612E2790,0,,61.79,1,0,1
B022,2022-04-27 14:00:00,1,612E2800,0,,48.29,1,0,1
B022,2022-04-27 15:00:00,0,612E2790,0,,61.76,1,0,1
B022,2022-04-27 15:00:00,1,612E2800,0,,48.29,1,0,1
B022,2022-04-27 16:00:00,0,612E2790,0.4098852752,,61.75,1,0,1
B022,2022-04-27 16:00:00,1,612E2800,0.8001798802,,48.29,1,0,1
B022,2022-04-27 17:00:00,0,612E2790,0.276487342,,61.78,1,0,1
B022,2022-04-27 17:00:00,1,612E2800,0.6095899185,,48.28,1,0,1
B022,2022-04-27 18:00:00,0,612E2790,0.06546512518,,61.79,1,0,1
B022,2022-04-27 18:00:00,1,612E2800,0.004042942194,,48.28,1,0,1
B022,2022-04-27 19:00:00,0,612E2790,0.09916457137,,61.83,1,0,1
B022,2022-04-27 19:00:00,1,612E2800,0.01182935701,,48.28,1,0,1
B022,2022-04-27 20:00:00,0,612E2790,0.1084089634,,61.87,1,0,1
B022,2022-04-27 20:00:00,1,612E2800,0.2976998101,,48.28,1,0,1
B022,2022-04-27 21:00:00,0,612E2790,0.03166024576,,61.85,1,0,1
B022,2022-04-27 21:00:00,1,612E2800,0.03986378792,,48.29,1,0,1
B022,2022-04-27 22:00:00,0,612E2790,0,,61.84,1,0,1
B022,2022-04-27 22:00:00,1,612E2800,0,,48.3,1,0,1
B022,2022-04-27 23:00:00,0,612E2790,0,,61.84,1,0,1
B022,2022-04-27 23:00:00,1,612E2800,0.06736664502,,48.32,1,0,1
B022,2022-04-28 00:00:00,0,612E2790,0.3683351601,,61.84,1,0,1
B022,2022-04-28 00:00:00,1,612E2800,0.09506830122,,48.32,1,0,1
B022,2022-04-28 01:00:00,0,612E2790,1.06472857,,61.84,1,0,1
B022,2022-04-28 01:00:00,1,612E2800,0.1789394897,,48.32,1,0,1
B022,2022-04-28 02:00:00,0,612E2790,1.587859491,,61.83,1,0,1
B022,2022-04-28 02:00:00,1,612E2800,0.2184705029,,48.32,1,0,1
B022,2022-04-28 03:00:00,0,612E2790,0.09434425141,,61.84,1,0,1
B022,2022-04-28 03:00:00,1,612E2800,0.3380951718,,48.32,1,0,1
B022,2022-04-28 04:00:00,0,612E2790,0,,61.85,1,0,1
B022,2022-04-28 04:00:00,1,612E2800,0,,48.32,1,0,1
B022,2022-04-28 05:00:00,0,612E2790,0,,61.86,1,0,1
B022,2022-04-28 05:00:00,1,612E2800,0,,48.32,1,0,1
B022,2022-04-28 06:00:00,0,612E2790,0,,61.88,1,0,1
B022,2022-04-28 06:00:00,1,612E2800,0,,48.32,1,0,1
B022,2022-04-28 07:00:00,0,612E2790,5.925492191,,61.89,1,0,1
B022,2022-04-28 07:00:00,1,612E2800,2.728512452,,48.33,1,0,1
B022,2022-04-28 08:00:00,0,612E2790,0,,61.91,1,0,1
B022,2022-04-28 08:00:00,1,612E2800,0,,48.33,1,0,1
B022,2022-05-23 19:00:00,0,612E2790,0,,61.68,1,0,1
B022,2022-05-23 19:00:00,1,612E2800,0,,48.27,1,0,1
B022,2022-05-23 20:00:00,0,612E2790,0,,61.68,1,0,1
B022,2022-05-23 20:00:00,1,612E2800,0,,48.27,1,0,1
B022,2022-05-23 21:00:00,0,612E2790,0,,61.67,1,0,1
B022,2022-05-23 21:00:00,1,612E2800,0,,48.27,1,0,1
B022,2022-05-23 22:00:00,0,612E2790,0,,,1,0,0
B022,2022-05-23 22:00:00,1,612E2800,0,,48.27,1,0,1
B022,2022-05-23 23:00:00,0,612E2790,0,,,1,0,0
B022,2022-05-23 23:00:00,1,612E2800,0,,48.27,1,0,1
B022,2022-05-24 00:00:00,0,612E2790,0,,61.67,1,0,1
B022,2022-05-24 00:00:00,1,612E2800,0,,48.26,1,0,1
B022,2022-05-24 01:00:00,0,612E2790,0,,,1,0,0
B022,2022-05-24 01:00:00,1,612E2800,0,,48.26,1,0,1
B022,2022-05-24 02:00:00,0,612E2790,0,,61.67,1,0,1
B022,2022-05-24 02:00:00,1,612E2800,0,,48.26,1,0,1
B022,2022-05-24 03:00:00,0,612E2790,0,,61.67,1,0,1
B022,2022-05-24 03:00:00,1,612E2800,0,,48.26,1,0,1
B022,2022-05-24 04:00:00,0,612E2790,0,,61.67,1,0,1
B022,2022-05-24 04:00:00,1,612E2800,0,,48.26,1,0,1
B022,2022-05-24 05:00:00,0,612E2790,0,,61.67,1,0,1
B022,2022-05-24 05:00:00,1,612E2800,0,,48.26,1,0,1
B022,2022-05-24 06:00:00,0,612E2790,0,,61.67,1,0,1
B022,2022-05-24 06:00:00,1,612E2800,0,,48.26,1,0,1
B022,2022-05-24 07:00:00,0,612E2790,0,,61.67,1,0,1
B022,2022-05-24 07:00:00,1,612E2800,0,,48.26,1,0,1
B022,2022-05-24 08:00:00,0,612E2790,0,,61.67,1,0,1
B022,2022-05-24 08:00:00,1,612E2800,0,,48.26,1,0,1
B022,2022-05-24 09:00:00,0,612E2790,0,,61.67,1,0,1
B022,2022-05-24 09:00:00,1,612E2800,0,,48.26,1,0,1
B022,2022-05-24 10:00:00,0,612E2790,0,,61.67,1,0,1
B022,2022-05-24 10:00:00,1,612E2800,0,,48.26,1,0,1
B022,2022-05-24 11:00:00,0,612E2790,0,,61.67,1,0,1
B022,2022-05-24 11:00:00,1,612E2800,0,,48.26,1,0,1
B022,2022-05-24 12:00:00,0,612E2790,0,,,1,0,0
B022,2022-05-24 12:00:00,1,612E2800,0,,48.26,1,0,1
B022,2022-05-24 13:00:00,0,612E2790,0,,,1,0,0
B022,2022-05-24 13:00:00,1,612E2800,0,,,1,0,0
B022,2022-05-24 14:00:00,0,612E2790,0,,,1,0,0
B022,2022-05-24 14:00:00,1,612E2800,0,,48.26,1,0,1
B022,2022-05-24 15:00:00,0,612E2790,0,,61.67,1,0,1
B022,2022-05-24 15:00:00,1,612E2800,0,,48.26,1,0,1
B022,2022-05-24 16:00:00,0,612E2790,0,,61.67,1,0,1
B022,2022-05-24 16:00:00,1,612E2800,0,,48.26,1,0,1
B022,2022-05-24 17:00:00,0,612E2790,0,,61.67,1,0,1
B022,2022-05-24 17:00:00,1,612E2800,0,,48.26,1,0,1
B022,2022-05-24 18:00:00,0,612E2790,0,,61.66,1,0,1
B022,2022-05-24 18:00:00,1,612E2800,0,,48.26,1,0,1
B022,2022-05-24 19:00:00,0,612E2790,0,,61.66,1,0,1
B022,2022-05-24 19:00:00,1,612E2800,0,,48.26,1,0,1
B022,2022-05-24 20:00:00,0,612E2790,0,,,1,0,0
B022,2022-05-24 20:00:00,1,612E2800,0,,48.26,1,0,1
B022,2022-05-24 21:00:00,0,612E2790,0,,,1,0,0
B022,2022-05-24 21:00:00,1,612E2800,0,,48.26,1,0,1
B022,2022-05-24 22:00:00,0,612E2790,0,,61.66,1,0,1
B022,2022-05-24 22:00:00,1,612E2800,0,,48.26,1,0,1
B022,2022-05-24 23:00:00,0,612E2790,0,,,1,0,0
B022,2022-05-24 23:00:00,1,612E2800,0,,48.26,1,0,1
B022,2022-05-25 00:00:00,0,612E2790,0,,,1,0,0
B022,2022-05-25 00:00:00,1,612E2800,0,,48.26,1,0,1
B022,2022-05-25 01:00:00,0,612E2790,0,,,1,0,0
B022,2022-05-25 01:00:00,1,612E2800,0,,48.26,1,0,1
B022,2022-05-25 02:00:00,0,612E2790,0,,,1,0,0
B022,2022-05-25 02:00:00,1,612E2800,0,,,1,0,0
B022,2022-05-25 03:00:00,0,612E2790,0,,,1,0,0
B022,2022-05-25 03:00:00,1,612E2800,0,,48.26,1,0,1
B022,2022-05-25 04:00:00,0,612E2790,0,,,1,0,0
B022,2022-05-25 04:00:00,1,612E2800,0,,48.26,1,0,1
B022,2022-05-25 05:00:00,0,612E2790,0,,,1,0,0
B022,2022-05-25 05:00:00,1,612E2800,0,,48.26,1,0,1
B022,2022-05-25 06:00:00,0,612E2790,0,,,1,0,0
B022,2022-05-25 06:00:00,1,612E2800,0,,48.26,1,0,1
B022,2022-05-25 07:00:00,0,612E2790,0,,61.66,1,0,1
B022,2022-05-25 07:00:00,1,612E2800,0,,48.26,1,0,1
B022,2022-05-25 08:00:00,0,612E2790,0,,,1,0,0
B022,2022-05-25 08:00:00,1,612E2800,0,,48.26,1,0,1
B022,2022-05-25 09:00:00,0,612E2790,0,,61.66,1,0,1
B022,2022-05-25 09:00:00,1,612E2800,0,,48.26,1,0,1
B022,2022-05-25 10:00:00,0,612E2790,0,,,1,0,0
B022,2022-05-25 10:00:00,1,612E2800,0,,48.26,1,0,1
B022,2022-05-25 11:00:00,0,612E2790,0,,61.66,1,0,1
B022,2022-05-25 11:00:00,1,612E2800,0,,48.26,1,0,1
B022,2022-05-25 12:00:00,0,612E2790,0,,,1,0,0
B022,2022-05-25 12:00:00,1,612E2800,0,,48.26,1,0,1
B022,2022-05-25 13:00:00,0,612E2790,0,,,1,0,0
B022,2022-05-25 13:00:00,1,612E2800,0,,48.26,1,0,1
B022,2022-05-25 14:00:00,0,612E2790,0,,,1,0,0
B022,2022-05-25 14:00:00,1,612E2800,0,,48.26,1,0,1
B022,2022-05-25 15:00:00,0,612E2790,0,,,1,0,0
B022,2022-05-25 15:00:00,1,612E2800,0,,48.26,1,0,1
B022,2022-05-25 16:00:00,0,612E2790,0,,61.66,1,0,1
B022,2022-05-25 16:00:00,1,612E2800,0,,48.26,1,0,1
B022,2022-05-25 17:00:00,0,612E2790,0,,61.66,1,0,1
B022,2022-05-25 17:00:00,1,612E2800,0,,48.25,1,0,1
B022,2022-05-25 18:00:00,0,612E2790,0,,61.66,1,0,1
B022,2022-05-25 18:00:00,1,612E2800,0,,48.25,1,0,1
B022,2022-05-25 19:00:00,0,612E2790,0.03879211974,,61.66,1,0,1
B022,2022-05-25 19:00:00,1,612E2800,0,,48.25,1,0,1
B022,2022-05-25 20:00:00,0,612E2790,0.0002680580448,,61.66,1,0,1
B022,2022-05-25 20:00:00,1,612E2800,0,,48.25,1,0,1
B022,2022-05-25 21:00:00,0,612E2790,0.005775825248,,61.66,1,0,1
B022,2022-05-25 21:00:00,1,612E2800,0.01182935701,,48.25,1,0,1
B022,2022-05-25 22:00:00,0,612E2790,0.06519706713,,61.66,1,0,1
B022,2022-05-25 22:00:00,1,612E2800,0.004042942194,,48.25,1,0,1
B022,2022-05-25 23:00:00,0,612E2790,4.37081327,,61.66,1,0,1
B022,2022-05-25 23:00:00,1,612E2800,1.502656799,,48.25,1,0,1
B022,2022-05-26 00:00:00,0,612E2790,2.8518877,,61.68,1,0,1
B022,2022-05-26 00:00:00,1,612E2800,1.075749087,,48.26,1,0,1
B022,2022-05-26 01:00:00,0,612E2790,1.37878809,,61.73,1,0,1
B022,2022-05-26 01:00:00,1,612E2800,0.7635729005,,48.26,1,0,1
B022,2022-05-26 02:00:00,0,612E2790,0.2055300388,,,1,0,0
B022,2022-05-26 02:00:00,1,612E2800,0.1072304329,,48.27,1,0,1
B022,2022-05-26 03:00:00,0,612E2790,0.6930336384,,61.92,1,0,1
B022,2022-05-26 03:00:00,1,612E2800,0.2147270303,,48.29,1,0,1
B022,2022-05-26 04:00:00,0,612E2790,0.3072119672,,62.06,1,0,1
B022,2022-05-26 04:00:00,1,612E2800,0.2387518242,,48.32,1,0,1
B022,2022-05-26 05:00:00,0,612E2790,0.6287920765,,62.16,1,0,1
B022,2022-05-26 05:00:00,1,612E2800,0.68351255,,48.37,1,0,1
B022,2022-05-26 06:00:00,0,612E2790,0.3226949829,,62.21,1,0,1
B022,2022-05-26 06:00:00,1,612E2800,0.1112733751,,48.5,1,0,1
B022,2022-05-26 07:00:00,0,612E2790,7.433836456,,62.25,1,0,1
B022,2022-05-26 07:00:00,1,612E2800,4.713346298,,48.57,1,0,1
B022,2022-05-26 08:00:00,0,612E2790,0.1247809338,,62.26,1,0,1
B022,2022-05-26 08:00:00,1,612E2800,0.01182935701,,48.6,1,0,1
B022,2022-05-26 09:00:00,0,612E2790,0.03906017779,,62.27,1,0,1
B022,2022-05-26 09:00:00,1,612E2800,0.06736664502,,48.62,1,0,1
B022,2022-05-26 10:00:00,0,612E2790,0.05432856834,,62.21,1,0,1
B022,2022-05-26 10:00:00,1,612E2800,0,,48.63,1,0,1
B022,2022-05-26 11:00:00,0,612E2790,0.3741801767,,62.15,1,0,1
B022,2022-05-26 11:00:00,1,612E2800,0.08728188641,,48.62,1,0,1
B022,2022-05-26 12:00:00,0,612E2790,0.3902527414,,62.12,1,0,1
B022,2022-05-26 12:00:00,1,612E2800,0.1153163173,,48.59,1,0,1
B022,2022-05-26 13:00:00,0,612E2790,0.3469397075,,,1,0,0
B022,2022-05-26 13:00:00,1,612E2800,0.2063416763,,48.56,1,0,1
B022,2022-05-26 14:00:00,0,612E2790,0.173601735,,62.08,1,0,1
B022,2022-05-26 14:00:00,1,612E2800,0,,48.53,1,0,1
B022,2022-05-26 15:00:00,0,612E2790,0.05432856834,,62.07,1,0,1
B022,2022-05-26 15:00:00,1,612E2800,0,,48.51,1,0,1
B022,2022-05-26 16:00:00,0,612E2790,0.03879211974,,,1,0,0
B022,2022-05-26 16:00:00,1,612E2800,0,,48.5,1,0,1
B022,2022-05-26 17:00:00,0,612E2790,0,,,1,0,0
B022,2022-05-26 17:00:00,1,612E2800,0,,48.49,1,0,1
B022,2022-05-26 18:00:00,0,612E2790,0,,,1,0,0
B022,2022-05-26 18:00:00,1,612E2800,0,,48.49,1,0,1
B022,2022-05-26 19:00:00,0,612E2790,0,,62.04,1,0,1
B022,2022-05-26 19:00:00,1,612E2800,0,,48.48,1,0,1
B022,2022-05-26 20:00:00,0,612E2790,0,,,1,0,0
B022,2022-05-26 20:00:00,1,612E2800,0,,48.47,1,0,1
B022,2022-05-26 21:00:00,0,612E2790,0,,62.02,1,0,1
B022,2022-05-26 21:00:00,1,612E2800,0,,48.47,1,0,1
B022,2022-05-26 22:00:00,0,612E2790,0,,62.02,1,0,1
B022,2022-05-26 22:00:00,1,612E2800,0,,48.46,1,0,1
B022,2022-05-26 23:00:00,0,612E2790,0,,62,1,0,1
B022,2022-05-26 23:00:00,1,612E2800,0,,48.45,1,0,1
B022,2022-05-27 00:00:00,0,612E2790,0,,61.99,1,0,1
B022,2022-05-27 00:00:00,1,612E2800,0,,48.45,1,0,1
B022,2022-05-27 01:00:00,0,612E2790,0,,61.99,1,0,1
B022,2022-05-27 01:00:00,1,612E2800,0,,48.45,1,0,1
B022,2022-05-27 02:00:00,0,612E2790,0,,61.97,1,0,1
B022,2022-05-27 02:00:00,1,612E2800,0,,48.44,1,0,1
B022,2022-05-27 03:00:00,0,612E2790,0,,61.96,1,0,1
B022,2022-05-27 03:00:00,1,612E2800,0,,48.43,1,0,1
B022,2022-05-27 04:00:00,0,612E2790,0,,61.96,1,0,1
B022,2022-05-27 04:00:00,1,612E2800,0,,48.42,1,0,1
B022,2022-05-27 05:00:00,0,612E2790,0,,61.95,1,0,1
B022,2022-05-27 05:00:00,1,612E2800,0,,48.42,1,0,1
B022,2022-05-27 06:00:00,0,612E2790,0,,61.94,1,0,1
B022,2022-05-27 06:00:00,1,612E2800,0,,48.42,1,0,1
B022,2022-05-27 07:00:00,0,612E2790,0.6726651412,,,1,0,0
B022,2022-05-27 07:00:00,1,612E2800,0.4679211711,,48.41,1,0,1
B022,2022-05-27 08:00:00,0,612E2790,0.3471437394,,61.93,1,0,1
B022,2022-05-27 08:00:00,1,612E2800,0.0158722992,,48.41,1,0,1
B022,2022-05-27 09:00:00,0,612E2790,0.9348228507,,61.92,1,0,1
B022,2022-05-27 09:00:00,1,612E2800,0.425144954,,48.4,1,0,1
B022,2022-05-27 10:00:00,0,612E2790,0.07097289238,,61.93,1,0,1
B022,2022-05-27 10:00:00,1,612E2800,0.1112733751,,48.4,1,0,1
B022,2022-05-27 11:00:00,0,612E2790,0.1796456183,,61.93,1,0,1
B022,2022-05-27 11:00:00,1,612E2800,0.07919600202,,48.4,1,0,1
B022,2022-05-27 12:00:00,0,612E2790,0.2235304116,,61.95,1,0,1
B022,2022-05-27 12:00:00,1,612E2800,0.1668106631,,48.4,1,0,1
B022,2022-05-27 13:00:00,0,612E2790,0.2086771147,,61.96,1,0,1
B022,2022-05-27 13:00:00,1,612E2800,0.09102535903,,48.4,1,0,1
B022,2022-05-27 14:00:00,0,612E2790,0.9440158409,,61.97,1,0,1
B022,2022-05-27 14:00:00,1,612E2800,0.7468362528,,48.41,1,0,1
B022,2022-05-27 15:00:00,0,612E2790,1.341599827,,61.98,1,0,1
B022,2022-05-27 15:00:00,1,612E2800,0.5919556171,,48.42,1,0,1
B022,2022-05-27 16:00:00,0,612E2790,0.005775825248,,,1,0,0
B022,2022-05-27 16:00:00,1,612E2800,0.1072304329,,48.44,1,0,1
B022,2022-05-27 17:00:00,0,612E2790,0.1960218843,,62.06,1,0,1
B022,2022-05-27 17:00:00,1,612E2800,0.246538239,,48.45,1,0,1
B022,2022-05-27 18:00:00,0,612E2790,0,,62.11,1,0,1
B022,2022-05-27 18:00:00,1,612E2800,0,,48.47,1,0,1
B022,2022-05-27 19:00:00,0,612E2790,0.1623224381,,62.15,1,0,1
B022,2022-05-27 19:00:00,1,612E2800,0.08728188641,,48.5,1,0,1
B022,2022-05-27 20:00:00,0,612E2790,0,,62.16,1,0,1
B022,2022-05-27 20:00:00,1,612E2800,0.02803443091,,48.53,1,0,1
B022,2022-05-27 21:00:00,0,612E2790,0.1039891869,,62.16,1,0,1
B022,2022-05-27 21:00:00,1,612E2800,0.004042942194,,48.55,1,0,1
B022,2022-05-27 22:00:00,0,612E2790,0.4982493309,,62.14,1,0,1
B022,2022-05-27 22:00:00,1,612E2800,1.26074554,,48.55,1,0,1
B022,2022-05-27 23:00:00,0,612E2790,0.7287193889,,62.15,1,0,1
B022,2022-05-27 23:00:00,1,612E2800,0.5058042437,,48.56,1,0,1
B022,2022-05-28 00:00:00,0,612E2790,0.03166024576,,62.2,1,0,1
B022,2022-05-28 00:00:00,1,612E2800,0.01182935701,,48.57,1,0,1
B022,2022-05-28 01:00:00,0,612E2790,0.03906017779,,62.25,1,0,1
B022,2022-05-28 01:00:00,1,612E2800,0,,48.59,1,0,1
B022,2022-05-28 02:00:00,0,612E2790,0.2126619128,,62.27,1,0,1
B022,2022-05-28 02:00:00,1,612E2800,0.02803443091,,48.61,1,0,1
B022,2022-05-28 03:00:00,0,612E2790,0.02588442051,,62.24,1,0,1
B022,2022-05-28 03:00:00,1,612E2800,0,,48.64,1,0,1
B022,2022-05-28 04:00:00,0,612E2790,0,,62.21,1,0,1
B022,2022-05-28 04:00:00,1,612E2800,0,,48.64,1,0,1
B022,2022-05-28 05:00:00,0,612E2790,0,,,1,0,0
B022,2022-05-28 05:00:00,1,612E2800,0,,48.62,1,0,1
B022,2022-05-28 06:00:00,0,612E2790,0,,,1,0,0
B022,2022-05-28 06:00:00,1,612E2800,0,,48.6,1,0,1
B022,2022-05-28 07:00:00,0,612E2790,9.581660323,,,1,0,0
B022,2022-05-28 07:00:00,1,612E2800,4.507656025,,48.58,1,0,1
B022,2022-05-28 08:00:00,0,612E2790,0,,,1,0,0
B022,2022-05-28 08:00:00,1,612E2800,0,,48.57,1,0,1
B022,2022-05-28 09:00:00,0,612E2790,0,,62.13,1,0,1
B022,2022-05-28 09:00:00,1,612E2800,0,,48.56,1,0,1
B022,2022-05-28 10:00:00,0,612E2790,0,,,1,0,0
B022,2022-05-28 10:00:00,1,612E2800,0,,48.55,1,0,1
B022,2022-05-28 11:00:00,0,612E2790,0,,,1,0,0
B022,2022-05-28 11:00:00,1,612E2800,0,,48.54,1,0,1
B022,2022-05-28 12:00:00,0,612E2790,0,,,1,0,0
B022,2022-05-28 12:00:00,1,612E2800,0,,48.53,1,0,1
B022,2022-05-28 13:00:00,0,612E2790,0,,,1,0,0
B022,2022-05-28 13:00:00,1,612E2800,0.06736664502,,48.52,1,0,1
B022,2022-05-28 14:00:00,0,612E2790,0.1511858812,,62.08,1,0,1
B022,2022-05-28 14:00:00,1,612E2800,0.0158722992,,48.51,1,0,1
B022,2022-05-28 15:00:00,0,612E2790,0.380492118,,62.07,1,0,1
B022,2022-05-28 15:00:00,1,612E2800,0.3179478262,,48.51,1,0,1
B022,2022-05-28 16:00:00,0,612E2790,0.05176884103,,62.07,1,0,1
B022,2022-05-28 16:00:00,1,612E2800,0.02803443091,,48.5,1,0,1
B022,2022-05-28 17:00:00,0,612E2790,0.09338874613,,62.07,1,0,1
B022,2022-05-28 17:00:00,1,612E2800,0.06736664502,,48.5,1,0,1
B022,2022-07-05 03:00:00,0,612E2790,0.7160894657,420.5,64.75,1,1,1
B022,2022-07-05 03:00:00,1,612E2800,0.6250287725,,50.2,1,0,1
B022,2022-07-05 04:00:00,0,612E2790,3.566106501,470.6,64.98,1,1,1
B022,2022-07-05 04:00:00,1,612E2800,0.9099375035,,50.51,1,0,1
B022,2022-07-05 05:00:00,0,612E2790,0.3457003856,418.4,64.74,1,1,1
B022,2022-07-05 05:00:00,1,612E2800,0.07140958721,,50.68,1,0,1
B022,2022-07-05 06:00:00,0,612E2790,0,,,1,0,0
B022,2022-07-05 06:00:00,1,612E2800,0,,50.56,1,0,1
B022,2022-07-05 07:00:00,0,612E2790,50.55805066,,,1,0,0
B022,2022-07-05 07:00:00,1,612E2800,20.85554549,,50.34,1,0,1
B022,2022-07-05 08:00:00,0,612E2790,0,,,1,0,0
B022,2022-07-05 08:00:00,1,612E2800,0,,50.16,1,0,1
B022,2022-07-05 09:00:00,0,612E2790,0,,,1,0,0
B022,2022-07-05 09:00:00,1,612E2800,0,,49.98,1,0,1
B022,2022-07-05 10:00:00,0,612E2790,0,232.2,63.63,1,1,1
B022,2022-07-05 10:00:00,1,612E2800,0,,49.82,1,0,1
B022,2022-07-05 11:00:00,0,612E2790,0,,,1,0,0
B022,2022-07-05 11:00:00,1,612E2800,0,,49.68,1,0,1
B022,2022-07-05 12:00:00,0,612E2790,0,187.8,63.28,1,1,1
B022,2022-07-05 12:00:00,1,612E2800,0,,49.56,1,0,1
B022,2022-07-05 13:00:00,0,612E2790,0.03879211974,,,1,0,0
B022,2022-07-05 13:00:00,1,612E2800,0.2020999351,,49.44,1,0,1
B022,2022-07-05 14:00:00,0,612E2790,1.927780358,169.1,63.11,1,1,1
B022,2022-07-05 14:00:00,1,612E2800,2.394065166,,49.35,1,0,1
B022,2022-07-05 15:00:00,0,612E2790,0.06519706713,164.7,63.07,1,1,1
B022,2022-07-05 15:00:00,1,612E2800,0.004042942194,,49.29,1,0,1
B022,2022-07-05 16:00:00,0,612E2790,0,162.5,63.05,1,1,1
B022,2022-07-05 16:00:00,1,612E2800,0,,49.25,1,0,1
B022,2022-07-05 17:00:00,0,612E2790,0,155.9,62.99,1,1,1
B022,2022-07-05 17:00:00,1,612E2800,0,,49.22,1,0,1
B022,2022-07-05 18:00:00,0,612E2790,0,146,62.9,1,1,1
B022,2022-07-05 18:00:00,1,612E2800,0,,49.18,1,0,1
B022,2022-07-05 19:00:00,0,612E2790,0,,62.83,1,0,1
B022,2022-07-05 19:00:00,1,612E2800,0,,49.11,1,0,1
B022,2022-07-05 20:00:00,0,612E2790,0,,62.76,1,0,1
B022,2022-07-05 20:00:00,1,612E2800,0,,49.05,1,0,1
B022,2022-07-05 21:00:00,0,612E2790,0,,,1,0,0
B022,2022-07-05 21:00:00,1,612E2800,0,,49.01,1,0,1
B022,2022-07-05 22:00:00,0,612E2790,0,,62.67,1,0,1
B022,2022-07-05 22:00:00,1,612E2800,0,,48.97,1,0,1
B022,2022-07-05 23:00:00,0,612E2790,0,,,1,0,0
B022,2022-07-05 23:00:00,1,612E2800,0,,48.93,1,0,1
B022,2022-07-06 00:00:00,0,612E2790,0,,,1,0,0
B022,2022-07-06 00:00:00,1,612E2800,0,,48.9,1,0,1
B022,2022-07-06 01:00:00,0,612E2790,0.005775825248,,62.56,1,0,1
B022,2022-07-06 01:00:00,1,612E2800,0.2361048043,,48.87,1,0,1
B022,2022-07-06 02:00:00,0,612E2790,3.068453693,,62.53,1,0,1
B022,2022-07-06 02:00:00,1,612E2800,1.20134495,,48.85,1,0,1
B022,2022-07-06 03:00:00,0,612E2790,1.260298185,,62.54,1,0,1
B022,2022-07-06 03:00:00,1,612E2800,0.492511599,,48.84,1,0,1
B022,2022-07-06 04:00:00,0,612E2790,0.5313407499,,62.6,1,0,1
B022,2022-07-06 04:00:00,1,612E2800,0.2860692522,,48.83,1,0,1
B022,2022-07-06 05:00:00,0,612E2790,0.06090856772,,62.69,1,0,1
B022,2022-07-06 05:00:00,1,612E2800,0.07919600202,,48.86,1,0,1
B022,2022-07-06 06:00:00,0,612E2790,0,,62.7,1,0,1
B022,2022-07-06 06:00:00,1,612E2800,0,,48.93,1,0,1
B022,2022-07-06 07:00:00,0,612E2790,7.975732697,,62.68,1,0,1
B022,2022-07-06 07:00:00,1,612E2800,4.89543465,,48.95,1,0,1
B022,2022-07-06 08:00:00,0,612E2790,0,,62.65,1,0,1
B022,2022-07-06 08:00:00,1,612E2800,0,,48.93,1,0,1
B022,2022-07-06 09:00:00,0,612E2790,0,,62.59,1,0,1
B022,2022-07-06 09:00:00,1,612E2800,0,,48.91,1,0,1
B022,2022-07-06 10:00:00,0,612E2790,0,,62.57,1,0,1
B022,2022-07-06 10:00:00,1,612E2800,0,,48.88,1,0,1
B022,2022-07-06 11:00:00,0,612E2790,0,,,1,0,0
B022,2022-07-06 11:00:00,1,612E2800,0,,48.85,1,0,1
B022,2022-07-06 12:00:00,0,612E2790,0,,,1,0,0
B022,2022-07-06 12:00:00,1,612E2800,0,,48.82,1,0,1
B022,2022-07-06 13:00:00,0,612E2790,0,,,1,0,0
B022,2022-07-06 13:00:00,1,612E2800,0,,48.8,1,0,1
B022,2022-07-06 14:00:00,0,612E2790,0,,,1,0,0
B022,2022-07-06 14:00:00,1,612E2800,0,,48.79,1,0,1
B022,2022-07-06 15:00:00,0,612E2790,0,,62.46,1,0,1
B022,2022-07-06 15:00:00,1,612E2800,0,,48.77,1,0,1
B022,2022-07-06 16:00:00,0,612E2790,0,,,1,0,0
B022,2022-07-06 16:00:00,1,612E2800,0,,48.76,1,0,1
B022,2022-07-06 17:00:00,0,612E2790,0,,62.43,1,0,1
B022,2022-07-06 17:00:00,1,612E2800,0,,48.75,1,0,1
B022,2022-07-06 18:00:00,0,612E2790,0,,62.41,1,0,1
B022,2022-07-06 18:00:00,1,612E2800,0,,48.74,1,0,1
B022,2022-07-06 19:00:00,0,612E2790,0,,62.39,1,0,1
B022,2022-07-06 19:00:00,1,612E2800,0,,48.72,1,0,1
B022,2022-07-06 20:00:00,0,612E2790,0,,62.38,1,0,1
B022,2022-07-06 20:00:00,1,612E2800,0,,48.71,1,0,1
B022,2022-07-06 21:00:00,0,612E2790,0,,62.37,1,0,1
B022,2022-07-06 21:00:00,1,612E2800,0,,48.7,1,0,1
B022,2022-07-06 22:00:00,0,612E2790,0,,62.36,1,0,1
B022,2022-07-06 22:00:00,1,612E2800,0,,48.69,1,0,1
B022,2022-07-06 23:00:00,0,612E2790,0,,,1,0,0
B022,2022-07-06 23:00:00,1,612E2800,0,,48.68,1,0,1
B022,2022-07-07 00:00:00,0,612E2790,0,,,1,0,0
B022,2022-07-07 00:00:00,1,612E2800,0,,48.67,1,0,1
B022,2022-07-07 01:00:00,0,612E2790,0,,62.32,1,0,1
B022,2022-07-07 01:00:00,1,612E2800,0,,48.66,1,0,1
B022,2022-07-07 02:00:00,0,612E2790,0,,,1,0,0
B022,2022-07-07 02:00:00,1,612E2800,0,,48.66,1,0,1
B022,2022-07-07 03:00:00,0,612E2790,0.2100865962,,,1,0,0
B022,2022-07-07 03:00:00,1,612E2800,0.004042942194,,48.65,1,0,1
B022,2022-07-07 04:00:00,0,612E2790,0.06519706713,,62.29,1,0,1
B022,2022-07-07 04:00:00,1,612E2800,0.004042942194,,48.64,1,0,1
B022,2022-07-07 05:00:00,0,612E2790,0,,62.28,1,0,1
B022,2022-07-07 05:00:00,1,612E2800,0,,48.64,1,0,1
B022,2022-07-07 06:00:00,0,612E2790,2.091916344,,62.27,1,0,1
B022,2022-07-07 06:00:00,1,612E2800,0.008085884388,,48.63,1,0,1
B022,2022-07-07 07:00:00,0,612E2790,17.47007527,,62.27,1,0,1
B022,2022-07-07 07:00:00,1,612E2800,7.415762667,,48.59,1,0,1
B022,2022-07-07 08:00:00,0,612E2790,0.2371401082,,62.43,1,0,1
B022,2022-07-07 08:00:00,1,612E2800,2.496796,,48.65,1,0,1
B022,2022-07-07 09:00:00,0,612E2790,0.06519706713,169.1,63.11,1,1,1
B022,2022-07-07 09:00:00,1,612E2800,0.004042942194,,48.84,1,0,1
B022,2022-07-07 10:00:00,0,612E2790,0,309.9,64.17,1,1,1
B022,2022-07-07 10:00:00,1,612E2800,0,,49.32,1,0,1
B022,2022-07-07 11:00:00,0,612E2790,0.2199140413,281.2,63.98,1,1,1
B022,2022-07-07 11:00:00,1,612E2800,0,,50.04,1,0,1
B022,2022-07-07 12:00:00,0,612E2790,0.3831987288,240.6,63.69,1,1,1
B022,2022-07-07 12:00:00,1,612E2800,0.5454507578,,49.95,1,0,1
B022,2022-07-07 13:00:00,0,612E2790,0,217.6,63.52,1,1,1
B022,2022-07-07 13:00:00,1,612E2800,0.1121377236,,49.74,1,0,1
B022,2022-07-07 14:00:00,0,612E2790,0.09312068808,200.8,63.39,1,1,1
B022,2022-07-07 14:00:00,1,612E2800,0,,49.61,1,0,1
B022,2022-07-07 15:00:00,0,612E2790,0,185.6,63.26,1,1,1
B022,2022-07-07 15:00:00,1,612E2800,0,,49.52,1,0,1
B022,2022-07-07 16:00:00,0,612E2790,0,173.5,63.15,1,1,1
B022,2022-07-07 16:00:00,1,612E2800,0,,49.41,1,0,1
B022,2022-07-07 17:00:00,0,612E2790,0,163.6,63.06,1,1,1
B022,2022-07-07 17:00:00,1,612E2800,0,,49.32,1,0,1
B022,2022-07-07 18:00:00,0,612E2790,0,157,63,1,1,1
B022,2022-07-07 18:00:00,1,612E2800,0,,49.25,1,0,1
B022,2022-07-07 19:00:00,0,612E2790,0,149.3,62.93,1,1,1
B022,2022-07-07 19:00:00,1,612E2800,0,,49.19,1,0,1
B022,2022-07-07 20:00:00,0,612E2790,0.03879211974,141.3,62.86,1,1,1
B022,2022-07-07 20:00:00,1,612E2800,0,,49.14,1,0,1
B022,2022-07-07 21:00:00,0,612E2790,0.3815779084,,62.81,1,0,1
B022,2022-07-07 21:00:00,1,612E2800,0.0158722992,,49.09,1,0,1
B022,2022-07-07 22:00:00,0,612E2790,0,,62.77,1,0,1
B022,2022-07-07 22:00:00,1,612E2800,0,,49.05,1,0,1
B022,2022-07-07 23:00:00,0,612E2790,0,,62.72,1,0,1
B022,2022-07-07 23:00:00,1,612E2800,0,,49.01,1,0,1
B022,2022-07-08 00:00:00,0,612E2790,0,,,1,0,0
B022,2022-07-08 00:00:00,1,612E2800,0,,48.98,1,0,1
B022,2022-07-08 01:00:00,0,612E2790,0,,,1,0,0
B022,2022-07-08 01:00:00,1,612E2800,0,,48.95,1,0,1
B022,2022-07-08 02:00:00,0,612E2790,0,,62.63,1,0,1
B022,2022-07-08 02:00:00,1,612E2800,0,,48.92,1,0,1
B022,2022-07-08 03:00:00,0,612E2790,0,,62.6,1,0,1
B022,2022-07-08 03:00:00,1,612E2800,0,,48.9,1,0,1
B022,2022-07-08 04:00:00,0,612E2790,0,,62.57,1,0,1
B022,2022-07-08 04:00:00,1,612E2800,0,,48.88,1,0,1
B022,2022-07-08 05:00:00,0,612E2790,0.02588442051,,62.55,1,0,1
B022,2022-07-08 05:00:00,1,612E2800,0,,48.85,1,0,1
B022,2022-07-08 06:00:00,0,612E2790,0,,62.53,1,0,1
B022,2022-07-08 06:00:00,1,612E2800,0,,48.83,1,0,1
B022,2022-07-08 07:00:00,0,612E2790,1.444825082,,62.5,1,0,1
B022,2022-07-08 07:00:00,1,612E2800,3.174299723,,48.82,1,0,1
B022,2022-07-08 08:00:00,0,612E2790,0,,62.48,1,0,1
B022,2022-07-08 08:00:00,1,612E2800,0,,48.8,1,0,1
B022,2022-07-08 09:00:00,0,612E2790,0,,62.46,1,0,1
B022,2022-07-08 09:00:00,1,612E2800,0,,48.78,1,0,1
B022,2022-07-08 10:00:00,0,612E2790,0,,62.44,1,0,1
B022,2022-07-08 10:00:00,1,612E2800,0.02803443091,,48.77,1,0,1
B022,2022-07-08 11:00:00,0,612E2790,0,,,1,0,0
B022,2022-07-08 11:00:00,1,612E2800,0,,48.76,1,0,1
B022,2022-07-08 12:00:00,0,612E2790,0,,,1,0,0
B022,2022-07-08 12:00:00,1,612E2800,0,,48.74,1,0,1
B022,2022-07-08 13:00:00,0,612E2790,0,,62.37,1,0,1
B022,2022-07-08 13:00:00,1,612E2800,0,,48.73,1,0,1
B022,2022-07-08 14:00:00,0,612E2790,0,,,1,0,0
B022,2022-07-08 14:00:00,1,612E2800,0,,48.71,1,0,1
B022,2022-07-08 15:00:00,0,612E2790,0,,,1,0,0
B022,2022-07-08 15:00:00,1,612E2800,0,,48.7,1,0,1
B022,2022-07-08 16:00:00,0,612E2790,0,,,1,0,0
B022,2022-07-08 16:00:00,1,612E2800,0,,48.69,1,0,1
B022,2022-07-08 17:00:00,0,612E2790,0,,62.33,1,0,1
B022,2022-07-08 17:00:00,1,612E2800,0,,48.68,1,0,1
B022,2022-07-08 18:00:00,0,612E2790,0,,62.29,1,0,1
B022,2022-07-08 18:00:00,1,612E2800,0,,48.67,1,0,1
B022,2022-07-08 19:00:00,0,612E2790,0,,62.29,1,0,1
B022,2022-07-08 19:00:00,1,612E2800,0,,48.66,1,0,1
B022,2022-07-08 20:00:00,0,612E2790,0,,62.28,1,0,1
B022,2022-07-08 20:00:00,1,612E2800,0,,48.63,1,0,1
B022,2022-07-08 21:00:00,0,612E2790,0,,62.27,1,0,1
B022,2022-07-08 21:00:00,1,612E2800,0,,48.63,1,0,1
B022,2022-07-08 22:00:00,0,612E2790,0,,62.26,1,0,1
B022,2022-07-08 22:00:00,1,612E2800,0,,48.63,1,0,1
B022,2022-07-08 23:00:00,0,612E2790,0,,62.26,1,0,1
B022,2022-07-08 23:00:00,1,612E2800,0,,48.62,1,0,1
B022,2022-07-09 00:00:00,0,612E2790,0,,62.24,1,0,1
B022,2022-07-09 00:00:00,1,612E2800,0,,48.61,1,0,1
B022,2022-07-09 01:00:00,0,612E2790,0,,62.23,1,0,1
B022,2022-07-09 01:00:00,1,612E2800,0,,48.61,1,0,1
B022,2022-07-09 02:00:00,0,612E2790,0,,62.22,1,0,1
B022,2022-07-09 02:00:00,1,612E2800,0,,48.61,1,0,1
B022,2022-07-09 03:00:00,0,612E2790,0,,62.22,1,0,1
B022,2022-07-09 03:00:00,1,612E2800,0,,48.6,1,0,1
B022,2022-07-09 04:00:00,0,612E2790,0,,62.21,1,0,1
B022,2022-07-09 04:00:00,1,612E2800,0,,48.6,1,0,1
B022,2022-07-09 05:00:00,0,612E2790,0,,62.2,1,0,1
B022,2022-07-09 05:00:00,1,612E2800,0,,48.59,1,0,1
B022,2022-07-09 06:00:00,0,612E2790,0,,62.2,1,0,1
B022,2022-07-09 06:00:00,1,612E2800,0,,48.58,1,0,1
B022,2022-07-09 07:00:00,0,612E2790,0,,62.19,1,0,1
B022,2022-07-09 07:00:00,1,612E2800,0.02803443091,,48.58,1,0,1
B022,2022-07-09 08:00:00,0,612E2790,0,,62.19,1,0,1
B022,2022-07-09 08:00:00,1,612E2800,0,,48.58,1,0,1
B022,2022-07-09 09:00:00,0,612E2790,0,,62.18,1,0,1
B022,2022-07-09 09:00:00,1,612E2800,0,,48.57,1,0,1
B022,2022-07-09 10:00:00,0,612E2790,0,,62.17,1,0,1
B022,2022-07-09 10:00:00,1,612E2800,0,,48.57,1,0,1
B022,2022-07-09 11:00:00,0,612E2790,0,,62.16,1,0,1
B022,2022-07-09 11:00:00,1,612E2800,0,,48.56,1,0,1
B022,2022-07-09 12:00:00,0,612E2790,0,,62.15,1,0,1
B022,2022-07-09 12:00:00,1,612E2800,0,,48.56,1,0,1
B022,2022-07-09 13:00:00,0,612E2790,0,,62.15,1,0,1
B022,2022-07-09 13:00:00,1,612E2800,0,,48.55,1,0,1
B022,2022-07-09 14:00:00,0,612E2790,0,,62.14,1,0,1
B022,2022-07-09 14:00:00,1,612E2800,0,,48.54,1,0,1
B022,2022-07-09 15:00:00,0,612E2790,0,,62.12,1,0,1
B022,2022-07-09 15:00:00,1,612E2800,0,,48.53,1,0,1
B022,2022-07-09 16:00:00,0,612E2790,0,,62.12,1,0,1
B022,2022-07-09 16:00:00,1,612E2800,0,,48.53,1,0,1
B022,2022-07-09 17:00:00,0,612E2790,0,,62.11,1,0,1
B022,2022-07-09 17:00:00,1,612E2800,0,,48.52,1,0,1
B022,2022-07-09 18:00:00,0,612E2790,0,,62.11,1,0,1
B022,2022-07-09 18:00:00,1,612E2800,0,,48.51,1,0,1
B022,2022-07-09 19:00:00,0,612E2790,0,,62.1,1,0,1
B022,2022-07-09 19:00:00,1,612E2800,0,,48.51,1,0,1
B022,2022-07-09 20:00:00,0,612E2790,0,,62.09,1,0,1
B022,2022-07-09 20:00:00,1,612E2800,0,,48.4,1,0,1
B022,2022-07-09 21:00:00,0,612E2790,0,,62.09,1,0,1
B022,2022-07-09 21:00:00,1,612E2800,0,,48.49,1,0,1
B022,2022-07-09 22:00:00,0,612E2790,0,,62.08,1,0,1
B022,2022-07-09 22:00:00,1,612E2800,0,,48.49,1,0,1
B022,2022-07-19 15:00:00,0,612E2790,0,,,1,0,0
B022,2022-07-19 15:00:00,1,612E2800,0,,48.24,1,0,1
B022,2022-07-19 16:00:00,0,612E2790,0,,61.67,1,0,1
B022,2022-07-19 16:00:00,1,612E2800,0,,,1,0,0
B022,2022-07-19 17:00:00,0,612E2790,0,,,1,0,0
B022,2022-07-19 17:00:00,1,612E2800,0,,48.24,1,0,1
B022,2022-07-19 18:00:00,0,612E2790,0,,61.66,1,0,1
B022,2022-07-19 18:00:00,1,612E2800,0,,48.24,1,0,1
B022,2022-07-19 19:00:00,0,612E2790,0,,61.66,1,0,1
B022,2022-07-19 19:00:00,1,612E2800,0,,48.25,1,0,1
B022,2022-07-19 20:00:00,0,612E2790,0,,,1,0,0
B022,2022-07-19 20:00:00,1,612E2800,0,,48.25,1,0,1
B022,2022-07-19 21:00:00,0,612E2790,0,,,1,0,0
B022,2022-07-19 21:00:00,1,612E2800,0,,48.24,1,0,1
B022,2022-07-19 22:00:00,0,612E2790,0,,,1,0,0
B022,2022-07-19 22:00:00,1,612E2800,0,,48.24,1,0,1
B022,2022-07-19 23:00:00,0,612E2790,0,,61.66,1,0,1
B022,2022-07-19 23:00:00,1,612E2800,0,,48.24,1,0,1
B022,2022-07-20 00:00:00,0,612E2790,0,,,1,0,0
B022,2022-07-20 00:00:00,1,612E2800,0,,48.24,1,0,1
B022,2022-07-20 01:00:00,0,612E2790,0,,61.66,1,0,1
B022,2022-07-20 01:00:00,1,612E2800,0,,48.24,1,0,1
B022,2022-07-20 02:00:00,0,612E2790,0,,61.65,1,0,1
B022,2022-07-20 02:00:00,1,612E2800,0,,48.24,1,0,1
B022,2022-07-20 03:00:00,0,612E2790,0,,61.65,1,0,1
B022,2022-07-20 03:00:00,1,612E2800,0,,48.24,1,0,1
B022,2022-07-20 04:00:00,0,612E2790,0,,,1,0,0
B022,2022-07-20 04:00:00,1,612E2800,0,,48.24,1,0,1
B022,2022-07-20 05:00:00,0,612E2790,0,,61.65,1,0,1
B022,2022-07-20 05:00:00,1,612E2800,0,,48.24,1,0,1
B022,2022-07-20 06:00:00,0,612E2790,0,,61.65,1,0,1
B022,2022-07-20 06:00:00,1,612E2800,0,,48.24,1,0,1
B022,2022-07-20 07:00:00,0,612E2790,0.3773805161,,,1,0,0
B022,2022-07-20 07:00:00,1,612E2800,0.532408692,,48.24,1,0,1
B022,2022-07-20 08:00:00,0,612E2790,0,,,1,0,0
B022,2022-07-20 08:00:00,1,612E2800,0,,48.24,1,0,1
B022,2022-07-20 09:00:00,0,612E2790,0,,61.65,1,0,1
B022,2022-07-20 09:00:00,1,612E2800,0,,48.24,1,0,1
B022,2022-07-20 10:00:00,0,612E2790,0,,,1,0,0
B022,2022-07-20 10:00:00,1,612E2800,0,,48.24,1,0,1
B022,2022-07-20 11:00:00,0,612E2790,0,,,1,0,0
B022,2022-07-20 11:00:00,1,612E2800,0,,48.24,1,0,1
B022,2022-07-20 12:00:00,0,612E2790,0,,61.65,1,0,1
B022,2022-07-20 12:00:00,1,612E2800,0,,48.24,1,0,1
B022,2022-07-20 13:00:00,0,612E2790,0,,61.65,1,0,1
B022,2022-07-20 13:00:00,1,612E2800,0,,48.24,1,0,1
B022,2022-07-20 14:00:00,0,612E2790,0,,,1,0,0
B022,2022-07-20 14:00:00,1,612E2800,0,,48.24,1,0,1
B022,2022-07-20 15:00:00,0,612E2790,0,,,1,0,0
B022,2022-07-20 15:00:00,1,612E2800,0,,48.24,1,0,1
B022,2022-07-20 16:00:00,0,612E2790,0.07765326154,,,1,0,0
B022,2022-07-20 16:00:00,1,612E2800,0,,48.24,1,0,1
B022,2022-07-20 17:00:00,0,612E2790,0,,61.64,1,0,1
B022,2022-07-20 17:00:00,1,612E2800,0,,48.24,1,0,1
B022,2022-07-20 18:00:00,0,612E2790,0.5215765371,,61.64,1,0,1
B022,2022-07-20 18:00:00,1,612E2800,0.03234353755,,48.24,1,0,1
B022,2022-07-20 19:00:00,0,612E2790,0.1303941343,,61.64,1,0,1
B022,2022-07-20 19:00:00,1,612E2800,0.008085884388,,48.24,1,0,1
B022,2022-07-20 20:00:00,0,612E2790,0.05459662638,,61.66,1,0,1
B022,2022-07-20 20:00:00,1,612E2800,0,,48.24,1,0,1
B022,2022-07-20 21:00:00,0,612E2790,0,,61.67,1,0,1
B022,2022-07-20 21:00:00,1,612E2800,0,,48.24,1,0,1
B022,2022-07-20 22:00:00,0,612E2790,0,,,1,0,0
B022,2022-07-20 22:00:00,1,612E2800,0,,48.24,1,0,1
B022,2022-07-20 23:00:00,0,612E2790,0,,,1,0,0
B022,2022-07-20 23:00:00,1,612E2800,0,,48.24,1,0,1
B022,2022-07-21 00:00:00,0,612E2790,0,,,1,0,0
B022,2022-07-21 00:00:00,1,612E2800,0,,48.24,1,0,1
B022,2022-07-21 01:00:00,0,612E2790,0,,61.68,1,0,1
B022,2022-07-21 01:00:00,1,612E2800,0,,48.25,1,0,1
B022,2022-07-21 02:00:00,0,612E2790,0,,61.67,1,0,1
B022,2022-07-21 02:00:00,1,612E2800,0,,48.25,1,0,1
B022,2022-07-21 03:00:00,0,612E2790,0,,61.66,1,0,1
B022,2022-07-21 03:00:00,1,612E2800,0,,48.26,1,0,1
B022,2022-07-21 04:00:00,0,612E2790,0,,61.66,1,0,1
B022,2022-07-21 04:00:00,1,612E2800,0,,48.25,1,0,1
B022,2022-07-21 05:00:00,0,612E2790,0.02588442051,,61.65,1,0,1
B022,2022-07-21 05:00:00,1,612E2800,0,,48.25,1,0,1
B022,2022-07-21 06:00:00,0,612E2790,0,,,1,0,0
B022,2022-07-21 06:00:00,1,612E2800,0,,48.25,1,0,1
B022,2022-07-21 07:00:00,0,612E2790,2.421304267,,61.65,1,0,1
B022,2022-07-21 07:00:00,1,612E2800,0.04042942194,,48.25,1,0,1
B022,2022-07-21 08:00:00,0,612E2790,0,,61.65,1,0,1
B022,2022-07-21 08:00:00,1,612E2800,0,,48.25,1,0,1
B022,2022-07-21 09:00:00,0,612E2790,0,,,1,0,0
B022,2022-07-21 09:00:00,1,612E2800,0,,48.24,1,0,1
B022,2022-07-21 10:00:00,0,612E2790,0,,,1,0,0
B022,2022-07-21 10:00:00,1,612E2800,0,,48.24,1,0,1
B022,2022-07-21 11:00:00,0,612E2790,0,,61.65,1,0,1
B022,2022-07-21 11:00:00,1,612E2800,0,,48.24,1,0,1
B022,2022-07-21 12:00:00,0,612E2790,0,,61.65,1,0,1
B022,2022-07-21 12:00:00,1,612E2800,0,,48.24,1,0,1
B022,2022-07-21 13:00:00,0,612E2790,0,,61.65,1,0,1
B022,2022-07-21 13:00:00,1,612E2800,0,,48.24,1,0,1
B022,2022-07-21 14:00:00,0,612E2790,0,,61.65,1,0,1
B022,2022-07-21 14:00:00,1,612E2800,0,,48.24,1,0,1
B022,2022-07-21 15:00:00,0,612E2790,0.2017778248,,61.65,1,0,1
B022,2022-07-21 15:00:00,1,612E2800,0,,48.24,1,0,1
B022,2022-07-21 16:00:00,0,612E2790,0.5950545244,,61.64,1,0,1
B022,2022-07-21 16:00:00,1,612E2800,0,,48.24,1,0,1
B022,2022-07-21 17:00:00,0,612E2790,7.066202743,,61.64,1,0,1
B022,2022-07-21 17:00:00,1,612E2800,1.554253325,,48.24,1,0,1
B022,2022-07-21 18:00:00,0,612E2790,0.2839028632,,61.71,1,0,1
B022,2022-07-21 18:00:00,1,612E2800,0.08323894422,,48.24,1,0,1
B022,2022-07-21 19:00:00,0,612E2790,0.02615247856,,,1,0,0
B022,2022-07-21 19:00:00,1,612E2800,0,,48.24,1,0,1
B022,2022-07-21 20:00:00,0,612E2790,0,,62.01,1,0,1
B022,2022-07-21 20:00:00,1,612E2800,0,,48.24,1,0,1
B022,2022-07-21 21:00:00,0,612E2790,0,,62.17,1,0,1
B022,2022-07-21 21:00:00,1,612E2800,0,,48.26,1,0,1
B022,2022-07-21 22:00:00,0,612E2790,0.06519706713,,62.09,1,0,1
B022,2022-07-21 22:00:00,1,612E2800,0.004042942194,,48.4,1,0,1
B022,2022-07-21 23:00:00,0,612E2790,0,,62.02,1,0,1
B022,2022-07-21 23:00:00,1,612E2800,0,,48.5,1,0,1
B022,2022-07-22 00:00:00,0,612E2790,0,,61.97,1,0,1
B022,2022-07-22 00:00:00,1,612E2800,0,,48.47,1,0,1
B022,2022-07-22 01:00:00,0,612E2790,0,,61.92,1,0,1
B022,2022-07-22 01:00:00,1,612E2800,0,,48.43,1,0,1
B022,2022-07-22 02:00:00,0,612E2790,0,,,1,0,0
B022,2022-07-22 02:00:00,1,612E2800,0,,48.41,1,0,1
B022,2022-07-22 03:00:00,0,612E2790,0,,61.86,1,0,1
B022,2022-07-22 03:00:00,1,612E2800,0,,48.38,1,0,1
B022,2022-07-22 04:00:00,0,612E2790,0,,,1,0,0
B022,2022-07-22 04:00:00,1,612E2800,0,,48.36,1,0,1
B022,2022-07-22 05:00:00,0,612E2790,0,,61.82,1,0,1
B022,2022-07-22 05:00:00,1,612E2800,0,,48.35,1,0,1
B022,2022-07-22 06:00:00,0,612E2790,0,,61.8,1,0,1
B022,2022-07-22 06:00:00,1,612E2800,0,,48.34,1,0,1
B022,2022-07-22 07:00:00,0,612E2790,9.602683365,,,1,0,0
B022,2022-07-22 07:00:00,1,612E2800,1.641535212,,48.33,1,0,1
B022,2022-07-22 08:00:00,0,612E2790,0,,61.77,1,0,1
B022,2022-07-22 08:00:00,1,612E2800,0,,48.32,1,0,1
B022,2022-07-22 09:00:00,0,612E2790,0,,,1,0,0
B022,2022-07-22 09:00:00,1,612E2800,0,,48.31,1,0,1
B022,2022-07-22 10:00:00,0,612E2790,0,,61.75,1,0,1
B022,2022-07-22 10:00:00,1,612E2800,0,,48.3,1,0,1
B022,2022-07-22 11:00:00,0,612E2790,0,,61.75,1,0,1
B022,2022-07-22 11:00:00,1,612E2800,0,,48.3,1,0,1
B022,2022-07-22 12:00:00,0,612E2790,0,,61.74,1,0,1
B022,2022-07-22 12:00:00,1,612E2800,0,,,1,0,0
B022,2022-07-22 13:00:00,0,612E2790,0,,61.73,1,0,1
B022,2022-07-22 13:00:00,1,612E2800,0,,48.29,1,0,1
B022,2022-07-22 14:00:00,0,612E2790,0,,61.71,1,0,1
B022,2022-07-22 14:00:00,1,612E2800,0,,48.29,1,0,1
B022,2022-07-22 15:00:00,0,612E2790,0,,,1,0,0
B022,2022-07-22 15:00:00,1,612E2800,0,,48.28,1,0,1
B022,2022-07-22 16:00:00,0,612E2790,0,,,1,0,0
B022,2022-07-22 16:00:00,1,612E2800,0,,48.28,1,0,1
B022,2022-07-22 17:00:00,0,612E2790,0,,,1,0,0
B022,2022-07-22 17:00:00,1,612E2800,0,,48.27,1,0,1
B022,2022-07-22 18:00:00,0,612E2790,0,,,1,0,0
B022,2022-07-22 18:00:00,1,612E2800,0,,48.27,1,0,1
B022,2022-07-22 19:00:00,0,612E2790,0,,61.67,1,0,1
B022,2022-07-22 19:00:00,1,612E2800,0,,48.27,1,0,1
B022,2022-07-22 20:00:00,0,612E2790,0,,61.67,1,0,1
B022,2022-07-22 20:00:00,1,612E2800,0,,48.26,1,0,1
B022,2022-07-22 21:00:00,0,612E2790,0,,61.66,1,0,1
B022,2022-07-22 21:00:00,1,612E2800,0,,48.25,1,0,1
B022,2022-07-22 22:00:00,0,612E2790,0,,61.66,1,0,1
B022,2022-07-22 22:00:00,1,612E2800,0,,48.25,1,0,1
B022,2022-07-22 23:00:00,0,612E2790,0,,61.66,1,0,1
B022,2022-07-22 23:00:00,1,612E2800,0,,48.25,1,0,1
B022,2022-07-23 00:00:00,0,612E2790,0,,61.65,1,0,1
B022,2022-07-23 00:00:00,1,612E2800,0,,48.25,1,0,1
B022,2022-07-23 01:00:00,0,612E2790,0,,61.65,1,0,1
B022,2022-07-23 01:00:00,1,612E2800,0,,48.25,1,0,1
B022,2022-07-23 02:00:00,0,612E2790,0,,61.65,1,0,1
B022,2022-07-23 02:00:00,1,612E2800,0,,48.24,1,0,1
B022,2022-07-23 03:00:00,0,612E2790,0,,61.65,1,0,1
B022,2022-07-23 03:00:00,1,612E2800,0,,48.24,1,0,1
B022,2022-07-23 04:00:00,0,612E2790,0,,61.65,1,0,1
B022,2022-07-23 04:00:00,1,612E2800,0,,48.24,1,0,1
B022,2022-07-23 05:00:00,0,612E2790,0,,61.65,1,0,1
B022,2022-07-23 05:00:00,1,612E2800,0,,48.24,1,0,1
B022,2022-07-23 06:00:00,0,612E2790,0,,,1,0,0
B022,2022-07-23 06:00:00,1,612E2800,0,,48.24,1,0,1
B022,2022-07-23 07:00:00,0,612E2790,0,,61.64,1,0,1
B022,2022-07-23 07:00:00,1,612E2800,0,,48.24,1,0,1
B022,2022-07-23 08:00:00,0,612E2790,0,,61.64,1,0,1
B022,2022-07-23 08:00:00,1,612E2800,0,,48.24,1,0,1
B022,2022-07-23 09:00:00,0,612E2790,0,,61.64,1,0,1
B022,2022-07-23 09:00:00,1,612E2800,0,,48.23,1,0,1
B022,2022-07-23 10:00:00,0,612E2790,0,,61.64,1,0,1
B022,2022-07-23 10:00:00,1,612E2800,0,,48.23,1,0,1
B022,2022-07-23 11:00:00,0,612E2790,0,,61.64,1,0,1
B022,2022-07-23 11:00:00,1,612E2800,0,,48.23,1,0,1
B022,2022-07-23 12:00:00,0,612E2790,0,,,1,0,0
B022,2022-07-23 12:00:00,1,612E2800,0,,48.23,1,0,1
B022,2022-07-23 13:00:00,0,612E2790,0,,61.63,1,0,1
B022,2022-07-23 13:00:00,1,612E2800,0,,48.23,1,0,1
B022,2022-07-23 14:00:00,0,612E2790,0,,61.63,1,0,1
B022,2022-07-23 14:00:00,1,612E2800,0,,48.23,1,0,1
B022,2022-07-23 15:00:00,0,612E2790,0,,61.62,1,0,1
B022,2022-07-23 15:00:00,1,612E2800,0,,48.23,1,0,1
B022,2022-07-23 16:00:00,0,612E2790,0,,61.62,1,0,1
B022,2022-07-23 16:00:00,1,612E2800,0,,48.23,1,0,1
B022,2022-07-23 17:00:00,0,612E2790,0.05176884103,,61.63,1,0,1
B022,2022-07-23 17:00:00,1,612E2800,0,,48.23,1,0,1
B022,2022-07-23 18:00:00,0,612E2790,0,,,1,0,0
B022,2022-07-23 18:00:00,1,612E2800,0,,48.23,1,0,1
B022,2022-07-23 19:00:00,0,612E2790,0,,,1,0,0
B022,2022-07-23 19:00:00,1,612E2800,0,,,1,0,0
B022,2022-07-23 20:00:00,0,612E2790,0,,,1,0,0
B022,2022-07-23 20:00:00,1,612E2800,0,,48.22,1,0,1
B022,2022-07-23 21:00:00,0,612E2790,0,,61.61,1,0,1
B022,2022-07-23 21:00:00,1,612E2800,0,,48.22,1,0,1
B022,2022-07-23 22:00:00,0,612E2790,0,,61.61,1,0,1
B022,2022-07-23 22:00:00,1,612E2800,0,,48.22,1,0,1
B022,2022-07-23 23:00:00,0,612E2790,0,,61.62,1,0,1
B022,2022-07-23 23:00:00,1,612E2800,0,,48.22,1,0,1
B022,2023-04-12 00:00:00,0,612E2790,0,,61.7,1,0,1
B022,2023-04-12 00:00:00,1,612E2800,0,,48.24,1,0,1
B022,2023-04-12 01:00:00,0,612E2790,0,,61.71,1,0,1
B022,2023-04-12 01:00:00,1,612E2800,0,,48.24,1,0,1
B022,2023-04-12 02:00:00,0,612E2790,0,,61.71,1,0,1
B022,2023-04-12 02:00:00,1,612E2800,0,,48.25,1,0,1
B022,2023-04-12 03:00:00,0,612E2790,0,,61.71,1,0,1
B022,2023-04-12 03:00:00,1,612E2800,0,,48.25,1,0,1
B022,2023-04-12 04:00:00,0,612E2790,0,,61.71,1,0,1
B022,2023-04-12 04:00:00,1,612E2800,0,,48.25,1,0,1
B022,2023-04-12 05:00:00,0,612E2790,0,,61.7,1,0,1
B022,2023-04-12 05:00:00,1,612E2800,0,,48.25,1,0,1
B022,2023-04-12 06:00:00,0,612E2790,0,,,1,0,0
B022,2023-04-12 06:00:00,1,612E2800,0,,48.25,1,0,1
B022,2023-04-12 07:00:00,0,612E2790,2.681451689,,,1,0,0
B022,2023-04-12 07:00:00,1,612E2800,0.07595079809,,48.25,1,0,1
B022,2023-04-12 08:00:00,0,612E2790,0,,61.69,1,0,1
B022,2023-04-12 08:00:00,1,612E2800,0,,48.25,1,0,1
B022,2023-04-12 09:00:00,0,612E2790,0,,61.68,1,0,1
B022,2023-04-12 09:00:00,1,612E2800,0,,48.25,1,0,1
B022,2023-04-12 10:00:00,0,612E2790,0,,61.68,1,0,1
B022,2023-04-12 10:00:00,1,612E2800,0,,48.25,1,0,1
B022,2023-04-12 11:00:00,0,612E2790,0,,61.68,1,0,1
B022,2023-04-12 11:00:00,1,612E2800,0,,48.25,1,0,1
B022,2023-04-12 12:00:00,0,612E2790,0,,61.68,1,0,1
B022,2023-04-12 12:00:00,1,612E2800,0,,48.25,1,0,1
B022,2023-04-12 13:00:00,0,612E2790,0,,61.67,1,0,1
B022,2023-04-12 13:00:00,1,612E2800,0,,48.25,1,0,1
B022,2023-04-12 14:00:00,0,612E2790,0,,61.67,1,0,1
B022,2023-04-12 14:00:00,1,612E2800,0,,48.25,1,0,1
B022,2023-04-12 15:00:00,0,612E2790,0,,61.67,1,0,1
B022,2023-04-12 15:00:00,1,612E2800,0,,48.25,1,0,1
B022,2023-04-12 16:00:00,0,612E2790,0,,61.66,1,0,1
B022,2023-04-12 16:00:00,1,612E2800,0,,48.24,1,0,1
B022,2023-04-12 17:00:00,0,612E2790,0,,61.66,1,0,1
B022,2023-04-12 17:00:00,1,612E2800,0,,48.24,1,0,1
B022,2023-04-12 18:00:00,0,612E2790,0,,61.66,1,0,1
B022,2023-04-12 18:00:00,1,612E2800,0,,48.24,1,0,1
B022,2023-04-12 19:00:00,0,612E2790,0,,,1,0,0
B022,2023-04-12 19:00:00,1,612E2800,0,,48.24,1,0,1
B022,2023-04-12 20:00:00,0,612E2790,0,,61.64,1,0,1
B022,2023-04-12 20:00:00,1,612E2800,0,,48.24,1,0,1
B022,2023-04-12 21:00:00,0,612E2790,0,,61.63,1,0,1
B022,2023-04-12 21:00:00,1,612E2800,0,,48.24,1,0,1
B022,2023-04-12 22:00:00,0,612E2790,0,,61.63,1,0,1
B022,2023-04-12 22:00:00,1,612E2800,0,,48.24,1,0,1
B022,2023-04-12 23:00:00,0,612E2790,0,,61.62,1,0,1
B022,2023-04-12 23:00:00,1,612E2800,0,,48.24,1,0,1
B022,2023-04-13 00:00:00,0,612E2790,0,,61.62,1,0,1
B022,2023-04-13 00:00:00,1,612E2800,0,,48.23,1,0,1
B022,2023-04-13 01:00:00,0,612E2790,0,,61.61,1,0,1
B022,2023-04-13 01:00:00,1,612E2800,0,,48.23,1,0,1
B022,2023-04-13 02:00:00,0,612E2790,0,,61.61,1,0,1
B022,2023-04-13 02:00:00,1,612E2800,0,,48.23,1,0,1
B022,2023-04-13 03:00:00,0,612E2790,0,,61.61,1,0,1
B022,2023-04-13 03:00:00,1,612E2800,0,,48.23,1,0,1
B022,2023-04-13 04:00:00,0,612E2790,0,,61.61,1,0,1
B022,2023-04-13 04:00:00,1,612E2800,0,,48.22,1,0,1
B022,2023-04-13 05:00:00,0,612E2790,0,,61.61,1,0,1
B022,2023-04-13 05:00:00,1,612E2800,0,,48.22,1,0,1
B022,2023-04-13 06:00:00,0,612E2790,0,,61.61,1,0,1
B022,2023-04-13 06:00:00,1,612E2800,0,,48.22,1,0,1
B022,2023-04-13 07:00:00,0,612E2790,0,,,1,0,0
B022,2023-04-13 07:00:00,1,612E2800,0,,48.22,1,0,1
B022,2023-04-13 08:00:00,0,612E2790,0,,61.61,1,0,1
B022,2023-04-13 08:00:00,1,612E2800,0,,48.22,1,0,1
B022,2023-04-13 09:00:00,0,612E2790,0,,61.61,1,0,1
B022,2023-04-13 09:00:00,1,612E2800,0,,48.22,1,0,1
B022,2023-04-13 10:00:00,0,612E2790,0,,61.61,1,0,1
B022,2023-04-13 10:00:00,1,612E2800,0,,48.22,1,0,1
B022,2023-04-13 11:00:00,0,612E2790,0,,,1,0,0
B022,2023-04-13 11:00:00,1,612E2800,0,,48.22,1,0,1
B022,2023-04-13 12:00:00,0,612E2790,0,,61.61,1,0,1
B022,2023-04-13 12:00:00,1,612E2800,0,,48.22,1,0,1
B022,2023-04-13 13:00:00,0,612E2790,0,,,1,0,0
B022,2023-04-13 13:00:00,1,612E2800,0,,48.22,1,0,1
B022,2023-04-13 14:00:00,0,612E2790,0,,61.61,1,0,1
B022,2023-04-13 14:00:00,1,612E2800,0,,48.22,1,0,1
B022,2023-04-13 15:00:00,0,612E2790,0,,,1,0,0
B022,2023-04-13 15:00:00,1,612E2800,0,,48.22,1,0,1
B022,2023-04-13 16:00:00,0,612E2790,0,,61.61,1,0,1
B022,2023-04-13 16:00:00,1,612E2800,0,,48.22,1,0,1
B022,2023-04-13 17:00:00,0,612E2790,0,,61.61,1,0,1
B022,2023-04-13 17:00:00,1,612E2800,0,,48.22,1,0,1
B022,2023-04-13 18:00:00,0,612E2790,0,,61.61,1,0,1
B022,2023-04-13 18:00:00,1,612E2800,0,,48.22,1,0,1
B022,2023-04-13 19:00:00,0,612E2790,0,,61.61,1,0,1
B022,2023-04-13 19:00:00,1,612E2800,0,,48.22,1,0,1
B022,2023-04-13 20:00:00,0,612E2790,0,,61.6,1,0,1
B022,2023-04-13 20:00:00,1,612E2800,0,,48.22,1,0,1
B022,2023-04-13 21:00:00,0,612E2790,0,,,1,0,0
B022,2023-04-13 21:00:00,1,612E2800,0,,48.22,1,0,1
B022,2023-04-13 22:00:00,0,612E2790,0,,61.58,1,0,1
B022,2023-04-13 22:00:00,1,612E2800,0,,48.22,1,0,1
B022,2023-04-13 23:00:00,0,612E2790,0,,61.58,1,0,1
B022,2023-04-13 23:00:00,1,612E2800,0,,48.22,1,0,1
B022,2023-04-14 00:00:00,0,612E2790,0.003216696538,,61.59,1,0,1
B022,2023-04-14 00:00:00,1,612E2800,0,,48.22,1,0,1
B022,2023-04-14 01:00:00,0,612E2790,0.4711690378,,61.59,1,0,1
B022,2023-04-14 01:00:00,1,612E2800,0,,48.22,1,0,1
B022,2023-04-14 02:00:00,0,612E2790,1.834475815,,61.59,1,0,1
B022,2023-04-14 02:00:00,1,612E2800,0.713308983,,48.22,1,0,1
B022,2023-04-14 03:00:00,0,612E2790,0.4526123931,,61.6,1,0,1
B022,2023-04-14 03:00:00,1,612E2800,0.5916894527,,48.21,1,0,1
B022,2023-04-14 04:00:00,0,612E2790,2.134977028,,61.6,1,0,1
B022,2023-04-14 04:00:00,1,612E2800,0.7392486371,,48.21,1,0,1
B022,2023-04-14 05:00:00,0,612E2790,0.9520346385,,61.62,1,0,1
B022,2023-04-14 05:00:00,1,612E2800,0.05974572418,,48.21,1,0,1
B022,2023-04-14 06:00:00,0,612E2790,0.0002680580448,,61.63,1,0,1
B022,2023-04-14 06:00:00,1,612E2800,0,,48.21,1,0,1
B022,2023-04-14 07:00:00,0,612E2790,5.770535746,,61.64,1,0,1
B022,2023-04-14 07:00:00,1,612E2800,2.103992797,,48.22,1,0,1
B022,2023-04-14 08:00:00,0,612E2790,0.03879211974,,,1,0,0
B022,2023-04-14 08:00:00,1,612E2800,0,,48.22,1,0,1
B022,2023-04-14 09:00:00,0,612E2790,0.02588442051,,61.71,1,0,1
B022,2023-04-14 09:00:00,1,612E2800,0,,48.22,1,0,1
B022,2023-04-14 10:00:00,0,612E2790,0.06519706713,,,1,0,0
B022,2023-04-14 10:00:00,1,612E2800,0.004042942194,,48.22,1,0,1
B022,2023-04-14 11:00:00,0,612E2790,0.05459662638,,61.88,1,0,1
B022,2023-04-14 11:00:00,1,612E2800,0,,48.23,1,0,1
B022,2023-04-14 12:00:00,0,612E2790,0.0002680580448,,,1,0,0
B022,2023-04-14 12:00:00,1,612E2800,0,,48.24,1,0,1
B022,2023-04-14 13:00:00,0,612E2790,0.4259490177,,61.89,1,0,1
B022,2023-04-14 13:00:00,1,612E2800,0.1826829623,,48.29,1,0,1
B022,2023-04-14 14:00:00,0,612E2790,0.9836905887,,61.88,1,0,1
B022,2023-04-14 14:00:00,1,612E2800,0.02800112578,,48.33,1,0,1
B022,2023-04-14 15:00:00,0,612E2790,0.2031537582,,61.86,1,0,1
B022,2023-04-14 15:00:00,1,612E2800,0.0158722992,,48.34,1,0,1
B022,2023-04-14 16:00:00,0,612E2790,0.02588442051,,61.85,1,0,1
B022,2023-04-14 16:00:00,1,612E2800,0.1908021519,,48.34,1,0,1
B022,2023-04-14 17:00:00,0,612E2790,0.7760942973,,61.85,1,0,1
B022,2023-04-14 17:00:00,1,612E2800,0.1868913985,,48.33,1,0,1
B022,2023-04-14 18:00:00,0,612E2790,0.09338874613,,61.86,1,0,1
B022,2023-04-14 18:00:00,1,612E2800,0.02803443091,,48.33,1,0,1
B022,2023-04-14 19:00:00,0,612E2790,0.02588442051,,61.87,1,0,1
B022,2023-04-14 19:00:00,1,612E2800,0.06736664502,,48.32,1,0,1
B022,2023-04-14 20:00:00,0,612E2790,0.03879211974,,61.88,1,0,1
B022,2023-04-14 20:00:00,1,612E2800,0,,48.32,1,0,1
B022,2023-04-14 21:00:00,0,612E2790,0.05432856834,,61.9,1,0,1
B022,2023-04-14 21:00:00,1,612E2800,0,,48.33,1,0,1
B022,2023-04-14 22:00:00,0,612E2790,0.06519706713,,61.9,1,0,1
B022,2023-04-14 22:00:00,1,612E2800,0.004042942194,,48.33,1,0,1
B022,2023-04-14 23:00:00,0,612E2790,0,,61.9,1,0,1
B022,2023-04-14 23:00:00,1,612E2800,0,,48.34,1,0,1
B022,2023-04-15 00:00:00,0,612E2790,0.005775825248,,61.9,1,0,1
B022,2023-04-15 00:00:00,1,612E2800,0.01182935701,,48.34,1,0,1
B022,2023-04-15 01:00:00,0,612E2790,0,,61.89,1,0,1
B022,2023-04-15 01:00:00,1,612E2800,0,,48.34,1,0,1
B022,2023-04-15 02:00:00,0,612E2790,0,,61.88,1,0,1
B022,2023-04-15 02:00:00,1,612E2800,0,,48.34,1,0,1
B022,2023-04-15 03:00:00,0,612E2790,0,,,1,0,0
B022,2023-04-15 03:00:00,1,612E2800,0,,48.34,1,0,1
B022,2023-04-15 04:00:00,0,612E2790,0,,61.87,1,0,1
B022,2023-04-15 04:00:00,1,612E2800,0,,48.34,1,0,1
B022,2023-04-15 05:00:00,0,612E2790,0,,,1,0,0
B022,2023-04-15 05:00:00,1,612E2800,0,,48.34,1,0,1
B022,2023-04-15 06:00:00,0,612E2790,0,,,1,0,0
B022,2023-04-15 06:00:00,1,612E2800,0,,48.34,1,0,1
B022,2023-04-15 07:00:00,0,612E2790,4.075093103,,61.84,1,0,1
B022,2023-04-15 07:00:00,1,612E2800,0.719566255,,48.33,1,0,1
B022,2023-04-15 08:00:00,0,612E2790,0,,61.84,1,0,1
B022,2023-04-15 08:00:00,1,612E2800,0,,48.33,1,0,1
B022,2023-04-15 09:00:00,0,612E2790,0.02588442051,,61.84,1,0,1
B022,2023-04-15 09:00:00,1,612E2800,0,,48.32,1,0,1
B022,2023-04-15 10:00:00,0,612E2790,0,,61.83,1,0,1
B022,2023-04-15 10:00:00,1,612E2800,0,,48.32,1,0,1
B022,2023-04-15 11:00:00,0,612E2790,0,,,1,0,0
B022,2023-04-15 11:00:00,1,612E2800,0,,48.32,1,0,1
B022,2023-04-15 12:00:00,0,612E2790,0,,,1,0,0
B022,2023-04-15 12:00:00,1,612E2800,0,,48.31,1,0,1
B022,2023-04-15 13:00:00,0,612E2790,0,,61.82,1,0,1
B022,2023-04-15 13:00:00,1,612E2800,0,,48.31,1,0,1
B022,2023-04-15 14:00:00,0,612E2790,0,,61.81,1,0,1
B022,2023-04-15 14:00:00,1,612E2800,0,,48.31,1,0,1
B022,2023-04-15 15:00:00,0,612E2790,0,,61.81,1,0,1
B022,2023-04-15 15:00:00,1,612E2800,0,,48.3,1,0,1
B022,2023-04-15 16:00:00,0,612E2790,0,,,1,0,0
B022,2023-04-15 16:00:00,1,612E2800,0,,48.3,1,0,1
B022,2023-04-15 17:00:00,0,612E2790,0,,,1,0,0
B022,2023-04-15 17:00:00,1,612E2800,0,,48.3,1,0,1
B022,2023-04-15 18:00:00,0,612E2790,0,,61.78,1,0,1
B022,2023-04-15 18:00:00,1,612E2800,0,,48.3,1,0,1
B022,2023-04-15 19:00:00,0,612E2790,0,,61.77,1,0,1
B022,2023-04-15 19:00:00,1,612E2800,0,,48.29,1,0,1
B022,2023-04-15 20:00:00,0,612E2790,0,,61.76,1,0,1
B022,2023-04-15 20:00:00,1,612E2800,0,,48.29,1,0,1
B022,2023-04-15 21:00:00,0,612E2790,0,,61.76,1,0,1
B022,2023-04-15 21:00:00,1,612E2800,0,,48.29,1,0,1
B022,2023-04-15 22:00:00,0,612E2790,0,,61.76,1,0,1
B022,2023-04-15 22:00:00,1,612E2800,0,,48.28,1,0,1
B022,2023-04-15 23:00:00,0,612E2790,0,,61.76,1,0,1
B022,2023-04-15 23:00:00,1,612E2800,0,,48.28,1,0,1
B022,2023-04-16 00:00:00,0,612E2790,0,,61.75,1,0,1
B022,2023-04-16 00:00:00,1,612E2800,0,,48.28,1,0,1
B022,2023-04-16 01:00:00,0,612E2790,0,,61.75,1,0,1
B022,2023-04-16 01:00:00,1,612E2800,0,,48.28,1,0,1
B022,2023-04-16 02:00:00,0,612E2790,0,,61.75,1,0,1
B022,2023-04-16 02:00:00,1,612E2800,0,,48.28,1,0,1
B022,2023-04-16 03:00:00,0,612E2790,0,,61.75,1,0,1
B022,2023-04-16 03:00:00,1,612E2800,0,,48.27,1,0,1
B022,2023-04-16 04:00:00,0,612E2790,0,,61.74,1,0,1
B022,2023-04-16 04:00:00,1,612E2800,0,,48.27,1,0,1
B022,2023-04-16 05:00:00,0,612E2790,0,,61.74,1,0,1
B022,2023-04-16 05:00:00,1,612E2800,0,,48.27,1,0,1
B022,2023-04-16 06:00:00,0,612E2790,0,,61.74,1,0,1
B022,2023-04-16 06:00:00,1,612E2800,0,,48.27,1,0,1
B022,2023-04-16 07:00:00,0,612E2790,0.02588442051,,61.73,1,0,1
B022,2023-04-16 07:00:00,1,612E2800,0,,48.27,1,0,1
B022,2023-04-16 08:00:00,0,612E2790,0,,61.73,1,0,1
B022,2023-04-16 08:00:00,1,612E2800,0,,48.27,1,0,1
B022,2023-04-16 09:00:00,0,612E2790,0,,61.73,1,0,1
B022,2023-04-16 09:00:00,1,612E2800,0,,48.27,1,0,1
B022,2023-04-16 10:00:00,0,612E2790,0,,61.72,1,0,1
B022,2023-04-16 10:00:00,1,612E2800,0,,48.27,1,0,1
B022,2023-04-16 11:00:00,0,612E2790,0,,61.72,1,0,1
B022,2023-04-16 11:00:00,1,612E2800,0,,48.27,1,0,1
B022,2023-04-16 12:00:00,0,612E2790,0,,61.72,1,0,1
B022,2023-04-16 12:00:00,1,612E2800,0,,48.26,1,0,1
B022,2023-04-16 13:00:00,0,612E2790,0,,61.72,1,0,1
B022,2023-04-16 13:00:00,1,612E2800,0,,48.26,1,0,1
B022,2023-04-16 14:00:00,0,612E2790,0,,61.72,1,0,1
B022,2023-04-16 14:00:00,1,612E2800,0,,48.26,1,0,1
B022,2023-04-16 15:00:00,0,612E2790,0,,61.71,1,0,1
B022,2023-04-16 15:00:00,1,612E2800,0,,48.26,1,0,1
B022,2023-04-16 16:00:00,0,612E2790,0,,61.71,1,0,1
B022,2023-04-16 16:00:00,1,612E2800,0,,48.26,1,0,1
B022,2023-04-16 17:00:00,0,612E2790,0,,,1,0,0
B022,2023-04-16 17:00:00,1,612E2800,0,,48.26,1,0,1
B022,2023-04-16 18:00:00,0,612E2790,0,,61.7,1,0,1
B022,2023-04-16 18:00:00,1,612E2800,0,,48.26,1,0,1
B022,2023-04-16 19:00:00,0,612E2790,0,,61.7,1,0,1
B022,2023-04-16 19:00:00,1,612E2800,0,,48.26,1,0,1
B022,2023-04-16 20:00:00,0,612E2790,0,,61.69,1,0,1
B022,2023-04-16 20:00:00,1,612E2800,0,,48.25,1,0,1
B022,2023-04-16 21:00:00,0,612E2790,0,,61.69,1,0,1
B022,2023-04-16 21:00:00,1,612E2800,0,,48.25,1,0,1
B022,2023-04-16 22:00:00,0,612E2790,0,,,1,0,0
B022,2023-04-16 22:00:00,1,612E2800,0,,48.25,1,0,1
B022,2023-04-16 23:00:00,0,612E2790,0,,61.68,1,0,1
B022,2023-04-16 23:00:00,1,612E2800,0,,48.25,1,0,1
B022,2023-04-17 00:00:00,0,612E2790,0,,61.67,1,0,1
B022,2023-04-17 00:00:00,1,612E2800,0,,48.25,1,0,1
B022,2023-04-17 01:00:00,0,612E2790,0,,61.67,1,0,1
B022,2023-04-17 01:00:00,1,612E2800,0,,48.25,1,0,1
B022,2023-04-17 02:00:00,0,612E2790,0,,61.67,1,0,1
B022,2023-04-17 02:00:00,1,612E2800,0,,48.24,1,0,1
B022,2023-04-17 03:00:00,0,612E2790,0,,61.67,1,0,1
B022,2023-04-17 03:00:00,1,612E2800,0,,48.24,1,0,1
B022,2023-04-17 04:00:00,0,612E2790,0,,61.67,1,0,1
B022,2023-04-17 04:00:00,1,612E2800,0,,48.24,1,0,1
B022,2023-04-17 05:00:00,0,612E2790,0,,61.66,1,0,1
B022,2023-04-17 05:00:00,1,612E2800,0,,48.24,1,0,1
B022,2023-04-17 06:00:00,0,612E2790,0,,61.66,1,0,1
B022,2023-04-17 06:00:00,1,612E2800,0,,48.24,1,0,1
B022,2023-04-17 07:00:00,0,612E2790,0,,61.66,1,0,1
B022,2023-04-17 07:00:00,1,612E2800,0,,48.24,1,0,1
B022,2023-04-17 08:00:00,0,612E2790,0,,61.66,1,0,1
B022,2023-04-17 08:00:00,1,612E2800,0,,48.24,1,0,1
B022,2023-04-17 09:00:00,0,612E2790,0,,61.66,1,0,1
B022,2023-04-17 09:00:00,1,612E2800,0,,48.24,1,0,1
B022,2023-04-17 10:00:00,0,612E2790,0,,61.66,1,0,1
B022,2023-04-17 10:00:00,1,612E2800,0,,48.24,1,0,1
B022,2023-05-02 16:00:00,0,612E2790,0,,61.79,1,0,1
B022,2023-05-02 16:00:00,1,612E2800,0,,48.31,1,0,1
B022,2023-05-02 17:00:00,0,612E2790,0,,61.78,1,0,1
B022,2023-05-02 17:00:00,1,612E2800,0,,48.31,1,0,1
B022,2023-05-02 18:00:00,0,612E2790,0,,61.78,1,0,1
B022,2023-05-02 18:00:00,1,612E2800,0,,48.31,1,0,1
B022,2023-05-02 19:00:00,0,612E2790,0,,,1,0,0
B022,2023-05-02 19:00:00,1,612E2800,0,,,1,0,0
B022,2023-05-02 20:00:00,0,612E2790,0,,61.81,1,0,1
B022,2023-05-02 20:00:00,1,612E2800,0,,,1,0,0
B022,2023-05-02 21:00:00,0,612E2790,0,,61.82,1,0,1
B022,2023-05-02 21:00:00,1,612E2800,0,,48.3,1,0,1
B022,2023-05-02 22:00:00,0,612E2790,0,,,1,0,0
B022,2023-05-02 22:00:00,1,612E2800,0,,48.3,1,0,1
B022,2023-05-02 23:00:00,0,612E2790,0,,61.79,1,0,1
B022,2023-05-02 23:00:00,1,612E2800,0,,48.31,1,0,1
B022,2023-05-03 00:00:00,0,612E2790,0,,,1,0,0
B022,2023-05-03 00:00:00,1,612E2800,0,,48.31,1,0,1
B022,2023-05-03 01:00:00,0,612E2790,0,,,1,0,0
B022,2023-05-03 01:00:00,1,612E2800,0,,48.31,1,0,1
B022,2023-05-03 02:00:00,0,612E2790,0,,61.78,1,0,1
B022,2023-05-03 02:00:00,1,612E2800,0,,48.3,1,0,1
B022,2023-05-03 03:00:00,0,612E2790,0,,61.77,1,0,1
B022,2023-05-03 03:00:00,1,612E2800,0,,48.3,1,0,1
B022,2023-05-03 04:00:00,0,612E2790,0,,61.77,1,0,1
B022,2023-05-03 04:00:00,1,612E2800,0,,48.3,1,0,1
B022,2023-05-03 05:00:00,0,612E2790,0,,61.77,1,0,1
B022,2023-05-03 05:00:00,1,612E2800,0,,48.29,1,0,1
B022,2023-05-03 06:00:00,0,612E2790,0,,61.76,1,0,1
B022,2023-05-03 06:00:00,1,612E2800,0,,48.29,1,0,1
B022,2023-05-03 07:00:00,0,612E2790,1.906249921,,61.76,1,0,1
B022,2023-05-03 07:00:00,1,612E2800,0.7355392247,,48.29,1,0,1
B022,2023-05-03 08:00:00,0,612E2790,0,,61.76,1,0,1
B022,2023-05-03 08:00:00,1,612E2800,0,,48.29,1,0,1
B022,2023-05-03 09:00:00,0,612E2790,0,,61.75,1,0,1
B022,2023-05-03 09:00:00,1,612E2800,0,,,1,0,0
B022,2023-05-03 10:00:00,0,612E2790,0,,61.76,1,0,1
B022,2023-05-03 10:00:00,1,612E2800,0,,48.27,1,0,1
B022,2023-05-03 11:00:00,0,612E2790,0,,61.76,1,0,1
B022,2023-05-03 11:00:00,1,612E2800,0,,48.27,1,0,1
B022,2023-05-03 12:00:00,0,612E2790,0,,61.75,1,0,1
B022,2023-05-03 12:00:00,1,612E2800,0,,48.27,1,0,1
B022,2023-05-03 13:00:00,0,612E2790,0,,61.75,1,0,1
B022,2023-05-03 13:00:00,1,612E2800,0,,48.27,1,0,1
B022,2023-05-03 14:00:00,0,612E2790,0,,61.74,1,0,1
B022,2023-05-03 14:00:00,1,612E2800,0,,48.27,1,0,1
B022,2023-05-03 15:00:00,0,612E2790,0,,61.74,1,0,1
B022,2023-05-03 15:00:00,1,612E2800,0,,48.27,1,0,1
B022,2023-05-03 16:00:00,0,612E2790,0,,61.72,1,0,1
B022,2023-05-03 16:00:00,1,612E2800,0,,48.27,1,0,1
B022,2023-05-03 17:00:00,0,612E2790,0,,61.69,1,0,1
B022,2023-05-03 17:00:00,1,612E2800,0,,48.27,1,0,1
B022,2023-05-03 18:00:00,0,612E2790,0,,61.69,1,0,1
B022,2023-05-03 18:00:00,1,612E2800,0,,48.27,1,0,1
B022,2023-05-03 19:00:00,0,612E2790,0,,61.68,1,0,1
B022,2023-05-03 19:00:00,1,612E2800,0,,48.27,1,0,1
B022,2023-05-03 20:00:00,0,612E2790,0,,61.68,1,0,1
B022,2023-05-03 20:00:00,1,612E2800,0,,48.26,1,0,1
B022,2023-05-03 21:00:00,0,612E2790,0,,61.68,1,0,1
B022,2023-05-03 21:00:00,1,612E2800,0,,48.26,1,0,1
B022,2023-05-03 22:00:00,0,612E2790,0,,,1,0,0
B022,2023-05-03 22:00:00,1,612E2800,0,,48.25,1,0,1
B022,2023-05-03 23:00:00,0,612E2790,0,,61.67,1,0,1
B022,2023-05-03 23:00:00,1,612E2800,0,,48.25,1,0,1
B022,2023-05-04 00:00:00,0,612E2790,0,,61.67,1,0,1
B022,2023-05-04 00:00:00,1,612E2800,0,,48.25,1,0,1
B022,2023-05-04 01:00:00,0,612E2790,0,,61.67,1,0,1
B022,2023-05-04 01:00:00,1,612E2800,0,,48.25,1,0,1
B022,2023-05-04 02:00:00,0,612E2790,0,,61.66,1,0,1
B022,2023-05-04 02:00:00,1,612E2800,0,,48.25,1,0,1
B022,2023-05-04 03:00:00,0,612E2790,0,,61.66,1,0,1
B022,2023-05-04 03:00:00,1,612E2800,0,,48.25,1,0,1
B022,2023-05-04 04:00:00,0,612E2790,0,,61.66,1,0,1
B022,2023-05-04 04:00:00,1,612E2800,0,,48.25,1,0,1
B022,2023-05-04 05:00:00,0,612E2790,0,,61.66,1,0,1
B022,2023-05-04 05:00:00,1,612E2800,0,,48.25,1,0,1
B022,2023-05-04 06:00:00,0,612E2790,0,,61.66,1,0,1
B022,2023-05-04 06:00:00,1,612E2800,0,,48.25,1,0,1
B022,2023-05-04 07:00:00,0,612E2790,0,,,1,0,0
B022,2023-05-04 07:00:00,1,612E2800,0,,48.25,1,0,1
B022,2023-05-04 08:00:00,0,612E2790,0,,61.66,1,0,1
B022,2023-05-04 08:00:00,1,612E2800,0,,48.25,1,0,1
B022,2023-05-04 09:00:00,0,612E2790,0,,61.66,1,0,1
B022,2023-05-04 09:00:00,1,612E2800,0,,48.24,1,0,1
B022,2023-05-04 10:00:00,0,612E2790,0,,61.66,1,0,1
B022,2023-05-04 10:00:00,1,612E2800,0,,48.22,1,0,1
B022,2023-05-04 11:00:00,0,612E2790,0,,,1,0,0
B022,2023-05-04 11:00:00,1,612E2800,0,,48.21,1,0,1
B022,2023-05-04 12:00:00,0,612E2790,0,,61.66,1,0,1
B022,2023-05-04 12:00:00,1,612E2800,0,,48.23,1,0,1
B022,2023-05-04 13:00:00,0,612E2790,0,,61.66,1,0,1
B022,2023-05-04 13:00:00,1,612E2800,0,,48.24,1,0,1
B022,2023-05-04 14:00:00,0,612E2790,0,,61.65,1,0,1
B022,2023-05-04 14:00:00,1,612E2800,0,,48.24,1,0,1
B022,2023-05-04 15:00:00,0,612E2790,0,,,1,0,0
B022,2023-05-04 15:00:00,1,612E2800,0,,48.24,1,0,1
B022,2023-05-04 16:00:00,0,612E2790,1.085344667,,,1,0,0
B022,2023-05-04 16:00:00,1,612E2800,0,,48.24,1,0,1
B022,2023-05-04 17:00:00,0,612E2790,4.015378818,,,1,0,0
B022,2023-05-04 17:00:00,1,612E2800,0.08490178607,,48.23,1,0,1
B022,2023-05-04 18:00:00,0,612E2790,0,,,1,0,0
B022,2023-05-04 18:00:00,1,612E2800,0,,48.23,1,0,1
B022,2023-05-04 19:00:00,0,612E2790,0.09108148764,,,1,0,0
B022,2023-05-04 19:00:00,1,612E2800,0.0320773731,,48.23,1,0,1
B022,2023-05-04 20:00:00,0,612E2790,0.06707347345,,,1,0,0
B022,2023-05-04 20:00:00,1,612E2800,0.004042942194,,48.23,1,0,1
B022,2023-05-04 21:00:00,0,612E2790,0.1362017365,,61.78,1,0,1
B022,2023-05-04 21:00:00,1,612E2800,0,,48.23,1,0,1
B022,2023-05-04 22:00:00,0,612E2790,0.01732747574,,61.88,1,0,1
B022,2023-05-04 22:00:00,1,612E2800,0.03548807102,,48.23,1,0,1
B022,2023-05-04 23:00:00,0,612E2790,0.06519706713,,61.92,1,0,1
B022,2023-05-04 23:00:00,1,612E2800,0.004042942194,,48.25,1,0,1
B022,2023-05-05 00:00:00,0,612E2790,0.03879211974,,61.92,1,0,1
B022,2023-05-05 00:00:00,1,612E2800,0,,48.29,1,0,1
B022,2023-05-05 01:00:00,0,612E2790,0,,61.9,1,0,1
B022,2023-05-05 01:00:00,1,612E2800,0,,48.34,1,0,1
B022,2023-05-05 02:00:00,0,612E2790,0,,61.88,1,0,1
B022,2023-05-05 02:00:00,1,612E2800,0,,48.35,1,0,1
B022,2023-05-05 03:00:00,0,612E2790,0,,61.87,1,0,1
B022,2023-05-05 03:00:00,1,612E2800,0,,48.35,1,0,1
B022,2023-05-05 04:00:00,0,612E2790,0,,61.86,1,0,1
B022,2023-05-05 04:00:00,1,612E2800,0,,48.34,1,0,1
B022,2023-05-05 05:00:00,0,612E2790,0,,61.85,1,0,1
B022,2023-05-05 05:00:00,1,612E2800,0,,48.33,1,0,1
B022,2023-05-05 06:00:00,0,612E2790,0,,61.84,1,0,1
B022,2023-05-05 06:00:00,1,612E2800,0,,48.33,1,0,1
B022,2023-05-05 07:00:00,0,612E2790,7.761167707,,61.83,1,0,1
B022,2023-05-05 07:00:00,1,612E2800,0.1605531146,,48.32,1,0,1
B022,2023-05-05 08:00:00,0,612E2790,0,,,1,0,0
B022,2023-05-05 08:00:00,1,612E2800,0,,48.32,1,0,1
B022,2023-05-05 09:00:00,0,612E2790,0,,61.81,1,0,1
B022,2023-05-05 09:00:00,1,612E2800,0,,48.31,1,0,1
B022,2023-05-05 10:00:00,0,612E2790,0,,61.8,1,0,1
B022,2023-05-05 10:00:00,1,612E2800,0,,48.31,1,0,1
B022,2023-05-05 11:00:00,0,612E2790,0,,61.75,1,0,1
B022,2023-05-05 11:00:00,1,612E2800,0,,48.3,1,0,1
B022,2023-05-05 12:00:00,0,612E2790,0,,61.73,1,0,1
B022,2023-05-05 12:00:00,1,612E2800,0,,48.3,1,0,1
B022,2023-05-05 13:00:00,0,612E2790,0,,61.77,1,0,1
B022,2023-05-05 13:00:00,1,612E2800,0,,48.29,1,0,1
B022,2023-05-05 14:00:00,0,612E2790,0.02588442051,,61.78,1,0,1
B022,2023-05-05 14:00:00,1,612E2800,0.4489709487,,48.28,1,0,1
B022,2023-05-05 15:00:00,0,612E2790,1.330869868,,61.78,1,0,1
B022,2023-05-05 15:00:00,1,612E2800,0.9881677315,,48.28,1,0,1
B022,2023-05-05 16:00:00,0,612E2790,4.764372478,,61.79,1,0,1
B022,2023-05-05 16:00:00,1,612E2800,1.353500351,,48.28,1,0,1
B022,2023-05-05 17:00:00,0,612E2790,4.286228181,,61.84,1,0,1
B022,2023-05-05 17:00:00,1,612E2800,1.088043408,,48.29,1,0,1
B022,2023-05-05 18:00:00,0,612E2790,0.7371746593,,61.89,1,0,1
B022,2023-05-05 18:00:00,1,612E2800,0.1707196297,,48.3,1,0,1
B022,2023-05-05 19:00:00,0,612E2790,0.06519706713,,61.99,1,0,1
B022,2023-05-05 19:00:00,1,612E2800,0.004042942194,,48.32,1,0,1
B022,2023-05-05 20:00:00,0,612E2790,0.08021298885,,62.61,1,0,1
B022,2023-05-05 20:00:00,1,612E2800,0,,48.34,1,0,1
B022,2023-05-05 21:00:00,0,612E2790,0.1414252579,,,1,0,0
B022,2023-05-05 21:00:00,1,612E2800,0.381271529,,48.41,1,0,1
B022,2023-05-05 22:00:00,0,612E2790,0.3208926621,139,62.84,1,1,1
B022,2023-05-05 22:00:00,1,612E2800,0.02800112578,,49,1,0,1
B022,2023-05-05 23:00:00,0,612E2790,0.1606940358,,62.76,1,0,1
B022,2023-05-05 23:00:00,1,612E2800,0,,49.01,1,0,1
B022,2023-05-06 00:00:00,0,612E2790,0.04456794499,,62.68,1,0,1
B022,2023-05-06 00:00:00,1,612E2800,0.01182935701,,48.96,1,0,1
B022,2023-05-06 01:00:00,0,612E2790,0.09312068808,,62.62,1,0,1
B022,2023-05-06 01:00:00,1,612E2800,0.02803443091,,48.9,1,0,1
B022,2023-05-06 02:00:00,0,612E2790,0,,62.56,1,0,1
B022,2023-05-06 02:00:00,1,612E2800,0,,48.85,1,0,1
B022,2023-05-06 03:00:00,0,612E2790,0.0649445983,,62.51,1,0,1
B022,2023-05-06 03:00:00,1,612E2800,0,,48.81,1,0,1
B022,2023-05-06 04:00:00,0,612E2790,0.05432856834,,62.46,1,0,1
B022,2023-05-06 04:00:00,1,612E2800,0.06736664502,,48.77,1,0,1
B022,2023-05-06 05:00:00,0,612E2790,0,,62.43,1,0,1
B022,2023-05-06 05:00:00,1,612E2800,0,,48.75,1,0,1
B022,2023-05-06 06:00:00,0,612E2790,0.155168479,,,1,0,0
B022,2023-05-06 06:00:00,1,612E2800,0,,48.72,1,0,1
B022,2023-05-06 07:00:00,0,612E2790,2.017634449,,62.38,1,0,1
B022,2023-05-06 07:00:00,1,612E2800,0.1112733751,,48.69,1,0,1
B022,2023-05-06 08:00:00,0,612E2790,1.448330589,,62.35,1,0,1
B022,2023-05-06 08:00:00,1,612E2800,0.8142028978,,48.67,1,0,1
B022,2023-05-06 09:00:00,0,612E2790,0.9202894429,,,1,0,0
B022,2023-05-06 09:00:00,1,612E2800,0.2819930049,,48.66,1,0,1
B022,2023-05-06 10:00:00,0,612E2790,0,,62.35,1,0,1
B022,2023-05-06 10:00:00,1,612E2800,0,,48.66,1,0,1
B022,2023-05-06 11:00:00,0,612E2790,0,,62.37,1,0,1
B022,2023-05-06 11:00:00,1,612E2800,0,,48.65,1,0,1
B022,2023-05-06 12:00:00,0,612E2790,0,,62.4,1,0,1
B022,2023-05-06 12:00:00,1,612E2800,0,,48.66,1,0,1
B022,2023-05-06 13:00:00,0,612E2790,0.02615247856,,62.4,1,0,1
B022,2023-05-06 13:00:00,1,612E2800,0.02803443091,,48.67,1,0,1
B022,2023-05-06 14:00:00,0,612E2790,0.1253014607,,,1,0,0
B022,2023-05-06 14:00:00,1,612E2800,0.139307806,,48.68,1,0,1
B022,2023-05-06 15:00:00,0,612E2790,0.2810594886,,62.37,1,0,1
B022,2023-05-06 15:00:00,1,612E2800,0.1433507482,,48.68,1,0,1
B022,2023-05-06 16:00:00,0,612E2790,0.2011145578,,62.36,1,0,1
B022,2023-05-06 16:00:00,1,612E2800,0.0479496723,,48.67,1,0,1
B022,2023-05-06 17:00:00,0,612E2790,0.2343833211,,62.36,1,0,1
B022,2023-05-06 17:00:00,1,612E2800,0.01212882658,,48.66,1,0,1
B022,2023-05-06 18:00:00,0,612E2790,0.09312068808,,62.36,1,0,1
B022,2023-05-06 18:00:00,1,612E2800,0.02803443091,,48.66,1,0,1
B022,2023-05-06 19:00:00,0,612E2790,0.2625750001,,62.35,1,0,1
B022,2023-05-06 19:00:00,1,612E2800,0.1034869603,,48.65,1,0,1
B022,2023-05-06 20:00:00,0,612E2790,0.2005940309,,62.34,1,0,1
B022,2023-05-06 20:00:00,1,612E2800,0.0158722992,,48.65,1,0,1
B022,2023-05-06 21:00:00,0,612E2790,0.2129143816,,62.33,1,0,1
B022,2023-05-06 21:00:00,1,612E2800,0.004042942194,,48.65,1,0,1
B022,2023-05-06 22:00:00,0,612E2790,0.1844702338,,62.32,1,0,1
B022,2023-05-06 22:00:00,1,612E2800,0.0320773731,,48.64,1,0,1
B022,2023-05-06 23:00:00,0,612E2790,0.2493992429,,62.31,1,0,1
B022,2023-05-06 23:00:00,1,612E2800,0.008085884388,,48.63,1,0,1
B022,2023-05-07 00:00:00,0,612E2790,0.2554431261,,62.31,1,0,1
B022,2023-05-07 00:00:00,1,612E2800,0.1153163173,,48.62,1,0,1
B022,2023-05-07 01:00:00,0,612E2790,0.3465246138,,62.31,1,0,1
B022,2023-05-07 01:00:00,1,612E2800,0.1193592595,,48.62,1,0,1
B022,2023-05-07 02:00:00,0,612E2790,0.3002791292,,62.32,1,0,1
B022,2023-05-07 02:00:00,1,612E2800,0.09911124342,,48.62,1,0,1
B022,2023-05-07 03:00:00,0,612E2790,0.4059458557,,62.33,1,0,1
B022,2023-05-07 03:00:00,1,612E2800,0.01617176878,,48.62,1,0,1
B022,2023-05-07 04:00:00,0,612E2790,0.1643616385,,62.34,1,0,1
B022,2023-05-07 04:00:00,1,612E2800,0.04390673011,,48.63,1,0,1
B022,2023-05-07 05:00:00,0,612E2790,0.06546512518,,62.36,1,0,1
B022,2023-05-07 05:00:00,1,612E2800,0.004042942194,,48.64,1,0,1
B022,2023-05-07 06:00:00,0,612E2790,0.1583177552,,62.37,1,0,1
B022,2023-05-07 06:00:00,1,612E2800,0.004042942194,,48.65,1,0,1
B022,2023-05-07 07:00:00,0,612E2790,7.528081207,,,1,0,0
B022,2023-05-07 07:00:00,1,612E2800,2.064561423,,48.65,1,0,1
B022,2023-05-07 08:00:00,0,612E2790,0,,62.38,1,0,1
B022,2023-05-07 08:00:00,1,612E2800,0,,48.66,1,0,1
B022,2023-05-07 09:00:00,0,612E2790,0,,62.39,1,0,1
B022,2023-05-07 09:00:00,1,612E2800,0,,48.66,1,0,1
B022,2023-05-07 10:00:00,0,612E2790,0,,62.39,1,0,1
B022,2023-05-07 10:00:00,1,612E2800,0,,48.67,1,0,1
B022,2023-05-07 11:00:00,0,612E2790,0,,62.38,1,0,1
B022,2023-05-07 11:00:00,1,612E2800,0,,48.67,1,0,1
B022,2023-05-07 12:00:00,0,612E2790,0,,62.36,1,0,1
B022,2023-05-07 12:00:00,1,612E2800,0,,48.67,1,0,1
B022,2023-05-07 13:00:00,0,612E2790,0,,,1,0,0
B022,2023-05-07 13:00:00,1,612E2800,0,,48.66,1,0,1
B022,2023-05-07 14:00:00,0,612E2790,0,,62.34,1,0,1
B022,2023-05-07 14:00:00,1,612E2800,0,,,1,0,0
B022,2023-05-07 15:00:00,0,612E2790,0,,62.33,1,0,1
B022,2023-05-07 15:00:00,1,612E2800,0,,48.64,1,0,1
B022,2023-05-07 16:00:00,0,612E2790,0,,,1,0,0
B022,2023-05-07 16:00:00,1,612E2800,0,,48.63,1,0,1
B022,2023-05-07 17:00:00,0,612E2790,0,,62.31,1,0,1
B022,2023-05-07 17:00:00,1,612E2800,0,,48.63,1,0,1
B022,2023-05-07 18:00:00,0,612E2790,0,,62.28,1,0,1
B022,2023-05-07 18:00:00,1,612E2800,0,,48.62,1,0,1
B022,2023-05-07 19:00:00,0,612E2790,0,,62.27,1,0,1
B022,2023-05-07 19:00:00,1,612E2800,0,,48.61,1,0,1
B022,2023-05-07 20:00:00,0,612E2790,0,,,1,0,0
B022,2023-05-07 20:00:00,1,612E2800,0,,48.6,1,0,1
B022,2023-05-07 21:00:00,0,612E2790,0,,62.24,1,0,1
B022,2023-05-07 21:00:00,1,612E2800,0,,48.59,1,0,1
B022,2023-05-07 22:00:00,0,612E2790,0,,62.22,1,0,1
B022,2023-05-07 22:00:00,1,612E2800,0,,48.58,1,0,1
B022,2023-05-07 23:00:00,0,612E2790,0,,,1,0,0
B022,2023-05-07 23:00:00,1,612E2800,0,,48.58,1,0,1
B022,2023-05-08 00:00:00,0,612E2790,0,,62.2,1,0,1
B022,2023-05-08 00:00:00,1,612E2800,0,,48.57,1,0,1
B022,2023-05-08 01:00:00,0,612E2790,0,,62.18,1,0,1
B022,2023-05-08 01:00:00,1,612E2800,0,,48.56,1,0,1
B022,2023-05-08 02:00:00,0,612E2790,0,,62.17,1,0,1
B022,2023-05-08 02:00:00,1,612E2800,0,,48.55,1,0,1
B022,2023-05-08 03:00:00,0,612E2790,0,,62.16,1,0,1
B022,2023-05-08 03:00:00,1,612E2800,0,,48.54,1,0,1
B022,2023-05-08 04:00:00,0,612E2790,0,,62.14,1,0,1
B022,2023-05-08 04:00:00,1,612E2800,0,,48.53,1,0,1
B022,2023-05-08 05:00:00,0,612E2790,0,,62.13,1,0,1
B022,2023-05-08 05:00:00,1,612E2800,0,,48.52,1,0,1
B022,2023-05-08 06:00:00,0,612E2790,0,,62.12,1,0,1
B022,2023-05-08 06:00:00,1,612E2800,0,,48.51,1,0,1
B022,2023-05-08 07:00:00,0,612E2790,0.7093958262,,62.11,1,0,1
B022,2023-05-08 07:00:00,1,612E2800,0,,48.51,1,0,1
B022,2023-05-08 08:00:00,0,612E2790,0,,62.09,1,0,1
B022,2023-05-08 08:00:00,1,612E2800,0,,48.49,1,0,1
B022,2023-05-08 09:00:00,0,612E2790,0,,62.08,1,0,1
B022,2023-05-08 09:00:00,1,612E2800,0,,48.48,1,0,1
B022,2023-05-08 10:00:00,0,612E2790,0,,,1,0,0
B022,2023-05-08 10:00:00,1,612E2800,0,,48.47,1,0,1
B022,2023-05-08 11:00:00,0,612E2790,0,,62.06,1,0,1
B022,2023-05-08 11:00:00,1,612E2800,0,,48.47,1,0,1
B022,2023-05-08 12:00:00,0,612E2790,0,,62.05,1,0,1
B022,2023-05-08 12:00:00,1,612E2800,0,,48.46,1,0,1
B022,2023-05-08 13:00:00,0,612E2790,0,,62.04,1,0,1
B022,2023-05-08 13:00:00,1,612E2800,0,,48.45,1,0,1
B022,2023-05-08 14:00:00,0,612E2790,0,,62.03,1,0,1
B022,2023-05-08 14:00:00,1,612E2800,0,,48.45,1,0,1
B022,2023-05-08 15:00:00,0,612E2790,0,,62.03,1,0,1
B022,2023-05-08 15:00:00,1,612E2800,0,,48.44,1,0,1
B022,2023-05-08 16:00:00,0,612E2790,0,,62.01,1,0,1
B022,2023-05-08 16:00:00,1,612E2800,0,,48.44,1,0,1
B022,2023-05-08 17:00:00,0,612E2790,0,,62,1,0,1
B022,2023-05-08 17:00:00,1,612E2800,0,,48.43,1,0,1
B022,2023-05-08 18:00:00,0,612E2790,0,,62,1,0,1
B022,2023-05-08 18:00:00,1,612E2800,0,,48.42,1,0,1
B022,2023-05-08 19:00:00,0,612E2790,0,,61.98,1,0,1
B022,2023-05-08 19:00:00,1,612E2800,0,,48.42,1,0,1
B022,2023-05-08 20:00:00,0,612E2790,0,,61.97,1,0,1
B022,2023-05-08 20:00:00,1,612E2800,0,,48.42,1,0,1
B022,2023-05-08 21:00:00,0,612E2790,0,,61.96,1,0,1
B022,2023-05-08 21:00:00,1,612E2800,0,,48.41,1,0,1
B022,2023-05-08 22:00:00,0,612E2790,0,,61.96,1,0,1
B022,2023-05-08 22:00:00,1,612E2800,0,,48.41,1,0,1
B022,2023-05-08 23:00:00,0,612E2790,0,,,1,0,0
B022,2023-05-08 23:00:00,1,612E2800,0,,48.4,1,0,1
B022,2023-05-09 00:00:00,0,612E2790,0,,61.94,1,0,1
B022,2023-05-09 00:00:00,1,612E2800,0,,48.4,1,0,1
B022,2023-05-09 01:00:00,0,612E2790,0,,61.93,1,0,1
B022,2023-05-09 01:00:00,1,612E2800,0,,48.39,1,0,1
B022,2023-05-09 02:00:00,0,612E2790,0,,61.93,1,0,1
B022,2023-05-09 02:00:00,1,612E2800,0,,48.39,1,0,1
B022,2023-05-09 03:00:00,0,612E2790,0,,61.92,1,0,1
B022,2023-05-09 03:00:00,1,612E2800,0,,48.38,1,0,1
B022,2023-05-09 04:00:00,0,612E2790,0,,61.92,1,0,1
B022,2023-05-09 04:00:00,1,612E2800,0,,48.38,1,0,1
B022,2023-05-09 05:00:00,0,612E2790,0,,61.91,1,0,1
B022,2023-05-09 05:00:00,1,612E2800,0,,48.38,1,0,1
B022,2023-05-09 06:00:00,0,612E2790,0,,,1,0,0
B022,2023-05-09 06:00:00,1,612E2800,0,,48.37,1,0,1
B022,2023-05-09 07:00:00,0,612E2790,0,,61.9,1,0,1
B022,2023-05-09 07:00:00,1,612E2800,0,,48.37,1,0,1
B022,2023-05-09 08:00:00,0,612E2790,0,,61.9,1,0,1
B022,2023-05-09 08:00:00,1,612E2800,0,,48.37,1,0,1
B022,2023-05-19 07:00:00,0,612E2790,0,,61.73,1,0,1
B022,2023-05-19 07:00:00,1,612E2800,0,,48.27,1,0,1
B022,2023-05-19 08:00:00,0,612E2790,0,,,1,0,0
B022,2023-05-19 08:00:00,1,612E2800,0,,48.27,1,0,1
B022,2023-05-19 09:00:00,0,612E2790,0,,61.72,1,0,1
B022,2023-05-19 09:00:00,1,612E2800,0,,48.27,1,0,1
B022,2023-05-19 10:00:00,0,612E2790,0,,61.72,1,0,1
B022,2023-05-19 10:00:00,1,612E2800,0,,48.27,1,0,1
B022,2023-05-19 11:00:00,0,612E2790,0,,61.72,1,0,1
B022,2023-05-19 11:00:00,1,612E2800,0,,48.27,1,0,1
B022,2023-05-19 12:00:00,0,612E2790,0,,61.72,1,0,1
B022,2023-05-19 12:00:00,1,612E2800,0,,48.27,1,0,1
B022,2023-05-19 13:00:00,0,612E2790,0,,,1,0,0
B022,2023-05-19 13:00:00,1,612E2800,0,,48.26,1,0,1
B022,2023-05-19 14:00:00,0,612E2790,0,,61.72,1,0,1
B022,2023-05-19 14:00:00,1,612E2800,0,,48.26,1,0,1
B022,2023-05-19 15:00:00,0,612E2790,0,,,1,0,0
B022,2023-05-19 15:00:00,1,612E2800,0,,48.26,1,0,1
B022,2023-05-19 16:00:00,0,612E2790,0,,61.71,1,0,1
B022,2023-05-19 16:00:00,1,612E2800,0,,48.26,1,0,1
B022,2023-05-19 17:00:00,0,612E2790,0,,,1,0,0
B022,2023-05-19 17:00:00,1,612E2800,0,,48.26,1,0,1
B022,2023-05-19 18:00:00,0,612E2790,0,,61.7,1,0,1
B022,2023-05-19 18:00:00,1,612E2800,0,,48.26,1,0,1
B022,2023-05-19 19:00:00,0,612E2790,0,,61.69,1,0,1
B022,2023-05-19 19:00:00,1,612E2800,0,,48.26,1,0,1
B022,2023-05-19 20:00:00,0,612E2790,0,,,1,0,0
B022,2023-05-19 20:00:00,1,612E2800,0,,48.26,1,0,1
B022,2023-05-19 21:00:00,0,612E2790,0,,61.68,1,0,1
B022,2023-05-19 21:00:00,1,612E2800,0,,48.26,1,0,1
B022,2023-05-19 22:00:00,0,612E2790,0.1192731666,,61.68,1,0,1
B022,2023-05-19 22:00:00,1,612E2800,0,,48.26,1,0,1
B022,2023-05-19 23:00:00,0,612E2790,0,,61.68,1,0,1
B022,2023-05-19 23:00:00,1,612E2800,0,,48.25,1,0,1
B022,2023-05-20 00:00:00,0,612E2790,0,,61.68,1,0,1
B022,2023-05-20 00:00:00,1,612E2800,0,,48.25,1,0,1
B022,2023-05-20 01:00:00,0,612E2790,0,,61.68,1,0,1
B022,2023-05-20 01:00:00,1,612E2800,0.09540107593,,48.25,1,0,1
B022,2023-05-20 02:00:00,0,612E2790,0.005775825248,,61.68,1,0,1
B022,2023-05-20 02:00:00,1,612E2800,0.03986378792,,48.25,1,0,1
B022,2023-05-20 03:00:00,0,612E2790,0,,,1,0,0
B022,2023-05-20 03:00:00,1,612E2800,0.02803443091,,48.25,1,0,1
B022,2023-05-20 04:00:00,0,612E2790,0.005775825248,,61.68,1,0,1
B022,2023-05-20 04:00:00,1,612E2800,0.2026315089,,48.25,1,0,1
B022,2023-05-20 05:00:00,0,612E2790,0.06519706713,,61.68,1,0,1
B022,2023-05-20 05:00:00,1,612E2800,0.1387762322,,48.25,1,0,1
B022,2023-05-20 06:00:00,0,612E2790,0,,61.69,1,0,1
B022,2023-05-20 06:00:00,1,612E2800,0,,48.25,1,0,1
B022,2023-05-20 07:00:00,0,612E2790,0.8151172931,,61.68,1,0,1
B022,2023-05-20 07:00:00,1,612E2800,0.5047070358,,48.25,1,0,1
B022,2023-05-20 08:00:00,0,612E2790,0,,61.68,1,0,1
B022,2023-05-20 08:00:00,1,612E2800,0,,48.25,1,0,1
B022,2023-05-20 09:00:00,0,612E2790,0,,61.68,1,0,1
B022,2023-05-20 09:00:00,1,612E2800,0,,48.25,1,0,1
B022,2023-05-20 10:00:00,0,612E2790,0,,61.68,1,0,1
B022,2023-05-20 10:00:00,1,612E2800,0,,48.25,1,0,1
B022,2023-05-20 11:00:00,0,612E2790,0,,,1,0,0
B022,2023-05-20 11:00:00,1,612E2800,0.06736664502,,48.25,1,0,1
B022,2023-05-20 12:00:00,0,612E2790,0.005775825248,,61.68,1,0,1
B022,2023-05-20 12:00:00,1,612E2800,0.01182935701,,48.25,1,0,1
B022,2023-05-20 13:00:00,0,612E2790,0,,61.68,1,0,1
B022,2023-05-20 13:00:00,1,612E2800,0,,48.25,1,0,1
B022,2023-05-20 14:00:00,0,612E2790,0,,61.68,1,0,1
B022,2023-05-20 14:00:00,1,612E2800,0,,48.25,1,0,1
B022,2023-05-20 15:00:00,0,612E2790,0,,61.67,1,0,1
B022,2023-05-20 15:00:00,1,612E2800,0,,48.25,1,0,1
B022,2023-05-20 16:00:00,0,612E2790,0.1506653544,,,1,0,0
B022,2023-05-20 16:00:00,1,612E2800,0.1072304329,,48.25,1,0,1
B022,2023-05-20 17:00:00,0,612E2790,0.2680827673,,61.67,1,0,1
B022,2023-05-20 17:00:00,1,612E2800,0.01991524139,,48.25,1,0,1
B022,2023-05-20 18:00:00,0,612E2790,0.02588442051,,61.67,1,0,1
B022,2023-05-20 18:00:00,1,612E2800,0,,48.25,1,0,1
B022,2023-05-20 19:00:00,0,612E2790,0,,61.67,1,0,1
B022,2023-05-20 19:00:00,1,612E2800,0,,48.25,1,0,1
B022,2023-05-20 20:00:00,0,612E2790,0,,61.67,1,0,1
B022,2023-05-20 20:00:00,1,612E2800,0,,48.25,1,0,1
B022,2023-05-20 21:00:00,0,612E2790,0,,61.67,1,0,1
B022,2023-05-20 21:00:00,1,612E2800,0,,48.25,1,0,1
B022,2023-05-20 22:00:00,0,612E2790,0,,,1,0,0
B022,2023-05-20 22:00:00,1,612E2800,0,,48.25,1,0,1
B022,2023-05-20 23:00:00,0,612E2790,0,,,1,0,0
B022,2023-05-20 23:00:00,1,612E2800,0,,48.25,1,0,1
B022,2023-05-21 00:00:00,0,612E2790,0,,61.67,1,0,1
B022,2023-05-21 00:00:00,1,612E2800,0,,48.25,1,0,1
B022,2023-05-21 01:00:00,0,612E2790,0,,61.67,1,0,1
B022,2023-05-21 01:00:00,1,612E2800,0,,48.25,1,0,1
B022,2023-05-21 02:00:00,0,612E2790,0,,61.67,1,0,1
B022,2023-05-21 02:00:00,1,612E2800,0,,48.25,1,0,1
B022,2023-05-21 03:00:00,0,612E2790,0,,61.67,1,0,1
B022,2023-05-21 03:00:00,1,612E2800,0,,48.25,1,0,1
B022,2023-05-21 04:00:00,0,612E2790,0,,61.67,1,0,1
B022,2023-05-21 04:00:00,1,612E2800,0,,48.25,1,0,1
B022,2023-05-21 05:00:00,0,612E2790,0,,61.67,1,0,1
B022,2023-05-21 05:00:00,1,612E2800,0,,48.25,1,0,1
B022,2023-05-21 06:00:00,0,612E2790,0,,61.67,1,0,1
B022,2023-05-21 06:00:00,1,612E2800,0,,48.25,1,0,1
B022,2023-05-21 07:00:00,0,612E2790,1.322362413,,61.67,1,0,1
B022,2023-05-21 07:00:00,1,612E2800,0.2063416763,,48.25,1,0,1
B022,2023-05-21 08:00:00,0,612E2790,0,,61.67,1,0,1
B022,2023-05-21 08:00:00,1,612E2800,0,,48.25,1,0,1
B022,2023-05-21 09:00:00,0,612E2790,0,,61.67,1,0,1
B022,2023-05-21 09:00:00,1,612E2800,0,,48.25,1,0,1
B022,2023-05-21 10:00:00,0,612E2790,0,,61.67,1,0,1
B022,2023-05-21 10:00:00,1,612E2800,0,,48.25,1,0,1
B022,2023-05-21 11:00:00,0,612E2790,0,,,1,0,0
B022,2023-05-21 11:00:00,1,612E2800,0.09540107593,,48.25,1,0,1
B022,2023-05-21 12:00:00,0,612E2790,0.005775825248,,61.66,1,0,1
B022,2023-05-21 12:00:00,1,612E2800,0.2867348016,,48.25,1,0,1
B022,2023-05-21 13:00:00,0,612E2790,0.5570010569,,61.67,1,0,1
B022,2023-05-21 13:00:00,1,612E2800,0.9973859156,,48.25,1,0,1
B022,2023-05-21 14:00:00,0,612E2790,3.771688161,,,1,0,0
B022,2023-05-21 14:00:00,1,612E2800,0.4007515385,,48.25,1,0,1
B022,2023-05-21 15:00:00,0,612E2790,0.06519706713,,,1,0,0
B022,2023-05-21 15:00:00,1,612E2800,0.004042942194,,48.25,1,0,1
B022,2023-05-21 16:00:00,0,612E2790,0,,61.73,1,0,1
B022,2023-05-21 16:00:00,1,612E2800,0,,48.25,1,0,1
B022,2023-05-21 17:00:00,0,612E2790,0.05754466627,,61.76,1,0,1
B022,2023-05-21 17:00:00,1,612E2800,0.2139292921,,48.26,1,0,1
B022,2023-05-21 18:00:00,0,612E2790,1.067034664,,61.79,1,0,1
B022,2023-05-21 18:00:00,1,612E2800,0.5043076509,,48.27,1,0,1
B022,2023-05-21 19:00:00,0,612E2790,0.5661973781,,61.86,1,0,1
B022,2023-05-21 19:00:00,1,612E2800,0.09911124342,,48.28,1,0,1
B022,2023-05-21 20:00:00,0,612E2790,0.2944877147,,61.93,1,0,1
B022,2023-05-21 20:00:00,1,612E2800,0.2427947663,,,1,0,0
B022,2023-05-21 21:00:00,0,612E2790,0.2752836634,,61.97,1,0,1
B022,2023-05-21 21:00:00,1,612E2800,0.1315213912,,48.32,1,0,1
B022,2023-05-21 22:00:00,0,612E2790,0.3862523541,,61.98,1,0,1
B022,2023-05-21 22:00:00,1,612E2800,0.1710524044,,48.36,1,0,1
B022,2023-05-21 23:00:00,0,612E2790,0.2163829484,,61.98,1,0,1
B022,2023-05-21 23:00:00,1,612E2800,0.0479496723,,48.39,1,0,1
B022,2023-05-22 00:00:00,0,612E2790,0.1640935805,,61.97,1,0,1
B022,2023-05-22 00:00:00,1,612E2800,0.1112733751,,48.41,1,0,1
B022,2023-05-22 01:00:00,0,612E2790,0.2028857002,,61.97,1,0,1
B022,2023-05-22 01:00:00,1,612E2800,0.1112733751,,48.41,1,0,1
B022,2023-05-22 02:00:00,0,612E2790,0.189978001,,61.97,1,0,1
B022,2023-05-22 02:00:00,1,612E2800,0.0158722992,,48.41,1,0,1
B022,2023-05-22 03:00:00,0,612E2790,0.1039891869,,61.96,1,0,1
B022,2023-05-22 03:00:00,1,612E2800,0.0320773731,,48.41,1,0,1
B022,2023-05-22 04:00:00,0,612E2790,0.05432856834,,61.96,1,0,1
B022,2023-05-22 04:00:00,1,612E2800,0.06736664502,,48.4,1,0,1
B022,2023-05-22 05:00:00,0,612E2790,0.1039891869,,61.95,1,0,1
B022,2023-05-22 05:00:00,1,612E2800,0.0320773731,,48.4,1,0,1
B022,2023-05-22 06:00:00,0,612E2790,0.1253014607,,61.95,1,0,1
B022,2023-05-22 06:00:00,1,612E2800,0.0158722992,,48.4,1,0,1
B022,2023-05-22 07:00:00,0,612E2790,6.098119377,,61.94,1,0,1
B022,2023-05-22 07:00:00,1,612E2800,3.410991862,,48.39,1,0,1
B022,2023-05-22 08:00:00,0,612E2790,0,,,1,0,0
B022,2023-05-22 08:00:00,1,612E2800,0,,48.39,1,0,1
B022,2023-05-22 09:00:00,0,612E2790,0,,61.93,1,0,1
B022,2023-05-22 09:00:00,1,612E2800,0,,48.39,1,0,1
B022,2023-05-22 10:00:00,0,612E2790,0,,61.93,1,0,1
B022,2023-05-22 10:00:00,1,612E2800,0,,48.38,1,0,1
B022,2023-05-22 11:00:00,0,612E2790,0,,61.92,1,0,1
B022,2023-05-22 11:00:00,1,612E2800,0,,48.38,1,0,1
B022,2023-05-22 12:00:00,0,612E2790,0,,61.92,1,0,1
B022,2023-05-22 12:00:00,1,612E2800,0,,48.38,1,0,1
B022,2023-05-22 13:00:00,0,612E2790,0,,61.9,1,0,1
B022,2023-05-22 13:00:00,1,612E2800,0,,48.37,1,0,1
B022,2023-05-22 14:00:00,0,612E2790,0,,,1,0,0
B022,2023-05-22 14:00:00,1,612E2800,0,,48.37,1,0,1
B022,2023-05-22 15:00:00,0,612E2790,0,,61.87,1,0,1
B022,2023-05-22 15:00:00,1,612E2800,0,,48.37,1,0,1
B022,2023-05-22 16:00:00,0,612E2790,0,,61.87,1,0,1
B022,2023-05-22 16:00:00,1,612E2800,0,,48.35,1,0,1
B022,2023-05-22 17:00:00,0,612E2790,0,,61.86,1,0,1
B022,2023-05-22 17:00:00,1,612E2800,0,,48.35,1,0,1
B022,2023-05-22 18:00:00,0,612E2790,0,,61.85,1,0,1
B022,2023-05-22 18:00:00,1,612E2800,0,,48.34,1,0,1
B022,2023-05-22 19:00:00,0,612E2790,0,,61.85,1,0,1
B022,2023-05-22 19:00:00,1,612E2800,0,,48.34,1,0,1
B022,2023-05-22 20:00:00,0,612E2790,0,,61.84,1,0,1
B022,2023-05-22 20:00:00,1,612E2800,0,,48.34,1,0,1
B022,2023-05-22 21:00:00,0,612E2790,0,,61.84,1,0,1
B022,2023-05-22 21:00:00,1,612E2800,0,,48.34,1,0,1
B022,2023-05-22 22:00:00,0,612E2790,0,,61.83,1,0,1
B022,2023-05-22 22:00:00,1,612E2800,0,,,1,0,0
B022,2023-05-22 23:00:00,0,612E2790,0,,61.83,1,0,1
B022,2023-05-22 23:00:00,1,612E2800,0,,48.33,1,0,1
B022,2023-05-23 00:00:00,0,612E2790,0,,61.82,1,0,1
B022,2023-05-23 00:00:00,1,612E2800,0,,48.33,1,0,1
B022,2023-05-23 01:00:00,0,612E2790,0,,61.81,1,0,1
B022,2023-05-23 01:00:00,1,612E2800,0,,48.33,1,0,1
B022,2023-05-23 02:00:00,0,612E2790,0,,,1,0,0
B022,2023-05-23 02:00:00,1,612E2800,0,,48.32,1,0,1
B022,2023-05-23 03:00:00,0,612E2790,0,,,1,0,0
B022,2023-05-23 03:00:00,1,612E2800,0,,48.32,1,0,1
B022,2023-05-23 04:00:00,0,612E2790,0,,61.8,1,0,1
B022,2023-05-23 04:00:00,1,612E2800,0,,48.32,1,0,1
B022,2023-05-23 05:00:00,0,612E2790,0,,61.8,1,0,1
B022,2023-05-23 05:00:00,1,612E2800,0,,48.32,1,0,1
B022,2023-05-23 06:00:00,0,612E2790,0,,,1,0,0
B022,2023-05-23 06:00:00,1,612E2800,0,,48.32,1,0,1
B022,2023-05-23 07:00:00,0,612E2790,0.5731205727,,,1,0,0
B022,2023-05-23 07:00:00,1,612E2800,0,,48.32,1,0,1
B022,2023-05-23 08:00:00,0,612E2790,0,,61.79,1,0,1
B022,2023-05-23 08:00:00,1,612E2800,0,,48.31,1,0,1
B022,2023-05-23 09:00:00,0,612E2790,0,,61.78,1,0,1
B022,2023-05-23 09:00:00,1,612E2800,0,,,1,0,0
B022,2023-05-23 10:00:00,0,612E2790,0,,61.78,1,0,1
B022,2023-05-23 10:00:00,1,612E2800,0,,48.31,1,0,1
B022,2023-05-23 11:00:00,0,612E2790,0,,61.78,1,0,1
B022,2023-05-23 11:00:00,1,612E2800,0,,48.31,1,0,1
B022,2023-05-23 12:00:00,0,612E2790,0.04456794499,,61.78,1,0,1
B022,2023-05-23 12:00:00,1,612E2800,0.2587003707,,48.3,1,0,1
B022,2023-05-23 13:00:00,0,612E2790,0.255695595,,61.78,1,0,1
B022,2023-05-23 13:00:00,1,612E2800,0.02395818359,,48.3,1,0,1
B022,2023-05-23 14:00:00,0,612E2790,0.09312068808,,,1,0,0
B022,2023-05-23 14:00:00,1,612E2800,0,,48.3,1,0,1
B022,2023-05-23 15:00:00,0,612E2790,0,,61.78,1,0,1
B022,2023-05-23 15:00:00,1,612E2800,0,,48.3,1,0,1
B022,2023-05-23 16:00:00,0,612E2790,0,,61.78,1,0,1
B022,2023-05-23 16:00:00,1,612E2800,0,,48.3,1,0,1
B022,2023-05-23 17:00:00,0,612E2790,0,,,1,0,0
B022,2023-05-23 17:00:00,1,612E2800,0,,48.3,1,0,1
B022,2023-05-23 18:00:00,0,612E2790,0.1294221026,,61.77,1,0,1
B022,2023-05-23 18:00:00,1,612E2800,0,,48.3,1,0,1
B022,2023-05-23 19:00:00,0,612E2790,0.1190051086,,61.77,1,0,1
B022,2023-05-23 19:00:00,1,612E2800,0,,48.3,1,0,1
B022,2023-05-23 20:00:00,0,612E2790,0,,61.77,1,0,1
B022,2023-05-23 20:00:00,1,612E2800,0,,48.3,1,0,1
B022,2023-05-23 21:00:00,0,612E2790,0.06519706713,,61.76,1,0,1
B022,2023-05-23 21:00:00,1,612E2800,0.004042942194,,48.3,1,0,1
B022,2023-05-23 22:00:00,0,612E2790,0.02588442051,,61.76,1,0,1
B022,2023-05-23 22:00:00,1,612E2800,0,,48.3,1,0,1
B022,2023-05-23 23:00:00,0,612E2790,0.05432856834,,61.76,1,0,1
B022,2023-05-23 23:00:00,1,612E2800,0,,48.3,1,0,1
B022,2023-05-24 00:00:00,0,612E2790,0,,61.76,1,0,1
B022,2023-05-24 00:00:00,1,612E2800,0,,48.3,1,0,1
B022,2023-05-24 01:00:00,0,612E2790,0,,61.76,1,0,1
B022,2023-05-24 01:00:00,1,612E2800,0,,48.29,1,0,1
B022,2023-05-24 02:00:00,0,612E2790,0,,,1,0,0
B022,2023-05-24 02:00:00,1,612E2800,0,,48.29,1,0,1
B022,2023-05-24 03:00:00,0,612E2790,0,,61.75,1,0,1
B022,2023-05-24 03:00:00,1,612E2800,0,,,1,0,0
B022,2023-05-24 04:00:00,0,612E2790,0,,61.75,1,0,1
B022,2023-05-24 04:00:00,1,612E2800,0,,48.29,1,0,1
B022,2023-05-24 05:00:00,0,612E2790,0,,61.75,1,0,1
B022,2023-05-24 05:00:00,1,612E2800,0,,48.29,1,0,1
B022,2023-05-24 06:00:00,0,612E2790,0,,61.75,1,0,1
B022,2023-05-24 06:00:00,1,612E2800,0,,48.29,1,0,1
B022,2023-05-24 07:00:00,0,612E2790,1.113987188,,61.74,1,0,1
B022,2023-05-24 07:00:00,1,612E2800,0.2867014965,,48.29,1,0,1
B022,2023-05-24 08:00:00,0,612E2790,0,,61.74,1,0,1
B022,2023-05-24 08:00:00,1,612E2800,0,,48.29,1,0,1
B022,2023-07-16 14:00:00,0,612E2790,0,,61.53,1,0,1
B022,2023-07-16 14:00:00,1,612E2800,0,,48.2,1,0,1
B022,2023-07-16 15:00:00,0,612E2790,0,,61.54,1,0,1
B022,2023-07-16 15:00:00,1,612E2800,0,,48.2,1,0,1
B022,2023-07-16 16:00:00,0,612E2790,0,,61.54,1,0,1
B022,2023-07-16 16:00:00,1,612E2800,0,,48.2,1,0,1
B022,2023-07-16 17:00:00,0,612E2790,0,,61.54,1,0,1
B022,2023-07-16 17:00:00,1,612E2800,0,,48.2,1,0,1
B022,2023-07-16 18:00:00,0,612E2790,0.1035376821,,,1,0,0
B022,2023-07-16 18:00:00,1,612E2800,0,,48.2,1,0,1
B022,2023-07-16 19:00:00,0,612E2790,0,,61.53,1,0,1
B022,2023-07-16 19:00:00,1,612E2800,0,,48.2,1,0,1
B022,2023-07-16 20:00:00,0,612E2790,0,,61.52,1,0,1
B022,2023-07-16 20:00:00,1,612E2800,0,,48.2,1,0,1
B022,2023-07-16 21:00:00,0,612E2790,0,,61.52,1,0,1
B022,2023-07-16 21:00:00,1,612E2800,0,,48.2,1,0,1
B022,2023-07-16 22:00:00,0,612E2790,0,,61.52,1,0,1
B022,2023-07-16 22:00:00,1,612E2800,0,,48.2,1,0,1
B022,2023-07-16 23:00:00,0,612E2790,0,,61.52,1,0,1
B022,2023-07-16 23:00:00,1,612E2800,0,,48.2,1,0,1
B022,2023-07-17 00:00:00,0,612E2790,0,,61.52,1,0,1
B022,2023-07-17 00:00:00,1,612E2800,0,,48.2,1,0,1
B022,2023-07-17 01:00:00,0,612E2790,0,,61.52,1,0,1
B022,2023-07-17 01:00:00,1,612E2800,0,,48.2,1,0,1
B022,2023-07-17 02:00:00,0,612E2790,0,,,1,0,0
B022,2023-07-17 02:00:00,1,612E2800,0,,48.2,1,0,1
B022,2023-07-17 03:00:00,0,612E2790,0,,61.52,1,0,1
B022,2023-07-17 03:00:00,1,612E2800,0,,48.2,1,0,1
B022,2023-07-17 04:00:00,0,612E2790,0,,61.51,1,0,1
B022,2023-07-17 04:00:00,1,612E2800,0,,48.2,1,0,1
B022,2023-07-17 05:00:00,0,612E2790,0,,61.51,1,0,1
B022,2023-07-17 05:00:00,1,612E2800,0,,48.2,1,0,1
B022,2023-07-17 06:00:00,0,612E2790,0,,61.51,1,0,1
B022,2023-07-17 06:00:00,1,612E2800,0,,48.2,1,0,1
B022,2023-07-17 07:00:00,0,612E2790,0.1035376821,,61.51,1,0,1
B022,2023-07-17 07:00:00,1,612E2800,0,,48.2,1,0,1
B022,2023-07-17 08:00:00,0,612E2790,0,,61.51,1,0,1
B022,2023-07-17 08:00:00,1,612E2800,0,,48.2,1,0,1
B022,2023-07-17 09:00:00,0,612E2790,0,,61.51,1,0,1
B022,2023-07-17 09:00:00,1,612E2800,0,,48.2,1,0,1
B022,2023-07-17 10:00:00,0,612E2790,0,,61.51,1,0,1
B022,2023-07-17 10:00:00,1,612E2800,0,,48.2,1,0,1
B022,2023-07-17 11:00:00,0,612E2790,0,,61.51,1,0,1
B022,2023-07-17 11:00:00,1,612E2800,0,,48.2,1,0,1
B022,2023-07-17 12:00:00,0,612E2790,0,,61.51,1,0,1
B022,2023-07-17 12:00:00,1,612E2800,0,,48.19,1,0,1
B022,2023-07-17 13:00:00,0,612E2790,0,,61.5,1,0,1
B022,2023-07-17 13:00:00,1,612E2800,0,,48.19,1,0,1
B022,2023-07-17 14:00:00,0,612E2790,0,,,1,0,0
B022,2023-07-17 14:00:00,1,612E2800,0,,48.19,1,0,1
B022,2023-07-17 15:00:00,0,612E2790,0,,61.5,1,0,1
B022,2023-07-17 15:00:00,1,612E2800,0,,48.19,1,0,1
B022,2023-07-17 16:00:00,0,612E2790,0,,61.5,1,0,1
B022,2023-07-17 16:00:00,1,612E2800,0,,48.19,1,0,1
B022,2023-07-17 17:00:00,0,612E2790,0,,61.5,1,0,1
B022,2023-07-17 17:00:00,1,612E2800,0,,48.19,1,0,1
B022,2023-07-17 18:00:00,0,612E2790,0,,61.5,1,0,1
B022,2023-07-17 18:00:00,1,612E2800,0,,48.19,1,0,1
B022,2023-07-17 19:00:00,0,612E2790,0,,61.5,1,0,1
B022,2023-07-17 19:00:00,1,612E2800,0,,48.19,1,0,1
B022,2023-07-17 20:00:00,0,612E2790,0,,61.5,1,0,1
B022,2023-07-17 20:00:00,1,612E2800,0,,48.19,1,0,1
B022,2023-07-17 21:00:00,0,612E2790,0,,61.5,1,0,1
B022,2023-07-17 21:00:00,1,612E2800,0,,48.19,1,0,1
B022,2023-07-17 22:00:00,0,612E2790,0,,61.5,1,0,1
B022,2023-07-17 22:00:00,1,612E2800,0,,48.19,1,0,1
B022,2023-07-17 23:00:00,0,612E2790,0,,61.5,1,0,1
B022,2023-07-17 23:00:00,1,612E2800,0,,48.19,1,0,1
B022,2023-07-18 00:00:00,0,612E2790,0,,,1,0,0
B022,2023-07-18 00:00:00,1,612E2800,0,,48.19,1,0,1
B022,2023-07-18 01:00:00,0,612E2790,0,,61.49,1,0,1
B022,2023-07-18 01:00:00,1,612E2800,0,,48.19,1,0,1
B022,2023-07-18 02:00:00,0,612E2790,0,,61.49,1,0,1
B022,2023-07-18 02:00:00,1,612E2800,0,,48.19,1,0,1
B022,2023-07-18 03:00:00,0,612E2790,0,,61.49,1,0,1
B022,2023-07-18 03:00:00,1,612E2800,0,,48.19,1,0,1
B022,2023-07-18 04:00:00,0,612E2790,0,,61.49,1,0,1
B022,2023-07-18 04:00:00,1,612E2800,0,,48.19,1,0,1
B022,2023-07-18 05:00:00,0,612E2790,0,,61.5,1,0,1
B022,2023-07-18 05:00:00,1,612E2800,0,,48.19,1,0,1
B022,2023-07-18 06:00:00,0,612E2790,0,,61.5,1,0,1
B022,2023-07-18 06:00:00,1,612E2800,0,,48.19,1,0,1
B022,2023-07-18 07:00:00,0,612E2790,0,,61.5,1,0,1
B022,2023-07-18 07:00:00,1,612E2800,0,,48.19,1,0,1
B022,2023-07-18 08:00:00,0,612E2790,0,,61.5,1,0,1
B022,2023-07-18 08:00:00,1,612E2800,0,,48.19,1,0,1
B022,2023-07-18 09:00:00,0,612E2790,0,,61.5,1,0,1
B022,2023-07-18 09:00:00,1,612E2800,0,,48.19,1,0,1
B022,2023-07-18 10:00:00,0,612E2790,0,,,1,0,0
B022,2023-07-18 10:00:00,1,612E2800,0,,48.19,1,0,1
B022,2023-07-18 11:00:00,0,612E2790,0,,61.5,1,0,1
B022,2023-07-18 11:00:00,1,612E2800,0,,48.19,1,0,1
B022,2023-07-18 12:00:00,0,612E2790,0,,,1,0,0
B022,2023-07-18 12:00:00,1,612E2800,0,,48.19,1,0,1
B022,2023-07-18 13:00:00,0,612E2790,0,,,1,0,0
B022,2023-07-18 13:00:00,1,612E2800,0,,48.19,1,0,1
B022,2023-07-18 14:00:00,0,612E2790,0.2070753641,,,1,0,0
B022,2023-07-18 14:00:00,1,612E2800,0,,48.19,1,0,1
B022,2023-07-18 15:00:00,0,612E2790,2.056377556,,61.51,1,0,1
B022,2023-07-18 15:00:00,1,612E2800,0.277617288,,48.2,1,0,1
B022,2023-07-18 16:00:00,0,612E2790,0.1063109956,,61.52,1,0,1
B022,2023-07-18 16:00:00,1,612E2800,0.1064642131,,48.2,1,0,1
B022,2023-07-18 17:00:00,0,612E2790,0,,,1,0,0
B022,2023-07-18 17:00:00,1,612E2800,0.8364341711,,48.2,1,0,1
B022,2023-07-18 18:00:00,0,612E2790,0.1294142966,,61.55,1,0,1
B022,2023-07-18 18:00:00,1,612E2800,0.181816072,,48.2,1,0,1
B022,2023-07-18 19:00:00,0,612E2790,0.4605129672,,,1,0,0
B022,2023-07-18 19:00:00,1,612E2800,0,,48.21,1,0,1
B022,2023-07-18 20:00:00,0,612E2790,0.8111218117,,61.54,1,0,1
B022,2023-07-18 20:00:00,1,612E2800,0.05169314492,,48.21,1,0,1
B022,2023-07-18 21:00:00,0,612E2790,10.95773464,,61.54,1,0,1
B022,2023-07-18 21:00:00,1,612E2800,2.60186724,,48.21,1,0,1
B022,2023-07-18 22:00:00,0,612E2790,4.531394371,,61.62,1,0,1
B022,2023-07-18 22:00:00,1,612E2800,5.037155922,,48.22,1,0,1
B022,2023-07-18 23:00:00,0,612E2790,2.936278791,,,1,0,0
B022,2023-07-18 23:00:00,1,612E2800,5.428883689,,48.23,1,0,1
B022,2023-07-19 00:00:00,0,612E2790,4.856581833,457.4,64.92,1,1,1
B022,2023-07-19 00:00:00,1,612E2800,3.970823063,,48.28,1,0,1
B022,2023-07-19 01:00:00,0,612E2790,1.020789804,,,1,0,0
B022,2023-07-19 01:00:00,1,612E2800,0.6937446437,,50.36,1,0,1
B022,2023-07-19 02:00:00,0,612E2790,1.200495127,461.8,64.94,1,1,1
B022,2023-07-19 02:00:00,1,612E2800,0.4962217665,,50.87,1,0,1
B022,2023-07-19 03:00:00,0,612E2790,0.5610620632,270,63.9,1,1,1
B022,2023-07-19 03:00:00,1,612E2800,0.344983933,,50.65,1,0,1
B022,2023-07-19 04:00:00,0,612E2790,0.005775825248,,,1,0,0
B022,2023-07-19 04:00:00,1,612E2800,0.03986378792,,50.2,1,0,1
B022,2023-07-19 05:00:00,0,612E2790,0,212.4,63.48,1,1,1
B022,2023-07-19 05:00:00,1,612E2800,0.02803443091,,49.84,1,0,1
B022,2023-07-19 06:00:00,0,612E2790,0.05432856834,188.9,63.29,1,1,1
B022,2023-07-19 06:00:00,1,612E2800,0,,49.61,1,0,1
B022,2023-07-19 07:00:00,0,612E2790,30.57930147,168,63.1,1,1,1
B022,2023-07-19 07:00:00,1,612E2800,19.59098361,,49.44,1,0,1
B022,2023-07-19 08:00:00,0,612E2790,0.06519706713,150.4,62.94,1,1,1
B022,2023-07-19 08:00:00,1,612E2800,0.004042942194,,49.29,1,0,1
B022,2023-07-19 09:00:00,0,612E2790,0,,62.8,1,0,1
B022,2023-07-19 09:00:00,1,612E2800,0.02803443091,,49.17,1,0,1
B022,2023-07-19 10:00:00,0,612E2790,0,,,1,0,0
B022,2023-07-19 10:00:00,1,612E2800,0,,49.06,1,0,1
B022,2023-07-19 11:00:00,0,612E2790,0,,62.6,1,0,1
B022,2023-07-19 11:00:00,1,612E2800,0.06736664502,,49,1,0,1
B022,2023-07-19 12:00:00,0,612E2790,0,,62.52,1,0,1
B022,2023-07-19 12:00:00,1,612E2800,0,,48.9,1,0,1
B022,2023-07-19 13:00:00,0,612E2790,0,,,1,0,0
B022,2023-07-19 13:00:00,1,612E2800,0,,48.84,1,0,1
B022,2023-07-19 14:00:00,0,612E2790,0,,62.39,1,0,1
B022,2023-07-19 14:00:00,1,612E2800,0.02803443091,,48.79,1,0,1
B022,2023-07-19 15:00:00,0,612E2790,0,,62.34,1,0,1
B022,2023-07-19 15:00:00,1,612E2800,0,,48.74,1,0,1
B022,2023-07-19 16:00:00,0,612E2790,0,,62.29,1,0,1
B022,2023-07-19 16:00:00,1,612E2800,0,,48.7,1,0,1
B022,2023-07-19 17:00:00,0,612E2790,0,,62.25,1,0,1
B022,2023-07-19 17:00:00,1,612E2800,0,,48.66,1,0,1
B022,2023-07-19 18:00:00,0,612E2790,0,,62.22,1,0,1
B022,2023-07-19 18:00:00,1,612E2800,0,,48.64,1,0,1
B022,2023-07-19 19:00:00,0,612E2790,0,,,1,0,0
B022,2023-07-19 19:00:00,1,612E2800,0,,48.61,1,0,1
B022,2023-07-19 20:00:00,0,612E2790,0,,62.16,1,0,1
B022,2023-07-19 20:00:00,1,612E2800,0,,48.58,1,0,1
B022,2023-07-19 21:00:00,0,612E2790,0,,,1,0,0
B022,2023-07-19 21:00:00,1,612E2800,0,,48.56,1,0,1
B022,2023-07-19 22:00:00,0,612E2790,0,,,1,0,0
B022,2023-07-19 22:00:00,1,612E2800,0,,48.54,1,0,1
B022,2023-07-19 23:00:00,0,612E2790,0,,62.05,1,0,1
B022,2023-07-19 23:00:00,1,612E2800,0,,48.51,1,0,1
B022,2023-07-20 00:00:00,0,612E2790,0,,62.05,1,0,1
B022,2023-07-20 00:00:00,1,612E2800,0,,48.49,1,0,1
B022,2023-07-20 01:00:00,0,612E2790,0,,,1,0,0
B022,2023-07-20 01:00:00,1,612E2800,0,,48.47,1,0,1
B022,2023-07-20 02:00:00,0,612E2790,0,,62.02,1,0,1
B022,2023-07-20 02:00:00,1,612E2800,0,,48.47,1,0,1
B022,2023-07-20 03:00:00,0,612E2790,0,,62.01,1,0,1
B022,2023-07-20 03:00:00,1,612E2800,0.02803443091,,48.46,1,0,1
B022,2023-07-20 04:00:00,0,612E2790,0,,,1,0,0
B022,2023-07-20 04:00:00,1,612E2800,0,,48.45,1,0,1
B022,2023-07-20 05:00:00,0,612E2790,0,,61.98,1,0,1
B022,2023-07-20 05:00:00,1,612E2800,0,,48.44,1,0,1
B022,2023-07-20 06:00:00,0,612E2790,0,,,1,0,0
B022,2023-07-20 06:00:00,1,612E2800,0,,48.43,1,0,1
B022,2023-07-20 07:00:00,0,612E2790,0.06519706713,,61.96,1,0,1
B022,2023-07-20 07:00:00,1,612E2800,0.1555128799,,48.42,1,0,1
B022,2023-07-20 08:00:00,0,612E2790,0,,61.95,1,0,1
B022,2023-07-20 08:00:00,1,612E2800,0.02803443091,,48.42,1,0,1
B022,2023-07-20 09:00:00,0,612E2790,0,,61.94,1,0,1
B022,2023-07-20 09:00:00,1,612E2800,0.02803443091,,48.41,1,0,1
B022,2023-07-20 10:00:00,0,612E2790,0.0115516505,,,1,0,0
B022,2023-07-20 10:00:00,1,612E2800,0.158392004,,48.4,1,0,1
B022,2023-07-20 11:00:00,0,612E2790,0.07097289238,,61.93,1,0,1
B022,2023-07-20 11:00:00,1,612E2800,0.04390673011,,48.39,1,0,1
B022,2023-07-20 12:00:00,0,612E2790,0,,61.92,1,0,1
B022,2023-07-20 12:00:00,1,612E2800,0,,48.39,1,0,1
B022,2023-07-20 13:00:00,0,612E2790,0,,61.91,1,0,1
B022,2023-07-20 13:00:00,1,612E2800,0,,48.3,1,0,1
B022,2023-07-20 14:00:00,0,612E2790,0,,61.9,1,0,1
B022,2023-07-20 14:00:00,1,612E2800,0.02803443091,,48.33,1,0,1
B022,2023-07-20 15:00:00,0,612E2790,0,,61.89,1,0,1
B022,2023-07-20 15:00:00,1,612E2800,0,,48.37,1,0,1
B022,2023-07-20 16:00:00,0,612E2790,0,,61.88,1,0,1
B022,2023-07-20 16:00:00,1,612E2800,0.2694665801,,48.36,1,0,1
B022,2023-07-20 17:00:00,0,612E2790,0.005775825248,,61.93,1,0,1
B022,2023-07-20 17:00:00,1,612E2800,0.01182935701,,48.35,1,0,1
B022,2023-07-20 18:00:00,0,612E2790,0,,,1,0,0
B022,2023-07-20 18:00:00,1,612E2800,0,,48.35,1,0,1
B022,2023-07-20 19:00:00,0,612E2790,0,,61.91,1,0,1
B022,2023-07-20 19:00:00,1,612E2800,0,,48.36,1,0,1
B022,2023-07-20 20:00:00,0,612E2790,0,,61.89,1,0,1
B022,2023-07-20 20:00:00,1,612E2800,0,,48.37,1,0,1
B022,2023-07-20 21:00:00,0,612E2790,0,,,1,0,0
B022,2023-07-20 21:00:00,1,612E2800,0,,48.36,1,0,1
B022,2023-07-20 22:00:00,0,612E2790,0,,,1,0,0
B022,2023-07-20 22:00:00,1,612E2800,0,,48.35,1,0,1
B022,2023-07-20 23:00:00,0,612E2790,0,,61.86,1,0,1
B022,2023-07-20 23:00:00,1,612E2800,0,,48.35,1,0,1
B022,2023-07-21 00:00:00,0,612E2790,0,,61.85,1,0,1
B022,2023-07-21 00:00:00,1,612E2800,0,,48.34,1,0,1
B022,2023-07-21 01:00:00,0,612E2790,0,,61.84,1,0,1
B022,2023-07-21 01:00:00,1,612E2800,0,,48.34,1,0,1
B022,2023-07-21 02:00:00,0,612E2790,0,,61.83,1,0,1
B022,2023-07-21 02:00:00,1,612E2800,0,,48.34,1,0,1
B022,2023-07-21 03:00:00,0,612E2790,0,,61.82,1,0,1
B022,2023-07-21 03:00:00,1,612E2800,0,,48.33,1,0,1
B022,2023-07-21 04:00:00,0,612E2790,0,,61.82,1,0,1
B022,2023-07-21 04:00:00,1,612E2800,0,,48.33,1,0,1
B022,2023-07-21 05:00:00,0,612E2790,0,,61.81,1,0,1
B022,2023-07-21 05:00:00,1,612E2800,0,,48.32,1,0,1
B022,2023-07-21 06:00:00,0,612E2790,0,,61.81,1,0,1
B022,2023-07-21 06:00:00,1,612E2800,0,,48.32,1,0,1
B022,2023-07-21 07:00:00,0,612E2790,0.5398024548,,61.8,1,0,1
B022,2023-07-21 07:00:00,1,612E2800,0.567697964,,48.32,1,0,1
B022,2023-07-21 08:00:00,0,612E2790,0,,61.8,1,0,1
B022,2023-07-21 08:00:00,1,612E2800,0,,48.32,1,0,1
B022,2023-07-21 09:00:00,0,612E2790,0,,61.79,1,0,1
B022,2023-07-21 09:00:00,1,612E2800,0,,48.31,1,0,1
B022,2023-07-21 10:00:00,0,612E2790,0,,61.76,1,0,1
B022,2023-07-21 10:00:00,1,612E2800,0,,48.3,1,0,1
B022,2023-07-21 11:00:00,0,612E2790,0,,61.75,1,0,1
B022,2023-07-21 11:00:00,1,612E2800,0,,48.3,1,0,1
B022,2023-07-21 12:00:00,0,612E2790,0,,61.75,1,0,1
B022,2023-07-21 12:00:00,1,612E2800,0,,48.29,1,0,1
B022,2023-07-21 13:00:00,0,612E2790,0,,61.74,1,0,1
B022,2023-07-21 13:00:00,1,612E2800,0,,48.29,1,0,1
B022,2023-07-21 14:00:00,0,612E2790,0,,61.74,1,0,1
B022,2023-07-21 14:00:00,1,612E2800,0,,48.29,1,0,1
B022,2023-07-21 15:00:00,0,612E2790,0,,,1,0,0
B022,2023-07-21 15:00:00,1,612E2800,0,,48.28,1,0,1
B022,2023-07-21 17:00:00,0,612E2790,0,,,1,0,0
B022,2023-07-21 17:00:00,1,612E2800,0,,48.28,1,0,1
B022,2023-07-21 18:00:00,0,612E2790,0,,61.71,1,0,1
B022,2023-07-21 18:00:00,1,612E2800,0,,48.28,1,0,1
B022,2023-07-21 19:00:00,0,612E2790,0,,61.71,1,0,1
B022,2023-07-21 19:00:00,1,612E2800,0,,48.28,1,0,1
B022,2023-07-21 20:00:00,0,612E2790,0,,,1,0,0
B022,2023-07-21 20:00:00,1,612E2800,0,,48.27,1,0,1
B022,2023-07-21 21:00:00,0,612E2790,0,,,1,0,0
B022,2023-07-21 21:00:00,1,612E2800,0,,48.27,1,0,1
B022,2023-07-21 22:00:00,0,612E2790,0,,61.69,1,0,1
B022,2023-07-21 22:00:00,1,612E2800,0,,48.26,1,0,1
B022,2023-07-21 23:00:00,0,612E2790,0,,61.68,1,0,1
B022,2023-07-21 23:00:00,1,612E2800,0,,48.26,1,0,1
B022,2023-07-22 00:00:00,0,612E2790,0,,61.68,1,0,1
B022,2023-07-22 00:00:00,1,612E2800,0,,48.26,1,0,1
B022,2023-07-22 01:00:00,0,612E2790,0,,61.68,1,0,1
B022,2023-07-22 01:00:00,1,612E2800,0,,48.26,1,0,1
B022,2023-07-22 02:00:00,0,612E2790,0,,61.67,1,0,1
B022,2023-07-22 02:00:00,1,612E2800,0,,48.26,1,0,1
B022,2023-07-22 03:00:00,0,612E2790,0,,61.67,1,0,1
B022,2023-07-22 03:00:00,1,612E2800,0,,48.25,1,0,1
B022,2023-07-22 04:00:00,0,612E2790,0,,61.67,1,0,1
B022,2023-07-22 04:00:00,1,612E2800,0,,48.25,1,0,1
B022,2023-07-22 05:00:00,0,612E2790,0,,61.67,1,0,1
B022,2023-07-22 05:00:00,1,612E2800,0,,48.25,1,0,1
B022,2023-07-22 06:00:00,0,612E2790,0,,61.67,1,0,1
B022,2023-07-22 06:00:00,1,612E2800,0,,48.25,1,0,1
B022,2023-07-22 07:00:00,0,612E2790,0.6321029213,,61.67,1,0,1
B022,2023-07-22 07:00:00,1,612E2800,0,,48.25,1,0,1
B022,2023-07-22 08:00:00,0,612E2790,0,,61.66,1,0,1
B022,2023-07-22 08:00:00,1,612E2800,0,,48.25,1,0,1
B022,2023-07-22 09:00:00,0,612E2790,0,,61.66,1,0,1
B022,2023-07-22 09:00:00,1,612E2800,0,,48.25,1,0,1
B022,2023-07-22 10:00:00,0,612E2790,0,,,1,0,0
B022,2023-07-22 10:00:00,1,612E2800,0,,48.25,1,0,1
B022,2023-07-22 11:00:00,0,612E2790,0,,61.66,1,0,1
B022,2023-07-22 11:00:00,1,612E2800,0,,48.25,1,0,1
B022,2023-07-22 12:00:00,0,612E2790,0,,61.66,1,0,1
B022,2023-07-22 12:00:00,1,612E2800,0,,48.25,1,0,1
B022,2023-07-22 13:00:00,0,612E2790,0,,61.66,1,0,1
B022,2023-07-22 13:00:00,1,612E2800,0,,48.25,1,0,1
B022,2023-07-22 14:00:00,0,612E2790,0,,61.66,1,0,1
B022,2023-07-22 14:00:00,1,612E2800,0,,48.25,1,0,1
B022,2023-07-22 15:00:00,0,612E2790,0.1428503287,,61.66,1,0,1
B022,2023-07-22 15:00:00,1,612E2800,0.004042942194,,48.25,1,0,1
B022,2023-07-22 16:00:00,0,612E2790,1.485511562,,61.65,1,0,1
B022,2023-07-22 16:00:00,1,612E2800,1.06964646,,48.25,1,0,1
B022,2023-07-22 17:00:00,0,612E2790,0.8305533749,,,1,0,0
B022,2023-07-22 17:00:00,1,612E2800,0.1662099372,,48.27,1,0,1
B022,2023-07-22 18:00:00,0,612E2790,0,,,1,0,0
B022,2023-07-22 18:00:00,1,612E2800,0,,48.28,1,0,1
B022,2023-07-22 19:00:00,0,612E2790,0,,,1,0,0
B022,2023-07-22 19:00:00,1,612E2800,0,,48.3,1,0,1
B022,2023-07-22 20:00:00,0,612E2790,0,,61.81,1,0,1
B022,2023-07-22 20:00:00,1,612E2800,0,,48.31,1,0,1
B022,2023-07-22 21:00:00,0,612E2790,0,,61.79,1,0,1
B022,2023-07-22 21:00:00,1,612E2800,0,,48.32,1,0,1
B022,2023-07-22 22:00:00,0,612E2790,0,,61.77,1,0,1
B022,2023-07-22 22:00:00,1,612E2800,0,,48.33,1,0,1
B022,2023-07-22 23:00:00,0,612E2790,0,,61.76,1,0,1
B022,2023-07-22 23:00:00,1,612E2800,0.02803443091,,48.33,1,0,1
B022,2023-07-23 00:00:00,0,612E2790,0,,61.76,1,0,1
B022,2023-07-23 00:00:00,1,612E2800,0,,48.33,1,0,1
B022,2023-07-23 01:00:00,0,612E2790,0,,61.76,1,0,1
B022,2023-07-23 01:00:00,1,612E2800,0,,48.32,1,0,1
B022,2023-07-23 02:00:00,0,612E2790,0,,,1,0,0
B022,2023-07-23 02:00:00,1,612E2800,0,,48.32,1,0,1
B022,2023-07-23 03:00:00,0,612E2790,0,,61.74,1,0,1
B022,2023-07-23 03:00:00,1,612E2800,0,,48.32,1,0,1
B022,2023-07-23 04:00:00,0,612E2790,0,,61.73,1,0,1
B022,2023-07-23 04:00:00,1,612E2800,0,,48.31,1,0,1
B022,2023-07-23 05:00:00,0,612E2790,0,,61.72,1,0,1
B022,2023-07-23 05:00:00,1,612E2800,0,,48.3,1,0,1
B022,2023-07-23 06:00:00,0,612E2790,0.02588442051,,,1,0,0
B022,2023-07-23 06:00:00,1,612E2800,0,,48.3,1,0,1
B022,2023-07-23 07:00:00,0,612E2790,3.667126063,,61.7,1,0,1
B022,2023-07-23 07:00:00,1,612E2800,1.267933771,,48.29,1,0,1
B022,2023-07-23 08:00:00,0,612E2790,0,,61.7,1,0,1
B022,2023-07-23 08:00:00,1,612E2800,0,,48.29,1,0,1
B022,2023-07-23 09:00:00,0,612E2790,0,,61.69,1,0,1
B022,2023-07-23 09:00:00,1,612E2800,0,,48.29,1,0,1
B022,2023-07-23 10:00:00,0,612E2790,0,,61.68,1,0,1
B022,2023-07-23 10:00:00,1,612E2800,0,,48.29,1,0,1
B022,2023-07-23 11:00:00,0,612E2790,0,,61.67,1,0,1
B022,2023-07-23 11:00:00,1,612E2800,0,,48.28,1,0,1
B022,2023-07-23 12:00:00,0,612E2790,0,,61.67,1,0,1
B022,2023-07-23 12:00:00,1,612E2800,0,,48.28,1,0,1
B022,2023-07-23 13:00:00,0,612E2790,0,,61.66,1,0,1
B022,2023-07-23 13:00:00,1,612E2800,0,,48.27,1,0,1
B022,2023-07-23 14:00:00,0,612E2790,0,,61.66,1,0,1
B022,2023-07-23 14:00:00,1,612E2800,0,,48.27,1,0,1
B022,2023-07-23 15:00:00,0,612E2790,0,,61.65,1,0,1
B022,2023-07-23 15:00:00,1,612E2800,0,,48.26,1,0,1
B022,2023-07-23 16:00:00,0,612E2790,0,,61.64,1,0,1
B022,2023-07-23 16:00:00,1,612E2800,0,,48.26,1,0,1
B022,2023-07-23 17:00:00,0,612E2790,0,,61.62,1,0,1
B022,2023-07-23 17:00:00,1,612E2800,0.02803443091,,48.26,1,0,1
B022,2023-07-23 18:00:00,0,612E2790,0,,61.61,1,0,1
B022,2023-07-23 18:00:00,1,612E2800,0,,48.26,1,0,1
B022,2023-07-23 19:00:00,0,612E2790,0,,61.6,1,0,1
B022,2023-07-23 19:00:00,1,612E2800,0.02803443091,,48.26,1,0,1
B022,2023-07-23 20:00:00,0,612E2790,0,,61.6,1,0,1
B022,2023-07-23 20:00:00,1,612E2800,0,,48.25,1,0,1
B022,2023-07-23 21:00:00,0,612E2790,0,,61.61,1,0,1
B022,2023-07-23 21:00:00,1,612E2800,0,,48.24,1,0,1
B022,2023-07-23 22:00:00,0,612E2790,0,,,1,0,0
B022,2023-07-23 22:00:00,1,612E2800,0,,48.24,1,0,1
B022,2023-07-23 23:00:00,0,612E2790,0,,61.61,1,0,1
B022,2023-07-23 23:00:00,1,612E2800,0,,48.24,1,0,1
B022,2023-07-24 00:00:00,0,612E2790,0,,61.61,1,0,1
B022,2023-07-24 00:00:00,1,612E2800,0,,48.24,1,0,1
B022,2023-07-24 01:00:00,0,612E2790,0,,61.61,1,0,1
B022,2023-07-24 01:00:00,1,612E2800,0,,48.24,1,0,1
B022,2023-07-24 02:00:00,0,612E2790,0,,61.6,1,0,1
B022,2023-07-24 02:00:00,1,612E2800,0.02803443091,,48.24,1,0,1
B022,2023-07-24 03:00:00,0,612E2790,0,,61.6,1,0,1
B022,2023-07-24 03:00:00,1,612E2800,0,,48.24,1,0,1
B022,2023-07-24 04:00:00,0,612E2790,0,,61.61,1,0,1
B022,2023-07-24 04:00:00,1,612E2800,0,,48.24,1,0,1
B022,2023-07-24 05:00:00,0,612E2790,0,,61.61,1,0,1
B022,2023-07-24 05:00:00,1,612E2800,0,,48.24,1,0,1
B022,2023-07-24 06:00:00,0,612E2790,0,,61.61,1,0,1
B022,2023-07-24 06:00:00,1,612E2800,0,,48.23,1,0,1
B022,2023-07-24 07:00:00,0,612E2790,0,,61.61,1,0,1
B022,2023-07-24 07:00:00,1,612E2800,0.08410329273,,48.23,1,0,1
B022,2023-07-24 08:00:00,0,612E2790,0,,,1,0,0
B022,2023-07-24 08:00:00,1,612E2800,0,,48.23,1,0,1
B022,2023-07-24 09:00:00,0,612E2790,0,,61.6,1,0,1
B022,2023-07-24 09:00:00,1,612E2800,0,,48.23,1,0,1
B022,2023-07-24 10:00:00,0,612E2790,0,,,1,0,0
B022,2023-07-24 10:00:00,1,612E2800,0,,48.23,1,0,1
B022,2023-07-24 11:00:00,0,612E2790,0,,61.6,1,0,1
B022,2023-07-24 11:00:00,1,612E2800,0,,48.23,1,0,1
B022,2023-07-24 12:00:00,0,612E2790,0,,,1,0,0
B022,2023-07-24 12:00:00,1,612E2800,0,,48.23,1,0,1
B022,2023-07-24 13:00:00,0,612E2790,0,,,1,0,0
B022,2023-07-24 13:00:00,1,612E2800,0,,48.23,1,0,1
B022,2023-07-24 14:00:00,0,612E2790,0,,61.59,1,0,1
B022,2023-07-24 14:00:00,1,612E2800,1.684166125,,,1,0,0
B022,2023-07-24 15:00:00,0,612E2790,0.1811909436,,61.67,1,0,1
B022,2023-07-24 15:00:00,1,612E2800,0,,,1,0,0
B022,2023-07-24 16:00:00,0,612E2790,0,,61.78,1,0,1
B022,2023-07-24 16:00:00,1,612E2800,0,,,1,0,0
B022,2023-07-24 17:00:00,0,612E2790,0,,62,1,0,1
B022,2023-07-24 17:00:00,1,612E2800,0,,48.23,1,0,1
B022,2023-07-24 18:00:00,0,612E2790,6.781383566,,62.21,1,0,1
B022,2023-07-24 18:00:00,1,612E2800,0.3622178177,,48.25,1,0,1
B022,2023-07-24 19:00:00,0,612E2790,0,,62.18,1,0,1
B022,2023-07-24 19:00:00,1,612E2800,0,,48.34,1,0,1
B022,2023-07-24 20:00:00,0,612E2790,0,,62.11,1,0,1
B022,2023-07-24 20:00:00,1,612E2800,0,,48.52,1,0,1
B022,2023-07-24 21:00:00,0,612E2790,0,,62.05,1,0,1
B022,2023-07-24 21:00:00,1,612E2800,0,,48.52,1,0,1
B022,2023-07-24 22:00:00,0,612E2790,0,,62.01,1,0,1
B022,2023-07-24 22:00:00,1,612E2800,0,,48.49,1,0,1
B022,2023-07-24 23:00:00,0,612E2790,0,,61.97,1,0,1
B022,2023-07-24 23:00:00,1,612E2800,0,,48.45,1,0,1
B022,2023-07-25 00:00:00,0,612E2790,0,,,1,0,0
B022,2023-07-25 00:00:00,1,612E2800,0,,48.43,1,0,1
B022,2023-07-25 01:00:00,0,612E2790,0,,61.92,1,0,1
B022,2023-07-25 01:00:00,1,612E2800,0,,48.41,1,0,1
B022,2023-07-25 02:00:00,0,612E2790,0,,61.89,1,0,1
B022,2023-07-25 02:00:00,1,612E2800,0,,48.39,1,0,1
B022,2023-07-25 03:00:00,0,612E2790,0,,61.87,1,0,1
B022,2023-07-25 03:00:00,1,612E2800,0,,48.37,1,0,1
B022,2023-07-25 04:00:00,0,612E2790,0,,61.86,1,0,1
B022,2023-07-25 04:00:00,1,612E2800,0,,,1,0,0
B022,2023-07-25 05:00:00,0,612E2790,0,,61.84,1,0,1
B022,2023-07-25 05:00:00,1,612E2800,0,,48.35,1,0,1
B022,2023-07-25 06:00:00,0,612E2790,0,,61.83,1,0,1
B022,2023-07-25 06:00:00,1,612E2800,0,,48.34,1,0,1
B022,2023-07-25 07:00:00,0,612E2790,7.241896713,,61.82,1,0,1
B022,2023-07-25 07:00:00,1,612E2800,2.046383943,,48.34,1,0,1
B022,2023-07-25 08:00:00,0,612E2790,0,,61.81,1,0,1
B022,2023-07-25 08:00:00,1,612E2800,0,,48.33,1,0,1
B022,2023-07-25 09:00:00,0,612E2790,0,,61.79,1,0,1
B022,2023-07-25 09:00:00,1,612E2800,0,,48.32,1,0,1
B022,2023-07-25 10:00:00,0,612E2790,0.2070753641,,61.79,1,0,1
B022,2023-07-25 10:00:00,1,612E2800,0.2020999351,,48.32,1,0,1
B022,2023-07-25 11:00:00,0,612E2790,0.6519706713,,61.78,1,0,1
B022,2023-07-25 11:00:00,1,612E2800,0.107796067,,48.32,1,0,1
B022,2023-07-25 12:00:00,0,612E2790,0.7375624109,,61.8,1,0,1
B022,2023-07-25 12:00:00,1,612E2800,0,,48.32,1,0,1
B022,2023-07-25 13:00:00,0,612E2790,0.5407398817,,,1,0,0
B022,2023-07-25 13:00:00,1,612E2800,0.02021471097,,48.31,1,0,1
B022,2023-07-25 14:00:00,0,612E2790,0.06519706713,,61.85,1,0,1
B022,2023-07-25 14:00:00,1,612E2800,0.004042942194,,48.31,1,0,1
B022,2023-07-25 15:00:00,0,612E2790,0,,61.86,1,0,1
B022,2023-07-25 15:00:00,1,612E2800,0,,48.32,1,0,1
B022,2023-07-25 16:00:00,0,612E2790,0,,61.87,1,0,1
B022,2023-07-25 16:00:00,1,612E2800,0,,48.33,1,0,1
B022,2023-07-25 17:00:00,0,612E2790,0,,,1,0,0
B022,2023-07-25 17:00:00,1,612E2800,0,,48.34,1,0,1
B022,2023-07-25 18:00:00,0,612E2790,0,,61.84,1,0,1
B022,2023-07-25 18:00:00,1,612E2800,0,,48.34,1,0,1
B022,2023-07-25 19:00:00,0,612E2790,0,,61.84,1,0,1
B022,2023-07-25 19:00:00,1,612E2800,0,,48.34,1,0,1
B022,2023-07-25 20:00:00,0,612E2790,0,,61.83,1,0,1
B022,2023-07-25 20:00:00,1,612E2800,0,,48.34,1,0,1
B022,2023-07-25 21:00:00,0,612E2790,0,,61.82,1,0,1
B022,2023-07-25 21:00:00,1,612E2800,0,,48.33,1,0,1
B022,2023-07-25 22:00:00,0,612E2790,0,,,1,0,0
B022,2023-07-25 22:00:00,1,612E2800,0,,48.33,1,0,1
B022,2023-07-25 23:00:00,0,612E2790,0,,61.8,1,0,1
B022,2023-07-25 23:00:00,1,612E2800,0,,48.32,1,0,1
B022,2023-07-26 00:00:00,0,612E2790,0,,,1,0,0
B022,2023-07-26 00:00:00,1,612E2800,0,,48.32,1,0,1
B022,2023-07-26 01:00:00,0,612E2790,0,,61.78,1,0,1
B022,2023-07-26 01:00:00,1,612E2800,0,,48.31,1,0,1
B022,2023-07-26 02:00:00,0,612E2790,0,,61.77,1,0,1
B022,2023-07-26 02:00:00,1,612E2800,0,,48.31,1,0,1
B022,2023-07-26 03:00:00,0,612E2790,0,,61.76,1,0,1
B022,2023-07-26 03:00:00,1,612E2800,0,,48.3,1,0,1
B022,2023-07-26 04:00:00,0,612E2790,0,,,1,0,0
B022,2023-07-26 04:00:00,1,612E2800,0,,48.3,1,0,1
B022,2023-07-26 05:00:00,0,612E2790,0,,,1,0,0
B022,2023-07-26 05:00:00,1,612E2800,0,,48.3,1,0,1
B022,2023-07-26 06:00:00,0,612E2790,0,,61.74,1,0,1
B022,2023-07-26 06:00:00,1,612E2800,0,,48.29,1,0,1
B022,2023-07-26 07:00:00,0,612E2790,3.064609836,,,1,0,0
B022,2023-07-26 07:00:00,1,612E2800,0.3341536552,,48.29,1,0,1
B022,2023-07-26 08:00:00,0,612E2790,0,,61.73,1,0,1
B022,2023-07-26 08:00:00,1,612E2800,0,,48.29,1,0,1
B022,2023-07-26 09:00:00,0,612E2790,0,,61.73,1,0,1
B022,2023-07-26 09:00:00,1,612E2800,0,,48.29,1,0,1
B022,2023-07-26 10:00:00,0,612E2790,0,,,1,0,0
B022,2023-07-26 10:00:00,1,612E2800,0,,48.28,1,0,1
B022,2023-07-26 11:00:00,0,612E2790,0,,,1,0,0
B022,2023-07-26 11:00:00,1,612E2800,0,,48.28,1,0,1
B022,2023-07-26 12:00:00,0,612E2790,0,,61.72,1,0,1
B022,2023-07-26 12:00:00,1,612E2800,0,,48.28,1,0,1
B022,2023-07-26 13:00:00,0,612E2790,0,,61.71,1,0,1
B022,2023-07-26 13:00:00,1,612E2800,0,,48.27,1,0,1
B022,2023-07-26 14:00:00,0,612E2790,0,,61.71,1,0,1
B022,2023-07-26 14:00:00,1,612E2800,0,,48.27,1,0,1
B022,2023-07-26 15:00:00,0,612E2790,0,,61.7,1,0,1
B022,2023-07-26 15:00:00,1,612E2800,0,,48.27,1,0,1
B022,2023-07-26 16:00:00,0,612E2790,0,,61.7,1,0,1
B022,2023-07-26 16:00:00,1,612E2800,0,,48.27,1,0,1
B022,2023-07-26 17:00:00,0,612E2790,0,,,1,0,0
B022,2023-07-26 17:00:00,1,612E2800,0,,48.26,1,0,1
B022,2023-07-26 18:00:00,0,612E2790,0,,61.69,1,0,1
B022,2023-07-26 18:00:00,1,612E2800,0,,48.26,1,0,1
B022,2023-07-26 19:00:00,0,612E2790,0,,61.68,1,0,1
B022,2023-07-26 19:00:00,1,612E2800,0,,48.26,1,0,1
B022,2023-08-05 06:00:00,0,612E2790,0,,61.6,1,0,1
B022,2023-08-05 06:00:00,1,612E2800,0,,48.21,1,0,1
B022,2023-08-05 07:00:00,0,612E2790,0,,,1,0,0
B022,2023-08-05 07:00:00,1,612E2800,0.05606886182,,48.21,1,0,1
B022,2023-08-05 08:00:00,0,612E2790,0,,61.59,1,0,1
B022,2023-08-05 08:00:00,1,612E2800,0,,48.21,1,0,1
B022,2023-08-05 09:00:00,0,612E2790,0,,61.59,1,0,1
B022,2023-08-05 09:00:00,1,612E2800,0,,48.21,1,0,1
B022,2023-08-05 10:00:00,0,612E2790,0,,61.59,1,0,1
B022,2023-08-05 10:00:00,1,612E2800,0,,48.21,1,0,1
B022,2023-08-05 11:00:00,0,612E2790,0,,61.59,1,0,1
B022,2023-08-05 11:00:00,1,612E2800,0,,48.21,1,0,1
B022,2023-08-05 12:00:00,0,612E2790,0,,61.59,1,0,1
B022,2023-08-05 12:00:00,1,612E2800,0,,48.21,1,0,1
B022,2023-08-05 13:00:00,0,612E2790,0,,61.59,1,0,1
B022,2023-08-05 13:00:00,1,612E2800,0.02803443091,,48.21,1,0,1
B022,2023-08-05 14:00:00,0,612E2790,0,,61.59,1,0,1
B022,2023-08-05 14:00:00,1,612E2800,0,,48.21,1,0,1
B022,2023-08-05 15:00:00,0,612E2790,0,,61.59,1,0,1
B022,2023-08-05 15:00:00,1,612E2800,0,,48.21,1,0,1
B022,2023-08-05 16:00:00,0,612E2790,0,,61.59,1,0,1
B022,2023-08-05 16:00:00,1,612E2800,0,,48.21,1,0,1
B022,2023-08-05 17:00:00,0,612E2790,0,,61.59,1,0,1
B022,2023-08-05 17:00:00,1,612E2800,0,,48.21,1,0,1
B022,2023-08-05 18:00:00,0,612E2790,0,,61.58,1,0,1
B022,2023-08-05 18:00:00,1,612E2800,0,,48.21,1,0,1
B022,2023-08-05 19:00:00,0,612E2790,0,,61.58,1,0,1
B022,2023-08-05 19:00:00,1,612E2800,0,,48.21,1,0,1
B022,2023-08-05 20:00:00,0,612E2790,0,,61.58,1,0,1
B022,2023-08-05 20:00:00,1,612E2800,0,,48.21,1,0,1
B022,2023-08-05 21:00:00,0,612E2790,0,,61.57,1,0,1
B022,2023-08-05 21:00:00,1,612E2800,0,,48.21,1,0,1
B022,2023-08-05 22:00:00,0,612E2790,0,,,1,0,0
B022,2023-08-05 22:00:00,1,612E2800,0,,48.21,1,0,1
B022,2023-08-05 23:00:00,0,612E2790,0,,61.57,1,0,1
B022,2023-08-05 23:00:00,1,612E2800,0,,48.21,1,0,1
B022,2023-08-06 00:00:00,0,612E2790,0,,61.56,1,0,1
B022,2023-08-06 00:00:00,1,612E2800,0,,48.2,1,0,1
B022,2023-08-06 01:00:00,0,612E2790,0,,,1,0,0
B022,2023-08-06 01:00:00,1,612E2800,0,,48.2,1,0,1
B022,2023-08-06 02:00:00,0,612E2790,0,,61.56,1,0,1
B022,2023-08-06 02:00:00,1,612E2800,0,,48.2,1,0,1
B022,2023-08-06 03:00:00,0,612E2790,0,,61.56,1,0,1
B022,2023-08-06 03:00:00,1,612E2800,0,,48.2,1,0,1
B022,2023-08-06 04:00:00,0,612E2790,0,,61.57,1,0,1
B022,2023-08-06 04:00:00,1,612E2800,0,,48.2,1,0,1
B022,2023-08-06 05:00:00,0,612E2790,0,,61.57,1,0,1
B022,2023-08-06 05:00:00,1,612E2800,0,,48.2,1,0,1
B022,2023-08-06 06:00:00,0,612E2790,0,,61.56,1,0,1
B022,2023-08-06 06:00:00,1,612E2800,0,,48.2,1,0,1
B022,2023-08-06 07:00:00,0,612E2790,0,,61.55,1,0,1
B022,2023-08-06 07:00:00,1,612E2800,0.02803443091,,48.2,1,0,1
B022,2023-08-06 08:00:00,0,612E2790,0,,61.55,1,0,1
B022,2023-08-06 08:00:00,1,612E2800,0,,48.21,1,0,1
B022,2023-08-06 09:00:00,0,612E2790,0,,61.54,1,0,1
B022,2023-08-06 09:00:00,1,612E2800,0,,48.21,1,0,1
B022,2023-08-06 10:00:00,0,612E2790,0,,61.54,1,0,1
B022,2023-08-06 10:00:00,1,612E2800,0,,48.21,1,0,1
B022,2023-08-06 11:00:00,0,612E2790,0.1035376821,,,1,0,0
B022,2023-08-06 11:00:00,1,612E2800,0,,48.21,1,0,1
B022,2023-08-06 12:00:00,0,612E2790,0.01732747574,,61.55,1,0,1
B022,2023-08-06 12:00:00,1,612E2800,0.03548807102,,48.21,1,0,1
B022,2023-08-06 13:00:00,0,612E2790,0.0115516505,,61.55,1,0,1
B022,2023-08-06 13:00:00,1,612E2800,0.02365871401,,48.21,1,0,1
B022,2023-08-06 14:00:00,0,612E2790,0.1319818299,,61.56,1,0,1
B022,2023-08-06 14:00:00,1,612E2800,0,,48.2,1,0,1
B022,2023-08-06 15:00:00,0,612E2790,0,,61.56,1,0,1
B022,2023-08-06 15:00:00,1,612E2800,0,,48.2,1,0,1
B022,2023-08-06 16:00:00,0,612E2790,0,,61.56,1,0,1
B022,2023-08-06 16:00:00,1,612E2800,0,,48.2,1,0,1
B022,2023-08-06 17:00:00,0,612E2790,0,,,1,0,0
B022,2023-08-06 17:00:00,1,612E2800,0,,48.2,1,0,1
B022,2023-08-06 18:00:00,0,612E2790,0,,61.67,1,0,1
B022,2023-08-06 18:00:00,1,612E2800,0,,48.2,1,0,1
B022,2023-08-06 19:00:00,0,612E2790,0,,61.73,1,0,1
B022,2023-08-06 19:00:00,1,612E2800,0,,48.2,1,0,1
B022,2023-08-06 20:00:00,0,612E2790,0,,61.76,1,0,1
B022,2023-08-06 20:00:00,1,612E2800,0,,48.18,1,0,1
B022,2023-08-06 21:00:00,0,612E2790,0,,61.75,1,0,1
B022,2023-08-06 21:00:00,1,612E2800,0,,48.18,1,0,1
B022,2023-08-06 22:00:00,0,612E2790,0,,61.73,1,0,1
B022,2023-08-06 22:00:00,1,612E2800,0,,48.23,1,0,1
B022,2023-08-06 23:00:00,0,612E2790,0,,61.72,1,0,1
B022,2023-08-06 23:00:00,1,612E2800,0,,48.26,1,0,1
B022,2023-08-07 00:00:00,0,612E2790,0,,61.7,1,0,1
B022,2023-08-07 00:00:00,1,612E2800,0,,48.27,1,0,1
B022,2023-08-07 01:00:00,0,612E2790,0,,61.69,1,0,1
B022,2023-08-07 01:00:00,1,612E2800,0,,48.27,1,0,1
B022,2023-08-07 02:00:00,0,612E2790,0,,61.91,1,0,1
B022,2023-08-07 02:00:00,1,612E2800,0,,48.26,1,0,1
B022,2023-08-07 03:00:00,0,612E2790,0,,61.93,1,0,1
B022,2023-08-07 03:00:00,1,612E2800,0,,48.26,1,0,1
B022,2023-08-07 04:00:00,0,612E2790,0,,61.93,1,0,1
B022,2023-08-07 04:00:00,1,612E2800,0,,48.28,1,0,1
B022,2023-08-07 05:00:00,0,612E2790,0,,,1,0,0
B022,2023-08-07 05:00:00,1,612E2800,0,,48.34,1,0,1
B022,2023-08-07 06:00:00,0,612E2790,3.649159184,,61.92,1,0,1
B022,2023-08-07 06:00:00,1,612E2800,1.12178692,,48.36,1,0,1
B022,2023-08-07 07:00:00,0,612E2790,1.248490155,,61.93,1,0,1
B022,2023-08-07 07:00:00,1,612E2800,0.3761278055,,48.37,1,0,1
B022,2023-08-07 08:00:00,0,612E2790,0.7899608415,,62.02,1,0,1
B022,2023-08-07 08:00:00,1,612E2800,0.004042942194,,48.39,1,0,1
B022,2023-08-07 09:00:00,0,612E2790,0.7062992397,,62.17,1,0,1
B022,2023-08-07 09:00:00,1,612E2800,0.04042942194,,48.45,1,0,1
B022,2023-08-07 10:00:00,0,612E2790,0,,,1,0,0
B022,2023-08-07 10:00:00,1,612E2800,0,,48.46,1,0,1
B022,2023-08-07 11:00:00,0,612E2790,0,,,1,0,0
B022,2023-08-07 11:00:00,1,612E2800,0,,48.52,1,0,1
B022,2023-08-07 12:00:00,0,612E2790,0,,61.92,1,0,1
B022,2023-08-07 12:00:00,1,612E2800,0,,48.46,1,0,1
B022,2023-08-07 13:00:00,0,612E2790,0,,61.88,1,0,1
B022,2023-08-07 13:00:00,1,612E2800,0,,,1,0,0
B022,2023-08-07 14:00:00,0,612E2790,0,,61.92,1,0,1
B022,2023-08-07 14:00:00,1,612E2800,0,,48.4,1,0,1
B022,2023-08-07 15:00:00,0,612E2790,0,,,1,0,0
B022,2023-08-07 15:00:00,1,612E2800,0,,48.37,1,0,1
B022,2023-08-07 16:00:00,0,612E2790,0,,61.85,1,0,1
B022,2023-08-07 16:00:00,1,612E2800,0,,48.36,1,0,1
B022,2023-08-07 17:00:00,0,612E2790,0,,,1,0,0
B022,2023-08-07 17:00:00,1,612E2800,0,,48.36,1,0,1
B022,2023-08-07 18:00:00,0,612E2790,0,,61.81,1,0,1
B022,2023-08-07 18:00:00,1,612E2800,0,,48.35,1,0,1
B022,2023-08-07 19:00:00,0,612E2790,0,,61.8,1,0,1
B022,2023-08-07 19:00:00,1,612E2800,0,,48.34,1,0,1
B022,2023-08-07 20:00:00,0,612E2790,0,,61.78,1,0,1
B022,2023-08-07 20:00:00,1,612E2800,0,,48.33,1,0,1
B022,2023-08-07 21:00:00,0,612E2790,0,,61.77,1,0,1
B022,2023-08-07 21:00:00,1,612E2800,0,,48.32,1,0,1
B022,2023-08-07 22:00:00,0,612E2790,0,,,1,0,0
B022,2023-08-07 22:00:00,1,612E2800,0,,48.32,1,0,1
B022,2023-08-07 23:00:00,0,612E2790,0,,61.75,1,0,1
B022,2023-08-07 23:00:00,1,612E2800,0,,48.31,1,0,1
B022,2023-08-08 00:00:00,0,612E2790,0,,61.74,1,0,1
B022,2023-08-08 00:00:00,1,612E2800,0,,48.3,1,0,1
B022,2023-08-08 01:00:00,0,612E2790,0,,61.74,1,0,1
B022,2023-08-08 01:00:00,1,612E2800,0,,48.29,1,0,1
B022,2023-08-08 02:00:00,0,612E2790,0,,61.73,1,0,1
B022,2023-08-08 02:00:00,1,612E2800,0,,48.29,1,0,1
B022,2023-08-08 03:00:00,0,612E2790,0,,61.72,1,0,1
B022,2023-08-08 03:00:00,1,612E2800,0,,48.29,1,0,1
B022,2023-08-08 04:00:00,0,612E2790,0,,61.72,1,0,1
B022,2023-08-08 04:00:00,1,612E2800,0,,48.29,1,0,1
B022,2023-08-08 05:00:00,0,612E2790,0,,61.71,1,0,1
B022,2023-08-08 05:00:00,1,612E2800,0,,48.28,1,0,1
B022,2023-08-08 06:00:00,0,612E2790,0,,61.71,1,0,1
B022,2023-08-08 06:00:00,1,612E2800,0,,48.28,1,0,1
B022,2023-08-08 07:00:00,0,612E2790,1.496260081,,61.7,1,0,1
B022,2023-08-08 07:00:00,1,612E2800,0.04447236413,,48.28,1,0,1
B022,2023-08-08 08:00:00,0,612E2790,0,,61.7,1,0,1
B022,2023-08-08 08:00:00,1,612E2800,0,,48.27,1,0,1
B022,2023-08-08 09:00:00,0,612E2790,0,,61.69,1,0,1
B022,2023-08-08 09:00:00,1,612E2800,0,,48.26,1,0,1
B022,2023-08-08 10:00:00,0,612E2790,0,,61.68,1,0,1
B022,2023-08-08 10:00:00,1,612E2800,0,,48.26,1,0,1
B022,2023-08-08 11:00:00,0,612E2790,0,,61.68,1,0,1
B022,2023-08-08 11:00:00,1,612E2800,0,,48.26,1,0,1
B022,2023-08-08 12:00:00,0,612E2790,0,,,1,0,0
B022,2023-08-08 12:00:00,1,612E2800,0,,48.26,1,0,1
B022,2023-08-08 13:00:00,0,612E2790,0.06353407772,,,1,0,0
B022,2023-08-08 13:00:00,1,612E2800,0.7364227322,,48.26,1,0,1
B022,2023-08-08 14:00:00,0,612E2790,0.006016598337,,61.69,1,0,1
B022,2023-08-08 14:00:00,1,612E2800,0.01182935701,,48.26,1,0,1
B022,2023-08-08 15:00:00,0,612E2790,0,,61.68,1,0,1
B022,2023-08-08 15:00:00,1,612E2800,0,,48.25,1,0,1
B022,2023-08-08 16:00:00,0,612E2790,0,,,1,0,0
B022,2023-08-08 16:00:00,1,612E2800,0,,48.21,1,0,1
B022,2023-08-08 17:00:00,0,612E2790,0,,61.71,1,0,1
B022,2023-08-08 17:00:00,1,612E2800,0,,48.18,1,0,1
B022,2023-08-08 18:00:00,0,612E2790,0,,61.73,1,0,1
B022,2023-08-08 18:00:00,1,612E2800,0,,48.21,1,0,1
B022,2023-08-08 19:00:00,0,612E2790,0,,61.72,1,0,1
B022,2023-08-08 19:00:00,1,612E2800,0,,48.24,1,0,1
B022,2023-08-08 20:00:00,0,612E2790,0,,61.71,1,0,1
B022,2023-08-08 20:00:00,1,612E2800,0,,48.25,1,0,1
B022,2023-08-08 21:00:00,0,612E2790,0,,61.69,1,0,1
B022,2023-08-08 21:00:00,1,612E2800,0,,48.26,1,0,1
B022,2023-08-08 22:00:00,0,612E2790,0,,61.68,1,0,1
B022,2023-08-08 22:00:00,1,612E2800,0,,48.26,1,0,1
B022,2023-08-08 23:00:00,0,612E2790,0,,61.68,1,0,1
B022,2023-08-08 23:00:00,1,612E2800,0,,48.26,1,0,1
B022,2023-08-09 00:00:00,0,612E2790,0,,61.67,1,0,1
B022,2023-08-09 00:00:00,1,612E2800,0,,48.26,1,0,1
B022,2023-08-09 01:00:00,0,612E2790,0,,61.67,1,0,1
B022,2023-08-09 01:00:00,1,612E2800,0,,48.26,1,0,1
B022,2023-08-09 02:00:00,0,612E2790,0,,61.66,1,0,1
B022,2023-08-09 02:00:00,1,612E2800,0,,48.25,1,0,1
B022,2023-08-09 03:00:00,0,612E2790,0,,61.66,1,0,1
B022,2023-08-09 03:00:00,1,612E2800,0,,48.25,1,0,1
B022,2023-08-09 04:00:00,0,612E2790,0,,61.66,1,0,1
B022,2023-08-09 04:00:00,1,612E2800,0.13473329,,48.25,1,0,1
B022,2023-08-09 05:00:00,0,612E2790,2.057505633,,61.67,1,0,1
B022,2023-08-09 05:00:00,1,612E2800,0.6440496572,,48.25,1,0,1
B022,2023-08-09 06:00:00,0,612E2790,1.294177048,,,1,0,0
B022,2023-08-09 06:00:00,1,612E2800,0.1353637476,,48.24,1,0,1
B022,2023-08-09 07:00:00,0,612E2790,3.529890494,,61.73,1,0,1
B022,2023-08-09 07:00:00,1,612E2800,1.662398784,,48.24,1,0,1
B022,2023-08-09 08:00:00,0,612E2790,0,,61.81,1,0,1
B022,2023-08-09 08:00:00,1,612E2800,0,,48.24,1,0,1
B022,2023-08-09 09:00:00,0,612E2790,0,,62.1,1,0,1
B022,2023-08-09 09:00:00,1,612E2800,0,,48.25,1,0,1
B022,2023-08-09 10:00:00,0,612E2790,0,,62.07,1,0,1
B022,2023-08-09 10:00:00,1,612E2800,0,,48.27,1,0,1
B022,2023-08-09 11:00:00,0,612E2790,0,,62.01,1,0,1
B022,2023-08-09 11:00:00,1,612E2800,0,,48.41,1,0,1
B022,2023-08-09 12:00:00,0,612E2790,0,,61.98,1,0,1
B022,2023-08-09 12:00:00,1,612E2800,0,,48.45,1,0,1
B022,2023-08-09 13:00:00,0,612E2790,0,,61.94,1,0,1
B022,2023-08-09 13:00:00,1,612E2800,0,,48.42,1,0,1
B022,2023-08-09 14:00:00,0,612E2790,0.6970045109,,61.92,1,0,1
B022,2023-08-09 14:00:00,1,612E2800,0.008085884388,,48.4,1,0,1
B022,2023-08-09 15:00:00,0,612E2790,0.2173142734,,,1,0,0
B022,2023-08-09 15:00:00,1,612E2800,0,,48.38,1,0,1
B022,2023-08-09 16:00:00,0,612E2790,0,,61.92,1,0,1
B022,2023-08-09 16:00:00,1,612E2800,0,,48.37,1,0,1
B022,2023-08-09 17:00:00,0,612E2790,0,,,1,0,0
B022,2023-08-09 17:00:00,1,612E2800,0,,48.37,1,0,1
B022,2023-08-09 18:00:00,0,612E2790,0,,61.89,1,0,1
B022,2023-08-09 18:00:00,1,612E2800,0,,48.37,1,0,1
B022,2023-08-09 19:00:00,0,612E2790,0,,61.87,1,0,1
B022,2023-08-09 19:00:00,1,612E2800,0,,48.36,1,0,1
B022,2023-08-09 20:00:00,0,612E2790,0,,61.86,1,0,1
B022,2023-08-09 20:00:00,1,612E2800,0,,48.35,1,0,1
B022,2023-08-09 21:00:00,0,612E2790,0,,61.84,1,0,1
B022,2023-08-09 21:00:00,1,612E2800,0,,48.34,1,0,1
B022,2023-08-09 22:00:00,0,612E2790,0,,61.83,1,0,1
B022,2023-08-09 22:00:00,1,612E2800,0,,48.34,1,0,1
B022,2023-08-09 23:00:00,0,612E2790,0,,61.82,1,0,1
B022,2023-08-09 23:00:00,1,612E2800,0,,48.33,1,0,1
B022,2023-08-10 00:00:00,0,612E2790,0,,61.8,1,0,1
B022,2023-08-10 00:00:00,1,612E2800,0,,48.32,1,0,1
B022,2023-08-10 01:00:00,0,612E2790,0,,61.79,1,0,1
B022,2023-08-10 01:00:00,1,612E2800,0,,48.32,1,0,1
B022,2023-08-10 02:00:00,0,612E2790,0,,61.78,1,0,1
B022,2023-08-10 02:00:00,1,612E2800,0,,48.31,1,0,1
B022,2023-08-10 03:00:00,0,612E2790,0,,61.77,1,0,1
B022,2023-08-10 03:00:00,1,612E2800,0,,48.3,1,0,1
B022,2023-08-10 04:00:00,0,612E2790,0,,61.76,1,0,1
B022,2023-08-10 04:00:00,1,612E2800,0,,48.3,1,0,1
B022,2023-08-10 05:00:00,0,612E2790,0,,61.75,1,0,1
B022,2023-08-10 05:00:00,1,612E2800,0,,48.3,1,0,1
B022,2023-08-10 06:00:00,0,612E2790,0,,61.75,1,0,1
B022,2023-08-10 06:00:00,1,612E2800,0,,48.29,1,0,1
B022,2023-08-10 07:00:00,0,612E2790,0.9143187842,,,1,0,0
B022,2023-08-10 07:00:00,1,612E2800,0.008085884388,,48.29,1,0,1
B022,2023-08-10 08:00:00,0,612E2790,0,,61.73,1,0,1
B022,2023-08-10 08:00:00,1,612E2800,0,,48.29,1,0,1
B022,2023-08-10 09:00:00,0,612E2790,0,,61.72,1,0,1
B022,2023-08-10 09:00:00,1,612E2800,0,,48.28,1,0,1
B022,2023-08-10 10:00:00,0,612E2790,0,,61.72,1,0,1
B022,2023-08-10 10:00:00,1,612E2800,0,,48.28,1,0,1
B022,2023-08-10 11:00:00,0,612E2790,0,,,1,0,0
B022,2023-08-10 11:00:00,1,612E2800,0,,48.28,1,0,1
B022,2023-08-10 12:00:00,0,612E2790,0,,61.71,1,0,1
B022,2023-08-10 12:00:00,1,612E2800,0,,48.27,1,0,1
B022,2023-08-10 13:00:00,0,612E2790,0,,61.7,1,0,1
B022,2023-08-10 13:00:00,1,612E2800,0,,48.27,1,0,1
B022,2023-08-10 14:00:00,0,612E2790,0,,61.7,1,0,1
B022,2023-08-10 14:00:00,1,612E2800,0,,48.26,1,0,1
B022,2023-08-10 15:00:00,0,612E2790,0,,61.69,1,0,1
B022,2023-08-10 15:00:00,1,612E2800,0,,48.26,1,0,1
B022,2023-08-10 16:00:00,0,612E2790,0,,61.68,1,0,1
B022,2023-08-10 16:00:00,1,612E2800,0,,48.26,1,0,1
B022,2023-08-10 17:00:00,0,612E2790,0,,,1,0,0
B022,2023-08-10 17:00:00,1,612E2800,0,,48.26,1,0,1
B022,2023-08-10 18:00:00,0,612E2790,0,,61.67,1,0,1
B022,2023-08-10 18:00:00,1,612E2800,0,,48.26,1,0,1
B022,2023-08-10 19:00:00,0,612E2790,0,,61.67,1,0,1
B022,2023-08-10 19:00:00,1,612E2800,0,,48.26,1,0,1
B022,2023-08-10 20:00:00,0,612E2790,0,,61.66,1,0,1
B022,2023-08-10 20:00:00,1,612E2800,0,,48.25,1,0,1
B022,2023-08-10 21:00:00,0,612E2790,0,,61.66,1,0,1
B022,2023-08-10 21:00:00,1,612E2800,0,,48.25,1,0,1
B022,2023-08-10 22:00:00,0,612E2790,0,,61.65,1,0,1
B022,2023-08-10 22:00:00,1,612E2800,0,,48.24,1,0,1
B022,2023-08-10 23:00:00,0,612E2790,0,,,1,0,0
B022,2023-08-10 23:00:00,1,612E2800,0,,48.24,1,0,1
B022,2023-08-11 00:00:00,0,612E2790,0,,61.64,1,0,1
B022,2023-08-11 00:00:00,1,612E2800,0,,48.24,1,0,1
B022,2023-08-11 01:00:00,0,612E2790,0,,61.64,1,0,1
B022,2023-08-11 01:00:00,1,612E2800,0,,48.24,1,0,1
B022,2023-08-11 02:00:00,0,612E2790,0,,61.64,1,0,1
B022,2023-08-11 02:00:00,1,612E2800,0,,48.24,1,0,1
B022,2023-08-11 03:00:00,0,612E2790,0,,61.7,1,0,1
B022,2023-08-11 03:00:00,1,612E2800,0,,48.24,1,0,1
B022,2023-08-11 04:00:00,0,612E2790,0,,61.65,1,0,1
B022,2023-08-11 04:00:00,1,612E2800,0,,48.24,1,0,1
B022,2023-08-11 05:00:00,0,612E2790,0,,61.63,1,0,1
B022,2023-08-11 05:00:00,1,612E2800,0,,48.24,1,0,1
B022,2023-08-11 06:00:00,0,612E2790,0,,61.63,1,0,1
B022,2023-08-11 06:00:00,1,612E2800,0,,48.24,1,0,1
B022,2023-08-11 07:00:00,0,612E2790,0,,61.63,1,0,1
B022,2023-08-11 07:00:00,1,612E2800,0,,48.24,1,0,1
B022,2023-08-11 08:00:00,0,612E2790,0,,61.62,1,0,1
B022,2023-08-11 08:00:00,1,612E2800,0,,48.24,1,0,1
B022,2023-08-11 09:00:00,0,612E2790,0,,61.62,1,0,1
B022,2023-08-11 09:00:00,1,612E2800,0,,48.24,1,0,1
B022,2023-08-11 10:00:00,0,612E2790,0,,61.62,1,0,1
B022,2023-08-11 10:00:00,1,612E2800,0,,48.23,1,0,1
B022,2023-08-11 11:00:00,0,612E2790,0,,61.62,1,0,1
B022,2023-08-11 11:00:00,1,612E2800,0,,48.23,1,0,1
B022,2023-08-11 12:00:00,0,612E2790,0,,61.62,1,0,1
B022,2023-08-11 12:00:00,1,612E2800,0,,48.23,1,0,1
B022,2023-08-11 13:00:00,0,612E2790,0,,61.62,1,0,1
B022,2023-08-11 13:00:00,1,612E2800,0,,48.23,1,0,1
B022,2023-08-11 14:00:00,0,612E2790,0,,,1,0,0
B022,2023-08-11 14:00:00,1,612E2800,0,,48.22,1,0,1
B022,2023-08-11 15:00:00,0,612E2790,0,,61.61,1,0,1
B022,2023-08-11 15:00:00,1,612E2800,0,,48.22,1,0,1
B022,2023-08-11 16:00:00,0,612E2790,0,,,1,0,0
B022,2023-08-11 16:00:00,1,612E2800,0,,48.22,1,0,1
B022,2023-08-19 20:00:00,0,612E2790,0,,61.5,1,0,1
B022,2023-08-19 20:00:00,1,612E2800,0,,48.18,1,0,1
B022,2023-08-19 21:00:00,0,612E2790,0,,61.51,1,0,1
B022,2023-08-19 21:00:00,1,612E2800,0,,48.18,1,0,1
B022,2023-08-19 22:00:00,0,612E2790,0,,61.52,1,0,1
B022,2023-08-19 22:00:00,1,612E2800,0,,48.18,1,0,1
B022,2023-08-19 23:00:00,0,612E2790,0,,61.52,1,0,1
B022,2023-08-19 23:00:00,1,612E2800,0,,48.18,1,0,1
B022,2023-08-20 00:00:00,0,612E2790,0,,61.52,1,0,1
B022,2023-08-20 00:00:00,1,612E2800,0,,48.18,1,0,1
B022,2023-08-20 01:00:00,0,612E2790,0,,61.52,1,0,1
B022,2023-08-20 01:00:00,1,612E2800,0,,48.18,1,0,1
B022,2023-08-20 02:00:00,0,612E2790,0,,61.52,1,0,1
B022,2023-08-20 02:00:00,1,612E2800,0,,48.18,1,0,1
B022,2023-08-20 03:00:00,0,612E2790,0,,61.52,1,0,1
B022,2023-08-20 03:00:00,1,612E2800,0,,48.18,1,0,1
B022,2023-08-20 04:00:00,0,612E2790,0,,61.52,1,0,1
B022,2023-08-20 04:00:00,1,612E2800,0,,48.19,1,0,1
B022,2023-08-20 05:00:00,0,612E2790,0,,,1,0,0
B022,2023-08-20 05:00:00,1,612E2800,0,,48.19,1,0,1
B022,2023-08-20 06:00:00,0,612E2790,0,,61.52,1,0,1
B022,2023-08-20 06:00:00,1,612E2800,0,,48.19,1,0,1
B022,2023-08-20 07:00:00,0,612E2790,4.359438605,,,1,0,0
B022,2023-08-20 07:00:00,1,612E2800,0.0646870751,,48.19,1,0,1
B022,2023-08-20 08:00:00,0,612E2790,0.02575755383,,61.52,1,0,1
B022,2023-08-20 08:00:00,1,612E2800,0.02765466623,,48.19,1,0,1
B022,2023-08-20 09:00:00,0,612E2790,0,,61.53,1,0,1
B022,2023-08-20 09:00:00,1,612E2800,0,,48.19,1,0,1
B022,2023-08-20 10:00:00,0,612E2790,0,,61.54,1,0,1
B022,2023-08-20 10:00:00,1,612E2800,0,,48.19,1,0,1
B022,2023-08-20 11:00:00,0,612E2790,0,,61.54,1,0,1
B022,2023-08-20 11:00:00,1,612E2800,0,,48.19,1,0,1
B022,2023-08-20 12:00:00,0,612E2790,0,,61.54,1,0,1
B022,2023-08-20 12:00:00,1,612E2800,0,,48.19,1,0,1
B022,2023-08-20 13:00:00,0,612E2790,0,,61.53,1,0,1
B022,2023-08-20 13:00:00,1,612E2800,0,,48.19,1,0,1
B022,2023-08-20 14:00:00,0,612E2790,0,,,1,0,0
B022,2023-08-20 14:00:00,1,612E2800,0,,48.19,1,0,1
B022,2023-08-20 15:00:00,0,612E2790,0,,61.53,1,0,1
B022,2023-08-20 15:00:00,1,612E2800,0,,48.19,1,0,1
B022,2023-08-20 16:00:00,0,612E2790,0,,61.53,1,0,1
B022,2023-08-20 16:00:00,1,612E2800,0,,48.19,1,0,1
B022,2023-08-20 17:00:00,0,612E2790,0,,61.53,1,0,1
B022,2023-08-20 17:00:00,1,612E2800,0,,48.2,1,0,1
B022,2023-08-20 18:00:00,0,612E2790,0,,61.53,1,0,1
B022,2023-08-20 18:00:00,1,612E2800,0,,48.2,1,0,1
B022,2023-08-20 19:00:00,0,612E2790,0,,61.52,1,0,1
B022,2023-08-20 19:00:00,1,612E2800,0,,48.2,1,0,1
B022,2023-08-20 20:00:00,0,612E2790,0,,61.52,1,0,1
B022,2023-08-20 20:00:00,1,612E2800,0,,48.2,1,0,1
B022,2023-08-20 21:00:00,0,612E2790,0,,,1,0,0
B022,2023-08-20 21:00:00,1,612E2800,0,,,1,0,0
B022,2023-08-20 22:00:00,0,612E2790,0,,61.52,1,0,1
B022,2023-08-20 22:00:00,1,612E2800,0,,48.2,1,0,1
B022,2023-08-20 23:00:00,0,612E2790,0,,61.52,1,0,1
B022,2023-08-20 23:00:00,1,612E2800,0,,48.2,1,0,1
B022,2023-08-21 00:00:00,0,612E2790,0,,61.52,1,0,1
B022,2023-08-21 00:00:00,1,612E2800,0,,48.2,1,0,1
B022,2023-08-21 01:00:00,0,612E2790,0,,61.52,1,0,1
B022,2023-08-21 01:00:00,1,612E2800,0,,48.2,1,0,1
B022,2023-08-21 02:00:00,0,612E2790,0,,61.52,1,0,1
B022,2023-08-21 02:00:00,1,612E2800,0,,48.2,1,0,1
B022,2023-08-21 03:00:00,0,612E2790,0,,61.52,1,0,1
B022,2023-08-21 03:00:00,1,612E2800,0,,48.2,1,0,1
B022,2023-08-21 04:00:00,0,612E2790,0,,61.51,1,0,1
B022,2023-08-21 04:00:00,1,612E2800,0,,48.2,1,0,1
B022,2023-08-21 05:00:00,0,612E2790,0,,61.51,1,0,1
B022,2023-08-21 05:00:00,1,612E2800,0,,48.2,1,0,1
B022,2023-08-21 06:00:00,0,612E2790,0,,,1,0,0
B022,2023-08-21 06:00:00,1,612E2800,0,,48.2,1,0,1
B022,2023-08-21 07:00:00,0,612E2790,2.224991652,,61.51,1,0,1
B022,2023-08-21 07:00:00,1,612E2800,0,,48.19,1,0,1
B022,2023-08-21 08:00:00,0,612E2790,0.1911274471,,61.51,1,0,1
B022,2023-08-21 08:00:00,1,612E2800,0.05943761496,,48.19,1,0,1
B022,2023-08-21 09:00:00,0,612E2790,0.1567017791,,,1,0,0
B022,2023-08-21 09:00:00,1,612E2800,0.01017968078,,48.19,1,0,1
B022,2023-08-21 10:00:00,0,612E2790,0.3537021379,,61.52,1,0,1
B022,2023-08-21 10:00:00,1,612E2800,1.163662361,,48.19,1,0,1
B022,2023-08-21 11:00:00,0,612E2790,0.07674871763,,61.53,1,0,1
B022,2023-08-21 11:00:00,1,612E2800,0.09506830122,,48.19,1,0,1
B022,2023-08-21 12:00:00,0,612E2790,0,,,1,0,0
B022,2023-08-21 12:00:00,1,612E2800,0,,48.19,1,0,1
B022,2023-08-21 13:00:00,0,612E2790,0,,61.54,1,0,1
B022,2023-08-21 13:00:00,1,612E2800,0,,48.2,1,0,1
B022,2023-08-21 14:00:00,0,612E2790,0,,61.55,1,0,1
B022,2023-08-21 14:00:00,1,612E2800,0,,48.2,1,0,1
B022,2023-08-21 15:00:00,0,612E2790,0,,61.55,1,0,1
B022,2023-08-21 15:00:00,1,612E2800,0,,48.2,1,0,1
B022,2023-08-21 16:00:00,0,612E2790,0,,,1,0,0
B022,2023-08-21 16:00:00,1,612E2800,0,,48.2,1,0,1
B022,2023-08-21 17:00:00,0,612E2790,0,,61.55,1,0,1
B022,2023-08-21 17:00:00,1,612E2800,0,,48.21,1,0,1
B022,2023-08-21 18:00:00,0,612E2790,0,,61.54,1,0,1
B022,2023-08-21 18:00:00,1,612E2800,0,,48.21,1,0,1
B022,2023-08-21 19:00:00,0,612E2790,0,,,1,0,0
B022,2023-08-21 19:00:00,1,612E2800,0,,48.21,1,0,1
B022,2023-08-21 20:00:00,0,612E2790,0.325143764,,61.55,1,0,1
B022,2023-08-21 20:00:00,1,612E2800,1.790126279,,48.21,1,0,1
B022,2023-08-21 21:00:00,0,612E2790,0.5439897391,,61.55,1,0,1
B022,2023-08-21 21:00:00,1,612E2800,0.6934033089,,48.22,1,0,1
B022,2023-08-21 22:00:00,0,612E2790,0.06625373495,,,1,0,0
B022,2023-08-21 22:00:00,1,612E2800,0.004042942194,,48.22,1,0,1
B022,2023-08-21 23:00:00,0,612E2790,0,,61.56,1,0,1
B022,2023-08-21 23:00:00,1,612E2800,0,,48.22,1,0,1
B022,2023-08-22 00:00:00,0,612E2790,0.4748792382,,61.57,1,0,1
B022,2023-08-22 00:00:00,1,612E2800,3.726579412,,48.22,1,0,1
B022,2023-08-22 01:00:00,0,612E2790,3.633774054,,61.57,1,0,1
B022,2023-08-22 01:00:00,1,612E2800,3.692535266,,48.23,1,0,1
B022,2023-08-22 02:00:00,0,612E2790,1.28372167,,61.63,1,0,1
B022,2023-08-22 02:00:00,1,612E2800,2.905044922,,48.24,1,0,1
B022,2023-08-22 03:00:00,0,612E2790,4.002128095,,61.78,1,0,1
B022,2023-08-22 03:00:00,1,612E2800,0.3093169014,,48.25,1,0,1
B022,2023-08-22 04:00:00,0,612E2790,0.05432856834,,61.83,1,0,1
B022,2023-08-22 04:00:00,1,612E2800,0,,48.26,1,0,1
B022,2023-08-22 05:00:00,0,612E2790,0,,61.84,1,0,1
B022,2023-08-22 05:00:00,1,612E2800,0,,48.29,1,0,1
B022,2023-08-22 06:00:00,0,612E2790,0.005775825248,,61.88,1,0,1
B022,2023-08-22 06:00:00,1,612E2800,0.01182935701,,48.34,1,0,1
B022,2023-08-22 07:00:00,0,612E2790,12.58365807,,61.91,1,0,1
B022,2023-08-22 07:00:00,1,612E2800,12.17637167,,48.37,1,0,1
B022,2023-08-22 08:00:00,0,612E2790,0,,61.9,1,0,1
B022,2023-08-22 08:00:00,1,612E2800,0,,48.38,1,0,1
B022,2023-08-22 09:00:00,0,612E2790,0,,61.91,1,0,1
B022,2023-08-22 09:00:00,1,612E2800,0,,48.39,1,0,1
B022,2023-08-22 10:00:00,0,612E2790,0,,61.9,1,0,1
B022,2023-08-22 10:00:00,1,612E2800,0,,48.4,1,0,1
B022,2023-08-22 11:00:00,0,612E2790,0,,,1,0,0
B022,2023-08-22 11:00:00,1,612E2800,0,,48.4,1,0,1
B022,2023-08-22 12:00:00,0,612E2790,0,,61.84,1,0,1
B022,2023-08-22 12:00:00,1,612E2800,0,,48.4,1,0,1
B022,2023-08-22 13:00:00,0,612E2790,0,,61.82,1,0,1
B022,2023-08-22 13:00:00,1,612E2800,0,,48.39,1,0,1
B022,2023-08-22 14:00:00,0,612E2790,0,,61.8,1,0,1
B022,2023-08-22 14:00:00,1,612E2800,0,,48.37,1,0,1
B022,2023-08-22 15:00:00,0,612E2790,0,,,1,0,0
B022,2023-08-22 15:00:00,1,612E2800,0,,48.36,1,0,1
B022,2023-08-22 16:00:00,0,612E2790,0,,61.76,1,0,1
B022,2023-08-22 16:00:00,1,612E2800,0,,,1,0,0
B022,2023-08-22 17:00:00,0,612E2790,0,,61.74,1,0,1
B022,2023-08-22 17:00:00,1,612E2800,0,,48.34,1,0,1
B022,2023-08-22 18:00:00,0,612E2790,0,,,1,0,0
B022,2023-08-22 18:00:00,1,612E2800,0,,48.33,1,0,1
B022,2023-08-22 19:00:00,0,612E2790,0,,,1,0,0
B022,2023-08-22 19:00:00,1,612E2800,0,,48.32,1,0,1
B022,2023-08-22 20:00:00,0,612E2790,0,,61.69,1,0,1
B022,2023-08-22 20:00:00,1,612E2800,0,,48.31,1,0,1
B022,2023-08-22 21:00:00,0,612E2790,0,,61.68,1,0,1
B022,2023-08-22 21:00:00,1,612E2800,0,,48.3,1,0,1
B022,2023-08-22 22:00:00,0,612E2790,0,,61.67,1,0,1
B022,2023-08-22 22:00:00,1,612E2800,0,,48.3,1,0,1
B022,2023-08-22 23:00:00,0,612E2790,0,,,1,0,0
B022,2023-08-22 23:00:00,1,612E2800,0,,48.29,1,0,1
B022,2023-08-23 00:00:00,0,612E2790,0,,61.65,1,0,1
B022,2023-08-23 00:00:00,1,612E2800,0,,48.29,1,0,1
B022,2023-08-23 01:00:00,0,612E2790,0,,,1,0,0
B022,2023-08-23 01:00:00,1,612E2800,0,,48.28,1,0,1
B022,2023-08-23 02:00:00,0,612E2790,0,,61.63,1,0,1
B022,2023-08-23 02:00:00,1,612E2800,0,,48.27,1,0,1
B022,2023-08-23 03:00:00,0,612E2790,0,,,1,0,0
B022,2023-08-23 03:00:00,1,612E2800,0,,48.27,1,0,1
B022,2023-08-23 04:00:00,0,612E2790,0,,61.62,1,0,1
B022,2023-08-23 04:00:00,1,612E2800,0,,48.26,1,0,1
B022,2023-08-23 05:00:00,0,612E2790,0,,61.62,1,0,1
B022,2023-08-23 05:00:00,1,612E2800,0,,48.26,1,0,1
B022,2023-08-23 06:00:00,0,612E2790,0,,61.62,1,0,1
B022,2023-08-23 06:00:00,1,612E2800,0,,48.26,1,0,1
B022,2023-08-23 07:00:00,0,612E2790,0,,61.61,1,0,1
B022,2023-08-23 07:00:00,1,612E2800,0,,48.26,1,0,1
B022,2023-08-23 08:00:00,0,612E2790,0,,61.61,1,0,1
B022,2023-08-23 08:00:00,1,612E2800,0,,48.25,1,0,1
B022,2023-08-23 09:00:00,0,612E2790,0,,61.6,1,0,1
B022,2023-08-23 09:00:00,1,612E2800,0,,48.25,1,0,1
B022,2023-08-23 10:00:00,0,612E2790,0,,61.6,1,0,1
B022,2023-08-23 10:00:00,1,612E2800,0,,48.25,1,0,1
B022,2023-08-23 11:00:00,0,612E2790,0,,,1,0,0
B022,2023-08-23 11:00:00,1,612E2800,0,,48.25,1,0,1
B022,2023-08-23 12:00:00,0,612E2790,0,,61.6,1,0,1
B022,2023-08-23 12:00:00,1,612E2800,0,,48.25,1,0,1
B022,2023-08-23 13:00:00,0,612E2790,0,,61.6,1,0,1
B022,2023-08-23 13:00:00,1,612E2800,0,,48.25,1,0,1
B022,2023-08-23 14:00:00,0,612E2790,0,,61.59,1,0,1
B022,2023-08-23 14:00:00,1,612E2800,0,,48.24,1,0,1
B022,2023-08-23 15:00:00,0,612E2790,0,,61.59,1,0,1
B022,2023-08-23 15:00:00,1,612E2800,0,,48.24,1,0,1
B022,2023-08-23 16:00:00,0,612E2790,0,,61.59,1,0,1
B022,2023-08-23 16:00:00,1,612E2800,0,,48.24,1,0,1
B022,2023-08-23 17:00:00,0,612E2790,0,,,1,0,0
B022,2023-08-23 17:00:00,1,612E2800,0,,48.24,1,0,1
B022,2023-08-23 18:00:00,0,612E2790,0,,61.58,1,0,1
B022,2023-08-23 18:00:00,1,612E2800,0,,48.24,1,0,1
B022,2023-08-23 19:00:00,0,612E2790,0,,61.58,1,0,1
B022,2023-08-23 19:00:00,1,612E2800,0,,48.24,1,0,1
B022,2023-08-23 20:00:00,0,612E2790,0,,,1,0,0
B022,2023-08-23 20:00:00,1,612E2800,0,,48.24,1,0,1
B022,2023-08-23 21:00:00,0,612E2790,0,,61.56,1,0,1
B022,2023-08-23 21:00:00,1,612E2800,0,,,1,0,0
B022,2023-08-23 22:00:00,0,612E2790,0,,,1,0,0
B022,2023-08-23 22:00:00,1,612E2800,0,,48.23,1,0,1
B022,2023-08-23 23:00:00,0,612E2790,0,,,1,0,0
B022,2023-08-23 23:00:00,1,612E2800,0,,48.23,1,0,1
B022,2023-08-24 00:00:00,0,612E2790,0,,61.55,1,0,1
B022,2023-08-24 00:00:00,1,612E2800,0,,48.23,1,0,1
B022,2023-08-24 01:00:00,0,612E2790,0,,61.55,1,0,1
B022,2023-08-24 01:00:00,1,612E2800,0,,48.22,1,0,1
B022,2023-08-24 02:00:00,0,612E2790,0,,61.55,1,0,1
B022,2023-08-24 02:00:00,1,612E2800,0,,48.22,1,0,1
B022,2023-08-24 03:00:00,0,612E2790,0,,61.55,1,0,1
B022,2023-08-24 03:00:00,1,612E2800,0,,48.22,1,0,1
B022,2023-08-24 04:00:00,0,612E2790,0,,61.55,1,0,1
B022,2023-08-24 04:00:00,1,612E2800,0,,48.22,1,0,1
B022,2023-08-24 05:00:00,0,612E2790,0,,61.55,1,0,1
B022,2023-08-24 05:00:00,1,612E2800,0,,48.22,1,0,1
B022,2023-08-24 06:00:00,0,612E2790,0,,61.55,1,0,1
B022,2023-08-24 06:00:00,1,612E2800,0,,48.21,1,0,1
B022,2023-08-24 07:00:00,0,612E2790,0,,,1,0,0
B022,2023-08-24 07:00:00,1,612E2800,0,,48.21,1,0,1
B022,2023-08-24 08:00:00,0,612E2790,0,,61.54,1,0,1
B022,2023-08-24 08:00:00,1,612E2800,0,,48.21,1,0,1
B022,2023-10-23 10:00:00,0,612E2790,0,,61.58,1,0,1
B022,2023-10-23 10:00:00,1,612E2800,0,,48.21,1,0,1
B022,2023-10-23 11:00:00,0,612E2790,0,,61.58,1,0,1
B022,2023-10-23 11:00:00,1,612E2800,0,,48.21,1,0,1
B022,2023-10-23 12:00:00,0,612E2790,0,,61.59,1,0,1
B022,2023-10-23 12:00:00,1,612E2800,0,,48.21,1,0,1
B022,2023-10-23 13:00:00,0,612E2790,0,,61.59,1,0,1
B022,2023-10-23 13:00:00,1,612E2800,0,,48.21,1,0,1
B022,2023-10-23 14:00:00,0,612E2790,0,,61.59,1,0,1
B022,2023-10-23 14:00:00,1,612E2800,0,,48.21,1,0,1
B022,2023-10-23 15:00:00,0,612E2790,0,,61.59,1,0,1
B022,2023-10-23 15:00:00,1,612E2800,0,,48.21,1,0,1
B022,2023-10-23 16:00:00,0,612E2790,0,,61.59,1,0,1
B022,2023-10-23 16:00:00,1,612E2800,0,,48.21,1,0,1
B022,2023-10-23 17:00:00,0,612E2790,0,,,1,0,0
B022,2023-10-23 17:00:00,1,612E2800,0,,48.21,1,0,1
B022,2023-10-23 18:00:00,0,612E2790,0,,,1,0,0
B022,2023-10-23 18:00:00,1,612E2800,0,,,1,0,0
B022,2023-10-23 19:00:00,0,612E2790,0,,61.58,1,0,1
B022,2023-10-23 19:00:00,1,612E2800,0,,48.21,1,0,1
B022,2023-10-23 20:00:00,0,612E2790,0,,,1,0,0
B022,2023-10-23 20:00:00,1,612E2800,0,,48.21,1,0,1
B022,2023-10-23 21:00:00,0,612E2790,0,,61.58,1,0,1
B022,2023-10-23 21:00:00,1,612E2800,0,,48.21,1,0,1
B022,2023-10-23 22:00:00,0,612E2790,0,,61.58,1,0,1
B022,2023-10-23 22:00:00,1,612E2800,0,,48.21,1,0,1
B022,2023-10-23 23:00:00,0,612E2790,0,,,1,0,0
B022,2023-10-23 23:00:00,1,612E2800,0,,48.21,1,0,1
B022,2023-10-24 00:00:00,0,612E2790,0,,61.57,1,0,1
B022,2023-10-24 00:00:00,1,612E2800,0,,48.21,1,0,1
B022,2023-10-24 01:00:00,0,612E2790,0,,,1,0,0
B022,2023-10-24 01:00:00,1,612E2800,0,,48.21,1,0,1
B022,2023-10-24 02:00:00,0,612E2790,0,,61.57,1,0,1
B022,2023-10-24 02:00:00,1,612E2800,0,,48.21,1,0,1
B022,2023-10-24 03:00:00,0,612E2790,0,,61.57,1,0,1
B022,2023-10-24 03:00:00,1,612E2800,0,,48.21,1,0,1
B022,2023-10-24 04:00:00,0,612E2790,0,,61.57,1,0,1
B022,2023-10-24 04:00:00,1,612E2800,0,,48.21,1,0,1
B022,2023-10-24 05:00:00,0,612E2790,0,,61.57,1,0,1
B022,2023-10-24 05:00:00,1,612E2800,0,,48.21,1,0,1
B022,2023-10-24 06:00:00,0,612E2790,0,,61.57,1,0,1
B022,2023-10-24 06:00:00,1,612E2800,0,,48.21,1,0,1
B022,2023-10-24 07:00:00,0,612E2790,0,,61.57,1,0,1
B022,2023-10-24 07:00:00,1,612E2800,0,,48.21,1,0,1
B022,2023-10-24 08:00:00,0,612E2790,0,,61.57,1,0,1
B022,2023-10-24 08:00:00,1,612E2800,0,,48.21,1,0,1
B022,2023-10-24 09:00:00,0,612E2790,0,,61.57,1,0,1
B022,2023-10-24 09:00:00,1,612E2800,0,,48.21,1,0,1
B022,2023-10-24 10:00:00,0,612E2790,0,,,1,0,0
B022,2023-10-24 10:00:00,1,612E2800,0,,48.21,1,0,1
B022,2023-10-24 11:00:00,0,612E2790,0,,61.57,1,0,1
B022,2023-10-24 11:00:00,1,612E2800,0,,48.21,1,0,1
B022,2023-10-24 12:00:00,0,612E2790,0,,61.58,1,0,1
B022,2023-10-24 12:00:00,1,612E2800,0,,48.21,1,0,1
B022,2023-10-24 13:00:00,0,612E2790,0,,61.58,1,0,1
B022,2023-10-24 13:00:00,1,612E2800,0,,48.21,1,0,1
B022,2023-10-24 14:00:00,0,612E2790,0,,,1,0,0
B022,2023-10-24 14:00:00,1,612E2800,0,,48.21,1,0,1
B022,2023-10-24 15:00:00,0,612E2790,0,,,1,0,0
B022,2023-10-24 15:00:00,1,612E2800,0,,48.21,1,0,1
B022,2023-10-24 16:00:00,0,612E2790,0,,61.58,1,0,1
B022,2023-10-24 16:00:00,1,612E2800,0,,48.21,1,0,1
B022,2023-10-24 17:00:00,0,612E2790,0,,61.58,1,0,1
B022,2023-10-24 17:00:00,1,612E2800,0,,48.21,1,0,1
B022,2023-10-24 18:00:00,0,612E2790,0,,61.58,1,0,1
B022,2023-10-24 18:00:00,1,612E2800,0,,48.21,1,0,1
B022,2023-10-24 19:00:00,0,612E2790,0,,61.57,1,0,1
B022,2023-10-24 19:00:00,1,612E2800,0,,48.21,1,0,1
B022,2023-10-24 20:00:00,0,612E2790,0,,,1,0,0
B022,2023-10-24 20:00:00,1,612E2800,0,,48.21,1,0,1
B022,2023-10-24 21:00:00,0,612E2790,0,,61.57,1,0,1
B022,2023-10-24 21:00:00,1,612E2800,0,,48.21,1,0,1
B022,2023-10-24 22:00:00,0,612E2790,0,,61.57,1,0,1
B022,2023-10-24 22:00:00,1,612E2800,0,,48.21,1,0,1
B022,2023-10-24 23:00:00,0,612E2790,0,,,1,0,0
B022,2023-10-24 23:00:00,1,612E2800,0,,48.21,1,0,1
B022,2023-10-25 00:00:00,0,612E2790,0,,61.57,1,0,1
B022,2023-10-25 00:00:00,1,612E2800,0,,48.21,1,0,1
B022,2023-10-25 01:00:00,0,612E2790,0,,61.57,1,0,1
B022,2023-10-25 01:00:00,1,612E2800,0,,48.21,1,0,1
B022,2023-10-25 02:00:00,0,612E2790,0,,61.57,1,0,1
B022,2023-10-25 02:00:00,1,612E2800,0,,48.21,1,0,1
B022,2023-10-25 03:00:00,0,612E2790,0,,61.57,1,0,1
B022,2023-10-25 03:00:00,1,612E2800,0,,48.21,1,0,1
B022,2023-10-25 04:00:00,0,612E2790,0,,61.57,1,0,1
B022,2023-10-25 04:00:00,1,612E2800,0,,48.21,1,0,1
B022,2023-10-25 05:00:00,0,612E2790,0,,61.57,1,0,1
B022,2023-10-25 05:00:00,1,612E2800,0,,48.21,1,0,1
B022,2023-10-25 06:00:00,0,612E2790,0,,61.57,1,0,1
B022,2023-10-25 06:00:00,1,612E2800,0,,48.21,1,0,1
B022,2023-10-25 07:00:00,0,612E2790,0,,61.57,1,0,1
B022,2023-10-25 07:00:00,1,612E2800,0,,48.21,1,0,1
B022,2023-10-25 08:00:00,0,612E2790,0,,61.57,1,0,1
B022,2023-10-25 08:00:00,1,612E2800,0,,48.21,1,0,1
B022,2023-10-25 09:00:00,0,612E2790,0,,,1,0,0
B022,2023-10-25 09:00:00,1,612E2800,0,,48.21,1,0,1
B022,2023-10-25 10:00:00,0,612E2790,0,,61.57,1,0,1
B022,2023-10-25 10:00:00,1,612E2800,0.05011313683,,48.21,1,0,1
B022,2023-10-25 11:00:00,0,612E2790,0,,61.57,1,0,1
B022,2023-10-25 11:00:00,1,612E2800,0,,48.21,1,0,1
B022,2023-10-25 12:00:00,0,612E2790,0,,61.51,1,0,1
B022,2023-10-25 12:00:00,1,612E2800,0,,48.21,1,0,1
B022,2023-10-25 13:00:00,0,612E2790,0,,,1,0,0
B022,2023-10-25 13:00:00,1,612E2800,0,,48.21,1,0,1
B022,2023-10-25 14:00:00,0,612E2790,0,,61.57,1,0,1
B022,2023-10-25 14:00:00,1,612E2800,0,,48.21,1,0,1
B022,2023-10-25 15:00:00,0,612E2790,0,,61.53,1,0,1
B022,2023-10-25 15:00:00,1,612E2800,0,,48.21,1,0,1
B022,2023-10-25 16:00:00,0,612E2790,0.1653748112,,61.59,1,0,1
B022,2023-10-25 16:00:00,1,612E2800,0.4166936589,,48.21,1,0,1
B022,2023-10-25 17:00:00,0,612E2790,0.453134646,,61.57,1,0,1
B022,2023-10-25 17:00:00,1,612E2800,0.748985004,,48.21,1,0,1
B022,2023-10-25 18:00:00,0,612E2790,1.418008592,,61.58,1,0,1
B022,2023-10-25 18:00:00,1,612E2800,0.5787951613,,48.21,1,0,1
B022,2023-10-25 19:00:00,0,612E2790,0.8391568874,,61.6,1,0,1
B022,2023-10-25 19:00:00,1,612E2800,0.6105082413,,48.22,1,0,1
B022,2023-10-25 20:00:00,0,612E2790,1.254730247,,,1,0,0
B022,2023-10-25 20:00:00,1,612E2800,1.006787721,,48.23,1,0,1
B022,2023-10-25 21:00:00,0,612E2790,1.977279815,,61.66,1,0,1
B022,2023-10-25 21:00:00,1,612E2800,0.9039645234,,48.23,1,0,1
B022,2023-10-25 22:00:00,0,612E2790,1.723906427,,61.73,1,0,1
B022,2023-10-25 22:00:00,1,612E2800,0.7530594645,,48.25,1,0,1
B022,2023-10-25 23:00:00,0,612E2790,0.7836546819,,,1,0,0
B022,2023-10-25 23:00:00,1,612E2800,0.04387342498,,48.27,1,0,1
B022,2023-10-26 00:00:00,0,612E2790,0.4936496189,,,1,0,0
B022,2023-10-26 00:00:00,1,612E2800,0.2338445335,,48.29,1,0,1
B022,2023-10-26 01:00:00,0,612E2790,0.8070736439,,61.96,1,0,1
B022,2023-10-26 01:00:00,1,612E2800,0.3569139605,,48.34,1,0,1
B022,2023-10-26 02:00:00,0,612E2790,0.2115310479,,61.98,1,0,1
B022,2023-10-26 02:00:00,1,612E2800,0.2298015913,,48.39,1,0,1
B022,2023-10-26 03:00:00,0,612E2790,0.1223819527,,,1,0,0
B022,2023-10-26 03:00:00,1,612E2800,0.16787052,,48.35,1,0,1
B022,2023-10-26 04:00:00,0,612E2790,0.2859682115,,61.99,1,0,1
B022,2023-10-26 04:00:00,1,612E2800,0.08323894422,,48.48,1,0,1
B022,2023-10-26 05:00:00,0,612E2790,0.2769688881,,62,1,0,1
B022,2023-10-26 05:00:00,1,612E2800,0.09911124342,,48.52,1,0,1
B022,2023-10-26 06:00:00,0,612E2790,0.2265861372,,61.97,1,0,1
B022,2023-10-26 06:00:00,1,612E2800,0.07140958721,,48.54,1,0,1
B022,2023-10-26 07:00:00,0,612E2790,0.1572024796,,61.97,1,0,1
B022,2023-10-26 07:00:00,1,612E2800,0.09506830122,,48.54,1,0,1
B022,2023-10-26 08:00:00,0,612E2790,0.06010439359,,61.95,1,0,1
B022,2023-10-26 08:00:00,1,612E2800,0.07919600202,,48.48,1,0,1
B022,2023-10-26 09:00:00,0,612E2790,0.16205438,,61.94,1,0,1
B022,2023-10-26 09:00:00,1,612E2800,0.01991524139,,48.46,1,0,1
B022,2023-10-26 10:00:00,0,612E2790,0.05432856834,,61.93,1,0,1
B022,2023-10-26 10:00:00,1,612E2800,0,,48.45,1,0,1
B022,2023-10-26 11:00:00,0,612E2790,0,,61.92,1,0,1
B022,2023-10-26 11:00:00,1,612E2800,0,,48.44,1,0,1
B022,2023-10-26 12:00:00,0,612E2790,0,,,1,0,0
B022,2023-10-26 12:00:00,1,612E2800,0,,48.43,1,0,1
B022,2023-10-26 13:00:00,0,612E2790,0,,,1,0,0
B022,2023-10-26 13:00:00,1,612E2800,0,,48.42,1,0,1
B022,2023-10-26 14:00:00,0,612E2790,0,,61.88,1,0,1
B022,2023-10-26 14:00:00,1,612E2800,0,,48.41,1,0,1
B022,2023-10-26 15:00:00,0,612E2790,0,,,1,0,0
B022,2023-10-26 15:00:00,1,612E2800,0,,48.39,1,0,1
B022,2023-10-26 16:00:00,0,612E2790,0,,61.85,1,0,1
B022,2023-10-26 16:00:00,1,612E2800,0,,48.38,1,0,1
B022,2023-10-26 17:00:00,0,612E2790,0.07793109115,,61.83,1,0,1
B022,2023-10-26 17:00:00,1,612E2800,0,,48.37,1,0,1
B022,2023-10-26 18:00:00,0,612E2790,0.02588442051,,61.82,1,0,1
B022,2023-10-26 18:00:00,1,612E2800,0.06736664502,,48.37,1,0,1
B022,2023-10-26 19:00:00,0,612E2790,0,,61.82,1,0,1
B022,2023-10-26 19:00:00,1,612E2800,0,,48.36,1,0,1
B022,2023-10-26 20:00:00,0,612E2790,0,,61.8,1,0,1
B022,2023-10-26 20:00:00,1,612E2800,0,,48.35,1,0,1
B022,2023-10-26 21:00:00,0,612E2790,0.07097289238,,61.79,1,0,1
B022,2023-10-26 21:00:00,1,612E2800,0.0158722992,,48.34,1,0,1
B022,2023-10-26 22:00:00,0,612E2790,0,,61.78,1,0,1
B022,2023-10-26 22:00:00,1,612E2800,0.06736664502,,48.34,1,0,1
B022,2023-10-26 23:00:00,0,612E2790,0,,61.78,1,0,1
B022,2023-10-26 23:00:00,1,612E2800,0,,48.33,1,0,1
B022,2023-10-27 00:00:00,0,612E2790,0,,,1,0,0
B022,2023-10-27 00:00:00,1,612E2800,0,,48.33,1,0,1
B022,2023-10-27 01:00:00,0,612E2790,0.02588442051,,61.76,1,0,1
B022,2023-10-27 01:00:00,1,612E2800,0,,48.32,1,0,1
B022,2023-10-27 02:00:00,0,612E2790,0,,61.76,1,0,1
B022,2023-10-27 02:00:00,1,612E2800,0,,48.32,1,0,1
B022,2023-10-27 03:00:00,0,612E2790,0,,61.75,1,0,1
B022,2023-10-27 03:00:00,1,612E2800,0,,48.32,1,0,1
B022,2023-10-27 04:00:00,0,612E2790,0.05432856834,,61.74,1,0,1
B022,2023-10-27 04:00:00,1,612E2800,0,,48.31,1,0,1
B022,2023-10-27 05:00:00,0,612E2790,0,,61.73,1,0,1
B022,2023-10-27 05:00:00,1,612E2800,0,,48.31,1,0,1
B022,2023-10-27 06:00:00,0,612E2790,0,,61.73,1,0,1
B022,2023-10-27 06:00:00,1,612E2800,0,,48.3,1,0,1
B022,2023-10-27 07:00:00,0,612E2790,0.50944115,,61.72,1,0,1
B022,2023-10-27 07:00:00,1,612E2800,0.3295837447,,48.3,1,0,1
B022,2023-10-27 08:00:00,0,612E2790,0,,61.72,1,0,1
B022,2023-10-27 08:00:00,1,612E2800,0,,48.29,1,0,1
B022,2023-10-27 09:00:00,0,612E2790,0,,61.71,1,0,1
B022,2023-10-27 09:00:00,1,612E2800,0,,48.29,1,0,1
B022,2023-10-27 10:00:00,0,612E2790,0,,61.69,1,0,1
B022,2023-10-27 10:00:00,1,612E2800,0,,48.29,1,0,1
B022,2023-10-27 11:00:00,0,612E2790,0,,,1,0,0
B022,2023-10-27 11:00:00,1,612E2800,0,,48.29,1,0,1
B022,2023-10-27 12:00:00,0,612E2790,0,,61.7,1,0,1
B022,2023-10-27 12:00:00,1,612E2800,0,,48.29,1,0,1
B022,2023-10-27 13:00:00,0,612E2790,0,,61.7,1,0,1
B022,2023-10-27 13:00:00,1,612E2800,0,,48.28,1,0,1
B022,2023-10-27 14:00:00,0,612E2790,0,,61.69,1,0,1
B022,2023-10-27 14:00:00,1,612E2800,0,,,1,0,0
B022,2023-10-27 15:00:00,0,612E2790,0,,,1,0,0
B022,2023-10-27 15:00:00,1,612E2800,0,,48.28,1,0,1
B022,2023-10-27 16:00:00,0,612E2790,0,,61.69,1,0,1
B022,2023-10-27 16:00:00,1,612E2800,0,,48.28,1,0,1
B022,2023-10-27 17:00:00,0,612E2790,0,,61.68,1,0,1
B022,2023-10-27 17:00:00,1,612E2800,0,,48.28,1,0,1
B022,2023-10-27 18:00:00,0,612E2790,0,,61.68,1,0,1
B022,2023-10-27 18:00:00,1,612E2800,0,,48.27,1,0,1
B022,2023-10-27 19:00:00,0,612E2790,0,,61.68,1,0,1
B022,2023-10-27 19:00:00,1,612E2800,0,,48.27,1,0,1
B022,2023-10-27 20:00:00,0,612E2790,0,,61.69,1,0,1
B022,2023-10-27 20:00:00,1,612E2800,0,,48.27,1,0,1
B022,2023-10-27 21:00:00,0,612E2790,0,,61.7,1,0,1
B022,2023-10-27 21:00:00,1,612E2800,0,,48.27,1,0,1
B022,2023-10-27 22:00:00,0,612E2790,0,,61.71,1,0,1
B022,2023-10-27 22:00:00,1,612E2800,0,,48.27,1,0,1
B022,2023-10-27 23:00:00,0,612E2790,0,,61.71,1,0,1
B022,2023-10-27 23:00:00,1,612E2800,0,,48.27,1,0,1
B022,2023-10-28 00:00:00,0,612E2790,0,,61.7,1,0,1
B022,2023-10-28 00:00:00,1,612E2800,0,,48.27,1,0,1
B022,2023-10-28 01:00:00,0,612E2790,0,,61.7,1,0,1
B022,2023-10-28 01:00:00,1,612E2800,0,,48.27,1,0,1
B022,2023-10-28 02:00:00,0,612E2790,0.02588442051,,61.7,1,0,1
B022,2023-10-28 02:00:00,1,612E2800,0,,48.28,1,0,1
B022,2023-10-28 03:00:00,0,612E2790,0,,61.7,1,0,1
B022,2023-10-28 03:00:00,1,612E2800,0,,48.28,1,0,1
B022,2023-10-28 04:00:00,0,612E2790,0.1511858812,,61.7,1,0,1
B022,2023-10-28 04:00:00,1,612E2800,0.1506055892,,48.28,1,0,1
B022,2023-10-28 05:00:00,0,612E2790,0.1519633502,,61.7,1,0,1
B022,2023-10-28 05:00:00,1,612E2800,0.0158722992,,48.27,1,0,1
B022,2023-10-28 06:00:00,0,612E2790,0,,,1,0,0
B022,2023-10-28 06:00:00,1,612E2800,0,,48.27,1,0,1
B022,2023-10-28 07:00:00,0,612E2790,0.3575182452,,61.7,1,0,1
B022,2023-10-28 07:00:00,1,612E2800,0.2756812166,,48.27,1,0,1
B022,2023-10-28 08:00:00,0,612E2790,0,,61.7,1,0,1
B022,2023-10-28 08:00:00,1,612E2800,0,,48.27,1,0,1
B022,2023-10-28 09:00:00,0,612E2790,0,,61.7,1,0,1
B022,2023-10-28 09:00:00,1,612E2800,0,,48.27,1,0,1
B022,2023-10-28 10:00:00,0,612E2790,0,,61.7,1,0,1
B022,2023-10-28 10:00:00,1,612E2800,0,,48.27,1,0,1
B022,2023-10-28 11:00:00,0,612E2790,0,,61.69,1,0,1
B022,2023-10-28 11:00:00,1,612E2800,0,,48.27,1,0,1
B022,2023-10-28 12:00:00,0,612E2790,0,,61.69,1,0,1
B022,2023-10-28 12:00:00,1,612E2800,0,,48.27,1,0,1
B022,2023-10-28 13:00:00,0,612E2790,0,,61.7,1,0,1
B022,2023-10-28 13:00:00,1,612E2800,0,,48.27,1,0,1
B022,2023-10-28 14:00:00,0,612E2790,0,,61.69,1,0,1
B022,2023-10-28 14:00:00,1,612E2800,0,,48.27,1,0,1
B022,2023-10-28 15:00:00,0,612E2790,0,,61.67,1,0,1
B022,2023-10-28 15:00:00,1,612E2800,0,,48.27,1,0,1
B022,2023-10-28 16:00:00,0,612E2790,0,,,1,0,0
B022,2023-10-28 16:00:00,1,612E2800,0,,48.27,1,0,1
B022,2023-10-28 17:00:00,0,612E2790,0,,61.68,1,0,1
B022,2023-10-28 17:00:00,1,612E2800,0,,48.27,1,0,1
B022,2023-10-28 18:00:00,0,612E2790,0,,61.69,1,0,1
B022,2023-10-28 18:00:00,1,612E2800,0,,48.27,1,0,1
B022,2023-10-28 19:00:00,0,612E2790,0,,61.68,1,0,1
B022,2023-10-28 19:00:00,1,612E2800,0,,48.26,1,0,1
B022,2023-10-28 20:00:00,0,612E2790,0,,61.68,1,0,1
B022,2023-10-28 20:00:00,1,612E2800,0,,48.26,1,0,1
B022,2023-10-28 21:00:00,0,612E2790,0,,61.68,1,0,1
B022,2023-10-28 21:00:00,1,612E2800,0,,48.26,1,0,1
B022,2023-10-28 22:00:00,0,612E2790,0,,61.68,1,0,1
B022,2023-10-28 22:00:00,1,612E2800,0,,48.26,1,0,1
B022,2023-10-28 23:00:00,0,612E2790,0,,61.67,1,0,1
B022,2023-10-28 23:00:00,1,612E2800,0,,48.26,1,0,1
B022,2023-10-29 00:00:00,0,612E2790,0,,61.67,1,0,1
B022,2023-10-29 00:00:00,1,612E2800,0,,48.26,1,0,1
B022,2023-10-29 01:00:00,0,612E2790,0,,,1,0,0
B022,2023-10-29 01:00:00,1,612E2800,0,,48.26,1,0,1
B022,2023-10-29 02:00:00,0,612E2790,0,,61.67,1,0,1
B022,2023-10-29 02:00:00,1,612E2800,0,,48.26,1,0,1
B022,2023-10-29 03:00:00,0,612E2790,0,,61.67,1,0,1
B022,2023-10-29 03:00:00,1,612E2800,0,,48.26,1,0,1
B022,2023-10-29 04:00:00,0,612E2790,0,,61.67,1,0,1
B022,2023-10-29 04:00:00,1,612E2800,0,,48.26,1,0,1
B022,2023-10-29 05:00:00,0,612E2790,0,,,1,0,0
B022,2023-10-29 05:00:00,1,612E2800,0,,48.26,1,0,1
B022,2023-10-29 06:00:00,0,612E2790,0,,61.67,1,0,1
B022,2023-10-29 06:00:00,1,612E2800,0,,,1,0,0
B022,2023-10-29 07:00:00,0,612E2790,0,,,1,0,0
B022,2023-10-29 07:00:00,1,612E2800,0,,48.26,1,0,1
B022,2023-10-29 08:00:00,0,612E2790,0,,61.67,1,0,1
B022,2023-10-29 08:00:00,1,612E2800,0,,48.26,1,0,1
B022,2024-02-12 20:00:00,0,612E2790,0,,,1,0,0
B022,2024-02-12 20:00:00,1,612E2800,0,,48.6,1,0,1
B022,2024-02-12 21:00:00,0,612E2790,0,,,1,0,0
B022,2024-02-12 21:00:00,1,612E2800,0,,48.6,1,0,1
B022,2024-02-12 22:00:00,0,612E2790,0,,,1,0,0
B022,2024-02-12 22:00:00,1,612E2800,0,,48.6,1,0,1
B022,2024-02-12 23:00:00,0,612E2790,0,,,1,0,0
B022,2024-02-12 23:00:00,1,612E2800,0,,48.6,1,0,1
B022,2024-02-13 00:00:00,0,612E2790,0,,,1,0,0
B022,2024-02-13 00:00:00,1,612E2800,0,,48.61,1,0,1
B022,2024-02-13 01:00:00,0,612E2790,0,,,1,0,0
B022,2024-02-13 01:00:00,1,612E2800,0,,48.6,1,0,1
B022,2024-02-13 02:00:00,0,612E2790,0,,,1,0,0
B022,2024-02-13 02:00:00,1,612E2800,0,,48.6,1,0,1
B022,2024-02-13 03:00:00,0,612E2790,0,,,1,0,0
B022,2024-02-13 03:00:00,1,612E2800,0,,48.6,1,0,1
B022,2024-02-13 04:00:00,0,612E2790,0,,,1,0,0
B022,2024-02-13 04:00:00,1,612E2800,0,,48.6,1,0,1
B022,2024-02-13 05:00:00,0,612E2790,0,,,1,0,0
B022,2024-02-13 05:00:00,1,612E2800,0,,48.59,1,0,1
B022,2024-02-13 06:00:00,0,612E2790,0,,,1,0,0
B022,2024-02-13 06:00:00,1,612E2800,0,,48.58,1,0,1
B022,2024-02-13 07:00:00,0,612E2790,0,,,1,0,0
B022,2024-02-13 07:00:00,1,612E2800,0.02803443091,,48.58,1,0,1
B022,2024-02-13 08:00:00,0,612E2790,0,,,1,0,0
B022,2024-02-13 08:00:00,1,612E2800,0,,48.58,1,0,1
B022,2024-02-13 09:00:00,0,612E2790,0,,,1,0,0
B022,2024-02-13 09:00:00,1,612E2800,0,,48.57,1,0,1
B022,2024-02-13 10:00:00,0,612E2790,0,,,1,0,0
B022,2024-02-13 10:00:00,1,612E2800,0,,48.57,1,0,1
B022,2024-02-13 11:00:00,0,612E2790,0,,,1,0,0
B022,2024-02-13 11:00:00,1,612E2800,0,,48.57,1,0,1
B022,2024-02-13 12:00:00,0,612E2790,0,,,1,0,0
B022,2024-02-13 12:00:00,1,612E2800,0,,48.56,1,0,1
B022,2024-02-13 13:00:00,0,612E2790,0,,,1,0,0
B022,2024-02-13 13:00:00,1,612E2800,0,,48.56,1,0,1
B022,2024-02-13 14:00:00,0,612E2790,0,,,1,0,0
B022,2024-02-13 14:00:00,1,612E2800,0,,48.55,1,0,1
B022,2024-02-13 15:00:00,0,612E2790,0,,,1,0,0
B022,2024-02-13 15:00:00,1,612E2800,0,,48.55,1,0,1
B022,2024-02-13 16:00:00,0,612E2790,0,,,1,0,0
B022,2024-02-13 16:00:00,1,612E2800,0,,48.54,1,0,1
B022,2024-02-13 17:00:00,0,612E2790,0,,,1,0,0
B022,2024-02-13 17:00:00,1,612E2800,0,,48.54,1,0,1
B022,2024-02-13 18:00:00,0,612E2790,0,,,1,0,0
B022,2024-02-13 18:00:00,1,612E2800,0,,48.53,1,0,1
B022,2024-02-13 19:00:00,0,612E2790,0,,,1,0,0
B022,2024-02-13 19:00:00,1,612E2800,0,,48.54,1,0,1
B022,2024-02-13 20:00:00,0,612E2790,0,,,1,0,0
B022,2024-02-13 20:00:00,1,612E2800,0,,48.53,1,0,1
B022,2024-02-13 21:00:00,0,612E2790,0,,,1,0,0
B022,2024-02-13 21:00:00,1,612E2800,0,,48.53,1,0,1
B022,2024-02-13 22:00:00,0,612E2790,0,,,1,0,0
B022,2024-02-13 22:00:00,1,612E2800,0,,48.53,1,0,1
B022,2024-02-13 23:00:00,0,612E2790,0,,,1,0,0
B022,2024-02-13 23:00:00,1,612E2800,0,,,1,0,0
B022,2024-02-14 00:00:00,0,612E2790,0,,,1,0,0
B022,2024-02-14 00:00:00,1,612E2800,0,,48.53,1,0,1
B022,2024-02-14 01:00:00,0,612E2790,0,,,1,0,0
B022,2024-02-14 01:00:00,1,612E2800,0,,48.53,1,0,1
B022,2024-02-14 02:00:00,0,612E2790,0,,,1,0,0
B022,2024-02-14 02:00:00,1,612E2800,0,,48.52,1,0,1
B022,2024-02-14 03:00:00,0,612E2790,0,,,1,0,0
B022,2024-02-14 03:00:00,1,612E2800,0,,48.52,1,0,1
B022,2024-02-14 04:00:00,0,612E2790,0,,,1,0,0
B022,2024-02-14 04:00:00,1,612E2800,0,,48.51,1,0,1
B022,2024-02-14 05:00:00,0,612E2790,0,,,1,0,0
B022,2024-02-14 05:00:00,1,612E2800,0,,48.51,1,0,1
B022,2024-02-14 06:00:00,0,612E2790,0,,,1,0,0
B022,2024-02-14 06:00:00,1,612E2800,0,,48.5,1,0,1
B022,2024-02-14 07:00:00,0,612E2790,0,,,1,0,0
B022,2024-02-14 07:00:00,1,612E2800,0,,48.5,1,0,1
B022,2024-02-14 08:00:00,0,612E2790,0,,,1,0,0
B022,2024-02-14 08:00:00,1,612E2800,0,,48.5,1,0,1
B022,2024-02-14 09:00:00,0,612E2790,0,,,1,0,0
B022,2024-02-14 09:00:00,1,612E2800,0,,48.49,1,0,1
B022,2024-02-14 10:00:00,0,612E2790,0,,,1,0,0
B022,2024-02-14 10:00:00,1,612E2800,0,,48.49,1,0,1
B022,2024-02-14 11:00:00,0,612E2790,0,,,1,0,0
B022,2024-02-14 11:00:00,1,612E2800,0,,48.48,1,0,1
B022,2024-02-14 12:00:00,0,612E2790,0,,,1,0,0
B022,2024-02-14 12:00:00,1,612E2800,0,,48.48,1,0,1
B022,2024-02-14 13:00:00,0,612E2790,0,,,1,0,0
B022,2024-02-14 13:00:00,1,612E2800,0,,48.48,1,0,1
B022,2024-02-14 14:00:00,0,612E2790,0,,,1,0,0
B022,2024-02-14 14:00:00,1,612E2800,0,,48.47,1,0,1
B022,2024-02-14 15:00:00,0,612E2790,0,,,1,0,0
B022,2024-02-14 15:00:00,1,612E2800,0,,48.47,1,0,1
B022,2024-02-14 16:00:00,0,612E2790,0,,,1,0,0
B022,2024-02-14 16:00:00,1,612E2800,0,,48.47,1,0,1
B022,2024-02-14 17:00:00,0,612E2790,0,,,1,0,0
B022,2024-02-14 17:00:00,1,612E2800,0,,48.46,1,0,1
B022,2024-02-14 18:00:00,0,612E2790,0,,,1,0,0
B022,2024-02-14 18:00:00,1,612E2800,0,,48.46,1,0,1
B022,2024-02-14 19:00:00,0,612E2790,0,,,1,0,0
B022,2024-02-14 19:00:00,1,612E2800,0,,48.45,1,0,1
B022,2024-02-14 20:00:00,0,612E2790,0.03903289283,,,1,0,0
B022,2024-02-14 20:00:00,1,612E2800,0,,48.45,1,0,1
B022,2024-02-14 21:00:00,0,612E2790,0.7559251504,,,1,0,0
B022,2024-02-14 21:00:00,1,612E2800,0.1383203211,,48.45,1,0,1
B022,2024-02-14 22:00:00,0,612E2790,1.53484632,,,1,0,0
B022,2024-02-14 22:00:00,1,612E2800,2.205066491,,48.45,1,0,1
B022,2024-02-14 23:00:00,0,612E2790,2.128673885,,,1,0,0
B022,2024-02-14 23:00:00,1,612E2800,0.4117317247,,48.46,1,0,1
B022,2024-02-15 00:00:00,0,612E2790,2.044681252,,,1,0,0
B022,2024-02-15 00:00:00,1,612E2800,0.4472197957,,48.48,1,0,1
B022,2024-02-15 01:00:00,0,612E2790,3.227679513,,,1,0,0
B022,2024-02-15 01:00:00,1,612E2800,1.476233583,,48.51,1,0,1
B022,2024-02-15 02:00:00,0,612E2790,1.367530456,,,1,0,0
B022,2024-02-15 02:00:00,1,612E2800,0.3905302839,,48.55,1,0,1
B022,2024-02-15 03:00:00,0,612E2790,1.116398133,,,1,0,0
B022,2024-02-15 03:00:00,1,612E2800,0.872953834,,48.6,1,0,1
B022,2024-02-15 04:00:00,0,612E2790,0.5389040128,,,1,0,0
B022,2024-02-15 04:00:00,1,612E2800,0.09586603948,,48.74,1,0,1
B022,2024-02-15 05:00:00,0,612E2790,0.06519706713,,,1,0,0
B022,2024-02-15 05:00:00,1,612E2800,0.07201082915,,49.09,1,0,1
B022,2024-02-15 06:00:00,0,612E2790,0,,,1,0,0
B022,2024-02-15 06:00:00,1,612E2800,0,,49.3,1,0,1
B022,2024-02-15 07:00:00,0,612E2790,9.667824332,,,1,0,0
B022,2024-02-15 07:00:00,1,612E2800,2.096741658,,49.35,1,0,1
B022,2024-02-15 08:00:00,0,612E2790,0,,,1,0,0
B022,2024-02-15 08:00:00,1,612E2800,0,,49.29,1,0,1
B022,2024-02-15 09:00:00,0,612E2790,0,,,1,0,0
B022,2024-02-15 09:00:00,1,612E2800,0,,49.22,1,0,1
B022,2024-02-15 10:00:00,0,612E2790,0,,,1,0,0
B022,2024-02-15 10:00:00,1,612E2800,0,,49.16,1,0,1
B022,2024-02-15 11:00:00,0,612E2790,0,,,1,0,0
B022,2024-02-15 11:00:00,1,612E2800,0,,49.1,1,0,1
B022,2024-02-15 12:00:00,0,612E2790,0,,,1,0,0
B022,2024-02-15 12:00:00,1,612E2800,0,,49.06,1,0,1
B022,2024-02-15 13:00:00,0,612E2790,0,,,1,0,0
B022,2024-02-15 13:00:00,1,612E2800,0,,49.01,1,0,1
B022,2024-02-15 14:00:00,0,612E2790,0,,,1,0,0
B022,2024-02-15 14:00:00,1,612E2800,0,,48.98,1,0,1
B022,2024-02-15 15:00:00,0,612E2790,0.06491731334,,,1,0,0
B022,2024-02-15 15:00:00,1,612E2800,0,,48.94,1,0,1
B022,2024-02-15 16:00:00,0,612E2790,0.1358902057,,,1,0,0
B022,2024-02-15 16:00:00,1,612E2800,0.0158722992,,48.91,1,0,1
B022,2024-02-15 17:00:00,0,612E2790,0.06263541564,,,1,0,0
B022,2024-02-15 17:00:00,1,612E2800,0,,48.88,1,0,1
B022,2024-02-15 18:00:00,0,612E2790,0,,,1,0,0
B022,2024-02-15 18:00:00,1,612E2800,0,,48.86,1,0,1
B022,2024-02-15 19:00:00,0,612E2790,0,,,1,0,0
B022,2024-02-15 19:00:00,1,612E2800,0,,48.85,1,0,1
B022,2024-02-15 20:00:00,0,612E2790,0,,,1,0,0
B022,2024-02-15 20:00:00,1,612E2800,0,,48.82,1,0,1
B022,2024-02-15 21:00:00,0,612E2790,0,,,1,0,0
B022,2024-02-15 21:00:00,1,612E2800,0,,48.8,1,0,1
B022,2024-02-15 22:00:00,0,612E2790,0,,,1,0,0
B022,2024-02-15 22:00:00,1,612E2800,0,,48.79,1,0,1
B022,2024-02-15 23:00:00,0,612E2790,0,,,1,0,0
B022,2024-02-15 23:00:00,1,612E2800,0,,48.78,1,0,1
B022,2024-02-16 00:00:00,0,612E2790,0,,,1,0,0
B022,2024-02-16 00:00:00,1,612E2800,0,,48.76,1,0,1
B022,2024-02-16 01:00:00,0,612E2790,0,,,1,0,0
B022,2024-02-16 01:00:00,1,612E2800,0,,48.75,1,0,1
B022,2024-02-16 02:00:00,0,612E2790,0,,,1,0,0
B022,2024-02-16 02:00:00,1,612E2800,0,,48.73,1,0,1
B022,2024-02-16 03:00:00,0,612E2790,0,,,1,0,0
B022,2024-02-16 03:00:00,1,612E2800,0,,48.72,1,0,1
B022,2024-02-16 04:00:00,0,612E2790,0,,,1,0,0
B022,2024-02-16 04:00:00,1,612E2800,0,,48.71,1,0,1
B022,2024-02-16 05:00:00,0,612E2790,0,,,1,0,0
B022,2024-02-16 05:00:00,1,612E2800,0,,48.69,1,0,1
B022,2024-02-16 06:00:00,0,612E2790,0,,,1,0,0
B022,2024-02-16 06:00:00,1,612E2800,0,,48.68,1,0,1
B022,2024-02-16 07:00:00,0,612E2790,0.4504491536,,,1,0,0
B022,2024-02-16 07:00:00,1,612E2800,0.0158722992,,48.67,1,0,1
B022,2024-02-16 08:00:00,0,612E2790,0,,,1,0,0
B022,2024-02-16 08:00:00,1,612E2800,0,,48.66,1,0,1
B022,2024-02-16 09:00:00,0,612E2790,0.0296476261,,,1,0,0
B022,2024-02-16 09:00:00,1,612E2800,0,,48.65,1,0,1
B022,2024-02-16 10:00:00,0,612E2790,0,,,1,0,0
B022,2024-02-16 10:00:00,1,612E2800,0,,48.65,1,0,1
B022,2024-02-16 11:00:00,0,612E2790,0,,,1,0,0
B022,2024-02-16 11:00:00,1,612E2800,0,,48.64,1,0,1
B022,2024-02-16 12:00:00,0,612E2790,0,,,1,0,0
B022,2024-02-16 12:00:00,1,612E2800,0,,48.63,1,0,1
B022,2024-02-16 13:00:00,0,612E2790,0,,,1,0,0
B022,2024-02-16 13:00:00,1,612E2800,0,,48.62,1,0,1
B022,2024-02-16 14:00:00,0,612E2790,0,,,1,0,0
B022,2024-02-16 14:00:00,1,612E2800,0,,48.61,1,0,1
B022,2024-02-16 15:00:00,0,612E2790,0,,,1,0,0
B022,2024-02-16 15:00:00,1,612E2800,0,,48.61,1,0,1
B022,2024-02-16 16:00:00,0,612E2790,0,,,1,0,0
B022,2024-02-16 16:00:00,1,612E2800,0,,48.6,1,0,1
B022,2024-02-16 17:00:00,0,612E2790,0,,,1,0,0
B022,2024-02-16 17:00:00,1,612E2800,0,,48.59,1,0,1
B022,2024-02-16 18:00:00,0,612E2790,0,,,1,0,0
B022,2024-02-16 18:00:00,1,612E2800,0,,48.58,1,0,1
B022,2024-02-16 19:00:00,0,612E2790,0,,,1,0,0
B022,2024-02-16 19:00:00,1,612E2800,0,,48.58,1,0,1
B022,2024-02-16 20:00:00,0,612E2790,0,,,1,0,0
B022,2024-02-16 20:00:00,1,612E2800,0,,48.57,1,0,1
B022,2024-02-16 21:00:00,0,612E2790,0,,,1,0,0
B022,2024-02-16 21:00:00,1,612E2800,0,,48.57,1,0,1
B022,2024-02-16 22:00:00,0,612E2790,0,,,1,0,0
B022,2024-02-16 22:00:00,1,612E2800,0,,48.56,1,0,1
B022,2024-02-16 23:00:00,0,612E2790,0,,,1,0,0
B022,2024-02-16 23:00:00,1,612E2800,0,,48.56,1,0,1
B022,2024-02-17 00:00:00,0,612E2790,0,,,1,0,0
B022,2024-02-17 00:00:00,1,612E2800,0,,48.55,1,0,1
B022,2024-02-17 01:00:00,0,612E2790,0,,,1,0,0
B022,2024-02-17 01:00:00,1,612E2800,0,,48.55,1,0,1
B022,2024-02-17 02:00:00,0,612E2790,0,,,1,0,0
B022,2024-02-17 02:00:00,1,612E2800,0,,48.54,1,0,1
B022,2024-02-17 03:00:00,0,612E2790,0,,,1,0,0
B022,2024-02-17 03:00:00,1,612E2800,0,,48.54,1,0,1
B022,2024-02-17 04:00:00,0,612E2790,0,,,1,0,0
B022,2024-02-17 04:00:00,1,612E2800,0,,48.53,1,0,1
B022,2024-02-17 05:00:00,0,612E2790,0,,,1,0,0
B022,2024-02-17 05:00:00,1,612E2800,0,,48.53,1,0,1
B022,2024-02-17 06:00:00,0,612E2790,0,,,1,0,0
B022,2024-02-17 06:00:00,1,612E2800,0,,48.53,1,0,1
B022,2024-02-17 07:00:00,0,612E2790,0.0296476261,,,1,0,0
B022,2024-02-17 07:00:00,1,612E2800,0,,48.52,1,0,1
B022,2024-02-17 08:00:00,0,612E2790,0,,,1,0,0
B022,2024-02-17 08:00:00,1,612E2800,0,,48.52,1,0,1
B022,2024-03-28 20:00:00,0,612E2790,0,14.071,61.78,1,1,1
B022,2024-03-28 20:00:00,1,612E2800,0,,48.33,1,0,1
B022,2024-03-28 21:00:00,0,612E2790,0,13.762,61.78,1,1,1
B022,2024-03-28 21:00:00,1,612E2800,0,,48.33,1,0,1
B022,2024-03-28 22:00:00,0,612E2790,0,13.28,61.77,1,1,1
B022,2024-03-28 22:00:00,1,612E2800,0,,48.32,1,0,1
B022,2024-03-28 23:00:00,0,612E2790,0,13.16,61.77,1,1,1
B022,2024-03-28 23:00:00,1,612E2800,0,,48.32,1,0,1
B022,2024-03-29 00:00:00,0,612E2790,0,12.846,61.76,1,1,1
B022,2024-03-29 00:00:00,1,612E2800,0,,48.32,1,0,1
B022,2024-03-29 01:00:00,0,612E2790,0,12.856,61.77,1,1,1
B022,2024-03-29 01:00:00,1,612E2800,0,,48.32,1,0,1
B022,2024-03-29 02:00:00,0,612E2790,0,13.148,61.77,1,1,1
B022,2024-03-29 02:00:00,1,612E2800,0,,48.32,1,0,1
B022,2024-03-29 03:00:00,0,612E2790,0,13.002,61.76,1,1,1
B022,2024-03-29 03:00:00,1,612E2800,0,,48.31,1,0,1
B022,2024-03-29 04:00:00,0,612E2790,0,12.624,61.76,1,1,1
B022,2024-03-29 04:00:00,1,612E2800,0,,48.31,1,0,1
B022,2024-03-29 05:00:00,0,612E2790,0,12.536,61.76,1,1,1
B022,2024-03-29 05:00:00,1,612E2800,0,,48.31,1,0,1
B022,2024-03-29 06:00:00,0,612E2790,0,12.415,61.75,1,1,1
B022,2024-03-29 06:00:00,1,612E2800,0,,48.31,1,0,1
B022,2024-03-29 07:00:00,0,612E2790,0.02588442051,12.253,61.75,1,1,1
B022,2024-03-29 07:00:00,1,612E2800,0.02803443091,,48.31,1,0,1
B022,2024-03-29 08:00:00,0,612E2790,0,12.303,61.75,1,1,1
B022,2024-03-29 08:00:00,1,612E2800,0,,48.31,1,0,1
B022,2024-03-29 09:00:00,0,612E2790,0,11.653,61.73,1,1,1
B022,2024-03-29 09:00:00,1,612E2800,0,,48.31,1,0,1
B022,2024-03-29 10:00:00,0,612E2790,0,12.794,61.75,1,1,1
B022,2024-03-29 10:00:00,1,612E2800,0,,48.31,1,0,1
B022,2024-03-29 11:00:00,0,612E2790,0,13.084,61.75,1,1,1
B022,2024-03-29 11:00:00,1,612E2800,0,,48.3,1,0,1
B022,2024-03-29 12:00:00,0,612E2790,0,13.069,61.75,1,1,1
B022,2024-03-29 12:00:00,1,612E2800,0,,48.3,1,0,1
B022,2024-03-29 13:00:00,0,612E2790,0,12.668,61.75,1,1,1
B022,2024-03-29 13:00:00,1,612E2800,0,,48.3,1,0,1
B022,2024-03-29 14:00:00,0,612E2790,0,12.603,61.74,1,1,1
B022,2024-03-29 14:00:00,1,612E2800,0,,48.3,1,0,1
B022,2024-03-29 15:00:00,0,612E2790,0,11.729,61.73,1,1,1
B022,2024-03-29 15:00:00,1,612E2800,0,,48.3,1,0,1
B022,2024-03-29 16:00:00,0,612E2790,0,10.993,61.71,1,1,1
B022,2024-03-29 16:00:00,1,612E2800,0,,48.3,1,0,1
B022,2024-03-29 17:00:00,0,612E2790,0,9.925,61.7,1,1,1
B022,2024-03-29 17:00:00,1,612E2800,0,,48.3,1,0,1
B022,2024-03-29 18:00:00,0,612E2790,0,10.545,61.71,1,1,1
B022,2024-03-29 18:00:00,1,612E2800,0,,48.29,1,0,1
B022,2024-03-29 19:00:00,0,612E2790,0,10.574,61.72,1,1,1
B022,2024-03-29 19:00:00,1,612E2800,0,,48.29,1,0,1
B022,2024-03-29 20:00:00,0,612E2790,0,10.797,61.72,1,1,1
B022,2024-03-29 20:00:00,1,612E2800,0,,48.28,1,0,1
B022,2024-03-29 21:00:00,0,612E2790,0,10.754,61.72,1,1,1
B022,2024-03-29 21:00:00,1,612E2800,0,,48.28,1,0,1
B022,2024-03-29 22:00:00,0,612E2790,0,10.645,61.72,1,1,1
B022,2024-03-29 22:00:00,1,612E2800,0,,48.28,1,0,1
B022,2024-03-29 23:00:00,0,612E2790,0,10.518,61.72,1,1,1
B022,2024-03-29 23:00:00,1,612E2800,0,,48.28,1,0,1
B022,2024-03-30 00:00:00,0,612E2790,0,10.29,61.71,1,1,1
B022,2024-03-30 00:00:00,1,612E2800,0,,48.28,1,0,1
B022,2024-03-30 01:00:00,0,612E2790,0,10.105,61.72,1,1,1
B022,2024-03-30 01:00:00,1,612E2800,0,,48.28,1,0,1
B022,2024-03-30 02:00:00,0,612E2790,0,10.413,61.72,1,1,1
B022,2024-03-30 02:00:00,1,612E2800,0,,48.28,1,0,1
B022,2024-03-30 03:00:00,0,612E2790,0,10.487,61.72,1,1,1
B022,2024-03-30 03:00:00,1,612E2800,0,,48.28,1,0,1
B022,2024-03-30 04:00:00,0,612E2790,0,10.198,61.72,1,1,1
B022,2024-03-30 04:00:00,1,612E2800,0,,48.28,1,0,1
B022,2024-03-30 05:00:00,0,612E2790,0,10.419,61.72,1,1,1
B022,2024-03-30 05:00:00,1,612E2800,0,,48.28,1,0,1
B022,2024-03-30 06:00:00,0,612E2790,0,11.129,61.71,1,1,1
B022,2024-03-30 06:00:00,1,612E2800,0,,48.28,1,0,1
B022,2024-03-30 07:00:00,0,612E2790,0,10.273,61.71,1,1,1
B022,2024-03-30 07:00:00,1,612E2800,0,,48.28,1,0,1
B022,2024-03-30 08:00:00,0,612E2790,0,10.273,61.71,1,1,1
B022,2024-03-30 08:00:00,1,612E2800,0,,48.28,1,0,1
B022,2024-03-30 09:00:00,0,612E2790,0,10.84,61.71,1,1,1
B022,2024-03-30 09:00:00,1,612E2800,0,,48.28,1,0,1
B022,2024-03-30 10:00:00,0,612E2790,0,10.722,61.71,1,1,1
B022,2024-03-30 10:00:00,1,612E2800,0,,48.28,1,0,1
B022,2024-03-30 11:00:00,0,612E2790,0,10.706,61.71,1,1,1
B022,2024-03-30 11:00:00,1,612E2800,0,,48.28,1,0,1
B022,2024-03-30 12:00:00,0,612E2790,0,10.987,61.71,1,1,1
B022,2024-03-30 12:00:00,1,612E2800,0,,48.28,1,0,1
B022,2024-03-30 13:00:00,0,612E2790,0,10.921,61.71,1,1,1
B022,2024-03-30 13:00:00,1,612E2800,0,,48.28,1,0,1
B022,2024-03-30 14:00:00,0,612E2790,0,10.887,61.71,1,1,1
B022,2024-03-30 14:00:00,1,612E2800,0,,48.28,1,0,1
B022,2024-03-30 15:00:00,0,612E2790,0,10.493,61.71,1,1,1
B022,2024-03-30 15:00:00,1,612E2800,0,,48.28,1,0,1
B022,2024-03-30 16:00:00,0,612E2790,0,10.571,61.7,1,1,1
B022,2024-03-30 16:00:00,1,612E2800,0,,48.28,1,0,1
B022,2024-03-30 17:00:00,0,612E2790,0,10.25,61.7,1,1,1
B022,2024-03-30 17:00:00,1,612E2800,0,,48.28,1,0,1
B022,2024-03-30 18:00:00,0,612E2790,0,9.736,61.7,1,1,1
B022,2024-03-30 18:00:00,1,612E2800,0,,48.27,1,0,1
B022,2024-03-30 19:00:00,0,612E2790,0,9.694,61.7,1,1,1
B022,2024-03-30 19:00:00,1,612E2800,0,,48.27,1,0,1
B022,2024-03-30 20:00:00,0,612E2790,7.008234885,9.765,61.7,1,1,1
B022,2024-03-30 20:00:00,1,612E2800,0.629949382,,48.27,1,0,1
B022,2024-03-30 21:00:00,0,612E2790,19.13230303,9.212,61.7,1,1,1
B022,2024-03-30 21:00:00,1,612E2800,10.21712774,,48.27,1,0,1
B022,2024-03-30 22:00:00,0,612E2790,7.066314145,12.936,61.77,1,1,1
B022,2024-03-30 22:00:00,1,612E2800,4.677610945,,48.27,1,0,1
B022,2024-03-30 23:00:00,0,612E2790,4.873545701,18.902,61.91,1,1,1
B022,2024-03-30 23:00:00,1,612E2800,1.708060167,,48.3,1,0,1
B022,2024-03-31 00:00:00,0,612E2790,1.824732631,52.379,62.77,1,1,1
B022,2024-03-31 00:00:00,1,612E2800,0.7224237567,,48.32,1,0,1
B022,2024-03-31 01:00:00,0,612E2790,1.176973383,109,63.44,1,1,1
B022,2024-03-31 01:00:00,1,612E2800,0.3062481899,,48.41,1,0,1
B022,2024-03-31 02:00:00,0,612E2790,0.1992922327,145,63.34,1,1,1
B022,2024-03-31 02:00:00,1,612E2800,0.004042942194,,49.73,1,0,1
B022,2024-03-31 03:00:00,0,612E2790,0.07752639486,134,63.3,1,1,1
B022,2024-03-31 03:00:00,1,612E2800,0.09502131124,,49.93,1,0,1
B022,2024-03-31 04:00:00,0,612E2790,0.03166024576,141,63.17,1,1,1
B022,2024-03-31 04:00:00,1,612E2800,0.01182935701,,49.84,1,0,1
B022,2024-03-31 05:00:00,0,612E2790,0,120,63.05,1,1,1
B022,2024-03-31 05:00:00,1,612E2800,0,,49.72,1,0,1
B022,2024-03-31 06:00:00,0,612E2790,0,97.995,62.94,1,1,1
B022,2024-03-31 06:00:00,1,612E2800,0,,49.57,1,0,1
B022,2024-03-31 07:00:00,0,612E2790,36.4683864,88.603,62.85,1,1,1
B022,2024-03-31 07:00:00,1,612E2800,14.08284277,,49.41,1,0,1
B022,2024-03-31 08:00:00,0,612E2790,0,80.157,62.75,1,1,1
B022,2024-03-31 08:00:00,1,612E2800,0,,49.28,1,0,1
B022,2024-03-31 09:00:00,0,612E2790,0,72.495,62.69,1,1,1
B022,2024-03-31 09:00:00,1,612E2800,0,,49.19,1,0,1
B022,2024-03-31 10:00:00,0,612E2790,0,67.435,62.62,1,1,1
B022,2024-03-31 10:00:00,1,612E2800,0,,49.09,1,0,1
B022,2024-03-31 11:00:00,0,612E2790,0,63.332,62.56,1,1,1
B022,2024-03-31 11:00:00,1,612E2800,0,,49.02,1,0,1
B022,2024-03-31 12:00:00,0,612E2790,0,58.354,62.48,1,1,1
B022,2024-03-31 12:00:00,1,612E2800,0,,48.98,1,0,1
B022,2024-03-31 13:00:00,0,612E2790,0,54.462,62.44,1,1,1
B022,2024-03-31 13:00:00,1,612E2800,0,,48.91,1,0,1
B022,2024-03-31 14:00:00,0,612E2790,0,49.856,62.39,1,1,1
B022,2024-03-31 14:00:00,1,612E2800,0,,48.87,1,0,1
B022,2024-03-31 15:00:00,0,612E2790,0,46.469,62.34,1,1,1
B022,2024-03-31 15:00:00,1,612E2800,0,,48.83,1,0,1
B022,2024-03-31 16:00:00,0,612E2790,0,43.845,62.3,1,1,1
B022,2024-03-31 16:00:00,1,612E2800,0,,48.79,1,0,1
B022,2024-03-31 17:00:00,0,612E2790,0,41.593,62.27,1,1,1
B022,2024-03-31 17:00:00,1,612E2800,0,,48.76,1,0,1
B022,2024-03-31 18:00:00,0,612E2790,0,38.552,62.23,1,1,1
B022,2024-03-31 18:00:00,1,612E2800,0,,48.74,1,0,1
B022,2024-03-31 19:00:00,0,612E2790,0,36.914,62.2,1,1,1
B022,2024-03-31 19:00:00,1,612E2800,0,,48.71,1,0,1
B022,2024-03-31 20:00:00,0,612E2790,0,34.934,62.18,1,1,1
B022,2024-03-31 20:00:00,1,612E2800,0,,48.69,1,0,1
B022,2024-03-31 21:00:00,0,612E2790,0,33.637,62.15,1,1,1
B022,2024-03-31 21:00:00,1,612E2800,0,,48.67,1,0,1
B022,2024-03-31 22:00:00,0,612E2790,0,33.033,62.14,1,1,1
B022,2024-03-31 22:00:00,1,612E2800,0,,48.66,1,0,1
B022,2024-03-31 23:00:00,0,612E2790,0,42.61,62.29,1,1,1
B022,2024-03-31 23:00:00,1,612E2800,0,,48.64,1,0,1
B022,2024-04-01 00:00:00,0,612E2790,0,41.935,62.28,1,1,1
B022,2024-04-01 00:00:00,1,612E2800,0,,48.69,1,0,1
B022,2024-04-01 01:00:00,0,612E2790,0,41.08,62.27,1,1,1
B022,2024-04-01 01:00:00,1,612E2800,0,,48.73,1,0,1
B022,2024-04-01 02:00:00,0,612E2790,0,39.713,62.26,1,1,1
B022,2024-04-01 02:00:00,1,612E2800,0,,48.73,1,0,1
B022,2024-04-01 03:00:00,0,612E2790,0,39.15,62.24,1,1,1
B022,2024-04-01 03:00:00,1,612E2800,0,,48.72,1,0,1
B022,2024-04-01 04:00:00,0,612E2790,0,37.165,62.23,1,1,1
B022,2024-04-01 04:00:00,1,612E2800,0,,,1,0,0
B022,2024-04-01 05:00:00,0,612E2790,0,36.258,62.22,1,1,1
B022,2024-04-01 05:00:00,1,612E2800,0,,48.71,1,0,1
B022,2024-04-01 06:00:00,0,612E2790,0,35.934,62.21,1,1,1
B022,2024-04-01 06:00:00,1,612E2800,0,,48.7,1,0,1
B022,2024-04-01 07:00:00,0,612E2790,0,35.112,62.2,1,1,1
B022,2024-04-01 07:00:00,1,612E2800,0,,48.69,1,0,1
B022,2024-04-01 08:00:00,0,612E2790,0.0795104242,34.86,62.19,1,1,1
B022,2024-04-01 08:00:00,1,612E2800,0,,48.68,1,0,1
B022,2024-04-01 09:00:00,0,612E2790,1.874284417,34.569,62.18,1,1,1
B022,2024-04-01 09:00:00,1,612E2800,0.8175915519,,,1,0,0
B022,2024-04-01 10:00:00,0,612E2790,0.3722951665,34.887,62.17,1,1,1
B022,2024-04-01 10:00:00,1,612E2800,0.7760605211,,48.67,1,0,1
B022,2024-04-01 11:00:00,0,612E2790,0.0002407730895,33.887,62.17,1,1,1
B022,2024-04-01 11:00:00,1,612E2800,0,,48.66,1,0,1
B022,2024-04-01 12:00:00,0,612E2790,0,33.236,62.17,1,1,1
B022,2024-04-01 12:00:00,1,612E2800,0,,48.66,1,0,1
B022,2024-04-01 13:00:00,0,612E2790,0,33.945,62.17,1,1,1
B022,2024-04-01 13:00:00,1,612E2800,0,,48.66,1,0,1
B022,2024-04-01 14:00:00,0,612E2790,0,34.06,62.17,1,1,1
B022,2024-04-01 14:00:00,1,612E2800,0,,48.66,1,0,1
B022,2024-04-01 15:00:00,0,612E2790,0,32.006,62.13,1,1,1
B022,2024-04-01 15:00:00,1,612E2800,0,,48.66,1,0,1
B022,2024-04-01 16:00:00,0,612E2790,0,26.748,62.04,1,1,1
B022,2024-04-01 16:00:00,1,612E2800,0.02803443091,,48.65,1,0,1
B022,2024-04-01 17:00:00,0,612E2790,0,24.98,62.02,1,1,1
B022,2024-04-01 17:00:00,1,612E2800,0,,48.61,1,0,1
B022,2024-04-01 18:00:00,0,612E2790,0,24.129,62,1,1,1
B022,2024-04-01 18:00:00,1,612E2800,0,,48.57,1,0,1
B022,2024-04-01 19:00:00,0,612E2790,0,25.247,61.99,1,1,1
B022,2024-04-01 19:00:00,1,612E2800,0,,48.55,1,0,1
B022,2024-04-01 20:00:00,0,612E2790,0.005775825248,24.485,61.98,1,1,1
B022,2024-04-01 20:00:00,1,612E2800,0.01182935701,,48.54,1,0,1
B022,2024-04-01 21:00:00,0,612E2790,0,23.909,61.97,1,1,1
B022,2024-04-01 21:00:00,1,612E2800,0,,48.53,1,0,1
B022,2024-04-01 22:00:00,0,612E2790,0,22.958,61.96,1,1,1
B022,2024-04-01 22:00:00,1,612E2800,0,,48.52,1,0,1
B022,2024-04-01 23:00:00,0,612E2790,0,22.705,61.95,1,1,1
B022,2024-04-01 23:00:00,1,612E2800,0.07817313079,,48.51,1,0,1
B022,2024-04-02 00:00:00,0,612E2790,11.4332354,23.146,61.95,1,1,1
B022,2024-04-02 00:00:00,1,612E2800,6.383639653,,48.51,1,0,1
B022,2024-04-02 01:00:00,0,612E2790,3.170791007,25.465,61.98,1,1,1
B022,2024-04-02 01:00:00,1,612E2800,6.054817767,,48.52,1,0,1
B022,2024-04-02 02:00:00,0,612E2790,1.233790751,32.504,62.13,1,1,1
B022,2024-04-02 02:00:00,1,612E2800,0.4217173165,,48.53,1,0,1
B022,2024-04-02 03:00:00,0,612E2790,0,57.144,62.51,1,1,1
B022,2024-04-02 03:00:00,1,612E2800,0.03821411169,,48.61,1,0,1
B022,2024-04-02 04:00:00,0,612E2790,0,94.769,62.82,1,1,1
B022,2024-04-02 04:00:00,1,612E2800,0,,48.86,1,0,1
B022,2024-04-02 05:00:00,0,612E2790,0,90.237,62.78,1,1,1
B022,2024-04-02 05:00:00,1,612E2800,0,,49.17,1,0,1
B022,2024-04-02 06:00:00,0,612E2790,2.831881299,80.443,62.71,1,1,1
B022,2024-04-02 06:00:00,1,612E2800,3.866688705,,49.21,1,0,1
B022,2024-04-02 07:00:00,0,612E2790,19.04830861,73.785,62.67,1,1,1
B022,2024-04-02 07:00:00,1,612E2800,10.80954619,,49.15,1,0,1
B022,2024-04-02 08:00:00,0,612E2790,0,72.189,62.67,1,1,1
B022,2024-04-02 08:00:00,1,612E2800,0.1240367488,,49.11,1,0,1
B022,2024-04-25 07:00:00,0,612E2790,3.206768944,11.223,61.6,1,1,1
B022,2024-04-25 07:00:00,1,612E2800,1.893340893,,48.29,1,0,1
B022,2024-04-25 08:00:00,0,612E2790,0.2940584819,11.176,61.66,1,1,1
B022,2024-04-25 08:00:00,1,612E2800,0.1108936104,,48.3,1,0,1
B022,2024-04-25 09:00:00,0,612E2790,0.1457376775,12.065,61.66,1,1,1
B022,2024-04-25 09:00:00,1,612E2800,0.1174356768,,48.3,1,0,1
B022,2024-04-25 10:00:00,0,612E2790,0,12.039,61.67,1,1,1
B022,2024-04-25 10:00:00,1,612E2800,0,,48.31,1,0,1
B022,2024-04-25 11:00:00,0,612E2790,0.02575755383,13.022,61.69,1,1,1
B022,2024-04-25 11:00:00,1,612E2800,0.02765466623,,48.33,1,0,1
B022,2024-04-25 12:00:00,0,612E2790,0,13.859,61.71,1,1,1
B022,2024-04-25 12:00:00,1,612E2800,0,,48.34,1,0,1
B022,2024-04-25 13:00:00,0,612E2790,0,15.122,61.73,1,1,1
B022,2024-04-25 13:00:00,1,612E2800,0,,48.34,1,0,1
B022,2024-04-25 14:00:00,0,612E2790,0,15.076,61.73,1,1,1
B022,2024-04-25 14:00:00,1,612E2800,0,,48.35,1,0,1
B022,2024-04-25 15:00:00,0,612E2790,0,14.678,61.72,1,1,1
B022,2024-04-25 15:00:00,1,612E2800,0,,48.36,1,0,1
B022,2024-04-25 16:00:00,0,612E2790,0,13.406,61.69,1,1,1
B022,2024-04-25 16:00:00,1,612E2800,0,,48.37,1,0,1
B022,2024-04-25 17:00:00,0,612E2790,0,12.684,61.68,1,1,1
B022,2024-04-25 17:00:00,1,612E2800,0,,48.37,1,0,1
B022,2024-04-25 18:00:00,0,612E2790,0,12.36,61.67,1,1,1
B022,2024-04-25 18:00:00,1,612E2800,0,,48.36,1,0,1
B022,2024-04-25 19:00:00,0,612E2790,0,11.835,61.66,1,1,1
B022,2024-04-25 19:00:00,1,612E2800,0,,48.35,1,0,1
B022,2024-04-25 20:00:00,0,612E2790,0,11.618,61.65,1,1,1
B022,2024-04-25 20:00:00,1,612E2800,0,,48.34,1,0,1
B022,2024-04-25 21:00:00,0,612E2790,0,11.455,61.65,1,1,1
B022,2024-04-25 21:00:00,1,612E2800,0,,48.34,1,0,1
B022,2024-04-25 22:00:00,0,612E2790,0,11.398,61.65,1,1,1
B022,2024-04-25 22:00:00,1,612E2800,0,,48.34,1,0,1
B022,2024-04-25 23:00:00,0,612E2790,0,10.894,61.64,1,1,1
B022,2024-04-25 23:00:00,1,612E2800,0,,48.33,1,0,1
B022,2024-04-26 00:00:00,0,612E2790,0,10.846,61.63,1,1,1
B022,2024-04-26 00:00:00,1,612E2800,0,,48.33,1,0,1
B022,2024-04-26 01:00:00,0,612E2790,0,10.838,61.63,1,1,1
B022,2024-04-26 01:00:00,1,612E2800,0,,48.33,1,0,1
B022,2024-04-26 02:00:00,0,612E2790,0,10.651,61.63,1,1,1
B022,2024-04-26 02:00:00,1,612E2800,0,,48.33,1,0,1
B022,2024-04-26 03:00:00,0,612E2790,0,10.545,61.63,1,1,1
B022,2024-04-26 03:00:00,1,612E2800,0,,48.33,1,0,1
B022,2024-04-26 04:00:00,0,612E2790,0,10.61,61.62,1,1,1
B022,2024-04-26 04:00:00,1,612E2800,0,,48.32,1,0,1
B022,2024-04-26 05:00:00,0,612E2790,0,10.515,61.62,1,1,1
B022,2024-04-26 05:00:00,1,612E2800,0,,48.32,1,0,1
B022,2024-04-26 06:00:00,0,612E2790,0,10.295,61.62,1,1,1
B022,2024-04-26 06:00:00,1,612E2800,0,,48.32,1,0,1
B022,2024-04-26 07:00:00,0,612E2790,0.436185286,10.355,61.62,1,1,1
B022,2024-04-26 07:00:00,1,612E2800,0.2381036403,,48.32,1,0,1
B022,2024-04-26 08:00:00,0,612E2790,0,10.351,61.62,1,1,1
B022,2024-04-26 08:00:00,1,612E2800,0,,48.32,1,0,1
B022,2024-04-26 09:00:00,0,612E2790,0,10.234,61.61,1,1,1
B022,2024-04-26 09:00:00,1,612E2800,0,,48.32,1,0,1
B022,2024-04-26 10:00:00,0,612E2790,0,10.806,61.63,1,1,1
B022,2024-04-26 10:00:00,1,612E2800,0,,48.32,1,0,1
B022,2024-04-26 11:00:00,0,612E2790,0.06519706713,10.86,61.63,1,1,1
B022,2024-04-26 11:00:00,1,612E2800,0.004042942194,,48.32,1,0,1
B022,2024-04-26 12:00:00,0,612E2790,0,11.101,61.63,1,1,1
B022,2024-04-26 12:00:00,1,612E2800,0,,48.32,1,0,1
B022,2024-04-26 13:00:00,0,612E2790,0,10.906,61.63,1,1,1
B022,2024-04-26 13:00:00,1,612E2800,0.02803443091,,48.32,1,0,1
B022,2024-04-26 14:00:00,0,612E2790,0,11.057,61.63,1,1,1
B022,2024-04-26 14:00:00,1,612E2800,0,,48.32,1,0,1
B022,2024-04-26 15:00:00,0,612E2790,0,10.727,61.57,1,1,1
B022,2024-04-26 15:00:00,1,612E2800,0,,48.32,1,0,1
B022,2024-04-26 16:00:00,0,612E2790,0,10.559,61.56,1,1,1
B022,2024-04-26 16:00:00,1,612E2800,0,,48.32,1,0,1
B022,2024-04-26 17:00:00,0,612E2790,0,10.688,61.56,1,1,1
B022,2024-04-26 17:00:00,1,612E2800,0,,48.32,1,0,1
B022,2024-04-26 18:00:00,0,612E2790,0,10.556,61.56,1,1,1
B022,2024-04-26 18:00:00,1,612E2800,0,,48.31,1,0,1
B022,2024-04-26 19:00:00,0,612E2790,0,10.13,61.55,1,1,1
B022,2024-04-26 19:00:00,1,612E2800,0,,48.31,1,0,1
B022,2024-04-26 20:00:00,0,612E2790,0,10.548,61.55,1,1,1
B022,2024-04-26 20:00:00,1,612E2800,0,,48.31,1,0,1
B022,2024-04-26 21:00:00,0,612E2790,0,10.276,61.54,1,1,1
B022,2024-04-26 21:00:00,1,612E2800,0,,48.3,1,0,1
B022,2024-04-26 22:00:00,0,612E2790,0,10.311,61.54,1,1,1
B022,2024-04-26 22:00:00,1,612E2800,0,,48.3,1,0,1
B022,2024-04-26 23:00:00,0,612E2790,0,10.089,61.54,1,1,1
B022,2024-04-26 23:00:00,1,612E2800,0,,48.3,1,0,1
B022,2024-04-27 00:00:00,0,612E2790,0,10.133,61.54,1,1,1
B022,2024-04-27 00:00:00,1,612E2800,0,,48.3,1,0,1
B022,2024-04-27 01:00:00,0,612E2790,0,9.95,61.54,1,1,1
B022,2024-04-27 01:00:00,1,612E2800,0,,48.3,1,0,1
B022,2024-04-27 02:00:00,0,612E2790,0,9.878,61.54,1,1,1
B022,2024-04-27 02:00:00,1,612E2800,0,,48.3,1,0,1
B022,2024-04-27 03:00:00,0,612E2790,0,9.895,61.54,1,1,1
B022,2024-04-27 03:00:00,1,612E2800,0,,48.3,1,0,1
B022,2024-04-27 04:00:00,0,612E2790,0,9.952,61.54,1,1,1
B022,2024-04-27 04:00:00,1,612E2800,0,,48.3,1,0,1
B022,2024-04-27 05:00:00,0,612E2790,0,10.04,61.54,1,1,1
B022,2024-04-27 05:00:00,1,612E2800,0,,48.3,1,0,1
B022,2024-04-27 06:00:00,0,612E2790,0,9.831,61.54,1,1,1
B022,2024-04-27 06:00:00,1,612E2800,0,,48.29,1,0,1
B022,2024-04-27 07:00:00,0,612E2790,0.08879958994,10.102,61.54,1,1,1
B022,2024-04-27 07:00:00,1,612E2800,0.0320773731,,48.29,1,0,1
B022,2024-04-27 08:00:00,0,612E2790,0,9.389,61.52,1,1,1
B022,2024-04-27 08:00:00,1,612E2800,0,,48.29,1,0,1
B022,2024-04-27 09:00:00,0,612E2790,0,9.056,61.52,1,1,1
B022,2024-04-27 09:00:00,1,612E2800,0,,48.29,1,0,1
B022,2024-04-27 10:00:00,0,612E2790,0,9.458,61.52,1,1,1
B022,2024-04-27 10:00:00,1,612E2800,0,,48.29,1,0,1
B022,2024-04-27 11:00:00,0,612E2790,0,9.297,61.51,1,1,1
B022,2024-04-27 11:00:00,1,612E2800,0,,48.29,1,0,1
B022,2024-04-27 12:00:00,0,612E2790,0,9.613,61.51,1,1,1
B022,2024-04-27 12:00:00,1,612E2800,0,,48.29,1,0,1
B022,2024-04-27 13:00:00,0,612E2790,0,9.819,61.51,1,1,1
B022,2024-04-27 13:00:00,1,612E2800,0,,48.29,1,0,1
B022,2024-04-27 14:00:00,0,612E2790,0.03879211974,9.384,61.51,1,1,1
B022,2024-04-27 14:00:00,1,612E2800,0,,48.29,1,0,1
B022,2024-04-27 15:00:00,0,612E2790,5.625194609,9.401,61.51,1,1,1
B022,2024-04-27 15:00:00,1,612E2800,3.328060566,,48.29,1,0,1
B022,2024-04-27 16:00:00,0,612E2790,0.1195256355,11.455,61.59,1,1,1
B022,2024-04-27 16:00:00,1,612E2800,0.004042942194,,48.3,1,0,1
B022,2024-04-27 17:00:00,0,612E2790,0,12.838,61.63,1,1,1
B022,2024-04-27 17:00:00,1,612E2800,0,,48.32,1,0,1
B022,2024-04-27 18:00:00,0,612E2790,0,14.496,61.68,1,1,1
B022,2024-04-27 18:00:00,1,612E2800,0.02803443091,,48.36,1,0,1
B022,2024-04-27 19:00:00,0,612E2790,0,20.218,61.81,1,1,1
B022,2024-04-27 19:00:00,1,612E2800,0,,48.41,1,0,1
B022,2024-04-27 20:00:00,0,612E2790,0,19.382,61.78,1,1,1
B022,2024-04-27 20:00:00,1,612E2800,0,,48.43,1,0,1
B022,2024-04-27 21:00:00,0,612E2790,0,18.308,61.76,1,1,1
B022,2024-04-27 21:00:00,1,612E2800,0,,48.47,1,0,1
B022,2024-04-27 22:00:00,0,612E2790,0,17.076,61.73,1,1,1
B022,2024-04-27 22:00:00,1,612E2800,0,,48.47,1,0,1
B022,2024-04-27 23:00:00,0,612E2790,0,15.569,61.71,1,1,1
B022,2024-04-27 23:00:00,1,612E2800,0,,48.45,1,0,1
B022,2024-04-28 00:00:00,0,612E2790,0,14.691,61.68,1,1,1
B022,2024-04-28 00:00:00,1,612E2800,0,,48.44,1,0,1
B022,2024-04-28 01:00:00,0,612E2790,0,13.91,61.66,1,1,1
B022,2024-04-28 01:00:00,1,612E2800,0,,48.42,1,0,1
B022,2024-04-28 02:00:00,0,612E2790,0,13.218,61.64,1,1,1
B022,2024-04-28 02:00:00,1,612E2800,0,,48.41,1,0,1
B022,2024-04-28 03:00:00,0,612E2790,0,12.676,61.63,1,1,1
B022,2024-04-28 03:00:00,1,612E2800,0,,48.4,1,0,1
B022,2024-04-28 04:00:00,0,612E2790,0,12.179,61.62,1,1,1
B022,2024-04-28 04:00:00,1,612E2800,0,,48.38,1,0,1
B022,2024-04-28 05:00:00,0,612E2790,0,11.883,61.6,1,1,1
B022,2024-04-28 05:00:00,1,612E2800,0,,48.37,1,0,1
B022,2024-04-28 06:00:00,0,612E2790,0.03879211974,11.435,61.6,1,1,1
B022,2024-04-28 06:00:00,1,612E2800,0,,48.37,1,0,1
B022,2024-04-28 07:00:00,0,612E2790,7.995758612,11.342,61.59,1,1,1
B022,2024-04-28 07:00:00,1,612E2800,8.718788474,,48.36,1,0,1
B022,2024-04-28 08:00:00,0,612E2790,0,11.429,61.58,1,1,1
B022,2024-04-28 08:00:00,1,612E2800,0,,48.35,1,0,1
B022,2024-04-28 09:00:00,0,612E2790,0,11.138,61.58,1,1,1
B022,2024-04-28 09:00:00,1,612E2800,0,,48.35,1,0,1
B022,2024-04-28 10:00:00,0,612E2790,0,10.904,61.57,1,1,1
B022,2024-04-28 10:00:00,1,612E2800,0,,48.35,1,0,1
B022,2024-04-28 11:00:00,0,612E2790,0,11.339,61.57,1,1,1
B022,2024-04-28 11:00:00,1,612E2800,0,,48.34,1,0,1
B022,2024-04-28 12:00:00,0,612E2790,0,11.451,61.56,1,1,1
B022,2024-04-28 12:00:00,1,612E2800,0,,48.34,1,0,1
B022,2024-04-28 13:00:00,0,612E2790,0,11.335,61.56,1,1,1
B022,2024-04-28 13:00:00,1,612E2800,0,,48.34,1,0,1
B022,2024-04-28 14:00:00,0,612E2790,0,11.441,61.55,1,1,1
B022,2024-04-28 14:00:00,1,612E2800,0,,48.33,1,0,1
B022,2024-04-28 15:00:00,0,612E2790,0.005775825248,10.87,61.55,1,1,1
B022,2024-04-28 15:00:00,1,612E2800,0.01182935701,,48.33,1,0,1
B022,2024-04-28 16:00:00,0,612E2790,0,11.37,61.54,1,1,1
B022,2024-04-28 16:00:00,1,612E2800,0,,48.32,1,0,1
B022,2024-04-28 17:00:00,0,612E2790,0,11.102,61.54,1,1,1
B022,2024-04-28 17:00:00,1,612E2800,0,,48.32,1,0,1
B022,2024-04-28 18:00:00,0,612E2790,0,10.553,61.53,1,1,1
B022,2024-04-28 18:00:00,1,612E2800,0,,48.32,1,0,1
B022,2024-04-28 19:00:00,0,612E2790,0,9.872,61.53,1,1,1
B022,2024-04-28 19:00:00,1,612E2800,0,,48.32,1,0,1
B022,2024-04-28 20:00:00,0,612E2790,0,9.472,61.52,1,1,1
B022,2024-04-28 20:00:00,1,612E2800,0,,48.31,1,0,1
B022,2024-04-28 21:00:00,0,612E2790,0,9.744,61.52,1,1,1
B022,2024-04-28 21:00:00,1,612E2800,0,,48.31,1,0,1
B022,2024-04-28 22:00:00,0,612E2790,0,9.736,61.52,1,1,1
B022,2024-04-28 22:00:00,1,612E2800,0,,48.3,1,0,1
B022,2024-04-28 23:00:00,0,612E2790,0,9.677,61.52,1,1,1
B022,2024-04-28 23:00:00,1,612E2800,0,,48.3,1,0,1
B022,2024-04-29 00:00:00,0,612E2790,0,9.529,61.51,1,1,1
B022,2024-04-29 00:00:00,1,612E2800,0,,48.3,1,0,1
B022,2024-04-29 01:00:00,0,612E2790,0,9.515,61.51,1,1,1
B022,2024-04-29 01:00:00,1,612E2800,0,,48.3,1,0,1
B022,2024-04-29 02:00:00,0,612E2790,0,9.491,61.51,1,1,1
B022,2024-04-29 02:00:00,1,612E2800,0,,48.3,1,0,1
B022,2024-04-29 03:00:00,0,612E2790,0,9.326,61.51,1,1,1
B022,2024-04-29 03:00:00,1,612E2800,0,,48.3,1,0,1
B022,2024-04-29 04:00:00,0,612E2790,0,9.129,61.5,1,1,1
B022,2024-04-29 04:00:00,1,612E2800,0,,48.29,1,0,1
B022,2024-04-29 05:00:00,0,612E2790,0,9.287,61.5,1,1,1
B022,2024-04-29 05:00:00,1,612E2800,0,,48.29,1,0,1
B022,2024-04-29 06:00:00,0,612E2790,0,9.109,61.5,1,1,1
B022,2024-04-29 06:00:00,1,612E2800,0,,48.29,1,0,1
B022,2024-04-29 07:00:00,0,612E2790,0.005775825248,9.056,61.5,1,1,1
B022,2024-04-29 07:00:00,1,612E2800,0.01182935701,,48.29,1,0,1
B022,2024-04-29 08:00:00,0,612E2790,0,9.45,61.5,1,1,1
B022,2024-04-29 08:00:00,1,612E2800,0,,48.29,1,0,1
B022,2024-04-29 09:00:00,0,612E2790,0.6687113316,9.188,61.5,1,1,1
B022,2024-04-29 09:00:00,1,612E2800,0.5527067058,,48.29,1,0,1
B022,2024-04-29 10:00:00,0,612E2790,6.391283478,10.458,61.51,1,1,1
B022,2024-04-29 10:00:00,1,612E2800,4.786284344,,48.29,1,0,1
B022,2024-04-29 11:00:00,0,612E2790,0.01053148974,14.342,61.63,1,1,1
B022,2024-04-29 11:00:00,1,612E2800,0.07464078413,,48.3,1,0,1
B022,2024-04-29 12:00:00,0,612E2790,0,14.432,61.67,1,1,1
B022,2024-04-29 12:00:00,1,612E2800,0,,48.31,1,0,1
B022,2024-04-29 13:00:00,0,612E2790,0.04735352088,16.539,61.72,1,1,1
B022,2024-04-29 13:00:00,1,612E2800,0.08747204587,,48.33,1,0,1
B022,2024-04-29 14:00:00,0,612E2790,2.920000799,20.913,61.81,1,1,1
B022,2024-04-29 14:00:00,1,612E2800,2.592016722,,48.39,1,0,1
B022,2024-04-29 15:00:00,0,612E2790,0,,,1,0,0
B022,2024-04-29 15:00:00,1,612E2800,0,,48.44,1,0,1
B022,2024-04-29 16:00:00,0,612E2790,3.244720347,23.647,61.89,1,1,1
B022,2024-04-29 16:00:00,1,612E2800,0.3924650682,,48.49,1,0,1
B022,2024-04-29 17:00:00,0,612E2790,0.150830351,26.292,61.95,1,1,1
B022,2024-04-29 17:00:00,1,612E2800,0.04397639824,,48.53,1,0,1
B022,2024-04-29 18:00:00,0,612E2790,0.8007760899,27.577,61.97,1,1,1
B022,2024-04-29 18:00:00,1,612E2800,0.7957312441,,48.58,1,0,1
B022,2024-04-29 19:00:00,0,612E2790,0.3802857298,29.246,61.99,1,1,1
B022,2024-04-29 19:00:00,1,612E2800,0.4596584827,,48.65,1,0,1
B022,2024-06-27 00:00:00,0,612E2790,2.8694518,61.464,62.55,1,1,1
B022,2024-06-27 00:00:00,1,612E2800,1.385032617,,49.16,1,0,1
B022,2024-06-27 01:00:00,0,612E2790,2.691641031,63.275,62.6,1,1,1
B022,2024-06-27 01:00:00,1,612E2800,2.420321871,,49.18,1,0,1
B022,2024-06-27 02:00:00,0,612E2790,0.7092130224,66.188,62.67,1,1,1
B022,2024-06-27 02:00:00,1,612E2800,0.654278049,,49.22,1,0,1
B022,2024-06-27 03:00:00,0,612E2790,0.6909969346,69.839,62.74,1,1,1
B022,2024-06-27 03:00:00,1,612E2800,0.5795108315,,49.26,1,0,1
B022,2024-06-27 04:00:00,0,612E2790,1.498312025,74.784,62.82,1,1,1
B022,2024-06-27 04:00:00,1,612E2800,1.75067989,,49.32,1,0,1
B022,2024-06-27 05:00:00,0,612E2790,1.031492901,75.511,62.84,1,1,1
B022,2024-06-27 05:00:00,1,612E2800,0.9376762663,,49.37,1,0,1
B022,2024-06-27 06:00:00,0,612E2790,0.3144789166,77.539,62.86,1,1,1
B022,2024-06-27 06:00:00,1,612E2800,0.2832557894,,49.39,1,0,1
B022,2024-06-27 07:00:00,0,612E2790,18.0367582,76.586,62.88,1,1,1
B022,2024-06-27 07:00:00,1,612E2800,9.747718458,,49.41,1,0,1
B022,2024-06-27 08:00:00,0,612E2790,0.3496945683,75.141,62.85,1,1,1
B022,2024-06-27 08:00:00,1,612E2800,0.6457077876,,49.41,1,0,1
B022,2024-06-27 09:00:00,0,612E2790,1.600895434,73.808,62.8,1,1,1
B022,2024-06-27 09:00:00,1,612E2800,1.171829617,,49.39,1,0,1
B022,2024-06-27 10:00:00,0,612E2790,2.166078186,71.717,62.88,1,1,1
B022,2024-06-27 10:00:00,1,612E2800,0.6806550616,,49.37,1,0,1
B022,2024-06-27 11:00:00,0,612E2790,1.211631193,70.576,63.24,1,1,1
B022,2024-06-27 11:00:00,1,612E2800,1.132579244,,49.33,1,0,1
B022,2024-06-27 12:00:00,0,612E2790,1.084565634,71.524,63.28,1,1,1
B022,2024-06-27 12:00:00,1,612E2800,0.8486492657,,49.32,1,0,1
B022,2024-06-27 13:00:00,0,612E2790,0.711686409,71.126,63.28,1,1,1
B022,2024-06-27 13:00:00,1,612E2800,0.730437411,,49.33,1,0,1
B022,2024-06-27 14:00:00,0,612E2790,1.281911177,71.727,63.29,1,1,1
B022,2024-06-27 14:00:00,1,612E2800,1.285225168,,49.32,1,0,1
B022,2024-06-27 15:00:00,0,612E2790,1.470290228,71.888,63.3,1,1,1
B022,2024-06-27 15:00:00,1,612E2800,1.573606099,,49.34,1,0,1
B022,2024-06-27 16:00:00,0,612E2790,0.6966929412,72.753,63.31,1,1,1
B022,2024-06-27 16:00:00,1,612E2800,0.8028019814,,49.35,1,0,1
B022,2024-06-27 17:00:00,0,612E2790,0.941602435,73.335,63.3,1,1,1
B022,2024-06-27 17:00:00,1,612E2800,1.020005142,,49.35,1,0,1
B022,2024-06-27 18:00:00,0,612E2790,0.7524319104,72.766,63.3,1,1,1
B022,2024-06-27 18:00:00,1,612E2800,0.7030771692,,49.35,1,0,1
B022,2024-06-27 19:00:00,0,612E2790,0.3121080838,71.153,63.29,1,1,1
B022,2024-06-27 19:00:00,1,612E2800,0.3214699011,,49.35,1,0,1
B022,2024-06-27 20:00:00,0,612E2790,0.513754421,71.409,63.28,1,1,1
B022,2024-06-27 20:00:00,1,612E2800,0.781505531,,49.34,1,0,1
B022,2024-06-27 21:00:00,0,612E2790,0.5819963117,71.347,63.25,1,1,1
B022,2024-06-27 21:00:00,1,612E2800,0.3999374562,,49.33,1,0,1
B022,2024-06-27 22:00:00,0,612E2790,0.2065215763,69.401,63.23,1,1,1
B022,2024-06-27 22:00:00,1,612E2800,0.2054879863,,49.31,1,0,1
B022,2024-06-27 23:00:00,0,612E2790,0.02653502284,67.459,63.21,1,1,1
B022,2024-06-27 23:00:00,1,612E2800,0.02765466623,,49.29,1,0,1
B022,2024-06-28 00:00:00,0,612E2790,0,64.483,63.16,1,1,1
B022,2024-06-28 00:00:00,1,612E2800,0,,49.28,1,0,1
B022,2024-06-28 01:00:00,0,612E2790,0.02360252281,,,1,0,0
B022,2024-06-28 01:00:00,1,612E2800,0,,,1,0,0
B022,2024-06-28 02:00:00,0,612E2790,0.1817754181,62.433,63.12,1,1,1
B022,2024-06-28 02:00:00,1,612E2800,0.05415607902,,49.23,1,0,1
B022,2024-06-28 03:00:00,0,612E2790,0.06324494274,61.013,63.08,1,1,1
B022,2024-06-28 03:00:00,1,612E2800,0.1037677544,,49.21,1,0,1
B022,2024-06-28 04:00:00,0,612E2790,0.04735352088,,,1,0,0
B022,2024-06-28 04:00:00,1,612E2800,0.05943761496,,49.18,1,0,1
B022,2024-06-28 05:00:00,0,612E2790,0.05432856834,58.121,63.02,1,1,1
B022,2024-06-28 05:00:00,1,612E2800,0,,49.15,1,0,1
B022,2024-06-28 06:00:00,0,612E2790,0.02360252281,56.233,62.98,1,1,1
B022,2024-06-28 06:00:00,1,612E2800,0,,49.13,1,0,1
B022,2024-06-28 07:00:00,0,612E2790,15.20215347,54.838,62.96,1,1,1
B022,2024-06-28 07:00:00,1,612E2800,12.66686617,,49.11,1,0,1
B022,2024-06-28 08:00:00,0,612E2790,0,54.282,62.93,1,1,1
B022,2024-06-28 08:00:00,1,612E2800,0,,49.09,1,0,1
B022,2024-06-28 09:00:00,0,612E2790,0,53.07,62.91,1,1,1
B022,2024-06-28 09:00:00,1,612E2800,0,,49.06,1,0,1
B022,2024-06-28 10:00:00,0,612E2790,0,51.848,62.86,1,1,1
B022,2024-06-28 10:00:00,1,612E2800,0,,49.05,1,0,1
B022,2024-06-28 11:00:00,0,612E2790,0,,,1,0,0
B022,2024-06-28 11:00:00,1,612E2800,0,,49.02,1,0,1
B022,2024-06-28 12:00:00,0,612E2790,0,49.601,62.82,1,1,1
B022,2024-06-28 12:00:00,1,612E2800,0,,48.99,1,0,1
B022,2024-06-28 13:00:00,0,612E2790,0.0296476261,48.48,62.8,1,1,1
B022,2024-06-28 13:00:00,1,612E2800,0,,48.98,1,0,1
B022,2024-06-28 14:00:00,0,612E2790,0,47.358,62.77,1,1,1
B022,2024-06-28 14:00:00,1,612E2800,0.02803443091,,48.97,1,0,1
B022,2024-06-28 15:00:00,0,612E2790,0,46.568,62.75,1,1,1
B022,2024-06-28 15:00:00,1,612E2800,0,,48.94,1,0,1
B022,2024-06-28 16:00:00,0,612E2790,0,45.997,62.74,1,1,1
B022,2024-06-28 16:00:00,1,612E2800,0.03823967475,,48.93,1,0,1
B022,2024-06-28 17:00:00,0,612E2790,0,44.293,62.72,1,1,1
B022,2024-06-28 17:00:00,1,612E2800,0,,48.91,1,0,1
B022,2024-06-28 18:00:00,0,612E2790,0,44.071,62.7,1,1,1
B022,2024-06-28 18:00:00,1,612E2800,0,,48.9,1,0,1
B022,2024-06-28 19:00:00,0,612E2790,0,40.611,62.63,1,1,1
B022,2024-06-28 19:00:00,1,612E2800,0,,48.88,1,0,1
B022,2024-06-28 20:00:00,0,612E2790,0,,,1,0,0
B022,2024-06-28 20:00:00,1,612E2800,0,,48.86,1,0,1
B022,2024-06-28 21:00:00,0,612E2790,0,37.057,62.55,1,1,1
B022,2024-06-28 21:00:00,1,612E2800,0,,48.8,1,0,1
B022,2024-06-28 22:00:00,0,612E2790,0,35.9,62.54,1,1,1
B022,2024-06-28 22:00:00,1,612E2800,0,,48.77,1,0,1
B022,2024-06-28 23:00:00,0,612E2790,0,35.353,62.52,1,1,1
B022,2024-06-28 23:00:00,1,612E2800,0,,48.77,1,0,1
B022,2024-06-29 00:00:00,0,612E2790,0.03551157457,34.699,62.5,1,1,1
B022,2024-06-29 00:00:00,1,612E2800,0.1906226989,,48.75,1,0,1
B022,2024-06-29 01:00:00,0,612E2790,0.08286509545,34.484,62.49,1,1,1
B022,2024-06-29 01:00:00,1,612E2800,0.4510677095,,48.74,1,0,1
B022,2024-06-29 02:00:00,0,612E2790,0,34.662,62.48,1,1,1
B022,2024-06-29 02:00:00,1,612E2800,0.03993345604,,48.73,1,0,1
B022,2024-06-29 03:00:00,0,612E2790,0,32.961,62.46,1,1,1
B022,2024-06-29 03:00:00,1,612E2800,0.03823967475,,48.72,1,0,1
B022,2024-06-29 04:00:00,0,612E2790,0.1802721603,32.62,62.45,1,1,1
B022,2024-06-29 04:00:00,1,612E2800,0.5848832089,,48.71,1,0,1
B022,2024-06-29 05:00:00,0,612E2790,2.018917816,32.74,62.44,1,1,1
B022,2024-06-29 05:00:00,1,612E2800,2.572532522,,48.7,1,0,1
B022,2024-06-29 06:00:00,0,612E2790,0.7238409521,33.515,62.45,1,1,1
B022,2024-06-29 06:00:00,1,612E2800,0.7430106252,,48.7,1,0,1
B022,2024-06-29 07:00:00,0,612E2790,1.538998343,33.518,62.48,1,1,1
B022,2024-06-29 07:00:00,1,612E2800,3.636853096,,48.7,1,0,1
B022,2024-06-29 08:00:00,0,612E2790,0.04854614048,34.436,62.49,1,1,1
B022,2024-06-29 08:00:00,1,612E2800,0.1037677544,,48.72,1,0,1
B022,2024-06-29 09:00:00,0,612E2790,0,33.769,62.48,1,1,1
B022,2024-06-29 09:00:00,1,612E2800,0,,48.74,1,0,1
B022,2024-06-29 10:00:00,0,612E2790,0,33.196,62.46,1,1,1
B022,2024-06-29 10:00:00,1,612E2800,0,,48.73,1,0,1
B022,2024-06-29 11:00:00,0,612E2790,0.001056667823,30.211,62.44,1,1,1
B022,2024-06-29 11:00:00,1,612E2800,0,,48.72,1,0,1
B022,2024-06-29 12:00:00,0,612E2790,0.5907387248,29.69,62.39,1,1,1
B022,2024-06-29 12:00:00,1,612E2800,0.9969467001,,48.7,1,0,1
B022,2024-06-29 13:00:00,0,612E2790,0.8758341539,30.344,62.38,1,1,1
B022,2024-06-29 13:00:00,1,612E2800,1.057676811,,48.67,1,0,1
B022,2024-06-29 14:00:00,0,612E2790,0.3940109045,,,1,0,0
B022,2024-06-29 14:00:00,1,612E2800,0.3227265226,,48.66,1,0,1
B022,2024-06-29 15:00:00,0,612E2790,3.79724447,30.127,62.4,1,1,1
B022,2024-06-29 15:00:00,1,612E2800,3.736493581,,48.66,1,0,1
B022,2024-06-29 16:00:00,0,612E2790,2.436170628,31.893,62.44,1,1,1
B022,2024-06-29 16:00:00,1,612E2800,7.281938672,,48.67,1,0,1
B022,2024-06-29 17:00:00,0,612E2790,2.299189353,38.171,62.55,1,1,1
B022,2024-06-29 17:00:00,1,612E2800,3.489286746,,48.73,1,0,1
B022,2024-06-29 18:00:00,0,612E2790,5.373242063,47.517,62.74,1,1,1
B022,2024-06-29 18:00:00,1,612E2800,6.837305951,,48.84,1,0,1
B022,2024-06-29 19:00:00,0,612E2790,4.932930644,55.412,62.94,1,1,1
B022,2024-06-29 19:00:00,1,612E2800,0.8690986592,,49.01,1,0,1
B022,2024-06-29 20:00:00,0,612E2790,2.343155867,64.986,63.16,1,1,1
B022,2024-06-29 20:00:00,1,612E2800,1.21024761,,49.17,1,0,1
B022,2024-06-29 21:00:00,0,612E2790,5.262916682,81.539,63.41,1,1,1
B022,2024-06-29 21:00:00,1,612E2800,0.3676831303,,49.4,1,0,1
B022,2024-06-29 22:00:00,0,612E2790,0.4520208856,84.571,63.53,1,1,1
B022,2024-06-29 22:00:00,1,612E2800,0.202701177,,,1,0,0
B022,2024-06-29 23:00:00,0,612E2790,0,85.383,63.54,1,1,1
B022,2024-06-29 23:00:00,1,612E2800,0,,49.56,1,0,1
B022,2024-06-30 00:00:00,0,612E2790,0,90.779,63.74,1,1,1
B022,2024-06-30 00:00:00,1,612E2800,0,,49.56,1,0,1
B022,2024-06-30 01:00:00,0,612E2790,0,89.192,63.71,1,1,1
B022,2024-06-30 01:00:00,1,612E2800,0,,49.68,1,0,1
B022,2024-06-30 02:00:00,0,612E2790,0,86.047,63.61,1,1,1
B022,2024-06-30 02:00:00,1,612E2800,0,,49.65,1,0,1
B022,2024-06-30 03:00:00,0,612E2790,0,84.213,63.49,1,1,1
B022,2024-06-30 03:00:00,1,612E2800,0,,49.58,1,0,1
B022,2024-06-30 04:00:00,0,612E2790,0.05540517993,77.741,63.41,1,1,1
B022,2024-06-30 04:00:00,1,612E2800,0.02765466623,,49.5,1,0,1
B022,2024-06-30 05:00:00,0,612E2790,0,73.987,63.33,1,1,1
B022,2024-06-30 05:00:00,1,612E2800,0,,49.44,1,0,1
B022,2024-06-30 06:00:00,0,612E2790,0,69.373,63.24,1,1,1
B022,2024-06-30 06:00:00,1,612E2800,0,,49.37,1,0,1
B022,2024-06-30 07:00:00,0,612E2790,35.43568024,66.371,63.19,1,1,1
B022,2024-06-30 07:00:00,1,612E2800,26.50352798,,49.32,1,0,1
B022,2024-06-30 08:00:00,0,612E2790,0.04684116417,63.944,63.13,1,1,1
B022,2024-06-30 08:00:00,1,612E2800,0,,49.26,1,0,1
B022,2024-06-30 09:00:00,0,612E2790,0,59.001,63.04,1,1,1
B022,2024-06-30 09:00:00,1,612E2800,0,,49.22,1,0,1
B022,2024-06-30 10:00:00,0,612E2790,0,55.523,62.95,1,1,1
B022,2024-06-30 10:00:00,1,612E2800,0,,49.17,1,0,1
B022,2024-06-30 11:00:00,0,612E2790,0,53.203,62.89,1,1,1
B022,2024-06-30 11:00:00,1,612E2800,0,,49.1,1,0,1
B022,2024-06-30 12:00:00,0,612E2790,0,51.487,62.86,1,1,1
B022,2024-06-30 12:00:00,1,612E2800,0,,49.05,1,0,1
B022,2024-06-30 13:00:00,0,612E2790,0.02588442051,49.799,62.81,1,1,1
B022,2024-06-30 13:00:00,1,612E2800,0,,49.01,1,0,1
B022,2024-06-30 14:00:00,0,612E2790,0.1553065231,47.951,62.77,1,1,1
B022,2024-06-30 14:00:00,1,612E2800,0,,48.99,1,0,1
B022,2024-06-30 15:00:00,0,612E2790,0,46.133,62.74,1,1,1
B022,2024-06-30 15:00:00,1,612E2800,0,,48.96,1,0,1
B022,2024-06-30 16:00:00,0,612E2790,0,45.447,62.71,1,1,1
B022,2024-06-30 16:00:00,1,612E2800,0,,48.93,1,0,1
B022,2024-06-30 17:00:00,0,612E2790,0,42.973,62.68,1,1,1
B022,2024-06-30 17:00:00,1,612E2800,0,,48.91,1,0,1
B022,2024-06-30 18:00:00,0,612E2790,0,41.787,62.65,1,1,1
B022,2024-06-30 18:00:00,1,612E2800,0,,48.88,1,0,1
B022,2024-06-30 19:00:00,0,612E2790,0,40.467,62.63,1,1,1
B022,2024-06-30 19:00:00,1,612E2800,0,,48.87,1,0,1
B022,2024-06-30 20:00:00,0,612E2790,0,39.543,62.61,1,1,1
B022,2024-06-30 20:00:00,1,612E2800,0,,48.85,1,0,1
B022,2024-06-30 21:00:00,0,612E2790,0,38.127,62.59,1,1,1
B022,2024-06-30 21:00:00,1,612E2800,0,,48.83,1,0,1
B022,2024-06-30 22:00:00,0,612E2790,0,37.172,62.57,1,1,1
B022,2024-06-30 22:00:00,1,612E2800,0,,48.81,1,0,1
B022,2024-06-30 23:00:00,0,612E2790,0,36.334,62.55,1,1,1
B022,2024-06-30 23:00:00,1,612E2800,0,,48.79,1,0,1
B022,2024-07-01 00:00:00,0,612E2790,0,35.76,62.54,1,1,1
B022,2024-07-01 00:00:00,1,612E2800,0,,48.78,1,0,1
B022,2024-07-01 01:00:00,0,612E2790,2.546822183,35.117,62.52,1,1,1
B022,2024-07-01 01:00:00,1,612E2800,0.1672945854,,48.76,1,0,1
B022,2024-07-01 02:00:00,0,612E2790,7.173623036,34.775,62.5,1,1,1
B022,2024-07-01 02:00:00,1,612E2800,2.585523652,,48.76,1,0,1
B022,2024-07-01 03:00:00,0,612E2790,7.07170225,35.552,62.5,1,1,1
B022,2024-07-01 03:00:00,1,612E2800,2.507714994,,48.74,1,0,1
B022,2024-07-01 04:00:00,0,612E2790,3.811271067,37.581,62.57,1,1,1
B022,2024-07-01 04:00:00,1,612E2800,0.004042942194,,48.74,1,0,1
B022,2024-07-01 05:00:00,0,612E2790,3.866579581,44.696,62.76,1,1,1
B022,2024-07-01 05:00:00,1,612E2800,0.3432686228,,48.78,1,0,1
B022,2024-07-01 06:00:00,0,612E2790,2.57519383,51.277,62.88,1,1,1
B022,2024-07-01 06:00:00,1,612E2800,1.370488736,,48.96,1,0,1
B022,2024-07-01 07:00:00,0,612E2790,12.67111961,72.629,63.31,1,1,1
B022,2024-07-01 07:00:00,1,612E2800,9.336670502,,,1,0,0
B022,2024-07-01 08:00:00,0,612E2790,5.881910754,85.174,63.52,1,1,1
B022,2024-07-01 08:00:00,1,612E2800,5.488605145,,49.31,1,0,1
B022,2024-07-01 09:00:00,0,612E2790,3.777449404,102,64.01,1,1,1
B022,2024-07-01 09:00:00,1,612E2800,4.267104914,,49.53,1,0,1
B022,2024-07-01 10:00:00,0,612E2790,1.0662039,,,1,0,0
B022,2024-07-01 10:00:00,1,612E2800,1.174843833,,49.7,1,0,1
B022,2024-07-01 11:00:00,0,612E2790,1.681543409,115,64.31,1,1,1
B022,2024-07-01 11:00:00,1,612E2800,1.925635119,,49.92,1,0,1
B022,2024-07-01 12:00:00,0,612E2790,2.586700172,112,64.29,1,1,1
B022,2024-07-01 12:00:00,1,612E2800,2.704504568,,50.11,1,0,1
B022,2024-07-01 13:00:00,0,612E2790,3.958389138,109,64.2,1,1,1
B022,2024-07-01 13:00:00,1,612E2800,2.219767985,,50.11,1,0,1
B022,2024-07-01 14:00:00,0,612E2790,8.7216589,108,64.15,1,1,1
B022,2024-07-01 14:00:00,1,612E2800,5.420234451,,50.05,1,0,1
B022,2024-07-01 15:00:00,0,612E2790,0.8341742952,110,64.12,1,1,1
B022,2024-07-01 15:00:00,1,612E2800,0.8022436789,,50.02,1,0,1
B022,2024-07-01 16:00:00,0,612E2790,2.895182223,110,64.19,1,1,1
B022,2024-07-01 16:00:00,1,612E2800,0.6499406824,,50.01,1,0,1
B022,2024-07-01 17:00:00,0,612E2790,2.301469072,114,64.38,1,1,1
B022,2024-07-01 17:00:00,1,612E2800,0.708924796,,50.16,1,0,1
B022,2024-07-01 18:00:00,0,612E2790,7.961329844,,,1,0,0
B022,2024-07-01 18:00:00,1,612E2800,7.063088514,,,1,0,0
B022,2024-07-01 19:00:00,0,612E2790,6.507682002,117,64.44,1,1,1
B022,2024-07-01 19:00:00,1,612E2800,2.498507266,,50.21,1,0,1
B022,2024-07-01 20:00:00,0,612E2790,1.505245748,125,64.66,1,1,1
B022,2024-07-01 20:00:00,1,612E2800,0.9317751532,,50.28,1,0,1
B022,2024-07-01 21:00:00,0,612E2790,0.7174248786,127,64.77,1,1,1
B022,2024-07-01 21:00:00,1,612E2800,0.9268691446,,50.42,1,0,1
B022,2024-07-01 22:00:00,0,612E2790,2.192357814,127,64.99,1,1,1
B022,2024-07-01 22:00:00,1,612E2800,1.130798575,,50.52,1,0,1
B022,2024-07-01 23:00:00,0,612E2790,2.547175586,131,64.95,1,1,1
B022,2024-07-01 23:00:00,1,612E2800,1.637240352,,50.64,1,0,1
B022,2024-07-02 00:00:00,0,612E2790,2.256558334,127,64.8,1,1,1
B022,2024-07-02 00:00:00,1,612E2800,0.6884888849,,50.62,1,0,1
B022,2024-07-02 01:00:00,0,612E2790,2.912627132,122,64.65,1,1,1
B022,2024-07-02 01:00:00,1,612E2800,0.08427048659,,50.5,1,0,1
B022,2024-07-02 02:00:00,0,612E2790,1.450055863,116,64.47,1,1,1
B022,2024-07-02 02:00:00,1,612E2800,0.1659113411,,50.38,1,0,1
B022,2024-07-02 03:00:00,0,612E2790,0.03879211974,113,64.32,1,1,1
B022,2024-07-02 03:00:00,1,612E2800,0,,50.27,1,0,1
B022,2024-07-02 04:00:00,0,612E2790,0,111,64.26,1,1,1
B022,2024-07-02 04:00:00,1,612E2800,0,,50.15,1,0,1
B022,2024-07-02 05:00:00,0,612E2790,0,109,64.16,1,1,1
B022,2024-07-02 05:00:00,1,612E2800,0,,50.09,1,0,1
B022,2024-07-02 06:00:00,0,612E2790,0.02575755383,102,64.04,1,1,1
B022,2024-07-02 06:00:00,1,612E2800,0.02765466623,,50.01,1,0,1
B022,2024-07-02 07:00:00,0,612E2790,68.77136575,101,63.95,1,1,1
B022,2024-07-02 07:00:00,1,612E2800,41.59008737,,49.9,1,0,1
B022,2024-07-02 08:00:00,0,612E2790,0,96.893,63.84,1,1,1
B022,2024-07-02 08:00:00,1,612E2800,0,,49.84,1,0,1
B022,2024-07-02 09:00:00,0,612E2790,0.04684116417,92.911,63.75,1,1,1
B022,2024-07-02 09:00:00,1,612E2800,0.01017968078,,49.75,1,0,1
B022,2024-07-02 10:00:00,0,612E2790,0,89.782,63.66,1,1,1
B022,2024-07-02 10:00:00,1,612E2800,0,,49.69,1,0,1
B022,2024-07-02 11:00:00,0,612E2790,0,89.135,63.56,1,1,1
B022,2024-07-02 11:00:00,1,612E2800,0,,49.62,1,0,1
B022,2024-07-02 12:00:00,0,612E2790,0,82.479,63.47,1,1,1
B022,2024-07-02 12:00:00,1,612E2800,0,,49.55,1,0,1
B022,2024-07-02 13:00:00,0,612E2790,0,77.52,63.4,1,1,1
B022,2024-07-02 13:00:00,1,612E2800,0,,49.49,1,0,1
B022,2024-07-02 14:00:00,0,612E2790,0,75.712,63.33,1,1,1
B022,2024-07-02 14:00:00,1,612E2800,0,,49.43,1,0,1
B022,2024-07-02 15:00:00,0,612E2790,0,72.178,63.28,1,1,1
B022,2024-07-02 15:00:00,1,612E2800,0,,49.38,1,0,1
B022,2024-07-02 16:00:00,0,612E2790,0,68.541,63.22,1,1,1
B022,2024-07-02 16:00:00,1,612E2800,0,,49.33,1,0,1
B022,2024-07-02 17:00:00,0,612E2790,0,64.338,63.16,1,1,1
B022,2024-07-02 17:00:00,1,612E2800,0,,49.29,1,0,1
B022,2024-07-02 18:00:00,0,612E2790,0,63.12,63.1,1,1,1
B022,2024-07-02 18:00:00,1,612E2800,0,,49.24,1,0,1
B022,2024-07-02 19:00:00,0,612E2790,0,61.381,63.06,1,1,1
B022,2024-07-02 19:00:00,1,612E2800,0,,49.2,1,0,1
B022,2024-07-02 20:00:00,0,612E2790,0,59.212,63.02,1,1,1
B022,2024-07-02 20:00:00,1,612E2800,0,,49.17,1,0,1
B022,2024-07-02 21:00:00,0,612E2790,0,57.458,62.99,1,1,1
B022,2024-07-02 21:00:00,1,612E2800,0,,49.14,1,0,1
B022,2024-07-02 22:00:00,0,612E2790,0,54.949,62.95,1,1,1
B022,2024-07-02 22:00:00,1,612E2800,0,,49.11,1,0,1
B022,2024-07-02 23:00:00,0,612E2790,0,53.956,62.93,1,1,1
B022,2024-07-02 23:00:00,1,612E2800,0,,49.09,1,0,1
B022,2024-07-03 00:00:00,0,612E2790,0,52.416,62.89,1,1,1
B022,2024-07-03 00:00:00,1,612E2800,0,,49.06,1,0,1
B022,2024-07-03 01:00:00,0,612E2790,0,50.86,62.86,1,1,1
B022,2024-07-03 01:00:00,1,612E2800,0,,49.04,1,0,1
B022,2024-07-03 02:00:00,0,612E2790,0,49.421,62.84,1,1,1
B022,2024-07-03 02:00:00,1,612E2800,0,,49.02,1,0,1
B022,2024-07-03 03:00:00,0,612E2790,0,47.795,62.82,1,1,1
B022,2024-07-03 03:00:00,1,612E2800,0,,49,1,0,1
B022,2024-07-03 04:00:00,0,612E2790,0,47.356,62.79,1,1,1
B022,2024-07-03 04:00:00,1,612E2800,0,,48.98,1,0,1
B022,2024-07-03 05:00:00,0,612E2790,0.1075787173,46.72,62.77,1,1,1
B022,2024-07-03 05:00:00,1,612E2800,0,,48.96,1,0,1
B022,2024-07-03 06:00:00,0,612E2790,0.3125979788,45.767,62.75,1,1,1
B022,2024-07-03 06:00:00,1,612E2800,0.2758557039,,48.95,1,0,1
B022,2024-07-03 07:00:00,0,612E2790,0.4670178602,45.357,62.74,1,1,1
B022,2024-07-03 07:00:00,1,612E2800,0.2860353847,,48.93,1,0,1
B022,2024-07-03 08:00:00,0,612E2790,0,44.473,62.72,1,1,1
B022,2024-07-03 08:00:00,1,612E2800,0,,48.92,1,0,1
B022,2024-07-03 09:00:00,0,612E2790,0,43.867,62.71,1,1,1
B022,2024-07-03 09:00:00,1,612E2800,0,,48.9,1,0,1
B022,2024-07-03 10:00:00,0,612E2790,0,42.994,62.69,1,1,1
B022,2024-07-03 10:00:00,1,612E2800,0.03993345604,,48.9,1,0,1
B022,2024-07-03 11:00:00,0,612E2790,0,38.523,62.6,1,1,1
B022,2024-07-03 11:00:00,1,612E2800,0,,48.88,1,0,1
B022,2024-07-03 12:00:00,0,612E2790,0.1092358067,35.981,62.52,1,1,1
B022,2024-07-03 12:00:00,1,612E2800,0,,48.84,1,0,1
B022,2024-07-03 13:00:00,0,612E2790,0,34.353,62.49,1,1,1
B022,2024-07-03 13:00:00,1,612E2800,0,,48.77,1,0,1
B022,2024-07-03 14:00:00,0,612E2790,0,33.987,62.47,1,1,1
B022,2024-07-03 14:00:00,1,612E2800,0,,48.74,1,0,1
B022,2024-07-03 15:00:00,0,612E2790,0.2799000689,33,62.45,1,1,1
B022,2024-07-03 15:00:00,1,612E2800,0.4983431928,,48.72,1,0,1
B022,2024-07-03 16:00:00,0,612E2790,0.2253278669,33.389,62.44,1,1,1
B022,2024-07-03 16:00:00,1,612E2800,0.267313822,,48.71,1,0,1
B022,2024-07-03 17:00:00,0,612E2790,0.06519706713,32.059,62.43,1,1,1
B022,2024-07-03 17:00:00,1,612E2800,0.04397639824,,48.7,1,0,1
B022,2024-07-03 18:00:00,0,612E2790,0,30.749,62.4,1,1,1
B022,2024-07-03 18:00:00,1,612E2800,0,,48.7,1,0,1
B022,2024-07-03 19:00:00,0,612E2790,0,30.291,62.38,1,1,1
B022,2024-07-03 19:00:00,1,612E2800,0,,48.69,1,0,1
B022,2024-07-03 20:00:00,0,612E2790,0,29.283,62.37,1,1,1
B022,2024-07-03 20:00:00,1,612E2800,0,,48.67,1,0,1
B022,2024-07-03 21:00:00,0,612E2790,0,28.771,62.36,1,1,1
B022,2024-07-03 21:00:00,1,612E2800,0,,48.66,1,0,1
B022,2024-07-03 22:00:00,0,612E2790,0,27.965,62.35,1,1,1
B022,2024-07-03 22:00:00,1,612E2800,0,,48.65,1,0,1
B022,2024-07-03 23:00:00,0,612E2790,0,27.89,62.34,1,1,1
B022,2024-07-03 23:00:00,1,612E2800,0,,48.64,1,0,1
B022,2024-07-04 00:00:00,0,612E2790,0,27.281,62.33,1,1,1
B022,2024-07-04 00:00:00,1,612E2800,0,,48.63,1,0,1
B022,2024-07-04 01:00:00,0,612E2790,0,26.548,62.32,1,1,1
B022,2024-07-04 01:00:00,1,612E2800,0,,48.62,1,0,1
B022,2024-07-04 02:00:00,0,612E2790,0,26.583,62.31,1,1,1
B022,2024-07-04 02:00:00,1,612E2800,0,,48.61,1,0,1
B022,2024-07-04 03:00:00,0,612E2790,0,26.208,62.3,1,1,1
B022,2024-07-04 03:00:00,1,612E2800,0,,48.61,1,0,1
B022,2024-07-04 04:00:00,0,612E2790,0.0002407730895,26.018,62.29,1,1,1
B022,2024-07-04 04:00:00,1,612E2800,0,,48.6,1,0,1
B022,2024-07-04 05:00:00,0,612E2790,0,25.886,62.28,1,1,1
B022,2024-07-04 05:00:00,1,612E2800,0,,48.59,1,0,1
B022,2024-07-04 06:00:00,0,612E2790,0,25.432,62.27,1,1,1
B022,2024-07-04 06:00:00,1,612E2800,0,,,1,0,0
B022,2024-07-04 07:00:00,0,612E2790,0.6796608096,25.338,62.27,1,1,1
B022,2024-07-04 07:00:00,1,612E2800,0.8495668691,,48.58,1,0,1
B022,2024-07-04 08:00:00,0,612E2790,0,24.784,62.26,1,1,1
B022,2024-07-04 08:00:00,1,612E2800,0,,48.58,1,0,1
B022,2024-07-04 09:00:00,0,612E2790,0,24.665,62.25,1,1,1
B022,2024-07-04 09:00:00,1,612E2800,0.03823967475,,48.57,1,0,1
B022,2024-07-04 10:00:00,0,612E2790,0,24.401,62.24,1,1,1
B022,2024-07-04 10:00:00,1,612E2800,0,,48.56,1,0,1
B022,2024-07-25 02:00:00,0,612E2790,0,7.048,61.53,1,1,1
B022,2024-07-25 02:00:00,1,612E2800,0,,48.18,1,0,1
B022,2024-07-25 03:00:00,0,612E2790,0,7.164,61.53,1,1,1
B022,2024-07-25 03:00:00,1,612E2800,0,,48.19,1,0,1
B022,2024-07-25 04:00:00,0,612E2790,0,7.046,61.53,1,1,1
B022,2024-07-25 04:00:00,1,612E2800,0,,48.19,1,0,1
B022,2024-07-25 05:00:00,0,612E2790,0,7.013,61.53,1,1,1
B022,2024-07-25 05:00:00,1,612E2800,0,,48.19,1,0,1
B022,2024-07-25 06:00:00,0,612E2790,0,6.949,61.53,1,1,1
B022,2024-07-25 06:00:00,1,612E2800,0,,48.19,1,0,1
B022,2024-07-25 07:00:00,0,612E2790,0,7.144,61.53,1,1,1
B022,2024-07-25 07:00:00,1,612E2800,0,,48.19,1,0,1
B022,2024-07-25 08:00:00,0,612E2790,0,7.064,61.53,1,1,1
B022,2024-07-25 08:00:00,1,612E2800,0,,48.19,1,0,1
B022,2024-07-25 09:00:00,0,612E2790,0,6.938,61.53,1,1,1
B022,2024-07-25 09:00:00,1,612E2800,0,,48.19,1,0,1
B022,2024-07-25 10:00:00,0,612E2790,0,7.45,61.53,1,1,1
B022,2024-07-25 10:00:00,1,612E2800,0,,48.19,1,0,1
B022,2024-07-25 11:00:00,0,612E2790,0,7.574,61.53,1,1,1
B022,2024-07-25 11:00:00,1,612E2800,0,,48.19,1,0,1
B022,2024-07-25 12:00:00,0,612E2790,0,7.23,61.53,1,1,1
B022,2024-07-25 12:00:00,1,612E2800,0,,48.19,1,0,1
B022,2024-07-25 13:00:00,0,612E2790,0,7.101,61.53,1,1,1
B022,2024-07-25 13:00:00,1,612E2800,0,,48.19,1,0,1
B022,2024-07-25 14:00:00,0,612E2790,0,7.81,61.53,1,1,1
B022,2024-07-25 14:00:00,1,612E2800,0,,48.19,1,0,1
B022,2024-07-25 15:00:00,0,612E2790,0,7.492,61.53,1,1,1
B022,2024-07-25 15:00:00,1,612E2800,0,,48.18,1,0,1
B022,2024-07-25 16:00:00,0,612E2790,0,7.588,61.53,1,1,1
B022,2024-07-25 16:00:00,1,612E2800,0,,48.18,1,0,1
B022,2024-07-25 17:00:00,0,612E2790,0,6.862,61.53,1,1,1
B022,2024-07-25 17:00:00,1,612E2800,0,,48.18,1,0,1
B022,2024-07-25 18:00:00,0,612E2790,0,6.896,61.53,1,1,1
B022,2024-07-25 18:00:00,1,612E2800,0,,48.18,1,0,1
B022,2024-07-25 19:00:00,0,612E2790,0,7.043,61.53,1,1,1
B022,2024-07-25 19:00:00,1,612E2800,0,,48.18,1,0,1
B022,2024-07-25 20:00:00,0,612E2790,0,6.549,61.53,1,1,1
B022,2024-07-25 20:00:00,1,612E2800,0,,48.18,1,0,1
B022,2024-07-25 21:00:00,0,612E2790,0.09470704176,6.823,61.53,1,1,1
B022,2024-07-25 21:00:00,1,612E2800,0.1862418749,,48.18,1,0,1
B022,2024-07-25 22:00:00,0,612E2790,0.0002407730895,6.472,61.53,1,1,1
B022,2024-07-25 22:00:00,1,612E2800,0,,48.18,1,0,1
B022,2024-07-25 23:00:00,0,612E2790,0,6.844,61.53,1,1,1
B022,2024-07-25 23:00:00,1,612E2800,0,,48.18,1,0,1
B022,2024-07-26 00:00:00,0,612E2790,0,6.677,61.53,1,1,1
B022,2024-07-26 00:00:00,1,612E2800,0,,48.18,1,0,1
B022,2024-07-26 01:00:00,0,612E2790,0,6.483,61.53,1,1,1
B022,2024-07-26 01:00:00,1,612E2800,0,,48.18,1,0,1
B022,2024-07-26 02:00:00,0,612E2790,0,6.792,61.53,1,1,1
B022,2024-07-26 02:00:00,1,612E2800,0,,48.18,1,0,1
B022,2024-07-26 03:00:00,0,612E2790,0,7.067,61.53,1,1,1
B022,2024-07-26 03:00:00,1,612E2800,0,,48.18,1,0,1
B022,2024-07-26 04:00:00,0,612E2790,0.0002407730895,7.061,61.53,1,1,1
B022,2024-07-26 04:00:00,1,612E2800,0,,48.18,1,0,1
B022,2024-07-26 05:00:00,0,612E2790,0,6.943,61.53,1,1,1
B022,2024-07-26 05:00:00,1,612E2800,0,,48.18,1,0,1
B022,2024-07-26 06:00:00,0,612E2790,0,7.021,61.53,1,1,1
B022,2024-07-26 06:00:00,1,612E2800,0,,48.18,1,0,1
B022,2024-07-26 07:00:00,0,612E2790,0.09494781485,6.621,61.53,1,1,1
B022,2024-07-26 07:00:00,1,612E2800,0.1862418749,,48.18,1,0,1
B022,2024-07-26 08:00:00,0,612E2790,0,6.887,61.53,1,1,1
B022,2024-07-26 08:00:00,1,612E2800,0,,48.18,1,0,1
B022,2024-07-26 09:00:00,0,612E2790,0,7.075,61.53,1,1,1
B022,2024-07-26 09:00:00,1,612E2800,0,,48.18,1,0,1
B022,2024-07-26 10:00:00,0,612E2790,0,7.582,61.53,1,1,1
B022,2024-07-26 10:00:00,1,612E2800,0,,48.18,1,0,1
B022,2024-07-26 11:00:00,0,612E2790,0.03879211974,8.066,61.53,1,1,1
B022,2024-07-26 11:00:00,1,612E2800,0,,48.18,1,0,1
B022,2024-07-26 12:00:00,0,612E2790,0,6.757,61.53,1,1,1
B022,2024-07-26 12:00:00,1,612E2800,0,,48.18,1,0,1
B022,2024-07-26 13:00:00,0,612E2790,0,7.376,61.53,1,1,1
B022,2024-07-26 13:00:00,1,612E2800,0,,48.18,1,0,1
B022,2024-07-26 14:00:00,0,612E2790,0.07080756844,7.471,61.53,1,1,1
B022,2024-07-26 14:00:00,1,612E2800,0,,48.18,1,0,1
B022,2024-07-26 15:00:00,0,612E2790,0.005775825248,7.821,61.53,1,1,1
B022,2024-07-26 15:00:00,1,612E2800,0.01182935701,,48.18,1,0,1
B022,2024-07-26 16:00:00,0,612E2790,1.136481562,7.916,61.53,1,1,1
B022,2024-07-26 16:00:00,1,612E2800,0.1122104496,,48.18,1,0,1
B022,2024-07-26 17:00:00,0,612E2790,1.69078561,7.268,61.53,1,1,1
B022,2024-07-26 17:00:00,1,612E2800,2.083379291,,48.19,1,0,1
B022,2024-07-26 18:00:00,0,612E2790,0.05388217667,7.419,61.53,1,1,1
B022,2024-07-26 18:00:00,1,612E2800,0.1157860005,,48.19,1,0,1
B022,2024-07-26 19:00:00,0,612E2790,0,7.63,61.53,1,1,1
B022,2024-07-26 19:00:00,1,612E2800,0,,48.19,1,0,1
B022,2024-07-26 20:00:00,0,612E2790,0,7.842,61.53,1,1,1
B022,2024-07-26 20:00:00,1,612E2800,0,,48.19,1,0,1
B022,2024-07-26 21:00:00,0,612E2790,0,8.11,61.53,1,1,1
B022,2024-07-26 21:00:00,1,612E2800,0,,48.19,1,0,1
B022,2024-07-26 22:00:00,0,612E2790,0,8.234,61.53,1,1,1
B022,2024-07-26 22:00:00,1,612E2800,0,,48.19,1,0,1
B022,2024-07-26 23:00:00,0,612E2790,0,8.037,61.53,1,1,1
B022,2024-07-26 23:00:00,1,612E2800,0,,48.19,1,0,1
B022,2024-07-27 00:00:00,0,612E2790,0,8.124,61.53,1,1,1
B022,2024-07-27 00:00:00,1,612E2800,0,,48.19,1,0,1
B022,2024-07-27 01:00:00,0,612E2790,0,7.805,61.53,1,1,1
B022,2024-07-27 01:00:00,1,612E2800,0,,48.2,1,0,1
B022,2024-07-27 02:00:00,0,612E2790,0.02588442051,7.826,61.53,1,1,1
B022,2024-07-27 02:00:00,1,612E2800,0,,48.2,1,0,1
B022,2024-07-27 03:00:00,0,612E2790,0,8.151,61.53,1,1,1
B022,2024-07-27 03:00:00,1,612E2800,0,,48.2,1,0,1
B022,2024-07-27 04:00:00,0,612E2790,0.1185905044,8.603,61.53,1,1,1
B022,2024-07-27 04:00:00,1,612E2800,0,,48.21,1,0,1
B022,2024-07-27 05:00:00,0,612E2790,0.053490922,8.23,61.53,1,1,1
B022,2024-07-27 05:00:00,1,612E2800,0,,48.21,1,0,1
B022,2024-07-27 06:00:00,0,612E2790,0.06675145017,8.079,61.53,1,1,1
B022,2024-07-27 06:00:00,1,612E2800,0,,48.21,1,0,1
B022,2024-07-27 07:00:00,0,612E2790,3.67410983,8.503,61.53,1,1,1
B022,2024-07-27 07:00:00,1,612E2800,2.323205098,,48.21,1,0,1
B022,2024-07-27 08:00:00,0,612E2790,0.4030908565,8.381,61.53,1,1,1
B022,2024-07-27 08:00:00,1,612E2800,0.3385245158,,48.21,1,0,1
B022,2024-07-27 09:00:00,0,612E2790,1.225578579,8.037,61.53,1,1,1
B022,2024-07-27 09:00:00,1,612E2800,0.07560938374,,48.21,1,0,1
B022,2024-07-27 10:00:00,0,612E2790,0.1092358067,8.378,61.53,1,1,1
B022,2024-07-27 10:00:00,1,612E2800,0,,48.21,1,0,1
B022,2024-07-27 11:00:00,0,612E2790,0.1662822831,8.393,61.53,1,1,1
B022,2024-07-27 11:00:00,1,612E2800,0.1399599066,,48.21,1,0,1
B022,2024-07-27 12:00:00,0,612E2790,0.02988839919,8.521,61.53,1,1,1
B022,2024-07-27 12:00:00,1,612E2800,0,,48.21,1,0,1
B022,2024-07-27 13:00:00,0,612E2790,0.1663433483,8.273,61.53,1,1,1
B022,2024-07-27 13:00:00,1,612E2800,0.2116247249,,48.21,1,0,1
B022,2024-07-27 14:00:00,0,612E2790,0.2652634941,8.115,61.53,1,1,1
B022,2024-07-27 14:00:00,1,612E2800,0.09767728971,,48.22,1,0,1
B022,2024-07-27 15:00:00,0,612E2790,0.1223929576,8.357,61.53,1,1,1
B022,2024-07-27 15:00:00,1,612E2800,0.01182935701,,48.21,1,0,1
B022,2024-07-27 16:00:00,0,612E2790,0.07758423948,8.547,61.53,1,1,1
B022,2024-07-27 16:00:00,1,612E2800,0,,48.22,1,0,1
B022,2024-07-27 17:00:00,0,612E2790,0,8.398,61.53,1,1,1
B022,2024-07-27 17:00:00,1,612E2800,0,,48.21,1,0,1
B022,2024-07-27 18:00:00,0,612E2790,2.884498547,8.222,61.53,1,1,1
B022,2024-07-27 18:00:00,1,612E2800,2.381811779,,48.21,1,0,1
B022,2024-07-27 19:00:00,0,612E2790,0.1559968768,7.61,61.53,1,1,1
B022,2024-07-27 19:00:00,1,612E2800,0,,,1,0,0
B022,2024-07-27 20:00:00,0,612E2790,0,9.916,61.55,1,1,1
B022,2024-07-27 20:00:00,1,612E2800,0,,48.21,1,0,1
B022,2024-07-27 21:00:00,0,612E2790,0,9.764,61.55,1,1,1
B022,2024-07-27 21:00:00,1,612E2800,0,,48.21,1,0,1
B022,2024-07-27 22:00:00,0,612E2790,0,9.73,61.56,1,1,1
B022,2024-07-27 22:00:00,1,612E2800,0,,48.21,1,0,1
B022,2024-07-27 23:00:00,0,612E2790,0,9.892,61.56,1,1,1
B022,2024-07-27 23:00:00,1,612E2800,0,,48.21,1,0,1
B022,2024-07-28 00:00:00,0,612E2790,0,9.802,61.57,1,1,1
B022,2024-07-28 00:00:00,1,612E2800,0,,48.23,1,0,1
B022,2024-07-28 01:00:00,0,612E2790,0.8664642708,9.676,61.56,1,1,1
B022,2024-07-28 01:00:00,1,612E2800,0.9752099338,,48.24,1,0,1
B022,2024-07-28 02:00:00,0,612E2790,2.158900099,9.533,61.57,1,1,1
B022,2024-07-28 02:00:00,1,612E2800,0.8663769105,,48.25,1,0,1
B022,2024-07-28 03:00:00,0,612E2790,0.7668759387,9.945,61.58,1,1,1
B022,2024-07-28 03:00:00,1,612E2800,0.3813297597,,48.25,1,0,1
B022,2024-07-28 04:00:00,0,612E2790,0.2978830262,10.006,61.58,1,1,1
B022,2024-07-28 04:00:00,1,612E2800,0.2515581809,,48.25,1,0,1
B022,2024-07-28 05:00:00,0,612E2790,0.9926961804,10.085,61.59,1,1,1
B022,2024-07-28 05:00:00,1,612E2800,0.2079138404,,48.25,1,0,1
B022,2024-07-28 06:00:00,0,612E2790,0.6301769254,10.351,61.6,1,1,1
B022,2024-07-28 06:00:00,1,612E2800,0.187417065,,48.25,1,0,1
B022,2024-07-28 07:00:00,0,612E2790,2.236950869,10.158,61.6,1,1,1
B022,2024-07-28 07:00:00,1,612E2800,1.524494248,,48.26,1,0,1
B022,2024-07-28 08:00:00,0,612E2790,4.716751778,10.585,61.61,1,1,1
B022,2024-07-28 08:00:00,1,612E2800,3.526002499,,48.26,1,0,1
B022,2024-07-28 09:00:00,0,612E2790,2.941889135,10.319,61.57,1,1,1
B022,2024-07-28 09:00:00,1,612E2800,2.024677518,,48.27,1,0,1
B022,2024-07-28 10:00:00,0,612E2790,5.832813623,12.229,61.54,1,1,1
B022,2024-07-28 10:00:00,1,612E2800,6.072537024,,,1,0,0
B022,2024-07-28 11:00:00,0,612E2790,9.627934081,16.411,61.55,1,1,1
B022,2024-07-28 11:00:00,1,612E2800,6.678551177,,48.32,1,0,1
B022,2024-07-28 12:00:00,0,612E2790,2.136405043,22.671,61.6,1,1,1
B022,2024-07-28 12:00:00,1,612E2800,0.9912624457,,48.38,1,0,1
B022,2024-07-28 13:00:00,0,612E2790,2.002918919,29.202,61.73,1,1,1
B022,2024-07-28 13:00:00,1,612E2800,0.8042620386,,48.49,1,0,1
B022,2024-07-28 14:00:00,0,612E2790,2.263632532,33.769,61.8,1,1,1
B022,2024-07-28 14:00:00,1,612E2800,0.3426934043,,48.63,1,0,1
B022,2024-07-28 15:00:00,0,612E2790,1.158300755,34.125,61.84,1,1,1
B022,2024-07-28 15:00:00,1,612E2800,4.026991619,,48.73,1,0,1
B022,2024-07-28 16:00:00,0,612E2790,6.354985085,34.143,61.84,1,1,1
B022,2024-07-28 16:00:00,1,612E2800,7.862606754,,48.77,1,0,1
B022,2024-07-28 17:00:00,0,612E2790,7.294121778,37.918,61.88,1,1,1
B022,2024-07-28 17:00:00,1,612E2800,4.833637717,,48.89,1,0,1
B022,2024-07-28 18:00:00,0,612E2790,2.640003765,44.143,62.04,1,1,1
B022,2024-07-28 18:00:00,1,612E2800,1.845644671,,48.88,1,0,1
B022,2024-07-28 19:00:00,0,612E2790,2.865249624,52.677,62.17,1,1,1
B022,2024-07-28 19:00:00,1,612E2800,2.640836182,,48.96,1,0,1
B022,2024-07-28 20:00:00,0,612E2790,4.550502006,53.695,62.24,1,1,1
B022,2024-07-28 20:00:00,1,612E2800,5.85396563,,49.07,1,0,1
B022,2024-07-28 21:00:00,0,612E2790,2.935982882,56.515,62.26,1,1,1
B022,2024-07-28 21:00:00,1,612E2800,3.465943739,,49.14,1,0,1
B022,2024-07-28 22:00:00,0,612E2790,3.164470031,57.514,62.27,1,1,1
B022,2024-07-28 22:00:00,1,612E2800,2.530301069,,49.17,1,0,1
B022,2024-07-28 23:00:00,0,612E2790,0.4125346594,54.802,62.29,1,1,1
B022,2024-07-28 23:00:00,1,612E2800,0.5156452036,,49.17,1,0,1
B022,2024-07-29 00:00:00,0,612E2790,1.159696128,55.46,62.27,1,1,1
B022,2024-07-29 00:00:00,1,612E2800,0.8290026788,,49.16,1,0,1
B022,2024-07-29 01:00:00,0,612E2790,0.8308233186,48.775,62.13,1,1,1
B022,2024-07-29 01:00:00,1,612E2800,0.7362590144,,49.14,1,0,1
B022,2024-07-29 02:00:00,0,612E2790,0.1565893276,,,1,0,0
B022,2024-07-29 02:00:00,1,612E2800,0.1477904265,,49.09,1,0,1
B022,2024-07-29 03:00:00,0,612E2790,0.05432856834,43.3,62.09,1,1,1
B022,2024-07-29 03:00:00,1,612E2800,0,,49.03,1,0,1
B022,2024-07-29 04:00:00,0,612E2790,0.03879211974,38.775,61.99,1,1,1
B022,2024-07-29 04:00:00,1,612E2800,0,,48.96,1,0,1
B022,2024-07-29 05:00:00,0,612E2790,0,35.926,61.84,1,1,1
B022,2024-07-29 05:00:00,1,612E2800,0,,48.89,1,0,1
B022,2024-07-29 06:00:00,0,612E2790,0,32.651,61.82,1,1,1
B022,2024-07-29 06:00:00,1,612E2800,0,,48.83,1,0,1
B022,2024-07-29 07:00:00,0,612E2790,65.91528758,29.893,61.75,1,1,1
B022,2024-07-29 07:00:00,1,612E2800,55.72861081,,48.77,1,0,1
B022,2024-07-29 08:00:00,0,612E2790,0.0008109505177,28.635,61.7,1,1,1
B022,2024-07-29 08:00:00,1,612E2800,0,,48.72,1,0,1
B022,2024-07-29 09:00:00,0,612E2790,0,26.289,61.65,1,1,1
B022,2024-07-29 09:00:00,1,612E2800,0,,48.68,1,0,1
B022,2024-07-29 10:00:00,0,612E2790,0,24.25,61.62,1,1,1
B022,2024-07-29 10:00:00,1,612E2800,0,,48.65,1,0,1
B022,2024-07-29 11:00:00,0,612E2790,0,23.536,61.64,1,1,1
B022,2024-07-29 11:00:00,1,612E2800,0,,48.61,1,0,1
B022,2024-07-29 12:00:00,0,612E2790,0,21.926,61.63,1,1,1
B022,2024-07-29 12:00:00,1,612E2800,0,,48.57,1,0,1
B022,2024-07-29 13:00:00,0,612E2790,0,20.815,61.63,1,1,1
B022,2024-07-29 13:00:00,1,612E2800,0,,48.55,1,0,1
B022,2024-07-29 14:00:00,0,612E2790,0,19.039,61.56,1,1,1
B022,2024-07-29 14:00:00,1,612E2800,0,,48.51,1,0,1
B022,2024-07-29 15:00:00,0,612E2790,0,18.369,61.57,1,1,1
B022,2024-07-29 15:00:00,1,612E2800,0,,48.41,1,0,1
B022,2024-07-29 16:00:00,0,612E2790,0.0005701774282,18.025,61.57,1,1,1
B022,2024-07-29 16:00:00,1,612E2800,0,,48.46,1,0,1
B022,2024-07-29 17:00:00,0,612E2790,0,17.469,61.57,1,1,1
B022,2024-07-29 17:00:00,1,612E2800,0,,48.45,1,0,1
B022,2024-07-29 18:00:00,0,612E2790,0.00655907831,16.775,61.57,1,1,1
B022,2024-07-29 18:00:00,1,612E2800,0,,48.44,1,0,1
B022,2024-07-29 19:00:00,0,612E2790,0,15.432,61.98,1,1,1
B022,2024-07-29 19:00:00,1,612E2800,0,,48.43,1,0,1
B022,2024-07-29 20:00:00,0,612E2790,0,,,1,0,0
B022,2024-07-29 20:00:00,1,612E2800,0,,48.42,1,0,1
B022,2024-07-29 21:00:00,0,612E2790,0,14.838,61.95,1,1,1
B022,2024-07-29 21:00:00,1,612E2800,0,,48.41,1,0,1
B022,2024-07-29 22:00:00,0,612E2790,0,14.223,61.95,1,1,1
B022,2024-07-29 22:00:00,1,612E2800,0,,48.39,1,0,1
B022,2024-07-29 23:00:00,0,612E2790,0,14.004,61.93,1,1,1
B022,2024-07-29 23:00:00,1,612E2800,0,,48.38,1,0,1
B022,2024-07-30 00:00:00,0,612E2790,0,13.865,61.92,1,1,1
B022,2024-07-30 00:00:00,1,612E2800,0,,48.37,1,0,1
B022,2024-07-30 01:00:00,0,612E2790,0,13.409,61.9,1,1,1
B022,2024-07-30 01:00:00,1,612E2800,0,,48.37,1,0,1
B022,2024-07-30 02:00:00,0,612E2790,0,13.134,61.89,1,1,1
B022,2024-07-30 02:00:00,1,612E2800,0,,48.36,1,0,1
B022,2024-07-30 03:00:00,0,612E2790,0,12.952,61.88,1,1,1
B022,2024-07-30 03:00:00,1,612E2800,0,,48.35,1,0,1
B022,2024-07-30 04:00:00,0,612E2790,0,12.684,61.88,1,1,1
B022,2024-07-30 04:00:00,1,612E2800,0,,48.35,1,0,1
B022,2024-07-30 05:00:00,0,612E2790,0,12.323,61.86,1,1,1
B022,2024-07-30 05:00:00,1,612E2800,0,,48.34,1,0,1
B022,2024-07-30 06:00:00,0,612E2790,0,12.116,61.85,1,1,1
B022,2024-07-30 06:00:00,1,612E2800,0,,48.34,1,0,1
B022,2024-07-30 07:00:00,0,612E2790,0.00655907831,12.199,61.85,1,1,1
B022,2024-07-30 07:00:00,1,612E2800,0,,48.34,1,0,1
B022,2024-07-30 08:00:00,0,612E2790,0,12.16,61.83,1,1,1
B022,2024-07-30 08:00:00,1,612E2800,0,,48.33,1,0,1
B022,2024-07-30 09:00:00,0,612E2790,0,12.09,61.54,1,1,1
B022,2024-07-30 09:00:00,1,612E2800,0,,48.32,1,0,1
B022,2024-07-30 10:00:00,0,612E2790,0,11.391,61.56,1,1,1
B022,2024-07-30 10:00:00,1,612E2800,0,,48.32,1,0,1
B022,2024-07-30 11:00:00,0,612E2790,0,11.044,61.57,1,1,1
B022,2024-07-30 11:00:00,1,612E2800,0,,48.32,1,0,1
B022,2024-07-30 12:00:00,0,612E2790,0,10.962,61.58,1,1,1
B022,2024-07-30 12:00:00,1,612E2800,0,,48.31,1,0,1
B022,2024-07-30 13:00:00,0,612E2790,0,10.861,61.58,1,1,1
B022,2024-07-30 13:00:00,1,612E2800,0,,48.3,1,0,1
B022,2024-07-30 14:00:00,0,612E2790,0,10.927,61.59,1,1,1
B022,2024-07-30 14:00:00,1,612E2800,0,,48.29,1,0,1
B022,2024-07-30 15:00:00,0,612E2790,0,10.618,61.59,1,1,1
B022,2024-07-30 15:00:00,1,612E2800,0,,48.29,1,0,1
B022,2024-07-30 16:00:00,0,612E2790,0,10.35,61.58,1,1,1
B022,2024-07-30 16:00:00,1,612E2800,0,,48.29,1,0,1
B022,2024-07-30 17:00:00,0,612E2790,0,9.978,61.58,1,1,1
B022,2024-07-30 17:00:00,1,612E2800,0,,48.29,1,0,1
B022,2024-07-30 18:00:00,0,612E2790,0,10.046,61.58,1,1,1
B022,2024-07-30 18:00:00,1,612E2800,0,,48.28,1,0,1
B022,2024-07-30 19:00:00,0,612E2790,0,9.79,61.58,1,1,1
B022,2024-07-30 19:00:00,1,612E2800,0,,48.28,1,0,1
B022,2024-07-30 20:00:00,0,612E2790,0,9.7,61.58,1,1,1
B022,2024-07-30 20:00:00,1,612E2800,0,,48.27,1,0,1
B022,2024-07-30 21:00:00,0,612E2790,0,9.417,61.57,1,1,1
B022,2024-07-30 21:00:00,1,612E2800,0,,48.27,1,0,1
B022,2024-07-30 22:00:00,0,612E2790,0,9.312,61.57,1,1,1
B022,2024-07-30 22:00:00,1,612E2800,0,,48.26,1,0,1
B022,2024-07-30 23:00:00,0,612E2790,0,9.24,61.57,1,1,1
B022,2024-07-30 23:00:00,1,612E2800,0,,48.26,1,0,1
B022,2024-07-31 00:00:00,0,612E2790,0,9.308,61.57,1,1,1
B022,2024-07-31 00:00:00,1,612E2800,0,,48.26,1,0,1
B022,2024-07-31 01:00:00,0,612E2790,0,9.245,61.57,1,1,1
B022,2024-07-31 01:00:00,1,612E2800,0,,48.26,1,0,1
B022,2024-07-31 02:00:00,0,612E2790,0,9.354,61.57,1,1,1
B022,2024-07-31 02:00:00,1,612E2800,0,,48.26,1,0,1
B022,2024-07-31 03:00:00,0,612E2790,0,9.117,61.56,1,1,1
B022,2024-07-31 03:00:00,1,612E2800,0,,48.26,1,0,1
B022,2024-07-31 04:00:00,0,612E2790,0,9.152,61.56,1,1,1
B022,2024-07-31 04:00:00,1,612E2800,0,,48.25,1,0,1
B022,2024-07-31 05:00:00,0,612E2790,0,8.877,61.56,1,1,1
B022,2024-07-31 05:00:00,1,612E2800,0,,48.25,1,0,1
B022,2024-07-31 06:00:00,0,612E2790,0,8.959,61.56,1,1,1
B022,2024-07-31 06:00:00,1,612E2800,0,,48.25,1,0,1
B022,2024-07-31 07:00:00,0,612E2790,0,9.094,61.56,1,1,1
B022,2024-07-31 07:00:00,1,612E2800,0,,48.25,1,0,1
B022,2024-07-31 08:00:00,0,612E2790,0,9.269,61.56,1,1,1
B022,2024-07-31 08:00:00,1,612E2800,0,,48.25,1,0,1
B022,2024-07-31 09:00:00,0,612E2790,0,9.447,61.56,1,1,1
B022,2024-07-31 09:00:00,1,612E2800,0,,48.25,1,0,1
B022,2025-04-08 06:00:00,0,612E2790,0,3.63,61.59,1,1,1
B022,2025-04-08 06:00:00,1,612E2800,0,,48.22,1,0,1
B022,2025-04-08 07:00:00,0,612E2790,0,3.616,61.58,1,1,1
B022,2025-04-08 07:00:00,1,612E2800,0,,48.22,1,0,1
B022,2025-04-08 08:00:00,0,612E2790,0,3.74,61.58,1,1,1
B022,2025-04-08 08:00:00,1,612E2800,0,,48.22,1,0,1
B022,2025-04-08 09:00:00,0,612E2790,0,3.932,61.58,1,1,1
B022,2025-04-08 09:00:00,1,612E2800,0,,48.22,1,0,1
B022,2025-04-08 10:00:00,0,612E2790,0,3.981,61.58,1,1,1
B022,2025-04-08 10:00:00,1,612E2800,0,,48.22,1,0,1
B022,2025-04-08 11:00:00,0,612E2790,0,4.019,61.58,1,1,1
B022,2025-04-08 11:00:00,1,612E2800,0,,48.22,1,0,1
B022,2025-04-08 12:00:00,0,612E2790,0,3.986,61.59,1,1,1
B022,2025-04-08 12:00:00,1,612E2800,0,,48.22,1,0,1
B022,2025-04-08 13:00:00,0,612E2790,0,4.024,61.59,1,1,1
B022,2025-04-08 13:00:00,1,612E2800,0,,48.22,1,0,1
B022,2025-04-08 14:00:00,0,612E2790,0,4.09,61.59,1,1,1
B022,2025-04-08 14:00:00,1,612E2800,0,,48.22,1,0,1
B022,2025-04-08 15:00:00,0,612E2790,0,4.179,61.6,1,1,1
B022,2025-04-08 15:00:00,1,612E2800,0,,48.22,1,0,1
B022,2025-04-08 16:00:00,0,612E2790,0,4.321,61.61,1,1,1
B022,2025-04-08 16:00:00,1,612E2800,0,,48.22,1,0,1
B022,2025-04-08 17:00:00,0,612E2790,0,4.216,61.61,1,1,1
B022,2025-04-08 17:00:00,1,612E2800,0,,48.22,1,0,1
B022,2025-04-08 18:00:00,0,612E2790,0,4.06,61.6,1,1,1
B022,2025-04-08 18:00:00,1,612E2800,0,,48.22,1,0,1
B022,2025-04-08 19:00:00,0,612E2790,0,4.126,61.6,1,1,1
B022,2025-04-08 19:00:00,1,612E2800,0,,48.22,1,0,1
B022,2025-04-08 20:00:00,0,612E2790,0,3.971,61.6,1,1,1
B022,2025-04-08 20:00:00,1,612E2800,0,,48.22,1,0,1
B022,2025-04-08 21:00:00,0,612E2790,0,3.862,61.6,1,1,1
B022,2025-04-08 21:00:00,1,612E2800,0,,48.22,1,0,1
B022,2025-04-08 22:00:00,0,612E2790,0,3.926,61.6,1,1,1
B022,2025-04-08 22:00:00,1,612E2800,0,,48.22,1,0,1
B022,2025-04-08 23:00:00,0,612E2790,0,3.864,61.6,1,1,1
B022,2025-04-08 23:00:00,1,612E2800,0,,48.22,1,0,1
B022,2025-04-09 00:00:00,0,612E2790,0,3.902,61.6,1,1,1
B022,2025-04-09 00:00:00,1,612E2800,0,,48.22,1,0,1
B022,2025-04-09 01:00:00,0,612E2790,0,3.887,61.6,1,1,1
B022,2025-04-09 01:00:00,1,612E2800,0,,48.22,1,0,1
B022,2025-04-09 02:00:00,0,612E2790,0,3.905,61.6,1,1,1
B022,2025-04-09 02:00:00,1,612E2800,0,,48.22,1,0,1
B022,2025-04-09 03:00:00,0,612E2790,0,3.901,61.59,1,1,1
B022,2025-04-09 03:00:00,1,612E2800,0,,48.22,1,0,1
B022,2025-04-09 04:00:00,0,612E2790,0,3.816,61.59,1,1,1
B022,2025-04-09 04:00:00,1,612E2800,0,,48.22,1,0,1
B022,2025-04-09 05:00:00,0,612E2790,0,3.851,61.6,1,1,1
B022,2025-04-09 05:00:00,1,612E2800,0,,48.22,1,0,1
B022,2025-04-09 06:00:00,0,612E2790,0,3.741,61.6,1,1,1
B022,2025-04-09 06:00:00,1,612E2800,0,,48.22,1,0,1
B022,2025-04-09 07:00:00,0,612E2790,0,3.865,61.6,1,1,1
B022,2025-04-09 07:00:00,1,612E2800,0,,48.22,1,0,1
B022,2025-04-09 08:00:00,0,612E2790,0,3.957,61.6,1,1,1
B022,2025-04-09 08:00:00,1,612E2800,0,,48.22,1,0,1
B022,2025-04-09 09:00:00,0,612E2790,0,4.073,61.6,1,1,1
B022,2025-04-09 09:00:00,1,612E2800,0,,48.22,1,0,1
B022,2025-04-09 10:00:00,0,612E2790,0,4.023,61.6,1,1,1
B022,2025-04-09 10:00:00,1,612E2800,0,,48.22,1,0,1
B022,2025-04-09 11:00:00,0,612E2790,0,4.193,61.6,1,1,1
B022,2025-04-09 11:00:00,1,612E2800,0,,48.22,1,0,1
B022,2025-04-09 12:00:00,0,612E2790,0,4.18,61.6,1,1,1
B022,2025-04-09 12:00:00,1,612E2800,0,,48.22,1,0,1
B022,2025-04-09 13:00:00,0,612E2790,0,4.315,61.6,1,1,1
B022,2025-04-09 13:00:00,1,612E2800,0,,48.22,1,0,1
B022,2025-04-09 14:00:00,0,612E2790,0.2079783737,4.193,61.6,1,1,1
B022,2025-04-09 14:00:00,1,612E2800,0.07545252941,,48.22,1,0,1
B022,2025-04-09 15:00:00,0,612E2790,2.412291484,4.355,61.6,1,1,1
B022,2025-04-09 15:00:00,1,612E2800,0.2169555062,,48.22,1,0,1
B022,2025-04-09 16:00:00,0,612E2790,0.1427813066,4.169,61.61,1,1,1
B022,2025-04-09 16:00:00,1,612E2800,0.2509139559,,48.22,1,0,1
B022,2025-04-09 17:00:00,0,612E2790,5.144072741,4.309,61.63,1,1,1
B022,2025-04-09 17:00:00,1,612E2800,3.855165326,,48.22,1,0,1
B022,2025-04-09 18:00:00,0,612E2790,0.4031180703,7.061,61.82,1,1,1
B022,2025-04-09 18:00:00,1,612E2800,0.01617176878,,48.22,1,0,1
B022,2025-04-09 19:00:00,0,612E2790,0,8.731,61.88,1,1,1
B022,2025-04-09 19:00:00,1,612E2800,0,,,1,0,0
B022,2025-04-09 20:00:00,0,612E2790,0,17.523,62.22,1,1,1
B022,2025-04-09 20:00:00,1,612E2800,0,,48.22,1,0,1
B022,2025-04-09 21:00:00,0,612E2790,0,25.866,62.5,1,1,1
B022,2025-04-09 21:00:00,1,612E2800,0,,48.22,1,0,1
B022,2025-04-09 22:00:00,0,612E2790,0,23.189,62.43,1,1,1
B022,2025-04-09 22:00:00,1,612E2800,0,,48.22,1,0,1
B022,2025-04-09 23:00:00,0,612E2790,0,20.579,62.34,1,1,1
B022,2025-04-09 23:00:00,1,612E2800,0,,48.22,1,0,1
B022,2025-04-10 00:00:00,0,612E2790,0,18.234,62.26,1,1,1
B022,2025-04-10 00:00:00,1,612E2800,0,,48.22,1,0,1
B022,2025-04-10 01:00:00,0,612E2790,0,16.19,62.19,1,1,1
B022,2025-04-10 01:00:00,1,612E2800,0,,48.22,1,0,1
B022,2025-04-10 02:00:00,0,612E2790,0,15.012,62.14,1,1,1
B022,2025-04-10 02:00:00,1,612E2800,0,,48.22,1,0,1
B022,2025-04-10 03:00:00,0,612E2790,0,14.096,62.1,1,1,1
B022,2025-04-10 03:00:00,1,612E2800,0,,48.22,1,0,1
B022,2025-04-10 04:00:00,0,612E2790,0,13.359,62.07,1,1,1
B022,2025-04-10 04:00:00,1,612E2800,0,,48.22,1,0,1
B022,2025-04-10 05:00:00,0,612E2790,0,13.259,62.07,1,1,1
B022,2025-04-10 05:00:00,1,612E2800,0,,48.22,1,0,1
B022,2025-04-10 06:00:00,0,612E2790,0.02588442051,13.268,62.07,1,1,1
B022,2025-04-10 06:00:00,1,612E2800,0,,48.22,1,0,1
B022,2025-04-10 07:00:00,0,612E2790,9.23331607,12.394,62.03,1,1,1
B022,2025-04-10 07:00:00,1,612E2800,4.414659087,,48.22,1,0,1
B022,2025-04-10 08:00:00,0,612E2790,0,11.947,62,1,1,1
B022,2025-04-10 08:00:00,1,612E2800,0,,48.22,1,0,1
B022,2025-04-10 09:00:00,0,612E2790,0,11.243,61.98,1,1,1
B022,2025-04-10 09:00:00,1,612E2800,0,,48.22,1,0,1
B022,2025-04-10 10:00:00,0,612E2790,0,10.614,61.96,1,1,1
B022,2025-04-10 10:00:00,1,612E2800,0,,48.25,1,0,1
B022,2025-04-10 11:00:00,0,612E2790,0,9.728,61.91,1,1,1
B022,2025-04-10 11:00:00,1,612E2800,0,,48.36,1,0,1
B022,2025-04-10 12:00:00,0,612E2790,0,,,1,0,0
B022,2025-04-10 12:00:00,1,612E2800,0,,48.38,1,0,1
B022,2025-04-10 13:00:00,0,612E2790,0,9.239,61.88,1,1,1
B022,2025-04-10 13:00:00,1,612E2800,0,,48.49,1,0,1
B022,2025-04-10 14:00:00,0,612E2790,0,8.733,61.86,1,1,1
B022,2025-04-10 14:00:00,1,612E2800,0,,48.35,1,0,1
B022,2025-04-10 15:00:00,0,612E2790,0,8.385,61.84,1,1,1
B022,2025-04-10 15:00:00,1,612E2800,0,,48.23,1,0,1
B022,2025-04-10 16:00:00,0,612E2790,0,8,61.83,1,1,1
B022,2025-04-10 16:00:00,1,612E2800,0,,48.14,1,0,1
B022,2025-04-10 17:00:00,0,612E2790,0,7.646,61.82,1,1,1
B022,2025-04-10 17:00:00,1,612E2800,0,,48.24,1,0,1
B022,2025-04-10 18:00:00,0,612E2790,0,7.375,61.81,1,1,1
B022,2025-04-10 18:00:00,1,612E2800,0,,48.25,1,0,1
B022,2025-04-10 19:00:00,0,612E2790,0,6.88,61.8,1,1,1
B022,2025-04-10 19:00:00,1,612E2800,0,,48.33,1,0,1
B022,2025-04-10 20:00:00,0,612E2790,0,8.607,61.87,1,1,1
B022,2025-04-10 20:00:00,1,612E2800,0,,48.25,1,0,1
B022,2025-04-10 21:00:00,0,612E2790,0,7.741,61.84,1,1,1
B022,2025-04-10 21:00:00,1,612E2800,0,,48.24,1,0,1
B022,2025-04-10 22:00:00,0,612E2790,0,7.511,61.83,1,1,1
B022,2025-04-10 22:00:00,1,612E2800,0,,48.24,1,0,1
B022,2025-04-10 23:00:00,0,612E2790,0,7.302,61.82,1,1,1
B022,2025-04-10 23:00:00,1,612E2800,0,,48.25,1,0,1
B022,2025-04-11 00:00:00,0,612E2790,0,7.126,61.82,1,1,1
B022,2025-04-11 00:00:00,1,612E2800,0,,48.25,1,0,1
B022,2025-04-11 01:00:00,0,612E2790,0,7.147,61.81,1,1,1
B022,2025-04-11 01:00:00,1,612E2800,0,,48.24,1,0,1
B022,2025-04-11 02:00:00,0,612E2790,0,7.101,61.81,1,1,1
B022,2025-04-11 02:00:00,1,612E2800,0,,48.23,1,0,1
B022,2025-04-11 03:00:00,0,612E2790,0,7.042,61.81,1,1,1
B022,2025-04-11 03:00:00,1,612E2800,0,,48.23,1,0,1
B022,2025-04-11 04:00:00,0,612E2790,0,7.185,61.82,1,1,1
B022,2025-04-11 04:00:00,1,612E2800,0,,48.22,1,0,1
B022,2025-04-11 05:00:00,0,612E2790,0,7.228,61.81,1,1,1
B022,2025-04-11 05:00:00,1,612E2800,0,,48.22,1,0,1
B022,2025-04-11 06:00:00,0,612E2790,0,7.056,61.81,1,1,1
B022,2025-04-11 06:00:00,1,612E2800,0,,48.22,1,0,1
B022,2025-04-11 07:00:00,0,612E2790,0,7.009,61.81,1,1,1
B022,2025-04-11 07:00:00,1,612E2800,0,,48.16,1,0,1
B022,2025-04-11 08:00:00,0,612E2790,0,6.986,61.81,1,1,1
B022,2025-04-11 08:00:00,1,612E2800,0,,48.07,1,0,1
B022,2025-04-11 09:00:00,0,612E2790,0,7.373,61.81,1,1,1
B022,2025-04-11 09:00:00,1,612E2800,0,,48.05,1,0,1
B022,2025-04-11 10:00:00,0,612E2790,0,,,1,0,0
B022,2025-04-11 10:00:00,1,612E2800,0,,48.05,1,0,1
B022,2025-04-11 11:00:00,0,612E2790,0,7.408,61.81,1,1,1
B022,2025-04-11 11:00:00,1,612E2800,0,,48.05,1,0,1
B022,2025-04-11 12:00:00,0,612E2790,0,7.631,61.81,1,1,1
B022,2025-04-11 12:00:00,1,612E2800,0,,48.15,1,0,1
B022,2025-04-11 13:00:00,0,612E2790,0,7.381,61.8,1,1,1
B022,2025-04-11 13:00:00,1,612E2800,0,,48.16,1,0,1
B022,2025-04-11 14:00:00,0,612E2790,0,7.186,61.8,1,1,1
B022,2025-04-11 14:00:00,1,612E2800,0,,48.17,1,0,1
B022,2025-04-11 15:00:00,0,612E2790,0,6.85,61.79,1,1,1
B022,2025-04-11 15:00:00,1,612E2800,0,,48.18,1,0,1
B022,2025-04-11 16:00:00,0,612E2790,0,6.737,61.79,1,1,1
B022,2025-04-11 16:00:00,1,612E2800,0,,48.2,1,0,1
B022,2025-04-11 17:00:00,0,612E2790,0,6.665,61.79,1,1,1
B022,2025-04-11 17:00:00,1,612E2800,0,,48.21,1,0,1
B022,2025-04-11 18:00:00,0,612E2790,0,6.252,61.78,1,1,1
B022,2025-04-11 18:00:00,1,612E2800,0,,48.27,1,0,1
B022,2025-04-11 19:00:00,0,612E2790,0,6.219,61.78,1,1,1
B022,2025-04-11 19:00:00,1,612E2800,0,,48.33,1,0,1
B022,2025-04-11 20:00:00,0,612E2790,0.4140817062,6.222,61.78,1,1,1
B022,2025-04-11 20:00:00,1,612E2800,0.13473329,,48.26,1,0,1
B022,2025-04-11 21:00:00,0,612E2790,0.02588442051,6.208,61.78,1,1,1
B022,2025-04-11 21:00:00,1,612E2800,0.297501011,,48.23,1,0,1
B022,2025-04-11 22:00:00,0,612E2790,1.164798923,6.875,61.78,1,1,1
B022,2025-04-11 22:00:00,1,612E2800,1.919739356,,48.22,1,0,1
B022,2025-04-11 23:00:00,0,612E2790,0.5435728308,8.277,61.86,1,1,1
B022,2025-04-11 23:00:00,1,612E2800,1.318878415,,48.18,1,0,1
B022,2025-04-12 00:00:00,0,612E2790,7.580209633,10.511,61.96,1,1,1
B022,2025-04-12 00:00:00,1,612E2800,1.43533987,,48.3,1,0,1
B022,2025-04-12 01:00:00,0,612E2790,0.05176884103,23.729,62.46,1,1,1
B022,2025-04-12 01:00:00,1,612E2800,0.05606886182,,48.3,1,0,1
B022,2025-04-12 02:00:00,0,612E2790,0,,,1,0,0
B022,2025-04-12 02:00:00,1,612E2800,0.13473329,,48.47,1,0,1
B022,2025-04-12 03:00:00,0,612E2790,0.2343833211,38.475,62.84,1,1,1
B022,2025-04-12 03:00:00,1,612E2800,0.01212882658,,,1,0,0
B022,2025-04-12 04:00:00,0,612E2790,0,39.524,62.85,1,1,1
B022,2025-04-12 04:00:00,1,612E2800,0,,48.77,1,0,1
B022,2025-04-12 05:00:00,0,612E2790,0,,,1,0,0
B022,2025-04-12 05:00:00,1,612E2800,0,,,1,0,0
B022,2025-04-12 06:00:00,0,612E2790,0.1298736074,34.392,62.74,1,1,1
B022,2025-04-12 06:00:00,1,612E2800,0.0320773731,,48.93,1,0,1
B022,2025-04-12 07:00:00,0,612E2790,14.92422844,30.922,62.66,1,1,1
B022,2025-04-12 07:00:00,1,612E2800,5.341200294,,49,1,0,1
B022,2025-04-12 08:00:00,0,612E2790,0,28.464,62.59,1,1,1
B022,2025-04-12 08:00:00,1,612E2800,0,,48.85,1,0,1
B022,2025-04-12 09:00:00,0,612E2790,0,26.155,62.53,1,1,1
B022,2025-04-12 09:00:00,1,612E2800,0,,48.84,1,0,1
B022,2025-04-12 10:00:00,0,612E2790,0,23.49,62.47,1,1,1
B022,2025-04-12 10:00:00,1,612E2800,0,,48.8,1,0,1
B022,2025-04-12 11:00:00,0,612E2790,0,21.343,62.37,1,1,1
B022,2025-04-12 11:00:00,1,612E2800,0,,48.79,1,0,1
B022,2025-04-12 12:00:00,0,612E2790,0,19.803,62.34,1,1,1
B022,2025-04-12 12:00:00,1,612E2800,0,,48.54,1,0,1
B022,2025-04-12 13:00:00,0,612E2790,0,,,1,0,0
B022,2025-04-12 13:00:00,1,612E2800,0,,48.57,1,0,1
B022,2025-04-12 14:00:00,0,612E2790,0,19.069,62.3,1,1,1
B022,2025-04-12 14:00:00,1,612E2800,0,,48.58,1,0,1
B022,2025-04-12 15:00:00,0,612E2790,0,17.713,62.27,1,1,1
B022,2025-04-12 15:00:00,1,612E2800,0,,48.54,1,0,1
B022,2025-04-12 16:00:00,0,612E2790,0,16.577,62.23,1,1,1
B022,2025-04-12 16:00:00,1,612E2800,0,,48.5,1,0,1
B022,2025-04-12 17:00:00,0,612E2790,0,16.189,62.21,1,1,1
B022,2025-04-12 17:00:00,1,612E2800,0,,48.49,1,0,1
B022,2025-04-12 18:00:00,0,612E2790,0,15.81,62.19,1,1,1
B022,2025-04-12 18:00:00,1,612E2800,0,,48.54,1,0,1
B022,2025-04-12 19:00:00,0,612E2790,0,15.3,62.16,1,1,1
B022,2025-04-12 19:00:00,1,612E2800,0,,48.5,1,0,1
B022,2025-04-12 20:00:00,0,612E2790,0,14.961,62.14,1,1,1
B022,2025-04-12 20:00:00,1,612E2800,0,,48.48,1,0,1
B022,2025-04-12 21:00:00,0,612E2790,0,14.438,62.13,1,1,1
B022,2025-04-12 21:00:00,1,612E2800,0,,48.45,1,0,1
B022,2025-04-12 22:00:00,0,612E2790,0,13.996,62.11,1,1,1
B022,2025-04-12 22:00:00,1,612E2800,0,,48.3,1,0,1
B022,2025-04-12 23:00:00,0,612E2790,0,13.672,62.1,1,1,1
B022,2025-04-12 23:00:00,1,612E2800,0,,48.35,1,0,1
B022,2025-04-13 00:00:00,0,612E2790,0,13.401,62.08,1,1,1
B022,2025-04-13 00:00:00,1,612E2800,0,,48.58,1,0,1
B022,2025-04-13 01:00:00,0,612E2790,0,13.072,62.07,1,1,1
B022,2025-04-13 01:00:00,1,612E2800,0,,48.38,1,0,1
B022,2025-04-13 02:00:00,0,612E2790,0,12.67,62.06,1,1,1
B022,2025-04-13 02:00:00,1,612E2800,0,,48.35,1,0,1
B022,2025-04-13 03:00:00,0,612E2790,0,12.395,62.04,1,1,1
B022,2025-04-13 03:00:00,1,612E2800,0,,48.35,1,0,1
B022,2025-04-13 04:00:00,0,612E2790,0,12.18,62.03,1,1,1
B022,2025-04-13 04:00:00,1,612E2800,0,,48.35,1,0,1
B022,2025-04-13 05:00:00,0,612E2790,0,12.003,62.02,1,1,1
B022,2025-04-13 05:00:00,1,612E2800,0,,48.36,1,0,1
B022,2025-04-13 06:00:00,0,612E2790,0,11.699,62.01,1,1,1
B022,2025-04-13 06:00:00,1,612E2800,0,,48.36,1,0,1
B022,2025-04-13 07:00:00,0,612E2790,0,11.578,62,1,1,1
B022,2025-04-13 07:00:00,1,612E2800,0,,48.29,1,0,1
B022,2025-04-13 08:00:00,0,612E2790,0,11.577,62,1,1,1
B022,2025-04-13 08:00:00,1,612E2800,0,,48.57,1,0,1
B022,2025-04-13 09:00:00,0,612E2790,0,11.668,61.99,1,1,1
B022,2025-04-13 09:00:00,1,612E2800,0,,48.37,1,0,1
B022,2025-04-13 10:00:00,0,612E2790,0,11.405,61.97,1,1,1
B022,2025-04-13 10:00:00,1,612E2800,0,,48.34,1,0,1
B022,2025-04-13 11:00:00,0,612E2790,0,10.672,61.94,1,1,1
B022,2025-04-13 11:00:00,1,612E2800,0,,48.34,1,0,1
B022,2025-04-13 12:00:00,0,612E2790,0,10,61.91,1,1,1
B022,2025-04-13 12:00:00,1,612E2800,0,,48.34,1,0,1
B022,2025-04-13 13:00:00,0,612E2790,0,9.828,61.91,1,1,1
B022,2025-04-13 13:00:00,1,612E2800,0,,48.34,1,0,1
B022,2025-04-13 14:00:00,0,612E2790,0,9.886,61.91,1,1,1
B022,2025-04-13 14:00:00,1,612E2800,0,,48.35,1,0,1
B022,2025-04-13 15:00:00,0,612E2790,0,9.485,61.9,1,1,1
B022,2025-04-13 15:00:00,1,612E2800,0,,48.34,1,0,1
B022,2025-04-13 16:00:00,0,612E2790,0,9.322,61.89,1,1,1
B022,2025-04-13 16:00:00,1,612E2800,0,,48.31,1,0,1
B022,2025-04-13 17:00:00,0,612E2790,0,9.116,61.88,1,1,1
B022,2025-04-13 17:00:00,1,612E2800,0,,48.24,1,0,1
B022,2025-04-13 18:00:00,0,612E2790,0,9,61.88,1,1,1
B022,2025-04-13 18:00:00,1,612E2800,0,,48.22,1,0,1
B022,2025-04-13 19:00:00,0,612E2790,0,8.733,61.87,1,1,1
B022,2025-04-13 19:00:00,1,612E2800,0,,48.22,1,0,1
B022,2025-04-13 20:00:00,0,612E2790,0,8.483,61.87,1,1,1
B022,2025-04-13 20:00:00,1,612E2800,0,,48.21,1,0,1
B022,2025-04-13 21:00:00,0,612E2790,0,8.333,61.86,1,1,1
B022,2025-04-13 21:00:00,1,612E2800,0,,48.21,1,0,1
B022,2025-04-13 22:00:00,0,612E2790,0,8.075,61.85,1,1,1
B022,2025-04-13 22:00:00,1,612E2800,0,,48.21,1,0,1
B022,2025-04-13 23:00:00,0,612E2790,0,7.965,61.85,1,1,1
B022,2025-04-13 23:00:00,1,612E2800,0,,48.21,1,0,1
B022,2025-04-14 00:00:00,0,612E2790,0,7.814,61.85,1,1,1
B022,2025-04-14 00:00:00,1,612E2800,0,,48.21,1,0,1
B022,2025-04-14 01:00:00,0,612E2790,0,7.717,61.84,1,1,1
B022,2025-04-14 01:00:00,1,612E2800,0,,48.21,1,0,1
B022,2025-04-14 02:00:00,0,612E2790,0,7.596,61.84,1,1,1
B022,2025-04-14 02:00:00,1,612E2800,0,,48.21,1,0,1
B022,2025-04-14 03:00:00,0,612E2790,0,7.542,61.83,1,1,1
B022,2025-04-14 03:00:00,1,612E2800,0,,48.21,1,0,1
B022,2025-04-14 04:00:00,0,612E2790,0,7.545,61.83,1,1,1
B022,2025-04-14 04:00:00,1,612E2800,0,,48.31,1,0,1
B022,2025-04-14 05:00:00,0,612E2790,0,7.378,61.83,1,1,1
B022,2025-04-14 05:00:00,1,612E2800,0,,48.26,1,0,1
B022,2025-04-14 06:00:00,0,612E2790,0,7.361,61.83,1,1,1
B022,2025-04-14 06:00:00,1,612E2800,0,,48.23,1,0,1
B022,2025-04-14 07:00:00,0,612E2790,0,7.271,61.82,1,1,1
B022,2025-04-14 07:00:00,1,612E2800,0,,48.23,1,0,1
B022,2025-04-14 08:00:00,0,612E2790,0,7.355,61.82,1,1,1
B022,2025-04-14 08:00:00,1,612E2800,0,,48.23,1,0,1
B022,2025-04-17 05:00:00,0,612E2790,0,4.499,61.67,1,1,1
B022,2025-04-17 05:00:00,1,612E2800,0,,48.04,1,0,1
B022,2025-04-17 06:00:00,0,612E2790,0,4.369,61.67,1,1,1
B022,2025-04-17 06:00:00,1,612E2800,0,,48.04,1,0,1
B022,2025-04-17 07:00:00,0,612E2790,0,4.46,61.67,1,1,1
B022,2025-04-17 07:00:00,1,612E2800,0,,48.04,1,0,1
B022,2025-04-17 08:00:00,0,612E2790,0,4.486,61.67,1,1,1
B022,2025-04-17 08:00:00,1,612E2800,0,,48.17,1,0,1
B022,2025-04-17 09:00:00,0,612E2790,0,4.532,61.67,1,1,1
B022,2025-04-17 09:00:00,1,612E2800,0,,48.17,1,0,1
B022,2025-04-17 10:00:00,0,612E2790,0,4.493,61.67,1,1,1
B022,2025-04-17 10:00:00,1,612E2800,0,,,1,0,0
B022,2025-04-17 11:00:00,0,612E2790,0,4.626,61.67,1,1,1
B022,2025-04-17 11:00:00,1,612E2800,0,,48.17,1,0,1
B022,2025-04-17 12:00:00,0,612E2790,0,4.765,61.67,1,1,1
B022,2025-04-17 12:00:00,1,612E2800,0,,48.17,1,0,1
B022,2025-04-17 13:00:00,0,612E2790,0,4.769,61.67,1,1,1
B022,2025-04-17 13:00:00,1,612E2800,0,,48.17,1,0,1
B022,2025-04-17 14:00:00,0,612E2790,0,4.647,61.67,1,1,1
B022,2025-04-17 14:00:00,1,612E2800,0,,48.17,1,0,1
B022,2025-04-17 15:00:00,0,612E2790,0,4.73,61.66,1,1,1
B022,2025-04-17 15:00:00,1,612E2800,0,,48.17,1,0,1
B022,2025-04-17 16:00:00,0,612E2790,0,4.81,61.66,1,1,1
B022,2025-04-17 16:00:00,1,612E2800,0,,48.09,1,0,1
B022,2025-04-17 17:00:00,0,612E2790,0,4.717,61.66,1,1,1
B022,2025-04-17 17:00:00,1,612E2800,0,,48.04,1,0,1
B022,2025-04-17 18:00:00,0,612E2790,0,4.587,61.66,1,1,1
B022,2025-04-17 18:00:00,1,612E2800,0,,,1,0,0
B022,2025-04-17 19:00:00,0,612E2790,0,4.595,61.66,1,1,1
B022,2025-04-17 19:00:00,1,612E2800,0,,,1,0,0
B022,2025-04-17 20:00:00,0,612E2790,0,,,1,0,0
B022,2025-04-17 20:00:00,1,612E2800,0,,,1,0,0
B022,2025-04-17 21:00:00,0,612E2790,0,4.347,61.65,1,1,1
B022,2025-04-17 21:00:00,1,612E2800,0,,48.04,1,0,1
B022,2025-04-17 22:00:00,0,612E2790,0,4.214,61.65,1,1,1
B022,2025-04-17 22:00:00,1,612E2800,0,,48.04,1,0,1
B022,2025-04-17 23:00:00,0,612E2790,0,4.211,61.65,1,1,1
B022,2025-04-17 23:00:00,1,612E2800,0,,48.04,1,0,1
B022,2025-04-18 00:00:00,0,612E2790,0,4.287,61.64,1,1,1
B022,2025-04-18 00:00:00,1,612E2800,0,,48.04,1,0,1
B022,2025-04-18 01:00:00,0,612E2790,0,4.196,61.64,1,1,1
B022,2025-04-18 01:00:00,1,612E2800,0,,48.04,1,0,1
B022,2025-04-18 02:00:00,0,612E2790,0,4.634,61.64,1,1,1
B022,2025-04-18 02:00:00,1,612E2800,0,,48.04,1,0,1
B022,2025-04-18 03:00:00,0,612E2790,0,4.162,61.64,1,1,1
B022,2025-04-18 03:00:00,1,612E2800,0,,48.03,1,0,1
B022,2025-04-18 04:00:00,0,612E2790,0,4.09,61.63,1,1,1
B022,2025-04-18 04:00:00,1,612E2800,0,,48.03,1,0,1
B022,2025-04-18 05:00:00,0,612E2790,0,,,1,0,0
B022,2025-04-18 05:00:00,1,612E2800,0,,48.03,1,0,1
B022,2025-04-18 06:00:00,0,612E2790,0,4.208,61.64,1,1,1
B022,2025-04-18 06:00:00,1,612E2800,0,,48.02,1,0,1
B022,2025-04-18 07:00:00,0,612E2790,0,4.149,61.64,1,1,1
B022,2025-04-18 07:00:00,1,612E2800,0,,48.02,1,0,1
B022,2025-04-18 08:00:00,0,612E2790,0,4.316,61.64,1,1,1
B022,2025-04-18 08:00:00,1,612E2800,0,,48.08,1,0,1
B022,2025-04-18 09:00:00,0,612E2790,0,4.458,61.64,1,1,1
B022,2025-04-18 09:00:00,1,612E2800,0,,48.15,1,0,1
B022,2025-04-18 10:00:00,0,612E2790,0,4.521,61.63,1,1,1
B022,2025-04-18 10:00:00,1,612E2800,0,,48.16,1,0,1
B022,2025-04-18 11:00:00,0,612E2790,0,4.576,61.63,1,1,1
B022,2025-04-18 11:00:00,1,612E2800,0,,48.16,1,0,1
B022,2025-04-18 12:00:00,0,612E2790,0,4.639,61.64,1,1,1
B022,2025-04-18 12:00:00,1,612E2800,0,,48.08,1,0,1
B022,2025-04-18 13:00:00,0,612E2790,0,4.664,61.64,1,1,1
B022,2025-04-18 13:00:00,1,612E2800,0,,48.05,1,0,1
B022,2025-04-18 14:00:00,0,612E2790,0,4.877,61.63,1,1,1
B022,2025-04-18 14:00:00,1,612E2800,0,,48.02,1,0,1
B022,2025-04-18 15:00:00,0,612E2790,0,4.662,61.63,1,1,1
B022,2025-04-18 15:00:00,1,612E2800,0,,48.16,1,0,1
B022,2025-04-18 16:00:00,0,612E2790,0,4.595,61.63,1,1,1
B022,2025-04-18 16:00:00,1,612E2800,0,,48.25,1,0,1
B022,2025-04-18 17:00:00,0,612E2790,0,4.36,61.63,1,1,1
B022,2025-04-18 17:00:00,1,612E2800,0,,48.22,1,0,1
B022,2025-04-18 18:00:00,0,612E2790,0,4.366,61.63,1,1,1
B022,2025-04-18 18:00:00,1,612E2800,0,,48.17,1,0,1
B022,2025-04-18 19:00:00,0,612E2790,0,,,1,0,0
B022,2025-04-18 19:00:00,1,612E2800,0,,,1,0,0
B022,2025-04-18 20:00:00,0,612E2790,0,4.215,61.63,1,1,1
B022,2025-04-18 20:00:00,1,612E2800,0,,48.06,1,0,1
B022,2025-04-18 21:00:00,0,612E2790,0,4.196,61.63,1,1,1
B022,2025-04-18 21:00:00,1,612E2800,0,,48.03,1,0,1
B022,2025-04-18 22:00:00,0,612E2790,0,4.201,61.63,1,1,1
B022,2025-04-18 22:00:00,1,612E2800,0,,48.02,1,0,1
B022,2025-04-18 23:00:00,0,612E2790,0,4.152,61.62,1,1,1
B022,2025-04-18 23:00:00,1,612E2800,0,,48.02,1,0,1
B022,2025-04-19 00:00:00,0,612E2790,0,4.156,61.62,1,1,1
B022,2025-04-19 00:00:00,1,612E2800,0,,48.02,1,0,1
B022,2025-04-19 01:00:00,0,612E2790,0,4.071,61.61,1,1,1
B022,2025-04-19 01:00:00,1,612E2800,0,,48.02,1,0,1
B022,2025-04-19 02:00:00,0,612E2790,0,4.028,61.61,1,1,1
B022,2025-04-19 02:00:00,1,612E2800,0,,48.02,1,0,1
B022,2025-04-19 03:00:00,0,612E2790,0,3.941,61.61,1,1,1
B022,2025-04-19 03:00:00,1,612E2800,0,,48.02,1,0,1
B022,2025-04-19 04:00:00,0,612E2790,0,4.044,61.62,1,1,1
B022,2025-04-19 04:00:00,1,612E2800,0,,48.02,1,0,1
B022,2025-04-19 05:00:00,0,612E2790,0.1945501476,4.217,61.62,1,1,1
B022,2025-04-19 05:00:00,1,612E2800,0.07140958721,,48.01,1,0,1
B022,2025-04-19 06:00:00,0,612E2790,0.6758420064,4.42,61.63,1,1,1
B022,2025-04-19 06:00:00,1,612E2800,0.445194171,,,1,0,0
B022,2025-04-19 07:00:00,0,612E2790,0.5606144285,4.788,61.65,1,1,1
B022,2025-04-19 07:00:00,1,612E2800,0.5166037582,,48.01,1,0,1
B022,2025-04-19 08:00:00,0,612E2790,0,4.488,61.67,1,1,1
B022,2025-04-19 08:00:00,1,612E2800,0,,48.01,1,0,1
B022,2025-04-19 09:00:00,0,612E2790,0.03879211974,4.612,61.68,1,1,1
B022,2025-04-19 09:00:00,1,612E2800,0,,48.1,1,0,1
B022,2025-04-19 10:00:00,0,612E2790,0.1553065231,5.538,61.7,1,1,1
B022,2025-04-19 10:00:00,1,612E2800,0.3535698728,,48.15,1,0,1
B022,2025-04-19 11:00:00,0,612E2790,0,,,1,0,0
B022,2025-04-19 11:00:00,1,612E2800,0.1627677209,,,1,0,0
B022,2025-04-19 12:00:00,0,612E2790,0.3906618759,7.009,61.79,1,1,1
B022,2025-04-19 12:00:00,1,612E2800,0.08758135599,,48.15,1,0,1
B022,2025-04-19 13:00:00,0,612E2790,0.03879211974,6.479,61.79,1,1,1
B022,2025-04-19 13:00:00,1,612E2800,0,,48.16,1,0,1
B022,2025-04-19 14:00:00,0,612E2790,0,6.729,61.79,1,1,1
B022,2025-04-19 14:00:00,1,612E2800,0,,48.17,1,0,1
B022,2025-04-19 15:00:00,0,612E2790,0.1298736074,6.521,61.8,1,1,1
B022,2025-04-19 15:00:00,1,612E2800,0.222879525,,48.17,1,0,1
B022,2025-04-19 16:00:00,0,612E2790,0.1946191697,6.54,61.78,1,1,1
B022,2025-04-19 16:00:00,1,612E2800,0.09944401812,,48.18,1,0,1
B022,2025-04-19 17:00:00,0,612E2790,0.03879211974,6.022,61.77,1,1,1
B022,2025-04-19 17:00:00,1,612E2800,0,,48.19,1,0,1
B022,2025-04-19 18:00:00,0,612E2790,0.02588442051,6.678,61.79,1,1,1
B022,2025-04-19 18:00:00,1,612E2800,0,,48.19,1,0,1
B022,2025-04-19 19:00:00,0,612E2790,0,6.634,61.79,1,1,1
B022,2025-04-19 19:00:00,1,612E2800,0,,48.12,1,0,1
B022,2025-04-19 20:00:00,0,612E2790,0,6.791,61.8,1,1,1
B022,2025-04-19 20:00:00,1,612E2800,0,,48.12,1,0,1
B022,2025-04-19 21:00:00,0,612E2790,0.03879211974,6.825,61.8,1,1,1
B022,2025-04-19 21:00:00,1,612E2800,0,,,1,0,0
B022,2025-04-19 22:00:00,0,612E2790,0,6.654,61.79,1,1,1
B022,2025-04-19 22:00:00,1,612E2800,0,,48.15,1,0,1
B022,2025-04-19 23:00:00,0,612E2790,0,6.419,61.79,1,1,1
B022,2025-04-19 23:00:00,1,612E2800,0,,48.16,1,0,1
B022,2025-04-20 00:00:00,0,612E2790,0,6.331,61.78,1,1,1
B022,2025-04-20 00:00:00,1,612E2800,0,,48.23,1,0,1
B022,2025-04-20 01:00:00,0,612E2790,0.03879211974,6.269,61.77,1,1,1
B022,2025-04-20 01:00:00,1,612E2800,0,,48.31,1,0,1
B022,2025-04-20 02:00:00,0,612E2790,0,6.193,61.77,1,1,1
B022,2025-04-20 02:00:00,1,612E2800,0,,48.32,1,0,1
B022,2025-04-20 03:00:00,0,612E2790,0,6.068,61.76,1,1,1
B022,2025-04-20 03:00:00,1,612E2800,0,,48.22,1,0,1
B022,2025-04-20 04:00:00,0,612E2790,0,5.958,61.76,1,1,1
B022,2025-04-20 04:00:00,1,612E2800,0,,48.11,1,0,1
B022,2025-04-20 05:00:00,0,612E2790,0,5.835,61.75,1,1,1
B022,2025-04-20 05:00:00,1,612E2800,0,,48.05,1,0,1
B022,2025-04-20 06:00:00,0,612E2790,0.03879211974,5.702,61.75,1,1,1
B022,2025-04-20 06:00:00,1,612E2800,0,,48.02,1,0,1
B022,2025-04-20 07:00:00,0,612E2790,4.364236461,5.578,61.74,1,1,1
B022,2025-04-20 07:00:00,1,612E2800,0.9262424928,,48.02,1,0,1
B022,2025-04-20 08:00:00,0,612E2790,0,5.459,61.73,1,1,1
B022,2025-04-20 08:00:00,1,612E2800,0,,48.02,1,0,1
B022,2025-04-20 09:00:00,0,612E2790,0,5.038,61.7,1,1,1
B022,2025-04-20 09:00:00,1,612E2800,0,,48.13,1,0,1
B022,2025-04-20 10:00:00,0,612E2790,0.03879211974,4.903,61.7,1,1,1
B022,2025-04-20 10:00:00,1,612E2800,0,,48.16,1,0,1
B022,2025-04-20 11:00:00,0,612E2790,0,4.905,61.69,1,1,1
B022,2025-04-20 11:00:00,1,612E2800,0,,48.16,1,0,1
B022,2025-04-20 12:00:00,0,612E2790,0,4.924,61.69,1,1,1
B022,2025-04-20 12:00:00,1,612E2800,0,,48.16,1,0,1
B022,2025-04-20 13:00:00,0,612E2790,0,4.732,61.68,1,1,1
B022,2025-04-20 13:00:00,1,612E2800,0,,48.3,1,0,1
B022,2025-04-20 14:00:00,0,612E2790,0,,,1,0,0
B022,2025-04-20 14:00:00,1,612E2800,0,,,1,0,0
B022,2025-04-20 15:00:00,0,612E2790,0,5.014,61.68,1,1,1
B022,2025-04-20 15:00:00,1,612E2800,0,,48.28,1,0,1
B022,2025-04-20 16:00:00,0,612E2790,0.03879211974,4.703,61.68,1,1,1
B022,2025-04-20 16:00:00,1,612E2800,0,,48.19,1,0,1
B022,2025-04-20 17:00:00,0,612E2790,0,4.639,61.67,1,1,1
B022,2025-04-20 17:00:00,1,612E2800,0,,48.12,1,0,1
B022,2025-04-20 18:00:00,0,612E2790,0,,,1,0,0
B022,2025-04-20 18:00:00,1,612E2800,0,,,1,0,0
B022,2025-04-20 19:00:00,0,612E2790,0,4.484,61.67,1,1,1
B022,2025-04-20 19:00:00,1,612E2800,0,,48.05,1,0,1
B022,2025-04-20 20:00:00,0,612E2790,0.03879211974,4.404,61.66,1,1,1
B022,2025-04-20 20:00:00,1,612E2800,0,,48.02,1,0,1
B022,2025-04-20 21:00:00,0,612E2790,0,4.44,61.66,1,1,1
B022,2025-04-20 21:00:00,1,612E2800,0,,48.02,1,0,1
B022,2025-04-20 22:00:00,0,612E2790,0,4.412,61.66,1,1,1
B022,2025-04-20 22:00:00,1,612E2800,0,,48.13,1,0,1
B022,2025-04-20 23:00:00,0,612E2790,0,4.301,61.66,1,1,1
B022,2025-04-20 23:00:00,1,612E2800,0,,48.16,1,0,1
B022,2025-04-21 00:00:00,0,612E2790,0,4.348,61.65,1,1,1
B022,2025-04-21 00:00:00,1,612E2800,0,,48.11,1,0,1
B022,2025-04-21 01:00:00,0,612E2790,0,4.271,61.66,1,1,1
B022,2025-04-21 01:00:00,1,612E2800,0,,48.05,1,0,1
B022,2025-04-21 02:00:00,0,612E2790,0.03879211974,4.334,61.66,1,1,1
B022,2025-04-21 02:00:00,1,612E2800,0,,48.02,1,0,1
B022,2025-04-21 03:00:00,0,612E2790,0,4.359,61.66,1,1,1
B022,2025-04-21 03:00:00,1,612E2800,0,,48.02,1,0,1
B022,2025-04-21 04:00:00,0,612E2790,0,4.374,61.66,1,1,1
B022,2025-04-21 04:00:00,1,612E2800,0,,48.02,1,0,1
B022,2025-04-21 05:00:00,0,612E2790,0,4.319,61.66,1,1,1
B022,2025-04-21 05:00:00,1,612E2800,0,,48.02,1,0,1
B022,2025-04-21 06:00:00,0,612E2790,0,4.162,61.65,1,1,1
B022,2025-04-21 06:00:00,1,612E2800,0,,48.02,1,0,1
B022,2025-04-21 07:00:00,0,612E2790,0.155168479,4.38,61.65,1,1,1
B022,2025-04-21 07:00:00,1,612E2800,0,,48.02,1,0,1
B022,2025-04-21 08:00:00,0,612E2790,0.03879211974,4.463,61.65,1,1,1
B022,2025-04-21 08:00:00,1,612E2800,0,,48.03,1,0,1
B022,2025-04-21 09:00:00,0,612E2790,0,4.413,61.65,1,1,1
B022,2025-04-21 09:00:00,1,612E2800,0,,48.14,1,0,1
B022,2025-04-21 10:00:00,0,612E2790,0,4.828,61.65,1,1,1
B022,2025-04-21 10:00:00,1,612E2800,0,,48.16,1,0,1
B022,2025-04-21 11:00:00,0,612E2790,0,4.547,61.65,1,1,1
B022,2025-04-21 11:00:00,1,612E2800,0,,48.16,1,0,1
B022,2025-04-21 12:00:00,0,612E2790,0,4.544,61.65,1,1,1
B022,2025-04-21 12:00:00,1,612E2800,0,,48.17,1,0,1
B022,2025-04-21 13:00:00,0,612E2790,0,4.587,61.65,1,1,1
B022,2025-04-21 13:00:00,1,612E2800,0,,48.17,1,0,1
B022,2025-04-21 14:00:00,0,612E2790,0,4.531,61.65,1,1,1
B022,2025-04-21 14:00:00,1,612E2800,0,,48.16,1,0,1
B022,2025-04-21 15:00:00,0,612E2790,0.4822638904,4.421,61.65,1,1,1
B022,2025-04-21 15:00:00,1,612E2800,1.616225537,,48.09,1,0,1
B022,2025-04-21 16:00:00,0,612E2790,0,5.637,61.72,1,1,1
B022,2025-04-21 16:00:00,1,612E2800,0.1234355068,,48.05,1,0,1
B022,2025-04-21 17:00:00,0,612E2790,0,5.343,61.72,1,1,1
B022,2025-04-21 17:00:00,1,612E2800,0,,48.03,1,0,1
B022,2025-04-21 18:00:00,0,612E2790,0,5.707,61.73,1,1,1
B022,2025-04-21 18:00:00,1,612E2800,0,,48.09,1,0,1
B022,2025-04-21 19:00:00,0,612E2790,0.03879211974,5.443,61.73,1,1,1
B022,2025-04-21 19:00:00,1,612E2800,0.2694665801,,48.16,1,0,1
B022,2025-04-21 20:00:00,0,612E2790,0,5.764,61.73,1,1,1
B022,2025-04-21 20:00:00,1,612E2800,0,,48.16,1,0,1
B022,2025-04-21 21:00:00,0,612E2790,0,5.972,61.75,1,1,1
B022,2025-04-21 21:00:00,1,612E2800,0,,48.17,1,0,1
B022,2025-04-21 22:00:00,0,612E2790,4.551020243,5.958,61.75,1,1,1
B022,2025-04-21 22:00:00,1,612E2800,8.025053466,,48.17,1,0,1
B022,2025-04-21 23:00:00,0,612E2790,4.779470702,9.655,61.93,1,1,1
B022,2025-04-21 23:00:00,1,612E2800,2.889581554,,48.22,1,0,1
B022,2025-04-22 00:00:00,0,612E2790,3.401488137,30.356,62.62,1,1,1
B022,2025-04-22 00:00:00,1,612E2800,3.369121679,,48.57,1,0,1
B022,2025-04-22 01:00:00,0,612E2790,1.475411969,115,64.57,1,1,1
B022,2025-04-22 01:00:00,1,612E2800,3.68758872,,49.58,1,0,1
B022,2025-04-22 02:00:00,0,612E2790,0.2070753641,,,1,0,0
B022,2025-04-22 02:00:00,1,612E2800,0.6510708838,,50.5,1,0,1
B022,2025-04-22 03:00:00,0,612E2790,3.206140452,140,65.27,1,1,1
B022,2025-04-22 03:00:00,1,612E2800,0.7023129347,,,1,0,0
B022,2025-04-22 04:00:00,0,612E2790,7.449266088,149,65.68,1,1,1
B022,2025-04-22 04:00:00,1,612E2800,0.1988880362,,50.96,1,0,1
B022,2025-04-22 05:00:00,0,612E2790,0.5835814209,139,65.35,1,1,1
B022,2025-04-22 05:00:00,1,612E2800,0.2029309784,,51.05,1,0,1
B022,2025-04-22 06:00:00,0,612E2790,0.06519706713,124,64.79,1,1,1
B022,2025-04-22 06:00:00,1,612E2800,0.0320773731,,,1,0,0
B022,2025-04-22 07:00:00,0,612E2790,31.7795691,110,64.37,1,1,1
B022,2025-04-22 07:00:00,1,612E2800,0.7544006536,,50.65,1,0,1
B022,2025-04-22 08:00:00,0,612E2790,0,305,64.14,1,1,1
B022,2025-04-22 08:00:00,1,612E2800,0.02803443091,,50.4,1,0,1
B022,2025-04-22 09:00:00,0,612E2790,0,87.931,63.7,1,1,1
B022,2025-04-22 09:00:00,1,612E2800,0,,49.89,1,0,1
B022,2025-04-22 10:00:00,0,612E2790,0,,,1,0,0
B022,2025-04-22 10:00:00,1,612E2800,0.02803443091,,,1,0,0
B022,2025-04-22 11:00:00,0,612E2790,0.06519706713,71.339,63.43,1,1,1
B022,2025-04-22 11:00:00,1,612E2800,0.0320773731,,49.64,1,0,1
B022,2025-04-22 12:00:00,0,612E2790,0.02588442051,66.985,63.35,1,1,1
B022,2025-04-22 12:00:00,1,612E2800,0.06736664502,,49.51,1,0,1
B022,2025-04-22 13:00:00,0,612E2790,0,62.263,63.3,1,1,1
B022,2025-04-22 13:00:00,1,612E2800,0,,49.43,1,0,1
B022,2025-04-22 14:00:00,0,612E2790,0,58.746,63.2,1,1,1
B022,2025-04-22 14:00:00,1,612E2800,0.02803443091,,49.38,1,0,1
B022,2025-04-22 15:00:00,0,612E2790,0,54.545,63.13,1,1,1
B022,2025-04-22 15:00:00,1,612E2800,0,,49.29,1,0,1
B022,2025-04-22 16:00:00,0,612E2790,0,51.956,63.06,1,1,1
B022,2025-04-22 16:00:00,1,612E2800,0,,49.24,1,0,1
B022,2025-04-22 17:00:00,0,612E2790,0,48.55,62.99,1,1,1
B022,2025-04-22 17:00:00,1,612E2800,0,,49.19,1,0,1
B022,2025-04-22 18:00:00,0,612E2790,0,45.749,62.94,1,1,1
B022,2025-04-22 18:00:00,1,612E2800,0,,49.14,1,0,1
B022,2025-04-22 19:00:00,0,612E2790,0.1298736074,43.95,62.89,1,1,1
B022,2025-04-22 19:00:00,1,612E2800,0.004042942194,,49.1,1,0,1
B022,2025-04-22 20:00:00,0,612E2790,0,41.987,62.85,1,1,1
B022,2025-04-22 20:00:00,1,612E2800,0,,49.05,1,0,1
B022,2025-04-22 21:00:00,0,612E2790,0.03879211974,40.115,62.81,1,1,1
B022,2025-04-22 21:00:00,1,612E2800,0,,49.02,1,0,1
B022,2025-04-22 22:00:00,0,612E2790,0,38.616,62.78,1,1,1
B022,2025-04-22 22:00:00,1,612E2800,0,,48.98,1,0,1
B022,2025-04-22 23:00:00,0,612E2790,0,37.022,62.75,1,1,1
B022,2025-04-22 23:00:00,1,612E2800,0,,48.96,1,0,1
B022,2025-04-23 00:00:00,0,612E2790,0.03879211974,35.877,62.72,1,1,1
B022,2025-04-23 00:00:00,1,612E2800,0,,48.94,1,0,1
B022,2025-04-23 01:00:00,0,612E2790,0,34.457,62.69,1,1,1
B022,2025-04-23 01:00:00,1,612E2800,0,,48.92,1,0,1
B022,2025-04-23 02:00:00,0,612E2790,0,33.466,62.66,1,1,1
B022,2025-04-23 02:00:00,1,612E2800,0,,48.9,1,0,1
B022,2025-04-23 03:00:00,0,612E2790,0,32.297,62.63,1,1,1
B022,2025-04-23 03:00:00,1,612E2800,0,,48.87,1,0,1
B022,2025-04-23 04:00:00,0,612E2790,0.06519706713,31.055,62.61,1,1,1
B022,2025-04-23 04:00:00,1,612E2800,0.004042942194,,48.86,1,0,1
B022,2025-04-23 05:00:00,0,612E2790,0,30.307,62.59,1,1,1
B022,2025-04-23 05:00:00,1,612E2800,0,,48.83,1,0,1
B022,2025-04-23 06:00:00,0,612E2790,0.02588442051,29.457,62.57,1,1,1
B022,2025-04-23 06:00:00,1,612E2800,0,,48.81,1,0,1
B022,2025-04-23 07:00:00,0,612E2790,0.9184158137,28.72,62.55,1,1,1
B022,2025-04-23 07:00:00,1,612E2800,0.1916331952,,48.81,1,0,1
B022,2025-04-23 08:00:00,0,612E2790,0,28.344,62.53,1,1,1
B022,2025-04-23 08:00:00,1,612E2800,0,,48.79,1,0,1
B022,2025-04-23 09:00:00,0,612E2790,0,27.553,62.52,1,1,1
B022,2025-04-23 09:00:00,1,612E2800,0,,48.78,1,0,1
B022,2025-04-23 10:00:00,0,612E2790,0,26.773,62.5,1,1,1
B022,2025-04-23 10:00:00,1,612E2800,0,,48.75,1,0,1
B022,2025-04-23 11:00:00,0,612E2790,0,26.64,62.47,1,1,1
B022,2025-04-23 11:00:00,1,612E2800,0,,48.69,1,0,1
B022,2025-04-23 12:00:00,0,612E2790,0,,,1,0,0
B022,2025-04-23 12:00:00,1,612E2800,0,,,1,0,0
B022,2025-04-23 13:00:00,0,612E2790,0,24.726,62.45,1,1,1
B022,2025-04-23 13:00:00,1,612E2800,0,,48.8,1,0,1
B022,2025-04-23 14:00:00,0,612E2790,0,24.522,62.44,1,1,1
B022,2025-04-23 14:00:00,1,612E2800,0,,48.71,1,0,1
B022,2025-04-23 15:00:00,0,612E2790,0,23.446,62.41,1,1,1
B022,2025-04-23 15:00:00,1,612E2800,0,,48.69,1,0,1
B022,2025-04-23 16:00:00,0,612E2790,0,,,1,0,0
B022,2025-04-23 16:00:00,1,612E2800,0,,48.69,1,0,1
B022,2025-04-23 17:00:00,0,612E2790,0.02588442051,22.988,62.4,1,1,1
B022,2025-04-23 17:00:00,1,612E2800,0,,48.67,1,0,1
B022,2025-04-23 18:00:00,0,612E2790,0,22.68,62.39,1,1,1
B022,2025-04-23 18:00:00,1,612E2800,0,,48.59,1,0,1
B022,2025-04-23 19:00:00,0,612E2790,0,22.484,62.38,1,1,1
B022,2025-04-23 19:00:00,1,612E2800,0,,48.78,1,0,1
B022,2025-04-23 20:00:00,0,612E2790,0,22.399,62.37,1,1,1
B022,2025-04-23 20:00:00,1,612E2800,0,,48.66,1,0,1
B022,2025-04-23 21:00:00,0,612E2790,0,22.16,62.36,1,1,1
B022,2025-04-23 21:00:00,1,612E2800,0.02803443091,,48.65,1,0,1
B022,2025-04-23 22:00:00,0,612E2790,0.03879211974,21.788,62.35,1,1,1
B022,2025-04-23 22:00:00,1,612E2800,0,,48.64,1,0,1
B022,2025-04-23 23:00:00,0,612E2790,0,17.894,62.23,1,1,1
B022,2025-04-23 23:00:00,1,612E2800,0,,48.63,1,0,1
B022,2025-04-24 00:00:00,0,612E2790,0,16.274,62.16,1,1,1
B022,2025-04-24 00:00:00,1,612E2800,0,,48.61,1,0,1
B022,2025-04-24 01:00:00,0,612E2790,0,15.302,62.12,1,1,1
B022,2025-04-24 01:00:00,1,612E2800,0,,48.54,1,0,1
B022,2025-04-24 02:00:00,0,612E2790,0,15.242,62.12,1,1,1
B022,2025-04-24 02:00:00,1,612E2800,0,,48.49,1,0,1
B022,2025-04-24 03:00:00,0,612E2790,0,14.241,62.1,1,1,1
B022,2025-04-24 03:00:00,1,612E2800,0,,48.47,1,0,1
B022,2025-04-24 04:00:00,0,612E2790,0.02588442051,14.291,62.09,1,1,1
B022,2025-04-24 04:00:00,1,612E2800,0,,48.46,1,0,1
B022,2025-04-24 05:00:00,0,612E2790,0,14.116,62.08,1,1,1
B022,2025-04-24 05:00:00,1,612E2800,0,,48.45,1,0,1
B022,2025-04-24 06:00:00,0,612E2790,0.4295230177,13.653,62.07,1,1,1
B022,2025-04-24 06:00:00,1,612E2800,0.4244145811,,48.43,1,0,1
B022,2025-04-24 07:00:00,0,612E2790,2.457753547,13.509,62.07,1,1,1
B022,2025-04-24 07:00:00,1,612E2800,0.2382202503,,48.43,1,0,1
B022,2025-04-24 08:00:00,0,612E2790,0.6897907594,13.337,62.07,1,1,1
B022,2025-04-24 08:00:00,1,612E2800,0.5712766977,,48.44,1,0,1
B022,2025-04-24 09:00:00,0,612E2790,0.3902103711,13.677,62.08,1,1,1
B022,2025-04-24 09:00:00,1,612E2800,0.2182717038,,48.43,1,0,1
B022,2025-04-24 10:00:00,0,612E2790,0.2339318163,14.648,62.11,1,1,1
B022,2025-04-24 10:00:00,1,612E2800,0.2101858194,,48.44,1,0,1
B022,2025-04-24 11:00:00,0,612E2790,0.1428503287,15.603,62.15,1,1,1
B022,2025-04-24 11:00:00,1,612E2800,0.07140958721,,48.45,1,0,1
B022,2025-04-24 12:00:00,0,612E2790,0,15.941,62.17,1,1,1
B022,2025-04-24 12:00:00,1,612E2800,0,,48.47,1,0,1
B022,2025-04-24 13:00:00,0,612E2790,0,16.127,62.17,1,1,1
B022,2025-04-24 13:00:00,1,612E2800,0,,48.48,1,0,1
B022,2025-04-24 14:00:00,0,612E2790,0,,,1,0,0
B022,2025-04-24 14:00:00,1,612E2800,0,,,1,0,0
B022,2025-04-24 15:00:00,0,612E2790,0.03879211974,15.765,62.16,1,1,1
B022,2025-04-24 15:00:00,1,612E2800,0,,48.49,1,0,1
B022,2025-04-24 16:00:00,0,612E2790,0,15.47,62.15,1,1,1
B022,2025-04-24 16:00:00,1,612E2800,0,,48.52,1,0,1
B022,2025-04-24 17:00:00,0,612E2790,0.03879211974,15.344,62.14,1,1,1
B022,2025-04-24 17:00:00,1,612E2800,0,,48.52,1,0,1
B022,2025-04-24 18:00:00,0,612E2790,0.03879211974,14.981,62.12,1,1,1
B022,2025-04-24 18:00:00,1,612E2800,0,,48.49,1,0,1
B022,2025-04-24 19:00:00,0,612E2790,0.07758423948,14.926,62.11,1,1,1
B022,2025-04-24 19:00:00,1,612E2800,0,,48.48,1,0,1
B022,2025-04-24 20:00:00,0,612E2790,0.1939605987,14.598,62.1,1,1,1
B022,2025-04-24 20:00:00,1,612E2800,0,,48.46,1,0,1
B022,2025-04-24 21:00:00,0,612E2790,0.1939605987,14.221,62.09,1,1,1
B022,2025-04-24 21:00:00,1,612E2800,0,,48.46,1,0,1
B022,2025-04-24 22:00:00,0,612E2790,0.155168479,13.899,62.07,1,1,1
B022,2025-04-24 22:00:00,1,612E2800,0,,48.45,1,0,1
B022,2025-04-24 23:00:00,0,612E2790,0.07758423948,13.619,62.07,1,1,1
B022,2025-04-24 23:00:00,1,612E2800,0,,48.43,1,0,1
B022,2025-04-25 00:00:00,0,612E2790,0,13.508,62.06,1,1,1
B022,2025-04-25 00:00:00,1,612E2800,0,,48.43,1,0,1
B022,2025-04-25 01:00:00,0,612E2790,0,13.455,62.05,1,1,1
B022,2025-04-25 01:00:00,1,612E2800,0,,48.42,1,0,1
B022,2025-04-25 02:00:00,0,612E2790,0,13.256,62.04,1,1,1
B022,2025-04-25 02:00:00,1,612E2800,0,,48.41,1,0,1
B022,2025-04-25 03:00:00,0,612E2790,0,12.991,62.04,1,1,1
B022,2025-04-25 03:00:00,1,612E2800,0,,48.41,1,0,1
B022,2025-04-25 04:00:00,0,612E2790,0,12.825,62.03,1,1,1
B022,2025-04-25 04:00:00,1,612E2800,0,,48.4,1,0,1
B022,2025-04-25 05:00:00,0,612E2790,0,12.918,62.03,1,1,1
B022,2025-04-25 05:00:00,1,612E2800,0,,,1,0,0
B022,2025-04-25 06:00:00,0,612E2790,0,12.576,62.02,1,1,1
B022,2025-04-25 06:00:00,1,612E2800,0,,48.39,1,0,1
B022,2025-04-25 07:00:00,0,612E2790,2.977689178,12.677,62.02,1,1,1
B022,2025-04-25 07:00:00,1,612E2800,1.071143808,,48.39,1,0,1
B022,2025-04-25 08:00:00,0,612E2790,0,12.37,62.01,1,1,1
B022,2025-04-25 08:00:00,1,612E2800,0,,48.39,1,0,1
B022,2025-05-20 10:00:00,0,612E2790,0,3.564,61.62,1,1,1
B022,2025-05-20 10:00:00,1,612E2800,0,,48.07,1,0,1
B022,2025-05-20 11:00:00,0,612E2790,0,3.614,61.62,1,1,1
B022,2025-05-20 11:00:00,1,612E2800,0,,48.17,1,0,1
B022,2025-05-20 12:00:00,0,612E2790,0,3.722,61.63,1,1,1
B022,2025-05-20 12:00:00,1,612E2800,0,,48.23,1,0,1
B022,2025-05-20 13:00:00,0,612E2790,0,3.819,61.63,1,1,1
B022,2025-05-20 13:00:00,1,612E2800,0,,48.25,1,0,1
B022,2025-05-20 14:00:00,0,612E2790,0.4061983245,3.733,61.64,1,1,1
B022,2025-05-20 14:00:00,1,612E2800,0.154948001,,48.25,1,0,1
B022,2025-05-20 15:00:00,0,612E2790,0.7797911526,3.807,61.64,1,1,1
B022,2025-05-20 15:00:00,1,612E2800,0.09566724038,,48.25,1,0,1
B022,2025-05-20 16:00:00,0,612E2790,0.5603686568,4.426,61.65,1,1,1
B022,2025-05-20 16:00:00,1,612E2800,0.1951112585,,,1,0,0
B022,2025-05-20 17:00:00,0,612E2790,0,3.887,61.65,1,1,1
B022,2025-05-20 17:00:00,1,612E2800,0,,48.22,1,0,1
B022,2025-05-20 18:00:00,0,612E2790,0,4.213,61.65,1,1,1
B022,2025-05-20 18:00:00,1,612E2800,0,,48.17,1,0,1
B022,2025-05-20 19:00:00,0,612E2790,0.03879211974,4.364,61.67,1,1,1
B022,2025-05-20 19:00:00,1,612E2800,0,,48.14,1,0,1
B022,2025-05-20 20:00:00,0,612E2790,0,4.708,61.68,1,1,1
B022,2025-05-20 20:00:00,1,612E2800,0,,48.1,1,0,1
B022,2025-05-20 21:00:00,0,612E2790,0,4.875,61.69,1,1,1
B022,2025-05-20 21:00:00,1,612E2800,0,,48.08,1,0,1
B022,2025-05-20 22:00:00,0,612E2790,0.03879211974,4.876,61.69,1,1,1
B022,2025-05-20 22:00:00,1,612E2800,0,,48.12,1,0,1
B022,2025-05-20 23:00:00,0,612E2790,0,4.842,61.69,1,1,1
B022,2025-05-20 23:00:00,1,612E2800,0,,48.21,1,0,1
B022,2025-05-21 00:00:00,0,612E2790,0,4.797,61.69,1,1,1
B022,2025-05-21 00:00:00,1,612E2800,0,,48.25,1,0,1
B022,2025-05-21 01:00:00,0,612E2790,0.03879211974,4.608,61.68,1,1,1
B022,2025-05-21 01:00:00,1,612E2800,0,,48.22,1,0,1
B022,2025-05-21 02:00:00,0,612E2790,0,4.53,61.67,1,1,1
B022,2025-05-21 02:00:00,1,612E2800,0,,48.17,1,0,1
B022,2025-05-21 03:00:00,0,612E2790,0,4.49,61.67,1,1,1
B022,2025-05-21 03:00:00,1,612E2800,0,,48.14,1,0,1
B022,2025-05-21 04:00:00,0,612E2790,0,4.293,61.66,1,1,1
B022,2025-05-21 04:00:00,1,612E2800,0,,48.1,1,0,1
B022,2025-05-21 05:00:00,0,612E2790,0,4.109,61.66,1,1,1
B022,2025-05-21 05:00:00,1,612E2800,0,,48.08,1,0,1
B022,2025-05-21 06:00:00,0,612E2790,0,4.043,61.65,1,1,1
B022,2025-05-21 06:00:00,1,612E2800,0,,48.08,1,0,1
B022,2025-05-21 07:00:00,0,612E2790,1.746358134,4.101,61.65,1,1,1
B022,2025-05-21 07:00:00,1,612E2800,0.4457264999,,48.08,1,0,1
B022,2025-05-21 08:00:00,0,612E2790,0.03879211974,4.191,61.65,1,1,1
B022,2025-05-21 08:00:00,1,612E2800,0,,48.08,1,0,1
B022,2025-05-21 09:00:00,0,612E2790,0,4.126,61.65,1,1,1
B022,2025-05-21 09:00:00,1,612E2800,0,,48.21,1,0,1
B022,2025-05-21 10:00:00,0,612E2790,0,,,1,0,0
B022,2025-05-21 10:00:00,1,612E2800,0,,,1,0,0
B022,2025-05-21 11:00:00,0,612E2790,0.03879211974,4.15,61.64,1,1,1
B022,2025-05-21 11:00:00,1,612E2800,0,,48.25,1,0,1
B022,2025-05-21 12:00:00,0,612E2790,0,4.066,61.64,1,1,1
B022,2025-05-21 12:00:00,1,612E2800,0,,48.25,1,0,1
B022,2025-05-21 13:00:00,0,612E2790,0,4.111,61.64,1,1,1
B022,2025-05-21 13:00:00,1,612E2800,0,,48.25,1,0,1
B022,2025-05-21 14:00:00,0,612E2790,0,,,1,0,0
B022,2025-05-21 14:00:00,1,612E2800,0,,,1,0,0
B022,2025-05-21 15:00:00,0,612E2790,0.03879211974,4.325,61.65,1,1,1
B022,2025-05-21 15:00:00,1,612E2800,0,,48.25,1,0,1
B022,2025-05-21 16:00:00,0,612E2790,0,4.468,61.66,1,1,1
B022,2025-05-21 16:00:00,1,612E2800,0,,48.25,1,0,1
B022,2025-05-21 17:00:00,0,612E2790,0,4.255,61.65,1,1,1
B022,2025-05-21 17:00:00,1,612E2800,0,,48.21,1,0,1
B022,2025-05-21 18:00:00,0,612E2790,0,4.104,61.64,1,1,1
B022,2025-05-21 18:00:00,1,612E2800,0,,48.17,1,0,1
B022,2025-05-21 19:00:00,0,612E2790,0,3.871,61.64,1,1,1
B022,2025-05-21 19:00:00,1,612E2800,0,,48.13,1,0,1
B022,2025-05-21 20:00:00,0,612E2790,0,3.697,61.64,1,1,1
B022,2025-05-21 20:00:00,1,612E2800,0,,48.09,1,0,1
B022,2025-05-21 21:00:00,0,612E2790,0,3.636,61.63,1,1,1
B022,2025-05-21 21:00:00,1,612E2800,0,,48.08,1,0,1
B022,2025-05-21 22:00:00,0,612E2790,0,3.574,61.63,1,1,1
B022,2025-05-21 22:00:00,1,612E2800,0,,48.08,1,0,1
B022,2025-05-21 23:00:00,0,612E2790,0,3.438,61.62,1,1,1
B022,2025-05-21 23:00:00,1,612E2800,0,,48.08,1,0,1
B022,2025-05-22 00:00:00,0,612E2790,0,3.381,61.61,1,1,1
B022,2025-05-22 00:00:00,1,612E2800,0,,48.14,1,0,1
B022,2025-05-22 01:00:00,0,612E2790,0,3.321,61.61,1,1,1
B022,2025-05-22 01:00:00,1,612E2800,0,,48.22,1,0,1
B022,2025-05-22 02:00:00,0,612E2790,0,3.334,61.61,1,1,1
B022,2025-05-22 02:00:00,1,612E2800,0,,48.25,1,0,1
B022,2025-05-22 03:00:00,0,612E2790,0,3.276,61.61,1,1,1
B022,2025-05-22 03:00:00,1,612E2800,0,,48.25,1,0,1
B022,2025-05-22 04:00:00,0,612E2790,0,3.275,61.6,1,1,1
B022,2025-05-22 04:00:00,1,612E2800,0,,48.21,1,0,1
B022,2025-05-22 05:00:00,0,612E2790,0,3.232,61.6,1,1,1
B022,2025-05-22 05:00:00,1,612E2800,0,,48.17,1,0,1
B022,2025-05-22 06:00:00,0,612E2790,0,3.258,61.6,1,1,1
B022,2025-05-22 06:00:00,1,612E2800,0,,48.09,1,0,1
B022,2025-05-22 07:00:00,0,612E2790,0,3.272,61.61,1,1,1
B022,2025-05-22 07:00:00,1,612E2800,0,,,1,0,0
B022,2025-05-22 08:00:00,0,612E2790,0,3.311,61.61,1,1,1
B022,2025-05-22 08:00:00,1,612E2800,0,,48.08,1,0,1
B022,2025-05-22 09:00:00,0,612E2790,0,3.372,61.62,1,1,1
B022,2025-05-22 09:00:00,1,612E2800,0,,,1,0,0
B022,2025-05-22 10:00:00,0,612E2790,0,3.326,61.61,1,1,1
B022,2025-05-22 10:00:00,1,612E2800,0.02803443091,,48.08,1,0,1
B022,2025-05-22 11:00:00,0,612E2790,0.05432856834,3.45,61.62,1,1,1
B022,2025-05-22 11:00:00,1,612E2800,0.08410329273,,48.11,1,0,1
B022,2025-05-22 12:00:00,0,612E2790,0.02588442051,3.321,61.61,1,1,1
B022,2025-05-22 12:00:00,1,612E2800,0,,48.25,1,0,1
B022,2025-05-22 13:00:00,0,612E2790,0,,,1,0,0
B022,2025-05-22 13:00:00,1,612E2800,0,,,1,0,0
B022,2025-05-22 14:00:00,0,612E2790,0,3.615,61.61,1,1,1
B022,2025-05-22 14:00:00,1,612E2800,0,,48.2,1,0,1
B022,2025-05-22 15:00:00,0,612E2790,4.594359061,,,1,0,0
B022,2025-05-22 15:00:00,1,612E2800,7.195711181,,,1,0,0
B022,2025-05-22 16:00:00,0,612E2790,0.05176884103,13.203,62.04,1,1,1
B022,2025-05-22 16:00:00,1,612E2800,0.3255354419,,48.48,1,0,1
B022,2025-05-22 17:00:00,0,612E2790,0.02588442051,,,1,0,0
B022,2025-05-22 17:00:00,1,612E2800,0.06736664502,,,1,0,0
B022,2025-05-22 18:00:00,0,612E2790,3.043946352,19.664,62.28,1,1,1
B022,2025-05-22 18:00:00,1,612E2800,0.06037796846,,48.4,1,0,1
B022,2025-05-22 19:00:00,0,612E2790,0,23.761,62.41,1,1,1
B022,2025-05-22 19:00:00,1,612E2800,0,,48.69,1,0,1
B022,2025-05-22 20:00:00,0,612E2790,0.2225427906,23.928,62.41,1,1,1
B022,2025-05-22 20:00:00,1,612E2800,1.436455003,,,1,0,0
B022,2025-05-22 21:00:00,0,612E2790,1.755803096,22.015,62.35,1,1,1
B022,2025-05-22 21:00:00,1,612E2800,1.722625681,,48.76,1,0,1
B022,2025-05-22 22:00:00,0,612E2790,3.004511125,21.467,62.34,1,1,1
B022,2025-05-22 22:00:00,1,612E2800,1.61717792,,,1,0,0
B022,2025-05-22 23:00:00,0,612E2790,0.5577950039,26.735,62.49,1,1,1
B022,2025-05-22 23:00:00,1,612E2800,0.1748965475,,48.76,1,0,1
B022,2025-05-23 00:00:00,0,612E2790,0.3037278112,30.217,62.58,1,1,1
B022,2025-05-23 00:00:00,1,612E2800,0.07545252941,,48.87,1,0,1
B022,2025-05-23 01:00:00,0,612E2790,0,30.207,62.59,1,1,1
B022,2025-05-23 01:00:00,1,612E2800,0,,,1,0,0
B022,2025-05-23 02:00:00,0,612E2790,0,,,1,0,0
B022,2025-05-23 02:00:00,1,612E2800,0,,,1,0,0
B022,2025-05-23 03:00:00,0,612E2790,0.1707049276,30.551,62.59,1,1,1
B022,2025-05-23 03:00:00,1,612E2800,0,,48.88,1,0,1
B022,2025-05-23 04:00:00,0,612E2790,0,26.441,62.48,1,1,1
B022,2025-05-23 04:00:00,1,612E2800,0,,48.87,1,0,1
B022,2025-05-23 05:00:00,0,612E2790,0,,,1,0,0
B022,2025-05-23 05:00:00,1,612E2800,0,,,1,0,0
B022,2025-05-23 06:00:00,0,612E2790,0,21.272,62.35,1,1,1
B022,2025-05-23 06:00:00,1,612E2800,0,,48.65,1,0,1
B022,2025-05-23 07:00:00,0,612E2790,2.433135528,,,1,0,0
B022,2025-05-23 07:00:00,1,612E2800,0,,,1,0,0
B022,2025-05-23 08:00:00,0,612E2790,0.3103369579,19.279,62.29,1,1,1
B022,2025-05-23 08:00:00,1,612E2800,0,,48.38,1,0,1
B022,2025-05-23 09:00:00,0,612E2790,0.07758423948,17.94,62.25,1,1,1
B022,2025-05-23 09:00:00,1,612E2800,0,,48.56,1,0,1
B022,2025-05-23 10:00:00,0,612E2790,0.03879211974,15.974,62.19,1,1,1
B022,2025-05-23 10:00:00,1,612E2800,0,,48.6,1,0,1
B022,2025-05-23 11:00:00,0,612E2790,0.07758423948,14.485,62.14,1,1,1
B022,2025-05-23 11:00:00,1,612E2800,0,,48.65,1,0,1
B022,2025-05-23 12:00:00,0,612E2790,0.03879211974,15.3,62.13,1,1,1
B022,2025-05-23 12:00:00,1,612E2800,0,,48.48,1,0,1
B022,2025-05-23 13:00:00,0,612E2790,0.03879211974,14.565,62.1,1,1,1
B022,2025-05-23 13:00:00,1,612E2800,0,,48.66,1,0,1
B022,2025-05-23 14:00:00,0,612E2790,0.07758423948,13.674,62.08,1,1,1
B022,2025-05-23 14:00:00,1,612E2800,0,,48.46,1,0,1
B022,2025-05-23 15:00:00,0,612E2790,0.07758423948,13.155,62.03,1,1,1
B022,2025-05-23 15:00:00,1,612E2800,0,,48.41,1,0,1
B022,2025-05-23 16:00:00,0,612E2790,0.03879211974,12.792,62.02,1,1,1
B022,2025-05-23 16:00:00,1,612E2800,0,,48.54,1,0,1
B022,2025-05-23 17:00:00,0,612E2790,0.03879211974,11.939,61.99,1,1,1
B022,2025-05-23 17:00:00,1,612E2800,0,,48.42,1,0,1
B022,2025-05-23 18:00:00,0,612E2790,0,11.561,61.96,1,1,1
B022,2025-05-23 18:00:00,1,612E2800,0,,48.4,1,0,1
B022,2025-05-23 19:00:00,0,612E2790,0.03879211974,10.954,61.94,1,1,1
B022,2025-05-23 19:00:00,1,612E2800,0,,48.4,1,0,1
B022,2025-05-23 20:00:00,0,612E2790,0,10.659,61.92,1,1,1
B022,2025-05-23 20:00:00,1,612E2800,0,,48.39,1,0,1
B022,2025-05-23 21:00:00,0,612E2790,0.03879211974,10.361,61.91,1,1,1
B022,2025-05-23 21:00:00,1,612E2800,0,,48.39,1,0,1
B022,2025-05-23 22:00:00,0,612E2790,0,10.069,61.9,1,1,1
B022,2025-05-23 22:00:00,1,612E2800,0,,48.39,1,0,1
B022,2025-05-23 23:00:00,0,612E2790,0,9.774,61.89,1,1,1
B022,2025-05-23 23:00:00,1,612E2800,0,,48.39,1,0,1
B022,2025-05-24 00:00:00,0,612E2790,0.03879211974,9.466,61.88,1,1,1
B022,2025-05-24 00:00:00,1,612E2800,0,,48.39,1,0,1
B022,2025-05-24 01:00:00,0,612E2790,0,9.175,61.87,1,1,1
B022,2025-05-24 01:00:00,1,612E2800,0,,48.39,1,0,1
B022,2025-05-24 02:00:00,0,612E2790,0,9.014,61.86,1,1,1
B022,2025-05-24 02:00:00,1,612E2800,0,,48.39,1,0,1
B022,2025-05-24 03:00:00,0,612E2790,0.03879211974,8.793,61.85,1,1,1
B022,2025-05-24 03:00:00,1,612E2800,0,,48.38,1,0,1
B022,2025-05-24 04:00:00,0,612E2790,0,8.698,61.85,1,1,1
B022,2025-05-24 04:00:00,1,612E2800,0,,48.38,1,0,1
B022,2025-05-24 05:00:00,0,612E2790,0.03879211974,8.584,61.85,1,1,1
B022,2025-05-24 05:00:00,1,612E2800,0,,48.38,1,0,1
B022,2025-05-24 06:00:00,0,612E2790,0,8.275,61.84,1,1,1
B022,2025-05-24 06:00:00,1,612E2800,0,,48.38,1,0,1
B022,2025-05-24 07:00:00,0,612E2790,1.008595113,8.237,61.83,1,1,1
B022,2025-05-24 07:00:00,1,612E2800,0,,48.36,1,0,1
B022,2025-05-24 08:00:00,0,612E2790,0,8.217,61.83,1,1,1
B022,2025-05-24 08:00:00,1,612E2800,0,,48.26,1,0,1
B022,2025-05-24 09:00:00,0,612E2790,0,7.712,61.81,1,1,1
B022,2025-05-24 09:00:00,1,612E2800,0,,48.26,1,0,1
B022,2025-05-24 10:00:00,0,612E2790,0,7.684,61.81,1,1,1
B022,2025-05-24 10:00:00,1,612E2800,0,,48.27,1,0,1
B022,2025-05-24 11:00:00,0,612E2790,0,7.654,61.8,1,1,1
B022,2025-05-24 11:00:00,1,612E2800,0,,48.27,1,0,1
B022,2025-05-24 12:00:00,0,612E2790,0,7.701,61.8,1,1,1
B022,2025-05-24 12:00:00,1,612E2800,0,,48.27,1,0,1
B022,2025-05-24 13:00:00,0,612E2790,0,7.27,61.79,1,1,1
B022,2025-05-24 13:00:00,1,612E2800,0,,48.27,1,0,1
B022,2025-05-24 14:00:00,0,612E2790,0,7.131,61.79,1,1,1
B022,2025-05-24 14:00:00,1,612E2800,0,,48.27,1,0,1
B022,2025-05-24 15:00:00,0,612E2790,0,6.65,61.77,1,1,1
B022,2025-05-24 15:00:00,1,612E2800,0,,48.26,1,0,1
B022,2025-05-24 16:00:00,0,612E2790,0,,,1,0,0
B022,2025-05-24 16:00:00,1,612E2800,0,,,1,0,0
B022,2025-05-24 17:00:00,0,612E2790,0,6.416,61.76,1,1,1
B022,2025-05-24 17:00:00,1,612E2800,0,,48.26,1,0,1
B022,2025-05-24 18:00:00,0,612E2790,0,6.298,61.75,1,1,1
B022,2025-05-24 18:00:00,1,612E2800,0,,48.25,1,0,1
B022,2025-05-24 19:00:00,0,612E2790,0,6.203,61.75,1,1,1
B022,2025-05-24 19:00:00,1,612E2800,0,,48.21,1,0,1
B022,2025-05-24 20:00:00,0,612E2790,0,6.045,61.74,1,1,1
B022,2025-05-24 20:00:00,1,612E2800,0,,48.24,1,0,1
B022,2025-05-24 21:00:00,0,612E2790,0,5.934,61.74,1,1,1
B022,2025-05-24 21:00:00,1,612E2800,0,,48.26,1,0,1
B022,2025-05-24 22:00:00,0,612E2790,0,5.874,61.73,1,1,1
B022,2025-05-24 22:00:00,1,612E2800,0,,48.26,1,0,1
B022,2025-05-24 23:00:00,0,612E2790,0,5.787,61.73,1,1,1
B022,2025-05-24 23:00:00,1,612E2800,0,,48.26,1,0,1
B022,2025-05-25 00:00:00,0,612E2790,0,8.345,61.84,1,1,1
B022,2025-05-25 00:00:00,1,612E2800,0,,48.26,1,0,1
B022,2025-05-25 01:00:00,0,612E2790,0,,,1,0,0
B022,2025-05-25 01:00:00,1,612E2800,0,,,1,0,0
B022,2025-05-25 02:00:00,0,612E2790,0,8.417,61.84,1,1,1
B022,2025-05-25 02:00:00,1,612E2800,0,,48.26,1,0,1
B022,2025-05-25 03:00:00,0,612E2790,0,8.42,61.84,1,1,1
B022,2025-05-25 03:00:00,1,612E2800,0,,48.26,1,0,1
B022,2025-05-25 04:00:00,0,612E2790,0,8.352,61.84,1,1,1
B022,2025-05-25 04:00:00,1,612E2800,0,,48.26,1,0,1
B022,2025-05-25 05:00:00,0,612E2790,0,,,1,0,0
B022,2025-05-25 05:00:00,1,612E2800,0,,,1,0,0
B022,2025-05-25 06:00:00,0,612E2790,0,8.321,61.84,1,1,1
B022,2025-05-25 06:00:00,1,612E2800,0,,48.26,1,0,1
B022,2025-05-25 07:00:00,0,612E2790,0,8.292,61.84,1,1,1
B022,2025-05-25 07:00:00,1,612E2800,0,,48.28,1,0,1
B022,2025-05-25 08:00:00,0,612E2790,0.07758423948,8.371,61.84,1,1,1
B022,2025-05-25 08:00:00,1,612E2800,0,,48.36,1,0,1
B022,2025-05-25 09:00:00,0,612E2790,0,8.418,61.84,1,1,1
B022,2025-05-25 09:00:00,1,612E2800,0,,48.37,1,0,1
B022,2025-05-25 10:00:00,0,612E2790,0,8.629,61.84,1,1,1
B022,2025-05-25 10:00:00,1,612E2800,0,,48.38,1,0,1
B022,2025-05-25 11:00:00,0,612E2790,0,9.416,61.87,1,1,1
B022,2025-05-25 11:00:00,1,612E2800,0,,48.23,1,0,1
B022,2025-05-25 12:00:00,0,612E2790,0,,,1,0,0
B022,2025-05-25 12:00:00,1,612E2800,0,,,1,0,0
B022,2025-05-25 13:00:00,0,612E2790,0,9.455,61.86,1,1,1
B022,2025-05-25 13:00:00,1,612E2800,0,,48.22,1,0,1
B022,2025-05-25 14:00:00,0,612E2790,0,9.083,61.85,1,1,1
B022,2025-05-25 14:00:00,1,612E2800,0,,48.26,1,0,1
B022,2025-05-25 15:00:00,0,612E2790,0,8.946,61.85,1,1,1
B022,2025-05-25 15:00:00,1,612E2800,0,,48.27,1,0,1
B022,2025-05-25 16:00:00,0,612E2790,0,8.721,61.85,1,1,1
B022,2025-05-25 16:00:00,1,612E2800,0,,48.27,1,0,1
B022,2025-05-25 17:00:00,0,612E2790,0,8.616,61.84,1,1,1
B022,2025-05-25 17:00:00,1,612E2800,0,,48.27,1,0,1
B022,2025-05-25 18:00:00,0,612E2790,0,8.505,61.84,1,1,1
B022,2025-05-25 18:00:00,1,612E2800,0,,48.27,1,0,1
B022,2025-05-25 19:00:00,0,612E2790,0,8.275,61.83,1,1,1
B022,2025-05-25 19:00:00,1,612E2800,0,,48.27,1,0,1
B022,2025-05-25 20:00:00,0,612E2790,0,8.261,61.83,1,1,1
B022,2025-05-25 20:00:00,1,612E2800,0,,48.33,1,0,1
B022,2025-05-25 21:00:00,0,612E2790,0,8.115,61.83,1,1,1
B022,2025-05-25 21:00:00,1,612E2800,0,,48.38,1,0,1
B022,2025-05-25 22:00:00,0,612E2790,0,7.975,61.83,1,1,1
B022,2025-05-25 22:00:00,1,612E2800,0,,48.38,1,0,1
B022,2025-05-25 23:00:00,0,612E2790,0,8.022,61.83,1,1,1
B022,2025-05-25 23:00:00,1,612E2800,0,,48.38,1,0,1
B022,2025-05-26 00:00:00,0,612E2790,0,7.857,61.82,1,1,1
B022,2025-05-26 00:00:00,1,612E2800,0,,48.32,1,0,1
B022,2025-05-26 01:00:00,0,612E2790,0,7.779,61.82,1,1,1
B022,2025-05-26 01:00:00,1,612E2800,0,,48.28,1,0,1
B022,2025-05-26 02:00:00,0,612E2790,0,7.825,61.82,1,1,1
B022,2025-05-26 02:00:00,1,612E2800,0,,48.27,1,0,1
B022,2025-05-26 03:00:00,0,612E2790,0,7.707,61.82,1,1,1
B022,2025-05-26 03:00:00,1,612E2800,0,,48.27,1,0,1
B022,2025-05-26 04:00:00,0,612E2790,0,7.689,61.82,1,1,1
B022,2025-05-26 04:00:00,1,612E2800,0,,48.23,1,0,1
B022,2025-05-26 05:00:00,0,612E2790,0,7.649,61.81,1,1,1
B022,2025-05-26 05:00:00,1,612E2800,0,,48.19,1,0,1
B022,2025-05-26 06:00:00,0,612E2790,0,7.622,61.81,1,1,1
B022,2025-05-26 06:00:00,1,612E2800,0,,48.16,1,0,1
B022,2025-05-26 07:00:00,0,612E2790,0.07758423948,7.738,61.81,1,1,1
B022,2025-05-26 07:00:00,1,612E2800,0,,48.13,1,0,1
B022,2025-05-26 08:00:00,0,612E2790,0,7.881,61.81,1,1,1
B022,2025-05-26 08:00:00,1,612E2800,0,,48.12,1,0,1
B022,2025-05-26 09:00:00,0,612E2790,0,7.872,61.81,1,1,1
B022,2025-05-26 09:00:00,1,612E2800,0,,48.23,1,0,1
B022,2025-05-26 10:00:00,0,612E2790,0,7.919,61.81,1,1,1
B022,2025-05-26 10:00:00,1,612E2800,0,,48.26,1,0,1
B022,2025-05-26 11:00:00,0,612E2790,0,7.818,61.8,1,1,1
B022,2025-05-26 11:00:00,1,612E2800,0,,48.27,1,0,1
B022,2025-05-26 12:00:00,0,612E2790,0,7.775,61.8,1,1,1
B022,2025-05-26 12:00:00,1,612E2800,0,,48.25,1,0,1
B022,2025-05-26 13:00:00,0,612E2790,0,7.679,61.79,1,1,1
B022,2025-05-26 13:00:00,1,612E2800,0,,48.22,1,0,1
B022,2025-05-26 14:00:00,0,612E2790,0,7.537,61.79,1,1,1
B022,2025-05-26 14:00:00,1,612E2800,0,,48.25,1,0,1
B022,2025-05-26 15:00:00,0,612E2790,0,,,1,0,0
B022,2025-05-26 15:00:00,1,612E2800,0,,48.26,1,0,1
B022,2025-05-26 16:00:00,0,612E2790,0,7.458,61.79,1,1,1
B022,2025-05-26 16:00:00,1,612E2800,0,,48.26,1,0,1
B022,2025-05-26 17:00:00,0,612E2790,0,7.351,61.79,1,1,1
B022,2025-05-26 17:00:00,1,612E2800,0,,48.26,1,0,1
B022,2025-05-26 18:00:00,0,612E2790,0,7.171,61.78,1,1,1
B022,2025-05-26 18:00:00,1,612E2800,0,,48.26,1,0,1
B022,2025-05-26 19:00:00,0,612E2790,0,6.926,61.78,1,1,1
B022,2025-05-26 19:00:00,1,612E2800,0,,48.29,1,0,1
B022,2025-05-26 20:00:00,0,612E2790,0,6.821,61.78,1,1,1
B022,2025-05-26 20:00:00,1,612E2800,0,,48.35,1,0,1
B022,2025-05-26 21:00:00,0,612E2790,0,6.593,61.77,1,1,1
B022,2025-05-26 21:00:00,1,612E2800,0,,48.36,1,0,1
B022,2025-05-26 22:00:00,0,612E2790,0,,,1,0,0
B022,2025-05-26 22:00:00,1,612E2800,0,,,1,0,0
B022,2025-05-26 23:00:00,0,612E2790,0,6.537,61.77,1,1,1
B022,2025-05-26 23:00:00,1,612E2800,0,,48.33,1,0,1
B022,2025-05-27 00:00:00,0,612E2790,0,6.429,61.76,1,1,1
B022,2025-05-27 00:00:00,1,612E2800,0,,48.23,1,0,1
B022,2025-05-27 01:00:00,0,612E2790,0,6.351,61.76,1,1,1
B022,2025-05-27 01:00:00,1,612E2800,0,,48.18,1,0,1
B022,2025-05-27 02:00:00,0,612E2790,0,6.387,61.76,1,1,1
B022,2025-05-27 02:00:00,1,612E2800,0,,48.15,1,0,1
B022,2025-05-27 03:00:00,0,612E2790,0,6.347,61.76,1,1,1
B022,2025-05-27 03:00:00,1,612E2800,0,,48.12,1,0,1
B022,2025-05-27 04:00:00,0,612E2790,0,6.369,61.76,1,1,1
B022,2025-05-27 04:00:00,1,612E2800,0,,48.1,1,0,1
B022,2025-05-27 05:00:00,0,612E2790,0,6.336,61.76,1,1,1
B022,2025-05-27 05:00:00,1,612E2800,0,,48.16,1,0,1
B022,2025-05-27 06:00:00,0,612E2790,0,6.338,61.76,1,1,1
B022,2025-05-27 06:00:00,1,612E2800,0,,48.25,1,0,1
B022,2025-05-27 07:00:00,0,612E2790,0,6.444,61.77,1,1,1
B022,2025-05-27 07:00:00,1,612E2800,0,,48.27,1,0,1
B022,2025-05-27 08:00:00,0,612E2790,0,6.706,61.77,1,1,1
B022,2025-05-27 08:00:00,1,612E2800,0,,48.27,1,0,1
B022,2025-05-27 09:00:00,0,612E2790,0,6.766,61.77,1,1,1
B022,2025-05-27 09:00:00,1,612E2800,0,,48.27,1,0,1
B022,2025-05-27 10:00:00,0,612E2790,0,6.702,61.77,1,1,1
B022,2025-05-27 10:00:00,1,612E2800,0,,48.27,1,0,1
B022,2025-05-27 11:00:00,0,612E2790,0,6.509,61.76,1,1,1
B022,2025-05-27 11:00:00,1,612E2800,0,,48.27,1,0,1
B022,2025-05-27 12:00:00,0,612E2790,0.03879211974,6.048,61.74,1,1,1
B022,2025-05-27 12:00:00,1,612E2800,0,,48.27,1,0,1
B022,2025-05-27 13:00:00,0,612E2790,0.09108148764,6.042,61.74,1,1,1
B022,2025-05-27 13:00:00,1,612E2800,0.004042942194,,48.27,1,0,1
B022,2025-05-27 14:00:00,0,612E2790,0.09312068808,5.534,61.72,1,1,1
B022,2025-05-27 14:00:00,1,612E2800,0.13473329,,48.35,1,0,1
B022,2025-05-27 15:00:00,0,612E2790,0.2364915436,5.463,61.72,1,1,1
B022,2025-05-27 15:00:00,1,612E2800,0.1315213912,,48.2,1,0,1
B022,2025-05-27 16:00:00,0,612E2790,0.03879211974,5.379,61.71,1,1,1
B022,2025-05-27 16:00:00,1,612E2800,0.02803443091,,,1,0,0
B022,2025-05-27 17:00:00,0,612E2790,0,5.129,61.7,1,1,1
B022,2025-05-27 17:00:00,1,612E2800,0,,48.24,1,0,1
B022,2025-05-27 18:00:00,0,612E2790,0.08021298885,4.881,61.69,1,1,1
B022,2025-05-27 18:00:00,1,612E2800,0,,,1,0,0
B022,2025-05-27 19:00:00,0,612E2790,0.3032072843,5.127,61.7,1,1,1
B022,2025-05-27 19:00:00,1,612E2800,0.1668106631,,48.25,1,0,1
B022,2025-05-27 20:00:00,0,612E2790,0.3994772486,5.333,61.7,1,1,1
B022,2025-05-27 20:00:00,1,612E2800,0.1034869603,,48.26,1,0,1
B022,2025-05-27 21:00:00,0,612E2790,1.281313525,5.271,61.7,1,1,1
B022,2025-05-27 21:00:00,1,612E2800,0.4845263851,,48.26,1,0,1
B022,2025-05-27 22:00:00,0,612E2790,0.5510878536,5.597,61.71,1,1,1
B022,2025-05-27 22:00:00,1,612E2800,0.4411512288,,48.26,1,0,1
B022,2025-05-27 23:00:00,0,612E2790,0.2229942955,5.951,61.75,1,1,1
B022,2025-05-27 23:00:00,1,612E2800,0.0320773731,,,1,0,0
B022,2025-05-28 00:00:00,0,612E2790,0.2359710168,6.684,61.78,1,1,1
B022,2025-05-28 00:00:00,1,612E2800,0.09944401812,,48.23,1,0,1
B022,2025-05-28 01:00:00,0,612E2790,0.5246829062,7.696,61.81,1,1,1
B022,2025-05-28 01:00:00,1,612E2800,0.4258105034,,48.19,1,0,1
B022,2025-05-28 02:00:00,0,612E2790,0.7658423997,8.547,61.84,1,1,1
B022,2025-05-28 02:00:00,1,612E2800,0.4972200906,,48.16,1,0,1
B022,2025-05-28 03:00:00,0,612E2790,0.5464889259,9.248,61.86,1,1,1
B022,2025-05-28 03:00:00,1,612E2800,0.445194171,,48.14,1,0,1
B022,2025-05-28 04:00:00,0,612E2790,0.6012550734,9.953,61.9,1,1,1
B022,2025-05-28 04:00:00,1,612E2800,0.1034869603,,48.12,1,0,1
B022,2025-05-28 05:00:00,0,612E2790,0.10346866,10.866,61.95,1,1,1
B022,2025-05-28 05:00:00,1,612E2800,0.06736664502,,48.11,1,0,1
B022,2025-05-28 06:00:00,0,612E2790,0.1842021757,,,1,0,0
B022,2025-05-28 06:00:00,1,612E2800,0.004042942194,,,1,0,0
B022,2025-05-28 07:00:00,0,612E2790,6.758324256,11.85,61.99,1,1,1
B022,2025-05-28 07:00:00,1,612E2800,3.363795089,,48.45,1,0,1
B022,2025-05-28 08:00:00,0,612E2790,0.07758423948,11.845,61.99,1,1,1
B022,2025-05-28 08:00:00,1,612E2800,0,,48.39,1,0,1
B022,2025-05-28 09:00:00,0,612E2790,0.1319128078,11.937,61.99,1,1,1
B022,2025-05-28 09:00:00,1,612E2800,0.230134366,,48.39,1,0,1
B022,2025-05-28 10:00:00,0,612E2790,0.02588442051,11.631,61.98,1,1,1
B022,2025-05-28 10:00:00,1,612E2800,0.09540107593,,48.39,1,0,1
B022,2025-05-28 11:00:00,0,612E2790,0.02588442051,,,1,0,0
B022,2025-05-28 11:00:00,1,612E2800,0,,,1,0,0
B022,2025-05-28 12:00:00,0,612E2790,0.4019389724,11.667,61.97,1,1,1
B022,2025-05-28 12:00:00,1,612E2800,0.0361203153,,48.39,1,0,1
B022,2025-05-28 13:00:00,0,612E2790,0.248878716,11.442,61.97,1,1,1
B022,2025-05-28 13:00:00,1,612E2800,0.07140958721,,48.39,1,0,1
B022,2025-05-28 14:00:00,0,612E2790,0.07758423948,11.181,61.96,1,1,1
B022,2025-05-28 14:00:00,1,612E2800,0,,48.39,1,0,1
B022,2025-05-28 15:00:00,0,612E2790,0.1163763592,10.994,61.95,1,1,1
B022,2025-05-28 15:00:00,1,612E2800,0,,48.39,1,0,1
B022,2025-05-28 16:00:00,0,612E2790,0.07758423948,10.692,61.92,1,1,1
B022,2025-05-28 16:00:00,1,612E2800,0,,48.35,1,0,1
B022,2025-05-28 17:00:00,0,612E2790,0,,,1,0,0
B022,2025-05-28 17:00:00,1,612E2800,0,,48.3,1,0,1
B022,2025-05-28 18:00:00,0,612E2790,0.1163763592,10.248,61.91,1,1,1
B022,2025-05-28 18:00:00,1,612E2800,0,,,1,0,0
B022,2025-05-28 19:00:00,0,612E2790,0.07758423948,10.011,61.9,1,1,1
B022,2025-05-28 19:00:00,1,612E2800,0,,48.38,1,0,1
B022,2025-05-28 20:00:00,0,612E2790,0.06467654025,9.741,61.89,1,1,1
B022,2025-05-28 20:00:00,1,612E2800,0,,48.38,1,0,1
B022,2025-05-28 21:00:00,0,612E2790,0.06467654025,9.65,61.88,1,1,1
B022,2025-05-28 21:00:00,1,612E2800,0,,48.38,1,0,1
B022,2025-05-28 22:00:00,0,612E2790,0.09312068808,9.42,61.87,1,1,1
B022,2025-05-28 22:00:00,1,612E2800,0,,48.38,1,0,1
B022,2025-05-28 23:00:00,0,612E2790,0.03879211974,9.172,61.86,1,1,1
B022,2025-05-28 23:00:00,1,612E2800,0,,48.38,1,0,1
B022,2025-05-29 00:00:00,0,612E2790,0.03879211974,8.946,61.86,1,1,1
B022,2025-05-29 00:00:00,1,612E2800,0,,48.37,1,0,1
B022,2025-05-29 01:00:00,0,612E2790,0,8.716,61.85,1,1,1
B022,2025-05-29 01:00:00,1,612E2800,0,,48.3,1,0,1
B022,2025-05-29 02:00:00,0,612E2790,0,8.523,61.84,1,1,1
B022,2025-05-29 02:00:00,1,612E2800,0,,48.27,1,0,1
B022,2025-05-29 03:00:00,0,612E2790,0,8.379,61.84,1,1,1
B022,2025-05-29 03:00:00,1,612E2800,0,,48.27,1,0,1
B022,2025-05-29 04:00:00,0,612E2790,0,8.272,61.83,1,1,1
B022,2025-05-29 04:00:00,1,612E2800,0,,48.26,1,0,1
B022,2025-05-29 05:00:00,0,612E2790,0,8.079,61.83,1,1,1
B022,2025-05-29 05:00:00,1,612E2800,0,,48.26,1,0,1
B022,2025-05-29 06:00:00,0,612E2790,0,7.818,61.82,1,1,1
B022,2025-05-29 06:00:00,1,612E2800,0,,48.26,1,0,1
B022,2025-05-29 07:00:00,0,612E2790,1.677647022,7.725,61.81,1,1,1
B022,2025-05-29 07:00:00,1,612E2800,0.4330653444,,48.26,1,0,1
B022,2025-05-29 08:00:00,0,612E2790,0,7.64,61.81,1,1,1
B022,2025-05-29 08:00:00,1,612E2800,0,,48.26,1,0,1
B022,2025-05-29 09:00:00,0,612E2790,0,7.454,61.8,1,1,1
B022,2025-05-29 09:00:00,1,612E2800,0,,48.26,1,0,1
B022,2025-05-29 10:00:00,0,612E2790,0,7.602,61.8,1,1,1
B022,2025-05-29 10:00:00,1,612E2800,0,,48.35,1,0,1
B022,2025-05-29 11:00:00,0,612E2790,0,7.307,61.8,1,1,1
B022,2025-05-29 11:00:00,1,612E2800,0,,48.37,1,0,1
B022,2025-05-29 12:00:00,0,612E2790,0,7.572,61.79,1,1,1
B022,2025-05-29 12:00:00,1,612E2800,0,,48.26,1,0,1
B022,2025-05-29 13:00:00,0,612E2790,0,7.227,61.79,1,1,1
B022,2025-05-29 13:00:00,1,612E2800,0,,,1,0,0
B022,2025-05-29 14:00:00,0,612E2790,0,7.247,61.78,1,1,1
B022,2025-05-29 14:00:00,1,612E2800,0,,48.26,1,0,1
B022,2025-05-29 15:00:00,0,612E2790,0,6.937,61.78,1,1,1
B022,2025-05-29 15:00:00,1,612E2800,0,,48.26,1,0,1
B022,2025-05-29 16:00:00,0,612E2790,0,7.162,61.78,1,1,1
B022,2025-05-29 16:00:00,1,612E2800,0,,,1,0,0
B022,2025-05-29 17:00:00,0,612E2790,0,7.12,61.78,1,1,1
B022,2025-05-29 17:00:00,1,612E2800,0,,48.26,1,0,1
B022,2025-05-29 18:00:00,0,612E2790,0,6.666,61.76,1,1,1
B022,2025-05-29 18:00:00,1,612E2800,0,,48.26,1,0,1
B022,2025-05-29 19:00:00,0,612E2790,0,6.326,61.75,1,1,1
B022,2025-05-29 19:00:00,1,612E2800,0,,48.26,1,0,1
B022,2025-05-29 20:00:00,0,612E2790,0,6.315,61.75,1,1,1
B022,2025-05-29 20:00:00,1,612E2800,0,,48.26,1,0,1
B022,2025-05-29 21:00:00,0,612E2790,0,6.206,61.75,1,1,1
B022,2025-05-29 21:00:00,1,612E2800,0,,48.27,1,0,1
B022,2025-05-29 22:00:00,0,612E2790,0,6.093,61.75,1,1,1
B022,2025-05-29 22:00:00,1,612E2800,0,,48.27,1,0,1
B022,2025-05-29 23:00:00,0,612E2790,0,6.032,61.74,1,1,1
B022,2025-05-29 23:00:00,1,612E2800,0,,48.27,1,0,1
B022,2025-05-30 00:00:00,0,612E2790,0,5.971,61.74,1,1,1
B022,2025-05-30 00:00:00,1,612E2800,0,,48.22,1,0,1
B022,2025-05-30 01:00:00,0,612E2790,0,5.882,61.74,1,1,1
B022,2025-05-30 01:00:00,1,612E2800,0,,,1,0,0
B022,2025-05-30 02:00:00,0,612E2790,0,5.77,61.74,1,1,1
B022,2025-05-30 02:00:00,1,612E2800,0,,48.18,1,0,1
B022,2025-05-30 03:00:00,0,612E2790,0,5.752,61.73,1,1,1
B022,2025-05-30 03:00:00,1,612E2800,0,,48.16,1,0,1
B022,2025-05-30 04:00:00,0,612E2790,0,5.652,61.73,1,1,1
B022,2025-05-30 04:00:00,1,612E2800,0,,48.24,1,0,1
B022,2025-05-30 05:00:00,0,612E2790,0,5.622,61.73,1,1,1
B022,2025-05-30 05:00:00,1,612E2800,0,,48.26,1,0,1
B022,2025-05-30 06:00:00,0,612E2790,0,5.544,61.72,1,1,1
B022,2025-05-30 06:00:00,1,612E2800,0,,48.27,1,0,1
B022,2025-05-30 07:00:00,0,612E2790,0,5.62,61.72,1,1,1
B022,2025-05-30 07:00:00,1,612E2800,0,,48.27,1,0,1
B022,2025-05-30 08:00:00,0,612E2790,0,5.719,61.72,1,1,1
B022,2025-05-30 08:00:00,1,612E2800,0,,48.27,1,0,1
B022,2025-05-30 09:00:00,0,612E2790,0,5.79,61.72,1,1,1
B022,2025-05-30 09:00:00,1,612E2800,0,,48.22,1,0,1
B022,2025-05-30 10:00:00,0,612E2790,0,5.855,61.72,1,1,1
B022,2025-05-30 10:00:00,1,612E2800,0,,,1,0,0
B022,2025-05-30 11:00:00,0,612E2790,0,5.659,61.72,1,1,1
B022,2025-05-30 11:00:00,1,612E2800,0,,48.18,1,0,1
B022,2025-05-30 12:00:00,0,612E2790,0,5.72,61.71,1,1,1
B022,2025-05-30 12:00:00,1,612E2800,0,,48.15,1,0,1
B022,2025-05-30 13:00:00,0,612E2790,0,5.539,61.71,1,1,1
B022,2025-05-30 13:00:00,1,612E2800,0,,48.12,1,0,1
B022,2025-05-30 14:00:00,0,612E2790,0,5.543,61.71,1,1,1
B022,2025-05-30 14:00:00,1,612E2800,0,,48.1,1,0,1
B022,2025-05-30 15:00:00,0,612E2790,0,5.413,61.71,1,1,1
B022,2025-05-30 15:00:00,1,612E2800,0,,48.09,1,0,1
B022,2025-05-30 16:00:00,0,612E2790,0,5.352,61.7,1,1,1
B022,2025-05-30 16:00:00,1,612E2800,0,,48.09,1,0,1
B022,2025-05-30 17:00:00,0,612E2790,0,5.279,61.7,1,1,1
B022,2025-05-30 17:00:00,1,612E2800,0,,48.35,1,0,1
B022,2025-05-30 18:00:00,0,612E2790,0,5.295,61.7,1,1,1
B022,2025-05-30 18:00:00,1,612E2800,0,,,1,0,0
B022,2025-05-30 19:00:00,0,612E2790,0,5.161,61.7,1,1,1
B022,2025-05-30 19:00:00,1,612E2800,0,,48.37,1,0,1
B022,2025-05-30 20:00:00,0,612E2790,0,4.956,61.69,1,1,1
B022,2025-05-30 20:00:00,1,612E2800,0,,48.29,1,0,1
B022,2025-05-30 21:00:00,0,612E2790,0,4.994,61.69,1,1,1
B022,2025-05-30 21:00:00,1,612E2800,0,,48.22,1,0,1
B022,2025-05-30 22:00:00,0,612E2790,0,4.891,61.69,1,1,1
B022,2025-05-30 22:00:00,1,612E2800,0,,48.17,1,0,1
B022,2025-05-30 23:00:00,0,612E2790,0,4.828,61.68,1,1,1
B022,2025-05-30 23:00:00,1,612E2800,0,,48.14,1,0,1
B022,2025-05-31 00:00:00,0,612E2790,0,4.822,61.68,1,1,1
B022,2025-05-31 00:00:00,1,612E2800,0,,48.12,1,0,1
B022,2025-05-31 01:00:00,0,612E2790,0,4.749,61.68,1,1,1
B022,2025-05-31 01:00:00,1,612E2800,0,,48.09,1,0,1
B022,2025-05-31 02:00:00,0,612E2790,0,4.727,61.68,1,1,1
B022,2025-05-31 02:00:00,1,612E2800,0,,48.09,1,0,1
B022,2025-05-31 03:00:00,0,612E2790,0,4.765,61.68,1,1,1
B022,2025-05-31 03:00:00,1,612E2800,0,,48.08,1,0,1
B022,2025-05-31 04:00:00,0,612E2790,0,4.765,61.68,1,1,1
B022,2025-05-31 04:00:00,1,612E2800,0.06736664502,,,1,0,0
B022,2025-05-31 05:00:00,0,612E2790,0.06519706713,4.763,61.68,1,1,1
B022,2025-05-31 05:00:00,1,612E2800,0.004042942194,,,1,0,0
B022,2025-05-31 06:00:00,0,612E2790,0,4.706,61.68,1,1,1
B022,2025-05-31 06:00:00,1,612E2800,0,,48.08,1,0,1
B022,2025-05-31 07:00:00,0,612E2790,0.06519706713,4.782,61.68,1,1,1
B022,2025-05-31 07:00:00,1,612E2800,0.07140958721,,48.07,1,0,1
B022,2025-05-31 08:00:00,0,612E2790,0,4.868,61.68,1,1,1
B022,2025-05-31 08:00:00,1,612E2800,0,,48.25,1,0,1
B022,2025-09-01 01:00:00,0,612E2790,0,3.607,61.59,1,1,1
B022,2025-09-01 01:00:00,1,612E2800,0,,48.24,1,0,1
B022,2025-09-01 02:00:00,0,612E2790,0,3.589,61.59,1,1,1
B022,2025-09-01 02:00:00,1,612E2800,0,,48.22,1,0,1
B022,2025-09-01 03:00:00,0,612E2790,0,3.596,61.59,1,1,1
B022,2025-09-01 03:00:00,1,612E2800,0,,48.19,1,0,1
B022,2025-09-01 04:00:00,0,612E2790,0,3.674,61.59,1,1,1
B022,2025-09-01 04:00:00,1,612E2800,0,,48.18,1,0,1
B022,2025-09-01 05:00:00,0,612E2790,0,3.546,61.59,1,1,1
B022,2025-09-01 05:00:00,1,612E2800,0,,48.17,1,0,1
B022,2025-09-01 06:00:00,0,612E2790,0,3.532,61.59,1,1,1
B022,2025-09-01 06:00:00,1,612E2800,0,,48.17,1,0,1
B022,2025-09-01 07:00:00,0,612E2790,0.09056096077,3.568,61.59,1,1,1
B022,2025-09-01 07:00:00,1,612E2800,0,,48.17,1,0,1
B022,2025-09-01 08:00:00,0,612E2790,0,3.482,61.59,1,1,1
B022,2025-09-01 08:00:00,1,612E2800,0,,48.17,1,0,1
B022,2025-09-01 09:00:00,0,612E2790,0,3.58,61.58,1,1,1
B022,2025-09-01 09:00:00,1,612E2800,0,,48.17,1,0,1
B022,2025-09-01 10:00:00,0,612E2790,0,3.592,61.58,1,1,1
B022,2025-09-01 10:00:00,1,612E2800,0,,48.17,1,0,1
B022,2025-09-01 11:00:00,0,612E2790,0,3.546,61.58,1,1,1
B022,2025-09-01 11:00:00,1,612E2800,0,,48.21,1,0,1
B022,2025-09-01 12:00:00,0,612E2790,0,,,1,0,0
B022,2025-09-01 12:00:00,1,612E2800,0,,48.28,1,0,1
B022,2025-09-01 13:00:00,0,612E2790,0.03879211974,3.59,61.57,1,1,1
B022,2025-09-01 13:00:00,1,612E2800,0,,48.3,1,0,1
B022,2025-09-01 14:00:00,0,612E2790,0,3.71,61.57,1,1,1
B022,2025-09-01 14:00:00,1,612E2800,0,,48.3,1,0,1
B022,2025-09-01 15:00:00,0,612E2790,0,3.617,61.57,1,1,1
B022,2025-09-01 15:00:00,1,612E2800,0,,48.3,1,0,1
B022,2025-09-01 16:00:00,0,612E2790,0,3.456,61.57,1,1,1
B022,2025-09-01 16:00:00,1,612E2800,0,,48.3,1,0,1
B022,2025-09-01 17:00:00,0,612E2790,0.2256230448,3.539,61.57,1,1,1
B022,2025-09-01 17:00:00,1,612E2800,0.004042942194,,48.28,1,0,1
B022,2025-09-01 18:00:00,0,612E2790,0,3.463,61.56,1,1,1
B022,2025-09-01 18:00:00,1,612E2800,0,,48.24,1,0,1
B022,2025-09-01 19:00:00,0,612E2790,0,3.445,61.56,1,1,1
B022,2025-09-01 19:00:00,1,612E2800,0,,48.21,1,0,1
B022,2025-09-01 20:00:00,0,612E2790,0,3.435,61.56,1,1,1
B022,2025-09-01 20:00:00,1,612E2800,0,,48.19,1,0,1
B022,2025-09-01 21:00:00,0,612E2790,0,3.357,61.56,1,1,1
B022,2025-09-01 21:00:00,1,612E2800,0,,48.18,1,0,1
B022,2025-09-01 22:00:00,0,612E2790,0,3.364,61.56,1,1,1
B022,2025-09-01 22:00:00,1,612E2800,0,,48.17,1,0,1
B022,2025-09-01 23:00:00,0,612E2790,0,3.331,61.56,1,1,1
B022,2025-09-01 23:00:00,1,612E2800,0,,48.17,1,0,1
B022,2025-09-02 00:00:00,0,612E2790,0,3.345,61.56,1,1,1
B022,2025-09-02 00:00:00,1,612E2800,0,,48.17,1,0,1
B022,2025-09-02 01:00:00,0,612E2790,0,3.362,61.56,1,1,1
B022,2025-09-02 01:00:00,1,612E2800,0,,48.17,1,0,1
B022,2025-09-02 02:00:00,0,612E2790,0,3.339,61.56,1,1,1
B022,2025-09-02 02:00:00,1,612E2800,0,,48.16,1,0,1
B022,2025-09-02 03:00:00,0,612E2790,0,3.343,61.56,1,1,1
B022,2025-09-02 03:00:00,1,612E2800,0,,48.16,1,0,1
B022,2025-09-02 04:00:00,0,612E2790,0,3.334,61.56,1,1,1
B022,2025-09-02 04:00:00,1,612E2800,0,,48.16,1,0,1
B022,2025-09-02 05:00:00,0,612E2790,0,3.281,61.56,1,1,1
B022,2025-09-02 05:00:00,1,612E2800,0,,48.16,1,0,1
B022,2025-09-02 06:00:00,0,612E2790,0,3.319,61.56,1,1,1
B022,2025-09-02 06:00:00,1,612E2800,0,,48.16,1,0,1
B022,2025-09-02 07:00:00,0,612E2790,0.2683710064,3.341,61.56,1,1,1
B022,2025-09-02 07:00:00,1,612E2800,0.004042942194,,48.15,1,0,1
B022,2025-09-02 08:00:00,0,612E2790,0.162985705,3.273,61.56,1,1,1
B022,2025-09-02 08:00:00,1,612E2800,0,,48.15,1,0,1
B022,2025-09-02 09:00:00,0,612E2790,0.1997386243,3.472,61.57,1,1,1
B022,2025-09-02 09:00:00,1,612E2800,0.2735095223,,48.2,1,0,1
B022,2025-09-02 10:00:00,0,612E2790,0,3.447,61.56,1,1,1
B022,2025-09-02 10:00:00,1,612E2800,0,,48.27,1,0,1
B022,2025-09-02 11:00:00,0,612E2790,0,3.521,61.56,1,1,1
B022,2025-09-02 11:00:00,1,612E2800,0,,48.29,1,0,1
B022,2025-09-02 12:00:00,0,612E2790,0,3.738,61.57,1,1,1
B022,2025-09-02 12:00:00,1,612E2800,0,,48.29,1,0,1
B022,2025-09-02 13:00:00,0,612E2790,0.02588442051,3.6,61.57,1,1,1
B022,2025-09-02 13:00:00,1,612E2800,0,,48.29,1,0,1
B022,2025-09-02 14:00:00,0,612E2790,0.4275789543,3.473,61.57,1,1,1
B022,2025-09-02 14:00:00,1,612E2800,0.004042942194,,48.29,1,0,1
B022,2025-09-02 15:00:00,0,612E2790,3.698545773,3.525,61.57,1,1,1
B022,2025-09-02 15:00:00,1,612E2800,0.07277295949,,48.25,1,0,1
B022,2025-09-02 16:00:00,0,612E2790,0,3.569,61.57,1,1,1
B022,2025-09-02 16:00:00,1,612E2800,0,,48.22,1,0,1
B022,2025-09-02 17:00:00,0,612E2790,0,3.666,61.58,1,1,1
B022,2025-09-02 17:00:00,1,612E2800,0,,48.19,1,0,1
B022,2025-09-02 18:00:00,0,612E2790,0,3.835,61.6,1,1,1
B022,2025-09-02 18:00:00,1,612E2800,0,,48.18,1,0,1
B022,2025-09-02 19:00:00,0,612E2790,0,5.693,61.71,1,1,1
B022,2025-09-02 19:00:00,1,612E2800,0,,48.17,1,0,1
B022,2025-09-02 20:00:00,0,612E2790,0,6.556,61.75,1,1,1
B022,2025-09-02 20:00:00,1,612E2800,0,,48.17,1,0,1
B022,2025-09-02 21:00:00,0,612E2790,0,7.275,61.77,1,1,1
B022,2025-09-02 21:00:00,1,612E2800,0,,48.17,1,0,1
B022,2025-09-02 22:00:00,0,612E2790,0,8.098,61.81,1,1,1
B022,2025-09-02 22:00:00,1,612E2800,0,,48.17,1,0,1
B022,2025-09-02 23:00:00,0,612E2790,0,7.842,61.79,1,1,1
B022,2025-09-02 23:00:00,1,612E2800,0,,48.16,1,0,1
B022,2025-09-03 00:00:00,0,612E2790,0,7.098,61.77,1,1,1
B022,2025-09-03 00:00:00,1,612E2800,0,,48.16,1,0,1
B022,2025-09-03 01:00:00,0,612E2790,0.03879211974,6.437,61.75,1,1,1
B022,2025-09-03 01:00:00,1,612E2800,0,,48.16,1,0,1
B022,2025-09-03 02:00:00,0,612E2790,0,5.808,61.73,1,1,1
B022,2025-09-03 02:00:00,1,612E2800,0,,48.18,1,0,1
B022,2025-09-03 03:00:00,0,612E2790,0.03879211974,5.403,61.72,1,1,1
B022,2025-09-03 03:00:00,1,612E2800,0,,48.27,1,0,1
B022,2025-09-03 04:00:00,0,612E2790,0,5.154,61.7,1,1,1
B022,2025-09-03 04:00:00,1,612E2800,0,,48.29,1,0,1
B022,2025-09-03 05:00:00,0,612E2790,0,4.894,61.69,1,1,1
B022,2025-09-03 05:00:00,1,612E2800,0,,48.29,1,0,1
B022,2025-09-03 06:00:00,0,612E2790,0,4.728,61.68,1,1,1
B022,2025-09-03 06:00:00,1,612E2800,0,,48.29,1,0,1
B022,2025-09-03 07:00:00,0,612E2790,4.592317716,4.576,61.67,1,1,1
B022,2025-09-03 07:00:00,1,612E2800,0.3503254239,,48.29,1,0,1
B022,2025-09-03 08:00:00,0,612E2790,0,4.379,61.66,1,1,1
B022,2025-09-03 08:00:00,1,612E2800,0,,48.29,1,0,1
B022,2025-09-03 09:00:00,0,612E2790,0,4.338,61.65,1,1,1
B022,2025-09-03 09:00:00,1,612E2800,0,,48.29,1,0,1
B022,2025-09-03 10:00:00,0,612E2790,0,4.273,61.64,1,1,1
B022,2025-09-03 10:00:00,1,612E2800,0,,48.29,1,0,1
B022,2025-09-03 11:00:00,0,612E2790,0,4.359,61.64,1,1,1
B022,2025-09-03 11:00:00,1,612E2800,0,,48.29,1,0,1
B022,2025-09-03 12:00:00,0,612E2790,0,4.308,61.63,1,1,1
B022,2025-09-03 12:00:00,1,612E2800,0,,48.29,1,0,1
B022,2025-09-03 13:00:00,0,612E2790,0.02588442051,4.109,61.63,1,1,1
B022,2025-09-03 13:00:00,1,612E2800,0.8083997402,,48.3,1,0,1
B022,2025-09-03 14:00:00,0,612E2790,1.499532544,4.523,61.63,1,1,1
B022,2025-09-03 14:00:00,1,612E2800,0.2950876055,,48.3,1,0,1
B022,2025-09-03 15:00:00,0,612E2790,0,4.634,61.67,1,1,1
B022,2025-09-03 15:00:00,1,612E2800,0,,48.3,1,0,1
B022,2025-09-03 16:00:00,0,612E2790,0,6.353,61.74,1,1,1
B022,2025-09-03 16:00:00,1,612E2800,0,,48.25,1,0,1
B022,2025-09-03 17:00:00,0,612E2790,0,9.573,61.85,1,1,1
B022,2025-09-03 17:00:00,1,612E2800,0,,48.27,1,0,1
B022,2025-09-03 18:00:00,0,612E2790,0,9.387,61.86,1,1,1
B022,2025-09-03 18:00:00,1,612E2800,0,,48.28,1,0,1
B022,2025-09-03 19:00:00,0,612E2790,0,8.565,61.83,1,1,1
B022,2025-09-03 19:00:00,1,612E2800,0,,48.24,1,0,1
B022,2025-09-03 20:00:00,0,612E2790,0,7.822,61.79,1,1,1
B022,2025-09-03 20:00:00,1,612E2800,0,,48.21,1,0,1
B022,2025-09-03 21:00:00,0,612E2790,0,7.248,61.77,1,1,1
B022,2025-09-03 21:00:00,1,612E2800,0,,48.19,1,0,1
B022,2025-09-03 22:00:00,0,612E2790,0,6.361,61.75,1,1,1
B022,2025-09-03 22:00:00,1,612E2800,0,,48.18,1,0,1
B022,2025-09-03 23:00:00,0,612E2790,0,5.819,61.73,1,1,1
B022,2025-09-03 23:00:00,1,612E2800,0,,48.17,1,0,1
B022,2025-09-04 00:00:00,0,612E2790,0.03879211974,5.412,61.72,1,1,1
B022,2025-09-04 00:00:00,1,612E2800,0,,48.2,1,0,1
B022,2025-09-04 01:00:00,0,612E2790,0,5.168,61.7,1,1,1
B022,2025-09-04 01:00:00,1,612E2800,0,,48.27,1,0,1
B022,2025-09-04 02:00:00,0,612E2790,0,4.923,61.69,1,1,1
B022,2025-09-04 02:00:00,1,612E2800,0,,48.28,1,0,1
B022,2025-09-04 03:00:00,0,612E2790,0,4.697,61.68,1,1,1
B022,2025-09-04 03:00:00,1,612E2800,0,,48.29,1,0,1
B022,2025-09-04 04:00:00,0,612E2790,0,4.506,61.67,1,1,1
B022,2025-09-04 04:00:00,1,612E2800,0,,48.29,1,0,1
B022,2025-09-04 05:00:00,0,612E2790,0,4.357,61.66,1,1,1
B022,2025-09-04 05:00:00,1,612E2800,0,,48.29,1,0,1
B022,2025-09-04 06:00:00,0,612E2790,0,4.215,61.65,1,1,1
B022,2025-09-04 06:00:00,1,612E2800,0,,48.29,1,0,1
B022,2025-09-04 07:00:00,0,612E2790,1.564209084,4.133,61.64,1,1,1
B022,2025-09-04 07:00:00,1,612E2800,1.103487346,,48.29,1,0,1
B022,2025-09-04 08:00:00,0,612E2790,0,4.126,61.64,1,1,1
B022,2025-09-04 08:00:00,1,612E2800,0,,48.29,1,0,1
B022,2025-09-04 09:00:00,0,612E2790,0,4.192,61.63,1,1,1
B022,2025-09-04 09:00:00,1,612E2800,0,,48.29,1,0,1
B022,2025-09-04 10:00:00,0,612E2790,0.03879211974,4.113,61.63,1,1,1
B022,2025-09-04 10:00:00,1,612E2800,0,,48.29,1,0,1
B022,2025-09-04 11:00:00,0,612E2790,0,4.135,61.63,1,1,1
B022,2025-09-04 11:00:00,1,612E2800,0,,48.29,1,0,1
B022,2025-09-04 12:00:00,0,612E2790,0,4.073,61.63,1,1,1
B022,2025-09-04 12:00:00,1,612E2800,0,,48.29,1,0,1
B022,2025-09-04 13:00:00,0,612E2790,0,4.15,61.62,1,1,1
B022,2025-09-04 13:00:00,1,612E2800,0,,48.28,1,0,1
B022,2025-09-04 14:00:00,0,612E2790,0,4.151,61.62,1,1,1
B022,2025-09-04 14:00:00,1,612E2800,0,,48.27,1,0,1
B022,2025-09-04 15:00:00,0,612E2790,0,4.042,61.61,1,1,1
B022,2025-09-04 15:00:00,1,612E2800,0,,48.23,1,0,1
B022,2025-09-04 16:00:00,0,612E2790,0,3.918,61.61,1,1,1
B022,2025-09-04 16:00:00,1,612E2800,0,,48.21,1,0,1
B022,2025-09-04 17:00:00,0,612E2790,0,4.015,61.61,1,1,1
B022,2025-09-04 17:00:00,1,612E2800,0,,48.19,1,0,1
B022,2025-09-04 18:00:00,0,612E2790,0,3.877,61.61,1,1,1
B022,2025-09-04 18:00:00,1,612E2800,0,,48.18,1,0,1
B022,2025-09-04 19:00:00,0,612E2790,0,3.751,61.6,1,1,1
B022,2025-09-04 19:00:00,1,612E2800,0,,48.17,1,0,1
B022,2025-09-04 20:00:00,0,612E2790,0,3.726,61.6,1,1,1
B022,2025-09-04 20:00:00,1,612E2800,0,,48.17,1,0,1
B022,2025-09-04 21:00:00,0,612E2790,0,3.691,61.6,1,1,1
B022,2025-09-04 21:00:00,1,612E2800,0,,48.16,1,0,1
B022,2025-09-04 22:00:00,0,612E2790,0,3.873,61.62,1,1,1
B022,2025-09-04 22:00:00,1,612E2800,0,,48.16,1,0,1
B022,2025-09-04 23:00:00,0,612E2790,0,4.1,61.64,1,1,1
B022,2025-09-04 23:00:00,1,612E2800,0,,48.16,1,0,1
B022,2025-09-05 00:00:00,0,612E2790,0,4.058,61.64,1,1,1
B022,2025-09-05 00:00:00,1,612E2800,0,,48.15,1,0,1
B022,2025-09-05 01:00:00,0,612E2790,0,3.993,61.63,1,1,1
B022,2025-09-05 01:00:00,1,612E2800,0,,48.15,1,0,1
B022,2025-09-05 02:00:00,0,612E2790,0,3.931,61.62,1,1,1
B022,2025-09-05 02:00:00,1,612E2800,0,,48.15,1,0,1
B022,2025-09-05 03:00:00,0,612E2790,0,3.875,61.62,1,1,1
B022,2025-09-05 03:00:00,1,612E2800,0,,48.25,1,0,1
B022,2025-09-05 04:00:00,0,612E2790,0,3.736,61.61,1,1,1
B022,2025-09-05 04:00:00,1,612E2800,0,,48.28,1,0,1
B022,2025-09-05 05:00:00,0,612E2790,0.03879211974,3.673,61.6,1,1,1
B022,2025-09-05 05:00:00,1,612E2800,0,,48.28,1,0,1
B022,2025-09-05 06:00:00,0,612E2790,0,3.656,61.6,1,1,1
B022,2025-09-05 06:00:00,1,612E2800,0,,48.29,1,0,1
B022,2025-09-05 07:00:00,0,612E2790,0.07758423948,3.701,61.59,1,1,1
B022,2025-09-05 07:00:00,1,612E2800,0,,48.29,1,0,1
B022,2025-09-05 08:00:00,0,612E2790,0,3.716,61.59,1,1,1
B022,2025-09-05 08:00:00,1,612E2800,0,,48.29,1,0,1
B022,2025-09-05 09:00:00,0,612E2790,0,3.739,61.59,1,1,1
B022,2025-09-05 09:00:00,1,612E2800,0,,48.29,1,0,1
B022,2025-09-05 10:00:00,0,612E2790,0,3.639,61.58,1,1,1
B022,2025-09-05 10:00:00,1,612E2800,0,,48.29,1,0,1
B022,2025-09-05 11:00:00,0,612E2790,0,3.795,61.59,1,1,1
B022,2025-09-05 11:00:00,1,612E2800,0,,48.28,1,0,1
B022,2025-09-05 12:00:00,0,612E2790,0,3.962,61.58,1,1,1
B022,2025-09-05 12:00:00,1,612E2800,0,,48.26,1,0,1
B022,2025-09-05 13:00:00,0,612E2790,0.08021298885,3.89,61.58,1,1,1
B022,2025-09-05 13:00:00,1,612E2800,0,,48.22,1,0,1
B022,2025-09-05 14:00:00,0,612E2790,0,3.753,61.58,1,1,1
B022,2025-09-05 14:00:00,1,612E2800,0,,48.2,1,0,1
B022,2025-09-05 15:00:00,0,612E2790,0,3.652,61.58,1,1,1
B022,2025-09-05 15:00:00,1,612E2800,0,,48.18,1,0,1
B022,2026-03-23 14:00:00,0,612E2790,0,26.827,62.32,1,1,1
B022,2026-03-23 14:00:00,1,612E2800,0,,48.67,1,0,1
B022,2026-03-23 15:00:00,0,612E2790,0,26.373,62.31,1,1,1
B022,2026-03-23 15:00:00,1,612E2800,0,,48.48,1,0,1
B022,2026-03-23 16:00:00,0,612E2790,0,25.94,62.3,1,1,1
B022,2026-03-23 16:00:00,1,612E2800,0,,48.67,1,0,1
B022,2026-03-23 17:00:00,0,612E2790,0,25.553,62.29,1,1,1
B022,2026-03-23 17:00:00,1,612E2800,0,,48.76,1,0,1
B022,2026-03-23 18:00:00,0,612E2790,0,24.998,62.29,1,1,1
B022,2026-03-23 18:00:00,1,612E2800,0,,48.71,1,0,1
B022,2026-03-23 19:00:00,0,612E2790,0,25.339,62.29,1,1,1
B022,2026-03-23 19:00:00,1,612E2800,0,,48.67,1,0,1
B022,2026-03-23 20:00:00,0,612E2790,0,25.154,62.29,1,1,1
B022,2026-03-23 20:00:00,1,612E2800,0,,48.63,1,0,1
B022,2026-03-23 21:00:00,0,612E2790,0,,,1,0,0
B022,2026-03-23 21:00:00,1,612E2800,0,,48.66,1,0,1
B022,2026-03-23 22:00:00,0,612E2790,0,,,1,0,0
B022,2026-03-23 22:00:00,1,612E2800,0,,48.68,1,0,1
B022,2026-03-23 23:00:00,0,612E2790,0,,,1,0,0
B022,2026-03-23 23:00:00,1,612E2800,0,,48.67,1,0,1
B022,2026-03-24 00:00:00,0,612E2790,0,,,1,0,0
B022,2026-03-24 00:00:00,1,612E2800,0,,48.66,1,0,1
B022,2026-03-24 01:00:00,0,612E2790,0,,,1,0,0
B022,2026-03-24 01:00:00,1,612E2800,0,,48.67,1,0,1
B022,2026-03-24 02:00:00,0,612E2790,0,,,1,0,0
B022,2026-03-24 02:00:00,1,612E2800,0,,48.66,1,0,1
B022,2026-03-24 03:00:00,0,612E2790,0,,,1,0,0
B022,2026-03-24 03:00:00,1,612E2800,0,,48.68,1,0,1
B022,2026-03-24 04:00:00,0,612E2790,0,,,1,0,0
B022,2026-03-24 04:00:00,1,612E2800,0,,48.69,1,0,1
B022,2026-03-24 05:00:00,0,612E2790,0,,,1,0,0
B022,2026-03-24 05:00:00,1,612E2800,0,,48.73,1,0,1
B022,2026-03-24 06:00:00,0,612E2790,0,,,1,0,0
B022,2026-03-24 06:00:00,1,612E2800,0,,48.8,1,0,1
B022,2026-03-24 07:00:00,0,612E2790,0,,,1,0,0
B022,2026-03-24 07:00:00,1,612E2800,0,,48.88,1,0,1
B022,2026-03-24 08:00:00,0,612E2790,0,,62.29,1,0,1
B022,2026-03-24 08:00:00,1,612E2800,0,,48.9,1,0,1
B022,2026-03-24 09:00:00,0,612E2790,0,,,1,0,0
B022,2026-03-24 09:00:00,1,612E2800,0,,48.89,1,0,1
B022,2026-03-24 10:00:00,0,612E2790,0,,,1,0,0
B022,2026-03-24 10:00:00,1,612E2800,0,,48.9,1,0,1
B022,2026-03-24 11:00:00,0,612E2790,0,34.81,62.49,1,1,1
B022,2026-03-24 11:00:00,1,612E2800,0,,48.88,1,0,1
B022,2026-03-24 12:00:00,0,612E2790,0,34.685,62.49,1,1,1
B022,2026-03-24 12:00:00,1,612E2800,0,,48.98,1,0,1
B022,2026-03-24 13:00:00,0,612E2790,0,34.066,62.47,1,1,1
B022,2026-03-24 13:00:00,1,612E2800,0,,48.8,1,0,1
B022,2026-03-24 14:00:00,0,612E2790,0,33.626,62.46,1,1,1
B022,2026-03-24 14:00:00,1,612E2800,0,,48.7,1,0,1
B022,2026-03-24 15:00:00,0,612E2790,0,32.918,62.45,1,1,1
B022,2026-03-24 15:00:00,1,612E2800,0,,48.82,1,0,1
B022,2026-03-24 16:00:00,0,612E2790,0,32.107,62.43,1,1,1
B022,2026-03-24 16:00:00,1,612E2800,0,,48.83,1,0,1
B022,2026-03-24 17:00:00,0,612E2790,0,31.412,62.43,1,1,1
B022,2026-03-24 17:00:00,1,612E2800,0,,48.82,1,0,1
B022,2026-03-24 18:00:00,0,612E2790,0,30.689,62.41,1,1,1
B022,2026-03-24 18:00:00,1,612E2800,0,,48.81,1,0,1
B022,2026-03-24 19:00:00,0,612E2790,0,30.361,62.4,1,1,1
B022,2026-03-24 19:00:00,1,612E2800,0,,48.8,1,0,1
B022,2026-03-24 20:00:00,0,612E2790,0,29.256,62.38,1,1,1
B022,2026-03-24 20:00:00,1,612E2800,0,,48.79,1,0,1
B022,2026-03-24 21:00:00,0,612E2790,0,,,1,0,0
B022,2026-03-24 21:00:00,1,612E2800,0,,48.77,1,0,1
B022,2026-03-24 22:00:00,0,612E2790,0,,,1,0,0
B022,2026-03-24 22:00:00,1,612E2800,0,,48.76,1,0,1
B022,2026-03-24 23:00:00,0,612E2790,0,,,1,0,0
B022,2026-03-24 23:00:00,1,612E2800,0,,48.79,1,0,1
B022,2026-03-25 00:00:00,0,612E2790,0,,,1,0,0
B022,2026-03-25 00:00:00,1,612E2800,0,,48.8,1,0,1
B022,2026-03-25 01:00:00,0,612E2790,0,,,1,0,0
B022,2026-03-25 01:00:00,1,612E2800,0,,48.8,1,0,1
B022,2026-03-25 02:00:00,0,612E2790,0,,,1,0,0
B022,2026-03-25 02:00:00,1,612E2800,0,,48.78,1,0,1
B022,2026-03-25 03:00:00,0,612E2790,0,,,1,0,0
B022,2026-03-25 03:00:00,1,612E2800,0,,48.77,1,0,1
B022,2026-03-25 04:00:00,0,612E2790,0,,,1,0,0
B022,2026-03-25 04:00:00,1,612E2800,0,,48.76,1,0,1
B022,2026-03-25 05:00:00,0,612E2790,0,,,1,0,0
B022,2026-03-25 05:00:00,1,612E2800,0,,48.76,1,0,1
B022,2026-03-25 06:00:00,0,612E2790,0,,,1,0,0
B022,2026-03-25 06:00:00,1,612E2800,0,,48.74,1,0,1
B022,2026-03-25 07:00:00,0,612E2790,0,,,1,0,0
B022,2026-03-25 07:00:00,1,612E2800,0,,48.73,1,0,1
B022,2026-03-25 08:00:00,0,612E2790,0,27.416,62.35,1,1,1
B022,2026-03-25 08:00:00,1,612E2800,0,,48.69,1,0,1
B022,2026-03-25 09:00:00,0,612E2790,0,27.289,62.34,1,1,1
B022,2026-03-25 09:00:00,1,612E2800,0,,48.69,1,0,1
B022,2026-03-25 10:00:00,0,612E2790,0,26.812,62.33,1,1,1
B022,2026-03-25 10:00:00,1,612E2800,0,,48.7,1,0,1
B022,2026-03-25 11:00:00,0,612E2790,0,26.519,62.32,1,1,1
B022,2026-03-25 11:00:00,1,612E2800,0,,48.7,1,0,1
B022,2026-03-25 12:00:00,0,612E2790,0,26.251,62.32,1,1,1
B022,2026-03-25 12:00:00,1,612E2800,0,,48.7,1,0,1
B022,2026-03-25 13:00:00,0,612E2790,0,25.598,62.31,1,1,1
B022,2026-03-25 13:00:00,1,612E2800,0,,48.69,1,0,1
B022,2026-03-25 14:00:00,0,612E2790,0.06519706713,25.801,62.3,1,1,1
B022,2026-03-25 14:00:00,1,612E2800,0.07140958721,,48.68,1,0,1
B022,2026-03-25 15:00:00,0,612E2790,0,25.114,62.3,1,1,1
B022,2026-03-25 15:00:00,1,612E2800,0,,48.67,1,0,1
B022,2026-03-25 16:00:00,0,612E2790,0,,,1,0,0
B022,2026-03-25 16:00:00,1,612E2800,0,,48.67,1,0,1
B022,2026-03-25 17:00:00,0,612E2790,0,24.359,62.29,1,1,1
B022,2026-03-25 17:00:00,1,612E2800,0,,48.67,1,0,1
B022,2026-03-25 18:00:00,0,612E2790,0,,,1,0,0
B022,2026-03-25 18:00:00,1,612E2800,0,,48.66,1,0,1
B022,2026-03-25 19:00:00,0,612E2790,0.07758423948,,,1,0,0
B022,2026-03-25 19:00:00,1,612E2800,1.879987088,,48.65,1,0,1
B022,2026-03-25 20:00:00,0,612E2790,2.079728035,,,1,0,0
B022,2026-03-25 20:00:00,1,612E2800,0.8025408215,,48.69,1,0,1
B022,2026-03-25 21:00:00,0,612E2790,0.4345305432,,,1,0,0
B022,2026-03-25 21:00:00,1,612E2800,0.13473329,,48.74,1,0,1
B022,2026-03-25 22:00:00,0,612E2790,0,,,1,0,0
B022,2026-03-25 22:00:00,1,612E2800,0,,48.74,1,0,1
B022,2026-03-25 23:00:00,0,612E2790,0.5975162482,,,1,0,0
B022,2026-03-25 23:00:00,1,612E2800,0.8025408215,,48.76,1,0,1
B022,2026-03-26 00:00:00,0,612E2790,0.2405699445,,,1,0,0
B022,2026-03-26 00:00:00,1,612E2800,0.2188365828,,48.83,1,0,1
B022,2026-03-26 01:00:00,0,612E2790,0.318154184,,,1,0,0
B022,2026-03-26 01:00:00,1,612E2800,1.5548717,,48.89,1,0,1
B022,2026-03-26 02:00:00,0,612E2790,1.761475847,,,1,0,0
B022,2026-03-26 02:00:00,1,612E2800,0.364867656,,48.94,1,0,1
B022,2026-03-26 03:00:00,0,612E2790,0.4656034404,,,1,0,0
B022,2026-03-26 03:00:00,1,612E2800,0,,48.97,1,0,1
B022,2026-03-26 04:00:00,0,612E2790,0.05432856834,,,1,0,0
B022,2026-03-26 04:00:00,1,612E2800,0.7519108242,,49,1,0,1
B022,2026-03-26 05:00:00,0,612E2790,0.4656034404,,,1,0,0
B022,2026-03-26 05:00:00,1,612E2800,0.2862032278,,49.08,1,0,1
B022,2026-03-26 06:00:00,0,612E2790,0.09312068808,,,1,0,0
B022,2026-03-26 06:00:00,1,612E2800,0,,49.42,1,0,1
B022,2026-03-26 07:00:00,0,612E2790,0.1583177552,,,1,0,0
B022,2026-03-26 07:00:00,1,612E2800,0.09944401812,,49.24,1,0,1
B022,2026-03-26 08:00:00,0,612E2790,0.1319128078,,,1,0,0
B022,2026-03-26 08:00:00,1,612E2800,0.1795043687,,49.25,1,0,1
B022,2026-03-26 09:00:00,0,612E2790,0.3275040092,,,1,0,0
B022,2026-03-26 09:00:00,1,612E2800,0.2309654093,,49.26,1,0,1
B022,2026-03-26 10:00:00,0,612E2790,0.3166355104,54.005,62.83,1,1,1
B022,2026-03-26 10:00:00,1,612E2800,0.07545252941,,49.23,1,0,1
B022,2026-03-26 11:00:00,0,612E2790,0.1583177552,,,1,0,0
B022,2026-03-26 11:00:00,1,612E2800,0.004042942194,,49.14,1,0,1
B022,2026-03-26 12:00:00,0,612E2790,0,52.592,62.8,1,1,1
B022,2026-03-26 12:00:00,1,612E2800,0,,49.03,1,0,1
B022,2026-03-26 13:00:00,0,612E2790,0,51.387,62.77,1,1,1
B022,2026-03-26 13:00:00,1,612E2800,0,,49.16,1,0,1
B022,2026-03-26 14:00:00,0,612E2790,0,50.016,62.75,1,1,1
B022,2026-03-26 14:00:00,1,612E2800,0,,49.19,1,0,1
B022,2026-03-26 15:00:00,0,612E2790,0,49.029,62.72,1,1,1
B022,2026-03-26 15:00:00,1,612E2800,0,,49.13,1,0,1
B022,2026-03-26 16:00:00,0,612E2790,0,47.105,62.7,1,1,1
B022,2026-03-26 16:00:00,1,612E2800,0,,49.06,1,0,1
B022,2026-03-26 17:00:00,0,612E2790,0,45.983,62.67,1,1,1
B022,2026-03-26 17:00:00,1,612E2800,0,,49.07,1,0,1
B022,2026-03-26 18:00:00,0,612E2790,0,44.267,62.64,1,1,1
B022,2026-03-26 18:00:00,1,612E2800,0,,49.05,1,0,1
B022,2026-03-26 19:00:00,0,612E2790,0,,,1,0,0
B022,2026-03-26 19:00:00,1,612E2800,0,,49.01,1,0,1
B022,2026-03-26 20:00:00,0,612E2790,0,,,1,0,0
B022,2026-03-26 20:00:00,1,612E2800,0,,48.99,1,0,1
B022,2026-03-26 21:00:00,0,612E2790,0,,,1,0,0
B022,2026-03-26 21:00:00,1,612E2800,0,,48.95,1,0,1
B022,2026-03-26 22:00:00,0,612E2790,0,,,1,0,0
B022,2026-03-26 22:00:00,1,612E2800,0,,48.96,1,0,1
B022,2026-03-26 23:00:00,0,612E2790,0,,,1,0,0
B022,2026-03-26 23:00:00,1,612E2800,0,,48.95,1,0,1
B022,2026-03-27 00:00:00,0,612E2790,0,,,1,0,0
B022,2026-03-27 00:00:00,1,612E2800,0,,48.92,1,0,1
B022,2026-03-27 01:00:00,0,612E2790,0,,,1,0,0
B022,2026-03-27 01:00:00,1,612E2800,0,,48.91,1,0,1
B022,2026-03-27 02:00:00,0,612E2790,0,,,1,0,0
B022,2026-03-27 02:00:00,1,612E2800,0,,48.89,1,0,1
B022,2026-03-27 03:00:00,0,612E2790,0,,,1,0,0
B022,2026-03-27 03:00:00,1,612E2800,0,,48.87,1,0,1
B022,2026-03-27 04:00:00,0,612E2790,0,,,1,0,0
B022,2026-03-27 04:00:00,1,612E2800,0,,48.84,1,0,1
B022,2026-03-27 05:00:00,0,612E2790,0,,,1,0,0
B022,2026-03-27 05:00:00,1,612E2800,0,,48.84,1,0,1
B022,2026-03-27 06:00:00,0,612E2790,0,,,1,0,0
B022,2026-03-27 06:00:00,1,612E2800,0,,48.84,1,0,1
B022,2026-03-27 07:00:00,0,612E2790,0.9343700827,,,1,0,0
B022,2026-03-27 07:00:00,1,612E2800,0.4899652496,,48.82,1,0,1
B022,2026-03-27 08:00:00,0,612E2790,0,30.797,62.42,1,1,1
B022,2026-03-27 08:00:00,1,612E2800,0,,48.79,1,0,1
B022,2026-03-27 09:00:00,0,612E2790,0,29.968,62.41,1,1,1
B022,2026-03-27 09:00:00,1,612E2800,0,,48.8,1,0,1
B022,2026-03-27 10:00:00,0,612E2790,0,28.207,62.37,1,1,1
B022,2026-03-27 10:00:00,1,612E2800,0,,48.79,1,0,1
B022,2026-03-27 11:00:00,0,612E2790,0,26.228,62.32,1,1,1
B022,2026-03-27 11:00:00,1,612E2800,0,,48.77,1,0,1
B022,2026-03-27 12:00:00,0,612E2790,0,25.127,62.3,1,1,1
B022,2026-03-27 12:00:00,1,612E2800,0,,48.74,1,0,1
B022,2026-03-27 13:00:00,0,612E2790,0,23.739,62.29,1,1,1
B022,2026-03-27 13:00:00,1,612E2800,0.09540107593,,48.64,1,0,1
B022,2026-03-27 14:00:00,0,612E2790,0.1583177552,23.479,62.27,1,1,1
B022,2026-03-27 14:00:00,1,612E2800,0.07140958721,,48.65,1,0,1
B022,2026-03-27 15:00:00,0,612E2790,0.06519706713,23.44,62.26,1,1,1
B022,2026-03-27 15:00:00,1,612E2800,0.004042942194,,48.66,1,0,1
B022,2026-03-27 16:00:00,0,612E2790,0.09312068808,23.266,62.26,1,1,1
B022,2026-03-27 16:00:00,1,612E2800,0.06736664502,,48.65,1,0,1
B022,2026-03-27 17:00:00,0,612E2790,0,23.077,62.25,1,1,1
B022,2026-03-27 17:00:00,1,612E2800,0.02803443091,,48.64,1,0,1
B022,2026-03-27 18:00:00,0,612E2790,0,22.783,62.25,1,1,1
B022,2026-03-27 18:00:00,1,612E2800,0.1514699377,,48.64,1,0,1
B022,2026-03-27 19:00:00,0,612E2790,0,22.709,62.24,1,1,1
B022,2026-03-27 19:00:00,1,612E2800,0.09540107593,,48.64,1,0,1
B022,2026-03-27 20:00:00,0,612E2790,0.1583177552,22.382,62.23,1,1,1
B022,2026-03-27 20:00:00,1,612E2800,0.1555128799,,48.63,1,0,1
B022,2026-03-27 21:00:00,0,612E2790,0.2514384433,,,1,0,0
B022,2026-03-27 21:00:00,1,612E2800,0.07140958721,,48.62,1,0,1
B022,2026-03-27 22:00:00,0,612E2790,0,,,1,0,0
B022,2026-03-27 22:00:00,1,612E2800,0,,48.62,1,0,1
B022,2026-03-27 23:00:00,0,612E2790,0.4640847668,,,1,0,0
B022,2026-03-27 23:00:00,1,612E2800,0.1428191744,,48.61,1,0,1
B022,2026-03-28 00:00:00,0,612E2790,0.09312068808,,,1,0,0
B022,2026-03-28 00:00:00,1,612E2800,0.02803443091,,48.61,1,0,1
B022,2026-03-28 01:00:00,0,612E2790,0,,,1,0,0
B022,2026-03-28 01:00:00,1,612E2800,0.02803443091,,48.6,1,0,1
B022,2026-03-28 02:00:00,0,612E2790,0.1039891869,,,1,0,0
B022,2026-03-28 02:00:00,1,612E2800,0.004042942194,,48.6,1,0,1
B022,2026-03-28 03:00:00,0,612E2790,0,,,1,0,0
B022,2026-03-28 03:00:00,1,612E2800,0,,48.6,1,0,1
B022,2026-03-28 04:00:00,0,612E2790,0,,,1,0,0
B022,2026-03-28 04:00:00,1,612E2800,0,,48.59,1,0,1
B022,2026-03-28 05:00:00,0,612E2790,0,,,1,0,0
B022,2026-03-28 05:00:00,1,612E2800,0,,48.59,1,0,1
B022,2026-03-28 06:00:00,0,612E2790,0,,,1,0,0
B022,2026-03-28 06:00:00,1,612E2800,0,,48.59,1,0,1
B022,2026-03-28 07:00:00,0,612E2790,1.387586351,,,1,0,0
B022,2026-03-28 07:00:00,1,612E2800,0.9429791405,,48.58,1,0,1
B022,2026-03-28 08:00:00,0,612E2790,0.1583177552,,62.23,1,0,1
B022,2026-03-28 08:00:00,1,612E2800,0.07140958721,,48.55,1,0,1
B022,2026-03-28 09:00:00,0,612E2790,0.05432856834,19.783,62.15,1,1,1
B022,2026-03-28 09:00:00,1,612E2800,0,,48.55,1,0,1
B022,2026-03-28 10:00:00,0,612E2790,0.06467654025,19.52,62.15,1,1,1
B022,2026-03-28 10:00:00,1,612E2800,0,,48.55,1,0,1
B022,2026-03-28 11:00:00,0,612E2790,0.09312068808,19.736,62.14,1,1,1
B022,2026-03-28 11:00:00,1,612E2800,0,,48.55,1,0,1
B022,2026-03-28 12:00:00,0,612E2790,0,19.329,62.14,1,1,1
B022,2026-03-28 12:00:00,1,612E2800,0,,48.51,1,0,1
