GRAPH_ID,TIMESTAMP,NODE_INDEX,STATION_ID,RAIN_MM,FLOW,WATER_LEVEL,RAIN_MASK,FLOW_MASK,WATER_LEVEL_MASK
B010,2021-05-01 22:00:00,0,611H7406,0,,112.95,1,0,1
B010,2021-05-01 22:00:00,1,611T2300,0,,,1,0,0
B010,2021-05-01 22:00:00,2,611E2360,0,,79.54,1,0,1
B010,2021-05-01 23:00:00,0,611H7406,0,,112.95,1,0,1
B010,2021-05-01 23:00:00,1,611T2300,0,,,1,0,0
B010,2021-05-01 23:00:00,2,611E2360,0,,79.53,1,0,1
B010,2021-05-02 00:00:00,0,611H7406,0,,112.95,1,0,1
B010,2021-05-02 00:00:00,1,611T2300,0,,,1,0,0
B010,2021-05-02 00:00:00,2,611E2360,0,,79.52,1,0,1
B010,2021-05-02 01:00:00,0,611H7406,0,,112.95,1,0,1
B010,2021-05-02 01:00:00,1,611T2300,0,,,1,0,0
B010,2021-05-02 01:00:00,2,611E2360,0,,79.51,1,0,1
B010,2021-05-02 02:00:00,0,611H7406,0,,112.95,1,0,1
B010,2021-05-02 02:00:00,1,611T2300,0,,,1,0,0
B010,2021-05-02 02:00:00,2,611E2360,0,,79.51,1,0,1
B010,2021-05-02 03:00:00,0,611H7406,0,,112.95,1,0,1
B010,2021-05-02 03:00:00,1,611T2300,0,,,1,0,0
B010,2021-05-02 03:00:00,2,611E2360,0,,79.51,1,0,1
B010,2021-05-02 04:00:00,0,611H7406,0,,112.95,1,0,1
B010,2021-05-02 04:00:00,1,611T2300,0,,,1,0,0
B010,2021-05-02 04:00:00,2,611E2360,0,,79.51,1,0,1
B010,2021-05-02 05:00:00,0,611H7406,0,,112.95,1,0,1
B010,2021-05-02 05:00:00,1,611T2300,0,,,1,0,0
B010,2021-05-02 05:00:00,2,611E2360,0,,79.52,1,0,1
B010,2021-05-02 06:00:00,0,611H7406,0,,112.95,1,0,1
B010,2021-05-02 06:00:00,1,611T2300,0,,,1,0,0
B010,2021-05-02 06:00:00,2,611E2360,0,,79.53,1,0,1
B010,2021-05-02 07:00:00,0,611H7406,0,,112.95,1,0,1
B010,2021-05-02 07:00:00,1,611T2300,0,,,1,0,0
B010,2021-05-02 07:00:00,2,611E2360,0,,79.53,1,0,1
B010,2021-05-02 08:00:00,0,611H7406,0,,112.95,1,0,1
B010,2021-05-02 08:00:00,1,611T2300,0,,,1,0,0
B010,2021-05-02 08:00:00,2,611E2360,0,,79.54,1,0,1
B010,2021-05-02 09:00:00,0,611H7406,0,,112.95,1,0,1
B010,2021-05-02 09:00:00,1,611T2300,0,,,1,0,0
B010,2021-05-02 09:00:00,2,611E2360,0,,79.56,1,0,1
B010,2021-05-02 10:00:00,0,611H7406,0,,,1,0,0
B010,2021-05-02 10:00:00,1,611T2300,0,,,1,0,0
B010,2021-05-02 10:00:00,2,611E2360,0,,79.56,1,0,1
B010,2021-05-02 11:00:00,0,611H7406,0,,112.95,1,0,1
B010,2021-05-02 11:00:00,1,611T2300,0,,,1,0,0
B010,2021-05-02 11:00:00,2,611E2360,0,,79.55,1,0,1
B010,2021-05-02 12:00:00,0,611H7406,0,,112.95,1,0,1
B010,2021-05-02 12:00:00,1,611T2300,0,,,1,0,0
B010,2021-05-02 12:00:00,2,611E2360,0,,79.54,1,0,1
B010,2021-05-02 13:00:00,0,611H7406,0,,112.95,1,0,1
B010,2021-05-02 13:00:00,1,611T2300,0,,,1,0,0
B010,2021-05-02 13:00:00,2,611E2360,0,,79.54,1,0,1
B010,2021-05-02 14:00:00,0,611H7406,0,,112.95,1,0,1
B010,2021-05-02 14:00:00,1,611T2300,0,,,1,0,0
B010,2021-05-02 14:00:00,2,611E2360,0,,79.53,1,0,1
B010,2021-05-02 15:00:00,0,611H7406,0,,112.95,1,0,1
B010,2021-05-02 15:00:00,1,611T2300,0,,,1,0,0
B010,2021-05-02 15:00:00,2,611E2360,0,,79.53,1,0,1
B010,2021-05-02 16:00:00,0,611H7406,0,,112.95,1,0,1
B010,2021-05-02 16:00:00,1,611T2300,0,,,1,0,0
B010,2021-05-02 16:00:00,2,611E2360,0,,79.54,1,0,1
B010,2021-05-02 17:00:00,0,611H7406,0,,112.95,1,0,1
B010,2021-05-02 17:00:00,1,611T2300,0,,,1,0,0
B010,2021-05-02 17:00:00,2,611E2360,0,,79.55,1,0,1
B010,2021-05-02 18:00:00,0,611H7406,0,,112.95,1,0,1
B010,2021-05-02 18:00:00,1,611T2300,0,,,1,0,0
B010,2021-05-02 18:00:00,2,611E2360,0,,79.55,1,0,1
B010,2021-05-02 19:00:00,0,611H7406,0,,112.95,1,0,1
B010,2021-05-02 19:00:00,1,611T2300,0,,,1,0,0
B010,2021-05-02 19:00:00,2,611E2360,0,,79.57,1,0,1
B010,2021-05-02 20:00:00,0,611H7406,0,,112.95,1,0,1
B010,2021-05-02 20:00:00,1,611T2300,0,,,1,0,0
B010,2021-05-02 20:00:00,2,611E2360,0,,79.57,1,0,1
B010,2021-05-02 21:00:00,0,611H7406,0,,112.95,1,0,1
B010,2021-05-02 21:00:00,1,611T2300,0,,,1,0,0
B010,2021-05-02 21:00:00,2,611E2360,0,,79.55,1,0,1
B010,2021-05-02 22:00:00,0,611H7406,0,,112.95,1,0,1
B010,2021-05-02 22:00:00,1,611T2300,0,,,1,0,0
B010,2021-05-02 22:00:00,2,611E2360,0,,79.54,1,0,1
B010,2021-05-02 23:00:00,0,611H7406,0,,112.95,1,0,1
B010,2021-05-02 23:00:00,1,611T2300,0,,,1,0,0
B010,2021-05-02 23:00:00,2,611E2360,0,,79.53,1,0,1
B010,2021-05-03 00:00:00,0,611H7406,0,,112.95,1,0,1
B010,2021-05-03 00:00:00,1,611T2300,0,,,1,0,0
B010,2021-05-03 00:00:00,2,611E2360,0,,79.52,1,0,1
B010,2021-05-03 01:00:00,0,611H7406,0,,,1,0,0
B010,2021-05-03 01:00:00,1,611T2300,0,,,1,0,0
B010,2021-05-03 01:00:00,2,611E2360,0,,79.51,1,0,1
B010,2021-05-03 02:00:00,0,611H7406,0,,112.95,1,0,1
B010,2021-05-03 02:00:00,1,611T2300,0,,,1,0,0
B010,2021-05-03 02:00:00,2,611E2360,0,,79.5,1,0,1
B010,2021-05-03 03:00:00,0,611H7406,0,,112.95,1,0,1
B010,2021-05-03 03:00:00,1,611T2300,0,,,1,0,0
B010,2021-05-03 03:00:00,2,611E2360,0,,79.5,1,0,1
B010,2021-05-03 04:00:00,0,611H7406,0,,112.95,1,0,1
B010,2021-05-03 04:00:00,1,611T2300,0,,,1,0,0
B010,2021-05-03 04:00:00,2,611E2360,0,,79.5,1,0,1
B010,2021-05-03 05:00:00,0,611H7406,0,,112.95,1,0,1
B010,2021-05-03 05:00:00,1,611T2300,0,,,1,0,0
B010,2021-05-03 05:00:00,2,611E2360,0,,79.51,1,0,1
B010,2021-05-03 06:00:00,0,611H7406,0,,,1,0,0
B010,2021-05-03 06:00:00,1,611T2300,0,,,1,0,0
B010,2021-05-03 06:00:00,2,611E2360,0,,79.53,1,0,1
B010,2021-05-03 07:00:00,0,611H7406,0,,112.95,1,0,1
B010,2021-05-03 07:00:00,1,611T2300,0,,,1,0,0
B010,2021-05-03 07:00:00,2,611E2360,0,,79.53,1,0,1
B010,2021-05-03 08:00:00,0,611H7406,0,,112.95,1,0,1
B010,2021-05-03 08:00:00,1,611T2300,0,,,1,0,0
B010,2021-05-03 08:00:00,2,611E2360,0,,79.53,1,0,1
B010,2021-05-03 09:00:00,0,611H7406,0,,112.95,1,0,1
B010,2021-05-03 09:00:00,1,611T2300,0,,,1,0,0
B010,2021-05-03 09:00:00,2,611E2360,0,,79.53,1,0,1
B010,2021-05-03 10:00:00,0,611H7406,0,,112.95,1,0,1
B010,2021-05-03 10:00:00,1,611T2300,0,,,1,0,0
B010,2021-05-03 10:00:00,2,611E2360,0,,79.55,1,0,1
B010,2021-05-03 11:00:00,0,611H7406,0,,112.95,1,0,1
B010,2021-05-03 11:00:00,1,611T2300,0,,,1,0,0
B010,2021-05-03 11:00:00,2,611E2360,0,,79.54,1,0,1
B010,2021-05-03 12:00:00,0,611H7406,0,,112.95,1,0,1
B010,2021-05-03 12:00:00,1,611T2300,0,,,1,0,0
B010,2021-05-03 12:00:00,2,611E2360,0,,79.54,1,0,1
B010,2021-05-03 13:00:00,0,611H7406,0,,112.95,1,0,1
B010,2021-05-03 13:00:00,1,611T2300,0,,,1,0,0
B010,2021-05-03 13:00:00,2,611E2360,0,,79.53,1,0,1
B010,2021-05-03 14:00:00,0,611H7406,0,,112.95,1,0,1
B010,2021-05-03 14:00:00,1,611T2300,0,,,1,0,0
B010,2021-05-03 14:00:00,2,611E2360,0,,79.52,1,0,1
B010,2021-05-03 15:00:00,0,611H7406,0,,112.95,1,0,1
B010,2021-05-03 15:00:00,1,611T2300,0,,,1,0,0
B010,2021-05-03 15:00:00,2,611E2360,0,,79.51,1,0,1
B010,2021-05-03 16:00:00,0,611H7406,0,,112.95,1,0,1
B010,2021-05-03 16:00:00,1,611T2300,0,,,1,0,0
B010,2021-05-03 16:00:00,2,611E2360,0,,79.5,1,0,1
B010,2021-05-03 17:00:00,0,611H7406,0,,112.95,1,0,1
B010,2021-05-03 17:00:00,1,611T2300,0,,,1,0,0
B010,2021-05-03 17:00:00,2,611E2360,0,,79.5,1,0,1
B010,2021-05-03 18:00:00,0,611H7406,0,,112.95,1,0,1
B010,2021-05-03 18:00:00,1,611T2300,0,,,1,0,0
B010,2021-05-03 18:00:00,2,611E2360,0,,79.49,1,0,1
B010,2021-05-03 19:00:00,0,611H7406,0,,112.95,1,0,1
B010,2021-05-03 19:00:00,1,611T2300,0,,,1,0,0
B010,2021-05-03 19:00:00,2,611E2360,0,,79.49,1,0,1
B010,2021-05-03 20:00:00,0,611H7406,0,,112.95,1,0,1
B010,2021-05-03 20:00:00,1,611T2300,0,,,1,0,0
B010,2021-05-03 20:00:00,2,611E2360,0,,79.5,1,0,1
B010,2021-05-03 21:00:00,0,611H7406,0,,112.95,1,0,1
B010,2021-05-03 21:00:00,1,611T2300,0,,,1,0,0
B010,2021-05-03 21:00:00,2,611E2360,0,,79.5,1,0,1
B010,2021-05-03 22:00:00,0,611H7406,1.465964896,,112.95,1,0,1
B010,2021-05-03 22:00:00,1,611T2300,0.1069306876,,,1,0,0
B010,2021-05-03 22:00:00,2,611E2360,0.00802036856,,79.51,1,0,1
B010,2021-05-03 23:00:00,0,611H7406,5.451939187,,112.95,1,0,1
B010,2021-05-03 23:00:00,1,611T2300,2.777983345,,,1,0,0
B010,2021-05-03 23:00:00,2,611E2360,2.134280902,,79.53,1,0,1
B010,2021-05-04 00:00:00,0,611H7406,0.5548716876,,112.95,1,0,1
B010,2021-05-04 00:00:00,1,611T2300,0.3459345556,,,1,0,0
B010,2021-05-04 00:00:00,2,611E2360,0.4955202407,,79.54,1,0,1
B010,2021-05-04 01:00:00,0,611H7406,0,,113.61,1,0,1
B010,2021-05-04 01:00:00,1,611T2300,0,,,1,0,0
B010,2021-05-04 01:00:00,2,611E2360,0,,79.57,1,0,1
B010,2021-05-04 02:00:00,0,611H7406,0,,113.61,1,0,1
B010,2021-05-04 02:00:00,1,611T2300,0.03681183515,,,1,0,0
B010,2021-05-04 02:00:00,2,611E2360,0,,79.56,1,0,1
B010,2021-05-04 03:00:00,0,611H7406,0.007406675504,,113.59,1,0,1
B010,2021-05-04 03:00:00,1,611T2300,0.0474615858,,,1,0,0
B010,2021-05-04 03:00:00,2,611E2360,0.001785876766,,79.57,1,0,1
B010,2021-05-04 04:00:00,0,611H7406,0.1585301659,,113.55,1,0,1
B010,2021-05-04 04:00:00,1,611T2300,0.00726132479,,,1,0,0
B010,2021-05-04 04:00:00,2,611E2360,0.1208456774,,79.64,1,0,1
B010,2021-05-04 05:00:00,0,611H7406,0,,113.55,1,0,1
B010,2021-05-04 05:00:00,1,611T2300,0,,,1,0,0
B010,2021-05-04 05:00:00,2,611E2360,0,,79.77,1,0,1
B010,2021-05-04 06:00:00,0,611H7406,0,,113.57,1,0,1
B010,2021-05-04 06:00:00,1,611T2300,0,,,1,0,0
B010,2021-05-04 06:00:00,2,611E2360,0,,79.76,1,0,1
B010,2021-05-04 07:00:00,0,611H7406,7.926508293,,113.57,1,0,1
B010,2021-05-04 07:00:00,1,611T2300,1.584374326,,,1,0,0
B010,2021-05-04 07:00:00,2,611E2360,2.722949653,,79.74,1,0,1
B010,2021-05-04 08:00:00,0,611H7406,0,,113.55,1,0,1
B010,2021-05-04 08:00:00,1,611T2300,0,,,1,0,0
B010,2021-05-04 08:00:00,2,611E2360,0,,79.72,1,0,1
B010,2021-05-04 09:00:00,0,611H7406,0,,113.58,1,0,1
B010,2021-05-04 09:00:00,1,611T2300,0,,,1,0,0
B010,2021-05-04 09:00:00,2,611E2360,0,,79.72,1,0,1
B010,2021-05-04 10:00:00,0,611H7406,0,,113.28,1,0,1
B010,2021-05-04 10:00:00,1,611T2300,0,,,1,0,0
B010,2021-05-04 10:00:00,2,611E2360,0,,79.73,1,0,1
B010,2021-05-04 11:00:00,0,611H7406,0,,113.29,1,0,1
B010,2021-05-04 11:00:00,1,611T2300,0,,,1,0,0
B010,2021-05-04 11:00:00,2,611E2360,0,,79.72,1,0,1
B010,2021-05-04 12:00:00,0,611H7406,0,,113.3,1,0,1
B010,2021-05-04 12:00:00,1,611T2300,0,,,1,0,0
B010,2021-05-04 12:00:00,2,611E2360,0,,79.69,1,0,1
B010,2021-05-04 13:00:00,0,611H7406,0,,113.39,1,0,1
B010,2021-05-04 13:00:00,1,611T2300,0,,,1,0,0
B010,2021-05-04 13:00:00,2,611E2360,0,,79.68,1,0,1
B010,2021-05-04 14:00:00,0,611H7406,0,,113.37,1,0,1
B010,2021-05-04 14:00:00,1,611T2300,0,,,1,0,0
B010,2021-05-04 14:00:00,2,611E2360,0,,79.67,1,0,1
B010,2021-05-04 15:00:00,0,611H7406,0,,113.58,1,0,1
B010,2021-05-04 15:00:00,1,611T2300,0,,,1,0,0
B010,2021-05-04 15:00:00,2,611E2360,0,,79.66,1,0,1
B010,2021-05-04 16:00:00,0,611H7406,0,,113.56,1,0,1
B010,2021-05-04 16:00:00,1,611T2300,0,,,1,0,0
B010,2021-05-04 16:00:00,2,611E2360,0,,79.66,1,0,1
B010,2021-05-04 17:00:00,0,611H7406,0,,112.97,1,0,1
B010,2021-05-04 17:00:00,1,611T2300,0,,,1,0,0
B010,2021-05-04 17:00:00,2,611E2360,0,,79.64,1,0,1
B010,2021-05-04 18:00:00,0,611H7406,0,,113.18,1,0,1
B010,2021-05-04 18:00:00,1,611T2300,0,,,1,0,0
B010,2021-05-04 18:00:00,2,611E2360,0,,79.64,1,0,1
B010,2021-05-04 19:00:00,0,611H7406,0,,112.97,1,0,1
B010,2021-05-04 19:00:00,1,611T2300,0,,,1,0,0
B010,2021-05-04 19:00:00,2,611E2360,0,,79.63,1,0,1
B010,2021-05-04 20:00:00,0,611H7406,0,,112.97,1,0,1
B010,2021-05-04 20:00:00,1,611T2300,0,,,1,0,0
B010,2021-05-04 20:00:00,2,611E2360,0,,79.61,1,0,1
B010,2021-05-04 21:00:00,0,611H7406,0,,112.97,1,0,1
B010,2021-05-04 21:00:00,1,611T2300,0,,,1,0,0
B010,2021-05-04 21:00:00,2,611E2360,0,,79.61,1,0,1
B010,2021-05-04 22:00:00,0,611H7406,0,,113.15,1,0,1
B010,2021-05-04 22:00:00,1,611T2300,0,,,1,0,0
B010,2021-05-04 22:00:00,2,611E2360,0,,79.61,1,0,1
B010,2021-05-04 23:00:00,0,611H7406,0,,113.15,1,0,1
B010,2021-05-04 23:00:00,1,611T2300,0,,,1,0,0
B010,2021-05-04 23:00:00,2,611E2360,0,,79.6,1,0,1
B010,2021-05-05 00:00:00,0,611H7406,0,,113.15,1,0,1
B010,2021-05-05 00:00:00,1,611T2300,0,,,1,0,0
B010,2021-05-05 00:00:00,2,611E2360,0,,79.6,1,0,1
B010,2021-05-05 01:00:00,0,611H7406,0,,112.98,1,0,1
B010,2021-05-05 01:00:00,1,611T2300,0,,,1,0,0
B010,2021-05-05 01:00:00,2,611E2360,0,,79.6,1,0,1
B010,2021-05-05 02:00:00,0,611H7406,0,,112.96,1,0,1
B010,2021-05-05 02:00:00,1,611T2300,0,,,1,0,0
B010,2021-05-05 02:00:00,2,611E2360,0,,79.6,1,0,1
B010,2021-05-05 03:00:00,0,611H7406,0,,112.96,1,0,1
B010,2021-05-05 03:00:00,1,611T2300,0,,,1,0,0
B010,2021-05-05 03:00:00,2,611E2360,0,,79.59,1,0,1
B010,2021-05-05 04:00:00,0,611H7406,0,,112.96,1,0,1
B010,2021-05-05 04:00:00,1,611T2300,0,,,1,0,0
B010,2021-05-05 04:00:00,2,611E2360,0,,79.59,1,0,1
B010,2021-05-05 05:00:00,0,611H7406,0,,112.96,1,0,1
B010,2021-05-05 05:00:00,1,611T2300,0,,,1,0,0
B010,2021-05-05 05:00:00,2,611E2360,0,,79.59,1,0,1
B010,2021-05-05 06:00:00,0,611H7406,0,,112.96,1,0,1
B010,2021-05-05 06:00:00,1,611T2300,0,,,1,0,0
B010,2021-05-05 06:00:00,2,611E2360,0,,79.59,1,0,1
B010,2021-05-05 07:00:00,0,611H7406,0,,112.95,1,0,1
B010,2021-05-05 07:00:00,1,611T2300,0,,,1,0,0
B010,2021-05-05 07:00:00,2,611E2360,0,,79.58,1,0,1
B010,2021-05-05 08:00:00,0,611H7406,0,,113.26,1,0,1
B010,2021-05-05 08:00:00,1,611T2300,0,,,1,0,0
B010,2021-05-05 08:00:00,2,611E2360,0,,79.58,1,0,1
B010,2021-05-05 09:00:00,0,611H7406,0,,112.95,1,0,1
B010,2021-05-05 09:00:00,1,611T2300,0,,,1,0,0
B010,2021-05-05 09:00:00,2,611E2360,0,,79.58,1,0,1
B010,2021-05-05 10:00:00,0,611H7406,0,,112.98,1,0,1
B010,2021-05-05 10:00:00,1,611T2300,0,,,1,0,0
B010,2021-05-05 10:00:00,2,611E2360,0,,79.57,1,0,1
B010,2021-05-05 11:00:00,0,611H7406,0,,112.95,1,0,1
B010,2021-05-05 11:00:00,1,611T2300,0,,,1,0,0
B010,2021-05-05 11:00:00,2,611E2360,0,,79.56,1,0,1
B010,2021-05-05 12:00:00,0,611H7406,0,,112.96,1,0,1
B010,2021-05-05 12:00:00,1,611T2300,0,,,1,0,0
B010,2021-05-05 12:00:00,2,611E2360,0,,79.56,1,0,1
B010,2021-05-05 13:00:00,0,611H7406,0,,112.96,1,0,1
B010,2021-05-05 13:00:00,1,611T2300,0,,,1,0,0
B010,2021-05-05 13:00:00,2,611E2360,0,,79.55,1,0,1
B010,2021-05-05 14:00:00,0,611H7406,0,,112.96,1,0,1
B010,2021-05-05 14:00:00,1,611T2300,0,,,1,0,0
B010,2021-05-05 14:00:00,2,611E2360,0,,79.55,1,0,1
B010,2021-05-05 15:00:00,0,611H7406,0,,112.96,1,0,1
B010,2021-05-05 15:00:00,1,611T2300,0,,,1,0,0
B010,2021-05-05 15:00:00,2,611E2360,0,,79.55,1,0,1
B010,2021-05-05 16:00:00,0,611H7406,0,,112.96,1,0,1
B010,2021-05-05 16:00:00,1,611T2300,0,,,1,0,0
B010,2021-05-05 16:00:00,2,611E2360,0,,79.55,1,0,1
B010,2021-05-05 17:00:00,0,611H7406,0,,112.95,1,0,1
B010,2021-05-05 17:00:00,1,611T2300,0,,,1,0,0
B010,2021-05-05 17:00:00,2,611E2360,0,,79.56,1,0,1
B010,2021-05-05 18:00:00,0,611H7406,0,,112.95,1,0,1
B010,2021-05-05 18:00:00,1,611T2300,0,,,1,0,0
B010,2021-05-05 18:00:00,2,611E2360,0,,79.56,1,0,1
B010,2021-05-05 19:00:00,0,611H7406,0,,112.97,1,0,1
B010,2021-05-05 19:00:00,1,611T2300,0,,,1,0,0
B010,2021-05-05 19:00:00,2,611E2360,0,,79.57,1,0,1
B010,2021-05-05 20:00:00,0,611H7406,0,,112.95,1,0,1
B010,2021-05-05 20:00:00,1,611T2300,0,,,1,0,0
B010,2021-05-05 20:00:00,2,611E2360,0,,79.56,1,0,1
B010,2021-05-05 21:00:00,0,611H7406,0,,112.95,1,0,1
B010,2021-05-05 21:00:00,1,611T2300,0,,,1,0,0
B010,2021-05-05 21:00:00,2,611E2360,0,,79.56,1,0,1
B010,2021-05-05 22:00:00,0,611H7406,0,,112.97,1,0,1
B010,2021-05-05 22:00:00,1,611T2300,0,,,1,0,0
B010,2021-05-05 22:00:00,2,611E2360,0,,79.56,1,0,1
B010,2021-05-05 23:00:00,0,611H7406,0,,112.97,1,0,1
B010,2021-05-05 23:00:00,1,611T2300,0,,,1,0,0
B010,2021-05-05 23:00:00,2,611E2360,0,,79.56,1,0,1
B010,2021-05-06 00:00:00,0,611H7406,0,,112.97,1,0,1
B010,2021-05-06 00:00:00,1,611T2300,0,,,1,0,0
B010,2021-05-06 00:00:00,2,611E2360,0,,79.56,1,0,1
B010,2021-05-06 01:00:00,0,611H7406,0,,112.97,1,0,1
B010,2021-05-06 01:00:00,1,611T2300,0,,,1,0,0
B010,2021-05-06 01:00:00,2,611E2360,0,,79.56,1,0,1
B010,2021-05-06 02:00:00,0,611H7406,0,,112.97,1,0,1
B010,2021-05-06 02:00:00,1,611T2300,0,,,1,0,0
B010,2021-05-06 02:00:00,2,611E2360,0,,79.55,1,0,1
B010,2021-05-06 03:00:00,0,611H7406,0,,112.97,1,0,1
B010,2021-05-06 03:00:00,1,611T2300,0,,,1,0,0
B010,2021-05-06 03:00:00,2,611E2360,0,,79.55,1,0,1
B010,2021-05-06 04:00:00,0,611H7406,0,,112.97,1,0,1
B010,2021-05-06 04:00:00,1,611T2300,0,,,1,0,0
B010,2021-05-06 04:00:00,2,611E2360,0,,79.54,1,0,1
B010,2021-05-06 05:00:00,0,611H7406,0,,112.97,1,0,1
B010,2021-05-06 05:00:00,1,611T2300,0,,,1,0,0
B010,2021-05-06 05:00:00,2,611E2360,0,,79.54,1,0,1
B010,2021-05-06 06:00:00,0,611H7406,0,,112.97,1,0,1
B010,2021-05-06 06:00:00,1,611T2300,0,,,1,0,0
B010,2021-05-06 06:00:00,2,611E2360,0,,79.54,1,0,1
B010,2021-05-06 07:00:00,0,611H7406,0,,112.98,1,0,1
B010,2021-05-06 07:00:00,1,611T2300,0,,,1,0,0
B010,2021-05-06 07:00:00,2,611E2360,0,,79.53,1,0,1
B010,2021-05-06 08:00:00,0,611H7406,0,,112.96,1,0,1
B010,2021-05-06 08:00:00,1,611T2300,0,,,1,0,0
B010,2021-05-06 08:00:00,2,611E2360,0,,79.53,1,0,1
B010,2021-05-17 01:00:00,0,611H7406,0,,113.61,1,0,1
B010,2021-05-17 01:00:00,1,611T2300,0,,,1,0,0
B010,2021-05-17 01:00:00,2,611E2360,0,,80.17,1,0,1
B010,2021-05-17 02:00:00,0,611H7406,0,,113.61,1,0,1
B010,2021-05-17 02:00:00,1,611T2300,0,,,1,0,0
B010,2021-05-17 02:00:00,2,611E2360,0,,80.11,1,0,1
B010,2021-05-17 03:00:00,0,611H7406,0,,113.61,1,0,1
B010,2021-05-17 03:00:00,1,611T2300,0,,,1,0,0
B010,2021-05-17 03:00:00,2,611E2360,0,,80.04,1,0,1
B010,2021-05-17 04:00:00,0,611H7406,0,,113.59,1,0,1
B010,2021-05-17 04:00:00,1,611T2300,0,,,1,0,0
B010,2021-05-17 04:00:00,2,611E2360,0,,80.02,1,0,1
B010,2021-05-17 05:00:00,0,611H7406,0,,113.61,1,0,1
B010,2021-05-17 05:00:00,1,611T2300,0,,,1,0,0
B010,2021-05-17 05:00:00,2,611E2360,0,,80,1,0,1
B010,2021-05-17 06:00:00,0,611H7406,0,,113.61,1,0,1
B010,2021-05-17 06:00:00,1,611T2300,0,,,1,0,0
B010,2021-05-17 06:00:00,2,611E2360,0,,79.98,1,0,1
B010,2021-05-17 07:00:00,0,611H7406,9.828870283,,113.62,1,0,1
B010,2021-05-17 07:00:00,1,611T2300,4.212871684,,,1,0,0
B010,2021-05-17 07:00:00,2,611E2360,11.75186158,,79.98,1,0,1
B010,2021-05-17 08:00:00,0,611H7406,0,,113.6,1,0,1
B010,2021-05-17 08:00:00,1,611T2300,0,,,1,0,0
B010,2021-05-17 08:00:00,2,611E2360,0,,79.96,1,0,1
B010,2021-05-17 09:00:00,0,611H7406,0,,113.6,1,0,1
B010,2021-05-17 09:00:00,1,611T2300,0,,,1,0,0
B010,2021-05-17 09:00:00,2,611E2360,0,,79.93,1,0,1
B010,2021-05-17 10:00:00,0,611H7406,0,,113.58,1,0,1
B010,2021-05-17 10:00:00,1,611T2300,0,,,1,0,0
B010,2021-05-17 10:00:00,2,611E2360,0,,79.92,1,0,1
B010,2021-05-17 11:00:00,0,611H7406,0.2251902454,,113.58,1,0,1
B010,2021-05-17 11:00:00,1,611T2300,0.6964432764,,,1,0,0
B010,2021-05-17 11:00:00,2,611E2360,0.1240538248,,79.9,1,0,1
B010,2021-05-17 12:00:00,0,611H7406,0,,113.58,1,0,1
B010,2021-05-17 12:00:00,1,611T2300,0,,,1,0,0
B010,2021-05-17 12:00:00,2,611E2360,0.003208147424,,79.87,1,0,1
B010,2021-05-17 13:00:00,0,611H7406,0.1162823533,,113.58,1,0,1
B010,2021-05-17 13:00:00,1,611T2300,0.03085417802,,,1,0,0
B010,2021-05-17 13:00:00,2,611E2360,0.001604073712,,79.86,1,0,1
B010,2021-05-17 14:00:00,0,611H7406,0.2081846539,,113.58,1,0,1
B010,2021-05-17 14:00:00,1,611T2300,0.09996043166,,,1,0,0
B010,2021-05-17 14:00:00,2,611E2360,0.00499402419,,79.86,1,0,1
B010,2021-05-17 15:00:00,0,611H7406,0.7451885817,,113.56,1,0,1
B010,2021-05-17 15:00:00,1,611T2300,0.5668734922,,,1,0,0
B010,2021-05-17 15:00:00,2,611E2360,1.116880183,,79.86,1,0,1
B010,2021-05-17 16:00:00,0,611H7406,0.3392803582,,113.61,1,0,1
B010,2021-05-17 16:00:00,1,611T2300,0.2141281681,,,1,0,0
B010,2021-05-17 16:00:00,2,611E2360,0.7388156691,,79.85,1,0,1
B010,2021-05-17 17:00:00,0,611H7406,0.2007779784,,113.62,1,0,1
B010,2021-05-17 17:00:00,1,611T2300,0.004864676789,,,1,0,0
B010,2021-05-17 17:00:00,2,611E2360,0.001604073712,,79.85,1,0,1
B010,2021-05-17 18:00:00,0,611H7406,0,,113.62,1,0,1
B010,2021-05-17 18:00:00,1,611T2300,0.002396648001,,,1,0,0
B010,2021-05-17 18:00:00,2,611E2360,0.1224497511,,79.87,1,0,1
B010,2021-05-17 19:00:00,0,611H7406,0,,113.6,1,0,1
B010,2021-05-17 19:00:00,1,611T2300,0,,,1,0,0
B010,2021-05-17 19:00:00,2,611E2360,0,,79.89,1,0,1
B010,2021-05-17 20:00:00,0,611H7406,0,,113.6,1,0,1
B010,2021-05-17 20:00:00,1,611T2300,0,,,1,0,0
B010,2021-05-17 20:00:00,2,611E2360,0,,79.89,1,0,1
B010,2021-05-17 21:00:00,0,611H7406,0,,113.58,1,0,1
B010,2021-05-17 21:00:00,1,611T2300,0,,,1,0,0
B010,2021-05-17 21:00:00,2,611E2360,0,,79.88,1,0,1
B010,2021-05-17 22:00:00,0,611H7406,0,,113.56,1,0,1
B010,2021-05-17 22:00:00,1,611T2300,0,,,1,0,0
B010,2021-05-17 22:00:00,2,611E2360,0,,79.87,1,0,1
B010,2021-05-17 23:00:00,0,611H7406,0,,113.56,1,0,1
B010,2021-05-17 23:00:00,1,611T2300,0,,,1,0,0
B010,2021-05-17 23:00:00,2,611E2360,0,,79.85,1,0,1
B010,2021-05-18 00:00:00,0,611H7406,0,,113.56,1,0,1
B010,2021-05-18 00:00:00,1,611T2300,0,,,1,0,0
B010,2021-05-18 00:00:00,2,611E2360,0,,79.83,1,0,1
B010,2021-05-18 01:00:00,0,611H7406,0,,113.56,1,0,1
B010,2021-05-18 01:00:00,1,611T2300,0,,,1,0,0
B010,2021-05-18 01:00:00,2,611E2360,0,,79.82,1,0,1
B010,2021-05-18 02:00:00,0,611H7406,0,,113.56,1,0,1
B010,2021-05-18 02:00:00,1,611T2300,0,,,1,0,0
B010,2021-05-18 02:00:00,2,611E2360,0,,79.8,1,0,1
B010,2021-05-18 03:00:00,0,611H7406,0,,113.56,1,0,1
B010,2021-05-18 03:00:00,1,611T2300,0,,,1,0,0
B010,2021-05-18 03:00:00,2,611E2360,0,,79.79,1,0,1
B010,2021-05-18 04:00:00,0,611H7406,0,,113.56,1,0,1
B010,2021-05-18 04:00:00,1,611T2300,0,,,1,0,0
B010,2021-05-18 04:00:00,2,611E2360,0,,79.79,1,0,1
B010,2021-05-18 05:00:00,0,611H7406,0,,113.58,1,0,1
B010,2021-05-18 05:00:00,1,611T2300,0,,,1,0,0
B010,2021-05-18 05:00:00,2,611E2360,0,,79.78,1,0,1
B010,2021-05-18 06:00:00,0,611H7406,0,,113.58,1,0,1
B010,2021-05-18 06:00:00,1,611T2300,0,,,1,0,0
B010,2021-05-18 06:00:00,2,611E2360,0,,79.77,1,0,1
B010,2021-05-18 07:00:00,0,611H7406,1.743831824,,113.58,1,0,1
B010,2021-05-18 07:00:00,1,611T2300,0.6832438231,,,1,0,0
B010,2021-05-18 07:00:00,2,611E2360,2.113609747,,79.76,1,0,1
B010,2021-05-18 08:00:00,0,611H7406,0,,113.58,1,0,1
B010,2021-05-18 08:00:00,1,611T2300,0,,,1,0,0
B010,2021-05-18 08:00:00,2,611E2360,0,,79.76,1,0,1
B010,2021-05-18 09:00:00,0,611H7406,2.270406882,,113.58,1,0,1
B010,2021-05-18 09:00:00,1,611T2300,0.8875248043,,,1,0,0
B010,2021-05-18 09:00:00,2,611E2360,0.3892930298,,79.75,1,0,1
B010,2021-05-18 10:00:00,0,611H7406,1.277840243,,113.61,1,0,1
B010,2021-05-18 10:00:00,1,611T2300,0.9172221684,,,1,0,0
B010,2021-05-18 10:00:00,2,611E2360,1.363020153,,79.76,1,0,1
B010,2021-05-18 11:00:00,0,611H7406,0.3889348463,,113.75,1,0,1
B010,2021-05-18 11:00:00,1,611T2300,0.291211645,,,1,0,0
B010,2021-05-18 11:00:00,2,611E2360,0.3743109572,,79.76,1,0,1
B010,2021-05-18 12:00:00,0,611H7406,0.8519042333,,113.81,1,0,1
B010,2021-05-18 12:00:00,1,611T2300,0.6048517821,,,1,0,0
B010,2021-05-18 12:00:00,2,611E2360,0.8694675918,,79.77,1,0,1
B010,2021-05-18 13:00:00,0,611H7406,0.3318736827,,113.81,1,0,1
B010,2021-05-18 13:00:00,1,611T2300,0.09188200587,,,1,0,0
B010,2021-05-18 13:00:00,2,611E2360,0.1274437753,,79.87,1,0,1
B010,2021-05-18 14:00:00,0,611H7406,0.1162823533,,113.79,1,0,1
B010,2021-05-18 14:00:00,1,611T2300,0.07006266117,,,1,0,0
B010,2021-05-18 14:00:00,2,611E2360,0.1226315541,,79.97,1,0,1
B010,2021-05-18 15:00:00,0,611H7406,0,,113.75,1,0,1
B010,2021-05-18 15:00:00,1,611T2300,0,,,1,0,0
B010,2021-05-18 15:00:00,2,611E2360,0.001785876766,,79.98,1,0,1
B010,2021-05-18 16:00:00,0,611H7406,0,,113.61,1,0,1
B010,2021-05-18 16:00:00,1,611T2300,0,,,1,0,0
B010,2021-05-18 16:00:00,2,611E2360,0,,80,1,0,1
B010,2021-05-18 17:00:00,0,611H7406,0,,,1,0,0
B010,2021-05-18 17:00:00,1,611T2300,0,,,1,0,0
B010,2021-05-18 17:00:00,2,611E2360,0,,79.99,1,0,1
B010,2021-05-18 18:00:00,0,611H7406,0,,113.6,1,0,1
B010,2021-05-18 18:00:00,1,611T2300,0,,,1,0,0
B010,2021-05-18 18:00:00,2,611E2360,0,,79.97,1,0,1
B010,2021-05-18 19:00:00,0,611H7406,0,,113.6,1,0,1
B010,2021-05-18 19:00:00,1,611T2300,0,,,1,0,0
B010,2021-05-18 19:00:00,2,611E2360,0,,79.95,1,0,1
B010,2021-05-18 20:00:00,0,611H7406,0,,113.62,1,0,1
B010,2021-05-18 20:00:00,1,611T2300,0,,,1,0,0
B010,2021-05-18 20:00:00,2,611E2360,0,,79.93,1,0,1
B010,2021-05-18 21:00:00,0,611H7406,0,,113.62,1,0,1
B010,2021-05-18 21:00:00,1,611T2300,0,,,1,0,0
B010,2021-05-18 21:00:00,2,611E2360,0,,79.9,1,0,1
B010,2021-05-18 22:00:00,0,611H7406,0,,113.62,1,0,1
B010,2021-05-18 22:00:00,1,611T2300,0,,,1,0,0
B010,2021-05-18 22:00:00,2,611E2360,0,,79.89,1,0,1
B010,2021-05-18 23:00:00,0,611H7406,0,,113.6,1,0,1
B010,2021-05-18 23:00:00,1,611T2300,0,,,1,0,0
B010,2021-05-18 23:00:00,2,611E2360,0,,79.87,1,0,1
B010,2021-05-19 00:00:00,0,611H7406,0,,113.6,1,0,1
B010,2021-05-19 00:00:00,1,611T2300,0,,,1,0,0
B010,2021-05-19 00:00:00,2,611E2360,0,,79.85,1,0,1
B010,2021-05-19 01:00:00,0,611H7406,0,,113.58,1,0,1
B010,2021-05-19 01:00:00,1,611T2300,0.02598950123,,,1,0,0
B010,2021-05-19 01:00:00,2,611E2360,0,,79.83,1,0,1
B010,2021-05-19 02:00:00,0,611H7406,0,,113.58,1,0,1
B010,2021-05-19 02:00:00,1,611T2300,0,,,1,0,0
B010,2021-05-19 02:00:00,2,611E2360,0,,79.82,1,0,1
B010,2021-05-19 03:00:00,0,611H7406,0,,113.56,1,0,1
B010,2021-05-19 03:00:00,1,611T2300,0,,,1,0,0
B010,2021-05-19 03:00:00,2,611E2360,0,,79.81,1,0,1
B010,2021-05-19 04:00:00,0,611H7406,0.007406675504,,113.56,1,0,1
B010,2021-05-19 04:00:00,1,611T2300,0.09509575487,,,1,0,0
B010,2021-05-19 04:00:00,2,611E2360,0,,79.8,1,0,1
B010,2021-05-19 05:00:00,0,611H7406,0,,113.56,1,0,1
B010,2021-05-19 05:00:00,1,611T2300,0,,,1,0,0
B010,2021-05-19 05:00:00,2,611E2360,0,,79.79,1,0,1
B010,2021-05-19 06:00:00,0,611H7406,0.2007779784,,,1,0,0
B010,2021-05-19 06:00:00,1,611T2300,0.00726132479,,,1,0,0
B010,2021-05-19 06:00:00,2,611E2360,0.1226315541,,79.79,1,0,1
B010,2021-05-19 07:00:00,0,611H7406,3.155015229,,113.56,1,0,1
B010,2021-05-19 07:00:00,1,611T2300,0.7444753483,,,1,0,0
B010,2021-05-19 07:00:00,2,611E2360,0.8584208788,,79.78,1,0,1
B010,2021-05-19 08:00:00,0,611H7406,1.931988692,,113.61,1,0,1
B010,2021-05-19 08:00:00,1,611T2300,0.4102981559,,,1,0,0
B010,2021-05-19 08:00:00,2,611E2360,0.981052433,,79.78,1,0,1
B010,2021-05-19 09:00:00,0,611H7406,6.658395823,,113.62,1,0,1
B010,2021-05-19 09:00:00,1,611T2300,1.970364808,,,1,0,0
B010,2021-05-19 09:00:00,2,611E2360,2.212725604,,79.81,1,0,1
B010,2021-05-19 10:00:00,0,611H7406,1.1023367,,114.25,1,0,1
B010,2021-05-19 10:00:00,1,611T2300,1.885271749,,,1,0,0
B010,2021-05-19 10:00:00,2,611E2360,2.072235283,,79.85,1,0,1
B010,2021-05-19 11:00:00,0,611H7406,0.6393673127,,114.23,1,0,1
B010,2021-05-19 11:00:00,1,611T2300,0.3247383504,,,1,0,0
B010,2021-05-19 11:00:00,2,611E2360,0.7338216449,,79.98,1,0,1
B010,2021-05-19 12:00:00,0,611H7406,0.5474650121,,114.23,1,0,1
B010,2021-05-19 12:00:00,1,611T2300,0.2984729698,,,1,0,0
B010,2021-05-19 12:00:00,2,611E2360,0.4953384376,,80.38,1,0,1
B010,2021-05-19 13:00:00,0,611H7406,0.5718450649,,114.19,1,0,1
B010,2021-05-19 13:00:00,1,611T2300,0.3470635464,,,1,0,0
B010,2021-05-19 13:00:00,2,611E2360,0.616184115,,80.56,1,0,1
B010,2021-05-19 14:00:00,0,611H7406,0.01481335101,,114.21,1,0,1
B010,2021-05-19 14:00:00,1,611T2300,0.2101519731,,,1,0,0
B010,2021-05-19 14:00:00,2,611E2360,0.2452631082,,80.57,1,0,1
B010,2021-05-19 15:00:00,0,611H7406,0,,114.19,1,0,1
B010,2021-05-19 15:00:00,1,611T2300,0.02598950123,,,1,0,0
B010,2021-05-19 15:00:00,2,611E2360,0.001604073712,,80.54,1,0,1
B010,2021-05-19 16:00:00,0,611H7406,0,,114.06,1,0,1
B010,2021-05-19 16:00:00,1,611T2300,0.002396648001,,,1,0,0
B010,2021-05-19 16:00:00,2,611E2360,0.1208456774,,80.47,1,0,1
B010,2021-05-19 17:00:00,0,611H7406,0,,114.02,1,0,1
B010,2021-05-19 17:00:00,1,611T2300,0,,,1,0,0
B010,2021-05-19 17:00:00,2,611E2360,0,,80.41,1,0,1
B010,2021-05-19 18:00:00,0,611H7406,0,,114.2,1,0,1
B010,2021-05-19 18:00:00,1,611T2300,0,,,1,0,0
B010,2021-05-19 18:00:00,2,611E2360,0,,80.34,1,0,1
B010,2021-05-19 19:00:00,0,611H7406,0,,114.22,1,0,1
B010,2021-05-19 19:00:00,1,611T2300,0,,,1,0,0
B010,2021-05-19 19:00:00,2,611E2360,0.001785876766,,80.27,1,0,1
B010,2021-05-19 20:00:00,0,611H7406,0,,113.61,1,0,1
B010,2021-05-19 20:00:00,1,611T2300,0,,,1,0,0
B010,2021-05-19 20:00:00,2,611E2360,0,,80.22,1,0,1
B010,2021-05-19 21:00:00,0,611H7406,0,,113.59,1,0,1
B010,2021-05-19 21:00:00,1,611T2300,0,,,1,0,0
B010,2021-05-19 21:00:00,2,611E2360,0,,80.15,1,0,1
B010,2021-05-19 22:00:00,0,611H7406,0,,113.82,1,0,1
B010,2021-05-19 22:00:00,1,611T2300,0,,,1,0,0
B010,2021-05-19 22:00:00,2,611E2360,0,,80.11,1,0,1
B010,2021-05-19 23:00:00,0,611H7406,0,,113.78,1,0,1
B010,2021-05-19 23:00:00,1,611T2300,0,,,1,0,0
B010,2021-05-19 23:00:00,2,611E2360,0,,80.09,1,0,1
B010,2021-05-20 00:00:00,0,611H7406,0,,113.78,1,0,1
B010,2021-05-20 00:00:00,1,611T2300,0,,,1,0,0
B010,2021-05-20 00:00:00,2,611E2360,0,,80.07,1,0,1
B010,2021-05-20 01:00:00,0,611H7406,0,,113.76,1,0,1
B010,2021-05-20 01:00:00,1,611T2300,0,,,1,0,0
B010,2021-05-20 01:00:00,2,611E2360,0,,80.04,1,0,1
B010,2021-05-20 02:00:00,0,611H7406,0,,113.59,1,0,1
B010,2021-05-20 02:00:00,1,611T2300,0,,,1,0,0
B010,2021-05-20 02:00:00,2,611E2360,0,,80.02,1,0,1
B010,2021-05-20 03:00:00,0,611H7406,0,,113.61,1,0,1
B010,2021-05-20 03:00:00,1,611T2300,0,,,1,0,0
B010,2021-05-20 03:00:00,2,611E2360,0,,80,1,0,1
B010,2021-05-20 04:00:00,0,611H7406,0,,113.63,1,0,1
B010,2021-05-20 04:00:00,1,611T2300,0,,,1,0,0
B010,2021-05-20 04:00:00,2,611E2360,0,,79.98,1,0,1
B010,2021-05-20 05:00:00,0,611H7406,0,,113.63,1,0,1
B010,2021-05-20 05:00:00,1,611T2300,0,,,1,0,0
B010,2021-05-20 05:00:00,2,611E2360,0,,79.96,1,0,1
B010,2021-05-20 06:00:00,0,611H7406,0,,113.6,1,0,1
B010,2021-05-20 06:00:00,1,611T2300,0,,,1,0,0
B010,2021-05-20 06:00:00,2,611E2360,0,,79.94,1,0,1
B010,2021-05-20 07:00:00,0,611H7406,10.46299095,,113.6,1,0,1
B010,2021-05-20 07:00:00,1,611T2300,2.528726965,,,1,0,0
B010,2021-05-20 07:00:00,2,611E2360,7.480856254,,79.93,1,0,1
B010,2021-05-20 08:00:00,0,611H7406,0,,113.6,1,0,1
B010,2021-05-20 08:00:00,1,611T2300,0,,,1,0,0
B010,2021-05-20 08:00:00,2,611E2360,0,,79.92,1,0,1
B010,2021-05-20 09:00:00,0,611H7406,0,,,1,0,0
B010,2021-05-20 09:00:00,1,611T2300,0.03681183515,,,1,0,0
B010,2021-05-20 09:00:00,2,611E2360,0,,79.92,1,0,1
B010,2021-05-20 10:00:00,0,611H7406,0,,113.62,1,0,1
B010,2021-05-20 10:00:00,1,611T2300,0.002396648001,,,1,0,0
B010,2021-05-20 10:00:00,2,611E2360,0.1208456774,,79.91,1,0,1
B010,2021-05-20 11:00:00,0,611H7406,0.04224781253,,113.62,1,0,1
B010,2021-05-20 11:00:00,1,611T2300,0.06280133638,,,1,0,0
B010,2021-05-20 11:00:00,2,611E2360,0,,79.9,1,0,1
B010,2021-05-20 12:00:00,0,611H7406,0.1162823533,,,1,0,0
B010,2021-05-20 12:00:00,1,611T2300,0.1068744963,,,1,0,0
B010,2021-05-20 12:00:00,2,611E2360,0.1208456774,,79.87,1,0,1
B010,2021-05-20 13:00:00,0,611H7406,0.7134018535,,113.62,1,0,1
B010,2021-05-20 13:00:00,1,611T2300,0.2463927648,,,1,0,0
B010,2021-05-20 13:00:00,2,611E2360,0.2500753294,,79.87,1,0,1
B010,2021-05-20 14:00:00,0,611H7406,0,,113.62,1,0,1
B010,2021-05-20 14:00:00,1,611T2300,0,,,1,0,0
B010,2021-05-20 14:00:00,2,611E2360,0.001604073712,,79.86,1,0,1
B010,2021-05-20 15:00:00,0,611H7406,0,,113.62,1,0,1
B010,2021-05-20 15:00:00,1,611T2300,0,,,1,0,0
B010,2021-05-20 15:00:00,2,611E2360,0,,79.85,1,0,1
B010,2021-05-20 16:00:00,0,611H7406,0,,113.62,1,0,1
B010,2021-05-20 16:00:00,1,611T2300,0,,,1,0,0
B010,2021-05-20 16:00:00,2,611E2360,0,,79.85,1,0,1
B010,2021-05-20 17:00:00,0,611H7406,0,,113.62,1,0,1
B010,2021-05-20 17:00:00,1,611T2300,0.03920848315,,,1,0,0
B010,2021-05-20 17:00:00,2,611E2360,0.1208456774,,79.85,1,0,1
B010,2021-05-20 18:00:00,0,611H7406,0.1585301659,,113.6,1,0,1
B010,2021-05-20 18:00:00,1,611T2300,0.07485595717,,,1,0,0
B010,2021-05-20 18:00:00,2,611E2360,0.3643229088,,79.85,1,0,1
B010,2021-05-20 19:00:00,0,611H7406,0,,113.6,1,0,1
B010,2021-05-20 19:00:00,1,611T2300,0.03920848315,,,1,0,0
B010,2021-05-20 19:00:00,2,611E2360,0.1226315541,,79.85,1,0,1
B010,2021-05-20 20:00:00,0,611H7406,0,,113.6,1,0,1
B010,2021-05-20 20:00:00,1,611T2300,0,,,1,0,0
B010,2021-05-20 20:00:00,2,611E2360,0,,79.84,1,0,1
B010,2021-05-20 21:00:00,0,611H7406,0.007406675504,,113.6,1,0,1
B010,2021-05-20 21:00:00,1,611T2300,0.0474615858,,,1,0,0
B010,2021-05-20 21:00:00,2,611E2360,0,,79.83,1,0,1
B010,2021-05-20 22:00:00,0,611H7406,0,,113.58,1,0,1
B010,2021-05-20 22:00:00,1,611T2300,0,,,1,0,0
B010,2021-05-20 22:00:00,2,611E2360,0,,79.83,1,0,1
B010,2021-05-20 23:00:00,0,611H7406,0,,113.58,1,0,1
B010,2021-05-20 23:00:00,1,611T2300,0,,,1,0,0
B010,2021-05-20 23:00:00,2,611E2360,0,,79.82,1,0,1
B010,2021-05-21 00:00:00,0,611H7406,0,,113.56,1,0,1
B010,2021-05-21 00:00:00,1,611T2300,0,,,1,0,0
B010,2021-05-21 00:00:00,2,611E2360,0,,79.82,1,0,1
B010,2021-05-21 01:00:00,0,611H7406,0,,113.56,1,0,1
B010,2021-05-21 01:00:00,1,611T2300,0,,,1,0,0
B010,2021-05-21 01:00:00,2,611E2360,0,,79.81,1,0,1
B010,2021-05-21 02:00:00,0,611H7406,0,,113.56,1,0,1
B010,2021-05-21 02:00:00,1,611T2300,0,,,1,0,0
B010,2021-05-21 02:00:00,2,611E2360,0,,79.8,1,0,1
B010,2021-05-21 03:00:00,0,611H7406,0,,113.56,1,0,1
B010,2021-05-21 03:00:00,1,611T2300,0,,,1,0,0
B010,2021-05-21 03:00:00,2,611E2360,0,,79.8,1,0,1
B010,2021-05-21 04:00:00,0,611H7406,0,,113.56,1,0,1
B010,2021-05-21 04:00:00,1,611T2300,0,,,1,0,0
B010,2021-05-21 04:00:00,2,611E2360,0,,79.79,1,0,1
B010,2021-05-21 05:00:00,0,611H7406,0,,113.56,1,0,1
B010,2021-05-21 05:00:00,1,611T2300,0,,,1,0,0
B010,2021-05-21 05:00:00,2,611E2360,0,,79.79,1,0,1
B010,2021-05-21 06:00:00,0,611H7406,0,,113.56,1,0,1
B010,2021-05-21 06:00:00,1,611T2300,0,,,1,0,0
B010,2021-05-21 06:00:00,2,611E2360,0,,79.78,1,0,1
B010,2021-05-21 07:00:00,0,611H7406,0.9511809951,,113.55,1,0,1
B010,2021-05-21 07:00:00,1,611T2300,0.345252574,,,1,0,0
B010,2021-05-21 07:00:00,2,611E2360,1.101170898,,79.77,1,0,1
B010,2021-05-21 08:00:00,0,611H7406,0,,113.55,1,0,1
B010,2021-05-21 08:00:00,1,611T2300,0,,,1,0,0
B010,2021-05-21 08:00:00,2,611E2360,0,,79.77,1,0,1
B010,2021-05-21 09:00:00,0,611H7406,0,,113.55,1,0,1
B010,2021-05-21 09:00:00,1,611T2300,0,,,1,0,0
B010,2021-05-21 09:00:00,2,611E2360,0,,79.77,1,0,1
B010,2021-05-21 10:00:00,0,611H7406,3.029973125,,113.55,1,0,1
B010,2021-05-21 10:00:00,1,611T2300,1.654531846,,,1,0,0
B010,2021-05-21 10:00:00,2,611E2360,3.196590425,,79.76,1,0,1
B010,2021-05-21 11:00:00,0,611H7406,3.574415943,,113.61,1,0,1
B010,2021-05-21 11:00:00,1,611T2300,1.941101492,,,1,0,0
B010,2021-05-21 11:00:00,2,611E2360,4.205970776,,79.77,1,0,1
B010,2021-05-21 12:00:00,0,611H7406,0.4037481973,,114.03,1,0,1
B010,2021-05-21 12:00:00,1,611T2300,0.4712532386,,,1,0,0
B010,2021-05-21 12:00:00,2,611E2360,4.150523254,,79.82,1,0,1
B010,2021-05-21 13:00:00,0,611H7406,0.1162823533,,114.02,1,0,1
B010,2021-05-21 13:00:00,1,611T2300,0.04044077002,,,1,0,0
B010,2021-05-21 13:00:00,2,611E2360,0.4885585367,,79.95,1,0,1
B010,2021-05-21 14:00:00,0,611H7406,0.1659368414,,114.22,1,0,1
B010,2021-05-21 14:00:00,1,611T2300,0.06554524451,,,1,0,0
B010,2021-05-21 14:00:00,2,611E2360,0.1242356278,,80.17,1,0,1
B010,2021-05-21 15:00:00,0,611H7406,0,,113.62,1,0,1
B010,2021-05-21 15:00:00,1,611T2300,0,,,1,0,0
B010,2021-05-21 15:00:00,2,611E2360,0,,80.3,1,0,1
B010,2021-05-21 16:00:00,0,611H7406,0,,113.82,1,0,1
B010,2021-05-21 16:00:00,1,611T2300,0,,,1,0,0
B010,2021-05-21 16:00:00,2,611E2360,0,,80.32,1,0,1
B010,2021-05-21 17:00:00,0,611H7406,0,,113.77,1,0,1
B010,2021-05-21 17:00:00,1,611T2300,0,,,1,0,0
B010,2021-05-21 17:00:00,2,611E2360,0,,80.25,1,0,1
B010,2021-05-21 18:00:00,0,611H7406,0.04965448804,,113.75,1,0,1
B010,2021-05-21 18:00:00,1,611T2300,0.02147208457,,,1,0,0
B010,2021-05-21 18:00:00,2,611E2360,0.004812221136,,80.17,1,0,1
B010,2021-05-21 19:00:00,0,611H7406,0.08449562506,,113.59,1,0,1
B010,2021-05-21 19:00:00,1,611T2300,0.06280133638,,,1,0,0
B010,2021-05-21 19:00:00,2,611E2360,0.001604073712,,80.13,1,0,1
B010,2021-05-21 20:00:00,0,611H7406,0.1236890288,,113.61,1,0,1
B010,2021-05-21 20:00:00,1,611T2300,0.02633676136,,,1,0,0
B010,2021-05-21 20:00:00,2,611E2360,0,,80.09,1,0,1
B010,2021-05-24 14:00:00,0,611H7406,0,,113.36,1,0,1
B010,2021-05-24 14:00:00,1,611T2300,0,,,1,0,0
B010,2021-05-24 14:00:00,2,611E2360,0,,79.71,1,0,1
B010,2021-05-24 15:00:00,0,611H7406,0,,113.36,1,0,1
B010,2021-05-24 15:00:00,1,611T2300,0,,,1,0,0
B010,2021-05-24 15:00:00,2,611E2360,0,,79.7,1,0,1
B010,2021-05-24 16:00:00,0,611H7406,0,,,1,0,0
B010,2021-05-24 16:00:00,1,611T2300,0,,,1,0,0
B010,2021-05-24 16:00:00,2,611E2360,0,,,1,0,0
B010,2021-05-24 17:00:00,0,611H7406,0,,,1,0,0
B010,2021-05-24 17:00:00,1,611T2300,0,,,1,0,0
B010,2021-05-24 17:00:00,2,611E2360,0,,,1,0,0
B010,2021-05-24 18:00:00,0,611H7406,0,,113.35,1,0,1
B010,2021-05-24 18:00:00,1,611T2300,0,,,1,0,0
B010,2021-05-24 18:00:00,2,611E2360,0,,79.69,1,0,1
B010,2021-05-24 19:00:00,0,611H7406,0,,113.35,1,0,1
B010,2021-05-24 19:00:00,1,611T2300,0,,,1,0,0
B010,2021-05-24 19:00:00,2,611E2360,0,,79.69,1,0,1
B010,2021-05-24 20:00:00,0,611H7406,0,,113.58,1,0,1
B010,2021-05-24 20:00:00,1,611T2300,0,,,1,0,0
B010,2021-05-24 20:00:00,2,611E2360,0,,79.69,1,0,1
B010,2021-05-24 21:00:00,0,611H7406,0,,113.58,1,0,1
B010,2021-05-24 21:00:00,1,611T2300,0,,,1,0,0
B010,2021-05-24 21:00:00,2,611E2360,0,,79.69,1,0,1
B010,2021-05-24 22:00:00,0,611H7406,0,,113.58,1,0,1
B010,2021-05-24 22:00:00,1,611T2300,0,,,1,0,0
B010,2021-05-24 22:00:00,2,611E2360,0,,79.69,1,0,1
B010,2021-05-24 23:00:00,0,611H7406,0,,113.58,1,0,1
B010,2021-05-24 23:00:00,1,611T2300,0,,,1,0,0
B010,2021-05-24 23:00:00,2,611E2360,0,,79.68,1,0,1
B010,2021-05-25 00:00:00,0,611H7406,0,,113.58,1,0,1
B010,2021-05-25 00:00:00,1,611T2300,0,,,1,0,0
B010,2021-05-25 00:00:00,2,611E2360,0,,79.68,1,0,1
B010,2021-05-25 01:00:00,0,611H7406,0,,113.56,1,0,1
B010,2021-05-25 01:00:00,1,611T2300,0,,,1,0,0
B010,2021-05-25 01:00:00,2,611E2360,0,,79.68,1,0,1
B010,2021-05-25 02:00:00,0,611H7406,0,,113.56,1,0,1
B010,2021-05-25 02:00:00,1,611T2300,0.07796850369,,,1,0,0
B010,2021-05-25 02:00:00,2,611E2360,0,,,1,0,0
B010,2021-05-25 03:00:00,0,611H7406,0,,113.56,1,0,1
B010,2021-05-25 03:00:00,1,611T2300,0,,,1,0,0
B010,2021-05-25 03:00:00,2,611E2360,0,,79.67,1,0,1
B010,2021-05-25 04:00:00,0,611H7406,0,,113.56,1,0,1
B010,2021-05-25 04:00:00,1,611T2300,0.002396648001,,,1,0,0
B010,2021-05-25 04:00:00,2,611E2360,0.1208456774,,79.68,1,0,1
B010,2021-05-25 05:00:00,0,611H7406,0,,113.56,1,0,1
B010,2021-05-25 05:00:00,1,611T2300,0.1152288015,,,1,0,0
B010,2021-05-25 05:00:00,2,611E2360,0.2488348618,,79.68,1,0,1
B010,2021-05-25 06:00:00,0,611H7406,0.007406675504,,113.56,1,0,1
B010,2021-05-25 06:00:00,1,611T2300,0.02147208457,,,1,0,0
B010,2021-05-25 06:00:00,2,611E2360,0,,79.68,1,0,1
B010,2021-05-25 07:00:00,0,611H7406,0,,113.56,1,0,1
B010,2021-05-25 07:00:00,1,611T2300,0.1176254495,,,1,0,0
B010,2021-05-25 07:00:00,2,611E2360,0.3696805391,,79.68,1,0,1
B010,2021-05-25 08:00:00,0,611H7406,0,,113.56,1,0,1
B010,2021-05-25 08:00:00,1,611T2300,0,,,1,0,0
B010,2021-05-25 08:00:00,2,611E2360,0,,79.69,1,0,1
B010,2021-05-25 09:00:00,0,611H7406,0,,113.56,1,0,1
B010,2021-05-25 09:00:00,1,611T2300,0,,,1,0,0
B010,2021-05-25 09:00:00,2,611E2360,0,,79.66,1,0,1
B010,2021-05-25 10:00:00,0,611H7406,0,,113.56,1,0,1
B010,2021-05-25 10:00:00,1,611T2300,0,,,1,0,0
B010,2021-05-25 10:00:00,2,611E2360,0,,79.66,1,0,1
B010,2021-05-25 11:00:00,0,611H7406,0,,113.56,1,0,1
B010,2021-05-25 11:00:00,1,611T2300,0.05197900246,,,1,0,0
B010,2021-05-25 11:00:00,2,611E2360,0,,79.66,1,0,1
B010,2021-05-25 12:00:00,0,611H7406,0,,113.56,1,0,1
B010,2021-05-25 12:00:00,1,611T2300,0,,,1,0,0
B010,2021-05-25 12:00:00,2,611E2360,0,,79.66,1,0,1
B010,2021-05-25 13:00:00,0,611H7406,0,,113.56,1,0,1
B010,2021-05-25 13:00:00,1,611T2300,0,,,1,0,0
B010,2021-05-25 13:00:00,2,611E2360,0,,79.65,1,0,1
B010,2021-05-25 14:00:00,0,611H7406,0,,113.56,1,0,1
B010,2021-05-25 14:00:00,1,611T2300,0,,,1,0,0
B010,2021-05-25 14:00:00,2,611E2360,0,,79.65,1,0,1
B010,2021-05-25 15:00:00,0,611H7406,0,,113.56,1,0,1
B010,2021-05-25 15:00:00,1,611T2300,0,,,1,0,0
B010,2021-05-25 15:00:00,2,611E2360,0,,79.65,1,0,1
B010,2021-05-25 16:00:00,0,611H7406,0,,113.56,1,0,1
B010,2021-05-25 16:00:00,1,611T2300,0,,,1,0,0
B010,2021-05-25 16:00:00,2,611E2360,0,,79.65,1,0,1
B010,2021-05-25 17:00:00,0,611H7406,0,,113.55,1,0,1
B010,2021-05-25 17:00:00,1,611T2300,0,,,1,0,0
B010,2021-05-25 17:00:00,2,611E2360,0,,79.64,1,0,1
B010,2021-05-25 18:00:00,0,611H7406,0,,112.95,1,0,1
B010,2021-05-25 18:00:00,1,611T2300,0,,,1,0,0
B010,2021-05-25 18:00:00,2,611E2360,0,,79.64,1,0,1
B010,2021-05-25 19:00:00,0,611H7406,0,,112.95,1,0,1
B010,2021-05-25 19:00:00,1,611T2300,0,,,1,0,0
B010,2021-05-25 19:00:00,2,611E2360,0,,79.64,1,0,1
B010,2021-05-25 20:00:00,0,611H7406,0,,112.95,1,0,1
B010,2021-05-25 20:00:00,1,611T2300,0,,,1,0,0
B010,2021-05-25 20:00:00,2,611E2360,0,,79.64,1,0,1
B010,2021-05-25 21:00:00,0,611H7406,0,,112.97,1,0,1
B010,2021-05-25 21:00:00,1,611T2300,0,,,1,0,0
B010,2021-05-25 21:00:00,2,611E2360,0,,79.64,1,0,1
B010,2021-05-25 22:00:00,0,611H7406,0,,112.97,1,0,1
B010,2021-05-25 22:00:00,1,611T2300,0,,,1,0,0
B010,2021-05-25 22:00:00,2,611E2360,0,,79.64,1,0,1
B010,2021-05-25 23:00:00,0,611H7406,0,,112.97,1,0,1
B010,2021-05-25 23:00:00,1,611T2300,0,,,1,0,0
B010,2021-05-25 23:00:00,2,611E2360,0,,79.64,1,0,1
B010,2021-05-26 00:00:00,0,611H7406,0,,112.97,1,0,1
B010,2021-05-26 00:00:00,1,611T2300,0,,,1,0,0
B010,2021-05-26 00:00:00,2,611E2360,0,,79.64,1,0,1
B010,2021-05-26 01:00:00,0,611H7406,0,,112.97,1,0,1
B010,2021-05-26 01:00:00,1,611T2300,0,,,1,0,0
B010,2021-05-26 01:00:00,2,611E2360,0,,79.64,1,0,1
B010,2021-05-26 02:00:00,0,611H7406,0,,112.97,1,0,1
B010,2021-05-26 02:00:00,1,611T2300,0,,,1,0,0
B010,2021-05-26 02:00:00,2,611E2360,0,,79.64,1,0,1
B010,2021-05-26 03:00:00,0,611H7406,0,,112.97,1,0,1
B010,2021-05-26 03:00:00,1,611T2300,0,,,1,0,0
B010,2021-05-26 03:00:00,2,611E2360,0,,79.63,1,0,1
B010,2021-05-26 04:00:00,0,611H7406,0,,112.97,1,0,1
B010,2021-05-26 04:00:00,1,611T2300,0,,,1,0,0
B010,2021-05-26 04:00:00,2,611E2360,0,,79.63,1,0,1
B010,2021-05-26 05:00:00,0,611H7406,0,,112.97,1,0,1
B010,2021-05-26 05:00:00,1,611T2300,0,,,1,0,0
B010,2021-05-26 05:00:00,2,611E2360,0,,79.63,1,0,1
B010,2021-05-26 06:00:00,0,611H7406,0,,112.97,1,0,1
B010,2021-05-26 06:00:00,1,611T2300,0,,,1,0,0
B010,2021-05-26 06:00:00,2,611E2360,0,,,1,0,0
B010,2021-05-26 07:00:00,0,611H7406,0,,112.96,1,0,1
B010,2021-05-26 07:00:00,1,611T2300,0,,,1,0,0
B010,2021-05-26 07:00:00,2,611E2360,0,,79.63,1,0,1
B010,2021-05-26 08:00:00,0,611H7406,0,,112.98,1,0,1
B010,2021-05-26 08:00:00,1,611T2300,0,,,1,0,0
B010,2021-05-26 08:00:00,2,611E2360,0,,79.63,1,0,1
B010,2021-05-26 09:00:00,0,611H7406,0,,113.16,1,0,1
B010,2021-05-26 09:00:00,1,611T2300,0,,,1,0,0
B010,2021-05-26 09:00:00,2,611E2360,0,,79.63,1,0,1
B010,2021-05-26 10:00:00,0,611H7406,0,,112.97,1,0,1
B010,2021-05-26 10:00:00,1,611T2300,0,,,1,0,0
B010,2021-05-26 10:00:00,2,611E2360,0,,79.62,1,0,1
B010,2021-05-26 11:00:00,0,611H7406,0,,112.95,1,0,1
B010,2021-05-26 11:00:00,1,611T2300,0,,,1,0,0
B010,2021-05-26 11:00:00,2,611E2360,0,,79.62,1,0,1
B010,2021-05-26 12:00:00,0,611H7406,0,,112.95,1,0,1
B010,2021-05-26 12:00:00,1,611T2300,0,,,1,0,0
B010,2021-05-26 12:00:00,2,611E2360,0,,79.62,1,0,1
B010,2021-05-26 13:00:00,0,611H7406,0,,112.95,1,0,1
B010,2021-05-26 13:00:00,1,611T2300,0,,,1,0,0
B010,2021-05-26 13:00:00,2,611E2360,0,,79.61,1,0,1
B010,2021-05-26 14:00:00,0,611H7406,0.1162823533,,112.97,1,0,1
B010,2021-05-26 14:00:00,1,611T2300,0.004864676789,,,1,0,0
B010,2021-05-26 14:00:00,2,611E2360,0,,79.61,1,0,1
B010,2021-05-26 15:00:00,0,611H7406,3.71340923,,112.95,1,0,1
B010,2021-05-26 15:00:00,1,611T2300,2.477387755,,,1,0,0
B010,2021-05-26 15:00:00,2,611E2360,1.356128016,,79.61,1,0,1
B010,2021-05-26 16:00:00,0,611H7406,2.957236442,,113.56,1,0,1
B010,2021-05-26 16:00:00,1,611T2300,1.944529452,,,1,0,0
B010,2021-05-26 16:00:00,2,611E2360,4.284565127,,79.61,1,0,1
B010,2021-05-26 17:00:00,0,611H7406,1.951218738,,113.61,1,0,1
B010,2021-05-26 17:00:00,1,611T2300,1.761481515,,,1,0,0
B010,2021-05-26 17:00:00,2,611E2360,0.1677595749,,79.7,1,0,1
B010,2021-05-26 18:00:00,0,611H7406,0.04444005302,,114.21,1,0,1
B010,2021-05-26 18:00:00,1,611T2300,0.2384058977,,,1,0,0
B010,2021-05-26 18:00:00,2,611E2360,1.828576248,,79.89,1,0,1
B010,2021-05-26 19:00:00,0,611H7406,0,,113.61,1,0,1
B010,2021-05-26 19:00:00,1,611T2300,0.04553631203,,,1,0,0
B010,2021-05-26 19:00:00,2,611E2360,2.304997254,,80.14,1,0,1
B010,2021-05-26 20:00:00,0,611H7406,0,,113.88,1,0,1
B010,2021-05-26 20:00:00,1,611T2300,0.2056290078,,,1,0,0
B010,2021-05-26 20:00:00,2,611E2360,1.09654048,,80.52,1,0,1
B010,2021-05-26 21:00:00,0,611H7406,0,,113.61,1,0,1
B010,2021-05-26 21:00:00,1,611T2300,0,,,1,0,0
B010,2021-05-26 21:00:00,2,611E2360,0,,80.63,1,0,1
B010,2021-05-26 22:00:00,0,611H7406,0,,113.61,1,0,1
B010,2021-05-26 22:00:00,1,611T2300,0.002396648001,,,1,0,0
B010,2021-05-26 22:00:00,2,611E2360,0.1208456774,,80.57,1,0,1
B010,2021-05-26 23:00:00,0,611H7406,0.04965448804,,113.61,1,0,1
B010,2021-05-26 23:00:00,1,611T2300,0.02147208457,,,1,0,0
B010,2021-05-26 23:00:00,2,611E2360,0.001785876766,,80.42,1,0,1
B010,2021-05-27 00:00:00,0,611H7406,0,,113.59,1,0,1
B010,2021-05-27 00:00:00,1,611T2300,0.03920848315,,,1,0,0
B010,2021-05-27 00:00:00,2,611E2360,0.1224497511,,80.28,1,0,1
B010,2021-05-27 01:00:00,0,611H7406,0,,113.57,1,0,1
B010,2021-05-27 01:00:00,1,611T2300,0,,,1,0,0
B010,2021-05-27 01:00:00,2,611E2360,0,,80.17,1,0,1
B010,2021-05-27 02:00:00,0,611H7406,0,,113.55,1,0,1
B010,2021-05-27 02:00:00,1,611T2300,0,,,1,0,0
B010,2021-05-27 02:00:00,2,611E2360,0,,80.12,1,0,1
B010,2021-05-27 03:00:00,0,611H7406,0,,113.55,1,0,1
B010,2021-05-27 03:00:00,1,611T2300,0,,,1,0,0
B010,2021-05-27 03:00:00,2,611E2360,0,,80.08,1,0,1
B010,2021-05-27 04:00:00,0,611H7406,0,,113.57,1,0,1
B010,2021-05-27 04:00:00,1,611T2300,0,,,1,0,0
B010,2021-05-27 04:00:00,2,611E2360,0,,80.04,1,0,1
B010,2021-05-27 05:00:00,0,611H7406,0,,113.57,1,0,1
B010,2021-05-27 05:00:00,1,611T2300,0,,,1,0,0
B010,2021-05-27 05:00:00,2,611E2360,0.001785876766,,80,1,0,1
B010,2021-05-27 06:00:00,0,611H7406,0,,113.57,1,0,1
B010,2021-05-27 06:00:00,1,611T2300,0,,,1,0,0
B010,2021-05-27 06:00:00,2,611E2360,0,,79.97,1,0,1
B010,2021-05-27 07:00:00,0,611H7406,7.133857463,,113.58,1,0,1
B010,2021-05-27 07:00:00,1,611T2300,0.2581189387,,,1,0,0
B010,2021-05-27 07:00:00,2,611E2360,0.4093229203,,79.96,1,0,1
B010,2021-05-27 08:00:00,0,611H7406,0,,113.56,1,0,1
B010,2021-05-27 08:00:00,1,611T2300,0.04400177916,,,1,0,0
B010,2021-05-27 08:00:00,2,611E2360,0.3661087856,,79.93,1,0,1
B010,2021-05-27 09:00:00,0,611H7406,0,,113.56,1,0,1
B010,2021-05-27 09:00:00,1,611T2300,0.03681183515,,,1,0,0
B010,2021-05-27 09:00:00,2,611E2360,0,,79.92,1,0,1
B010,2021-05-27 10:00:00,0,611H7406,0.04224781253,,113.56,1,0,1
B010,2021-05-27 10:00:00,1,611T2300,0.03920848315,,,1,0,0
B010,2021-05-27 10:00:00,2,611E2360,0.1226315541,,79.91,1,0,1
B010,2021-05-27 11:00:00,0,611H7406,0.1236890288,,113.56,1,0,1
B010,2021-05-27 11:00:00,1,611T2300,0.03592335336,,,1,0,0
B010,2021-05-27 11:00:00,2,611E2360,0.4851685862,,79.89,1,0,1
B010,2021-05-27 12:00:00,0,611H7406,0,,113.58,1,0,1
B010,2021-05-27 12:00:00,1,611T2300,0.1496439886,,,1,0,0
B010,2021-05-27 12:00:00,2,611E2360,0.1208456774,,79.88,1,0,1
B010,2021-05-27 13:00:00,0,611H7406,0.2229980049,,113.58,1,0,1
B010,2021-05-27 13:00:00,1,611T2300,0.0716775785,,,1,0,0
B010,2021-05-27 13:00:00,2,611E2360,0.1310155288,,79.87,1,0,1
B010,2021-05-27 14:00:00,0,611H7406,0.04224781253,,113.58,1,0,1
B010,2021-05-27 14:00:00,1,611T2300,0,,,1,0,0
B010,2021-05-27 14:00:00,2,611E2360,0,,79.86,1,0,1
B010,2021-05-27 15:00:00,0,611H7406,0.2748125192,,,1,0,0
B010,2021-05-27 15:00:00,1,611T2300,0.09054296788,,,1,0,0
B010,2021-05-27 15:00:00,2,611E2360,0.3709210067,,79.87,1,0,1
B010,2021-05-27 16:00:00,0,611H7406,0.04224781253,,,1,0,0
B010,2021-05-27 16:00:00,1,611T2300,0.03920848315,,,1,0,0
B010,2021-05-27 16:00:00,2,611E2360,0.1226315541,,79.87,1,0,1
B010,2021-05-27 17:00:00,0,611H7406,0.3170603317,,,1,0,0
B010,2021-05-27 17:00:00,1,611T2300,0.08814631988,,,1,0,0
B010,2021-05-27 17:00:00,2,611E2360,0.2502571324,,79.86,1,0,1
B010,2021-05-27 18:00:00,0,611H7406,0.04444005302,,113.56,1,0,1
B010,2021-05-27 18:00:00,1,611T2300,0.1312291554,,,1,0,0
B010,2021-05-27 18:00:00,2,611E2360,0.1208456774,,79.85,1,0,1
B010,2021-05-27 19:00:00,0,611H7406,0,,113.56,1,0,1
B010,2021-05-27 19:00:00,1,611T2300,0,,,1,0,0
B010,2021-05-27 19:00:00,2,611E2360,0,,79.86,1,0,1
B010,2021-05-27 20:00:00,0,611H7406,0,,113.56,1,0,1
B010,2021-05-27 20:00:00,1,611T2300,0,,,1,0,0
B010,2021-05-27 20:00:00,2,611E2360,0,,79.86,1,0,1
B010,2021-05-27 21:00:00,0,611H7406,0,,113.56,1,0,1
B010,2021-05-27 21:00:00,1,611T2300,0,,,1,0,0
B010,2021-05-27 21:00:00,2,611E2360,0,,79.85,1,0,1
B010,2021-05-27 22:00:00,0,611H7406,0,,113.56,1,0,1
B010,2021-05-27 22:00:00,1,611T2300,0,,,1,0,0
B010,2021-05-27 22:00:00,2,611E2360,0,,79.84,1,0,1
B010,2021-05-27 23:00:00,0,611H7406,0.1162823533,,113.58,1,0,1
B010,2021-05-27 23:00:00,1,611T2300,0.004864676789,,,1,0,0
B010,2021-05-27 23:00:00,2,611E2360,0,,79.83,1,0,1
B010,2021-05-28 00:00:00,0,611H7406,0,,113.27,1,0,1
B010,2021-05-28 00:00:00,1,611T2300,0,,,1,0,0
B010,2021-05-28 00:00:00,2,611E2360,0,,79.83,1,0,1
B010,2021-05-28 01:00:00,0,611H7406,0,,113.58,1,0,1
B010,2021-05-28 01:00:00,1,611T2300,0,,,1,0,0
B010,2021-05-28 01:00:00,2,611E2360,0,,79.82,1,0,1
B010,2021-05-28 02:00:00,0,611H7406,0,,113.58,1,0,1
B010,2021-05-28 02:00:00,1,611T2300,0,,,1,0,0
B010,2021-05-28 02:00:00,2,611E2360,0,,79.81,1,0,1
B010,2021-05-28 03:00:00,0,611H7406,0,,113.58,1,0,1
B010,2021-05-28 03:00:00,1,611T2300,0,,,1,0,0
B010,2021-05-28 03:00:00,2,611E2360,0,,79.8,1,0,1
B010,2021-05-28 04:00:00,0,611H7406,0,,113.56,1,0,1
B010,2021-05-28 04:00:00,1,611T2300,0,,,1,0,0
B010,2021-05-28 04:00:00,2,611E2360,0,,79.79,1,0,1
B010,2021-05-28 05:00:00,0,611H7406,0,,113.56,1,0,1
B010,2021-05-28 05:00:00,1,611T2300,0,,,1,0,0
B010,2021-05-28 05:00:00,2,611E2360,0,,79.79,1,0,1
B010,2021-05-28 06:00:00,0,611H7406,0,,113.38,1,0,1
B010,2021-05-28 06:00:00,1,611T2300,0,,,1,0,0
B010,2021-05-28 06:00:00,2,611E2360,0,,79.78,1,0,1
B010,2021-05-28 07:00:00,0,611H7406,1.109711161,,113.38,1,0,1
B010,2021-05-28 07:00:00,1,611T2300,0.07326122068,,,1,0,0
B010,2021-05-28 07:00:00,2,611E2360,0.1440620753,,79.77,1,0,1
B010,2021-05-28 08:00:00,0,611H7406,0.1659368414,,113.38,1,0,1
B010,2021-05-28 08:00:00,1,611T2300,0.09996043166,,,1,0,0
B010,2021-05-28 08:00:00,2,611E2360,0,,79.77,1,0,1
B010,2021-05-28 09:00:00,0,611H7406,1.119310077,,113.55,1,0,1
B010,2021-05-28 09:00:00,1,611T2300,0.804503116,,,1,0,0
B010,2021-05-28 09:00:00,2,611E2360,1.591515312,,79.77,1,0,1
B010,2021-05-28 10:00:00,0,611H7406,1.85057969,,113.57,1,0,1
B010,2021-05-28 10:00:00,1,611T2300,0.5702247102,,,1,0,0
B010,2021-05-28 10:00:00,2,611E2360,1.126322822,,79.77,1,0,1
B010,2021-05-28 11:00:00,0,611H7406,2.762567282,,113.59,1,0,1
B010,2021-05-28 11:00:00,1,611T2300,0.6395097359,,,1,0,0
B010,2021-05-28 11:00:00,2,611E2360,0.7708971433,,,1,0,0
B010,2021-05-28 12:00:00,0,611H7406,2.455105866,,113.61,1,0,1
B010,2021-05-28 12:00:00,1,611T2300,1.201791697,,,1,0,0
B010,2021-05-28 12:00:00,2,611E2360,1.634857456,,79.83,1,0,1
B010,2021-05-28 13:00:00,0,611H7406,1.580119438,,114.21,1,0,1
B010,2021-05-28 13:00:00,1,611T2300,0.6891178169,,,1,0,0
B010,2021-05-28 13:00:00,2,611E2360,1.48189815,,79.94,1,0,1
B010,2021-05-28 14:00:00,0,611H7406,0.9206921248,,114.21,1,0,1
B010,2021-05-28 14:00:00,1,611T2300,0.1400741224,,,1,0,0
B010,2021-05-28 14:00:00,2,611E2360,0.2500753294,,80.11,1,0,1
B010,2021-05-28 15:00:00,0,611H7406,0,,114.04,1,0,1
B010,2021-05-28 15:00:00,1,611T2300,0.002396648001,,,1,0,0
B010,2021-05-28 15:00:00,2,611E2360,0.1226315541,,80.4,1,0,1
B010,2021-05-28 16:00:00,0,611H7406,0.1585301659,,114.22,1,0,1
B010,2021-05-28 16:00:00,1,611T2300,0.00726132479,,,1,0,0
B010,2021-05-28 16:00:00,2,611E2360,0.1242356278,,80.53,1,0,1
B010,2021-05-28 17:00:00,0,611H7406,0,,113.59,1,0,1
B010,2021-05-28 17:00:00,1,611T2300,0.03681183515,,,1,0,0
B010,2021-05-28 17:00:00,2,611E2360,0,,80.51,1,0,1
B010,2021-05-28 18:00:00,0,611H7406,0,,113.61,1,0,1
B010,2021-05-28 18:00:00,1,611T2300,0.002396648001,,,1,0,0
B010,2021-05-28 18:00:00,2,611E2360,0.1208456774,,80.4,1,0,1
B010,2021-05-28 19:00:00,0,611H7406,0,,113.8,1,0,1
B010,2021-05-28 19:00:00,1,611T2300,0,,,1,0,0
B010,2021-05-28 19:00:00,2,611E2360,0,,80.3,1,0,1
B010,2021-05-28 20:00:00,0,611H7406,0,,113.78,1,0,1
B010,2021-05-28 20:00:00,1,611T2300,0,,,1,0,0
B010,2021-05-28 20:00:00,2,611E2360,0,,80.22,1,0,1
B010,2021-05-28 21:00:00,0,611H7406,0,,113.59,1,0,1
B010,2021-05-28 21:00:00,1,611T2300,0,,,1,0,0
B010,2021-05-28 21:00:00,2,611E2360,0,,80.17,1,0,1
B010,2021-05-28 22:00:00,0,611H7406,0.1659368414,,113.61,1,0,1
B010,2021-05-28 22:00:00,1,611T2300,0.02633676136,,,1,0,0
B010,2021-05-28 22:00:00,2,611E2360,0.003389950478,,80.1,1,0,1
B010,2021-05-28 23:00:00,0,611H7406,0,,113.61,1,0,1
B010,2021-05-28 23:00:00,1,611T2300,0,,,1,0,0
B010,2021-05-28 23:00:00,2,611E2360,0,,80.06,1,0,1
B010,2021-05-29 00:00:00,0,611H7406,0,,113.61,1,0,1
B010,2021-05-29 00:00:00,1,611T2300,0,,,1,0,0
B010,2021-05-29 00:00:00,2,611E2360,0,,80.03,1,0,1
B010,2021-05-29 01:00:00,0,611H7406,0,,113.59,1,0,1
B010,2021-05-29 01:00:00,1,611T2300,0,,,1,0,0
B010,2021-05-29 01:00:00,2,611E2360,0,,80.01,1,0,1
B010,2021-05-29 02:00:00,0,611H7406,0,,113.61,1,0,1
B010,2021-05-29 02:00:00,1,611T2300,0,,,1,0,0
B010,2021-05-29 02:00:00,2,611E2360,0,,79.99,1,0,1
B010,2021-05-29 03:00:00,0,611H7406,0,,113.61,1,0,1
B010,2021-05-29 03:00:00,1,611T2300,0,,,1,0,0
B010,2021-05-29 03:00:00,2,611E2360,0,,79.98,1,0,1
B010,2021-05-29 04:00:00,0,611H7406,0,,113.61,1,0,1
B010,2021-05-29 04:00:00,1,611T2300,0,,,1,0,0
B010,2021-05-29 04:00:00,2,611E2360,0,,79.97,1,0,1
B010,2021-05-29 05:00:00,0,611H7406,0,,113.61,1,0,1
B010,2021-05-29 05:00:00,1,611T2300,0,,,1,0,0
B010,2021-05-29 05:00:00,2,611E2360,0,,79.96,1,0,1
B010,2021-05-29 06:00:00,0,611H7406,0,,,1,0,0
B010,2021-05-29 06:00:00,1,611T2300,0,,,1,0,0
B010,2021-05-29 06:00:00,2,611E2360,0,,79.96,1,0,1
B010,2021-05-29 07:00:00,0,611H7406,10.14593061,,113.59,1,0,1
B010,2021-05-29 07:00:00,1,611T2300,2.695866843,,,1,0,0
B010,2021-05-29 07:00:00,2,611E2360,7.098343125,,79.94,1,0,1
B010,2021-05-29 08:00:00,0,611H7406,0,,113.59,1,0,1
B010,2021-05-29 08:00:00,1,611T2300,0,,,1,0,0
B010,2021-05-29 08:00:00,2,611E2360,0,,79.93,1,0,1
B010,2021-05-29 09:00:00,0,611H7406,0,,,1,0,0
B010,2021-05-29 09:00:00,1,611T2300,0,,,1,0,0
B010,2021-05-29 09:00:00,2,611E2360,0.001785876766,,79.93,1,0,1
B010,2021-05-29 10:00:00,0,611H7406,0.1585301659,,113.57,1,0,1
B010,2021-05-29 10:00:00,1,611T2300,0.004864676789,,,1,0,0
B010,2021-05-29 10:00:00,2,611E2360,0.003208147424,,79.92,1,0,1
B010,2021-05-29 11:00:00,0,611H7406,0,,113.57,1,0,1
B010,2021-05-29 11:00:00,1,611T2300,0,,,1,0,0
B010,2021-05-29 11:00:00,2,611E2360,0,,79.9,1,0,1
B010,2021-05-29 12:00:00,0,611H7406,0,,113.57,1,0,1
B010,2021-05-29 12:00:00,1,611T2300,0.03920848315,,,1,0,0
B010,2021-05-29 12:00:00,2,611E2360,0.1208456774,,79.9,1,0,1
B010,2021-05-29 13:00:00,0,611H7406,0.1310957043,,113.57,1,0,1
B010,2021-05-29 13:00:00,1,611T2300,0.08701732908,,,1,0,0
B010,2021-05-29 13:00:00,2,611E2360,0.1242356278,,79.89,1,0,1
B010,2021-05-29 14:00:00,0,611H7406,0.1585301659,,113.57,1,0,1
B010,2021-05-29 14:00:00,1,611T2300,0.04407315994,,,1,0,0
B010,2021-05-29 14:00:00,2,611E2360,0.1226315541,,79.88,1,0,1
B010,2021-05-29 15:00:00,0,611H7406,0.2155913294,,113.57,1,0,1
B010,2021-05-29 15:00:00,1,611T2300,0.08941397708,,,1,0,0
B010,2021-05-29 15:00:00,2,611E2360,0.2500753294,,79.87,1,0,1
B010,2021-05-29 16:00:00,0,611H7406,0.7512973993,,113.56,1,0,1
B010,2021-05-29 16:00:00,1,611T2300,0.1182187672,,,1,0,0
B010,2021-05-29 16:00:00,2,611E2360,0.1288660459,,79.87,1,0,1
B010,2021-05-29 17:00:00,0,611H7406,0.5474650121,,113.6,1,0,1
B010,2021-05-29 17:00:00,1,611T2300,0.190882575,,,1,0,0
B010,2021-05-29 17:00:00,2,611E2360,0.8623240847,,79.87,1,0,1
B010,2021-05-29 18:00:00,0,611H7406,0.1162823533,,113.62,1,0,1
B010,2021-05-29 18:00:00,1,611T2300,0.004864676789,,,1,0,0
B010,2021-05-29 18:00:00,2,611E2360,0.003389950478,,79.89,1,0,1
B010,2021-05-29 19:00:00,0,611H7406,0,,113.62,1,0,1
B010,2021-05-29 19:00:00,1,611T2300,0.03681183515,,,1,0,0
B010,2021-05-29 19:00:00,2,611E2360,0,,79.89,1,0,1
B010,2021-05-29 20:00:00,0,611H7406,0,,113.6,1,0,1
B010,2021-05-29 20:00:00,1,611T2300,0.002396648001,,,1,0,0
B010,2021-05-29 20:00:00,2,611E2360,0.1208456774,,79.9,1,0,1
B010,2021-05-29 21:00:00,0,611H7406,0,,113.6,1,0,1
B010,2021-05-29 21:00:00,1,611T2300,0,,,1,0,0
B010,2021-05-29 21:00:00,2,611E2360,0,,79.92,1,0,1
B010,2021-05-29 22:00:00,0,611H7406,0,,113.58,1,0,1
B010,2021-05-29 22:00:00,1,611T2300,0,,,1,0,0
B010,2021-05-29 22:00:00,2,611E2360,0.001785876766,,79.9,1,0,1
B010,2021-05-29 23:00:00,0,611H7406,0,,113.56,1,0,1
B010,2021-05-29 23:00:00,1,611T2300,0,,,1,0,0
B010,2021-05-29 23:00:00,2,611E2360,0,,79.9,1,0,1
B010,2021-05-30 00:00:00,0,611H7406,0,,113.56,1,0,1
B010,2021-05-30 00:00:00,1,611T2300,0,,,1,0,0
B010,2021-05-30 00:00:00,2,611E2360,0,,79.89,1,0,1
B010,2021-05-30 01:00:00,0,611H7406,0,,113.56,1,0,1
B010,2021-05-30 01:00:00,1,611T2300,0,,,1,0,0
B010,2021-05-30 01:00:00,2,611E2360,0,,79.87,1,0,1
B010,2021-05-30 02:00:00,0,611H7406,0.007406675504,,113.56,1,0,1
B010,2021-05-30 02:00:00,1,611T2300,0.02147208457,,,1,0,0
B010,2021-05-30 02:00:00,2,611E2360,0,,79.86,1,0,1
B010,2021-05-30 03:00:00,0,611H7406,0,,113.56,1,0,1
B010,2021-05-30 03:00:00,1,611T2300,0,,,1,0,0
B010,2021-05-30 03:00:00,2,611E2360,0,,79.86,1,0,1
B010,2021-05-30 04:00:00,0,611H7406,0,,113.56,1,0,1
B010,2021-05-30 04:00:00,1,611T2300,0,,,1,0,0
B010,2021-05-30 04:00:00,2,611E2360,0,,79.85,1,0,1
B010,2021-05-30 05:00:00,0,611H7406,0,,113.56,1,0,1
B010,2021-05-30 05:00:00,1,611T2300,0,,,1,0,0
B010,2021-05-30 05:00:00,2,611E2360,0,,79.84,1,0,1
B010,2021-05-30 06:00:00,0,611H7406,0,,113.58,1,0,1
B010,2021-05-30 06:00:00,1,611T2300,0,,,1,0,0
B010,2021-05-30 06:00:00,2,611E2360,0,,79.83,1,0,1
B010,2021-05-30 07:00:00,0,611H7406,1.743831824,,113.58,1,0,1
B010,2021-05-30 07:00:00,1,611T2300,0.3815591979,,,1,0,0
B010,2021-05-30 07:00:00,2,611E2360,1.739993848,,79.83,1,0,1
B010,2021-05-30 08:00:00,0,611H7406,0,,113.58,1,0,1
B010,2021-05-30 08:00:00,1,611T2300,0,,,1,0,0
B010,2021-05-30 08:00:00,2,611E2360,0,,79.82,1,0,1
B010,2021-05-30 09:00:00,0,611H7406,0,,113.56,1,0,1
B010,2021-05-30 09:00:00,1,611T2300,0.03681183515,,,1,0,0
B010,2021-05-30 09:00:00,2,611E2360,0,,79.82,1,0,1
B010,2021-05-30 10:00:00,0,611H7406,0,,113.56,1,0,1
B010,2021-05-30 10:00:00,1,611T2300,0,,,1,0,0
B010,2021-05-30 10:00:00,2,611E2360,0,,79.81,1,0,1
B010,2021-05-30 11:00:00,0,611H7406,0,,113.56,1,0,1
B010,2021-05-30 11:00:00,1,611T2300,0,,,1,0,0
B010,2021-05-30 11:00:00,2,611E2360,0,,79.8,1,0,1
B010,2021-05-30 12:00:00,0,611H7406,0,,113.56,1,0,1
B010,2021-05-30 12:00:00,1,611T2300,0,,,1,0,0
B010,2021-05-30 12:00:00,2,611E2360,0,,79.79,1,0,1
B010,2021-05-30 13:00:00,0,611H7406,0,,113.56,1,0,1
B010,2021-05-30 13:00:00,1,611T2300,0,,,1,0,0
B010,2021-05-30 13:00:00,2,611E2360,0,,79.79,1,0,1
B010,2021-05-30 14:00:00,0,611H7406,0,,113.56,1,0,1
B010,2021-05-30 14:00:00,1,611T2300,0,,,1,0,0
B010,2021-05-30 14:00:00,2,611E2360,0,,79.78,1,0,1
B010,2021-05-30 15:00:00,0,611H7406,0,,113.56,1,0,1
B010,2021-05-30 15:00:00,1,611T2300,0,,,1,0,0
B010,2021-05-30 15:00:00,2,611E2360,0,,79.77,1,0,1
B010,2021-05-30 16:00:00,0,611H7406,0,,113.56,1,0,1
B010,2021-05-30 16:00:00,1,611T2300,0.002396648001,,,1,0,0
B010,2021-05-30 16:00:00,2,611E2360,0.1208456774,,79.77,1,0,1
B010,2021-05-30 17:00:00,0,611H7406,0,,113.56,1,0,1
B010,2021-05-30 17:00:00,1,611T2300,0,,,1,0,0
B010,2021-05-30 17:00:00,2,611E2360,0,,79.76,1,0,1
B010,2021-05-30 18:00:00,0,611H7406,0,,113.56,1,0,1
B010,2021-05-30 18:00:00,1,611T2300,0,,,1,0,0
B010,2021-05-30 18:00:00,2,611E2360,0,,79.76,1,0,1
B010,2021-05-30 19:00:00,0,611H7406,0,,113.56,1,0,1
B010,2021-05-30 19:00:00,1,611T2300,0,,,1,0,0
B010,2021-05-30 19:00:00,2,611E2360,0,,79.76,1,0,1
B010,2021-05-30 20:00:00,0,611H7406,0,,113.56,1,0,1
B010,2021-05-30 20:00:00,1,611T2300,0,,,1,0,0
B010,2021-05-30 20:00:00,2,611E2360,0,,79.76,1,0,1
B010,2021-05-30 21:00:00,0,611H7406,0,,113.56,1,0,1
B010,2021-05-30 21:00:00,1,611T2300,0,,,1,0,0
B010,2021-05-30 21:00:00,2,611E2360,0,,79.76,1,0,1
B010,2021-05-30 22:00:00,0,611H7406,0,,113.56,1,0,1
B010,2021-05-30 22:00:00,1,611T2300,0,,,1,0,0
B010,2021-05-30 22:00:00,2,611E2360,0,,79.76,1,0,1
B010,2021-05-30 23:00:00,0,611H7406,0,,113.58,1,0,1
B010,2021-05-30 23:00:00,1,611T2300,0,,,1,0,0
B010,2021-05-30 23:00:00,2,611E2360,0,,79.76,1,0,1
B010,2021-07-01 07:00:00,0,611H7406,0.7926508293,,112.94,1,0,1
B010,2021-07-01 07:00:00,1,611T2300,0.3996316795,,,1,0,0
B010,2021-07-01 07:00:00,2,611E2360,0.3709210067,,,1,0,0
B010,2021-07-01 08:00:00,0,611H7406,0,,112.94,1,0,1
B010,2021-07-01 08:00:00,1,611T2300,0,,,1,0,0
B010,2021-07-01 08:00:00,2,611E2360,0,,79.55,1,0,1
B010,2021-07-01 09:00:00,0,611H7406,0,,112.94,1,0,1
B010,2021-07-01 09:00:00,1,611T2300,0,,,1,0,0
B010,2021-07-01 09:00:00,2,611E2360,0,,79.55,1,0,1
B010,2021-07-01 10:00:00,0,611H7406,0.04965448804,,112.92,1,0,1
B010,2021-07-01 10:00:00,1,611T2300,0.06068056772,,,1,0,0
B010,2021-07-01 10:00:00,2,611E2360,0.1242356278,,79.55,1,0,1
B010,2021-07-01 11:00:00,0,611H7406,0.3244670072,,112.92,1,0,1
B010,2021-07-01 11:00:00,1,611T2300,0.0680132733,,,1,0,0
B010,2021-07-01 11:00:00,2,611E2360,0.003208147424,,,1,0,0
B010,2021-07-01 12:00:00,0,611H7406,0.1659368414,,112.92,1,0,1
B010,2021-07-01 12:00:00,1,611T2300,0.06314859651,,,1,0,0
B010,2021-07-01 12:00:00,2,611E2360,0.003208147424,,79.55,1,0,1
B010,2021-07-01 13:00:00,0,611H7406,0,,112.92,1,0,1
B010,2021-07-01 13:00:00,1,611T2300,0,,,1,0,0
B010,2021-07-01 13:00:00,2,611E2360,0.001785876766,,79.54,1,0,1
B010,2021-07-01 14:00:00,0,611H7406,0.846657584,,112.96,1,0,1
B010,2021-07-01 14:00:00,1,611T2300,0.2824567862,,,1,0,0
B010,2021-07-01 14:00:00,2,611E2360,0.2481076496,,79.54,1,0,1
B010,2021-07-01 15:00:00,0,611H7406,0,,112.96,1,0,1
B010,2021-07-01 15:00:00,1,611T2300,0,,,1,0,0
B010,2021-07-01 15:00:00,2,611E2360,0.001785876766,,79.54,1,0,1
B010,2021-07-01 16:00:00,0,611H7406,0,,112.97,1,0,1
B010,2021-07-01 16:00:00,1,611T2300,0,,,1,0,0
B010,2021-07-01 16:00:00,2,611E2360,0,,79.54,1,0,1
B010,2021-07-01 17:00:00,0,611H7406,0,,113.15,1,0,1
B010,2021-07-01 17:00:00,1,611T2300,0,,,1,0,0
B010,2021-07-01 17:00:00,2,611E2360,0,,79.53,1,0,1
B010,2021-07-01 18:00:00,0,611H7406,0,,113.15,1,0,1
B010,2021-07-01 18:00:00,1,611T2300,0,,,1,0,0
B010,2021-07-01 18:00:00,2,611E2360,0,,79.53,1,0,1
B010,2021-07-01 19:00:00,0,611H7406,0,,112.96,1,0,1
B010,2021-07-01 19:00:00,1,611T2300,0,,,1,0,0
B010,2021-07-01 19:00:00,2,611E2360,0,,79.53,1,0,1
B010,2021-07-01 20:00:00,0,611H7406,0,,112.98,1,0,1
B010,2021-07-01 20:00:00,1,611T2300,0,,,1,0,0
B010,2021-07-01 20:00:00,2,611E2360,0,,79.54,1,0,1
B010,2021-07-01 21:00:00,0,611H7406,0,,112.96,1,0,1
B010,2021-07-01 21:00:00,1,611T2300,0,,,1,0,0
B010,2021-07-01 21:00:00,2,611E2360,0,,79.56,1,0,1
B010,2021-07-01 22:00:00,0,611H7406,0,,112.96,1,0,1
B010,2021-07-01 22:00:00,1,611T2300,0,,,1,0,0
B010,2021-07-01 22:00:00,2,611E2360,0,,79.58,1,0,1
B010,2021-07-01 23:00:00,0,611H7406,0,,112.98,1,0,1
B010,2021-07-01 23:00:00,1,611T2300,0,,,1,0,0
B010,2021-07-01 23:00:00,2,611E2360,0,,79.57,1,0,1
B010,2021-07-02 00:00:00,0,611H7406,0,,112.98,1,0,1
B010,2021-07-02 00:00:00,1,611T2300,0,,,1,0,0
B010,2021-07-02 00:00:00,2,611E2360,0,,79.57,1,0,1
B010,2021-07-02 01:00:00,0,611H7406,0,,112.96,1,0,1
B010,2021-07-02 01:00:00,1,611T2300,0,,,1,0,0
B010,2021-07-02 01:00:00,2,611E2360,0,,79.56,1,0,1
B010,2021-07-02 02:00:00,0,611H7406,0.3392803582,,112.96,1,0,1
B010,2021-07-02 02:00:00,1,611T2300,0.1869777607,,,1,0,0
B010,2021-07-02 02:00:00,2,611E2360,0.1226315541,,79.55,1,0,1
B010,2021-07-02 03:00:00,0,611H7406,0.2822191947,,112.96,1,0,1
B010,2021-07-02 03:00:00,1,611T2300,0.0728065693,,,1,0,0
B010,2021-07-02 03:00:00,2,611E2360,0.2434772315,,79.55,1,0,1
B010,2021-07-02 04:00:00,0,611H7406,0,,112.98,1,0,1
B010,2021-07-02 04:00:00,1,611T2300,0.03920848315,,,1,0,0
B010,2021-07-02 04:00:00,2,611E2360,0.1226315541,,79.55,1,0,1
B010,2021-07-02 05:00:00,0,611H7406,0.1659368414,,112.96,1,0,1
B010,2021-07-02 05:00:00,1,611T2300,0.02633676136,,,1,0,0
B010,2021-07-02 05:00:00,2,611E2360,0,,79.55,1,0,1
B010,2021-07-02 06:00:00,0,611H7406,0,,112.96,1,0,1
B010,2021-07-02 06:00:00,1,611T2300,0,,,1,0,0
B010,2021-07-02 06:00:00,2,611E2360,0,,79.55,1,0,1
B010,2021-07-02 07:00:00,0,611H7406,2.219422322,,112.95,1,0,1
B010,2021-07-02 07:00:00,1,611T2300,0.563435868,,,1,0,0
B010,2021-07-02 07:00:00,2,611E2360,0.8710716655,,79.55,1,0,1
B010,2021-07-02 08:00:00,0,611H7406,0,,112.95,1,0,1
B010,2021-07-02 08:00:00,1,611T2300,0,,,1,0,0
B010,2021-07-02 08:00:00,2,611E2360,0,,79.55,1,0,1
B010,2021-07-02 09:00:00,0,611H7406,0,,112.97,1,0,1
B010,2021-07-02 09:00:00,1,611T2300,0,,,1,0,0
B010,2021-07-02 09:00:00,2,611E2360,0,,79.55,1,0,1
B010,2021-07-02 10:00:00,0,611H7406,0,,112.97,1,0,1
B010,2021-07-02 10:00:00,1,611T2300,0.002396648001,,,1,0,0
B010,2021-07-02 10:00:00,2,611E2360,0.1208456774,,79.55,1,0,1
B010,2021-07-02 11:00:00,0,611H7406,0,,112.97,1,0,1
B010,2021-07-02 11:00:00,1,611T2300,0,,,1,0,0
B010,2021-07-02 11:00:00,2,611E2360,0,,,1,0,0
B010,2021-07-02 12:00:00,0,611H7406,0,,112.97,1,0,1
B010,2021-07-02 12:00:00,1,611T2300,0,,,1,0,0
B010,2021-07-02 12:00:00,2,611E2360,0,,79.55,1,0,1
B010,2021-07-02 13:00:00,0,611H7406,0,,112.95,1,0,1
B010,2021-07-02 13:00:00,1,611T2300,0,,,1,0,0
B010,2021-07-02 13:00:00,2,611E2360,0,,79.55,1,0,1
B010,2021-07-02 14:00:00,0,611H7406,0,,112.95,1,0,1
B010,2021-07-02 14:00:00,1,611T2300,0,,,1,0,0
B010,2021-07-02 14:00:00,2,611E2360,0,,79.54,1,0,1
B010,2021-07-02 15:00:00,0,611H7406,0,,112.93,1,0,1
B010,2021-07-02 15:00:00,1,611T2300,0,,,1,0,0
B010,2021-07-02 15:00:00,2,611E2360,0,,79.54,1,0,1
B010,2021-07-02 16:00:00,0,611H7406,0,,112.91,1,0,1
B010,2021-07-02 16:00:00,1,611T2300,0,,,1,0,0
B010,2021-07-02 16:00:00,2,611E2360,0,,79.54,1,0,1
B010,2021-07-02 17:00:00,0,611H7406,0,,,1,0,0
B010,2021-07-02 17:00:00,1,611T2300,0,,,1,0,0
B010,2021-07-02 17:00:00,2,611E2360,0,,79.54,1,0,1
B010,2021-07-02 18:00:00,0,611H7406,0,,112.91,1,0,1
B010,2021-07-02 18:00:00,1,611T2300,0,,,1,0,0
B010,2021-07-02 18:00:00,2,611E2360,0,,,1,0,0
B010,2021-07-02 19:00:00,0,611H7406,0,,112.91,1,0,1
B010,2021-07-02 19:00:00,1,611T2300,0,,,1,0,0
B010,2021-07-02 19:00:00,2,611E2360,0,,79.53,1,0,1
B010,2021-07-02 20:00:00,0,611H7406,0,,112.91,1,0,1
B010,2021-07-02 20:00:00,1,611T2300,0,,,1,0,0
B010,2021-07-02 20:00:00,2,611E2360,0,,79.53,1,0,1
B010,2021-07-02 21:00:00,0,611H7406,0,,112.91,1,0,1
B010,2021-07-02 21:00:00,1,611T2300,0,,,1,0,0
B010,2021-07-02 21:00:00,2,611E2360,0.001785876766,,79.53,1,0,1
B010,2021-07-02 22:00:00,0,611H7406,0,,,1,0,0
B010,2021-07-02 22:00:00,1,611T2300,0,,,1,0,0
B010,2021-07-02 22:00:00,2,611E2360,0,,79.53,1,0,1
B010,2021-07-02 23:00:00,0,611H7406,0,,112.91,1,0,1
B010,2021-07-02 23:00:00,1,611T2300,0,,,1,0,0
B010,2021-07-02 23:00:00,2,611E2360,0,,79.52,1,0,1
B010,2021-07-03 00:00:00,0,611H7406,0,,112.91,1,0,1
B010,2021-07-03 00:00:00,1,611T2300,0,,,1,0,0
B010,2021-07-03 00:00:00,2,611E2360,0,,79.51,1,0,1
B010,2021-07-03 01:00:00,0,611H7406,0,,112.91,1,0,1
B010,2021-07-03 01:00:00,1,611T2300,0,,,1,0,0
B010,2021-07-03 01:00:00,2,611E2360,0,,79.49,1,0,1
B010,2021-07-03 02:00:00,0,611H7406,0,,,1,0,0
B010,2021-07-03 02:00:00,1,611T2300,0,,,1,0,0
B010,2021-07-03 02:00:00,2,611E2360,0,,79.49,1,0,1
B010,2021-07-03 03:00:00,0,611H7406,0,,112.91,1,0,1
B010,2021-07-03 03:00:00,1,611T2300,0,,,1,0,0
B010,2021-07-03 03:00:00,2,611E2360,0,,79.49,1,0,1
B010,2021-07-03 04:00:00,0,611H7406,0,,112.91,1,0,1
B010,2021-07-03 04:00:00,1,611T2300,0,,,1,0,0
B010,2021-07-03 04:00:00,2,611E2360,0,,79.48,1,0,1
B010,2021-07-03 05:00:00,0,611H7406,0,,112.91,1,0,1
B010,2021-07-03 05:00:00,1,611T2300,0,,,1,0,0
B010,2021-07-03 05:00:00,2,611E2360,0,,79.49,1,0,1
B010,2021-07-03 06:00:00,0,611H7406,0,,112.91,1,0,1
B010,2021-07-03 06:00:00,1,611T2300,0,,,1,0,0
B010,2021-07-03 06:00:00,2,611E2360,0,,79.49,1,0,1
B010,2021-07-03 07:00:00,0,611H7406,0,,112.91,1,0,1
B010,2021-07-03 07:00:00,1,611T2300,0.002396648001,,,1,0,0
B010,2021-07-03 07:00:00,2,611E2360,0.1226315541,,79.49,1,0,1
B010,2021-07-03 08:00:00,0,611H7406,0.04224781253,,112.91,1,0,1
B010,2021-07-03 08:00:00,1,611T2300,0.002396648001,,,1,0,0
B010,2021-07-03 08:00:00,2,611E2360,0.1208456774,,79.48,1,0,1
B010,2021-07-03 09:00:00,0,611H7406,0,,112.91,1,0,1
B010,2021-07-03 09:00:00,1,611T2300,0,,,1,0,0
B010,2021-07-03 09:00:00,2,611E2360,0,,79.47,1,0,1
B010,2021-07-03 10:00:00,0,611H7406,0,,112.91,1,0,1
B010,2021-07-03 10:00:00,1,611T2300,0,,,1,0,0
B010,2021-07-03 10:00:00,2,611E2360,0,,79.47,1,0,1
B010,2021-07-03 11:00:00,0,611H7406,0,,112.91,1,0,1
B010,2021-07-03 11:00:00,1,611T2300,0,,,1,0,0
B010,2021-07-03 11:00:00,2,611E2360,0,,79.47,1,0,1
B010,2021-07-03 12:00:00,0,611H7406,0,,112.91,1,0,1
B010,2021-07-03 12:00:00,1,611T2300,0,,,1,0,0
B010,2021-07-03 12:00:00,2,611E2360,0,,79.46,1,0,1
B010,2021-07-03 13:00:00,0,611H7406,0,,112.91,1,0,1
B010,2021-07-03 13:00:00,1,611T2300,0,,,1,0,0
B010,2021-07-03 13:00:00,2,611E2360,0,,79.46,1,0,1
B010,2021-07-03 14:00:00,0,611H7406,0,,112.91,1,0,1
B010,2021-07-03 14:00:00,1,611T2300,0.03681183515,,,1,0,0
B010,2021-07-03 14:00:00,2,611E2360,0,,79.45,1,0,1
B010,2021-07-03 15:00:00,0,611H7406,0,,112.91,1,0,1
B010,2021-07-03 15:00:00,1,611T2300,0,,,1,0,0
B010,2021-07-03 15:00:00,2,611E2360,0.001604073712,,79.46,1,0,1
B010,2021-07-03 16:00:00,0,611H7406,0,,112.91,1,0,1
B010,2021-07-03 16:00:00,1,611T2300,0,,,1,0,0
B010,2021-07-03 16:00:00,2,611E2360,0,,79.46,1,0,1
B010,2021-07-03 17:00:00,0,611H7406,0,,112.91,1,0,1
B010,2021-07-03 17:00:00,1,611T2300,0,,,1,0,0
B010,2021-07-03 17:00:00,2,611E2360,0,,79.47,1,0,1
B010,2021-07-03 18:00:00,0,611H7406,0,,112.91,1,0,1
B010,2021-07-03 18:00:00,1,611T2300,0,,,1,0,0
B010,2021-07-03 18:00:00,2,611E2360,0,,79.47,1,0,1
B010,2021-07-03 19:00:00,0,611H7406,0,,112.91,1,0,1
B010,2021-07-03 19:00:00,1,611T2300,0,,,1,0,0
B010,2021-07-03 19:00:00,2,611E2360,0,,79.47,1,0,1
B010,2021-07-03 20:00:00,0,611H7406,0,,112.91,1,0,1
B010,2021-07-03 20:00:00,1,611T2300,0.3681183515,,,1,0,0
B010,2021-07-03 20:00:00,2,611E2360,0.01250113736,,79.47,1,0,1
B010,2021-07-03 21:00:00,0,611H7406,6.539462536,,112.91,1,0,1
B010,2021-07-03 21:00:00,1,611T2300,2.564817963,,,1,0,0
B010,2021-07-03 21:00:00,2,611E2360,9.838606137,,79.47,1,0,1
B010,2021-07-03 22:00:00,0,611H7406,1.54089382,,113.62,1,0,1
B010,2021-07-03 22:00:00,1,611T2300,0.286504362,,,1,0,0
B010,2021-07-03 22:00:00,2,611E2360,0.5049628799,,79.56,1,0,1
B010,2021-07-03 23:00:00,0,611H7406,0,,113.62,1,0,1
B010,2021-07-03 23:00:00,1,611T2300,0,,,1,0,0
B010,2021-07-03 23:00:00,2,611E2360,0,,79.6,1,0,1
B010,2021-07-04 00:00:00,0,611H7406,0,,113.58,1,0,1
B010,2021-07-04 00:00:00,1,611T2300,0,,,1,0,0
B010,2021-07-04 00:00:00,2,611E2360,0,,79.65,1,0,1
B010,2021-07-04 01:00:00,0,611H7406,0.1162823533,,113.58,1,0,1
B010,2021-07-04 01:00:00,1,611T2300,0.04167651194,,,1,0,0
B010,2021-07-04 01:00:00,2,611E2360,0,,79.78,1,0,1
B010,2021-07-04 02:00:00,0,611H7406,0,,113.56,1,0,1
B010,2021-07-04 02:00:00,1,611T2300,0,,,1,0,0
B010,2021-07-04 02:00:00,2,611E2360,0,,,1,0,0
B010,2021-07-04 03:00:00,0,611H7406,0,,113.58,1,0,1
B010,2021-07-04 03:00:00,1,611T2300,0,,,1,0,0
B010,2021-07-04 03:00:00,2,611E2360,0,,79.9,1,0,1
B010,2021-07-04 04:00:00,0,611H7406,0,,113.56,1,0,1
B010,2021-07-04 04:00:00,1,611T2300,0,,,1,0,0
B010,2021-07-04 04:00:00,2,611E2360,0,,79.87,1,0,1
B010,2021-07-04 05:00:00,0,611H7406,0,,113.38,1,0,1
B010,2021-07-04 05:00:00,1,611T2300,0,,,1,0,0
B010,2021-07-04 05:00:00,2,611E2360,0,,79.82,1,0,1
B010,2021-07-04 06:00:00,0,611H7406,0,,113.36,1,0,1
B010,2021-07-04 06:00:00,1,611T2300,0,,,1,0,0
B010,2021-07-04 06:00:00,2,611E2360,0,,79.77,1,0,1
B010,2021-07-04 07:00:00,0,611H7406,8.2509753,,113.58,1,0,1
B010,2021-07-04 07:00:00,1,611T2300,2.156632166,,,1,0,0
B010,2021-07-04 07:00:00,2,611E2360,0.2450813052,,79.74,1,0,1
B010,2021-07-04 08:00:00,0,611H7406,0.007406675504,,113.56,1,0,1
B010,2021-07-04 08:00:00,1,611T2300,0.0765949886,,,1,0,0
B010,2021-07-04 08:00:00,2,611E2360,2.8008811,,79.72,1,0,1
B010,2021-07-04 09:00:00,0,611H7406,0,,113.56,1,0,1
B010,2021-07-04 09:00:00,1,611T2300,0,,,1,0,0
B010,2021-07-04 09:00:00,2,611E2360,0.001785876766,,79.72,1,0,1
B010,2021-07-04 10:00:00,0,611H7406,0,,113.56,1,0,1
B010,2021-07-04 10:00:00,1,611T2300,0,,,1,0,0
B010,2021-07-04 10:00:00,2,611E2360,0,,,1,0,0
B010,2021-07-04 11:00:00,0,611H7406,0,,113.56,1,0,1
B010,2021-07-04 11:00:00,1,611T2300,0,,,1,0,0
B010,2021-07-04 11:00:00,2,611E2360,0,,79.7,1,0,1
B010,2021-07-04 12:00:00,0,611H7406,0,,112.95,1,0,1
B010,2021-07-04 12:00:00,1,611T2300,0,,,1,0,0
B010,2021-07-04 12:00:00,2,611E2360,0,,79.68,1,0,1
B010,2021-07-04 13:00:00,0,611H7406,0,,112.97,1,0,1
B010,2021-07-04 13:00:00,1,611T2300,0,,,1,0,0
B010,2021-07-04 13:00:00,2,611E2360,0,,79.67,1,0,1
B010,2021-07-04 14:00:00,0,611H7406,0,,112.97,1,0,1
B010,2021-07-04 14:00:00,1,611T2300,0,,,1,0,0
B010,2021-07-04 14:00:00,2,611E2360,0,,79.66,1,0,1
B010,2021-07-04 15:00:00,0,611H7406,0,,113.16,1,0,1
B010,2021-07-04 15:00:00,1,611T2300,0,,,1,0,0
B010,2021-07-04 15:00:00,2,611E2360,0,,79.64,1,0,1
B010,2021-07-04 16:00:00,0,611H7406,0,,112.98,1,0,1
B010,2021-07-04 16:00:00,1,611T2300,0,,,1,0,0
B010,2021-07-04 16:00:00,2,611E2360,0,,79.62,1,0,1
B010,2021-07-04 17:00:00,0,611H7406,0,,112.96,1,0,1
B010,2021-07-04 17:00:00,1,611T2300,0,,,1,0,0
B010,2021-07-04 17:00:00,2,611E2360,0,,79.61,1,0,1
B010,2021-07-04 18:00:00,0,611H7406,0,,112.96,1,0,1
B010,2021-07-04 18:00:00,1,611T2300,0,,,1,0,0
B010,2021-07-04 18:00:00,2,611E2360,0,,79.6,1,0,1
B010,2021-07-04 19:00:00,0,611H7406,0,,112.98,1,0,1
B010,2021-07-04 19:00:00,1,611T2300,0,,,1,0,0
B010,2021-07-04 19:00:00,2,611E2360,0,,79.59,1,0,1
B010,2021-07-04 20:00:00,0,611H7406,0,,112.96,1,0,1
B010,2021-07-04 20:00:00,1,611T2300,0,,,1,0,0
B010,2021-07-04 20:00:00,2,611E2360,0,,79.58,1,0,1
B010,2021-07-04 21:00:00,0,611H7406,0,,112.96,1,0,1
B010,2021-07-04 21:00:00,1,611T2300,0,,,1,0,0
B010,2021-07-04 21:00:00,2,611E2360,0,,79.57,1,0,1
B010,2021-07-04 22:00:00,0,611H7406,0,,112.96,1,0,1
B010,2021-07-04 22:00:00,1,611T2300,0,,,1,0,0
B010,2021-07-04 22:00:00,2,611E2360,0,,79.57,1,0,1
B010,2021-07-04 23:00:00,0,611H7406,0,,112.96,1,0,1
B010,2021-07-04 23:00:00,1,611T2300,0,,,1,0,0
B010,2021-07-04 23:00:00,2,611E2360,0,,79.56,1,0,1
B010,2021-07-05 00:00:00,0,611H7406,0,,112.96,1,0,1
B010,2021-07-05 00:00:00,1,611T2300,0,,,1,0,0
B010,2021-07-05 00:00:00,2,611E2360,0,,79.55,1,0,1
B010,2021-07-05 01:00:00,0,611H7406,0,,112.98,1,0,1
B010,2021-07-05 01:00:00,1,611T2300,0,,,1,0,0
B010,2021-07-05 01:00:00,2,611E2360,0,,79.55,1,0,1
B010,2021-07-05 02:00:00,0,611H7406,0,,112.98,1,0,1
B010,2021-07-05 02:00:00,1,611T2300,0,,,1,0,0
B010,2021-07-05 02:00:00,2,611E2360,0,,79.54,1,0,1
B010,2021-07-05 03:00:00,0,611H7406,0,,112.98,1,0,1
B010,2021-07-05 03:00:00,1,611T2300,0,,,1,0,0
B010,2021-07-05 03:00:00,2,611E2360,0,,79.53,1,0,1
B010,2021-07-05 04:00:00,0,611H7406,0,,112.98,1,0,1
B010,2021-07-05 04:00:00,1,611T2300,0,,,1,0,0
B010,2021-07-05 04:00:00,2,611E2360,0,,79.53,1,0,1
B010,2021-07-05 05:00:00,0,611H7406,0,,112.98,1,0,1
B010,2021-07-05 05:00:00,1,611T2300,0,,,1,0,0
B010,2021-07-05 05:00:00,2,611E2360,0,,79.53,1,0,1
B010,2021-07-05 06:00:00,0,611H7406,0,,112.98,1,0,1
B010,2021-07-05 06:00:00,1,611T2300,0,,,1,0,0
B010,2021-07-05 06:00:00,2,611E2360,0,,79.53,1,0,1
B010,2021-07-05 07:00:00,0,611H7406,0,,112.96,1,0,1
B010,2021-07-05 07:00:00,1,611T2300,0.05512290403,,,1,0,0
B010,2021-07-05 07:00:00,2,611E2360,2.802666977,,79.53,1,0,1
B010,2021-07-05 08:00:00,0,611H7406,0,,112.96,1,0,1
B010,2021-07-05 08:00:00,1,611T2300,0,,,1,0,0
B010,2021-07-05 08:00:00,2,611E2360,0,,79.53,1,0,1
B010,2021-07-05 09:00:00,0,611H7406,0,,112.94,1,0,1
B010,2021-07-05 09:00:00,1,611T2300,0,,,1,0,0
B010,2021-07-05 09:00:00,2,611E2360,0,,79.52,1,0,1
B010,2021-07-05 10:00:00,0,611H7406,0,,112.92,1,0,1
B010,2021-07-05 10:00:00,1,611T2300,0,,,1,0,0
B010,2021-07-05 10:00:00,2,611E2360,0,,79.51,1,0,1
B010,2021-07-05 11:00:00,0,611H7406,0,,112.92,1,0,1
B010,2021-07-05 11:00:00,1,611T2300,0,,,1,0,0
B010,2021-07-05 11:00:00,2,611E2360,0,,,1,0,0
B010,2021-07-05 12:00:00,0,611H7406,0,,112.92,1,0,1
B010,2021-07-05 12:00:00,1,611T2300,0,,,1,0,0
B010,2021-07-05 12:00:00,2,611E2360,0,,79.5,1,0,1
B010,2021-07-05 13:00:00,0,611H7406,0,,112.92,1,0,1
B010,2021-07-05 13:00:00,1,611T2300,0,,,1,0,0
B010,2021-07-05 13:00:00,2,611E2360,0,,79.5,1,0,1
B010,2021-07-05 14:00:00,0,611H7406,0,,112.92,1,0,1
B010,2021-07-05 14:00:00,1,611T2300,0,,,1,0,0
B010,2021-07-05 14:00:00,2,611E2360,0,,79.5,1,0,1
B010,2021-07-05 15:00:00,0,611H7406,0,,112.92,1,0,1
B010,2021-07-05 15:00:00,1,611T2300,0,,,1,0,0
B010,2021-07-05 15:00:00,2,611E2360,0,,79.5,1,0,1
B010,2021-07-05 16:00:00,0,611H7406,0,,112.92,1,0,1
B010,2021-07-05 16:00:00,1,611T2300,0,,,1,0,0
B010,2021-07-05 16:00:00,2,611E2360,0,,79.5,1,0,1
B010,2021-07-05 17:00:00,0,611H7406,0,,112.91,1,0,1
B010,2021-07-05 17:00:00,1,611T2300,0,,,1,0,0
B010,2021-07-05 17:00:00,2,611E2360,0,,79.5,1,0,1
B010,2021-07-05 18:00:00,0,611H7406,0,,112.91,1,0,1
B010,2021-07-05 18:00:00,1,611T2300,0,,,1,0,0
B010,2021-07-05 18:00:00,2,611E2360,0,,79.5,1,0,1
B010,2021-07-05 19:00:00,0,611H7406,0,,112.91,1,0,1
B010,2021-07-05 19:00:00,1,611T2300,0,,,1,0,0
B010,2021-07-05 19:00:00,2,611E2360,0,,79.5,1,0,1
B010,2021-07-05 20:00:00,0,611H7406,0,,112.91,1,0,1
B010,2021-07-05 20:00:00,1,611T2300,0,,,1,0,0
B010,2021-07-05 20:00:00,2,611E2360,0,,79.5,1,0,1
B010,2021-07-05 21:00:00,0,611H7406,0,,112.91,1,0,1
B010,2021-07-05 21:00:00,1,611T2300,0,,,1,0,0
B010,2021-07-05 21:00:00,2,611E2360,0,,79.51,1,0,1
B010,2021-07-05 22:00:00,0,611H7406,0,,112.91,1,0,1
B010,2021-07-05 22:00:00,1,611T2300,0,,,1,0,0
B010,2021-07-05 22:00:00,2,611E2360,0,,79.51,1,0,1
B010,2021-07-05 23:00:00,0,611H7406,0,,112.91,1,0,1
B010,2021-07-05 23:00:00,1,611T2300,0,,,1,0,0
B010,2021-07-05 23:00:00,2,611E2360,0,,79.48,1,0,1
B010,2021-07-06 00:00:00,0,611H7406,0,,112.91,1,0,1
B010,2021-07-06 00:00:00,1,611T2300,0,,,1,0,0
B010,2021-07-06 00:00:00,2,611E2360,0,,79.48,1,0,1
B010,2021-07-06 01:00:00,0,611H7406,0,,112.91,1,0,1
B010,2021-07-06 01:00:00,1,611T2300,0,,,1,0,0
B010,2021-07-06 01:00:00,2,611E2360,0,,79.48,1,0,1
B010,2021-07-06 02:00:00,0,611H7406,0,,112.91,1,0,1
B010,2021-07-06 02:00:00,1,611T2300,0,,,1,0,0
B010,2021-07-06 02:00:00,2,611E2360,0,,79.48,1,0,1
B010,2021-07-06 03:00:00,0,611H7406,0,,112.91,1,0,1
B010,2021-07-06 03:00:00,1,611T2300,0,,,1,0,0
B010,2021-07-06 03:00:00,2,611E2360,0,,79.48,1,0,1
B010,2021-07-06 04:00:00,0,611H7406,0,,112.91,1,0,1
B010,2021-07-06 04:00:00,1,611T2300,0,,,1,0,0
B010,2021-07-06 04:00:00,2,611E2360,0,,79.48,1,0,1
B010,2021-07-06 05:00:00,0,611H7406,0,,112.91,1,0,1
B010,2021-07-06 05:00:00,1,611T2300,0,,,1,0,0
B010,2021-07-06 05:00:00,2,611E2360,0,,79.48,1,0,1
B010,2021-07-06 06:00:00,0,611H7406,0,,112.91,1,0,1
B010,2021-07-06 06:00:00,1,611T2300,0,,,1,0,0
B010,2021-07-06 06:00:00,2,611E2360,0,,79.47,1,0,1
B010,2021-07-06 07:00:00,0,611H7406,0,,112.91,1,0,1
B010,2021-07-06 07:00:00,1,611T2300,0,,,1,0,0
B010,2021-07-06 07:00:00,2,611E2360,0,,79.47,1,0,1
B010,2021-07-06 08:00:00,0,611H7406,0,,112.91,1,0,1
B010,2021-07-06 08:00:00,1,611T2300,0,,,1,0,0
B010,2021-07-06 08:00:00,2,611E2360,0,,79.47,1,0,1
B010,2021-07-06 09:00:00,0,611H7406,0,,112.91,1,0,1
B010,2021-07-06 09:00:00,1,611T2300,0,,,1,0,0
B010,2021-07-06 09:00:00,2,611E2360,0,,79.46,1,0,1
B010,2021-07-06 10:00:00,0,611H7406,0,,112.91,1,0,1
B010,2021-07-06 10:00:00,1,611T2300,0,,,1,0,0
B010,2021-07-06 10:00:00,2,611E2360,0,,79.45,1,0,1
B010,2021-08-02 22:00:00,0,611H7406,0,,112.91,1,0,1
B010,2021-08-02 22:00:00,1,611T2300,0,,,1,0,0
B010,2021-08-02 22:00:00,2,611E2360,0,,79.37,1,0,1
B010,2021-08-02 23:00:00,0,611H7406,0,,112.91,1,0,1
B010,2021-08-02 23:00:00,1,611T2300,0,,,1,0,0
B010,2021-08-02 23:00:00,2,611E2360,0,,79.38,1,0,1
B010,2021-08-03 00:00:00,0,611H7406,0,,112.91,1,0,1
B010,2021-08-03 00:00:00,1,611T2300,0,,,1,0,0
B010,2021-08-03 00:00:00,2,611E2360,0,,79.38,1,0,1
B010,2021-08-03 01:00:00,0,611H7406,0,,112.91,1,0,1
B010,2021-08-03 01:00:00,1,611T2300,0,,,1,0,0
B010,2021-08-03 01:00:00,2,611E2360,0,,79.38,1,0,1
B010,2021-08-03 02:00:00,0,611H7406,0,,112.91,1,0,1
B010,2021-08-03 02:00:00,1,611T2300,0,,,1,0,0
B010,2021-08-03 02:00:00,2,611E2360,0,,79.38,1,0,1
B010,2021-08-03 03:00:00,0,611H7406,0,,112.91,1,0,1
B010,2021-08-03 03:00:00,1,611T2300,0,,,1,0,0
B010,2021-08-03 03:00:00,2,611E2360,0,,79.38,1,0,1
B010,2021-08-03 04:00:00,0,611H7406,0,,112.91,1,0,1
B010,2021-08-03 04:00:00,1,611T2300,0,,,1,0,0
B010,2021-08-03 04:00:00,2,611E2360,0,,79.37,1,0,1
B010,2021-08-03 05:00:00,0,611H7406,0,,112.91,1,0,1
B010,2021-08-03 05:00:00,1,611T2300,0,,,1,0,0
B010,2021-08-03 05:00:00,2,611E2360,0,,79.37,1,0,1
B010,2021-08-03 06:00:00,0,611H7406,0,,112.91,1,0,1
B010,2021-08-03 06:00:00,1,611T2300,0,,,1,0,0
B010,2021-08-03 06:00:00,2,611E2360,0,,79.37,1,0,1
B010,2021-08-03 07:00:00,0,611H7406,0,,112.91,1,0,1
B010,2021-08-03 07:00:00,1,611T2300,0,,,1,0,0
B010,2021-08-03 07:00:00,2,611E2360,0,,79.37,1,0,1
B010,2021-08-03 08:00:00,0,611H7406,0,,112.91,1,0,1
B010,2021-08-03 08:00:00,1,611T2300,0,,,1,0,0
B010,2021-08-03 08:00:00,2,611E2360,0,,79.36,1,0,1
B010,2021-08-03 09:00:00,0,611H7406,0,,112.91,1,0,1
B010,2021-08-03 09:00:00,1,611T2300,0,,,1,0,0
B010,2021-08-03 09:00:00,2,611E2360,0,,79.36,1,0,1
B010,2021-08-03 10:00:00,0,611H7406,0,,112.91,1,0,1
B010,2021-08-03 10:00:00,1,611T2300,0,,,1,0,0
B010,2021-08-03 10:00:00,2,611E2360,0,,79.35,1,0,1
B010,2021-08-03 11:00:00,0,611H7406,0,,112.91,1,0,1
B010,2021-08-03 11:00:00,1,611T2300,0,,,1,0,0
B010,2021-08-03 11:00:00,2,611E2360,0,,,1,0,0
B010,2021-08-03 12:00:00,0,611H7406,0,,112.91,1,0,1
B010,2021-08-03 12:00:00,1,611T2300,0,,,1,0,0
B010,2021-08-03 12:00:00,2,611E2360,0,,79.35,1,0,1
B010,2021-08-03 13:00:00,0,611H7406,0,,112.91,1,0,1
B010,2021-08-03 13:00:00,1,611T2300,0,,,1,0,0
B010,2021-08-03 13:00:00,2,611E2360,0,,79.35,1,0,1
B010,2021-08-03 14:00:00,0,611H7406,0,,112.91,1,0,1
B010,2021-08-03 14:00:00,1,611T2300,0,,,1,0,0
B010,2021-08-03 14:00:00,2,611E2360,0,,79.35,1,0,1
B010,2021-08-03 15:00:00,0,611H7406,0,,112.91,1,0,1
B010,2021-08-03 15:00:00,1,611T2300,0,,,1,0,0
B010,2021-08-03 15:00:00,2,611E2360,0,,79.35,1,0,1
B010,2021-08-03 16:00:00,0,611H7406,0,,112.91,1,0,1
B010,2021-08-03 16:00:00,1,611T2300,0,,,1,0,0
B010,2021-08-03 16:00:00,2,611E2360,0,,79.35,1,0,1
B010,2021-08-03 17:00:00,0,611H7406,0,,112.91,1,0,1
B010,2021-08-03 17:00:00,1,611T2300,0,,,1,0,0
B010,2021-08-03 17:00:00,2,611E2360,0,,79.35,1,0,1
B010,2021-08-03 18:00:00,0,611H7406,0,,112.91,1,0,1
B010,2021-08-03 18:00:00,1,611T2300,0,,,1,0,0
B010,2021-08-03 18:00:00,2,611E2360,0,,79.35,1,0,1
B010,2021-08-03 19:00:00,0,611H7406,0,,112.91,1,0,1
B010,2021-08-03 19:00:00,1,611T2300,0,,,1,0,0
B010,2021-08-03 19:00:00,2,611E2360,0,,79.35,1,0,1
B010,2021-08-03 20:00:00,0,611H7406,0,,112.91,1,0,1
B010,2021-08-03 20:00:00,1,611T2300,0,,,1,0,0
B010,2021-08-03 20:00:00,2,611E2360,0,,79.35,1,0,1
B010,2021-08-03 21:00:00,0,611H7406,0,,112.91,1,0,1
B010,2021-08-03 21:00:00,1,611T2300,0,,,1,0,0
B010,2021-08-03 21:00:00,2,611E2360,0,,79.35,1,0,1
B010,2021-08-03 22:00:00,0,611H7406,0,,112.91,1,0,1
B010,2021-08-03 22:00:00,1,611T2300,0,,,1,0,0
B010,2021-08-03 22:00:00,2,611E2360,0,,79.37,1,0,1
B010,2021-08-03 23:00:00,0,611H7406,0,,112.91,1,0,1
B010,2021-08-03 23:00:00,1,611T2300,0,,,1,0,0
B010,2021-08-03 23:00:00,2,611E2360,0,,79.37,1,0,1
B010,2021-08-04 00:00:00,0,611H7406,0,,112.91,1,0,1
B010,2021-08-04 00:00:00,1,611T2300,0,,,1,0,0
B010,2021-08-04 00:00:00,2,611E2360,0,,79.38,1,0,1
B010,2021-08-04 01:00:00,0,611H7406,0,,112.91,1,0,1
B010,2021-08-04 01:00:00,1,611T2300,0,,,1,0,0
B010,2021-08-04 01:00:00,2,611E2360,0,,79.38,1,0,1
B010,2021-08-04 02:00:00,0,611H7406,0,,,1,0,0
B010,2021-08-04 02:00:00,1,611T2300,0,,,1,0,0
B010,2021-08-04 02:00:00,2,611E2360,0,,79.38,1,0,1
B010,2021-08-04 03:00:00,0,611H7406,0,,,1,0,0
B010,2021-08-04 03:00:00,1,611T2300,0,,,1,0,0
B010,2021-08-04 03:00:00,2,611E2360,0,,79.37,1,0,1
B010,2021-08-04 04:00:00,0,611H7406,0,,112.91,1,0,1
B010,2021-08-04 04:00:00,1,611T2300,0,,,1,0,0
B010,2021-08-04 04:00:00,2,611E2360,0,,79.37,1,0,1
B010,2021-08-04 05:00:00,0,611H7406,0,,112.91,1,0,1
B010,2021-08-04 05:00:00,1,611T2300,0,,,1,0,0
B010,2021-08-04 05:00:00,2,611E2360,0,,79.37,1,0,1
B010,2021-08-04 06:00:00,0,611H7406,0,,112.91,1,0,1
B010,2021-08-04 06:00:00,1,611T2300,0,,,1,0,0
B010,2021-08-04 06:00:00,2,611E2360,0,,79.37,1,0,1
B010,2021-08-04 07:00:00,0,611H7406,0,,112.91,1,0,1
B010,2021-08-04 07:00:00,1,611T2300,0,,,1,0,0
B010,2021-08-04 07:00:00,2,611E2360,0,,79.36,1,0,1
B010,2021-08-04 08:00:00,0,611H7406,0,,112.91,1,0,1
B010,2021-08-04 08:00:00,1,611T2300,0,,,1,0,0
B010,2021-08-04 08:00:00,2,611E2360,0,,79.36,1,0,1
B010,2021-08-04 09:00:00,0,611H7406,0,,112.91,1,0,1
B010,2021-08-04 09:00:00,1,611T2300,0,,,1,0,0
B010,2021-08-04 09:00:00,2,611E2360,0,,79.35,1,0,1
B010,2021-08-04 10:00:00,0,611H7406,0,,112.91,1,0,1
B010,2021-08-04 10:00:00,1,611T2300,0,,,1,0,0
B010,2021-08-04 10:00:00,2,611E2360,0,,79.35,1,0,1
B010,2021-08-04 11:00:00,0,611H7406,0,,112.91,1,0,1
B010,2021-08-04 11:00:00,1,611T2300,0,,,1,0,0
B010,2021-08-04 11:00:00,2,611E2360,0,,,1,0,0
B010,2021-08-04 12:00:00,0,611H7406,0.1659368414,,112.91,1,0,1
B010,2021-08-04 12:00:00,1,611T2300,0.3648332217,,,1,0,0
B010,2021-08-04 12:00:00,2,611E2360,0.3696805391,,79.35,1,0,1
B010,2021-08-04 13:00:00,0,611H7406,0,,112.91,1,0,1
B010,2021-08-04 13:00:00,1,611T2300,0,,,1,0,0
B010,2021-08-04 13:00:00,2,611E2360,0,,79.35,1,0,1
B010,2021-08-04 14:00:00,0,611H7406,0,,112.91,1,0,1
B010,2021-08-04 14:00:00,1,611T2300,0,,,1,0,0
B010,2021-08-04 14:00:00,2,611E2360,0,,79.35,1,0,1
B010,2021-08-04 15:00:00,0,611H7406,0,,112.91,1,0,1
B010,2021-08-04 15:00:00,1,611T2300,0,,,1,0,0
B010,2021-08-04 15:00:00,2,611E2360,0,,79.35,1,0,1
B010,2021-08-04 16:00:00,0,611H7406,0,,112.91,1,0,1
B010,2021-08-04 16:00:00,1,611T2300,0,,,1,0,0
B010,2021-08-04 16:00:00,2,611E2360,0,,79.35,1,0,1
B010,2021-08-04 17:00:00,0,611H7406,0,,112.91,1,0,1
B010,2021-08-04 17:00:00,1,611T2300,0,,,1,0,0
B010,2021-08-04 17:00:00,2,611E2360,0,,79.35,1,0,1
B010,2021-08-04 18:00:00,0,611H7406,0,,112.91,1,0,1
B010,2021-08-04 18:00:00,1,611T2300,0,,,1,0,0
B010,2021-08-04 18:00:00,2,611E2360,0,,79.35,1,0,1
B010,2021-08-04 19:00:00,0,611H7406,0,,112.91,1,0,1
B010,2021-08-04 19:00:00,1,611T2300,0,,,1,0,0
B010,2021-08-04 19:00:00,2,611E2360,0,,79.35,1,0,1
B010,2021-08-04 20:00:00,0,611H7406,0,,112.91,1,0,1
B010,2021-08-04 20:00:00,1,611T2300,0,,,1,0,0
B010,2021-08-04 20:00:00,2,611E2360,0,,79.36,1,0,1
B010,2021-08-04 21:00:00,0,611H7406,0,,112.91,1,0,1
B010,2021-08-04 21:00:00,1,611T2300,0,,,1,0,0
B010,2021-08-04 21:00:00,2,611E2360,0,,79.37,1,0,1
B010,2021-08-04 22:00:00,0,611H7406,0.08147343054,,112.91,1,0,1
B010,2021-08-04 22:00:00,1,611T2300,0.2433828743,,,1,0,0
B010,2021-08-04 22:00:00,2,611E2360,0.3834221441,,79.39,1,0,1
B010,2021-08-04 23:00:00,0,611H7406,2.61835956,,112.91,1,0,1
B010,2021-08-04 23:00:00,1,611T2300,2.318066801,,,1,0,0
B010,2021-08-04 23:00:00,2,611E2360,1.696651704,,79.39,1,0,1
B010,2021-08-05 00:00:00,0,611H7406,0,,112.91,1,0,1
B010,2021-08-05 00:00:00,1,611T2300,0,,,1,0,0
B010,2021-08-05 00:00:00,2,611E2360,0.007143507064,,79.41,1,0,1
B010,2021-08-05 01:00:00,0,611H7406,0,,112.91,1,0,1
B010,2021-08-05 01:00:00,1,611T2300,0,,,1,0,0
B010,2021-08-05 01:00:00,2,611E2360,0.001785876766,,79.42,1,0,1
B010,2021-08-05 02:00:00,0,611H7406,0,,112.91,1,0,1
B010,2021-08-05 02:00:00,1,611T2300,0,,,1,0,0
B010,2021-08-05 02:00:00,2,611E2360,0,,79.42,1,0,1
B010,2021-08-05 03:00:00,0,611H7406,4.113547683,,112.91,1,0,1
B010,2021-08-05 03:00:00,1,611T2300,1.174253114,,,1,0,0
B010,2021-08-05 03:00:00,2,611E2360,0.2416913547,,79.42,1,0,1
B010,2021-08-05 04:00:00,0,611H7406,6.311754795,,112.97,1,0,1
B010,2021-08-05 04:00:00,1,611T2300,0.5083560564,,,1,0,0
B010,2021-08-05 04:00:00,2,611E2360,0.001785876766,,79.41,1,0,1
B010,2021-08-05 05:00:00,0,611H7406,0.6703240869,,113.61,1,0,1
B010,2021-08-05 05:00:00,1,611T2300,0.7863392489,,,1,0,0
B010,2021-08-05 05:00:00,2,611E2360,0,,79.42,1,0,1
B010,2021-08-05 06:00:00,0,611H7406,0.34884706,,113.61,1,0,1
B010,2021-08-05 06:00:00,1,611T2300,0.02178397437,,,1,0,0
B010,2021-08-05 06:00:00,2,611E2360,0.38575343,,79.44,1,0,1
B010,2021-08-05 07:00:00,0,611H7406,5.355011107,,113.61,1,0,1
B010,2021-08-05 07:00:00,1,611T2300,3.673202837,,,1,0,0
B010,2021-08-05 07:00:00,2,611E2360,1.219867093,,79.45,1,0,1
B010,2021-08-05 08:00:00,0,611H7406,0,,113.58,1,0,1
B010,2021-08-05 08:00:00,1,611T2300,0,,,1,0,0
B010,2021-08-05 08:00:00,2,611E2360,0.001785876766,,79.72,1,0,1
B010,2021-08-05 09:00:00,0,611H7406,0,,113.58,1,0,1
B010,2021-08-05 09:00:00,1,611T2300,0,,,1,0,0
B010,2021-08-05 09:00:00,2,611E2360,0.001785876766,,79.79,1,0,1
B010,2021-08-05 10:00:00,0,611H7406,0.04224781253,,113.56,1,0,1
B010,2021-08-05 10:00:00,1,611T2300,0,,,1,0,0
B010,2021-08-05 10:00:00,2,611E2360,0.001785876766,,79.79,1,0,1
B010,2021-08-05 11:00:00,0,611H7406,0.1689912501,,113.56,1,0,1
B010,2021-08-05 11:00:00,1,611T2300,0.03681183515,,,1,0,0
B010,2021-08-05 11:00:00,2,611E2360,0,,,1,0,0
B010,2021-08-05 12:00:00,0,611H7406,0.8767429789,,113.38,1,0,1
B010,2021-08-05 12:00:00,1,611T2300,0.004864676789,,,1,0,0
B010,2021-08-05 12:00:00,2,611E2360,0,,79.74,1,0,1
B010,2021-08-05 13:00:00,0,611H7406,0.04224781253,,113.36,1,0,1
B010,2021-08-05 13:00:00,1,611T2300,0,,,1,0,0
B010,2021-08-05 13:00:00,2,611E2360,0,,79.71,1,0,1
B010,2021-08-05 14:00:00,0,611H7406,0.2112390627,,113.36,1,0,1
B010,2021-08-05 14:00:00,1,611T2300,0.03681183515,,,1,0,0
B010,2021-08-05 14:00:00,2,611E2360,0,,79.67,1,0,1
B010,2021-08-05 15:00:00,0,611H7406,0.1585301659,,113.36,1,0,1
B010,2021-08-05 15:00:00,1,611T2300,0.004864676789,,,1,0,0
B010,2021-08-05 15:00:00,2,611E2360,0,,79.64,1,0,1
B010,2021-08-05 16:00:00,0,611H7406,0,,113.36,1,0,1
B010,2021-08-05 16:00:00,1,611T2300,0,,,1,0,0
B010,2021-08-05 16:00:00,2,611E2360,0,,79.63,1,0,1
B010,2021-08-05 17:00:00,0,611H7406,0,,113.55,1,0,1
B010,2021-08-05 17:00:00,1,611T2300,0,,,1,0,0
B010,2021-08-05 17:00:00,2,611E2360,0,,79.61,1,0,1
B010,2021-08-05 18:00:00,0,611H7406,0,,113.38,1,0,1
B010,2021-08-05 18:00:00,1,611T2300,0,,,1,0,0
B010,2021-08-05 18:00:00,2,611E2360,0,,79.6,1,0,1
B010,2021-08-05 19:00:00,0,611H7406,0,,113.36,1,0,1
B010,2021-08-05 19:00:00,1,611T2300,0,,,1,0,0
B010,2021-08-05 19:00:00,2,611E2360,0,,79.59,1,0,1
B010,2021-08-05 20:00:00,0,611H7406,0,,113.58,1,0,1
B010,2021-08-05 20:00:00,1,611T2300,0,,,1,0,0
B010,2021-08-05 20:00:00,2,611E2360,0,,79.59,1,0,1
B010,2021-08-05 21:00:00,0,611H7406,0,,113.56,1,0,1
B010,2021-08-05 21:00:00,1,611T2300,0,,,1,0,0
B010,2021-08-05 21:00:00,2,611E2360,0,,79.58,1,0,1
B010,2021-08-05 22:00:00,0,611H7406,0,,113.56,1,0,1
B010,2021-08-05 22:00:00,1,611T2300,0,,,1,0,0
B010,2021-08-05 22:00:00,2,611E2360,0,,79.57,1,0,1
B010,2021-08-05 23:00:00,0,611H7406,0,,112.95,1,0,1
B010,2021-08-05 23:00:00,1,611T2300,0,,,1,0,0
B010,2021-08-05 23:00:00,2,611E2360,0,,79.56,1,0,1
B010,2021-08-06 00:00:00,0,611H7406,0.1162823533,,112.97,1,0,1
B010,2021-08-06 00:00:00,1,611T2300,0.004864676789,,,1,0,0
B010,2021-08-06 00:00:00,2,611E2360,0,,79.55,1,0,1
B010,2021-08-06 01:00:00,0,611H7406,0,,113.18,1,0,1
B010,2021-08-06 01:00:00,1,611T2300,0,,,1,0,0
B010,2021-08-06 01:00:00,2,611E2360,0,,79.54,1,0,1
B010,2021-08-06 02:00:00,0,611H7406,0,,112.98,1,0,1
B010,2021-08-06 02:00:00,1,611T2300,0,,,1,0,0
B010,2021-08-06 02:00:00,2,611E2360,0,,79.53,1,0,1
B010,2021-08-06 03:00:00,0,611H7406,0,,112.96,1,0,1
B010,2021-08-06 03:00:00,1,611T2300,0,,,1,0,0
B010,2021-08-06 03:00:00,2,611E2360,0,,79.53,1,0,1
B010,2021-08-06 04:00:00,0,611H7406,0,,112.98,1,0,1
B010,2021-08-06 04:00:00,1,611T2300,0,,,1,0,0
B010,2021-08-06 04:00:00,2,611E2360,0,,79.52,1,0,1
B010,2021-08-06 05:00:00,0,611H7406,0,,112.98,1,0,1
B010,2021-08-06 05:00:00,1,611T2300,0,,,1,0,0
B010,2021-08-06 05:00:00,2,611E2360,0,,79.52,1,0,1
B010,2021-08-06 06:00:00,0,611H7406,0,,112.96,1,0,1
B010,2021-08-06 06:00:00,1,611T2300,0,,,1,0,0
B010,2021-08-06 06:00:00,2,611E2360,0,,79.51,1,0,1
B010,2021-08-06 07:00:00,0,611H7406,0.4755904976,,112.98,1,0,1
B010,2021-08-06 07:00:00,1,611T2300,0.08821770067,,,1,0,0
B010,2021-08-06 07:00:00,2,611E2360,0.005357630298,,79.51,1,0,1
B010,2021-08-06 08:00:00,0,611H7406,0,,112.98,1,0,1
B010,2021-08-06 08:00:00,1,611T2300,0,,,1,0,0
B010,2021-08-06 08:00:00,2,611E2360,0,,79.51,1,0,1
B010,2021-08-06 09:00:00,0,611H7406,0,,112.98,1,0,1
B010,2021-08-06 09:00:00,1,611T2300,0,,,1,0,0
B010,2021-08-06 09:00:00,2,611E2360,0,,79.51,1,0,1
B010,2021-08-06 10:00:00,0,611H7406,0,,112.94,1,0,1
B010,2021-08-06 10:00:00,1,611T2300,0,,,1,0,0
B010,2021-08-06 10:00:00,2,611E2360,0,,79.5,1,0,1
B010,2021-08-06 11:00:00,0,611H7406,0,,112.92,1,0,1
B010,2021-08-06 11:00:00,1,611T2300,0,,,1,0,0
B010,2021-08-06 11:00:00,2,611E2360,0,,,1,0,0
B010,2021-08-06 12:00:00,0,611H7406,0,,112.92,1,0,1
B010,2021-08-06 12:00:00,1,611T2300,0,,,1,0,0
B010,2021-08-06 12:00:00,2,611E2360,0,,79.49,1,0,1
B010,2021-08-06 13:00:00,0,611H7406,0,,112.92,1,0,1
B010,2021-08-06 13:00:00,1,611T2300,0,,,1,0,0
B010,2021-08-06 13:00:00,2,611E2360,0,,79.49,1,0,1
B010,2021-08-06 14:00:00,0,611H7406,0.2334590892,,112.92,1,0,1
B010,2021-08-06 14:00:00,1,611T2300,0.06441625371,,,1,0,0
B010,2021-08-06 14:00:00,2,611E2360,0,,79.47,1,0,1
B010,2021-08-06 15:00:00,0,611H7406,0,,112.92,1,0,1
B010,2021-08-06 15:00:00,1,611T2300,0,,,1,0,0
B010,2021-08-06 15:00:00,2,611E2360,0,,79.47,1,0,1
B010,2021-08-06 16:00:00,0,611H7406,0,,112.92,1,0,1
B010,2021-08-06 16:00:00,1,611T2300,0,,,1,0,0
B010,2021-08-06 16:00:00,2,611E2360,0,,79.46,1,0,1
B010,2021-08-06 17:00:00,0,611H7406,0,,112.91,1,0,1
B010,2021-08-06 17:00:00,1,611T2300,0,,,1,0,0
B010,2021-08-06 17:00:00,2,611E2360,0,,79.45,1,0,1
B010,2021-08-06 18:00:00,0,611H7406,0,,112.91,1,0,1
B010,2021-08-06 18:00:00,1,611T2300,0,,,1,0,0
B010,2021-08-06 18:00:00,2,611E2360,0,,79.45,1,0,1
B010,2021-08-06 19:00:00,0,611H7406,0,,112.91,1,0,1
B010,2021-08-06 19:00:00,1,611T2300,0,,,1,0,0
B010,2021-08-06 19:00:00,2,611E2360,0,,79.44,1,0,1
B010,2021-08-06 20:00:00,0,611H7406,0,,112.91,1,0,1
B010,2021-08-06 20:00:00,1,611T2300,0,,,1,0,0
B010,2021-08-06 20:00:00,2,611E2360,0,,79.44,1,0,1
B010,2021-08-06 21:00:00,0,611H7406,0,,112.91,1,0,1
B010,2021-08-06 21:00:00,1,611T2300,0,,,1,0,0
B010,2021-08-06 21:00:00,2,611E2360,0,,79.45,1,0,1
B010,2021-08-06 22:00:00,0,611H7406,0,,,1,0,0
B010,2021-08-06 22:00:00,1,611T2300,0,,,1,0,0
B010,2021-08-06 22:00:00,2,611E2360,0,,79.45,1,0,1
B010,2021-08-06 23:00:00,0,611H7406,0,,112.95,1,0,1
B010,2021-08-06 23:00:00,1,611T2300,0,,,1,0,0
B010,2021-08-06 23:00:00,2,611E2360,0,,79.45,1,0,1
B010,2021-08-07 00:00:00,0,611H7406,0,,112.92,1,0,1
B010,2021-08-07 00:00:00,1,611T2300,0,,,1,0,0
B010,2021-08-07 00:00:00,2,611E2360,0,,79.45,1,0,1
B010,2021-08-07 01:00:00,0,611H7406,0,,112.92,1,0,1
B010,2021-08-07 01:00:00,1,611T2300,0,,,1,0,0
B010,2021-08-07 01:00:00,2,611E2360,0,,79.45,1,0,1
B010,2021-08-07 02:00:00,0,611H7406,0,,112.92,1,0,1
B010,2021-08-07 02:00:00,1,611T2300,0,,,1,0,0
B010,2021-08-07 02:00:00,2,611E2360,0,,79.45,1,0,1
B010,2021-08-07 03:00:00,0,611H7406,0,,112.92,1,0,1
B010,2021-08-07 03:00:00,1,611T2300,0,,,1,0,0
B010,2021-08-07 03:00:00,2,611E2360,0,,79.45,1,0,1
B010,2021-08-07 04:00:00,0,611H7406,0,,112.91,1,0,1
B010,2021-08-07 04:00:00,1,611T2300,0,,,1,0,0
B010,2021-08-07 04:00:00,2,611E2360,0,,79.45,1,0,1
B010,2021-08-07 05:00:00,0,611H7406,0,,112.91,1,0,1
B010,2021-08-07 05:00:00,1,611T2300,0,,,1,0,0
B010,2021-08-07 05:00:00,2,611E2360,0,,79.44,1,0,1
B010,2021-08-07 06:00:00,0,611H7406,0,,112.91,1,0,1
B010,2021-08-07 06:00:00,1,611T2300,0,,,1,0,0
B010,2021-08-07 06:00:00,2,611E2360,0,,79.44,1,0,1
B010,2021-08-07 07:00:00,0,611H7406,0.2112390627,,112.91,1,0,1
B010,2021-08-07 07:00:00,1,611T2300,0,,,1,0,0
B010,2021-08-07 07:00:00,2,611E2360,0,,79.44,1,0,1
B010,2021-08-07 08:00:00,0,611H7406,0,,112.91,1,0,1
B010,2021-08-07 08:00:00,1,611T2300,0,,,1,0,0
B010,2021-08-07 08:00:00,2,611E2360,0,,79.43,1,0,1
B010,2021-08-07 09:00:00,0,611H7406,0,,112.91,1,0,1
B010,2021-08-07 09:00:00,1,611T2300,0,,,1,0,0
B010,2021-08-07 09:00:00,2,611E2360,0,,79.43,1,0,1
B010,2021-08-07 10:00:00,0,611H7406,0,,112.91,1,0,1
B010,2021-08-07 10:00:00,1,611T2300,0,,,1,0,0
B010,2021-08-07 10:00:00,2,611E2360,0,,79.42,1,0,1
B010,2021-08-07 11:00:00,0,611H7406,0,,112.91,1,0,1
B010,2021-08-07 11:00:00,1,611T2300,0,,,1,0,0
B010,2021-08-07 11:00:00,2,611E2360,0,,79.42,1,0,1
B010,2021-08-07 12:00:00,0,611H7406,0,,112.91,1,0,1
B010,2021-08-07 12:00:00,1,611T2300,0,,,1,0,0
B010,2021-08-07 12:00:00,2,611E2360,0,,79.41,1,0,1
B010,2021-08-07 13:00:00,0,611H7406,0,,112.91,1,0,1
B010,2021-08-07 13:00:00,1,611T2300,0,,,1,0,0
B010,2021-08-07 13:00:00,2,611E2360,0.001785876766,,79.41,1,0,1
B010,2021-08-07 14:00:00,0,611H7406,0,,112.91,1,0,1
B010,2021-08-07 14:00:00,1,611T2300,0,,,1,0,0
B010,2021-08-07 14:00:00,2,611E2360,0,,79.4,1,0,1
B010,2021-08-07 15:00:00,0,611H7406,0,,112.91,1,0,1
B010,2021-08-07 15:00:00,1,611T2300,0.05991620003,,,1,0,0
B010,2021-08-07 15:00:00,2,611E2360,3.042572455,,79.4,1,0,1
B010,2021-08-07 16:00:00,0,611H7406,0,,112.91,1,0,1
B010,2021-08-07 16:00:00,1,611T2300,0,,,1,0,0
B010,2021-08-07 16:00:00,2,611E2360,0,,79.42,1,0,1
B010,2021-08-11 15:00:00,0,611H7406,0.08449562506,,112.92,1,0,1
B010,2021-08-11 15:00:00,1,611T2300,0,,,1,0,0
B010,2021-08-11 15:00:00,2,611E2360,0.003208147424,,79.53,1,0,1
B010,2021-08-11 16:00:00,0,611H7406,0.2112390627,,112.92,1,0,1
B010,2021-08-11 16:00:00,1,611T2300,0,,,1,0,0
B010,2021-08-11 16:00:00,2,611E2360,0,,79.53,1,0,1
B010,2021-08-11 17:00:00,0,611H7406,0.2534868752,,112.93,1,0,1
B010,2021-08-11 17:00:00,1,611T2300,1.177978725,,,1,0,0
B010,2021-08-11 17:00:00,2,611E2360,0.003208147424,,79.52,1,0,1
B010,2021-08-11 18:00:00,0,611H7406,0.4246703658,,113.61,1,0,1
B010,2021-08-11 18:00:00,1,611T2300,0.2120427697,,,1,0,0
B010,2021-08-11 18:00:00,2,611E2360,0.4849867831,,79.51,1,0,1
B010,2021-08-11 19:00:00,0,611H7406,0.1141223271,,113.62,1,0,1
B010,2021-08-11 19:00:00,1,611T2300,0.1002682263,,,1,0,0
B010,2021-08-11 19:00:00,2,611E2360,0.7336398418,,79.52,1,0,1
B010,2021-08-11 20:00:00,0,611H7406,0.007406675504,,113.6,1,0,1
B010,2021-08-11 20:00:00,1,611T2300,0.03105867658,,,1,0,0
B010,2021-08-11 20:00:00,2,611E2360,0.4921302902,,79.57,1,0,1
B010,2021-08-11 21:00:00,0,611H7406,0.1162823533,,113.58,1,0,1
B010,2021-08-11 21:00:00,1,611T2300,0.004864676789,,,1,0,0
B010,2021-08-11 21:00:00,2,611E2360,0.001785876766,,79.64,1,0,1
B010,2021-08-11 22:00:00,0,611H7406,0,,113.56,1,0,1
B010,2021-08-11 22:00:00,1,611T2300,0,,,1,0,0
B010,2021-08-11 22:00:00,2,611E2360,0,,79.85,1,0,1
B010,2021-08-11 23:00:00,0,611H7406,0,,113.58,1,0,1
B010,2021-08-11 23:00:00,1,611T2300,0,,,1,0,0
B010,2021-08-11 23:00:00,2,611E2360,0,,79.84,1,0,1
B010,2021-08-12 00:00:00,0,611H7406,0,,113.56,1,0,1
B010,2021-08-12 00:00:00,1,611T2300,0,,,1,0,0
B010,2021-08-12 00:00:00,2,611E2360,0,,79.81,1,0,1
B010,2021-08-12 01:00:00,0,611H7406,0,,113.56,1,0,1
B010,2021-08-12 01:00:00,1,611T2300,0,,,1,0,0
B010,2021-08-12 01:00:00,2,611E2360,0,,79.79,1,0,1
B010,2021-08-12 02:00:00,0,611H7406,0,,113.38,1,0,1
B010,2021-08-12 02:00:00,1,611T2300,0,,,1,0,0
B010,2021-08-12 02:00:00,2,611E2360,0,,79.76,1,0,1
B010,2021-08-12 03:00:00,0,611H7406,0,,113.36,1,0,1
B010,2021-08-12 03:00:00,1,611T2300,0,,,1,0,0
B010,2021-08-12 03:00:00,2,611E2360,0,,79.73,1,0,1
B010,2021-08-12 04:00:00,0,611H7406,0,,113.58,1,0,1
B010,2021-08-12 04:00:00,1,611T2300,0,,,1,0,0
B010,2021-08-12 04:00:00,2,611E2360,0,,79.71,1,0,1
B010,2021-08-12 05:00:00,0,611H7406,0,,113.56,1,0,1
B010,2021-08-12 05:00:00,1,611T2300,0,,,1,0,0
B010,2021-08-12 05:00:00,2,611E2360,0,,79.69,1,0,1
B010,2021-08-12 06:00:00,0,611H7406,0,,113.56,1,0,1
B010,2021-08-12 06:00:00,1,611T2300,0,,,1,0,0
B010,2021-08-12 06:00:00,2,611E2360,0,,79.67,1,0,1
B010,2021-08-12 07:00:00,0,611H7406,0.5387604786,,113.55,1,0,1
B010,2021-08-12 07:00:00,1,611T2300,1.36843711,,,1,0,0
B010,2021-08-12 07:00:00,2,611E2360,1.960650441,,79.65,1,0,1
B010,2021-08-12 08:00:00,0,611H7406,0,,112.95,1,0,1
B010,2021-08-12 08:00:00,1,611T2300,0,,,1,0,0
B010,2021-08-12 08:00:00,2,611E2360,0,,79.63,1,0,1
B010,2021-08-12 09:00:00,0,611H7406,0,,112.97,1,0,1
B010,2021-08-12 09:00:00,1,611T2300,0,,,1,0,0
B010,2021-08-12 09:00:00,2,611E2360,0,,79.61,1,0,1
B010,2021-08-12 10:00:00,0,611H7406,0,,113.18,1,0,1
B010,2021-08-12 10:00:00,1,611T2300,0,,,1,0,0
B010,2021-08-12 10:00:00,2,611E2360,0,,79.61,1,0,1
B010,2021-08-12 11:00:00,0,611H7406,0,,113.16,1,0,1
B010,2021-08-12 11:00:00,1,611T2300,0,,,1,0,0
B010,2021-08-12 11:00:00,2,611E2360,0,,79.6,1,0,1
B010,2021-08-12 12:00:00,0,611H7406,0,,112.96,1,0,1
B010,2021-08-12 12:00:00,1,611T2300,0,,,1,0,0
B010,2021-08-12 12:00:00,2,611E2360,0,,79.6,1,0,1
B010,2021-08-12 13:00:00,0,611H7406,0,,112.96,1,0,1
B010,2021-08-12 13:00:00,1,611T2300,0,,,1,0,0
B010,2021-08-12 13:00:00,2,611E2360,0,,79.58,1,0,1
B010,2021-08-12 14:00:00,0,611H7406,0,,112.98,1,0,1
B010,2021-08-12 14:00:00,1,611T2300,0,,,1,0,0
B010,2021-08-12 14:00:00,2,611E2360,0,,79.56,1,0,1
B010,2021-08-12 15:00:00,0,611H7406,0,,112.96,1,0,1
B010,2021-08-12 15:00:00,1,611T2300,0,,,1,0,0
B010,2021-08-12 15:00:00,2,611E2360,0,,79.56,1,0,1
B010,2021-08-12 16:00:00,0,611H7406,0,,112.98,1,0,1
B010,2021-08-12 16:00:00,1,611T2300,0,,,1,0,0
B010,2021-08-12 16:00:00,2,611E2360,0,,79.55,1,0,1
B010,2021-08-12 17:00:00,0,611H7406,0,,112.98,1,0,1
B010,2021-08-12 17:00:00,1,611T2300,0,,,1,0,0
B010,2021-08-12 17:00:00,2,611E2360,0,,79.54,1,0,1
B010,2021-08-12 18:00:00,0,611H7406,0,,112.98,1,0,1
B010,2021-08-12 18:00:00,1,611T2300,0,,,1,0,0
B010,2021-08-12 18:00:00,2,611E2360,0,,79.54,1,0,1
B010,2021-08-12 19:00:00,0,611H7406,0,,112.96,1,0,1
B010,2021-08-12 19:00:00,1,611T2300,0,,,1,0,0
B010,2021-08-12 19:00:00,2,611E2360,0,,79.53,1,0,1
B010,2021-08-12 20:00:00,0,611H7406,0,,112.94,1,0,1
B010,2021-08-12 20:00:00,1,611T2300,0,,,1,0,0
B010,2021-08-12 20:00:00,2,611E2360,0,,79.53,1,0,1
B010,2021-08-12 21:00:00,0,611H7406,0,,112.94,1,0,1
B010,2021-08-12 21:00:00,1,611T2300,0,,,1,0,0
B010,2021-08-12 21:00:00,2,611E2360,0,,79.53,1,0,1
B010,2021-08-12 22:00:00,0,611H7406,0,,112.92,1,0,1
B010,2021-08-12 22:00:00,1,611T2300,0,,,1,0,0
B010,2021-08-12 22:00:00,2,611E2360,0,,79.53,1,0,1
B010,2021-08-12 23:00:00,0,611H7406,0,,112.92,1,0,1
B010,2021-08-12 23:00:00,1,611T2300,0,,,1,0,0
B010,2021-08-12 23:00:00,2,611E2360,0.001785876766,,79.52,1,0,1
B010,2021-08-13 00:00:00,0,611H7406,0,,112.92,1,0,1
B010,2021-08-13 00:00:00,1,611T2300,0,,,1,0,0
B010,2021-08-13 00:00:00,2,611E2360,0,,79.51,1,0,1
B010,2021-08-13 01:00:00,0,611H7406,0,,112.92,1,0,1
B010,2021-08-13 01:00:00,1,611T2300,0,,,1,0,0
B010,2021-08-13 01:00:00,2,611E2360,0,,79.52,1,0,1
B010,2021-08-13 02:00:00,0,611H7406,0,,112.92,1,0,1
B010,2021-08-13 02:00:00,1,611T2300,0,,,1,0,0
B010,2021-08-13 02:00:00,2,611E2360,0,,79.51,1,0,1
B010,2021-08-13 03:00:00,0,611H7406,0,,112.92,1,0,1
B010,2021-08-13 03:00:00,1,611T2300,0,,,1,0,0
B010,2021-08-13 03:00:00,2,611E2360,0,,79.5,1,0,1
B010,2021-08-13 04:00:00,0,611H7406,0,,112.92,1,0,1
B010,2021-08-13 04:00:00,1,611T2300,0,,,1,0,0
B010,2021-08-13 04:00:00,2,611E2360,0,,79.49,1,0,1
B010,2021-08-13 05:00:00,0,611H7406,0,,112.92,1,0,1
B010,2021-08-13 05:00:00,1,611T2300,0,,,1,0,0
B010,2021-08-13 05:00:00,2,611E2360,0,,79.49,1,0,1
B010,2021-08-13 06:00:00,0,611H7406,0,,112.92,1,0,1
B010,2021-08-13 06:00:00,1,611T2300,0,,,1,0,0
B010,2021-08-13 06:00:00,2,611E2360,0,,79.48,1,0,1
B010,2021-08-13 07:00:00,0,611H7406,0,,112.91,1,0,1
B010,2021-08-13 07:00:00,1,611T2300,0,,,1,0,0
B010,2021-08-13 07:00:00,2,611E2360,0.001785876766,,79.48,1,0,1
B010,2021-08-13 08:00:00,0,611H7406,0,,112.91,1,0,1
B010,2021-08-13 08:00:00,1,611T2300,0,,,1,0,0
B010,2021-08-13 08:00:00,2,611E2360,0,,79.47,1,0,1
B010,2021-08-13 09:00:00,0,611H7406,0,,112.91,1,0,1
B010,2021-08-13 09:00:00,1,611T2300,0,,,1,0,0
B010,2021-08-13 09:00:00,2,611E2360,0,,79.47,1,0,1
B010,2021-08-13 10:00:00,0,611H7406,0,,112.91,1,0,1
B010,2021-08-13 10:00:00,1,611T2300,0,,,1,0,0
B010,2021-08-13 10:00:00,2,611E2360,0,,79.47,1,0,1
B010,2021-08-13 11:00:00,0,611H7406,0,,112.91,1,0,1
B010,2021-08-13 11:00:00,1,611T2300,0,,,1,0,0
B010,2021-08-13 11:00:00,2,611E2360,0,,79.48,1,0,1
B010,2021-08-13 12:00:00,0,611H7406,0,,112.91,1,0,1
B010,2021-08-13 12:00:00,1,611T2300,0,,,1,0,0
B010,2021-08-13 12:00:00,2,611E2360,0,,79.49,1,0,1
B010,2021-08-13 13:00:00,0,611H7406,0,,112.91,1,0,1
B010,2021-08-13 13:00:00,1,611T2300,0,,,1,0,0
B010,2021-08-13 13:00:00,2,611E2360,0,,79.49,1,0,1
B010,2021-08-13 14:00:00,0,611H7406,0,,112.91,1,0,1
B010,2021-08-13 14:00:00,1,611T2300,0,,,1,0,0
B010,2021-08-13 14:00:00,2,611E2360,0,,79.49,1,0,1
B010,2021-08-13 15:00:00,0,611H7406,0,,112.91,1,0,1
B010,2021-08-13 15:00:00,1,611T2300,0,,,1,0,0
B010,2021-08-13 15:00:00,2,611E2360,0.001604073712,,79.49,1,0,1
B010,2021-08-13 16:00:00,0,611H7406,0,,112.91,1,0,1
B010,2021-08-13 16:00:00,1,611T2300,0,,,1,0,0
B010,2021-08-13 16:00:00,2,611E2360,0.02245703197,,79.49,1,0,1
B010,2021-08-13 17:00:00,0,611H7406,0,,112.91,1,0,1
B010,2021-08-13 17:00:00,1,611T2300,0,,,1,0,0
B010,2021-08-13 17:00:00,2,611E2360,0,,79.49,1,0,1
B010,2021-08-13 18:00:00,0,611H7406,0,,113.15,1,0,1
B010,2021-08-13 18:00:00,1,611T2300,0,,,1,0,0
B010,2021-08-13 18:00:00,2,611E2360,0,,79.49,1,0,1
B010,2021-08-13 19:00:00,0,611H7406,0.1689912501,,112.97,1,0,1
B010,2021-08-13 19:00:00,1,611T2300,0.5521775273,,,1,0,0
B010,2021-08-13 19:00:00,2,611E2360,0,,79.48,1,0,1
B010,2021-08-13 20:00:00,0,611H7406,0.757438431,,112.97,1,0,1
B010,2021-08-13 20:00:00,1,611T2300,0.4714438292,,,1,0,0
B010,2021-08-13 20:00:00,2,611E2360,0.7550382093,,79.48,1,0,1
B010,2021-08-13 21:00:00,0,611H7406,0.02222002651,,112.95,1,0,1
B010,2021-08-13 21:00:00,1,611T2300,0.1060213849,,,1,0,0
B010,2021-08-13 21:00:00,2,611E2360,0.2598815747,,79.48,1,0,1
B010,2021-08-13 22:00:00,0,611H7406,0.1267434376,,112.97,1,0,1
B010,2021-08-13 22:00:00,1,611T2300,0.002396648001,,,1,0,0
B010,2021-08-13 22:00:00,2,611E2360,0.1208456774,,79.49,1,0,1
B010,2021-08-13 23:00:00,0,611H7406,0.09930897607,,113.56,1,0,1
B010,2021-08-13 23:00:00,1,611T2300,0.8807022034,,,1,0,0
B010,2021-08-13 23:00:00,2,611E2360,3.280692056,,79.5,1,0,1
B010,2021-08-14 00:00:00,0,611H7406,0.3645870077,,113.57,1,0,1
B010,2021-08-14 00:00:00,1,611T2300,0.9862288341,,,1,0,0
B010,2021-08-14 00:00:00,2,611E2360,1.954779556,,79.54,1,0,1
B010,2021-08-14 01:00:00,0,611H7406,0.09930897607,,113.62,1,0,1
B010,2021-08-14 01:00:00,1,611T2300,0.05253076115,,,1,0,0
B010,2021-08-14 01:00:00,2,611E2360,0.4923120932,,79.58,1,0,1
B010,2021-08-14 02:00:00,0,611H7406,0,,113.61,1,0,1
B010,2021-08-14 02:00:00,1,611T2300,0.07841696631,,,1,0,0
B010,2021-08-14 02:00:00,2,611E2360,0.2452631082,,79.61,1,0,1
B010,2021-08-14 03:00:00,0,611H7406,0,,113.61,1,0,1
B010,2021-08-14 03:00:00,1,611T2300,0.1128321535,,,1,0,0
B010,2021-08-14 03:00:00,2,611E2360,0.1226315541,,79.66,1,0,1
B010,2021-08-14 04:00:00,0,611H7406,0.04965448804,,113.55,1,0,1
B010,2021-08-14 04:00:00,1,611T2300,0.03824862058,,,1,0,0
B010,2021-08-14 04:00:00,2,611E2360,0.849491495,,79.9,1,0,1
B010,2021-08-14 05:00:00,0,611H7406,0.007406675504,,113.58,1,0,1
B010,2021-08-14 05:00:00,1,611T2300,0.02147208457,,,1,0,0
B010,2021-08-14 05:00:00,2,611E2360,0.001785876766,,79.9,1,0,1
B010,2021-08-14 06:00:00,0,611H7406,0.04965448804,,113.56,1,0,1
B010,2021-08-14 06:00:00,1,611T2300,0.05828391972,,,1,0,0
B010,2021-08-14 06:00:00,2,611E2360,0,,79.89,1,0,1
B010,2021-08-14 07:00:00,0,611H7406,0.04224781253,,113.56,1,0,1
B010,2021-08-14 07:00:00,1,611T2300,2.431977768,,,1,0,0
B010,2021-08-14 07:00:00,2,611E2360,0.2518132784,,79.85,1,0,1
B010,2021-08-14 08:00:00,0,611H7406,0,,113.56,1,0,1
B010,2021-08-14 08:00:00,1,611T2300,0,,,1,0,0
B010,2021-08-14 08:00:00,2,611E2360,0,,79.81,1,0,1
B010,2021-08-14 09:00:00,0,611H7406,0.007406675504,,113.58,1,0,1
B010,2021-08-14 09:00:00,1,611T2300,0.02147208457,,,1,0,0
B010,2021-08-14 09:00:00,2,611E2360,0,,79.77,1,0,1
B010,2021-08-14 10:00:00,0,611H7406,0.04224781253,,,1,0,0
B010,2021-08-14 10:00:00,1,611T2300,0.03681183515,,,1,0,0
B010,2021-08-14 10:00:00,2,611E2360,0,,79.76,1,0,1
B010,2021-08-14 11:00:00,0,611H7406,0,,113.56,1,0,1
B010,2021-08-14 11:00:00,1,611T2300,0,,,1,0,0
B010,2021-08-14 11:00:00,2,611E2360,0,,79.74,1,0,1
B010,2021-08-14 12:00:00,0,611H7406,0,,113.38,1,0,1
B010,2021-08-14 12:00:00,1,611T2300,0,,,1,0,0
B010,2021-08-14 12:00:00,2,611E2360,0,,79.72,1,0,1
B010,2021-08-14 13:00:00,0,611H7406,0,,113.38,1,0,1
B010,2021-08-14 13:00:00,1,611T2300,0,,,1,0,0
B010,2021-08-14 13:00:00,2,611E2360,0,,79.69,1,0,1
B010,2021-08-14 14:00:00,0,611H7406,0,,113.36,1,0,1
B010,2021-08-14 14:00:00,1,611T2300,0,,,1,0,0
B010,2021-08-14 14:00:00,2,611E2360,0,,79.68,1,0,1
B010,2021-08-14 15:00:00,0,611H7406,0,,113.58,1,0,1
B010,2021-08-14 15:00:00,1,611T2300,0,,,1,0,0
B010,2021-08-14 15:00:00,2,611E2360,0,,79.68,1,0,1
B010,2021-08-14 16:00:00,0,611H7406,0,,113.56,1,0,1
B010,2021-08-14 16:00:00,1,611T2300,0,,,1,0,0
B010,2021-08-14 16:00:00,2,611E2360,0,,79.66,1,0,1
B010,2021-08-14 17:00:00,0,611H7406,0,,113.55,1,0,1
B010,2021-08-14 17:00:00,1,611T2300,0,,,1,0,0
B010,2021-08-14 17:00:00,2,611E2360,0,,79.65,1,0,1
B010,2021-08-14 18:00:00,0,611H7406,0,,113.55,1,0,1
B010,2021-08-14 18:00:00,1,611T2300,0,,,1,0,0
B010,2021-08-14 18:00:00,2,611E2360,0,,79.64,1,0,1
B010,2021-08-14 19:00:00,0,611H7406,0.04224781253,,113.57,1,0,1
B010,2021-08-14 19:00:00,1,611T2300,0,,,1,0,0
B010,2021-08-14 19:00:00,2,611E2360,0,,79.62,1,0,1
B010,2021-08-14 20:00:00,0,611H7406,0,,112.95,1,0,1
B010,2021-08-14 20:00:00,1,611T2300,0,,,1,0,0
B010,2021-08-14 20:00:00,2,611E2360,0,,79.61,1,0,1
B010,2021-08-14 21:00:00,0,611H7406,0,,112.97,1,0,1
B010,2021-08-14 21:00:00,1,611T2300,0,,,1,0,0
B010,2021-08-14 21:00:00,2,611E2360,0,,79.6,1,0,1
B010,2021-08-14 22:00:00,0,611H7406,0,,112.97,1,0,1
B010,2021-08-14 22:00:00,1,611T2300,0,,,1,0,0
B010,2021-08-14 22:00:00,2,611E2360,0,,79.58,1,0,1
B010,2021-08-14 23:00:00,0,611H7406,0,,113.18,1,0,1
B010,2021-08-14 23:00:00,1,611T2300,0,,,1,0,0
B010,2021-08-14 23:00:00,2,611E2360,0,,79.58,1,0,1
B010,2021-08-15 00:00:00,0,611H7406,0,,113.16,1,0,1
B010,2021-08-15 00:00:00,1,611T2300,0,,,1,0,0
B010,2021-08-15 00:00:00,2,611E2360,0,,79.57,1,0,1
B010,2021-08-15 01:00:00,0,611H7406,0,,112.98,1,0,1
B010,2021-08-15 01:00:00,1,611T2300,0,,,1,0,0
B010,2021-08-15 01:00:00,2,611E2360,0.001785876766,,79.57,1,0,1
B010,2021-08-15 02:00:00,0,611H7406,0.1162823533,,112.96,1,0,1
B010,2021-08-15 02:00:00,1,611T2300,0.004864676789,,,1,0,0
B010,2021-08-15 02:00:00,2,611E2360,0,,79.56,1,0,1
B010,2021-08-15 03:00:00,0,611H7406,0,,112.96,1,0,1
B010,2021-08-15 03:00:00,1,611T2300,0,,,1,0,0
B010,2021-08-15 03:00:00,2,611E2360,0,,79.56,1,0,1
B010,2021-08-15 04:00:00,0,611H7406,0,,112.98,1,0,1
B010,2021-08-15 04:00:00,1,611T2300,0,,,1,0,0
B010,2021-08-15 04:00:00,2,611E2360,0,,79.56,1,0,1
B010,2021-08-15 05:00:00,0,611H7406,0,,112.98,1,0,1
B010,2021-08-15 05:00:00,1,611T2300,0,,,1,0,0
B010,2021-08-15 05:00:00,2,611E2360,0,,79.55,1,0,1
B010,2021-08-15 06:00:00,0,611H7406,0,,112.98,1,0,1
B010,2021-08-15 06:00:00,1,611T2300,0,,,1,0,0
B010,2021-08-15 06:00:00,2,611E2360,0,,79.55,1,0,1
B010,2021-08-15 07:00:00,0,611H7406,0.2852736034,,112.95,1,0,1
B010,2021-08-15 07:00:00,1,611T2300,0.04167651194,,,1,0,0
B010,2021-08-15 07:00:00,2,611E2360,0.001785876766,,79.54,1,0,1
B010,2021-08-15 08:00:00,0,611H7406,0,,112.97,1,0,1
B010,2021-08-15 08:00:00,1,611T2300,0,,,1,0,0
B010,2021-08-15 08:00:00,2,611E2360,0,,79.54,1,0,1
B010,2021-08-15 09:00:00,0,611H7406,0,,112.95,1,0,1
B010,2021-08-15 09:00:00,1,611T2300,0,,,1,0,0
B010,2021-08-15 09:00:00,2,611E2360,0,,79.53,1,0,1
B010,2021-08-15 10:00:00,0,611H7406,0,,112.97,1,0,1
B010,2021-08-15 10:00:00,1,611T2300,0,,,1,0,0
B010,2021-08-15 10:00:00,2,611E2360,0,,79.53,1,0,1
B010,2021-08-15 11:00:00,0,611H7406,0,,112.97,1,0,1
B010,2021-08-15 11:00:00,1,611T2300,0,,,1,0,0
B010,2021-08-15 11:00:00,2,611E2360,0,,79.53,1,0,1
B010,2021-08-15 12:00:00,0,611H7406,0,,112.97,1,0,1
B010,2021-08-15 12:00:00,1,611T2300,0,,,1,0,0
B010,2021-08-15 12:00:00,2,611E2360,0,,79.53,1,0,1
B010,2021-08-15 13:00:00,0,611H7406,0,,112.97,1,0,1
B010,2021-08-15 13:00:00,1,611T2300,0,,,1,0,0
B010,2021-08-15 13:00:00,2,611E2360,0,,79.52,1,0,1
B010,2021-08-15 14:00:00,0,611H7406,0,,112.97,1,0,1
B010,2021-08-15 14:00:00,1,611T2300,0,,,1,0,0
B010,2021-08-15 14:00:00,2,611E2360,0,,79.52,1,0,1
B010,2021-08-15 15:00:00,0,611H7406,0,,112.95,1,0,1
B010,2021-08-15 15:00:00,1,611T2300,0,,,1,0,0
B010,2021-08-15 15:00:00,2,611E2360,0,,79.51,1,0,1
B010,2021-08-15 16:00:00,0,611H7406,0,,112.95,1,0,1
B010,2021-08-15 16:00:00,1,611T2300,0,,,1,0,0
B010,2021-08-15 16:00:00,2,611E2360,0,,79.51,1,0,1
B010,2021-08-15 17:00:00,0,611H7406,0,,112.94,1,0,1
B010,2021-08-15 17:00:00,1,611T2300,0,,,1,0,0
B010,2021-08-15 17:00:00,2,611E2360,0,,79.51,1,0,1
B010,2021-08-15 18:00:00,0,611H7406,0,,112.94,1,0,1
B010,2021-08-15 18:00:00,1,611T2300,0,,,1,0,0
B010,2021-08-15 18:00:00,2,611E2360,0,,79.51,1,0,1
B010,2021-08-15 19:00:00,0,611H7406,0,,112.92,1,0,1
B010,2021-08-15 19:00:00,1,611T2300,0,,,1,0,0
B010,2021-08-15 19:00:00,2,611E2360,0,,79.51,1,0,1
B010,2021-08-15 20:00:00,0,611H7406,0,,112.92,1,0,1
B010,2021-08-15 20:00:00,1,611T2300,0,,,1,0,0
B010,2021-08-15 20:00:00,2,611E2360,0,,79.5,1,0,1
B010,2021-08-15 21:00:00,0,611H7406,0,,112.92,1,0,1
B010,2021-08-15 21:00:00,1,611T2300,0,,,1,0,0
B010,2021-08-15 21:00:00,2,611E2360,0,,79.5,1,0,1
B010,2021-08-15 22:00:00,0,611H7406,0,,112.92,1,0,1
B010,2021-08-15 22:00:00,1,611T2300,0,,,1,0,0
B010,2021-08-15 22:00:00,2,611E2360,0,,,1,0,0
B010,2021-08-15 23:00:00,0,611H7406,0,,112.96,1,0,1
B010,2021-08-15 23:00:00,1,611T2300,0,,,1,0,0
B010,2021-08-15 23:00:00,2,611E2360,0,,,1,0,0
B010,2021-08-16 00:00:00,0,611H7406,0,,112.96,1,0,1
B010,2021-08-16 00:00:00,1,611T2300,0,,,1,0,0
B010,2021-08-16 00:00:00,2,611E2360,0,,,1,0,0
B010,2021-08-16 01:00:00,0,611H7406,0,,112.91,1,0,1
B010,2021-08-16 01:00:00,1,611T2300,0,,,1,0,0
B010,2021-08-16 01:00:00,2,611E2360,0,,79.5,1,0,1
B010,2021-08-16 02:00:00,0,611H7406,0,,112.91,1,0,1
B010,2021-08-16 02:00:00,1,611T2300,0,,,1,0,0
B010,2021-08-16 02:00:00,2,611E2360,0,,79.5,1,0,1
B010,2021-08-16 03:00:00,0,611H7406,0.3697692285,,112.91,1,0,1
B010,2021-08-16 03:00:00,1,611T2300,0.004864676789,,,1,0,0
B010,2021-08-16 03:00:00,2,611E2360,0,,79.49,1,0,1
B010,2021-08-16 04:00:00,0,611H7406,0.1162823533,,112.91,1,0,1
B010,2021-08-16 04:00:00,1,611T2300,0.004864676789,,,1,0,0
B010,2021-08-16 04:00:00,2,611E2360,0,,79.5,1,0,1
B010,2021-08-16 05:00:00,0,611H7406,0.1162823533,,112.91,1,0,1
B010,2021-08-16 05:00:00,1,611T2300,0.004864676789,,,1,0,0
B010,2021-08-16 05:00:00,2,611E2360,0,,79.5,1,0,1
B010,2021-08-16 06:00:00,0,611H7406,0.2325647066,,112.91,1,0,1
B010,2021-08-16 06:00:00,1,611T2300,0.009729353578,,,1,0,0
B010,2021-08-16 06:00:00,2,611E2360,0,,79.49,1,0,1
B010,2021-08-16 07:00:00,0,611H7406,0.655042832,,112.93,1,0,1
B010,2021-08-16 07:00:00,1,611T2300,0.009729353578,,,1,0,0
B010,2021-08-16 07:00:00,2,611E2360,0,,79.49,1,0,1
B010,2021-08-16 08:00:00,0,611H7406,0.1162823533,,112.93,1,0,1
B010,2021-08-16 08:00:00,1,611T2300,0.004864676789,,,1,0,0
B010,2021-08-16 08:00:00,2,611E2360,0,,79.49,1,0,1
B010,2021-08-16 09:00:00,0,611H7406,0,,112.93,1,0,1
B010,2021-08-16 09:00:00,1,611T2300,0,,,1,0,0
B010,2021-08-16 09:00:00,2,611E2360,0,,79.48,1,0,1
B010,2021-08-16 10:00:00,0,611H7406,0.1162823533,,112.93,1,0,1
B010,2021-08-16 10:00:00,1,611T2300,0.004864676789,,,1,0,0
B010,2021-08-16 10:00:00,2,611E2360,0,,79.47,1,0,1
B010,2021-08-16 11:00:00,0,611H7406,0,,112.91,1,0,1
B010,2021-08-16 11:00:00,1,611T2300,0,,,1,0,0
B010,2021-08-16 11:00:00,2,611E2360,0,,,1,0,0
B010,2022-02-20 00:00:00,0,611H7406,0,,113.36,1,0,1
B010,2022-02-20 00:00:00,1,611T2300,0,,,1,0,0
B010,2022-02-20 00:00:00,2,611E2360,0,,79.58,1,0,1
B010,2022-02-20 01:00:00,0,611H7406,0,,113.36,1,0,1
B010,2022-02-20 01:00:00,1,611T2300,0,,,1,0,0
B010,2022-02-20 01:00:00,2,611E2360,0,,79.58,1,0,1
B010,2022-02-20 02:00:00,0,611H7406,0,,113.36,1,0,1
B010,2022-02-20 02:00:00,1,611T2300,0,,,1,0,0
B010,2022-02-20 02:00:00,2,611E2360,0,,79.58,1,0,1
B010,2022-02-20 03:00:00,0,611H7406,0,,113.58,1,0,1
B010,2022-02-20 03:00:00,1,611T2300,0,,,1,0,0
B010,2022-02-20 03:00:00,2,611E2360,0,,79.58,1,0,1
B010,2022-02-20 04:00:00,0,611H7406,0,,113.58,1,0,1
B010,2022-02-20 04:00:00,1,611T2300,0,,,1,0,0
B010,2022-02-20 04:00:00,2,611E2360,0,,79.57,1,0,1
B010,2022-02-20 05:00:00,0,611H7406,0,,113.56,1,0,1
B010,2022-02-20 05:00:00,1,611T2300,0,,,1,0,0
B010,2022-02-20 05:00:00,2,611E2360,0,,79.57,1,0,1
B010,2022-02-20 06:00:00,0,611H7406,0,,113.56,1,0,1
B010,2022-02-20 06:00:00,1,611T2300,0,,,1,0,0
B010,2022-02-20 06:00:00,2,611E2360,0,,79.56,1,0,1
B010,2022-02-20 07:00:00,0,611H7406,0.6868295602,,113.56,1,0,1
B010,2022-02-20 07:00:00,1,611T2300,0.1513926638,,,1,0,0
B010,2022-02-20 07:00:00,2,611E2360,1.417928888,,79.56,1,0,1
B010,2022-02-20 08:00:00,0,611H7406,0,,113.56,1,0,1
B010,2022-02-20 08:00:00,1,611T2300,0,,,1,0,0
B010,2022-02-20 08:00:00,2,611E2360,0,,79.56,1,0,1
B010,2022-02-20 09:00:00,0,611H7406,0,,113.56,1,0,1
B010,2022-02-20 09:00:00,1,611T2300,0,,,1,0,0
B010,2022-02-20 09:00:00,2,611E2360,0,,79.55,1,0,1
B010,2022-02-20 10:00:00,0,611H7406,0,,113.56,1,0,1
B010,2022-02-20 10:00:00,1,611T2300,0,,,1,0,0
B010,2022-02-20 10:00:00,2,611E2360,0,,79.55,1,0,1
B010,2022-02-20 11:00:00,0,611H7406,0,,113.56,1,0,1
B010,2022-02-20 11:00:00,1,611T2300,0,,,1,0,0
B010,2022-02-20 11:00:00,2,611E2360,0,,79.55,1,0,1
B010,2022-02-20 12:00:00,0,611H7406,0,,113.56,1,0,1
B010,2022-02-20 12:00:00,1,611T2300,0,,,1,0,0
B010,2022-02-20 12:00:00,2,611E2360,0,,79.53,1,0,1
B010,2022-02-20 13:00:00,0,611H7406,0,,113.56,1,0,1
B010,2022-02-20 13:00:00,1,611T2300,0,,,1,0,0
B010,2022-02-20 13:00:00,2,611E2360,0,,79.53,1,0,1
B010,2022-02-20 14:00:00,0,611H7406,0,,113.56,1,0,1
B010,2022-02-20 14:00:00,1,611T2300,0,,,1,0,0
B010,2022-02-20 14:00:00,2,611E2360,0,,79.51,1,0,1
B010,2022-02-20 15:00:00,0,611H7406,0,,113.56,1,0,1
B010,2022-02-20 15:00:00,1,611T2300,0,,,1,0,0
B010,2022-02-20 15:00:00,2,611E2360,0,,79.51,1,0,1
B010,2022-02-20 16:00:00,0,611H7406,0,,113.56,1,0,1
B010,2022-02-20 16:00:00,1,611T2300,0.002396648001,,,1,0,0
B010,2022-02-20 16:00:00,2,611E2360,0.1208456774,,79.5,1,0,1
B010,2022-02-20 17:00:00,0,611H7406,0,,113.57,1,0,1
B010,2022-02-20 17:00:00,1,611T2300,0.002396648001,,,1,0,0
B010,2022-02-20 17:00:00,2,611E2360,0.1208456774,,79.52,1,0,1
B010,2022-02-20 18:00:00,0,611H7406,0,,113.57,1,0,1
B010,2022-02-20 18:00:00,1,611T2300,0.03681183515,,,1,0,0
B010,2022-02-20 18:00:00,2,611E2360,0,,79.52,1,0,1
B010,2022-02-20 19:00:00,0,611H7406,0.1162823533,,113.57,1,0,1
B010,2022-02-20 19:00:00,1,611T2300,0.004864676789,,,1,0,0
B010,2022-02-20 19:00:00,2,611E2360,0,,79.53,1,0,1
B010,2022-02-20 20:00:00,0,611H7406,0,,112.95,1,0,1
B010,2022-02-20 20:00:00,1,611T2300,0,,,1,0,0
B010,2022-02-20 20:00:00,2,611E2360,0,,79.53,1,0,1
B010,2022-02-20 21:00:00,0,611H7406,0,,112.95,1,0,1
B010,2022-02-20 21:00:00,1,611T2300,0,,,1,0,0
B010,2022-02-20 21:00:00,2,611E2360,0,,79.51,1,0,1
B010,2022-02-20 22:00:00,0,611H7406,0,,112.95,1,0,1
B010,2022-02-20 22:00:00,1,611T2300,0,,,1,0,0
B010,2022-02-20 22:00:00,2,611E2360,0,,79.5,1,0,1
B010,2022-02-20 23:00:00,0,611H7406,0,,112.97,1,0,1
B010,2022-02-20 23:00:00,1,611T2300,0,,,1,0,0
B010,2022-02-20 23:00:00,2,611E2360,0,,79.51,1,0,1
B010,2022-02-21 00:00:00,0,611H7406,0,,112.97,1,0,1
B010,2022-02-21 00:00:00,1,611T2300,0,,,1,0,0
B010,2022-02-21 00:00:00,2,611E2360,0,,79.5,1,0,1
B010,2022-02-21 01:00:00,0,611H7406,0,,112.97,1,0,1
B010,2022-02-21 01:00:00,1,611T2300,0,,,1,0,0
B010,2022-02-21 01:00:00,2,611E2360,0,,79.5,1,0,1
B010,2022-02-21 02:00:00,0,611H7406,0,,112.97,1,0,1
B010,2022-02-21 02:00:00,1,611T2300,0,,,1,0,0
B010,2022-02-21 02:00:00,2,611E2360,0,,79.5,1,0,1
B010,2022-02-21 03:00:00,0,611H7406,0,,112.97,1,0,1
B010,2022-02-21 03:00:00,1,611T2300,0,,,1,0,0
B010,2022-02-21 03:00:00,2,611E2360,0,,79.5,1,0,1
B010,2022-02-21 04:00:00,0,611H7406,0,,,1,0,0
B010,2022-02-21 04:00:00,1,611T2300,0,,,1,0,0
B010,2022-02-21 04:00:00,2,611E2360,0,,79.49,1,0,1
B010,2022-02-21 05:00:00,0,611H7406,0,,112.97,1,0,1
B010,2022-02-21 05:00:00,1,611T2300,0,,,1,0,0
B010,2022-02-21 05:00:00,2,611E2360,0,,79.49,1,0,1
B010,2022-02-21 06:00:00,0,611H7406,0,,112.95,1,0,1
B010,2022-02-21 06:00:00,1,611T2300,0,,,1,0,0
B010,2022-02-21 06:00:00,2,611E2360,0,,79.49,1,0,1
B010,2022-02-21 07:00:00,0,611H7406,0.1236890288,,112.95,1,0,1
B010,2022-02-21 07:00:00,1,611T2300,0.06794189251,,,1,0,0
B010,2022-02-21 07:00:00,2,611E2360,0.2416913547,,79.48,1,0,1
B010,2022-02-21 08:00:00,0,611H7406,0,,113.18,1,0,1
B010,2022-02-21 08:00:00,1,611T2300,0.03681183515,,,1,0,0
B010,2022-02-21 08:00:00,2,611E2360,0,,79.48,1,0,1
B010,2022-02-21 09:00:00,0,611H7406,0.1162823533,,113.18,1,0,1
B010,2022-02-21 09:00:00,1,611T2300,0.00726132479,,,1,0,0
B010,2022-02-21 09:00:00,2,611E2360,0.1224497511,,79.48,1,0,1
B010,2022-02-21 10:00:00,0,611H7406,0,,113.18,1,0,1
B010,2022-02-21 10:00:00,1,611T2300,0,,,1,0,0
B010,2022-02-21 10:00:00,2,611E2360,0,,79.47,1,0,1
B010,2022-02-21 11:00:00,0,611H7406,0,,113.18,1,0,1
B010,2022-02-21 11:00:00,1,611T2300,0,,,1,0,0
B010,2022-02-21 11:00:00,2,611E2360,0,,79.47,1,0,1
B010,2022-02-21 12:00:00,0,611H7406,0.1585301659,,113.18,1,0,1
B010,2022-02-21 12:00:00,1,611T2300,0.04167651194,,,1,0,0
B010,2022-02-21 12:00:00,2,611E2360,0,,79.47,1,0,1
B010,2022-02-21 13:00:00,0,611H7406,0,,113.18,1,0,1
B010,2022-02-21 13:00:00,1,611T2300,0,,,1,0,0
B010,2022-02-21 13:00:00,2,611E2360,0,,79.47,1,0,1
B010,2022-02-21 14:00:00,0,611H7406,0.04965448804,,113.18,1,0,1
B010,2022-02-21 14:00:00,1,611T2300,0.02147208457,,,1,0,0
B010,2022-02-21 14:00:00,2,611E2360,0.001604073712,,79.47,1,0,1
B010,2022-02-21 15:00:00,0,611H7406,0.1162823533,,112.95,1,0,1
B010,2022-02-21 15:00:00,1,611T2300,0.004864676789,,,1,0,0
B010,2022-02-21 15:00:00,2,611E2360,0,,79.47,1,0,1
B010,2022-02-21 16:00:00,0,611H7406,0,,112.95,1,0,1
B010,2022-02-21 16:00:00,1,611T2300,0,,,1,0,0
B010,2022-02-21 16:00:00,2,611E2360,0,,79.47,1,0,1
B010,2022-02-21 17:00:00,0,611H7406,0,,112.96,1,0,1
B010,2022-02-21 17:00:00,1,611T2300,0,,,1,0,0
B010,2022-02-21 17:00:00,2,611E2360,0,,79.47,1,0,1
B010,2022-02-21 18:00:00,0,611H7406,0,,112.96,1,0,1
B010,2022-02-21 18:00:00,1,611T2300,0,,,1,0,0
B010,2022-02-21 18:00:00,2,611E2360,0,,79.47,1,0,1
B010,2022-02-21 19:00:00,0,611H7406,0,,112.96,1,0,1
B010,2022-02-21 19:00:00,1,611T2300,0,,,1,0,0
B010,2022-02-21 19:00:00,2,611E2360,0,,79.47,1,0,1
B010,2022-02-21 20:00:00,0,611H7406,0,,113.18,1,0,1
B010,2022-02-21 20:00:00,1,611T2300,0,,,1,0,0
B010,2022-02-21 20:00:00,2,611E2360,0,,79.47,1,0,1
B010,2022-02-21 21:00:00,0,611H7406,0,,113.18,1,0,1
B010,2022-02-21 21:00:00,1,611T2300,0,,,1,0,0
B010,2022-02-21 21:00:00,2,611E2360,0,,79.47,1,0,1
B010,2022-02-21 22:00:00,0,611H7406,0,,113.16,1,0,1
B010,2022-02-21 22:00:00,1,611T2300,0,,,1,0,0
B010,2022-02-21 22:00:00,2,611E2360,0,,79.46,1,0,1
B010,2022-02-21 23:00:00,0,611H7406,0,,113.16,1,0,1
B010,2022-02-21 23:00:00,1,611T2300,0,,,1,0,0
B010,2022-02-21 23:00:00,2,611E2360,0,,79.46,1,0,1
B010,2022-02-22 00:00:00,0,611H7406,0.04224781253,,113.16,1,0,1
B010,2022-02-22 00:00:00,1,611T2300,0,,,1,0,0
B010,2022-02-22 00:00:00,2,611E2360,0,,79.46,1,0,1
B010,2022-02-22 01:00:00,0,611H7406,0.1236890288,,112.98,1,0,1
B010,2022-02-22 01:00:00,1,611T2300,0.06314859651,,,1,0,0
B010,2022-02-22 01:00:00,2,611E2360,0.001604073712,,79.46,1,0,1
B010,2022-02-22 02:00:00,0,611H7406,0.1310957043,,112.98,1,0,1
B010,2022-02-22 02:00:00,1,611T2300,0.04780884593,,,1,0,0
B010,2022-02-22 02:00:00,2,611E2360,0,,79.46,1,0,1
B010,2022-02-22 03:00:00,0,611H7406,0,,113.15,1,0,1
B010,2022-02-22 03:00:00,1,611T2300,0,,,1,0,0
B010,2022-02-22 03:00:00,2,611E2360,0,,79.46,1,0,1
B010,2022-02-22 04:00:00,0,611H7406,0.007406675504,,113.17,1,0,1
B010,2022-02-22 04:00:00,1,611T2300,0.02147208457,,,1,0,0
B010,2022-02-22 04:00:00,2,611E2360,0,,79.46,1,0,1
B010,2022-02-22 05:00:00,0,611H7406,0,,112.97,1,0,1
B010,2022-02-22 05:00:00,1,611T2300,0,,,1,0,0
B010,2022-02-22 05:00:00,2,611E2360,0,,79.46,1,0,1
B010,2022-02-22 06:00:00,0,611H7406,0,,112.95,1,0,1
B010,2022-02-22 06:00:00,1,611T2300,0,,,1,0,0
B010,2022-02-22 06:00:00,2,611E2360,0,,79.46,1,0,1
B010,2022-02-22 07:00:00,0,611H7406,0.2504324664,,113.58,1,0,1
B010,2022-02-22 07:00:00,1,611T2300,0.1391689148,,,1,0,0
B010,2022-02-22 07:00:00,2,611E2360,0.1256578985,,79.47,1,0,1
B010,2022-02-22 08:00:00,0,611H7406,0.1310957043,,113.56,1,0,1
B010,2022-02-22 08:00:00,1,611T2300,0.04780884593,,,1,0,0
B010,2022-02-22 08:00:00,2,611E2360,0,,79.47,1,0,1
B010,2022-02-22 09:00:00,0,611H7406,0.1385023798,,113.56,1,0,1
B010,2022-02-22 09:00:00,1,611T2300,0.0692809305,,,1,0,0
B010,2022-02-22 09:00:00,2,611E2360,0,,79.48,1,0,1
B010,2022-02-22 10:00:00,0,611H7406,0.2473780577,,113.56,1,0,1
B010,2022-02-22 10:00:00,1,611T2300,0.05267352272,,,1,0,0
B010,2022-02-22 10:00:00,2,611E2360,0,,79.49,1,0,1
B010,2022-02-22 11:00:00,0,611H7406,0.1236890288,,113.56,1,0,1
B010,2022-02-22 11:00:00,1,611T2300,0.06314859651,,,1,0,0
B010,2022-02-22 11:00:00,2,611E2360,0.001604073712,,79.5,1,0,1
B010,2022-02-22 12:00:00,0,611H7406,0.2822191947,,113.58,1,0,1
B010,2022-02-22 12:00:00,1,611T2300,0.05037462216,,,1,0,0
B010,2022-02-22 12:00:00,2,611E2360,0.9667654188,,79.51,1,0,1
B010,2022-02-22 13:00:00,0,611H7406,0.1162823533,,113.35,1,0,1
B010,2022-02-22 13:00:00,1,611T2300,0.004864676789,,,1,0,0
B010,2022-02-22 13:00:00,2,611E2360,0,,79.53,1,0,1
B010,2022-02-22 14:00:00,0,611H7406,0.1236890288,,113.35,1,0,1
B010,2022-02-22 14:00:00,1,611T2300,0.02633676136,,,1,0,0
B010,2022-02-22 14:00:00,2,611E2360,0,,79.54,1,0,1
B010,2022-02-22 15:00:00,0,611H7406,0.007406675504,,113.35,1,0,1
B010,2022-02-22 15:00:00,1,611T2300,0.02147208457,,,1,0,0
B010,2022-02-22 15:00:00,2,611E2360,0,,79.55,1,0,1
B010,2022-02-22 16:00:00,0,611H7406,0.1236890288,,113.35,1,0,1
B010,2022-02-22 16:00:00,1,611T2300,0.02633676136,,,1,0,0
B010,2022-02-22 16:00:00,2,611E2360,0,,79.56,1,0,1
B010,2022-02-22 17:00:00,0,611H7406,0.007406675504,,113.36,1,0,1
B010,2022-02-22 17:00:00,1,611T2300,0.02147208457,,,1,0,0
B010,2022-02-22 17:00:00,2,611E2360,0,,79.56,1,0,1
B010,2022-02-22 18:00:00,0,611H7406,0.2473780577,,113.36,1,0,1
B010,2022-02-22 18:00:00,1,611T2300,0.05267352272,,,1,0,0
B010,2022-02-22 18:00:00,2,611E2360,0,,79.57,1,0,1
B010,2022-02-22 19:00:00,0,611H7406,0.007406675504,,113.36,1,0,1
B010,2022-02-22 19:00:00,1,611T2300,0.02147208457,,,1,0,0
B010,2022-02-22 19:00:00,2,611E2360,0,,79.57,1,0,1
B010,2022-02-22 20:00:00,0,611H7406,0.1236890288,,113.36,1,0,1
B010,2022-02-22 20:00:00,1,611T2300,0.02633676136,,,1,0,0
B010,2022-02-22 20:00:00,2,611E2360,0,,79.57,1,0,1
B010,2022-02-22 21:00:00,0,611H7406,0.007406675504,,113.38,1,0,1
B010,2022-02-22 21:00:00,1,611T2300,0.02147208457,,,1,0,0
B010,2022-02-22 21:00:00,2,611E2360,0,,79.57,1,0,1
B010,2022-02-22 22:00:00,0,611H7406,0.1236890288,,113.38,1,0,1
B010,2022-02-22 22:00:00,1,611T2300,0.02633676136,,,1,0,0
B010,2022-02-22 22:00:00,2,611E2360,0,,79.57,1,0,1
B010,2022-02-22 23:00:00,0,611H7406,0.1236890288,,113.55,1,0,1
B010,2022-02-22 23:00:00,1,611T2300,0.02633676136,,,1,0,0
B010,2022-02-22 23:00:00,2,611E2360,0,,79.57,1,0,1
B010,2022-02-23 00:00:00,0,611H7406,0.2399713821,,113.55,1,0,1
B010,2022-02-23 00:00:00,1,611T2300,0.03120143815,,,1,0,0
B010,2022-02-23 00:00:00,2,611E2360,0,,79.56,1,0,1
B010,2022-02-23 01:00:00,0,611H7406,0.1236890288,,113.57,1,0,1
B010,2022-02-23 01:00:00,1,611T2300,0.02633676136,,,1,0,0
B010,2022-02-23 01:00:00,2,611E2360,0,,79.57,1,0,1
B010,2022-02-23 02:00:00,0,611H7406,0.1236890288,,113.57,1,0,1
B010,2022-02-23 02:00:00,1,611T2300,0.02633676136,,,1,0,0
B010,2022-02-23 02:00:00,2,611E2360,0,,,1,0,0
B010,2022-02-23 03:00:00,0,611H7406,0,,113.55,1,0,1
B010,2022-02-23 03:00:00,1,611T2300,0,,,1,0,0
B010,2022-02-23 03:00:00,2,611E2360,0,,,1,0,0
B010,2022-02-23 04:00:00,0,611H7406,0.1236890288,,113.55,1,0,1
B010,2022-02-23 04:00:00,1,611T2300,0.02633676136,,,1,0,0
B010,2022-02-23 04:00:00,2,611E2360,0,,79.6,1,0,1
B010,2022-02-23 05:00:00,0,611H7406,0.1162823533,,113.55,1,0,1
B010,2022-02-23 05:00:00,1,611T2300,0.004864676789,,,1,0,0
B010,2022-02-23 05:00:00,2,611E2360,0,,79.61,1,0,1
B010,2022-02-23 06:00:00,0,611H7406,0.1236890288,,113.55,1,0,1
B010,2022-02-23 06:00:00,1,611T2300,0.06314859651,,,1,0,0
B010,2022-02-23 06:00:00,2,611E2360,0,,,1,0,0
B010,2022-02-23 07:00:00,0,611H7406,2.607866261,,113.56,1,0,1
B010,2022-02-23 07:00:00,1,611T2300,0.1844799931,,,1,0,0
B010,2022-02-23 07:00:00,2,611E2360,0.9683694925,,,1,0,0
B010,2022-02-23 08:00:00,0,611H7406,0.1162823533,,113.56,1,0,1
B010,2022-02-23 08:00:00,1,611T2300,0.07848834709,,,1,0,0
B010,2022-02-23 08:00:00,2,611E2360,0,,79.63,1,0,1
B010,2022-02-23 09:00:00,0,611H7406,0.2473780577,,113.57,1,0,1
B010,2022-02-23 09:00:00,1,611T2300,0.1158484859,,,1,0,0
B010,2022-02-23 09:00:00,2,611E2360,1.329302451,,79.63,1,0,1
B010,2022-02-23 10:00:00,0,611H7406,0.2547847332,,113.57,1,0,1
B010,2022-02-23 10:00:00,1,611T2300,0.1917710567,,,1,0,0
B010,2022-02-23 10:00:00,2,611E2360,0.3625370321,,79.63,1,0,1
B010,2022-02-23 11:00:00,0,611H7406,0.8139764732,,,1,0,0
B010,2022-02-23 11:00:00,1,611T2300,0.2253018573,,,1,0,0
B010,2022-02-23 11:00:00,2,611E2360,0.3625370321,,79.63,1,0,1
B010,2022-02-23 12:00:00,0,611H7406,0.9755932621,,113.58,1,0,1
B010,2022-02-23 12:00:00,1,611T2300,0.4184792376,,,1,0,0
B010,2022-02-23 12:00:00,2,611E2360,0.6122487553,,79.63,1,0,1
B010,2022-02-23 13:00:00,0,611H7406,0.9141798318,,113.56,1,0,1
B010,2022-02-23 13:00:00,1,611T2300,0.1412703988,,,1,0,0
B010,2022-02-23 13:00:00,2,611E2360,0.4962152991,,79.64,1,0,1
B010,2022-02-23 14:00:00,0,611H7406,0.9259387741,,113.56,1,0,1
B010,2022-02-23 14:00:00,1,611T2300,0.62267146,,,1,0,0
B010,2022-02-23 14:00:00,2,611E2360,0.8587523312,,79.65,1,0,1
B010,2022-02-23 15:00:00,0,611H7406,0.742134173,,113.56,1,0,1
B010,2022-02-23 15:00:00,1,611T2300,0.3148545008,,,1,0,0
B010,2022-02-23 15:00:00,2,611E2360,0.4962152991,,79.67,1,0,1
B010,2022-02-23 16:00:00,0,611H7406,0.4873494398,,113.56,1,0,1
B010,2022-02-23 16:00:00,1,611T2300,0.2110870023,,,1,0,0
B010,2022-02-23 16:00:00,2,611E2360,0.8523360363,,79.7,1,0,1
B010,2022-02-23 17:00:00,0,611H7406,1.092334308,,113.57,1,0,1
B010,2022-02-23 17:00:00,1,611T2300,0.131090489,,,1,0,0
B010,2022-02-23 17:00:00,2,611E2360,0.2465035758,,79.74,1,0,1
B010,2022-02-23 18:00:00,0,611H7406,0.2081846539,,113.55,1,0,1
B010,2022-02-23 18:00:00,1,611T2300,0.06554524451,,,1,0,0
B010,2022-02-23 18:00:00,2,611E2360,0.1224497511,,79.76,1,0,1
B010,2022-02-23 19:00:00,0,611H7406,0.1659368414,,113.57,1,0,1
B010,2022-02-23 19:00:00,1,611T2300,0.06554524451,,,1,0,0
B010,2022-02-23 19:00:00,2,611E2360,0.1240538248,,79.77,1,0,1
B010,2022-02-23 20:00:00,0,611H7406,0.09190230057,,113.57,1,0,1
B010,2022-02-23 20:00:00,1,611T2300,0.06068056772,,,1,0,0
B010,2022-02-23 20:00:00,2,611E2360,0.1224497511,,79.77,1,0,1
B010,2022-02-23 21:00:00,0,611H7406,0.1585301659,,113.57,1,0,1
B010,2022-02-23 21:00:00,1,611T2300,0.04407315994,,,1,0,0
B010,2022-02-23 21:00:00,2,611E2360,0.1224497511,,79.76,1,0,1
B010,2022-02-23 22:00:00,0,611H7406,0.04965448804,,113.55,1,0,1
B010,2022-02-23 22:00:00,1,611T2300,0.02147208457,,,1,0,0
B010,2022-02-23 22:00:00,2,611E2360,0.003208147424,,79.75,1,0,1
B010,2022-02-23 23:00:00,0,611H7406,0.04224781253,,113.55,1,0,1
B010,2022-02-23 23:00:00,1,611T2300,0.03681183515,,,1,0,0
B010,2022-02-23 23:00:00,2,611E2360,0.001604073712,,79.73,1,0,1
B010,2022-02-24 00:00:00,0,611H7406,0.1659368414,,113.57,1,0,1
B010,2022-02-24 00:00:00,1,611T2300,0.02633676136,,,1,0,0
B010,2022-02-24 00:00:00,2,611E2360,0.001604073712,,79.7,1,0,1
B010,2022-02-24 01:00:00,0,611H7406,0.04224781253,,113.57,1,0,1
B010,2022-02-24 01:00:00,1,611T2300,0.03681183515,,,1,0,0
B010,2022-02-24 01:00:00,2,611E2360,0.001604073712,,,1,0,0
B010,2022-02-24 02:00:00,0,611H7406,0.04965448804,,113.57,1,0,1
B010,2022-02-24 02:00:00,1,611T2300,0.05828391972,,,1,0,0
B010,2022-02-24 02:00:00,2,611E2360,0.001604073712,,79.69,1,0,1
B010,2022-02-24 03:00:00,0,611H7406,0.08449562506,,113.57,1,0,1
B010,2022-02-24 03:00:00,1,611T2300,0,,,1,0,0
B010,2022-02-24 03:00:00,2,611E2360,0.001604073712,,79.67,1,0,1
B010,2022-02-24 04:00:00,0,611H7406,0.1585301659,,113.57,1,0,1
B010,2022-02-24 04:00:00,1,611T2300,0.04167651194,,,1,0,0
B010,2022-02-24 04:00:00,2,611E2360,0.001604073712,,79.67,1,0,1
B010,2022-02-24 05:00:00,0,611H7406,0.04224781253,,113.57,1,0,1
B010,2022-02-24 05:00:00,1,611T2300,0,,,1,0,0
B010,2022-02-24 05:00:00,2,611E2360,0,,79.66,1,0,1
B010,2022-02-24 06:00:00,0,611H7406,0.04965448804,,113.57,1,0,1
B010,2022-02-24 06:00:00,1,611T2300,0.02147208457,,,1,0,0
B010,2022-02-24 06:00:00,2,611E2360,0.001604073712,,79.66,1,0,1
B010,2022-02-24 07:00:00,0,611H7406,7.545874504,,113.56,1,0,1
B010,2022-02-24 07:00:00,1,611T2300,0.3804193675,,,1,0,0
B010,2022-02-24 07:00:00,2,611E2360,6.043887941,,79.64,1,0,1
B010,2022-02-24 08:00:00,0,611H7406,0.2007779784,,113.56,1,0,1
B010,2022-02-24 08:00:00,1,611T2300,0.05126310395,,,1,0,0
B010,2022-02-24 08:00:00,2,611E2360,0.4849867831,,79.64,1,0,1
B010,2022-02-24 09:00:00,0,611H7406,0.1585301659,,,1,0,0
B010,2022-02-24 09:00:00,1,611T2300,0.04646980794,,,1,0,0
B010,2022-02-24 09:00:00,2,611E2360,0.2448995021,,79.61,1,0,1
B010,2022-02-24 10:00:00,0,611H7406,0.2430257909,,113.38,1,0,1
B010,2022-02-24 10:00:00,1,611T2300,0.1248867742,,,1,0,0
B010,2022-02-24 10:00:00,2,611E2360,0.4865908568,,,1,0,0
B010,2022-02-24 11:00:00,0,611H7406,0.2112390627,,113.38,1,0,1
B010,2022-02-24 11:00:00,1,611T2300,0.1568339326,,,1,0,0
B010,2022-02-24 11:00:00,2,611E2360,0.491403078,,79.6,1,0,1
B010,2022-02-24 12:00:00,0,611H7406,0.2112390627,,113.38,1,0,1
B010,2022-02-24 12:00:00,1,611T2300,0.2648727901,,,1,0,0
B010,2022-02-24 12:00:00,2,611E2360,0.3705574006,,79.6,1,0,1
B010,2022-02-24 13:00:00,0,611H7406,0.1267434376,,113.38,1,0,1
B010,2022-02-24 13:00:00,1,611T2300,0.1840591758,,,1,0,0
B010,2022-02-24 13:00:00,2,611E2360,0.004812221136,,79.6,1,0,1
B010,2022-02-24 14:00:00,0,611H7406,0.08449562506,,113.38,1,0,1
B010,2022-02-24 14:00:00,1,611T2300,0,,,1,0,0
B010,2022-02-24 14:00:00,2,611E2360,0.001604073712,,79.6,1,0,1
B010,2022-02-24 15:00:00,0,611H7406,0.04224781253,,113.55,1,0,1
B010,2022-02-24 15:00:00,1,611T2300,0,,,1,0,0
B010,2022-02-24 15:00:00,2,611E2360,0,,79.6,1,0,1
B010,2022-02-24 16:00:00,0,611H7406,0,,113.55,1,0,1
B010,2022-02-24 16:00:00,1,611T2300,0,,,1,0,0
B010,2022-02-24 16:00:00,2,611E2360,0,,79.6,1,0,1
B010,2022-02-24 17:00:00,0,611H7406,0,,113.56,1,0,1
B010,2022-02-24 17:00:00,1,611T2300,0,,,1,0,0
B010,2022-02-24 17:00:00,2,611E2360,0,,,1,0,0
B010,2022-02-24 18:00:00,0,611H7406,0,,113.56,1,0,1
B010,2022-02-24 18:00:00,1,611T2300,0,,,1,0,0
B010,2022-02-24 18:00:00,2,611E2360,0,,79.61,1,0,1
B010,2022-02-24 19:00:00,0,611H7406,0,,113.56,1,0,1
B010,2022-02-24 19:00:00,1,611T2300,0,,,1,0,0
B010,2022-02-24 19:00:00,2,611E2360,0,,79.61,1,0,1
B010,2022-02-24 20:00:00,0,611H7406,0,,113.56,1,0,1
B010,2022-02-24 20:00:00,1,611T2300,0,,,1,0,0
B010,2022-02-24 20:00:00,2,611E2360,0,,79.61,1,0,1
B010,2022-02-24 21:00:00,0,611H7406,0,,113.56,1,0,1
B010,2022-02-24 21:00:00,1,611T2300,0,,,1,0,0
B010,2022-02-24 21:00:00,2,611E2360,0,,79.61,1,0,1
B010,2022-02-24 22:00:00,0,611H7406,0,,113.56,1,0,1
B010,2022-02-24 22:00:00,1,611T2300,0,,,1,0,0
B010,2022-02-24 22:00:00,2,611E2360,0,,79.61,1,0,1
B010,2022-02-24 23:00:00,0,611H7406,0,,113.38,1,0,1
B010,2022-02-24 23:00:00,1,611T2300,0,,,1,0,0
B010,2022-02-24 23:00:00,2,611E2360,0,,79.61,1,0,1
B010,2022-02-25 00:00:00,0,611H7406,0,,113.38,1,0,1
B010,2022-02-25 00:00:00,1,611T2300,0,,,1,0,0
B010,2022-02-25 00:00:00,2,611E2360,0,,79.61,1,0,1
B010,2022-02-25 01:00:00,0,611H7406,0,,113.38,1,0,1
B010,2022-02-25 01:00:00,1,611T2300,0,,,1,0,0
B010,2022-02-25 01:00:00,2,611E2360,0,,79.61,1,0,1
B010,2022-02-25 02:00:00,0,611H7406,0,,113.38,1,0,1
B010,2022-02-25 02:00:00,1,611T2300,0,,,1,0,0
B010,2022-02-25 02:00:00,2,611E2360,0,,79.6,1,0,1
B010,2022-02-25 03:00:00,0,611H7406,0,,113.36,1,0,1
B010,2022-02-25 03:00:00,1,611T2300,0,,,1,0,0
B010,2022-02-25 03:00:00,2,611E2360,0,,79.6,1,0,1
B010,2022-02-25 04:00:00,0,611H7406,0,,113.36,1,0,1
B010,2022-02-25 04:00:00,1,611T2300,0,,,1,0,0
B010,2022-02-25 04:00:00,2,611E2360,0,,79.6,1,0,1
B010,2022-02-25 05:00:00,0,611H7406,0,,113.36,1,0,1
B010,2022-02-25 05:00:00,1,611T2300,0,,,1,0,0
B010,2022-02-25 05:00:00,2,611E2360,0,,79.59,1,0,1
B010,2022-02-25 06:00:00,0,611H7406,0,,113.58,1,0,1
B010,2022-02-25 06:00:00,1,611T2300,0,,,1,0,0
B010,2022-02-25 06:00:00,2,611E2360,0,,79.59,1,0,1
B010,2022-02-25 07:00:00,0,611H7406,1.278298936,,113.58,1,0,1
B010,2022-02-25 07:00:00,1,611T2300,0.8283855846,,,1,0,0
B010,2022-02-25 07:00:00,2,611E2360,2.084853916,,79.58,1,0,1
B010,2022-02-25 08:00:00,0,611H7406,0,,113.58,1,0,1
B010,2022-02-25 08:00:00,1,611T2300,0,,,1,0,0
B010,2022-02-25 08:00:00,2,611E2360,0,,79.57,1,0,1
B010,2022-02-25 09:00:00,0,611H7406,0,,113.58,1,0,1
B010,2022-02-25 09:00:00,1,611T2300,0,,,1,0,0
B010,2022-02-25 09:00:00,2,611E2360,0,,79.57,1,0,1
B010,2022-02-25 10:00:00,0,611H7406,0,,113.58,1,0,1
B010,2022-02-25 10:00:00,1,611T2300,0,,,1,0,0
B010,2022-02-25 10:00:00,2,611E2360,0,,79.57,1,0,1
B010,2022-02-25 11:00:00,0,611H7406,0,,113.56,1,0,1
B010,2022-02-25 11:00:00,1,611T2300,0,,,1,0,0
B010,2022-02-25 11:00:00,2,611E2360,0,,79.56,1,0,1
B010,2022-02-25 12:00:00,0,611H7406,0,,113.56,1,0,1
B010,2022-02-25 12:00:00,1,611T2300,0,,,1,0,0
B010,2022-02-25 12:00:00,2,611E2360,0,,79.56,1,0,1
B010,2022-02-25 13:00:00,0,611H7406,0,,113.56,1,0,1
B010,2022-02-25 13:00:00,1,611T2300,0,,,1,0,0
B010,2022-02-25 13:00:00,2,611E2360,0,,79.56,1,0,1
B010,2022-02-25 14:00:00,0,611H7406,0,,,1,0,0
B010,2022-02-25 14:00:00,1,611T2300,0,,,1,0,0
B010,2022-02-25 14:00:00,2,611E2360,0,,79.55,1,0,1
B010,2022-02-25 15:00:00,0,611H7406,0,,113.58,1,0,1
B010,2022-02-25 15:00:00,1,611T2300,0,,,1,0,0
B010,2022-02-25 15:00:00,2,611E2360,0,,79.55,1,0,1
B010,2022-02-25 16:00:00,0,611H7406,0,,113.58,1,0,1
B010,2022-02-25 16:00:00,1,611T2300,0,,,1,0,0
B010,2022-02-25 16:00:00,2,611E2360,0,,79.56,1,0,1
B010,2022-02-25 17:00:00,0,611H7406,0,,113.35,1,0,1
B010,2022-02-25 17:00:00,1,611T2300,0,,,1,0,0
B010,2022-02-25 17:00:00,2,611E2360,0,,79.56,1,0,1
B010,2022-02-25 18:00:00,0,611H7406,0,,113.35,1,0,1
B010,2022-02-25 18:00:00,1,611T2300,0,,,1,0,0
B010,2022-02-25 18:00:00,2,611E2360,0,,79.56,1,0,1
B010,2022-02-25 19:00:00,0,611H7406,0,,113.35,1,0,1
B010,2022-02-25 19:00:00,1,611T2300,0,,,1,0,0
B010,2022-02-25 19:00:00,2,611E2360,0,,79.56,1,0,1
B010,2022-02-25 20:00:00,0,611H7406,0,,113.35,1,0,1
B010,2022-02-25 20:00:00,1,611T2300,0,,,1,0,0
B010,2022-02-25 20:00:00,2,611E2360,0,,79.56,1,0,1
B010,2022-02-25 21:00:00,0,611H7406,0,,113.58,1,0,1
B010,2022-02-25 21:00:00,1,611T2300,0,,,1,0,0
B010,2022-02-25 21:00:00,2,611E2360,0,,79.56,1,0,1
B010,2022-02-25 22:00:00,0,611H7406,0,,113.38,1,0,1
B010,2022-02-25 22:00:00,1,611T2300,0,,,1,0,0
B010,2022-02-25 22:00:00,2,611E2360,0,,79.55,1,0,1
B010,2022-02-25 23:00:00,0,611H7406,0,,113.56,1,0,1
B010,2022-02-25 23:00:00,1,611T2300,0,,,1,0,0
B010,2022-02-25 23:00:00,2,611E2360,0,,79.55,1,0,1
B010,2022-02-26 00:00:00,0,611H7406,0,,113.56,1,0,1
B010,2022-02-26 00:00:00,1,611T2300,0,,,1,0,0
B010,2022-02-26 00:00:00,2,611E2360,0,,79.55,1,0,1
B010,2022-02-26 01:00:00,0,611H7406,0,,113.56,1,0,1
B010,2022-02-26 01:00:00,1,611T2300,0,,,1,0,0
B010,2022-02-26 01:00:00,2,611E2360,0,,79.55,1,0,1
B010,2022-02-26 02:00:00,0,611H7406,0,,113.56,1,0,1
B010,2022-02-26 02:00:00,1,611T2300,0,,,1,0,0
B010,2022-02-26 02:00:00,2,611E2360,0,,79.55,1,0,1
B010,2022-02-26 03:00:00,0,611H7406,0,,113.56,1,0,1
B010,2022-02-26 03:00:00,1,611T2300,0,,,1,0,0
B010,2022-02-26 03:00:00,2,611E2360,0,,79.54,1,0,1
B010,2022-02-26 04:00:00,0,611H7406,0,,113.56,1,0,1
B010,2022-02-26 04:00:00,1,611T2300,0,,,1,0,0
B010,2022-02-26 04:00:00,2,611E2360,0,,79.53,1,0,1
B010,2022-02-26 05:00:00,0,611H7406,0,,113.56,1,0,1
B010,2022-02-26 05:00:00,1,611T2300,0,,,1,0,0
B010,2022-02-26 05:00:00,2,611E2360,0,,79.53,1,0,1
B010,2022-02-26 06:00:00,0,611H7406,0,,113.56,1,0,1
B010,2022-02-26 06:00:00,1,611T2300,0,,,1,0,0
B010,2022-02-26 06:00:00,2,611E2360,0,,79.53,1,0,1
B010,2022-02-26 07:00:00,0,611H7406,0,,113.56,1,0,1
B010,2022-02-26 07:00:00,1,611T2300,0,,,1,0,0
B010,2022-02-26 07:00:00,2,611E2360,0,,79.52,1,0,1
B010,2022-02-26 08:00:00,0,611H7406,0,,113.56,1,0,1
B010,2022-02-26 08:00:00,1,611T2300,0,,,1,0,0
B010,2022-02-26 08:00:00,2,611E2360,0,,79.52,1,0,1
B010,2022-02-26 09:00:00,0,611H7406,0,,113.56,1,0,1
B010,2022-02-26 09:00:00,1,611T2300,0,,,1,0,0
B010,2022-02-26 09:00:00,2,611E2360,0,,79.52,1,0,1
B010,2022-02-26 10:00:00,0,611H7406,0,,113.56,1,0,1
B010,2022-02-26 10:00:00,1,611T2300,0,,,1,0,0
B010,2022-02-26 10:00:00,2,611E2360,0,,79.52,1,0,1
B010,2022-02-26 11:00:00,0,611H7406,0,,113.56,1,0,1
B010,2022-02-26 11:00:00,1,611T2300,0,,,1,0,0
B010,2022-02-26 11:00:00,2,611E2360,0,,79.51,1,0,1
B010,2022-02-26 12:00:00,0,611H7406,0,,113.56,1,0,1
B010,2022-02-26 12:00:00,1,611T2300,0,,,1,0,0
B010,2022-02-26 12:00:00,2,611E2360,0,,79.51,1,0,1
B010,2022-02-26 13:00:00,0,611H7406,0,,113.56,1,0,1
B010,2022-02-26 13:00:00,1,611T2300,0,,,1,0,0
B010,2022-02-26 13:00:00,2,611E2360,0,,79.51,1,0,1
B010,2022-02-26 14:00:00,0,611H7406,0,,113.56,1,0,1
B010,2022-02-26 14:00:00,1,611T2300,0,,,1,0,0
B010,2022-02-26 14:00:00,2,611E2360,0,,79.5,1,0,1
B010,2022-02-26 15:00:00,0,611H7406,0,,113.56,1,0,1
B010,2022-02-26 15:00:00,1,611T2300,0,,,1,0,0
B010,2022-02-26 15:00:00,2,611E2360,0,,79.51,1,0,1
B010,2022-02-26 16:00:00,0,611H7406,0,,113.56,1,0,1
B010,2022-02-26 16:00:00,1,611T2300,0,,,1,0,0
B010,2022-02-26 16:00:00,2,611E2360,0,,79.5,1,0,1
B010,2022-03-27 18:00:00,0,611H7406,0,,112.95,1,0,1
B010,2022-03-27 18:00:00,1,611T2300,0,,,1,0,0
B010,2022-03-27 18:00:00,2,611E2360,0,,79.35,1,0,1
B010,2022-03-27 19:00:00,0,611H7406,0,,112.95,1,0,1
B010,2022-03-27 19:00:00,1,611T2300,0,,,1,0,0
B010,2022-03-27 19:00:00,2,611E2360,0,,79.37,1,0,1
B010,2022-03-27 20:00:00,0,611H7406,0,,112.93,1,0,1
B010,2022-03-27 20:00:00,1,611T2300,0,,,1,0,0
B010,2022-03-27 20:00:00,2,611E2360,0,,79.39,1,0,1
B010,2022-03-27 21:00:00,0,611H7406,0,,112.93,1,0,1
B010,2022-03-27 21:00:00,1,611T2300,0,,,1,0,0
B010,2022-03-27 21:00:00,2,611E2360,0,,79.4,1,0,1
B010,2022-03-27 22:00:00,0,611H7406,0,,112.91,1,0,1
B010,2022-03-27 22:00:00,1,611T2300,0,,,1,0,0
B010,2022-03-27 22:00:00,2,611E2360,0,,79.4,1,0,1
B010,2022-03-27 23:00:00,0,611H7406,0,,112.91,1,0,1
B010,2022-03-27 23:00:00,1,611T2300,0,,,1,0,0
B010,2022-03-27 23:00:00,2,611E2360,0,,79.4,1,0,1
B010,2022-03-28 00:00:00,0,611H7406,0,,112.91,1,0,1
B010,2022-03-28 00:00:00,1,611T2300,0,,,1,0,0
B010,2022-03-28 00:00:00,2,611E2360,0,,79.39,1,0,1
B010,2022-03-28 01:00:00,0,611H7406,0,,,1,0,0
B010,2022-03-28 01:00:00,1,611T2300,0,,,1,0,0
B010,2022-03-28 01:00:00,2,611E2360,0,,79.39,1,0,1
B010,2022-03-28 02:00:00,0,611H7406,0,,112.91,1,0,1
B010,2022-03-28 02:00:00,1,611T2300,0,,,1,0,0
B010,2022-03-28 02:00:00,2,611E2360,0,,79.38,1,0,1
B010,2022-03-28 03:00:00,0,611H7406,0,,,1,0,0
B010,2022-03-28 03:00:00,1,611T2300,0,,,1,0,0
B010,2022-03-28 03:00:00,2,611E2360,0,,79.37,1,0,1
B010,2022-03-28 04:00:00,0,611H7406,0,,112.91,1,0,1
B010,2022-03-28 04:00:00,1,611T2300,0,,,1,0,0
B010,2022-03-28 04:00:00,2,611E2360,0,,79.36,1,0,1
B010,2022-03-28 05:00:00,0,611H7406,0,,112.91,1,0,1
B010,2022-03-28 05:00:00,1,611T2300,0,,,1,0,0
B010,2022-03-28 05:00:00,2,611E2360,0,,79.35,1,0,1
B010,2022-03-28 06:00:00,0,611H7406,0,,112.91,1,0,1
B010,2022-03-28 06:00:00,1,611T2300,0,,,1,0,0
B010,2022-03-28 06:00:00,2,611E2360,0,,79.35,1,0,1
B010,2022-03-28 07:00:00,0,611H7406,2.462448113,,112.91,1,0,1
B010,2022-03-28 07:00:00,1,611T2300,0.626682212,,,1,0,0
B010,2022-03-28 07:00:00,2,611E2360,1.959196017,,79.35,1,0,1
B010,2022-03-28 08:00:00,0,611H7406,0,,112.91,1,0,1
B010,2022-03-28 08:00:00,1,611T2300,0,,,1,0,0
B010,2022-03-28 08:00:00,2,611E2360,0,,79.34,1,0,1
B010,2022-03-28 09:00:00,0,611H7406,0,,112.91,1,0,1
B010,2022-03-28 09:00:00,1,611T2300,0,,,1,0,0
B010,2022-03-28 09:00:00,2,611E2360,0,,79.34,1,0,1
B010,2022-03-28 10:00:00,0,611H7406,0,,112.91,1,0,1
B010,2022-03-28 10:00:00,1,611T2300,0,,,1,0,0
B010,2022-03-28 10:00:00,2,611E2360,0,,79.34,1,0,1
B010,2022-03-28 11:00:00,0,611H7406,0,,112.91,1,0,1
B010,2022-03-28 11:00:00,1,611T2300,0,,,1,0,0
B010,2022-03-28 11:00:00,2,611E2360,0,,79.34,1,0,1
B010,2022-03-28 12:00:00,0,611H7406,0,,112.91,1,0,1
B010,2022-03-28 12:00:00,1,611T2300,0,,,1,0,0
B010,2022-03-28 12:00:00,2,611E2360,0,,79.34,1,0,1
B010,2022-03-28 13:00:00,0,611H7406,0,,,1,0,0
B010,2022-03-28 13:00:00,1,611T2300,0,,,1,0,0
B010,2022-03-28 13:00:00,2,611E2360,0,,79.34,1,0,1
B010,2022-03-28 14:00:00,0,611H7406,0,,,1,0,0
B010,2022-03-28 14:00:00,1,611T2300,0,,,1,0,0
B010,2022-03-28 14:00:00,2,611E2360,0,,79.34,1,0,1
B010,2022-03-28 15:00:00,0,611H7406,0,,,1,0,0
B010,2022-03-28 15:00:00,1,611T2300,0,,,1,0,0
B010,2022-03-28 15:00:00,2,611E2360,0,,79.35,1,0,1
B010,2022-03-28 16:00:00,0,611H7406,0,,112.91,1,0,1
B010,2022-03-28 16:00:00,1,611T2300,0,,,1,0,0
B010,2022-03-28 16:00:00,2,611E2360,0,,79.37,1,0,1
B010,2022-03-28 17:00:00,0,611H7406,0,,112.91,1,0,1
B010,2022-03-28 17:00:00,1,611T2300,0,,,1,0,0
B010,2022-03-28 17:00:00,2,611E2360,0,,79.37,1,0,1
B010,2022-03-28 18:00:00,0,611H7406,0,,112.91,1,0,1
B010,2022-03-28 18:00:00,1,611T2300,0,,,1,0,0
B010,2022-03-28 18:00:00,2,611E2360,0,,79.37,1,0,1
B010,2022-03-28 19:00:00,0,611H7406,0,,112.91,1,0,1
B010,2022-03-28 19:00:00,1,611T2300,0,,,1,0,0
B010,2022-03-28 19:00:00,2,611E2360,0,,79.35,1,0,1
B010,2022-03-28 20:00:00,0,611H7406,0,,112.91,1,0,1
B010,2022-03-28 20:00:00,1,611T2300,0,,,1,0,0
B010,2022-03-28 20:00:00,2,611E2360,0,,79.35,1,0,1
B010,2022-03-28 21:00:00,0,611H7406,0,,112.91,1,0,1
B010,2022-03-28 21:00:00,1,611T2300,0,,,1,0,0
B010,2022-03-28 21:00:00,2,611E2360,0,,79.34,1,0,1
B010,2022-03-28 22:00:00,0,611H7406,0,,112.91,1,0,1
B010,2022-03-28 22:00:00,1,611T2300,0,,,1,0,0
B010,2022-03-28 22:00:00,2,611E2360,0,,79.34,1,0,1
B010,2022-03-28 23:00:00,0,611H7406,0,,112.91,1,0,1
B010,2022-03-28 23:00:00,1,611T2300,0,,,1,0,0
B010,2022-03-28 23:00:00,2,611E2360,0,,79.33,1,0,1
B010,2022-03-29 00:00:00,0,611H7406,0,,,1,0,0
B010,2022-03-29 00:00:00,1,611T2300,0,,,1,0,0
B010,2022-03-29 00:00:00,2,611E2360,0,,79.32,1,0,1
B010,2022-03-29 01:00:00,0,611H7406,0,,112.91,1,0,1
B010,2022-03-29 01:00:00,1,611T2300,0,,,1,0,0
B010,2022-03-29 01:00:00,2,611E2360,0,,79.32,1,0,1
B010,2022-03-29 02:00:00,0,611H7406,0,,,1,0,0
B010,2022-03-29 02:00:00,1,611T2300,0,,,1,0,0
B010,2022-03-29 02:00:00,2,611E2360,0,,79.32,1,0,1
B010,2022-03-29 03:00:00,0,611H7406,0,,112.91,1,0,1
B010,2022-03-29 03:00:00,1,611T2300,0,,,1,0,0
B010,2022-03-29 03:00:00,2,611E2360,0,,79.32,1,0,1
B010,2022-03-29 04:00:00,0,611H7406,0,,112.91,1,0,1
B010,2022-03-29 04:00:00,1,611T2300,0,,,1,0,0
B010,2022-03-29 04:00:00,2,611E2360,0,,79.32,1,0,1
B010,2022-03-29 05:00:00,0,611H7406,0,,112.91,1,0,1
B010,2022-03-29 05:00:00,1,611T2300,0,,,1,0,0
B010,2022-03-29 05:00:00,2,611E2360,0,,79.33,1,0,1
B010,2022-03-29 06:00:00,0,611H7406,0,,112.91,1,0,1
B010,2022-03-29 06:00:00,1,611T2300,0,,,1,0,0
B010,2022-03-29 06:00:00,2,611E2360,0,,79.33,1,0,1
B010,2022-03-29 07:00:00,0,611H7406,0,,112.91,1,0,1
B010,2022-03-29 07:00:00,1,611T2300,0,,,1,0,0
B010,2022-03-29 07:00:00,2,611E2360,0,,79.32,1,0,1
B010,2022-03-29 08:00:00,0,611H7406,0,,112.91,1,0,1
B010,2022-03-29 08:00:00,1,611T2300,0,,,1,0,0
B010,2022-03-29 08:00:00,2,611E2360,0,,79.32,1,0,1
B010,2022-03-29 09:00:00,0,611H7406,0,,112.91,1,0,1
B010,2022-03-29 09:00:00,1,611T2300,0,,,1,0,0
B010,2022-03-29 09:00:00,2,611E2360,0,,79.32,1,0,1
B010,2022-03-29 10:00:00,0,611H7406,0,,112.91,1,0,1
B010,2022-03-29 10:00:00,1,611T2300,0,,,1,0,0
B010,2022-03-29 10:00:00,2,611E2360,0,,79.32,1,0,1
B010,2022-03-29 11:00:00,0,611H7406,0,,,1,0,0
B010,2022-03-29 11:00:00,1,611T2300,0,,,1,0,0
B010,2022-03-29 11:00:00,2,611E2360,0,,79.31,1,0,1
B010,2022-03-29 12:00:00,0,611H7406,0,,112.91,1,0,1
B010,2022-03-29 12:00:00,1,611T2300,0,,,1,0,0
B010,2022-03-29 12:00:00,2,611E2360,0,,79.31,1,0,1
B010,2022-03-29 13:00:00,0,611H7406,0,,,1,0,0
B010,2022-03-29 13:00:00,1,611T2300,0,,,1,0,0
B010,2022-03-29 13:00:00,2,611E2360,0,,79.31,1,0,1
B010,2022-03-29 14:00:00,0,611H7406,0,,112.91,1,0,1
B010,2022-03-29 14:00:00,1,611T2300,0,,,1,0,0
B010,2022-03-29 14:00:00,2,611E2360,0,,79.3,1,0,1
B010,2022-03-29 15:00:00,0,611H7406,0,,112.91,1,0,1
B010,2022-03-29 15:00:00,1,611T2300,0,,,1,0,0
B010,2022-03-29 15:00:00,2,611E2360,0,,79.3,1,0,1
B010,2022-03-29 16:00:00,0,611H7406,0,,112.91,1,0,1
B010,2022-03-29 16:00:00,1,611T2300,0,,,1,0,0
B010,2022-03-29 16:00:00,2,611E2360,0,,79.3,1,0,1
B010,2022-03-29 17:00:00,0,611H7406,0,,,1,0,0
B010,2022-03-29 17:00:00,1,611T2300,0,,,1,0,0
B010,2022-03-29 17:00:00,2,611E2360,0,,79.3,1,0,1
B010,2022-03-29 18:00:00,0,611H7406,0.5674927981,,112.91,1,0,1
B010,2022-03-29 18:00:00,1,611T2300,0.1168797292,,,1,0,0
B010,2022-03-29 18:00:00,2,611E2360,0.3657451795,,79.3,1,0,1
B010,2022-03-29 19:00:00,0,611H7406,0.6245539617,,112.91,1,0,1
B010,2022-03-29 19:00:00,1,611T2300,0.1990323815,,,1,0,0
B010,2022-03-29 19:00:00,2,611E2360,0.4881949306,,79.32,1,0,1
B010,2022-03-29 20:00:00,0,611H7406,0.5570639281,,112.91,1,0,1
B010,2022-03-29 20:00:00,1,611T2300,0.7317374656,,,1,0,0
B010,2022-03-29 20:00:00,2,611E2360,0.1329832086,,79.33,1,0,1
B010,2022-03-29 21:00:00,0,611H7406,0.1881568679,,112.91,1,0,1
B010,2022-03-29 21:00:00,1,611T2300,0.2275516485,,,1,0,0
B010,2022-03-29 21:00:00,2,611E2360,1.348219883,,79.34,1,0,1
B010,2022-03-29 22:00:00,0,611H7406,0.327521416,,112.91,1,0,1
B010,2022-03-29 22:00:00,1,611T2300,0.004864676789,,,1,0,0
B010,2022-03-29 22:00:00,2,611E2360,0,,79.34,1,0,1
B010,2022-03-29 23:00:00,0,611H7406,0,,,1,0,0
B010,2022-03-29 23:00:00,1,611T2300,0,,,1,0,0
B010,2022-03-29 23:00:00,2,611E2360,0.003389950478,,79.34,1,0,1
B010,2022-03-30 00:00:00,0,611H7406,0,,112.91,1,0,1
B010,2022-03-30 00:00:00,1,611T2300,0,,,1,0,0
B010,2022-03-30 00:00:00,2,611E2360,0,,79.35,1,0,1
B010,2022-03-30 01:00:00,0,611H7406,0,,,1,0,0
B010,2022-03-30 01:00:00,1,611T2300,0,,,1,0,0
B010,2022-03-30 01:00:00,2,611E2360,0,,79.35,1,0,1
B010,2022-03-30 02:00:00,0,611H7406,0.007406675504,,112.91,1,0,1
B010,2022-03-30 02:00:00,1,611T2300,0.02147208457,,,1,0,0
B010,2022-03-30 02:00:00,2,611E2360,0,,79.35,1,0,1
B010,2022-03-30 03:00:00,0,611H7406,0,,112.91,1,0,1
B010,2022-03-30 03:00:00,1,611T2300,0,,,1,0,0
B010,2022-03-30 03:00:00,2,611E2360,0,,79.36,1,0,1
B010,2022-03-30 04:00:00,0,611H7406,0,,,1,0,0
B010,2022-03-30 04:00:00,1,611T2300,0,,,1,0,0
B010,2022-03-30 04:00:00,2,611E2360,0,,79.37,1,0,1
B010,2022-03-30 05:00:00,0,611H7406,0,,112.91,1,0,1
B010,2022-03-30 05:00:00,1,611T2300,0,,,1,0,0
B010,2022-03-30 05:00:00,2,611E2360,0,,79.37,1,0,1
B010,2022-03-30 06:00:00,0,611H7406,0,,112.91,1,0,1
B010,2022-03-30 06:00:00,1,611T2300,0,,,1,0,0
B010,2022-03-30 06:00:00,2,611E2360,0,,79.36,1,0,1
B010,2022-03-30 07:00:00,0,611H7406,2.124062137,,112.91,1,0,1
B010,2022-03-30 07:00:00,1,611T2300,0.8720962949,,,1,0,0
B010,2022-03-30 07:00:00,2,611E2360,2.338533152,,79.35,1,0,1
B010,2022-03-30 08:00:00,0,611H7406,0,,,1,0,0
B010,2022-03-30 08:00:00,1,611T2300,0,,,1,0,0
B010,2022-03-30 08:00:00,2,611E2360,0,,79.35,1,0,1
B010,2022-03-30 09:00:00,0,611H7406,0.1162823533,,112.91,1,0,1
B010,2022-03-30 09:00:00,1,611T2300,0.004864676789,,,1,0,0
B010,2022-03-30 09:00:00,2,611E2360,0,,79.35,1,0,1
B010,2022-03-30 10:00:00,0,611H7406,0.04224781253,,112.91,1,0,1
B010,2022-03-30 10:00:00,1,611T2300,0.04400177916,,,1,0,0
B010,2022-03-30 10:00:00,2,611E2360,0.3677128593,,79.35,1,0,1
B010,2022-03-30 11:00:00,0,611H7406,0,,,1,0,0
B010,2022-03-30 11:00:00,1,611T2300,0,,,1,0,0
B010,2022-03-30 11:00:00,2,611E2360,0,,79.35,1,0,1
B010,2022-03-30 12:00:00,0,611H7406,0.04965448804,,112.91,1,0,1
B010,2022-03-30 12:00:00,1,611T2300,0.02147208457,,,1,0,0
B010,2022-03-30 12:00:00,2,611E2360,0.001604073712,,79.35,1,0,1
B010,2022-03-30 13:00:00,0,611H7406,0.1162823533,,,1,0,0
B010,2022-03-30 13:00:00,1,611T2300,0.004864676789,,,1,0,0
B010,2022-03-30 13:00:00,2,611E2360,0,,79.35,1,0,1
B010,2022-03-30 14:00:00,0,611H7406,0,,112.91,1,0,1
B010,2022-03-30 14:00:00,1,611T2300,0,,,1,0,0
B010,2022-03-30 14:00:00,2,611E2360,0,,79.35,1,0,1
B010,2022-03-30 15:00:00,0,611H7406,0.2081846539,,112.91,1,0,1
B010,2022-03-30 15:00:00,1,611T2300,0.06554524451,,,1,0,0
B010,2022-03-30 15:00:00,2,611E2360,0.1240538248,,79.36,1,0,1
B010,2022-03-30 16:00:00,0,611H7406,0,,,1,0,0
B010,2022-03-30 16:00:00,1,611T2300,0,,,1,0,0
B010,2022-03-30 16:00:00,2,611E2360,0,,79.37,1,0,1
B010,2022-03-30 17:00:00,0,611H7406,0.4904038486,,112.91,1,0,1
B010,2022-03-30 17:00:00,1,611T2300,0.170370353,,,1,0,0
B010,2022-03-30 17:00:00,2,611E2360,0.1258397015,,79.37,1,0,1
B010,2022-03-30 18:00:00,0,611H7406,1.622335036,,112.91,1,0,1
B010,2022-03-30 18:00:00,1,611T2300,0.3104444753,,,1,0,0
B010,2022-03-30 18:00:00,2,611E2360,0.3807272521,,79.38,1,0,1
B010,2022-03-30 19:00:00,0,611H7406,0.5400583366,,112.93,1,0,1
B010,2022-03-30 19:00:00,1,611T2300,0.2358442167,,,1,0,0
B010,2022-03-30 19:00:00,2,611E2360,0.5003324618,,79.38,1,0,1
B010,2022-03-30 20:00:00,0,611H7406,0.462969387,,112.97,1,0,1
B010,2022-03-30 20:00:00,1,611T2300,0.2109178741,,,1,0,0
B010,2022-03-30 20:00:00,2,611E2360,0.004812221136,,79.38,1,0,1
B010,2022-03-30 21:00:00,0,611H7406,0.726022964,,113.17,1,0,1
B010,2022-03-30 21:00:00,1,611T2300,0.07774262688,,,1,0,0
B010,2022-03-30 21:00:00,2,611E2360,0.01516387562,,79.39,1,0,1
B010,2022-03-30 22:00:00,0,611H7406,1.082308914,,113.35,1,0,1
B010,2022-03-30 22:00:00,1,611T2300,0.9862779434,,,1,0,0
B010,2022-03-30 22:00:00,2,611E2360,0.0301459482,,79.4,1,0,1
B010,2022-03-30 23:00:00,0,611H7406,0.04224781253,,113.57,1,0,1
B010,2022-03-30 23:00:00,1,611T2300,0.1472473406,,,1,0,0
B010,2022-03-30 23:00:00,2,611E2360,0.008747580776,,79.41,1,0,1
B010,2022-03-31 00:00:00,0,611H7406,0.3815281708,,113.57,1,0,1
B010,2022-03-31 00:00:00,1,611T2300,0.1477692776,,,1,0,0
B010,2022-03-31 00:00:00,2,611E2360,0.003208147424,,79.42,1,0,1
B010,2022-03-31 01:00:00,0,611H7406,1.174179,,113.57,1,0,1
B010,2022-03-31 01:00:00,1,611T2300,0.2457163318,,,1,0,0
B010,2022-03-31 01:00:00,2,611E2360,0.01301439275,,79.45,1,0,1
B010,2022-03-31 02:00:00,0,611H7406,1.16594237,,113.56,1,0,1
B010,2022-03-31 02:00:00,1,611T2300,1.362318223,,,1,0,0
B010,2022-03-31 02:00:00,2,611E2360,0.03765306137,,79.52,1,0,1
B010,2022-03-31 03:00:00,0,611H7406,0.5052171996,,113.59,1,0,1
B010,2022-03-31 03:00:00,1,611T2300,0.1741060389,,,1,0,0
B010,2022-03-31 03:00:00,2,611E2360,0.01694975239,,79.58,1,0,1
B010,2022-03-31 04:00:00,0,611H7406,0.6637473654,,113.61,1,0,1
B010,2022-03-31 04:00:00,1,611T2300,0.2894062212,,,1,0,0
B010,2022-03-31 04:00:00,2,611E2360,0.01337799886,,79.64,1,0,1
B010,2022-03-31 05:00:00,0,611H7406,1.220779079,,113.62,1,0,1
B010,2022-03-31 05:00:00,1,611T2300,0.3671488481,,,1,0,0
B010,2022-03-31 05:00:00,2,611E2360,0.01837202305,,79.73,1,0,1
B010,2022-03-31 06:00:00,0,611H7406,0.1236890288,,113.62,1,0,1
B010,2022-03-31 06:00:00,1,611T2300,0.02633676136,,,1,0,0
B010,2022-03-31 06:00:00,2,611E2360,0.003208147424,,79.82,1,0,1
B010,2022-03-31 07:00:00,0,611H7406,0.2081846539,,113.6,1,0,1
B010,2022-03-31 07:00:00,1,611T2300,0.1287202077,,,1,0,0
B010,2022-03-31 07:00:00,2,611E2360,1.453538079,,79.86,1,0,1
B010,2022-03-31 08:00:00,0,611H7406,1.16155789,,113.62,1,0,1
B010,2022-03-31 08:00:00,1,611T2300,0.4052283404,,,1,0,0
B010,2022-03-31 08:00:00,2,611E2360,0.02675599772,,79.9,1,0,1
B010,2022-03-31 09:00:00,0,611H7406,0.1659368414,,113.62,1,0,1
B010,2022-03-31 09:00:00,1,611T2300,0.02633676136,,,1,0,0
B010,2022-03-31 09:00:00,2,611E2360,0.003389950478,,79.9,1,0,1
B010,2022-03-31 10:00:00,0,611H7406,0.8719320193,,113.6,1,0,1
B010,2022-03-31 10:00:00,1,611T2300,0.3573481137,,,1,0,0
B010,2022-03-31 10:00:00,2,611E2360,0.2580956979,,79.88,1,0,1
B010,2022-03-31 11:00:00,0,611H7406,0.2229980049,,113.6,1,0,1
B010,2022-03-31 11:00:00,1,611T2300,0.1453012488,,,1,0,0
B010,2022-03-31 11:00:00,2,611E2360,0.1256578985,,79.89,1,0,1
B010,2022-03-31 12:00:00,0,611H7406,0.08449562506,,,1,0,0
B010,2022-03-31 12:00:00,1,611T2300,0,,,1,0,0
B010,2022-03-31 12:00:00,2,611E2360,0.003571753532,,79.89,1,0,1
B010,2022-03-31 13:00:00,0,611H7406,0.2430257909,,113.62,1,0,1
B010,2022-03-31 13:00:00,1,611T2300,0.00726132479,,,1,0,0
B010,2022-03-31 13:00:00,2,611E2360,0.1258397015,,79.9,1,0,1
B010,2022-03-31 14:00:00,0,611H7406,0.7164562622,,113.62,1,0,1
B010,2022-03-31 14:00:00,1,611T2300,0.2941281364,,,1,0,0
B010,2022-03-31 14:00:00,2,611E2360,0.4951566346,,79.9,1,0,1
B010,2022-03-31 15:00:00,0,611H7406,0.2155913294,,113.62,1,0,1
B010,2022-03-31 15:00:00,1,611T2300,0.04780884593,,,1,0,0
B010,2022-03-31 15:00:00,2,611E2360,0.006598097902,,79.9,1,0,1
B010,2022-03-31 16:00:00,0,611H7406,0,,113.6,1,0,1
B010,2022-03-31 16:00:00,1,611T2300,0.002396648001,,,1,0,0
B010,2022-03-31 16:00:00,2,611E2360,0.1208456774,,79.87,1,0,1
B010,2022-03-31 17:00:00,0,611H7406,0,,113.58,1,0,1
B010,2022-03-31 17:00:00,1,611T2300,0,,,1,0,0
B010,2022-03-31 17:00:00,2,611E2360,0.001785876766,,79.86,1,0,1
B010,2022-03-31 18:00:00,0,611H7406,0,,113.58,1,0,1
B010,2022-03-31 18:00:00,1,611T2300,0,,,1,0,0
B010,2022-03-31 18:00:00,2,611E2360,0,,79.85,1,0,1
B010,2022-03-31 19:00:00,0,611H7406,0,,113.56,1,0,1
B010,2022-03-31 19:00:00,1,611T2300,0,,,1,0,0
B010,2022-03-31 19:00:00,2,611E2360,0,,79.83,1,0,1
B010,2022-03-31 20:00:00,0,611H7406,0,,113.58,1,0,1
B010,2022-03-31 20:00:00,1,611T2300,0,,,1,0,0
B010,2022-03-31 20:00:00,2,611E2360,0,,79.81,1,0,1
B010,2022-03-31 21:00:00,0,611H7406,0.1659368414,,113.56,1,0,1
B010,2022-03-31 21:00:00,1,611T2300,0.02633676136,,,1,0,0
B010,2022-03-31 21:00:00,2,611E2360,0.001785876766,,79.79,1,0,1
B010,2022-03-31 22:00:00,0,611H7406,0.3244670072,,113.56,1,0,1
B010,2022-03-31 22:00:00,1,611T2300,0.03120143815,,,1,0,0
B010,2022-03-31 22:00:00,2,611E2360,0.001604073712,,79.77,1,0,1
B010,2022-03-31 23:00:00,0,611H7406,0.04965448804,,113.56,1,0,1
B010,2022-03-31 23:00:00,1,611T2300,0.02147208457,,,1,0,0
B010,2022-03-31 23:00:00,2,611E2360,0,,79.75,1,0,1
B010,2022-04-01 00:00:00,0,611H7406,0.2896258702,,113.56,1,0,1
B010,2022-04-01 00:00:00,1,611T2300,0.08948535787,,,1,0,0
B010,2022-04-01 00:00:00,2,611E2360,0.001604073712,,79.74,1,0,1
B010,2022-04-01 01:00:00,0,611H7406,0.04224781253,,113.56,1,0,1
B010,2022-04-01 01:00:00,1,611T2300,0,,,1,0,0
B010,2022-04-01 01:00:00,2,611E2360,0.001785876766,,79.73,1,0,1
B010,2022-04-01 02:00:00,0,611H7406,0,,,1,0,0
B010,2022-04-01 02:00:00,1,611T2300,0,,,1,0,0
B010,2022-04-01 02:00:00,2,611E2360,0,,79.71,1,0,1
B010,2022-04-01 03:00:00,0,611H7406,0,,,1,0,0
B010,2022-04-01 03:00:00,1,611T2300,0,,,1,0,0
B010,2022-04-01 03:00:00,2,611E2360,0,,79.71,1,0,1
B010,2022-04-01 04:00:00,0,611H7406,0,,113.57,1,0,1
B010,2022-04-01 04:00:00,1,611T2300,0,,,1,0,0
B010,2022-04-01 04:00:00,2,611E2360,0,,79.69,1,0,1
B010,2022-04-01 05:00:00,0,611H7406,0,,,1,0,0
B010,2022-04-01 05:00:00,1,611T2300,0,,,1,0,0
B010,2022-04-01 05:00:00,2,611E2360,0,,79.69,1,0,1
B010,2022-04-01 06:00:00,0,611H7406,0,,,1,0,0
B010,2022-04-01 06:00:00,1,611T2300,0,,,1,0,0
B010,2022-04-01 06:00:00,2,611E2360,0,,79.67,1,0,1
B010,2022-04-01 07:00:00,0,611H7406,3.80472398,,113.55,1,0,1
B010,2022-04-01 07:00:00,1,611T2300,0.1751339101,,,1,0,0
B010,2022-04-01 07:00:00,2,611E2360,1.174477187,,79.67,1,0,1
B010,2022-04-01 08:00:00,0,611H7406,0.04224781253,,113.38,1,0,1
B010,2022-04-01 08:00:00,1,611T2300,0.004793296003,,,1,0,0
B010,2022-04-01 08:00:00,2,611E2360,0.2416913547,,79.65,1,0,1
B010,2022-04-01 09:00:00,0,611H7406,0.1162823533,,113.38,1,0,1
B010,2022-04-01 09:00:00,1,611T2300,0.004864676789,,,1,0,0
B010,2022-04-01 09:00:00,2,611E2360,0,,79.64,1,0,1
B010,2022-04-01 10:00:00,0,611H7406,0,,113.38,1,0,1
B010,2022-04-01 10:00:00,1,611T2300,0,,,1,0,0
B010,2022-04-01 10:00:00,2,611E2360,0,,79.62,1,0,1
B010,2022-04-01 11:00:00,0,611H7406,0,,113.36,1,0,1
B010,2022-04-01 11:00:00,1,611T2300,0,,,1,0,0
B010,2022-04-01 11:00:00,2,611E2360,0,,79.62,1,0,1
B010,2022-04-01 12:00:00,0,611H7406,0.04224781253,,113.58,1,0,1
B010,2022-04-01 12:00:00,1,611T2300,0.03681183515,,,1,0,0
B010,2022-04-01 12:00:00,2,611E2360,0.001604073712,,79.61,1,0,1
B010,2022-04-01 13:00:00,0,611H7406,0.4829971731,,113.58,1,0,1
B010,2022-04-01 13:00:00,1,611T2300,0.1120864332,,,1,0,0
B010,2022-04-01 13:00:00,2,611E2360,0.1256578985,,79.6,1,0,1
B010,2022-04-01 14:00:00,0,611H7406,0.1733435169,,113.58,1,0,1
B010,2022-04-01 14:00:00,1,611T2300,0.1262258122,,,1,0,0
B010,2022-04-01 14:00:00,2,611E2360,0.2502571324,,79.59,1,0,1
B010,2022-04-01 15:00:00,0,611H7406,0.3667148197,,113.35,1,0,1
B010,2022-04-01 15:00:00,1,611T2300,0.1440335916,,,1,0,0
B010,2022-04-01 15:00:00,2,611E2360,0.1260215046,,79.58,1,0,1
B010,2022-04-01 16:00:00,0,611H7406,0.3318736827,,113.37,1,0,1
B010,2022-04-01 16:00:00,1,611T2300,0.131090489,,,1,0,0
B010,2022-04-01 16:00:00,2,611E2360,0.2466853789,,79.58,1,0,1
B010,2022-04-01 17:00:00,0,611H7406,0.3318736827,,113.37,1,0,1
B010,2022-04-01 17:00:00,1,611T2300,0.09188200587,,,1,0,0
B010,2022-04-01 17:00:00,2,611E2360,0.1260215046,,79.58,1,0,1
B010,2022-04-01 18:00:00,0,611H7406,0.2007779784,,113.55,1,0,1
B010,2022-04-01 18:00:00,1,611T2300,0.04886645594,,,1,0,0
B010,2022-04-01 18:00:00,2,611E2360,0.3712846128,,79.59,1,0,1
B010,2022-04-01 19:00:00,0,611H7406,0.3318736827,,113.55,1,0,1
B010,2022-04-01 19:00:00,1,611T2300,0.126297193,,,1,0,0
B010,2022-04-01 19:00:00,2,611E2360,0.00499402419,,79.6,1,0,1
B010,2022-04-01 20:00:00,0,611H7406,0.007406675504,,113.55,1,0,1
B010,2022-04-01 20:00:00,1,611T2300,0.02147208457,,,1,0,0
B010,2022-04-01 20:00:00,2,611E2360,0,,79.6,1,0,1
B010,2022-04-01 21:00:00,0,611H7406,0.1162823533,,113.55,1,0,1
B010,2022-04-01 21:00:00,1,611T2300,0.004864676789,,,1,0,0
B010,2022-04-01 21:00:00,2,611E2360,0,,79.61,1,0,1
B010,2022-04-01 22:00:00,0,611H7406,0,,113.38,1,0,1
B010,2022-04-01 22:00:00,1,611T2300,0,,,1,0,0
B010,2022-04-01 22:00:00,2,611E2360,0.001785876766,,79.61,1,0,1
B010,2022-04-01 23:00:00,0,611H7406,0,,,1,0,0
B010,2022-04-01 23:00:00,1,611T2300,0,,,1,0,0
B010,2022-04-01 23:00:00,2,611E2360,0,,79.61,1,0,1
B010,2022-04-02 00:00:00,0,611H7406,0,,113.36,1,0,1
B010,2022-04-02 00:00:00,1,611T2300,0,,,1,0,0
B010,2022-04-02 00:00:00,2,611E2360,0,,79.61,1,0,1
B010,2022-04-02 01:00:00,0,611H7406,0,,113.36,1,0,1
B010,2022-04-02 01:00:00,1,611T2300,0,,,1,0,0
B010,2022-04-02 01:00:00,2,611E2360,0,,79.61,1,0,1
B010,2022-04-02 02:00:00,0,611H7406,0,,113.58,1,0,1
B010,2022-04-02 02:00:00,1,611T2300,0,,,1,0,0
B010,2022-04-02 02:00:00,2,611E2360,0,,79.6,1,0,1
B010,2022-04-02 03:00:00,0,611H7406,0,,113.58,1,0,1
B010,2022-04-02 03:00:00,1,611T2300,0,,,1,0,0
B010,2022-04-02 03:00:00,2,611E2360,0,,79.59,1,0,1
B010,2022-04-02 04:00:00,0,611H7406,0,,113.58,1,0,1
B010,2022-04-02 04:00:00,1,611T2300,0,,,1,0,0
B010,2022-04-02 04:00:00,2,611E2360,0,,79.58,1,0,1
B010,2022-04-02 05:00:00,0,611H7406,0,,113.56,1,0,1
B010,2022-04-02 05:00:00,1,611T2300,0,,,1,0,0
B010,2022-04-02 05:00:00,2,611E2360,0,,79.58,1,0,1
B010,2022-04-02 06:00:00,0,611H7406,0,,113.56,1,0,1
B010,2022-04-02 06:00:00,1,611T2300,0,,,1,0,0
B010,2022-04-02 06:00:00,2,611E2360,0,,79.58,1,0,1
B010,2022-04-02 07:00:00,0,611H7406,2.377952488,,113.55,1,0,1
B010,2022-04-02 07:00:00,1,611T2300,0.595525788,,,1,0,0
B010,2022-04-02 07:00:00,2,611E2360,0.408392265,,79.57,1,0,1
B010,2022-04-02 08:00:00,0,611H7406,0,,113.55,1,0,1
B010,2022-04-02 08:00:00,1,611T2300,0,,,1,0,0
B010,2022-04-02 08:00:00,2,611E2360,0,,79.57,1,0,1
B010,2022-04-02 09:00:00,0,611H7406,0,,113.57,1,0,1
B010,2022-04-02 09:00:00,1,611T2300,0,,,1,0,0
B010,2022-04-02 09:00:00,2,611E2360,0,,79.56,1,0,1
B010,2022-04-02 10:00:00,0,611H7406,0,,112.95,1,0,1
B010,2022-04-02 10:00:00,1,611T2300,0,,,1,0,0
B010,2022-04-02 10:00:00,2,611E2360,0,,79.55,1,0,1
B010,2022-04-02 11:00:00,0,611H7406,0,,112.97,1,0,1
B010,2022-04-02 11:00:00,1,611T2300,0,,,1,0,0
B010,2022-04-02 11:00:00,2,611E2360,0,,79.55,1,0,1
B010,2022-04-02 12:00:00,0,611H7406,0,,112.97,1,0,1
B010,2022-04-02 12:00:00,1,611T2300,0,,,1,0,0
B010,2022-04-02 12:00:00,2,611E2360,0,,79.54,1,0,1
B010,2022-04-02 13:00:00,0,611H7406,0,,112.95,1,0,1
B010,2022-04-02 13:00:00,1,611T2300,0,,,1,0,0
B010,2022-04-02 13:00:00,2,611E2360,0,,79.54,1,0,1
B010,2022-04-02 14:00:00,0,611H7406,0,,113.18,1,0,1
B010,2022-04-02 14:00:00,1,611T2300,0,,,1,0,0
B010,2022-04-02 14:00:00,2,611E2360,0,,79.53,1,0,1
B010,2022-04-02 15:00:00,0,611H7406,0,,113.16,1,0,1
B010,2022-04-02 15:00:00,1,611T2300,0,,,1,0,0
B010,2022-04-02 15:00:00,2,611E2360,0,,79.52,1,0,1
B010,2022-04-02 16:00:00,0,611H7406,0,,112.98,1,0,1
B010,2022-04-02 16:00:00,1,611T2300,0,,,1,0,0
B010,2022-04-02 16:00:00,2,611E2360,0,,79.51,1,0,1
B010,2022-04-02 17:00:00,0,611H7406,0,,,1,0,0
B010,2022-04-02 17:00:00,1,611T2300,0,,,1,0,0
B010,2022-04-02 17:00:00,2,611E2360,0.001785876766,,79.51,1,0,1
B010,2022-04-02 18:00:00,0,611H7406,0,,112.97,1,0,1
B010,2022-04-02 18:00:00,1,611T2300,0,,,1,0,0
B010,2022-04-02 18:00:00,2,611E2360,0,,79.5,1,0,1
B010,2022-04-02 19:00:00,0,611H7406,0,,112.95,1,0,1
B010,2022-04-02 19:00:00,1,611T2300,0,,,1,0,0
B010,2022-04-02 19:00:00,2,611E2360,0,,79.5,1,0,1
B010,2022-04-02 20:00:00,0,611H7406,0,,112.97,1,0,1
B010,2022-04-02 20:00:00,1,611T2300,0,,,1,0,0
B010,2022-04-02 20:00:00,2,611E2360,0,,79.5,1,0,1
B010,2022-04-02 21:00:00,0,611H7406,0,,112.97,1,0,1
B010,2022-04-02 21:00:00,1,611T2300,0,,,1,0,0
B010,2022-04-02 21:00:00,2,611E2360,0,,79.49,1,0,1
B010,2022-04-02 22:00:00,0,611H7406,0,,,1,0,0
B010,2022-04-02 22:00:00,1,611T2300,0,,,1,0,0
B010,2022-04-02 22:00:00,2,611E2360,0,,79.49,1,0,1
B010,2022-04-02 23:00:00,0,611H7406,0,,112.97,1,0,1
B010,2022-04-02 23:00:00,1,611T2300,0,,,1,0,0
B010,2022-04-02 23:00:00,2,611E2360,0,,79.48,1,0,1
B010,2022-04-03 00:00:00,0,611H7406,0,,112.97,1,0,1
B010,2022-04-03 00:00:00,1,611T2300,0,,,1,0,0
B010,2022-04-03 00:00:00,2,611E2360,0,,79.48,1,0,1
B010,2022-04-03 01:00:00,0,611H7406,0,,112.97,1,0,1
B010,2022-04-03 01:00:00,1,611T2300,0,,,1,0,0
B010,2022-04-03 01:00:00,2,611E2360,0,,79.47,1,0,1
B010,2022-04-03 02:00:00,0,611H7406,0,,,1,0,0
B010,2022-04-03 02:00:00,1,611T2300,0,,,1,0,0
B010,2022-04-03 02:00:00,2,611E2360,0,,79.47,1,0,1
B010,2022-04-03 03:00:00,0,611H7406,0,,112.97,1,0,1
B010,2022-04-03 03:00:00,1,611T2300,0,,,1,0,0
B010,2022-04-03 03:00:00,2,611E2360,0,,79.47,1,0,1
B010,2022-04-03 04:00:00,0,611H7406,0,,112.97,1,0,1
B010,2022-04-03 04:00:00,1,611T2300,0,,,1,0,0
B010,2022-04-03 04:00:00,2,611E2360,0,,79.47,1,0,1
B010,2022-04-03 05:00:00,0,611H7406,0,,112.97,1,0,1
B010,2022-04-03 05:00:00,1,611T2300,0,,,1,0,0
B010,2022-04-03 05:00:00,2,611E2360,0,,79.46,1,0,1
B010,2022-04-03 06:00:00,0,611H7406,0,,112.97,1,0,1
B010,2022-04-03 06:00:00,1,611T2300,0,,,1,0,0
B010,2022-04-03 06:00:00,2,611E2360,0,,79.46,1,0,1
B010,2022-04-03 07:00:00,0,611H7406,0,,,1,0,0
B010,2022-04-03 07:00:00,1,611T2300,0,,,1,0,0
B010,2022-04-03 07:00:00,2,611E2360,0.001785876766,,79.46,1,0,1
B010,2022-04-03 08:00:00,0,611H7406,0,,,1,0,0
B010,2022-04-03 08:00:00,1,611T2300,0,,,1,0,0
B010,2022-04-03 08:00:00,2,611E2360,0,,79.45,1,0,1
B010,2022-04-03 09:00:00,0,611H7406,0,,112.96,1,0,1
B010,2022-04-03 09:00:00,1,611T2300,0,,,1,0,0
B010,2022-04-03 09:00:00,2,611E2360,0,,79.45,1,0,1
B010,2022-04-03 10:00:00,0,611H7406,0,,112.96,1,0,1
B010,2022-04-03 10:00:00,1,611T2300,0,,,1,0,0
B010,2022-04-03 10:00:00,2,611E2360,0,,79.44,1,0,1
B010,2022-04-03 11:00:00,0,611H7406,0,,112.96,1,0,1
B010,2022-04-03 11:00:00,1,611T2300,0,,,1,0,0
B010,2022-04-03 11:00:00,2,611E2360,0,,79.43,1,0,1
B010,2022-04-03 12:00:00,0,611H7406,0,,,1,0,0
B010,2022-04-03 12:00:00,1,611T2300,0,,,1,0,0
B010,2022-04-03 12:00:00,2,611E2360,0,,79.43,1,0,1
B010,2022-04-03 13:00:00,0,611H7406,0,,,1,0,0
B010,2022-04-03 13:00:00,1,611T2300,0,,,1,0,0
B010,2022-04-03 13:00:00,2,611E2360,0,,79.44,1,0,1
B010,2022-04-03 14:00:00,0,611H7406,0,,112.97,1,0,1
B010,2022-04-03 14:00:00,1,611T2300,0,,,1,0,0
B010,2022-04-03 14:00:00,2,611E2360,0,,79.44,1,0,1
B010,2022-04-03 15:00:00,0,611H7406,0,,112.97,1,0,1
B010,2022-04-03 15:00:00,1,611T2300,0,,,1,0,0
B010,2022-04-03 15:00:00,2,611E2360,0,,79.44,1,0,1
B010,2022-04-03 16:00:00,0,611H7406,0,,112.97,1,0,1
B010,2022-04-03 16:00:00,1,611T2300,0,,,1,0,0
B010,2022-04-03 16:00:00,2,611E2360,0,,79.44,1,0,1
B010,2022-04-03 17:00:00,0,611H7406,0,,112.97,1,0,1
B010,2022-04-03 17:00:00,1,611T2300,0,,,1,0,0
B010,2022-04-03 17:00:00,2,611E2360,0,,79.44,1,0,1
B010,2022-04-03 18:00:00,0,611H7406,0,,,1,0,0
B010,2022-04-03 18:00:00,1,611T2300,0,,,1,0,0
B010,2022-04-03 18:00:00,2,611E2360,0,,79.44,1,0,1
B010,2022-04-03 19:00:00,0,611H7406,0,,112.95,1,0,1
B010,2022-04-03 19:00:00,1,611T2300,0,,,1,0,0
B010,2022-04-03 19:00:00,2,611E2360,0,,79.44,1,0,1
B010,2022-04-03 20:00:00,0,611H7406,0,,112.95,1,0,1
B010,2022-04-03 20:00:00,1,611T2300,0,,,1,0,0
B010,2022-04-03 20:00:00,2,611E2360,0,,79.43,1,0,1
B010,2022-04-03 21:00:00,0,611H7406,0,,,1,0,0
B010,2022-04-03 21:00:00,1,611T2300,0,,,1,0,0
B010,2022-04-03 21:00:00,2,611E2360,0,,79.43,1,0,1
B010,2022-04-03 22:00:00,0,611H7406,0,,112.95,1,0,1
B010,2022-04-03 22:00:00,1,611T2300,0,,,1,0,0
B010,2022-04-03 22:00:00,2,611E2360,0,,79.43,1,0,1
B010,2022-04-03 23:00:00,0,611H7406,0,,112.93,1,0,1
B010,2022-04-03 23:00:00,1,611T2300,0,,,1,0,0
B010,2022-04-03 23:00:00,2,611E2360,0,,79.42,1,0,1
B010,2022-04-26 16:00:00,0,611H7406,0,,112.96,1,0,1
B010,2022-04-26 16:00:00,1,611T2300,0,,,1,0,0
B010,2022-04-26 16:00:00,2,611E2360,0,,79.49,1,0,1
B010,2022-04-26 17:00:00,0,611H7406,0,,112.96,1,0,1
B010,2022-04-26 17:00:00,1,611T2300,0,,,1,0,0
B010,2022-04-26 17:00:00,2,611E2360,0,,79.49,1,0,1
B010,2022-04-26 18:00:00,0,611H7406,0,,112.98,1,0,1
B010,2022-04-26 18:00:00,1,611T2300,0,,,1,0,0
B010,2022-04-26 18:00:00,2,611E2360,0,,79.48,1,0,1
B010,2022-04-26 19:00:00,0,611H7406,0,,112.98,1,0,1
B010,2022-04-26 19:00:00,1,611T2300,0,,,1,0,0
B010,2022-04-26 19:00:00,2,611E2360,0,,79.47,1,0,1
B010,2022-04-26 20:00:00,0,611H7406,0,,112.98,1,0,1
B010,2022-04-26 20:00:00,1,611T2300,0,,,1,0,0
B010,2022-04-26 20:00:00,2,611E2360,0,,79.46,1,0,1
B010,2022-04-26 21:00:00,0,611H7406,0,,112.98,1,0,1
B010,2022-04-26 21:00:00,1,611T2300,0,,,1,0,0
B010,2022-04-26 21:00:00,2,611E2360,0,,79.47,1,0,1
B010,2022-04-26 22:00:00,0,611H7406,0,,112.96,1,0,1
B010,2022-04-26 22:00:00,1,611T2300,0,,,1,0,0
B010,2022-04-26 22:00:00,2,611E2360,0,,79.47,1,0,1
B010,2022-04-26 23:00:00,0,611H7406,0,,112.96,1,0,1
B010,2022-04-26 23:00:00,1,611T2300,0,,,1,0,0
B010,2022-04-26 23:00:00,2,611E2360,0,,79.46,1,0,1
B010,2022-04-27 00:00:00,0,611H7406,0,,,1,0,0
B010,2022-04-27 00:00:00,1,611T2300,0,,,1,0,0
B010,2022-04-27 00:00:00,2,611E2360,0,,79.45,1,0,1
B010,2022-04-27 01:00:00,0,611H7406,0,,112.96,1,0,1
B010,2022-04-27 01:00:00,1,611T2300,0,,,1,0,0
B010,2022-04-27 01:00:00,2,611E2360,0,,79.45,1,0,1
B010,2022-04-27 02:00:00,0,611H7406,0,,112.96,1,0,1
B010,2022-04-27 02:00:00,1,611T2300,0,,,1,0,0
B010,2022-04-27 02:00:00,2,611E2360,0,,79.45,1,0,1
B010,2022-04-27 03:00:00,0,611H7406,0,,112.96,1,0,1
B010,2022-04-27 03:00:00,1,611T2300,0,,,1,0,0
B010,2022-04-27 03:00:00,2,611E2360,0,,79.45,1,0,1
B010,2022-04-27 04:00:00,0,611H7406,0,,112.96,1,0,1
B010,2022-04-27 04:00:00,1,611T2300,0,,,1,0,0
B010,2022-04-27 04:00:00,2,611E2360,0,,79.44,1,0,1
B010,2022-04-27 05:00:00,0,611H7406,0,,112.96,1,0,1
B010,2022-04-27 05:00:00,1,611T2300,0,,,1,0,0
B010,2022-04-27 05:00:00,2,611E2360,0,,79.44,1,0,1
B010,2022-04-27 06:00:00,0,611H7406,0,,112.96,1,0,1
B010,2022-04-27 06:00:00,1,611T2300,0,,,1,0,0
B010,2022-04-27 06:00:00,2,611E2360,0,,79.44,1,0,1
B010,2022-04-27 07:00:00,0,611H7406,0,,112.96,1,0,1
B010,2022-04-27 07:00:00,1,611T2300,0.007189944004,,,1,0,0
B010,2022-04-27 07:00:00,2,611E2360,0.3625370321,,79.44,1,0,1
B010,2022-04-27 08:00:00,0,611H7406,0,,112.96,1,0,1
B010,2022-04-27 08:00:00,1,611T2300,0,,,1,0,0
B010,2022-04-27 08:00:00,2,611E2360,0,,79.44,1,0,1
B010,2022-04-27 09:00:00,0,611H7406,0,,112.98,1,0,1
B010,2022-04-27 09:00:00,1,611T2300,0,,,1,0,0
B010,2022-04-27 09:00:00,2,611E2360,0,,79.44,1,0,1
B010,2022-04-27 10:00:00,0,611H7406,0,,112.96,1,0,1
B010,2022-04-27 10:00:00,1,611T2300,0,,,1,0,0
B010,2022-04-27 10:00:00,2,611E2360,0,,79.42,1,0,1
B010,2022-04-27 11:00:00,0,611H7406,0,,112.94,1,0,1
B010,2022-04-27 11:00:00,1,611T2300,0,,,1,0,0
B010,2022-04-27 11:00:00,2,611E2360,0,,79.41,1,0,1
B010,2022-04-27 12:00:00,0,611H7406,0,,112.92,1,0,1
B010,2022-04-27 12:00:00,1,611T2300,0,,,1,0,0
B010,2022-04-27 12:00:00,2,611E2360,0,,79.42,1,0,1
B010,2022-04-27 13:00:00,0,611H7406,0,,112.92,1,0,1
B010,2022-04-27 13:00:00,1,611T2300,0,,,1,0,0
B010,2022-04-27 13:00:00,2,611E2360,0,,79.41,1,0,1
B010,2022-04-27 14:00:00,0,611H7406,0,,112.92,1,0,1
B010,2022-04-27 14:00:00,1,611T2300,0,,,1,0,0
B010,2022-04-27 14:00:00,2,611E2360,0,,79.4,1,0,1
B010,2022-04-27 15:00:00,0,611H7406,0,,,1,0,0
B010,2022-04-27 15:00:00,1,611T2300,0.03681183515,,,1,0,0
B010,2022-04-27 15:00:00,2,611E2360,0,,79.4,1,0,1
B010,2022-04-27 16:00:00,0,611H7406,0,,,1,0,0
B010,2022-04-27 16:00:00,1,611T2300,0,,,1,0,0
B010,2022-04-27 16:00:00,2,611E2360,0,,79.41,1,0,1
B010,2022-04-27 17:00:00,0,611H7406,0.1585301659,,112.92,1,0,1
B010,2022-04-27 17:00:00,1,611T2300,0.004864676789,,,1,0,0
B010,2022-04-27 17:00:00,2,611E2360,0,,79.41,1,0,1
B010,2022-04-27 18:00:00,0,611H7406,0,,112.92,1,0,1
B010,2022-04-27 18:00:00,1,611T2300,0,,,1,0,0
B010,2022-04-27 18:00:00,2,611E2360,0,,79.42,1,0,1
B010,2022-04-27 19:00:00,0,611H7406,0,,112.92,1,0,1
B010,2022-04-27 19:00:00,1,611T2300,0,,,1,0,0
B010,2022-04-27 19:00:00,2,611E2360,0,,79.41,1,0,1
B010,2022-04-27 20:00:00,0,611H7406,0,,112.94,1,0,1
B010,2022-04-27 20:00:00,1,611T2300,0,,,1,0,0
B010,2022-04-27 20:00:00,2,611E2360,0,,79.41,1,0,1
B010,2022-04-27 21:00:00,0,611H7406,0,,112.94,1,0,1
B010,2022-04-27 21:00:00,1,611T2300,0,,,1,0,0
B010,2022-04-27 21:00:00,2,611E2360,0,,79.4,1,0,1
B010,2022-04-27 22:00:00,0,611H7406,0.08449562506,,112.94,1,0,1
B010,2022-04-27 22:00:00,1,611T2300,0,,,1,0,0
B010,2022-04-27 22:00:00,2,611E2360,0.01122851598,,79.41,1,0,1
B010,2022-04-27 23:00:00,0,611H7406,0,,112.94,1,0,1
B010,2022-04-27 23:00:00,1,611T2300,0,,,1,0,0
B010,2022-04-27 23:00:00,2,611E2360,0,,79.41,1,0,1
B010,2022-04-28 00:00:00,0,611H7406,0,,,1,0,0
B010,2022-04-28 00:00:00,1,611T2300,0,,,1,0,0
B010,2022-04-28 00:00:00,2,611E2360,0,,79.41,1,0,1
B010,2022-04-28 01:00:00,0,611H7406,0,,,1,0,0
B010,2022-04-28 01:00:00,1,611T2300,0,,,1,0,0
B010,2022-04-28 01:00:00,2,611E2360,0,,79.41,1,0,1
B010,2022-04-28 02:00:00,0,611H7406,0,,112.98,1,0,1
B010,2022-04-28 02:00:00,1,611T2300,0,,,1,0,0
B010,2022-04-28 02:00:00,2,611E2360,0,,79.41,1,0,1
B010,2022-04-28 03:00:00,0,611H7406,0,,112.98,1,0,1
B010,2022-04-28 03:00:00,1,611T2300,0,,,1,0,0
B010,2022-04-28 03:00:00,2,611E2360,0,,79.41,1,0,1
B010,2022-04-28 04:00:00,0,611H7406,0,,112.98,1,0,1
B010,2022-04-28 04:00:00,1,611T2300,0,,,1,0,0
B010,2022-04-28 04:00:00,2,611E2360,0,,79.42,1,0,1
B010,2022-04-28 05:00:00,0,611H7406,0.07406675504,,112.98,1,0,1
B010,2022-04-28 05:00:00,1,611T2300,0.290741164,,,1,0,0
B010,2022-04-28 05:00:00,2,611E2360,0.133678267,,79.43,1,0,1
B010,2022-04-28 06:00:00,0,611H7406,0.398501548,,112.98,1,0,1
B010,2022-04-28 06:00:00,1,611T2300,0.1120864332,,,1,0,0
B010,2022-04-28 06:00:00,2,611E2360,0.1224497511,,79.42,1,0,1
B010,2022-04-28 07:00:00,0,611H7406,0.327521416,,113.15,1,0,1
B010,2022-04-28 07:00:00,1,611T2300,0.1937171485,,,1,0,0
B010,2022-04-28 07:00:00,2,611E2360,0.2691424109,,79.42,1,0,1
B010,2022-04-28 08:00:00,0,611H7406,0.007406675504,,112.96,1,0,1
B010,2022-04-28 08:00:00,1,611T2300,0.02147208457,,,1,0,0
B010,2022-04-28 08:00:00,2,611E2360,0,,79.42,1,0,1
B010,2022-04-28 09:00:00,0,611H7406,0,,,1,0,0
B010,2022-04-28 09:00:00,1,611T2300,0,,,1,0,0
B010,2022-04-28 09:00:00,2,611E2360,0,,79.42,1,0,1
B010,2022-04-28 10:00:00,0,611H7406,0,,112.96,1,0,1
B010,2022-04-28 10:00:00,1,611T2300,0,,,1,0,0
B010,2022-04-28 10:00:00,2,611E2360,0,,79.41,1,0,1
B010,2022-04-28 11:00:00,0,611H7406,0,,112.96,1,0,1
B010,2022-04-28 11:00:00,1,611T2300,0,,,1,0,0
B010,2022-04-28 11:00:00,2,611E2360,0,,79.41,1,0,1
B010,2022-04-28 12:00:00,0,611H7406,0,,,1,0,0
B010,2022-04-28 12:00:00,1,611T2300,0,,,1,0,0
B010,2022-04-28 12:00:00,2,611E2360,0,,79.42,1,0,1
B010,2022-04-28 13:00:00,0,611H7406,0,,112.96,1,0,1
B010,2022-04-28 13:00:00,1,611T2300,0,,,1,0,0
B010,2022-04-28 13:00:00,2,611E2360,0,,79.42,1,0,1
B010,2022-04-28 14:00:00,0,611H7406,0,,112.98,1,0,1
B010,2022-04-28 14:00:00,1,611T2300,0,,,1,0,0
B010,2022-04-28 14:00:00,2,611E2360,0,,79.42,1,0,1
B010,2022-04-28 15:00:00,0,611H7406,0,,112.98,1,0,1
B010,2022-04-28 15:00:00,1,611T2300,0,,,1,0,0
B010,2022-04-28 15:00:00,2,611E2360,0,,79.42,1,0,1
B010,2022-04-28 16:00:00,0,611H7406,4.98634187,,112.98,1,0,1
B010,2022-04-28 16:00:00,1,611T2300,0.5569849931,,,1,0,0
B010,2022-04-28 16:00:00,2,611E2360,0.02887332682,,79.42,1,0,1
B010,2022-04-28 17:00:00,0,611H7406,2.470387121,,113.35,1,0,1
B010,2022-04-28 17:00:00,1,611T2300,1.699821332,,,1,0,0
B010,2022-04-28 17:00:00,2,611E2360,4.296339052,,79.42,1,0,1
B010,2022-04-28 18:00:00,0,611H7406,0.1162823533,,113.6,1,0,1
B010,2022-04-28 18:00:00,1,611T2300,0.04167651194,,,1,0,0
B010,2022-04-28 18:00:00,2,611E2360,0.001604073712,,79.47,1,0,1
B010,2022-04-28 19:00:00,0,611H7406,1.496485981,,113.62,1,0,1
B010,2022-04-28 19:00:00,1,611T2300,0.4067365066,,,1,0,0
B010,2022-04-28 19:00:00,2,611E2360,0.6450574418,,79.56,1,0,1
B010,2022-04-28 20:00:00,0,611H7406,1.408968161,,113.79,1,0,1
B010,2022-04-28 20:00:00,1,611T2300,0.8461617967,,,1,0,0
B010,2022-04-28 20:00:00,2,611E2360,1.618998521,,79.62,1,0,1
B010,2022-04-28 21:00:00,0,611H7406,0,,113.61,1,0,1
B010,2022-04-28 21:00:00,1,611T2300,0,,,1,0,0
B010,2022-04-28 21:00:00,2,611E2360,0.001604073712,,79.89,1,0,1
B010,2022-04-28 22:00:00,0,611H7406,0,,113.62,1,0,1
B010,2022-04-28 22:00:00,1,611T2300,0,,,1,0,0
B010,2022-04-28 22:00:00,2,611E2360,0.001785876766,,79.92,1,0,1
B010,2022-04-28 23:00:00,0,611H7406,0,,113.62,1,0,1
B010,2022-04-28 23:00:00,1,611T2300,0,,,1,0,0
B010,2022-04-28 23:00:00,2,611E2360,0,,79.96,1,0,1
B010,2022-04-29 00:00:00,0,611H7406,0,,113.6,1,0,1
B010,2022-04-29 00:00:00,1,611T2300,0,,,1,0,0
B010,2022-04-29 00:00:00,2,611E2360,0,,80,1,0,1
B010,2022-04-29 01:00:00,0,611H7406,0,,,1,0,0
B010,2022-04-29 01:00:00,1,611T2300,0,,,1,0,0
B010,2022-04-29 01:00:00,2,611E2360,0,,79.97,1,0,1
B010,2022-04-29 02:00:00,0,611H7406,0,,113.57,1,0,1
B010,2022-04-29 02:00:00,1,611T2300,0,,,1,0,0
B010,2022-04-29 02:00:00,2,611E2360,0,,79.93,1,0,1
B010,2022-04-29 03:00:00,0,611H7406,0,,113.55,1,0,1
B010,2022-04-29 03:00:00,1,611T2300,0,,,1,0,0
B010,2022-04-29 03:00:00,2,611E2360,0,,79.9,1,0,1
B010,2022-04-29 04:00:00,0,611H7406,0,,113.55,1,0,1
B010,2022-04-29 04:00:00,1,611T2300,0,,,1,0,0
B010,2022-04-29 04:00:00,2,611E2360,0,,79.87,1,0,1
B010,2022-04-29 05:00:00,0,611H7406,0,,113.57,1,0,1
B010,2022-04-29 05:00:00,1,611T2300,0,,,1,0,0
B010,2022-04-29 05:00:00,2,611E2360,0,,79.84,1,0,1
B010,2022-04-29 06:00:00,0,611H7406,0,,113.57,1,0,1
B010,2022-04-29 06:00:00,1,611T2300,0,,,1,0,0
B010,2022-04-29 06:00:00,2,611E2360,0,,79.81,1,0,1
B010,2022-04-29 07:00:00,0,611H7406,9.828870283,,113.56,1,0,1
B010,2022-04-29 07:00:00,1,611T2300,1.790670206,,,1,0,0
B010,2022-04-29 07:00:00,2,611E2360,6.594262367,,79.78,1,0,1
B010,2022-04-29 08:00:00,0,611H7406,0,,113.56,1,0,1
B010,2022-04-29 08:00:00,1,611T2300,0,,,1,0,0
B010,2022-04-29 08:00:00,2,611E2360,0,,79.76,1,0,1
B010,2022-04-29 09:00:00,0,611H7406,0,,113.56,1,0,1
B010,2022-04-29 09:00:00,1,611T2300,0,,,1,0,0
B010,2022-04-29 09:00:00,2,611E2360,0,,79.75,1,0,1
B010,2022-04-29 10:00:00,0,611H7406,0,,113.58,1,0,1
B010,2022-04-29 10:00:00,1,611T2300,0,,,1,0,0
B010,2022-04-29 10:00:00,2,611E2360,0,,79.73,1,0,1
B010,2022-04-29 11:00:00,0,611H7406,0,,113.58,1,0,1
B010,2022-04-29 11:00:00,1,611T2300,0,,,1,0,0
B010,2022-04-29 11:00:00,2,611E2360,0,,79.71,1,0,1
B010,2022-04-29 12:00:00,0,611H7406,0,,113.56,1,0,1
B010,2022-04-29 12:00:00,1,611T2300,0,,,1,0,0
B010,2022-04-29 12:00:00,2,611E2360,0,,79.7,1,0,1
B010,2022-04-29 13:00:00,0,611H7406,0,,113.38,1,0,1
B010,2022-04-29 13:00:00,1,611T2300,0,,,1,0,0
B010,2022-04-29 13:00:00,2,611E2360,0,,79.68,1,0,1
B010,2022-04-29 14:00:00,0,611H7406,0,,113.38,1,0,1
B010,2022-04-29 14:00:00,1,611T2300,0,,,1,0,0
B010,2022-04-29 14:00:00,2,611E2360,0,,79.67,1,0,1
B010,2022-04-29 15:00:00,0,611H7406,0,,,1,0,0
B010,2022-04-29 15:00:00,1,611T2300,0,,,1,0,0
B010,2022-04-29 15:00:00,2,611E2360,0,,79.65,1,0,1
B010,2022-04-29 16:00:00,0,611H7406,0,,113.36,1,0,1
B010,2022-04-29 16:00:00,1,611T2300,0,,,1,0,0
B010,2022-04-29 16:00:00,2,611E2360,0,,79.65,1,0,1
B010,2022-04-29 17:00:00,0,611H7406,0,,113.36,1,0,1
B010,2022-04-29 17:00:00,1,611T2300,0,,,1,0,0
B010,2022-04-29 17:00:00,2,611E2360,0,,79.64,1,0,1
B010,2022-04-29 18:00:00,0,611H7406,0,,,1,0,0
B010,2022-04-29 18:00:00,1,611T2300,0,,,1,0,0
B010,2022-04-29 18:00:00,2,611E2360,0,,79.62,1,0,1
B010,2022-04-29 19:00:00,0,611H7406,0,,113.58,1,0,1
B010,2022-04-29 19:00:00,1,611T2300,0,,,1,0,0
B010,2022-04-29 19:00:00,2,611E2360,0,,79.61,1,0,1
B010,2022-04-29 20:00:00,0,611H7406,0,,113.58,1,0,1
B010,2022-04-29 20:00:00,1,611T2300,0,,,1,0,0
B010,2022-04-29 20:00:00,2,611E2360,0,,79.62,1,0,1
B010,2022-04-29 21:00:00,0,611H7406,0,,113.56,1,0,1
B010,2022-04-29 21:00:00,1,611T2300,0,,,1,0,0
B010,2022-04-29 21:00:00,2,611E2360,0.001785876766,,79.61,1,0,1
B010,2022-04-29 22:00:00,0,611H7406,0,,,1,0,0
B010,2022-04-29 22:00:00,1,611T2300,0,,,1,0,0
B010,2022-04-29 22:00:00,2,611E2360,0,,79.6,1,0,1
B010,2022-04-29 23:00:00,0,611H7406,0,,,1,0,0
B010,2022-04-29 23:00:00,1,611T2300,0,,,1,0,0
B010,2022-04-29 23:00:00,2,611E2360,0,,79.59,1,0,1
B010,2022-04-30 00:00:00,0,611H7406,0.3910948725,,,1,0,0
B010,2022-04-30 00:00:00,1,611T2300,0.01459403037,,,1,0,0
B010,2022-04-30 00:00:00,2,611E2360,0,,79.58,1,0,1
B010,2022-04-30 01:00:00,0,611H7406,0.09930897607,,113.56,1,0,1
B010,2022-04-30 01:00:00,1,611T2300,0.07975600429,,,1,0,0
B010,2022-04-30 01:00:00,2,611E2360,0.009624442272,,79.58,1,0,1
B010,2022-04-30 02:00:00,0,611H7406,0,,113.56,1,0,1
B010,2022-04-30 02:00:00,1,611T2300,0,,,1,0,0
B010,2022-04-30 02:00:00,2,611E2360,0,,79.57,1,0,1
B010,2022-04-30 03:00:00,0,611H7406,0,,113.56,1,0,1
B010,2022-04-30 03:00:00,1,611T2300,0.004793296003,,,1,0,0
B010,2022-04-30 03:00:00,2,611E2360,0.2416913547,,79.57,1,0,1
B010,2022-04-30 04:00:00,0,611H7406,0,,,1,0,0
B010,2022-04-30 04:00:00,1,611T2300,0.004793296003,,,1,0,0
B010,2022-04-30 04:00:00,2,611E2360,0.2416913547,,79.56,1,0,1
B010,2022-04-30 05:00:00,0,611H7406,0.007406675504,,113.55,1,0,1
B010,2022-04-30 05:00:00,1,611T2300,0.05828391972,,,1,0,0
B010,2022-04-30 05:00:00,2,611E2360,0,,79.56,1,0,1
B010,2022-04-30 06:00:00,0,611H7406,0.1162823533,,113.55,1,0,1
B010,2022-04-30 06:00:00,1,611T2300,0.004864676789,,,1,0,0
B010,2022-04-30 06:00:00,2,611E2360,0,,79.56,1,0,1
B010,2022-04-30 07:00:00,0,611H7406,0.6341206634,,113.55,1,0,1
B010,2022-04-30 07:00:00,1,611T2300,0.1026689695,,,1,0,0
B010,2022-04-30 07:00:00,2,611E2360,0.4947930285,,79.55,1,0,1
B010,2022-04-30 08:00:00,0,611H7406,1.797838579,,113.57,1,0,1
B010,2022-04-30 08:00:00,1,611T2300,0.2299691175,,,1,0,0
B010,2022-04-30 08:00:00,2,611E2360,1.719686299,,79.55,1,0,1
B010,2022-04-30 09:00:00,0,611H7406,0.1807501924,,113.57,1,0,1
B010,2022-04-30 09:00:00,1,611T2300,0.184509732,,,1,0,0
B010,2022-04-30 09:00:00,2,611E2360,0.2500753294,,79.56,1,0,1
B010,2022-04-30 10:00:00,0,611H7406,0.5126238751,,113.55,1,0,1
B010,2022-04-30 10:00:00,1,611T2300,0.2395799027,,,1,0,0
B010,2022-04-30 10:00:00,2,611E2360,0.3711028098,,79.56,1,0,1
B010,2022-04-30 11:00:00,0,611H7406,1.739511772,,113.37,1,0,1
B010,2022-04-30 11:00:00,1,611T2300,0.5876083,,,1,0,0
B010,2022-04-30 11:00:00,2,611E2360,2.08827602,,79.56,1,0,1
B010,2022-04-30 12:00:00,0,611H7406,0.2970325457,,113.58,1,0,1
B010,2022-04-30 12:00:00,1,611T2300,0.1573558696,,,1,0,0
B010,2022-04-30 12:00:00,2,611E2360,0.4937343639,,79.59,1,0,1
B010,2022-04-30 13:00:00,0,611H7406,0.05706116354,,113.6,1,0,1
B010,2022-04-30 13:00:00,1,611T2300,0.1213611354,,,1,0,0
B010,2022-04-30 13:00:00,2,611E2360,0.2450813052,,79.61,1,0,1
B010,2022-04-30 14:00:00,0,611H7406,0.1236890288,,,1,0,0
B010,2022-04-30 14:00:00,1,611T2300,0.02633676136,,,1,0,0
B010,2022-04-30 14:00:00,2,611E2360,0.001604073712,,79.64,1,0,1
B010,2022-04-30 15:00:00,0,611H7406,0.04224781253,,113.55,1,0,1
B010,2022-04-30 15:00:00,1,611T2300,0,,,1,0,0
B010,2022-04-30 15:00:00,2,611E2360,0,,79.68,1,0,1
B010,2022-04-30 16:00:00,0,611H7406,0,,113.57,1,0,1
B010,2022-04-30 16:00:00,1,611T2300,0,,,1,0,0
B010,2022-04-30 16:00:00,2,611E2360,0,,79.74,1,0,1
B010,2022-04-30 17:00:00,0,611H7406,0,,113.57,1,0,1
B010,2022-04-30 17:00:00,1,611T2300,0.002396648001,,,1,0,0
B010,2022-04-30 17:00:00,2,611E2360,0.1208456774,,79.75,1,0,1
B010,2022-04-30 18:00:00,0,611H7406,0,,113.57,1,0,1
B010,2022-04-30 18:00:00,1,611T2300,0,,,1,0,0
B010,2022-04-30 18:00:00,2,611E2360,0,,79.73,1,0,1
B010,2022-04-30 19:00:00,0,611H7406,0,,113.55,1,0,1
B010,2022-04-30 19:00:00,1,611T2300,0,,,1,0,0
B010,2022-04-30 19:00:00,2,611E2360,0,,79.72,1,0,1
B010,2022-04-30 20:00:00,0,611H7406,0,,113.55,1,0,1
B010,2022-04-30 20:00:00,1,611T2300,0,,,1,0,0
B010,2022-04-30 20:00:00,2,611E2360,0,,79.72,1,0,1
B010,2022-04-30 21:00:00,0,611H7406,0,,113.57,1,0,1
B010,2022-04-30 21:00:00,1,611T2300,0,,,1,0,0
B010,2022-04-30 21:00:00,2,611E2360,0,,79.71,1,0,1
B010,2022-04-30 22:00:00,0,611H7406,0,,113.57,1,0,1
B010,2022-04-30 22:00:00,1,611T2300,0,,,1,0,0
B010,2022-04-30 22:00:00,2,611E2360,0,,79.69,1,0,1
B010,2022-04-30 23:00:00,0,611H7406,0,,,1,0,0
B010,2022-04-30 23:00:00,1,611T2300,0,,,1,0,0
B010,2022-04-30 23:00:00,2,611E2360,0,,79.68,1,0,1
B010,2022-05-21 22:00:00,0,611H7406,0,,,1,0,0
B010,2022-05-21 22:00:00,1,611T2300,0,,,1,0,0
B010,2022-05-21 22:00:00,2,611E2360,0,,79.44,1,0,1
B010,2022-05-21 23:00:00,0,611H7406,0,,112.96,1,0,1
B010,2022-05-21 23:00:00,1,611T2300,0,,,1,0,0
B010,2022-05-21 23:00:00,2,611E2360,0,,79.44,1,0,1
B010,2022-05-22 00:00:00,0,611H7406,0,,112.91,1,0,1
B010,2022-05-22 00:00:00,1,611T2300,0,,,1,0,0
B010,2022-05-22 00:00:00,2,611E2360,0,,79.44,1,0,1
B010,2022-05-22 01:00:00,0,611H7406,0,,112.91,1,0,1
B010,2022-05-22 01:00:00,1,611T2300,0,,,1,0,0
B010,2022-05-22 01:00:00,2,611E2360,0,,79.44,1,0,1
B010,2022-05-22 02:00:00,0,611H7406,0,,112.91,1,0,1
B010,2022-05-22 02:00:00,1,611T2300,0,,,1,0,0
B010,2022-05-22 02:00:00,2,611E2360,0,,79.44,1,0,1
B010,2022-05-22 03:00:00,0,611H7406,0,,112.91,1,0,1
B010,2022-05-22 03:00:00,1,611T2300,0,,,1,0,0
B010,2022-05-22 03:00:00,2,611E2360,0,,79.44,1,0,1
B010,2022-05-22 04:00:00,0,611H7406,0,,112.91,1,0,1
B010,2022-05-22 04:00:00,1,611T2300,0,,,1,0,0
B010,2022-05-22 04:00:00,2,611E2360,0,,79.44,1,0,1
B010,2022-05-22 05:00:00,0,611H7406,0.1162823533,,112.93,1,0,1
B010,2022-05-22 05:00:00,1,611T2300,0.004864676789,,,1,0,0
B010,2022-05-22 05:00:00,2,611E2360,0,,79.43,1,0,1
B010,2022-05-22 06:00:00,0,611H7406,0.04224781253,,112.93,1,0,1
B010,2022-05-22 06:00:00,1,611T2300,0.03920848315,,,1,0,0
B010,2022-05-22 06:00:00,2,611E2360,0.1208456774,,79.42,1,0,1
B010,2022-05-22 07:00:00,0,611H7406,0.1585301659,,,1,0,0
B010,2022-05-22 07:00:00,1,611T2300,0.04407315994,,,1,0,0
B010,2022-05-22 07:00:00,2,611E2360,0.1208456774,,79.42,1,0,1
B010,2022-05-22 08:00:00,0,611H7406,0,,112.94,1,0,1
B010,2022-05-22 08:00:00,1,611T2300,0,,,1,0,0
B010,2022-05-22 08:00:00,2,611E2360,0.001604073712,,79.42,1,0,1
B010,2022-05-22 09:00:00,0,611H7406,0.007406675504,,112.94,1,0,1
B010,2022-05-22 09:00:00,1,611T2300,0.05828391972,,,1,0,0
B010,2022-05-22 09:00:00,2,611E2360,0,,79.42,1,0,1
B010,2022-05-22 10:00:00,0,611H7406,0.1585301659,,,1,0,0
B010,2022-05-22 10:00:00,1,611T2300,0.04646980794,,,1,0,0
B010,2022-05-22 10:00:00,2,611E2360,0.2434772315,,79.45,1,0,1
B010,2022-05-22 11:00:00,0,611H7406,0.1659368414,,112.94,1,0,1
B010,2022-05-22 11:00:00,1,611T2300,0.06554524451,,,1,0,0
B010,2022-05-22 11:00:00,2,611E2360,0.1242356278,,79.44,1,0,1
B010,2022-05-22 12:00:00,0,611H7406,0.1659368414,,112.94,1,0,1
B010,2022-05-22 12:00:00,1,611T2300,0.02873340936,,,1,0,0
B010,2022-05-22 12:00:00,2,611E2360,0.1226315541,,79.42,1,0,1
B010,2022-05-22 13:00:00,0,611H7406,0.1659368414,,112.94,1,0,1
B010,2022-05-22 13:00:00,1,611T2300,0.1023570797,,,1,0,0
B010,2022-05-22 13:00:00,2,611E2360,0.1224497511,,79.44,1,0,1
B010,2022-05-22 14:00:00,0,611H7406,0.1659368414,,112.96,1,0,1
B010,2022-05-22 14:00:00,1,611T2300,0.1023570797,,,1,0,0
B010,2022-05-22 14:00:00,2,611E2360,0.1242356278,,79.45,1,0,1
B010,2022-05-22 15:00:00,0,611H7406,0.3244670072,,112.96,1,0,1
B010,2022-05-22 15:00:00,1,611T2300,0.1072217565,,,1,0,0
B010,2022-05-22 15:00:00,2,611E2360,0.1242356278,,79.44,1,0,1
B010,2022-05-22 16:00:00,0,611H7406,0.2748125192,,,1,0,0
B010,2022-05-22 16:00:00,1,611T2300,0.08814631988,,,1,0,0
B010,2022-05-22 16:00:00,2,611E2360,0.2466853789,,79.43,1,0,1
B010,2022-05-22 17:00:00,0,611H7406,0.007406675504,,112.95,1,0,1
B010,2022-05-22 17:00:00,1,611T2300,0.02147208457,,,1,0,0
B010,2022-05-22 17:00:00,2,611E2360,0.001785876766,,79.44,1,0,1
B010,2022-05-22 18:00:00,0,611H7406,0,,112.95,1,0,1
B010,2022-05-22 18:00:00,1,611T2300,0,,,1,0,0
B010,2022-05-22 18:00:00,2,611E2360,0,,79.45,1,0,1
B010,2022-05-22 19:00:00,0,611H7406,0.04224781253,,,1,0,0
B010,2022-05-22 19:00:00,1,611T2300,0.03920848315,,,1,0,0
B010,2022-05-22 19:00:00,2,611E2360,0.1208456774,,79.46,1,0,1
B010,2022-05-22 20:00:00,0,611H7406,0.1659368414,,112.98,1,0,1
B010,2022-05-22 20:00:00,1,611T2300,0.06554524451,,,1,0,0
B010,2022-05-22 20:00:00,2,611E2360,0.1224497511,,79.46,1,0,1
B010,2022-05-22 21:00:00,0,611H7406,0.2822191947,,112.98,1,0,1
B010,2022-05-22 21:00:00,1,611T2300,0.1072217565,,,1,0,0
B010,2022-05-22 21:00:00,2,611E2360,0.1226315541,,79.47,1,0,1
B010,2022-05-22 22:00:00,0,611H7406,0.1733435169,,112.98,1,0,1
B010,2022-05-22 22:00:00,1,611T2300,0.08941397708,,,1,0,0
B010,2022-05-22 22:00:00,2,611E2360,0.2450813052,,79.47,1,0,1
B010,2022-05-22 23:00:00,0,611H7406,0.04965448804,,112.95,1,0,1
B010,2022-05-22 23:00:00,1,611T2300,0.06068056772,,,1,0,0
B010,2022-05-22 23:00:00,2,611E2360,0.1242356278,,79.47,1,0,1
B010,2022-05-23 00:00:00,0,611H7406,0.1236890288,,112.95,1,0,1
B010,2022-05-23 00:00:00,1,611T2300,0.06554524451,,,1,0,0
B010,2022-05-23 00:00:00,2,611E2360,0.1208456774,,79.48,1,0,1
B010,2022-05-23 01:00:00,0,611H7406,0.1659368414,,112.95,1,0,1
B010,2022-05-23 01:00:00,1,611T2300,0.1047537277,,,1,0,0
B010,2022-05-23 01:00:00,2,611E2360,0.246867182,,79.48,1,0,1
B010,2022-05-23 02:00:00,0,611H7406,0.04965448804,,112.95,1,0,1
B010,2022-05-23 02:00:00,1,611T2300,0.06068056772,,,1,0,0
B010,2022-05-23 02:00:00,2,611E2360,0.1208456774,,79.49,1,0,1
B010,2022-05-23 03:00:00,0,611H7406,0,,112.97,1,0,1
B010,2022-05-23 03:00:00,1,611T2300,0,,,1,0,0
B010,2022-05-23 03:00:00,2,611E2360,0.001785876766,,79.49,1,0,1
B010,2022-05-23 04:00:00,0,611H7406,0,,,1,0,0
B010,2022-05-23 04:00:00,1,611T2300,0,,,1,0,0
B010,2022-05-23 04:00:00,2,611E2360,0,,79.5,1,0,1
B010,2022-05-23 05:00:00,0,611H7406,0,,112.97,1,0,1
B010,2022-05-23 05:00:00,1,611T2300,0,,,1,0,0
B010,2022-05-23 05:00:00,2,611E2360,0,,79.5,1,0,1
B010,2022-05-23 06:00:00,0,611H7406,0,,112.95,1,0,1
B010,2022-05-23 06:00:00,1,611T2300,0,,,1,0,0
B010,2022-05-23 06:00:00,2,611E2360,0,,79.5,1,0,1
B010,2022-05-23 07:00:00,0,611H7406,1.7442353,,112.97,1,0,1
B010,2022-05-23 07:00:00,1,611T2300,0.891555002,,,1,0,0
B010,2022-05-23 07:00:00,2,611E2360,2.336929079,,79.5,1,0,1
B010,2022-05-23 08:00:00,0,611H7406,0,,112.97,1,0,1
B010,2022-05-23 08:00:00,1,611T2300,0,,,1,0,0
B010,2022-05-23 08:00:00,2,611E2360,0,,79.5,1,0,1
B010,2022-05-23 09:00:00,0,611H7406,0,,,1,0,0
B010,2022-05-23 09:00:00,1,611T2300,0,,,1,0,0
B010,2022-05-23 09:00:00,2,611E2360,0,,79.5,1,0,1
B010,2022-05-23 10:00:00,0,611H7406,0,,,1,0,0
B010,2022-05-23 10:00:00,1,611T2300,0,,,1,0,0
B010,2022-05-23 10:00:00,2,611E2360,0,,79.5,1,0,1
B010,2022-05-23 11:00:00,0,611H7406,0,,112.95,1,0,1
B010,2022-05-23 11:00:00,1,611T2300,0,,,1,0,0
B010,2022-05-23 11:00:00,2,611E2360,0,,79.49,1,0,1
B010,2022-05-23 12:00:00,0,611H7406,0,,112.97,1,0,1
B010,2022-05-23 12:00:00,1,611T2300,0,,,1,0,0
B010,2022-05-23 12:00:00,2,611E2360,0,,79.49,1,0,1
B010,2022-05-23 13:00:00,0,611H7406,0,,112.95,1,0,1
B010,2022-05-23 13:00:00,1,611T2300,0.03920848315,,,1,0,0
B010,2022-05-23 13:00:00,2,611E2360,0.1208456774,,79.48,1,0,1
B010,2022-05-23 14:00:00,0,611H7406,0,,112.97,1,0,1
B010,2022-05-23 14:00:00,1,611T2300,0,,,1,0,0
B010,2022-05-23 14:00:00,2,611E2360,0,,79.48,1,0,1
B010,2022-05-23 15:00:00,0,611H7406,0,,112.97,1,0,1
B010,2022-05-23 15:00:00,1,611T2300,0,,,1,0,0
B010,2022-05-23 15:00:00,2,611E2360,0,,79.49,1,0,1
B010,2022-05-23 16:00:00,0,611H7406,0,,,1,0,0
B010,2022-05-23 16:00:00,1,611T2300,0,,,1,0,0
B010,2022-05-23 16:00:00,2,611E2360,0,,79.48,1,0,1
B010,2022-05-23 17:00:00,0,611H7406,0,,112.98,1,0,1
B010,2022-05-23 17:00:00,1,611T2300,0,,,1,0,0
B010,2022-05-23 17:00:00,2,611E2360,0,,79.47,1,0,1
B010,2022-05-23 18:00:00,0,611H7406,0,,,1,0,0
B010,2022-05-23 18:00:00,1,611T2300,0,,,1,0,0
B010,2022-05-23 18:00:00,2,611E2360,0,,79.47,1,0,1
B010,2022-05-23 19:00:00,0,611H7406,0,,112.93,1,0,1
B010,2022-05-23 19:00:00,1,611T2300,0,,,1,0,0
B010,2022-05-23 19:00:00,2,611E2360,0,,79.46,1,0,1
B010,2022-05-23 20:00:00,0,611H7406,0,,,1,0,0
B010,2022-05-23 20:00:00,1,611T2300,0,,,1,0,0
B010,2022-05-23 20:00:00,2,611E2360,0,,79.46,1,0,1
B010,2022-05-23 21:00:00,0,611H7406,0,,112.93,1,0,1
B010,2022-05-23 21:00:00,1,611T2300,0,,,1,0,0
B010,2022-05-23 21:00:00,2,611E2360,0,,79.46,1,0,1
B010,2022-05-23 22:00:00,0,611H7406,0,,112.93,1,0,1
B010,2022-05-23 22:00:00,1,611T2300,0,,,1,0,0
B010,2022-05-23 22:00:00,2,611E2360,0.001604073712,,79.46,1,0,1
B010,2022-05-23 23:00:00,0,611H7406,0.04224781253,,112.93,1,0,1
B010,2022-05-23 23:00:00,1,611T2300,0.03681183515,,,1,0,0
B010,2022-05-23 23:00:00,2,611E2360,0,,79.46,1,0,1
B010,2022-05-24 00:00:00,0,611H7406,0.7229685552,,112.91,1,0,1
B010,2022-05-24 00:00:00,1,611T2300,0.1456845194,,,1,0,0
B010,2022-05-24 00:00:00,2,611E2360,0.2466853789,,79.45,1,0,1
B010,2022-05-24 01:00:00,0,611H7406,0.4777827381,,112.93,1,0,1
B010,2022-05-24 01:00:00,1,611T2300,0.3050537664,,,1,0,0
B010,2022-05-24 01:00:00,2,611E2360,0.7370297923,,79.45,1,0,1
B010,2022-05-24 02:00:00,0,611H7406,0.1733435169,,112.97,1,0,1
B010,2022-05-24 02:00:00,1,611T2300,0.1678309434,,,1,0,0
B010,2022-05-24 02:00:00,2,611E2360,0.4921302902,,79.45,1,0,1
B010,2022-05-24 03:00:00,0,611H7406,1.065303322,,112.97,1,0,1
B010,2022-05-24 03:00:00,1,611T2300,0.2695136836,,,1,0,0
B010,2022-05-24 03:00:00,2,611E2360,0.3757332279,,79.46,1,0,1
B010,2022-05-24 04:00:00,0,611H7406,1.16155789,,112.98,1,0,1
B010,2022-05-24 04:00:00,1,611T2300,0.4932318987,,,1,0,0
B010,2022-05-24 04:00:00,2,611E2360,0.7436278902,,79.47,1,0,1
B010,2022-05-24 05:00:00,0,611H7406,0.7630563415,,113.56,1,0,1
B010,2022-05-24 05:00:00,1,611T2300,0.505960859,,,1,0,0
B010,2022-05-24 05:00:00,2,611E2360,1.346252203,,79.5,1,0,1
B010,2022-05-24 06:00:00,0,611H7406,0.5052171996,,113.38,1,0,1
B010,2022-05-24 06:00:00,1,611T2300,0.2989214324,,,1,0,0
B010,2022-05-24 06:00:00,2,611E2360,0.7404197428,,79.53,1,0,1
B010,2022-05-24 07:00:00,0,611H7406,1.727349354,,113.57,1,0,1
B010,2022-05-24 07:00:00,1,611T2300,0.3180682498,,,1,0,0
B010,2022-05-24 07:00:00,2,611E2360,0.3777009077,,79.6,1,0,1
B010,2022-05-24 08:00:00,0,611H7406,0.8867453703,,113.55,1,0,1
B010,2022-05-24 08:00:00,1,611T2300,0.4906924892,,,1,0,0
B010,2022-05-24 08:00:00,2,611E2360,1.107950799,,79.67,1,0,1
B010,2022-05-24 09:00:00,0,611H7406,0.1310957043,,113.55,1,0,1
B010,2022-05-24 09:00:00,1,611T2300,0.2366613177,,,1,0,0
B010,2022-05-24 09:00:00,2,611E2360,0.246867182,,79.76,1,0,1
B010,2022-05-24 10:00:00,0,611H7406,0.4059082235,,113.57,1,0,1
B010,2022-05-24 10:00:00,1,611T2300,0.2927890984,,,1,0,0
B010,2022-05-24 10:00:00,2,611E2360,0.7268599409,,79.81,1,0,1
B010,2022-05-24 11:00:00,0,611H7406,0.8148708558,,113.57,1,0,1
B010,2022-05-24 11:00:00,1,611T2300,0.3631990197,,,1,0,0
B010,2022-05-24 11:00:00,2,611E2360,0.8594795434,,79.92,1,0,1
B010,2022-05-24 12:00:00,0,611H7406,0.4829971731,,,1,0,0
B010,2022-05-24 12:00:00,1,611T2300,0.07767124609,,,1,0,0
B010,2022-05-24 12:00:00,2,611E2360,0.2500753294,,,1,0,0
B010,2022-05-24 13:00:00,0,611H7406,0.705995178,,113.58,1,0,1
B010,2022-05-24 13:00:00,1,611T2300,0.2989928132,,,1,0,0
B010,2022-05-24 13:00:00,2,611E2360,0.5017547325,,79.93,1,0,1
B010,2022-05-24 14:00:00,0,611H7406,0.5126238751,,113.56,1,0,1
B010,2022-05-24 14:00:00,1,611T2300,0.2859783298,,,1,0,0
B010,2022-05-24 14:00:00,2,611E2360,0.8596613464,,79.94,1,0,1
B010,2022-05-24 15:00:00,0,611H7406,0.691181827,,113.56,1,0,1
B010,2022-05-24 15:00:00,1,611T2300,0.2168401609,,,1,0,0
B010,2022-05-24 15:00:00,2,611E2360,0.3727068835,,79.96,1,0,1
B010,2022-05-24 16:00:00,0,611H7406,0.6985885025,,113.56,1,0,1
B010,2022-05-24 16:00:00,1,611T2300,0.1670852232,,,1,0,0
B010,2022-05-24 16:00:00,2,611E2360,0.491584881,,79.97,1,0,1
B010,2022-05-24 17:00:00,0,611H7406,0.04965448804,,113.6,1,0,1
B010,2022-05-24 17:00:00,1,611T2300,0.06547386373,,,1,0,0
B010,2022-05-24 17:00:00,2,611E2360,0.3694987361,,79.99,1,0,1
B010,2022-05-24 18:00:00,0,611H7406,0,,113.58,1,0,1
B010,2022-05-24 18:00:00,1,611T2300,0.03681183515,,,1,0,0
B010,2022-05-24 18:00:00,2,611E2360,0.003389950478,,79.99,1,0,1
B010,2022-05-24 19:00:00,0,611H7406,0,,113.56,1,0,1
B010,2022-05-24 19:00:00,1,611T2300,0,,,1,0,0
B010,2022-05-24 19:00:00,2,611E2360,0,,79.99,1,0,1
B010,2022-05-24 20:00:00,0,611H7406,0,,113.56,1,0,1
B010,2022-05-24 20:00:00,1,611T2300,0,,,1,0,0
B010,2022-05-24 20:00:00,2,611E2360,0,,79.99,1,0,1
B010,2022-05-24 21:00:00,0,611H7406,0.007406675504,,113.58,1,0,1
B010,2022-05-24 21:00:00,1,611T2300,0.02147208457,,,1,0,0
B010,2022-05-24 21:00:00,2,611E2360,0,,79.98,1,0,1
B010,2022-05-24 22:00:00,0,611H7406,0,,113.56,1,0,1
B010,2022-05-24 22:00:00,1,611T2300,0,,,1,0,0
B010,2022-05-24 22:00:00,2,611E2360,0,,79.95,1,0,1
B010,2022-05-24 23:00:00,0,611H7406,0,,113.56,1,0,1
B010,2022-05-24 23:00:00,1,611T2300,0,,,1,0,0
B010,2022-05-24 23:00:00,2,611E2360,0,,79.92,1,0,1
B010,2022-05-25 00:00:00,0,611H7406,0,,113.58,1,0,1
B010,2022-05-25 00:00:00,1,611T2300,0,,,1,0,0
B010,2022-05-25 00:00:00,2,611E2360,0,,79.91,1,0,1
B010,2022-05-25 01:00:00,0,611H7406,0,,113.58,1,0,1
B010,2022-05-25 01:00:00,1,611T2300,0,,,1,0,0
B010,2022-05-25 01:00:00,2,611E2360,0,,79.88,1,0,1
B010,2022-05-25 02:00:00,0,611H7406,0,,113.56,1,0,1
B010,2022-05-25 02:00:00,1,611T2300,0,,,1,0,0
B010,2022-05-25 02:00:00,2,611E2360,0,,79.86,1,0,1
B010,2022-05-25 03:00:00,0,611H7406,0,,113.55,1,0,1
B010,2022-05-25 03:00:00,1,611T2300,0.002396648001,,,1,0,0
B010,2022-05-25 03:00:00,2,611E2360,0.1208456774,,79.83,1,0,1
B010,2022-05-25 04:00:00,0,611H7406,0,,113.38,1,0,1
B010,2022-05-25 04:00:00,1,611T2300,0,,,1,0,0
B010,2022-05-25 04:00:00,2,611E2360,0,,79.82,1,0,1
B010,2022-05-25 05:00:00,0,611H7406,0,,113.38,1,0,1
B010,2022-05-25 05:00:00,1,611T2300,0,,,1,0,0
B010,2022-05-25 05:00:00,2,611E2360,0,,79.79,1,0,1
B010,2022-05-25 06:00:00,0,611H7406,0,,113.36,1,0,1
B010,2022-05-25 06:00:00,1,611T2300,0,,,1,0,0
B010,2022-05-25 06:00:00,2,611E2360,0,,79.77,1,0,1
B010,2022-05-25 07:00:00,0,611H7406,5.072965307,,113.36,1,0,1
B010,2022-05-25 07:00:00,1,611T2300,1.890429508,,,1,0,0
B010,2022-05-25 07:00:00,2,611E2360,5.910675002,,79.77,1,0,1
B010,2022-05-25 08:00:00,0,611H7406,0,,113.58,1,0,1
B010,2022-05-25 08:00:00,1,611T2300,0,,,1,0,0
B010,2022-05-25 08:00:00,2,611E2360,0,,79.75,1,0,1
B010,2022-05-25 09:00:00,0,611H7406,0,,113.58,1,0,1
B010,2022-05-25 09:00:00,1,611T2300,0,,,1,0,0
B010,2022-05-25 09:00:00,2,611E2360,0,,79.74,1,0,1
B010,2022-05-25 10:00:00,0,611H7406,0,,113.56,1,0,1
B010,2022-05-25 10:00:00,1,611T2300,0,,,1,0,0
B010,2022-05-25 10:00:00,2,611E2360,0,,79.73,1,0,1
B010,2022-05-25 11:00:00,0,611H7406,0,,113.56,1,0,1
B010,2022-05-25 11:00:00,1,611T2300,0,,,1,0,0
B010,2022-05-25 11:00:00,2,611E2360,0,,79.72,1,0,1
B010,2022-05-25 12:00:00,0,611H7406,0,,113.56,1,0,1
B010,2022-05-25 12:00:00,1,611T2300,0,,,1,0,0
B010,2022-05-25 12:00:00,2,611E2360,0,,79.72,1,0,1
B010,2022-05-25 13:00:00,0,611H7406,0,,,1,0,0
B010,2022-05-25 13:00:00,1,611T2300,0,,,1,0,0
B010,2022-05-25 13:00:00,2,611E2360,0,,79.7,1,0,1
B010,2022-05-25 14:00:00,0,611H7406,0,,,1,0,0
B010,2022-05-25 14:00:00,1,611T2300,0,,,1,0,0
B010,2022-05-25 14:00:00,2,611E2360,0,,79.69,1,0,1
B010,2022-05-25 15:00:00,0,611H7406,0,,113.56,1,0,1
B010,2022-05-25 15:00:00,1,611T2300,0,,,1,0,0
B010,2022-05-25 15:00:00,2,611E2360,0,,79.69,1,0,1
B010,2022-05-25 16:00:00,0,611H7406,0,,113.58,1,0,1
B010,2022-05-25 16:00:00,1,611T2300,0,,,1,0,0
B010,2022-05-25 16:00:00,2,611E2360,0,,79.68,1,0,1
B010,2022-05-25 17:00:00,0,611H7406,0,,112.95,1,0,1
B010,2022-05-25 17:00:00,1,611T2300,0,,,1,0,0
B010,2022-05-25 17:00:00,2,611E2360,0,,79.67,1,0,1
B010,2022-05-25 18:00:00,0,611H7406,0,,112.95,1,0,1
B010,2022-05-25 18:00:00,1,611T2300,0,,,1,0,0
B010,2022-05-25 18:00:00,2,611E2360,0,,79.66,1,0,1
B010,2022-05-25 19:00:00,0,611H7406,0,,112.95,1,0,1
B010,2022-05-25 19:00:00,1,611T2300,0,,,1,0,0
B010,2022-05-25 19:00:00,2,611E2360,0,,79.66,1,0,1
B010,2022-05-25 20:00:00,0,611H7406,0,,112.95,1,0,1
B010,2022-05-25 20:00:00,1,611T2300,0,,,1,0,0
B010,2022-05-25 20:00:00,2,611E2360,0,,79.66,1,0,1
B010,2022-05-25 21:00:00,0,611H7406,0,,112.97,1,0,1
B010,2022-05-25 21:00:00,1,611T2300,0,,,1,0,0
B010,2022-05-25 21:00:00,2,611E2360,0,,79.65,1,0,1
B010,2022-05-25 22:00:00,0,611H7406,0.1162823533,,112.97,1,0,1
B010,2022-05-25 22:00:00,1,611T2300,0.004864676789,,,1,0,0
B010,2022-05-25 22:00:00,2,611E2360,0,,79.64,1,0,1
B010,2022-05-25 23:00:00,0,611H7406,0.3170603317,,112.97,1,0,1
B010,2022-05-25 23:00:00,1,611T2300,0.08574967188,,,1,0,0
B010,2022-05-25 23:00:00,2,611E2360,0.1208456774,,79.64,1,0,1
B010,2022-05-26 00:00:00,0,611H7406,0.5348439016,,112.97,1,0,1
B010,2022-05-26 00:00:00,1,611T2300,0.2623910252,,,1,0,0
B010,2022-05-26 00:00:00,2,611E2360,0.129047849,,79.62,1,0,1
B010,2022-05-26 01:00:00,0,611H7406,0.3815281708,,112.95,1,0,1
B010,2022-05-26 01:00:00,1,611T2300,0.2974132662,,,1,0,0
B010,2022-05-26 01:00:00,2,611E2360,0.1308337257,,79.62,1,0,1
B010,2022-05-26 02:00:00,0,611H7406,4.23467321,,113.35,1,0,1
B010,2022-05-26 02:00:00,1,611T2300,1.644653069,,,1,0,0
B010,2022-05-26 02:00:00,2,611E2360,1.067009509,,79.61,1,0,1
B010,2022-05-26 03:00:00,0,611H7406,1.812716359,,113.75,1,0,1
B010,2022-05-26 03:00:00,1,611T2300,1.839258228,,,1,0,0
B010,2022-05-26 03:00:00,2,611E2360,5.729355625,,79.62,1,0,1
B010,2022-05-26 04:00:00,0,611H7406,0.2229980049,,114.22,1,0,1
B010,2022-05-26 04:00:00,1,611T2300,0.23483934,,,1,0,0
B010,2022-05-26 04:00:00,2,611E2360,2.79355579,,79.74,1,0,1
B010,2022-05-26 05:00:00,0,611H7406,0.1162823533,,113.8,1,0,1
B010,2022-05-26 05:00:00,1,611T2300,0.01445126879,,,1,0,0
B010,2022-05-26 05:00:00,2,611E2360,0.4849867831,,79.96,1,0,1
B010,2022-05-26 06:00:00,0,611H7406,0.007406675504,,113.59,1,0,1
B010,2022-05-26 06:00:00,1,611T2300,0.06307721572,,,1,0,0
B010,2022-05-26 06:00:00,2,611E2360,0.2450813052,,80.3,1,0,1
B010,2022-05-26 07:00:00,0,611H7406,6.665673641,,113.6,1,0,1
B010,2022-05-26 07:00:00,1,611T2300,3.158372687,,,1,0,0
B010,2022-05-26 07:00:00,2,611E2360,10.6132083,,80.47,1,0,1
B010,2022-05-26 08:00:00,0,611H7406,0.04224781253,,113.62,1,0,1
B010,2022-05-26 08:00:00,1,611T2300,0,,,1,0,0
B010,2022-05-26 08:00:00,2,611E2360,0,,80.47,1,0,1
B010,2022-05-26 09:00:00,0,611H7406,0,,113.6,1,0,1
B010,2022-05-26 09:00:00,1,611T2300,0,,,1,0,0
B010,2022-05-26 09:00:00,2,611E2360,0,,80.38,1,0,1
B010,2022-05-26 10:00:00,0,611H7406,0,,113.56,1,0,1
B010,2022-05-26 10:00:00,1,611T2300,0,,,1,0,0
B010,2022-05-26 10:00:00,2,611E2360,0,,80.33,1,0,1
B010,2022-05-26 11:00:00,0,611H7406,0,,,1,0,0
B010,2022-05-26 11:00:00,1,611T2300,0,,,1,0,0
B010,2022-05-26 11:00:00,2,611E2360,0,,80.22,1,0,1
B010,2022-05-26 12:00:00,0,611H7406,0,,,1,0,0
B010,2022-05-26 12:00:00,1,611T2300,0,,,1,0,0
B010,2022-05-26 12:00:00,2,611E2360,0,,80.2,1,0,1
B010,2022-05-26 13:00:00,0,611H7406,0,,113.58,1,0,1
B010,2022-05-26 13:00:00,1,611T2300,0,,,1,0,0
B010,2022-05-26 13:00:00,2,611E2360,0,,80.16,1,0,1
B010,2022-05-26 14:00:00,0,611H7406,0.1162823533,,113.56,1,0,1
B010,2022-05-26 14:00:00,1,611T2300,0.004864676789,,,1,0,0
B010,2022-05-26 14:00:00,2,611E2360,0,,80.11,1,0,1
B010,2022-05-26 15:00:00,0,611H7406,0.04224781253,,,1,0,0
B010,2022-05-26 15:00:00,1,611T2300,0,,,1,0,0
B010,2022-05-26 15:00:00,2,611E2360,0.001604073712,,80.08,1,0,1
B010,2022-05-26 16:00:00,0,611H7406,0,,113.56,1,0,1
B010,2022-05-26 16:00:00,1,611T2300,0,,,1,0,0
B010,2022-05-26 16:00:00,2,611E2360,0,,80.05,1,0,1
B010,2022-05-26 17:00:00,0,611H7406,0,,,1,0,0
B010,2022-05-26 17:00:00,1,611T2300,0,,,1,0,0
B010,2022-05-26 17:00:00,2,611E2360,0,,80.02,1,0,1
B010,2022-05-26 18:00:00,0,611H7406,0,,113.55,1,0,1
B010,2022-05-26 18:00:00,1,611T2300,0,,,1,0,0
B010,2022-05-26 18:00:00,2,611E2360,0,,79.99,1,0,1
B010,2022-05-26 19:00:00,0,611H7406,0,,113.55,1,0,1
B010,2022-05-26 19:00:00,1,611T2300,0,,,1,0,0
B010,2022-05-26 19:00:00,2,611E2360,0,,79.98,1,0,1
B010,2022-05-26 20:00:00,0,611H7406,0,,113.57,1,0,1
B010,2022-05-26 20:00:00,1,611T2300,0,,,1,0,0
B010,2022-05-26 20:00:00,2,611E2360,0,,79.96,1,0,1
B010,2022-05-26 21:00:00,0,611H7406,0,,,1,0,0
B010,2022-05-26 21:00:00,1,611T2300,0,,,1,0,0
B010,2022-05-26 21:00:00,2,611E2360,0,,79.93,1,0,1
B010,2022-05-26 22:00:00,0,611H7406,0,,113.57,1,0,1
B010,2022-05-26 22:00:00,1,611T2300,0,,,1,0,0
B010,2022-05-26 22:00:00,2,611E2360,0,,79.93,1,0,1
B010,2022-05-26 23:00:00,0,611H7406,0,,113.42,1,0,1
B010,2022-05-26 23:00:00,1,611T2300,0,,,1,0,0
B010,2022-05-26 23:00:00,2,611E2360,0,,79.91,1,0,1
B010,2022-05-27 00:00:00,0,611H7406,0,,113.29,1,0,1
B010,2022-05-27 00:00:00,1,611T2300,0,,,1,0,0
B010,2022-05-27 00:00:00,2,611E2360,0,,79.9,1,0,1
B010,2022-05-27 01:00:00,0,611H7406,0,,113.4,1,0,1
B010,2022-05-27 01:00:00,1,611T2300,0,,,1,0,0
B010,2022-05-27 01:00:00,2,611E2360,0,,79.89,1,0,1
B010,2022-05-27 02:00:00,0,611H7406,0,,113.4,1,0,1
B010,2022-05-27 02:00:00,1,611T2300,0,,,1,0,0
B010,2022-05-27 02:00:00,2,611E2360,0,,79.85,1,0,1
B010,2022-05-27 03:00:00,0,611H7406,0,,113.3,1,0,1
B010,2022-05-27 03:00:00,1,611T2300,0,,,1,0,0
B010,2022-05-27 03:00:00,2,611E2360,0,,,1,0,0
B010,2022-05-27 04:00:00,0,611H7406,0,,113.39,1,0,1
B010,2022-05-27 04:00:00,1,611T2300,0,,,1,0,0
B010,2022-05-27 04:00:00,2,611E2360,0,,79.84,1,0,1
B010,2022-05-27 05:00:00,0,611H7406,0,,113.39,1,0,1
B010,2022-05-27 05:00:00,1,611T2300,0,,,1,0,0
B010,2022-05-27 05:00:00,2,611E2360,0,,79.83,1,0,1
B010,2022-05-27 06:00:00,0,611H7406,0,,113.39,1,0,1
B010,2022-05-27 06:00:00,1,611T2300,0,,,1,0,0
B010,2022-05-27 06:00:00,2,611E2360,0,,79.82,1,0,1
B010,2022-05-27 07:00:00,0,611H7406,0.1585301659,,113.38,1,0,1
B010,2022-05-27 07:00:00,1,611T2300,0.004864676789,,,1,0,0
B010,2022-05-27 07:00:00,2,611E2360,0.001604073712,,79.81,1,0,1
B010,2022-05-27 08:00:00,0,611H7406,0.1659368414,,113.38,1,0,1
B010,2022-05-27 08:00:00,1,611T2300,0.06314859651,,,1,0,0
B010,2022-05-27 08:00:00,2,611E2360,0.003389950478,,79.8,1,0,1
B010,2022-05-27 09:00:00,0,611H7406,0.04965448804,,113.38,1,0,1
B010,2022-05-27 09:00:00,1,611T2300,0.02386873257,,,1,0,0
B010,2022-05-27 09:00:00,2,611E2360,0.1208456774,,79.79,1,0,1
B010,2022-05-27 10:00:00,0,611H7406,0,,113.38,1,0,1
B010,2022-05-27 10:00:00,1,611T2300,0,,,1,0,0
B010,2022-05-27 10:00:00,2,611E2360,0,,79.79,1,0,1
B010,2022-05-27 11:00:00,0,611H7406,0.007406675504,,113.38,1,0,1
B010,2022-05-27 11:00:00,1,611T2300,0.1070789949,,,1,0,0
B010,2022-05-27 11:00:00,2,611E2360,0.6111900908,,79.78,1,0,1
B010,2022-05-27 12:00:00,0,611H7406,0.5052171996,,113.37,1,0,1
B010,2022-05-27 12:00:00,1,611T2300,0.2965247844,,,1,0,0
B010,2022-05-27 12:00:00,2,611E2360,0.6211781392,,79.77,1,0,1
B010,2022-05-27 13:00:00,0,611H7406,0.2896258702,,113.37,1,0,1
B010,2022-05-27 13:00:00,1,611T2300,0.138280433,,,1,0,0
B010,2022-05-27 13:00:00,2,611E2360,0.6177881887,,79.77,1,0,1
B010,2022-05-27 14:00:00,0,611H7406,0.6637473654,,113.3,1,0,1
B010,2022-05-27 14:00:00,1,611T2300,0.1813673637,,,1,0,0
B010,2022-05-27 14:00:00,2,611E2360,0.1322559964,,79.77,1,0,1
B010,2022-05-27 15:00:00,0,611H7406,0.4037481973,,113.58,1,0,1
B010,2022-05-27 15:00:00,1,611T2300,0.2561873105,,,1,0,0
B010,2022-05-27 15:00:00,2,611E2360,0.3743109572,,79.77,1,0,1
B010,2022-05-27 16:00:00,0,611H7406,0.1659368414,,113.56,1,0,1
B010,2022-05-27 16:00:00,1,611T2300,0.2615876603,,,1,0,0
B010,2022-05-27 16:00:00,2,611E2360,0.7318539651,,79.78,1,0,1
B010,2022-05-27 17:00:00,0,611H7406,0.1807501924,,113.56,1,0,1
B010,2022-05-27 17:00:00,1,611T2300,0.1204726537,,,1,0,0
B010,2022-05-27 17:00:00,2,611E2360,0.7370297923,,79.79,1,0,1
B010,2022-05-27 18:00:00,0,611H7406,0,,113.56,1,0,1
B010,2022-05-27 18:00:00,1,611T2300,0,,,1,0,0
B010,2022-05-27 18:00:00,2,611E2360,0,,79.79,1,0,1
B010,2022-05-27 19:00:00,0,611H7406,0,,,1,0,0
B010,2022-05-27 19:00:00,1,611T2300,0,,,1,0,0
B010,2022-05-27 19:00:00,2,611E2360,0,,79.81,1,0,1
B010,2022-05-27 20:00:00,0,611H7406,0,,113.56,1,0,1
B010,2022-05-27 20:00:00,1,611T2300,0,,,1,0,0
B010,2022-05-27 20:00:00,2,611E2360,0,,79.82,1,0,1
B010,2022-05-27 21:00:00,0,611H7406,0,,113.58,1,0,1
B010,2022-05-27 21:00:00,1,611T2300,0,,,1,0,0
B010,2022-05-27 21:00:00,2,611E2360,0,,79.83,1,0,1
B010,2022-05-27 22:00:00,0,611H7406,0,,113.28,1,0,1
B010,2022-05-27 22:00:00,1,611T2300,0,,,1,0,0
B010,2022-05-27 22:00:00,2,611E2360,0,,79.84,1,0,1
B010,2022-05-27 23:00:00,0,611H7406,0,,113.28,1,0,1
B010,2022-05-27 23:00:00,1,611T2300,0,,,1,0,0
B010,2022-05-27 23:00:00,2,611E2360,0,,79.85,1,0,1
B010,2022-05-28 00:00:00,0,611H7406,0,,113.28,1,0,1
B010,2022-05-28 00:00:00,1,611T2300,0,,,1,0,0
B010,2022-05-28 00:00:00,2,611E2360,0,,79.85,1,0,1
B010,2022-05-28 01:00:00,0,611H7406,0.04224781253,,113.39,1,0,1
B010,2022-05-28 01:00:00,1,611T2300,0.03681183515,,,1,0,0
B010,2022-05-28 01:00:00,2,611E2360,0,,79.85,1,0,1
B010,2022-05-28 02:00:00,0,611H7406,0.1162823533,,113.39,1,0,1
B010,2022-05-28 02:00:00,1,611T2300,0.004864676789,,,1,0,0
B010,2022-05-28 02:00:00,2,611E2360,0.001604073712,,79.85,1,0,1
B010,2022-05-28 03:00:00,0,611H7406,0,,,1,0,0
B010,2022-05-28 03:00:00,1,611T2300,0,,,1,0,0
B010,2022-05-28 03:00:00,2,611E2360,0,,79.85,1,0,1
B010,2022-05-28 04:00:00,0,611H7406,0,,,1,0,0
B010,2022-05-28 04:00:00,1,611T2300,0,,,1,0,0
B010,2022-05-28 04:00:00,2,611E2360,0,,79.83,1,0,1
B010,2022-05-28 05:00:00,0,611H7406,0,,113.38,1,0,1
B010,2022-05-28 05:00:00,1,611T2300,0,,,1,0,0
B010,2022-05-28 05:00:00,2,611E2360,0,,79.83,1,0,1
B010,2022-05-28 06:00:00,0,611H7406,0,,,1,0,0
B010,2022-05-28 06:00:00,1,611T2300,0,,,1,0,0
B010,2022-05-28 06:00:00,2,611E2360,0,,,1,0,0
B010,2022-05-28 07:00:00,0,611H7406,2.377952488,,113.35,1,0,1
B010,2022-05-28 07:00:00,1,611T2300,0.9963350964,,,1,0,0
B010,2022-05-28 07:00:00,2,611E2360,3.951446831,,79.82,1,0,1
B010,2022-05-28 08:00:00,0,611H7406,0,,,1,0,0
B010,2022-05-28 08:00:00,1,611T2300,0,,,1,0,0
B010,2022-05-28 08:00:00,2,611E2360,0,,79.82,1,0,1
B010,2022-05-28 09:00:00,0,611H7406,0,,113.35,1,0,1
B010,2022-05-28 09:00:00,1,611T2300,0,,,1,0,0
B010,2022-05-28 09:00:00,2,611E2360,0,,79.81,1,0,1
B010,2022-05-28 10:00:00,0,611H7406,0,,113.55,1,0,1
B010,2022-05-28 10:00:00,1,611T2300,0,,,1,0,0
B010,2022-05-28 10:00:00,2,611E2360,0,,79.8,1,0,1
B010,2022-05-28 11:00:00,0,611H7406,0,,113.53,1,0,1
B010,2022-05-28 11:00:00,1,611T2300,0,,,1,0,0
B010,2022-05-28 11:00:00,2,611E2360,0,,79.79,1,0,1
B010,2022-05-28 12:00:00,0,611H7406,0,,113.53,1,0,1
B010,2022-05-28 12:00:00,1,611T2300,0,,,1,0,0
B010,2022-05-28 12:00:00,2,611E2360,0,,,1,0,0
B010,2022-05-28 13:00:00,0,611H7406,0,,113.53,1,0,1
B010,2022-05-28 13:00:00,1,611T2300,0,,,1,0,0
B010,2022-05-28 13:00:00,2,611E2360,0,,79.78,1,0,1
B010,2022-05-28 14:00:00,0,611H7406,0,,113.53,1,0,1
B010,2022-05-28 14:00:00,1,611T2300,0,,,1,0,0
B010,2022-05-28 14:00:00,2,611E2360,0,,79.77,1,0,1
B010,2022-05-28 15:00:00,0,611H7406,0,,113.53,1,0,1
B010,2022-05-28 15:00:00,1,611T2300,0,,,1,0,0
B010,2022-05-28 15:00:00,2,611E2360,0,,79.77,1,0,1
B010,2022-05-28 16:00:00,0,611H7406,0,,113.55,1,0,1
B010,2022-05-28 16:00:00,1,611T2300,0,,,1,0,0
B010,2022-05-28 16:00:00,2,611E2360,0,,79.76,1,0,1
B010,2022-06-01 19:00:00,0,611H7406,0,,,1,0,0
B010,2022-06-01 19:00:00,1,611T2300,0,,,1,0,0
B010,2022-06-01 19:00:00,2,611E2360,0,,79.64,1,0,1
B010,2022-06-01 20:00:00,0,611H7406,0,,113.56,1,0,1
B010,2022-06-01 20:00:00,1,611T2300,0,,,1,0,0
B010,2022-06-01 20:00:00,2,611E2360,0,,79.63,1,0,1
B010,2022-06-01 21:00:00,0,611H7406,0,,,1,0,0
B010,2022-06-01 21:00:00,1,611T2300,0,,,1,0,0
B010,2022-06-01 21:00:00,2,611E2360,0,,79.62,1,0,1
B010,2022-06-01 22:00:00,0,611H7406,0,,,1,0,0
B010,2022-06-01 22:00:00,1,611T2300,0,,,1,0,0
B010,2022-06-01 22:00:00,2,611E2360,0,,79.62,1,0,1
B010,2022-06-01 23:00:00,0,611H7406,0,,113.56,1,0,1
B010,2022-06-01 23:00:00,1,611T2300,0,,,1,0,0
B010,2022-06-01 23:00:00,2,611E2360,0,,79.62,1,0,1
B010,2022-06-02 00:00:00,0,611H7406,0,,113.56,1,0,1
B010,2022-06-02 00:00:00,1,611T2300,0,,,1,0,0
B010,2022-06-02 00:00:00,2,611E2360,0,,79.64,1,0,1
B010,2022-06-02 01:00:00,0,611H7406,0,,113.58,1,0,1
B010,2022-06-02 01:00:00,1,611T2300,0,,,1,0,0
B010,2022-06-02 01:00:00,2,611E2360,0,,,1,0,0
B010,2022-06-02 02:00:00,0,611H7406,0,,113.58,1,0,1
B010,2022-06-02 02:00:00,1,611T2300,0,,,1,0,0
B010,2022-06-02 02:00:00,2,611E2360,0,,79.64,1,0,1
B010,2022-06-02 03:00:00,0,611H7406,0,,113.58,1,0,1
B010,2022-06-02 03:00:00,1,611T2300,0,,,1,0,0
B010,2022-06-02 03:00:00,2,611E2360,0,,79.64,1,0,1
B010,2022-06-02 04:00:00,0,611H7406,0,,113.58,1,0,1
B010,2022-06-02 04:00:00,1,611T2300,0,,,1,0,0
B010,2022-06-02 04:00:00,2,611E2360,0,,79.64,1,0,1
B010,2022-06-02 05:00:00,0,611H7406,0.1162823533,,113.58,1,0,1
B010,2022-06-02 05:00:00,1,611T2300,0.004864676789,,,1,0,0
B010,2022-06-02 05:00:00,2,611E2360,0,,79.64,1,0,1
B010,2022-06-02 06:00:00,0,611H7406,0.04965448804,,113.58,1,0,1
B010,2022-06-02 06:00:00,1,611T2300,0.05828391972,,,1,0,0
B010,2022-06-02 06:00:00,2,611E2360,0.001604073712,,79.64,1,0,1
B010,2022-06-02 07:00:00,0,611H7406,0.1585301659,,,1,0,0
B010,2022-06-02 07:00:00,1,611T2300,0.08088499509,,,1,0,0
B010,2022-06-02 07:00:00,2,611E2360,0.1224497511,,79.63,1,0,1
B010,2022-06-02 08:00:00,0,611H7406,0,,112.95,1,0,1
B010,2022-06-02 08:00:00,1,611T2300,0,,,1,0,0
B010,2022-06-02 08:00:00,2,611E2360,0,,79.63,1,0,1
B010,2022-06-02 09:00:00,0,611H7406,0,,112.95,1,0,1
B010,2022-06-02 09:00:00,1,611T2300,0,,,1,0,0
B010,2022-06-02 09:00:00,2,611E2360,0,,79.6,1,0,1
B010,2022-06-02 10:00:00,0,611H7406,0,,112.95,1,0,1
B010,2022-06-02 10:00:00,1,611T2300,0,,,1,0,0
B010,2022-06-02 10:00:00,2,611E2360,0,,79.59,1,0,1
B010,2022-06-02 11:00:00,0,611H7406,0,,112.95,1,0,1
B010,2022-06-02 11:00:00,1,611T2300,0,,,1,0,0
B010,2022-06-02 11:00:00,2,611E2360,0,,79.59,1,0,1
B010,2022-06-02 12:00:00,0,611H7406,0,,112.95,1,0,1
B010,2022-06-02 12:00:00,1,611T2300,0,,,1,0,0
B010,2022-06-02 12:00:00,2,611E2360,0,,79.58,1,0,1
B010,2022-06-02 13:00:00,0,611H7406,0,,112.95,1,0,1
B010,2022-06-02 13:00:00,1,611T2300,0,,,1,0,0
B010,2022-06-02 13:00:00,2,611E2360,0,,79.58,1,0,1
B010,2022-06-02 14:00:00,0,611H7406,0,,112.97,1,0,1
B010,2022-06-02 14:00:00,1,611T2300,0,,,1,0,0
B010,2022-06-02 14:00:00,2,611E2360,0,,79.58,1,0,1
B010,2022-06-02 15:00:00,0,611H7406,0,,112.97,1,0,1
B010,2022-06-02 15:00:00,1,611T2300,0,,,1,0,0
B010,2022-06-02 15:00:00,2,611E2360,0,,79.58,1,0,1
B010,2022-06-02 16:00:00,0,611H7406,0.04224781253,,112.97,1,0,1
B010,2022-06-02 16:00:00,1,611T2300,0,,,1,0,0
B010,2022-06-02 16:00:00,2,611E2360,0,,79.57,1,0,1
B010,2022-06-02 17:00:00,0,611H7406,0,,112.97,1,0,1
B010,2022-06-02 17:00:00,1,611T2300,0,,,1,0,0
B010,2022-06-02 17:00:00,2,611E2360,0,,79.57,1,0,1
B010,2022-06-02 18:00:00,0,611H7406,0.04224781253,,112.97,1,0,1
B010,2022-06-02 18:00:00,1,611T2300,0,,,1,0,0
B010,2022-06-02 18:00:00,2,611E2360,0,,79.57,1,0,1
B010,2022-06-02 19:00:00,0,611H7406,0,,112.97,1,0,1
B010,2022-06-02 19:00:00,1,611T2300,0,,,1,0,0
B010,2022-06-02 19:00:00,2,611E2360,0,,79.56,1,0,1
B010,2022-06-02 20:00:00,0,611H7406,0,,,1,0,0
B010,2022-06-02 20:00:00,1,611T2300,0,,,1,0,0
B010,2022-06-02 20:00:00,2,611E2360,0,,79.57,1,0,1
B010,2022-06-02 21:00:00,0,611H7406,0,,,1,0,0
B010,2022-06-02 21:00:00,1,611T2300,0,,,1,0,0
B010,2022-06-02 21:00:00,2,611E2360,0,,79.56,1,0,1
B010,2022-06-02 22:00:00,0,611H7406,0,,,1,0,0
B010,2022-06-02 22:00:00,1,611T2300,0,,,1,0,0
B010,2022-06-02 22:00:00,2,611E2360,0,,79.56,1,0,1
B010,2022-06-02 23:00:00,0,611H7406,0,,,1,0,0
B010,2022-06-02 23:00:00,1,611T2300,0,,,1,0,0
B010,2022-06-02 23:00:00,2,611E2360,0,,79.56,1,0,1
B010,2022-06-03 00:00:00,0,611H7406,0,,112.97,1,0,1
B010,2022-06-03 00:00:00,1,611T2300,0,,,1,0,0
B010,2022-06-03 00:00:00,2,611E2360,0,,79.57,1,0,1
B010,2022-06-03 01:00:00,0,611H7406,0,,,1,0,0
B010,2022-06-03 01:00:00,1,611T2300,0,,,1,0,0
B010,2022-06-03 01:00:00,2,611E2360,0,,79.6,1,0,1
B010,2022-06-03 02:00:00,0,611H7406,0,,112.97,1,0,1
B010,2022-06-03 02:00:00,1,611T2300,0,,,1,0,0
B010,2022-06-03 02:00:00,2,611E2360,0,,79.6,1,0,1
B010,2022-06-03 03:00:00,0,611H7406,0.04224781253,,,1,0,0
B010,2022-06-03 03:00:00,1,611T2300,0,,,1,0,0
B010,2022-06-03 03:00:00,2,611E2360,0,,79.6,1,0,1
B010,2022-06-03 04:00:00,0,611H7406,0.1162823533,,,1,0,0
B010,2022-06-03 04:00:00,1,611T2300,0.004864676789,,,1,0,0
B010,2022-06-03 04:00:00,2,611E2360,0,,79.6,1,0,1
B010,2022-06-03 05:00:00,0,611H7406,0,,,1,0,0
B010,2022-06-03 05:00:00,1,611T2300,0,,,1,0,0
B010,2022-06-03 05:00:00,2,611E2360,0,,79.6,1,0,1
B010,2022-06-03 06:00:00,0,611H7406,0.322306981,,112.97,1,0,1
B010,2022-06-03 06:00:00,1,611T2300,0.4067197808,,,1,0,0
B010,2022-06-03 06:00:00,2,611E2360,0.001604073712,,79.6,1,0,1
B010,2022-06-03 07:00:00,0,611H7406,0.4207215745,,112.97,1,0,1
B010,2022-06-03 07:00:00,1,611T2300,0.7678886974,,,1,0,0
B010,2022-06-03 07:00:00,2,611E2360,0.2481076496,,79.6,1,0,1
B010,2022-06-03 08:00:00,0,611H7406,0,,113.55,1,0,1
B010,2022-06-03 08:00:00,1,611T2300,0,,,1,0,0
B010,2022-06-03 08:00:00,2,611E2360,0,,79.6,1,0,1
B010,2022-06-03 09:00:00,0,611H7406,0,,,1,0,0
B010,2022-06-03 09:00:00,1,611T2300,0,,,1,0,0
B010,2022-06-03 09:00:00,2,611E2360,0,,79.55,1,0,1
B010,2022-06-03 10:00:00,0,611H7406,0,,113.35,1,0,1
B010,2022-06-03 10:00:00,1,611T2300,0,,,1,0,0
B010,2022-06-03 10:00:00,2,611E2360,0,,79.56,1,0,1
B010,2022-06-03 11:00:00,0,611H7406,0,,113.55,1,0,1
B010,2022-06-03 11:00:00,1,611T2300,0,,,1,0,0
B010,2022-06-03 11:00:00,2,611E2360,0,,79.56,1,0,1
B010,2022-06-03 12:00:00,0,611H7406,0,,113.57,1,0,1
B010,2022-06-03 12:00:00,1,611T2300,0,,,1,0,0
B010,2022-06-03 12:00:00,2,611E2360,0,,79.58,1,0,1
B010,2022-06-03 13:00:00,0,611H7406,0,,,1,0,0
B010,2022-06-03 13:00:00,1,611T2300,0,,,1,0,0
B010,2022-06-03 13:00:00,2,611E2360,0,,79.58,1,0,1
B010,2022-06-03 14:00:00,0,611H7406,0,,,1,0,0
B010,2022-06-03 14:00:00,1,611T2300,0,,,1,0,0
B010,2022-06-03 14:00:00,2,611E2360,0,,79.58,1,0,1
B010,2022-06-03 15:00:00,0,611H7406,0,,112.95,1,0,1
B010,2022-06-03 15:00:00,1,611T2300,0,,,1,0,0
B010,2022-06-03 15:00:00,2,611E2360,0,,79.58,1,0,1
B010,2022-06-03 16:00:00,0,611H7406,0,,112.95,1,0,1
B010,2022-06-03 16:00:00,1,611T2300,0,,,1,0,0
B010,2022-06-03 16:00:00,2,611E2360,0,,79.59,1,0,1
B010,2022-06-03 17:00:00,0,611H7406,0,,112.95,1,0,1
B010,2022-06-03 17:00:00,1,611T2300,0,,,1,0,0
B010,2022-06-03 17:00:00,2,611E2360,0,,79.57,1,0,1
B010,2022-06-03 18:00:00,0,611H7406,0,,112.95,1,0,1
B010,2022-06-03 18:00:00,1,611T2300,0,,,1,0,0
B010,2022-06-03 18:00:00,2,611E2360,0,,79.58,1,0,1
B010,2022-06-03 19:00:00,0,611H7406,0.6369740933,,113.57,1,0,1
B010,2022-06-03 19:00:00,1,611T2300,2.3987768,,,1,0,0
B010,2022-06-03 19:00:00,2,611E2360,0.08198956237,,79.56,1,0,1
B010,2022-06-03 20:00:00,0,611H7406,5.804712036,,114.19,1,0,1
B010,2022-06-03 20:00:00,1,611T2300,2.908422347,,,1,0,0
B010,2022-06-03 20:00:00,2,611E2360,4.394401506,,79.6,1,0,1
B010,2022-06-03 21:00:00,0,611H7406,3.871416274,,114.18,1,0,1
B010,2022-06-03 21:00:00,1,611T2300,1.245645169,,,1,0,0
B010,2022-06-03 21:00:00,2,611E2360,1.360507064,,,1,0,0
B010,2022-06-03 22:00:00,0,611H7406,1.376254836,,114.15,1,0,1
B010,2022-06-03 22:00:00,1,611T2300,0.6976382634,,,1,0,0
B010,2022-06-03 22:00:00,2,611E2360,0.2466853789,,79.95,1,0,1
B010,2022-06-03 23:00:00,0,611H7406,0.4647259378,,114.06,1,0,1
B010,2022-06-03 23:00:00,1,611T2300,0,,,1,0,0
B010,2022-06-03 23:00:00,2,611E2360,0.009624442272,,80.57,1,0,1
B010,2022-06-04 00:00:00,0,611H7406,0,,114.02,1,0,1
B010,2022-06-04 00:00:00,1,611T2300,0.002396648001,,,1,0,0
B010,2022-06-04 00:00:00,2,611E2360,0.1208456774,,80.66,1,0,1
B010,2022-06-04 01:00:00,0,611H7406,0,,113.82,1,0,1
B010,2022-06-04 01:00:00,1,611T2300,0,,,1,0,0
B010,2022-06-04 01:00:00,2,611E2360,0,,80.77,1,0,1
B010,2022-06-04 02:00:00,0,611H7406,0,,113.59,1,0,1
B010,2022-06-04 02:00:00,1,611T2300,0,,,1,0,0
B010,2022-06-04 02:00:00,2,611E2360,0,,80.84,1,0,1
B010,2022-06-04 03:00:00,0,611H7406,0,,113.65,1,0,1
B010,2022-06-04 03:00:00,1,611T2300,0,,,1,0,0
B010,2022-06-04 03:00:00,2,611E2360,0,,80.78,1,0,1
B010,2022-06-04 04:00:00,0,611H7406,0,,113.62,1,0,1
B010,2022-06-04 04:00:00,1,611T2300,0,,,1,0,0
B010,2022-06-04 04:00:00,2,611E2360,0,,80.69,1,0,1
B010,2022-06-04 05:00:00,0,611H7406,0,,113.58,1,0,1
B010,2022-06-04 05:00:00,1,611T2300,0,,,1,0,0
B010,2022-06-04 05:00:00,2,611E2360,0,,80.58,1,0,1
B010,2022-06-04 06:00:00,0,611H7406,0,,,1,0,0
B010,2022-06-04 06:00:00,1,611T2300,0,,,1,0,0
B010,2022-06-04 06:00:00,2,611E2360,0,,80.46,1,0,1
B010,2022-06-04 07:00:00,0,611H7406,3.411611731,,113.52,1,0,1
B010,2022-06-04 07:00:00,1,611T2300,3.361741922,,,1,0,0
B010,2022-06-04 07:00:00,2,611E2360,6.21405363,,80.37,1,0,1
B010,2022-06-04 08:00:00,0,611H7406,0.2155913294,,113.56,1,0,1
B010,2022-06-04 08:00:00,1,611T2300,0.1238291642,,,1,0,0
B010,2022-06-04 08:00:00,2,611E2360,0.1224497511,,80.29,1,0,1
B010,2022-06-04 09:00:00,0,611H7406,0,,113.56,1,0,1
B010,2022-06-04 09:00:00,1,611T2300,0,,,1,0,0
B010,2022-06-04 09:00:00,2,611E2360,0.001785876766,,80.22,1,0,1
B010,2022-06-04 10:00:00,0,611H7406,0,,113.42,1,0,1
B010,2022-06-04 10:00:00,1,611T2300,0,,,1,0,0
B010,2022-06-04 10:00:00,2,611E2360,0,,80.17,1,0,1
B010,2022-06-04 11:00:00,0,611H7406,0,,113.29,1,0,1
B010,2022-06-04 11:00:00,1,611T2300,0,,,1,0,0
B010,2022-06-04 11:00:00,2,611E2360,0,,80.14,1,0,1
B010,2022-06-04 12:00:00,0,611H7406,1.627145996,,113.39,1,0,1
B010,2022-06-04 12:00:00,1,611T2300,0.07079319189,,,1,0,0
B010,2022-06-04 12:00:00,2,611E2360,0.2434772315,,80.12,1,0,1
B010,2022-06-04 13:00:00,0,611H7406,0.01481335101,,113.37,1,0,1
B010,2022-06-04 13:00:00,1,611T2300,0.07975600429,,,1,0,0
B010,2022-06-04 13:00:00,2,611E2360,0.001604073712,,80.1,1,0,1
B010,2022-06-04 14:00:00,0,611H7406,0,,113.29,1,0,1
B010,2022-06-04 14:00:00,1,611T2300,0,,,1,0,0
B010,2022-06-04 14:00:00,2,611E2360,0,,80.08,1,0,1
B010,2022-06-04 15:00:00,0,611H7406,0,,113.29,1,0,1
B010,2022-06-04 15:00:00,1,611T2300,0,,,1,0,0
B010,2022-06-04 15:00:00,2,611E2360,0,,80.06,1,0,1
B010,2022-06-04 16:00:00,0,611H7406,0,,113.36,1,0,1
B010,2022-06-04 16:00:00,1,611T2300,0,,,1,0,0
B010,2022-06-04 16:00:00,2,611E2360,0,,80.03,1,0,1
B010,2022-06-04 17:00:00,0,611H7406,0,,113.56,1,0,1
B010,2022-06-04 17:00:00,1,611T2300,0,,,1,0,0
B010,2022-06-04 17:00:00,2,611E2360,0,,80.01,1,0,1
B010,2022-06-04 18:00:00,0,611H7406,0,,113.56,1,0,1
B010,2022-06-04 18:00:00,1,611T2300,0,,,1,0,0
B010,2022-06-04 18:00:00,2,611E2360,0,,80,1,0,1
B010,2022-06-04 19:00:00,0,611H7406,0,,,1,0,0
B010,2022-06-04 19:00:00,1,611T2300,0.004793296003,,,1,0,0
B010,2022-06-04 19:00:00,2,611E2360,0.2541924921,,79.98,1,0,1
B010,2022-06-04 20:00:00,0,611H7406,0,,113.56,1,0,1
B010,2022-06-04 20:00:00,1,611T2300,0,,,1,0,0
B010,2022-06-04 20:00:00,2,611E2360,0,,79.97,1,0,1
B010,2022-06-04 21:00:00,0,611H7406,0,,113.56,1,0,1
B010,2022-06-04 21:00:00,1,611T2300,0,,,1,0,0
B010,2022-06-04 21:00:00,2,611E2360,0,,79.95,1,0,1
B010,2022-06-04 22:00:00,0,611H7406,0,,113.58,1,0,1
B010,2022-06-04 22:00:00,1,611T2300,0,,,1,0,0
B010,2022-06-04 22:00:00,2,611E2360,0,,79.93,1,0,1
B010,2022-06-04 23:00:00,0,611H7406,0,,112.95,1,0,1
B010,2022-06-04 23:00:00,1,611T2300,0,,,1,0,0
B010,2022-06-04 23:00:00,2,611E2360,0,,79.92,1,0,1
B010,2022-06-05 00:00:00,0,611H7406,0,,,1,0,0
B010,2022-06-05 00:00:00,1,611T2300,0,,,1,0,0
B010,2022-06-05 00:00:00,2,611E2360,0,,79.9,1,0,1
B010,2022-06-05 01:00:00,0,611H7406,0,,112.96,1,0,1
B010,2022-06-05 01:00:00,1,611T2300,0,,,1,0,0
B010,2022-06-05 01:00:00,2,611E2360,0,,79.89,1,0,1
B010,2022-06-05 02:00:00,0,611H7406,0,,112.98,1,0,1
B010,2022-06-05 02:00:00,1,611T2300,0,,,1,0,0
B010,2022-06-05 02:00:00,2,611E2360,0,,79.87,1,0,1
B010,2022-06-05 03:00:00,0,611H7406,0,,,1,0,0
B010,2022-06-05 03:00:00,1,611T2300,0,,,1,0,0
B010,2022-06-05 03:00:00,2,611E2360,0,,79.85,1,0,1
B010,2022-06-05 04:00:00,0,611H7406,0,,112.98,1,0,1
B010,2022-06-05 04:00:00,1,611T2300,0,,,1,0,0
B010,2022-06-05 04:00:00,2,611E2360,0.001604073712,,79.84,1,0,1
B010,2022-06-05 05:00:00,0,611H7406,0.1162823533,,112.98,1,0,1
B010,2022-06-05 05:00:00,1,611T2300,0.004864676789,,,1,0,0
B010,2022-06-05 05:00:00,2,611E2360,0,,79.83,1,0,1
B010,2022-06-05 06:00:00,0,611H7406,0.1415567886,,112.98,1,0,1
B010,2022-06-05 06:00:00,1,611T2300,0.07975600429,,,1,0,0
B010,2022-06-05 06:00:00,2,611E2360,0.00802036856,,79.82,1,0,1
B010,2022-06-05 07:00:00,0,611H7406,2.653691604,,112.97,1,0,1
B010,2022-06-05 07:00:00,1,611T2300,0.3960376496,,,1,0,0
B010,2022-06-05 07:00:00,2,611E2360,0.6459664571,,79.82,1,0,1
B010,2022-06-05 08:00:00,0,611H7406,1.959455368,,113.35,1,0,1
B010,2022-06-05 08:00:00,1,611T2300,0.5904291376,,,1,0,0
B010,2022-06-05 08:00:00,2,611E2360,1.119179315,,79.81,1,0,1
B010,2022-06-05 09:00:00,0,611H7406,0.3963415218,,113.56,1,0,1
B010,2022-06-05 09:00:00,1,611T2300,0.3475473793,,,1,0,0
B010,2022-06-05 09:00:00,2,611E2360,0.4951566346,,79.8,1,0,1
B010,2022-06-05 10:00:00,0,611H7406,1.642362822,,113.56,1,0,1
B010,2022-06-05 10:00:00,1,611T2300,0.1307994202,,,1,0,0
B010,2022-06-05 10:00:00,2,611E2360,0.1276255783,,79.8,1,0,1
B010,2022-06-05 11:00:00,0,611H7406,0.4651616275,,113.55,1,0,1
B010,2022-06-05 11:00:00,1,611T2300,0.5133608501,,,1,0,0
B010,2022-06-05 11:00:00,2,611E2360,1.348583489,,79.82,1,0,1
B010,2022-06-05 12:00:00,0,611H7406,0,,113.55,1,0,1
B010,2022-06-05 12:00:00,1,611T2300,0,,,1,0,0
B010,2022-06-05 12:00:00,2,611E2360,0.001785876766,,79.85,1,0,1
B010,2022-06-05 13:00:00,0,611H7406,0,,113.57,1,0,1
B010,2022-06-05 13:00:00,1,611T2300,0,,,1,0,0
B010,2022-06-05 13:00:00,2,611E2360,0,,79.89,1,0,1
B010,2022-06-05 14:00:00,0,611H7406,0,,113.55,1,0,1
B010,2022-06-05 14:00:00,1,611T2300,0,,,1,0,0
B010,2022-06-05 14:00:00,2,611E2360,0,,79.92,1,0,1
B010,2022-06-05 15:00:00,0,611H7406,0,,113.57,1,0,1
B010,2022-06-05 15:00:00,1,611T2300,0,,,1,0,0
B010,2022-06-05 15:00:00,2,611E2360,0,,79.96,1,0,1
B010,2022-06-05 16:00:00,0,611H7406,0,,113.3,1,0,1
B010,2022-06-05 16:00:00,1,611T2300,0,,,1,0,0
B010,2022-06-05 16:00:00,2,611E2360,0,,79.98,1,0,1
B010,2022-06-05 17:00:00,0,611H7406,0,,113.38,1,0,1
B010,2022-06-05 17:00:00,1,611T2300,0.03681183515,,,1,0,0
B010,2022-06-05 17:00:00,2,611E2360,0,,79.98,1,0,1
B010,2022-06-05 18:00:00,0,611H7406,0,,113.36,1,0,1
B010,2022-06-05 18:00:00,1,611T2300,0.002396648001,,,1,0,0
B010,2022-06-05 18:00:00,2,611E2360,0.1208456774,,79.98,1,0,1
B010,2022-06-05 19:00:00,0,611H7406,0,,113.58,1,0,1
B010,2022-06-05 19:00:00,1,611T2300,0.002396648001,,,1,0,0
B010,2022-06-05 19:00:00,2,611E2360,0.1208456774,,,1,0,0
B010,2022-06-05 20:00:00,0,611H7406,0,,113.56,1,0,1
B010,2022-06-05 20:00:00,1,611T2300,0,,,1,0,0
B010,2022-06-05 20:00:00,2,611E2360,0,,79.98,1,0,1
B010,2022-06-05 21:00:00,0,611H7406,0,,113.56,1,0,1
B010,2022-06-05 21:00:00,1,611T2300,0,,,1,0,0
B010,2022-06-05 21:00:00,2,611E2360,0,,79.96,1,0,1
B010,2022-06-05 22:00:00,0,611H7406,0,,113.56,1,0,1
B010,2022-06-05 22:00:00,1,611T2300,0,,,1,0,0
B010,2022-06-05 22:00:00,2,611E2360,0,,79.96,1,0,1
B010,2022-06-05 23:00:00,0,611H7406,0,,113.56,1,0,1
B010,2022-06-05 23:00:00,1,611T2300,0,,,1,0,0
B010,2022-06-05 23:00:00,2,611E2360,0,,79.94,1,0,1
B010,2022-06-06 00:00:00,0,611H7406,0,,113.56,1,0,1
B010,2022-06-06 00:00:00,1,611T2300,0,,,1,0,0
B010,2022-06-06 00:00:00,2,611E2360,0,,79.93,1,0,1
B010,2022-06-06 01:00:00,0,611H7406,0,,113.58,1,0,1
B010,2022-06-06 01:00:00,1,611T2300,0,,,1,0,0
B010,2022-06-06 01:00:00,2,611E2360,0,,79.92,1,0,1
B010,2022-06-06 02:00:00,0,611H7406,0,,113.58,1,0,1
B010,2022-06-06 02:00:00,1,611T2300,0,,,1,0,0
B010,2022-06-06 02:00:00,2,611E2360,0,,79.89,1,0,1
B010,2022-06-06 03:00:00,0,611H7406,0,,,1,0,0
B010,2022-06-06 03:00:00,1,611T2300,0,,,1,0,0
B010,2022-06-06 03:00:00,2,611E2360,0,,,1,0,0
B010,2022-06-06 04:00:00,0,611H7406,0,,112.95,1,0,1
B010,2022-06-06 04:00:00,1,611T2300,0,,,1,0,0
B010,2022-06-06 04:00:00,2,611E2360,0,,79.88,1,0,1
B010,2022-06-06 05:00:00,0,611H7406,0,,112.95,1,0,1
B010,2022-06-06 05:00:00,1,611T2300,0,,,1,0,0
B010,2022-06-06 05:00:00,2,611E2360,0,,79.87,1,0,1
B010,2022-06-06 06:00:00,0,611H7406,0,,112.97,1,0,1
B010,2022-06-06 06:00:00,1,611T2300,0,,,1,0,0
B010,2022-06-06 06:00:00,2,611E2360,0,,79.86,1,0,1
B010,2022-06-06 07:00:00,0,611H7406,3.023341186,,112.97,1,0,1
B010,2022-06-06 07:00:00,1,611T2300,1.001051466,,,1,0,0
B010,2022-06-06 07:00:00,2,611E2360,3.334022249,,79.85,1,0,1
B010,2022-06-06 08:00:00,0,611H7406,0,,112.97,1,0,1
B010,2022-06-06 08:00:00,1,611T2300,0,,,1,0,0
B010,2022-06-06 08:00:00,2,611E2360,0,,79.83,1,0,1
B010,2022-06-06 09:00:00,0,611H7406,0,,112.97,1,0,1
B010,2022-06-06 09:00:00,1,611T2300,0,,,1,0,0
B010,2022-06-06 09:00:00,2,611E2360,0,,79.83,1,0,1
B010,2022-06-06 10:00:00,0,611H7406,0,,112.97,1,0,1
B010,2022-06-06 10:00:00,1,611T2300,0,,,1,0,0
B010,2022-06-06 10:00:00,2,611E2360,0,,79.82,1,0,1
B010,2022-06-06 11:00:00,0,611H7406,0,,112.97,1,0,1
B010,2022-06-06 11:00:00,1,611T2300,0,,,1,0,0
B010,2022-06-06 11:00:00,2,611E2360,0,,79.81,1,0,1
B010,2022-06-06 12:00:00,0,611H7406,0,,,1,0,0
B010,2022-06-06 12:00:00,1,611T2300,0,,,1,0,0
B010,2022-06-06 12:00:00,2,611E2360,0,,79.79,1,0,1
B010,2022-06-06 13:00:00,0,611H7406,0,,112.97,1,0,1
B010,2022-06-06 13:00:00,1,611T2300,0,,,1,0,0
B010,2022-06-06 13:00:00,2,611E2360,0,,79.78,1,0,1
B010,2022-06-06 14:00:00,0,611H7406,0,,112.95,1,0,1
B010,2022-06-06 14:00:00,1,611T2300,0,,,1,0,0
B010,2022-06-06 14:00:00,2,611E2360,0,,79.77,1,0,1
B010,2022-06-06 15:00:00,0,611H7406,0,,113.18,1,0,1
B010,2022-06-06 15:00:00,1,611T2300,0,,,1,0,0
B010,2022-06-06 15:00:00,2,611E2360,0,,79.76,1,0,1
B010,2022-06-06 16:00:00,0,611H7406,0,,113.18,1,0,1
B010,2022-06-06 16:00:00,1,611T2300,0,,,1,0,0
B010,2022-06-06 16:00:00,2,611E2360,0,,79.75,1,0,1
B010,2022-06-06 17:00:00,0,611H7406,0,,113.18,1,0,1
B010,2022-06-06 17:00:00,1,611T2300,0,,,1,0,0
B010,2022-06-06 17:00:00,2,611E2360,0,,79.74,1,0,1
B010,2022-06-06 18:00:00,0,611H7406,0,,113.18,1,0,1
B010,2022-06-06 18:00:00,1,611T2300,0,,,1,0,0
B010,2022-06-06 18:00:00,2,611E2360,0,,79.73,1,0,1
B010,2022-06-06 19:00:00,0,611H7406,0,,113.16,1,0,1
B010,2022-06-06 19:00:00,1,611T2300,0,,,1,0,0
B010,2022-06-06 19:00:00,2,611E2360,0,,79.72,1,0,1
B010,2022-06-06 20:00:00,0,611H7406,0,,113.16,1,0,1
B010,2022-06-06 20:00:00,1,611T2300,0,,,1,0,0
B010,2022-06-06 20:00:00,2,611E2360,0,,79.71,1,0,1
B010,2022-06-17 20:00:00,0,611H7406,0,,112.74,1,0,1
B010,2022-06-17 20:00:00,1,611T2300,0,,,1,0,0
B010,2022-06-17 20:00:00,2,611E2360,0,,79.44,1,0,1
B010,2022-06-17 21:00:00,0,611H7406,0,,112.72,1,0,1
B010,2022-06-17 21:00:00,1,611T2300,0,,,1,0,0
B010,2022-06-17 21:00:00,2,611E2360,0,,79.44,1,0,1
B010,2022-06-17 22:00:00,0,611H7406,0,,112.72,1,0,1
B010,2022-06-17 22:00:00,1,611T2300,0,,,1,0,0
B010,2022-06-17 22:00:00,2,611E2360,0,,79.44,1,0,1
B010,2022-06-17 23:00:00,0,611H7406,0,,112.72,1,0,1
B010,2022-06-17 23:00:00,1,611T2300,0,,,1,0,0
B010,2022-06-17 23:00:00,2,611E2360,0,,79.44,1,0,1
B010,2022-06-18 00:00:00,0,611H7406,0,,112.72,1,0,1
B010,2022-06-18 00:00:00,1,611T2300,0,,,1,0,0
B010,2022-06-18 00:00:00,2,611E2360,0,,79.44,1,0,1
B010,2022-06-18 01:00:00,0,611H7406,0,,112.72,1,0,1
B010,2022-06-18 01:00:00,1,611T2300,0,,,1,0,0
B010,2022-06-18 01:00:00,2,611E2360,0,,79.44,1,0,1
B010,2022-06-18 02:00:00,0,611H7406,0,,112.94,1,0,1
B010,2022-06-18 02:00:00,1,611T2300,0,,,1,0,0
B010,2022-06-18 02:00:00,2,611E2360,0,,79.44,1,0,1
B010,2022-06-18 03:00:00,0,611H7406,0,,,1,0,0
B010,2022-06-18 03:00:00,1,611T2300,0,,,1,0,0
B010,2022-06-18 03:00:00,2,611E2360,0,,79.44,1,0,1
B010,2022-06-18 04:00:00,0,611H7406,0,,,1,0,0
B010,2022-06-18 04:00:00,1,611T2300,0,,,1,0,0
B010,2022-06-18 04:00:00,2,611E2360,0,,79.44,1,0,1
B010,2022-06-18 05:00:00,0,611H7406,0,,,1,0,0
B010,2022-06-18 05:00:00,1,611T2300,0,,,1,0,0
B010,2022-06-18 05:00:00,2,611E2360,0,,79.44,1,0,1
B010,2022-06-18 06:00:00,0,611H7406,0,,112.94,1,0,1
B010,2022-06-18 06:00:00,1,611T2300,0,,,1,0,0
B010,2022-06-18 06:00:00,2,611E2360,0,,79.44,1,0,1
B010,2022-06-18 07:00:00,0,611H7406,0.755649666,,112.93,1,0,1
B010,2022-06-18 07:00:00,1,611T2300,0.3132749538,,,1,0,0
B010,2022-06-18 07:00:00,2,611E2360,0.131560938,,79.44,1,0,1
B010,2022-06-18 08:00:00,0,611H7406,0,,112.73,1,0,1
B010,2022-06-18 08:00:00,1,611T2300,0,,,1,0,0
B010,2022-06-18 08:00:00,2,611E2360,0,,79.44,1,0,1
B010,2022-06-18 09:00:00,0,611H7406,0,,112.9,1,0,1
B010,2022-06-18 09:00:00,1,611T2300,0,,,1,0,0
B010,2022-06-18 09:00:00,2,611E2360,0,,79.44,1,0,1
B010,2022-06-18 10:00:00,0,611H7406,0,,112.88,1,0,1
B010,2022-06-18 10:00:00,1,611T2300,0,,,1,0,0
B010,2022-06-18 10:00:00,2,611E2360,0,,79.44,1,0,1
B010,2022-06-18 11:00:00,0,611H7406,0.007406675504,,112.88,1,0,1
B010,2022-06-18 11:00:00,1,611T2300,0.02147208457,,,1,0,0
B010,2022-06-18 11:00:00,2,611E2360,0,,79.44,1,0,1
B010,2022-06-18 12:00:00,0,611H7406,0.1162823533,,112.88,1,0,1
B010,2022-06-18 12:00:00,1,611T2300,0.004864676789,,,1,0,0
B010,2022-06-18 12:00:00,2,611E2360,0,,79.44,1,0,1
B010,2022-06-18 13:00:00,0,611H7406,0.007406675504,,112.93,1,0,1
B010,2022-06-18 13:00:00,1,611T2300,0.02147208457,,,1,0,0
B010,2022-06-18 13:00:00,2,611E2360,0,,79.44,1,0,1
B010,2022-06-18 14:00:00,0,611H7406,0,,112.76,1,0,1
B010,2022-06-18 14:00:00,1,611T2300,0.0736236703,,,1,0,0
B010,2022-06-18 14:00:00,2,611E2360,0,,79.44,1,0,1
B010,2022-06-18 15:00:00,0,611H7406,0.2896258702,,112.98,1,0,1
B010,2022-06-18 15:00:00,1,611T2300,0.128693841,,,1,0,0
B010,2022-06-18 15:00:00,2,611E2360,0.1208456774,,79.44,1,0,1
B010,2022-06-18 16:00:00,0,611H7406,0.1585301659,,112.93,1,0,1
B010,2022-06-18 16:00:00,1,611T2300,0.04167651194,,,1,0,0
B010,2022-06-18 16:00:00,2,611E2360,0.001785876766,,79.44,1,0,1
B010,2022-06-18 17:00:00,0,611H7406,0.1659368414,,112.92,1,0,1
B010,2022-06-18 17:00:00,1,611T2300,0.02633676136,,,1,0,0
B010,2022-06-18 17:00:00,2,611E2360,0,,79.44,1,0,1
B010,2022-06-18 18:00:00,0,611H7406,0,,112.92,1,0,1
B010,2022-06-18 18:00:00,1,611T2300,0,,,1,0,0
B010,2022-06-18 18:00:00,2,611E2360,0,,79.44,1,0,1
B010,2022-06-18 19:00:00,0,611H7406,0,,,1,0,0
B010,2022-06-18 19:00:00,1,611T2300,0,,,1,0,0
B010,2022-06-18 19:00:00,2,611E2360,0,,79.44,1,0,1
B010,2022-06-18 20:00:00,0,611H7406,0,,112.92,1,0,1
B010,2022-06-18 20:00:00,1,611T2300,0,,,1,0,0
B010,2022-06-18 20:00:00,2,611E2360,0,,79.44,1,0,1
B010,2022-06-18 21:00:00,0,611H7406,0,,112.92,1,0,1
B010,2022-06-18 21:00:00,1,611T2300,0,,,1,0,0
B010,2022-06-18 21:00:00,2,611E2360,0,,79.44,1,0,1
B010,2022-06-18 22:00:00,0,611H7406,0,,112.92,1,0,1
B010,2022-06-18 22:00:00,1,611T2300,0,,,1,0,0
B010,2022-06-18 22:00:00,2,611E2360,0,,79.44,1,0,1
B010,2022-06-18 23:00:00,0,611H7406,0,,112.92,1,0,1
B010,2022-06-18 23:00:00,1,611T2300,0,,,1,0,0
B010,2022-06-18 23:00:00,2,611E2360,0,,79.44,1,0,1
B010,2022-06-19 00:00:00,0,611H7406,0,,112.94,1,0,1
B010,2022-06-19 00:00:00,1,611T2300,0,,,1,0,0
B010,2022-06-19 00:00:00,2,611E2360,0,,79.44,1,0,1
B010,2022-06-19 01:00:00,0,611H7406,0.04224781253,,112.78,1,0,1
B010,2022-06-19 01:00:00,1,611T2300,0.03681183515,,,1,0,0
B010,2022-06-19 01:00:00,2,611E2360,0,,79.45,1,0,1
B010,2022-06-19 02:00:00,0,611H7406,0,,112.78,1,0,1
B010,2022-06-19 02:00:00,1,611T2300,0,,,1,0,0
B010,2022-06-19 02:00:00,2,611E2360,0,,79.45,1,0,1
B010,2022-06-19 03:00:00,0,611H7406,0,,,1,0,0
B010,2022-06-19 03:00:00,1,611T2300,0,,,1,0,0
B010,2022-06-19 03:00:00,2,611E2360,0,,79.45,1,0,1
B010,2022-06-19 04:00:00,0,611H7406,0,,112.76,1,0,1
B010,2022-06-19 04:00:00,1,611T2300,0.004793296003,,,1,0,0
B010,2022-06-19 04:00:00,2,611E2360,0.2416913547,,79.45,1,0,1
B010,2022-06-19 05:00:00,0,611H7406,0,,112.76,1,0,1
B010,2022-06-19 05:00:00,1,611T2300,0,,,1,0,0
B010,2022-06-19 05:00:00,2,611E2360,0,,79.45,1,0,1
B010,2022-06-19 06:00:00,0,611H7406,0,,112.76,1,0,1
B010,2022-06-19 06:00:00,1,611T2300,0,,,1,0,0
B010,2022-06-19 06:00:00,2,611E2360,0,,79.45,1,0,1
B010,2022-06-19 07:00:00,0,611H7406,0.7926508293,,112.72,1,0,1
B010,2022-06-19 07:00:00,1,611T2300,0.2523843389,,,1,0,0
B010,2022-06-19 07:00:00,2,611E2360,0.3643229088,,79.45,1,0,1
B010,2022-06-19 08:00:00,0,611H7406,0,,112.93,1,0,1
B010,2022-06-19 08:00:00,1,611T2300,0,,,1,0,0
B010,2022-06-19 08:00:00,2,611E2360,0,,79.45,1,0,1
B010,2022-06-19 09:00:00,0,611H7406,0,,,1,0,0
B010,2022-06-19 09:00:00,1,611T2300,0,,,1,0,0
B010,2022-06-19 09:00:00,2,611E2360,0,,79.44,1,0,1
B010,2022-06-19 10:00:00,0,611H7406,0,,112.93,1,0,1
B010,2022-06-19 10:00:00,1,611T2300,0,,,1,0,0
B010,2022-06-19 10:00:00,2,611E2360,0,,79.44,1,0,1
B010,2022-06-19 11:00:00,0,611H7406,0,,112.71,1,0,1
B010,2022-06-19 11:00:00,1,611T2300,0,,,1,0,0
B010,2022-06-19 11:00:00,2,611E2360,0,,79.44,1,0,1
B010,2022-06-19 12:00:00,0,611H7406,0,,,1,0,0
B010,2022-06-19 12:00:00,1,611T2300,0,,,1,0,0
B010,2022-06-19 12:00:00,2,611E2360,0,,79.44,1,0,1
B010,2022-06-19 13:00:00,0,611H7406,0,,112.71,1,0,1
B010,2022-06-19 13:00:00,1,611T2300,0,,,1,0,0
B010,2022-06-19 13:00:00,2,611E2360,0,,79.44,1,0,1
B010,2022-06-19 14:00:00,0,611H7406,0,,112.71,1,0,1
B010,2022-06-19 14:00:00,1,611T2300,0,,,1,0,0
B010,2022-06-19 14:00:00,2,611E2360,0,,79.44,1,0,1
B010,2022-06-19 15:00:00,0,611H7406,0,,112.71,1,0,1
B010,2022-06-19 15:00:00,1,611T2300,0,,,1,0,0
B010,2022-06-19 15:00:00,2,611E2360,0,,79.44,1,0,1
B010,2022-06-19 16:00:00,0,611H7406,0,,112.92,1,0,1
B010,2022-06-19 16:00:00,1,611T2300,0,,,1,0,0
B010,2022-06-19 16:00:00,2,611E2360,0,,79.44,1,0,1
B010,2022-06-19 17:00:00,0,611H7406,0,,112.92,1,0,1
B010,2022-06-19 17:00:00,1,611T2300,0,,,1,0,0
B010,2022-06-19 17:00:00,2,611E2360,0,,79.44,1,0,1
B010,2022-06-19 18:00:00,0,611H7406,0,,112.73,1,0,1
B010,2022-06-19 18:00:00,1,611T2300,0,,,1,0,0
B010,2022-06-19 18:00:00,2,611E2360,0,,79.43,1,0,1
B010,2022-06-19 19:00:00,0,611H7406,0,,112.73,1,0,1
B010,2022-06-19 19:00:00,1,611T2300,0,,,1,0,0
B010,2022-06-19 19:00:00,2,611E2360,0,,79.43,1,0,1
B010,2022-06-19 20:00:00,0,611H7406,0.02962670201,,112.73,1,0,1
B010,2022-06-19 20:00:00,1,611T2300,0.5276303601,,,1,0,0
B010,2022-06-19 20:00:00,2,611E2360,0.001785876766,,79.43,1,0,1
B010,2022-06-19 21:00:00,0,611H7406,0.02222002651,,112.64,1,0,1
B010,2022-06-19 21:00:00,1,611T2300,0.14283322,,,1,0,0
B010,2022-06-19 21:00:00,2,611E2360,0.2434772315,,79.43,1,0,1
B010,2022-06-19 22:00:00,0,611H7406,0.4355349255,,112.9,1,0,1
B010,2022-06-19 22:00:00,1,611T2300,0.3074504144,,,1,0,0
B010,2022-06-19 22:00:00,2,611E2360,0.8530632485,,79.43,1,0,1
B010,2022-06-19 23:00:00,0,611H7406,0.007406675504,,112.88,1,0,1
B010,2022-06-19 23:00:00,1,611T2300,0.141494182,,,1,0,0
B010,2022-06-19 23:00:00,2,611E2360,0.4905262165,,79.43,1,0,1
B010,2022-06-20 00:00:00,0,611H7406,2.411931457,,112.96,1,0,1
B010,2022-06-20 00:00:00,1,611T2300,1.421457896,,,1,0,0
B010,2022-06-20 00:00:00,2,611E2360,0.001785876766,,79.43,1,0,1
B010,2022-06-20 01:00:00,0,611H7406,5.230729948,,113.4,1,0,1
B010,2022-06-20 01:00:00,1,611T2300,1.937467428,,,1,0,0
B010,2022-06-20 01:00:00,2,611E2360,3.641443212,,79.44,1,0,1
B010,2022-06-20 02:00:00,0,611H7406,3.527783649,,113.61,1,0,1
B010,2022-06-20 02:00:00,1,611T2300,0.9444248359,,,1,0,0
B010,2022-06-20 02:00:00,2,611E2360,1.594210204,,79.45,1,0,1
B010,2022-06-20 03:00:00,0,611H7406,1.080116673,,114.21,1,0,1
B010,2022-06-20 03:00:00,1,611T2300,0.4300833022,,,1,0,0
B010,2022-06-20 03:00:00,2,611E2360,0.7357893247,,79.48,1,0,1
B010,2022-06-20 04:00:00,0,611H7406,0,,113.8,1,0,1
B010,2022-06-20 04:00:00,1,611T2300,0.002396648001,,,1,0,0
B010,2022-06-20 04:00:00,2,611E2360,0.1226315541,,80.39,1,0,1
B010,2022-06-20 05:00:00,0,611H7406,0,,113.66,1,0,1
B010,2022-06-20 05:00:00,1,611T2300,0,,,1,0,0
B010,2022-06-20 05:00:00,2,611E2360,0,,80.73,1,0,1
B010,2022-06-20 06:00:00,0,611H7406,0,,113.58,1,0,1
B010,2022-06-20 06:00:00,1,611T2300,0,,,1,0,0
B010,2022-06-20 06:00:00,2,611E2360,0.001785876766,,80.83,1,0,1
B010,2022-06-20 07:00:00,0,611H7406,12.0482926,,113.51,1,0,1
B010,2022-06-20 07:00:00,1,611T2300,4.201887775,,,1,0,0
B010,2022-06-20 07:00:00,2,611E2360,7.686498621,,80.77,1,0,1
B010,2022-06-20 08:00:00,0,611H7406,0,,113.57,1,0,1
B010,2022-06-20 08:00:00,1,611T2300,0,,,1,0,0
B010,2022-06-20 08:00:00,2,611E2360,0,,80.61,1,0,1
B010,2022-06-20 09:00:00,0,611H7406,0,,113.4,1,0,1
B010,2022-06-20 09:00:00,1,611T2300,0.002396648001,,,1,0,0
B010,2022-06-20 09:00:00,2,611E2360,0.1208456774,,80.45,1,0,1
B010,2022-06-20 10:00:00,0,611H7406,0,,113.36,1,0,1
B010,2022-06-20 10:00:00,1,611T2300,0,,,1,0,0
B010,2022-06-20 10:00:00,2,611E2360,0,,80.32,1,0,1
B010,2022-06-20 11:00:00,0,611H7406,0,,113.56,1,0,1
B010,2022-06-20 11:00:00,1,611T2300,0,,,1,0,0
B010,2022-06-20 11:00:00,2,611E2360,0,,80.22,1,0,1
B010,2022-06-20 12:00:00,0,611H7406,0,,113.56,1,0,1
B010,2022-06-20 12:00:00,1,611T2300,0,,,1,0,0
B010,2022-06-20 12:00:00,2,611E2360,0,,80.14,1,0,1
B010,2022-06-20 13:00:00,0,611H7406,0,,113.58,1,0,1
B010,2022-06-20 13:00:00,1,611T2300,0,,,1,0,0
B010,2022-06-20 13:00:00,2,611E2360,0.001785876766,,80.08,1,0,1
B010,2022-06-20 14:00:00,0,611H7406,0,,,1,0,0
B010,2022-06-20 14:00:00,1,611T2300,0.002396648001,,,1,0,0
B010,2022-06-20 14:00:00,2,611E2360,0.1226315541,,80.02,1,0,1
B010,2022-06-20 15:00:00,0,611H7406,0.02962670201,,112.97,1,0,1
B010,2022-06-20 15:00:00,1,611T2300,0.08588833828,,,1,0,0
B010,2022-06-20 15:00:00,2,611E2360,0,,79.98,1,0,1
B010,2022-06-20 16:00:00,0,611H7406,0.02222002651,,112.98,1,0,1
B010,2022-06-20 16:00:00,1,611T2300,0.06441625371,,,1,0,0
B010,2022-06-20 16:00:00,2,611E2360,0,,79.95,1,0,1
B010,2022-06-20 17:00:00,0,611H7406,0,,112.97,1,0,1
B010,2022-06-20 17:00:00,1,611T2300,0.03681183515,,,1,0,0
B010,2022-06-20 17:00:00,2,611E2360,0,,79.93,1,0,1
B010,2022-06-20 18:00:00,0,611H7406,0,,112.97,1,0,1
B010,2022-06-20 18:00:00,1,611T2300,0.1104355055,,,1,0,0
B010,2022-06-20 18:00:00,2,611E2360,0,,79.92,1,0,1
B010,2022-06-20 19:00:00,0,611H7406,0,,112.97,1,0,1
B010,2022-06-20 19:00:00,1,611T2300,0,,,1,0,0
B010,2022-06-20 19:00:00,2,611E2360,0,,79.92,1,0,1
B010,2022-06-20 20:00:00,0,611H7406,0,,113.18,1,0,1
B010,2022-06-20 20:00:00,1,611T2300,0,,,1,0,0
B010,2022-06-20 20:00:00,2,611E2360,0,,79.9,1,0,1
B010,2022-06-20 21:00:00,0,611H7406,0,,113.18,1,0,1
B010,2022-06-20 21:00:00,1,611T2300,0,,,1,0,0
B010,2022-06-20 21:00:00,2,611E2360,0,,79.87,1,0,1
B010,2022-06-20 22:00:00,0,611H7406,0,,113.16,1,0,1
B010,2022-06-20 22:00:00,1,611T2300,0,,,1,0,0
B010,2022-06-20 22:00:00,2,611E2360,0,,79.85,1,0,1
B010,2022-06-20 23:00:00,0,611H7406,0,,113.16,1,0,1
B010,2022-06-20 23:00:00,1,611T2300,0,,,1,0,0
B010,2022-06-20 23:00:00,2,611E2360,0,,79.83,1,0,1
B010,2022-06-21 00:00:00,0,611H7406,0,,113.16,1,0,1
B010,2022-06-21 00:00:00,1,611T2300,0,,,1,0,0
B010,2022-06-21 00:00:00,2,611E2360,0,,79.81,1,0,1
B010,2022-06-21 01:00:00,0,611H7406,0,,113.14,1,0,1
B010,2022-06-21 01:00:00,1,611T2300,0,,,1,0,0
B010,2022-06-21 01:00:00,2,611E2360,0,,79.78,1,0,1
B010,2022-06-21 02:00:00,0,611H7406,0,,113.14,1,0,1
B010,2022-06-21 02:00:00,1,611T2300,0,,,1,0,0
B010,2022-06-21 02:00:00,2,611E2360,0,,79.77,1,0,1
B010,2022-06-21 03:00:00,0,611H7406,0,,113.12,1,0,1
B010,2022-06-21 03:00:00,1,611T2300,0.03681183515,,,1,0,0
B010,2022-06-21 03:00:00,2,611E2360,0,,79.75,1,0,1
B010,2022-06-21 04:00:00,0,611H7406,0,,,1,0,0
B010,2022-06-21 04:00:00,1,611T2300,0,,,1,0,0
B010,2022-06-21 04:00:00,2,611E2360,0,,79.73,1,0,1
B010,2022-06-21 05:00:00,0,611H7406,0,,,1,0,0
B010,2022-06-21 05:00:00,1,611T2300,0,,,1,0,0
B010,2022-06-21 05:00:00,2,611E2360,0.001785876766,,,1,0,0
B010,2022-06-21 06:00:00,0,611H7406,0,,112.95,1,0,1
B010,2022-06-21 06:00:00,1,611T2300,0.002396648001,,,1,0,0
B010,2022-06-21 06:00:00,2,611E2360,0.1208456774,,,1,0,0
B010,2022-06-21 07:00:00,0,611H7406,0,,,1,0,0
B010,2022-06-21 07:00:00,1,611T2300,0.1912491198,,,1,0,0
B010,2022-06-21 07:00:00,2,611E2360,0.3678946624,,,1,0,0
B010,2022-06-21 08:00:00,0,611H7406,0,,,1,0,0
B010,2022-06-21 08:00:00,1,611T2300,0,,,1,0,0
B010,2022-06-21 08:00:00,2,611E2360,0,,79.73,1,0,1
B010,2022-06-21 09:00:00,0,611H7406,0,,112.99,1,0,1
B010,2022-06-21 09:00:00,1,611T2300,0,,,1,0,0
B010,2022-06-21 09:00:00,2,611E2360,0,,,1,0,0
B010,2022-06-21 10:00:00,0,611H7406,0,,112.99,1,0,1
B010,2022-06-21 10:00:00,1,611T2300,0,,,1,0,0
B010,2022-06-21 10:00:00,2,611E2360,0,,,1,0,0
B010,2022-06-21 11:00:00,0,611H7406,0,,112.99,1,0,1
B010,2022-06-21 11:00:00,1,611T2300,0,,,1,0,0
B010,2022-06-21 11:00:00,2,611E2360,0,,79.66,1,0,1
B010,2022-06-21 12:00:00,0,611H7406,0.03703337752,,112.99,1,0,1
B010,2022-06-21 12:00:00,1,611T2300,0.1169470149,,,1,0,0
B010,2022-06-21 12:00:00,2,611E2360,0.4833827094,,79.66,1,0,1
B010,2022-06-21 13:00:00,0,611H7406,0,,112.99,1,0,1
B010,2022-06-21 13:00:00,1,611T2300,0,,,1,0,0
B010,2022-06-21 13:00:00,2,611E2360,0,,79.65,1,0,1
B010,2022-06-21 14:00:00,0,611H7406,0,,112.99,1,0,1
B010,2022-06-21 14:00:00,1,611T2300,0,,,1,0,0
B010,2022-06-21 14:00:00,2,611E2360,0,,79.64,1,0,1
B010,2022-06-21 15:00:00,0,611H7406,0,,112.99,1,0,1
B010,2022-06-21 15:00:00,1,611T2300,0,,,1,0,0
B010,2022-06-21 15:00:00,2,611E2360,0,,79.64,1,0,1
B010,2022-06-21 16:00:00,0,611H7406,0,,112.99,1,0,1
B010,2022-06-21 16:00:00,1,611T2300,0,,,1,0,0
B010,2022-06-21 16:00:00,2,611E2360,0,,79.64,1,0,1
B010,2022-06-21 17:00:00,0,611H7406,0,,113.01,1,0,1
B010,2022-06-21 17:00:00,1,611T2300,0.002396648001,,,1,0,0
B010,2022-06-21 17:00:00,2,611E2360,0.1208456774,,79.63,1,0,1
B010,2022-06-21 18:00:00,0,611H7406,0,,113.01,1,0,1
B010,2022-06-21 18:00:00,1,611T2300,0,,,1,0,0
B010,2022-06-21 18:00:00,2,611E2360,0,,79.62,1,0,1
B010,2022-06-21 19:00:00,0,611H7406,0,,112.96,1,0,1
B010,2022-06-21 19:00:00,1,611T2300,0,,,1,0,0
B010,2022-06-21 19:00:00,2,611E2360,0,,79.61,1,0,1
B010,2022-06-21 20:00:00,0,611H7406,0,,112.98,1,0,1
B010,2022-06-21 20:00:00,1,611T2300,0,,,1,0,0
B010,2022-06-21 20:00:00,2,611E2360,0,,79.6,1,0,1
B010,2022-06-21 21:00:00,0,611H7406,0,,112.95,1,0,1
B010,2022-06-21 21:00:00,1,611T2300,0,,,1,0,0
B010,2022-06-21 21:00:00,2,611E2360,0,,79.6,1,0,1
B010,2022-06-21 22:00:00,0,611H7406,0,,112.93,1,0,1
B010,2022-06-21 22:00:00,1,611T2300,0,,,1,0,0
B010,2022-06-21 22:00:00,2,611E2360,0,,79.6,1,0,1
B010,2022-06-21 23:00:00,0,611H7406,0,,113.12,1,0,1
B010,2022-06-21 23:00:00,1,611T2300,0,,,1,0,0
B010,2022-06-21 23:00:00,2,611E2360,0,,79.59,1,0,1
B010,2022-06-22 00:00:00,0,611H7406,0,,112.93,1,0,1
B010,2022-06-22 00:00:00,1,611T2300,0,,,1,0,0
B010,2022-06-22 00:00:00,2,611E2360,0,,79.59,1,0,1
B010,2022-06-22 01:00:00,0,611H7406,0,,,1,0,0
B010,2022-06-22 01:00:00,1,611T2300,0,,,1,0,0
B010,2022-06-22 01:00:00,2,611E2360,0,,79.59,1,0,1
B010,2022-06-22 02:00:00,0,611H7406,0,,112.78,1,0,1
B010,2022-06-22 02:00:00,1,611T2300,0,,,1,0,0
B010,2022-06-22 02:00:00,2,611E2360,0,,79.58,1,0,1
B010,2022-06-22 03:00:00,0,611H7406,0,,112.98,1,0,1
B010,2022-06-22 03:00:00,1,611T2300,0,,,1,0,0
B010,2022-06-22 03:00:00,2,611E2360,0,,79.58,1,0,1
B010,2022-06-22 04:00:00,0,611H7406,0,,,1,0,0
B010,2022-06-22 04:00:00,1,611T2300,0,,,1,0,0
B010,2022-06-22 04:00:00,2,611E2360,0,,79.57,1,0,1
B010,2022-06-22 05:00:00,0,611H7406,0,,112.98,1,0,1
B010,2022-06-22 05:00:00,1,611T2300,0,,,1,0,0
B010,2022-06-22 05:00:00,2,611E2360,0,,,1,0,0
B010,2022-06-22 06:00:00,0,611H7406,0,,,1,0,0
B010,2022-06-22 06:00:00,1,611T2300,0,,,1,0,0
B010,2022-06-22 06:00:00,2,611E2360,0,,,1,0,0
B010,2022-06-22 07:00:00,0,611H7406,0,,,1,0,0
B010,2022-06-22 07:00:00,1,611T2300,0.01198324001,,,1,0,0
B010,2022-06-22 07:00:00,2,611E2360,0.6042283868,,,1,0,0
B010,2022-06-22 08:00:00,0,611H7406,0,,113,1,0,1
B010,2022-06-22 08:00:00,1,611T2300,0,,,1,0,0
B010,2022-06-22 08:00:00,2,611E2360,0,,79.57,1,0,1
B010,2022-06-22 09:00:00,0,611H7406,0.1585301659,,113,1,0,1
B010,2022-06-22 09:00:00,1,611T2300,0.004864676789,,,1,0,0
B010,2022-06-22 09:00:00,2,611E2360,0,,,1,0,0
B010,2022-06-22 10:00:00,0,611H7406,0,,113,1,0,1
B010,2022-06-22 10:00:00,1,611T2300,0,,,1,0,0
B010,2022-06-22 10:00:00,2,611E2360,0,,,1,0,0
B010,2022-06-22 11:00:00,0,611H7406,0,,113,1,0,1
B010,2022-06-22 11:00:00,1,611T2300,0,,,1,0,0
B010,2022-06-22 11:00:00,2,611E2360,0,,,1,0,0
B010,2022-06-22 12:00:00,0,611H7406,0,,113,1,0,1
B010,2022-06-22 12:00:00,1,611T2300,0,,,1,0,0
B010,2022-06-22 12:00:00,2,611E2360,0,,,1,0,0
B010,2022-06-22 13:00:00,0,611H7406,0,,113,1,0,1
B010,2022-06-22 13:00:00,1,611T2300,0,,,1,0,0
B010,2022-06-22 13:00:00,2,611E2360,0,,,1,0,0
B010,2022-06-22 14:00:00,0,611H7406,0,,113,1,0,1
B010,2022-06-22 14:00:00,1,611T2300,0,,,1,0,0
B010,2022-06-22 14:00:00,2,611E2360,0,,,1,0,0
B010,2022-06-22 15:00:00,0,611H7406,0,,,1,0,0
B010,2022-06-22 15:00:00,1,611T2300,0,,,1,0,0
B010,2022-06-22 15:00:00,2,611E2360,0,,,1,0,0
B010,2022-06-22 16:00:00,0,611H7406,0,,113.01,1,0,1
B010,2022-06-22 16:00:00,1,611T2300,0,,,1,0,0
B010,2022-06-22 16:00:00,2,611E2360,0,,,1,0,0
B010,2022-06-22 17:00:00,0,611H7406,0,,113.02,1,0,1
B010,2022-06-22 17:00:00,1,611T2300,0,,,1,0,0
B010,2022-06-22 17:00:00,2,611E2360,0,,79.51,1,0,1
B010,2022-06-22 18:00:00,0,611H7406,0,,112.98,1,0,1
B010,2022-06-22 18:00:00,1,611T2300,0,,,1,0,0
B010,2022-06-22 18:00:00,2,611E2360,0,,79.52,1,0,1
B010,2022-06-22 19:00:00,0,611H7406,0,,113.02,1,0,1
B010,2022-06-22 19:00:00,1,611T2300,0,,,1,0,0
B010,2022-06-22 19:00:00,2,611E2360,0,,79.52,1,0,1
B010,2022-06-26 06:00:00,0,611H7406,0,,112.93,1,0,1
B010,2022-06-26 06:00:00,1,611T2300,0,,,1,0,0
B010,2022-06-26 06:00:00,2,611E2360,0,,79.39,1,0,1
B010,2022-06-26 07:00:00,0,611H7406,0,,,1,0,0
B010,2022-06-26 07:00:00,1,611T2300,0,,,1,0,0
B010,2022-06-26 07:00:00,2,611E2360,0,,79.39,1,0,1
B010,2022-06-26 08:00:00,0,611H7406,0,,,1,0,0
B010,2022-06-26 08:00:00,1,611T2300,0,,,1,0,0
B010,2022-06-26 08:00:00,2,611E2360,0,,79.39,1,0,1
B010,2022-06-26 09:00:00,0,611H7406,0,,,1,0,0
B010,2022-06-26 09:00:00,1,611T2300,0,,,1,0,0
B010,2022-06-26 09:00:00,2,611E2360,0,,79.39,1,0,1
B010,2022-06-26 10:00:00,0,611H7406,0,,112.93,1,0,1
B010,2022-06-26 10:00:00,1,611T2300,0,,,1,0,0
B010,2022-06-26 10:00:00,2,611E2360,0,,79.39,1,0,1
B010,2022-06-26 11:00:00,0,611H7406,0,,112.93,1,0,1
B010,2022-06-26 11:00:00,1,611T2300,0,,,1,0,0
B010,2022-06-26 11:00:00,2,611E2360,0,,79.39,1,0,1
B010,2022-06-26 12:00:00,0,611H7406,0,,112.93,1,0,1
B010,2022-06-26 12:00:00,1,611T2300,0,,,1,0,0
B010,2022-06-26 12:00:00,2,611E2360,0,,79.38,1,0,1
B010,2022-06-26 13:00:00,0,611H7406,0,,112.93,1,0,1
B010,2022-06-26 13:00:00,1,611T2300,0,,,1,0,0
B010,2022-06-26 13:00:00,2,611E2360,0,,79.38,1,0,1
B010,2022-06-26 14:00:00,0,611H7406,0,,112.93,1,0,1
B010,2022-06-26 14:00:00,1,611T2300,0,,,1,0,0
B010,2022-06-26 14:00:00,2,611E2360,0,,79.37,1,0,1
B010,2022-06-26 15:00:00,0,611H7406,0,,112.93,1,0,1
B010,2022-06-26 15:00:00,1,611T2300,0,,,1,0,0
B010,2022-06-26 15:00:00,2,611E2360,0,,79.37,1,0,1
B010,2022-06-26 16:00:00,0,611H7406,0,,,1,0,0
B010,2022-06-26 16:00:00,1,611T2300,0,,,1,0,0
B010,2022-06-26 16:00:00,2,611E2360,0,,79.39,1,0,1
B010,2022-06-26 17:00:00,0,611H7406,0,,,1,0,0
B010,2022-06-26 17:00:00,1,611T2300,0,,,1,0,0
B010,2022-06-26 17:00:00,2,611E2360,0,,79.38,1,0,1
B010,2022-06-26 18:00:00,0,611H7406,0,,,1,0,0
B010,2022-06-26 18:00:00,1,611T2300,0,,,1,0,0
B010,2022-06-26 18:00:00,2,611E2360,0,,79.37,1,0,1
B010,2022-06-26 19:00:00,0,611H7406,0,,,1,0,0
B010,2022-06-26 19:00:00,1,611T2300,0,,,1,0,0
B010,2022-06-26 19:00:00,2,611E2360,0,,79.37,1,0,1
B010,2022-06-26 20:00:00,0,611H7406,0,,112.93,1,0,1
B010,2022-06-26 20:00:00,1,611T2300,0,,,1,0,0
B010,2022-06-26 20:00:00,2,611E2360,0,,79.37,1,0,1
B010,2022-06-26 21:00:00,0,611H7406,0,,112.93,1,0,1
B010,2022-06-26 21:00:00,1,611T2300,0,,,1,0,0
B010,2022-06-26 21:00:00,2,611E2360,0,,79.37,1,0,1
B010,2022-06-26 22:00:00,0,611H7406,0,,112.93,1,0,1
B010,2022-06-26 22:00:00,1,611T2300,0,,,1,0,0
B010,2022-06-26 22:00:00,2,611E2360,0,,79.36,1,0,1
B010,2022-06-26 23:00:00,0,611H7406,0,,,1,0,0
B010,2022-06-26 23:00:00,1,611T2300,0,,,1,0,0
B010,2022-06-26 23:00:00,2,611E2360,0,,79.36,1,0,1
B010,2022-06-27 00:00:00,0,611H7406,0,,112.93,1,0,1
B010,2022-06-27 00:00:00,1,611T2300,0,,,1,0,0
B010,2022-06-27 00:00:00,2,611E2360,0,,79.37,1,0,1
B010,2022-06-27 01:00:00,0,611H7406,0,,112.93,1,0,1
B010,2022-06-27 01:00:00,1,611T2300,0,,,1,0,0
B010,2022-06-27 01:00:00,2,611E2360,0,,79.37,1,0,1
B010,2022-06-27 02:00:00,0,611H7406,0,,112.93,1,0,1
B010,2022-06-27 02:00:00,1,611T2300,0,,,1,0,0
B010,2022-06-27 02:00:00,2,611E2360,0,,79.36,1,0,1
B010,2022-06-27 03:00:00,0,611H7406,0,,112.93,1,0,1
B010,2022-06-27 03:00:00,1,611T2300,0,,,1,0,0
B010,2022-06-27 03:00:00,2,611E2360,0,,79.36,1,0,1
B010,2022-06-27 04:00:00,0,611H7406,0,,112.93,1,0,1
B010,2022-06-27 04:00:00,1,611T2300,0,,,1,0,0
B010,2022-06-27 04:00:00,2,611E2360,0,,79.36,1,0,1
B010,2022-06-27 05:00:00,0,611H7406,0,,,1,0,0
B010,2022-06-27 05:00:00,1,611T2300,0,,,1,0,0
B010,2022-06-27 05:00:00,2,611E2360,0,,79.36,1,0,1
B010,2022-06-27 06:00:00,0,611H7406,0,,112.93,1,0,1
B010,2022-06-27 06:00:00,1,611T2300,0,,,1,0,0
B010,2022-06-27 06:00:00,2,611E2360,0,,79.36,1,0,1
B010,2022-06-27 07:00:00,0,611H7406,0,,112.93,1,0,1
B010,2022-06-27 07:00:00,1,611T2300,0,,,1,0,0
B010,2022-06-27 07:00:00,2,611E2360,0,,79.36,1,0,1
B010,2022-06-27 08:00:00,0,611H7406,0,,,1,0,0
B010,2022-06-27 08:00:00,1,611T2300,0,,,1,0,0
B010,2022-06-27 08:00:00,2,611E2360,0,,79.36,1,0,1
B010,2022-06-27 09:00:00,0,611H7406,0,,112.93,1,0,1
B010,2022-06-27 09:00:00,1,611T2300,0,,,1,0,0
B010,2022-06-27 09:00:00,2,611E2360,0,,79.35,1,0,1
B010,2022-06-27 10:00:00,0,611H7406,0,,,1,0,0
B010,2022-06-27 10:00:00,1,611T2300,0,,,1,0,0
B010,2022-06-27 10:00:00,2,611E2360,0,,79.35,1,0,1
B010,2022-06-27 11:00:00,0,611H7406,0,,112.93,1,0,1
B010,2022-06-27 11:00:00,1,611T2300,0,,,1,0,0
B010,2022-06-27 11:00:00,2,611E2360,0,,79.35,1,0,1
B010,2022-06-27 12:00:00,0,611H7406,0,,112.93,1,0,1
B010,2022-06-27 12:00:00,1,611T2300,0,,,1,0,0
B010,2022-06-27 12:00:00,2,611E2360,0,,79.35,1,0,1
B010,2022-06-27 13:00:00,0,611H7406,0,,,1,0,0
B010,2022-06-27 13:00:00,1,611T2300,0,,,1,0,0
B010,2022-06-27 13:00:00,2,611E2360,0,,79.34,1,0,1
B010,2022-06-27 14:00:00,0,611H7406,0,,112.93,1,0,1
B010,2022-06-27 14:00:00,1,611T2300,0,,,1,0,0
B010,2022-06-27 14:00:00,2,611E2360,0,,79.34,1,0,1
B010,2022-06-27 15:00:00,0,611H7406,0,,112.93,1,0,1
B010,2022-06-27 15:00:00,1,611T2300,0,,,1,0,0
B010,2022-06-27 15:00:00,2,611E2360,0,,79.34,1,0,1
B010,2022-06-27 16:00:00,0,611H7406,0,,112.93,1,0,1
B010,2022-06-27 16:00:00,1,611T2300,0,,,1,0,0
B010,2022-06-27 16:00:00,2,611E2360,0,,79.33,1,0,1
B010,2022-06-27 17:00:00,0,611H7406,0,,,1,0,0
B010,2022-06-27 17:00:00,1,611T2300,0,,,1,0,0
B010,2022-06-27 17:00:00,2,611E2360,0,,79.32,1,0,1
B010,2022-06-27 18:00:00,0,611H7406,0,,112.93,1,0,1
B010,2022-06-27 18:00:00,1,611T2300,0,,,1,0,0
B010,2022-06-27 18:00:00,2,611E2360,0,,79.32,1,0,1
B010,2022-06-27 19:00:00,0,611H7406,0,,112.93,1,0,1
B010,2022-06-27 19:00:00,1,611T2300,0,,,1,0,0
B010,2022-06-27 19:00:00,2,611E2360,0,,79.33,1,0,1
B010,2022-06-27 20:00:00,0,611H7406,0,,112.93,1,0,1
B010,2022-06-27 20:00:00,1,611T2300,0,,,1,0,0
B010,2022-06-27 20:00:00,2,611E2360,0,,79.34,1,0,1
B010,2022-06-27 21:00:00,0,611H7406,0,,,1,0,0
B010,2022-06-27 21:00:00,1,611T2300,0,,,1,0,0
B010,2022-06-27 21:00:00,2,611E2360,0,,79.34,1,0,1
B010,2022-06-27 22:00:00,0,611H7406,0,,112.93,1,0,1
B010,2022-06-27 22:00:00,1,611T2300,0,,,1,0,0
B010,2022-06-27 22:00:00,2,611E2360,0,,79.34,1,0,1
B010,2022-06-27 23:00:00,0,611H7406,0,,112.93,1,0,1
B010,2022-06-27 23:00:00,1,611T2300,0,,,1,0,0
B010,2022-06-27 23:00:00,2,611E2360,0,,79.34,1,0,1
B010,2022-06-28 00:00:00,0,611H7406,0,,112.93,1,0,1
B010,2022-06-28 00:00:00,1,611T2300,0,,,1,0,0
B010,2022-06-28 00:00:00,2,611E2360,0,,79.34,1,0,1
B010,2022-06-28 01:00:00,0,611H7406,0,,112.93,1,0,1
B010,2022-06-28 01:00:00,1,611T2300,0,,,1,0,0
B010,2022-06-28 01:00:00,2,611E2360,0,,79.34,1,0,1
B010,2022-06-28 02:00:00,0,611H7406,0,,112.93,1,0,1
B010,2022-06-28 02:00:00,1,611T2300,0,,,1,0,0
B010,2022-06-28 02:00:00,2,611E2360,0,,79.34,1,0,1
B010,2022-06-28 03:00:00,0,611H7406,0,,112.93,1,0,1
B010,2022-06-28 03:00:00,1,611T2300,0,,,1,0,0
B010,2022-06-28 03:00:00,2,611E2360,0,,79.34,1,0,1
B010,2022-06-28 04:00:00,0,611H7406,0,,112.93,1,0,1
B010,2022-06-28 04:00:00,1,611T2300,0,,,1,0,0
B010,2022-06-28 04:00:00,2,611E2360,0,,79.35,1,0,1
B010,2022-06-28 05:00:00,0,611H7406,0,,112.93,1,0,1
B010,2022-06-28 05:00:00,1,611T2300,0,,,1,0,0
B010,2022-06-28 05:00:00,2,611E2360,0,,79.35,1,0,1
B010,2022-06-28 06:00:00,0,611H7406,2.00694983,,112.93,1,0,1
B010,2022-06-28 06:00:00,1,611T2300,0.7817905571,,,1,0,0
B010,2022-06-28 06:00:00,2,611E2360,0.01764481083,,79.35,1,0,1
B010,2022-06-28 07:00:00,0,611H7406,1.013521022,,112.93,1,0,1
B010,2022-06-28 07:00:00,1,611T2300,1.865682028,,,1,0,0
B010,2022-06-28 07:00:00,2,611E2360,2.33426634,,79.35,1,0,1
B010,2022-06-28 08:00:00,0,611H7406,1.171156805,,112.97,1,0,1
B010,2022-06-28 08:00:00,1,611T2300,1.454931397,,,1,0,0
B010,2022-06-28 08:00:00,2,611E2360,2.703765076,,79.35,1,0,1
B010,2022-06-28 09:00:00,0,611H7406,0.1733435169,,112.97,1,0,1
B010,2022-06-28 09:00:00,1,611T2300,0.2133672554,,,1,0,0
B010,2022-06-28 09:00:00,2,611E2360,2.832663276,,79.37,1,0,1
B010,2022-06-28 10:00:00,0,611H7406,0.3044392212,,112.95,1,0,1
B010,2022-06-28 10:00:00,1,611T2300,0.2060531973,,,1,0,0
B010,2022-06-28 10:00:00,2,611E2360,0.003389950478,,79.44,1,0,1
B010,2022-06-28 11:00:00,0,611H7406,0,,113.16,1,0,1
B010,2022-06-28 11:00:00,1,611T2300,0,,,1,0,0
B010,2022-06-28 11:00:00,2,611E2360,0,,79.67,1,0,1
B010,2022-06-28 12:00:00,0,611H7406,0,,113.14,1,0,1
B010,2022-06-28 12:00:00,1,611T2300,0.002396648001,,,1,0,0
B010,2022-06-28 12:00:00,2,611E2360,0.1208456774,,79.93,1,0,1
B010,2022-06-28 13:00:00,0,611H7406,0,,112.95,1,0,1
B010,2022-06-28 13:00:00,1,611T2300,0,,,1,0,0
B010,2022-06-28 13:00:00,2,611E2360,0,,80.08,1,0,1
B010,2022-06-28 14:00:00,0,611H7406,0,,112.99,1,0,1
B010,2022-06-28 14:00:00,1,611T2300,0,,,1,0,0
B010,2022-06-28 14:00:00,2,611E2360,0,,80.06,1,0,1
B010,2022-06-28 15:00:00,0,611H7406,0,,113.01,1,0,1
B010,2022-06-28 15:00:00,1,611T2300,0,,,1,0,0
B010,2022-06-28 15:00:00,2,611E2360,0,,79.98,1,0,1
B010,2022-06-28 16:00:00,0,611H7406,0,,112.97,1,0,1
B010,2022-06-28 16:00:00,1,611T2300,0,,,1,0,0
B010,2022-06-28 16:00:00,2,611E2360,0,,79.92,1,0,1
B010,2022-06-28 17:00:00,0,611H7406,0,,112.97,1,0,1
B010,2022-06-28 17:00:00,1,611T2300,0,,,1,0,0
B010,2022-06-28 17:00:00,2,611E2360,0,,79.85,1,0,1
B010,2022-06-28 18:00:00,0,611H7406,0,,112.93,1,0,1
B010,2022-06-28 18:00:00,1,611T2300,0,,,1,0,0
B010,2022-06-28 18:00:00,2,611E2360,0.001785876766,,79.79,1,0,1
B010,2022-06-28 19:00:00,0,611H7406,0,,112.93,1,0,1
B010,2022-06-28 19:00:00,1,611T2300,0,,,1,0,0
B010,2022-06-28 19:00:00,2,611E2360,0,,79.75,1,0,1
B010,2022-06-28 20:00:00,0,611H7406,0,,112.89,1,0,1
B010,2022-06-28 20:00:00,1,611T2300,0,,,1,0,0
B010,2022-06-28 20:00:00,2,611E2360,0,,79.72,1,0,1
B010,2022-06-28 21:00:00,0,611H7406,0,,112.91,1,0,1
B010,2022-06-28 21:00:00,1,611T2300,0,,,1,0,0
B010,2022-06-28 21:00:00,2,611E2360,0,,79.69,1,0,1
B010,2022-06-28 22:00:00,0,611H7406,0,,112.93,1,0,1
B010,2022-06-28 22:00:00,1,611T2300,0,,,1,0,0
B010,2022-06-28 22:00:00,2,611E2360,0,,79.66,1,0,1
B010,2022-06-28 23:00:00,0,611H7406,0,,112.78,1,0,1
B010,2022-06-28 23:00:00,1,611T2300,0,,,1,0,0
B010,2022-06-28 23:00:00,2,611E2360,0,,79.64,1,0,1
B010,2022-06-29 00:00:00,0,611H7406,0,,112.76,1,0,1
B010,2022-06-29 00:00:00,1,611T2300,0,,,1,0,0
B010,2022-06-29 00:00:00,2,611E2360,0,,79.63,1,0,1
B010,2022-06-29 01:00:00,0,611H7406,0,,112.76,1,0,1
B010,2022-06-29 01:00:00,1,611T2300,0,,,1,0,0
B010,2022-06-29 01:00:00,2,611E2360,0,,79.61,1,0,1
B010,2022-06-29 02:00:00,0,611H7406,0,,112.74,1,0,1
B010,2022-06-29 02:00:00,1,611T2300,0,,,1,0,0
B010,2022-06-29 02:00:00,2,611E2360,0,,79.6,1,0,1
B010,2022-06-29 03:00:00,0,611H7406,0,,112.74,1,0,1
B010,2022-06-29 03:00:00,1,611T2300,0,,,1,0,0
B010,2022-06-29 03:00:00,2,611E2360,0,,79.59,1,0,1
B010,2022-06-29 04:00:00,0,611H7406,0,,112.74,1,0,1
B010,2022-06-29 04:00:00,1,611T2300,0,,,1,0,0
B010,2022-06-29 04:00:00,2,611E2360,0,,79.58,1,0,1
B010,2022-06-29 05:00:00,0,611H7406,0,,112.72,1,0,1
B010,2022-06-29 05:00:00,1,611T2300,0,,,1,0,0
B010,2022-06-29 05:00:00,2,611E2360,0,,79.57,1,0,1
B010,2022-06-29 06:00:00,0,611H7406,0,,,1,0,0
B010,2022-06-29 06:00:00,1,611T2300,0,,,1,0,0
B010,2022-06-29 06:00:00,2,611E2360,0,,79.56,1,0,1
B010,2022-06-29 07:00:00,0,611H7406,1.728944221,,,1,0,0
B010,2022-06-29 07:00:00,1,611T2300,1.447306806,,,1,0,0
B010,2022-06-29 07:00:00,2,611E2360,5.662449857,,79.55,1,0,1
B010,2022-06-29 08:00:00,0,611H7406,0,,112.87,1,0,1
B010,2022-06-29 08:00:00,1,611T2300,0,,,1,0,0
B010,2022-06-29 08:00:00,2,611E2360,0,,79.53,1,0,1
B010,2022-06-29 09:00:00,0,611H7406,0,,,1,0,0
B010,2022-06-29 09:00:00,1,611T2300,0,,,1,0,0
B010,2022-06-29 09:00:00,2,611E2360,0,,79.53,1,0,1
B010,2022-06-29 10:00:00,0,611H7406,0,,112.89,1,0,1
B010,2022-06-29 10:00:00,1,611T2300,0,,,1,0,0
B010,2022-06-29 10:00:00,2,611E2360,0,,79.52,1,0,1
B010,2022-06-29 11:00:00,0,611H7406,0,,112.89,1,0,1
B010,2022-06-29 11:00:00,1,611T2300,0,,,1,0,0
B010,2022-06-29 11:00:00,2,611E2360,0,,79.51,1,0,1
B010,2022-06-29 12:00:00,0,611H7406,0,,,1,0,0
B010,2022-06-29 12:00:00,1,611T2300,0,,,1,0,0
B010,2022-06-29 12:00:00,2,611E2360,0,,79.51,1,0,1
B010,2022-06-29 13:00:00,0,611H7406,0,,112.91,1,0,1
B010,2022-06-29 13:00:00,1,611T2300,0,,,1,0,0
B010,2022-06-29 13:00:00,2,611E2360,0,,79.5,1,0,1
B010,2022-06-29 14:00:00,0,611H7406,0,,112.93,1,0,1
B010,2022-06-29 14:00:00,1,611T2300,0,,,1,0,0
B010,2022-06-29 14:00:00,2,611E2360,0,,79.49,1,0,1
B010,2022-06-29 15:00:00,0,611H7406,0,,112.93,1,0,1
B010,2022-06-29 15:00:00,1,611T2300,0,,,1,0,0
B010,2022-06-29 15:00:00,2,611E2360,0,,79.49,1,0,1
B010,2022-06-29 16:00:00,0,611H7406,0,,112.93,1,0,1
B010,2022-06-29 16:00:00,1,611T2300,0,,,1,0,0
B010,2022-06-29 16:00:00,2,611E2360,0,,79.48,1,0,1
B010,2022-06-29 17:00:00,0,611H7406,0,,112.93,1,0,1
B010,2022-06-29 17:00:00,1,611T2300,0,,,1,0,0
B010,2022-06-29 17:00:00,2,611E2360,0,,79.47,1,0,1
B010,2022-06-29 18:00:00,0,611H7406,0,,112.93,1,0,1
B010,2022-06-29 18:00:00,1,611T2300,0,,,1,0,0
B010,2022-06-29 18:00:00,2,611E2360,0,,79.47,1,0,1
B010,2022-06-29 19:00:00,0,611H7406,0,,112.93,1,0,1
B010,2022-06-29 19:00:00,1,611T2300,0,,,1,0,0
B010,2022-06-29 19:00:00,2,611E2360,0.001604073712,,79.47,1,0,1
B010,2022-06-29 20:00:00,0,611H7406,0,,112.93,1,0,1
B010,2022-06-29 20:00:00,1,611T2300,0,,,1,0,0
B010,2022-06-29 20:00:00,2,611E2360,0,,79.47,1,0,1
B010,2022-06-29 21:00:00,0,611H7406,0,,,1,0,0
B010,2022-06-29 21:00:00,1,611T2300,0,,,1,0,0
B010,2022-06-29 21:00:00,2,611E2360,0,,,1,0,0
B010,2022-06-29 22:00:00,0,611H7406,0,,112.93,1,0,1
B010,2022-06-29 22:00:00,1,611T2300,0,,,1,0,0
B010,2022-06-29 22:00:00,2,611E2360,0,,79.46,1,0,1
B010,2022-06-29 23:00:00,0,611H7406,0,,,1,0,0
B010,2022-06-29 23:00:00,1,611T2300,0,,,1,0,0
B010,2022-06-29 23:00:00,2,611E2360,0,,79.46,1,0,1
B010,2022-06-30 00:00:00,0,611H7406,0,,112.93,1,0,1
B010,2022-06-30 00:00:00,1,611T2300,0,,,1,0,0
B010,2022-06-30 00:00:00,2,611E2360,0,,79.46,1,0,1
B010,2022-06-30 01:00:00,0,611H7406,0,,112.93,1,0,1
B010,2022-06-30 01:00:00,1,611T2300,0,,,1,0,0
B010,2022-06-30 01:00:00,2,611E2360,0,,79.46,1,0,1
B010,2022-06-30 02:00:00,0,611H7406,0,,,1,0,0
B010,2022-06-30 02:00:00,1,611T2300,0,,,1,0,0
B010,2022-06-30 02:00:00,2,611E2360,0,,79.46,1,0,1
B010,2022-06-30 03:00:00,0,611H7406,0,,112.93,1,0,1
B010,2022-06-30 03:00:00,1,611T2300,0,,,1,0,0
B010,2022-06-30 03:00:00,2,611E2360,0,,79.46,1,0,1
B010,2022-06-30 04:00:00,0,611H7406,0,,112.93,1,0,1
B010,2022-06-30 04:00:00,1,611T2300,0,,,1,0,0
B010,2022-06-30 04:00:00,2,611E2360,0,,79.45,1,0,1
B010,2022-06-30 05:00:00,0,611H7406,0,,112.93,1,0,1
B010,2022-06-30 05:00:00,1,611T2300,0,,,1,0,0
B010,2022-06-30 05:00:00,2,611E2360,0,,79.45,1,0,1
B010,2022-06-30 06:00:00,0,611H7406,0,,112.93,1,0,1
B010,2022-06-30 06:00:00,1,611T2300,0,,,1,0,0
B010,2022-06-30 06:00:00,2,611E2360,0,,79.45,1,0,1
B010,2022-06-30 07:00:00,0,611H7406,0,,,1,0,0
B010,2022-06-30 07:00:00,1,611T2300,0,,,1,0,0
B010,2022-06-30 07:00:00,2,611E2360,0.001604073712,,79.45,1,0,1
B010,2022-06-30 08:00:00,0,611H7406,0,,112.93,1,0,1
B010,2022-06-30 08:00:00,1,611T2300,0,,,1,0,0
B010,2022-06-30 08:00:00,2,611E2360,0,,79.45,1,0,1
B010,2022-06-30 09:00:00,0,611H7406,0,,112.93,1,0,1
B010,2022-06-30 09:00:00,1,611T2300,0,,,1,0,0
B010,2022-06-30 09:00:00,2,611E2360,0,,,1,0,0
B010,2022-06-30 10:00:00,0,611H7406,0,,112.93,1,0,1
B010,2022-06-30 10:00:00,1,611T2300,0,,,1,0,0
B010,2022-06-30 10:00:00,2,611E2360,0,,,1,0,0
B010,2022-06-30 11:00:00,0,611H7406,0.718212813,,112.93,1,0,1
B010,2022-06-30 11:00:00,1,611T2300,0,,,1,0,0
B010,2022-06-30 11:00:00,2,611E2360,0,,,1,0,0
B010,2022-06-30 12:00:00,0,611H7406,8.106364103,,112.93,1,0,1
B010,2022-06-30 12:00:00,1,611T2300,0.3362448361,,,1,0,0
B010,2022-06-30 12:00:00,2,611E2360,0.2416913547,,,1,0,0
B010,2022-06-30 13:00:00,0,611H7406,0,,112.76,1,0,1
B010,2022-06-30 13:00:00,1,611T2300,0,,,1,0,0
B010,2022-06-30 13:00:00,2,611E2360,0,,,1,0,0
B010,2022-06-30 14:00:00,0,611H7406,0.04224781253,,112.97,1,0,1
B010,2022-06-30 14:00:00,1,611T2300,0,,,1,0,0
B010,2022-06-30 14:00:00,2,611E2360,0,,79.42,1,0,1
B010,2022-06-30 15:00:00,0,611H7406,0,,112.95,1,0,1
B010,2022-06-30 15:00:00,1,611T2300,0,,,1,0,0
B010,2022-06-30 15:00:00,2,611E2360,0,,79.41,1,0,1
B010,2022-06-30 16:00:00,0,611H7406,0,,112.99,1,0,1
B010,2022-06-30 16:00:00,1,611T2300,0,,,1,0,0
B010,2022-06-30 16:00:00,2,611E2360,0,,79.41,1,0,1
B010,2022-06-30 17:00:00,0,611H7406,0,,113,1,0,1
B010,2022-06-30 17:00:00,1,611T2300,0,,,1,0,0
B010,2022-06-30 17:00:00,2,611E2360,0,,79.4,1,0,1
B010,2022-06-30 18:00:00,0,611H7406,0,,112.96,1,0,1
B010,2022-06-30 18:00:00,1,611T2300,0,,,1,0,0
B010,2022-06-30 18:00:00,2,611E2360,0,,79.49,1,0,1
B010,2022-06-30 19:00:00,0,611H7406,0,,112.9,1,0,1
B010,2022-06-30 19:00:00,1,611T2300,0,,,1,0,0
B010,2022-06-30 19:00:00,2,611E2360,0,,79.53,1,0,1
B010,2023-04-19 22:00:00,0,611H7406,0,,112.26,1,0,1
B010,2023-04-19 22:00:00,1,611T2300,0,,,1,0,0
B010,2023-04-19 22:00:00,2,611E2360,0,,79.5,1,0,1
B010,2023-04-19 23:00:00,0,611H7406,0,,111.72,1,0,1
B010,2023-04-19 23:00:00,1,611T2300,0,,,1,0,0
B010,2023-04-19 23:00:00,2,611E2360,0,,79.49,1,0,1
B010,2023-04-20 00:00:00,0,611H7406,0,,111.64,1,0,1
B010,2023-04-20 00:00:00,1,611T2300,0,,,1,0,0
B010,2023-04-20 00:00:00,2,611E2360,0,,79.49,1,0,1
B010,2023-04-20 01:00:00,0,611H7406,0,,,1,0,0
B010,2023-04-20 01:00:00,1,611T2300,0,,,1,0,0
B010,2023-04-20 01:00:00,2,611E2360,0.001785876766,,79.5,1,0,1
B010,2023-04-20 02:00:00,0,611H7406,0,,111.72,1,0,1
B010,2023-04-20 02:00:00,1,611T2300,0,,,1,0,0
B010,2023-04-20 02:00:00,2,611E2360,0,,79.5,1,0,1
B010,2023-04-20 03:00:00,0,611H7406,0,,111.83,1,0,1
B010,2023-04-20 03:00:00,1,611T2300,0,,,1,0,0
B010,2023-04-20 03:00:00,2,611E2360,0,,79.47,1,0,1
B010,2023-04-20 04:00:00,0,611H7406,0,,,1,0,0
B010,2023-04-20 04:00:00,1,611T2300,0,,,1,0,0
B010,2023-04-20 04:00:00,2,611E2360,0,,79.46,1,0,1
B010,2023-04-20 05:00:00,0,611H7406,0,,,1,0,0
B010,2023-04-20 05:00:00,1,611T2300,0,,,1,0,0
B010,2023-04-20 05:00:00,2,611E2360,0,,79.45,1,0,1
B010,2023-04-20 06:00:00,0,611H7406,0,,111.85,1,0,1
B010,2023-04-20 06:00:00,1,611T2300,0.009586592005,,,1,0,0
B010,2023-04-20 06:00:00,2,611E2360,0.4833827094,,79.44,1,0,1
B010,2023-04-20 07:00:00,0,611H7406,0,,111.85,1,0,1
B010,2023-04-20 07:00:00,1,611T2300,0.002396648001,,,1,0,0
B010,2023-04-20 07:00:00,2,611E2360,0.1226315541,,79.42,1,0,1
B010,2023-04-20 08:00:00,0,611H7406,0,,111.69,1,0,1
B010,2023-04-20 08:00:00,1,611T2300,0,,,1,0,0
B010,2023-04-20 08:00:00,2,611E2360,0,,79.42,1,0,1
B010,2023-04-20 09:00:00,0,611H7406,0,,111.71,1,0,1
B010,2023-04-20 09:00:00,1,611T2300,0,,,1,0,0
B010,2023-04-20 09:00:00,2,611E2360,0,,79.41,1,0,1
B010,2023-04-20 10:00:00,0,611H7406,0,,111.71,1,0,1
B010,2023-04-20 10:00:00,1,611T2300,0,,,1,0,0
B010,2023-04-20 10:00:00,2,611E2360,0,,79.41,1,0,1
B010,2023-04-20 11:00:00,0,611H7406,0,,,1,0,0
B010,2023-04-20 11:00:00,1,611T2300,0,,,1,0,0
B010,2023-04-20 11:00:00,2,611E2360,0,,79.41,1,0,1
B010,2023-04-20 12:00:00,0,611H7406,0,,111.69,1,0,1
B010,2023-04-20 12:00:00,1,611T2300,0,,,1,0,0
B010,2023-04-20 12:00:00,2,611E2360,0,,79.4,1,0,1
B010,2023-04-20 13:00:00,0,611H7406,0,,111.85,1,0,1
B010,2023-04-20 13:00:00,1,611T2300,0,,,1,0,0
B010,2023-04-20 13:00:00,2,611E2360,0,,79.39,1,0,1
B010,2023-04-20 14:00:00,0,611H7406,0,,111.71,1,0,1
B010,2023-04-20 14:00:00,1,611T2300,0,,,1,0,0
B010,2023-04-20 14:00:00,2,611E2360,0,,79.39,1,0,1
B010,2023-04-20 15:00:00,0,611H7406,0,,111.73,1,0,1
B010,2023-04-20 15:00:00,1,611T2300,0,,,1,0,0
B010,2023-04-20 15:00:00,2,611E2360,0,,,1,0,0
B010,2023-04-20 16:00:00,0,611H7406,0,,111.71,1,0,1
B010,2023-04-20 16:00:00,1,611T2300,0,,,1,0,0
B010,2023-04-20 16:00:00,2,611E2360,0,,,1,0,0
B010,2023-04-20 17:00:00,0,611H7406,0,,111.7,1,0,1
B010,2023-04-20 17:00:00,1,611T2300,0,,,1,0,0
B010,2023-04-20 17:00:00,2,611E2360,0,,,1,0,0
B010,2023-04-20 18:00:00,0,611H7406,0,,111.72,1,0,1
B010,2023-04-20 18:00:00,1,611T2300,0,,,1,0,0
B010,2023-04-20 18:00:00,2,611E2360,0,,,1,0,0
B010,2023-04-20 19:00:00,0,611H7406,0,,111.72,1,0,1
B010,2023-04-20 19:00:00,1,611T2300,0,,,1,0,0
B010,2023-04-20 19:00:00,2,611E2360,0,,,1,0,0
B010,2023-04-20 20:00:00,0,611H7406,0,,111.72,1,0,1
B010,2023-04-20 20:00:00,1,611T2300,0,,,1,0,0
B010,2023-04-20 20:00:00,2,611E2360,0,,,1,0,0
B010,2023-04-20 21:00:00,0,611H7406,0,,111.72,1,0,1
B010,2023-04-20 21:00:00,1,611T2300,0,,,1,0,0
B010,2023-04-20 21:00:00,2,611E2360,0,,,1,0,0
B010,2023-04-20 22:00:00,0,611H7406,0,,111.72,1,0,1
B010,2023-04-20 22:00:00,1,611T2300,0,,,1,0,0
B010,2023-04-20 22:00:00,2,611E2360,0,,,1,0,0
B010,2023-04-20 23:00:00,0,611H7406,0,,111.7,1,0,1
B010,2023-04-20 23:00:00,1,611T2300,0,,,1,0,0
B010,2023-04-20 23:00:00,2,611E2360,0,,,1,0,0
B010,2023-04-21 00:00:00,0,611H7406,0,,111.7,1,0,1
B010,2023-04-21 00:00:00,1,611T2300,0,,,1,0,0
B010,2023-04-21 00:00:00,2,611E2360,0,,,1,0,0
B010,2023-04-21 01:00:00,0,611H7406,0,,,1,0,0
B010,2023-04-21 01:00:00,1,611T2300,0,,,1,0,0
B010,2023-04-21 01:00:00,2,611E2360,0,,,1,0,0
B010,2023-04-21 02:00:00,0,611H7406,0,,111.7,1,0,1
B010,2023-04-21 02:00:00,1,611T2300,0,,,1,0,0
B010,2023-04-21 02:00:00,2,611E2360,0,,,1,0,0
B010,2023-04-21 03:00:00,0,611H7406,0,,111.7,1,0,1
B010,2023-04-21 03:00:00,1,611T2300,0,,,1,0,0
B010,2023-04-21 03:00:00,2,611E2360,0,,,1,0,0
B010,2023-04-21 04:00:00,0,611H7406,0,,,1,0,0
B010,2023-04-21 04:00:00,1,611T2300,0,,,1,0,0
B010,2023-04-21 04:00:00,2,611E2360,0,,,1,0,0
B010,2023-04-21 05:00:00,0,611H7406,0,,111.7,1,0,1
B010,2023-04-21 05:00:00,1,611T2300,0,,,1,0,0
B010,2023-04-21 05:00:00,2,611E2360,0,,,1,0,0
B010,2023-04-21 06:00:00,0,611H7406,0,,111.7,1,0,1
B010,2023-04-21 06:00:00,1,611T2300,0,,,1,0,0
B010,2023-04-21 06:00:00,2,611E2360,0,,,1,0,0
B010,2023-04-21 07:00:00,0,611H7406,0,,,1,0,0
B010,2023-04-21 07:00:00,1,611T2300,0,,,1,0,0
B010,2023-04-21 07:00:00,2,611E2360,0,,,1,0,0
B010,2023-04-21 08:00:00,0,611H7406,0,,111.74,1,0,1
B010,2023-04-21 08:00:00,1,611T2300,0,,,1,0,0
B010,2023-04-21 08:00:00,2,611E2360,0,,,1,0,0
B010,2023-04-21 09:00:00,0,611H7406,0,,111.7,1,0,1
B010,2023-04-21 09:00:00,1,611T2300,0,,,1,0,0
B010,2023-04-21 09:00:00,2,611E2360,0,,,1,0,0
B010,2023-04-21 10:00:00,0,611H7406,0,,111.68,1,0,1
B010,2023-04-21 10:00:00,1,611T2300,0,,,1,0,0
B010,2023-04-21 10:00:00,2,611E2360,0,,,1,0,0
B010,2023-04-21 11:00:00,0,611H7406,0,,111.68,1,0,1
B010,2023-04-21 11:00:00,1,611T2300,0,,,1,0,0
B010,2023-04-21 11:00:00,2,611E2360,0,,79.34,1,0,1
B010,2023-04-21 12:00:00,0,611H7406,0,,111.68,1,0,1
B010,2023-04-21 12:00:00,1,611T2300,0,,,1,0,0
B010,2023-04-21 12:00:00,2,611E2360,0,,79.34,1,0,1
B010,2023-04-21 13:00:00,0,611H7406,0,,111.68,1,0,1
B010,2023-04-21 13:00:00,1,611T2300,0,,,1,0,0
B010,2023-04-21 13:00:00,2,611E2360,0,,79.34,1,0,1
B010,2023-04-21 14:00:00,0,611H7406,0,,111.68,1,0,1
B010,2023-04-21 14:00:00,1,611T2300,0,,,1,0,0
B010,2023-04-21 14:00:00,2,611E2360,0,,79.34,1,0,1
B010,2023-04-21 15:00:00,0,611H7406,0,,111.66,1,0,1
B010,2023-04-21 15:00:00,1,611T2300,0,,,1,0,0
B010,2023-04-21 15:00:00,2,611E2360,0,,79.33,1,0,1
B010,2023-04-21 16:00:00,0,611H7406,0,,111.66,1,0,1
B010,2023-04-21 16:00:00,1,611T2300,0,,,1,0,0
B010,2023-04-21 16:00:00,2,611E2360,0,,79.33,1,0,1
B010,2023-04-21 17:00:00,0,611H7406,0,,,1,0,0
B010,2023-04-21 17:00:00,1,611T2300,0,,,1,0,0
B010,2023-04-21 17:00:00,2,611E2360,0,,79.33,1,0,1
B010,2023-04-21 18:00:00,0,611H7406,0,,111.65,1,0,1
B010,2023-04-21 18:00:00,1,611T2300,0,,,1,0,0
B010,2023-04-21 18:00:00,2,611E2360,0,,79.32,1,0,1
B010,2023-04-21 19:00:00,0,611H7406,0,,111.65,1,0,1
B010,2023-04-21 19:00:00,1,611T2300,0,,,1,0,0
B010,2023-04-21 19:00:00,2,611E2360,0,,79.32,1,0,1
B010,2023-04-21 20:00:00,0,611H7406,0,,111.65,1,0,1
B010,2023-04-21 20:00:00,1,611T2300,0,,,1,0,0
B010,2023-04-21 20:00:00,2,611E2360,0,,79.33,1,0,1
B010,2023-04-21 21:00:00,0,611H7406,0,,111.65,1,0,1
B010,2023-04-21 21:00:00,1,611T2300,0,,,1,0,0
B010,2023-04-21 21:00:00,2,611E2360,0,,79.34,1,0,1
B010,2023-04-21 22:00:00,0,611H7406,0,,111.65,1,0,1
B010,2023-04-21 22:00:00,1,611T2300,0.08474479518,,,1,0,0
B010,2023-04-21 22:00:00,2,611E2360,2.432077423,,79.34,1,0,1
B010,2023-04-21 23:00:00,0,611H7406,0,,111.65,1,0,1
B010,2023-04-21 23:00:00,1,611T2300,0,,,1,0,0
B010,2023-04-21 23:00:00,2,611E2360,0.001785876766,,79.35,1,0,1
B010,2023-04-22 00:00:00,0,611H7406,0.9873199901,,111.64,1,0,1
B010,2023-04-22 00:00:00,1,611T2300,0.08186158345,,,1,0,0
B010,2023-04-22 00:00:00,2,611E2360,0.004812221136,,79.36,1,0,1
B010,2023-04-22 01:00:00,0,611H7406,0.327521416,,111.64,1,0,1
B010,2023-04-22 01:00:00,1,611T2300,0.04407315994,,,1,0,0
B010,2023-04-22 01:00:00,2,611E2360,0.1208456774,,79.36,1,0,1
B010,2023-04-22 02:00:00,0,611H7406,0,,111.66,1,0,1
B010,2023-04-22 02:00:00,1,611T2300,0,,,1,0,0
B010,2023-04-22 02:00:00,2,611E2360,0,,79.36,1,0,1
B010,2023-04-22 03:00:00,0,611H7406,0,,111.68,1,0,1
B010,2023-04-22 03:00:00,1,611T2300,0,,,1,0,0
B010,2023-04-22 03:00:00,2,611E2360,0,,79.35,1,0,1
B010,2023-04-22 04:00:00,0,611H7406,0,,,1,0,0
B010,2023-04-22 04:00:00,1,611T2300,0,,,1,0,0
B010,2023-04-22 04:00:00,2,611E2360,0,,79.35,1,0,1
B010,2023-04-22 05:00:00,0,611H7406,0.1659368414,,111.69,1,0,1
B010,2023-04-22 05:00:00,1,611T2300,0.02633676136,,,1,0,0
B010,2023-04-22 05:00:00,2,611E2360,0.001604073712,,79.34,1,0,1
B010,2023-04-22 06:00:00,0,611H7406,0.1162823533,,111.69,1,0,1
B010,2023-04-22 06:00:00,1,611T2300,0.04167651194,,,1,0,0
B010,2023-04-22 06:00:00,2,611E2360,0.003389950478,,79.34,1,0,1
B010,2023-04-22 07:00:00,0,611H7406,1.574840574,,,1,0,0
B010,2023-04-22 07:00:00,1,611T2300,0.2142765582,,,1,0,0
B010,2023-04-22 07:00:00,2,611E2360,2.564515222,,79.33,1,0,1
B010,2023-04-22 08:00:00,0,611H7406,0,,,1,0,0
B010,2023-04-22 08:00:00,1,611T2300,0,,,1,0,0
B010,2023-04-22 08:00:00,2,611E2360,0,,79.33,1,0,1
B010,2023-04-22 09:00:00,0,611H7406,0.2748125192,,111.69,1,0,1
B010,2023-04-22 09:00:00,1,611T2300,0.1569766942,,,1,0,0
B010,2023-04-22 09:00:00,2,611E2360,0,,79.33,1,0,1
B010,2023-04-22 10:00:00,0,611H7406,0.9978132886,,111.72,1,0,1
B010,2023-04-22 10:00:00,1,611T2300,0.673282496,,,1,0,0
B010,2023-04-22 10:00:00,2,611E2360,2.841015097,,79.32,1,0,1
B010,2023-04-22 11:00:00,0,611H7406,1.08446894,,111.85,1,0,1
B010,2023-04-22 11:00:00,1,611T2300,0.4778921481,,,1,0,0
B010,2023-04-22 11:00:00,2,611E2360,0.7550382093,,79.33,1,0,1
B010,2023-04-22 12:00:00,0,611H7406,0.1162823533,,111.67,1,0,1
B010,2023-04-22 12:00:00,1,611T2300,0.004864676789,,,1,0,0
B010,2023-04-22 12:00:00,2,611E2360,0.001604073712,,79.34,1,0,1
B010,2023-04-22 13:00:00,0,611H7406,0.04224781253,,112.09,1,0,1
B010,2023-04-22 13:00:00,1,611T2300,0,,,1,0,0
B010,2023-04-22 13:00:00,2,611E2360,0.001785876766,,79.36,1,0,1
B010,2023-04-22 14:00:00,0,611H7406,0,,112.11,1,0,1
B010,2023-04-22 14:00:00,1,611T2300,0,,,1,0,0
B010,2023-04-22 14:00:00,2,611E2360,0,,79.4,1,0,1
B010,2023-04-22 15:00:00,0,611H7406,0,,,1,0,0
B010,2023-04-22 15:00:00,1,611T2300,0,,,1,0,0
B010,2023-04-22 15:00:00,2,611E2360,0,,79.45,1,0,1
B010,2023-04-22 16:00:00,0,611H7406,0,,112.07,1,0,1
B010,2023-04-22 16:00:00,1,611T2300,0,,,1,0,0
B010,2023-04-22 16:00:00,2,611E2360,0,,79.53,1,0,1
B010,2023-04-22 17:00:00,0,611H7406,0,,112.3,1,0,1
B010,2023-04-22 17:00:00,1,611T2300,0,,,1,0,0
B010,2023-04-22 17:00:00,2,611E2360,0,,79.56,1,0,1
B010,2023-04-22 18:00:00,0,611H7406,0,,111.69,1,0,1
B010,2023-04-22 18:00:00,1,611T2300,0,,,1,0,0
B010,2023-04-22 18:00:00,2,611E2360,0.001604073712,,79.57,1,0,1
B010,2023-04-22 19:00:00,0,611H7406,0,,111.71,1,0,1
B010,2023-04-22 19:00:00,1,611T2300,0,,,1,0,0
B010,2023-04-22 19:00:00,2,611E2360,0,,79.57,1,0,1
B010,2023-04-22 20:00:00,0,611H7406,0.04224781253,,111.9,1,0,1
B010,2023-04-22 20:00:00,1,611T2300,0,,,1,0,0
B010,2023-04-22 20:00:00,2,611E2360,0,,79.56,1,0,1
B010,2023-04-22 21:00:00,0,611H7406,0,,111.88,1,0,1
B010,2023-04-22 21:00:00,1,611T2300,0,,,1,0,0
B010,2023-04-22 21:00:00,2,611E2360,0.001604073712,,,1,0,0
B010,2023-04-22 22:00:00,0,611H7406,0,,,1,0,0
B010,2023-04-22 22:00:00,1,611T2300,0,,,1,0,0
B010,2023-04-22 22:00:00,2,611E2360,0,,,1,0,0
B010,2023-04-22 23:00:00,0,611H7406,0,,111.86,1,0,1
B010,2023-04-22 23:00:00,1,611T2300,0,,,1,0,0
B010,2023-04-22 23:00:00,2,611E2360,0,,,1,0,0
B010,2023-04-23 00:00:00,0,611H7406,0,,111.84,1,0,1
B010,2023-04-23 00:00:00,1,611T2300,0,,,1,0,0
B010,2023-04-23 00:00:00,2,611E2360,0,,,1,0,0
B010,2023-04-23 01:00:00,0,611H7406,0,,111.84,1,0,1
B010,2023-04-23 01:00:00,1,611T2300,0,,,1,0,0
B010,2023-04-23 01:00:00,2,611E2360,0,,,1,0,0
B010,2023-04-23 02:00:00,0,611H7406,0.1162823533,,111.67,1,0,1
B010,2023-04-23 02:00:00,1,611T2300,0.00726132479,,,1,0,0
B010,2023-04-23 02:00:00,2,611E2360,0.1208456774,,,1,0,0
B010,2023-04-23 03:00:00,0,611H7406,0.04224781253,,111.67,1,0,1
B010,2023-04-23 03:00:00,1,611T2300,0,,,1,0,0
B010,2023-04-23 03:00:00,2,611E2360,0,,,1,0,0
B010,2023-04-23 04:00:00,0,611H7406,0,,111.69,1,0,1
B010,2023-04-23 04:00:00,1,611T2300,0,,,1,0,0
B010,2023-04-23 04:00:00,2,611E2360,0,,,1,0,0
B010,2023-04-23 05:00:00,0,611H7406,0,,111.69,1,0,1
B010,2023-04-23 05:00:00,1,611T2300,0,,,1,0,0
B010,2023-04-23 05:00:00,2,611E2360,0,,,1,0,0
B010,2023-04-23 06:00:00,0,611H7406,0,,111.69,1,0,1
B010,2023-04-23 06:00:00,1,611T2300,0,,,1,0,0
B010,2023-04-23 06:00:00,2,611E2360,0.001604073712,,,1,0,0
B010,2023-04-23 07:00:00,0,611H7406,1.976800006,,111.7,1,0,1
B010,2023-04-23 07:00:00,1,611T2300,0.8908356485,,,1,0,0
B010,2023-04-23 07:00:00,2,611E2360,3.725101155,,,1,0,0
B010,2023-04-23 08:00:00,0,611H7406,0,,111.72,1,0,1
B010,2023-04-23 08:00:00,1,611T2300,0,,,1,0,0
B010,2023-04-23 08:00:00,2,611E2360,0,,,1,0,0
B010,2023-04-23 09:00:00,0,611H7406,0,,111.72,1,0,1
B010,2023-04-23 09:00:00,1,611T2300,0,,,1,0,0
B010,2023-04-23 09:00:00,2,611E2360,0,,,1,0,0
B010,2023-04-23 10:00:00,0,611H7406,0,,,1,0,0
B010,2023-04-23 10:00:00,1,611T2300,0,,,1,0,0
B010,2023-04-23 10:00:00,2,611E2360,0,,,1,0,0
B010,2023-04-23 11:00:00,0,611H7406,0,,111.74,1,0,1
B010,2023-04-23 11:00:00,1,611T2300,0,,,1,0,0
B010,2023-04-23 11:00:00,2,611E2360,0,,,1,0,0
B010,2023-04-23 12:00:00,0,611H7406,0,,111.74,1,0,1
B010,2023-04-23 12:00:00,1,611T2300,0,,,1,0,0
B010,2023-04-23 12:00:00,2,611E2360,0,,,1,0,0
B010,2023-04-23 13:00:00,0,611H7406,0,,,1,0,0
B010,2023-04-23 13:00:00,1,611T2300,0,,,1,0,0
B010,2023-04-23 13:00:00,2,611E2360,0,,,1,0,0
B010,2023-04-23 14:00:00,0,611H7406,0,,111.74,1,0,1
B010,2023-04-23 14:00:00,1,611T2300,0,,,1,0,0
B010,2023-04-23 14:00:00,2,611E2360,0,,,1,0,0
B010,2023-04-23 15:00:00,0,611H7406,0,,111.72,1,0,1
B010,2023-04-23 15:00:00,1,611T2300,0,,,1,0,0
B010,2023-04-23 15:00:00,2,611E2360,0.001785876766,,79.4,1,0,1
B010,2023-04-23 16:00:00,0,611H7406,0,,111.72,1,0,1
B010,2023-04-23 16:00:00,1,611T2300,0,,,1,0,0
B010,2023-04-23 16:00:00,2,611E2360,0,,79.4,1,0,1
B010,2023-04-23 17:00:00,0,611H7406,0,,,1,0,0
B010,2023-04-23 17:00:00,1,611T2300,0,,,1,0,0
B010,2023-04-23 17:00:00,2,611E2360,0,,79.41,1,0,1
B010,2023-04-23 18:00:00,0,611H7406,0,,111.72,1,0,1
B010,2023-04-23 18:00:00,1,611T2300,0,,,1,0,0
B010,2023-04-23 18:00:00,2,611E2360,0,,79.41,1,0,1
B010,2023-04-23 19:00:00,0,611H7406,0,,111.72,1,0,1
B010,2023-04-23 19:00:00,1,611T2300,0,,,1,0,0
B010,2023-04-23 19:00:00,2,611E2360,0,,79.41,1,0,1
B010,2023-04-23 20:00:00,0,611H7406,0,,111.72,1,0,1
B010,2023-04-23 20:00:00,1,611T2300,0,,,1,0,0
B010,2023-04-23 20:00:00,2,611E2360,0,,79.4,1,0,1
B010,2023-04-23 21:00:00,0,611H7406,0,,111.7,1,0,1
B010,2023-04-23 21:00:00,1,611T2300,0.03681183515,,,1,0,0
B010,2023-04-23 21:00:00,2,611E2360,0,,79.39,1,0,1
B010,2023-04-23 22:00:00,0,611H7406,0,,,1,0,0
B010,2023-04-23 22:00:00,1,611T2300,0,,,1,0,0
B010,2023-04-23 22:00:00,2,611E2360,0,,79.4,1,0,1
B010,2023-04-23 23:00:00,0,611H7406,0,,111.7,1,0,1
B010,2023-04-23 23:00:00,1,611T2300,0,,,1,0,0
B010,2023-04-23 23:00:00,2,611E2360,0,,79.4,1,0,1
B010,2023-04-24 00:00:00,0,611H7406,0,,111.7,1,0,1
B010,2023-04-24 00:00:00,1,611T2300,0,,,1,0,0
B010,2023-04-24 00:00:00,2,611E2360,0,,79.39,1,0,1
B010,2023-04-24 01:00:00,0,611H7406,0,,,1,0,0
B010,2023-04-24 01:00:00,1,611T2300,0,,,1,0,0
B010,2023-04-24 01:00:00,2,611E2360,0,,79.39,1,0,1
B010,2023-04-24 02:00:00,0,611H7406,0,,,1,0,0
B010,2023-04-24 02:00:00,1,611T2300,0,,,1,0,0
B010,2023-04-24 02:00:00,2,611E2360,0,,79.39,1,0,1
B010,2023-04-24 03:00:00,0,611H7406,0,,111.7,1,0,1
B010,2023-04-24 03:00:00,1,611T2300,0,,,1,0,0
B010,2023-04-24 03:00:00,2,611E2360,0,,79.39,1,0,1
B010,2023-04-24 04:00:00,0,611H7406,0,,111.7,1,0,1
B010,2023-04-24 04:00:00,1,611T2300,0,,,1,0,0
B010,2023-04-24 04:00:00,2,611E2360,0.001785876766,,79.39,1,0,1
B010,2023-04-24 05:00:00,0,611H7406,0,,111.7,1,0,1
B010,2023-04-24 05:00:00,1,611T2300,0,,,1,0,0
B010,2023-04-24 05:00:00,2,611E2360,0,,79.38,1,0,1
B010,2023-04-24 06:00:00,0,611H7406,0.04224781253,,111.7,1,0,1
B010,2023-04-24 06:00:00,1,611T2300,0,,,1,0,0
B010,2023-04-24 06:00:00,2,611E2360,0,,79.37,1,0,1
B010,2023-04-24 07:00:00,0,611H7406,0,,111.68,1,0,1
B010,2023-04-24 07:00:00,1,611T2300,0.03681183515,,,1,0,0
B010,2023-04-24 07:00:00,2,611E2360,0.003571753532,,79.37,1,0,1
B010,2023-04-24 08:00:00,0,611H7406,0,,111.68,1,0,1
B010,2023-04-24 08:00:00,1,611T2300,0,,,1,0,0
B010,2023-04-24 08:00:00,2,611E2360,0,,79.37,1,0,1
B010,2023-04-24 09:00:00,0,611H7406,0,,,1,0,0
B010,2023-04-24 09:00:00,1,611T2300,0,,,1,0,0
B010,2023-04-24 09:00:00,2,611E2360,0,,79.36,1,0,1
B010,2023-04-24 10:00:00,0,611H7406,0,,,1,0,0
B010,2023-04-24 10:00:00,1,611T2300,0,,,1,0,0
B010,2023-04-24 10:00:00,2,611E2360,0,,79.35,1,0,1
B010,2023-04-24 11:00:00,0,611H7406,0,,111.68,1,0,1
B010,2023-04-24 11:00:00,1,611T2300,0,,,1,0,0
B010,2023-04-24 11:00:00,2,611E2360,0,,79.35,1,0,1
B010,2023-04-24 12:00:00,0,611H7406,0,,111.68,1,0,1
B010,2023-04-24 12:00:00,1,611T2300,0.002396648001,,,1,0,0
B010,2023-04-24 12:00:00,2,611E2360,0.1208456774,,79.35,1,0,1
B010,2023-04-24 13:00:00,0,611H7406,0,,111.68,1,0,1
B010,2023-04-24 13:00:00,1,611T2300,0,,,1,0,0
B010,2023-04-24 13:00:00,2,611E2360,0,,79.35,1,0,1
B010,2023-04-24 14:00:00,0,611H7406,0,,111.68,1,0,1
B010,2023-04-24 14:00:00,1,611T2300,0,,,1,0,0
B010,2023-04-24 14:00:00,2,611E2360,0,,79.34,1,0,1
B010,2023-04-24 15:00:00,0,611H7406,0,,111.66,1,0,1
B010,2023-04-24 15:00:00,1,611T2300,0,,,1,0,0
B010,2023-04-24 15:00:00,2,611E2360,0,,79.34,1,0,1
B010,2023-04-24 16:00:00,0,611H7406,0,,111.66,1,0,1
B010,2023-04-24 16:00:00,1,611T2300,0,,,1,0,0
B010,2023-04-24 16:00:00,2,611E2360,0,,79.35,1,0,1
B010,2023-04-24 17:00:00,0,611H7406,0,,111.65,1,0,1
B010,2023-04-24 17:00:00,1,611T2300,0,,,1,0,0
B010,2023-04-24 17:00:00,2,611E2360,0,,79.35,1,0,1
B010,2023-04-24 18:00:00,0,611H7406,0,,111.65,1,0,1
B010,2023-04-24 18:00:00,1,611T2300,0,,,1,0,0
B010,2023-04-24 18:00:00,2,611E2360,0,,79.36,1,0,1
B010,2023-04-24 19:00:00,0,611H7406,0,,111.65,1,0,1
B010,2023-04-24 19:00:00,1,611T2300,0,,,1,0,0
B010,2023-04-24 19:00:00,2,611E2360,0,,79.37,1,0,1
B010,2023-04-24 20:00:00,0,611H7406,0,,111.65,1,0,1
B010,2023-04-24 20:00:00,1,611T2300,0,,,1,0,0
B010,2023-04-24 20:00:00,2,611E2360,0,,79.37,1,0,1
B010,2023-04-24 21:00:00,0,611H7406,0.04224781253,,,1,0,0
B010,2023-04-24 21:00:00,1,611T2300,0,,,1,0,0
B010,2023-04-24 21:00:00,2,611E2360,0,,79.37,1,0,1
B010,2023-04-24 22:00:00,0,611H7406,0,,111.65,1,0,1
B010,2023-04-24 22:00:00,1,611T2300,0,,,1,0,0
B010,2023-04-24 22:00:00,2,611E2360,0.001604073712,,79.37,1,0,1
B010,2023-04-24 23:00:00,0,611H7406,0.5178383101,,111.65,1,0,1
B010,2023-04-24 23:00:00,1,611T2300,0.05140586552,,,1,0,0
B010,2023-04-24 23:00:00,2,611E2360,0.001604073712,,79.37,1,0,1
B010,2023-04-25 00:00:00,0,611H7406,0,,111.65,1,0,1
B010,2023-04-25 00:00:00,1,611T2300,0,,,1,0,0
B010,2023-04-25 00:00:00,2,611E2360,0.001604073712,,79.37,1,0,1
B010,2023-04-25 01:00:00,0,611H7406,0,,111.65,1,0,1
B010,2023-04-25 01:00:00,1,611T2300,0,,,1,0,0
B010,2023-04-25 01:00:00,2,611E2360,0,,79.36,1,0,1
B010,2023-04-25 02:00:00,0,611H7406,0.04224781253,,111.65,1,0,1
B010,2023-04-25 02:00:00,1,611T2300,0,,,1,0,0
B010,2023-04-25 02:00:00,2,611E2360,0,,79.36,1,0,1
B010,2023-04-25 03:00:00,0,611H7406,0.1162823533,,,1,0,0
B010,2023-04-25 03:00:00,1,611T2300,0.00726132479,,,1,0,0
B010,2023-04-25 03:00:00,2,611E2360,0.1226315541,,79.35,1,0,1
B010,2023-04-25 04:00:00,0,611H7406,0.02222002651,,111.64,1,0,1
B010,2023-04-25 04:00:00,1,611T2300,0.3804807669,,,1,0,0
B010,2023-04-25 04:00:00,2,611E2360,1.101716307,,79.35,1,0,1
B010,2023-04-25 05:00:00,0,611H7406,0.5600861226,,,1,0,0
B010,2023-04-25 05:00:00,1,611T2300,0.05380251352,,,1,0,0
B010,2023-04-25 05:00:00,2,611E2360,0.129047849,,79.35,1,0,1
B010,2023-04-25 06:00:00,0,611H7406,0.4142092815,,111.67,1,0,1
B010,2023-04-25 06:00:00,1,611T2300,0.4033632703,,,1,0,0
B010,2023-04-25 06:00:00,2,611E2360,0.6193922624,,79.35,1,0,1
B010,2023-04-25 07:00:00,0,611H7406,0.1733435169,,111.69,1,0,1
B010,2023-04-25 07:00:00,1,611T2300,0.1253636971,,,1,0,0
B010,2023-04-25 07:00:00,2,611E2360,2.057766465,,79.35,1,0,1
B010,2023-04-25 08:00:00,0,611H7406,0.6976941199,,111.73,1,0,1
B010,2023-04-25 08:00:00,1,611T2300,0.02918806073,,,1,0,0
B010,2023-04-25 08:00:00,2,611E2360,0.001785876766,,79.35,1,0,1
B010,2023-04-26 05:00:00,0,611H7406,0,,,1,0,0
B010,2023-04-26 05:00:00,1,611T2300,0,,,1,0,0
B010,2023-04-26 05:00:00,2,611E2360,0,,79.37,1,0,1
B010,2023-04-26 06:00:00,0,611H7406,0,,111.65,1,0,1
B010,2023-04-26 06:00:00,1,611T2300,0,,,1,0,0
B010,2023-04-26 06:00:00,2,611E2360,0,,79.37,1,0,1
B010,2023-04-26 07:00:00,0,611H7406,0.6976941199,,,1,0,0
B010,2023-04-26 07:00:00,1,611T2300,0.03158470874,,,1,0,0
B010,2023-04-26 07:00:00,2,611E2360,0.1244174309,,79.37,1,0,1
B010,2023-04-26 08:00:00,0,611H7406,0,,111.64,1,0,1
B010,2023-04-26 08:00:00,1,611T2300,0,,,1,0,0
B010,2023-04-26 08:00:00,2,611E2360,0,,79.37,1,0,1
B010,2023-04-26 09:00:00,0,611H7406,0,,,1,0,0
B010,2023-04-26 09:00:00,1,611T2300,0,,,1,0,0
B010,2023-04-26 09:00:00,2,611E2360,0,,79.36,1,0,1
B010,2023-04-26 10:00:00,0,611H7406,0,,111.64,1,0,1
B010,2023-04-26 10:00:00,1,611T2300,0,,,1,0,0
B010,2023-04-26 10:00:00,2,611E2360,0,,79.35,1,0,1
B010,2023-04-26 11:00:00,0,611H7406,0,,,1,0,0
B010,2023-04-26 11:00:00,1,611T2300,0,,,1,0,0
B010,2023-04-26 11:00:00,2,611E2360,0,,79.35,1,0,1
B010,2023-04-26 12:00:00,0,611H7406,0,,,1,0,0
B010,2023-04-26 12:00:00,1,611T2300,0,,,1,0,0
B010,2023-04-26 12:00:00,2,611E2360,0,,79.34,1,0,1
B010,2023-04-26 13:00:00,0,611H7406,0,,111.64,1,0,1
B010,2023-04-26 13:00:00,1,611T2300,0,,,1,0,0
B010,2023-04-26 13:00:00,2,611E2360,0,,79.34,1,0,1
B010,2023-04-26 14:00:00,0,611H7406,0,,111.85,1,0,1
B010,2023-04-26 14:00:00,1,611T2300,0,,,1,0,0
B010,2023-04-26 14:00:00,2,611E2360,0,,79.34,1,0,1
B010,2023-04-26 15:00:00,0,611H7406,0,,111.67,1,0,1
B010,2023-04-26 15:00:00,1,611T2300,0,,,1,0,0
B010,2023-04-26 15:00:00,2,611E2360,0,,79.33,1,0,1
B010,2023-04-26 16:00:00,0,611H7406,0,,111.67,1,0,1
B010,2023-04-26 16:00:00,1,611T2300,0,,,1,0,0
B010,2023-04-26 16:00:00,2,611E2360,0,,79.33,1,0,1
B010,2023-04-26 17:00:00,0,611H7406,0,,111.64,1,0,1
B010,2023-04-26 17:00:00,1,611T2300,0,,,1,0,0
B010,2023-04-26 17:00:00,2,611E2360,0,,79.32,1,0,1
B010,2023-04-26 18:00:00,0,611H7406,0,,111.64,1,0,1
B010,2023-04-26 18:00:00,1,611T2300,0,,,1,0,0
B010,2023-04-26 18:00:00,2,611E2360,0,,79.32,1,0,1
B010,2023-04-26 19:00:00,0,611H7406,0,,,1,0,0
B010,2023-04-26 19:00:00,1,611T2300,0,,,1,0,0
B010,2023-04-26 19:00:00,2,611E2360,0,,79.32,1,0,1
B010,2023-04-26 20:00:00,0,611H7406,0,,111.64,1,0,1
B010,2023-04-26 20:00:00,1,611T2300,0,,,1,0,0
B010,2023-04-26 20:00:00,2,611E2360,0,,79.33,1,0,1
B010,2023-04-26 21:00:00,0,611H7406,0,,111.64,1,0,1
B010,2023-04-26 21:00:00,1,611T2300,0,,,1,0,0
B010,2023-04-26 21:00:00,2,611E2360,0,,79.34,1,0,1
B010,2023-04-26 22:00:00,0,611H7406,0,,,1,0,0
B010,2023-04-26 22:00:00,1,611T2300,0,,,1,0,0
B010,2023-04-26 22:00:00,2,611E2360,0,,79.34,1,0,1
B010,2023-04-26 23:00:00,0,611H7406,0,,111.64,1,0,1
B010,2023-04-26 23:00:00,1,611T2300,0,,,1,0,0
B010,2023-04-26 23:00:00,2,611E2360,0,,79.35,1,0,1
B010,2023-04-27 00:00:00,0,611H7406,0,,111.64,1,0,1
B010,2023-04-27 00:00:00,1,611T2300,0,,,1,0,0
B010,2023-04-27 00:00:00,2,611E2360,0,,79.35,1,0,1
B010,2023-04-27 01:00:00,0,611H7406,0,,111.64,1,0,1
B010,2023-04-27 01:00:00,1,611T2300,0,,,1,0,0
B010,2023-04-27 01:00:00,2,611E2360,0,,79.35,1,0,1
B010,2023-04-27 02:00:00,0,611H7406,0,,111.64,1,0,1
B010,2023-04-27 02:00:00,1,611T2300,0,,,1,0,0
B010,2023-04-27 02:00:00,2,611E2360,0,,79.34,1,0,1
B010,2023-04-27 03:00:00,0,611H7406,0,,111.64,1,0,1
B010,2023-04-27 03:00:00,1,611T2300,0,,,1,0,0
B010,2023-04-27 03:00:00,2,611E2360,0,,79.35,1,0,1
B010,2023-04-27 04:00:00,0,611H7406,0,,,1,0,0
B010,2023-04-27 04:00:00,1,611T2300,0,,,1,0,0
B010,2023-04-27 04:00:00,2,611E2360,0,,79.34,1,0,1
B010,2023-04-27 05:00:00,0,611H7406,0,,111.63,1,0,1
B010,2023-04-27 05:00:00,1,611T2300,0,,,1,0,0
B010,2023-04-27 05:00:00,2,611E2360,0,,79.33,1,0,1
B010,2023-04-27 06:00:00,0,611H7406,0,,111.63,1,0,1
B010,2023-04-27 06:00:00,1,611T2300,0,,,1,0,0
B010,2023-04-27 06:00:00,2,611E2360,0,,79.32,1,0,1
B010,2023-04-27 07:00:00,0,611H7406,0.007406675504,,111.63,1,0,1
B010,2023-04-27 07:00:00,1,611T2300,0.02386873257,,,1,0,0
B010,2023-04-27 07:00:00,2,611E2360,0.1224497511,,79.32,1,0,1
B010,2023-04-27 08:00:00,0,611H7406,0,,,1,0,0
B010,2023-04-27 08:00:00,1,611T2300,0.04400177916,,,1,0,0
B010,2023-04-27 08:00:00,2,611E2360,0.3643229088,,79.32,1,0,1
B010,2023-04-27 09:00:00,0,611H7406,0.007406675504,,111.63,1,0,1
B010,2023-04-27 09:00:00,1,611T2300,0.02147208457,,,1,0,0
B010,2023-04-27 09:00:00,2,611E2360,0,,79.31,1,0,1
B010,2023-04-27 10:00:00,0,611H7406,0,,111.63,1,0,1
B010,2023-04-27 10:00:00,1,611T2300,0,,,1,0,0
B010,2023-04-27 10:00:00,2,611E2360,0,,79.31,1,0,1
B010,2023-04-27 11:00:00,0,611H7406,0.1162823533,,111.63,1,0,1
B010,2023-04-27 11:00:00,1,611T2300,0.004864676789,,,1,0,0
B010,2023-04-27 11:00:00,2,611E2360,0,,79.3,1,0,1
B010,2023-04-27 12:00:00,0,611H7406,0,,111.63,1,0,1
B010,2023-04-27 12:00:00,1,611T2300,0,,,1,0,0
B010,2023-04-27 12:00:00,2,611E2360,0,,79.3,1,0,1
B010,2023-04-27 13:00:00,0,611H7406,0,,111.63,1,0,1
B010,2023-04-27 13:00:00,1,611T2300,0,,,1,0,0
B010,2023-04-27 13:00:00,2,611E2360,0.001785876766,,79.3,1,0,1
B010,2023-04-27 14:00:00,0,611H7406,0,,111.63,1,0,1
B010,2023-04-27 14:00:00,1,611T2300,0,,,1,0,0
B010,2023-04-27 14:00:00,2,611E2360,0,,79.3,1,0,1
B010,2023-04-27 15:00:00,0,611H7406,0,,111.63,1,0,1
B010,2023-04-27 15:00:00,1,611T2300,0,,,1,0,0
B010,2023-04-27 15:00:00,2,611E2360,0,,79.3,1,0,1
B010,2023-04-27 16:00:00,0,611H7406,0,,111.63,1,0,1
B010,2023-04-27 16:00:00,1,611T2300,0,,,1,0,0
B010,2023-04-27 16:00:00,2,611E2360,0,,79.3,1,0,1
B010,2023-04-27 17:00:00,0,611H7406,0,,,1,0,0
B010,2023-04-27 17:00:00,1,611T2300,0,,,1,0,0
B010,2023-04-27 17:00:00,2,611E2360,0,,79.3,1,0,1
B010,2023-04-27 18:00:00,0,611H7406,0,,111.64,1,0,1
B010,2023-04-27 18:00:00,1,611T2300,0,,,1,0,0
B010,2023-04-27 18:00:00,2,611E2360,0,,79.3,1,0,1
B010,2023-04-27 19:00:00,0,611H7406,0,,,1,0,0
B010,2023-04-27 19:00:00,1,611T2300,0,,,1,0,0
B010,2023-04-27 19:00:00,2,611E2360,0,,79.29,1,0,1
B010,2023-04-27 20:00:00,0,611H7406,0,,111.64,1,0,1
B010,2023-04-27 20:00:00,1,611T2300,0,,,1,0,0
B010,2023-04-27 20:00:00,2,611E2360,0,,79.29,1,0,1
B010,2023-04-27 21:00:00,0,611H7406,0,,111.64,1,0,1
B010,2023-04-27 21:00:00,1,611T2300,0,,,1,0,0
B010,2023-04-27 21:00:00,2,611E2360,0,,79.3,1,0,1
B010,2023-04-27 22:00:00,0,611H7406,0,,111.64,1,0,1
B010,2023-04-27 22:00:00,1,611T2300,0,,,1,0,0
B010,2023-04-27 22:00:00,2,611E2360,0,,79.32,1,0,1
B010,2023-04-27 23:00:00,0,611H7406,0,,111.64,1,0,1
B010,2023-04-27 23:00:00,1,611T2300,0,,,1,0,0
B010,2023-04-27 23:00:00,2,611E2360,0,,79.32,1,0,1
B010,2023-04-28 00:00:00,0,611H7406,0,,111.64,1,0,1
B010,2023-04-28 00:00:00,1,611T2300,0,,,1,0,0
B010,2023-04-28 00:00:00,2,611E2360,0,,79.33,1,0,1
B010,2023-04-28 01:00:00,0,611H7406,0,,111.64,1,0,1
B010,2023-04-28 01:00:00,1,611T2300,0,,,1,0,0
B010,2023-04-28 01:00:00,2,611E2360,0,,79.34,1,0,1
B010,2023-04-28 02:00:00,0,611H7406,0,,111.64,1,0,1
B010,2023-04-28 02:00:00,1,611T2300,0,,,1,0,0
B010,2023-04-28 02:00:00,2,611E2360,0,,79.34,1,0,1
B010,2023-04-28 03:00:00,0,611H7406,0,,,1,0,0
B010,2023-04-28 03:00:00,1,611T2300,0,,,1,0,0
B010,2023-04-28 03:00:00,2,611E2360,0,,79.34,1,0,1
B010,2023-04-28 04:00:00,0,611H7406,0,,111.63,1,0,1
B010,2023-04-28 04:00:00,1,611T2300,0,,,1,0,0
B010,2023-04-28 04:00:00,2,611E2360,0,,79.33,1,0,1
B010,2023-04-28 05:00:00,0,611H7406,1.794380695,,111.63,1,0,1
B010,2023-04-28 05:00:00,1,611T2300,0.2401059348,,,1,0,0
B010,2023-04-28 05:00:00,2,611E2360,0.01764481083,,79.32,1,0,1
B010,2023-04-28 06:00:00,0,611H7406,4.18508315,,111.67,1,0,1
B010,2023-04-28 06:00:00,1,611T2300,2.162053304,,,1,0,0
B010,2023-04-28 06:00:00,2,611E2360,3.368798615,,79.32,1,0,1
B010,2023-04-28 07:00:00,0,611H7406,5.45087141,,112.91,1,0,1
B010,2023-04-28 07:00:00,1,611T2300,0.937289892,,,1,0,0
B010,2023-04-28 07:00:00,2,611E2360,2.514676702,,79.32,1,0,1
B010,2023-04-28 08:00:00,0,611H7406,1.181650104,,113.01,1,0,1
B010,2023-04-28 08:00:00,1,611T2300,1.581505923,,,1,0,0
B010,2023-04-28 08:00:00,2,611E2360,2.470789149,,79.33,1,0,1
B010,2023-04-28 09:00:00,0,611H7406,0.3615003847,,113,1,0,1
B010,2023-04-28 09:00:00,1,611T2300,0.3385354576,,,1,0,0
B010,2023-04-28 09:00:00,2,611E2360,2.681275891,,79.35,1,0,1
B010,2023-04-28 10:00:00,0,611H7406,0.2325647066,,112.88,1,0,1
B010,2023-04-28 10:00:00,1,611T2300,0.124958155,,,1,0,0
B010,2023-04-28 10:00:00,2,611E2360,0.2434772315,,80.11,1,0,1
B010,2023-04-28 11:00:00,0,611H7406,0.1659368414,,112.73,1,0,1
B010,2023-04-28 11:00:00,1,611T2300,0.07033854051,,,1,0,0
B010,2023-04-28 11:00:00,2,611E2360,0.3677128593,,80.33,1,0,1
B010,2023-04-28 12:00:00,0,611H7406,0.8440940824,,112.94,1,0,1
B010,2023-04-28 12:00:00,1,611T2300,0.7977470024,,,1,0,0
B010,2023-04-28 12:00:00,2,611E2360,0.879092034,,80.4,1,0,1
B010,2023-04-28 13:00:00,0,611H7406,0.446028224,,112.94,1,0,1
B010,2023-04-28 13:00:00,1,611T2300,0.8237131237,,,1,0,0
B010,2023-04-28 13:00:00,2,611E2360,1.728401726,,80.36,1,0,1
B010,2023-04-28 14:00:00,0,611H7406,0.5514138034,,112.89,1,0,1
B010,2023-04-28 14:00:00,1,611T2300,0.7657548299,,,1,0,0
B010,2023-04-28 14:00:00,2,611E2360,2.465100066,,80.33,1,0,1
B010,2023-04-28 15:00:00,0,611H7406,0.5853927722,,112.89,1,0,1
B010,2023-04-28 15:00:00,1,611T2300,0.4681586994,,,1,0,0
B010,2023-04-28 15:00:00,2,611E2360,1.115971168,,80.31,1,0,1
B010,2023-04-28 16:00:00,0,611H7406,0.3105480387,,112.91,1,0,1
B010,2023-04-28 16:00:00,1,611T2300,0.4158558167,,,1,0,0
B010,2023-04-28 16:00:00,2,611E2360,0.2550693536,,80.39,1,0,1
B010,2023-04-28 17:00:00,0,611H7406,0.357148118,,112.87,1,0,1
B010,2023-04-28 17:00:00,1,611T2300,0.4235940643,,,1,0,0
B010,2023-04-28 17:00:00,2,611E2360,1.965644466,,80.49,1,0,1
B010,2023-04-28 18:00:00,0,611H7406,0.3401747407,,112.88,1,0,1
B010,2023-04-28 18:00:00,1,611T2300,0.3592901103,,,1,0,0
B010,2023-04-28 18:00:00,2,611E2360,0.5031770031,,80.56,1,0,1
B010,2023-04-28 19:00:00,0,611H7406,0.06446783904,,112.89,1,0,1
B010,2023-04-28 19:00:00,1,611T2300,0.1084180329,,,1,0,0
B010,2023-04-28 19:00:00,2,611E2360,0.369316933,,80.59,1,0,1
B010,2023-04-28 20:00:00,0,611H7406,0.01481335101,,112.89,1,0,1
B010,2023-04-28 20:00:00,1,611T2300,0.04294416914,,,1,0,0
B010,2023-04-28 20:00:00,2,611E2360,0.001785876766,,80.58,1,0,1
B010,2023-04-28 21:00:00,0,611H7406,0.1585301659,,112.76,1,0,1
B010,2023-04-28 21:00:00,1,611T2300,0.04167651194,,,1,0,0
B010,2023-04-28 21:00:00,2,611E2360,0,,80.56,1,0,1
B010,2023-04-28 22:00:00,0,611H7406,0.1341501131,,112.91,1,0,1
B010,2023-04-28 22:00:00,1,611T2300,0.06787051173,,,1,0,0
B010,2023-04-28 22:00:00,2,611E2360,0.4901626104,,80.51,1,0,1
B010,2023-04-28 23:00:00,0,611H7406,0.05706116354,,112.33,1,0,1
B010,2023-04-28 23:00:00,1,611T2300,0.04534081714,,,1,0,0
B010,2023-04-28 23:00:00,2,611E2360,0.1242356278,,80.42,1,0,1
B010,2023-04-29 00:00:00,0,611H7406,0,,112.52,1,0,1
B010,2023-04-29 00:00:00,1,611T2300,0,,,1,0,0
B010,2023-04-29 00:00:00,2,611E2360,0,,80.34,1,0,1
B010,2023-04-29 01:00:00,0,611H7406,0,,112.48,1,0,1
B010,2023-04-29 01:00:00,1,611T2300,0,,,1,0,0
B010,2023-04-29 01:00:00,2,611E2360,0,,80.26,1,0,1
B010,2023-04-29 02:00:00,0,611H7406,0,,112.34,1,0,1
B010,2023-04-29 02:00:00,1,611T2300,0,,,1,0,0
B010,2023-04-29 02:00:00,2,611E2360,0,,80.21,1,0,1
B010,2023-04-29 03:00:00,0,611H7406,0,,112.37,1,0,1
B010,2023-04-29 03:00:00,1,611T2300,0,,,1,0,0
B010,2023-04-29 03:00:00,2,611E2360,0,,80.15,1,0,1
B010,2023-04-29 04:00:00,0,611H7406,0,,112.37,1,0,1
B010,2023-04-29 04:00:00,1,611T2300,0.002396648001,,,1,0,0
B010,2023-04-29 04:00:00,2,611E2360,0.1208456774,,80.1,1,0,1
B010,2023-04-29 05:00:00,0,611H7406,0,,112.33,1,0,1
B010,2023-04-29 05:00:00,1,611T2300,0,,,1,0,0
B010,2023-04-29 05:00:00,2,611E2360,0,,80.05,1,0,1
B010,2023-04-29 06:00:00,0,611H7406,0,,,1,0,0
B010,2023-04-29 06:00:00,1,611T2300,0,,,1,0,0
B010,2023-04-29 06:00:00,2,611E2360,0,,80.01,1,0,1
B010,2023-04-29 07:00:00,0,611H7406,5.124060302,,112.31,1,0,1
B010,2023-04-29 07:00:00,1,611T2300,4.502666633,,,1,0,0
B010,2023-04-29 07:00:00,2,611E2360,15.78205767,,79.97,1,0,1
B010,2023-04-29 08:00:00,0,611H7406,0,,112.29,1,0,1
B010,2023-04-29 08:00:00,1,611T2300,0,,,1,0,0
B010,2023-04-29 08:00:00,2,611E2360,0,,79.93,1,0,1
B010,2023-04-29 09:00:00,0,611H7406,0.1162823533,,112.25,1,0,1
B010,2023-04-29 09:00:00,1,611T2300,0.004864676789,,,1,0,0
B010,2023-04-29 09:00:00,2,611E2360,0,,79.9,1,0,1
B010,2023-04-29 10:00:00,0,611H7406,0,,112.25,1,0,1
B010,2023-04-29 10:00:00,1,611T2300,0,,,1,0,0
B010,2023-04-29 10:00:00,2,611E2360,0,,79.87,1,0,1
B010,2023-04-29 11:00:00,0,611H7406,0,,112.23,1,0,1
B010,2023-04-29 11:00:00,1,611T2300,0,,,1,0,0
B010,2023-04-29 11:00:00,2,611E2360,0,,79.84,1,0,1
B010,2023-04-29 12:00:00,0,611H7406,0,,112.25,1,0,1
B010,2023-04-29 12:00:00,1,611T2300,0,,,1,0,0
B010,2023-04-29 12:00:00,2,611E2360,0,,79.82,1,0,1
B010,2023-04-29 13:00:00,0,611H7406,0,,112.25,1,0,1
B010,2023-04-29 13:00:00,1,611T2300,0,,,1,0,0
B010,2023-04-29 13:00:00,2,611E2360,0,,79.79,1,0,1
B010,2023-04-29 14:00:00,0,611H7406,0,,112.27,1,0,1
B010,2023-04-29 14:00:00,1,611T2300,0,,,1,0,0
B010,2023-04-29 14:00:00,2,611E2360,0,,79.77,1,0,1
B010,2023-04-29 15:00:00,0,611H7406,0,,112.27,1,0,1
B010,2023-04-29 15:00:00,1,611T2300,0,,,1,0,0
B010,2023-04-29 15:00:00,2,611E2360,0,,79.75,1,0,1
B010,2023-04-29 16:00:00,0,611H7406,0,,112.14,1,0,1
B010,2023-04-29 16:00:00,1,611T2300,0,,,1,0,0
B010,2023-04-29 16:00:00,2,611E2360,0,,79.73,1,0,1
B010,2023-04-29 17:00:00,0,611H7406,0,,112.1,1,0,1
B010,2023-04-29 17:00:00,1,611T2300,0,,,1,0,0
B010,2023-04-29 17:00:00,2,611E2360,0,,79.71,1,0,1
B010,2023-04-29 18:00:00,0,611H7406,0,,112.12,1,0,1
B010,2023-04-29 18:00:00,1,611T2300,0,,,1,0,0
B010,2023-04-29 18:00:00,2,611E2360,0,,79.69,1,0,1
B010,2023-04-29 19:00:00,0,611H7406,0,,111.59,1,0,1
B010,2023-04-29 19:00:00,1,611T2300,0,,,1,0,0
B010,2023-04-29 19:00:00,2,611E2360,0,,79.67,1,0,1
B010,2023-04-29 20:00:00,0,611H7406,0,,111.74,1,0,1
B010,2023-04-29 20:00:00,1,611T2300,0,,,1,0,0
B010,2023-04-29 20:00:00,2,611E2360,0,,79.66,1,0,1
B010,2023-04-29 21:00:00,0,611H7406,0,,112.09,1,0,1
B010,2023-04-29 21:00:00,1,611T2300,0,,,1,0,0
B010,2023-04-29 21:00:00,2,611E2360,0,,79.64,1,0,1
B010,2023-04-29 22:00:00,0,611H7406,0,,112.09,1,0,1
B010,2023-04-29 22:00:00,1,611T2300,0,,,1,0,0
B010,2023-04-29 22:00:00,2,611E2360,0,,79.62,1,0,1
B010,2023-04-29 23:00:00,0,611H7406,0,,112.09,1,0,1
B010,2023-04-29 23:00:00,1,611T2300,0,,,1,0,0
B010,2023-04-29 23:00:00,2,611E2360,0,,79.6,1,0,1
B010,2023-04-30 00:00:00,0,611H7406,0,,,1,0,0
B010,2023-04-30 00:00:00,1,611T2300,0,,,1,0,0
B010,2023-04-30 00:00:00,2,611E2360,0,,79.57,1,0,1
B010,2023-04-30 01:00:00,0,611H7406,0,,112.07,1,0,1
B010,2023-04-30 01:00:00,1,611T2300,0,,,1,0,0
B010,2023-04-30 01:00:00,2,611E2360,0,,79.57,1,0,1
B010,2023-04-30 02:00:00,0,611H7406,0,,112.07,1,0,1
B010,2023-04-30 02:00:00,1,611T2300,0,,,1,0,0
B010,2023-04-30 02:00:00,2,611E2360,0,,79.58,1,0,1
B010,2023-04-30 03:00:00,0,611H7406,0,,112.23,1,0,1
B010,2023-04-30 03:00:00,1,611T2300,0,,,1,0,0
B010,2023-04-30 03:00:00,2,611E2360,0.001785876766,,79.58,1,0,1
B010,2023-04-30 04:00:00,0,611H7406,0,,,1,0,0
B010,2023-04-30 04:00:00,1,611T2300,0,,,1,0,0
B010,2023-04-30 04:00:00,2,611E2360,0,,79.57,1,0,1
B010,2023-04-30 05:00:00,0,611H7406,0,,112.23,1,0,1
B010,2023-04-30 05:00:00,1,611T2300,0,,,1,0,0
B010,2023-04-30 05:00:00,2,611E2360,0,,79.56,1,0,1
B010,2023-04-30 06:00:00,0,611H7406,0,,112.23,1,0,1
B010,2023-04-30 06:00:00,1,611T2300,0,,,1,0,0
B010,2023-04-30 06:00:00,2,611E2360,0,,79.56,1,0,1
B010,2023-04-30 07:00:00,0,611H7406,0.1162823533,,112.25,1,0,1
B010,2023-04-30 07:00:00,1,611T2300,0.004864676789,,,1,0,0
B010,2023-04-30 07:00:00,2,611E2360,0.001785876766,,79.55,1,0,1
B010,2023-04-30 08:00:00,0,611H7406,0,,112.29,1,0,1
B010,2023-04-30 08:00:00,1,611T2300,0,,,1,0,0
B010,2023-04-30 08:00:00,2,611E2360,0,,79.55,1,0,1
B010,2023-04-30 09:00:00,0,611H7406,0,,111.71,1,0,1
B010,2023-04-30 09:00:00,1,611T2300,0,,,1,0,0
B010,2023-04-30 09:00:00,2,611E2360,0,,79.54,1,0,1
B010,2023-04-30 10:00:00,0,611H7406,0,,111.73,1,0,1
B010,2023-04-30 10:00:00,1,611T2300,0,,,1,0,0
B010,2023-04-30 10:00:00,2,611E2360,0,,79.53,1,0,1
B010,2023-04-30 11:00:00,0,611H7406,0,,111.88,1,0,1
B010,2023-04-30 11:00:00,1,611T2300,0,,,1,0,0
B010,2023-04-30 11:00:00,2,611E2360,0,,79.53,1,0,1
B010,2023-04-30 12:00:00,0,611H7406,0,,111.88,1,0,1
B010,2023-04-30 12:00:00,1,611T2300,0,,,1,0,0
B010,2023-04-30 12:00:00,2,611E2360,0,,79.52,1,0,1
B010,2023-04-30 13:00:00,0,611H7406,0,,111.84,1,0,1
B010,2023-04-30 13:00:00,1,611T2300,0,,,1,0,0
B010,2023-04-30 13:00:00,2,611E2360,0,,79.51,1,0,1
B010,2023-04-30 14:00:00,0,611H7406,0,,111.67,1,0,1
B010,2023-04-30 14:00:00,1,611T2300,0,,,1,0,0
B010,2023-04-30 14:00:00,2,611E2360,0,,79.5,1,0,1
B010,2023-04-30 15:00:00,0,611H7406,0,,111.71,1,0,1
B010,2023-04-30 15:00:00,1,611T2300,0,,,1,0,0
B010,2023-04-30 15:00:00,2,611E2360,0,,79.47,1,0,1
B010,2023-04-30 16:00:00,0,611H7406,0,,111.71,1,0,1
B010,2023-04-30 16:00:00,1,611T2300,0,,,1,0,0
B010,2023-04-30 16:00:00,2,611E2360,0,,79.47,1,0,1
B010,2023-04-30 17:00:00,0,611H7406,0,,111.71,1,0,1
B010,2023-04-30 17:00:00,1,611T2300,0,,,1,0,0
B010,2023-04-30 17:00:00,2,611E2360,0,,,1,0,0
B010,2023-04-30 18:00:00,0,611H7406,0,,111.73,1,0,1
B010,2023-04-30 18:00:00,1,611T2300,0,,,1,0,0
B010,2023-04-30 18:00:00,2,611E2360,0,,79.47,1,0,1
B010,2023-04-30 19:00:00,0,611H7406,0,,111.69,1,0,1
B010,2023-04-30 19:00:00,1,611T2300,0,,,1,0,0
B010,2023-04-30 19:00:00,2,611E2360,0,,79.47,1,0,1
B010,2023-04-30 20:00:00,0,611H7406,0,,111.65,1,0,1
B010,2023-04-30 20:00:00,1,611T2300,0,,,1,0,0
B010,2023-04-30 20:00:00,2,611E2360,0,,79.47,1,0,1
B010,2023-04-30 21:00:00,0,611H7406,0,,111.69,1,0,1
B010,2023-04-30 21:00:00,1,611T2300,0,,,1,0,0
B010,2023-04-30 21:00:00,2,611E2360,0,,79.46,1,0,1
B010,2023-04-30 22:00:00,0,611H7406,0,,111.69,1,0,1
B010,2023-04-30 22:00:00,1,611T2300,0,,,1,0,0
B010,2023-04-30 22:00:00,2,611E2360,0,,79.45,1,0,1
B010,2023-04-30 23:00:00,0,611H7406,0,,111.69,1,0,1
B010,2023-04-30 23:00:00,1,611T2300,0,,,1,0,0
B010,2023-04-30 23:00:00,2,611E2360,0,,79.45,1,0,1
B010,2023-05-01 00:00:00,0,611H7406,0,,111.69,1,0,1
B010,2023-05-01 00:00:00,1,611T2300,0,,,1,0,0
B010,2023-05-01 00:00:00,2,611E2360,0,,79.44,1,0,1
B010,2023-05-01 01:00:00,0,611H7406,0,,111.69,1,0,1
B010,2023-05-01 01:00:00,1,611T2300,0,,,1,0,0
B010,2023-05-01 01:00:00,2,611E2360,0,,79.44,1,0,1
B010,2023-05-01 02:00:00,0,611H7406,0,,,1,0,0
B010,2023-05-01 02:00:00,1,611T2300,0,,,1,0,0
B010,2023-05-01 02:00:00,2,611E2360,0,,79.44,1,0,1
B010,2023-05-01 03:00:00,0,611H7406,0,,111.69,1,0,1
B010,2023-05-01 03:00:00,1,611T2300,0,,,1,0,0
B010,2023-05-01 03:00:00,2,611E2360,0,,79.44,1,0,1
B010,2023-05-01 04:00:00,0,611H7406,0,,111.69,1,0,1
B010,2023-05-01 04:00:00,1,611T2300,0,,,1,0,0
B010,2023-05-01 04:00:00,2,611E2360,0,,79.44,1,0,1
B010,2023-05-01 05:00:00,0,611H7406,0,,111.67,1,0,1
B010,2023-05-01 05:00:00,1,611T2300,0,,,1,0,0
B010,2023-05-01 05:00:00,2,611E2360,0,,79.44,1,0,1
B010,2023-05-01 06:00:00,0,611H7406,0,,,1,0,0
B010,2023-05-01 06:00:00,1,611T2300,0,,,1,0,0
B010,2023-05-01 06:00:00,2,611E2360,0,,79.43,1,0,1
B010,2023-05-01 07:00:00,0,611H7406,0,,111.67,1,0,1
B010,2023-05-01 07:00:00,1,611T2300,0,,,1,0,0
B010,2023-05-01 07:00:00,2,611E2360,0,,79.43,1,0,1
B010,2023-05-01 08:00:00,0,611H7406,0,,,1,0,0
B010,2023-05-01 08:00:00,1,611T2300,0,,,1,0,0
B010,2023-05-01 08:00:00,2,611E2360,0,,79.42,1,0,1
B010,2023-05-01 09:00:00,0,611H7406,0,,111.65,1,0,1
B010,2023-05-01 09:00:00,1,611T2300,0,,,1,0,0
B010,2023-05-01 09:00:00,2,611E2360,0,,79.41,1,0,1
B010,2023-05-01 10:00:00,0,611H7406,0,,111.65,1,0,1
B010,2023-05-01 10:00:00,1,611T2300,0,,,1,0,0
B010,2023-05-01 10:00:00,2,611E2360,0,,79.41,1,0,1
B010,2023-05-03 22:00:00,0,611H7406,0,,111.59,1,0,1
B010,2023-05-03 22:00:00,1,611T2300,0,,,1,0,0
B010,2023-05-03 22:00:00,2,611E2360,0,,79.33,1,0,1
B010,2023-05-03 23:00:00,0,611H7406,0,,111.59,1,0,1
B010,2023-05-03 23:00:00,1,611T2300,0,,,1,0,0
B010,2023-05-03 23:00:00,2,611E2360,0,,79.33,1,0,1
B010,2023-05-04 00:00:00,0,611H7406,0,,111.59,1,0,1
B010,2023-05-04 00:00:00,1,611T2300,0,,,1,0,0
B010,2023-05-04 00:00:00,2,611E2360,0,,79.34,1,0,1
B010,2023-05-04 01:00:00,0,611H7406,0,,111.59,1,0,1
B010,2023-05-04 01:00:00,1,611T2300,0,,,1,0,0
B010,2023-05-04 01:00:00,2,611E2360,0,,79.34,1,0,1
B010,2023-05-04 02:00:00,0,611H7406,0,,111.59,1,0,1
B010,2023-05-04 02:00:00,1,611T2300,0,,,1,0,0
B010,2023-05-04 02:00:00,2,611E2360,0,,79.34,1,0,1
B010,2023-05-04 03:00:00,0,611H7406,0,,111.59,1,0,1
B010,2023-05-04 03:00:00,1,611T2300,0,,,1,0,0
B010,2023-05-04 03:00:00,2,611E2360,0,,79.33,1,0,1
B010,2023-05-04 04:00:00,0,611H7406,0,,111.59,1,0,1
B010,2023-05-04 04:00:00,1,611T2300,0,,,1,0,0
B010,2023-05-04 04:00:00,2,611E2360,0,,79.32,1,0,1
B010,2023-05-04 05:00:00,0,611H7406,0,,,1,0,0
B010,2023-05-04 05:00:00,1,611T2300,0,,,1,0,0
B010,2023-05-04 05:00:00,2,611E2360,0,,79.32,1,0,1
B010,2023-05-04 06:00:00,0,611H7406,0,,111.59,1,0,1
B010,2023-05-04 06:00:00,1,611T2300,0,,,1,0,0
B010,2023-05-04 06:00:00,2,611E2360,0,,79.32,1,0,1
B010,2023-05-04 07:00:00,0,611H7406,0,,111.59,1,0,1
B010,2023-05-04 07:00:00,1,611T2300,0,,,1,0,0
B010,2023-05-04 07:00:00,2,611E2360,0,,79.31,1,0,1
B010,2023-05-04 08:00:00,0,611H7406,0,,111.59,1,0,1
B010,2023-05-04 08:00:00,1,611T2300,0,,,1,0,0
B010,2023-05-04 08:00:00,2,611E2360,0,,79.3,1,0,1
B010,2023-05-04 09:00:00,0,611H7406,0,,111.59,1,0,1
B010,2023-05-04 09:00:00,1,611T2300,0,,,1,0,0
B010,2023-05-04 09:00:00,2,611E2360,0,,79.3,1,0,1
B010,2023-05-04 10:00:00,0,611H7406,0,,111.59,1,0,1
B010,2023-05-04 10:00:00,1,611T2300,0,,,1,0,0
B010,2023-05-04 10:00:00,2,611E2360,0,,79.3,1,0,1
B010,2023-05-04 11:00:00,0,611H7406,0,,111.59,1,0,1
B010,2023-05-04 11:00:00,1,611T2300,0,,,1,0,0
B010,2023-05-04 11:00:00,2,611E2360,0,,79.3,1,0,1
B010,2023-05-04 12:00:00,0,611H7406,0,,,1,0,0
B010,2023-05-04 12:00:00,1,611T2300,0,,,1,0,0
B010,2023-05-04 12:00:00,2,611E2360,0,,79.29,1,0,1
B010,2023-05-04 13:00:00,0,611H7406,0,,111.59,1,0,1
B010,2023-05-04 13:00:00,1,611T2300,0,,,1,0,0
B010,2023-05-04 13:00:00,2,611E2360,0,,79.29,1,0,1
B010,2023-05-04 14:00:00,0,611H7406,0,,111.59,1,0,1
B010,2023-05-04 14:00:00,1,611T2300,0,,,1,0,0
B010,2023-05-04 14:00:00,2,611E2360,0,,79.29,1,0,1
B010,2023-05-04 15:00:00,0,611H7406,0,,111.59,1,0,1
B010,2023-05-04 15:00:00,1,611T2300,0,,,1,0,0
B010,2023-05-04 15:00:00,2,611E2360,0,,79.29,1,0,1
B010,2023-05-04 16:00:00,0,611H7406,0,,111.59,1,0,1
B010,2023-05-04 16:00:00,1,611T2300,0,,,1,0,0
B010,2023-05-04 16:00:00,2,611E2360,0,,79.29,1,0,1
B010,2023-05-04 17:00:00,0,611H7406,0,,111.59,1,0,1
B010,2023-05-04 17:00:00,1,611T2300,0,,,1,0,0
B010,2023-05-04 17:00:00,2,611E2360,0,,79.29,1,0,1
B010,2023-05-04 18:00:00,0,611H7406,0,,,1,0,0
B010,2023-05-04 18:00:00,1,611T2300,0,,,1,0,0
B010,2023-05-04 18:00:00,2,611E2360,0,,79.29,1,0,1
B010,2023-05-04 19:00:00,0,611H7406,0,,,1,0,0
B010,2023-05-04 19:00:00,1,611T2300,0,,,1,0,0
B010,2023-05-04 19:00:00,2,611E2360,0,,79.29,1,0,1
B010,2023-05-04 20:00:00,0,611H7406,0,,,1,0,0
B010,2023-05-04 20:00:00,1,611T2300,0,,,1,0,0
B010,2023-05-04 20:00:00,2,611E2360,0,,79.3,1,0,1
B010,2023-05-04 21:00:00,0,611H7406,0,,111.59,1,0,1
B010,2023-05-04 21:00:00,1,611T2300,0,,,1,0,0
B010,2023-05-04 21:00:00,2,611E2360,0,,79.3,1,0,1
B010,2023-05-04 22:00:00,0,611H7406,0,,111.59,1,0,1
B010,2023-05-04 22:00:00,1,611T2300,0,,,1,0,0
B010,2023-05-04 22:00:00,2,611E2360,0,,79.31,1,0,1
B010,2023-05-04 23:00:00,0,611H7406,0,,,1,0,0
B010,2023-05-04 23:00:00,1,611T2300,0,,,1,0,0
B010,2023-05-04 23:00:00,2,611E2360,0,,79.32,1,0,1
B010,2023-05-05 00:00:00,0,611H7406,0,,111.59,1,0,1
B010,2023-05-05 00:00:00,1,611T2300,0,,,1,0,0
B010,2023-05-05 00:00:00,2,611E2360,0,,79.32,1,0,1
B010,2023-05-05 01:00:00,0,611H7406,0,,111.59,1,0,1
B010,2023-05-05 01:00:00,1,611T2300,0,,,1,0,0
B010,2023-05-05 01:00:00,2,611E2360,0,,79.32,1,0,1
B010,2023-05-05 02:00:00,0,611H7406,0,,111.59,1,0,1
B010,2023-05-05 02:00:00,1,611T2300,0,,,1,0,0
B010,2023-05-05 02:00:00,2,611E2360,0,,79.32,1,0,1
B010,2023-05-05 03:00:00,0,611H7406,0,,111.59,1,0,1
B010,2023-05-05 03:00:00,1,611T2300,0,,,1,0,0
B010,2023-05-05 03:00:00,2,611E2360,0,,79.32,1,0,1
B010,2023-05-05 04:00:00,0,611H7406,0,,111.59,1,0,1
B010,2023-05-05 04:00:00,1,611T2300,0,,,1,0,0
B010,2023-05-05 04:00:00,2,611E2360,0,,79.31,1,0,1
B010,2023-05-05 05:00:00,0,611H7406,0,,,1,0,0
B010,2023-05-05 05:00:00,1,611T2300,0,,,1,0,0
B010,2023-05-05 05:00:00,2,611E2360,0,,79.3,1,0,1
B010,2023-05-05 06:00:00,0,611H7406,0,,111.59,1,0,1
B010,2023-05-05 06:00:00,1,611T2300,0,,,1,0,0
B010,2023-05-05 06:00:00,2,611E2360,0,,79.3,1,0,1
B010,2023-05-05 07:00:00,0,611H7406,0,,111.59,1,0,1
B010,2023-05-05 07:00:00,1,611T2300,0,,,1,0,0
B010,2023-05-05 07:00:00,2,611E2360,0,,79.29,1,0,1
B010,2023-05-05 08:00:00,0,611H7406,0,,,1,0,0
B010,2023-05-05 08:00:00,1,611T2300,0,,,1,0,0
B010,2023-05-05 08:00:00,2,611E2360,0,,79.29,1,0,1
B010,2023-05-05 09:00:00,0,611H7406,0,,111.59,1,0,1
B010,2023-05-05 09:00:00,1,611T2300,0,,,1,0,0
B010,2023-05-05 09:00:00,2,611E2360,0,,79.29,1,0,1
B010,2023-05-05 10:00:00,0,611H7406,0,,111.59,1,0,1
B010,2023-05-05 10:00:00,1,611T2300,0,,,1,0,0
B010,2023-05-05 10:00:00,2,611E2360,0,,79.29,1,0,1
B010,2023-05-05 11:00:00,0,611H7406,0,,111.59,1,0,1
B010,2023-05-05 11:00:00,1,611T2300,0,,,1,0,0
B010,2023-05-05 11:00:00,2,611E2360,0,,79.29,1,0,1
B010,2023-05-05 12:00:00,0,611H7406,0,,,1,0,0
B010,2023-05-05 12:00:00,1,611T2300,0,,,1,0,0
B010,2023-05-05 12:00:00,2,611E2360,0,,79.28,1,0,1
B010,2023-05-05 13:00:00,0,611H7406,0,,111.59,1,0,1
B010,2023-05-05 13:00:00,1,611T2300,0.1520406366,,,1,0,0
B010,2023-05-05 13:00:00,2,611E2360,0.2416913547,,79.28,1,0,1
B010,2023-05-05 14:00:00,0,611H7406,0.04965448804,,111.59,1,0,1
B010,2023-05-05 14:00:00,1,611T2300,0.02147208457,,,1,0,0
B010,2023-05-05 14:00:00,2,611E2360,0.001604073712,,79.29,1,0,1
B010,2023-05-05 15:00:00,0,611H7406,0,,111.59,1,0,1
B010,2023-05-05 15:00:00,1,611T2300,0,,,1,0,0
B010,2023-05-05 15:00:00,2,611E2360,0,,79.29,1,0,1
B010,2023-05-05 16:00:00,0,611H7406,0,,111.59,1,0,1
B010,2023-05-05 16:00:00,1,611T2300,0,,,1,0,0
B010,2023-05-05 16:00:00,2,611E2360,0,,79.29,1,0,1
B010,2023-05-05 17:00:00,0,611H7406,0,,111.59,1,0,1
B010,2023-05-05 17:00:00,1,611T2300,0,,,1,0,0
B010,2023-05-05 17:00:00,2,611E2360,0,,79.29,1,0,1
B010,2023-05-05 18:00:00,0,611H7406,0,,111.59,1,0,1
B010,2023-05-05 18:00:00,1,611T2300,0,,,1,0,0
B010,2023-05-05 18:00:00,2,611E2360,0,,79.29,1,0,1
B010,2023-05-05 19:00:00,0,611H7406,0,,111.59,1,0,1
B010,2023-05-05 19:00:00,1,611T2300,0,,,1,0,0
B010,2023-05-05 19:00:00,2,611E2360,0,,79.29,1,0,1
B010,2023-05-05 20:00:00,0,611H7406,0,,,1,0,0
B010,2023-05-05 20:00:00,1,611T2300,0,,,1,0,0
B010,2023-05-05 20:00:00,2,611E2360,0,,79.29,1,0,1
B010,2023-05-05 21:00:00,0,611H7406,0,,111.59,1,0,1
B010,2023-05-05 21:00:00,1,611T2300,0,,,1,0,0
B010,2023-05-05 21:00:00,2,611E2360,0,,79.29,1,0,1
B010,2023-05-05 22:00:00,0,611H7406,0.04224781253,,111.59,1,0,1
B010,2023-05-05 22:00:00,1,611T2300,0,,,1,0,0
B010,2023-05-05 22:00:00,2,611E2360,0,,79.3,1,0,1
B010,2023-05-05 23:00:00,0,611H7406,0,,111.59,1,0,1
B010,2023-05-05 23:00:00,1,611T2300,0,,,1,0,0
B010,2023-05-05 23:00:00,2,611E2360,0,,79.32,1,0,1
B010,2023-05-06 00:00:00,0,611H7406,0.08449562506,,111.59,1,0,1
B010,2023-05-06 00:00:00,1,611T2300,0,,,1,0,0
B010,2023-05-06 00:00:00,2,611E2360,0.003208147424,,79.32,1,0,1
B010,2023-05-06 01:00:00,0,611H7406,0.04965448804,,111.59,1,0,1
B010,2023-05-06 01:00:00,1,611T2300,0.02386873257,,,1,0,0
B010,2023-05-06 01:00:00,2,611E2360,0.1224497511,,79.32,1,0,1
B010,2023-05-06 02:00:00,0,611H7406,0,,111.59,1,0,1
B010,2023-05-06 02:00:00,1,611T2300,0,,,1,0,0
B010,2023-05-06 02:00:00,2,611E2360,0,,79.32,1,0,1
B010,2023-05-06 03:00:00,0,611H7406,0,,111.59,1,0,1
B010,2023-05-06 03:00:00,1,611T2300,0,,,1,0,0
B010,2023-05-06 03:00:00,2,611E2360,0,,79.31,1,0,1
B010,2023-05-06 04:00:00,0,611H7406,0,,111.59,1,0,1
B010,2023-05-06 04:00:00,1,611T2300,0.004793296003,,,1,0,0
B010,2023-05-06 04:00:00,2,611E2360,0.2432954284,,79.31,1,0,1
B010,2023-05-06 05:00:00,0,611H7406,0,,,1,0,0
B010,2023-05-06 05:00:00,1,611T2300,0.002396648001,,,1,0,0
B010,2023-05-06 05:00:00,2,611E2360,0.1208456774,,79.31,1,0,1
B010,2023-05-06 06:00:00,0,611H7406,1.013117547,,111.59,1,0,1
B010,2023-05-06 06:00:00,1,611T2300,2.088664164,,,1,0,0
B010,2023-05-06 06:00:00,2,611E2360,3.44914669,,79.3,1,0,1
B010,2023-05-06 07:00:00,0,611H7406,1.134646549,,111.59,1,0,1
B010,2023-05-06 07:00:00,1,611T2300,1.849476067,,,1,0,0
B010,2023-05-06 07:00:00,2,611E2360,4.527315147,,79.31,1,0,1
B010,2023-05-06 08:00:00,0,611H7406,2.925995839,,111.68,1,0,1
B010,2023-05-06 08:00:00,1,611T2300,1.6464043,,,1,0,0
B010,2023-05-06 08:00:00,2,611E2360,3.133887161,,79.32,1,0,1
B010,2023-05-06 09:00:00,0,611H7406,0.5149127583,,112.92,1,0,1
B010,2023-05-06 09:00:00,1,611T2300,0.9827389137,,,1,0,0
B010,2023-05-06 09:00:00,2,611E2360,1.471910102,,79.35,1,0,1
B010,2023-05-06 10:00:00,0,611H7406,0.007406675504,,112.9,1,0,1
B010,2023-05-06 10:00:00,1,611T2300,0.06307721572,,,1,0,0
B010,2023-05-06 10:00:00,2,611E2360,0.2434772315,,79.43,1,0,1
B010,2023-05-06 11:00:00,0,611H7406,0,,112.71,1,0,1
B010,2023-05-06 11:00:00,1,611T2300,0,,,1,0,0
B010,2023-05-06 11:00:00,2,611E2360,0,,79.88,1,0,1
B010,2023-05-06 12:00:00,0,611H7406,0,,112.35,1,0,1
B010,2023-05-06 12:00:00,1,611T2300,0.002396648001,,,1,0,0
B010,2023-05-06 12:00:00,2,611E2360,0.1244174309,,80.38,1,0,1
B010,2023-05-06 13:00:00,0,611H7406,0.04224781253,,112.35,1,0,1
B010,2023-05-06 13:00:00,1,611T2300,0.002396648001,,,1,0,0
B010,2023-05-06 13:00:00,2,611E2360,0.1208456774,,80.41,1,0,1
B010,2023-05-06 14:00:00,0,611H7406,0,,112.33,1,0,1
B010,2023-05-06 14:00:00,1,611T2300,0,,,1,0,0
B010,2023-05-06 14:00:00,2,611E2360,0,,80.29,1,0,1
B010,2023-05-06 15:00:00,0,611H7406,0,,112.27,1,0,1
B010,2023-05-06 15:00:00,1,611T2300,0,,,1,0,0
B010,2023-05-06 15:00:00,2,611E2360,0,,80.15,1,0,1
B010,2023-05-06 16:00:00,0,611H7406,0,,112.25,1,0,1
B010,2023-05-06 16:00:00,1,611T2300,0,,,1,0,0
B010,2023-05-06 16:00:00,2,611E2360,0,,80.08,1,0,1
B010,2023-05-06 17:00:00,0,611H7406,0,,112.25,1,0,1
B010,2023-05-06 17:00:00,1,611T2300,0,,,1,0,0
B010,2023-05-06 17:00:00,2,611E2360,0,,79.94,1,0,1
B010,2023-05-06 18:00:00,0,611H7406,0,,112.27,1,0,1
B010,2023-05-06 18:00:00,1,611T2300,0,,,1,0,0
B010,2023-05-06 18:00:00,2,611E2360,0.001785876766,,,1,0,0
B010,2023-05-06 19:00:00,0,611H7406,0,,112.14,1,0,1
B010,2023-05-06 19:00:00,1,611T2300,0,,,1,0,0
B010,2023-05-06 19:00:00,2,611E2360,0,,79.88,1,0,1
B010,2023-05-06 20:00:00,0,611H7406,0,,112.14,1,0,1
B010,2023-05-06 20:00:00,1,611T2300,0,,,1,0,0
B010,2023-05-06 20:00:00,2,611E2360,0,,79.83,1,0,1
B010,2023-05-06 21:00:00,0,611H7406,0,,112.1,1,0,1
B010,2023-05-06 21:00:00,1,611T2300,0,,,1,0,0
B010,2023-05-06 21:00:00,2,611E2360,0,,79.79,1,0,1
B010,2023-05-06 22:00:00,0,611H7406,0,,112.1,1,0,1
B010,2023-05-06 22:00:00,1,611T2300,0,,,1,0,0
B010,2023-05-06 22:00:00,2,611E2360,0,,79.76,1,0,1
B010,2023-05-06 23:00:00,0,611H7406,0,,112.1,1,0,1
B010,2023-05-06 23:00:00,1,611T2300,0,,,1,0,0
B010,2023-05-06 23:00:00,2,611E2360,0,,79.73,1,0,1
B010,2023-05-07 00:00:00,0,611H7406,0,,112.23,1,0,1
B010,2023-05-07 00:00:00,1,611T2300,0,,,1,0,0
B010,2023-05-07 00:00:00,2,611E2360,0,,79.7,1,0,1
B010,2023-05-07 01:00:00,0,611H7406,0,,112.25,1,0,1
B010,2023-05-07 01:00:00,1,611T2300,0,,,1,0,0
B010,2023-05-07 01:00:00,2,611E2360,0,,79.68,1,0,1
B010,2023-05-07 02:00:00,0,611H7406,0,,112.25,1,0,1
B010,2023-05-07 02:00:00,1,611T2300,0,,,1,0,0
B010,2023-05-07 02:00:00,2,611E2360,0,,79.66,1,0,1
B010,2023-05-07 03:00:00,0,611H7406,0,,112.25,1,0,1
B010,2023-05-07 03:00:00,1,611T2300,0,,,1,0,0
B010,2023-05-07 03:00:00,2,611E2360,0,,79.65,1,0,1
B010,2023-05-07 04:00:00,0,611H7406,0,,112.27,1,0,1
B010,2023-05-07 04:00:00,1,611T2300,0,,,1,0,0
B010,2023-05-07 04:00:00,2,611E2360,0,,79.64,1,0,1
B010,2023-05-07 05:00:00,0,611H7406,0,,112.27,1,0,1
B010,2023-05-07 05:00:00,1,611T2300,0,,,1,0,0
B010,2023-05-07 05:00:00,2,611E2360,0,,79.62,1,0,1
B010,2023-05-07 06:00:00,0,611H7406,0,,112.29,1,0,1
B010,2023-05-07 06:00:00,1,611T2300,0,,,1,0,0
B010,2023-05-07 06:00:00,2,611E2360,0,,79.6,1,0,1
B010,2023-05-07 07:00:00,0,611H7406,3.105415959,,111.69,1,0,1
B010,2023-05-07 07:00:00,1,611T2300,1.580465328,,,1,0,0
B010,2023-05-07 07:00:00,2,611E2360,5.096323479,,79.58,1,0,1
B010,2023-05-07 08:00:00,0,611H7406,0,,,1,0,0
B010,2023-05-07 08:00:00,1,611T2300,0,,,1,0,0
B010,2023-05-07 08:00:00,2,611E2360,0,,79.57,1,0,1
B010,2023-05-07 09:00:00,0,611H7406,0,,111.71,1,0,1
B010,2023-05-07 09:00:00,1,611T2300,0,,,1,0,0
B010,2023-05-07 09:00:00,2,611E2360,0,,79.56,1,0,1
B010,2023-05-07 10:00:00,0,611H7406,0,,,1,0,0
B010,2023-05-07 10:00:00,1,611T2300,0,,,1,0,0
B010,2023-05-07 10:00:00,2,611E2360,0,,79.56,1,0,1
B010,2023-05-07 11:00:00,0,611H7406,0,,111.73,1,0,1
B010,2023-05-07 11:00:00,1,611T2300,0,,,1,0,0
B010,2023-05-07 11:00:00,2,611E2360,0,,79.55,1,0,1
B010,2023-05-07 12:00:00,0,611H7406,0.04224781253,,111.9,1,0,1
B010,2023-05-07 12:00:00,1,611T2300,0,,,1,0,0
B010,2023-05-07 12:00:00,2,611E2360,0,,79.54,1,0,1
B010,2023-05-07 13:00:00,0,611H7406,0,,111.9,1,0,1
B010,2023-05-07 13:00:00,1,611T2300,0.002396648001,,,1,0,0
B010,2023-05-07 13:00:00,2,611E2360,0.1224497511,,79.53,1,0,1
B010,2023-05-07 14:00:00,0,611H7406,0,,111.88,1,0,1
B010,2023-05-07 14:00:00,1,611T2300,0,,,1,0,0
B010,2023-05-07 14:00:00,2,611E2360,0.001785876766,,79.52,1,0,1
B010,2023-05-07 15:00:00,0,611H7406,0,,,1,0,0
B010,2023-05-07 15:00:00,1,611T2300,0,,,1,0,0
B010,2023-05-07 15:00:00,2,611E2360,0,,79.51,1,0,1
B010,2023-05-07 16:00:00,0,611H7406,0,,111.88,1,0,1
B010,2023-05-07 16:00:00,1,611T2300,0,,,1,0,0
B010,2023-05-07 16:00:00,2,611E2360,0,,79.51,1,0,1
B010,2023-05-07 17:00:00,0,611H7406,0,,111.86,1,0,1
B010,2023-05-07 17:00:00,1,611T2300,0,,,1,0,0
B010,2023-05-07 17:00:00,2,611E2360,0,,79.5,1,0,1
B010,2023-05-07 18:00:00,0,611H7406,0,,111.84,1,0,1
B010,2023-05-07 18:00:00,1,611T2300,0,,,1,0,0
B010,2023-05-07 18:00:00,2,611E2360,0,,79.5,1,0,1
B010,2023-05-07 19:00:00,0,611H7406,0,,111.69,1,0,1
B010,2023-05-07 19:00:00,1,611T2300,0,,,1,0,0
B010,2023-05-07 19:00:00,2,611E2360,0,,79.5,1,0,1
B010,2023-05-07 20:00:00,0,611H7406,0,,111.69,1,0,1
B010,2023-05-07 20:00:00,1,611T2300,0,,,1,0,0
B010,2023-05-07 20:00:00,2,611E2360,0,,79.5,1,0,1
B010,2023-05-07 21:00:00,0,611H7406,0,,111.69,1,0,1
B010,2023-05-07 21:00:00,1,611T2300,0,,,1,0,0
B010,2023-05-07 21:00:00,2,611E2360,0,,79.49,1,0,1
B010,2023-05-07 22:00:00,0,611H7406,0,,111.71,1,0,1
B010,2023-05-07 22:00:00,1,611T2300,0,,,1,0,0
B010,2023-05-07 22:00:00,2,611E2360,0,,79.47,1,0,1
B010,2023-05-07 23:00:00,0,611H7406,0,,111.71,1,0,1
B010,2023-05-07 23:00:00,1,611T2300,0,,,1,0,0
B010,2023-05-07 23:00:00,2,611E2360,0,,79.47,1,0,1
B010,2023-05-08 00:00:00,0,611H7406,0,,111.71,1,0,1
B010,2023-05-08 00:00:00,1,611T2300,0,,,1,0,0
B010,2023-05-08 00:00:00,2,611E2360,0,,79.46,1,0,1
B010,2023-05-08 01:00:00,0,611H7406,0,,111.73,1,0,1
B010,2023-05-08 01:00:00,1,611T2300,0,,,1,0,0
B010,2023-05-08 01:00:00,2,611E2360,0,,79.46,1,0,1
B010,2023-05-08 02:00:00,0,611H7406,0,,111.73,1,0,1
B010,2023-05-08 02:00:00,1,611T2300,0,,,1,0,0
B010,2023-05-08 02:00:00,2,611E2360,0,,79.46,1,0,1
B010,2023-05-08 03:00:00,0,611H7406,0,,,1,0,0
B010,2023-05-08 03:00:00,1,611T2300,0,,,1,0,0
B010,2023-05-08 03:00:00,2,611E2360,0,,79.45,1,0,1
B010,2023-05-08 04:00:00,0,611H7406,0,,111.71,1,0,1
B010,2023-05-08 04:00:00,1,611T2300,0,,,1,0,0
B010,2023-05-08 04:00:00,2,611E2360,0,,79.45,1,0,1
B010,2023-05-08 05:00:00,0,611H7406,0,,111.71,1,0,1
B010,2023-05-08 05:00:00,1,611T2300,0,,,1,0,0
B010,2023-05-08 05:00:00,2,611E2360,0,,79.45,1,0,1
B010,2023-05-08 06:00:00,0,611H7406,0,,111.71,1,0,1
B010,2023-05-08 06:00:00,1,611T2300,0,,,1,0,0
B010,2023-05-08 06:00:00,2,611E2360,0,,79.45,1,0,1
B010,2023-05-08 07:00:00,0,611H7406,0.04224781253,,111.69,1,0,1
B010,2023-05-08 07:00:00,1,611T2300,0.002396648001,,,1,0,0
B010,2023-05-08 07:00:00,2,611E2360,0.1242356278,,79.45,1,0,1
B010,2023-05-08 08:00:00,0,611H7406,0,,111.69,1,0,1
B010,2023-05-08 08:00:00,1,611T2300,0,,,1,0,0
B010,2023-05-08 08:00:00,2,611E2360,0,,79.44,1,0,1
B010,2023-05-08 09:00:00,0,611H7406,0,,,1,0,0
B010,2023-05-08 09:00:00,1,611T2300,0,,,1,0,0
B010,2023-05-08 09:00:00,2,611E2360,0,,79.44,1,0,1
B010,2023-05-08 10:00:00,0,611H7406,0,,111.66,1,0,1
B010,2023-05-08 10:00:00,1,611T2300,0,,,1,0,0
B010,2023-05-08 10:00:00,2,611E2360,0,,79.44,1,0,1
B010,2023-05-08 11:00:00,0,611H7406,0,,,1,0,0
B010,2023-05-08 11:00:00,1,611T2300,0,,,1,0,0
B010,2023-05-08 11:00:00,2,611E2360,0,,79.43,1,0,1
B010,2023-05-08 12:00:00,0,611H7406,0,,,1,0,0
B010,2023-05-08 12:00:00,1,611T2300,0,,,1,0,0
B010,2023-05-08 12:00:00,2,611E2360,0,,79.43,1,0,1
B010,2023-05-08 13:00:00,0,611H7406,0,,111.62,1,0,1
B010,2023-05-08 13:00:00,1,611T2300,0,,,1,0,0
B010,2023-05-08 13:00:00,2,611E2360,0,,79.43,1,0,1
B010,2023-05-08 14:00:00,0,611H7406,0,,111.6,1,0,1
B010,2023-05-08 14:00:00,1,611T2300,0,,,1,0,0
B010,2023-05-08 14:00:00,2,611E2360,0,,79.42,1,0,1
B010,2023-05-08 15:00:00,0,611H7406,0,,,1,0,0
B010,2023-05-08 15:00:00,1,611T2300,0,,,1,0,0
B010,2023-05-08 15:00:00,2,611E2360,0,,79.42,1,0,1
B010,2023-05-08 16:00:00,0,611H7406,0,,111.6,1,0,1
B010,2023-05-08 16:00:00,1,611T2300,0,,,1,0,0
B010,2023-05-08 16:00:00,2,611E2360,0,,79.42,1,0,1
B010,2023-05-08 17:00:00,0,611H7406,0,,111.61,1,0,1
B010,2023-05-08 17:00:00,1,611T2300,0,,,1,0,0
B010,2023-05-08 17:00:00,2,611E2360,0,,79.42,1,0,1
B010,2023-05-08 18:00:00,0,611H7406,0.1162823533,,111.61,1,0,1
B010,2023-05-08 18:00:00,1,611T2300,0.004864676789,,,1,0,0
B010,2023-05-08 18:00:00,2,611E2360,0,,79.41,1,0,1
B010,2023-05-08 19:00:00,0,611H7406,0,,,1,0,0
B010,2023-05-08 19:00:00,1,611T2300,0,,,1,0,0
B010,2023-05-08 19:00:00,2,611E2360,0,,79.4,1,0,1
B010,2023-05-19 18:00:00,0,611H7406,0,,,1,0,0
B010,2023-05-19 18:00:00,1,611T2300,0,,,1,0,0
B010,2023-05-19 18:00:00,2,611E2360,0,,79.27,1,0,1
B010,2023-05-19 19:00:00,0,611H7406,0,,111.64,1,0,1
B010,2023-05-19 19:00:00,1,611T2300,0,,,1,0,0
B010,2023-05-19 19:00:00,2,611E2360,0,,79.27,1,0,1
B010,2023-05-19 20:00:00,0,611H7406,0,,111.64,1,0,1
B010,2023-05-19 20:00:00,1,611T2300,0,,,1,0,0
B010,2023-05-19 20:00:00,2,611E2360,0,,79.27,1,0,1
B010,2023-05-19 21:00:00,0,611H7406,0,,,1,0,0
B010,2023-05-19 21:00:00,1,611T2300,0,,,1,0,0
B010,2023-05-19 21:00:00,2,611E2360,0,,79.28,1,0,1
B010,2023-05-19 22:00:00,0,611H7406,0,,,1,0,0
B010,2023-05-19 22:00:00,1,611T2300,0,,,1,0,0
B010,2023-05-19 22:00:00,2,611E2360,0,,79.29,1,0,1
B010,2023-05-19 23:00:00,0,611H7406,0,,111.64,1,0,1
B010,2023-05-19 23:00:00,1,611T2300,0,,,1,0,0
B010,2023-05-19 23:00:00,2,611E2360,0,,79.29,1,0,1
B010,2023-05-20 00:00:00,0,611H7406,0,,111.64,1,0,1
B010,2023-05-20 00:00:00,1,611T2300,0,,,1,0,0
B010,2023-05-20 00:00:00,2,611E2360,0,,79.29,1,0,1
B010,2023-05-20 01:00:00,0,611H7406,0,,111.64,1,0,1
B010,2023-05-20 01:00:00,1,611T2300,0,,,1,0,0
B010,2023-05-20 01:00:00,2,611E2360,0,,79.29,1,0,1
B010,2023-05-20 02:00:00,0,611H7406,0,,111.64,1,0,1
B010,2023-05-20 02:00:00,1,611T2300,0,,,1,0,0
B010,2023-05-20 02:00:00,2,611E2360,0,,79.29,1,0,1
B010,2023-05-20 03:00:00,0,611H7406,0,,,1,0,0
B010,2023-05-20 03:00:00,1,611T2300,0,,,1,0,0
B010,2023-05-20 03:00:00,2,611E2360,0,,79.29,1,0,1
B010,2023-05-20 04:00:00,0,611H7406,0,,111.64,1,0,1
B010,2023-05-20 04:00:00,1,611T2300,0,,,1,0,0
B010,2023-05-20 04:00:00,2,611E2360,0,,79.29,1,0,1
B010,2023-05-20 05:00:00,0,611H7406,0.07406675504,,111.64,1,0,1
B010,2023-05-20 05:00:00,1,611T2300,0.783674909,,,1,0,0
B010,2023-05-20 05:00:00,2,611E2360,0.8543037161,,79.28,1,0,1
B010,2023-05-20 06:00:00,0,611H7406,0.02222002651,,111.64,1,0,1
B010,2023-05-20 06:00:00,1,611T2300,0.06681290171,,,1,0,0
B010,2023-05-20 06:00:00,2,611E2360,0.1260215046,,79.28,1,0,1
B010,2023-05-20 07:00:00,0,611H7406,0.1659368414,,111.64,1,0,1
B010,2023-05-20 07:00:00,1,611T2300,0.5976874726,,,1,0,0
B010,2023-05-20 07:00:00,2,611E2360,0.9803252207,,79.28,1,0,1
B010,2023-05-20 08:00:00,0,611H7406,0,,,1,0,0
B010,2023-05-20 08:00:00,1,611T2300,0,,,1,0,0
B010,2023-05-20 08:00:00,2,611E2360,0,,79.28,1,0,1
B010,2023-05-20 09:00:00,0,611H7406,0,,,1,0,0
B010,2023-05-20 09:00:00,1,611T2300,0,,,1,0,0
B010,2023-05-20 09:00:00,2,611E2360,0,,79.28,1,0,1
B010,2023-05-20 10:00:00,0,611H7406,0,,,1,0,0
B010,2023-05-20 10:00:00,1,611T2300,0,,,1,0,0
B010,2023-05-20 10:00:00,2,611E2360,0,,79.28,1,0,1
B010,2023-05-20 11:00:00,0,611H7406,0,,111.64,1,0,1
B010,2023-05-20 11:00:00,1,611T2300,0,,,1,0,0
B010,2023-05-20 11:00:00,2,611E2360,0,,79.28,1,0,1
B010,2023-05-20 12:00:00,0,611H7406,0,,111.64,1,0,1
B010,2023-05-20 12:00:00,1,611T2300,0,,,1,0,0
B010,2023-05-20 12:00:00,2,611E2360,0,,79.28,1,0,1
B010,2023-05-20 13:00:00,0,611H7406,0,,,1,0,0
B010,2023-05-20 13:00:00,1,611T2300,0,,,1,0,0
B010,2023-05-20 13:00:00,2,611E2360,0,,79.28,1,0,1
B010,2023-05-20 14:00:00,0,611H7406,0,,111.64,1,0,1
B010,2023-05-20 14:00:00,1,611T2300,0,,,1,0,0
B010,2023-05-20 14:00:00,2,611E2360,0,,79.29,1,0,1
B010,2023-05-20 15:00:00,0,611H7406,0,,111.64,1,0,1
B010,2023-05-20 15:00:00,1,611T2300,0,,,1,0,0
B010,2023-05-20 15:00:00,2,611E2360,0.003208147424,,79.29,1,0,1
B010,2023-05-20 16:00:00,0,611H7406,0,,111.64,1,0,1
B010,2023-05-20 16:00:00,1,611T2300,0,,,1,0,0
B010,2023-05-20 16:00:00,2,611E2360,0.02406110568,,79.29,1,0,1
B010,2023-05-20 17:00:00,0,611H7406,0,,111.64,1,0,1
B010,2023-05-20 17:00:00,1,611T2300,0,,,1,0,0
B010,2023-05-20 17:00:00,2,611E2360,0,,79.29,1,0,1
B010,2023-05-20 18:00:00,0,611H7406,0,,111.64,1,0,1
B010,2023-05-20 18:00:00,1,611T2300,0,,,1,0,0
B010,2023-05-20 18:00:00,2,611E2360,0,,79.29,1,0,1
B010,2023-05-20 19:00:00,0,611H7406,0,,111.64,1,0,1
B010,2023-05-20 19:00:00,1,611T2300,0,,,1,0,0
B010,2023-05-20 19:00:00,2,611E2360,0,,79.29,1,0,1
B010,2023-05-20 20:00:00,0,611H7406,0,,111.64,1,0,1
B010,2023-05-20 20:00:00,1,611T2300,0,,,1,0,0
B010,2023-05-20 20:00:00,2,611E2360,0,,79.29,1,0,1
B010,2023-05-20 21:00:00,0,611H7406,0,,,1,0,0
B010,2023-05-20 21:00:00,1,611T2300,0,,,1,0,0
B010,2023-05-20 21:00:00,2,611E2360,0,,79.29,1,0,1
B010,2023-05-20 22:00:00,0,611H7406,0,,,1,0,0
B010,2023-05-20 22:00:00,1,611T2300,0,,,1,0,0
B010,2023-05-20 22:00:00,2,611E2360,0,,79.31,1,0,1
B010,2023-05-20 23:00:00,0,611H7406,0,,111.64,1,0,1
B010,2023-05-20 23:00:00,1,611T2300,0,,,1,0,0
B010,2023-05-20 23:00:00,2,611E2360,0,,79.32,1,0,1
B010,2023-05-21 00:00:00,0,611H7406,0,,111.64,1,0,1
B010,2023-05-21 00:00:00,1,611T2300,0,,,1,0,0
B010,2023-05-21 00:00:00,2,611E2360,0,,79.32,1,0,1
B010,2023-05-21 01:00:00,0,611H7406,0,,111.64,1,0,1
B010,2023-05-21 01:00:00,1,611T2300,0,,,1,0,0
B010,2023-05-21 01:00:00,2,611E2360,0,,79.32,1,0,1
B010,2023-05-21 02:00:00,0,611H7406,0,,111.64,1,0,1
B010,2023-05-21 02:00:00,1,611T2300,0,,,1,0,0
B010,2023-05-21 02:00:00,2,611E2360,0,,79.33,1,0,1
B010,2023-05-21 03:00:00,0,611H7406,0,,111.64,1,0,1
B010,2023-05-21 03:00:00,1,611T2300,0,,,1,0,0
B010,2023-05-21 03:00:00,2,611E2360,0,,79.33,1,0,1
B010,2023-05-21 04:00:00,0,611H7406,0,,,1,0,0
B010,2023-05-21 04:00:00,1,611T2300,0,,,1,0,0
B010,2023-05-21 04:00:00,2,611E2360,0,,79.33,1,0,1
B010,2023-05-21 05:00:00,0,611H7406,0,,111.64,1,0,1
B010,2023-05-21 05:00:00,1,611T2300,0,,,1,0,0
B010,2023-05-21 05:00:00,2,611E2360,0,,79.33,1,0,1
B010,2023-05-21 06:00:00,0,611H7406,0,,,1,0,0
B010,2023-05-21 06:00:00,1,611T2300,0,,,1,0,0
B010,2023-05-21 06:00:00,2,611E2360,0,,79.32,1,0,1
B010,2023-05-21 07:00:00,0,611H7406,0,,,1,0,0
B010,2023-05-21 07:00:00,1,611T2300,0,,,1,0,0
B010,2023-05-21 07:00:00,2,611E2360,0.0272692531,,79.32,1,0,1
B010,2023-05-21 08:00:00,0,611H7406,0,,111.64,1,0,1
B010,2023-05-21 08:00:00,1,611T2300,0,,,1,0,0
B010,2023-05-21 08:00:00,2,611E2360,0,,79.32,1,0,1
B010,2023-05-21 09:00:00,0,611H7406,0,,111.64,1,0,1
B010,2023-05-21 09:00:00,1,611T2300,0,,,1,0,0
B010,2023-05-21 09:00:00,2,611E2360,0,,79.32,1,0,1
B010,2023-05-21 10:00:00,0,611H7406,0,,111.64,1,0,1
B010,2023-05-21 10:00:00,1,611T2300,0,,,1,0,0
B010,2023-05-21 10:00:00,2,611E2360,0,,79.31,1,0,1
B010,2023-05-21 11:00:00,0,611H7406,0,,,1,0,0
B010,2023-05-21 11:00:00,1,611T2300,0,,,1,0,0
B010,2023-05-21 11:00:00,2,611E2360,0,,79.3,1,0,1
B010,2023-05-21 12:00:00,0,611H7406,0,,111.64,1,0,1
B010,2023-05-21 12:00:00,1,611T2300,0,,,1,0,0
B010,2023-05-21 12:00:00,2,611E2360,0,,79.3,1,0,1
B010,2023-05-21 13:00:00,0,611H7406,0,,111.64,1,0,1
B010,2023-05-21 13:00:00,1,611T2300,0,,,1,0,0
B010,2023-05-21 13:00:00,2,611E2360,0,,79.3,1,0,1
B010,2023-05-21 14:00:00,0,611H7406,0,,111.64,1,0,1
B010,2023-05-21 14:00:00,1,611T2300,0,,,1,0,0
B010,2023-05-21 14:00:00,2,611E2360,0,,79.29,1,0,1
B010,2023-05-21 15:00:00,0,611H7406,0,,111.64,1,0,1
B010,2023-05-21 15:00:00,1,611T2300,0,,,1,0,0
B010,2023-05-21 15:00:00,2,611E2360,0,,79.29,1,0,1
B010,2023-05-21 16:00:00,0,611H7406,0,,111.64,1,0,1
B010,2023-05-21 16:00:00,1,611T2300,0,,,1,0,0
B010,2023-05-21 16:00:00,2,611E2360,0,,79.29,1,0,1
B010,2023-05-21 17:00:00,0,611H7406,0,,111.64,1,0,1
B010,2023-05-21 17:00:00,1,611T2300,0,,,1,0,0
B010,2023-05-21 17:00:00,2,611E2360,0,,79.29,1,0,1
B010,2023-05-21 18:00:00,0,611H7406,3.731987298,,111.64,1,0,1
B010,2023-05-21 18:00:00,1,611T2300,0.1860331734,,,1,0,0
B010,2023-05-21 18:00:00,2,611E2360,0.05614257992,,79.29,1,0,1
B010,2023-05-21 19:00:00,0,611H7406,0.3585104045,,111.64,1,0,1
B010,2023-05-21 19:00:00,1,611T2300,0.6606312785,,,1,0,0
B010,2023-05-21 19:00:00,2,611E2360,0.1577715265,,79.3,1,0,1
B010,2023-05-21 20:00:00,0,611H7406,5.801286366,,111.64,1,0,1
B010,2023-05-21 20:00:00,1,611T2300,2.845903892,,,1,0,0
B010,2023-05-21 20:00:00,2,611E2360,3.211422848,,79.31,1,0,1
B010,2023-05-21 21:00:00,0,611H7406,3.066603027,,112.93,1,0,1
B010,2023-05-21 21:00:00,1,611T2300,1.684759675,,,1,0,0
B010,2023-05-21 21:00:00,2,611E2360,1.362474743,,79.32,1,0,1
B010,2023-05-21 22:00:00,0,611H7406,0.4503482765,,112.52,1,0,1
B010,2023-05-21 22:00:00,1,611T2300,0.6424926168,,,1,0,0
B010,2023-05-21 22:00:00,2,611E2360,0.7372115954,,79.36,1,0,1
B010,2023-05-21 23:00:00,0,611H7406,0.007406675504,,112.36,1,0,1
B010,2023-05-21 23:00:00,1,611T2300,0.08225039973,,,1,0,0
B010,2023-05-21 23:00:00,2,611E2360,1.213814404,,79.54,1,0,1
B010,2023-05-22 00:00:00,0,611H7406,0.04224781253,,112.34,1,0,1
B010,2023-05-22 00:00:00,1,611T2300,0.004793296003,,,1,0,0
B010,2023-05-22 00:00:00,2,611E2360,0.246867182,,80.11,1,0,1
B010,2023-05-22 01:00:00,0,611H7406,0,,112.27,1,0,1
B010,2023-05-22 01:00:00,1,611T2300,0,,,1,0,0
B010,2023-05-22 01:00:00,2,611E2360,0.001785876766,,80.22,1,0,1
B010,2023-05-22 02:00:00,0,611H7406,0,,112.25,1,0,1
B010,2023-05-22 02:00:00,1,611T2300,0,,,1,0,0
B010,2023-05-22 02:00:00,2,611E2360,0,,80.22,1,0,1
B010,2023-05-22 03:00:00,0,611H7406,0,,112.29,1,0,1
B010,2023-05-22 03:00:00,1,611T2300,0,,,1,0,0
B010,2023-05-22 03:00:00,2,611E2360,0,,80.24,1,0,1
B010,2023-05-22 04:00:00,0,611H7406,0,,112.12,1,0,1
B010,2023-05-22 04:00:00,1,611T2300,0,,,1,0,0
B010,2023-05-22 04:00:00,2,611E2360,0,,80.14,1,0,1
B010,2023-05-22 05:00:00,0,611H7406,0,,112.1,1,0,1
B010,2023-05-22 05:00:00,1,611T2300,0,,,1,0,0
B010,2023-05-22 05:00:00,2,611E2360,0,,80.05,1,0,1
B010,2023-05-22 06:00:00,0,611H7406,0,,112.08,1,0,1
B010,2023-05-22 06:00:00,1,611T2300,0,,,1,0,0
B010,2023-05-22 06:00:00,2,611E2360,0,,79.97,1,0,1
B010,2023-05-22 07:00:00,0,611H7406,12.57699547,,112.23,1,0,1
B010,2023-05-22 07:00:00,1,611T2300,3.551686267,,,1,0,0
B010,2023-05-22 07:00:00,2,611E2360,6.987490756,,79.91,1,0,1
B010,2023-05-22 08:00:00,0,611H7406,0.1162823533,,112.25,1,0,1
B010,2023-05-22 08:00:00,1,611T2300,0.004864676789,,,1,0,0
B010,2023-05-22 08:00:00,2,611E2360,0,,79.85,1,0,1
B010,2023-05-22 09:00:00,0,611H7406,0,,112.27,1,0,1
B010,2023-05-22 09:00:00,1,611T2300,0,,,1,0,0
B010,2023-05-22 09:00:00,2,611E2360,0,,79.81,1,0,1
B010,2023-05-22 10:00:00,0,611H7406,0,,112.29,1,0,1
B010,2023-05-22 10:00:00,1,611T2300,0,,,1,0,0
B010,2023-05-22 10:00:00,2,611E2360,0,,79.77,1,0,1
B010,2023-05-22 11:00:00,0,611H7406,0,,111.67,1,0,1
B010,2023-05-22 11:00:00,1,611T2300,0,,,1,0,0
B010,2023-05-22 11:00:00,2,611E2360,0,,79.74,1,0,1
B010,2023-05-22 12:00:00,0,611H7406,0,,112.3,1,0,1
B010,2023-05-22 12:00:00,1,611T2300,0,,,1,0,0
B010,2023-05-22 12:00:00,2,611E2360,0,,79.72,1,0,1
B010,2023-05-22 13:00:00,0,611H7406,0,,111.69,1,0,1
B010,2023-05-22 13:00:00,1,611T2300,0,,,1,0,0
B010,2023-05-22 13:00:00,2,611E2360,0,,79.69,1,0,1
B010,2023-05-22 14:00:00,0,611H7406,0,,111.71,1,0,1
B010,2023-05-22 14:00:00,1,611T2300,0,,,1,0,0
B010,2023-05-22 14:00:00,2,611E2360,0.001604073712,,79.67,1,0,1
B010,2023-05-22 15:00:00,0,611H7406,0.04224781253,,111.73,1,0,1
B010,2023-05-22 15:00:00,1,611T2300,0,,,1,0,0
B010,2023-05-22 15:00:00,2,611E2360,0.001604073712,,79.65,1,0,1
B010,2023-05-22 16:00:00,0,611H7406,0,,111.9,1,0,1
B010,2023-05-22 16:00:00,1,611T2300,0,,,1,0,0
B010,2023-05-22 16:00:00,2,611E2360,0,,79.64,1,0,1
B010,2023-05-22 17:00:00,0,611H7406,0,,111.9,1,0,1
B010,2023-05-22 17:00:00,1,611T2300,0,,,1,0,0
B010,2023-05-22 17:00:00,2,611E2360,0,,79.61,1,0,1
B010,2023-05-22 18:00:00,0,611H7406,0,,111.88,1,0,1
B010,2023-05-22 18:00:00,1,611T2300,0,,,1,0,0
B010,2023-05-22 18:00:00,2,611E2360,0,,79.6,1,0,1
B010,2023-05-22 19:00:00,0,611H7406,0,,111.86,1,0,1
B010,2023-05-22 19:00:00,1,611T2300,0,,,1,0,0
B010,2023-05-22 19:00:00,2,611E2360,0,,79.58,1,0,1
B010,2023-05-22 20:00:00,0,611H7406,0,,111.84,1,0,1
B010,2023-05-22 20:00:00,1,611T2300,0,,,1,0,0
B010,2023-05-22 20:00:00,2,611E2360,0,,79.56,1,0,1
B010,2023-05-22 21:00:00,0,611H7406,0,,111.67,1,0,1
B010,2023-05-22 21:00:00,1,611T2300,0,,,1,0,0
B010,2023-05-22 21:00:00,2,611E2360,0,,79.55,1,0,1
B010,2023-05-22 22:00:00,0,611H7406,0,,111.71,1,0,1
B010,2023-05-22 22:00:00,1,611T2300,0,,,1,0,0
B010,2023-05-22 22:00:00,2,611E2360,0,,79.54,1,0,1
B010,2023-05-22 23:00:00,0,611H7406,0,,111.71,1,0,1
B010,2023-05-22 23:00:00,1,611T2300,0,,,1,0,0
B010,2023-05-22 23:00:00,2,611E2360,0,,79.53,1,0,1
B010,2023-05-23 00:00:00,0,611H7406,0,,111.73,1,0,1
B010,2023-05-23 00:00:00,1,611T2300,0,,,1,0,0
B010,2023-05-23 00:00:00,2,611E2360,0,,79.52,1,0,1
B010,2023-05-23 01:00:00,0,611H7406,0,,111.73,1,0,1
B010,2023-05-23 01:00:00,1,611T2300,0,,,1,0,0
B010,2023-05-23 01:00:00,2,611E2360,0,,79.51,1,0,1
B010,2023-05-23 02:00:00,0,611H7406,0,,111.73,1,0,1
B010,2023-05-23 02:00:00,1,611T2300,0,,,1,0,0
B010,2023-05-23 02:00:00,2,611E2360,0,,79.5,1,0,1
B010,2023-05-23 03:00:00,0,611H7406,0,,111.73,1,0,1
B010,2023-05-23 03:00:00,1,611T2300,0,,,1,0,0
B010,2023-05-23 03:00:00,2,611E2360,0,,79.5,1,0,1
B010,2023-05-23 04:00:00,0,611H7406,0,,,1,0,0
B010,2023-05-23 04:00:00,1,611T2300,0,,,1,0,0
B010,2023-05-23 04:00:00,2,611E2360,0,,79.49,1,0,1
B010,2023-05-23 05:00:00,0,611H7406,0,,111.69,1,0,1
B010,2023-05-23 05:00:00,1,611T2300,0,,,1,0,0
B010,2023-05-23 05:00:00,2,611E2360,0,,79.48,1,0,1
B010,2023-05-23 06:00:00,0,611H7406,0,,111.69,1,0,1
B010,2023-05-23 06:00:00,1,611T2300,0,,,1,0,0
B010,2023-05-23 06:00:00,2,611E2360,0,,79.47,1,0,1
B010,2023-05-23 07:00:00,0,611H7406,0.1585301659,,111.68,1,0,1
B010,2023-05-23 07:00:00,1,611T2300,0.004864676789,,,1,0,0
B010,2023-05-23 07:00:00,2,611E2360,0.003208147424,,79.47,1,0,1
B010,2023-05-23 08:00:00,0,611H7406,0,,111.66,1,0,1
B010,2023-05-23 08:00:00,1,611T2300,0,,,1,0,0
B010,2023-05-23 08:00:00,2,611E2360,0,,79.47,1,0,1
B010,2023-05-23 09:00:00,0,611H7406,0,,111.64,1,0,1
B010,2023-05-23 09:00:00,1,611T2300,0,,,1,0,0
B010,2023-05-23 09:00:00,2,611E2360,0,,79.46,1,0,1
B010,2023-05-23 10:00:00,0,611H7406,0,,111.64,1,0,1
B010,2023-05-23 10:00:00,1,611T2300,0,,,1,0,0
B010,2023-05-23 10:00:00,2,611E2360,0,,79.46,1,0,1
B010,2023-05-23 11:00:00,0,611H7406,0.1162823533,,,1,0,0
B010,2023-05-23 11:00:00,1,611T2300,0.04646980794,,,1,0,0
B010,2023-05-23 11:00:00,2,611E2360,0.2497117233,,79.45,1,0,1
B010,2023-05-23 12:00:00,0,611H7406,0.363660411,,111.61,1,0,1
B010,2023-05-23 12:00:00,1,611T2300,0.1335585178,,,1,0,0
B010,2023-05-23 12:00:00,2,611E2360,0.1258397015,,79.45,1,0,1
B010,2023-05-23 13:00:00,0,611H7406,0.1689912501,,,1,0,0
B010,2023-05-23 13:00:00,1,611T2300,0.03920848315,,,1,0,0
B010,2023-05-23 13:00:00,2,611E2360,0.1208456774,,79.44,1,0,1
B010,2023-05-23 14:00:00,0,611H7406,0,,111.6,1,0,1
B010,2023-05-23 14:00:00,1,611T2300,0,,,1,0,0
B010,2023-05-23 14:00:00,2,611E2360,0.003389950478,,79.44,1,0,1
B010,2023-05-23 15:00:00,0,611H7406,0,,111.62,1,0,1
B010,2023-05-23 15:00:00,1,611T2300,0,,,1,0,0
B010,2023-05-23 15:00:00,2,611E2360,0,,79.44,1,0,1
B010,2023-05-23 16:00:00,0,611H7406,0,,111.64,1,0,1
B010,2023-05-23 16:00:00,1,611T2300,0,,,1,0,0
B010,2023-05-23 16:00:00,2,611E2360,0,,79.44,1,0,1
B010,2023-05-23 17:00:00,0,611H7406,0,,,1,0,0
B010,2023-05-23 17:00:00,1,611T2300,0,,,1,0,0
B010,2023-05-23 17:00:00,2,611E2360,0,,79.44,1,0,1
B010,2023-05-23 18:00:00,0,611H7406,0.1162823533,,111.64,1,0,1
B010,2023-05-23 18:00:00,1,611T2300,0.004864676789,,,1,0,0
B010,2023-05-23 18:00:00,2,611E2360,0,,79.44,1,0,1
B010,2023-05-23 19:00:00,0,611H7406,0,,,1,0,0
B010,2023-05-23 19:00:00,1,611T2300,0,,,1,0,0
B010,2023-05-23 19:00:00,2,611E2360,0,,79.44,1,0,1
B010,2023-05-23 20:00:00,0,611H7406,0,,,1,0,0
B010,2023-05-23 20:00:00,1,611T2300,0,,,1,0,0
B010,2023-05-23 20:00:00,2,611E2360,0,,79.44,1,0,1
B010,2023-05-23 21:00:00,0,611H7406,0,,111.62,1,0,1
B010,2023-05-23 21:00:00,1,611T2300,0,,,1,0,0
B010,2023-05-23 21:00:00,2,611E2360,0,,79.44,1,0,1
B010,2023-05-23 22:00:00,0,611H7406,0,,111.62,1,0,1
B010,2023-05-23 22:00:00,1,611T2300,0,,,1,0,0
B010,2023-05-23 22:00:00,2,611E2360,0,,79.44,1,0,1
B010,2023-05-23 23:00:00,0,611H7406,0,,111.6,1,0,1
B010,2023-05-23 23:00:00,1,611T2300,0,,,1,0,0
B010,2023-05-23 23:00:00,2,611E2360,0,,79.44,1,0,1
B010,2023-05-24 00:00:00,0,611H7406,0,,111.6,1,0,1
B010,2023-05-24 00:00:00,1,611T2300,0.04160513115,,,1,0,0
B010,2023-05-24 00:00:00,2,611E2360,0.2432954284,,79.44,1,0,1
B010,2023-05-24 01:00:00,0,611H7406,0,,111.6,1,0,1
B010,2023-05-24 01:00:00,1,611T2300,0,,,1,0,0
B010,2023-05-24 01:00:00,2,611E2360,0,,79.43,1,0,1
B010,2023-05-24 02:00:00,0,611H7406,0,,111.6,1,0,1
B010,2023-05-24 02:00:00,1,611T2300,0,,,1,0,0
B010,2023-05-24 02:00:00,2,611E2360,0,,79.43,1,0,1
B010,2023-05-24 03:00:00,0,611H7406,0,,,1,0,0
B010,2023-05-24 03:00:00,1,611T2300,0,,,1,0,0
B010,2023-05-24 03:00:00,2,611E2360,0,,79.43,1,0,1
B010,2023-05-24 04:00:00,0,611H7406,0,,111.6,1,0,1
B010,2023-05-24 04:00:00,1,611T2300,0,,,1,0,0
B010,2023-05-24 04:00:00,2,611E2360,0,,79.43,1,0,1
B010,2023-05-24 05:00:00,0,611H7406,0,,111.6,1,0,1
B010,2023-05-24 05:00:00,1,611T2300,0,,,1,0,0
B010,2023-05-24 05:00:00,2,611E2360,0,,79.42,1,0,1
B010,2023-05-24 06:00:00,0,611H7406,0,,111.6,1,0,1
B010,2023-05-24 06:00:00,1,611T2300,0,,,1,0,0
B010,2023-05-24 06:00:00,2,611E2360,0,,79.42,1,0,1
B010,2023-05-24 07:00:00,0,611H7406,0.7504030167,,,1,0,0
B010,2023-05-24 07:00:00,1,611T2300,0.2227624477,,,1,0,0
B010,2023-05-24 07:00:00,2,611E2360,0.7430824811,,79.42,1,0,1
B010,2023-05-24 08:00:00,0,611H7406,0,,,1,0,0
B010,2023-05-24 08:00:00,1,611T2300,0,,,1,0,0
B010,2023-05-24 08:00:00,2,611E2360,0,,79.42,1,0,1
B010,2023-05-24 09:00:00,0,611H7406,0,,111.62,1,0,1
B010,2023-05-24 09:00:00,1,611T2300,0,,,1,0,0
B010,2023-05-24 09:00:00,2,611E2360,0,,79.42,1,0,1
B010,2023-05-24 10:00:00,0,611H7406,0,,111.64,1,0,1
B010,2023-05-24 10:00:00,1,611T2300,0,,,1,0,0
B010,2023-05-24 10:00:00,2,611E2360,0,,79.42,1,0,1
B010,2023-05-24 11:00:00,0,611H7406,0,,111.64,1,0,1
B010,2023-05-24 11:00:00,1,611T2300,0,,,1,0,0
B010,2023-05-24 11:00:00,2,611E2360,0,,79.41,1,0,1
B010,2023-05-24 12:00:00,0,611H7406,0,,111.64,1,0,1
B010,2023-05-24 12:00:00,1,611T2300,0,,,1,0,0
B010,2023-05-24 12:00:00,2,611E2360,0,,79.41,1,0,1
B010,2023-05-24 13:00:00,0,611H7406,0,,111.64,1,0,1
B010,2023-05-24 13:00:00,1,611T2300,0,,,1,0,0
B010,2023-05-24 13:00:00,2,611E2360,0,,79.39,1,0,1
B010,2023-05-24 14:00:00,0,611H7406,0,,,1,0,0
B010,2023-05-24 14:00:00,1,611T2300,0,,,1,0,0
B010,2023-05-24 14:00:00,2,611E2360,0,,79.39,1,0,1
B010,2023-05-24 15:00:00,0,611H7406,0,,111.64,1,0,1
B010,2023-05-24 15:00:00,1,611T2300,0,,,1,0,0
B010,2023-05-24 15:00:00,2,611E2360,0,,79.38,1,0,1
B010,2023-05-24 16:00:00,0,611H7406,0,,111.64,1,0,1
B010,2023-05-24 16:00:00,1,611T2300,0,,,1,0,0
B010,2023-05-24 16:00:00,2,611E2360,0,,79.38,1,0,1
B010,2023-06-17 13:00:00,0,611H7406,0,,111.64,1,0,1
B010,2023-06-17 13:00:00,1,611T2300,0,,,1,0,0
B010,2023-06-17 13:00:00,2,611E2360,0,,79.27,1,0,1
B010,2023-06-17 14:00:00,0,611H7406,0,,,1,0,0
B010,2023-06-17 14:00:00,1,611T2300,0,,,1,0,0
B010,2023-06-17 14:00:00,2,611E2360,0,,79.27,1,0,1
B010,2023-06-17 15:00:00,0,611H7406,0,,,1,0,0
B010,2023-06-17 15:00:00,1,611T2300,0,,,1,0,0
B010,2023-06-17 15:00:00,2,611E2360,0,,79.26,1,0,1
B010,2023-06-17 16:00:00,0,611H7406,0,,111.64,1,0,1
B010,2023-06-17 16:00:00,1,611T2300,0,,,1,0,0
B010,2023-06-17 16:00:00,2,611E2360,0,,79.26,1,0,1
B010,2023-06-17 17:00:00,0,611H7406,0.378473762,,111.64,1,0,1
B010,2023-06-17 17:00:00,1,611T2300,0.2845415444,,,1,0,0
B010,2023-06-17 17:00:00,2,611E2360,0.00802036856,,79.26,1,0,1
B010,2023-06-17 18:00:00,0,611H7406,0,,,1,0,0
B010,2023-06-17 18:00:00,1,611T2300,0,,,1,0,0
B010,2023-06-17 18:00:00,2,611E2360,0,,79.26,1,0,1
B010,2023-06-17 19:00:00,0,611H7406,0,,111.64,1,0,1
B010,2023-06-17 19:00:00,1,611T2300,0,,,1,0,0
B010,2023-06-17 19:00:00,2,611E2360,0,,79.26,1,0,1
B010,2023-06-17 20:00:00,0,611H7406,0,,111.64,1,0,1
B010,2023-06-17 20:00:00,1,611T2300,0,,,1,0,0
B010,2023-06-17 20:00:00,2,611E2360,0,,79.27,1,0,1
B010,2023-06-17 21:00:00,0,611H7406,0,,111.64,1,0,1
B010,2023-06-17 21:00:00,1,611T2300,0,,,1,0,0
B010,2023-06-17 21:00:00,2,611E2360,0,,79.28,1,0,1
B010,2023-06-17 22:00:00,0,611H7406,0,,,1,0,0
B010,2023-06-17 22:00:00,1,611T2300,0,,,1,0,0
B010,2023-06-17 22:00:00,2,611E2360,0,,79.28,1,0,1
B010,2023-06-17 23:00:00,0,611H7406,0,,111.64,1,0,1
B010,2023-06-17 23:00:00,1,611T2300,0,,,1,0,0
B010,2023-06-17 23:00:00,2,611E2360,0,,79.28,1,0,1
B010,2023-06-18 00:00:00,0,611H7406,0,,111.64,1,0,1
B010,2023-06-18 00:00:00,1,611T2300,0,,,1,0,0
B010,2023-06-18 00:00:00,2,611E2360,0,,79.28,1,0,1
B010,2023-06-18 01:00:00,0,611H7406,0,,111.64,1,0,1
B010,2023-06-18 01:00:00,1,611T2300,0,,,1,0,0
B010,2023-06-18 01:00:00,2,611E2360,0,,79.28,1,0,1
B010,2023-06-18 02:00:00,0,611H7406,0,,111.64,1,0,1
B010,2023-06-18 02:00:00,1,611T2300,0,,,1,0,0
B010,2023-06-18 02:00:00,2,611E2360,0,,79.28,1,0,1
B010,2023-06-18 03:00:00,0,611H7406,0,,111.64,1,0,1
B010,2023-06-18 03:00:00,1,611T2300,0,,,1,0,0
B010,2023-06-18 03:00:00,2,611E2360,0,,79.27,1,0,1
B010,2023-06-18 04:00:00,0,611H7406,0,,,1,0,0
B010,2023-06-18 04:00:00,1,611T2300,0,,,1,0,0
B010,2023-06-18 04:00:00,2,611E2360,0,,79.27,1,0,1
B010,2023-06-18 05:00:00,0,611H7406,0,,111.64,1,0,1
B010,2023-06-18 05:00:00,1,611T2300,0,,,1,0,0
B010,2023-06-18 05:00:00,2,611E2360,0,,79.27,1,0,1
B010,2023-06-18 06:00:00,0,611H7406,0,,111.64,1,0,1
B010,2023-06-18 06:00:00,1,611T2300,0,,,1,0,0
B010,2023-06-18 06:00:00,2,611E2360,0,,79.27,1,0,1
B010,2023-06-18 07:00:00,0,611H7406,0.34884706,,111.64,1,0,1
B010,2023-06-18 07:00:00,1,611T2300,0.1986532061,,,1,0,0
B010,2023-06-18 07:00:00,2,611E2360,0.00802036856,,79.28,1,0,1
B010,2023-06-18 08:00:00,0,611H7406,0,,,1,0,0
B010,2023-06-18 08:00:00,1,611T2300,0,,,1,0,0
B010,2023-06-18 08:00:00,2,611E2360,0,,79.27,1,0,1
B010,2023-06-18 09:00:00,0,611H7406,0,,,1,0,0
B010,2023-06-18 09:00:00,1,611T2300,0,,,1,0,0
B010,2023-06-18 09:00:00,2,611E2360,0,,79.27,1,0,1
B010,2023-06-18 10:00:00,0,611H7406,0,,111.64,1,0,1
B010,2023-06-18 10:00:00,1,611T2300,0,,,1,0,0
B010,2023-06-18 10:00:00,2,611E2360,0,,79.26,1,0,1
B010,2023-06-18 11:00:00,0,611H7406,0,,,1,0,0
B010,2023-06-18 11:00:00,1,611T2300,0,,,1,0,0
B010,2023-06-18 11:00:00,2,611E2360,0,,79.26,1,0,1
B010,2023-06-18 12:00:00,0,611H7406,0,,111.64,1,0,1
B010,2023-06-18 12:00:00,1,611T2300,0,,,1,0,0
B010,2023-06-18 12:00:00,2,611E2360,0,,79.26,1,0,1
B010,2023-06-18 13:00:00,0,611H7406,0,,,1,0,0
B010,2023-06-18 13:00:00,1,611T2300,0,,,1,0,0
B010,2023-06-18 13:00:00,2,611E2360,0,,79.26,1,0,1
B010,2023-06-18 14:00:00,0,611H7406,0,,111.64,1,0,1
B010,2023-06-18 14:00:00,1,611T2300,0,,,1,0,0
B010,2023-06-18 14:00:00,2,611E2360,0,,79.25,1,0,1
B010,2023-06-18 15:00:00,0,611H7406,0,,111.64,1,0,1
B010,2023-06-18 15:00:00,1,611T2300,0,,,1,0,0
B010,2023-06-18 15:00:00,2,611E2360,0,,79.25,1,0,1
B010,2023-06-18 16:00:00,0,611H7406,0,,111.64,1,0,1
B010,2023-06-18 16:00:00,1,611T2300,0,,,1,0,0
B010,2023-06-18 16:00:00,2,611E2360,0,,79.25,1,0,1
B010,2023-06-18 17:00:00,0,611H7406,0,,111.64,1,0,1
B010,2023-06-18 17:00:00,1,611T2300,0,,,1,0,0
B010,2023-06-18 17:00:00,2,611E2360,0,,79.25,1,0,1
B010,2023-06-18 18:00:00,0,611H7406,0,,111.64,1,0,1
B010,2023-06-18 18:00:00,1,611T2300,0,,,1,0,0
B010,2023-06-18 18:00:00,2,611E2360,0,,79.25,1,0,1
B010,2023-06-18 19:00:00,0,611H7406,0,,111.64,1,0,1
B010,2023-06-18 19:00:00,1,611T2300,0,,,1,0,0
B010,2023-06-18 19:00:00,2,611E2360,0,,79.25,1,0,1
B010,2023-06-18 20:00:00,0,611H7406,0,,111.64,1,0,1
B010,2023-06-18 20:00:00,1,611T2300,0,,,1,0,0
B010,2023-06-18 20:00:00,2,611E2360,0,,79.25,1,0,1
B010,2023-06-18 21:00:00,0,611H7406,0,,,1,0,0
B010,2023-06-18 21:00:00,1,611T2300,0,,,1,0,0
B010,2023-06-18 21:00:00,2,611E2360,0,,79.25,1,0,1
B010,2023-06-18 22:00:00,0,611H7406,0,,111.64,1,0,1
B010,2023-06-18 22:00:00,1,611T2300,0,,,1,0,0
B010,2023-06-18 22:00:00,2,611E2360,0,,79.26,1,0,1
B010,2023-06-18 23:00:00,0,611H7406,0,,111.64,1,0,1
B010,2023-06-18 23:00:00,1,611T2300,0,,,1,0,0
B010,2023-06-18 23:00:00,2,611E2360,0,,79.28,1,0,1
B010,2023-06-19 00:00:00,0,611H7406,0,,111.64,1,0,1
B010,2023-06-19 00:00:00,1,611T2300,0,,,1,0,0
B010,2023-06-19 00:00:00,2,611E2360,0,,79.29,1,0,1
B010,2023-06-19 01:00:00,0,611H7406,0,,111.64,1,0,1
B010,2023-06-19 01:00:00,1,611T2300,0,,,1,0,0
B010,2023-06-19 01:00:00,2,611E2360,0,,79.29,1,0,1
B010,2023-06-19 02:00:00,0,611H7406,0,,111.64,1,0,1
B010,2023-06-19 02:00:00,1,611T2300,0,,,1,0,0
B010,2023-06-19 02:00:00,2,611E2360,0,,79.29,1,0,1
B010,2023-06-19 03:00:00,0,611H7406,0,,,1,0,0
B010,2023-06-19 03:00:00,1,611T2300,0,,,1,0,0
B010,2023-06-19 03:00:00,2,611E2360,0,,79.28,1,0,1
B010,2023-06-19 04:00:00,0,611H7406,0,,111.64,1,0,1
B010,2023-06-19 04:00:00,1,611T2300,0,,,1,0,0
B010,2023-06-19 04:00:00,2,611E2360,0,,79.28,1,0,1
B010,2023-06-19 05:00:00,0,611H7406,0,,111.64,1,0,1
B010,2023-06-19 05:00:00,1,611T2300,0,,,1,0,0
B010,2023-06-19 05:00:00,2,611E2360,0,,79.28,1,0,1
B010,2023-06-19 06:00:00,0,611H7406,0,,111.64,1,0,1
B010,2023-06-19 06:00:00,1,611T2300,0,,,1,0,0
B010,2023-06-19 06:00:00,2,611E2360,0,,79.28,1,0,1
B010,2023-06-19 07:00:00,0,611H7406,0,,111.64,1,0,1
B010,2023-06-19 07:00:00,1,611T2300,0,,,1,0,0
B010,2023-06-19 07:00:00,2,611E2360,0,,79.28,1,0,1
B010,2023-06-19 08:00:00,0,611H7406,0,,,1,0,0
B010,2023-06-19 08:00:00,1,611T2300,0,,,1,0,0
B010,2023-06-19 08:00:00,2,611E2360,0,,79.27,1,0,1
B010,2023-06-19 09:00:00,0,611H7406,0,,111.64,1,0,1
B010,2023-06-19 09:00:00,1,611T2300,0,,,1,0,0
B010,2023-06-19 09:00:00,2,611E2360,0,,79.27,1,0,1
B010,2023-06-19 10:00:00,0,611H7406,0,,111.64,1,0,1
B010,2023-06-19 10:00:00,1,611T2300,0,,,1,0,0
B010,2023-06-19 10:00:00,2,611E2360,0,,79.27,1,0,1
B010,2023-06-19 11:00:00,0,611H7406,0,,111.64,1,0,1
B010,2023-06-19 11:00:00,1,611T2300,0,,,1,0,0
B010,2023-06-19 11:00:00,2,611E2360,0,,79.26,1,0,1
B010,2023-06-19 12:00:00,0,611H7406,0,,111.64,1,0,1
B010,2023-06-19 12:00:00,1,611T2300,0,,,1,0,0
B010,2023-06-19 12:00:00,2,611E2360,0,,79.26,1,0,1
B010,2023-06-19 13:00:00,0,611H7406,0,,,1,0,0
B010,2023-06-19 13:00:00,1,611T2300,0,,,1,0,0
B010,2023-06-19 13:00:00,2,611E2360,0.004812221136,,79.26,1,0,1
B010,2023-06-19 14:00:00,0,611H7406,0,,111.64,1,0,1
B010,2023-06-19 14:00:00,1,611T2300,0,,,1,0,0
B010,2023-06-19 14:00:00,2,611E2360,0,,79.26,1,0,1
B010,2023-06-19 15:00:00,0,611H7406,0.04444005302,,111.64,1,0,1
B010,2023-06-19 15:00:00,1,611T2300,0.1288325074,,,1,0,0
B010,2023-06-19 15:00:00,2,611E2360,0.01764481083,,79.26,1,0,1
B010,2023-06-19 16:00:00,0,611H7406,0.007406675504,,111.64,1,0,1
B010,2023-06-19 16:00:00,1,611T2300,0.02147208457,,,1,0,0
B010,2023-06-19 16:00:00,2,611E2360,0.009624442272,,79.26,1,0,1
B010,2023-06-19 17:00:00,0,611H7406,0.391989255,,111.64,1,0,1
B010,2023-06-19 17:00:00,1,611T2300,0.7358251441,,,1,0,0
B010,2023-06-19 17:00:00,2,611E2360,2.105257926,,79.26,1,0,1
B010,2023-06-19 18:00:00,0,611H7406,0.007406675504,,111.64,1,0,1
B010,2023-06-19 18:00:00,1,611T2300,0.02386873257,,,1,0,0
B010,2023-06-19 18:00:00,2,611E2360,0.1244174309,,79.26,1,0,1
B010,2023-06-19 19:00:00,0,611H7406,0,,,1,0,0
B010,2023-06-19 19:00:00,1,611T2300,0.03920848315,,,1,0,0
B010,2023-06-19 19:00:00,2,611E2360,0.1208456774,,79.26,1,0,1
B010,2023-06-19 20:00:00,0,611H7406,0,,111.64,1,0,1
B010,2023-06-19 20:00:00,1,611T2300,0.03681183515,,,1,0,0
B010,2023-06-19 20:00:00,2,611E2360,0,,79.26,1,0,1
B010,2023-06-19 21:00:00,0,611H7406,0,,111.64,1,0,1
B010,2023-06-19 21:00:00,1,611T2300,0,,,1,0,0
B010,2023-06-19 21:00:00,2,611E2360,0,,79.27,1,0,1
B010,2023-06-19 22:00:00,0,611H7406,0,,111.64,1,0,1
B010,2023-06-19 22:00:00,1,611T2300,0,,,1,0,0
B010,2023-06-19 22:00:00,2,611E2360,0,,79.32,1,0,1
B010,2023-06-19 23:00:00,0,611H7406,0.04224781253,,111.64,1,0,1
B010,2023-06-19 23:00:00,1,611T2300,0,,,1,0,0
B010,2023-06-19 23:00:00,2,611E2360,0,,79.34,1,0,1
B010,2023-06-20 00:00:00,0,611H7406,0.1585301659,,111.64,1,0,1
B010,2023-06-20 00:00:00,1,611T2300,0.004864676789,,,1,0,0
B010,2023-06-20 00:00:00,2,611E2360,0,,79.38,1,0,1
B010,2023-06-20 01:00:00,0,611H7406,0.007406675504,,111.64,1,0,1
B010,2023-06-20 01:00:00,1,611T2300,0.05828391972,,,1,0,0
B010,2023-06-20 01:00:00,2,611E2360,0,,79.4,1,0,1
B010,2023-06-20 02:00:00,0,611H7406,0,,111.64,1,0,1
B010,2023-06-20 02:00:00,1,611T2300,0,,,1,0,0
B010,2023-06-20 02:00:00,2,611E2360,0,,79.39,1,0,1
B010,2023-06-20 03:00:00,0,611H7406,0,,,1,0,0
B010,2023-06-20 03:00:00,1,611T2300,0,,,1,0,0
B010,2023-06-20 03:00:00,2,611E2360,0,,79.38,1,0,1
B010,2023-06-20 04:00:00,0,611H7406,0,,111.64,1,0,1
B010,2023-06-20 04:00:00,1,611T2300,0,,,1,0,0
B010,2023-06-20 04:00:00,2,611E2360,0.001785876766,,79.37,1,0,1
B010,2023-06-20 05:00:00,0,611H7406,0,,111.64,1,0,1
B010,2023-06-20 05:00:00,1,611T2300,0,,,1,0,0
B010,2023-06-20 05:00:00,2,611E2360,0,,79.35,1,0,1
B010,2023-06-20 06:00:00,0,611H7406,0,,111.64,1,0,1
B010,2023-06-20 06:00:00,1,611T2300,0,,,1,0,0
B010,2023-06-20 06:00:00,2,611E2360,0,,79.35,1,0,1
B010,2023-06-20 07:00:00,0,611H7406,0.5705472069,,111.64,1,0,1
B010,2023-06-20 07:00:00,1,611T2300,0.7915023686,,,1,0,0
B010,2023-06-20 07:00:00,2,611E2360,2.384388385,,79.34,1,0,1
B010,2023-06-20 08:00:00,0,611H7406,0,,111.64,1,0,1
B010,2023-06-20 08:00:00,1,611T2300,0,,,1,0,0
B010,2023-06-20 08:00:00,2,611E2360,0,,79.34,1,0,1
B010,2023-06-20 09:00:00,0,611H7406,0,,111.64,1,0,1
B010,2023-06-20 09:00:00,1,611T2300,0,,,1,0,0
B010,2023-06-20 09:00:00,2,611E2360,0,,79.34,1,0,1
B010,2023-06-20 10:00:00,0,611H7406,0,,111.64,1,0,1
B010,2023-06-20 10:00:00,1,611T2300,0,,,1,0,0
B010,2023-06-20 10:00:00,2,611E2360,0,,79.33,1,0,1
B010,2023-06-20 11:00:00,0,611H7406,0.04224781253,,111.64,1,0,1
B010,2023-06-20 11:00:00,1,611T2300,0,,,1,0,0
B010,2023-06-20 11:00:00,2,611E2360,0,,79.33,1,0,1
B010,2023-06-20 12:00:00,0,611H7406,0.2112390627,,111.64,1,0,1
B010,2023-06-20 12:00:00,1,611T2300,0,,,1,0,0
B010,2023-06-20 12:00:00,2,611E2360,0,,79.33,1,0,1
B010,2023-06-20 13:00:00,0,611H7406,0.4651294133,,,1,0,0
B010,2023-06-20 13:00:00,1,611T2300,0.01945870716,,,1,0,0
B010,2023-06-20 13:00:00,2,611E2360,0.003208147424,,79.32,1,0,1
B010,2023-06-20 14:00:00,0,611H7406,0.1162823533,,,1,0,0
B010,2023-06-20 14:00:00,1,611T2300,0.004864676789,,,1,0,0
B010,2023-06-20 14:00:00,2,611E2360,0,,79.32,1,0,1
B010,2023-06-20 15:00:00,0,611H7406,0,,111.64,1,0,1
B010,2023-06-20 15:00:00,1,611T2300,0,,,1,0,0
B010,2023-06-20 15:00:00,2,611E2360,0,,79.32,1,0,1
B010,2023-06-20 16:00:00,0,611H7406,0.007406675504,,111.64,1,0,1
B010,2023-06-20 16:00:00,1,611T2300,0.09749240287,,,1,0,0
B010,2023-06-20 16:00:00,2,611E2360,0.1208456774,,79.32,1,0,1
B010,2023-06-20 17:00:00,0,611H7406,0.2652458174,,111.64,1,0,1
B010,2023-06-20 17:00:00,1,611T2300,0.1524911928,,,1,0,0
B010,2023-06-20 17:00:00,2,611E2360,0.4937343639,,79.32,1,0,1
B010,2023-06-20 18:00:00,0,611H7406,0.1733435169,,111.64,1,0,1
B010,2023-06-20 18:00:00,1,611T2300,0.08941397708,,,1,0,0
B010,2023-06-20 18:00:00,2,611E2360,0.2450813052,,79.32,1,0,1
B010,2023-06-20 19:00:00,0,611H7406,0.1162823533,,111.64,1,0,1
B010,2023-06-20 19:00:00,1,611T2300,0.004864676789,,,1,0,0
B010,2023-06-20 19:00:00,2,611E2360,0,,79.32,1,0,1
B010,2023-06-20 20:00:00,0,611H7406,0,,,1,0,0
B010,2023-06-20 20:00:00,1,611T2300,0,,,1,0,0
B010,2023-06-20 20:00:00,2,611E2360,0,,79.32,1,0,1
B010,2023-06-20 21:00:00,0,611H7406,0.1162823533,,111.64,1,0,1
B010,2023-06-20 21:00:00,1,611T2300,0.004864676789,,,1,0,0
B010,2023-06-20 21:00:00,2,611E2360,0,,79.32,1,0,1
B010,2023-06-20 22:00:00,0,611H7406,0,,111.64,1,0,1
B010,2023-06-20 22:00:00,1,611T2300,0,,,1,0,0
B010,2023-06-20 22:00:00,2,611E2360,0,,79.32,1,0,1
B010,2023-06-20 23:00:00,0,611H7406,0,,111.64,1,0,1
B010,2023-06-20 23:00:00,1,611T2300,0,,,1,0,0
B010,2023-06-20 23:00:00,2,611E2360,0,,79.33,1,0,1
B010,2023-06-21 00:00:00,0,611H7406,0,,111.64,1,0,1
B010,2023-06-21 00:00:00,1,611T2300,0,,,1,0,0
B010,2023-06-21 00:00:00,2,611E2360,0,,79.34,1,0,1
B010,2023-06-21 01:00:00,0,611H7406,0.1162823533,,111.64,1,0,1
B010,2023-06-21 01:00:00,1,611T2300,0.004864676789,,,1,0,0
B010,2023-06-21 01:00:00,2,611E2360,0.001785876766,,79.35,1,0,1
B010,2023-06-21 02:00:00,0,611H7406,0,,111.64,1,0,1
B010,2023-06-21 02:00:00,1,611T2300,0,,,1,0,0
B010,2023-06-21 02:00:00,2,611E2360,0,,79.35,1,0,1
B010,2023-06-21 03:00:00,0,611H7406,0,,111.64,1,0,1
B010,2023-06-21 03:00:00,1,611T2300,0,,,1,0,0
B010,2023-06-21 03:00:00,2,611E2360,0,,79.35,1,0,1
B010,2023-06-21 04:00:00,0,611H7406,0,,111.64,1,0,1
B010,2023-06-21 04:00:00,1,611T2300,0,,,1,0,0
B010,2023-06-21 04:00:00,2,611E2360,0,,79.34,1,0,1
B010,2023-06-21 05:00:00,0,611H7406,0,,111.64,1,0,1
B010,2023-06-21 05:00:00,1,611T2300,0.002396648001,,,1,0,0
B010,2023-06-21 05:00:00,2,611E2360,0.1208456774,,79.34,1,0,1
B010,2023-06-21 06:00:00,0,611H7406,0,,111.64,1,0,1
B010,2023-06-21 06:00:00,1,611T2300,0.03115642402,,,1,0,0
B010,2023-06-21 06:00:00,2,611E2360,1.583494943,,79.34,1,0,1
B010,2023-06-21 07:00:00,0,611H7406,1.585301659,,111.64,1,0,1
B010,2023-06-21 07:00:00,1,611T2300,0.3141919757,,,1,0,0
B010,2023-06-21 07:00:00,2,611E2360,4.127488659,,79.34,1,0,1
B010,2023-06-21 08:00:00,0,611H7406,0,,,1,0,0
B010,2023-06-21 08:00:00,1,611T2300,0.1616272286,,,1,0,0
B010,2023-06-21 08:00:00,2,611E2360,0.7391792752,,79.36,1,0,1
B010,2023-06-21 09:00:00,0,611H7406,1.760957062,,111.64,1,0,1
B010,2023-06-21 09:00:00,1,611T2300,1.351846773,,,1,0,0
B010,2023-06-21 09:00:00,2,611E2360,4.646920356,,79.35,1,0,1
B010,2023-06-21 10:00:00,0,611H7406,2.714821204,,112.24,1,0,1
B010,2023-06-21 10:00:00,1,611T2300,1.18742589,,,1,0,0
B010,2023-06-21 10:00:00,2,611E2360,3.40412039,,79.38,1,0,1
B010,2023-06-21 11:00:00,0,611H7406,1.983987281,,112.53,1,0,1
B010,2023-06-21 11:00:00,1,611T2300,2.406429059,,,1,0,0
B010,2023-06-21 11:00:00,2,611E2360,4.903877308,,79.42,1,0,1
B010,2023-06-21 12:00:00,0,611H7406,2.292310865,,112.96,1,0,1
B010,2023-06-21 12:00:00,1,611T2300,1.223269327,,,1,0,0
B010,2023-06-21 12:00:00,2,611E2360,2.734210323,,79.51,1,0,1
B010,2023-06-21 13:00:00,0,611H7406,0.1141223271,,112.9,1,0,1
B010,2023-06-21 13:00:00,1,611T2300,0.1714952486,,,1,0,0
B010,2023-06-21 13:00:00,2,611E2360,0.6211781392,,79.78,1,0,1
B010,2023-06-21 14:00:00,0,611H7406,0.04224781253,,112.71,1,0,1
B010,2023-06-21 14:00:00,1,611T2300,0.1592305806,,,1,0,0
B010,2023-06-21 14:00:00,2,611E2360,0.6147618443,,80.41,1,0,1
B010,2023-06-21 15:00:00,0,611H7406,0.1363423536,,112.54,1,0,1
B010,2023-06-21 15:00:00,1,611T2300,0.3143284686,,,1,0,0
B010,2023-06-21 15:00:00,2,611E2360,0.8630512969,,80.85,1,0,1
B010,2023-06-21 16:00:00,0,611H7406,0.2186457382,,112.34,1,0,1
B010,2023-06-21 16:00:00,1,611T2300,0.2495330395,,,1,0,0
B010,2023-06-21 16:00:00,2,611E2360,0.3694987361,,80.87,1,0,1
B010,2023-06-21 17:00:00,0,611H7406,0.2482724402,,112.34,1,0,1
B010,2023-06-21 17:00:00,1,611T2300,0.2249858723,,,1,0,0
B010,2023-06-21 17:00:00,2,611E2360,0.3741291542,,80.76,1,0,1
B010,2023-06-21 18:00:00,0,611H7406,0.007406675504,,112.27,1,0,1
B010,2023-06-21 18:00:00,1,611T2300,0.05828391972,,,1,0,0
B010,2023-06-21 18:00:00,2,611E2360,0.001785876766,,80.63,1,0,1
B010,2023-06-21 19:00:00,0,611H7406,0.1585301659,,112.28,1,0,1
B010,2023-06-21 19:00:00,1,611T2300,0.004864676789,,,1,0,0
B010,2023-06-21 19:00:00,2,611E2360,0,,80.52,1,0,1
B010,2023-06-21 20:00:00,0,611H7406,0.007406675504,,112.08,1,0,1
B010,2023-06-21 20:00:00,1,611T2300,0.02147208457,,,1,0,0
B010,2023-06-21 20:00:00,2,611E2360,0.001604073712,,80.41,1,0,1
B010,2023-06-21 21:00:00,0,611H7406,0,,112.27,1,0,1
B010,2023-06-21 21:00:00,1,611T2300,0,,,1,0,0
B010,2023-06-21 21:00:00,2,611E2360,0,,80.31,1,0,1
B010,2023-06-21 22:00:00,0,611H7406,0,,111.67,1,0,1
B010,2023-06-21 22:00:00,1,611T2300,0,,,1,0,0
B010,2023-06-21 22:00:00,2,611E2360,0,,80.23,1,0,1
B010,2023-06-21 23:00:00,0,611H7406,0,,111.71,1,0,1
B010,2023-06-21 23:00:00,1,611T2300,0,,,1,0,0
B010,2023-06-21 23:00:00,2,611E2360,0,,80.15,1,0,1
B010,2023-06-22 00:00:00,0,611H7406,0,,111.9,1,0,1
B010,2023-06-22 00:00:00,1,611T2300,0,,,1,0,0
B010,2023-06-22 00:00:00,2,611E2360,0,,80.09,1,0,1
B010,2023-06-22 01:00:00,0,611H7406,0.04224781253,,111.86,1,0,1
B010,2023-06-22 01:00:00,1,611T2300,0,,,1,0,0
B010,2023-06-22 01:00:00,2,611E2360,0,,80.03,1,0,1
B010,2023-06-22 02:00:00,0,611H7406,0.007406675504,,111.84,1,0,1
B010,2023-06-22 02:00:00,1,611T2300,0.02147208457,,,1,0,0
B010,2023-06-22 02:00:00,2,611E2360,0.003208147424,,79.98,1,0,1
B010,2023-06-22 03:00:00,0,611H7406,0.04224781253,,111.84,1,0,1
B010,2023-06-22 03:00:00,1,611T2300,0,,,1,0,0
B010,2023-06-22 03:00:00,2,611E2360,0.001604073712,,79.93,1,0,1
B010,2023-06-22 04:00:00,0,611H7406,0.3876369883,,111.67,1,0,1
B010,2023-06-22 04:00:00,1,611T2300,0.1735127212,,,1,0,0
B010,2023-06-22 04:00:00,2,611E2360,0.2466853789,,79.9,1,0,1
B010,2023-06-22 05:00:00,0,611H7406,0.06446783904,,111.69,1,0,1
B010,2023-06-22 05:00:00,1,611T2300,0.06681290171,,,1,0,0
B010,2023-06-22 05:00:00,2,611E2360,0.1258397015,,79.86,1,0,1
B010,2023-06-22 06:00:00,0,611H7406,0.08449562506,,111.69,1,0,1
B010,2023-06-22 06:00:00,1,611T2300,0.002396648001,,,1,0,0
B010,2023-06-22 06:00:00,2,611E2360,0.1244174309,,79.83,1,0,1
B010,2023-06-22 07:00:00,0,611H7406,0.4586171203,,111.69,1,0,1
B010,2023-06-22 07:00:00,1,611T2300,0.5441760604,,,1,0,0
B010,2023-06-22 07:00:00,2,611E2360,19.49535861,,79.82,1,0,1
B010,2023-06-22 08:00:00,0,611H7406,0.01481335101,,111.69,1,0,1
B010,2023-06-22 08:00:00,1,611T2300,0.04773746514,,,1,0,0
B010,2023-06-22 08:00:00,2,611E2360,0.2590047132,,79.81,1,0,1
B010,2023-06-22 09:00:00,0,611H7406,0.1585301659,,,1,0,0
B010,2023-06-22 09:00:00,1,611T2300,0.004864676789,,,1,0,0
B010,2023-06-22 09:00:00,2,611E2360,0,,79.79,1,0,1
B010,2023-06-22 10:00:00,0,611H7406,0.05706116354,,111.69,1,0,1
B010,2023-06-22 10:00:00,1,611T2300,0.0893425963,,,1,0,0
B010,2023-06-22 10:00:00,2,611E2360,0.4887403397,,79.79,1,0,1
B010,2023-06-22 11:00:00,0,611H7406,0.2482724402,,111.71,1,0,1
B010,2023-06-22 11:00:00,1,611T2300,0.2225892243,,,1,0,0
B010,2023-06-22 11:00:00,2,611E2360,0.2498935263,,79.79,1,0,1
B010,2023-06-22 12:00:00,0,611H7406,0.04224781253,,,1,0,0
B010,2023-06-22 12:00:00,1,611T2300,0.03920848315,,,1,0,0
B010,2023-06-22 12:00:00,2,611E2360,0.1226315541,,79.8,1,0,1
B010,2023-06-22 13:00:00,0,611H7406,0.04965448804,,111.71,1,0,1
B010,2023-06-22 13:00:00,1,611T2300,0.02147208457,,,1,0,0
B010,2023-06-22 13:00:00,2,611E2360,0.003389950478,,79.79,1,0,1
B010,2023-06-22 14:00:00,0,611H7406,0.04965448804,,111.71,1,0,1
B010,2023-06-22 14:00:00,1,611T2300,0.09509575487,,,1,0,0
B010,2023-06-22 14:00:00,2,611E2360,0.001604073712,,79.77,1,0,1
B010,2023-06-22 15:00:00,0,611H7406,0,,111.71,1,0,1
B010,2023-06-22 15:00:00,1,611T2300,0.03681183515,,,1,0,0
B010,2023-06-22 15:00:00,2,611E2360,0.001604073712,,79.76,1,0,1
B010,2023-06-22 16:00:00,0,611H7406,0.04224781253,,111.73,1,0,1
B010,2023-06-22 16:00:00,1,611T2300,0.002396648001,,,1,0,0
B010,2023-06-22 16:00:00,2,611E2360,0.1208456774,,79.76,1,0,1
B010,2023-06-22 17:00:00,0,611H7406,0.007406675504,,111.74,1,0,1
B010,2023-06-22 17:00:00,1,611T2300,0.02147208457,,,1,0,0
B010,2023-06-22 17:00:00,2,611E2360,0.001604073712,,79.75,1,0,1
B010,2023-06-22 18:00:00,0,611H7406,0,,111.74,1,0,1
B010,2023-06-22 18:00:00,1,611T2300,0,,,1,0,0
B010,2023-06-22 18:00:00,2,611E2360,0,,79.74,1,0,1
B010,2023-06-22 19:00:00,0,611H7406,0,,,1,0,0
B010,2023-06-22 19:00:00,1,611T2300,0,,,1,0,0
B010,2023-06-22 19:00:00,2,611E2360,0,,79.73,1,0,1
B010,2023-06-22 20:00:00,0,611H7406,0,,111.71,1,0,1
B010,2023-06-22 20:00:00,1,611T2300,0,,,1,0,0
B010,2023-06-22 20:00:00,2,611E2360,0,,79.72,1,0,1
B010,2023-06-22 21:00:00,0,611H7406,0,,111.69,1,0,1
B010,2023-06-22 21:00:00,1,611T2300,0,,,1,0,0
B010,2023-06-22 21:00:00,2,611E2360,0,,79.7,1,0,1
B010,2023-06-22 22:00:00,0,611H7406,0,,111.69,1,0,1
B010,2023-06-22 22:00:00,1,611T2300,0,,,1,0,0
B010,2023-06-22 22:00:00,2,611E2360,0,,79.69,1,0,1
B010,2023-06-22 23:00:00,0,611H7406,0,,111.69,1,0,1
B010,2023-06-22 23:00:00,1,611T2300,0,,,1,0,0
B010,2023-06-22 23:00:00,2,611E2360,0,,79.67,1,0,1
B010,2023-06-23 00:00:00,0,611H7406,0.04224781253,,111.67,1,0,1
B010,2023-06-23 00:00:00,1,611T2300,0,,,1,0,0
B010,2023-06-23 00:00:00,2,611E2360,0.005175827244,,79.66,1,0,1
B010,2023-06-23 01:00:00,0,611H7406,0,,111.65,1,0,1
B010,2023-06-23 01:00:00,1,611T2300,0,,,1,0,0
B010,2023-06-23 01:00:00,2,611E2360,0.001604073712,,79.66,1,0,1
B010,2023-06-23 02:00:00,0,611H7406,0,,,1,0,0
B010,2023-06-23 02:00:00,1,611T2300,0,,,1,0,0
B010,2023-06-23 02:00:00,2,611E2360,0,,79.65,1,0,1
B010,2023-06-23 03:00:00,0,611H7406,0,,,1,0,0
B010,2023-06-23 03:00:00,1,611T2300,0,,,1,0,0
B010,2023-06-23 03:00:00,2,611E2360,0,,79.64,1,0,1
B010,2023-06-23 04:00:00,0,611H7406,0,,111.65,1,0,1
B010,2023-06-23 04:00:00,1,611T2300,0,,,1,0,0
B010,2023-06-23 04:00:00,2,611E2360,0,,79.63,1,0,1
B010,2023-06-23 05:00:00,0,611H7406,0,,111.63,1,0,1
B010,2023-06-23 05:00:00,1,611T2300,0,,,1,0,0
B010,2023-06-23 05:00:00,2,611E2360,0,,79.62,1,0,1
B010,2023-06-23 06:00:00,0,611H7406,0.04224781253,,111.63,1,0,1
B010,2023-06-23 06:00:00,1,611T2300,0.002396648001,,,1,0,0
B010,2023-06-23 06:00:00,2,611E2360,0.1208456774,,79.61,1,0,1
B010,2023-06-23 07:00:00,0,611H7406,0.6655039162,,,1,0,0
B010,2023-06-23 07:00:00,1,611T2300,0.325722486,,,1,0,0
B010,2023-06-23 07:00:00,2,611E2360,1.376943561,,79.61,1,0,1
B010,2023-06-23 08:00:00,0,611H7406,0,,,1,0,0
B010,2023-06-23 08:00:00,1,611T2300,0,,,1,0,0
B010,2023-06-23 08:00:00,2,611E2360,0,,79.6,1,0,1
B010,2023-06-23 09:00:00,0,611H7406,0,,,1,0,0
B010,2023-06-23 09:00:00,1,611T2300,0,,,1,0,0
B010,2023-06-23 09:00:00,2,611E2360,0,,79.6,1,0,1
B010,2023-06-23 10:00:00,0,611H7406,0,,111.59,1,0,1
B010,2023-06-23 10:00:00,1,611T2300,0,,,1,0,0
B010,2023-06-23 10:00:00,2,611E2360,0,,79.58,1,0,1
B010,2023-06-23 11:00:00,0,611H7406,0,,111.65,1,0,1
B010,2023-06-23 11:00:00,1,611T2300,0,,,1,0,0
B010,2023-06-23 11:00:00,2,611E2360,0,,79.57,1,0,1
B010,2023-06-23 12:00:00,0,611H7406,0,,111.61,1,0,1
B010,2023-06-23 12:00:00,1,611T2300,0,,,1,0,0
B010,2023-06-23 12:00:00,2,611E2360,0,,79.56,1,0,1
B010,2023-06-23 13:00:00,0,611H7406,0,,,1,0,0
B010,2023-06-23 13:00:00,1,611T2300,0,,,1,0,0
B010,2023-06-23 13:00:00,2,611E2360,0,,79.54,1,0,1
B010,2023-06-23 14:00:00,0,611H7406,0,,111.65,1,0,1
B010,2023-06-23 14:00:00,1,611T2300,0,,,1,0,0
B010,2023-06-23 14:00:00,2,611E2360,0,,79.53,1,0,1
B010,2023-06-23 15:00:00,0,611H7406,0,,111.63,1,0,1
B010,2023-06-23 15:00:00,1,611T2300,0,,,1,0,0
B010,2023-06-23 15:00:00,2,611E2360,0,,79.53,1,0,1
B010,2023-06-23 16:00:00,0,611H7406,0,,111.63,1,0,1
B010,2023-06-23 16:00:00,1,611T2300,0,,,1,0,0
B010,2023-06-23 16:00:00,2,611E2360,0,,79.52,1,0,1
B010,2023-06-23 17:00:00,0,611H7406,0,,111.63,1,0,1
B010,2023-06-23 17:00:00,1,611T2300,0,,,1,0,0
B010,2023-06-23 17:00:00,2,611E2360,0,,79.51,1,0,1
B010,2023-06-23 18:00:00,0,611H7406,0.04224781253,,111.63,1,0,1
B010,2023-06-23 18:00:00,1,611T2300,0,,,1,0,0
B010,2023-06-23 18:00:00,2,611E2360,0,,79.51,1,0,1
B010,2023-06-23 19:00:00,0,611H7406,0,,111.63,1,0,1
B010,2023-06-23 19:00:00,1,611T2300,0,,,1,0,0
B010,2023-06-23 19:00:00,2,611E2360,0,,79.51,1,0,1
B010,2023-06-23 20:00:00,0,611H7406,0,,111.63,1,0,1
B010,2023-06-23 20:00:00,1,611T2300,0,,,1,0,0
B010,2023-06-23 20:00:00,2,611E2360,0,,,1,0,0
B010,2023-06-23 21:00:00,0,611H7406,0,,111.63,1,0,1
B010,2023-06-23 21:00:00,1,611T2300,0,,,1,0,0
B010,2023-06-23 21:00:00,2,611E2360,0,,79.5,1,0,1
B010,2023-06-23 22:00:00,0,611H7406,0,,111.65,1,0,1
B010,2023-06-23 22:00:00,1,611T2300,0,,,1,0,0
B010,2023-06-23 22:00:00,2,611E2360,0,,79.5,1,0,1
B010,2023-06-23 23:00:00,0,611H7406,0.1162823533,,,1,0,0
B010,2023-06-23 23:00:00,1,611T2300,0.004864676789,,,1,0,0
B010,2023-06-23 23:00:00,2,611E2360,0,,79.5,1,0,1
B010,2023-06-24 00:00:00,0,611H7406,0,,,1,0,0
B010,2023-06-24 00:00:00,1,611T2300,0,,,1,0,0
B010,2023-06-24 00:00:00,2,611E2360,0,,79.5,1,0,1
B010,2023-06-24 01:00:00,0,611H7406,0,,111.5,1,0,1
B010,2023-06-24 01:00:00,1,611T2300,0,,,1,0,0
B010,2023-06-24 01:00:00,2,611E2360,0,,79.49,1,0,1
B010,2023-06-24 02:00:00,0,611H7406,0,,,1,0,0
B010,2023-06-24 02:00:00,1,611T2300,0,,,1,0,0
B010,2023-06-24 02:00:00,2,611E2360,0,,79.49,1,0,1
B010,2023-06-24 03:00:00,0,611H7406,0,,111.48,1,0,1
B010,2023-06-24 03:00:00,1,611T2300,0,,,1,0,0
B010,2023-06-24 03:00:00,2,611E2360,0,,79.49,1,0,1
B010,2023-06-24 04:00:00,0,611H7406,0,,,1,0,0
B010,2023-06-24 04:00:00,1,611T2300,0,,,1,0,0
B010,2023-06-24 04:00:00,2,611E2360,0,,79.49,1,0,1
B010,2023-06-24 05:00:00,0,611H7406,0,,111.46,1,0,1
B010,2023-06-24 05:00:00,1,611T2300,0,,,1,0,0
B010,2023-06-24 05:00:00,2,611E2360,0,,79.48,1,0,1
B010,2023-06-24 06:00:00,0,611H7406,0,,111.46,1,0,1
B010,2023-06-24 06:00:00,1,611T2300,0,,,1,0,0
B010,2023-06-24 06:00:00,2,611E2360,0,,79.47,1,0,1
B010,2023-06-24 07:00:00,0,611H7406,0.1585301659,,111.46,1,0,1
B010,2023-06-24 07:00:00,1,611T2300,0.004864676789,,,1,0,0
B010,2023-06-24 07:00:00,2,611E2360,0,,79.47,1,0,1
B010,2023-06-24 08:00:00,0,611H7406,0,,111.44,1,0,1
B010,2023-06-24 08:00:00,1,611T2300,0,,,1,0,0
B010,2023-06-24 08:00:00,2,611E2360,0,,79.47,1,0,1
B010,2023-06-24 09:00:00,0,611H7406,0,,111.44,1,0,1
B010,2023-06-24 09:00:00,1,611T2300,0,,,1,0,0
B010,2023-06-24 09:00:00,2,611E2360,0,,79.46,1,0,1
B010,2023-06-24 10:00:00,0,611H7406,0,,111.59,1,0,1
B010,2023-06-24 10:00:00,1,611T2300,0,,,1,0,0
B010,2023-06-24 10:00:00,2,611E2360,0,,79.45,1,0,1
B010,2023-06-24 11:00:00,0,611H7406,0,,111.59,1,0,1
B010,2023-06-24 11:00:00,1,611T2300,0,,,1,0,0
B010,2023-06-24 11:00:00,2,611E2360,0,,79.45,1,0,1
B010,2023-06-24 12:00:00,0,611H7406,0,,111.63,1,0,1
B010,2023-06-24 12:00:00,1,611T2300,0,,,1,0,0
B010,2023-06-24 12:00:00,2,611E2360,0,,79.44,1,0,1
B010,2023-06-24 13:00:00,0,611H7406,0,,111.63,1,0,1
B010,2023-06-24 13:00:00,1,611T2300,0,,,1,0,0
B010,2023-06-24 13:00:00,2,611E2360,0,,79.43,1,0,1
B010,2023-06-24 14:00:00,0,611H7406,0,,111.65,1,0,1
B010,2023-06-24 14:00:00,1,611T2300,0,,,1,0,0
B010,2023-06-24 14:00:00,2,611E2360,0,,79.44,1,0,1
B010,2023-06-24 15:00:00,0,611H7406,0,,111.03,1,0,1
B010,2023-06-24 15:00:00,1,611T2300,0.009586592005,,,1,0,0
B010,2023-06-24 15:00:00,2,611E2360,0.4885585367,,79.43,1,0,1
B010,2023-06-24 16:00:00,0,611H7406,0.04224781253,,111.05,1,0,1
B010,2023-06-24 16:00:00,1,611T2300,0.08081361431,,,1,0,0
B010,2023-06-24 16:00:00,2,611E2360,0.369316933,,79.43,1,0,1
B010,2023-06-24 17:00:00,0,611H7406,0.2112390627,,,1,0,0
B010,2023-06-24 17:00:00,1,611T2300,0.1568339326,,,1,0,0
B010,2023-06-24 17:00:00,2,611E2360,0.5003324618,,79.43,1,0,1
B010,2023-06-24 18:00:00,0,611H7406,0.02962670201,,111.04,1,0,1
B010,2023-06-24 18:00:00,1,611T2300,0.1762885446,,,1,0,0
B010,2023-06-24 18:00:00,2,611E2360,0.8632331,,79.43,1,0,1
B010,2023-06-24 19:00:00,0,611H7406,0.06446783904,,111.64,1,0,1
B010,2023-06-24 19:00:00,1,611T2300,0.06681290171,,,1,0,0
B010,2023-06-24 19:00:00,2,611E2360,0.1260215046,,79.44,1,0,1
B010,2023-06-24 20:00:00,0,611H7406,0.007406675504,,111.5,1,0,1
B010,2023-06-24 20:00:00,1,611T2300,0.06068056772,,,1,0,0
B010,2023-06-24 20:00:00,2,611E2360,0.1208456774,,79.45,1,0,1
B010,2023-06-24 21:00:00,0,611H7406,0.007406675504,,111.62,1,0,1
B010,2023-06-24 21:00:00,1,611T2300,0.02386873257,,,1,0,0
B010,2023-06-24 21:00:00,2,611E2360,0.1242356278,,,1,0,0
B010,2023-06-24 22:00:00,0,611H7406,0.09190230057,,111.62,1,0,1
B010,2023-06-24 22:00:00,1,611T2300,0.05828391972,,,1,0,0
B010,2023-06-24 22:00:00,2,611E2360,0,,79.46,1,0,1
B010,2023-06-24 23:00:00,0,611H7406,0.1141223271,,111.62,1,0,1
B010,2023-06-24 23:00:00,1,611T2300,0.2035137877,,,1,0,0
B010,2023-06-24 23:00:00,2,611E2360,0.3727068835,,79.47,1,0,1
B010,2023-06-25 00:00:00,0,611H7406,0,,,1,0,0
B010,2023-06-25 00:00:00,1,611T2300,0.004793296003,,,1,0,0
B010,2023-06-25 00:00:00,2,611E2360,0.2452631082,,79.49,1,0,1
B010,2023-06-25 01:00:00,0,611H7406,0,,111.62,1,0,1
B010,2023-06-25 01:00:00,1,611T2300,0,,,1,0,0
B010,2023-06-25 01:00:00,2,611E2360,0,,79.5,1,0,1
B010,2023-06-25 02:00:00,0,611H7406,0,,111.62,1,0,1
B010,2023-06-25 02:00:00,1,611T2300,0,,,1,0,0
B010,2023-06-25 02:00:00,2,611E2360,0,,79.51,1,0,1
B010,2023-06-25 03:00:00,0,611H7406,0,,111.62,1,0,1
B010,2023-06-25 03:00:00,1,611T2300,0,,,1,0,0
B010,2023-06-25 03:00:00,2,611E2360,0,,79.51,1,0,1
B010,2023-06-25 04:00:00,0,611H7406,0,,,1,0,0
B010,2023-06-25 04:00:00,1,611T2300,0,,,1,0,0
B010,2023-06-25 04:00:00,2,611E2360,0,,79.51,1,0,1
B010,2023-06-25 05:00:00,0,611H7406,0.09190230057,,111.64,1,0,1
B010,2023-06-25 05:00:00,1,611T2300,0.141494182,,,1,0,0
B010,2023-06-25 05:00:00,2,611E2360,0.4921302902,,79.51,1,0,1
B010,2023-06-25 06:00:00,0,611H7406,0.2757069017,,111.64,1,0,1
B010,2023-06-25 06:00:00,1,611T2300,0.140436572,,,1,0,0
B010,2023-06-25 06:00:00,2,611E2360,0.1276255783,,79.51,1,0,1
B010,2023-06-25 07:00:00,0,611H7406,0.04224781253,,,1,0,0
B010,2023-06-25 07:00:00,1,611T2300,0.0760203183,,,1,0,0
B010,2023-06-25 07:00:00,2,611E2360,0.129229652,,79.51,1,0,1
B010,2023-06-25 08:00:00,0,611H7406,0.2060246276,,111.6,1,0,1
B010,2023-06-25 08:00:00,1,611T2300,0.146568906,,,1,0,0
B010,2023-06-25 08:00:00,2,611E2360,0.1258397015,,79.5,1,0,1
B010,2023-07-16 16:00:00,0,611H7406,0,,,1,0,0
B010,2023-07-16 16:00:00,1,611T2300,0,,,1,0,0
B010,2023-07-16 16:00:00,2,611E2360,0,,79.24,1,0,1
B010,2023-07-16 17:00:00,0,611H7406,0,,111.06,1,0,1
B010,2023-07-16 17:00:00,1,611T2300,0,,,1,0,0
B010,2023-07-16 17:00:00,2,611E2360,0,,79.24,1,0,1
B010,2023-07-16 18:00:00,0,611H7406,0,,111.06,1,0,1
B010,2023-07-16 18:00:00,1,611T2300,0,,,1,0,0
B010,2023-07-16 18:00:00,2,611E2360,0,,79.24,1,0,1
B010,2023-07-16 19:00:00,0,611H7406,0,,111.06,1,0,1
B010,2023-07-16 19:00:00,1,611T2300,0,,,1,0,0
B010,2023-07-16 19:00:00,2,611E2360,0,,79.24,1,0,1
B010,2023-07-16 20:00:00,0,611H7406,0,,111.06,1,0,1
B010,2023-07-16 20:00:00,1,611T2300,0,,,1,0,0
B010,2023-07-16 20:00:00,2,611E2360,0,,79.25,1,0,1
B010,2023-07-16 21:00:00,0,611H7406,0,,111.06,1,0,1
B010,2023-07-16 21:00:00,1,611T2300,0,,,1,0,0
B010,2023-07-16 21:00:00,2,611E2360,0,,79.27,1,0,1
B010,2023-07-16 22:00:00,0,611H7406,0,,111.06,1,0,1
B010,2023-07-16 22:00:00,1,611T2300,0,,,1,0,0
B010,2023-07-16 22:00:00,2,611E2360,0,,79.28,1,0,1
B010,2023-07-16 23:00:00,0,611H7406,0,,111.06,1,0,1
B010,2023-07-16 23:00:00,1,611T2300,0,,,1,0,0
B010,2023-07-16 23:00:00,2,611E2360,0,,79.28,1,0,1
B010,2023-07-17 00:00:00,0,611H7406,0,,,1,0,0
B010,2023-07-17 00:00:00,1,611T2300,0,,,1,0,0
B010,2023-07-17 00:00:00,2,611E2360,0,,79.28,1,0,1
B010,2023-07-17 01:00:00,0,611H7406,0,,111.06,1,0,1
B010,2023-07-17 01:00:00,1,611T2300,0,,,1,0,0
B010,2023-07-17 01:00:00,2,611E2360,0,,79.28,1,0,1
B010,2023-07-17 02:00:00,0,611H7406,0,,,1,0,0
B010,2023-07-17 02:00:00,1,611T2300,0,,,1,0,0
B010,2023-07-17 02:00:00,2,611E2360,0,,79.28,1,0,1
B010,2023-07-17 03:00:00,0,611H7406,0,,111.06,1,0,1
B010,2023-07-17 03:00:00,1,611T2300,0,,,1,0,0
B010,2023-07-17 03:00:00,2,611E2360,0,,79.28,1,0,1
B010,2023-07-17 04:00:00,0,611H7406,0,,,1,0,0
B010,2023-07-17 04:00:00,1,611T2300,0,,,1,0,0
B010,2023-07-17 04:00:00,2,611E2360,0,,79.28,1,0,1
B010,2023-07-17 05:00:00,0,611H7406,0,,111.06,1,0,1
B010,2023-07-17 05:00:00,1,611T2300,0,,,1,0,0
B010,2023-07-17 05:00:00,2,611E2360,0,,79.27,1,0,1
B010,2023-07-17 06:00:00,0,611H7406,0,,111.06,1,0,1
B010,2023-07-17 06:00:00,1,611T2300,0,,,1,0,0
B010,2023-07-17 06:00:00,2,611E2360,0,,79.27,1,0,1
B010,2023-07-17 07:00:00,0,611H7406,0,,111.06,1,0,1
B010,2023-07-17 07:00:00,1,611T2300,0,,,1,0,0
B010,2023-07-17 07:00:00,2,611E2360,0,,79.27,1,0,1
B010,2023-07-17 08:00:00,0,611H7406,0,,111.06,1,0,1
B010,2023-07-17 08:00:00,1,611T2300,0,,,1,0,0
B010,2023-07-17 08:00:00,2,611E2360,0,,79.27,1,0,1
B010,2023-07-17 09:00:00,0,611H7406,0,,111.06,1,0,1
B010,2023-07-17 09:00:00,1,611T2300,0,,,1,0,0
B010,2023-07-17 09:00:00,2,611E2360,0,,79.26,1,0,1
B010,2023-07-17 10:00:00,0,611H7406,0,,,1,0,0
B010,2023-07-17 10:00:00,1,611T2300,0,,,1,0,0
B010,2023-07-17 10:00:00,2,611E2360,0,,79.26,1,0,1
B010,2023-07-17 11:00:00,0,611H7406,0,,111.06,1,0,1
B010,2023-07-17 11:00:00,1,611T2300,0,,,1,0,0
B010,2023-07-17 11:00:00,2,611E2360,0,,79.26,1,0,1
B010,2023-07-17 12:00:00,0,611H7406,0,,111.06,1,0,1
B010,2023-07-17 12:00:00,1,611T2300,0,,,1,0,0
B010,2023-07-17 12:00:00,2,611E2360,0,,79.26,1,0,1
B010,2023-07-17 13:00:00,0,611H7406,0,,111.06,1,0,1
B010,2023-07-17 13:00:00,1,611T2300,0,,,1,0,0
B010,2023-07-17 13:00:00,2,611E2360,0,,79.26,1,0,1
B010,2023-07-17 14:00:00,0,611H7406,0,,111.06,1,0,1
B010,2023-07-17 14:00:00,1,611T2300,0,,,1,0,0
B010,2023-07-17 14:00:00,2,611E2360,0.001604073712,,79.26,1,0,1
B010,2023-07-17 15:00:00,0,611H7406,0,,111.06,1,0,1
B010,2023-07-17 15:00:00,1,611T2300,0,,,1,0,0
B010,2023-07-17 15:00:00,2,611E2360,0,,79.25,1,0,1
B010,2023-07-17 16:00:00,0,611H7406,0,,111.06,1,0,1
B010,2023-07-17 16:00:00,1,611T2300,0,,,1,0,0
B010,2023-07-17 16:00:00,2,611E2360,0,,79.25,1,0,1
B010,2023-07-17 17:00:00,0,611H7406,0,,111.06,1,0,1
B010,2023-07-17 17:00:00,1,611T2300,0,,,1,0,0
B010,2023-07-17 17:00:00,2,611E2360,0,,79.25,1,0,1
B010,2023-07-17 18:00:00,0,611H7406,0,,111.06,1,0,1
B010,2023-07-17 18:00:00,1,611T2300,0,,,1,0,0
B010,2023-07-17 18:00:00,2,611E2360,0,,79.25,1,0,1
B010,2023-07-17 19:00:00,0,611H7406,0,,111.06,1,0,1
B010,2023-07-17 19:00:00,1,611T2300,0,,,1,0,0
B010,2023-07-17 19:00:00,2,611E2360,0,,79.25,1,0,1
B010,2023-07-17 20:00:00,0,611H7406,0,,111.06,1,0,1
B010,2023-07-17 20:00:00,1,611T2300,0,,,1,0,0
B010,2023-07-17 20:00:00,2,611E2360,0,,79.25,1,0,1
B010,2023-07-17 21:00:00,0,611H7406,0,,111.06,1,0,1
B010,2023-07-17 21:00:00,1,611T2300,0,,,1,0,0
B010,2023-07-17 21:00:00,2,611E2360,0,,79.25,1,0,1
B010,2023-07-17 22:00:00,0,611H7406,0,,111.06,1,0,1
B010,2023-07-17 22:00:00,1,611T2300,0,,,1,0,0
B010,2023-07-17 22:00:00,2,611E2360,0,,79.25,1,0,1
B010,2023-07-17 23:00:00,0,611H7406,0,,111.06,1,0,1
B010,2023-07-17 23:00:00,1,611T2300,0,,,1,0,0
B010,2023-07-17 23:00:00,2,611E2360,0,,79.24,1,0,1
B010,2023-07-18 00:00:00,0,611H7406,0,,111.06,1,0,1
B010,2023-07-18 00:00:00,1,611T2300,0,,,1,0,0
B010,2023-07-18 00:00:00,2,611E2360,0,,79.24,1,0,1
B010,2023-07-18 01:00:00,0,611H7406,0,,111.06,1,0,1
B010,2023-07-18 01:00:00,1,611T2300,0,,,1,0,0
B010,2023-07-18 01:00:00,2,611E2360,0,,79.24,1,0,1
B010,2023-07-18 02:00:00,0,611H7406,0,,111.06,1,0,1
B010,2023-07-18 02:00:00,1,611T2300,0,,,1,0,0
B010,2023-07-18 02:00:00,2,611E2360,0,,79.24,1,0,1
B010,2023-07-18 03:00:00,0,611H7406,0,,111.06,1,0,1
B010,2023-07-18 03:00:00,1,611T2300,0,,,1,0,0
B010,2023-07-18 03:00:00,2,611E2360,0,,79.24,1,0,1
B010,2023-07-18 04:00:00,0,611H7406,0,,111.06,1,0,1
B010,2023-07-18 04:00:00,1,611T2300,0,,,1,0,0
B010,2023-07-18 04:00:00,2,611E2360,0,,79.24,1,0,1
B010,2023-07-18 05:00:00,0,611H7406,0,,111.06,1,0,1
B010,2023-07-18 05:00:00,1,611T2300,0,,,1,0,0
B010,2023-07-18 05:00:00,2,611E2360,0,,79.24,1,0,1
B010,2023-07-18 06:00:00,0,611H7406,0,,111.06,1,0,1
B010,2023-07-18 06:00:00,1,611T2300,0,,,1,0,0
B010,2023-07-18 06:00:00,2,611E2360,0,,79.24,1,0,1
B010,2023-07-18 07:00:00,0,611H7406,0,,111.06,1,0,1
B010,2023-07-18 07:00:00,1,611T2300,0,,,1,0,0
B010,2023-07-18 07:00:00,2,611E2360,0.001604073712,,79.24,1,0,1
B010,2023-07-18 08:00:00,0,611H7406,0,,,1,0,0
B010,2023-07-18 08:00:00,1,611T2300,0,,,1,0,0
B010,2023-07-18 08:00:00,2,611E2360,0,,79.24,1,0,1
B010,2023-07-18 09:00:00,0,611H7406,0,,111.06,1,0,1
B010,2023-07-18 09:00:00,1,611T2300,0,,,1,0,0
B010,2023-07-18 09:00:00,2,611E2360,0,,79.24,1,0,1
B010,2023-07-18 10:00:00,0,611H7406,0,,111.06,1,0,1
B010,2023-07-18 10:00:00,1,611T2300,0,,,1,0,0
B010,2023-07-18 10:00:00,2,611E2360,0,,79.24,1,0,1
B010,2023-07-18 11:00:00,0,611H7406,0,,111.06,1,0,1
B010,2023-07-18 11:00:00,1,611T2300,0,,,1,0,0
B010,2023-07-18 11:00:00,2,611E2360,0,,79.24,1,0,1
B010,2023-07-18 12:00:00,0,611H7406,0,,111.06,1,0,1
B010,2023-07-18 12:00:00,1,611T2300,0,,,1,0,0
B010,2023-07-18 12:00:00,2,611E2360,0,,79.24,1,0,1
B010,2023-07-18 13:00:00,0,611H7406,0,,111.06,1,0,1
B010,2023-07-18 13:00:00,1,611T2300,0,,,1,0,0
B010,2023-07-18 13:00:00,2,611E2360,0,,79.24,1,0,1
B010,2023-07-18 14:00:00,0,611H7406,0,,,1,0,0
B010,2023-07-18 14:00:00,1,611T2300,0,,,1,0,0
B010,2023-07-18 14:00:00,2,611E2360,0,,79.24,1,0,1
B010,2023-07-18 15:00:00,0,611H7406,0,,111.06,1,0,1
B010,2023-07-18 15:00:00,1,611T2300,0,,,1,0,0
B010,2023-07-18 15:00:00,2,611E2360,0,,79.24,1,0,1
B010,2023-07-18 16:00:00,0,611H7406,0.1585301659,,111.06,1,0,1
B010,2023-07-18 16:00:00,1,611T2300,0.004864676789,,,1,0,0
B010,2023-07-18 16:00:00,2,611E2360,0,,79.24,1,0,1
B010,2023-07-18 17:00:00,0,611H7406,0,,111.06,1,0,1
B010,2023-07-18 17:00:00,1,611T2300,0,,,1,0,0
B010,2023-07-18 17:00:00,2,611E2360,0,,79.24,1,0,1
B010,2023-07-18 18:00:00,0,611H7406,0.3562537355,,111.06,1,0,1
B010,2023-07-18 18:00:00,1,611T2300,0.3856837002,,,1,0,0
B010,2023-07-18 18:00:00,2,611E2360,2.84356034,,79.24,1,0,1
B010,2023-07-18 19:00:00,0,611H7406,1.614960575,,111.06,1,0,1
B010,2023-07-18 19:00:00,1,611T2300,0.7179753403,,,1,0,0
B010,2023-07-18 19:00:00,2,611E2360,4.103069208,,79.24,1,0,1
B010,2023-07-18 20:00:00,0,611H7406,0.6489340144,,111.06,1,0,1
B010,2023-07-18 20:00:00,1,611T2300,0.1776316778,,,1,0,0
B010,2023-07-18 20:00:00,2,611E2360,0.2500753294,,79.27,1,0,1
B010,2023-07-18 21:00:00,0,611H7406,0.3741214952,,111.06,1,0,1
B010,2023-07-18 21:00:00,1,611T2300,0.5336240277,,,1,0,0
B010,2023-07-18 21:00:00,2,611E2360,0.1242356278,,79.28,1,0,1
B010,2023-07-18 22:00:00,0,611H7406,0.08449562506,,111.06,1,0,1
B010,2023-07-18 22:00:00,1,611T2300,0.5153656921,,,1,0,0
B010,2023-07-18 22:00:00,2,611E2360,0.003208147424,,79.28,1,0,1
B010,2023-07-18 23:00:00,0,611H7406,0.007406675504,,111.06,1,0,1
B010,2023-07-18 23:00:00,1,611T2300,0.02147208457,,,1,0,0
B010,2023-07-18 23:00:00,2,611E2360,0.001785876766,,79.32,1,0,1
B010,2023-07-19 00:00:00,0,611H7406,0.08449562506,,111.06,1,0,1
B010,2023-07-19 00:00:00,1,611T2300,0.03920848315,,,1,0,0
B010,2023-07-19 00:00:00,2,611E2360,0.1224497511,,79.35,1,0,1
B010,2023-07-19 01:00:00,0,611H7406,0,,,1,0,0
B010,2023-07-19 01:00:00,1,611T2300,0,,,1,0,0
B010,2023-07-19 01:00:00,2,611E2360,0,,79.42,1,0,1
B010,2023-07-19 02:00:00,0,611H7406,0.007406675504,,111.06,1,0,1
B010,2023-07-19 02:00:00,1,611T2300,0.02147208457,,,1,0,0
B010,2023-07-19 02:00:00,2,611E2360,0,,79.43,1,0,1
B010,2023-07-19 03:00:00,0,611H7406,0,,111.06,1,0,1
B010,2023-07-19 03:00:00,1,611T2300,0,,,1,0,0
B010,2023-07-19 03:00:00,2,611E2360,0,,79.42,1,0,1
B010,2023-07-19 04:00:00,0,611H7406,0,,111.06,1,0,1
B010,2023-07-19 04:00:00,1,611T2300,0,,,1,0,0
B010,2023-07-19 04:00:00,2,611E2360,0,,79.41,1,0,1
B010,2023-07-19 05:00:00,0,611H7406,0,,111.06,1,0,1
B010,2023-07-19 05:00:00,1,611T2300,0,,,1,0,0
B010,2023-07-19 05:00:00,2,611E2360,0,,79.4,1,0,1
B010,2023-07-19 06:00:00,0,611H7406,0,,111.06,1,0,1
B010,2023-07-19 06:00:00,1,611T2300,0,,,1,0,0
B010,2023-07-19 06:00:00,2,611E2360,0,,79.39,1,0,1
B010,2023-07-19 07:00:00,0,611H7406,3.181064401,,111.06,1,0,1
B010,2023-07-19 07:00:00,1,611T2300,1.966383991,,,1,0,0
B010,2023-07-19 07:00:00,2,611E2360,7.44838428,,79.38,1,0,1
B010,2023-07-19 08:00:00,0,611H7406,0,,111.06,1,0,1
B010,2023-07-19 08:00:00,1,611T2300,0,,,1,0,0
B010,2023-07-19 08:00:00,2,611E2360,0,,79.37,1,0,1
B010,2023-07-19 09:00:00,0,611H7406,0,,,1,0,0
B010,2023-07-19 09:00:00,1,611T2300,0,,,1,0,0
B010,2023-07-19 09:00:00,2,611E2360,0,,79.36,1,0,1
B010,2023-07-19 10:00:00,0,611H7406,0,,,1,0,0
B010,2023-07-19 10:00:00,1,611T2300,0,,,1,0,0
B010,2023-07-19 10:00:00,2,611E2360,0,,79.35,1,0,1
B010,2023-07-19 11:00:00,0,611H7406,0,,111.06,1,0,1
B010,2023-07-19 11:00:00,1,611T2300,0,,,1,0,0
B010,2023-07-19 11:00:00,2,611E2360,0,,79.35,1,0,1
B010,2023-07-19 12:00:00,0,611H7406,0,,111.06,1,0,1
B010,2023-07-19 12:00:00,1,611T2300,0.002396648001,,,1,0,0
B010,2023-07-19 12:00:00,2,611E2360,0.1208456774,,79.34,1,0,1
B010,2023-07-19 13:00:00,0,611H7406,0,,111.06,1,0,1
B010,2023-07-19 13:00:00,1,611T2300,0,,,1,0,0
B010,2023-07-19 13:00:00,2,611E2360,0,,79.34,1,0,1
B010,2023-07-19 14:00:00,0,611H7406,0,,111.06,1,0,1
B010,2023-07-19 14:00:00,1,611T2300,0,,,1,0,0
B010,2023-07-19 14:00:00,2,611E2360,0,,79.34,1,0,1
B010,2023-07-19 15:00:00,0,611H7406,0,,111.06,1,0,1
B010,2023-07-19 15:00:00,1,611T2300,0,,,1,0,0
B010,2023-07-19 15:00:00,2,611E2360,0,,79.34,1,0,1
B010,2023-07-19 16:00:00,0,611H7406,0,,,1,0,0
B010,2023-07-19 16:00:00,1,611T2300,0,,,1,0,0
B010,2023-07-19 16:00:00,2,611E2360,0,,79.35,1,0,1
B010,2023-07-19 17:00:00,0,611H7406,0.2112390627,,111.06,1,0,1
B010,2023-07-19 17:00:00,1,611T2300,0,,,1,0,0
B010,2023-07-19 17:00:00,2,611E2360,0,,79.37,1,0,1
B010,2023-07-19 18:00:00,0,611H7406,0,,111.06,1,0,1
B010,2023-07-19 18:00:00,1,611T2300,0,,,1,0,0
B010,2023-07-19 18:00:00,2,611E2360,0,,79.38,1,0,1
B010,2023-07-19 19:00:00,0,611H7406,0,,,1,0,0
B010,2023-07-19 19:00:00,1,611T2300,0,,,1,0,0
B010,2023-07-19 19:00:00,2,611E2360,0,,79.38,1,0,1
B010,2023-07-19 20:00:00,0,611H7406,0,,111.06,1,0,1
B010,2023-07-19 20:00:00,1,611T2300,0,,,1,0,0
B010,2023-07-19 20:00:00,2,611E2360,0,,79.37,1,0,1
B010,2023-07-19 21:00:00,0,611H7406,0,,111.06,1,0,1
B010,2023-07-19 21:00:00,1,611T2300,0,,,1,0,0
B010,2023-07-19 21:00:00,2,611E2360,0,,79.37,1,0,1
B010,2023-07-19 22:00:00,0,611H7406,0,,111.06,1,0,1
B010,2023-07-19 22:00:00,1,611T2300,0,,,1,0,0
B010,2023-07-19 22:00:00,2,611E2360,0,,79.36,1,0,1
B010,2023-07-19 23:00:00,0,611H7406,0,,111.06,1,0,1
B010,2023-07-19 23:00:00,1,611T2300,0,,,1,0,0
B010,2023-07-19 23:00:00,2,611E2360,0,,79.35,1,0,1
B010,2023-07-20 00:00:00,0,611H7406,0,,111.06,1,0,1
B010,2023-07-20 00:00:00,1,611T2300,0,,,1,0,0
B010,2023-07-20 00:00:00,2,611E2360,0,,79.34,1,0,1
B010,2023-07-20 01:00:00,0,611H7406,0,,111.06,1,0,1
B010,2023-07-20 01:00:00,1,611T2300,0,,,1,0,0
B010,2023-07-20 01:00:00,2,611E2360,0,,79.33,1,0,1
B010,2023-07-20 02:00:00,0,611H7406,0,,111.06,1,0,1
B010,2023-07-20 02:00:00,1,611T2300,0,,,1,0,0
B010,2023-07-20 02:00:00,2,611E2360,0,,79.32,1,0,1
B010,2023-07-20 03:00:00,0,611H7406,0,,111.06,1,0,1
B010,2023-07-20 03:00:00,1,611T2300,0,,,1,0,0
B010,2023-07-20 03:00:00,2,611E2360,0,,79.32,1,0,1
B010,2023-07-20 04:00:00,0,611H7406,0,,111.06,1,0,1
B010,2023-07-20 04:00:00,1,611T2300,0,,,1,0,0
B010,2023-07-20 04:00:00,2,611E2360,0,,79.32,1,0,1
B010,2023-07-20 05:00:00,0,611H7406,0,,111.06,1,0,1
B010,2023-07-20 05:00:00,1,611T2300,0,,,1,0,0
B010,2023-07-20 05:00:00,2,611E2360,0,,79.31,1,0,1
B010,2023-07-20 06:00:00,0,611H7406,0,,111.06,1,0,1
B010,2023-07-20 06:00:00,1,611T2300,0,,,1,0,0
B010,2023-07-20 06:00:00,2,611E2360,0,,79.3,1,0,1
B010,2023-07-20 07:00:00,0,611H7406,0.2112390627,,111.06,1,0,1
B010,2023-07-20 07:00:00,1,611T2300,0.002396648001,,,1,0,0
B010,2023-07-20 07:00:00,2,611E2360,0.1208456774,,79.3,1,0,1
B010,2023-07-20 08:00:00,0,611H7406,0,,111.06,1,0,1
B010,2023-07-20 08:00:00,1,611T2300,0,,,1,0,0
B010,2023-07-20 08:00:00,2,611E2360,0,,79.29,1,0,1
B010,2023-07-20 09:00:00,0,611H7406,0,,111.06,1,0,1
B010,2023-07-20 09:00:00,1,611T2300,0,,,1,0,0
B010,2023-07-20 09:00:00,2,611E2360,0,,79.29,1,0,1
B010,2023-07-20 10:00:00,0,611H7406,0,,111.06,1,0,1
B010,2023-07-20 10:00:00,1,611T2300,0,,,1,0,0
B010,2023-07-20 10:00:00,2,611E2360,0,,79.29,1,0,1
B010,2023-07-20 11:00:00,0,611H7406,0.4651294133,,111.06,1,0,1
B010,2023-07-20 11:00:00,1,611T2300,0.01945870716,,,1,0,0
B010,2023-07-20 11:00:00,2,611E2360,0,,79.29,1,0,1
B010,2023-07-20 12:00:00,0,611H7406,0,,111.06,1,0,1
B010,2023-07-20 12:00:00,1,611T2300,0,,,1,0,0
B010,2023-07-20 12:00:00,2,611E2360,0,,79.28,1,0,1
B010,2023-07-20 13:00:00,0,611H7406,0,,111.06,1,0,1
B010,2023-07-20 13:00:00,1,611T2300,0,,,1,0,0
B010,2023-07-20 13:00:00,2,611E2360,0.02406110568,,79.28,1,0,1
B010,2023-07-20 14:00:00,0,611H7406,0.4755904976,,111.06,1,0,1
B010,2023-07-20 14:00:00,1,611T2300,0.01459403037,,,1,0,0
B010,2023-07-20 14:00:00,2,611E2360,0.003208147424,,79.28,1,0,1
B010,2023-07-20 15:00:00,0,611H7406,5.106856844,,111.06,1,0,1
B010,2023-07-20 15:00:00,1,611T2300,0.2735973556,,,1,0,0
B010,2023-07-20 15:00:00,2,611E2360,0.003208147424,,79.28,1,0,1
B010,2023-07-20 16:00:00,0,611H7406,0.02222002651,,111.06,1,0,1
B010,2023-07-20 16:00:00,1,611T2300,0.06441625371,,,1,0,0
B010,2023-07-20 16:00:00,2,611E2360,0.003208147424,,79.28,1,0,1
B010,2023-07-20 17:00:00,0,611H7406,0,,111.06,1,0,1
B010,2023-07-20 17:00:00,1,611T2300,0,,,1,0,0
B010,2023-07-20 17:00:00,2,611E2360,0,,79.28,1,0,1
B010,2023-07-20 18:00:00,0,611H7406,0,,111.06,1,0,1
B010,2023-07-20 18:00:00,1,611T2300,0,,,1,0,0
B010,2023-07-20 18:00:00,2,611E2360,0,,79.28,1,0,1
B010,2023-07-20 19:00:00,0,611H7406,0,,111.06,1,0,1
B010,2023-07-20 19:00:00,1,611T2300,0,,,1,0,0
B010,2023-07-20 19:00:00,2,611E2360,0,,79.28,1,0,1
B010,2023-07-20 20:00:00,0,611H7406,0.398501548,,111.05,1,0,1
B010,2023-07-20 20:00:00,1,611T2300,0.07287795009,,,1,0,0
B010,2023-07-20 20:00:00,2,611E2360,0,,79.28,1,0,1
B010,2023-07-20 21:00:00,0,611H7406,0,,111.05,1,0,1
B010,2023-07-20 21:00:00,1,611T2300,0,,,1,0,0
B010,2023-07-20 21:00:00,2,611E2360,0,,79.28,1,0,1
B010,2023-07-20 22:00:00,0,611H7406,0,,111.05,1,0,1
B010,2023-07-20 22:00:00,1,611T2300,0,,,1,0,0
B010,2023-07-20 22:00:00,2,611E2360,0,,79.28,1,0,1
B010,2023-07-20 23:00:00,0,611H7406,0,,111.05,1,0,1
B010,2023-07-20 23:00:00,1,611T2300,0,,,1,0,0
B010,2023-07-20 23:00:00,2,611E2360,0,,79.29,1,0,1
B010,2023-07-21 00:00:00,0,611H7406,0,,,1,0,0
B010,2023-07-21 00:00:00,1,611T2300,0,,,1,0,0
B010,2023-07-21 00:00:00,2,611E2360,0,,79.3,1,0,1
B010,2023-07-21 01:00:00,0,611H7406,0,,111.05,1,0,1
B010,2023-07-21 01:00:00,1,611T2300,0.03681183515,,,1,0,0
B010,2023-07-21 01:00:00,2,611E2360,0,,79.32,1,0,1
B010,2023-07-21 02:00:00,0,611H7406,0,,111.05,1,0,1
B010,2023-07-21 02:00:00,1,611T2300,0,,,1,0,0
B010,2023-07-21 02:00:00,2,611E2360,0,,79.32,1,0,1
B010,2023-07-21 03:00:00,0,611H7406,0,,,1,0,0
B010,2023-07-21 03:00:00,1,611T2300,0,,,1,0,0
B010,2023-07-21 03:00:00,2,611E2360,0,,79.32,1,0,1
B010,2023-07-21 04:00:00,0,611H7406,0,,111.05,1,0,1
B010,2023-07-21 04:00:00,1,611T2300,0,,,1,0,0
B010,2023-07-21 04:00:00,2,611E2360,0,,79.32,1,0,1
B010,2023-07-21 05:00:00,0,611H7406,0,,,1,0,0
B010,2023-07-21 05:00:00,1,611T2300,0,,,1,0,0
B010,2023-07-21 05:00:00,2,611E2360,0,,79.32,1,0,1
B010,2023-07-21 06:00:00,0,611H7406,0,,111.05,1,0,1
B010,2023-07-21 06:00:00,1,611T2300,0,,,1,0,0
B010,2023-07-21 06:00:00,2,611E2360,0,,79.31,1,0,1
B010,2023-07-21 07:00:00,0,611H7406,6.416451601,,111.05,1,0,1
B010,2023-07-21 07:00:00,1,611T2300,0.3314515401,,,1,0,0
B010,2023-07-21 07:00:00,2,611E2360,0.03368554795,,79.3,1,0,1
B010,2023-07-21 08:00:00,0,611H7406,0,,,1,0,0
B010,2023-07-21 08:00:00,1,611T2300,0,,,1,0,0
B010,2023-07-21 08:00:00,2,611E2360,0,,79.29,1,0,1
B010,2023-07-21 09:00:00,0,611H7406,0,,111.05,1,0,1
B010,2023-07-21 09:00:00,1,611T2300,0,,,1,0,0
B010,2023-07-21 09:00:00,2,611E2360,0,,79.29,1,0,1
B010,2023-07-21 10:00:00,0,611H7406,0,,111.05,1,0,1
B010,2023-07-21 10:00:00,1,611T2300,0,,,1,0,0
B010,2023-07-21 10:00:00,2,611E2360,0,,79.29,1,0,1
B010,2023-07-21 11:00:00,0,611H7406,0,,111.05,1,0,1
B010,2023-07-21 11:00:00,1,611T2300,0,,,1,0,0
B010,2023-07-21 11:00:00,2,611E2360,0,,79.28,1,0,1
B010,2023-07-21 12:00:00,0,611H7406,0,,111.05,1,0,1
B010,2023-07-21 12:00:00,1,611T2300,0,,,1,0,0
B010,2023-07-21 12:00:00,2,611E2360,0.001604073712,,79.28,1,0,1
B010,2023-07-21 13:00:00,0,611H7406,0,,111.05,1,0,1
B010,2023-07-21 13:00:00,1,611T2300,0,,,1,0,0
B010,2023-07-21 13:00:00,2,611E2360,0,,79.27,1,0,1
B010,2023-07-21 14:00:00,0,611H7406,0,,111.05,1,0,1
B010,2023-07-21 14:00:00,1,611T2300,0,,,1,0,0
B010,2023-07-21 14:00:00,2,611E2360,0,,79.28,1,0,1
B010,2023-07-21 15:00:00,0,611H7406,0,,111.05,1,0,1
B010,2023-07-21 15:00:00,1,611T2300,0,,,1,0,0
B010,2023-07-21 15:00:00,2,611E2360,0,,79.29,1,0,1
B010,2023-07-21 16:00:00,0,611H7406,0,,111.05,1,0,1
B010,2023-07-21 16:00:00,1,611T2300,0,,,1,0,0
B010,2023-07-21 16:00:00,2,611E2360,0,,79.3,1,0,1
B010,2023-07-21 17:00:00,0,611H7406,0,,,1,0,0
B010,2023-07-21 17:00:00,1,611T2300,0,,,1,0,0
B010,2023-07-21 17:00:00,2,611E2360,0,,79.31,1,0,1
B010,2023-07-21 18:00:00,0,611H7406,0,,,1,0,0
B010,2023-07-21 18:00:00,1,611T2300,0,,,1,0,0
B010,2023-07-21 18:00:00,2,611E2360,0,,79.31,1,0,1
B010,2023-07-30 07:00:00,0,611H7406,0,,111.08,1,0,1
B010,2023-07-30 07:00:00,1,611T2300,0,,,1,0,0
B010,2023-07-30 07:00:00,2,611E2360,0,,79.25,1,0,1
B010,2023-07-30 08:00:00,0,611H7406,0,,,1,0,0
B010,2023-07-30 08:00:00,1,611T2300,0,,,1,0,0
B010,2023-07-30 08:00:00,2,611E2360,0,,79.25,1,0,1
B010,2023-07-30 09:00:00,0,611H7406,0,,111.08,1,0,1
B010,2023-07-30 09:00:00,1,611T2300,0,,,1,0,0
B010,2023-07-30 09:00:00,2,611E2360,0,,79.25,1,0,1
B010,2023-07-30 10:00:00,0,611H7406,0,,,1,0,0
B010,2023-07-30 10:00:00,1,611T2300,0,,,1,0,0
B010,2023-07-30 10:00:00,2,611E2360,0,,79.25,1,0,1
B010,2023-07-30 11:00:00,0,611H7406,0,,111.08,1,0,1
B010,2023-07-30 11:00:00,1,611T2300,0,,,1,0,0
B010,2023-07-30 11:00:00,2,611E2360,0,,79.24,1,0,1
B010,2023-07-30 12:00:00,0,611H7406,0,,111.08,1,0,1
B010,2023-07-30 12:00:00,1,611T2300,0,,,1,0,0
B010,2023-07-30 12:00:00,2,611E2360,0,,79.24,1,0,1
B010,2023-07-30 13:00:00,0,611H7406,0,,111.08,1,0,1
B010,2023-07-30 13:00:00,1,611T2300,0,,,1,0,0
B010,2023-07-30 13:00:00,2,611E2360,0,,79.24,1,0,1
B010,2023-07-30 14:00:00,0,611H7406,0,,111.08,1,0,1
B010,2023-07-30 14:00:00,1,611T2300,0,,,1,0,0
B010,2023-07-30 14:00:00,2,611E2360,0,,79.23,1,0,1
B010,2023-07-30 15:00:00,0,611H7406,0,,111.08,1,0,1
B010,2023-07-30 15:00:00,1,611T2300,0,,,1,0,0
B010,2023-07-30 15:00:00,2,611E2360,0,,79.23,1,0,1
B010,2023-07-30 16:00:00,0,611H7406,0,,,1,0,0
B010,2023-07-30 16:00:00,1,611T2300,0,,,1,0,0
B010,2023-07-30 16:00:00,2,611E2360,0,,79.23,1,0,1
B010,2023-07-30 17:00:00,0,611H7406,0,,111.08,1,0,1
B010,2023-07-30 17:00:00,1,611T2300,0,,,1,0,0
B010,2023-07-30 17:00:00,2,611E2360,0,,79.22,1,0,1
B010,2023-07-30 18:00:00,0,611H7406,0,,111.08,1,0,1
B010,2023-07-30 18:00:00,1,611T2300,0,,,1,0,0
B010,2023-07-30 18:00:00,2,611E2360,0,,79.22,1,0,1
B010,2023-07-30 19:00:00,0,611H7406,0,,111.08,1,0,1
B010,2023-07-30 19:00:00,1,611T2300,0,,,1,0,0
B010,2023-07-30 19:00:00,2,611E2360,0,,79.22,1,0,1
B010,2023-07-30 20:00:00,0,611H7406,0,,111.08,1,0,1
B010,2023-07-30 20:00:00,1,611T2300,0,,,1,0,0
B010,2023-07-30 20:00:00,2,611E2360,0,,79.21,1,0,1
B010,2023-07-30 21:00:00,0,611H7406,0,,111.08,1,0,1
B010,2023-07-30 21:00:00,1,611T2300,0,,,1,0,0
B010,2023-07-30 21:00:00,2,611E2360,0,,79.21,1,0,1
B010,2023-07-30 22:00:00,0,611H7406,0,,111.08,1,0,1
B010,2023-07-30 22:00:00,1,611T2300,0,,,1,0,0
B010,2023-07-30 22:00:00,2,611E2360,0,,79.22,1,0,1
B010,2023-07-30 23:00:00,0,611H7406,0,,111.08,1,0,1
B010,2023-07-30 23:00:00,1,611T2300,0,,,1,0,0
B010,2023-07-30 23:00:00,2,611E2360,0,,79.22,1,0,1
B010,2023-07-31 00:00:00,0,611H7406,0,,,1,0,0
B010,2023-07-31 00:00:00,1,611T2300,0,,,1,0,0
B010,2023-07-31 00:00:00,2,611E2360,0,,79.22,1,0,1
B010,2023-07-31 01:00:00,0,611H7406,0,,111.08,1,0,1
B010,2023-07-31 01:00:00,1,611T2300,0,,,1,0,0
B010,2023-07-31 01:00:00,2,611E2360,0,,79.22,1,0,1
B010,2023-07-31 02:00:00,0,611H7406,0,,111.08,1,0,1
B010,2023-07-31 02:00:00,1,611T2300,0,,,1,0,0
B010,2023-07-31 02:00:00,2,611E2360,0,,79.23,1,0,1
B010,2023-07-31 03:00:00,0,611H7406,0,,111.08,1,0,1
B010,2023-07-31 03:00:00,1,611T2300,0,,,1,0,0
B010,2023-07-31 03:00:00,2,611E2360,0,,79.23,1,0,1
B010,2023-07-31 04:00:00,0,611H7406,0,,111.08,1,0,1
B010,2023-07-31 04:00:00,1,611T2300,0,,,1,0,0
B010,2023-07-31 04:00:00,2,611E2360,0,,79.23,1,0,1
B010,2023-07-31 05:00:00,0,611H7406,0,,111.08,1,0,1
B010,2023-07-31 05:00:00,1,611T2300,0,,,1,0,0
B010,2023-07-31 05:00:00,2,611E2360,0,,79.23,1,0,1
B010,2023-07-31 06:00:00,0,611H7406,0,,111.08,1,0,1
B010,2023-07-31 06:00:00,1,611T2300,0,,,1,0,0
B010,2023-07-31 06:00:00,2,611E2360,0,,79.23,1,0,1
B010,2023-07-31 07:00:00,0,611H7406,0,,111.08,1,0,1
B010,2023-07-31 07:00:00,1,611T2300,0,,,1,0,0
B010,2023-07-31 07:00:00,2,611E2360,0,,79.23,1,0,1
B010,2023-07-31 08:00:00,0,611H7406,0,,111.08,1,0,1
B010,2023-07-31 08:00:00,1,611T2300,0,,,1,0,0
B010,2023-07-31 08:00:00,2,611E2360,0,,79.23,1,0,1
B010,2023-07-31 09:00:00,0,611H7406,0,,,1,0,0
B010,2023-07-31 09:00:00,1,611T2300,0,,,1,0,0
B010,2023-07-31 09:00:00,2,611E2360,0,,79.23,1,0,1
B010,2023-07-31 10:00:00,0,611H7406,0,,111.08,1,0,1
B010,2023-07-31 10:00:00,1,611T2300,0,,,1,0,0
B010,2023-07-31 10:00:00,2,611E2360,0,,79.23,1,0,1
B010,2023-07-31 11:00:00,0,611H7406,0,,,1,0,0
B010,2023-07-31 11:00:00,1,611T2300,0,,,1,0,0
B010,2023-07-31 11:00:00,2,611E2360,0,,79.23,1,0,1
B010,2023-07-31 12:00:00,0,611H7406,0.3379825003,,111.08,1,0,1
B010,2023-07-31 12:00:00,1,611T2300,0,,,1,0,0
B010,2023-07-31 12:00:00,2,611E2360,0,,79.23,1,0,1
B010,2023-07-31 13:00:00,0,611H7406,0,,111.08,1,0,1
B010,2023-07-31 13:00:00,1,611T2300,0,,,1,0,0
B010,2023-07-31 13:00:00,2,611E2360,0,,79.22,1,0,1
B010,2023-07-31 14:00:00,0,611H7406,0,,,1,0,0
B010,2023-07-31 14:00:00,1,611T2300,0,,,1,0,0
B010,2023-07-31 14:00:00,2,611E2360,0,,79.22,1,0,1
B010,2023-07-31 15:00:00,0,611H7406,0,,,1,0,0
B010,2023-07-31 15:00:00,1,611T2300,0,,,1,0,0
B010,2023-07-31 15:00:00,2,611E2360,0,,79.22,1,0,1
B010,2023-07-31 16:00:00,0,611H7406,0,,,1,0,0
B010,2023-07-31 16:00:00,1,611T2300,0,,,1,0,0
B010,2023-07-31 16:00:00,2,611E2360,0.001604073712,,79.22,1,0,1
B010,2023-07-31 17:00:00,0,611H7406,0,,,1,0,0
B010,2023-07-31 17:00:00,1,611T2300,0,,,1,0,0
B010,2023-07-31 17:00:00,2,611E2360,0,,79.21,1,0,1
B010,2023-07-31 18:00:00,0,611H7406,0,,111.08,1,0,1
B010,2023-07-31 18:00:00,1,611T2300,0,,,1,0,0
B010,2023-07-31 18:00:00,2,611E2360,0,,79.22,1,0,1
B010,2023-07-31 19:00:00,0,611H7406,0,,111.08,1,0,1
B010,2023-07-31 19:00:00,1,611T2300,0,,,1,0,0
B010,2023-07-31 19:00:00,2,611E2360,0,,79.22,1,0,1
B010,2023-07-31 20:00:00,0,611H7406,0,,111.08,1,0,1
B010,2023-07-31 20:00:00,1,611T2300,0,,,1,0,0
B010,2023-07-31 20:00:00,2,611E2360,0,,79.22,1,0,1
B010,2023-07-31 21:00:00,0,611H7406,0,,111.08,1,0,1
B010,2023-07-31 21:00:00,1,611T2300,0,,,1,0,0
B010,2023-07-31 21:00:00,2,611E2360,0,,79.22,1,0,1
B010,2023-07-31 22:00:00,0,611H7406,0,,,1,0,0
B010,2023-07-31 22:00:00,1,611T2300,0,,,1,0,0
B010,2023-07-31 22:00:00,2,611E2360,0,,79.25,1,0,1
B010,2023-07-31 23:00:00,0,611H7406,0,,111.08,1,0,1
B010,2023-07-31 23:00:00,1,611T2300,0,,,1,0,0
B010,2023-07-31 23:00:00,2,611E2360,0,,79.26,1,0,1
B010,2023-08-01 00:00:00,0,611H7406,0,,111.08,1,0,1
B010,2023-08-01 00:00:00,1,611T2300,0,,,1,0,0
B010,2023-08-01 00:00:00,2,611E2360,0,,79.26,1,0,1
B010,2023-08-01 01:00:00,0,611H7406,0,,111.08,1,0,1
B010,2023-08-01 01:00:00,1,611T2300,0,,,1,0,0
B010,2023-08-01 01:00:00,2,611E2360,0,,79.26,1,0,1
B010,2023-08-01 02:00:00,0,611H7406,0,,111.08,1,0,1
B010,2023-08-01 02:00:00,1,611T2300,0,,,1,0,0
B010,2023-08-01 02:00:00,2,611E2360,0,,79.26,1,0,1
B010,2023-08-01 03:00:00,0,611H7406,0,,111.08,1,0,1
B010,2023-08-01 03:00:00,1,611T2300,0,,,1,0,0
B010,2023-08-01 03:00:00,2,611E2360,0,,79.26,1,0,1
B010,2023-08-01 04:00:00,0,611H7406,0,,,1,0,0
B010,2023-08-01 04:00:00,1,611T2300,0,,,1,0,0
B010,2023-08-01 04:00:00,2,611E2360,0,,79.25,1,0,1
B010,2023-08-01 05:00:00,0,611H7406,0,,111.08,1,0,1
B010,2023-08-01 05:00:00,1,611T2300,0,,,1,0,0
B010,2023-08-01 05:00:00,2,611E2360,0,,79.25,1,0,1
B010,2023-08-01 06:00:00,0,611H7406,0,,111.08,1,0,1
B010,2023-08-01 06:00:00,1,611T2300,0,,,1,0,0
B010,2023-08-01 06:00:00,2,611E2360,0,,79.25,1,0,1
B010,2023-08-01 07:00:00,0,611H7406,0,,111.08,1,0,1
B010,2023-08-01 07:00:00,1,611T2300,0,,,1,0,0
B010,2023-08-01 07:00:00,2,611E2360,0.001604073712,,79.24,1,0,1
B010,2023-08-01 08:00:00,0,611H7406,0,,111.08,1,0,1
B010,2023-08-01 08:00:00,1,611T2300,0,,,1,0,0
B010,2023-08-01 08:00:00,2,611E2360,0,,79.24,1,0,1
B010,2023-08-01 09:00:00,0,611H7406,0,,,1,0,0
B010,2023-08-01 09:00:00,1,611T2300,0,,,1,0,0
B010,2023-08-01 09:00:00,2,611E2360,0,,79.24,1,0,1
B010,2023-08-01 10:00:00,0,611H7406,0,,,1,0,0
B010,2023-08-01 10:00:00,1,611T2300,0,,,1,0,0
B010,2023-08-01 10:00:00,2,611E2360,0,,79.24,1,0,1
B010,2023-08-01 11:00:00,0,611H7406,0,,,1,0,0
B010,2023-08-01 11:00:00,1,611T2300,0,,,1,0,0
B010,2023-08-01 11:00:00,2,611E2360,0,,79.23,1,0,1
B010,2023-08-01 12:00:00,0,611H7406,0,,,1,0,0
B010,2023-08-01 12:00:00,1,611T2300,0.736236703,,,1,0,0
B010,2023-08-01 12:00:00,2,611E2360,0,,79.23,1,0,1
B010,2023-08-01 13:00:00,0,611H7406,11.68876506,,111.08,1,0,1
B010,2023-08-01 13:00:00,1,611T2300,3.268199147,,,1,0,0
B010,2023-08-01 13:00:00,2,611E2360,0,,79.23,1,0,1
B010,2023-08-01 14:00:00,0,611H7406,2.941987402,,111.65,1,0,1
B010,2023-08-01 14:00:00,1,611T2300,0.2263498264,,,1,0,0
B010,2023-08-01 14:00:00,2,611E2360,0,,79.22,1,0,1
B010,2023-08-01 15:00:00,0,611H7406,0,,111.68,1,0,1
B010,2023-08-01 15:00:00,1,611T2300,0.03681183515,,,1,0,0
B010,2023-08-01 15:00:00,2,611E2360,0.02143052119,,79.22,1,0,1
B010,2023-08-01 16:00:00,0,611H7406,7.035659158,,111.84,1,0,1
B010,2023-08-01 16:00:00,1,611T2300,1.913829093,,,1,0,0
B010,2023-08-01 16:00:00,2,611E2360,8.444466713,,79.21,1,0,1
B010,2023-08-01 17:00:00,0,611H7406,0.3540937092,,112.24,1,0,1
B010,2023-08-01 17:00:00,1,611T2300,1.297465149,,,1,0,0
B010,2023-08-01 17:00:00,2,611E2360,0.1242356278,,79.24,1,0,1
B010,2023-08-01 18:00:00,0,611H7406,0,,112.28,1,0,1
B010,2023-08-01 18:00:00,1,611T2300,0,,,1,0,0
B010,2023-08-01 18:00:00,2,611E2360,0,,79.26,1,0,1
B010,2023-08-01 19:00:00,0,611H7406,0,,112.07,1,0,1
B010,2023-08-01 19:00:00,1,611T2300,0,,,1,0,0
B010,2023-08-01 19:00:00,2,611E2360,0,,79.34,1,0,1
B010,2023-08-01 20:00:00,0,611H7406,0,,111.69,1,0,1
B010,2023-08-01 20:00:00,1,611T2300,0,,,1,0,0
B010,2023-08-01 20:00:00,2,611E2360,0,,79.77,1,0,1
B010,2023-08-01 21:00:00,0,611H7406,0,,111.88,1,0,1
B010,2023-08-01 21:00:00,1,611T2300,0,,,1,0,0
B010,2023-08-01 21:00:00,2,611E2360,0,,80,1,0,1
B010,2023-08-01 22:00:00,0,611H7406,0,,111.67,1,0,1
B010,2023-08-01 22:00:00,1,611T2300,0,,,1,0,0
B010,2023-08-01 22:00:00,2,611E2360,0,,79.96,1,0,1
B010,2023-08-01 23:00:00,0,611H7406,0,,111.69,1,0,1
B010,2023-08-01 23:00:00,1,611T2300,0,,,1,0,0
B010,2023-08-01 23:00:00,2,611E2360,0,,79.96,1,0,1
B010,2023-08-02 00:00:00,0,611H7406,0,,111.73,1,0,1
B010,2023-08-02 00:00:00,1,611T2300,0,,,1,0,0
B010,2023-08-02 00:00:00,2,611E2360,0,,79.92,1,0,1
B010,2023-08-02 01:00:00,0,611H7406,0,,111.71,1,0,1
B010,2023-08-02 01:00:00,1,611T2300,0,,,1,0,0
B010,2023-08-02 01:00:00,2,611E2360,0,,79.84,1,0,1
B010,2023-08-02 02:00:00,0,611H7406,0,,111.67,1,0,1
B010,2023-08-02 02:00:00,1,611T2300,0,,,1,0,0
B010,2023-08-02 02:00:00,2,611E2360,0,,79.78,1,0,1
B010,2023-08-02 03:00:00,0,611H7406,0,,111.65,1,0,1
B010,2023-08-02 03:00:00,1,611T2300,0,,,1,0,0
B010,2023-08-02 03:00:00,2,611E2360,0,,79.73,1,0,1
B010,2023-08-02 04:00:00,0,611H7406,0,,111.63,1,0,1
B010,2023-08-02 04:00:00,1,611T2300,0,,,1,0,0
B010,2023-08-02 04:00:00,2,611E2360,0,,79.69,1,0,1
B010,2023-08-02 05:00:00,0,611H7406,0,,111.63,1,0,1
B010,2023-08-02 05:00:00,1,611T2300,0,,,1,0,0
B010,2023-08-02 05:00:00,2,611E2360,0,,79.66,1,0,1
B010,2023-08-02 06:00:00,0,611H7406,0,,111.59,1,0,1
B010,2023-08-02 06:00:00,1,611T2300,0,,,1,0,0
B010,2023-08-02 06:00:00,2,611E2360,0,,79.64,1,0,1
B010,2023-08-02 07:00:00,0,611H7406,11.97708239,,111.61,1,0,1
B010,2023-08-02 07:00:00,1,611T2300,5.67523665,,,1,0,0
B010,2023-08-02 07:00:00,2,611E2360,8.590132862,,79.61,1,0,1
B010,2023-08-02 08:00:00,0,611H7406,0,,111.63,1,0,1
B010,2023-08-02 08:00:00,1,611T2300,0,,,1,0,0
B010,2023-08-02 08:00:00,2,611E2360,0,,79.6,1,0,1
B010,2023-08-02 09:00:00,0,611H7406,0,,111.5,1,0,1
B010,2023-08-02 09:00:00,1,611T2300,0,,,1,0,0
B010,2023-08-02 09:00:00,2,611E2360,0,,79.58,1,0,1
B010,2023-08-02 10:00:00,0,611H7406,0,,,1,0,0
B010,2023-08-02 10:00:00,1,611T2300,0,,,1,0,0
B010,2023-08-02 10:00:00,2,611E2360,0,,79.56,1,0,1
B010,2023-08-02 11:00:00,0,611H7406,0,,111.49,1,0,1
B010,2023-08-02 11:00:00,1,611T2300,0,,,1,0,0
B010,2023-08-02 11:00:00,2,611E2360,0,,79.55,1,0,1
B010,2023-08-02 12:00:00,0,611H7406,0,,111.47,1,0,1
B010,2023-08-02 12:00:00,1,611T2300,0,,,1,0,0
B010,2023-08-02 12:00:00,2,611E2360,0,,79.53,1,0,1
B010,2023-08-02 13:00:00,0,611H7406,0,,111.59,1,0,1
B010,2023-08-02 13:00:00,1,611T2300,0,,,1,0,0
B010,2023-08-02 13:00:00,2,611E2360,0,,,1,0,0
B010,2023-08-02 14:00:00,0,611H7406,0,,111.63,1,0,1
B010,2023-08-02 14:00:00,1,611T2300,0,,,1,0,0
B010,2023-08-02 14:00:00,2,611E2360,0,,79.51,1,0,1
B010,2023-08-02 15:00:00,0,611H7406,0,,111.65,1,0,1
B010,2023-08-02 15:00:00,1,611T2300,0,,,1,0,0
B010,2023-08-02 15:00:00,2,611E2360,0,,79.5,1,0,1
B010,2023-08-02 16:00:00,0,611H7406,0,,111.05,1,0,1
B010,2023-08-02 16:00:00,1,611T2300,0,,,1,0,0
B010,2023-08-02 16:00:00,2,611E2360,0,,79.49,1,0,1
B010,2023-08-02 17:00:00,0,611H7406,0,,111.08,1,0,1
B010,2023-08-02 17:00:00,1,611T2300,0,,,1,0,0
B010,2023-08-02 17:00:00,2,611E2360,0,,79.48,1,0,1
B010,2023-08-02 18:00:00,0,611H7406,0,,,1,0,0
B010,2023-08-02 18:00:00,1,611T2300,0,,,1,0,0
B010,2023-08-02 18:00:00,2,611E2360,0,,79.47,1,0,1
B010,2023-08-02 19:00:00,0,611H7406,0,,111.22,1,0,1
B010,2023-08-02 19:00:00,1,611T2300,0,,,1,0,0
B010,2023-08-02 19:00:00,2,611E2360,0,,79.46,1,0,1
B010,2023-08-02 20:00:00,0,611H7406,0,,111.03,1,0,1
B010,2023-08-02 20:00:00,1,611T2300,0,,,1,0,0
B010,2023-08-02 20:00:00,2,611E2360,0,,79.45,1,0,1
B010,2023-08-02 21:00:00,0,611H7406,0,,111.05,1,0,1
B010,2023-08-02 21:00:00,1,611T2300,0,,,1,0,0
B010,2023-08-02 21:00:00,2,611E2360,0,,79.44,1,0,1
B010,2023-08-02 22:00:00,0,611H7406,0,,,1,0,0
B010,2023-08-02 22:00:00,1,611T2300,0,,,1,0,0
B010,2023-08-02 22:00:00,2,611E2360,0,,79.44,1,0,1
B010,2023-08-02 23:00:00,0,611H7406,0,,111.09,1,0,1
B010,2023-08-02 23:00:00,1,611T2300,0,,,1,0,0
B010,2023-08-02 23:00:00,2,611E2360,0,,79.43,1,0,1
B010,2023-08-03 00:00:00,0,611H7406,0,,,1,0,0
B010,2023-08-03 00:00:00,1,611T2300,0,,,1,0,0
B010,2023-08-03 00:00:00,2,611E2360,0,,79.42,1,0,1
B010,2023-08-03 01:00:00,0,611H7406,0,,111.09,1,0,1
B010,2023-08-03 01:00:00,1,611T2300,0,,,1,0,0
B010,2023-08-03 01:00:00,2,611E2360,0,,79.42,1,0,1
B010,2023-08-03 02:00:00,0,611H7406,0,,111.09,1,0,1
B010,2023-08-03 02:00:00,1,611T2300,0,,,1,0,0
B010,2023-08-03 02:00:00,2,611E2360,0,,79.42,1,0,1
B010,2023-08-03 03:00:00,0,611H7406,0,,111.09,1,0,1
B010,2023-08-03 03:00:00,1,611T2300,0,,,1,0,0
B010,2023-08-03 03:00:00,2,611E2360,0,,79.41,1,0,1
B010,2023-08-03 04:00:00,0,611H7406,0,,111.09,1,0,1
B010,2023-08-03 04:00:00,1,611T2300,0,,,1,0,0
B010,2023-08-03 04:00:00,2,611E2360,0,,79.41,1,0,1
B010,2023-08-03 05:00:00,0,611H7406,0,,111.09,1,0,1
B010,2023-08-03 05:00:00,1,611T2300,0,,,1,0,0
B010,2023-08-03 05:00:00,2,611E2360,0,,79.4,1,0,1
B010,2023-08-03 06:00:00,0,611H7406,0,,111.09,1,0,1
B010,2023-08-03 06:00:00,1,611T2300,0,,,1,0,0
B010,2023-08-03 06:00:00,2,611E2360,0,,79.39,1,0,1
B010,2023-08-03 07:00:00,0,611H7406,0,,,1,0,0
B010,2023-08-03 07:00:00,1,611T2300,0,,,1,0,0
B010,2023-08-03 07:00:00,2,611E2360,0,,79.39,1,0,1
B010,2023-08-03 08:00:00,0,611H7406,0,,111.1,1,0,1
B010,2023-08-03 08:00:00,1,611T2300,0,,,1,0,0
B010,2023-08-03 08:00:00,2,611E2360,0,,79.38,1,0,1
B010,2023-08-03 09:00:00,0,611H7406,0,,111.1,1,0,1
B010,2023-08-03 09:00:00,1,611T2300,0,,,1,0,0
B010,2023-08-03 09:00:00,2,611E2360,0,,79.37,1,0,1
B010,2023-08-03 10:00:00,0,611H7406,0,,111.1,1,0,1
B010,2023-08-03 10:00:00,1,611T2300,0,,,1,0,0
B010,2023-08-03 10:00:00,2,611E2360,0,,79.37,1,0,1
B010,2023-08-03 11:00:00,0,611H7406,0,,111.1,1,0,1
B010,2023-08-03 11:00:00,1,611T2300,0,,,1,0,0
B010,2023-08-03 11:00:00,2,611E2360,0,,79.36,1,0,1
B010,2023-08-03 12:00:00,0,611H7406,0,,,1,0,0
B010,2023-08-03 12:00:00,1,611T2300,0,,,1,0,0
B010,2023-08-03 12:00:00,2,611E2360,0,,79.35,1,0,1
B010,2023-08-03 13:00:00,0,611H7406,0,,,1,0,0
B010,2023-08-03 13:00:00,1,611T2300,0,,,1,0,0
B010,2023-08-03 13:00:00,2,611E2360,0,,79.34,1,0,1
B010,2023-08-03 14:00:00,0,611H7406,0,,111.1,1,0,1
B010,2023-08-03 14:00:00,1,611T2300,0,,,1,0,0
B010,2023-08-03 14:00:00,2,611E2360,0,,79.34,1,0,1
B010,2023-08-03 15:00:00,0,611H7406,0,,,1,0,0
B010,2023-08-03 15:00:00,1,611T2300,0,,,1,0,0
B010,2023-08-03 15:00:00,2,611E2360,0,,79.33,1,0,1
B010,2023-08-03 16:00:00,0,611H7406,0,,111.1,1,0,1
B010,2023-08-03 16:00:00,1,611T2300,0,,,1,0,0
B010,2023-08-03 16:00:00,2,611E2360,0,,,1,0,0
B010,2023-08-03 17:00:00,0,611H7406,0,,,1,0,0
B010,2023-08-03 17:00:00,1,611T2300,0,,,1,0,0
B010,2023-08-03 17:00:00,2,611E2360,0,,79.33,1,0,1
B010,2023-08-03 18:00:00,0,611H7406,0,,111.1,1,0,1
B010,2023-08-03 18:00:00,1,611T2300,0,,,1,0,0
B010,2023-08-03 18:00:00,2,611E2360,0,,79.34,1,0,1
B010,2023-08-25 16:00:00,0,611H7406,0,,111.08,1,0,1
B010,2023-08-25 16:00:00,1,611T2300,0,,,1,0,0
B010,2023-08-25 16:00:00,2,611E2360,0,,79.35,1,0,1
B010,2023-08-25 17:00:00,0,611H7406,0,,111.08,1,0,1
B010,2023-08-25 17:00:00,1,611T2300,0,,,1,0,0
B010,2023-08-25 17:00:00,2,611E2360,0,,79.35,1,0,1
B010,2023-08-25 18:00:00,0,611H7406,0,,111.08,1,0,1
B010,2023-08-25 18:00:00,1,611T2300,0,,,1,0,0
B010,2023-08-25 18:00:00,2,611E2360,0,,79.36,1,0,1
B010,2023-08-25 19:00:00,0,611H7406,0,,111.08,1,0,1
B010,2023-08-25 19:00:00,1,611T2300,0,,,1,0,0
B010,2023-08-25 19:00:00,2,611E2360,0,,79.37,1,0,1
B010,2023-08-25 20:00:00,0,611H7406,0,,111.08,1,0,1
B010,2023-08-25 20:00:00,1,611T2300,0,,,1,0,0
B010,2023-08-25 20:00:00,2,611E2360,0,,79.37,1,0,1
B010,2023-08-25 21:00:00,0,611H7406,0,,111.08,1,0,1
B010,2023-08-25 21:00:00,1,611T2300,0,,,1,0,0
B010,2023-08-25 21:00:00,2,611E2360,0,,79.37,1,0,1
B010,2023-08-25 22:00:00,0,611H7406,0,,111.08,1,0,1
B010,2023-08-25 22:00:00,1,611T2300,0,,,1,0,0
B010,2023-08-25 22:00:00,2,611E2360,0,,79.37,1,0,1
B010,2023-08-25 23:00:00,0,611H7406,0,,,1,0,0
B010,2023-08-25 23:00:00,1,611T2300,0,,,1,0,0
B010,2023-08-25 23:00:00,2,611E2360,0,,79.37,1,0,1
B010,2023-08-26 00:00:00,0,611H7406,0,,111.08,1,0,1
B010,2023-08-26 00:00:00,1,611T2300,0,,,1,0,0
B010,2023-08-26 00:00:00,2,611E2360,0,,79.37,1,0,1
B010,2023-08-26 01:00:00,0,611H7406,0,,111.08,1,0,1
B010,2023-08-26 01:00:00,1,611T2300,0,,,1,0,0
B010,2023-08-26 01:00:00,2,611E2360,0,,79.37,1,0,1
B010,2023-08-26 02:00:00,0,611H7406,0,,111.08,1,0,1
B010,2023-08-26 02:00:00,1,611T2300,0,,,1,0,0
B010,2023-08-26 02:00:00,2,611E2360,0,,79.37,1,0,1
B010,2023-08-26 03:00:00,0,611H7406,0,,111.08,1,0,1
B010,2023-08-26 03:00:00,1,611T2300,0,,,1,0,0
B010,2023-08-26 03:00:00,2,611E2360,0,,79.37,1,0,1
B010,2023-08-26 04:00:00,0,611H7406,0,,111.08,1,0,1
B010,2023-08-26 04:00:00,1,611T2300,0,,,1,0,0
B010,2023-08-26 04:00:00,2,611E2360,0,,79.37,1,0,1
B010,2023-08-26 05:00:00,0,611H7406,0,,,1,0,0
B010,2023-08-26 05:00:00,1,611T2300,0,,,1,0,0
B010,2023-08-26 05:00:00,2,611E2360,0,,79.37,1,0,1
B010,2023-08-26 06:00:00,0,611H7406,0,,111.08,1,0,1
B010,2023-08-26 06:00:00,1,611T2300,0,,,1,0,0
B010,2023-08-26 06:00:00,2,611E2360,0,,79.36,1,0,1
B010,2023-08-26 07:00:00,0,611H7406,0,,111.08,1,0,1
B010,2023-08-26 07:00:00,1,611T2300,0,,,1,0,0
B010,2023-08-26 07:00:00,2,611E2360,0,,79.35,1,0,1
B010,2023-08-26 08:00:00,0,611H7406,0,,111.08,1,0,1
B010,2023-08-26 08:00:00,1,611T2300,0,,,1,0,0
B010,2023-08-26 08:00:00,2,611E2360,0,,79.35,1,0,1
B010,2023-08-26 09:00:00,0,611H7406,0,,111.08,1,0,1
B010,2023-08-26 09:00:00,1,611T2300,0,,,1,0,0
B010,2023-08-26 09:00:00,2,611E2360,0,,79.34,1,0,1
B010,2023-08-26 10:00:00,0,611H7406,0,,111.08,1,0,1
B010,2023-08-26 10:00:00,1,611T2300,0,,,1,0,0
B010,2023-08-26 10:00:00,2,611E2360,0,,79.34,1,0,1
B010,2023-08-26 11:00:00,0,611H7406,0,,111.08,1,0,1
B010,2023-08-26 11:00:00,1,611T2300,0,,,1,0,0
B010,2023-08-26 11:00:00,2,611E2360,0,,79.34,1,0,1
B010,2023-08-26 12:00:00,0,611H7406,0,,,1,0,0
B010,2023-08-26 12:00:00,1,611T2300,0,,,1,0,0
B010,2023-08-26 12:00:00,2,611E2360,0,,79.33,1,0,1
B010,2023-08-26 13:00:00,0,611H7406,0,,,1,0,0
B010,2023-08-26 13:00:00,1,611T2300,0,,,1,0,0
B010,2023-08-26 13:00:00,2,611E2360,0,,79.33,1,0,1
B010,2023-08-26 14:00:00,0,611H7406,0,,111.08,1,0,1
B010,2023-08-26 14:00:00,1,611T2300,0,,,1,0,0
B010,2023-08-26 14:00:00,2,611E2360,0,,79.33,1,0,1
B010,2023-08-26 15:00:00,0,611H7406,0,,111.08,1,0,1
B010,2023-08-26 15:00:00,1,611T2300,0,,,1,0,0
B010,2023-08-26 15:00:00,2,611E2360,0,,79.32,1,0,1
B010,2023-08-26 16:00:00,0,611H7406,0,,111.08,1,0,1
B010,2023-08-26 16:00:00,1,611T2300,0,,,1,0,0
B010,2023-08-26 16:00:00,2,611E2360,0,,79.32,1,0,1
B010,2023-08-26 17:00:00,0,611H7406,0.4873494398,,111.08,1,0,1
B010,2023-08-26 17:00:00,1,611T2300,0.7832998287,,,1,0,0
B010,2023-08-26 17:00:00,2,611E2360,0,,79.32,1,0,1
B010,2023-08-26 18:00:00,0,611H7406,2.36421863,,111.08,1,0,1
B010,2023-08-26 18:00:00,1,611T2300,0.2491568538,,,1,0,0
B010,2023-08-26 18:00:00,2,611E2360,1.007406211,,79.32,1,0,1
B010,2023-08-26 19:00:00,0,611H7406,0,,111.24,1,0,1
B010,2023-08-26 19:00:00,1,611T2300,0,,,1,0,0
B010,2023-08-26 19:00:00,2,611E2360,0,,79.32,1,0,1
B010,2023-08-26 20:00:00,0,611H7406,0,,111.05,1,0,1
B010,2023-08-26 20:00:00,1,611T2300,0,,,1,0,0
B010,2023-08-26 20:00:00,2,611E2360,0,,79.33,1,0,1
B010,2023-08-26 21:00:00,0,611H7406,0,,111.66,1,0,1
B010,2023-08-26 21:00:00,1,611T2300,0,,,1,0,0
B010,2023-08-26 21:00:00,2,611E2360,0,,79.34,1,0,1
B010,2023-08-26 22:00:00,0,611H7406,0,,111.19,1,0,1
B010,2023-08-26 22:00:00,1,611T2300,0,,,1,0,0
B010,2023-08-26 22:00:00,2,611E2360,0,,79.35,1,0,1
B010,2023-08-26 23:00:00,0,611H7406,0,,111.1,1,0,1
B010,2023-08-26 23:00:00,1,611T2300,0,,,1,0,0
B010,2023-08-26 23:00:00,2,611E2360,0,,79.35,1,0,1
B010,2023-08-27 00:00:00,0,611H7406,0,,111.08,1,0,1
B010,2023-08-27 00:00:00,1,611T2300,0,,,1,0,0
B010,2023-08-27 00:00:00,2,611E2360,0,,79.35,1,0,1
B010,2023-08-27 01:00:00,0,611H7406,0,,111.08,1,0,1
B010,2023-08-27 01:00:00,1,611T2300,0,,,1,0,0
B010,2023-08-27 01:00:00,2,611E2360,0,,79.36,1,0,1
B010,2023-08-27 02:00:00,0,611H7406,0,,111.08,1,0,1
B010,2023-08-27 02:00:00,1,611T2300,0,,,1,0,0
B010,2023-08-27 02:00:00,2,611E2360,0,,79.37,1,0,1
B010,2023-08-27 03:00:00,0,611H7406,0,,111.08,1,0,1
B010,2023-08-27 03:00:00,1,611T2300,0,,,1,0,0
B010,2023-08-27 03:00:00,2,611E2360,0,,79.38,1,0,1
B010,2023-08-27 04:00:00,0,611H7406,0,,111.08,1,0,1
B010,2023-08-27 04:00:00,1,611T2300,0,,,1,0,0
B010,2023-08-27 04:00:00,2,611E2360,0,,79.39,1,0,1
B010,2023-08-27 05:00:00,0,611H7406,0,,111.08,1,0,1
B010,2023-08-27 05:00:00,1,611T2300,0,,,1,0,0
B010,2023-08-27 05:00:00,2,611E2360,0,,79.39,1,0,1
B010,2023-08-27 06:00:00,0,611H7406,0,,111.08,1,0,1
B010,2023-08-27 06:00:00,1,611T2300,0,,,1,0,0
B010,2023-08-27 06:00:00,2,611E2360,0.001785876766,,79.39,1,0,1
B010,2023-08-27 07:00:00,0,611H7406,4.279166039,,,1,0,0
B010,2023-08-27 07:00:00,1,611T2300,0.7747916677,,,1,0,0
B010,2023-08-27 07:00:00,2,611E2360,1.91357481,,79.38,1,0,1
B010,2023-08-27 08:00:00,0,611H7406,0,,,1,0,0
B010,2023-08-27 08:00:00,1,611T2300,0,,,1,0,0
B010,2023-08-27 08:00:00,2,611E2360,0,,79.38,1,0,1
B010,2023-08-27 09:00:00,0,611H7406,0,,111.08,1,0,1
B010,2023-08-27 09:00:00,1,611T2300,0,,,1,0,0
B010,2023-08-27 09:00:00,2,611E2360,0,,79.37,1,0,1
B010,2023-08-27 10:00:00,0,611H7406,0,,111.08,1,0,1
B010,2023-08-27 10:00:00,1,611T2300,0,,,1,0,0
B010,2023-08-27 10:00:00,2,611E2360,0,,79.37,1,0,1
B010,2023-08-27 11:00:00,0,611H7406,0,,111.08,1,0,1
B010,2023-08-27 11:00:00,1,611T2300,0,,,1,0,0
B010,2023-08-27 11:00:00,2,611E2360,0,,79.36,1,0,1
B010,2023-08-27 12:00:00,0,611H7406,0,,111.08,1,0,1
B010,2023-08-27 12:00:00,1,611T2300,0,,,1,0,0
B010,2023-08-27 12:00:00,2,611E2360,0,,79.35,1,0,1
B010,2023-08-27 13:00:00,0,611H7406,0,,,1,0,0
B010,2023-08-27 13:00:00,1,611T2300,0,,,1,0,0
B010,2023-08-27 13:00:00,2,611E2360,0,,79.35,1,0,1
B010,2023-08-27 14:00:00,0,611H7406,0,,111.08,1,0,1
B010,2023-08-27 14:00:00,1,611T2300,0,,,1,0,0
B010,2023-08-27 14:00:00,2,611E2360,0,,79.35,1,0,1
B010,2023-08-27 15:00:00,0,611H7406,0,,,1,0,0
B010,2023-08-27 15:00:00,1,611T2300,0,,,1,0,0
B010,2023-08-27 15:00:00,2,611E2360,0,,79.35,1,0,1
B010,2023-08-27 16:00:00,0,611H7406,0.007406675504,,111.08,1,0,1
B010,2023-08-27 16:00:00,1,611T2300,0.02147208457,,,1,0,0
B010,2023-08-27 16:00:00,2,611E2360,0,,79.36,1,0,1
B010,2023-08-27 17:00:00,0,611H7406,0.0758287019,,111.08,1,0,1
B010,2023-08-27 17:00:00,1,611T2300,0.1060213849,,,1,0,0
B010,2023-08-27 17:00:00,2,611E2360,0.378521476,,79.37,1,0,1
B010,2023-08-27 18:00:00,0,611H7406,3.841153932,,111.08,1,0,1
B010,2023-08-27 18:00:00,1,611T2300,0.1538551469,,,1,0,0
B010,2023-08-27 18:00:00,2,611E2360,0.1844537477,,79.37,1,0,1
B010,2023-08-27 19:00:00,0,611H7406,5.862541612,,111.08,1,0,1
B010,2023-08-27 19:00:00,1,611T2300,1.958445048,,,1,0,0
B010,2023-08-27 19:00:00,2,611E2360,7.580077919,,79.37,1,0,1
B010,2023-08-27 20:00:00,0,611H7406,0.5017676632,,111.67,1,0,1
B010,2023-08-27 20:00:00,1,611T2300,0.06712479151,,,1,0,0
B010,2023-08-27 20:00:00,2,611E2360,0.7976589706,,79.39,1,0,1
B010,2023-08-27 21:00:00,0,611H7406,0.778979407,,111.72,1,0,1
B010,2023-08-27 21:00:00,1,611T2300,0.4082279471,,,1,0,0
B010,2023-08-27 21:00:00,2,611E2360,1.192061738,,79.39,1,0,1
B010,2023-08-27 22:00:00,0,611H7406,0.04224781253,,111.7,1,0,1
B010,2023-08-27 22:00:00,1,611T2300,0,,,1,0,0
B010,2023-08-27 22:00:00,2,611E2360,0.001604073712,,79.42,1,0,1
B010,2023-08-27 23:00:00,0,611H7406,2.951790789e-06,,111.62,1,0,1
B010,2023-08-27 23:00:00,1,611T2300,0,,,1,0,0
B010,2023-08-27 23:00:00,2,611E2360,0.05128729518,,79.44,1,0,1
B010,2023-08-28 00:00:00,0,611H7406,0,,111.6,1,0,1
B010,2023-08-28 00:00:00,1,611T2300,0,,,1,0,0
B010,2023-08-28 00:00:00,2,611E2360,0,,79.55,1,0,1
B010,2023-08-28 01:00:00,0,611H7406,0,,111.62,1,0,1
B010,2023-08-28 01:00:00,1,611T2300,0,,,1,0,0
B010,2023-08-28 01:00:00,2,611E2360,0,,79.7,1,0,1
B010,2023-08-28 02:00:00,0,611H7406,0,,111.66,1,0,1
B010,2023-08-28 02:00:00,1,611T2300,0,,,1,0,0
B010,2023-08-28 02:00:00,2,611E2360,0,,79.72,1,0,1
B010,2023-08-28 03:00:00,0,611H7406,0.1162823533,,111.48,1,0,1
B010,2023-08-28 03:00:00,1,611T2300,0.00726132479,,,1,0,0
B010,2023-08-28 03:00:00,2,611E2360,0.1460143411,,79.75,1,0,1
B010,2023-08-28 04:00:00,0,611H7406,2.951790789e-06,,111.46,1,0,1
B010,2023-08-28 04:00:00,1,611T2300,0,,,1,0,0
B010,2023-08-28 04:00:00,2,611E2360,0.05128729518,,,1,0,0
B010,2023-08-28 05:00:00,0,611H7406,0,,,1,0,0
B010,2023-08-28 05:00:00,1,611T2300,0,,,1,0,0
B010,2023-08-28 05:00:00,2,611E2360,0.001785876766,,,1,0,0
B010,2023-08-28 06:00:00,0,611H7406,0,,111.59,1,0,1
B010,2023-08-28 06:00:00,1,611T2300,0,,,1,0,0
B010,2023-08-28 06:00:00,2,611E2360,0,,,1,0,0
B010,2023-08-28 07:00:00,0,611H7406,5.00026812,,111.64,1,0,1
B010,2023-08-28 07:00:00,1,611T2300,2.056773106,,,1,0,0
B010,2023-08-28 07:00:00,2,611E2360,9.867126914,,,1,0,0
B010,2023-08-28 08:00:00,0,611H7406,0,,111.66,1,0,1
B010,2023-08-28 08:00:00,1,611T2300,0,,,1,0,0
B010,2023-08-28 08:00:00,2,611E2360,0,,79.75,1,0,1
B010,2023-08-28 09:00:00,0,611H7406,0,,111.05,1,0,1
B010,2023-08-28 09:00:00,1,611T2300,0,,,1,0,0
B010,2023-08-28 09:00:00,2,611E2360,0,,79.59,1,0,1
B010,2023-08-28 10:00:00,0,611H7406,0,,111.07,1,0,1
B010,2023-08-28 10:00:00,1,611T2300,0,,,1,0,0
B010,2023-08-28 10:00:00,2,611E2360,0,,79.58,1,0,1
B010,2023-08-28 11:00:00,0,611H7406,0,,,1,0,0
B010,2023-08-28 11:00:00,1,611T2300,0,,,1,0,0
B010,2023-08-28 11:00:00,2,611E2360,0,,79.57,1,0,1
B010,2023-08-28 12:00:00,0,611H7406,0,,111.22,1,0,1
B010,2023-08-28 12:00:00,1,611T2300,0,,,1,0,0
B010,2023-08-28 12:00:00,2,611E2360,0,,79.55,1,0,1
B010,2023-08-28 13:00:00,0,611H7406,0,,111.03,1,0,1
B010,2023-08-28 13:00:00,1,611T2300,0,,,1,0,0
B010,2023-08-28 13:00:00,2,611E2360,0,,79.53,1,0,1
B010,2023-08-28 14:00:00,0,611H7406,0.2325647066,,111.05,1,0,1
B010,2023-08-28 14:00:00,1,611T2300,0.009729353578,,,1,0,0
B010,2023-08-28 14:00:00,2,611E2360,0.001604073712,,79.52,1,0,1
B010,2023-08-28 15:00:00,0,611H7406,0.3933730221,,,1,0,0
B010,2023-08-28 15:00:00,1,611T2300,0.009729353578,,,1,0,0
B010,2023-08-28 15:00:00,2,611E2360,0.03046874902,,79.51,1,0,1
B010,2023-08-28 16:00:00,0,611H7406,0.007406675504,,111.05,1,0,1
B010,2023-08-28 16:00:00,1,611T2300,0.02386873257,,,1,0,0
B010,2023-08-28 16:00:00,2,611E2360,0.1208456774,,79.5,1,0,1
B010,2023-08-28 17:00:00,0,611H7406,0,,111.05,1,0,1
B010,2023-08-28 17:00:00,1,611T2300,0,,,1,0,0
B010,2023-08-28 17:00:00,2,611E2360,0.001785876766,,79.49,1,0,1
B010,2023-08-28 18:00:00,0,611H7406,0,,111.05,1,0,1
B010,2023-08-28 18:00:00,1,611T2300,0,,,1,0,0
B010,2023-08-28 18:00:00,2,611E2360,0,,79.48,1,0,1
B010,2023-08-28 19:00:00,0,611H7406,0,,111.05,1,0,1
B010,2023-08-28 19:00:00,1,611T2300,0,,,1,0,0
B010,2023-08-28 19:00:00,2,611E2360,0,,79.47,1,0,1
B010,2023-08-28 20:00:00,0,611H7406,0.04224781253,,111.05,1,0,1
B010,2023-08-28 20:00:00,1,611T2300,0,,,1,0,0
B010,2023-08-28 20:00:00,2,611E2360,0.02356459001,,79.47,1,0,1
B010,2023-08-28 21:00:00,0,611H7406,0,,111.07,1,0,1
B010,2023-08-28 21:00:00,1,611T2300,0,,,1,0,0
B010,2023-08-28 21:00:00,2,611E2360,0,,79.46,1,0,1
B010,2023-08-28 22:00:00,0,611H7406,2.951790789e-06,,111.07,1,0,1
B010,2023-08-28 22:00:00,1,611T2300,0.002396648001,,,1,0,0
B010,2023-08-28 22:00:00,2,611E2360,0.1721329725,,79.46,1,0,1
B010,2023-08-28 23:00:00,0,611H7406,0,,111.07,1,0,1
B010,2023-08-28 23:00:00,1,611T2300,0,,,1,0,0
B010,2023-08-28 23:00:00,2,611E2360,0,,79.46,1,0,1
B010,2023-08-29 00:00:00,0,611H7406,0,,111.09,1,0,1
B010,2023-08-29 00:00:00,1,611T2300,0,,,1,0,0
B010,2023-08-29 00:00:00,2,611E2360,0,,79.46,1,0,1
B010,2023-08-29 01:00:00,0,611H7406,0,,111.09,1,0,1
B010,2023-08-29 01:00:00,1,611T2300,0,,,1,0,0
B010,2023-08-29 01:00:00,2,611E2360,0,,79.45,1,0,1
B010,2023-08-29 02:00:00,0,611H7406,0,,111.09,1,0,1
B010,2023-08-29 02:00:00,1,611T2300,0,,,1,0,0
B010,2023-08-29 02:00:00,2,611E2360,0,,79.45,1,0,1
B010,2023-08-29 03:00:00,0,611H7406,0,,111.09,1,0,1
B010,2023-08-29 03:00:00,1,611T2300,0,,,1,0,0
B010,2023-08-29 03:00:00,2,611E2360,0,,79.45,1,0,1
B010,2023-08-29 04:00:00,0,611H7406,0,,,1,0,0
B010,2023-08-29 04:00:00,1,611T2300,0,,,1,0,0
B010,2023-08-29 04:00:00,2,611E2360,0,,79.45,1,0,1
B010,2023-08-29 05:00:00,0,611H7406,0,,111.09,1,0,1
B010,2023-08-29 05:00:00,1,611T2300,0,,,1,0,0
B010,2023-08-29 05:00:00,2,611E2360,0,,79.45,1,0,1
B010,2023-08-29 06:00:00,0,611H7406,0,,111.09,1,0,1
B010,2023-08-29 06:00:00,1,611T2300,0,,,1,0,0
B010,2023-08-29 06:00:00,2,611E2360,0,,79.44,1,0,1
B010,2023-08-29 07:00:00,0,611H7406,0.4651382687,,111.09,1,0,1
B010,2023-08-29 07:00:00,1,611T2300,0.02425200316,,,1,0,0
B010,2023-08-29 07:00:00,2,611E2360,0.4728451082,,79.44,1,0,1
B010,2023-08-29 08:00:00,0,611H7406,0,,111.09,1,0,1
B010,2023-08-29 08:00:00,1,611T2300,0,,,1,0,0
B010,2023-08-29 08:00:00,2,611E2360,0,,79.44,1,0,1
B010,2023-08-29 09:00:00,0,611H7406,0,,111.09,1,0,1
B010,2023-08-29 09:00:00,1,611T2300,0,,,1,0,0
B010,2023-08-29 09:00:00,2,611E2360,0,,79.44,1,0,1
B010,2023-08-29 10:00:00,0,611H7406,0,,111.09,1,0,1
B010,2023-08-29 10:00:00,1,611T2300,0,,,1,0,0
B010,2023-08-29 10:00:00,2,611E2360,0,,79.44,1,0,1
B010,2023-08-29 11:00:00,0,611H7406,0,,111.09,1,0,1
B010,2023-08-29 11:00:00,1,611T2300,0,,,1,0,0
B010,2023-08-29 11:00:00,2,611E2360,0,,79.43,1,0,1
B010,2023-08-29 12:00:00,0,611H7406,0,,,1,0,0
B010,2023-08-29 12:00:00,1,611T2300,0,,,1,0,0
B010,2023-08-29 12:00:00,2,611E2360,0,,79.43,1,0,1
B010,2023-08-29 13:00:00,0,611H7406,0,,111.09,1,0,1
B010,2023-08-29 13:00:00,1,611T2300,0,,,1,0,0
B010,2023-08-29 13:00:00,2,611E2360,0,,79.43,1,0,1
B010,2023-08-29 14:00:00,0,611H7406,0,,111.09,1,0,1
B010,2023-08-29 14:00:00,1,611T2300,0,,,1,0,0
B010,2023-08-29 14:00:00,2,611E2360,0,,79.42,1,0,1
B010,2023-08-29 15:00:00,0,611H7406,0,,111.09,1,0,1
B010,2023-08-29 15:00:00,1,611T2300,0,,,1,0,0
B010,2023-08-29 15:00:00,2,611E2360,0,,79.42,1,0,1
B010,2023-08-29 16:00:00,0,611H7406,0,,111.09,1,0,1
B010,2023-08-29 16:00:00,1,611T2300,0,,,1,0,0
B010,2023-08-29 16:00:00,2,611E2360,0,,79.42,1,0,1
B010,2023-08-29 17:00:00,0,611H7406,0,,111.09,1,0,1
B010,2023-08-29 17:00:00,1,611T2300,0,,,1,0,0
B010,2023-08-29 17:00:00,2,611E2360,0,,79.42,1,0,1
B010,2023-08-29 18:00:00,0,611H7406,0,,111.09,1,0,1
B010,2023-08-29 18:00:00,1,611T2300,0,,,1,0,0
B010,2023-08-29 18:00:00,2,611E2360,0,,79.42,1,0,1
B010,2023-08-29 19:00:00,0,611H7406,0,,111.09,1,0,1
B010,2023-08-29 19:00:00,1,611T2300,0,,,1,0,0
B010,2023-08-29 19:00:00,2,611E2360,0,,79.42,1,0,1
B010,2023-08-29 20:00:00,0,611H7406,0,,111.09,1,0,1
B010,2023-08-29 20:00:00,1,611T2300,0,,,1,0,0
B010,2023-08-29 20:00:00,2,611E2360,0,,79.42,1,0,1
B010,2023-08-29 21:00:00,0,611H7406,0,,111.09,1,0,1
B010,2023-08-29 21:00:00,1,611T2300,0,,,1,0,0
B010,2023-08-29 21:00:00,2,611E2360,0,,79.42,1,0,1
B010,2023-08-29 22:00:00,0,611H7406,0,,111.09,1,0,1
B010,2023-08-29 22:00:00,1,611T2300,0,,,1,0,0
B010,2023-08-29 22:00:00,2,611E2360,0,,79.42,1,0,1
B010,2023-08-29 23:00:00,0,611H7406,0,,111.09,1,0,1
B010,2023-08-29 23:00:00,1,611T2300,0,,,1,0,0
B010,2023-08-29 23:00:00,2,611E2360,0,,79.42,1,0,1
B010,2023-08-30 00:00:00,0,611H7406,0,,111.09,1,0,1
B010,2023-08-30 00:00:00,1,611T2300,0,,,1,0,0
B010,2023-08-30 00:00:00,2,611E2360,0,,79.42,1,0,1
B010,2023-08-30 01:00:00,0,611H7406,0,,111.09,1,0,1
B010,2023-08-30 01:00:00,1,611T2300,0,,,1,0,0
B010,2023-08-30 01:00:00,2,611E2360,0,,79.42,1,0,1
B010,2023-08-30 02:00:00,0,611H7406,0,,,1,0,0
B010,2023-08-30 02:00:00,1,611T2300,0,,,1,0,0
B010,2023-08-30 02:00:00,2,611E2360,0,,79.41,1,0,1
B010,2023-08-30 03:00:00,0,611H7406,0,,111.09,1,0,1
B010,2023-08-30 03:00:00,1,611T2300,0,,,1,0,0
B010,2023-08-30 03:00:00,2,611E2360,0,,79.41,1,0,1
B010,2023-08-30 04:00:00,0,611H7406,0,,111.09,1,0,1
B010,2023-08-30 04:00:00,1,611T2300,0,,,1,0,0
B010,2023-08-30 04:00:00,2,611E2360,0,,79.41,1,0,1
B010,2023-08-30 05:00:00,0,611H7406,0,,,1,0,0
B010,2023-08-30 05:00:00,1,611T2300,0,,,1,0,0
B010,2023-08-30 05:00:00,2,611E2360,0,,79.41,1,0,1
B010,2023-08-30 06:00:00,0,611H7406,0,,111.09,1,0,1
B010,2023-08-30 06:00:00,1,611T2300,0,,,1,0,0
B010,2023-08-30 06:00:00,2,611E2360,0,,79.4,1,0,1
B010,2023-08-30 07:00:00,0,611H7406,0,,,1,0,0
B010,2023-08-30 07:00:00,1,611T2300,0,,,1,0,0
B010,2023-08-30 07:00:00,2,611E2360,0,,79.39,1,0,1
B010,2023-08-30 08:00:00,0,611H7406,0,,111.09,1,0,1
B010,2023-08-30 08:00:00,1,611T2300,0,,,1,0,0
B010,2023-08-30 08:00:00,2,611E2360,0,,79.39,1,0,1
B010,2023-08-30 09:00:00,0,611H7406,0,,111.09,1,0,1
B010,2023-08-30 09:00:00,1,611T2300,0,,,1,0,0
B010,2023-08-30 09:00:00,2,611E2360,0,,79.38,1,0,1
B010,2023-08-30 10:00:00,0,611H7406,0,,111.09,1,0,1
B010,2023-08-30 10:00:00,1,611T2300,0,,,1,0,0
B010,2023-08-30 10:00:00,2,611E2360,0,,79.38,1,0,1
B010,2023-08-30 11:00:00,0,611H7406,0,,111.09,1,0,1
B010,2023-08-30 11:00:00,1,611T2300,0,,,1,0,0
B010,2023-08-30 11:00:00,2,611E2360,0,,79.37,1,0,1
B010,2023-08-30 12:00:00,0,611H7406,0,,111.09,1,0,1
B010,2023-08-30 12:00:00,1,611T2300,0,,,1,0,0
B010,2023-08-30 12:00:00,2,611E2360,0,,79.37,1,0,1
B010,2023-08-30 13:00:00,0,611H7406,0,,111.09,1,0,1
B010,2023-08-30 13:00:00,1,611T2300,0,,,1,0,0
B010,2023-08-30 13:00:00,2,611E2360,0,,79.37,1,0,1
B010,2023-08-30 14:00:00,0,611H7406,0,,111.09,1,0,1
B010,2023-08-30 14:00:00,1,611T2300,0,,,1,0,0
B010,2023-08-30 14:00:00,2,611E2360,0,,79.36,1,0,1
B010,2023-08-30 15:00:00,0,611H7406,0,,111.09,1,0,1
B010,2023-08-30 15:00:00,1,611T2300,0,,,1,0,0
B010,2023-08-30 15:00:00,2,611E2360,0,,79.36,1,0,1
B010,2023-08-30 16:00:00,0,611H7406,0,,111.09,1,0,1
B010,2023-08-30 16:00:00,1,611T2300,0,,,1,0,0
B010,2023-08-30 16:00:00,2,611E2360,0,,79.35,1,0,1
B010,2023-08-30 17:00:00,0,611H7406,0,,111.09,1,0,1
B010,2023-08-30 17:00:00,1,611T2300,0,,,1,0,0
B010,2023-08-30 17:00:00,2,611E2360,0,,79.35,1,0,1
B010,2023-08-30 18:00:00,0,611H7406,0,,111.09,1,0,1
B010,2023-08-30 18:00:00,1,611T2300,0,,,1,0,0
B010,2023-08-30 18:00:00,2,611E2360,0,,79.36,1,0,1
B010,2023-08-30 19:00:00,0,611H7406,0,,111.09,1,0,1
B010,2023-08-30 19:00:00,1,611T2300,0,,,1,0,0
B010,2023-08-30 19:00:00,2,611E2360,0,,79.37,1,0,1
B010,2023-08-30 20:00:00,0,611H7406,0,,111.09,1,0,1
B010,2023-08-30 20:00:00,1,611T2300,0,,,1,0,0
B010,2023-08-30 20:00:00,2,611E2360,0,,79.37,1,0,1
B010,2023-08-30 21:00:00,0,611H7406,0,,111.09,1,0,1
B010,2023-08-30 21:00:00,1,611T2300,0,,,1,0,0
B010,2023-08-30 21:00:00,2,611E2360,0,,79.38,1,0,1
B010,2023-08-30 22:00:00,0,611H7406,0,,111.09,1,0,1
B010,2023-08-30 22:00:00,1,611T2300,0.002396648001,,,1,0,0
B010,2023-08-30 22:00:00,2,611E2360,0.1834101266,,79.38,1,0,1
B010,2023-08-30 23:00:00,0,611H7406,0.007406675504,,111.09,1,0,1
B010,2023-08-30 23:00:00,1,611T2300,0.13190759,,,1,0,0
B010,2023-08-30 23:00:00,2,611E2360,0.001785876766,,79.39,1,0,1
B010,2024-03-25 23:00:00,0,611H7406,0,,111.75,1,0,1
B010,2024-03-25 23:00:00,1,611T2300,0,,,1,0,0
B010,2024-03-25 23:00:00,2,611E2360,0,,79.29,1,0,1
B010,2024-03-26 00:00:00,0,611H7406,0,,111.75,1,0,1
B010,2024-03-26 00:00:00,1,611T2300,0,,,1,0,0
B010,2024-03-26 00:00:00,2,611E2360,0,,79.29,1,0,1
B010,2024-03-26 01:00:00,0,611H7406,0,,,1,0,0
B010,2024-03-26 01:00:00,1,611T2300,0,,,1,0,0
B010,2024-03-26 01:00:00,2,611E2360,0,,79.29,1,0,1
B010,2024-03-26 02:00:00,0,611H7406,0,,111.75,1,0,1
B010,2024-03-26 02:00:00,1,611T2300,0,,,1,0,0
B010,2024-03-26 02:00:00,2,611E2360,0,,79.29,1,0,1
B010,2024-03-26 03:00:00,0,611H7406,0,,111.75,1,0,1
B010,2024-03-26 03:00:00,1,611T2300,0,,,1,0,0
B010,2024-03-26 03:00:00,2,611E2360,0,,79.29,1,0,1
B010,2024-03-26 04:00:00,0,611H7406,0,,,1,0,0
B010,2024-03-26 04:00:00,1,611T2300,0,,,1,0,0
B010,2024-03-26 04:00:00,2,611E2360,0,,79.29,1,0,1
B010,2024-03-26 05:00:00,0,611H7406,0,,111.75,1,0,1
B010,2024-03-26 05:00:00,1,611T2300,0,,,1,0,0
B010,2024-03-26 05:00:00,2,611E2360,0,,79.28,1,0,1
B010,2024-03-26 06:00:00,0,611H7406,0,,111.75,1,0,1
B010,2024-03-26 06:00:00,1,611T2300,0,,,1,0,0
B010,2024-03-26 06:00:00,2,611E2360,0,,79.28,1,0,1
B010,2024-03-26 07:00:00,0,611H7406,3.86871272,,,1,0,0
B010,2024-03-26 07:00:00,1,611T2300,0.1459403037,,,1,0,0
B010,2024-03-26 07:00:00,2,611E2360,0.4097066379,,79.28,1,0,1
B010,2024-03-26 08:00:00,0,611H7406,0,,111.75,1,0,1
B010,2024-03-26 08:00:00,1,611T2300,0,,,1,0,0
B010,2024-03-26 08:00:00,2,611E2360,0,,79.28,1,0,1
B010,2024-03-26 09:00:00,0,611H7406,0,,111.75,1,0,1
B010,2024-03-26 09:00:00,1,611T2300,0,,,1,0,0
B010,2024-03-26 09:00:00,2,611E2360,0,,79.28,1,0,1
B010,2024-03-26 10:00:00,0,611H7406,0,,111.75,1,0,1
B010,2024-03-26 10:00:00,1,611T2300,0,,,1,0,0
B010,2024-03-26 10:00:00,2,611E2360,0,,79.28,1,0,1
B010,2024-03-26 11:00:00,0,611H7406,0,,,1,0,0
B010,2024-03-26 11:00:00,1,611T2300,0,,,1,0,0
B010,2024-03-26 11:00:00,2,611E2360,0,,79.28,1,0,1
B010,2024-03-26 12:00:00,0,611H7406,0,,111.75,1,0,1
B010,2024-03-26 12:00:00,1,611T2300,0,,,1,0,0
B010,2024-03-26 12:00:00,2,611E2360,0,,79.28,1,0,1
B010,2024-03-26 13:00:00,0,611H7406,0,,111.75,1,0,1
B010,2024-03-26 13:00:00,1,611T2300,0,,,1,0,0
B010,2024-03-26 13:00:00,2,611E2360,0,,79.28,1,0,1
B010,2024-03-26 14:00:00,0,611H7406,0,,111.75,1,0,1
B010,2024-03-26 14:00:00,1,611T2300,0,,,1,0,0
B010,2024-03-26 14:00:00,2,611E2360,0,,79.28,1,0,1
B010,2024-03-26 15:00:00,0,611H7406,0,,,1,0,0
B010,2024-03-26 15:00:00,1,611T2300,0,,,1,0,0
B010,2024-03-26 15:00:00,2,611E2360,0,,79.28,1,0,1
B010,2024-03-26 16:00:00,0,611H7406,0,,111.75,1,0,1
B010,2024-03-26 16:00:00,1,611T2300,0,,,1,0,0
B010,2024-03-26 16:00:00,2,611E2360,0,,79.29,1,0,1
B010,2024-03-26 17:00:00,0,611H7406,0,,111.75,1,0,1
B010,2024-03-26 17:00:00,1,611T2300,0,,,1,0,0
B010,2024-03-26 17:00:00,2,611E2360,0,,79.29,1,0,1
B010,2024-03-26 18:00:00,0,611H7406,0,,,1,0,0
B010,2024-03-26 18:00:00,1,611T2300,0,,,1,0,0
B010,2024-03-26 18:00:00,2,611E2360,0,,79.29,1,0,1
B010,2024-03-26 19:00:00,0,611H7406,0,,111.75,1,0,1
B010,2024-03-26 19:00:00,1,611T2300,0,,,1,0,0
B010,2024-03-26 19:00:00,2,611E2360,0,,79.29,1,0,1
B010,2024-03-26 20:00:00,0,611H7406,0,,111.75,1,0,1
B010,2024-03-26 20:00:00,1,611T2300,0,,,1,0,0
B010,2024-03-26 20:00:00,2,611E2360,0,,79.3,1,0,1
B010,2024-03-26 21:00:00,0,611H7406,2.951790789e-06,,111.75,1,0,1
B010,2024-03-26 21:00:00,1,611T2300,0,,,1,0,0
B010,2024-03-26 21:00:00,2,611E2360,0.05128729518,,79.32,1,0,1
B010,2024-03-26 22:00:00,0,611H7406,0,,111.75,1,0,1
B010,2024-03-26 22:00:00,1,611T2300,0,,,1,0,0
B010,2024-03-26 22:00:00,2,611E2360,0,,79.32,1,0,1
B010,2024-03-26 23:00:00,0,611H7406,0,,111.75,1,0,1
B010,2024-03-26 23:00:00,1,611T2300,0,,,1,0,0
B010,2024-03-26 23:00:00,2,611E2360,0,,79.32,1,0,1
B010,2024-03-27 00:00:00,0,611H7406,0,,,1,0,0
B010,2024-03-27 00:00:00,1,611T2300,0,,,1,0,0
B010,2024-03-27 00:00:00,2,611E2360,0,,79.32,1,0,1
B010,2024-03-27 01:00:00,0,611H7406,0,,111.75,1,0,1
B010,2024-03-27 01:00:00,1,611T2300,0,,,1,0,0
B010,2024-03-27 01:00:00,2,611E2360,0,,79.31,1,0,1
B010,2024-03-27 02:00:00,0,611H7406,0,,111.75,1,0,1
B010,2024-03-27 02:00:00,1,611T2300,0,,,1,0,0
B010,2024-03-27 02:00:00,2,611E2360,0,,79.3,1,0,1
B010,2024-03-27 03:00:00,0,611H7406,0,,111.75,1,0,1
B010,2024-03-27 03:00:00,1,611T2300,0,,,1,0,0
B010,2024-03-27 03:00:00,2,611E2360,0,,79.29,1,0,1
B010,2024-03-27 04:00:00,0,611H7406,0,,111.75,1,0,1
B010,2024-03-27 04:00:00,1,611T2300,0,,,1,0,0
B010,2024-03-27 04:00:00,2,611E2360,0,,79.29,1,0,1
B010,2024-03-27 05:00:00,0,611H7406,0,,111.75,1,0,1
B010,2024-03-27 05:00:00,1,611T2300,0,,,1,0,0
B010,2024-03-27 05:00:00,2,611E2360,0,,79.29,1,0,1
B010,2024-03-27 06:00:00,0,611H7406,0,,111.75,1,0,1
B010,2024-03-27 06:00:00,1,611T2300,0,,,1,0,0
B010,2024-03-27 06:00:00,2,611E2360,0,,79.28,1,0,1
B010,2024-03-27 07:00:00,0,611H7406,2.951790789e-06,,111.75,1,0,1
B010,2024-03-27 07:00:00,1,611T2300,0,,,1,0,0
B010,2024-03-27 07:00:00,2,611E2360,0.05128729518,,79.28,1,0,1
B010,2024-03-27 08:00:00,0,611H7406,0,,111.75,1,0,1
B010,2024-03-27 08:00:00,1,611T2300,0,,,1,0,0
B010,2024-03-27 08:00:00,2,611E2360,0,,79.28,1,0,1
B010,2024-03-27 09:00:00,0,611H7406,0,,111.75,1,0,1
B010,2024-03-27 09:00:00,1,611T2300,0,,,1,0,0
B010,2024-03-27 09:00:00,2,611E2360,0,,79.28,1,0,1
B010,2024-03-27 10:00:00,0,611H7406,0,,111.75,1,0,1
B010,2024-03-27 10:00:00,1,611T2300,0,,,1,0,0
B010,2024-03-27 10:00:00,2,611E2360,0,,79.27,1,0,1
B010,2024-03-27 11:00:00,0,611H7406,0,,111.75,1,0,1
B010,2024-03-27 11:00:00,1,611T2300,0,,,1,0,0
B010,2024-03-27 11:00:00,2,611E2360,0,,79.27,1,0,1
B010,2024-03-27 12:00:00,0,611H7406,0,,111.75,1,0,1
B010,2024-03-27 12:00:00,1,611T2300,0,,,1,0,0
B010,2024-03-27 12:00:00,2,611E2360,0,,79.27,1,0,1
B010,2024-03-27 13:00:00,0,611H7406,0,,111.75,1,0,1
B010,2024-03-27 13:00:00,1,611T2300,0,,,1,0,0
B010,2024-03-27 13:00:00,2,611E2360,0,,79.26,1,0,1
B010,2024-03-27 14:00:00,0,611H7406,0,,111.75,1,0,1
B010,2024-03-27 14:00:00,1,611T2300,0,,,1,0,0
B010,2024-03-27 14:00:00,2,611E2360,0,,79.26,1,0,1
B010,2024-03-27 15:00:00,0,611H7406,0,,111.75,1,0,1
B010,2024-03-27 15:00:00,1,611T2300,0,,,1,0,0
B010,2024-03-27 15:00:00,2,611E2360,0,,79.26,1,0,1
B010,2024-03-27 16:00:00,0,611H7406,0,,,1,0,0
B010,2024-03-27 16:00:00,1,611T2300,0,,,1,0,0
B010,2024-03-27 16:00:00,2,611E2360,0,,79.26,1,0,1
B010,2024-03-27 17:00:00,0,611H7406,0,,111.75,1,0,1
B010,2024-03-27 17:00:00,1,611T2300,0,,,1,0,0
B010,2024-03-27 17:00:00,2,611E2360,0,,79.26,1,0,1
B010,2024-03-27 18:00:00,0,611H7406,0,,111.75,1,0,1
B010,2024-03-27 18:00:00,1,611T2300,0,,,1,0,0
B010,2024-03-27 18:00:00,2,611E2360,0,,79.26,1,0,1
B010,2024-03-27 19:00:00,0,611H7406,0,,111.75,1,0,1
B010,2024-03-27 19:00:00,1,611T2300,0,,,1,0,0
B010,2024-03-27 19:00:00,2,611E2360,0,,79.26,1,0,1
B010,2024-03-27 20:00:00,0,611H7406,0,,111.75,1,0,1
B010,2024-03-27 20:00:00,1,611T2300,0,,,1,0,0
B010,2024-03-27 20:00:00,2,611E2360,0,,79.26,1,0,1
B010,2024-03-27 21:00:00,0,611H7406,0,,111.75,1,0,1
B010,2024-03-27 21:00:00,1,611T2300,0,,,1,0,0
B010,2024-03-27 21:00:00,2,611E2360,0,,79.26,1,0,1
B010,2024-03-27 22:00:00,0,611H7406,0,,111.75,1,0,1
B010,2024-03-27 22:00:00,1,611T2300,0,,,1,0,0
B010,2024-03-27 22:00:00,2,611E2360,0,,79.26,1,0,1
B010,2024-03-27 23:00:00,0,611H7406,0.355707409,,111.75,1,0,1
B010,2024-03-27 23:00:00,1,611T2300,0.9135085791,,,1,0,0
B010,2024-03-27 23:00:00,2,611E2360,0.8790691771,,79.28,1,0,1
B010,2024-03-28 00:00:00,0,611H7406,6.079584836,,111.75,1,0,1
B010,2024-03-28 00:00:00,1,611T2300,1.612565077,,,1,0,0
B010,2024-03-28 00:00:00,2,611E2360,1.551493947,,79.3,1,0,1
B010,2024-03-28 01:00:00,0,611H7406,6.001867928,,111.75,1,0,1
B010,2024-03-28 01:00:00,1,611T2300,1.858425652,,,1,0,0
B010,2024-03-28 01:00:00,2,611E2360,6.387518551,,79.31,1,0,1
B010,2024-03-28 02:00:00,0,611H7406,1.708875234,,112.65,1,0,1
B010,2024-03-28 02:00:00,1,611T2300,0.7519307805,,,1,0,0
B010,2024-03-28 02:00:00,2,611E2360,1.676248317,,79.32,1,0,1
B010,2024-03-28 03:00:00,0,611H7406,0.3397791056,,112.62,1,0,1
B010,2024-03-28 03:00:00,1,611T2300,0.1162571034,,,1,0,0
B010,2024-03-28 03:00:00,2,611E2360,0.8517699979,,79.32,1,0,1
B010,2024-03-28 04:00:00,0,611H7406,0.08449562506,,112.54,1,0,1
B010,2024-03-28 04:00:00,1,611T2300,0.01394722633,,,1,0,0
B010,2024-03-28 04:00:00,2,611E2360,0,,79.34,1,0,1
B010,2024-03-28 05:00:00,0,611H7406,2.951790789e-06,,112.46,1,0,1
B010,2024-03-28 05:00:00,1,611T2300,0.006973613166,,,1,0,0
B010,2024-03-28 05:00:00,2,611E2360,0.05128729518,,79.39,1,0,1
B010,2024-03-28 06:00:00,0,611H7406,0,,112.4,1,0,1
B010,2024-03-28 06:00:00,1,611T2300,0,,,1,0,0
B010,2024-03-28 06:00:00,2,611E2360,0,,79.67,1,0,1
B010,2024-03-28 07:00:00,0,611H7406,14.16304617,,112.41,1,0,1
B010,2024-03-28 07:00:00,1,611T2300,0.4311717146,,,1,0,0
B010,2024-03-28 07:00:00,2,611E2360,11.78888178,,79.76,1,0,1
B010,2024-03-28 08:00:00,0,611H7406,0,,112.34,1,0,1
B010,2024-03-28 08:00:00,1,611T2300,0.006973613166,,,1,0,0
B010,2024-03-28 08:00:00,2,611E2360,0,,79.74,1,0,1
B010,2024-03-28 09:00:00,0,611H7406,0,,112.32,1,0,1
B010,2024-03-28 09:00:00,1,611T2300,0.006973613166,,,1,0,0
B010,2024-03-28 09:00:00,2,611E2360,0,,79.71,1,0,1
B010,2024-03-28 10:00:00,0,611H7406,0,,112.28,1,0,1
B010,2024-03-28 10:00:00,1,611T2300,0.01394722633,,,1,0,0
B010,2024-03-28 10:00:00,2,611E2360,0,,79.71,1,0,1
B010,2024-03-28 11:00:00,0,611H7406,0,,112.26,1,0,1
B010,2024-03-28 11:00:00,1,611T2300,0.01394722633,,,1,0,0
B010,2024-03-28 11:00:00,2,611E2360,0,,79.7,1,0,1
B010,2024-03-28 12:00:00,0,611H7406,0,,112.24,1,0,1
B010,2024-03-28 12:00:00,1,611T2300,0.006973613166,,,1,0,0
B010,2024-03-28 12:00:00,2,611E2360,0,,79.67,1,0,1
B010,2024-03-28 13:00:00,0,611H7406,0,,112.2,1,0,1
B010,2024-03-28 13:00:00,1,611T2300,0,,,1,0,0
B010,2024-03-28 13:00:00,2,611E2360,0,,79.64,1,0,1
B010,2024-03-28 14:00:00,0,611H7406,0,,112.18,1,0,1
B010,2024-03-28 14:00:00,1,611T2300,0,,,1,0,0
B010,2024-03-28 14:00:00,2,611E2360,0,,79.61,1,0,1
B010,2024-03-28 15:00:00,0,611H7406,0,,112.16,1,0,1
B010,2024-03-28 15:00:00,1,611T2300,0,,,1,0,0
B010,2024-03-28 15:00:00,2,611E2360,0,,79.58,1,0,1
B010,2024-03-28 16:00:00,0,611H7406,0,,112.14,1,0,1
B010,2024-03-28 16:00:00,1,611T2300,0,,,1,0,0
B010,2024-03-28 16:00:00,2,611E2360,0,,79.57,1,0,1
B010,2024-03-28 17:00:00,0,611H7406,0,,112.12,1,0,1
B010,2024-03-28 17:00:00,1,611T2300,0,,,1,0,0
B010,2024-03-28 17:00:00,2,611E2360,0,,79.55,1,0,1
B010,2024-03-28 18:00:00,0,611H7406,0,,112.08,1,0,1
B010,2024-03-28 18:00:00,1,611T2300,0,,,1,0,0
B010,2024-03-28 18:00:00,2,611E2360,0,,79.53,1,0,1
B010,2024-03-28 19:00:00,0,611H7406,0,,112.04,1,0,1
B010,2024-03-28 19:00:00,1,611T2300,0,,,1,0,0
B010,2024-03-28 19:00:00,2,611E2360,0,,79.53,1,0,1
B010,2024-03-28 20:00:00,0,611H7406,0,,112,1,0,1
B010,2024-03-28 20:00:00,1,611T2300,0,,,1,0,0
B010,2024-03-28 20:00:00,2,611E2360,0,,79.51,1,0,1
B010,2024-03-28 21:00:00,0,611H7406,0,,111.98,1,0,1
B010,2024-03-28 21:00:00,1,611T2300,0,,,1,0,0
B010,2024-03-28 21:00:00,2,611E2360,0,,79.5,1,0,1
B010,2024-03-28 22:00:00,0,611H7406,0,,111.96,1,0,1
B010,2024-03-28 22:00:00,1,611T2300,0,,,1,0,0
B010,2024-03-28 22:00:00,2,611E2360,0,,79.5,1,0,1
B010,2024-03-28 23:00:00,0,611H7406,0,,111.94,1,0,1
B010,2024-03-28 23:00:00,1,611T2300,0,,,1,0,0
B010,2024-03-28 23:00:00,2,611E2360,0,,79.48,1,0,1
B010,2024-03-29 00:00:00,0,611H7406,0,,111.92,1,0,1
B010,2024-03-29 00:00:00,1,611T2300,0,,,1,0,0
B010,2024-03-29 00:00:00,2,611E2360,0,,79.46,1,0,1
B010,2024-03-29 01:00:00,0,611H7406,0,,111.92,1,0,1
B010,2024-03-29 01:00:00,1,611T2300,0,,,1,0,0
B010,2024-03-29 01:00:00,2,611E2360,0,,79.45,1,0,1
B010,2024-03-29 02:00:00,0,611H7406,0,,111.9,1,0,1
B010,2024-03-29 02:00:00,1,611T2300,0,,,1,0,0
B010,2024-03-29 02:00:00,2,611E2360,0,,79.44,1,0,1
B010,2024-03-29 03:00:00,0,611H7406,0,,111.9,1,0,1
B010,2024-03-29 03:00:00,1,611T2300,0,,,1,0,0
B010,2024-03-29 03:00:00,2,611E2360,0,,79.42,1,0,1
B010,2024-03-29 04:00:00,0,611H7406,0,,111.9,1,0,1
B010,2024-03-29 04:00:00,1,611T2300,0,,,1,0,0
B010,2024-03-29 04:00:00,2,611E2360,0,,79.42,1,0,1
B010,2024-03-29 05:00:00,0,611H7406,0,,111.88,1,0,1
B010,2024-03-29 05:00:00,1,611T2300,0,,,1,0,0
B010,2024-03-29 05:00:00,2,611E2360,0,,79.41,1,0,1
B010,2024-03-29 06:00:00,0,611H7406,0,,111.88,1,0,1
B010,2024-03-29 06:00:00,1,611T2300,0,,,1,0,0
B010,2024-03-29 06:00:00,2,611E2360,0,,79.4,1,0,1
B010,2024-03-29 07:00:00,0,611H7406,2.951790789e-06,,111.88,1,0,1
B010,2024-03-29 07:00:00,1,611T2300,0,,,1,0,0
B010,2024-03-29 07:00:00,2,611E2360,0.05128729518,,79.39,1,0,1
B010,2024-03-29 08:00:00,0,611H7406,0,,111.86,1,0,1
B010,2024-03-29 08:00:00,1,611T2300,0,,,1,0,0
B010,2024-03-29 08:00:00,2,611E2360,0,,79.39,1,0,1
B010,2024-03-29 09:00:00,0,611H7406,0,,111.86,1,0,1
B010,2024-03-29 09:00:00,1,611T2300,0,,,1,0,0
B010,2024-03-29 09:00:00,2,611E2360,0,,79.39,1,0,1
B010,2024-03-29 10:00:00,0,611H7406,0,,111.81,1,0,1
B010,2024-03-29 10:00:00,1,611T2300,0,,,1,0,0
B010,2024-03-29 10:00:00,2,611E2360,0,,79.41,1,0,1
B010,2024-03-29 11:00:00,0,611H7406,0,,111.81,1,0,1
B010,2024-03-29 11:00:00,1,611T2300,0,,,1,0,0
B010,2024-03-29 11:00:00,2,611E2360,0,,79.42,1,0,1
B010,2024-03-29 12:00:00,0,611H7406,0,,111.79,1,0,1
B010,2024-03-29 12:00:00,1,611T2300,0,,,1,0,0
B010,2024-03-29 12:00:00,2,611E2360,0,,79.41,1,0,1
B010,2024-03-29 13:00:00,0,611H7406,0,,111.77,1,0,1
B010,2024-03-29 13:00:00,1,611T2300,0,,,1,0,0
B010,2024-03-29 13:00:00,2,611E2360,0,,79.4,1,0,1
B010,2024-03-29 14:00:00,0,611H7406,0,,111.77,1,0,1
B010,2024-03-29 14:00:00,1,611T2300,0,,,1,0,0
B010,2024-03-29 14:00:00,2,611E2360,0,,79.4,1,0,1
B010,2024-03-29 15:00:00,0,611H7406,0,,111.77,1,0,1
B010,2024-03-29 15:00:00,1,611T2300,0,,,1,0,0
B010,2024-03-29 15:00:00,2,611E2360,0,,79.39,1,0,1
B010,2024-03-29 16:00:00,0,611H7406,0,,111.77,1,0,1
B010,2024-03-29 16:00:00,1,611T2300,0,,,1,0,0
B010,2024-03-29 16:00:00,2,611E2360,0,,79.39,1,0,1
B010,2024-03-29 17:00:00,0,611H7406,0,,111.84,1,0,1
B010,2024-03-29 17:00:00,1,611T2300,0,,,1,0,0
B010,2024-03-29 17:00:00,2,611E2360,0,,79.38,1,0,1
B010,2024-03-29 18:00:00,0,611H7406,0,,111.78,1,0,1
B010,2024-03-29 18:00:00,1,611T2300,0,,,1,0,0
B010,2024-03-29 18:00:00,2,611E2360,0,,79.37,1,0,1
B010,2024-03-29 19:00:00,0,611H7406,0,,111.78,1,0,1
B010,2024-03-29 19:00:00,1,611T2300,0,,,1,0,0
B010,2024-03-29 19:00:00,2,611E2360,0,,79.37,1,0,1
B010,2024-03-29 20:00:00,0,611H7406,0,,111.78,1,0,1
B010,2024-03-29 20:00:00,1,611T2300,0,,,1,0,0
B010,2024-03-29 20:00:00,2,611E2360,0,,79.36,1,0,1
B010,2024-03-29 21:00:00,0,611H7406,0,,111.78,1,0,1
B010,2024-03-29 21:00:00,1,611T2300,0,,,1,0,0
B010,2024-03-29 21:00:00,2,611E2360,0,,79.36,1,0,1
B010,2024-03-29 22:00:00,0,611H7406,0,,111.78,1,0,1
B010,2024-03-29 22:00:00,1,611T2300,0,,,1,0,0
B010,2024-03-29 22:00:00,2,611E2360,0,,79.35,1,0,1
B010,2024-03-29 23:00:00,0,611H7406,0,,111.78,1,0,1
B010,2024-03-29 23:00:00,1,611T2300,0,,,1,0,0
B010,2024-03-29 23:00:00,2,611E2360,0,,79.35,1,0,1
B010,2024-03-30 00:00:00,0,611H7406,0,,111.78,1,0,1
B010,2024-03-30 00:00:00,1,611T2300,0,,,1,0,0
B010,2024-03-30 00:00:00,2,611E2360,0,,79.35,1,0,1
B010,2024-03-30 01:00:00,0,611H7406,0,,111.78,1,0,1
B010,2024-03-30 01:00:00,1,611T2300,0,,,1,0,0
B010,2024-03-30 01:00:00,2,611E2360,0,,79.35,1,0,1
B010,2024-03-30 02:00:00,0,611H7406,0,,111.78,1,0,1
B010,2024-03-30 02:00:00,1,611T2300,0,,,1,0,0
B010,2024-03-30 02:00:00,2,611E2360,0,,79.36,1,0,1
B010,2024-03-30 03:00:00,0,611H7406,0.04224781253,,111.78,1,0,1
B010,2024-03-30 03:00:00,1,611T2300,0.009266742331,,,1,0,0
B010,2024-03-30 03:00:00,2,611E2360,0.002082738148,,79.37,1,0,1
B010,2024-03-30 04:00:00,0,611H7406,0,,111.78,1,0,1
B010,2024-03-30 04:00:00,1,611T2300,0,,,1,0,0
B010,2024-03-30 04:00:00,2,611E2360,0,,79.37,1,0,1
B010,2024-03-30 05:00:00,0,611H7406,0,,111.78,1,0,1
B010,2024-03-30 05:00:00,1,611T2300,0,,,1,0,0
B010,2024-03-30 05:00:00,2,611E2360,0,,79.37,1,0,1
B010,2024-03-30 06:00:00,0,611H7406,0,,111.78,1,0,1
B010,2024-03-30 06:00:00,1,611T2300,0,,,1,0,0
B010,2024-03-30 06:00:00,2,611E2360,0,,79.36,1,0,1
B010,2024-03-30 07:00:00,0,611H7406,0.04224781253,,111.78,1,0,1
B010,2024-03-30 07:00:00,1,611T2300,0,,,1,0,0
B010,2024-03-30 07:00:00,2,611E2360,0,,79.35,1,0,1
B010,2024-03-30 08:00:00,0,611H7406,0,,111.78,1,0,1
B010,2024-03-30 08:00:00,1,611T2300,0,,,1,0,0
B010,2024-03-30 08:00:00,2,611E2360,0,,79.35,1,0,1
B010,2024-03-30 09:00:00,0,611H7406,0,,111.78,1,0,1
B010,2024-03-30 09:00:00,1,611T2300,0,,,1,0,0
B010,2024-03-30 09:00:00,2,611E2360,0,,79.35,1,0,1
B010,2024-03-30 10:00:00,0,611H7406,0,,111.78,1,0,1
B010,2024-03-30 10:00:00,1,611T2300,0,,,1,0,0
B010,2024-03-30 10:00:00,2,611E2360,0,,79.34,1,0,1
B010,2024-03-30 11:00:00,0,611H7406,0,,111.78,1,0,1
B010,2024-03-30 11:00:00,1,611T2300,0,,,1,0,0
B010,2024-03-30 11:00:00,2,611E2360,0,,79.34,1,0,1
B010,2024-03-30 12:00:00,0,611H7406,0,,111.78,1,0,1
B010,2024-03-30 12:00:00,1,611T2300,0,,,1,0,0
B010,2024-03-30 12:00:00,2,611E2360,0,,79.34,1,0,1
B010,2024-03-30 13:00:00,0,611H7406,2.951790789e-06,,111.78,1,0,1
B010,2024-03-30 13:00:00,1,611T2300,0,,,1,0,0
B010,2024-03-30 13:00:00,2,611E2360,0.05128729518,,79.34,1,0,1
B010,2024-04-27 04:00:00,0,611H7406,0,,111.34,1,0,1
B010,2024-04-27 04:00:00,1,611T2300,0,,,1,0,0
B010,2024-04-27 04:00:00,2,611E2360,0,,,1,0,0
B010,2024-04-27 05:00:00,0,611H7406,0,,111.32,1,0,1
B010,2024-04-27 05:00:00,1,611T2300,0,,,1,0,0
B010,2024-04-27 05:00:00,2,611E2360,0,,,1,0,0
B010,2024-04-27 06:00:00,0,611H7406,0,,,1,0,0
B010,2024-04-27 06:00:00,1,611T2300,0,,,1,0,0
B010,2024-04-27 06:00:00,2,611E2360,0,,,1,0,0
B010,2024-04-27 07:00:00,0,611H7406,2.951790789e-06,,,1,0,0
B010,2024-04-27 07:00:00,1,611T2300,0,,,1,0,0
B010,2024-04-27 07:00:00,2,611E2360,0.05128729518,,79.3,1,0,1
B010,2024-04-27 08:00:00,0,611H7406,0,,111.32,1,0,1
B010,2024-04-27 08:00:00,1,611T2300,0,,,1,0,0
B010,2024-04-27 08:00:00,2,611E2360,0,,79.3,1,0,1
B010,2024-04-27 09:00:00,0,611H7406,0,,111.3,1,0,1
B010,2024-04-27 09:00:00,1,611T2300,0,,,1,0,0
B010,2024-04-27 09:00:00,2,611E2360,0,,79.29,1,0,1
B010,2024-04-27 10:00:00,0,611H7406,0,,111.22,1,0,1
B010,2024-04-27 10:00:00,1,611T2300,0,,,1,0,0
B010,2024-04-27 10:00:00,2,611E2360,0,,79.3,1,0,1
B010,2024-04-27 11:00:00,0,611H7406,0,,111.16,1,0,1
B010,2024-04-27 11:00:00,1,611T2300,0,,,1,0,0
B010,2024-04-27 11:00:00,2,611E2360,0,,79.29,1,0,1
B010,2024-04-27 12:00:00,0,611H7406,0,,111.16,1,0,1
B010,2024-04-27 12:00:00,1,611T2300,0,,,1,0,0
B010,2024-04-27 12:00:00,2,611E2360,0,,79.29,1,0,1
B010,2024-04-27 13:00:00,0,611H7406,0,,111.16,1,0,1
B010,2024-04-27 13:00:00,1,611T2300,0,,,1,0,0
B010,2024-04-27 13:00:00,2,611E2360,0,,79.29,1,0,1
B010,2024-04-27 14:00:00,0,611H7406,0,,111.18,1,0,1
B010,2024-04-27 14:00:00,1,611T2300,0,,,1,0,0
B010,2024-04-27 14:00:00,2,611E2360,0,,79.29,1,0,1
B010,2024-04-27 15:00:00,0,611H7406,0,,,1,0,0
B010,2024-04-27 15:00:00,1,611T2300,0,,,1,0,0
B010,2024-04-27 15:00:00,2,611E2360,0,,79.28,1,0,1
B010,2024-04-27 16:00:00,0,611H7406,0,,111.2,1,0,1
B010,2024-04-27 16:00:00,1,611T2300,0,,,1,0,0
B010,2024-04-27 16:00:00,2,611E2360,0,,79.28,1,0,1
B010,2024-04-27 17:00:00,0,611H7406,0,,111.2,1,0,1
B010,2024-04-27 17:00:00,1,611T2300,0,,,1,0,0
B010,2024-04-27 17:00:00,2,611E2360,0,,79.28,1,0,1
B010,2024-04-27 18:00:00,0,611H7406,0,,,1,0,0
B010,2024-04-27 18:00:00,1,611T2300,0,,,1,0,0
B010,2024-04-27 18:00:00,2,611E2360,0,,79.28,1,0,1
B010,2024-04-27 19:00:00,0,611H7406,0,,,1,0,0
B010,2024-04-27 19:00:00,1,611T2300,0,,,1,0,0
B010,2024-04-27 19:00:00,2,611E2360,0,,79.28,1,0,1
B010,2024-04-27 20:00:00,0,611H7406,0,,111.2,1,0,1
B010,2024-04-27 20:00:00,1,611T2300,0,,,1,0,0
B010,2024-04-27 20:00:00,2,611E2360,0,,79.28,1,0,1
B010,2024-04-27 21:00:00,0,611H7406,0,,111.2,1,0,1
B010,2024-04-27 21:00:00,1,611T2300,0,,,1,0,0
B010,2024-04-27 21:00:00,2,611E2360,0,,79.27,1,0,1
B010,2024-04-27 22:00:00,0,611H7406,0,,,1,0,0
B010,2024-04-27 22:00:00,1,611T2300,0,,,1,0,0
B010,2024-04-27 22:00:00,2,611E2360,0,,79.26,1,0,1
B010,2024-04-27 23:00:00,0,611H7406,0,,111.2,1,0,1
B010,2024-04-27 23:00:00,1,611T2300,0,,,1,0,0
B010,2024-04-27 23:00:00,2,611E2360,0,,79.26,1,0,1
B010,2024-04-28 00:00:00,0,611H7406,0,,,1,0,0
B010,2024-04-28 00:00:00,1,611T2300,0,,,1,0,0
B010,2024-04-28 00:00:00,2,611E2360,0,,79.27,1,0,1
B010,2024-04-28 01:00:00,0,611H7406,0,,111.2,1,0,1
B010,2024-04-28 01:00:00,1,611T2300,0,,,1,0,0
B010,2024-04-28 01:00:00,2,611E2360,0,,79.28,1,0,1
B010,2024-04-28 02:00:00,0,611H7406,0,,111.2,1,0,1
B010,2024-04-28 02:00:00,1,611T2300,0,,,1,0,0
B010,2024-04-28 02:00:00,2,611E2360,0,,79.28,1,0,1
B010,2024-04-28 03:00:00,0,611H7406,0,,,1,0,0
B010,2024-04-28 03:00:00,1,611T2300,0,,,1,0,0
B010,2024-04-28 03:00:00,2,611E2360,0,,79.28,1,0,1
B010,2024-04-28 04:00:00,0,611H7406,0,,111.2,1,0,1
B010,2024-04-28 04:00:00,1,611T2300,0.03451750541,,,1,0,0
B010,2024-04-28 04:00:00,2,611E2360,0.09352261375,,79.28,1,0,1
B010,2024-04-28 05:00:00,0,611H7406,0.07549979807,,111.2,1,0,1
B010,2024-04-28 05:00:00,1,611T2300,1.104995835,,,1,0,0
B010,2024-04-28 05:00:00,2,611E2360,0.6647280851,,79.28,1,0,1
B010,2024-04-28 06:00:00,0,611H7406,0.7456784738,,111.22,1,0,1
B010,2024-04-28 06:00:00,1,611T2300,0.8909324333,,,1,0,0
B010,2024-04-28 06:00:00,2,611E2360,0.6224021212,,79.28,1,0,1
B010,2024-04-28 07:00:00,0,611H7406,0.688620262,,111.32,1,0,1
B010,2024-04-28 07:00:00,1,611T2300,0.8461669973,,,1,0,0
B010,2024-04-28 07:00:00,2,611E2360,0.6988580801,,79.28,1,0,1
B010,2024-04-28 08:00:00,0,611H7406,0,,111.41,1,0,1
B010,2024-04-28 08:00:00,1,611T2300,0,,,1,0,0
B010,2024-04-28 08:00:00,2,611E2360,0,,79.29,1,0,1
B010,2024-04-28 09:00:00,0,611H7406,0,,111.43,1,0,1
B010,2024-04-28 09:00:00,1,611T2300,0.002396648001,,,1,0,0
B010,2024-04-28 09:00:00,2,611E2360,0.1444102674,,79.29,1,0,1
B010,2024-04-28 10:00:00,0,611H7406,0,,111.43,1,0,1
B010,2024-04-28 10:00:00,1,611T2300,0,,,1,0,0
B010,2024-04-28 10:00:00,2,611E2360,0,,79.31,1,0,1
B010,2024-04-28 11:00:00,0,611H7406,0,,111.64,1,0,1
B010,2024-04-28 11:00:00,1,611T2300,0,,,1,0,0
B010,2024-04-28 11:00:00,2,611E2360,0,,79.33,1,0,1
B010,2024-04-28 12:00:00,0,611H7406,0,,111.44,1,0,1
B010,2024-04-28 12:00:00,1,611T2300,0,,,1,0,0
B010,2024-04-28 12:00:00,2,611E2360,0,,79.34,1,0,1
B010,2024-04-28 13:00:00,0,611H7406,0,,111.4,1,0,1
B010,2024-04-28 13:00:00,1,611T2300,0,,,1,0,0
B010,2024-04-28 13:00:00,2,611E2360,0,,79.34,1,0,1
B010,2024-04-28 14:00:00,0,611H7406,0,,111.34,1,0,1
B010,2024-04-28 14:00:00,1,611T2300,0.001327167882,,,1,0,0
B010,2024-04-28 14:00:00,2,611E2360,0,,79.34,1,0,1
B010,2024-04-28 15:00:00,0,611H7406,0,,111.3,1,0,1
B010,2024-04-28 15:00:00,1,611T2300,0,,,1,0,0
B010,2024-04-28 15:00:00,2,611E2360,0,,79.35,1,0,1
B010,2024-04-28 16:00:00,0,611H7406,0,,111.3,1,0,1
B010,2024-04-28 16:00:00,1,611T2300,0,,,1,0,0
B010,2024-04-28 16:00:00,2,611E2360,0,,79.37,1,0,1
B010,2024-04-28 17:00:00,0,611H7406,0,,111.28,1,0,1
B010,2024-04-28 17:00:00,1,611T2300,0,,,1,0,0
B010,2024-04-28 17:00:00,2,611E2360,0,,79.37,1,0,1
B010,2024-04-28 18:00:00,0,611H7406,0,,111.26,1,0,1
B010,2024-04-28 18:00:00,1,611T2300,0,,,1,0,0
B010,2024-04-28 18:00:00,2,611E2360,0,,79.35,1,0,1
B010,2024-04-28 19:00:00,0,611H7406,0,,111.24,1,0,1
B010,2024-04-28 19:00:00,1,611T2300,0,,,1,0,0
B010,2024-04-28 19:00:00,2,611E2360,0,,79.35,1,0,1
B010,2024-04-28 20:00:00,0,611H7406,0,,111.2,1,0,1
B010,2024-04-28 20:00:00,1,611T2300,0,,,1,0,0
B010,2024-04-28 20:00:00,2,611E2360,0,,79.34,1,0,1
B010,2024-04-28 21:00:00,0,611H7406,0,,111.18,1,0,1
B010,2024-04-28 21:00:00,1,611T2300,0,,,1,0,0
B010,2024-04-28 21:00:00,2,611E2360,0,,79.32,1,0,1
B010,2024-04-28 22:00:00,0,611H7406,0,,111.16,1,0,1
B010,2024-04-28 22:00:00,1,611T2300,0,,,1,0,0
B010,2024-04-28 22:00:00,2,611E2360,0,,79.31,1,0,1
B010,2024-04-28 23:00:00,0,611H7406,0,,,1,0,0
B010,2024-04-28 23:00:00,1,611T2300,0,,,1,0,0
B010,2024-04-28 23:00:00,2,611E2360,0,,79.3,1,0,1
B010,2024-04-29 00:00:00,0,611H7406,0,,111.18,1,0,1
B010,2024-04-29 00:00:00,1,611T2300,0,,,1,0,0
B010,2024-04-29 00:00:00,2,611E2360,0,,79.29,1,0,1
B010,2024-04-29 01:00:00,0,611H7406,0,,111.2,1,0,1
B010,2024-04-29 01:00:00,1,611T2300,0,,,1,0,0
B010,2024-04-29 01:00:00,2,611E2360,0,,79.29,1,0,1
B010,2024-04-29 02:00:00,0,611H7406,0,,111.2,1,0,1
B010,2024-04-29 02:00:00,1,611T2300,0,,,1,0,0
B010,2024-04-29 02:00:00,2,611E2360,0,,79.29,1,0,1
B010,2024-04-29 03:00:00,0,611H7406,0,,111.22,1,0,1
B010,2024-04-29 03:00:00,1,611T2300,0,,,1,0,0
B010,2024-04-29 03:00:00,2,611E2360,0,,79.29,1,0,1
B010,2024-04-29 04:00:00,0,611H7406,0.009472412515,,,1,0,0
B010,2024-04-29 04:00:00,1,611T2300,0,,,1,0,0
B010,2024-04-29 04:00:00,2,611E2360,0,,79.29,1,0,1
B010,2024-04-29 05:00:00,0,611H7406,0.1162823533,,111.22,1,0,1
B010,2024-04-29 05:00:00,1,611T2300,0.004864676789,,,1,0,0
B010,2024-04-29 05:00:00,2,611E2360,0,,79.29,1,0,1
B010,2024-04-29 06:00:00,0,611H7406,0.04224781253,,111.24,1,0,1
B010,2024-04-29 06:00:00,1,611T2300,0,,,1,0,0
B010,2024-04-29 06:00:00,2,611E2360,0,,79.28,1,0,1
B010,2024-04-29 07:00:00,0,611H7406,2.507018278,,111.26,1,0,1
B010,2024-04-29 07:00:00,1,611T2300,0.4296410549,,,1,0,0
B010,2024-04-29 07:00:00,2,611E2360,1.093784398,,79.28,1,0,1
B010,2024-04-29 08:00:00,0,611H7406,3.526838562,,111.32,1,0,1
B010,2024-04-29 08:00:00,1,611T2300,0.5396609937,,,1,0,0
B010,2024-04-29 08:00:00,2,611E2360,0.7708374848,,79.28,1,0,1
B010,2024-04-29 09:00:00,0,611H7406,1.952910861,,111.58,1,0,1
B010,2024-04-29 09:00:00,1,611T2300,0.1714380047,,,1,0,0
B010,2024-04-29 09:00:00,2,611E2360,0.01122851598,,79.28,1,0,1
B010,2024-04-29 10:00:00,0,611H7406,0,,111.7,1,0,1
B010,2024-04-29 10:00:00,1,611T2300,0,,,1,0,0
B010,2024-04-29 10:00:00,2,611E2360,0,,79.28,1,0,1
B010,2024-04-29 11:00:00,0,611H7406,0,,111.71,1,0,1
B010,2024-04-29 11:00:00,1,611T2300,0,,,1,0,0
B010,2024-04-29 11:00:00,2,611E2360,0,,,1,0,0
B010,2024-04-29 12:00:00,0,611H7406,0,,111.62,1,0,1
B010,2024-04-29 12:00:00,1,611T2300,0,,,1,0,0
B010,2024-04-29 12:00:00,2,611E2360,0,,,1,0,0
B010,2024-04-29 13:00:00,0,611H7406,2.951790789e-06,,111.6,1,0,1
B010,2024-04-29 13:00:00,1,611T2300,0,,,1,0,0
B010,2024-04-29 13:00:00,2,611E2360,0.05128729518,,,1,0,0
B010,2024-04-29 14:00:00,0,611H7406,0,,111.58,1,0,1
B010,2024-04-29 14:00:00,1,611T2300,0,,,1,0,0
B010,2024-04-29 14:00:00,2,611E2360,0,,,1,0,0
B010,2024-04-29 15:00:00,0,611H7406,0,,111.56,1,0,1
B010,2024-04-29 15:00:00,1,611T2300,0,,,1,0,0
B010,2024-04-29 15:00:00,2,611E2360,0,,79.42,1,0,1
B010,2024-04-29 16:00:00,0,611H7406,0,,,1,0,0
B010,2024-04-29 16:00:00,1,611T2300,0,,,1,0,0
B010,2024-04-29 16:00:00,2,611E2360,0,,79.4,1,0,1
B010,2024-04-29 17:00:00,0,611H7406,0,,111.54,1,0,1
B010,2024-04-29 17:00:00,1,611T2300,0,,,1,0,0
B010,2024-04-29 17:00:00,2,611E2360,0,,79.39,1,0,1
B010,2024-04-29 18:00:00,0,611H7406,0,,111.54,1,0,1
B010,2024-04-29 18:00:00,1,611T2300,0,,,1,0,0
B010,2024-04-29 18:00:00,2,611E2360,0,,79.39,1,0,1
B010,2024-04-29 19:00:00,0,611H7406,0,,111.52,1,0,1
B010,2024-04-29 19:00:00,1,611T2300,0,,,1,0,0
B010,2024-04-29 19:00:00,2,611E2360,0,,79.39,1,0,1
B010,2024-04-29 20:00:00,0,611H7406,0.2165965096,,111.5,1,0,1
B010,2024-04-29 20:00:00,1,611T2300,0.1107313089,,,1,0,0
B010,2024-04-29 20:00:00,2,611E2360,0.2690674647,,79.38,1,0,1
B010,2024-04-29 21:00:00,0,611H7406,1.529201402,,111.5,1,0,1
B010,2024-04-29 21:00:00,1,611T2300,1.978790158,,,1,0,0
B010,2024-04-29 21:00:00,2,611E2360,1.854211241,,79.37,1,0,1
B010,2024-04-29 22:00:00,0,611H7406,3.424235589,,111.59,1,0,1
B010,2024-04-29 22:00:00,1,611T2300,1.556858339,,,1,0,0
B010,2024-04-29 22:00:00,2,611E2360,4.77761384,,79.35,1,0,1
B010,2024-04-29 23:00:00,0,611H7406,0.7110796711,,111.83,1,0,1
B010,2024-04-29 23:00:00,1,611T2300,0.5450688224,,,1,0,0
B010,2024-04-29 23:00:00,2,611E2360,1.121205772,,79.37,1,0,1
B010,2024-04-30 00:00:00,0,611H7406,0.2087079818,,111.83,1,0,1
B010,2024-04-30 00:00:00,1,611T2300,0.179301774,,,1,0,0
B010,2024-04-30 00:00:00,2,611E2360,0.5163860529,,79.4,1,0,1
B010,2024-04-30 01:00:00,0,611H7406,0.290207615,,111.77,1,0,1
B010,2024-04-30 01:00:00,1,611T2300,0.1129509899,,,1,0,0
B010,2024-04-30 01:00:00,2,611E2360,0.2397534662,,79.45,1,0,1
B010,2024-04-30 02:00:00,0,611H7406,0.3244670072,,111.73,1,0,1
B010,2024-04-30 02:00:00,1,611T2300,0.1394486325,,,1,0,0
B010,2024-04-30 02:00:00,2,611E2360,0.2159723648,,79.58,1,0,1
B010,2024-04-30 03:00:00,0,611H7406,0.04302758579,,111.71,1,0,1
B010,2024-04-30 03:00:00,1,611T2300,0.05262245589,,,1,0,0
B010,2024-04-30 03:00:00,2,611E2360,0.03215164277,,79.67,1,0,1
B010,2024-04-30 04:00:00,0,611H7406,0,,111.69,1,0,1
B010,2024-04-30 04:00:00,1,611T2300,0,,,1,0,0
B010,2024-04-30 04:00:00,2,611E2360,0,,79.69,1,0,1
B010,2024-04-30 05:00:00,0,611H7406,2.951790789e-06,,111.69,1,0,1
B010,2024-04-30 05:00:00,1,611T2300,0.002396648001,,,1,0,0
B010,2024-04-30 05:00:00,2,611E2360,0.1721329725,,79.67,1,0,1
B010,2024-04-30 06:00:00,0,611H7406,0.05360572359,,111.65,1,0,1
B010,2024-04-30 06:00:00,1,611T2300,0.001327167882,,,1,0,0
B010,2024-04-30 06:00:00,2,611E2360,0.06037416238,,79.65,1,0,1
B010,2024-04-30 07:00:00,0,611H7406,10.48757554,,,1,0,0
B010,2024-04-30 07:00:00,1,611T2300,0.4141810362,,,1,0,0
B010,2024-04-30 07:00:00,2,611E2360,6.043868065,,79.62,1,0,1
B010,2024-04-30 08:00:00,0,611H7406,0,,111.63,1,0,1
B010,2024-04-30 08:00:00,1,611T2300,0,,,1,0,0
B010,2024-04-30 08:00:00,2,611E2360,0,,79.6,1,0,1
B010,2024-04-30 09:00:00,0,611H7406,0.03173918142,,111.61,1,0,1
B010,2024-04-30 09:00:00,1,611T2300,0.03319403786,,,1,0,0
B010,2024-04-30 09:00:00,2,611E2360,0.03294024268,,79.58,1,0,1
B010,2024-04-30 10:00:00,0,611H7406,0.1585331176,,111.59,1,0,1
B010,2024-04-30 10:00:00,1,611T2300,0.006191844671,,,1,0,0
B010,2024-04-30 10:00:00,2,611E2360,0.05128729518,,79.56,1,0,1
B010,2024-04-30 11:00:00,0,611H7406,0,,111.59,1,0,1
B010,2024-04-30 11:00:00,1,611T2300,0,,,1,0,0
B010,2024-04-30 11:00:00,2,611E2360,0,,79.54,1,0,1
B010,2024-04-30 12:00:00,0,611H7406,0.007409627295,,111.59,1,0,1
B010,2024-04-30 12:00:00,1,611T2300,0.02147208457,,,1,0,0
B010,2024-04-30 12:00:00,2,611E2360,0.05128729518,,79.53,1,0,1
B010,2024-04-30 13:00:00,0,611H7406,0,,,1,0,0
B010,2024-04-30 13:00:00,1,611T2300,0,,,1,0,0
B010,2024-04-30 13:00:00,2,611E2360,0,,79.52,1,0,1
B010,2024-04-30 14:00:00,0,611H7406,0,,111.57,1,0,1
B010,2024-04-30 14:00:00,1,611T2300,0,,,1,0,0
B010,2024-04-30 14:00:00,2,611E2360,0,,79.5,1,0,1
B010,2024-04-30 15:00:00,0,611H7406,2.951790789e-06,,111.57,1,0,1
B010,2024-04-30 15:00:00,1,611T2300,0,,,1,0,0
B010,2024-04-30 15:00:00,2,611E2360,0.05128729518,,79.49,1,0,1
B010,2024-04-30 16:00:00,0,611H7406,0,,111.55,1,0,1
B010,2024-04-30 16:00:00,1,611T2300,0,,,1,0,0
B010,2024-04-30 16:00:00,2,611E2360,0,,79.48,1,0,1
B010,2024-04-30 17:00:00,0,611H7406,0,,111.55,1,0,1
B010,2024-04-30 17:00:00,1,611T2300,0,,,1,0,0
B010,2024-04-30 17:00:00,2,611E2360,0,,79.47,1,0,1
B010,2024-04-30 18:00:00,0,611H7406,0,,111.53,1,0,1
B010,2024-04-30 18:00:00,1,611T2300,0,,,1,0,0
B010,2024-04-30 18:00:00,2,611E2360,0,,79.45,1,0,1
B010,2024-04-30 19:00:00,0,611H7406,0,,111.53,1,0,1
B010,2024-04-30 19:00:00,1,611T2300,0,,,1,0,0
B010,2024-04-30 19:00:00,2,611E2360,0,,79.45,1,0,1
B010,2024-04-30 20:00:00,0,611H7406,0,,,1,0,0
B010,2024-04-30 20:00:00,1,611T2300,0,,,1,0,0
B010,2024-04-30 20:00:00,2,611E2360,0,,79.44,1,0,1
B010,2024-04-30 21:00:00,0,611H7406,0,,111.51,1,0,1
B010,2024-04-30 21:00:00,1,611T2300,0,,,1,0,0
B010,2024-04-30 21:00:00,2,611E2360,0,,79.43,1,0,1
B010,2024-04-30 22:00:00,0,611H7406,0,,111.51,1,0,1
B010,2024-04-30 22:00:00,1,611T2300,0,,,1,0,0
B010,2024-04-30 22:00:00,2,611E2360,0,,79.42,1,0,1
B010,2024-04-30 23:00:00,0,611H7406,0,,111.51,1,0,1
B010,2024-04-30 23:00:00,1,611T2300,0,,,1,0,0
B010,2024-04-30 23:00:00,2,611E2360,0,,79.42,1,0,1
B010,2024-05-01 00:00:00,0,611H7406,0,,111.51,1,0,1
B010,2024-05-01 00:00:00,1,611T2300,0,,,1,0,0
B010,2024-05-01 00:00:00,2,611E2360,0,,79.42,1,0,1
B010,2024-05-01 01:00:00,0,611H7406,0,,111.51,1,0,1
B010,2024-05-01 01:00:00,1,611T2300,0.001327167882,,,1,0,0
B010,2024-05-01 01:00:00,2,611E2360,0,,79.41,1,0,1
B010,2024-05-01 02:00:00,0,611H7406,2.951790789e-06,,111.49,1,0,1
B010,2024-05-01 02:00:00,1,611T2300,0,,,1,0,0
B010,2024-05-01 02:00:00,2,611E2360,0.05128729518,,79.41,1,0,1
B010,2024-05-01 03:00:00,0,611H7406,0,,111.49,1,0,1
B010,2024-05-01 03:00:00,1,611T2300,0,,,1,0,0
B010,2024-05-01 03:00:00,2,611E2360,0,,79.4,1,0,1
B010,2024-05-01 04:00:00,0,611H7406,0,,,1,0,0
B010,2024-05-01 04:00:00,1,611T2300,0,,,1,0,0
B010,2024-05-01 04:00:00,2,611E2360,0,,79.4,1,0,1
B010,2024-05-01 05:00:00,0,611H7406,0,,111.49,1,0,1
B010,2024-05-01 05:00:00,1,611T2300,0,,,1,0,0
B010,2024-05-01 05:00:00,2,611E2360,0,,79.39,1,0,1
B010,2024-05-01 06:00:00,0,611H7406,0,,,1,0,0
B010,2024-05-01 06:00:00,1,611T2300,0,,,1,0,0
B010,2024-05-01 06:00:00,2,611E2360,0,,79.39,1,0,1
B010,2024-05-01 07:00:00,0,611H7406,0.1163030159,,,1,0,0
B010,2024-05-01 07:00:00,1,611T2300,0.004955740134,,,1,0,0
B010,2024-05-01 07:00:00,2,611E2360,0.36061514,,,1,0,0
B010,2024-05-01 08:00:00,0,611H7406,0,,,1,0,0
B010,2024-05-01 08:00:00,1,611T2300,0,,,1,0,0
B010,2024-05-01 08:00:00,2,611E2360,0,,79.39,1,0,1
B010,2024-05-01 09:00:00,0,611H7406,0,,,1,0,0
B010,2024-05-01 09:00:00,1,611T2300,0,,,1,0,0
B010,2024-05-01 09:00:00,2,611E2360,0,,79.38,1,0,1
B010,2024-05-01 10:00:00,0,611H7406,0,,111.47,1,0,1
B010,2024-05-01 10:00:00,1,611T2300,0,,,1,0,0
B010,2024-05-01 10:00:00,2,611E2360,0,,,1,0,0
B010,2024-05-01 11:00:00,0,611H7406,0,,111.47,1,0,1
B010,2024-05-01 11:00:00,1,611T2300,0,,,1,0,0
B010,2024-05-01 11:00:00,2,611E2360,0,,,1,0,0
B010,2024-05-01 12:00:00,0,611H7406,0,,111.47,1,0,1
B010,2024-05-01 12:00:00,1,611T2300,0,,,1,0,0
B010,2024-05-01 12:00:00,2,611E2360,0,,,1,0,0
B010,2024-05-01 13:00:00,0,611H7406,0,,111.47,1,0,1
B010,2024-05-01 13:00:00,1,611T2300,0,,,1,0,0
B010,2024-05-01 13:00:00,2,611E2360,0,,79.34,1,0,1
B010,2024-05-01 14:00:00,0,611H7406,0,,111.47,1,0,1
B010,2024-05-01 14:00:00,1,611T2300,0,,,1,0,0
B010,2024-05-01 14:00:00,2,611E2360,0,,79.34,1,0,1
B010,2024-05-01 15:00:00,0,611H7406,0,,,1,0,0
B010,2024-05-01 15:00:00,1,611T2300,0,,,1,0,0
B010,2024-05-01 15:00:00,2,611E2360,0,,79.34,1,0,1
B010,2024-05-01 16:00:00,0,611H7406,0,,111.45,1,0,1
B010,2024-05-01 16:00:00,1,611T2300,0,,,1,0,0
B010,2024-05-01 16:00:00,2,611E2360,0,,79.34,1,0,1
B010,2024-05-01 17:00:00,0,611H7406,0,,,1,0,0
B010,2024-05-01 17:00:00,1,611T2300,0,,,1,0,0
B010,2024-05-01 17:00:00,2,611E2360,0.02516866372,,79.34,1,0,1
B010,2024-05-01 18:00:00,0,611H7406,0,,111.41,1,0,1
B010,2024-05-01 18:00:00,1,611T2300,0,,,1,0,0
B010,2024-05-01 18:00:00,2,611E2360,0,,79.34,1,0,1
B010,2024-05-01 19:00:00,0,611H7406,0,,111.37,1,0,1
B010,2024-05-01 19:00:00,1,611T2300,0,,,1,0,0
B010,2024-05-01 19:00:00,2,611E2360,0,,79.34,1,0,1
B010,2024-05-01 20:00:00,0,611H7406,0,,111.35,1,0,1
B010,2024-05-01 20:00:00,1,611T2300,0,,,1,0,0
B010,2024-05-01 20:00:00,2,611E2360,0,,79.34,1,0,1
B010,2024-05-01 21:00:00,0,611H7406,0,,,1,0,0
B010,2024-05-01 21:00:00,1,611T2300,0,,,1,0,0
B010,2024-05-01 21:00:00,2,611E2360,0,,79.34,1,0,1
B010,2024-05-01 22:00:00,0,611H7406,0,,111.39,1,0,1
B010,2024-05-01 22:00:00,1,611T2300,0,,,1,0,0
B010,2024-05-01 22:00:00,2,611E2360,0,,79.34,1,0,1
B010,2024-05-01 23:00:00,0,611H7406,0,,111.43,1,0,1
B010,2024-05-01 23:00:00,1,611T2300,0,,,1,0,0
B010,2024-05-01 23:00:00,2,611E2360,0,,79.34,1,0,1
B010,2024-05-02 00:00:00,0,611H7406,0,,111.43,1,0,1
B010,2024-05-02 00:00:00,1,611T2300,0,,,1,0,0
B010,2024-05-02 00:00:00,2,611E2360,0,,79.33,1,0,1
B010,2024-05-02 01:00:00,0,611H7406,0,,,1,0,0
B010,2024-05-02 01:00:00,1,611T2300,0.03681183515,,,1,0,0
B010,2024-05-02 01:00:00,2,611E2360,0,,79.32,1,0,1
B010,2024-05-02 02:00:00,0,611H7406,0,,111.43,1,0,1
B010,2024-05-02 02:00:00,1,611T2300,0,,,1,0,0
B010,2024-05-02 02:00:00,2,611E2360,0,,79.32,1,0,1
B010,2024-05-02 03:00:00,0,611H7406,0.02226676891,,,1,0,0
B010,2024-05-02 03:00:00,1,611T2300,0.06771154327,,,1,0,0
B010,2024-05-02 03:00:00,2,611E2360,0.1012941927,,79.33,1,0,1
B010,2024-05-02 04:00:00,0,611H7406,0,,111.43,1,0,1
B010,2024-05-02 04:00:00,1,611T2300,0,,,1,0,0
B010,2024-05-02 04:00:00,2,611E2360,0,,79.33,1,0,1
B010,2024-05-02 05:00:00,0,611H7406,0,,,1,0,0
B010,2024-05-02 05:00:00,1,611T2300,0.001327167882,,,1,0,0
B010,2024-05-02 05:00:00,2,611E2360,0,,79.33,1,0,1
B010,2024-05-02 06:00:00,0,611H7406,0.3357677195,,,1,0,0
B010,2024-05-02 06:00:00,1,611T2300,0.004864676789,,,1,0,0
B010,2024-05-02 06:00:00,2,611E2360,0.03240160409,,79.33,1,0,1
B010,2024-05-02 07:00:00,0,611H7406,0.3435380329,,111.43,1,0,1
B010,2024-05-02 07:00:00,1,611T2300,0.02067529753,,,1,0,0
B010,2024-05-02 07:00:00,2,611E2360,0.02122479721,,79.33,1,0,1
B010,2024-05-02 08:00:00,0,611H7406,0.4347269596,,111.43,1,0,1
B010,2024-05-02 08:00:00,1,611T2300,0.004864676789,,,1,0,0
B010,2024-05-02 08:00:00,2,611E2360,0.07011513555,,79.33,1,0,1
B010,2024-05-02 09:00:00,0,611H7406,0.009472412515,,,1,0,0
B010,2024-05-02 09:00:00,1,611T2300,0.04246078019,,,1,0,0
B010,2024-05-02 09:00:00,2,611E2360,0.002082738148,,79.32,1,0,1
B010,2024-05-02 10:00:00,0,611H7406,0.1821536304,,111.52,1,0,1
B010,2024-05-02 10:00:00,1,611T2300,0.4006691311,,,1,0,0
B010,2024-05-02 10:00:00,2,611E2360,0.2920325646,,79.32,1,0,1
B010,2024-05-02 11:00:00,0,611H7406,0.4998466561,,111.44,1,0,1
B010,2024-05-02 11:00:00,1,611T2300,0.48069334,,,1,0,0
B010,2024-05-02 11:00:00,2,611E2360,0.3894359712,,79.32,1,0,1
B010,2024-05-02 12:00:00,0,611H7406,0.4724417996,,111.46,1,0,1
B010,2024-05-02 12:00:00,1,611T2300,0.2476840587,,,1,0,0
B010,2024-05-02 12:00:00,2,611E2360,0.4883803507,,79.32,1,0,1
B010,2024-05-02 13:00:00,0,611H7406,0.1667166146,,111.5,1,0,1
B010,2024-05-02 13:00:00,1,611T2300,0.1321012707,,,1,0,0
B010,2024-05-02 13:00:00,2,611E2360,0.1237261719,,79.32,1,0,1
B010,2024-05-02 14:00:00,0,611H7406,0.1331614413,,111.52,1,0,1
B010,2024-05-02 14:00:00,1,611T2300,0.1664508256,,,1,0,0
B010,2024-05-02 14:00:00,2,611E2360,0.2143682911,,79.33,1,0,1
B010,2024-05-02 15:00:00,0,611H7406,0.2971994375,,111.5,1,0,1
B010,2024-05-02 15:00:00,1,611T2300,0.3350221451,,,1,0,0
B010,2024-05-02 15:00:00,2,611E2360,0.7763803279,,79.34,1,0,1
B010,2024-05-02 16:00:00,0,611H7406,0.4555686151,,111.5,1,0,1
B010,2024-05-02 16:00:00,1,611T2300,0.08380358008,,,1,0,0
B010,2024-05-02 16:00:00,2,611E2360,0.4871486066,,79.34,1,0,1
B010,2024-05-09 06:00:00,0,611H7406,0,,111.15,1,0,1
B010,2024-05-09 06:00:00,1,611T2300,0,,,1,0,0
B010,2024-05-09 06:00:00,2,611E2360,0,,79.29,1,0,1
B010,2024-05-09 07:00:00,0,611H7406,0,,111.15,1,0,1
B010,2024-05-09 07:00:00,1,611T2300,0,,,1,0,0
B010,2024-05-09 07:00:00,2,611E2360,0,,79.29,1,0,1
B010,2024-05-09 08:00:00,0,611H7406,0,,111.15,1,0,1
B010,2024-05-09 08:00:00,1,611T2300,0,,,1,0,0
B010,2024-05-09 08:00:00,2,611E2360,0,,79.29,1,0,1
B010,2024-05-09 09:00:00,0,611H7406,0,,111.15,1,0,1
B010,2024-05-09 09:00:00,1,611T2300,0,,,1,0,0
B010,2024-05-09 09:00:00,2,611E2360,0,,79.29,1,0,1
B010,2024-05-09 10:00:00,0,611H7406,0,,111.13,1,0,1
B010,2024-05-09 10:00:00,1,611T2300,0,,,1,0,0
B010,2024-05-09 10:00:00,2,611E2360,0,,79.28,1,0,1
B010,2024-05-09 11:00:00,0,611H7406,0,,111.13,1,0,1
B010,2024-05-09 11:00:00,1,611T2300,0,,,1,0,0
B010,2024-05-09 11:00:00,2,611E2360,0,,79.28,1,0,1
B010,2024-05-09 12:00:00,0,611H7406,0,,111.13,1,0,1
B010,2024-05-09 12:00:00,1,611T2300,0,,,1,0,0
B010,2024-05-09 12:00:00,2,611E2360,0,,79.28,1,0,1
B010,2024-05-09 13:00:00,0,611H7406,0,,111.13,1,0,1
B010,2024-05-09 13:00:00,1,611T2300,0,,,1,0,0
B010,2024-05-09 13:00:00,2,611E2360,0,,79.28,1,0,1
B010,2024-05-09 14:00:00,0,611H7406,0,,111.13,1,0,1
B010,2024-05-09 14:00:00,1,611T2300,0,,,1,0,0
B010,2024-05-09 14:00:00,2,611E2360,0,,79.28,1,0,1
B010,2024-05-09 15:00:00,0,611H7406,0,,111.13,1,0,1
B010,2024-05-09 15:00:00,1,611T2300,0,,,1,0,0
B010,2024-05-09 15:00:00,2,611E2360,0,,79.29,1,0,1
B010,2024-05-09 16:00:00,0,611H7406,0,,111.13,1,0,1
B010,2024-05-09 16:00:00,1,611T2300,0,,,1,0,0
B010,2024-05-09 16:00:00,2,611E2360,0,,79.29,1,0,1
B010,2024-05-09 17:00:00,0,611H7406,0,,,1,0,0
B010,2024-05-09 17:00:00,1,611T2300,0.001327167882,,,1,0,0
B010,2024-05-09 17:00:00,2,611E2360,0,,79.29,1,0,1
B010,2024-05-09 18:00:00,0,611H7406,0,,111.13,1,0,1
B010,2024-05-09 18:00:00,1,611T2300,0,,,1,0,0
B010,2024-05-09 18:00:00,2,611E2360,0,,79.29,1,0,1
B010,2024-05-09 19:00:00,0,611H7406,0,,111.13,1,0,1
B010,2024-05-09 19:00:00,1,611T2300,0,,,1,0,0
B010,2024-05-09 19:00:00,2,611E2360,0,,79.29,1,0,1
B010,2024-05-09 20:00:00,0,611H7406,0,,,1,0,0
B010,2024-05-09 20:00:00,1,611T2300,0,,,1,0,0
B010,2024-05-09 20:00:00,2,611E2360,0,,79.29,1,0,1
B010,2024-05-09 21:00:00,0,611H7406,0,,111.11,1,0,1
B010,2024-05-09 21:00:00,1,611T2300,0,,,1,0,0
B010,2024-05-09 21:00:00,2,611E2360,0,,79.29,1,0,1
B010,2024-05-09 22:00:00,0,611H7406,0,,111.11,1,0,1
B010,2024-05-09 22:00:00,1,611T2300,0,,,1,0,0
B010,2024-05-09 22:00:00,2,611E2360,0,,79.29,1,0,1
B010,2024-05-09 23:00:00,0,611H7406,0,,111.11,1,0,1
B010,2024-05-09 23:00:00,1,611T2300,0,,,1,0,0
B010,2024-05-09 23:00:00,2,611E2360,0,,79.29,1,0,1
B010,2024-05-10 00:00:00,0,611H7406,0,,,1,0,0
B010,2024-05-10 00:00:00,1,611T2300,0,,,1,0,0
B010,2024-05-10 00:00:00,2,611E2360,0,,79.28,1,0,1
B010,2024-05-10 01:00:00,0,611H7406,0,,,1,0,0
B010,2024-05-10 01:00:00,1,611T2300,0,,,1,0,0
B010,2024-05-10 01:00:00,2,611E2360,0,,79.28,1,0,1
B010,2024-05-10 02:00:00,0,611H7406,0,,111.11,1,0,1
B010,2024-05-10 02:00:00,1,611T2300,0,,,1,0,0
B010,2024-05-10 02:00:00,2,611E2360,0,,79.29,1,0,1
B010,2024-05-10 03:00:00,0,611H7406,0,,111.09,1,0,1
B010,2024-05-10 03:00:00,1,611T2300,0,,,1,0,0
B010,2024-05-10 03:00:00,2,611E2360,0,,79.29,1,0,1
B010,2024-05-10 04:00:00,0,611H7406,0,,,1,0,0
B010,2024-05-10 04:00:00,1,611T2300,0,,,1,0,0
B010,2024-05-10 04:00:00,2,611E2360,0,,79.29,1,0,1
B010,2024-05-10 05:00:00,0,611H7406,0,,111.09,1,0,1
B010,2024-05-10 05:00:00,1,611T2300,0,,,1,0,0
B010,2024-05-10 05:00:00,2,611E2360,0,,79.29,1,0,1
B010,2024-05-10 06:00:00,0,611H7406,0,,111.09,1,0,1
B010,2024-05-10 06:00:00,1,611T2300,0,,,1,0,0
B010,2024-05-10 06:00:00,2,611E2360,0,,79.28,1,0,1
B010,2024-05-10 07:00:00,0,611H7406,0,,111.11,1,0,1
B010,2024-05-10 07:00:00,1,611T2300,0,,,1,0,0
B010,2024-05-10 07:00:00,2,611E2360,0,,79.28,1,0,1
B010,2024-05-10 08:00:00,0,611H7406,0,,,1,0,0
B010,2024-05-10 08:00:00,1,611T2300,0,,,1,0,0
B010,2024-05-10 08:00:00,2,611E2360,0,,79.28,1,0,1
B010,2024-05-10 09:00:00,0,611H7406,0,,111.09,1,0,1
B010,2024-05-10 09:00:00,1,611T2300,0,,,1,0,0
B010,2024-05-10 09:00:00,2,611E2360,0,,79.28,1,0,1
B010,2024-05-10 10:00:00,0,611H7406,0,,,1,0,0
B010,2024-05-10 10:00:00,1,611T2300,0,,,1,0,0
B010,2024-05-10 10:00:00,2,611E2360,0,,79.27,1,0,1
B010,2024-05-10 11:00:00,0,611H7406,0,,111.09,1,0,1
B010,2024-05-10 11:00:00,1,611T2300,0,,,1,0,0
B010,2024-05-10 11:00:00,2,611E2360,0,,79.26,1,0,1
B010,2024-05-10 12:00:00,0,611H7406,0,,111.09,1,0,1
B010,2024-05-10 12:00:00,1,611T2300,0,,,1,0,0
B010,2024-05-10 12:00:00,2,611E2360,0,,79.26,1,0,1
B010,2024-05-10 13:00:00,0,611H7406,0,,,1,0,0
B010,2024-05-10 13:00:00,1,611T2300,0,,,1,0,0
B010,2024-05-10 13:00:00,2,611E2360,0,,79.27,1,0,1
B010,2024-05-10 14:00:00,0,611H7406,0.104406503,,111.07,1,0,1
B010,2024-05-10 14:00:00,1,611T2300,0.0457965649,,,1,0,0
B010,2024-05-10 14:00:00,2,611E2360,0.0008694181475,,79.28,1,0,1
B010,2024-05-10 15:00:00,0,611H7406,0.02226676891,,,1,0,0
B010,2024-05-10 15:00:00,1,611T2300,0.117388257,,,1,0,0
B010,2024-05-10 15:00:00,2,611E2360,0.1012941927,,79.28,1,0,1
B010,2024-05-10 16:00:00,0,611H7406,0.06101535089,,111.07,1,0,1
B010,2024-05-10 16:00:00,1,611T2300,0.0367336111,,,1,0,0
B010,2024-05-10 16:00:00,2,611E2360,0.2341112086,,79.28,1,0,1
B010,2024-05-10 17:00:00,0,611H7406,0,,111.07,1,0,1
B010,2024-05-10 17:00:00,1,611T2300,0.001418231228,,,1,0,0
B010,2024-05-10 17:00:00,2,611E2360,0,,79.28,1,0,1
B010,2024-05-10 18:00:00,0,611H7406,0,,,1,0,0
B010,2024-05-10 18:00:00,1,611T2300,0,,,1,0,0
B010,2024-05-10 18:00:00,2,611E2360,0,,79.28,1,0,1
B010,2024-05-10 19:00:00,0,611H7406,0,,111.09,1,0,1
B010,2024-05-10 19:00:00,1,611T2300,0,,,1,0,0
B010,2024-05-10 19:00:00,2,611E2360,0,,79.28,1,0,1
B010,2024-05-10 20:00:00,0,611H7406,0,,111.11,1,0,1
B010,2024-05-10 20:00:00,1,611T2300,0,,,1,0,0
B010,2024-05-10 20:00:00,2,611E2360,0,,79.28,1,0,1
B010,2024-05-10 21:00:00,0,611H7406,0,,111.07,1,0,1
B010,2024-05-10 21:00:00,1,611T2300,0,,,1,0,0
B010,2024-05-10 21:00:00,2,611E2360,0,,79.28,1,0,1
B010,2024-05-10 22:00:00,0,611H7406,0,,111.05,1,0,1
B010,2024-05-10 22:00:00,1,611T2300,0,,,1,0,0
B010,2024-05-10 22:00:00,2,611E2360,0,,79.28,1,0,1
B010,2024-05-10 23:00:00,0,611H7406,0,,111.05,1,0,1
B010,2024-05-10 23:00:00,1,611T2300,0,,,1,0,0
B010,2024-05-10 23:00:00,2,611E2360,0,,79.28,1,0,1
B010,2024-05-11 00:00:00,0,611H7406,0,,,1,0,0
B010,2024-05-11 00:00:00,1,611T2300,0,,,1,0,0
B010,2024-05-11 00:00:00,2,611E2360,0,,79.28,1,0,1
B010,2024-05-11 01:00:00,0,611H7406,0,,,1,0,0
B010,2024-05-11 01:00:00,1,611T2300,0,,,1,0,0
B010,2024-05-11 01:00:00,2,611E2360,0,,79.28,1,0,1
B010,2024-05-11 02:00:00,0,611H7406,0,,111.05,1,0,1
B010,2024-05-11 02:00:00,1,611T2300,0,,,1,0,0
B010,2024-05-11 02:00:00,2,611E2360,0,,79.28,1,0,1
B010,2024-05-11 03:00:00,0,611H7406,0,,,1,0,0
B010,2024-05-11 03:00:00,1,611T2300,0,,,1,0,0
B010,2024-05-11 03:00:00,2,611E2360,0,,79.28,1,0,1
B010,2024-05-11 04:00:00,0,611H7406,0,,111.05,1,0,1
B010,2024-05-11 04:00:00,1,611T2300,0,,,1,0,0
B010,2024-05-11 04:00:00,2,611E2360,0,,79.28,1,0,1
B010,2024-05-11 05:00:00,0,611H7406,0,,111.05,1,0,1
B010,2024-05-11 05:00:00,1,611T2300,0,,,1,0,0
B010,2024-05-11 05:00:00,2,611E2360,0,,79.28,1,0,1
B010,2024-05-11 06:00:00,0,611H7406,0.1934735786,,111.05,1,0,1
B010,2024-05-11 06:00:00,1,611T2300,0.1227748505,,,1,0,0
B010,2024-05-11 06:00:00,2,611E2360,0.1275610859,,79.28,1,0,1
B010,2024-05-11 07:00:00,0,611H7406,0.5184492772,,111.05,1,0,1
B010,2024-05-11 07:00:00,1,611T2300,0.07888455384,,,1,0,0
B010,2024-05-11 07:00:00,2,611E2360,0.3248341888,,79.28,1,0,1
B010,2024-05-11 08:00:00,0,611H7406,8.855372367e-06,,111.05,1,0,1
B010,2024-05-11 08:00:00,1,611T2300,0,,,1,0,0
B010,2024-05-11 08:00:00,2,611E2360,0.180634623,,79.28,1,0,1
B010,2024-05-11 09:00:00,0,611H7406,2.951790789e-06,,111.05,1,0,1
B010,2024-05-11 09:00:00,1,611T2300,0,,,1,0,0
B010,2024-05-11 09:00:00,2,611E2360,0.05128729518,,79.27,1,0,1
B010,2024-05-11 10:00:00,0,611H7406,0,,111.05,1,0,1
B010,2024-05-11 10:00:00,1,611T2300,0,,,1,0,0
B010,2024-05-11 10:00:00,2,611E2360,0,,79.26,1,0,1
B010,2024-05-11 11:00:00,0,611H7406,0,,111.35,1,0,1
B010,2024-05-11 11:00:00,1,611T2300,0,,,1,0,0
B010,2024-05-11 11:00:00,2,611E2360,0,,79.26,1,0,1
B010,2024-05-11 12:00:00,0,611H7406,5.133138474,,111.05,1,0,1
B010,2024-05-11 12:00:00,1,611T2300,3.096918747,,,1,0,0
B010,2024-05-11 12:00:00,2,611E2360,3.135985621,,79.26,1,0,1
B010,2024-05-11 13:00:00,0,611H7406,13.70570164,,111.05,1,0,1
B010,2024-05-11 13:00:00,1,611T2300,9.224858497,,,1,0,0
B010,2024-05-11 13:00:00,2,611E2360,6.207125127,,79.26,1,0,1
B010,2024-05-11 14:00:00,0,611H7406,8.475208673,,111.49,1,0,1
B010,2024-05-11 14:00:00,1,611T2300,4.462857816,,,1,0,0
B010,2024-05-11 14:00:00,2,611E2360,17.15238783,,79.26,1,0,1
B010,2024-05-11 15:00:00,0,611H7406,1.361300315,,112.36,1,0,1
B010,2024-05-11 15:00:00,1,611T2300,0.5309712105,,,1,0,0
B010,2024-05-11 15:00:00,2,611E2360,2.425344888,,79.34,1,0,1
B010,2024-05-11 16:00:00,0,611H7406,0.1688991058,,112.17,1,0,1
B010,2024-05-11 16:00:00,1,611T2300,0.1409999623,,,1,0,0
B010,2024-05-11 16:00:00,2,611E2360,0.5673478982,,80.02,1,0,1
B010,2024-05-11 17:00:00,0,611H7406,0.04966334341,,112.04,1,0,1
B010,2024-05-11 17:00:00,1,611T2300,0.03690023552,,,1,0,0
B010,2024-05-11 17:00:00,2,611E2360,0.1790305493,,,1,0,0
B010,2024-05-11 18:00:00,0,611H7406,0,,111.96,1,0,1
B010,2024-05-11 18:00:00,1,611T2300,9.106334544e-05,,,1,0,0
B010,2024-05-11 18:00:00,2,611E2360,0,,80.34,1,0,1
B010,2024-05-11 19:00:00,0,611H7406,0,,111.88,1,0,1
B010,2024-05-11 19:00:00,1,611T2300,0,,,1,0,0
B010,2024-05-11 19:00:00,2,611E2360,0,,80.38,1,0,1
B010,2024-05-11 20:00:00,0,611H7406,0,,111.82,1,0,1
B010,2024-05-11 20:00:00,1,611T2300,0,,,1,0,0
B010,2024-05-11 20:00:00,2,611E2360,0,,80.24,1,0,1
B010,2024-05-11 21:00:00,0,611H7406,0,,111.78,1,0,1
B010,2024-05-11 21:00:00,1,611T2300,0.002396648001,,,1,0,0
B010,2024-05-11 21:00:00,2,611E2360,0.1208456774,,80.11,1,0,1
B010,2024-05-11 22:00:00,0,611H7406,0,,111.76,1,0,1
B010,2024-05-11 22:00:00,1,611T2300,0,,,1,0,0
B010,2024-05-11 22:00:00,2,611E2360,0,,80.01,1,0,1
B010,2024-05-11 23:00:00,0,611H7406,0,,111.72,1,0,1
B010,2024-05-11 23:00:00,1,611T2300,0.09958211358,,,1,0,0
B010,2024-05-11 23:00:00,2,611E2360,0,,79.94,1,0,1
B010,2024-05-12 00:00:00,0,611H7406,0,,111.7,1,0,1
B010,2024-05-12 00:00:00,1,611T2300,0.07371473365,,,1,0,0
B010,2024-05-12 00:00:00,2,611E2360,0,,79.87,1,0,1
B010,2024-05-12 01:00:00,0,611H7406,0,,111.68,1,0,1
B010,2024-05-12 01:00:00,1,611T2300,0,,,1,0,0
B010,2024-05-12 01:00:00,2,611E2360,0,,79.82,1,0,1
B010,2024-05-12 02:00:00,0,611H7406,0,,111.66,1,0,1
B010,2024-05-12 02:00:00,1,611T2300,0,,,1,0,0
B010,2024-05-12 02:00:00,2,611E2360,0,,79.77,1,0,1
B010,2024-05-12 03:00:00,0,611H7406,0,,111.64,1,0,1
B010,2024-05-12 03:00:00,1,611T2300,0,,,1,0,0
B010,2024-05-12 03:00:00,2,611E2360,0,,79.73,1,0,1
B010,2024-05-12 04:00:00,0,611H7406,0,,111.64,1,0,1
B010,2024-05-12 04:00:00,1,611T2300,0,,,1,0,0
B010,2024-05-12 04:00:00,2,611E2360,0,,79.7,1,0,1
B010,2024-05-12 05:00:00,0,611H7406,0,,111.62,1,0,1
B010,2024-05-12 05:00:00,1,611T2300,0,,,1,0,0
B010,2024-05-12 05:00:00,2,611E2360,0,,79.67,1,0,1
B010,2024-05-12 06:00:00,0,611H7406,0,,111.62,1,0,1
B010,2024-05-12 06:00:00,1,611T2300,0,,,1,0,0
B010,2024-05-12 06:00:00,2,611E2360,0,,79.66,1,0,1
B010,2024-05-12 07:00:00,0,611H7406,11.27938827,,111.62,1,0,1
B010,2024-05-12 07:00:00,1,611T2300,0.7669830829,,,1,0,0
B010,2024-05-12 07:00:00,2,611E2360,16.84557245,,79.64,1,0,1
B010,2024-05-12 08:00:00,0,611H7406,0,,111.6,1,0,1
B010,2024-05-12 08:00:00,1,611T2300,0,,,1,0,0
B010,2024-05-12 08:00:00,2,611E2360,0,,79.62,1,0,1
B010,2024-05-12 09:00:00,0,611H7406,0,,111.58,1,0,1
B010,2024-05-12 09:00:00,1,611T2300,0,,,1,0,0
B010,2024-05-12 09:00:00,2,611E2360,0,,79.59,1,0,1
B010,2024-05-12 10:00:00,0,611H7406,0,,111.56,1,0,1
B010,2024-05-12 10:00:00,1,611T2300,0,,,1,0,0
B010,2024-05-12 10:00:00,2,611E2360,0,,,1,0,0
B010,2024-05-12 11:00:00,0,611H7406,0,,,1,0,0
B010,2024-05-12 11:00:00,1,611T2300,0,,,1,0,0
B010,2024-05-12 11:00:00,2,611E2360,0,,79.58,1,0,1
B010,2024-05-12 12:00:00,0,611H7406,0,,111.54,1,0,1
B010,2024-05-12 12:00:00,1,611T2300,0,,,1,0,0
B010,2024-05-12 12:00:00,2,611E2360,0,,79.56,1,0,1
B010,2024-05-12 13:00:00,0,611H7406,0,,,1,0,0
B010,2024-05-12 13:00:00,1,611T2300,0,,,1,0,0
B010,2024-05-12 13:00:00,2,611E2360,0,,79.54,1,0,1
B010,2024-05-12 14:00:00,0,611H7406,0,,111.52,1,0,1
B010,2024-05-12 14:00:00,1,611T2300,0,,,1,0,0
B010,2024-05-12 14:00:00,2,611E2360,0,,79.53,1,0,1
B010,2024-05-12 15:00:00,0,611H7406,0,,111.52,1,0,1
B010,2024-05-12 15:00:00,1,611T2300,0,,,1,0,0
B010,2024-05-12 15:00:00,2,611E2360,0,,79.51,1,0,1
B010,2024-05-12 16:00:00,0,611H7406,0,,,1,0,0
B010,2024-05-12 16:00:00,1,611T2300,0,,,1,0,0
B010,2024-05-12 16:00:00,2,611E2360,0,,79.5,1,0,1
B010,2024-05-12 17:00:00,0,611H7406,0,,111.5,1,0,1
B010,2024-05-12 17:00:00,1,611T2300,0,,,1,0,0
B010,2024-05-12 17:00:00,2,611E2360,0,,79.49,1,0,1
B010,2024-05-12 18:00:00,0,611H7406,0,,111.5,1,0,1
B010,2024-05-12 18:00:00,1,611T2300,0,,,1,0,0
B010,2024-05-12 18:00:00,2,611E2360,0,,79.48,1,0,1
B010,2024-05-12 19:00:00,0,611H7406,0,,111.5,1,0,1
B010,2024-05-12 19:00:00,1,611T2300,0,,,1,0,0
B010,2024-05-12 19:00:00,2,611E2360,0,,79.47,1,0,1
B010,2024-05-12 20:00:00,0,611H7406,0,,111.48,1,0,1
B010,2024-05-12 20:00:00,1,611T2300,0,,,1,0,0
B010,2024-05-12 20:00:00,2,611E2360,0,,79.46,1,0,1
B010,2024-05-12 21:00:00,0,611H7406,0,,111.48,1,0,1
B010,2024-05-12 21:00:00,1,611T2300,0,,,1,0,0
B010,2024-05-12 21:00:00,2,611E2360,0,,79.45,1,0,1
B010,2024-05-12 22:00:00,0,611H7406,0,,,1,0,0
B010,2024-05-12 22:00:00,1,611T2300,0,,,1,0,0
B010,2024-05-12 22:00:00,2,611E2360,0.03128222463,,79.45,1,0,1
B010,2024-05-12 23:00:00,0,611H7406,0,,111.46,1,0,1
B010,2024-05-12 23:00:00,1,611T2300,0,,,1,0,0
B010,2024-05-12 23:00:00,2,611E2360,0,,79.44,1,0,1
B010,2024-05-13 00:00:00,0,611H7406,0,,111.46,1,0,1
B010,2024-05-13 00:00:00,1,611T2300,0,,,1,0,0
B010,2024-05-13 00:00:00,2,611E2360,0,,,1,0,0
B010,2024-05-13 01:00:00,0,611H7406,0,,,1,0,0
B010,2024-05-13 01:00:00,1,611T2300,0,,,1,0,0
B010,2024-05-13 01:00:00,2,611E2360,0,,79.44,1,0,1
B010,2024-05-13 02:00:00,0,611H7406,0,,111.46,1,0,1
B010,2024-05-13 02:00:00,1,611T2300,0,,,1,0,0
B010,2024-05-13 02:00:00,2,611E2360,0,,79.43,1,0,1
B010,2024-05-13 03:00:00,0,611H7406,0,,111.46,1,0,1
B010,2024-05-13 03:00:00,1,611T2300,0,,,1,0,0
B010,2024-05-13 03:00:00,2,611E2360,0,,79.43,1,0,1
B010,2024-05-13 04:00:00,0,611H7406,0,,111.46,1,0,1
B010,2024-05-13 04:00:00,1,611T2300,0,,,1,0,0
B010,2024-05-13 04:00:00,2,611E2360,0,,79.42,1,0,1
B010,2024-05-13 05:00:00,0,611H7406,0,,111.46,1,0,1
B010,2024-05-13 05:00:00,1,611T2300,0,,,1,0,0
B010,2024-05-13 05:00:00,2,611E2360,0,,79.42,1,0,1
B010,2024-05-13 06:00:00,0,611H7406,0,,111.46,1,0,1
B010,2024-05-13 06:00:00,1,611T2300,0,,,1,0,0
B010,2024-05-13 06:00:00,2,611E2360,0,,79.41,1,0,1
B010,2024-05-13 07:00:00,0,611H7406,0,,111.46,1,0,1
B010,2024-05-13 07:00:00,1,611T2300,0,,,1,0,0
B010,2024-05-13 07:00:00,2,611E2360,0.03128222463,,79.41,1,0,1
B010,2024-05-13 08:00:00,0,611H7406,0,,111.44,1,0,1
B010,2024-05-13 08:00:00,1,611T2300,0,,,1,0,0
B010,2024-05-13 08:00:00,2,611E2360,0,,79.41,1,0,1
B010,2024-05-13 09:00:00,0,611H7406,0,,111.44,1,0,1
B010,2024-05-13 09:00:00,1,611T2300,0,,,1,0,0
B010,2024-05-13 09:00:00,2,611E2360,0,,79.41,1,0,1
B010,2024-05-13 10:00:00,0,611H7406,0,,111.41,1,0,1
B010,2024-05-13 10:00:00,1,611T2300,0,,,1,0,0
B010,2024-05-13 10:00:00,2,611E2360,0,,79.4,1,0,1
B010,2024-05-13 11:00:00,0,611H7406,0,,111.4,1,0,1
B010,2024-05-13 11:00:00,1,611T2300,0,,,1,0,0
B010,2024-05-13 11:00:00,2,611E2360,0,,79.4,1,0,1
B010,2024-05-13 12:00:00,0,611H7406,0,,111.33,1,0,1
B010,2024-05-13 12:00:00,1,611T2300,0,,,1,0,0
B010,2024-05-13 12:00:00,2,611E2360,0,,,1,0,0
B010,2024-05-13 13:00:00,0,611H7406,0,,111.29,1,0,1
B010,2024-05-13 13:00:00,1,611T2300,0,,,1,0,0
B010,2024-05-13 13:00:00,2,611E2360,0,,79.39,1,0,1
B010,2024-05-13 14:00:00,0,611H7406,0,,111.25,1,0,1
B010,2024-05-13 14:00:00,1,611T2300,0,,,1,0,0
B010,2024-05-13 14:00:00,2,611E2360,0,,79.39,1,0,1
B010,2024-05-13 15:00:00,0,611H7406,0,,111.23,1,0,1
B010,2024-05-13 15:00:00,1,611T2300,0,,,1,0,0
B010,2024-05-13 15:00:00,2,611E2360,0,,79.39,1,0,1
B010,2024-05-13 16:00:00,0,611H7406,0,,111.21,1,0,1
B010,2024-05-13 16:00:00,1,611T2300,0,,,1,0,0
B010,2024-05-13 16:00:00,2,611E2360,0,,79.39,1,0,1
B010,2024-05-13 17:00:00,0,611H7406,0,,111.19,1,0,1
B010,2024-05-13 17:00:00,1,611T2300,0,,,1,0,0
B010,2024-05-13 17:00:00,2,611E2360,0,,79.38,1,0,1
B010,2024-05-13 18:00:00,0,611H7406,0,,111.05,1,0,1
B010,2024-05-13 18:00:00,1,611T2300,0,,,1,0,0
B010,2024-05-13 18:00:00,2,611E2360,0,,79.38,1,0,1
B010,2024-05-13 19:00:00,0,611H7406,0,,111.05,1,0,1
B010,2024-05-13 19:00:00,1,611T2300,0,,,1,0,0
B010,2024-05-13 19:00:00,2,611E2360,0,,79.37,1,0,1
B010,2024-05-13 20:00:00,0,611H7406,0,,111.05,1,0,1
B010,2024-05-13 20:00:00,1,611T2300,0,,,1,0,0
B010,2024-05-13 20:00:00,2,611E2360,0,,79.37,1,0,1
B010,2024-05-13 21:00:00,0,611H7406,0,,111.05,1,0,1
B010,2024-05-13 21:00:00,1,611T2300,0,,,1,0,0
B010,2024-05-13 21:00:00,2,611E2360,0,,79.37,1,0,1
B010,2024-05-13 22:00:00,0,611H7406,0,,111.05,1,0,1
B010,2024-05-13 22:00:00,1,611T2300,0,,,1,0,0
B010,2024-05-13 22:00:00,2,611E2360,0,,79.36,1,0,1
B010,2024-05-13 23:00:00,0,611H7406,0,,111.07,1,0,1
B010,2024-05-13 23:00:00,1,611T2300,0,,,1,0,0
B010,2024-05-13 23:00:00,2,611E2360,0,,79.35,1,0,1
B010,2024-05-14 00:00:00,0,611H7406,0,,111.09,1,0,1
B010,2024-05-14 00:00:00,1,611T2300,0,,,1,0,0
B010,2024-05-14 00:00:00,2,611E2360,0,,79.34,1,0,1
B010,2024-05-14 01:00:00,0,611H7406,0,,,1,0,0
B010,2024-05-14 01:00:00,1,611T2300,0,,,1,0,0
B010,2024-05-14 01:00:00,2,611E2360,0,,79.33,1,0,1
B010,2024-05-14 02:00:00,0,611H7406,0,,111.09,1,0,1
B010,2024-05-14 02:00:00,1,611T2300,0,,,1,0,0
B010,2024-05-14 02:00:00,2,611E2360,0,,79.33,1,0,1
B010,2024-05-14 03:00:00,0,611H7406,0,,,1,0,0
B010,2024-05-14 03:00:00,1,611T2300,0,,,1,0,0
B010,2024-05-14 03:00:00,2,611E2360,0,,79.32,1,0,1
B010,2024-05-14 04:00:00,0,611H7406,0,,111.09,1,0,1
B010,2024-05-14 04:00:00,1,611T2300,0,,,1,0,0
B010,2024-05-14 04:00:00,2,611E2360,0,,79.32,1,0,1
B010,2024-05-14 05:00:00,0,611H7406,0,,,1,0,0
B010,2024-05-14 05:00:00,1,611T2300,0,,,1,0,0
B010,2024-05-14 05:00:00,2,611E2360,0,,79.33,1,0,1
B010,2024-05-14 06:00:00,0,611H7406,0,,111.09,1,0,1
B010,2024-05-14 06:00:00,1,611T2300,0,,,1,0,0
B010,2024-05-14 06:00:00,2,611E2360,0,,79.34,1,0,1
B010,2024-05-14 07:00:00,0,611H7406,0,,111.09,1,0,1
B010,2024-05-14 07:00:00,1,611T2300,0,,,1,0,0
B010,2024-05-14 07:00:00,2,611E2360,0,,79.34,1,0,1
B010,2024-05-14 08:00:00,0,611H7406,0,,111.09,1,0,1
B010,2024-05-14 08:00:00,1,611T2300,0,,,1,0,0
B010,2024-05-14 08:00:00,2,611E2360,0,,79.34,1,0,1
B010,2024-05-24 16:00:00,0,611H7406,0,,111.04,1,0,1
B010,2024-05-24 16:00:00,1,611T2300,0,,,1,0,0
B010,2024-05-24 16:00:00,2,611E2360,0,,79.22,1,0,1
B010,2024-05-24 17:00:00,0,611H7406,0,,111.04,1,0,1
B010,2024-05-24 17:00:00,1,611T2300,0,,,1,0,0
B010,2024-05-24 17:00:00,2,611E2360,0,,79.22,1,0,1
B010,2024-05-24 18:00:00,0,611H7406,0,,111.04,1,0,1
B010,2024-05-24 18:00:00,1,611T2300,0,,,1,0,0
B010,2024-05-24 18:00:00,2,611E2360,0,,79.22,1,0,1
B010,2024-05-24 19:00:00,0,611H7406,0,,,1,0,0
B010,2024-05-24 19:00:00,1,611T2300,0,,,1,0,0
B010,2024-05-24 19:00:00,2,611E2360,0,,79.22,1,0,1
B010,2024-05-24 20:00:00,0,611H7406,0,,111.04,1,0,1
B010,2024-05-24 20:00:00,1,611T2300,0,,,1,0,0
B010,2024-05-24 20:00:00,2,611E2360,0,,79.21,1,0,1
B010,2024-05-24 21:00:00,0,611H7406,0,,,1,0,0
B010,2024-05-24 21:00:00,1,611T2300,0,,,1,0,0
B010,2024-05-24 21:00:00,2,611E2360,0,,79.21,1,0,1
B010,2024-05-24 22:00:00,0,611H7406,0,,111.04,1,0,1
B010,2024-05-24 22:00:00,1,611T2300,0,,,1,0,0
B010,2024-05-24 22:00:00,2,611E2360,0,,79.21,1,0,1
B010,2024-05-24 23:00:00,0,611H7406,0,,111.04,1,0,1
B010,2024-05-24 23:00:00,1,611T2300,0,,,1,0,0
B010,2024-05-24 23:00:00,2,611E2360,0,,79.2,1,0,1
B010,2024-05-25 00:00:00,0,611H7406,0,,111.04,1,0,1
B010,2024-05-25 00:00:00,1,611T2300,0,,,1,0,0
B010,2024-05-25 00:00:00,2,611E2360,0,,79.21,1,0,1
B010,2024-05-25 01:00:00,0,611H7406,0,,111.04,1,0,1
B010,2024-05-25 01:00:00,1,611T2300,0,,,1,0,0
B010,2024-05-25 01:00:00,2,611E2360,0,,79.22,1,0,1
B010,2024-05-25 02:00:00,0,611H7406,0,,111.04,1,0,1
B010,2024-05-25 02:00:00,1,611T2300,0,,,1,0,0
B010,2024-05-25 02:00:00,2,611E2360,0,,79.22,1,0,1
B010,2024-05-25 03:00:00,0,611H7406,0,,111.04,1,0,1
B010,2024-05-25 03:00:00,1,611T2300,0,,,1,0,0
B010,2024-05-25 03:00:00,2,611E2360,0,,79.22,1,0,1
B010,2024-05-25 04:00:00,0,611H7406,0,,111.04,1,0,1
B010,2024-05-25 04:00:00,1,611T2300,0,,,1,0,0
B010,2024-05-25 04:00:00,2,611E2360,0,,79.22,1,0,1
B010,2024-05-25 05:00:00,0,611H7406,0,,111.04,1,0,1
B010,2024-05-25 05:00:00,1,611T2300,0,,,1,0,0
B010,2024-05-25 05:00:00,2,611E2360,0,,79.22,1,0,1
B010,2024-05-25 06:00:00,0,611H7406,0,,111.04,1,0,1
B010,2024-05-25 06:00:00,1,611T2300,0,,,1,0,0
B010,2024-05-25 06:00:00,2,611E2360,0,,79.22,1,0,1
B010,2024-05-25 07:00:00,0,611H7406,0.1162823533,,,1,0,0
B010,2024-05-25 07:00:00,1,611T2300,0.004864676789,,,1,0,0
B010,2024-05-25 07:00:00,2,611E2360,0,,,1,0,0
B010,2024-05-25 08:00:00,0,611H7406,0,,,1,0,0
B010,2024-05-25 08:00:00,1,611T2300,0,,,1,0,0
B010,2024-05-25 08:00:00,2,611E2360,0,,79.21,1,0,1
B010,2024-05-25 09:00:00,0,611H7406,0,,,1,0,0
B010,2024-05-25 09:00:00,1,611T2300,0,,,1,0,0
B010,2024-05-25 09:00:00,2,611E2360,0,,79.21,1,0,1
B010,2024-05-25 10:00:00,0,611H7406,0,,111.04,1,0,1
B010,2024-05-25 10:00:00,1,611T2300,0,,,1,0,0
B010,2024-05-25 10:00:00,2,611E2360,0,,79.2,1,0,1
B010,2024-05-25 11:00:00,0,611H7406,0,,111.04,1,0,1
B010,2024-05-25 11:00:00,1,611T2300,0,,,1,0,0
B010,2024-05-25 11:00:00,2,611E2360,0,,79.2,1,0,1
B010,2024-05-25 12:00:00,0,611H7406,0,,111.04,1,0,1
B010,2024-05-25 12:00:00,1,611T2300,0,,,1,0,0
B010,2024-05-25 12:00:00,2,611E2360,0,,79.19,1,0,1
B010,2024-05-25 13:00:00,0,611H7406,0,,111.04,1,0,1
B010,2024-05-25 13:00:00,1,611T2300,0,,,1,0,0
B010,2024-05-25 13:00:00,2,611E2360,0,,79.19,1,0,1
B010,2024-05-25 14:00:00,0,611H7406,0,,111.04,1,0,1
B010,2024-05-25 14:00:00,1,611T2300,0,,,1,0,0
B010,2024-05-25 14:00:00,2,611E2360,0,,79.19,1,0,1
B010,2024-05-25 15:00:00,0,611H7406,0,,111.04,1,0,1
B010,2024-05-25 15:00:00,1,611T2300,0,,,1,0,0
B010,2024-05-25 15:00:00,2,611E2360,0,,79.19,1,0,1
B010,2024-05-25 16:00:00,0,611H7406,0,,111.04,1,0,1
B010,2024-05-25 16:00:00,1,611T2300,0,,,1,0,0
B010,2024-05-25 16:00:00,2,611E2360,0,,79.18,1,0,1
B010,2024-05-25 17:00:00,0,611H7406,0,,111.04,1,0,1
B010,2024-05-25 17:00:00,1,611T2300,0,,,1,0,0
B010,2024-05-25 17:00:00,2,611E2360,0,,,1,0,0
B010,2024-05-25 18:00:00,0,611H7406,0,,,1,0,0
B010,2024-05-25 18:00:00,1,611T2300,0,,,1,0,0
B010,2024-05-25 18:00:00,2,611E2360,0,,,1,0,0
B010,2024-05-25 19:00:00,0,611H7406,0,,,1,0,0
B010,2024-05-25 19:00:00,1,611T2300,0,,,1,0,0
B010,2024-05-25 19:00:00,2,611E2360,0,,,1,0,0
B010,2024-05-25 20:00:00,0,611H7406,0,,111.04,1,0,1
B010,2024-05-25 20:00:00,1,611T2300,0,,,1,0,0
B010,2024-05-25 20:00:00,2,611E2360,0,,,1,0,0
B010,2024-05-25 21:00:00,0,611H7406,0,,111.04,1,0,1
B010,2024-05-25 21:00:00,1,611T2300,0,,,1,0,0
B010,2024-05-25 21:00:00,2,611E2360,0,,79.21,1,0,1
B010,2024-05-25 22:00:00,0,611H7406,0,,111.04,1,0,1
B010,2024-05-25 22:00:00,1,611T2300,0,,,1,0,0
B010,2024-05-25 22:00:00,2,611E2360,0,,,1,0,0
B010,2024-05-25 23:00:00,0,611H7406,0,,111.04,1,0,1
B010,2024-05-25 23:00:00,1,611T2300,0,,,1,0,0
B010,2024-05-25 23:00:00,2,611E2360,0,,,1,0,0
B010,2024-05-26 00:00:00,0,611H7406,0,,,1,0,0
B010,2024-05-26 00:00:00,1,611T2300,0,,,1,0,0
B010,2024-05-26 00:00:00,2,611E2360,0,,79.21,1,0,1
B010,2024-05-26 01:00:00,0,611H7406,0,,111.04,1,0,1
B010,2024-05-26 01:00:00,1,611T2300,0,,,1,0,0
B010,2024-05-26 01:00:00,2,611E2360,0,,,1,0,0
B010,2024-05-26 02:00:00,0,611H7406,0,,111.04,1,0,1
B010,2024-05-26 02:00:00,1,611T2300,0,,,1,0,0
B010,2024-05-26 02:00:00,2,611E2360,0,,,1,0,0
B010,2024-05-26 03:00:00,0,611H7406,0,,111.04,1,0,1
B010,2024-05-26 03:00:00,1,611T2300,0,,,1,0,0
B010,2024-05-26 03:00:00,2,611E2360,0,,79.21,1,0,1
B010,2024-05-26 04:00:00,0,611H7406,0,,111.04,1,0,1
B010,2024-05-26 04:00:00,1,611T2300,0,,,1,0,0
B010,2024-05-26 04:00:00,2,611E2360,0,,79.21,1,0,1
B010,2024-05-26 05:00:00,0,611H7406,0,,111.04,1,0,1
B010,2024-05-26 05:00:00,1,611T2300,0,,,1,0,0
B010,2024-05-26 05:00:00,2,611E2360,0,,79.2,1,0,1
B010,2024-05-26 06:00:00,0,611H7406,0,,111.04,1,0,1
B010,2024-05-26 06:00:00,1,611T2300,0,,,1,0,0
B010,2024-05-26 06:00:00,2,611E2360,0,,79.19,1,0,1
B010,2024-05-26 07:00:00,0,611H7406,0,,111.04,1,0,1
B010,2024-05-26 07:00:00,1,611T2300,0,,,1,0,0
B010,2024-05-26 07:00:00,2,611E2360,0,,79.19,1,0,1
B010,2024-05-26 08:00:00,0,611H7406,0,,111.04,1,0,1
B010,2024-05-26 08:00:00,1,611T2300,0,,,1,0,0
B010,2024-05-26 08:00:00,2,611E2360,0,,79.19,1,0,1
B010,2024-05-26 09:00:00,0,611H7406,0,,111.04,1,0,1
B010,2024-05-26 09:00:00,1,611T2300,0,,,1,0,0
B010,2024-05-26 09:00:00,2,611E2360,0,,79.19,1,0,1
B010,2024-05-26 10:00:00,0,611H7406,0,,111.04,1,0,1
B010,2024-05-26 10:00:00,1,611T2300,0,,,1,0,0
B010,2024-05-26 10:00:00,2,611E2360,0,,79.18,1,0,1
B010,2024-05-26 11:00:00,0,611H7406,0,,111.04,1,0,1
B010,2024-05-26 11:00:00,1,611T2300,0,,,1,0,0
B010,2024-05-26 11:00:00,2,611E2360,0,,79.18,1,0,1
B010,2024-05-26 12:00:00,0,611H7406,0,,111.04,1,0,1
B010,2024-05-26 12:00:00,1,611T2300,0,,,1,0,0
B010,2024-05-26 12:00:00,2,611E2360,0,,79.18,1,0,1
B010,2024-05-26 13:00:00,0,611H7406,0,,111.04,1,0,1
B010,2024-05-26 13:00:00,1,611T2300,0,,,1,0,0
B010,2024-05-26 13:00:00,2,611E2360,0,,79.18,1,0,1
B010,2024-05-26 14:00:00,0,611H7406,0,,111.04,1,0,1
B010,2024-05-26 14:00:00,1,611T2300,0,,,1,0,0
B010,2024-05-26 14:00:00,2,611E2360,0,,79.18,1,0,1
B010,2024-05-26 15:00:00,0,611H7406,0,,111.04,1,0,1
B010,2024-05-26 15:00:00,1,611T2300,0,,,1,0,0
B010,2024-05-26 15:00:00,2,611E2360,0,,79.18,1,0,1
B010,2024-05-26 16:00:00,0,611H7406,0.2226705894,,111.04,1,0,1
B010,2024-05-26 16:00:00,1,611T2300,0.1293187289,,,1,0,0
B010,2024-05-26 16:00:00,2,611E2360,0.1263477659,,79.18,1,0,1
B010,2024-05-26 17:00:00,0,611H7406,0.4722502291,,111.04,1,0,1
B010,2024-05-26 17:00:00,1,611T2300,0.1105325648,,,1,0,0
B010,2024-05-26 17:00:00,2,611E2360,0.1886607909,,79.18,1,0,1
B010,2024-05-26 18:00:00,0,611H7406,2.63677988,,111.04,1,0,1
B010,2024-05-26 18:00:00,1,611T2300,1.518962323,,,1,0,0
B010,2024-05-26 18:00:00,2,611E2360,1.864556737,,79.18,1,0,1
B010,2024-05-26 19:00:00,0,611H7406,5.535511134,,111.04,1,0,1
B010,2024-05-26 19:00:00,1,611T2300,2.107887906,,,1,0,0
B010,2024-05-26 19:00:00,2,611E2360,4.929440908,,79.21,1,0,1
B010,2024-05-26 20:00:00,0,611H7406,6.315962851,,,1,0,0
B010,2024-05-26 20:00:00,1,611T2300,6.114183746,,,1,0,0
B010,2024-05-26 20:00:00,2,611E2360,5.640928895,,79.24,1,0,1
B010,2024-05-26 21:00:00,0,611H7406,15.14963878,,111.49,1,0,1
B010,2024-05-26 21:00:00,1,611T2300,13.22689491,,,1,0,0
B010,2024-05-26 21:00:00,2,611E2360,11.12285329,,79.24,1,0,1
B010,2024-05-26 22:00:00,0,611H7406,12.28485023,,112.17,1,0,1
B010,2024-05-26 22:00:00,1,611T2300,10.6577254,,,1,0,0
B010,2024-05-26 22:00:00,2,611E2360,12.64611694,,79.26,1,0,1
B010,2024-05-26 23:00:00,0,611H7406,7.835849695,,112.56,1,0,1
B010,2024-05-26 23:00:00,1,611T2300,9.354715759,,,1,0,0
B010,2024-05-26 23:00:00,2,611E2360,17.42259742,,79.32,1,0,1
B010,2024-05-27 00:00:00,0,611H7406,5.555374172,,112.76,1,0,1
B010,2024-05-27 00:00:00,1,611T2300,6.880504938,,,1,0,0
B010,2024-05-27 00:00:00,2,611E2360,11.54121079,,79.74,1,0,1
B010,2024-05-27 01:00:00,0,611H7406,2.796015911,,112.76,1,0,1
B010,2024-05-27 01:00:00,1,611T2300,1.303624888,,,1,0,0
B010,2024-05-27 01:00:00,2,611E2360,4.273258774,,81.45,1,0,1
B010,2024-05-27 02:00:00,0,611H7406,0.07594912798,,112.59,1,0,1
B010,2024-05-27 02:00:00,1,611T2300,0.6419879668,,,1,0,0
B010,2024-05-27 02:00:00,2,611E2360,1.5834581,,81.84,1,0,1
B010,2024-05-27 03:00:00,0,611H7406,0.4649963681,,112.36,1,0,1
B010,2024-05-27 03:00:00,1,611T2300,0.835705031,,,1,0,0
B010,2024-05-27 03:00:00,2,611E2360,1.349728132,,81.93,1,0,1
B010,2024-05-27 04:00:00,0,611H7406,0.3976170906,,112.26,1,0,1
B010,2024-05-27 04:00:00,1,611T2300,0.3528901186,,,1,0,0
B010,2024-05-27 04:00:00,2,611E2360,0.4274776206,,81.92,1,0,1
B010,2024-05-27 05:00:00,0,611H7406,0.083279168,,112.13,1,0,1
B010,2024-05-27 05:00:00,1,611T2300,0.02386873257,,,1,0,0
B010,2024-05-27 05:00:00,2,611E2360,0.1889914187,,81.8,1,0,1
B010,2024-05-27 06:00:00,0,611H7406,0.0222697207,,112.05,1,0,1
B010,2024-05-27 06:00:00,1,611T2300,0,,,1,0,0
B010,2024-05-27 06:00:00,2,611E2360,0.08422753787,,81.51,1,0,1
B010,2024-05-27 07:00:00,0,611H7406,23.95416774,,111.96,1,0,1
B010,2024-05-27 07:00:00,1,611T2300,15.97142812,,,1,0,0
B010,2024-05-27 07:00:00,2,611E2360,0.4507452828,,81.26,1,0,1
B010,2024-05-27 08:00:00,0,611H7406,0.1054161367,,111.9,1,0,1
B010,2024-05-27 08:00:00,1,611T2300,0.01499297208,,,1,0,0
B010,2024-05-27 08:00:00,2,611E2360,0.009086867199,,81.17,1,0,1
B010,2024-05-27 09:00:00,0,611H7406,0.1162823533,,111.84,1,0,1
B010,2024-05-27 09:00:00,1,611T2300,0.004864676789,,,1,0,0
B010,2024-05-27 09:00:00,2,611E2360,0,,81.06,1,0,1
B010,2024-05-27 10:00:00,0,611H7406,0,,111.8,1,0,1
B010,2024-05-27 10:00:00,1,611T2300,9.106334544e-05,,,1,0,0
B010,2024-05-27 10:00:00,2,611E2360,0,,80.95,1,0,1
B010,2024-05-27 11:00:00,0,611H7406,0,,111.76,1,0,1
B010,2024-05-27 11:00:00,1,611T2300,0,,,1,0,0
B010,2024-05-27 11:00:00,2,611E2360,0,,80.83,1,0,1
B010,2024-05-27 12:00:00,0,611H7406,0,,111.72,1,0,1
B010,2024-05-27 12:00:00,1,611T2300,0,,,1,0,0
B010,2024-05-27 12:00:00,2,611E2360,0,,80.72,1,0,1
B010,2024-05-27 13:00:00,0,611H7406,0,,111.7,1,0,1
B010,2024-05-27 13:00:00,1,611T2300,0,,,1,0,0
B010,2024-05-27 13:00:00,2,611E2360,0,,80.6,1,0,1
B010,2024-05-27 14:00:00,0,611H7406,0,,111.66,1,0,1
B010,2024-05-27 14:00:00,1,611T2300,0,,,1,0,0
B010,2024-05-27 14:00:00,2,611E2360,0,,80.49,1,0,1
B010,2024-05-27 15:00:00,0,611H7406,0,,111.64,1,0,1
B010,2024-05-27 15:00:00,1,611T2300,0,,,1,0,0
B010,2024-05-27 15:00:00,2,611E2360,0,,80.39,1,0,1
B010,2024-05-27 16:00:00,0,611H7406,0,,111.64,1,0,1
B010,2024-05-27 16:00:00,1,611T2300,0,,,1,0,0
B010,2024-05-27 16:00:00,2,611E2360,0,,80.3,1,0,1
B010,2024-05-27 17:00:00,0,611H7406,0,,111.6,1,0,1
B010,2024-05-27 17:00:00,1,611T2300,0,,,1,0,0
B010,2024-05-27 17:00:00,2,611E2360,0,,80.22,1,0,1
B010,2024-05-27 18:00:00,0,611H7406,0,,111.58,1,0,1
B010,2024-05-27 18:00:00,1,611T2300,0,,,1,0,0
B010,2024-05-27 18:00:00,2,611E2360,0,,80.16,1,0,1
B010,2024-05-27 19:00:00,0,611H7406,0,,111.56,1,0,1
B010,2024-05-27 19:00:00,1,611T2300,0,,,1,0,0
B010,2024-05-27 19:00:00,2,611E2360,0,,80.13,1,0,1
B010,2024-05-27 20:00:00,0,611H7406,0,,111.56,1,0,1
B010,2024-05-27 20:00:00,1,611T2300,0,,,1,0,0
B010,2024-05-27 20:00:00,2,611E2360,0,,80.11,1,0,1
B010,2024-05-27 21:00:00,0,611H7406,0,,111.54,1,0,1
B010,2024-05-27 21:00:00,1,611T2300,0,,,1,0,0
B010,2024-05-27 21:00:00,2,611E2360,0,,80.09,1,0,1
B010,2024-05-27 22:00:00,0,611H7406,0,,,1,0,0
B010,2024-05-27 22:00:00,1,611T2300,0,,,1,0,0
B010,2024-05-27 22:00:00,2,611E2360,0,,80.08,1,0,1
B010,2024-05-27 23:00:00,0,611H7406,0,,111.52,1,0,1
B010,2024-05-27 23:00:00,1,611T2300,0,,,1,0,0
B010,2024-05-27 23:00:00,2,611E2360,0,,80.06,1,0,1
B010,2024-05-28 00:00:00,0,611H7406,0,,,1,0,0
B010,2024-05-28 00:00:00,1,611T2300,0,,,1,0,0
B010,2024-05-28 00:00:00,2,611E2360,0,,80.04,1,0,1
B010,2024-05-28 01:00:00,0,611H7406,0,,111.5,1,0,1
B010,2024-05-28 01:00:00,1,611T2300,0,,,1,0,0
B010,2024-05-28 01:00:00,2,611E2360,0,,80.02,1,0,1
B010,2024-05-28 02:00:00,0,611H7406,0,,111.5,1,0,1
B010,2024-05-28 02:00:00,1,611T2300,0,,,1,0,0
B010,2024-05-28 02:00:00,2,611E2360,0,,79.99,1,0,1
B010,2024-05-28 03:00:00,0,611H7406,0,,,1,0,0
B010,2024-05-28 03:00:00,1,611T2300,0,,,1,0,0
B010,2024-05-28 03:00:00,2,611E2360,0,,79.97,1,0,1
B010,2024-05-28 04:00:00,0,611H7406,0,,111.48,1,0,1
B010,2024-05-28 04:00:00,1,611T2300,0,,,1,0,0
B010,2024-05-28 04:00:00,2,611E2360,0,,79.94,1,0,1
B010,2024-05-28 05:00:00,0,611H7406,0,,111.48,1,0,1
B010,2024-05-28 05:00:00,1,611T2300,0,,,1,0,0
B010,2024-05-28 05:00:00,2,611E2360,0,,79.92,1,0,1
B010,2024-05-28 06:00:00,0,611H7406,0,,111.46,1,0,1
B010,2024-05-28 06:00:00,1,611T2300,0,,,1,0,0
B010,2024-05-28 06:00:00,2,611E2360,0,,79.91,1,0,1
B010,2024-05-28 07:00:00,0,611H7406,0.1162823533,,,1,0,0
B010,2024-05-28 07:00:00,1,611T2300,0.004864676789,,,1,0,0
B010,2024-05-28 07:00:00,2,611E2360,0,,79.89,1,0,1
B010,2024-05-28 08:00:00,0,611H7406,0,,111.44,1,0,1
B010,2024-05-28 08:00:00,1,611T2300,0,,,1,0,0
B010,2024-05-28 08:00:00,2,611E2360,0,,79.87,1,0,1
B010,2024-05-28 09:00:00,0,611H7406,0,,111.44,1,0,1
B010,2024-05-28 09:00:00,1,611T2300,0,,,1,0,0
B010,2024-05-28 09:00:00,2,611E2360,0,,79.85,1,0,1
B010,2024-05-28 10:00:00,0,611H7406,0,,111.42,1,0,1
B010,2024-05-28 10:00:00,1,611T2300,0,,,1,0,0
B010,2024-05-28 10:00:00,2,611E2360,0,,79.85,1,0,1
B010,2024-05-28 11:00:00,0,611H7406,0,,111.42,1,0,1
B010,2024-05-28 11:00:00,1,611T2300,0,,,1,0,0
B010,2024-05-28 11:00:00,2,611E2360,0,,79.83,1,0,1
B010,2024-05-28 12:00:00,0,611H7406,0,,111.4,1,0,1
B010,2024-05-28 12:00:00,1,611T2300,0,,,1,0,0
B010,2024-05-28 12:00:00,2,611E2360,0,,79.82,1,0,1
B010,2024-05-28 13:00:00,0,611H7406,0,,,1,0,0
B010,2024-05-28 13:00:00,1,611T2300,0,,,1,0,0
B010,2024-05-28 13:00:00,2,611E2360,0,,79.81,1,0,1
B010,2024-05-28 14:00:00,0,611H7406,0,,111.4,1,0,1
B010,2024-05-28 14:00:00,1,611T2300,0,,,1,0,0
B010,2024-05-28 14:00:00,2,611E2360,0,,79.79,1,0,1
B010,2024-05-28 15:00:00,0,611H7406,0,,111.38,1,0,1
B010,2024-05-28 15:00:00,1,611T2300,0,,,1,0,0
B010,2024-05-28 15:00:00,2,611E2360,0,,79.78,1,0,1
B010,2024-05-28 16:00:00,0,611H7406,0,,,1,0,0
B010,2024-05-28 16:00:00,1,611T2300,0,,,1,0,0
B010,2024-05-28 16:00:00,2,611E2360,0,,79.77,1,0,1
B010,2024-05-28 17:00:00,0,611H7406,0,,111.36,1,0,1
B010,2024-05-28 17:00:00,1,611T2300,0,,,1,0,0
B010,2024-05-28 17:00:00,2,611E2360,0,,79.76,1,0,1
B010,2024-05-28 18:00:00,0,611H7406,0,,111.36,1,0,1
B010,2024-05-28 18:00:00,1,611T2300,0,,,1,0,0
B010,2024-05-28 18:00:00,2,611E2360,0,,79.75,1,0,1
B010,2024-05-28 19:00:00,0,611H7406,0,,111.36,1,0,1
B010,2024-05-28 19:00:00,1,611T2300,0,,,1,0,0
B010,2024-05-28 19:00:00,2,611E2360,0,,79.74,1,0,1
B010,2024-05-28 20:00:00,0,611H7406,0,,111.34,1,0,1
B010,2024-05-28 20:00:00,1,611T2300,0,,,1,0,0
B010,2024-05-28 20:00:00,2,611E2360,0,,79.73,1,0,1
B010,2024-05-28 21:00:00,0,611H7406,0,,,1,0,0
B010,2024-05-28 21:00:00,1,611T2300,0,,,1,0,0
B010,2024-05-28 21:00:00,2,611E2360,0,,79.72,1,0,1
B010,2024-05-28 22:00:00,0,611H7406,0,,111.34,1,0,1
B010,2024-05-28 22:00:00,1,611T2300,0,,,1,0,0
B010,2024-05-28 22:00:00,2,611E2360,0,,79.71,1,0,1
B010,2024-05-28 23:00:00,0,611H7406,0,,111.34,1,0,1
B010,2024-05-28 23:00:00,1,611T2300,0,,,1,0,0
B010,2024-05-28 23:00:00,2,611E2360,0,,79.69,1,0,1
B010,2024-05-29 00:00:00,0,611H7406,0,,,1,0,0
B010,2024-05-29 00:00:00,1,611T2300,0,,,1,0,0
B010,2024-05-29 00:00:00,2,611E2360,0,,79.67,1,0,1
B010,2024-05-29 01:00:00,0,611H7406,0,,111.32,1,0,1
B010,2024-05-29 01:00:00,1,611T2300,0,,,1,0,0
B010,2024-05-29 01:00:00,2,611E2360,0,,79.65,1,0,1
B010,2024-05-29 02:00:00,0,611H7406,0,,,1,0,0
B010,2024-05-29 02:00:00,1,611T2300,0,,,1,0,0
B010,2024-05-29 02:00:00,2,611E2360,0,,79.63,1,0,1
B010,2024-05-29 03:00:00,0,611H7406,0,,111.32,1,0,1
B010,2024-05-29 03:00:00,1,611T2300,0,,,1,0,0
B010,2024-05-29 03:00:00,2,611E2360,0,,79.61,1,0,1
B010,2024-05-29 04:00:00,0,611H7406,0,,111.32,1,0,1
B010,2024-05-29 04:00:00,1,611T2300,0,,,1,0,0
B010,2024-05-29 04:00:00,2,611E2360,0,,79.59,1,0,1
B010,2024-05-29 05:00:00,0,611H7406,0,,,1,0,0
B010,2024-05-29 05:00:00,1,611T2300,0,,,1,0,0
B010,2024-05-29 05:00:00,2,611E2360,0,,79.58,1,0,1
B010,2024-05-29 06:00:00,0,611H7406,0,,,1,0,0
B010,2024-05-29 06:00:00,1,611T2300,0,,,1,0,0
B010,2024-05-29 06:00:00,2,611E2360,0,,79.55,1,0,1
B010,2024-05-29 07:00:00,0,611H7406,0,,111.32,1,0,1
B010,2024-05-29 07:00:00,1,611T2300,0,,,1,0,0
B010,2024-05-29 07:00:00,2,611E2360,0,,,1,0,0
B010,2024-05-29 08:00:00,0,611H7406,0,,111.3,1,0,1
B010,2024-05-29 08:00:00,1,611T2300,0,,,1,0,0
B010,2024-05-29 08:00:00,2,611E2360,0,,79.54,1,0,1
B010,2024-05-29 09:00:00,0,611H7406,0,,111.3,1,0,1
B010,2024-05-29 09:00:00,1,611T2300,0,,,1,0,0
B010,2024-05-29 09:00:00,2,611E2360,0,,79.51,1,0,1
B010,2024-05-29 10:00:00,0,611H7406,0,,111.3,1,0,1
B010,2024-05-29 10:00:00,1,611T2300,0,,,1,0,0
B010,2024-05-29 10:00:00,2,611E2360,0,,,1,0,0
B010,2024-05-29 11:00:00,0,611H7406,0,,111.28,1,0,1
B010,2024-05-29 11:00:00,1,611T2300,0,,,1,0,0
B010,2024-05-29 11:00:00,2,611E2360,0,,,1,0,0
B010,2024-07-25 04:00:00,0,611H7406,0,,,1,0,0
B010,2024-07-25 04:00:00,1,611T2300,0,,,1,0,0
B010,2024-07-25 04:00:00,2,611E2360,0,,79.19,1,0,1
B010,2024-07-25 05:00:00,0,611H7406,0,,,1,0,0
B010,2024-07-25 05:00:00,1,611T2300,0,,,1,0,0
B010,2024-07-25 05:00:00,2,611E2360,0,,79.19,1,0,1
B010,2024-07-25 06:00:00,0,611H7406,0,,,1,0,0
B010,2024-07-25 06:00:00,1,611T2300,0,,,1,0,0
B010,2024-07-25 06:00:00,2,611E2360,0,,79.19,1,0,1
B010,2024-07-25 07:00:00,0,611H7406,0,,,1,0,0
B010,2024-07-25 07:00:00,1,611T2300,0,,,1,0,0
B010,2024-07-25 07:00:00,2,611E2360,0,,79.19,1,0,1
B010,2024-07-25 08:00:00,0,611H7406,0,,,1,0,0
B010,2024-07-25 08:00:00,1,611T2300,0,,,1,0,0
B010,2024-07-25 08:00:00,2,611E2360,0,,79.18,1,0,1
B010,2024-07-25 09:00:00,0,611H7406,0,,,1,0,0
B010,2024-07-25 09:00:00,1,611T2300,0,,,1,0,0
B010,2024-07-25 09:00:00,2,611E2360,0,,79.18,1,0,1
B010,2024-07-25 10:00:00,0,611H7406,0,,,1,0,0
B010,2024-07-25 10:00:00,1,611T2300,0,,,1,0,0
B010,2024-07-25 10:00:00,2,611E2360,0,,79.18,1,0,1
B010,2024-07-25 11:00:00,0,611H7406,0,,,1,0,0
B010,2024-07-25 11:00:00,1,611T2300,0,,,1,0,0
B010,2024-07-25 11:00:00,2,611E2360,0,,79.18,1,0,1
B010,2024-07-25 12:00:00,0,611H7406,0,,,1,0,0
B010,2024-07-25 12:00:00,1,611T2300,0,,,1,0,0
B010,2024-07-25 12:00:00,2,611E2360,0,,79.18,1,0,1
B010,2024-07-25 13:00:00,0,611H7406,0,,,1,0,0
B010,2024-07-25 13:00:00,1,611T2300,0,,,1,0,0
B010,2024-07-25 13:00:00,2,611E2360,0,,79.18,1,0,1
B010,2024-07-25 14:00:00,0,611H7406,0,,,1,0,0
B010,2024-07-25 14:00:00,1,611T2300,0,,,1,0,0
B010,2024-07-25 14:00:00,2,611E2360,0,,79.18,1,0,1
B010,2024-07-25 15:00:00,0,611H7406,0,,,1,0,0
B010,2024-07-25 15:00:00,1,611T2300,0,,,1,0,0
B010,2024-07-25 15:00:00,2,611E2360,0,,79.18,1,0,1
B010,2024-07-25 16:00:00,0,611H7406,0,,,1,0,0
B010,2024-07-25 16:00:00,1,611T2300,0,,,1,0,0
B010,2024-07-25 16:00:00,2,611E2360,0,,79.18,1,0,1
B010,2024-07-25 17:00:00,0,611H7406,0,,,1,0,0
B010,2024-07-25 17:00:00,1,611T2300,0,,,1,0,0
B010,2024-07-25 17:00:00,2,611E2360,0,,79.19,1,0,1
B010,2024-07-25 18:00:00,0,611H7406,0,,,1,0,0
B010,2024-07-25 18:00:00,1,611T2300,0,,,1,0,0
B010,2024-07-25 18:00:00,2,611E2360,0,,79.2,1,0,1
B010,2024-07-25 19:00:00,0,611H7406,0,,,1,0,0
B010,2024-07-25 19:00:00,1,611T2300,0,,,1,0,0
B010,2024-07-25 19:00:00,2,611E2360,0,,79.21,1,0,1
B010,2024-07-25 20:00:00,0,611H7406,0,,,1,0,0
B010,2024-07-25 20:00:00,1,611T2300,0,,,1,0,0
B010,2024-07-25 20:00:00,2,611E2360,0,,79.21,1,0,1
B010,2024-07-25 21:00:00,0,611H7406,0,,,1,0,0
B010,2024-07-25 21:00:00,1,611T2300,0,,,1,0,0
B010,2024-07-25 21:00:00,2,611E2360,0,,79.21,1,0,1
B010,2024-07-25 22:00:00,0,611H7406,0,,,1,0,0
B010,2024-07-25 22:00:00,1,611T2300,0,,,1,0,0
B010,2024-07-25 22:00:00,2,611E2360,0,,79.21,1,0,1
B010,2024-07-25 23:00:00,0,611H7406,0,,,1,0,0
B010,2024-07-25 23:00:00,1,611T2300,0,,,1,0,0
B010,2024-07-25 23:00:00,2,611E2360,0,,79.21,1,0,1
B010,2024-07-26 00:00:00,0,611H7406,0,,,1,0,0
B010,2024-07-26 00:00:00,1,611T2300,0,,,1,0,0
B010,2024-07-26 00:00:00,2,611E2360,0,,79.21,1,0,1
B010,2024-07-26 01:00:00,0,611H7406,0,,,1,0,0
B010,2024-07-26 01:00:00,1,611T2300,0,,,1,0,0
B010,2024-07-26 01:00:00,2,611E2360,0,,79.21,1,0,1
B010,2024-07-26 02:00:00,0,611H7406,0,,,1,0,0
B010,2024-07-26 02:00:00,1,611T2300,0,,,1,0,0
B010,2024-07-26 02:00:00,2,611E2360,0,,79.21,1,0,1
B010,2024-07-26 03:00:00,0,611H7406,0,,,1,0,0
B010,2024-07-26 03:00:00,1,611T2300,0,,,1,0,0
B010,2024-07-26 03:00:00,2,611E2360,0,,79.2,1,0,1
B010,2024-07-26 04:00:00,0,611H7406,0,,,1,0,0
B010,2024-07-26 04:00:00,1,611T2300,0,,,1,0,0
B010,2024-07-26 04:00:00,2,611E2360,0,,79.19,1,0,1
B010,2024-07-26 05:00:00,0,611H7406,0,,,1,0,0
B010,2024-07-26 05:00:00,1,611T2300,0,,,1,0,0
B010,2024-07-26 05:00:00,2,611E2360,0,,79.19,1,0,1
B010,2024-07-26 06:00:00,0,611H7406,0,,,1,0,0
B010,2024-07-26 06:00:00,1,611T2300,0,,,1,0,0
B010,2024-07-26 06:00:00,2,611E2360,0,,79.19,1,0,1
B010,2024-07-26 07:00:00,0,611H7406,0,,,1,0,0
B010,2024-07-26 07:00:00,1,611T2300,0,,,1,0,0
B010,2024-07-26 07:00:00,2,611E2360,0,,79.19,1,0,1
B010,2024-07-26 08:00:00,0,611H7406,0.07408013377,,,1,0,0
B010,2024-07-26 08:00:00,1,611T2300,0.01499297208,,,1,0,0
B010,2024-07-26 08:00:00,2,611E2360,0.03133616897,,79.18,1,0,1
B010,2024-07-26 09:00:00,0,611H7406,0,,,1,0,0
B010,2024-07-26 09:00:00,1,611T2300,0,,,1,0,0
B010,2024-07-26 09:00:00,2,611E2360,0,,79.18,1,0,1
B010,2024-07-26 10:00:00,0,611H7406,0.04224781253,,,1,0,0
B010,2024-07-26 10:00:00,1,611T2300,0,,,1,0,0
B010,2024-07-26 10:00:00,2,611E2360,0,,79.18,1,0,1
B010,2024-07-26 11:00:00,0,611H7406,0.0536027718,,,1,0,0
B010,2024-07-26 11:00:00,1,611T2300,0,,,1,0,0
B010,2024-07-26 11:00:00,2,611E2360,0.009086867199,,79.18,1,0,1
B010,2024-07-26 12:00:00,0,611H7406,0,,,1,0,0
B010,2024-07-26 12:00:00,1,611T2300,0,,,1,0,0
B010,2024-07-26 12:00:00,2,611E2360,0,,79.19,1,0,1
B010,2024-07-26 13:00:00,0,611H7406,0,,,1,0,0
B010,2024-07-26 13:00:00,1,611T2300,0,,,1,0,0
B010,2024-07-26 13:00:00,2,611E2360,0,,79.19,1,0,1
B010,2024-07-26 14:00:00,0,611H7406,0,,,1,0,0
B010,2024-07-26 14:00:00,1,611T2300,0,,,1,0,0
B010,2024-07-26 14:00:00,2,611E2360,0,,79.2,1,0,1
B010,2024-07-26 15:00:00,0,611H7406,0,,,1,0,0
B010,2024-07-26 15:00:00,1,611T2300,0,,,1,0,0
B010,2024-07-26 15:00:00,2,611E2360,0,,79.21,1,0,1
B010,2024-07-26 16:00:00,0,611H7406,0.002339319767,,,1,0,0
B010,2024-07-26 16:00:00,1,611T2300,0.08194936764,,,1,0,0
B010,2024-07-26 16:00:00,2,611E2360,0.09613086819,,79.21,1,0,1
B010,2024-07-26 17:00:00,0,611H7406,0.214414039,,,1,0,0
B010,2024-07-26 17:00:00,1,611T2300,0,,,1,0,0
B010,2024-07-26 17:00:00,2,611E2360,0.1598236555,,79.21,1,0,1
B010,2024-07-26 18:00:00,0,611H7406,0,,,1,0,0
B010,2024-07-26 18:00:00,1,611T2300,0,,,1,0,0
B010,2024-07-26 18:00:00,2,611E2360,0,,,1,0,0
B010,2024-07-26 19:00:00,0,611H7406,0,,,1,0,0
B010,2024-07-26 19:00:00,1,611T2300,0,,,1,0,0
B010,2024-07-26 19:00:00,2,611E2360,0,,79.21,1,0,1
B010,2024-07-26 20:00:00,0,611H7406,0,,,1,0,0
B010,2024-07-26 20:00:00,1,611T2300,0,,,1,0,0
B010,2024-07-26 20:00:00,2,611E2360,0,,79.21,1,0,1
B010,2024-07-26 21:00:00,0,611H7406,0,,,1,0,0
B010,2024-07-26 21:00:00,1,611T2300,0,,,1,0,0
B010,2024-07-26 21:00:00,2,611E2360,0,,79.21,1,0,1
B010,2024-07-26 22:00:00,0,611H7406,0,,,1,0,0
B010,2024-07-26 22:00:00,1,611T2300,0,,,1,0,0
B010,2024-07-26 22:00:00,2,611E2360,0,,79.21,1,0,1
B010,2024-07-26 23:00:00,0,611H7406,0,,,1,0,0
B010,2024-07-26 23:00:00,1,611T2300,0,,,1,0,0
B010,2024-07-26 23:00:00,2,611E2360,0,,79.21,1,0,1
B010,2024-07-27 00:00:00,0,611H7406,0,,,1,0,0
B010,2024-07-27 00:00:00,1,611T2300,0,,,1,0,0
B010,2024-07-27 00:00:00,2,611E2360,0,,79.22,1,0,1
B010,2024-07-27 01:00:00,0,611H7406,0,,,1,0,0
B010,2024-07-27 01:00:00,1,611T2300,0,,,1,0,0
B010,2024-07-27 01:00:00,2,611E2360,0,,79.23,1,0,1
B010,2024-07-27 02:00:00,0,611H7406,0,,,1,0,0
B010,2024-07-27 02:00:00,1,611T2300,0,,,1,0,0
B010,2024-07-27 02:00:00,2,611E2360,0,,79.23,1,0,1
B010,2024-07-27 03:00:00,0,611H7406,0,,,1,0,0
B010,2024-07-27 03:00:00,1,611T2300,0,,,1,0,0
B010,2024-07-27 03:00:00,2,611E2360,0,,79.23,1,0,1
B010,2024-07-27 04:00:00,0,611H7406,0.0536027718,,,1,0,0
B010,2024-07-27 04:00:00,1,611T2300,9.106334544e-05,,,1,0,0
B010,2024-07-27 04:00:00,2,611E2360,0.01069094091,,79.23,1,0,1
B010,2024-07-27 05:00:00,0,611H7406,0.2986598548,,,1,0,0
B010,2024-07-27 05:00:00,1,611T2300,0.1419212559,,,1,0,0
B010,2024-07-27 05:00:00,2,611E2360,0.127217184,,79.23,1,0,1
B010,2024-07-27 06:00:00,0,611H7406,0.1598016335,,,1,0,0
B010,2024-07-27 06:00:00,1,611T2300,0.07809491342,,,1,0,0
B010,2024-07-27 06:00:00,2,611E2360,0.1906257989,,79.23,1,0,1
B010,2024-07-27 07:00:00,0,611H7406,0.05360867538,,,1,0,0
B010,2024-07-27 07:00:00,1,611T2300,0.3178070788,,,1,0,0
B010,2024-07-27 07:00:00,2,611E2360,0.3458970657,,79.23,1,0,1
B010,2024-07-27 08:00:00,0,611H7406,0,,,1,0,0
B010,2024-07-27 08:00:00,1,611T2300,0.003473905874,,,1,0,0
B010,2024-07-27 08:00:00,2,611E2360,0,,79.22,1,0,1
B010,2024-07-27 09:00:00,0,611H7406,1.647850942,,,1,0,0
B010,2024-07-27 09:00:00,1,611T2300,0.6709422282,,,1,0,0
B010,2024-07-27 09:00:00,2,611E2360,0.837064373,,79.22,1,0,1
B010,2024-07-27 10:00:00,0,611H7406,2.651340792,,,1,0,0
B010,2024-07-27 10:00:00,1,611T2300,0.2308952482,,,1,0,0
B010,2024-07-27 10:00:00,2,611E2360,2.428698749,,79.21,1,0,1
B010,2024-07-27 11:00:00,0,611H7406,0,,,1,0,0
B010,2024-07-27 11:00:00,1,611T2300,0.2337358894,,,1,0,0
B010,2024-07-27 11:00:00,2,611E2360,0,,79.21,1,0,1
B010,2024-07-27 12:00:00,0,611H7406,0.2748125192,,,1,0,0
B010,2024-07-27 12:00:00,1,611T2300,0.09401463602,,,1,0,0
B010,2024-07-27 12:00:00,2,611E2360,0.179651653,,79.21,1,0,1
B010,2024-07-27 13:00:00,0,611H7406,0.3170632835,,,1,0,0
B010,2024-07-27 13:00:00,1,611T2300,0.1204380491,,,1,0,0
B010,2024-07-27 13:00:00,2,611E2360,0.05128729518,,79.21,1,0,1
B010,2024-07-27 14:00:00,0,611H7406,0,,,1,0,0
B010,2024-07-27 14:00:00,1,611T2300,0,,,1,0,0
B010,2024-07-27 14:00:00,2,611E2360,0,,79.21,1,0,1
B010,2024-07-27 15:00:00,0,611H7406,0.1585301659,,,1,0,0
B010,2024-07-27 15:00:00,1,611T2300,0.00726132479,,,1,0,0
B010,2024-07-27 15:00:00,2,611E2360,0.1208456774,,79.21,1,0,1
B010,2024-07-27 16:00:00,0,611H7406,0,,,1,0,0
B010,2024-07-27 16:00:00,1,611T2300,0.2585934795,,,1,0,0
B010,2024-07-27 16:00:00,2,611E2360,0.03128222463,,79.22,1,0,1
B010,2024-07-27 17:00:00,0,611H7406,0,,,1,0,0
B010,2024-07-27 17:00:00,1,611T2300,0,,,1,0,0
B010,2024-07-27 17:00:00,2,611E2360,0.03128222463,,79.24,1,0,1
B010,2024-07-27 18:00:00,0,611H7406,0,,,1,0,0
B010,2024-07-27 18:00:00,1,611T2300,0,,,1,0,0
B010,2024-07-27 18:00:00,2,611E2360,0,,79.26,1,0,1
B010,2024-07-27 19:00:00,0,611H7406,1.068810787,,,1,0,0
B010,2024-07-27 19:00:00,1,611T2300,0.4884913785,,,1,0,0
B010,2024-07-27 19:00:00,2,611E2360,0.5152097891,,79.26,1,0,1
B010,2024-07-27 20:00:00,0,611H7406,1.32184705,,,1,0,0
B010,2024-07-27 20:00:00,1,611T2300,0.6153888942,,,1,0,0
B010,2024-07-27 20:00:00,2,611E2360,0.0855428261,,79.26,1,0,1
B010,2024-07-27 21:00:00,0,611H7406,0.0007797732557,,,1,0,0
B010,2024-07-27 21:00:00,1,611T2300,0.01713778862,,,1,0,0
B010,2024-07-27 21:00:00,2,611E2360,0.0008694181475,,79.27,1,0,1
B010,2024-07-27 22:00:00,0,611H7406,0.4534855962,,,1,0,0
B010,2024-07-27 22:00:00,1,611T2300,0.5295532931,,,1,0,0
B010,2024-07-27 22:00:00,2,611E2360,0.9522976499,,79.28,1,0,1
B010,2024-07-27 23:00:00,0,611H7406,1.857842974,,,1,0,0
B010,2024-07-27 23:00:00,1,611T2300,1.739987578,,,1,0,0
B010,2024-07-27 23:00:00,2,611E2360,4.982260891,,79.29,1,0,1
B010,2024-07-28 00:00:00,0,611H7406,4.714063009,,,1,0,0
B010,2024-07-28 00:00:00,1,611T2300,2.252539498,,,1,0,0
B010,2024-07-28 00:00:00,2,611E2360,6.665399538,,79.3,1,0,1
B010,2024-07-28 01:00:00,0,611H7406,3.586386201,,,1,0,0
B010,2024-07-28 01:00:00,1,611T2300,2.377216951,,,1,0,0
B010,2024-07-28 01:00:00,2,611E2360,6.298855037,,79.32,1,0,1
B010,2024-07-28 02:00:00,0,611H7406,4.240987903,,,1,0,0
B010,2024-07-28 02:00:00,1,611T2300,2.283752985,,,1,0,0
B010,2024-07-28 02:00:00,2,611E2360,13.77202143,,79.34,1,0,1
B010,2024-07-28 03:00:00,0,611H7406,6.456996297,,,1,0,0
B010,2024-07-28 03:00:00,1,611T2300,3.732498681,,,1,0,0
B010,2024-07-28 03:00:00,2,611E2360,18.37107073,,79.38,1,0,1
B010,2024-07-28 04:00:00,0,611H7406,12.35492984,,,1,0,0
B010,2024-07-28 04:00:00,1,611T2300,5.332725551,,,1,0,0
B010,2024-07-28 04:00:00,2,611E2360,17.13907735,,79.45,1,0,1
B010,2024-07-28 05:00:00,0,611H7406,7.35230731,,,1,0,0
B010,2024-07-28 05:00:00,1,611T2300,3.697712,,,1,0,0
B010,2024-07-28 05:00:00,2,611E2360,11.07225123,,79.51,1,0,1
B010,2024-07-28 06:00:00,0,611H7406,6.079964125,,,1,0,0
B010,2024-07-28 06:00:00,1,611T2300,3.3247232,,,1,0,0
B010,2024-07-28 06:00:00,2,611E2360,9.52820303,,79.83,1,0,1
B010,2024-07-28 07:00:00,0,611H7406,13.7471441,,,1,0,0
B010,2024-07-28 07:00:00,1,611T2300,5.314046749,,,1,0,0
B010,2024-07-28 07:00:00,2,611E2360,13.02348147,,80.25,1,0,1
B010,2024-07-28 08:00:00,0,611H7406,11.84054448,,,1,0,0
B010,2024-07-28 08:00:00,1,611T2300,4.768401925,,,1,0,0
B010,2024-07-28 08:00:00,2,611E2360,17.55873057,,81.25,1,0,1
B010,2024-07-28 09:00:00,0,611H7406,6.289042159,,,1,0,0
B010,2024-07-28 09:00:00,1,611T2300,4.934525428,,,1,0,0
B010,2024-07-28 09:00:00,2,611E2360,13.89415454,,81.39,1,0,1
B010,2024-07-28 10:00:00,0,611H7406,8.696102552,,,1,0,0
B010,2024-07-28 10:00:00,1,611T2300,3.742913578,,,1,0,0
B010,2024-07-28 10:00:00,2,611E2360,15.88211362,,81.53,1,0,1
B010,2024-07-28 11:00:00,0,611H7406,9.872530677,,,1,0,0
B010,2024-07-28 11:00:00,1,611T2300,3.416608383,,,1,0,0
B010,2024-07-28 11:00:00,2,611E2360,7.381305718,,81.8,1,0,1
B010,2024-07-28 12:00:00,0,611H7406,13.22529228,,,1,0,0
B010,2024-07-28 12:00:00,1,611T2300,2.412002856,,,1,0,0
B010,2024-07-28 12:00:00,2,611E2360,4.435882173,,82,1,0,1
B010,2024-07-28 13:00:00,0,611H7406,4.627010902,,,1,0,0
B010,2024-07-28 13:00:00,1,611T2300,1.079288291,,,1,0,0
B010,2024-07-28 13:00:00,2,611E2360,2.484757562,,82.19,1,0,1
B010,2024-07-28 14:00:00,0,611H7406,3.996520341,,,1,0,0
B010,2024-07-28 14:00:00,1,611T2300,1.349015424,,,1,0,0
B010,2024-07-28 14:00:00,2,611E2360,2.176446732,,82.29,1,0,1
B010,2024-07-28 15:00:00,0,611H7406,5.669532969,,,1,0,0
B010,2024-07-28 15:00:00,1,611T2300,1.319709093,,,1,0,0
B010,2024-07-28 15:00:00,2,611E2360,1.630634679,,82.31,1,0,1
B010,2024-07-28 16:00:00,0,611H7406,7.04802304,,,1,0,0
B010,2024-07-28 16:00:00,1,611T2300,1.443554564,,,1,0,0
B010,2024-07-28 16:00:00,2,611E2360,2.63594831,,82.13,1,0,1
B010,2024-07-28 17:00:00,0,611H7406,7.110139252,,,1,0,0
B010,2024-07-28 17:00:00,1,611T2300,1.4130257,,,1,0,0
B010,2024-07-28 17:00:00,2,611E2360,2.509605884,,81.93,1,0,1
B010,2024-07-28 18:00:00,0,611H7406,1.060602062,,,1,0,0
B010,2024-07-28 18:00:00,1,611T2300,0.4059571038,,,1,0,0
B010,2024-07-28 18:00:00,2,611E2360,1.532173131,,81.74,1,0,1
B010,2024-07-28 19:00:00,0,611H7406,0.6145857212,,,1,0,0
B010,2024-07-28 19:00:00,1,611T2300,0.03383288026,,,1,0,0
B010,2024-07-28 19:00:00,2,611E2360,0.1571941426,,81.66,1,0,1
B010,2024-07-28 20:00:00,0,611H7406,2.951790789e-06,,,1,0,0
B010,2024-07-28 20:00:00,1,611T2300,0,,,1,0,0
B010,2024-07-28 20:00:00,2,611E2360,0.07485188519,,81.61,1,0,1
B010,2024-07-28 21:00:00,0,611H7406,0,,,1,0,0
B010,2024-07-28 21:00:00,1,611T2300,0,,,1,0,0
B010,2024-07-28 21:00:00,2,611E2360,0,,81.45,1,0,1
B010,2024-07-28 22:00:00,0,611H7406,2.951790789e-06,,,1,0,0
B010,2024-07-28 22:00:00,1,611T2300,0.03681183515,,,1,0,0
B010,2024-07-28 22:00:00,2,611E2360,0.05128729518,,81.29,1,0,1
B010,2024-07-28 23:00:00,0,611H7406,0,,,1,0,0
B010,2024-07-28 23:00:00,1,611T2300,0,,,1,0,0
B010,2024-07-28 23:00:00,2,611E2360,0,,81.2,1,0,1
B010,2024-07-29 00:00:00,0,611H7406,0,,,1,0,0
B010,2024-07-29 00:00:00,1,611T2300,0,,,1,0,0
B010,2024-07-29 00:00:00,2,611E2360,0,,81.13,1,0,1
B010,2024-07-29 01:00:00,0,611H7406,0.05181336486,,,1,0,0
B010,2024-07-29 01:00:00,1,611T2300,0.01499297208,,,1,0,0
B010,2024-07-29 01:00:00,2,611E2360,0,,80.95,1,0,1
B010,2024-07-29 02:00:00,0,611H7406,0,,,1,0,0
B010,2024-07-29 02:00:00,1,611T2300,0.001327167882,,,1,0,0
B010,2024-07-29 02:00:00,2,611E2360,0,,,1,0,0
B010,2024-07-29 03:00:00,0,611H7406,0,,,1,0,0
B010,2024-07-29 03:00:00,1,611T2300,0,,,1,0,0
B010,2024-07-29 03:00:00,2,611E2360,0.02356459001,,80.84,1,0,1
B010,2024-07-29 04:00:00,0,611H7406,0,,,1,0,0
B010,2024-07-29 04:00:00,1,611T2300,0,,,1,0,0
B010,2024-07-29 04:00:00,2,611E2360,0,,80.74,1,0,1
B010,2024-07-29 05:00:00,0,611H7406,0,,,1,0,0
B010,2024-07-29 05:00:00,1,611T2300,0,,,1,0,0
B010,2024-07-29 05:00:00,2,611E2360,0,,80.65,1,0,1
B010,2024-07-29 06:00:00,0,611H7406,0,,,1,0,0
B010,2024-07-29 06:00:00,1,611T2300,0,,,1,0,0
B010,2024-07-29 06:00:00,2,611E2360,0,,80.57,1,0,1
B010,2024-07-29 07:00:00,0,611H7406,35.23457438,,,1,0,0
B010,2024-07-29 07:00:00,1,611T2300,10.98507163,,,1,0,0
B010,2024-07-29 07:00:00,2,611E2360,54.30934727,,80.49,1,0,1
B010,2024-07-29 08:00:00,0,611H7406,0,,,1,0,0
B010,2024-07-29 08:00:00,1,611T2300,0,,,1,0,0
B010,2024-07-29 08:00:00,2,611E2360,0,,80.42,1,0,1
B010,2024-07-29 09:00:00,0,611H7406,0,,,1,0,0
B010,2024-07-29 09:00:00,1,611T2300,0,,,1,0,0
B010,2024-07-29 09:00:00,2,611E2360,0,,80.36,1,0,1
B010,2024-07-29 10:00:00,0,611H7406,0,,,1,0,0
B010,2024-07-29 10:00:00,1,611T2300,0,,,1,0,0
B010,2024-07-29 10:00:00,2,611E2360,0,,80.3,1,0,1
B010,2024-07-29 11:00:00,0,611H7406,0,,,1,0,0
B010,2024-07-29 11:00:00,1,611T2300,0,,,1,0,0
B010,2024-07-29 11:00:00,2,611E2360,0,,80.24,1,0,1
B010,2024-07-29 12:00:00,0,611H7406,0,,,1,0,0
B010,2024-07-29 12:00:00,1,611T2300,0,,,1,0,0
B010,2024-07-29 12:00:00,2,611E2360,0,,80.19,1,0,1
B010,2024-07-29 13:00:00,0,611H7406,0,,,1,0,0
B010,2024-07-29 13:00:00,1,611T2300,0,,,1,0,0
B010,2024-07-29 13:00:00,2,611E2360,0.03128222463,,80.15,1,0,1
B010,2024-07-29 14:00:00,0,611H7406,1.177927511,,,1,0,0
B010,2024-07-29 14:00:00,1,611T2300,0.3306630344,,,1,0,0
B010,2024-07-29 14:00:00,2,611E2360,0.031955734,,80.13,1,0,1
B010,2024-07-29 15:00:00,0,611H7406,0.4734779115,,,1,0,0
B010,2024-07-29 15:00:00,1,611T2300,0.1690769107,,,1,0,0
B010,2024-07-29 15:00:00,2,611E2360,0.7905493577,,80.12,1,0,1
B010,2024-07-29 16:00:00,0,611H7406,1.56486989,,,1,0,0
B010,2024-07-29 16:00:00,1,611T2300,0.188017874,,,1,0,0
B010,2024-07-29 16:00:00,2,611E2360,0.1957051412,,80.11,1,0,1
B010,2024-07-29 17:00:00,0,611H7406,0,,,1,0,0
B010,2024-07-29 17:00:00,1,611T2300,0,,,1,0,0
B010,2024-07-29 17:00:00,2,611E2360,0,,80.11,1,0,1
B010,2024-07-29 18:00:00,0,611H7406,0,,,1,0,0
B010,2024-07-29 18:00:00,1,611T2300,0,,,1,0,0
B010,2024-07-29 18:00:00,2,611E2360,0,,80.1,1,0,1
B010,2024-07-29 19:00:00,0,611H7406,0,,,1,0,0
B010,2024-07-29 19:00:00,1,611T2300,0,,,1,0,0
B010,2024-07-29 19:00:00,2,611E2360,0,,80.09,1,0,1
B010,2024-07-29 20:00:00,0,611H7406,0,,,1,0,0
B010,2024-07-29 20:00:00,1,611T2300,0,,,1,0,0
B010,2024-07-29 20:00:00,2,611E2360,0,,,1,0,0
B010,2024-07-29 21:00:00,0,611H7406,0,,,1,0,0
B010,2024-07-29 21:00:00,1,611T2300,0,,,1,0,0
B010,2024-07-29 21:00:00,2,611E2360,0,,80.09,1,0,1
B010,2024-07-29 22:00:00,0,611H7406,0,,,1,0,0
B010,2024-07-29 22:00:00,1,611T2300,0,,,1,0,0
B010,2024-07-29 22:00:00,2,611E2360,0,,80.09,1,0,1
B010,2024-07-29 23:00:00,0,611H7406,0,,,1,0,0
B010,2024-07-29 23:00:00,1,611T2300,0,,,1,0,0
B010,2024-07-29 23:00:00,2,611E2360,0,,80.08,1,0,1
B010,2024-07-30 00:00:00,0,611H7406,0,,,1,0,0
B010,2024-07-30 00:00:00,1,611T2300,0,,,1,0,0
B010,2024-07-30 00:00:00,2,611E2360,0,,80.08,1,0,1
B010,2024-07-30 01:00:00,0,611H7406,0,,,1,0,0
B010,2024-07-30 01:00:00,1,611T2300,0,,,1,0,0
B010,2024-07-30 01:00:00,2,611E2360,0,,80.08,1,0,1
B010,2024-07-30 02:00:00,0,611H7406,0,,,1,0,0
B010,2024-07-30 02:00:00,1,611T2300,0,,,1,0,0
B010,2024-07-30 02:00:00,2,611E2360,0,,80.07,1,0,1
B010,2024-07-30 03:00:00,0,611H7406,0,,,1,0,0
B010,2024-07-30 03:00:00,1,611T2300,0,,,1,0,0
B010,2024-07-30 03:00:00,2,611E2360,0,,80.06,1,0,1
B010,2024-07-30 04:00:00,0,611H7406,0,,,1,0,0
B010,2024-07-30 04:00:00,1,611T2300,0,,,1,0,0
B010,2024-07-30 04:00:00,2,611E2360,0,,80.06,1,0,1
B010,2024-07-30 05:00:00,0,611H7406,0,,,1,0,0
B010,2024-07-30 05:00:00,1,611T2300,0,,,1,0,0
B010,2024-07-30 05:00:00,2,611E2360,0,,80.05,1,0,1
B010,2024-07-30 06:00:00,0,611H7406,0,,,1,0,0
B010,2024-07-30 06:00:00,1,611T2300,0,,,1,0,0
B010,2024-07-30 06:00:00,2,611E2360,0,,80.05,1,0,1
B010,2024-07-30 07:00:00,0,611H7406,1.04654118,,,1,0,0
B010,2024-07-30 07:00:00,1,611T2300,0.09497381426,,,1,0,0
B010,2024-07-30 07:00:00,2,611E2360,0.8785797738,,80.04,1,0,1
B010,2024-07-30 08:00:00,0,611H7406,0,,,1,0,0
B010,2024-07-30 08:00:00,1,611T2300,0,,,1,0,0
B010,2024-07-30 08:00:00,2,611E2360,0,,80.03,1,0,1
B010,2024-07-30 09:00:00,0,611H7406,0,,,1,0,0
B010,2024-07-30 09:00:00,1,611T2300,0.001327167882,,,1,0,0
B010,2024-07-30 09:00:00,2,611E2360,0.001604073712,,80.03,1,0,1
B010,2024-07-30 10:00:00,0,611H7406,0,,,1,0,0
B010,2024-07-30 10:00:00,1,611T2300,0,,,1,0,0
B010,2024-07-30 10:00:00,2,611E2360,0.02356459001,,80.02,1,0,1
B010,2024-07-30 11:00:00,0,611H7406,0,,,1,0,0
B010,2024-07-30 11:00:00,1,611T2300,0,,,1,0,0
B010,2024-07-30 11:00:00,2,611E2360,0,,80.02,1,0,1
B010,2024-07-30 12:00:00,0,611H7406,0,,,1,0,0
B010,2024-07-30 12:00:00,1,611T2300,0,,,1,0,0
B010,2024-07-30 12:00:00,2,611E2360,0,,80.01,1,0,1
B010,2024-07-30 13:00:00,0,611H7406,0,,,1,0,0
B010,2024-07-30 13:00:00,1,611T2300,0,,,1,0,0
B010,2024-07-30 13:00:00,2,611E2360,0,,80.01,1,0,1
B010,2024-07-30 14:00:00,0,611H7406,0,,,1,0,0
B010,2024-07-30 14:00:00,1,611T2300,0,,,1,0,0
B010,2024-07-30 14:00:00,2,611E2360,0,,80,1,0,1
B010,2024-07-30 15:00:00,0,611H7406,0,,,1,0,0
B010,2024-07-30 15:00:00,1,611T2300,0,,,1,0,0
B010,2024-07-30 15:00:00,2,611E2360,0,,79.99,1,0,1
B010,2024-07-30 16:00:00,0,611H7406,0,,,1,0,0
B010,2024-07-30 16:00:00,1,611T2300,0,,,1,0,0
B010,2024-07-30 16:00:00,2,611E2360,0,,79.99,1,0,1
B010,2024-07-30 17:00:00,0,611H7406,0,,,1,0,0
B010,2024-07-30 17:00:00,1,611T2300,0,,,1,0,0
B010,2024-07-30 17:00:00,2,611E2360,0,,79.98,1,0,1
B010,2024-07-30 18:00:00,0,611H7406,0,,,1,0,0
B010,2024-07-30 18:00:00,1,611T2300,0,,,1,0,0
B010,2024-07-30 18:00:00,2,611E2360,0,,79.98,1,0,1
B010,2024-07-30 19:00:00,0,611H7406,0,,,1,0,0
B010,2024-07-30 19:00:00,1,611T2300,0,,,1,0,0
B010,2024-07-30 19:00:00,2,611E2360,0,,79.97,1,0,1
B010,2024-07-30 20:00:00,0,611H7406,0,,,1,0,0
B010,2024-07-30 20:00:00,1,611T2300,0,,,1,0,0
B010,2024-07-30 20:00:00,2,611E2360,0,,79.97,1,0,1
B010,2024-07-30 21:00:00,0,611H7406,0,,,1,0,0
B010,2024-07-30 21:00:00,1,611T2300,0,,,1,0,0
B010,2024-07-30 21:00:00,2,611E2360,0,,79.96,1,0,1
B010,2024-07-30 22:00:00,0,611H7406,0,,,1,0,0
B010,2024-07-30 22:00:00,1,611T2300,0,,,1,0,0
B010,2024-07-30 22:00:00,2,611E2360,0,,79.96,1,0,1
B010,2024-07-30 23:00:00,0,611H7406,0,,,1,0,0
B010,2024-07-30 23:00:00,1,611T2300,0,,,1,0,0
B010,2024-07-30 23:00:00,2,611E2360,0,,79.95,1,0,1
B010,2024-07-31 00:00:00,0,611H7406,0,,,1,0,0
B010,2024-07-31 00:00:00,1,611T2300,0,,,1,0,0
B010,2024-07-31 00:00:00,2,611E2360,0,,79.94,1,0,1
B010,2024-07-31 01:00:00,0,611H7406,0,,,1,0,0
B010,2024-07-31 01:00:00,1,611T2300,0,,,1,0,0
B010,2024-07-31 01:00:00,2,611E2360,0,,79.94,1,0,1
B010,2024-07-31 02:00:00,0,611H7406,0,,,1,0,0
B010,2024-07-31 02:00:00,1,611T2300,0,,,1,0,0
B010,2024-07-31 02:00:00,2,611E2360,0,,79.93,1,0,1
B010,2024-07-31 03:00:00,0,611H7406,0,,,1,0,0
B010,2024-07-31 03:00:00,1,611T2300,0,,,1,0,0
B010,2024-07-31 03:00:00,2,611E2360,0,,79.93,1,0,1
B010,2024-07-31 04:00:00,0,611H7406,0,,,1,0,0
B010,2024-07-31 04:00:00,1,611T2300,0,,,1,0,0
B010,2024-07-31 04:00:00,2,611E2360,0,,79.92,1,0,1
B010,2024-07-31 05:00:00,0,611H7406,0,,,1,0,0
B010,2024-07-31 05:00:00,1,611T2300,0,,,1,0,0
B010,2024-07-31 05:00:00,2,611E2360,0,,79.92,1,0,1
B010,2024-07-31 06:00:00,0,611H7406,0,,,1,0,0
B010,2024-07-31 06:00:00,1,611T2300,0,,,1,0,0
B010,2024-07-31 06:00:00,2,611E2360,0,,79.91,1,0,1
B010,2024-07-31 07:00:00,0,611H7406,0,,,1,0,0
B010,2024-07-31 07:00:00,1,611T2300,0,,,1,0,0
B010,2024-07-31 07:00:00,2,611E2360,0.02516866372,,79.91,1,0,1
B010,2024-07-31 08:00:00,0,611H7406,0,,,1,0,0
B010,2024-07-31 08:00:00,1,611T2300,0,,,1,0,0
B010,2024-07-31 08:00:00,2,611E2360,0,,79.9,1,0,1
B010,2024-07-31 09:00:00,0,611H7406,0,,,1,0,0
B010,2024-07-31 09:00:00,1,611T2300,0,,,1,0,0
B010,2024-07-31 09:00:00,2,611E2360,0,,79.9,1,0,1
B010,2024-07-31 10:00:00,0,611H7406,0,,,1,0,0
B010,2024-07-31 10:00:00,1,611T2300,0,,,1,0,0
B010,2024-07-31 10:00:00,2,611E2360,0,,79.89,1,0,1
B010,2024-07-31 11:00:00,0,611H7406,0,,,1,0,0
B010,2024-07-31 11:00:00,1,611T2300,0,,,1,0,0
B010,2024-07-31 11:00:00,2,611E2360,0,,79.89,1,0,1
B010,2024-07-31 12:00:00,0,611H7406,0,,,1,0,0
B010,2024-07-31 12:00:00,1,611T2300,0,,,1,0,0
B010,2024-07-31 12:00:00,2,611E2360,0,,79.88,1,0,1
B010,2024-07-31 13:00:00,0,611H7406,0,,,1,0,0
B010,2024-07-31 13:00:00,1,611T2300,0,,,1,0,0
B010,2024-07-31 13:00:00,2,611E2360,0,,79.87,1,0,1
B010,2024-07-31 14:00:00,0,611H7406,0,,,1,0,0
B010,2024-07-31 14:00:00,1,611T2300,0,,,1,0,0
B010,2024-07-31 14:00:00,2,611E2360,0,,79.87,1,0,1
B010,2024-07-31 15:00:00,0,611H7406,0,,,1,0,0
B010,2024-07-31 15:00:00,1,611T2300,0,,,1,0,0
B010,2024-07-31 15:00:00,2,611E2360,0,,79.87,1,0,1
B010,2024-07-31 16:00:00,0,611H7406,0,,,1,0,0
B010,2024-07-31 16:00:00,1,611T2300,0,,,1,0,0
B010,2024-07-31 16:00:00,2,611E2360,0,,79.86,1,0,1
B010,2024-07-31 17:00:00,0,611H7406,0,,,1,0,0
B010,2024-07-31 17:00:00,1,611T2300,0,,,1,0,0
B010,2024-07-31 17:00:00,2,611E2360,0,,79.85,1,0,1
B010,2025-04-20 01:00:00,0,611H7406,0,,111.1,1,0,1
B010,2025-04-20 01:00:00,1,611T2300,0,,,1,0,0
B010,2025-04-20 01:00:00,2,611E2360,0,,79.38,1,0,1
B010,2025-04-20 02:00:00,0,611H7406,0,,111.1,1,0,1
B010,2025-04-20 02:00:00,1,611T2300,0,,,1,0,0
B010,2025-04-20 02:00:00,2,611E2360,0.004812221136,,79.37,1,0,1
B010,2025-04-20 03:00:00,0,611H7406,0,,111.1,1,0,1
B010,2025-04-20 03:00:00,1,611T2300,0.03681183515,,,1,0,0
B010,2025-04-20 03:00:00,2,611E2360,0,,79.36,1,0,1
B010,2025-04-20 04:00:00,0,611H7406,0.007406675504,,111.1,1,0,1
B010,2025-04-20 04:00:00,1,611T2300,0.02147208457,,,1,0,0
B010,2025-04-20 04:00:00,2,611E2360,0,,79.35,1,0,1
B010,2025-04-20 05:00:00,0,611H7406,0,,111.1,1,0,1
B010,2025-04-20 05:00:00,1,611T2300,0,,,1,0,0
B010,2025-04-20 05:00:00,2,611E2360,0,,79.35,1,0,1
B010,2025-04-20 06:00:00,0,611H7406,0,,111.1,1,0,1
B010,2025-04-20 06:00:00,1,611T2300,0,,,1,0,0
B010,2025-04-20 06:00:00,2,611E2360,0,,79.34,1,0,1
B010,2025-04-20 07:00:00,0,611H7406,2.743378661,,111.1,1,0,1
B010,2025-04-20 07:00:00,1,611T2300,1.700057401,,,1,0,0
B010,2025-04-20 07:00:00,2,611E2360,3.178881307,,,1,0,0
B010,2025-04-20 08:00:00,0,611H7406,0,,111.1,1,0,1
B010,2025-04-20 08:00:00,1,611T2300,0.03681183515,,,1,0,0
B010,2025-04-20 08:00:00,2,611E2360,0,,79.33,1,0,1
B010,2025-04-20 09:00:00,0,611H7406,0,,111.1,1,0,1
B010,2025-04-20 09:00:00,1,611T2300,0,,,1,0,0
B010,2025-04-20 09:00:00,2,611E2360,0,,,1,0,0
B010,2025-04-20 10:00:00,0,611H7406,0,,,1,0,0
B010,2025-04-20 10:00:00,1,611T2300,0,,,1,0,0
B010,2025-04-20 10:00:00,2,611E2360,0,,79.32,1,0,1
B010,2025-04-20 11:00:00,0,611H7406,0,,111.1,1,0,1
B010,2025-04-20 11:00:00,1,611T2300,0,,,1,0,0
B010,2025-04-20 11:00:00,2,611E2360,0,,79.32,1,0,1
B010,2025-04-20 12:00:00,0,611H7406,0,,111.1,1,0,1
B010,2025-04-20 12:00:00,1,611T2300,0,,,1,0,0
B010,2025-04-20 12:00:00,2,611E2360,0,,79.32,1,0,1
B010,2025-04-20 13:00:00,0,611H7406,0,,111.1,1,0,1
B010,2025-04-20 13:00:00,1,611T2300,0,,,1,0,0
B010,2025-04-20 13:00:00,2,611E2360,0,,79.32,1,0,1
B010,2025-04-20 14:00:00,0,611H7406,0,,,1,0,0
B010,2025-04-20 14:00:00,1,611T2300,0,,,1,0,0
B010,2025-04-20 14:00:00,2,611E2360,0,,79.32,1,0,1
B010,2025-04-20 15:00:00,0,611H7406,0,,,1,0,0
B010,2025-04-20 15:00:00,1,611T2300,0,,,1,0,0
B010,2025-04-20 15:00:00,2,611E2360,0,,,1,0,0
B010,2025-04-20 16:00:00,0,611H7406,0,,111.1,1,0,1
B010,2025-04-20 16:00:00,1,611T2300,0,,,1,0,0
B010,2025-04-20 16:00:00,2,611E2360,0,,79.32,1,0,1
B010,2025-04-20 17:00:00,0,611H7406,0,,111.1,1,0,1
B010,2025-04-20 17:00:00,1,611T2300,0,,,1,0,0
B010,2025-04-20 17:00:00,2,611E2360,0,,79.32,1,0,1
B010,2025-04-20 18:00:00,0,611H7406,0,,111.1,1,0,1
B010,2025-04-20 18:00:00,1,611T2300,0,,,1,0,0
B010,2025-04-20 18:00:00,2,611E2360,0,,79.32,1,0,1
B010,2025-04-20 19:00:00,0,611H7406,0,,111.1,1,0,1
B010,2025-04-20 19:00:00,1,611T2300,0,,,1,0,0
B010,2025-04-20 19:00:00,2,611E2360,0,,79.32,1,0,1
B010,2025-04-20 20:00:00,0,611H7406,0,,111.1,1,0,1
B010,2025-04-20 20:00:00,1,611T2300,0,,,1,0,0
B010,2025-04-20 20:00:00,2,611E2360,0,,79.31,1,0,1
B010,2025-04-20 21:00:00,0,611H7406,0,,111.1,1,0,1
B010,2025-04-20 21:00:00,1,611T2300,0,,,1,0,0
B010,2025-04-20 21:00:00,2,611E2360,0,,79.31,1,0,1
B010,2025-04-20 22:00:00,0,611H7406,0,,111.1,1,0,1
B010,2025-04-20 22:00:00,1,611T2300,0,,,1,0,0
B010,2025-04-20 22:00:00,2,611E2360,0,,,1,0,0
B010,2025-04-20 23:00:00,0,611H7406,0,,,1,0,0
B010,2025-04-20 23:00:00,1,611T2300,0,,,1,0,0
B010,2025-04-20 23:00:00,2,611E2360,0,,79.3,1,0,1
B010,2025-04-21 00:00:00,0,611H7406,0,,111.1,1,0,1
B010,2025-04-21 00:00:00,1,611T2300,0,,,1,0,0
B010,2025-04-21 00:00:00,2,611E2360,0,,,1,0,0
B010,2025-04-21 01:00:00,0,611H7406,0,,111.1,1,0,1
B010,2025-04-21 01:00:00,1,611T2300,0,,,1,0,0
B010,2025-04-21 01:00:00,2,611E2360,0,,79.3,1,0,1
B010,2025-04-21 02:00:00,0,611H7406,0,,111.1,1,0,1
B010,2025-04-21 02:00:00,1,611T2300,0,,,1,0,0
B010,2025-04-21 02:00:00,2,611E2360,0,,79.3,1,0,1
B010,2025-04-21 03:00:00,0,611H7406,0,,111.1,1,0,1
B010,2025-04-21 03:00:00,1,611T2300,0,,,1,0,0
B010,2025-04-21 03:00:00,2,611E2360,0,,,1,0,0
B010,2025-04-21 04:00:00,0,611H7406,0,,111.1,1,0,1
B010,2025-04-21 04:00:00,1,611T2300,0,,,1,0,0
B010,2025-04-21 04:00:00,2,611E2360,0,,79.3,1,0,1
B010,2025-04-21 05:00:00,0,611H7406,0,,111.1,1,0,1
B010,2025-04-21 05:00:00,1,611T2300,0,,,1,0,0
B010,2025-04-21 05:00:00,2,611E2360,0,,,1,0,0
B010,2025-04-21 06:00:00,0,611H7406,0,,111.1,1,0,1
B010,2025-04-21 06:00:00,1,611T2300,0,,,1,0,0
B010,2025-04-21 06:00:00,2,611E2360,0,,79.29,1,0,1
B010,2025-04-21 07:00:00,0,611H7406,0,,111.1,1,0,1
B010,2025-04-21 07:00:00,1,611T2300,0.03681183515,,,1,0,0
B010,2025-04-21 07:00:00,2,611E2360,0,,,1,0,0
B010,2025-04-21 08:00:00,0,611H7406,0,,111.1,1,0,1
B010,2025-04-21 08:00:00,1,611T2300,0,,,1,0,0
B010,2025-04-21 08:00:00,2,611E2360,0,,79.28,1,0,1
B010,2025-04-21 09:00:00,0,611H7406,0,,111.1,1,0,1
B010,2025-04-21 09:00:00,1,611T2300,0,,,1,0,0
B010,2025-04-21 09:00:00,2,611E2360,0,,,1,0,0
B010,2025-04-21 10:00:00,0,611H7406,0,,111.1,1,0,1
B010,2025-04-21 10:00:00,1,611T2300,0,,,1,0,0
B010,2025-04-21 10:00:00,2,611E2360,0,,79.28,1,0,1
B010,2025-04-21 11:00:00,0,611H7406,0,,,1,0,0
B010,2025-04-21 11:00:00,1,611T2300,0,,,1,0,0
B010,2025-04-21 11:00:00,2,611E2360,0,,79.27,1,0,1
B010,2025-04-21 12:00:00,0,611H7406,0,,111.1,1,0,1
B010,2025-04-21 12:00:00,1,611T2300,0,,,1,0,0
B010,2025-04-21 12:00:00,2,611E2360,0,,,1,0,0
B010,2025-04-21 13:00:00,0,611H7406,0,,111.1,1,0,1
B010,2025-04-21 13:00:00,1,611T2300,0,,,1,0,0
B010,2025-04-21 13:00:00,2,611E2360,0,,79.27,1,0,1
B010,2025-04-21 14:00:00,0,611H7406,0,,111.1,1,0,1
B010,2025-04-21 14:00:00,1,611T2300,0,,,1,0,0
B010,2025-04-21 14:00:00,2,611E2360,0,,79.26,1,0,1
B010,2025-04-21 15:00:00,0,611H7406,0,,111.1,1,0,1
B010,2025-04-21 15:00:00,1,611T2300,0,,,1,0,0
B010,2025-04-21 15:00:00,2,611E2360,0,,,1,0,0
B010,2025-04-21 16:00:00,0,611H7406,0,,,1,0,0
B010,2025-04-21 16:00:00,1,611T2300,0,,,1,0,0
B010,2025-04-21 16:00:00,2,611E2360,0,,79.26,1,0,1
B010,2025-04-21 17:00:00,0,611H7406,0,,111.1,1,0,1
B010,2025-04-21 17:00:00,1,611T2300,0,,,1,0,0
B010,2025-04-21 17:00:00,2,611E2360,0,,79.26,1,0,1
B010,2025-04-21 18:00:00,0,611H7406,0,,111.1,1,0,1
B010,2025-04-21 18:00:00,1,611T2300,0,,,1,0,0
B010,2025-04-21 18:00:00,2,611E2360,0,,79.26,1,0,1
B010,2025-04-21 19:00:00,0,611H7406,0,,111.1,1,0,1
B010,2025-04-21 19:00:00,1,611T2300,0,,,1,0,0
B010,2025-04-21 19:00:00,2,611E2360,0,,,1,0,0
B010,2025-04-21 20:00:00,0,611H7406,0,,111.1,1,0,1
B010,2025-04-21 20:00:00,1,611T2300,0,,,1,0,0
B010,2025-04-21 20:00:00,2,611E2360,0,,79.27,1,0,1
B010,2025-04-21 21:00:00,0,611H7406,0,,111.1,1,0,1
B010,2025-04-21 21:00:00,1,611T2300,0,,,1,0,0
B010,2025-04-21 21:00:00,2,611E2360,0,,79.27,1,0,1
B010,2025-04-21 22:00:00,0,611H7406,0,,111.1,1,0,1
B010,2025-04-21 22:00:00,1,611T2300,0,,,1,0,0
B010,2025-04-21 22:00:00,2,611E2360,0,,79.28,1,0,1
B010,2025-04-21 23:00:00,0,611H7406,0,,111.1,1,0,1
B010,2025-04-21 23:00:00,1,611T2300,0,,,1,0,0
B010,2025-04-21 23:00:00,2,611E2360,0,,79.28,1,0,1
B010,2025-04-22 00:00:00,0,611H7406,0,,111.1,1,0,1
B010,2025-04-22 00:00:00,1,611T2300,0,,,1,0,0
B010,2025-04-22 00:00:00,2,611E2360,0,,79.28,1,0,1
B010,2025-04-22 01:00:00,0,611H7406,0.8510098508,,111.1,1,0,1
B010,2025-04-22 01:00:00,1,611T2300,0.1902082355,,,1,0,0
B010,2025-04-22 01:00:00,2,611E2360,0.6170609765,,79.28,1,0,1
B010,2025-04-22 02:00:00,0,611H7406,3.371454935,,111.1,1,0,1
B010,2025-04-22 02:00:00,1,611T2300,2.461568054,,,1,0,0
B010,2025-04-22 02:00:00,2,611E2360,3.813587094,,79.29,1,0,1
B010,2025-04-22 03:00:00,0,611H7406,1.011732257,,,1,0,0
B010,2025-04-22 03:00:00,1,611T2300,1.236821657,,,1,0,0
B010,2025-04-22 03:00:00,2,611E2360,5.807008808,,79.32,1,0,1
B010,2025-04-22 04:00:00,0,611H7406,1.462048319,,111.1,1,0,1
B010,2025-04-22 04:00:00,1,611T2300,0.6853148453,,,1,0,0
B010,2025-04-22 04:00:00,2,611E2360,1.466188865,,79.35,1,0,1
B010,2025-04-22 05:00:00,0,611H7406,0.378473762,,111.1,1,0,1
B010,2025-04-22 05:00:00,1,611T2300,0.2597129493,,,1,0,0
B010,2025-04-22 05:00:00,2,611E2360,0.6106446816,,79.48,1,0,1
B010,2025-04-22 06:00:00,0,611H7406,0.2473780577,,,1,0,0
B010,2025-04-22 06:00:00,1,611T2300,0.133487137,,,1,0,0
B010,2025-04-22 06:00:00,2,611E2360,0.3625370321,,,1,0,0
B010,2025-04-22 07:00:00,0,611H7406,3.373716185,,111.1,1,0,1
B010,2025-04-22 07:00:00,1,611T2300,0.09427865387,,,1,0,0
B010,2025-04-22 07:00:00,2,611E2360,0.2481076496,,79.82,1,0,1
B010,2025-04-22 08:00:00,0,611H7406,0,,111.1,1,0,1
B010,2025-04-22 08:00:00,1,611T2300,0.04400177916,,,1,0,0
B010,2025-04-22 08:00:00,2,611E2360,0.3625370321,,79.9,1,0,1
B010,2025-04-22 09:00:00,0,611H7406,0.2325647066,,,1,0,0
B010,2025-04-22 09:00:00,1,611T2300,0.08814631988,,,1,0,0
B010,2025-04-22 09:00:00,2,611E2360,0.2448995021,,,1,0,0
B010,2025-04-22 10:00:00,0,611H7406,0.02962670201,,,1,0,0
B010,2025-04-22 10:00:00,1,611T2300,0.1250968214,,,1,0,0
B010,2025-04-22 10:00:00,2,611E2360,0.1208456774,,,1,0,0
B010,2025-04-22 11:00:00,0,611H7406,0.1162823533,,111.1,1,0,1
B010,2025-04-22 11:00:00,1,611T2300,0.004864676789,,,1,0,0
B010,2025-04-22 11:00:00,2,611E2360,0,,79.77,1,0,1
B010,2025-04-22 12:00:00,0,611H7406,0,,111.1,1,0,1
B010,2025-04-22 12:00:00,1,611T2300,0,,,1,0,0
B010,2025-04-22 12:00:00,2,611E2360,0,,79.71,1,0,1
B010,2025-04-22 13:00:00,0,611H7406,0,,111.1,1,0,1
B010,2025-04-22 13:00:00,1,611T2300,0,,,1,0,0
B010,2025-04-22 13:00:00,2,611E2360,0,,,1,0,0
B010,2025-04-22 14:00:00,0,611H7406,0,,111.1,1,0,1
B010,2025-04-22 14:00:00,1,611T2300,0,,,1,0,0
B010,2025-04-22 14:00:00,2,611E2360,0,,79.64,1,0,1
B010,2025-04-22 15:00:00,0,611H7406,0,,111.1,1,0,1
B010,2025-04-22 15:00:00,1,611T2300,0.002396648001,,,1,0,0
B010,2025-04-22 15:00:00,2,611E2360,0.1224497511,,79.61,1,0,1
B010,2025-04-22 16:00:00,0,611H7406,0,,111.1,1,0,1
B010,2025-04-22 16:00:00,1,611T2300,0.03681183515,,,1,0,0
B010,2025-04-22 16:00:00,2,611E2360,0,,79.58,1,0,1
B010,2025-04-22 17:00:00,0,611H7406,0.01481335101,,111.1,1,0,1
B010,2025-04-22 17:00:00,1,611T2300,0.04294416914,,,1,0,0
B010,2025-04-22 17:00:00,2,611E2360,0,,,1,0,0
B010,2025-04-22 18:00:00,0,611H7406,0.1162823533,,111.1,1,0,1
B010,2025-04-22 18:00:00,1,611T2300,0.004864676789,,,1,0,0
B010,2025-04-22 18:00:00,2,611E2360,0.001604073712,,79.53,1,0,1
B010,2025-04-22 19:00:00,0,611H7406,0,,111.1,1,0,1
B010,2025-04-22 19:00:00,1,611T2300,0,,,1,0,0
B010,2025-04-22 19:00:00,2,611E2360,0,,79.52,1,0,1
B010,2025-04-22 20:00:00,0,611H7406,0.3562537355,,111.1,1,0,1
B010,2025-04-22 20:00:00,1,611T2300,0.03606611494,,,1,0,0
B010,2025-04-22 20:00:00,2,611E2360,0,,,1,0,0
B010,2025-04-22 21:00:00,0,611H7406,0,,111.1,1,0,1
B010,2025-04-22 21:00:00,1,611T2300,0,,,1,0,0
B010,2025-04-22 21:00:00,2,611E2360,0,,79.49,1,0,1
B010,2025-04-22 22:00:00,0,611H7406,0,,111.1,1,0,1
B010,2025-04-22 22:00:00,1,611T2300,0,,,1,0,0
B010,2025-04-22 22:00:00,2,611E2360,0,,,1,0,0
B010,2025-04-22 23:00:00,0,611H7406,0,,111.1,1,0,1
B010,2025-04-22 23:00:00,1,611T2300,0,,,1,0,0
B010,2025-04-22 23:00:00,2,611E2360,0,,79.46,1,0,1
B010,2025-04-23 00:00:00,0,611H7406,0,,,1,0,0
B010,2025-04-23 00:00:00,1,611T2300,0,,,1,0,0
B010,2025-04-23 00:00:00,2,611E2360,0,,79.45,1,0,1
B010,2025-04-23 01:00:00,0,611H7406,0,,111.1,1,0,1
B010,2025-04-23 01:00:00,1,611T2300,0,,,1,0,0
B010,2025-04-23 01:00:00,2,611E2360,0,,79.45,1,0,1
B010,2025-04-23 02:00:00,0,611H7406,0,,111.1,1,0,1
B010,2025-04-23 02:00:00,1,611T2300,0,,,1,0,0
B010,2025-04-23 02:00:00,2,611E2360,0,,,1,0,0
B010,2025-04-23 03:00:00,0,611H7406,0,,111.1,1,0,1
B010,2025-04-23 03:00:00,1,611T2300,0,,,1,0,0
B010,2025-04-23 03:00:00,2,611E2360,0,,79.44,1,0,1
B010,2025-04-23 04:00:00,0,611H7406,0,,111.1,1,0,1
B010,2025-04-23 04:00:00,1,611T2300,0,,,1,0,0
B010,2025-04-23 04:00:00,2,611E2360,0,,79.43,1,0,1
B010,2025-04-23 05:00:00,0,611H7406,0,,111.1,1,0,1
B010,2025-04-23 05:00:00,1,611T2300,0,,,1,0,0
B010,2025-04-23 05:00:00,2,611E2360,0,,,1,0,0
B010,2025-04-23 06:00:00,0,611H7406,0,,111.1,1,0,1
B010,2025-04-23 06:00:00,1,611T2300,0,,,1,0,0
B010,2025-04-23 06:00:00,2,611E2360,0,,79.42,1,0,1
B010,2025-04-23 07:00:00,0,611H7406,1.246053515,,111.1,1,0,1
B010,2025-04-23 07:00:00,1,611T2300,0.3851930413,,,1,0,0
B010,2025-04-23 07:00:00,2,611E2360,0.8523360363,,,1,0,0
B010,2025-04-23 08:00:00,0,611H7406,0,,111.1,1,0,1
B010,2025-04-23 08:00:00,1,611T2300,0,,,1,0,0
B010,2025-04-23 08:00:00,2,611E2360,0,,79.4,1,0,1
B010,2025-04-23 09:00:00,0,611H7406,0,,111.1,1,0,1
B010,2025-04-23 09:00:00,1,611T2300,0,,,1,0,0
B010,2025-04-23 09:00:00,2,611E2360,0,,79.39,1,0,1
B010,2025-04-23 10:00:00,0,611H7406,0,,111.1,1,0,1
B010,2025-04-23 10:00:00,1,611T2300,0,,,1,0,0
B010,2025-04-23 10:00:00,2,611E2360,0,,,1,0,0
B010,2025-04-23 11:00:00,0,611H7406,0,,111.1,1,0,1
B010,2025-04-23 11:00:00,1,611T2300,0.002396648001,,,1,0,0
B010,2025-04-23 11:00:00,2,611E2360,0.1208456774,,79.39,1,0,1
B010,2025-04-23 12:00:00,0,611H7406,0,,,1,0,0
B010,2025-04-23 12:00:00,1,611T2300,0,,,1,0,0
B010,2025-04-23 12:00:00,2,611E2360,0,,79.37,1,0,1
B010,2025-04-23 13:00:00,0,611H7406,0.9028565793,,111.1,1,0,1
B010,2025-04-23 13:00:00,1,611T2300,0.8190666845,,,1,0,0
B010,2025-04-23 13:00:00,2,611E2360,0.6122487553,,79.36,1,0,1
B010,2025-04-23 14:00:00,0,611H7406,0.8510098508,,111.1,1,0,1
B010,2025-04-23 14:00:00,1,611T2300,0.2198301267,,,1,0,0
B010,2025-04-23 14:00:00,2,611E2360,0.2561280181,,,1,0,0
B010,2025-04-23 15:00:00,0,611H7406,0,,111.1,1,0,1
B010,2025-04-23 15:00:00,1,611T2300,0.002396648001,,,1,0,0
B010,2025-04-23 15:00:00,2,611E2360,0.1208456774,,79.39,1,0,1
B010,2025-04-23 16:00:00,0,611H7406,0,,111.1,1,0,1
B010,2025-04-23 16:00:00,1,611T2300,0,,,1,0,0
B010,2025-04-23 16:00:00,2,611E2360,0,,79.41,1,0,1
B010,2025-04-23 17:00:00,0,611H7406,0,,,1,0,0
B010,2025-04-23 17:00:00,1,611T2300,0,,,1,0,0
B010,2025-04-23 17:00:00,2,611E2360,0,,79.42,1,0,1
B010,2025-04-23 18:00:00,0,611H7406,0,,111.1,1,0,1
B010,2025-04-23 18:00:00,1,611T2300,0,,,1,0,0
B010,2025-04-23 18:00:00,2,611E2360,0,,,1,0,0
B010,2025-04-23 19:00:00,0,611H7406,0,,111.1,1,0,1
B010,2025-04-23 19:00:00,1,611T2300,0,,,1,0,0
B010,2025-04-23 19:00:00,2,611E2360,0,,79.44,1,0,1
B010,2025-04-23 20:00:00,0,611H7406,0,,111.1,1,0,1
B010,2025-04-23 20:00:00,1,611T2300,0,,,1,0,0
B010,2025-04-23 20:00:00,2,611E2360,0,,79.44,1,0,1
B010,2025-04-23 21:00:00,0,611H7406,0,,111.1,1,0,1
B010,2025-04-23 21:00:00,1,611T2300,0,,,1,0,0
B010,2025-04-23 21:00:00,2,611E2360,0,,79.44,1,0,1
B010,2025-04-23 22:00:00,0,611H7406,0,,111.1,1,0,1
B010,2025-04-23 22:00:00,1,611T2300,0,,,1,0,0
B010,2025-04-23 22:00:00,2,611E2360,0,,79.44,1,0,1
B010,2025-04-23 23:00:00,0,611H7406,0,,111.1,1,0,1
B010,2025-04-23 23:00:00,1,611T2300,0,,,1,0,0
B010,2025-04-23 23:00:00,2,611E2360,0,,79.44,1,0,1
B010,2025-04-24 00:00:00,0,611H7406,0,,111.1,1,0,1
B010,2025-04-24 00:00:00,1,611T2300,0,,,1,0,0
B010,2025-04-24 00:00:00,2,611E2360,0,,79.43,1,0,1
B010,2025-04-24 01:00:00,0,611H7406,0,,111.1,1,0,1
B010,2025-04-24 01:00:00,1,611T2300,0.002396648001,,,1,0,0
B010,2025-04-24 01:00:00,2,611E2360,0.1224497511,,79.42,1,0,1
B010,2025-04-24 02:00:00,0,611H7406,0,,111.1,1,0,1
B010,2025-04-24 02:00:00,1,611T2300,0.009586592005,,,1,0,0
B010,2025-04-24 02:00:00,2,611E2360,0.4833827094,,,1,0,0
B010,2025-04-24 03:00:00,0,611H7406,0.007406675504,,111.1,1,0,1
B010,2025-04-24 03:00:00,1,611T2300,0.06068056772,,,1,0,0
B010,2025-04-24 03:00:00,2,611E2360,0.1208456774,,79.41,1,0,1
B010,2025-04-24 04:00:00,0,611H7406,0,,111.1,1,0,1
B010,2025-04-24 04:00:00,1,611T2300,0.007189944004,,,1,0,0
B010,2025-04-24 04:00:00,2,611E2360,0.3625370321,,,1,0,0
B010,2025-04-24 05:00:00,0,611H7406,0,,111.1,1,0,1
B010,2025-04-24 05:00:00,1,611T2300,0,,,1,0,0
B010,2025-04-24 05:00:00,2,611E2360,0,,79.39,1,0,1
B010,2025-04-24 06:00:00,0,611H7406,0,,111.1,1,0,1
B010,2025-04-24 06:00:00,1,611T2300,0,,,1,0,0
B010,2025-04-24 06:00:00,2,611E2360,0,,,1,0,0
B010,2025-04-24 07:00:00,0,611H7406,1.010063138,,111.1,1,0,1
B010,2025-04-24 07:00:00,1,611T2300,1.060303061,,,1,0,0
B010,2025-04-24 07:00:00,2,611E2360,2.199283298,,79.39,1,0,1
B010,2025-04-24 08:00:00,0,611H7406,1.157641312,,111.1,1,0,1
B010,2025-04-24 08:00:00,1,611T2300,1.002785682,,,1,0,0
B010,2025-04-24 08:00:00,2,611E2360,2.437766505,,79.39,1,0,1
B010,2025-04-24 09:00:00,0,611H7406,0.742134173,,111.1,1,0,1
B010,2025-04-24 09:00:00,1,611T2300,0.4788783774,,,1,0,0
B010,2025-04-24 09:00:00,2,611E2360,1.340530967,,,1,0,0
B010,2025-04-24 10:00:00,0,611H7406,0.2547847332,,111.1,1,0,1
B010,2025-04-24 10:00:00,1,611T2300,0.1917710567,,,1,0,0
B010,2025-04-24 10:00:00,2,611E2360,0.3673492532,,79.41,1,0,1
B010,2025-04-24 11:00:00,0,611H7406,0,,111.1,1,0,1
B010,2025-04-24 11:00:00,1,611T2300,0,,,1,0,0
B010,2025-04-24 11:00:00,2,611E2360,0,,79.46,1,0,1
B010,2025-04-24 12:00:00,0,611H7406,0.2621914087,,111.1,1,0,1
B010,2025-04-24 12:00:00,1,611T2300,0.134826175,,,1,0,0
B010,2025-04-24 12:00:00,2,611E2360,0.1224497511,,79.48,1,0,1
B010,2025-04-24 13:00:00,0,611H7406,0,,111.1,1,0,1
B010,2025-04-24 13:00:00,1,611T2300,0.002396648001,,,1,0,0
B010,2025-04-24 13:00:00,2,611E2360,0.1208456774,,79.51,1,0,1
B010,2025-04-24 14:00:00,0,611H7406,0,,,1,0,0
B010,2025-04-24 14:00:00,1,611T2300,0,,,1,0,0
B010,2025-04-24 14:00:00,2,611E2360,0.001604073712,,79.55,1,0,1
B010,2025-04-24 15:00:00,0,611H7406,0,,111.1,1,0,1
B010,2025-04-24 15:00:00,1,611T2300,0,,,1,0,0
B010,2025-04-24 15:00:00,2,611E2360,0,,79.56,1,0,1
B010,2025-04-24 16:00:00,0,611H7406,0,,111.1,1,0,1
B010,2025-04-24 16:00:00,1,611T2300,0,,,1,0,0
B010,2025-04-24 16:00:00,2,611E2360,0,,79.56,1,0,1
B010,2025-04-24 17:00:00,0,611H7406,0,,111.1,1,0,1
B010,2025-04-24 17:00:00,1,611T2300,0,,,1,0,0
B010,2025-04-24 17:00:00,2,611E2360,0.001604073712,,79.55,1,0,1
B010,2025-04-24 18:00:00,0,611H7406,0.1162823533,,111.1,1,0,1
B010,2025-04-24 18:00:00,1,611T2300,0.004864676789,,,1,0,0
B010,2025-04-24 18:00:00,2,611E2360,0,,79.53,1,0,1
B010,2025-04-24 19:00:00,0,611H7406,0.007406675504,,111.1,1,0,1
B010,2025-04-24 19:00:00,1,611T2300,0.02386873257,,,1,0,0
B010,2025-04-24 19:00:00,2,611E2360,0.1224497511,,79.51,1,0,1
B010,2025-04-24 20:00:00,0,611H7406,0.1162823533,,111.1,1,0,1
B010,2025-04-24 20:00:00,1,611T2300,0.009657972792,,,1,0,0
B010,2025-04-24 20:00:00,2,611E2360,0.2465035758,,79.5,1,0,1
B010,2025-04-24 21:00:00,0,611H7406,0.007406675504,,111.1,1,0,1
B010,2025-04-24 21:00:00,1,611T2300,0.05828391972,,,1,0,0
B010,2025-04-24 21:00:00,2,611E2360,0,,79.48,1,0,1
B010,2025-05-03 01:00:00,0,611H7406,0,,110.5,1,0,1
B010,2025-05-03 01:00:00,1,611T2300,0,,,1,0,0
B010,2025-05-03 01:00:00,2,611E2360,0,,,1,0,0
B010,2025-05-03 02:00:00,0,611H7406,0,,110.5,1,0,1
B010,2025-05-03 02:00:00,1,611T2300,0,,,1,0,0
B010,2025-05-03 02:00:00,2,611E2360,0,,79.27,1,0,1
B010,2025-05-03 03:00:00,0,611H7406,0,,110.5,1,0,1
B010,2025-05-03 03:00:00,1,611T2300,0,,,1,0,0
B010,2025-05-03 03:00:00,2,611E2360,0,,,1,0,0
B010,2025-05-03 04:00:00,0,611H7406,0,,110.5,1,0,1
B010,2025-05-03 04:00:00,1,611T2300,0,,,1,0,0
B010,2025-05-03 04:00:00,2,611E2360,0,,79.25,1,0,1
B010,2025-05-03 05:00:00,0,611H7406,0,,110.5,1,0,1
B010,2025-05-03 05:00:00,1,611T2300,0,,,1,0,0
B010,2025-05-03 05:00:00,2,611E2360,0,,79.25,1,0,1
B010,2025-05-03 06:00:00,0,611H7406,0,,,1,0,0
B010,2025-05-03 06:00:00,1,611T2300,0,,,1,0,0
B010,2025-05-03 06:00:00,2,611E2360,0,,,1,0,0
B010,2025-05-03 07:00:00,0,611H7406,0,,110.5,1,0,1
B010,2025-05-03 07:00:00,1,611T2300,0,,,1,0,0
B010,2025-05-03 07:00:00,2,611E2360,0,,79.26,1,0,1
B010,2025-05-03 08:00:00,0,611H7406,0,,110.5,1,0,1
B010,2025-05-03 08:00:00,1,611T2300,0,,,1,0,0
B010,2025-05-03 08:00:00,2,611E2360,0,,79.26,1,0,1
B010,2025-05-03 09:00:00,0,611H7406,0,,110.5,1,0,1
B010,2025-05-03 09:00:00,1,611T2300,0,,,1,0,0
B010,2025-05-03 09:00:00,2,611E2360,0,,,1,0,0
B010,2025-05-03 10:00:00,0,611H7406,0,,110.5,1,0,1
B010,2025-05-03 10:00:00,1,611T2300,0,,,1,0,0
B010,2025-05-03 10:00:00,2,611E2360,0,,79.26,1,0,1
B010,2025-05-03 11:00:00,0,611H7406,0,,110.5,1,0,1
B010,2025-05-03 11:00:00,1,611T2300,0,,,1,0,0
B010,2025-05-03 11:00:00,2,611E2360,0,,79.26,1,0,1
B010,2025-05-03 12:00:00,0,611H7406,0,,110.5,1,0,1
B010,2025-05-03 12:00:00,1,611T2300,0,,,1,0,0
B010,2025-05-03 12:00:00,2,611E2360,0,,,1,0,0
B010,2025-05-03 13:00:00,0,611H7406,0,,110.5,1,0,1
B010,2025-05-03 13:00:00,1,611T2300,0,,,1,0,0
B010,2025-05-03 13:00:00,2,611E2360,0,,79.26,1,0,1
B010,2025-05-03 14:00:00,0,611H7406,0,,110.5,1,0,1
B010,2025-05-03 14:00:00,1,611T2300,0.04160513115,,,1,0,0
B010,2025-05-03 14:00:00,2,611E2360,0.2416913547,,79.26,1,0,1
B010,2025-05-03 15:00:00,0,611H7406,0,,110.5,1,0,1
B010,2025-05-03 15:00:00,1,611T2300,0.05119172316,,,1,0,0
B010,2025-05-03 15:00:00,2,611E2360,0.7250740641,,79.26,1,0,1
B010,2025-05-03 16:00:00,0,611H7406,0,,110.5,1,0,1
B010,2025-05-03 16:00:00,1,611T2300,0,,,1,0,0
B010,2025-05-03 16:00:00,2,611E2360,0,,,1,0,0
B010,2025-05-03 17:00:00,0,611H7406,0,,110.5,1,0,1
B010,2025-05-03 17:00:00,1,611T2300,0,,,1,0,0
B010,2025-05-03 17:00:00,2,611E2360,0,,79.26,1,0,1
B010,2025-05-03 18:00:00,0,611H7406,0,,,1,0,0
B010,2025-05-03 18:00:00,1,611T2300,0,,,1,0,0
B010,2025-05-03 18:00:00,2,611E2360,0,,79.33,1,0,1
B010,2025-05-03 19:00:00,0,611H7406,0,,110.5,1,0,1
B010,2025-05-03 19:00:00,1,611T2300,0,,,1,0,0
B010,2025-05-03 19:00:00,2,611E2360,0.001604073712,,79.37,1,0,1
B010,2025-05-03 20:00:00,0,611H7406,0,,110.5,1,0,1
B010,2025-05-03 20:00:00,1,611T2300,0,,,1,0,0
B010,2025-05-03 20:00:00,2,611E2360,0,,79.37,1,0,1
B010,2025-05-03 21:00:00,0,611H7406,0,,110.5,1,0,1
B010,2025-05-03 21:00:00,1,611T2300,0,,,1,0,0
B010,2025-05-03 21:00:00,2,611E2360,0,,79.36,1,0,1
B010,2025-05-03 22:00:00,0,611H7406,0,,110.5,1,0,1
B010,2025-05-03 22:00:00,1,611T2300,0,,,1,0,0
B010,2025-05-03 22:00:00,2,611E2360,0,,79.35,1,0,1
B010,2025-05-03 23:00:00,0,611H7406,0,,110.5,1,0,1
B010,2025-05-03 23:00:00,1,611T2300,0,,,1,0,0
B010,2025-05-03 23:00:00,2,611E2360,0,,,1,0,0
B010,2025-05-04 00:00:00,0,611H7406,0,,110.5,1,0,1
B010,2025-05-04 00:00:00,1,611T2300,0,,,1,0,0
B010,2025-05-04 00:00:00,2,611E2360,0,,79.34,1,0,1
B010,2025-05-04 01:00:00,0,611H7406,0,,110.5,1,0,1
B010,2025-05-04 01:00:00,1,611T2300,0,,,1,0,0
B010,2025-05-04 01:00:00,2,611E2360,0,,79.32,1,0,1
B010,2025-05-04 02:00:00,0,611H7406,0,,110.5,1,0,1
B010,2025-05-04 02:00:00,1,611T2300,0,,,1,0,0
B010,2025-05-04 02:00:00,2,611E2360,0,,79.3,1,0,1
B010,2025-05-04 03:00:00,0,611H7406,0,,110.5,1,0,1
B010,2025-05-04 03:00:00,1,611T2300,0,,,1,0,0
B010,2025-05-04 03:00:00,2,611E2360,0,,79.29,1,0,1
B010,2025-05-04 04:00:00,0,611H7406,0,,110.5,1,0,1
B010,2025-05-04 04:00:00,1,611T2300,0,,,1,0,0
B010,2025-05-04 04:00:00,2,611E2360,0,,,1,0,0
B010,2025-05-04 05:00:00,0,611H7406,0,,110.5,1,0,1
B010,2025-05-04 05:00:00,1,611T2300,0,,,1,0,0
B010,2025-05-04 05:00:00,2,611E2360,0,,79.29,1,0,1
B010,2025-05-04 06:00:00,0,611H7406,0,,110.5,1,0,1
B010,2025-05-04 06:00:00,1,611T2300,0,,,1,0,0
B010,2025-05-04 06:00:00,2,611E2360,0,,,1,0,0
B010,2025-05-04 07:00:00,0,611H7406,0,,110.5,1,0,1
B010,2025-05-04 07:00:00,1,611T2300,0.09279685431,,,1,0,0
B010,2025-05-04 07:00:00,2,611E2360,0.9683694925,,79.29,1,0,1
B010,2025-05-04 08:00:00,0,611H7406,0,,110.5,1,0,1
B010,2025-05-04 08:00:00,1,611T2300,0,,,1,0,0
B010,2025-05-04 08:00:00,2,611E2360,0,,79.29,1,0,1
B010,2025-05-04 09:00:00,0,611H7406,0,,110.5,1,0,1
B010,2025-05-04 09:00:00,1,611T2300,0,,,1,0,0
B010,2025-05-04 09:00:00,2,611E2360,0,,79.28,1,0,1
B010,2025-05-04 10:00:00,0,611H7406,0,,110.5,1,0,1
B010,2025-05-04 10:00:00,1,611T2300,0,,,1,0,0
B010,2025-05-04 10:00:00,2,611E2360,0,,,1,0,0
B010,2025-05-04 11:00:00,0,611H7406,0,,110.5,1,0,1
B010,2025-05-04 11:00:00,1,611T2300,0.002396648001,,,1,0,0
B010,2025-05-04 11:00:00,2,611E2360,0.1208456774,,79.29,1,0,1
B010,2025-05-04 12:00:00,0,611H7406,0,,,1,0,0
B010,2025-05-04 12:00:00,1,611T2300,0,,,1,0,0
B010,2025-05-04 12:00:00,2,611E2360,0,,,1,0,0
B010,2025-05-04 13:00:00,0,611H7406,0,,110.5,1,0,1
B010,2025-05-04 13:00:00,1,611T2300,0,,,1,0,0
B010,2025-05-04 13:00:00,2,611E2360,0,,79.3,1,0,1
B010,2025-05-04 14:00:00,0,611H7406,0,,110.5,1,0,1
B010,2025-05-04 14:00:00,1,611T2300,0,,,1,0,0
B010,2025-05-04 14:00:00,2,611E2360,0,,79.3,1,0,1
B010,2025-05-04 15:00:00,0,611H7406,0,,110.5,1,0,1
B010,2025-05-04 15:00:00,1,611T2300,0,,,1,0,0
B010,2025-05-04 15:00:00,2,611E2360,0,,79.3,1,0,1
B010,2025-05-04 16:00:00,0,611H7406,0,,110.5,1,0,1
B010,2025-05-04 16:00:00,1,611T2300,0,,,1,0,0
B010,2025-05-04 16:00:00,2,611E2360,0,,79.3,1,0,1
B010,2025-05-04 17:00:00,0,611H7406,0,,110.5,1,0,1
B010,2025-05-04 17:00:00,1,611T2300,0,,,1,0,0
B010,2025-05-04 17:00:00,2,611E2360,0,,,1,0,0
B010,2025-05-04 18:00:00,0,611H7406,0,,110.5,1,0,1
B010,2025-05-04 18:00:00,1,611T2300,0,,,1,0,0
B010,2025-05-04 18:00:00,2,611E2360,0,,79.3,1,0,1
B010,2025-05-04 19:00:00,0,611H7406,0,,110.5,1,0,1
B010,2025-05-04 19:00:00,1,611T2300,0,,,1,0,0
B010,2025-05-04 19:00:00,2,611E2360,0,,79.3,1,0,1
B010,2025-05-04 20:00:00,0,611H7406,0,,110.5,1,0,1
B010,2025-05-04 20:00:00,1,611T2300,0,,,1,0,0
B010,2025-05-04 20:00:00,2,611E2360,0,,,1,0,0
B010,2025-05-04 21:00:00,0,611H7406,0,,110.5,1,0,1
B010,2025-05-04 21:00:00,1,611T2300,0,,,1,0,0
B010,2025-05-04 21:00:00,2,611E2360,0,,79.29,1,0,1
B010,2025-05-04 22:00:00,0,611H7406,0,,110.5,1,0,1
B010,2025-05-04 22:00:00,1,611T2300,0,,,1,0,0
B010,2025-05-04 22:00:00,2,611E2360,0,,79.31,1,0,1
B010,2025-05-04 23:00:00,0,611H7406,0,,110.5,1,0,1
B010,2025-05-04 23:00:00,1,611T2300,0,,,1,0,0
B010,2025-05-04 23:00:00,2,611E2360,0,,,1,0,0
B010,2025-05-05 00:00:00,0,611H7406,0,,110.5,1,0,1
B010,2025-05-05 00:00:00,1,611T2300,0,,,1,0,0
B010,2025-05-05 00:00:00,2,611E2360,0,,79.29,1,0,1
B010,2025-05-05 01:00:00,0,611H7406,5.194939211,,110.5,1,0,1
B010,2025-05-05 01:00:00,1,611T2300,1.672701392,,,1,0,0
B010,2025-05-05 01:00:00,2,611E2360,0.7860288652,,79.29,1,0,1
B010,2025-05-05 02:00:00,0,611H7406,0.2695980842,,110.5,1,0,1
B010,2025-05-05 02:00:00,1,611T2300,0.2042312196,,,1,0,0
B010,2025-05-05 02:00:00,2,611E2360,2.540967372,,79.29,1,0,1
B010,2025-05-05 03:00:00,0,611H7406,0.007406675504,,110.98,1,0,1
B010,2025-05-05 03:00:00,1,611T2300,0.03824862058,,,1,0,0
B010,2025-05-05 03:00:00,2,611E2360,0.8491278889,,79.28,1,0,1
B010,2025-05-05 04:00:00,0,611H7406,0,,110.59,1,0,1
B010,2025-05-05 04:00:00,1,611T2300,0.0760203183,,,1,0,0
B010,2025-05-05 04:00:00,2,611E2360,0.1224497511,,79.28,1,0,1
B010,2025-05-05 05:00:00,0,611H7406,0,,110.54,1,0,1
B010,2025-05-05 05:00:00,1,611T2300,0,,,1,0,0
B010,2025-05-05 05:00:00,2,611E2360,0,,,1,0,0
B010,2025-05-05 06:00:00,0,611H7406,0.1310957043,,110.6,1,0,1
B010,2025-05-05 06:00:00,1,611T2300,0.4623256246,,,1,0,0
B010,2025-05-05 06:00:00,2,611E2360,0.4849867831,,79.56,1,0,1
B010,2025-05-05 07:00:00,0,611H7406,5.603039675,,110.53,1,0,1
B010,2025-05-05 07:00:00,1,611T2300,2.362454551,,,1,0,0
B010,2025-05-05 07:00:00,2,611E2360,0.1914249207,,,1,0,0
B010,2025-05-05 08:00:00,0,611H7406,0,,110.55,1,0,1
B010,2025-05-05 08:00:00,1,611T2300,0,,,1,0,0
B010,2025-05-05 08:00:00,2,611E2360,0,,79.53,1,0,1
B010,2025-05-05 09:00:00,0,611H7406,0,,110.53,1,0,1
B010,2025-05-05 09:00:00,1,611T2300,0,,,1,0,0
B010,2025-05-05 09:00:00,2,611E2360,0,,79.5,1,0,1
B010,2025-05-05 10:00:00,0,611H7406,0,,110.52,1,0,1
B010,2025-05-05 10:00:00,1,611T2300,0,,,1,0,0
B010,2025-05-05 10:00:00,2,611E2360,0,,79.46,1,0,1
B010,2025-05-05 11:00:00,0,611H7406,0,,110.5,1,0,1
B010,2025-05-05 11:00:00,1,611T2300,0,,,1,0,0
B010,2025-05-05 11:00:00,2,611E2360,0,,79.45,1,0,1
B010,2025-05-05 12:00:00,0,611H7406,0,,110.5,1,0,1
B010,2025-05-05 12:00:00,1,611T2300,0,,,1,0,0
B010,2025-05-05 12:00:00,2,611E2360,0,,79.45,1,0,1
B010,2025-05-05 13:00:00,0,611H7406,0,,110.5,1,0,1
B010,2025-05-05 13:00:00,1,611T2300,0,,,1,0,0
B010,2025-05-05 13:00:00,2,611E2360,0,,79.44,1,0,1
B010,2025-05-05 14:00:00,0,611H7406,0,,110.5,1,0,1
B010,2025-05-05 14:00:00,1,611T2300,0,,,1,0,0
B010,2025-05-05 14:00:00,2,611E2360,0,,79.44,1,0,1
B010,2025-05-05 15:00:00,0,611H7406,0,,110.5,1,0,1
B010,2025-05-05 15:00:00,1,611T2300,0,,,1,0,0
B010,2025-05-05 15:00:00,2,611E2360,0,,,1,0,0
B010,2025-05-05 16:00:00,0,611H7406,0,,110.5,1,0,1
B010,2025-05-05 16:00:00,1,611T2300,0,,,1,0,0
B010,2025-05-05 16:00:00,2,611E2360,0,,79.42,1,0,1
B010,2025-05-05 17:00:00,0,611H7406,0,,110.5,1,0,1
B010,2025-05-05 17:00:00,1,611T2300,0,,,1,0,0
B010,2025-05-05 17:00:00,2,611E2360,0,,,1,0,0
B010,2025-05-05 18:00:00,0,611H7406,0,,110.5,1,0,1
B010,2025-05-05 18:00:00,1,611T2300,0,,,1,0,0
B010,2025-05-05 18:00:00,2,611E2360,0,,79.4,1,0,1
B010,2025-05-05 19:00:00,0,611H7406,0,,110.5,1,0,1
B010,2025-05-05 19:00:00,1,611T2300,0,,,1,0,0
B010,2025-05-05 19:00:00,2,611E2360,0,,79.39,1,0,1
B010,2025-05-05 20:00:00,0,611H7406,0,,110.5,1,0,1
B010,2025-05-05 20:00:00,1,611T2300,0,,,1,0,0
B010,2025-05-05 20:00:00,2,611E2360,0,,79.38,1,0,1
B010,2025-05-05 21:00:00,0,611H7406,0,,110.5,1,0,1
B010,2025-05-05 21:00:00,1,611T2300,0,,,1,0,0
B010,2025-05-05 21:00:00,2,611E2360,0,,,1,0,0
B010,2025-05-05 22:00:00,0,611H7406,0,,110.5,1,0,1
B010,2025-05-05 22:00:00,1,611T2300,0,,,1,0,0
B010,2025-05-05 22:00:00,2,611E2360,0,,79.38,1,0,1
B010,2025-05-05 23:00:00,0,611H7406,0,,110.5,1,0,1
B010,2025-05-05 23:00:00,1,611T2300,0,,,1,0,0
B010,2025-05-05 23:00:00,2,611E2360,0,,79.37,1,0,1
B010,2025-05-06 00:00:00,0,611H7406,0,,110.5,1,0,1
B010,2025-05-06 00:00:00,1,611T2300,0,,,1,0,0
B010,2025-05-06 00:00:00,2,611E2360,0,,79.37,1,0,1
B010,2025-05-06 01:00:00,0,611H7406,0,,110.5,1,0,1
B010,2025-05-06 01:00:00,1,611T2300,0,,,1,0,0
B010,2025-05-06 01:00:00,2,611E2360,0,,79.37,1,0,1
B010,2025-05-06 02:00:00,0,611H7406,0,,110.5,1,0,1
B010,2025-05-06 02:00:00,1,611T2300,0,,,1,0,0
B010,2025-05-06 02:00:00,2,611E2360,0,,79.37,1,0,1
B010,2025-05-06 03:00:00,0,611H7406,0,,110.5,1,0,1
B010,2025-05-06 03:00:00,1,611T2300,0,,,1,0,0
B010,2025-05-06 03:00:00,2,611E2360,0,,79.36,1,0,1
B010,2025-05-06 04:00:00,0,611H7406,0,,110.5,1,0,1
B010,2025-05-06 04:00:00,1,611T2300,0,,,1,0,0
B010,2025-05-06 04:00:00,2,611E2360,0,,79.35,1,0,1
B010,2025-05-06 05:00:00,0,611H7406,0,,110.5,1,0,1
B010,2025-05-06 05:00:00,1,611T2300,0,,,1,0,0
B010,2025-05-06 05:00:00,2,611E2360,0,,79.34,1,0,1
B010,2025-05-06 06:00:00,0,611H7406,0,,110.5,1,0,1
B010,2025-05-06 06:00:00,1,611T2300,0,,,1,0,0
B010,2025-05-06 06:00:00,2,611E2360,0,,,1,0,0
B010,2025-05-06 07:00:00,0,611H7406,0,,110.5,1,0,1
B010,2025-05-06 07:00:00,1,611T2300,0,,,1,0,0
B010,2025-05-06 07:00:00,2,611E2360,0,,79.34,1,0,1
B010,2025-05-06 08:00:00,0,611H7406,0,,110.5,1,0,1
B010,2025-05-06 08:00:00,1,611T2300,0,,,1,0,0
B010,2025-05-06 08:00:00,2,611E2360,0,,79.33,1,0,1
B010,2025-05-06 09:00:00,0,611H7406,0,,110.5,1,0,1
B010,2025-05-06 09:00:00,1,611T2300,0,,,1,0,0
B010,2025-05-06 09:00:00,2,611E2360,0,,79.32,1,0,1
B010,2025-05-06 10:00:00,0,611H7406,0,,110.5,1,0,1
B010,2025-05-06 10:00:00,1,611T2300,0,,,1,0,0
B010,2025-05-06 10:00:00,2,611E2360,0,,79.32,1,0,1
B010,2025-05-06 11:00:00,0,611H7406,0,,110.5,1,0,1
B010,2025-05-06 11:00:00,1,611T2300,0,,,1,0,0
B010,2025-05-06 11:00:00,2,611E2360,0,,,1,0,0
B010,2025-05-06 12:00:00,0,611H7406,0,,110.5,1,0,1
B010,2025-05-06 12:00:00,1,611T2300,0,,,1,0,0
B010,2025-05-06 12:00:00,2,611E2360,0,,79.32,1,0,1
B010,2025-05-06 13:00:00,0,611H7406,0,,110.5,1,0,1
B010,2025-05-06 13:00:00,1,611T2300,0,,,1,0,0
B010,2025-05-06 13:00:00,2,611E2360,0,,79.32,1,0,1
B010,2025-05-06 14:00:00,0,611H7406,0,,110.5,1,0,1
B010,2025-05-06 14:00:00,1,611T2300,0,,,1,0,0
B010,2025-05-06 14:00:00,2,611E2360,0,,,1,0,0
B010,2025-05-06 15:00:00,0,611H7406,0,,110.5,1,0,1
B010,2025-05-06 15:00:00,1,611T2300,0,,,1,0,0
B010,2025-05-06 15:00:00,2,611E2360,0,,79.33,1,0,1
B010,2025-05-06 16:00:00,0,611H7406,0,,,1,0,0
B010,2025-05-06 16:00:00,1,611T2300,0,,,1,0,0
B010,2025-05-06 16:00:00,2,611E2360,0,,79.33,1,0,1
B010,2025-05-06 17:00:00,0,611H7406,0,,,1,0,0
B010,2025-05-06 17:00:00,1,611T2300,0,,,1,0,0
B010,2025-05-06 17:00:00,2,611E2360,0,,,1,0,0
B010,2025-05-06 18:00:00,0,611H7406,0,,110.5,1,0,1
B010,2025-05-06 18:00:00,1,611T2300,0,,,1,0,0
B010,2025-05-06 18:00:00,2,611E2360,0,,79.33,1,0,1
B010,2025-05-06 19:00:00,0,611H7406,0,,110.5,1,0,1
B010,2025-05-06 19:00:00,1,611T2300,0,,,1,0,0
B010,2025-05-06 19:00:00,2,611E2360,0,,,1,0,0
B010,2025-05-06 20:00:00,0,611H7406,0.1162823533,,110.5,1,0,1
B010,2025-05-06 20:00:00,1,611T2300,0.04167651194,,,1,0,0
B010,2025-05-06 20:00:00,2,611E2360,0,,79.32,1,0,1
B010,2025-05-06 21:00:00,0,611H7406,0,,110.5,1,0,1
B010,2025-05-06 21:00:00,1,611T2300,0,,,1,0,0
B010,2025-05-06 21:00:00,2,611E2360,0,,79.34,1,0,1
B010,2025-05-06 22:00:00,0,611H7406,0.1236890288,,110.5,1,0,1
B010,2025-05-06 22:00:00,1,611T2300,0.06554524451,,,1,0,0
B010,2025-05-06 22:00:00,2,611E2360,0.1224497511,,,1,0,0
B010,2025-05-06 23:00:00,0,611H7406,0.007406675504,,110.5,1,0,1
B010,2025-05-06 23:00:00,1,611T2300,0.02386873257,,,1,0,0
B010,2025-05-06 23:00:00,2,611E2360,0.1208456774,,79.33,1,0,1
B010,2025-05-07 00:00:00,0,611H7406,0,,110.5,1,0,1
B010,2025-05-07 00:00:00,1,611T2300,0,,,1,0,0
B010,2025-05-07 00:00:00,2,611E2360,0,,79.32,1,0,1
B010,2025-05-07 01:00:00,0,611H7406,0,,110.5,1,0,1
B010,2025-05-07 01:00:00,1,611T2300,0.1104355055,,,1,0,0
B010,2025-05-07 01:00:00,2,611E2360,0,,,1,0,0
B010,2025-05-07 02:00:00,0,611H7406,0,,110.5,1,0,1
B010,2025-05-07 02:00:00,1,611T2300,0,,,1,0,0
B010,2025-05-07 02:00:00,2,611E2360,0,,79.32,1,0,1
B010,2025-05-07 03:00:00,0,611H7406,0,,110.5,1,0,1
B010,2025-05-07 03:00:00,1,611T2300,0,,,1,0,0
B010,2025-05-07 03:00:00,2,611E2360,0,,79.32,1,0,1
B010,2025-05-07 04:00:00,0,611H7406,0,,110.5,1,0,1
B010,2025-05-07 04:00:00,1,611T2300,0,,,1,0,0
B010,2025-05-07 04:00:00,2,611E2360,0,,79.3,1,0,1
B010,2025-05-07 05:00:00,0,611H7406,0,,110.5,1,0,1
B010,2025-05-07 05:00:00,1,611T2300,0,,,1,0,0
B010,2025-05-07 05:00:00,2,611E2360,0,,79.29,1,0,1
B010,2025-05-07 06:00:00,0,611H7406,0,,110.5,1,0,1
B010,2025-05-07 06:00:00,1,611T2300,0.04160513115,,,1,0,0
B010,2025-05-07 06:00:00,2,611E2360,0.2416913547,,79.3,1,0,1
B010,2025-05-07 07:00:00,0,611H7406,1.338414508,,110.5,1,0,1
B010,2025-05-07 07:00:00,1,611T2300,0.1072217565,,,1,0,0
B010,2025-05-07 07:00:00,2,611E2360,0.1224497511,,79.31,1,0,1
B010,2025-05-07 08:00:00,0,611H7406,0.1236890288,,110.5,1,0,1
B010,2025-05-07 08:00:00,1,611T2300,0.06554524451,,,1,0,0
B010,2025-05-07 08:00:00,2,611E2360,0.1208456774,,79.31,1,0,1
B010,2025-05-20 22:00:00,0,611H7406,0,,,1,0,0
B010,2025-05-20 22:00:00,1,611T2300,0,,,1,0,0
B010,2025-05-20 22:00:00,2,611E2360,0,,79.31,1,0,1
B010,2025-05-20 23:00:00,0,611H7406,0,,,1,0,0
B010,2025-05-20 23:00:00,1,611T2300,0,,,1,0,0
B010,2025-05-20 23:00:00,2,611E2360,0,,79.32,1,0,1
B010,2025-05-21 00:00:00,0,611H7406,0,,,1,0,0
B010,2025-05-21 00:00:00,1,611T2300,0,,,1,0,0
B010,2025-05-21 00:00:00,2,611E2360,0,,79.43,1,0,1
B010,2025-05-21 01:00:00,0,611H7406,0,,,1,0,0
B010,2025-05-21 01:00:00,1,611T2300,0,,,1,0,0
B010,2025-05-21 01:00:00,2,611E2360,0,,,1,0,0
B010,2025-05-21 02:00:00,0,611H7406,0,,,1,0,0
B010,2025-05-21 02:00:00,1,611T2300,0,,,1,0,0
B010,2025-05-21 02:00:00,2,611E2360,0,,79.41,1,0,1
B010,2025-05-21 03:00:00,0,611H7406,0,,,1,0,0
B010,2025-05-21 03:00:00,1,611T2300,0,,,1,0,0
B010,2025-05-21 03:00:00,2,611E2360,0,,79.38,1,0,1
B010,2025-05-21 04:00:00,0,611H7406,0,,,1,0,0
B010,2025-05-21 04:00:00,1,611T2300,0,,,1,0,0
B010,2025-05-21 04:00:00,2,611E2360,0,,79.35,1,0,1
B010,2025-05-21 05:00:00,0,611H7406,0,,,1,0,0
B010,2025-05-21 05:00:00,1,611T2300,0,,,1,0,0
B010,2025-05-21 05:00:00,2,611E2360,0,,79.35,1,0,1
B010,2025-05-21 06:00:00,0,611H7406,0,,,1,0,0
B010,2025-05-21 06:00:00,1,611T2300,0,,,1,0,0
B010,2025-05-21 06:00:00,2,611E2360,0,,,1,0,0
B010,2025-05-21 07:00:00,0,611H7406,6.628094139,,,1,0,0
B010,2025-05-21 07:00:00,1,611T2300,0.279683225,,,1,0,0
B010,2025-05-21 07:00:00,2,611E2360,0.1529271516,,79.34,1,0,1
B010,2025-05-21 08:00:00,0,611H7406,0,,,1,0,0
B010,2025-05-21 08:00:00,1,611T2300,0,,,1,0,0
B010,2025-05-21 08:00:00,2,611E2360,0,,79.34,1,0,1
B010,2025-05-21 09:00:00,0,611H7406,0,,,1,0,0
B010,2025-05-21 09:00:00,1,611T2300,0,,,1,0,0
B010,2025-05-21 09:00:00,2,611E2360,0,,79.33,1,0,1
B010,2025-05-21 10:00:00,0,611H7406,0.1162823533,,,1,0,0
B010,2025-05-21 10:00:00,1,611T2300,0.004864676789,,,1,0,0
B010,2025-05-21 10:00:00,2,611E2360,0,,79.33,1,0,1
B010,2025-05-21 11:00:00,0,611H7406,0,,,1,0,0
B010,2025-05-21 11:00:00,1,611T2300,0,,,1,0,0
B010,2025-05-21 11:00:00,2,611E2360,0,,79.32,1,0,1
B010,2025-05-21 12:00:00,0,611H7406,0,,,1,0,0
B010,2025-05-21 12:00:00,1,611T2300,0,,,1,0,0
B010,2025-05-21 12:00:00,2,611E2360,0,,79.32,1,0,1
B010,2025-05-21 13:00:00,0,611H7406,0,,,1,0,0
B010,2025-05-21 13:00:00,1,611T2300,0,,,1,0,0
B010,2025-05-21 13:00:00,2,611E2360,0,,79.32,1,0,1
B010,2025-05-21 14:00:00,0,611H7406,0,,,1,0,0
B010,2025-05-21 14:00:00,1,611T2300,0,,,1,0,0
B010,2025-05-21 14:00:00,2,611E2360,0,,,1,0,0
B010,2025-05-21 15:00:00,0,611H7406,0,,,1,0,0
B010,2025-05-21 15:00:00,1,611T2300,0,,,1,0,0
B010,2025-05-21 15:00:00,2,611E2360,0,,79.3,1,0,1
B010,2025-05-21 16:00:00,0,611H7406,0,,,1,0,0
B010,2025-05-21 16:00:00,1,611T2300,0,,,1,0,0
B010,2025-05-21 16:00:00,2,611E2360,0,,79.3,1,0,1
B010,2025-05-21 17:00:00,0,611H7406,0,,,1,0,0
B010,2025-05-21 17:00:00,1,611T2300,0,,,1,0,0
B010,2025-05-21 17:00:00,2,611E2360,0,,79.3,1,0,1
B010,2025-05-21 18:00:00,0,611H7406,0,,,1,0,0
B010,2025-05-21 18:00:00,1,611T2300,0,,,1,0,0
B010,2025-05-21 18:00:00,2,611E2360,0,,,1,0,0
B010,2025-05-21 19:00:00,0,611H7406,0,,,1,0,0
B010,2025-05-21 19:00:00,1,611T2300,0,,,1,0,0
B010,2025-05-21 19:00:00,2,611E2360,0,,79.3,1,0,1
B010,2025-05-21 20:00:00,0,611H7406,0,,,1,0,0
B010,2025-05-21 20:00:00,1,611T2300,0,,,1,0,0
B010,2025-05-21 20:00:00,2,611E2360,0,,79.32,1,0,1
B010,2025-05-21 21:00:00,0,611H7406,0,,,1,0,0
B010,2025-05-21 21:00:00,1,611T2300,0,,,1,0,0
B010,2025-05-21 21:00:00,2,611E2360,0,,,1,0,0
B010,2025-05-21 22:00:00,0,611H7406,0,,,1,0,0
B010,2025-05-21 22:00:00,1,611T2300,0,,,1,0,0
B010,2025-05-21 22:00:00,2,611E2360,0,,79.32,1,0,1
B010,2025-05-21 23:00:00,0,611H7406,0,,,1,0,0
B010,2025-05-21 23:00:00,1,611T2300,0,,,1,0,0
B010,2025-05-21 23:00:00,2,611E2360,0,,,1,0,0
B010,2025-05-22 00:00:00,0,611H7406,0,,,1,0,0
B010,2025-05-22 00:00:00,1,611T2300,0,,,1,0,0
B010,2025-05-22 00:00:00,2,611E2360,0,,79.31,1,0,1
B010,2025-05-22 01:00:00,0,611H7406,0,,,1,0,0
B010,2025-05-22 01:00:00,1,611T2300,0,,,1,0,0
B010,2025-05-22 01:00:00,2,611E2360,0,,,1,0,0
B010,2025-05-22 02:00:00,0,611H7406,0,,,1,0,0
B010,2025-05-22 02:00:00,1,611T2300,0,,,1,0,0
B010,2025-05-22 02:00:00,2,611E2360,0,,79.31,1,0,1
B010,2025-05-22 03:00:00,0,611H7406,0,,,1,0,0
B010,2025-05-22 03:00:00,1,611T2300,0,,,1,0,0
B010,2025-05-22 03:00:00,2,611E2360,0,,79.3,1,0,1
B010,2025-05-22 04:00:00,0,611H7406,0,,,1,0,0
B010,2025-05-22 04:00:00,1,611T2300,0,,,1,0,0
B010,2025-05-22 04:00:00,2,611E2360,0,,79.29,1,0,1
B010,2025-05-22 05:00:00,0,611H7406,0,,,1,0,0
B010,2025-05-22 05:00:00,1,611T2300,0,,,1,0,0
B010,2025-05-22 05:00:00,2,611E2360,0,,,1,0,0
B010,2025-05-22 06:00:00,0,611H7406,0,,,1,0,0
B010,2025-05-22 06:00:00,1,611T2300,0,,,1,0,0
B010,2025-05-22 06:00:00,2,611E2360,0,,79.29,1,0,1
B010,2025-05-22 07:00:00,0,611H7406,0.1162823533,,,1,0,0
B010,2025-05-22 07:00:00,1,611T2300,0.004864676789,,,1,0,0
B010,2025-05-22 07:00:00,2,611E2360,0,,79.29,1,0,1
B010,2025-05-22 08:00:00,0,611H7406,0,,,1,0,0
B010,2025-05-22 08:00:00,1,611T2300,0,,,1,0,0
B010,2025-05-22 08:00:00,2,611E2360,0,,79.28,1,0,1
B010,2025-05-22 09:00:00,0,611H7406,0,,,1,0,0
B010,2025-05-22 09:00:00,1,611T2300,0,,,1,0,0
B010,2025-05-22 09:00:00,2,611E2360,0,,79.28,1,0,1
B010,2025-05-22 10:00:00,0,611H7406,0,,,1,0,0
B010,2025-05-22 10:00:00,1,611T2300,0,,,1,0,0
B010,2025-05-22 10:00:00,2,611E2360,0,,,1,0,0
B010,2025-05-22 11:00:00,0,611H7406,0,,,1,0,0
B010,2025-05-22 11:00:00,1,611T2300,0,,,1,0,0
B010,2025-05-22 11:00:00,2,611E2360,0,,79.28,1,0,1
B010,2025-05-22 12:00:00,0,611H7406,0,,,1,0,0
B010,2025-05-22 12:00:00,1,611T2300,0,,,1,0,0
B010,2025-05-22 12:00:00,2,611E2360,0,,79.28,1,0,1
B010,2025-05-22 13:00:00,0,611H7406,0,,,1,0,0
B010,2025-05-22 13:00:00,1,611T2300,0,,,1,0,0
B010,2025-05-22 13:00:00,2,611E2360,0,,79.28,1,0,1
B010,2025-05-22 14:00:00,0,611H7406,0,,,1,0,0
B010,2025-05-22 14:00:00,1,611T2300,0,,,1,0,0
B010,2025-05-22 14:00:00,2,611E2360,0,,79.28,1,0,1
B010,2025-05-22 15:00:00,0,611H7406,0,,,1,0,0
B010,2025-05-22 15:00:00,1,611T2300,0,,,1,0,0
B010,2025-05-22 15:00:00,2,611E2360,0,,,1,0,0
B010,2025-05-22 16:00:00,0,611H7406,0,,,1,0,0
B010,2025-05-22 16:00:00,1,611T2300,0,,,1,0,0
B010,2025-05-22 16:00:00,2,611E2360,0,,79.28,1,0,1
B010,2025-05-22 17:00:00,0,611H7406,0,,,1,0,0
B010,2025-05-22 17:00:00,1,611T2300,0,,,1,0,0
B010,2025-05-22 17:00:00,2,611E2360,0,,79.27,1,0,1
B010,2025-05-22 18:00:00,0,611H7406,0,,,1,0,0
B010,2025-05-22 18:00:00,1,611T2300,0,,,1,0,0
B010,2025-05-22 18:00:00,2,611E2360,0,,79.27,1,0,1
B010,2025-05-22 19:00:00,0,611H7406,0,,,1,0,0
B010,2025-05-22 19:00:00,1,611T2300,0,,,1,0,0
B010,2025-05-22 19:00:00,2,611E2360,0,,79.27,1,0,1
B010,2025-05-22 20:00:00,0,611H7406,0,,,1,0,0
B010,2025-05-22 20:00:00,1,611T2300,0,,,1,0,0
B010,2025-05-22 20:00:00,2,611E2360,0,,79.27,1,0,1
B010,2025-05-22 21:00:00,0,611H7406,0,,,1,0,0
B010,2025-05-22 21:00:00,1,611T2300,0,,,1,0,0
B010,2025-05-22 21:00:00,2,611E2360,0,,,1,0,0
B010,2025-05-22 22:00:00,0,611H7406,0.6976941199,,,1,0,0
B010,2025-05-22 22:00:00,1,611T2300,0.02918806073,,,1,0,0
B010,2025-05-22 22:00:00,2,611E2360,0,,79.28,1,0,1
B010,2025-05-22 23:00:00,0,611H7406,3.4884706,,,1,0,0
B010,2025-05-22 23:00:00,1,611T2300,2.688836297,,,1,0,0
B010,2025-05-22 23:00:00,2,611E2360,9.470876898,,79.32,1,0,1
B010,2025-05-23 00:00:00,0,611H7406,0.9302588266,,,1,0,0
B010,2025-05-23 00:00:00,1,611T2300,0.8812790471,,,1,0,0
B010,2025-05-23 00:00:00,2,611E2360,9.066633949,,79.49,1,0,1
B010,2025-05-23 01:00:00,0,611H7406,0.9302588266,,,1,0,0
B010,2025-05-23 01:00:00,1,611T2300,0.3870004667,,,1,0,0
B010,2025-05-23 01:00:00,2,611E2360,0.8491278889,,79.7,1,0,1
B010,2025-05-23 02:00:00,0,611H7406,1.627952946,,,1,0,0
B010,2025-05-23 02:00:00,1,611T2300,1.045920906,,,1,0,0
B010,2025-05-23 02:00:00,2,611E2360,2.921149215,,,1,0,0
B010,2025-05-23 03:00:00,0,611H7406,0.1162823533,,,1,0,0
B010,2025-05-23 03:00:00,1,611T2300,0.0192445648,,,1,0,0
B010,2025-05-23 03:00:00,2,611E2360,0.731490359,,80,1,0,1
B010,2025-05-23 04:00:00,0,611H7406,0,,,1,0,0
B010,2025-05-23 04:00:00,1,611T2300,0,,,1,0,0
B010,2025-05-23 04:00:00,2,611E2360,0,,80.2,1,0,1
B010,2025-05-23 05:00:00,0,611H7406,0,,,1,0,0
B010,2025-05-23 05:00:00,1,611T2300,0,,,1,0,0
B010,2025-05-23 05:00:00,2,611E2360,0,,,1,0,0
B010,2025-05-23 06:00:00,0,611H7406,0,,,1,0,0
B010,2025-05-23 06:00:00,1,611T2300,0,,,1,0,0
B010,2025-05-23 06:00:00,2,611E2360,0,,80.21,1,0,1
B010,2025-05-23 07:00:00,0,611H7406,7.790917673,,,1,0,0
B010,2025-05-23 07:00:00,1,611T2300,5.051469343,,,1,0,0
B010,2025-05-23 07:00:00,2,611E2360,22.9606787,,80.15,1,0,1
B010,2025-05-23 08:00:00,0,611H7406,0,,,1,0,0
B010,2025-05-23 08:00:00,1,611T2300,0,,,1,0,0
B010,2025-05-23 08:00:00,2,611E2360,0,,79.99,1,0,1
B010,2025-05-23 09:00:00,0,611H7406,0,,,1,0,0
B010,2025-05-23 09:00:00,1,611T2300,0,,,1,0,0
B010,2025-05-23 09:00:00,2,611E2360,0,,,1,0,0
B010,2025-05-23 10:00:00,0,611H7406,0,,,1,0,0
B010,2025-05-23 10:00:00,1,611T2300,0,,,1,0,0
B010,2025-05-23 10:00:00,2,611E2360,0,,79.9,1,0,1
B010,2025-05-23 11:00:00,0,611H7406,0,,,1,0,0
B010,2025-05-23 11:00:00,1,611T2300,0,,,1,0,0
B010,2025-05-23 11:00:00,2,611E2360,0,,79.83,1,0,1
B010,2025-05-23 12:00:00,0,611H7406,0,,,1,0,0
B010,2025-05-23 12:00:00,1,611T2300,0,,,1,0,0
B010,2025-05-23 12:00:00,2,611E2360,0,,,1,0,0
B010,2025-05-23 13:00:00,0,611H7406,0,,,1,0,0
B010,2025-05-23 13:00:00,1,611T2300,0,,,1,0,0
B010,2025-05-23 13:00:00,2,611E2360,0,,79.69,1,0,1
B010,2025-05-23 14:00:00,0,611H7406,0,,,1,0,0
B010,2025-05-23 14:00:00,1,611T2300,0,,,1,0,0
B010,2025-05-23 14:00:00,2,611E2360,0,,,1,0,0
B010,2025-05-23 15:00:00,0,611H7406,0,,,1,0,0
B010,2025-05-23 15:00:00,1,611T2300,0,,,1,0,0
B010,2025-05-23 15:00:00,2,611E2360,0,,79.66,1,0,1
B010,2025-05-23 16:00:00,0,611H7406,0,,,1,0,0
B010,2025-05-23 16:00:00,1,611T2300,0,,,1,0,0
B010,2025-05-23 16:00:00,2,611E2360,0,,79.64,1,0,1
B010,2025-05-23 17:00:00,0,611H7406,0,,,1,0,0
B010,2025-05-23 17:00:00,1,611T2300,0,,,1,0,0
B010,2025-05-23 17:00:00,2,611E2360,0,,79.61,1,0,1
B010,2025-05-23 18:00:00,0,611H7406,0,,,1,0,0
B010,2025-05-23 18:00:00,1,611T2300,0,,,1,0,0
B010,2025-05-23 18:00:00,2,611E2360,0,,79.58,1,0,1
B010,2025-05-23 19:00:00,0,611H7406,0,,,1,0,0
B010,2025-05-23 19:00:00,1,611T2300,0,,,1,0,0
B010,2025-05-23 19:00:00,2,611E2360,0,,,1,0,0
B010,2025-05-23 20:00:00,0,611H7406,0,,,1,0,0
B010,2025-05-23 20:00:00,1,611T2300,0,,,1,0,0
B010,2025-05-23 20:00:00,2,611E2360,0,,79.56,1,0,1
B010,2025-05-23 21:00:00,0,611H7406,0,,,1,0,0
B010,2025-05-23 21:00:00,1,611T2300,0,,,1,0,0
B010,2025-05-23 21:00:00,2,611E2360,0,,79.54,1,0,1
B010,2025-05-23 22:00:00,0,611H7406,0,,,1,0,0
B010,2025-05-23 22:00:00,1,611T2300,0,,,1,0,0
B010,2025-05-23 22:00:00,2,611E2360,0,,79.53,1,0,1
B010,2025-05-23 23:00:00,0,611H7406,0,,,1,0,0
B010,2025-05-23 23:00:00,1,611T2300,0,,,1,0,0
B010,2025-05-23 23:00:00,2,611E2360,0,,79.5,1,0,1
B010,2025-05-24 00:00:00,0,611H7406,0,,,1,0,0
B010,2025-05-24 00:00:00,1,611T2300,0,,,1,0,0
B010,2025-05-24 00:00:00,2,611E2360,0,,,1,0,0
B010,2025-05-24 01:00:00,0,611H7406,0,,,1,0,0
B010,2025-05-24 01:00:00,1,611T2300,0,,,1,0,0
B010,2025-05-24 01:00:00,2,611E2360,0,,79.5,1,0,1
B010,2025-05-24 02:00:00,0,611H7406,0,,,1,0,0
B010,2025-05-24 02:00:00,1,611T2300,0,,,1,0,0
B010,2025-05-24 02:00:00,2,611E2360,0,,79.47,1,0,1
B010,2025-05-24 03:00:00,0,611H7406,0,,,1,0,0
B010,2025-05-24 03:00:00,1,611T2300,0,,,1,0,0
B010,2025-05-24 03:00:00,2,611E2360,0,,,1,0,0
B010,2025-05-24 04:00:00,0,611H7406,0,,,1,0,0
B010,2025-05-24 04:00:00,1,611T2300,0,,,1,0,0
B010,2025-05-24 04:00:00,2,611E2360,0,,79.46,1,0,1
B010,2025-05-24 05:00:00,0,611H7406,0,,,1,0,0
B010,2025-05-24 05:00:00,1,611T2300,0,,,1,0,0
B010,2025-05-24 05:00:00,2,611E2360,0,,79.46,1,0,1
B010,2025-05-24 06:00:00,0,611H7406,0,,,1,0,0
B010,2025-05-24 06:00:00,1,611T2300,0,,,1,0,0
B010,2025-05-24 06:00:00,2,611E2360,0,,79.45,1,0,1
B010,2025-05-24 07:00:00,0,611H7406,0,,,1,0,0
B010,2025-05-24 07:00:00,1,611T2300,0,,,1,0,0
B010,2025-05-24 07:00:00,2,611E2360,0,,79.44,1,0,1
B010,2025-05-24 08:00:00,0,611H7406,0,,,1,0,0
B010,2025-05-24 08:00:00,1,611T2300,0,,,1,0,0
B010,2025-05-24 08:00:00,2,611E2360,0,,79.44,1,0,1
B010,2025-05-24 09:00:00,0,611H7406,0,,,1,0,0
B010,2025-05-24 09:00:00,1,611T2300,0,,,1,0,0
B010,2025-05-24 09:00:00,2,611E2360,0,,,1,0,0
B010,2025-05-24 10:00:00,0,611H7406,0,,,1,0,0
B010,2025-05-24 10:00:00,1,611T2300,0,,,1,0,0
B010,2025-05-24 10:00:00,2,611E2360,0,,79.42,1,0,1
B010,2025-05-24 11:00:00,0,611H7406,0,,,1,0,0
B010,2025-05-24 11:00:00,1,611T2300,0,,,1,0,0
B010,2025-05-24 11:00:00,2,611E2360,0,,,1,0,0
B010,2025-05-24 12:00:00,0,611H7406,0,,,1,0,0
B010,2025-05-24 12:00:00,1,611T2300,0,,,1,0,0
B010,2025-05-24 12:00:00,2,611E2360,0,,79.41,1,0,1
B010,2025-05-24 13:00:00,0,611H7406,0,,,1,0,0
B010,2025-05-24 13:00:00,1,611T2300,0,,,1,0,0
B010,2025-05-24 13:00:00,2,611E2360,0,,79.4,1,0,1
B010,2025-05-24 14:00:00,0,611H7406,0,,,1,0,0
B010,2025-05-24 14:00:00,1,611T2300,0,,,1,0,0
B010,2025-05-24 14:00:00,2,611E2360,0,,79.39,1,0,1
B010,2025-05-24 15:00:00,0,611H7406,0,,,1,0,0
B010,2025-05-24 15:00:00,1,611T2300,0,,,1,0,0
B010,2025-05-24 15:00:00,2,611E2360,0,,79.39,1,0,1
B010,2025-05-24 16:00:00,0,611H7406,0,,,1,0,0
B010,2025-05-24 16:00:00,1,611T2300,0,,,1,0,0
B010,2025-05-24 16:00:00,2,611E2360,0,,79.38,1,0,1
B010,2025-05-24 17:00:00,0,611H7406,0,,,1,0,0
B010,2025-05-24 17:00:00,1,611T2300,0,,,1,0,0
B010,2025-05-24 17:00:00,2,611E2360,0,,,1,0,0
B010,2025-05-24 18:00:00,0,611H7406,0,,,1,0,0
B010,2025-05-24 18:00:00,1,611T2300,0,,,1,0,0
B010,2025-05-24 18:00:00,2,611E2360,0,,79.38,1,0,1
B010,2025-05-24 19:00:00,0,611H7406,0,,,1,0,0
B010,2025-05-24 19:00:00,1,611T2300,0,,,1,0,0
B010,2025-05-24 19:00:00,2,611E2360,0,,79.38,1,0,1
B010,2025-05-24 20:00:00,0,611H7406,0,,,1,0,0
B010,2025-05-24 20:00:00,1,611T2300,0,,,1,0,0
B010,2025-05-24 20:00:00,2,611E2360,0,,79.37,1,0,1
B010,2025-05-24 21:00:00,0,611H7406,0,,,1,0,0
B010,2025-05-24 21:00:00,1,611T2300,0,,,1,0,0
B010,2025-05-24 21:00:00,2,611E2360,0,,,1,0,0
B010,2025-05-24 22:00:00,0,611H7406,0,,,1,0,0
B010,2025-05-24 22:00:00,1,611T2300,0,,,1,0,0
B010,2025-05-24 22:00:00,2,611E2360,0,,79.37,1,0,1
B010,2025-05-24 23:00:00,0,611H7406,0,,,1,0,0
B010,2025-05-24 23:00:00,1,611T2300,0,,,1,0,0
B010,2025-05-24 23:00:00,2,611E2360,0,,79.37,1,0,1
B010,2025-05-25 00:00:00,0,611H7406,0,,,1,0,0
B010,2025-05-25 00:00:00,1,611T2300,0,,,1,0,0
B010,2025-05-25 00:00:00,2,611E2360,0,,,1,0,0
B010,2025-05-25 01:00:00,0,611H7406,0,,,1,0,0
B010,2025-05-25 01:00:00,1,611T2300,0,,,1,0,0
B010,2025-05-25 01:00:00,2,611E2360,0,,79.36,1,0,1
B010,2025-05-25 02:00:00,0,611H7406,0,,,1,0,0
B010,2025-05-25 02:00:00,1,611T2300,0,,,1,0,0
B010,2025-05-25 02:00:00,2,611E2360,0,,79.37,1,0,1
B010,2025-05-25 03:00:00,0,611H7406,0,,,1,0,0
B010,2025-05-25 03:00:00,1,611T2300,0,,,1,0,0
B010,2025-05-25 03:00:00,2,611E2360,0,,,1,0,0
B010,2025-05-25 04:00:00,0,611H7406,0,,,1,0,0
B010,2025-05-25 04:00:00,1,611T2300,0,,,1,0,0
B010,2025-05-25 04:00:00,2,611E2360,0,,79.35,1,0,1
B010,2025-05-25 05:00:00,0,611H7406,0.1162823533,,,1,0,0
B010,2025-05-25 05:00:00,1,611T2300,0.04407315994,,,1,0,0
B010,2025-05-25 05:00:00,2,611E2360,0.1224497511,,,1,0,0
B010,2025-05-25 06:00:00,0,611H7406,0,,,1,0,0
B010,2025-05-25 06:00:00,1,611T2300,0,,,1,0,0
B010,2025-05-25 06:00:00,2,611E2360,0,,79.35,1,0,1
B010,2025-05-25 07:00:00,0,611H7406,0.1162823533,,,1,0,0
B010,2025-05-25 07:00:00,1,611T2300,0.04407315994,,,1,0,0
B010,2025-05-25 07:00:00,2,611E2360,0.1224497511,,79.35,1,0,1
B010,2025-05-25 08:00:00,0,611H7406,0,,,1,0,0
B010,2025-05-25 08:00:00,1,611T2300,0,,,1,0,0
B010,2025-05-25 08:00:00,2,611E2360,0,,79.34,1,0,1
B010,2025-05-25 13:00:00,0,611H7406,0,,,1,0,0
B010,2025-05-25 13:00:00,1,611T2300,0,,,1,0,0
B010,2025-05-25 13:00:00,2,611E2360,0,,79.34,1,0,1
B010,2025-05-25 14:00:00,0,611H7406,0,,,1,0,0
B010,2025-05-25 14:00:00,1,611T2300,0,,,1,0,0
B010,2025-05-25 14:00:00,2,611E2360,0,,79.34,1,0,1
B010,2025-05-25 15:00:00,0,611H7406,0,,,1,0,0
B010,2025-05-25 15:00:00,1,611T2300,0,,,1,0,0
B010,2025-05-25 15:00:00,2,611E2360,0,,79.34,1,0,1
B010,2025-05-25 16:00:00,0,611H7406,0,,,1,0,0
B010,2025-05-25 16:00:00,1,611T2300,0,,,1,0,0
B010,2025-05-25 16:00:00,2,611E2360,0,,79.34,1,0,1
B010,2025-05-25 17:00:00,0,611H7406,0,,,1,0,0
B010,2025-05-25 17:00:00,1,611T2300,0,,,1,0,0
B010,2025-05-25 17:00:00,2,611E2360,0,,,1,0,0
B010,2025-05-25 18:00:00,0,611H7406,0,,,1,0,0
B010,2025-05-25 18:00:00,1,611T2300,0,,,1,0,0
B010,2025-05-25 18:00:00,2,611E2360,0,,79.34,1,0,1
B010,2025-05-25 19:00:00,0,611H7406,0,,,1,0,0
B010,2025-05-25 19:00:00,1,611T2300,0,,,1,0,0
B010,2025-05-25 19:00:00,2,611E2360,0,,79.34,1,0,1
B010,2025-05-25 20:00:00,0,611H7406,0,,,1,0,0
B010,2025-05-25 20:00:00,1,611T2300,0,,,1,0,0
B010,2025-05-25 20:00:00,2,611E2360,0,,79.34,1,0,1
B010,2025-05-25 21:00:00,0,611H7406,0,,,1,0,0
B010,2025-05-25 21:00:00,1,611T2300,0,,,1,0,0
B010,2025-05-25 21:00:00,2,611E2360,0,,79.33,1,0,1
B010,2025-05-25 22:00:00,0,611H7406,0,,,1,0,0
B010,2025-05-25 22:00:00,1,611T2300,0,,,1,0,0
B010,2025-05-25 22:00:00,2,611E2360,0,,,1,0,0
B010,2025-05-25 23:00:00,0,611H7406,0,,,1,0,0
B010,2025-05-25 23:00:00,1,611T2300,0,,,1,0,0
B010,2025-05-25 23:00:00,2,611E2360,0,,79.33,1,0,1
B010,2025-05-26 00:00:00,0,611H7406,0,,,1,0,0
B010,2025-05-26 00:00:00,1,611T2300,0,,,1,0,0
B010,2025-05-26 00:00:00,2,611E2360,0,,79.32,1,0,1
B010,2025-05-26 01:00:00,0,611H7406,0,,,1,0,0
B010,2025-05-26 01:00:00,1,611T2300,0,,,1,0,0
B010,2025-05-26 01:00:00,2,611E2360,0,,,1,0,0
B010,2025-05-26 02:00:00,0,611H7406,0,,,1,0,0
B010,2025-05-26 02:00:00,1,611T2300,0,,,1,0,0
B010,2025-05-26 02:00:00,2,611E2360,0,,79.32,1,0,1
B010,2025-05-26 03:00:00,0,611H7406,0,,,1,0,0
B010,2025-05-26 03:00:00,1,611T2300,0,,,1,0,0
B010,2025-05-26 03:00:00,2,611E2360,0,,,1,0,0
B010,2025-05-26 04:00:00,0,611H7406,0,,,1,0,0
B010,2025-05-26 04:00:00,1,611T2300,0,,,1,0,0
B010,2025-05-26 04:00:00,2,611E2360,0,,79.32,1,0,1
B010,2025-05-26 05:00:00,0,611H7406,0,,,1,0,0
B010,2025-05-26 05:00:00,1,611T2300,0,,,1,0,0
B010,2025-05-26 05:00:00,2,611E2360,0,,,1,0,0
B010,2025-05-26 06:00:00,0,611H7406,0,,,1,0,0
B010,2025-05-26 06:00:00,1,611T2300,0,,,1,0,0
B010,2025-05-26 06:00:00,2,611E2360,0,,79.32,1,0,1
B010,2025-05-26 07:00:00,0,611H7406,0,,,1,0,0
B010,2025-05-26 07:00:00,1,611T2300,0,,,1,0,0
B010,2025-05-26 07:00:00,2,611E2360,0,,79.32,1,0,1
B010,2025-05-26 08:00:00,0,611H7406,0,,,1,0,0
B010,2025-05-26 08:00:00,1,611T2300,0,,,1,0,0
B010,2025-05-26 08:00:00,2,611E2360,0,,79.32,1,0,1
B010,2025-05-26 09:00:00,0,611H7406,0,,,1,0,0
B010,2025-05-26 09:00:00,1,611T2300,0,,,1,0,0
B010,2025-05-26 09:00:00,2,611E2360,0,,79.31,1,0,1
B010,2025-05-26 10:00:00,0,611H7406,0,,,1,0,0
B010,2025-05-26 10:00:00,1,611T2300,0,,,1,0,0
B010,2025-05-26 10:00:00,2,611E2360,0,,79.3,1,0,1
B010,2025-05-26 11:00:00,0,611H7406,0,,,1,0,0
B010,2025-05-26 11:00:00,1,611T2300,0,,,1,0,0
B010,2025-05-26 11:00:00,2,611E2360,0,,79.3,1,0,1
B010,2025-05-26 12:00:00,0,611H7406,0,,,1,0,0
B010,2025-05-26 12:00:00,1,611T2300,0,,,1,0,0
B010,2025-05-26 12:00:00,2,611E2360,0,,,1,0,0
B010,2025-05-26 13:00:00,0,611H7406,0,,,1,0,0
B010,2025-05-26 13:00:00,1,611T2300,0,,,1,0,0
B010,2025-05-26 13:00:00,2,611E2360,0,,79.29,1,0,1
B010,2025-05-26 14:00:00,0,611H7406,0,,,1,0,0
B010,2025-05-26 14:00:00,1,611T2300,0,,,1,0,0
B010,2025-05-26 14:00:00,2,611E2360,0,,,1,0,0
B010,2025-05-26 15:00:00,0,611H7406,0,,,1,0,0
B010,2025-05-26 15:00:00,1,611T2300,0,,,1,0,0
B010,2025-05-26 15:00:00,2,611E2360,0,,79.31,1,0,1
B010,2025-05-26 16:00:00,0,611H7406,0,,,1,0,0
B010,2025-05-26 16:00:00,1,611T2300,0,,,1,0,0
B010,2025-05-26 16:00:00,2,611E2360,0,,79.31,1,0,1
B010,2025-05-26 17:00:00,0,611H7406,0,,,1,0,0
B010,2025-05-26 17:00:00,1,611T2300,0,,,1,0,0
B010,2025-05-26 17:00:00,2,611E2360,0,,79.31,1,0,1
B010,2025-05-26 18:00:00,0,611H7406,0,,,1,0,0
B010,2025-05-26 18:00:00,1,611T2300,0,,,1,0,0
B010,2025-05-26 18:00:00,2,611E2360,0,,79.31,1,0,1
B010,2025-05-26 19:00:00,0,611H7406,0,,,1,0,0
B010,2025-05-26 19:00:00,1,611T2300,0,,,1,0,0
B010,2025-05-26 19:00:00,2,611E2360,0,,,1,0,0
B010,2025-05-26 20:00:00,0,611H7406,0,,,1,0,0
B010,2025-05-26 20:00:00,1,611T2300,0,,,1,0,0
B010,2025-05-26 20:00:00,2,611E2360,0,,79.3,1,0,1
B010,2025-05-26 21:00:00,0,611H7406,0,,,1,0,0
B010,2025-05-26 21:00:00,1,611T2300,0,,,1,0,0
B010,2025-05-26 21:00:00,2,611E2360,0,,79.3,1,0,1
B010,2025-05-26 22:00:00,0,611H7406,0,,,1,0,0
B010,2025-05-26 22:00:00,1,611T2300,0,,,1,0,0
B010,2025-05-26 22:00:00,2,611E2360,0,,79.31,1,0,1
B010,2025-05-26 23:00:00,0,611H7406,0,,,1,0,0
B010,2025-05-26 23:00:00,1,611T2300,0,,,1,0,0
B010,2025-05-26 23:00:00,2,611E2360,0,,79.3,1,0,1
B010,2025-05-27 00:00:00,0,611H7406,0,,,1,0,0
B010,2025-05-27 00:00:00,1,611T2300,0,,,1,0,0
B010,2025-05-27 00:00:00,2,611E2360,0,,79.3,1,0,1
B010,2025-05-27 01:00:00,0,611H7406,0,,,1,0,0
B010,2025-05-27 01:00:00,1,611T2300,0,,,1,0,0
B010,2025-05-27 01:00:00,2,611E2360,0,,79.3,1,0,1
B010,2025-05-27 02:00:00,0,611H7406,0,,,1,0,0
B010,2025-05-27 02:00:00,1,611T2300,0,,,1,0,0
B010,2025-05-27 02:00:00,2,611E2360,0,,79.3,1,0,1
B010,2025-05-27 03:00:00,0,611H7406,0,,,1,0,0
B010,2025-05-27 03:00:00,1,611T2300,0,,,1,0,0
B010,2025-05-27 03:00:00,2,611E2360,0,,,1,0,0
B010,2025-05-27 04:00:00,0,611H7406,0,,,1,0,0
B010,2025-05-27 04:00:00,1,611T2300,0,,,1,0,0
B010,2025-05-27 04:00:00,2,611E2360,0,,79.3,1,0,1
B010,2025-05-27 05:00:00,0,611H7406,0,,,1,0,0
B010,2025-05-27 05:00:00,1,611T2300,0,,,1,0,0
B010,2025-05-27 05:00:00,2,611E2360,0,,79.29,1,0,1
B010,2025-05-27 06:00:00,0,611H7406,0,,,1,0,0
B010,2025-05-27 06:00:00,1,611T2300,0,,,1,0,0
B010,2025-05-27 06:00:00,2,611E2360,0,,79.29,1,0,1
B010,2025-05-27 07:00:00,0,611H7406,0,,,1,0,0
B010,2025-05-27 07:00:00,1,611T2300,0,,,1,0,0
B010,2025-05-27 07:00:00,2,611E2360,0,,,1,0,0
B010,2025-05-27 08:00:00,0,611H7406,0,,,1,0,0
B010,2025-05-27 08:00:00,1,611T2300,0,,,1,0,0
B010,2025-05-27 08:00:00,2,611E2360,0,,79.28,1,0,1
B010,2025-05-27 09:00:00,0,611H7406,0,,,1,0,0
B010,2025-05-27 09:00:00,1,611T2300,0,,,1,0,0
B010,2025-05-27 09:00:00,2,611E2360,0,,79.28,1,0,1
B010,2025-05-27 10:00:00,0,611H7406,0,,,1,0,0
B010,2025-05-27 10:00:00,1,611T2300,0,,,1,0,0
B010,2025-05-27 10:00:00,2,611E2360,0,,79.28,1,0,1
B010,2025-05-27 11:00:00,0,611H7406,0,,,1,0,0
B010,2025-05-27 11:00:00,1,611T2300,0,,,1,0,0
B010,2025-05-27 11:00:00,2,611E2360,0,,,1,0,0
B010,2025-05-27 12:00:00,0,611H7406,0,,,1,0,0
B010,2025-05-27 12:00:00,1,611T2300,0,,,1,0,0
B010,2025-05-27 12:00:00,2,611E2360,0,,79.27,1,0,1
B010,2025-05-27 13:00:00,0,611H7406,0.1162823533,,,1,0,0
B010,2025-05-27 13:00:00,1,611T2300,0.04407315994,,,1,0,0
B010,2025-05-27 13:00:00,2,611E2360,0.1208456774,,79.27,1,0,1
B010,2025-05-27 14:00:00,0,611H7406,0.1162823533,,,1,0,0
B010,2025-05-27 14:00:00,1,611T2300,0.08088499509,,,1,0,0
B010,2025-05-27 14:00:00,2,611E2360,0.1224497511,,79.27,1,0,1
B010,2025-05-27 15:00:00,0,611H7406,0.2325647066,,,1,0,0
B010,2025-05-27 15:00:00,1,611T2300,0.08574967188,,,1,0,0
B010,2025-05-27 15:00:00,2,611E2360,0.1224497511,,79.27,1,0,1
B010,2025-05-27 16:00:00,0,611H7406,0.1162823533,,,1,0,0
B010,2025-05-27 16:00:00,1,611T2300,0.04886645594,,,1,0,0
B010,2025-05-27 16:00:00,2,611E2360,0.3625370321,,,1,0,0
B010,2025-05-27 17:00:00,0,611H7406,0,,,1,0,0
B010,2025-05-27 17:00:00,1,611T2300,0.03681183515,,,1,0,0
B010,2025-05-27 17:00:00,2,611E2360,0,,79.28,1,0,1
B010,2025-05-27 18:00:00,0,611H7406,0.1162823533,,,1,0,0
B010,2025-05-27 18:00:00,1,611T2300,0.00726132479,,,1,0,0
B010,2025-05-27 18:00:00,2,611E2360,0.1224497511,,79.28,1,0,1
B010,2025-05-27 19:00:00,0,611H7406,0.1162823533,,,1,0,0
B010,2025-05-27 19:00:00,1,611T2300,0.04407315994,,,1,0,0
B010,2025-05-27 19:00:00,2,611E2360,0.1208456774,,79.3,1,0,1
B010,2025-05-27 20:00:00,0,611H7406,0.4651294133,,,1,0,0
B010,2025-05-27 20:00:00,1,611T2300,0.4411654298,,,1,0,0
B010,2025-05-27 20:00:00,2,611E2360,0.8507319626,,,1,0,0
B010,2025-05-27 21:00:00,0,611H7406,0.8139764732,,,1,0,0
B010,2025-05-27 21:00:00,1,611T2300,0.423740921,,,1,0,0
B010,2025-05-27 21:00:00,2,611E2360,1.095631465,,79.31,1,0,1
B010,2025-05-27 22:00:00,0,611H7406,0.8139764732,,,1,0,0
B010,2025-05-27 22:00:00,1,611T2300,0.414154329,,,1,0,0
B010,2025-05-27 22:00:00,2,611E2360,0.6106446816,,79.32,1,0,1
B010,2025-05-27 23:00:00,0,611H7406,0.8139764732,,,1,0,0
B010,2025-05-27 23:00:00,1,611T2300,0.3797391419,,,1,0,0
B010,2025-05-27 23:00:00,2,611E2360,0.7363025801,,79.34,1,0,1
B010,2025-05-28 00:00:00,0,611H7406,0.6976941199,,,1,0,0
B010,2025-05-28 00:00:00,1,611T2300,0.4508947834,,,1,0,0
B010,2025-05-28 00:00:00,2,611E2360,0.85394011,,79.37,1,0,1
B010,2025-05-28 01:00:00,0,611H7406,1.04654118,,,1,0,0
B010,2025-05-28 01:00:00,1,611T2300,0.3526566603,,,1,0,0
B010,2025-05-28 01:00:00,2,611E2360,0.7363025801,,,1,0,0
B010,2025-05-28 02:00:00,0,611H7406,1.162823533,,,1,0,0
B010,2025-05-28 02:00:00,1,611T2300,0.4479215434,,,1,0,0
B010,2025-05-28 02:00:00,2,611E2360,1.591846764,,79.44,1,0,1
B010,2025-05-28 03:00:00,0,611H7406,1.162823533,,,1,0,0
B010,2025-05-28 03:00:00,1,611T2300,0.6343773672,,,1,0,0
B010,2025-05-28 03:00:00,2,611E2360,1.70788022,,,1,0,0
B010,2025-05-28 04:00:00,0,611H7406,1.511670593,,,1,0,0
B010,2025-05-28 04:00:00,1,611T2300,0.9482593748,,,1,0,0
B010,2025-05-28 04:00:00,2,611E2360,1.95598787,,79.58,1,0,1
B010,2025-05-28 05:00:00,0,611H7406,0.6976941199,,,1,0,0
B010,2025-05-28 05:00:00,1,611T2300,0.3820644091,,,1,0,0
B010,2025-05-28 05:00:00,2,611E2360,1.097235538,,79.72,1,0,1
B010,2025-05-28 06:00:00,0,611H7406,0.5814117666,,,1,0,0
B010,2025-05-28 06:00:00,1,611T2300,0.1835539646,,,1,0,0
B010,2025-05-28 06:00:00,2,611E2360,0.6122487553,,,1,0,0
B010,2025-05-28 07:00:00,0,611H7406,4.372850335,,,1,0,0
B010,2025-05-28 07:00:00,1,611T2300,0.2009784733,,,1,0,0
B010,2025-05-28 07:00:00,2,611E2360,0.4876547816,,79.98,1,0,1
B010,2025-05-28 08:00:00,0,611H7406,0.4651294133,,,1,0,0
B010,2025-05-28 08:00:00,1,611T2300,0.1762926398,,,1,0,0
B010,2025-05-28 08:00:00,2,611E2360,0.4897990043,,80.06,1,0,1
B010,2025-05-28 09:00:00,0,611H7406,0.34884706,,,1,0,0
B010,2025-05-28 09:00:00,1,611T2300,0.2082397981,,,1,0,0
B010,2025-05-28 09:00:00,2,611E2360,0.491403078,,80.07,1,0,1
B010,2025-05-28 10:00:00,0,611H7406,0.4651294133,,,1,0,0
B010,2025-05-28 10:00:00,1,611T2300,0.1810859358,,,1,0,0
B010,2025-05-28 10:00:00,2,611E2360,0.7250740641,,80.05,1,0,1
B010,2025-05-28 11:00:00,0,611H7406,0.34884706,,,1,0,0
B010,2025-05-28 11:00:00,1,611T2300,0.05619916152,,,1,0,0
B010,2025-05-28 11:00:00,2,611E2360,0.2465035758,,,1,0,0
B010,2025-05-28 12:00:00,0,611H7406,0.2325647066,,,1,0,0
B010,2025-05-28 12:00:00,1,611T2300,0.08814631988,,,1,0,0
B010,2025-05-28 12:00:00,2,611E2360,0.2481076496,,80.01,1,0,1
B010,2025-05-28 13:00:00,0,611H7406,0.1162823533,,,1,0,0
B010,2025-05-28 13:00:00,1,611T2300,0.08088499509,,,1,0,0
B010,2025-05-28 13:00:00,2,611E2360,0.1240538248,,,1,0,0
B010,2025-05-28 14:00:00,0,611H7406,0.1162823533,,,1,0,0
B010,2025-05-28 14:00:00,1,611T2300,0.08328164309,,,1,0,0
B010,2025-05-28 14:00:00,2,611E2360,0.2432954284,,79.98,1,0,1
B010,2025-05-28 15:00:00,0,611H7406,0.1162823533,,,1,0,0
B010,2025-05-28 15:00:00,1,611T2300,0.04646980794,,,1,0,0
B010,2025-05-28 15:00:00,2,611E2360,0.2416913547,,79.96,1,0,1
B010,2025-05-28 16:00:00,0,611H7406,0.2325647066,,,1,0,0
B010,2025-05-28 16:00:00,1,611T2300,0.127354803,,,1,0,0
B010,2025-05-28 16:00:00,2,611E2360,0.3673492532,,79.93,1,0,1
B010,2025-05-28 17:00:00,0,611H7406,0.1162823533,,,1,0,0
B010,2025-05-28 17:00:00,1,611T2300,0.04646980794,,,1,0,0
B010,2025-05-28 17:00:00,2,611E2360,0.2481076496,,,1,0,0
B010,2025-05-28 18:00:00,0,611H7406,0.1162823533,,,1,0,0
B010,2025-05-28 18:00:00,1,611T2300,0.004864676789,,,1,0,0
B010,2025-05-28 18:00:00,2,611E2360,0,,79.92,1,0,1
B010,2025-05-28 19:00:00,0,611H7406,0,,,1,0,0
B010,2025-05-28 19:00:00,1,611T2300,0.002396648001,,,1,0,0
B010,2025-05-28 19:00:00,2,611E2360,0.1224497511,,79.9,1,0,1
B010,2025-05-28 20:00:00,0,611H7406,0,,,1,0,0
B010,2025-05-28 20:00:00,1,611T2300,0,,,1,0,0
B010,2025-05-28 20:00:00,2,611E2360,0,,79.89,1,0,1
B010,2025-05-28 21:00:00,0,611H7406,0,,,1,0,0
B010,2025-05-28 21:00:00,1,611T2300,0,,,1,0,0
B010,2025-05-28 21:00:00,2,611E2360,0,,79.87,1,0,1
B010,2025-05-28 22:00:00,0,611H7406,0,,,1,0,0
B010,2025-05-28 22:00:00,1,611T2300,0,,,1,0,0
B010,2025-05-28 22:00:00,2,611E2360,0,,79.76,1,0,1
B010,2025-05-28 23:00:00,0,611H7406,0,,,1,0,0
B010,2025-05-28 23:00:00,1,611T2300,0.03681183515,,,1,0,0
B010,2025-05-28 23:00:00,2,611E2360,0,,,1,0,0
B010,2025-05-29 00:00:00,0,611H7406,0,,,1,0,0
B010,2025-05-29 00:00:00,1,611T2300,0,,,1,0,0
B010,2025-05-29 00:00:00,2,611E2360,0,,79.71,1,0,1
B010,2025-05-29 01:00:00,0,611H7406,0,,,1,0,0
B010,2025-05-29 01:00:00,1,611T2300,0,,,1,0,0
B010,2025-05-29 01:00:00,2,611E2360,0,,,1,0,0
B010,2025-05-29 02:00:00,0,611H7406,0,,,1,0,0
B010,2025-05-29 02:00:00,1,611T2300,0,,,1,0,0
B010,2025-05-29 02:00:00,2,611E2360,0,,79.67,1,0,1
B010,2025-05-29 03:00:00,0,611H7406,0,,,1,0,0
B010,2025-05-29 03:00:00,1,611T2300,0,,,1,0,0
B010,2025-05-29 03:00:00,2,611E2360,0,,,1,0,0
B010,2025-05-29 04:00:00,0,611H7406,0,,,1,0,0
B010,2025-05-29 04:00:00,1,611T2300,0,,,1,0,0
B010,2025-05-29 04:00:00,2,611E2360,0,,79.65,1,0,1
B010,2025-05-29 05:00:00,0,611H7406,0,,,1,0,0
B010,2025-05-29 05:00:00,1,611T2300,0,,,1,0,0
B010,2025-05-29 05:00:00,2,611E2360,0,,79.64,1,0,1
B010,2025-05-29 06:00:00,0,611H7406,0,,,1,0,0
B010,2025-05-29 06:00:00,1,611T2300,0,,,1,0,0
B010,2025-05-29 06:00:00,2,611E2360,0,,79.61,1,0,1
B010,2025-05-29 07:00:00,0,611H7406,2.674494126,,,1,0,0
B010,2025-05-29 07:00:00,1,611T2300,1.138498072,,,1,0,0
B010,2025-05-29 07:00:00,2,611E2360,3.547834633,,,1,0,0
B010,2025-05-29 08:00:00,0,611H7406,0,,,1,0,0
B010,2025-05-29 08:00:00,1,611T2300,0,,,1,0,0
B010,2025-05-29 08:00:00,2,611E2360,0,,79.6,1,0,1
B010,2025-05-29 09:00:00,0,611H7406,0,,,1,0,0
B010,2025-05-29 09:00:00,1,611T2300,0,,,1,0,0
B010,2025-05-29 09:00:00,2,611E2360,0,,,1,0,0
B010,2025-05-29 10:00:00,0,611H7406,0,,,1,0,0
B010,2025-05-29 10:00:00,1,611T2300,0,,,1,0,0
B010,2025-05-29 10:00:00,2,611E2360,0,,79.57,1,0,1
B010,2025-05-29 11:00:00,0,611H7406,0,,,1,0,0
B010,2025-05-29 11:00:00,1,611T2300,0,,,1,0,0
B010,2025-05-29 11:00:00,2,611E2360,0,,79.56,1,0,1
B010,2025-05-29 12:00:00,0,611H7406,0,,,1,0,0
B010,2025-05-29 12:00:00,1,611T2300,0,,,1,0,0
B010,2025-05-29 12:00:00,2,611E2360,0,,,1,0,0
B010,2025-05-29 13:00:00,0,611H7406,0,,,1,0,0
B010,2025-05-29 13:00:00,1,611T2300,0,,,1,0,0
B010,2025-05-29 13:00:00,2,611E2360,0,,79.54,1,0,1
B010,2025-05-29 14:00:00,0,611H7406,0,,,1,0,0
B010,2025-05-29 14:00:00,1,611T2300,0,,,1,0,0
B010,2025-05-29 14:00:00,2,611E2360,0,,79.53,1,0,1
B010,2025-05-29 15:00:00,0,611H7406,0,,,1,0,0
B010,2025-05-29 15:00:00,1,611T2300,0,,,1,0,0
B010,2025-05-29 15:00:00,2,611E2360,0,,,1,0,0
B010,2025-05-29 16:00:00,0,611H7406,0,,,1,0,0
B010,2025-05-29 16:00:00,1,611T2300,0,,,1,0,0
B010,2025-05-29 16:00:00,2,611E2360,0,,79.52,1,0,1
B010,2025-05-29 17:00:00,0,611H7406,0,,,1,0,0
B010,2025-05-29 17:00:00,1,611T2300,0,,,1,0,0
B010,2025-05-29 17:00:00,2,611E2360,0,,79.51,1,0,1
B010,2025-05-29 18:00:00,0,611H7406,0,,,1,0,0
B010,2025-05-29 18:00:00,1,611T2300,0,,,1,0,0
B010,2025-05-29 18:00:00,2,611E2360,0,,79.5,1,0,1
B010,2025-05-29 19:00:00,0,611H7406,0,,,1,0,0
B010,2025-05-29 19:00:00,1,611T2300,0,,,1,0,0
B010,2025-05-29 19:00:00,2,611E2360,0,,79.49,1,0,1
B010,2025-05-29 20:00:00,0,611H7406,0,,,1,0,0
B010,2025-05-29 20:00:00,1,611T2300,0,,,1,0,0
B010,2025-05-29 20:00:00,2,611E2360,0,,79.47,1,0,1
B010,2025-05-29 21:00:00,0,611H7406,0,,,1,0,0
B010,2025-05-29 21:00:00,1,611T2300,0,,,1,0,0
B010,2025-05-29 21:00:00,2,611E2360,0,,,1,0,0
B010,2025-05-29 22:00:00,0,611H7406,0,,,1,0,0
B010,2025-05-29 22:00:00,1,611T2300,0,,,1,0,0
B010,2025-05-29 22:00:00,2,611E2360,0.003571753532,,79.47,1,0,1
B010,2025-05-29 23:00:00,0,611H7406,0,,,1,0,0
B010,2025-05-29 23:00:00,1,611T2300,0,,,1,0,0
B010,2025-05-29 23:00:00,2,611E2360,0,,79.46,1,0,1
B010,2025-05-30 00:00:00,0,611H7406,0,,,1,0,0
B010,2025-05-30 00:00:00,1,611T2300,0,,,1,0,0
B010,2025-05-30 00:00:00,2,611E2360,0,,79.45,1,0,1
B010,2025-05-30 01:00:00,0,611H7406,0,,,1,0,0
B010,2025-05-30 01:00:00,1,611T2300,0,,,1,0,0
B010,2025-05-30 01:00:00,2,611E2360,0,,,1,0,0
B010,2025-05-30 02:00:00,0,611H7406,0,,,1,0,0
B010,2025-05-30 02:00:00,1,611T2300,0,,,1,0,0
B010,2025-05-30 02:00:00,2,611E2360,0,,79.45,1,0,1
B010,2025-05-30 03:00:00,0,611H7406,0,,,1,0,0
B010,2025-05-30 03:00:00,1,611T2300,0,,,1,0,0
B010,2025-05-30 03:00:00,2,611E2360,0,,,1,0,0
B010,2025-05-30 04:00:00,0,611H7406,0,,,1,0,0
B010,2025-05-30 04:00:00,1,611T2300,0,,,1,0,0
B010,2025-05-30 04:00:00,2,611E2360,0,,79.44,1,0,1
B010,2025-05-30 05:00:00,0,611H7406,0,,,1,0,0
B010,2025-05-30 05:00:00,1,611T2300,0,,,1,0,0
B010,2025-05-30 05:00:00,2,611E2360,0,,79.44,1,0,1
B010,2025-05-30 06:00:00,0,611H7406,0,,,1,0,0
B010,2025-05-30 06:00:00,1,611T2300,0,,,1,0,0
B010,2025-05-30 06:00:00,2,611E2360,0,,79.43,1,0,1
B010,2025-05-30 07:00:00,0,611H7406,0,,,1,0,0
B010,2025-05-30 07:00:00,1,611T2300,0,,,1,0,0
B010,2025-05-30 07:00:00,2,611E2360,0.003571753532,,,1,0,0
B010,2025-05-30 08:00:00,0,611H7406,0,,,1,0,0
B010,2025-05-30 08:00:00,1,611T2300,0,,,1,0,0
B010,2025-05-30 08:00:00,2,611E2360,0,,79.42,1,0,1
B010,2025-05-30 09:00:00,0,611H7406,0,,,1,0,0
B010,2025-05-30 09:00:00,1,611T2300,0,,,1,0,0
B010,2025-05-30 09:00:00,2,611E2360,0,,,1,0,0
B010,2025-05-30 10:00:00,0,611H7406,0,,,1,0,0
B010,2025-05-30 10:00:00,1,611T2300,0,,,1,0,0
B010,2025-05-30 10:00:00,2,611E2360,0,,79.42,1,0,1
B010,2025-05-30 11:00:00,0,611H7406,0,,,1,0,0
B010,2025-05-30 11:00:00,1,611T2300,0,,,1,0,0
B010,2025-05-30 11:00:00,2,611E2360,0,,79.42,1,0,1
B010,2025-05-30 12:00:00,0,611H7406,0,,,1,0,0
B010,2025-05-30 12:00:00,1,611T2300,0,,,1,0,0
B010,2025-05-30 12:00:00,2,611E2360,0,,79.42,1,0,1
B010,2025-05-30 13:00:00,0,611H7406,0,,,1,0,0
B010,2025-05-30 13:00:00,1,611T2300,0,,,1,0,0
B010,2025-05-30 13:00:00,2,611E2360,0,,79.41,1,0,1
B010,2025-05-30 14:00:00,0,611H7406,0,,,1,0,0
B010,2025-05-30 14:00:00,1,611T2300,0,,,1,0,0
B010,2025-05-30 14:00:00,2,611E2360,0,,79.41,1,0,1
B010,2025-05-30 15:00:00,0,611H7406,0,,,1,0,0
B010,2025-05-30 15:00:00,1,611T2300,0,,,1,0,0
B010,2025-05-30 15:00:00,2,611E2360,0,,79.41,1,0,1
B010,2025-05-30 16:00:00,0,611H7406,0,,,1,0,0
B010,2025-05-30 16:00:00,1,611T2300,0,,,1,0,0
B010,2025-05-30 16:00:00,2,611E2360,0,,79.4,1,0,1
B010,2025-05-30 17:00:00,0,611H7406,0,,,1,0,0
B010,2025-05-30 17:00:00,1,611T2300,0,,,1,0,0
B010,2025-05-30 17:00:00,2,611E2360,0,,79.4,1,0,1
B010,2025-05-30 18:00:00,0,611H7406,0,,,1,0,0
B010,2025-05-30 18:00:00,1,611T2300,0,,,1,0,0
B010,2025-05-30 18:00:00,2,611E2360,0,,79.39,1,0,1
B010,2025-05-30 19:00:00,0,611H7406,0,,,1,0,0
B010,2025-05-30 19:00:00,1,611T2300,0,,,1,0,0
B010,2025-05-30 19:00:00,2,611E2360,0,,,1,0,0
B010,2025-05-30 20:00:00,0,611H7406,0,,,1,0,0
B010,2025-05-30 20:00:00,1,611T2300,0,,,1,0,0
B010,2025-05-30 20:00:00,2,611E2360,0,,79.39,1,0,1
B010,2025-05-30 21:00:00,0,611H7406,0,,,1,0,0
B010,2025-05-30 21:00:00,1,611T2300,0,,,1,0,0
B010,2025-05-30 21:00:00,2,611E2360,0,,79.39,1,0,1
B010,2025-05-30 22:00:00,0,611H7406,0,,,1,0,0
B010,2025-05-30 22:00:00,1,611T2300,0,,,1,0,0
B010,2025-05-30 22:00:00,2,611E2360,0,,79.39,1,0,1
B010,2025-05-30 23:00:00,0,611H7406,0,,,1,0,0
B010,2025-05-30 23:00:00,1,611T2300,0,,,1,0,0
B010,2025-05-30 23:00:00,2,611E2360,0,,79.38,1,0,1
B010,2025-05-31 00:00:00,0,611H7406,0,,,1,0,0
B010,2025-05-31 00:00:00,1,611T2300,0,,,1,0,0
B010,2025-05-31 00:00:00,2,611E2360,0,,79.38,1,0,1
B010,2025-06-19 07:00:00,0,611H7406,0,,,1,0,0
B010,2025-06-19 07:00:00,1,611T2300,0,,,1,0,0
B010,2025-06-19 07:00:00,2,611E2360,0,,,1,0,0
B010,2025-06-19 08:00:00,0,611H7406,0,,,1,0,0
B010,2025-06-19 08:00:00,1,611T2300,0,,,1,0,0
B010,2025-06-19 08:00:00,2,611E2360,0,,79.24,1,0,1
B010,2025-06-19 09:00:00,0,611H7406,0,,,1,0,0
B010,2025-06-19 09:00:00,1,611T2300,0,,,1,0,0
B010,2025-06-19 09:00:00,2,611E2360,0,,79.24,1,0,1
B010,2025-06-19 10:00:00,0,611H7406,0.04224781253,,,1,0,0
B010,2025-06-19 10:00:00,1,611T2300,0,,,1,0,0
B010,2025-06-19 10:00:00,2,611E2360,0,,79.24,1,0,1
B010,2025-06-19 11:00:00,0,611H7406,0,,,1,0,0
B010,2025-06-19 11:00:00,1,611T2300,0,,,1,0,0
B010,2025-06-19 11:00:00,2,611E2360,0,,79.24,1,0,1
B010,2025-06-19 12:00:00,0,611H7406,0,,,1,0,0
B010,2025-06-19 12:00:00,1,611T2300,0,,,1,0,0
B010,2025-06-19 12:00:00,2,611E2360,0,,79.24,1,0,1
B010,2025-06-19 13:00:00,0,611H7406,0,,,1,0,0
B010,2025-06-19 13:00:00,1,611T2300,0,,,1,0,0
B010,2025-06-19 13:00:00,2,611E2360,0,,79.24,1,0,1
B010,2025-06-19 14:00:00,0,611H7406,0,,,1,0,0
B010,2025-06-19 14:00:00,1,611T2300,0,,,1,0,0
B010,2025-06-19 14:00:00,2,611E2360,0,,79.24,1,0,1
B010,2025-06-19 15:00:00,0,611H7406,0,,,1,0,0
B010,2025-06-19 15:00:00,1,611T2300,0,,,1,0,0
B010,2025-06-19 15:00:00,2,611E2360,0,,79.24,1,0,1
B010,2025-06-19 16:00:00,0,611H7406,0,,,1,0,0
B010,2025-06-19 16:00:00,1,611T2300,0,,,1,0,0
B010,2025-06-19 16:00:00,2,611E2360,0,,79.24,1,0,1
B010,2025-06-19 17:00:00,0,611H7406,0,,,1,0,0
B010,2025-06-19 17:00:00,1,611T2300,0,,,1,0,0
B010,2025-06-19 17:00:00,2,611E2360,0,,79.24,1,0,1
B010,2025-06-19 18:00:00,0,611H7406,0,,,1,0,0
B010,2025-06-19 18:00:00,1,611T2300,0,,,1,0,0
B010,2025-06-19 18:00:00,2,611E2360,0,,79.24,1,0,1
B010,2025-06-19 19:00:00,0,611H7406,0,,,1,0,0
B010,2025-06-19 19:00:00,1,611T2300,0,,,1,0,0
B010,2025-06-19 19:00:00,2,611E2360,0,,,1,0,0
B010,2025-06-19 20:00:00,0,611H7406,0,,,1,0,0
B010,2025-06-19 20:00:00,1,611T2300,0,,,1,0,0
B010,2025-06-19 20:00:00,2,611E2360,0,,79.24,1,0,1
B010,2025-06-19 21:00:00,0,611H7406,0,,,1,0,0
B010,2025-06-19 21:00:00,1,611T2300,0,,,1,0,0
B010,2025-06-19 21:00:00,2,611E2360,0,,,1,0,0
B010,2025-06-19 22:00:00,0,611H7406,0,,,1,0,0
B010,2025-06-19 22:00:00,1,611T2300,0,,,1,0,0
B010,2025-06-19 22:00:00,2,611E2360,0,,79.24,1,0,1
B010,2025-06-19 23:00:00,0,611H7406,0,,,1,0,0
B010,2025-06-19 23:00:00,1,611T2300,0,,,1,0,0
B010,2025-06-19 23:00:00,2,611E2360,0,,79.24,1,0,1
B010,2025-06-20 00:00:00,0,611H7406,0,,,1,0,0
B010,2025-06-20 00:00:00,1,611T2300,0,,,1,0,0
B010,2025-06-20 00:00:00,2,611E2360,0,,,1,0,0
B010,2025-06-20 01:00:00,0,611H7406,0,,,1,0,0
B010,2025-06-20 01:00:00,1,611T2300,0,,,1,0,0
B010,2025-06-20 01:00:00,2,611E2360,0,,79.25,1,0,1
B010,2025-06-20 02:00:00,0,611H7406,0,,,1,0,0
B010,2025-06-20 02:00:00,1,611T2300,0,,,1,0,0
B010,2025-06-20 02:00:00,2,611E2360,0,,79.26,1,0,1
B010,2025-06-20 03:00:00,0,611H7406,0,,,1,0,0
B010,2025-06-20 03:00:00,1,611T2300,0,,,1,0,0
B010,2025-06-20 03:00:00,2,611E2360,0,,79.26,1,0,1
B010,2025-06-20 04:00:00,0,611H7406,0,,,1,0,0
B010,2025-06-20 04:00:00,1,611T2300,0,,,1,0,0
B010,2025-06-20 04:00:00,2,611E2360,0,,79.26,1,0,1
B010,2025-06-20 05:00:00,0,611H7406,0,,,1,0,0
B010,2025-06-20 05:00:00,1,611T2300,0,,,1,0,0
B010,2025-06-20 05:00:00,2,611E2360,0,,,1,0,0
B010,2025-06-20 06:00:00,0,611H7406,0.2007779784,,,1,0,0
B010,2025-06-20 06:00:00,1,611T2300,0.04167651194,,,1,0,0
B010,2025-06-20 06:00:00,2,611E2360,0,,79.26,1,0,1
B010,2025-06-20 07:00:00,0,611H7406,0.2430257909,,,1,0,0
B010,2025-06-20 07:00:00,1,611T2300,0.04167651194,,,1,0,0
B010,2025-06-20 07:00:00,2,611E2360,0.001604073712,,,1,0,0
B010,2025-06-20 08:00:00,0,611H7406,0.1585301659,,,1,0,0
B010,2025-06-20 08:00:00,1,611T2300,0.04167651194,,,1,0,0
B010,2025-06-20 08:00:00,2,611E2360,0,,79.26,1,0,1
B010,2025-06-20 09:00:00,0,611H7406,0.2007779784,,,1,0,0
B010,2025-06-20 09:00:00,1,611T2300,0.1176968302,,,1,0,0
B010,2025-06-20 09:00:00,2,611E2360,0.1208456774,,79.25,1,0,1
B010,2025-06-20 10:00:00,0,611H7406,0.2748125192,,,1,0,0
B010,2025-06-20 10:00:00,1,611T2300,0.08574967188,,,1,0,0
B010,2025-06-20 10:00:00,2,611E2360,0.1244174309,,79.25,1,0,1
B010,2025-06-20 11:00:00,0,611H7406,0,,,1,0,0
B010,2025-06-20 11:00:00,1,611T2300,0.03920848315,,,1,0,0
B010,2025-06-20 11:00:00,2,611E2360,0.1276255783,,79.25,1,0,1
B010,2025-06-20 12:00:00,0,611H7406,0,,,1,0,0
B010,2025-06-20 12:00:00,1,611T2300,0.03681183515,,,1,0,0
B010,2025-06-20 12:00:00,2,611E2360,0,,79.25,1,0,1
B010,2025-06-20 13:00:00,0,611H7406,0,,,1,0,0
B010,2025-06-20 13:00:00,1,611T2300,0,,,1,0,0
B010,2025-06-20 13:00:00,2,611E2360,0,,79.25,1,0,1
B010,2025-06-20 14:00:00,0,611H7406,0,,,1,0,0
B010,2025-06-20 14:00:00,1,611T2300,0,,,1,0,0
B010,2025-06-20 14:00:00,2,611E2360,0.001604073712,,79.25,1,0,1
B010,2025-06-20 15:00:00,0,611H7406,0,,,1,0,0
B010,2025-06-20 15:00:00,1,611T2300,0,,,1,0,0
B010,2025-06-20 15:00:00,2,611E2360,0,,79.25,1,0,1
B010,2025-06-20 16:00:00,0,611H7406,0,,,1,0,0
B010,2025-06-20 16:00:00,1,611T2300,0,,,1,0,0
B010,2025-06-20 16:00:00,2,611E2360,0,,79.25,1,0,1
B010,2025-06-20 17:00:00,0,611H7406,0,,,1,0,0
B010,2025-06-20 17:00:00,1,611T2300,0,,,1,0,0
B010,2025-06-20 17:00:00,2,611E2360,0,,79.25,1,0,1
B010,2025-06-20 18:00:00,0,611H7406,0,,,1,0,0
B010,2025-06-20 18:00:00,1,611T2300,0,,,1,0,0
B010,2025-06-20 18:00:00,2,611E2360,0,,79.25,1,0,1
B010,2025-06-20 19:00:00,0,611H7406,0,,,1,0,0
B010,2025-06-20 19:00:00,1,611T2300,0,,,1,0,0
B010,2025-06-20 19:00:00,2,611E2360,0,,,1,0,0
B010,2025-06-20 20:00:00,0,611H7406,0,,,1,0,0
B010,2025-06-20 20:00:00,1,611T2300,0,,,1,0,0
B010,2025-06-20 20:00:00,2,611E2360,0,,79.25,1,0,1
B010,2025-06-20 21:00:00,0,611H7406,0,,,1,0,0
B010,2025-06-20 21:00:00,1,611T2300,0,,,1,0,0
B010,2025-06-20 21:00:00,2,611E2360,0,,79.25,1,0,1
B010,2025-06-20 22:00:00,0,611H7406,0,,,1,0,0
B010,2025-06-20 22:00:00,1,611T2300,0,,,1,0,0
B010,2025-06-20 22:00:00,2,611E2360,0,,,1,0,0
B010,2025-06-20 23:00:00,0,611H7406,0,,,1,0,0
B010,2025-06-20 23:00:00,1,611T2300,0,,,1,0,0
B010,2025-06-20 23:00:00,2,611E2360,0,,79.26,1,0,1
B010,2025-06-21 00:00:00,0,611H7406,0,,,1,0,0
B010,2025-06-21 00:00:00,1,611T2300,0,,,1,0,0
B010,2025-06-21 00:00:00,2,611E2360,0,,79.27,1,0,1
B010,2025-06-21 01:00:00,0,611H7406,0,,,1,0,0
B010,2025-06-21 01:00:00,1,611T2300,0,,,1,0,0
B010,2025-06-21 01:00:00,2,611E2360,0,,,1,0,0
B010,2025-06-21 02:00:00,0,611H7406,0,,,1,0,0
B010,2025-06-21 02:00:00,1,611T2300,0,,,1,0,0
B010,2025-06-21 02:00:00,2,611E2360,0,,79.27,1,0,1
B010,2025-06-21 03:00:00,0,611H7406,0,,,1,0,0
B010,2025-06-21 03:00:00,1,611T2300,0,,,1,0,0
B010,2025-06-21 03:00:00,2,611E2360,0,,79.28,1,0,1
B010,2025-06-21 04:00:00,0,611H7406,0,,,1,0,0
B010,2025-06-21 04:00:00,1,611T2300,0,,,1,0,0
B010,2025-06-21 04:00:00,2,611E2360,0,,79.28,1,0,1
B010,2025-06-21 05:00:00,0,611H7406,0,,,1,0,0
B010,2025-06-21 05:00:00,1,611T2300,0,,,1,0,0
B010,2025-06-21 05:00:00,2,611E2360,0,,79.29,1,0,1
B010,2025-06-21 06:00:00,0,611H7406,0,,,1,0,0
B010,2025-06-21 06:00:00,1,611T2300,0,,,1,0,0
B010,2025-06-21 06:00:00,2,611E2360,0,,79.29,1,0,1
B010,2025-06-21 07:00:00,0,611H7406,0.4651294133,,,1,0,0
B010,2025-06-21 07:00:00,1,611T2300,0.3211433324,,,1,0,0
B010,2025-06-21 07:00:00,2,611E2360,0.3696805391,,,1,0,0
B010,2025-06-21 08:00:00,0,611H7406,0,,,1,0,0
B010,2025-06-21 08:00:00,1,611T2300,0,,,1,0,0
B010,2025-06-21 08:00:00,2,611E2360,0,,79.28,1,0,1
B010,2025-06-21 09:00:00,0,611H7406,0,,,1,0,0
B010,2025-06-21 09:00:00,1,611T2300,0,,,1,0,0
B010,2025-06-21 09:00:00,2,611E2360,0,,79.28,1,0,1
B010,2025-06-21 10:00:00,0,611H7406,0,,,1,0,0
B010,2025-06-21 10:00:00,1,611T2300,0,,,1,0,0
B010,2025-06-21 10:00:00,2,611E2360,0,,79.28,1,0,1
B010,2025-06-21 11:00:00,0,611H7406,0,,,1,0,0
B010,2025-06-21 11:00:00,1,611T2300,0,,,1,0,0
B010,2025-06-21 11:00:00,2,611E2360,0,,79.27,1,0,1
B010,2025-06-21 12:00:00,0,611H7406,0,,,1,0,0
B010,2025-06-21 12:00:00,1,611T2300,0,,,1,0,0
B010,2025-06-21 12:00:00,2,611E2360,0,,79.27,1,0,1
B010,2025-06-21 13:00:00,0,611H7406,0,,,1,0,0
B010,2025-06-21 13:00:00,1,611T2300,0,,,1,0,0
B010,2025-06-21 13:00:00,2,611E2360,0,,79.26,1,0,1
B010,2025-06-21 14:00:00,0,611H7406,0.2007779784,,,1,0,0
B010,2025-06-21 14:00:00,1,611T2300,0.004864676789,,,1,0,0
B010,2025-06-21 14:00:00,2,611E2360,0,,,1,0,0
B010,2025-06-21 15:00:00,0,611H7406,0,,,1,0,0
B010,2025-06-21 15:00:00,1,611T2300,0,,,1,0,0
B010,2025-06-21 15:00:00,2,611E2360,0,,79.26,1,0,1
B010,2025-06-21 16:00:00,0,611H7406,0.1585301659,,,1,0,0
B010,2025-06-21 16:00:00,1,611T2300,0.004864676789,,,1,0,0
B010,2025-06-21 16:00:00,2,611E2360,0,,79.26,1,0,1
B010,2025-06-21 17:00:00,0,611H7406,0.5918728509,,,1,0,0
B010,2025-06-21 17:00:00,1,611T2300,0.5028058601,,,1,0,0
B010,2025-06-21 17:00:00,2,611E2360,0.2416913547,,79.26,1,0,1
B010,2025-06-21 18:00:00,0,611H7406,0.3593081442,,,1,0,0
B010,2025-06-21 18:00:00,1,611T2300,0.04893783673,,,1,0,0
B010,2025-06-21 18:00:00,2,611E2360,0.1520502901,,79.26,1,0,1
B010,2025-06-21 19:00:00,0,611H7406,0,,,1,0,0
B010,2025-06-21 19:00:00,1,611T2300,0,,,1,0,0
B010,2025-06-21 19:00:00,2,611E2360,0.006416294848,,79.26,1,0,1
B010,2025-06-21 20:00:00,0,611H7406,0,,,1,0,0
B010,2025-06-21 20:00:00,1,611T2300,0.002396648001,,,1,0,0
B010,2025-06-21 20:00:00,2,611E2360,0.1244174309,,79.26,1,0,1
B010,2025-06-21 21:00:00,0,611H7406,0.04224781253,,,1,0,0
B010,2025-06-21 21:00:00,1,611T2300,0.004793296003,,,1,0,0
B010,2025-06-21 21:00:00,2,611E2360,0.2432954284,,79.26,1,0,1
B010,2025-06-21 22:00:00,0,611H7406,0,,,1,0,0
B010,2025-06-21 22:00:00,1,611T2300,0,,,1,0,0
B010,2025-06-21 22:00:00,2,611E2360,0,,79.26,1,0,1
B010,2025-06-21 23:00:00,0,611H7406,0,,,1,0,0
B010,2025-06-21 23:00:00,1,611T2300,0.0736236703,,,1,0,0
B010,2025-06-21 23:00:00,2,611E2360,0.006779900956,,79.26,1,0,1
B010,2025-06-22 00:00:00,0,611H7406,0,,,1,0,0
B010,2025-06-22 00:00:00,1,611T2300,0,,,1,0,0
B010,2025-06-22 00:00:00,2,611E2360,0,,79.28,1,0,1
B010,2025-06-22 01:00:00,0,611H7406,0,,,1,0,0
B010,2025-06-22 01:00:00,1,611T2300,0,,,1,0,0
B010,2025-06-22 01:00:00,2,611E2360,0,,,1,0,0
B010,2025-06-22 02:00:00,0,611H7406,0,,,1,0,0
B010,2025-06-22 02:00:00,1,611T2300,0.002396648001,,,1,0,0
B010,2025-06-22 02:00:00,2,611E2360,0.1208456774,,79.29,1,0,1
B010,2025-06-22 03:00:00,0,611H7406,0,,,1,0,0
B010,2025-06-22 03:00:00,1,611T2300,0.04160513115,,,1,0,0
B010,2025-06-22 03:00:00,2,611E2360,0.2504389355,,,1,0,0
B010,2025-06-22 04:00:00,0,611H7406,0.1585301659,,,1,0,0
B010,2025-06-22 04:00:00,1,611T2300,0.004864676789,,,1,0,0
B010,2025-06-22 04:00:00,2,611E2360,0,,79.29,1,0,1
B010,2025-06-22 05:00:00,0,611H7406,0.3593081442,,,1,0,0
B010,2025-06-22 05:00:00,1,611T2300,0.08335302388,,,1,0,0
B010,2025-06-22 05:00:00,2,611E2360,0.001604073712,,79.3,1,0,1
B010,2025-06-22 06:00:00,0,611H7406,0,,,1,0,0
B010,2025-06-22 06:00:00,1,611T2300,0.03920848315,,,1,0,0
B010,2025-06-22 06:00:00,2,611E2360,0.1224497511,,79.3,1,0,1
B010,2025-06-22 07:00:00,0,611H7406,0.3697692285,,,1,0,0
B010,2025-06-22 07:00:00,1,611T2300,0.7650678598,,,1,0,0
B010,2025-06-22 07:00:00,2,611E2360,1.213632601,,,1,0,0
B010,2025-06-22 08:00:00,0,611H7406,0.2430257909,,,1,0,0
B010,2025-06-22 08:00:00,1,611T2300,0.004864676789,,,1,0,0
B010,2025-06-22 08:00:00,2,611E2360,0,,79.3,1,0,1
B010,2025-06-22 09:00:00,0,611H7406,0.4755904976,,,1,0,0
B010,2025-06-22 09:00:00,1,611T2300,0.3130198925,,,1,0,0
B010,2025-06-22 09:00:00,2,611E2360,2.082586937,,,1,0,0
B010,2025-06-22 10:00:00,0,611H7406,0.7186162885,,,1,0,0
B010,2025-06-22 10:00:00,1,611T2300,0.2666928461,,,1,0,0
B010,2025-06-22 10:00:00,2,611E2360,1.36465638,,79.31,1,0,1
B010,2025-06-22 11:00:00,0,611H7406,0.2748125192,,,1,0,0
B010,2025-06-22 11:00:00,1,611T2300,0.5346816377,,,1,0,0
B010,2025-06-22 11:00:00,2,611E2360,0.4965789052,,79.31,1,0,1
B010,2025-06-22 12:00:00,0,611H7406,0.3170603317,,,1,0,0
B010,2025-06-22 12:00:00,1,611T2300,0.603512012,,,1,0,0
B010,2025-06-22 12:00:00,2,611E2360,0.258459304,,79.32,1,0,1
B010,2025-06-22 13:00:00,0,611H7406,0.1585301659,,,1,0,0
B010,2025-06-22 13:00:00,1,611T2300,0.3969495083,,,1,0,0
B010,2025-06-22 13:00:00,2,611E2360,1.241843023,,,1,0,0
B010,2025-06-22 14:00:00,0,611H7406,0,,,1,0,0
B010,2025-06-22 14:00:00,1,611T2300,0.03681183515,,,1,0,0
B010,2025-06-22 14:00:00,2,611E2360,0.01159212209,,79.34,1,0,1
B010,2025-06-22 15:00:00,0,611H7406,0,,,1,0,0
B010,2025-06-22 15:00:00,1,611T2300,0,,,1,0,0
B010,2025-06-22 15:00:00,2,611E2360,0,,79.35,1,0,1
B010,2025-06-22 16:00:00,0,611H7406,0,,,1,0,0
B010,2025-06-22 16:00:00,1,611T2300,0,,,1,0,0
B010,2025-06-22 16:00:00,2,611E2360,0,,79.5,1,0,1
B010,2025-06-22 17:00:00,0,611H7406,0,,,1,0,0
B010,2025-06-22 17:00:00,1,611T2300,0,,,1,0,0
B010,2025-06-22 17:00:00,2,611E2360,0,,,1,0,0
B010,2025-06-22 18:00:00,0,611H7406,0,,,1,0,0
B010,2025-06-22 18:00:00,1,611T2300,0,,,1,0,0
B010,2025-06-22 18:00:00,2,611E2360,0,,79.51,1,0,1
B010,2025-06-22 19:00:00,0,611H7406,0,,,1,0,0
B010,2025-06-22 19:00:00,1,611T2300,0,,,1,0,0
B010,2025-06-22 19:00:00,2,611E2360,0,,79.51,1,0,1
B010,2025-06-22 20:00:00,0,611H7406,0,,,1,0,0
B010,2025-06-22 20:00:00,1,611T2300,0.03681183515,,,1,0,0
B010,2025-06-22 20:00:00,2,611E2360,0,,79.49,1,0,1
B010,2025-06-22 21:00:00,0,611H7406,0,,,1,0,0
B010,2025-06-22 21:00:00,1,611T2300,0,,,1,0,0
B010,2025-06-22 21:00:00,2,611E2360,0,,79.47,1,0,1
B010,2025-06-22 22:00:00,0,611H7406,0,,,1,0,0
B010,2025-06-22 22:00:00,1,611T2300,0,,,1,0,0
B010,2025-06-22 22:00:00,2,611E2360,0,,79.45,1,0,1
B010,2025-06-22 23:00:00,0,611H7406,0,,,1,0,0
B010,2025-06-22 23:00:00,1,611T2300,0,,,1,0,0
B010,2025-06-22 23:00:00,2,611E2360,0,,,1,0,0
B010,2025-06-23 00:00:00,0,611H7406,0,,,1,0,0
B010,2025-06-23 00:00:00,1,611T2300,0,,,1,0,0
B010,2025-06-23 00:00:00,2,611E2360,0,,79.42,1,0,1
B010,2025-06-23 01:00:00,0,611H7406,0,,,1,0,0
B010,2025-06-23 01:00:00,1,611T2300,0,,,1,0,0
B010,2025-06-23 01:00:00,2,611E2360,0,,,1,0,0
B010,2025-06-23 02:00:00,0,611H7406,0.1585301659,,,1,0,0
B010,2025-06-23 02:00:00,1,611T2300,0.004864676789,,,1,0,0
B010,2025-06-23 02:00:00,2,611E2360,0,,79.38,1,0,1
B010,2025-06-23 03:00:00,0,611H7406,0.1585301659,,,1,0,0
B010,2025-06-23 03:00:00,1,611T2300,0.04167651194,,,1,0,0
B010,2025-06-23 03:00:00,2,611E2360,0.001604073712,,,1,0,0
B010,2025-06-23 04:00:00,0,611H7406,0.4755904976,,,1,0,0
B010,2025-06-23 04:00:00,1,611T2300,0.2034465021,,,1,0,0
B010,2025-06-23 04:00:00,2,611E2360,0.2452631082,,79.37,1,0,1
B010,2025-06-23 05:00:00,0,611H7406,0.2007779784,,,1,0,0
B010,2025-06-23 05:00:00,1,611T2300,0.04646980794,,,1,0,0
B010,2025-06-23 05:00:00,2,611E2360,0.2500753294,,79.36,1,0,1
B010,2025-06-23 06:00:00,0,611H7406,0,,,1,0,0
B010,2025-06-23 06:00:00,1,611T2300,0,,,1,0,0
B010,2025-06-23 06:00:00,2,611E2360,0.003208147424,,,1,0,0
B010,2025-06-23 07:00:00,0,611H7406,2.462851588,,,1,0,0
B010,2025-06-23 07:00:00,1,611T2300,2.489801742,,,1,0,0
B010,2025-06-23 07:00:00,2,611E2360,5.907745119,,79.35,1,0,1
B010,2025-06-23 08:00:00,0,611H7406,0,,,1,0,0
B010,2025-06-23 08:00:00,1,611T2300,0,,,1,0,0
B010,2025-06-23 08:00:00,2,611E2360,0,,79.35,1,0,1
B010,2025-06-23 09:00:00,0,611H7406,0,,,1,0,0
B010,2025-06-23 09:00:00,1,611T2300,0,,,1,0,0
B010,2025-06-23 09:00:00,2,611E2360,0,,79.35,1,0,1
B010,2025-06-23 10:00:00,0,611H7406,0,,,1,0,0
B010,2025-06-23 10:00:00,1,611T2300,0,,,1,0,0
B010,2025-06-23 10:00:00,2,611E2360,0,,,1,0,0
B010,2025-06-23 11:00:00,0,611H7406,0.1585301659,,,1,0,0
B010,2025-06-23 11:00:00,1,611T2300,0.004864676789,,,1,0,0
B010,2025-06-23 11:00:00,2,611E2360,0,,79.35,1,0,1
B010,2025-06-23 12:00:00,0,611H7406,0.4755904976,,,1,0,0
B010,2025-06-23 12:00:00,1,611T2300,0.05380251352,,,1,0,0
B010,2025-06-23 12:00:00,2,611E2360,0.1224497511,,79.35,1,0,1
B010,2025-06-23 13:00:00,0,611H7406,0.1585301659,,,1,0,0
B010,2025-06-23 13:00:00,1,611T2300,0.08088499509,,,1,0,0
B010,2025-06-23 13:00:00,2,611E2360,0.1276255783,,79.34,1,0,1
B010,2025-06-23 14:00:00,0,611H7406,0.1585301659,,,1,0,0
B010,2025-06-23 14:00:00,1,611T2300,0.00726132479,,,1,0,0
B010,2025-06-23 14:00:00,2,611E2360,0.1260215046,,79.34,1,0,1
B010,2025-06-23 15:00:00,0,611H7406,0,,,1,0,0
B010,2025-06-23 15:00:00,1,611T2300,0,,,1,0,0
B010,2025-06-23 15:00:00,2,611E2360,0.001604073712,,79.33,1,0,1
B010,2025-06-23 16:00:00,0,611H7406,0,,,1,0,0
B010,2025-06-23 16:00:00,1,611T2300,0.03681183515,,,1,0,0
B010,2025-06-23 16:00:00,2,611E2360,0,,79.34,1,0,1
B010,2025-06-23 17:00:00,0,611H7406,0,,,1,0,0
B010,2025-06-23 17:00:00,1,611T2300,0,,,1,0,0
B010,2025-06-23 17:00:00,2,611E2360,0,,79.34,1,0,1
B010,2025-06-23 18:00:00,0,611H7406,0,,,1,0,0
B010,2025-06-23 18:00:00,1,611T2300,0,,,1,0,0
B010,2025-06-23 18:00:00,2,611E2360,0,,79.34,1,0,1
B010,2025-06-23 19:00:00,0,611H7406,0,,,1,0,0
B010,2025-06-23 19:00:00,1,611T2300,0,,,1,0,0
B010,2025-06-23 19:00:00,2,611E2360,0,,,1,0,0
B010,2025-06-23 20:00:00,0,611H7406,0,,,1,0,0
B010,2025-06-23 20:00:00,1,611T2300,0,,,1,0,0
B010,2025-06-23 20:00:00,2,611E2360,0,,79.34,1,0,1
B010,2025-06-23 21:00:00,0,611H7406,0,,,1,0,0
B010,2025-06-23 21:00:00,1,611T2300,0,,,1,0,0
B010,2025-06-23 21:00:00,2,611E2360,0,,79.34,1,0,1
B010,2025-06-23 22:00:00,0,611H7406,0,,,1,0,0
B010,2025-06-23 22:00:00,1,611T2300,0,,,1,0,0
B010,2025-06-23 22:00:00,2,611E2360,0,,79.34,1,0,1
B010,2025-06-23 23:00:00,0,611H7406,0,,,1,0,0
B010,2025-06-23 23:00:00,1,611T2300,0,,,1,0,0
B010,2025-06-23 23:00:00,2,611E2360,0,,79.33,1,0,1
B010,2025-06-24 00:00:00,0,611H7406,0,,,1,0,0
B010,2025-06-24 00:00:00,1,611T2300,0,,,1,0,0
B010,2025-06-24 00:00:00,2,611E2360,0,,79.33,1,0,1
B010,2025-06-24 01:00:00,0,611H7406,0,,,1,0,0
B010,2025-06-24 01:00:00,1,611T2300,0,,,1,0,0
B010,2025-06-24 01:00:00,2,611E2360,0,,79.33,1,0,1
B010,2025-06-24 02:00:00,0,611H7406,0,,,1,0,0
B010,2025-06-24 02:00:00,1,611T2300,0,,,1,0,0
B010,2025-06-24 02:00:00,2,611E2360,0,,79.33,1,0,1
B010,2025-06-24 03:00:00,0,611H7406,0,,,1,0,0
B010,2025-06-24 03:00:00,1,611T2300,0,,,1,0,0
B010,2025-06-24 03:00:00,2,611E2360,0,,,1,0,0
B010,2025-06-24 04:00:00,0,611H7406,0,,,1,0,0
B010,2025-06-24 04:00:00,1,611T2300,0,,,1,0,0
B010,2025-06-24 04:00:00,2,611E2360,0,,79.32,1,0,1
B010,2025-06-24 05:00:00,0,611H7406,0,,,1,0,0
B010,2025-06-24 05:00:00,1,611T2300,0,,,1,0,0
B010,2025-06-24 05:00:00,2,611E2360,0,,79.32,1,0,1
B010,2025-06-24 06:00:00,0,611H7406,0,,,1,0,0
B010,2025-06-24 06:00:00,1,611T2300,0.03920848315,,,1,0,0
B010,2025-06-24 06:00:00,2,611E2360,0.1208456774,,79.32,1,0,1
B010,2025-06-24 07:00:00,0,611H7406,2.092275409,,,1,0,0
B010,2025-06-24 07:00:00,1,611T2300,0.4975787337,,,1,0,0
B010,2025-06-24 07:00:00,2,611E2360,0.3839675533,,79.32,1,0,1
B010,2025-06-24 08:00:00,0,611H7406,0.433342685,,,1,0,0
B010,2025-06-24 08:00:00,1,611T2300,0.1274261838,,,1,0,0
B010,2025-06-24 08:00:00,2,611E2360,0.1340418732,,79.32,1,0,1
B010,2025-06-24 09:00:00,0,611H7406,0,,,1,0,0
B010,2025-06-24 09:00:00,1,611T2300,0.04074301602,,,1,0,0
B010,2025-06-24 09:00:00,2,611E2360,2.110947009,,79.32,1,0,1
B010,2025-06-24 10:00:00,0,611H7406,0.3170603317,,,1,0,0
B010,2025-06-24 10:00:00,1,611T2300,0.4946110394,,,1,0,0
B010,2025-06-24 10:00:00,2,611E2360,2.199860861,,79.34,1,0,1
B010,2025-06-24 11:00:00,0,611H7406,0.1162823533,,,1,0,0
B010,2025-06-24 11:00:00,1,611T2300,0.1344733663,,,1,0,0
B010,2025-06-24 11:00:00,2,611E2360,0.9894364076,,79.38,1,0,1
B010,2025-06-24 12:00:00,0,611H7406,0.1585301659,,,1,0,0
B010,2025-06-24 12:00:00,1,611T2300,0.04407315994,,,1,0,0
B010,2025-06-24 12:00:00,2,611E2360,0.140458168,,79.44,1,0,1
B010,2025-06-24 13:00:00,0,611H7406,0,,,1,0,0
B010,2025-06-24 13:00:00,1,611T2300,0,,,1,0,0
B010,2025-06-24 13:00:00,2,611E2360,0,,79.51,1,0,1
B010,2025-06-24 14:00:00,0,611H7406,0,,,1,0,0
B010,2025-06-24 14:00:00,1,611T2300,0.002396648001,,,1,0,0
B010,2025-06-24 14:00:00,2,611E2360,0.1208456774,,79.53,1,0,1
B010,2025-06-24 15:00:00,0,611H7406,0.2748125192,,,1,0,0
B010,2025-06-24 15:00:00,1,611T2300,0.04893783673,,,1,0,0
B010,2025-06-24 15:00:00,2,611E2360,0.1208456774,,79.56,1,0,1
B010,2025-06-24 16:00:00,0,611H7406,0,,,1,0,0
B010,2025-06-24 16:00:00,1,611T2300,0,,,1,0,0
B010,2025-06-24 16:00:00,2,611E2360,0.005175827244,,79.55,1,0,1
B010,2025-06-24 17:00:00,0,611H7406,0,,,1,0,0
B010,2025-06-24 17:00:00,1,611T2300,0,,,1,0,0
B010,2025-06-24 17:00:00,2,611E2360,0.001604073712,,79.53,1,0,1
B010,2025-06-24 18:00:00,0,611H7406,0,,,1,0,0
B010,2025-06-24 18:00:00,1,611T2300,0,,,1,0,0
B010,2025-06-24 18:00:00,2,611E2360,0,,79.51,1,0,1
B010,2025-06-24 19:00:00,0,611H7406,0,,,1,0,0
B010,2025-06-24 19:00:00,1,611T2300,0,,,1,0,0
B010,2025-06-24 19:00:00,2,611E2360,0,,79.5,1,0,1
B010,2025-06-24 20:00:00,0,611H7406,0,,,1,0,0
B010,2025-06-24 20:00:00,1,611T2300,0,,,1,0,0
B010,2025-06-24 20:00:00,2,611E2360,0,,,1,0,0
B010,2025-06-24 21:00:00,0,611H7406,0,,,1,0,0
B010,2025-06-24 21:00:00,1,611T2300,0,,,1,0,0
B010,2025-06-24 21:00:00,2,611E2360,0,,79.46,1,0,1
B010,2025-06-24 22:00:00,0,611H7406,0,,,1,0,0
B010,2025-06-24 22:00:00,1,611T2300,0,,,1,0,0
B010,2025-06-24 22:00:00,2,611E2360,0,,,1,0,0
B010,2025-06-24 23:00:00,0,611H7406,0,,,1,0,0
B010,2025-06-24 23:00:00,1,611T2300,0,,,1,0,0
B010,2025-06-24 23:00:00,2,611E2360,0,,79.45,1,0,1
B010,2025-06-25 00:00:00,0,611H7406,0,,,1,0,0
B010,2025-06-25 00:00:00,1,611T2300,0,,,1,0,0
B010,2025-06-25 00:00:00,2,611E2360,0,,79.44,1,0,1
B010,2025-06-25 01:00:00,0,611H7406,0,,,1,0,0
B010,2025-06-25 01:00:00,1,611T2300,0,,,1,0,0
B010,2025-06-25 01:00:00,2,611E2360,0,,79.42,1,0,1
B010,2025-06-25 02:00:00,0,611H7406,0,,,1,0,0
B010,2025-06-25 02:00:00,1,611T2300,0,,,1,0,0
B010,2025-06-25 02:00:00,2,611E2360,0,,79.41,1,0,1
B010,2025-06-25 03:00:00,0,611H7406,0,,,1,0,0
B010,2025-06-25 03:00:00,1,611T2300,0,,,1,0,0
B010,2025-06-25 03:00:00,2,611E2360,0,,,1,0,0
B010,2025-06-25 04:00:00,0,611H7406,0,,,1,0,0
B010,2025-06-25 04:00:00,1,611T2300,0,,,1,0,0
B010,2025-06-25 04:00:00,2,611E2360,0,,79.39,1,0,1
B010,2025-06-25 05:00:00,0,611H7406,0,,,1,0,0
B010,2025-06-25 05:00:00,1,611T2300,0,,,1,0,0
B010,2025-06-25 05:00:00,2,611E2360,0,,,1,0,0
B010,2025-06-25 06:00:00,0,611H7406,0.04224781253,,,1,0,0
B010,2025-06-25 06:00:00,1,611T2300,0,,,1,0,0
B010,2025-06-25 06:00:00,2,611E2360,0,,79.38,1,0,1
B010,2025-06-25 07:00:00,0,611H7406,1.21553243,,,1,0,0
B010,2025-06-25 07:00:00,1,611T2300,0.8926612502,,,1,0,0
B010,2025-06-25 07:00:00,2,611E2360,5.76546892,,79.38,1,0,1
B010,2025-06-25 08:00:00,0,611H7406,0,,,1,0,0
B010,2025-06-25 08:00:00,1,611T2300,0,,,1,0,0
B010,2025-06-25 08:00:00,2,611E2360,0,,79.37,1,0,1
B010,2025-06-25 09:00:00,0,611H7406,0,,,1,0,0
B010,2025-06-25 09:00:00,1,611T2300,0,,,1,0,0
B010,2025-06-25 09:00:00,2,611E2360,0,,79.36,1,0,1
B010,2025-06-25 10:00:00,0,611H7406,0,,,1,0,0
B010,2025-06-25 10:00:00,1,611T2300,0,,,1,0,0
B010,2025-06-25 10:00:00,2,611E2360,0,,,1,0,0
B010,2025-06-25 11:00:00,0,611H7406,0,,,1,0,0
B010,2025-06-25 11:00:00,1,611T2300,0,,,1,0,0
B010,2025-06-25 11:00:00,2,611E2360,0,,79.36,1,0,1
B010,2025-06-25 12:00:00,0,611H7406,0,,,1,0,0
B010,2025-06-25 12:00:00,1,611T2300,0,,,1,0,0
B010,2025-06-25 12:00:00,2,611E2360,0,,79.35,1,0,1
B010,2025-06-25 13:00:00,0,611H7406,0,,,1,0,0
B010,2025-06-25 13:00:00,1,611T2300,0,,,1,0,0
B010,2025-06-25 13:00:00,2,611E2360,0,,,1,0,0
B010,2025-06-25 14:00:00,0,611H7406,0,,,1,0,0
B010,2025-06-25 14:00:00,1,611T2300,0,,,1,0,0
B010,2025-06-25 14:00:00,2,611E2360,0,,79.34,1,0,1
B010,2025-06-25 15:00:00,0,611H7406,0,,,1,0,0
B010,2025-06-25 15:00:00,1,611T2300,0,,,1,0,0
B010,2025-06-25 15:00:00,2,611E2360,0,,79.34,1,0,1
B010,2025-06-25 16:00:00,0,611H7406,0,,,1,0,0
B010,2025-06-25 16:00:00,1,611T2300,0,,,1,0,0
B010,2025-06-25 16:00:00,2,611E2360,0,,79.34,1,0,1
B010,2025-06-25 17:00:00,0,611H7406,0,,,1,0,0
B010,2025-06-25 17:00:00,1,611T2300,0,,,1,0,0
B010,2025-06-25 17:00:00,2,611E2360,0,,,1,0,0
B010,2025-07-20 15:00:00,0,611H7406,0,,,1,0,0
B010,2025-07-20 15:00:00,1,611T2300,0,,,1,0,0
B010,2025-07-20 15:00:00,2,611E2360,0,,79.19,1,0,1
B010,2025-07-20 16:00:00,0,611H7406,0,,,1,0,0
B010,2025-07-20 16:00:00,1,611T2300,0,,,1,0,0
B010,2025-07-20 16:00:00,2,611E2360,0,,79.19,1,0,1
B010,2025-07-20 17:00:00,0,611H7406,0.04224781253,,,1,0,0
B010,2025-07-20 17:00:00,1,611T2300,0,,,1,0,0
B010,2025-07-20 17:00:00,2,611E2360,0,,79.19,1,0,1
B010,2025-07-20 18:00:00,0,611H7406,0,,,1,0,0
B010,2025-07-20 18:00:00,1,611T2300,0,,,1,0,0
B010,2025-07-20 18:00:00,2,611E2360,0,,79.19,1,0,1
B010,2025-07-20 19:00:00,0,611H7406,0,,,1,0,0
B010,2025-07-20 19:00:00,1,611T2300,0,,,1,0,0
B010,2025-07-20 19:00:00,2,611E2360,0,,79.19,1,0,1
B010,2025-07-20 20:00:00,0,611H7406,0,,,1,0,0
B010,2025-07-20 20:00:00,1,611T2300,0,,,1,0,0
B010,2025-07-20 20:00:00,2,611E2360,0,,79.19,1,0,1
B010,2025-07-20 21:00:00,0,611H7406,0,,,1,0,0
B010,2025-07-20 21:00:00,1,611T2300,0,,,1,0,0
B010,2025-07-20 21:00:00,2,611E2360,0,,79.19,1,0,1
B010,2025-07-20 22:00:00,0,611H7406,0,,,1,0,0
B010,2025-07-20 22:00:00,1,611T2300,0,,,1,0,0
B010,2025-07-20 22:00:00,2,611E2360,0,,79.19,1,0,1
B010,2025-07-20 23:00:00,0,611H7406,0,,,1,0,0
B010,2025-07-20 23:00:00,1,611T2300,0,,,1,0,0
B010,2025-07-20 23:00:00,2,611E2360,0,,79.2,1,0,1
B010,2025-07-21 00:00:00,0,611H7406,0,,,1,0,0
B010,2025-07-21 00:00:00,1,611T2300,0,,,1,0,0
B010,2025-07-21 00:00:00,2,611E2360,0,,79.21,1,0,1
B010,2025-07-21 01:00:00,0,611H7406,0,,,1,0,0
B010,2025-07-21 01:00:00,1,611T2300,0,,,1,0,0
B010,2025-07-21 01:00:00,2,611E2360,0,,79.22,1,0,1
B010,2025-07-21 02:00:00,0,611H7406,0,,,1,0,0
B010,2025-07-21 02:00:00,1,611T2300,0,,,1,0,0
B010,2025-07-21 02:00:00,2,611E2360,0,,79.22,1,0,1
B010,2025-07-21 03:00:00,0,611H7406,0,,,1,0,0
B010,2025-07-21 03:00:00,1,611T2300,0,,,1,0,0
B010,2025-07-21 03:00:00,2,611E2360,0,,79.24,1,0,1
B010,2025-07-21 04:00:00,0,611H7406,0,,,1,0,0
B010,2025-07-21 04:00:00,1,611T2300,0,,,1,0,0
B010,2025-07-21 04:00:00,2,611E2360,0,,,1,0,0
B010,2025-07-21 05:00:00,0,611H7406,0,,,1,0,0
B010,2025-07-21 05:00:00,1,611T2300,0,,,1,0,0
B010,2025-07-21 05:00:00,2,611E2360,0,,79.24,1,0,1
B010,2025-07-21 06:00:00,0,611H7406,0,,,1,0,0
B010,2025-07-21 06:00:00,1,611T2300,0,,,1,0,0
B010,2025-07-21 06:00:00,2,611E2360,0,,79.24,1,0,1
B010,2025-07-21 07:00:00,0,611H7406,0,,,1,0,0
B010,2025-07-21 07:00:00,1,611T2300,0.2208710109,,,1,0,0
B010,2025-07-21 07:00:00,2,611E2360,0,,79.24,1,0,1
B010,2025-07-21 08:00:00,0,611H7406,0,,,1,0,0
B010,2025-07-21 08:00:00,1,611T2300,0,,,1,0,0
B010,2025-07-21 08:00:00,2,611E2360,0,,79.24,1,0,1
B010,2025-07-21 09:00:00,0,611H7406,0,,,1,0,0
B010,2025-07-21 09:00:00,1,611T2300,0,,,1,0,0
B010,2025-07-21 09:00:00,2,611E2360,0,,79.24,1,0,1
B010,2025-07-21 10:00:00,0,611H7406,0,,,1,0,0
B010,2025-07-21 10:00:00,1,611T2300,0,,,1,0,0
B010,2025-07-21 10:00:00,2,611E2360,0,,79.24,1,0,1
B010,2025-07-21 11:00:00,0,611H7406,0,,,1,0,0
B010,2025-07-21 11:00:00,1,611T2300,0,,,1,0,0
B010,2025-07-21 11:00:00,2,611E2360,0,,79.24,1,0,1
B010,2025-07-21 12:00:00,0,611H7406,0,,,1,0,0
B010,2025-07-21 12:00:00,1,611T2300,0,,,1,0,0
B010,2025-07-21 12:00:00,2,611E2360,0,,79.24,1,0,1
B010,2025-07-21 13:00:00,0,611H7406,0,,,1,0,0
B010,2025-07-21 13:00:00,1,611T2300,0,,,1,0,0
B010,2025-07-21 13:00:00,2,611E2360,0,,79.24,1,0,1
B010,2025-07-21 14:00:00,0,611H7406,0,,,1,0,0
B010,2025-07-21 14:00:00,1,611T2300,0,,,1,0,0
B010,2025-07-21 14:00:00,2,611E2360,0,,79.24,1,0,1
B010,2025-07-21 15:00:00,0,611H7406,0,,,1,0,0
B010,2025-07-21 15:00:00,1,611T2300,0,,,1,0,0
B010,2025-07-21 15:00:00,2,611E2360,0,,79.24,1,0,1
B010,2025-07-21 16:00:00,0,611H7406,0,,,1,0,0
B010,2025-07-21 16:00:00,1,611T2300,0,,,1,0,0
B010,2025-07-21 16:00:00,2,611E2360,0,,79.24,1,0,1
B010,2025-07-21 17:00:00,0,611H7406,0,,,1,0,0
B010,2025-07-21 17:00:00,1,611T2300,0,,,1,0,0
B010,2025-07-21 17:00:00,2,611E2360,0.003571753532,,79.24,1,0,1
B010,2025-07-21 18:00:00,0,611H7406,0,,,1,0,0
B010,2025-07-21 18:00:00,1,611T2300,0,,,1,0,0
B010,2025-07-21 18:00:00,2,611E2360,0.004812221136,,79.24,1,0,1
B010,2025-07-21 19:00:00,0,611H7406,0,,,1,0,0
B010,2025-07-21 19:00:00,1,611T2300,0,,,1,0,0
B010,2025-07-21 19:00:00,2,611E2360,0,,79.24,1,0,1
B010,2025-07-21 20:00:00,0,611H7406,0,,,1,0,0
B010,2025-07-21 20:00:00,1,611T2300,0,,,1,0,0
B010,2025-07-21 20:00:00,2,611E2360,0,,79.24,1,0,1
B010,2025-07-21 21:00:00,0,611H7406,0,,,1,0,0
B010,2025-07-21 21:00:00,1,611T2300,0,,,1,0,0
B010,2025-07-21 21:00:00,2,611E2360,0,,79.24,1,0,1
B010,2025-07-21 22:00:00,0,611H7406,0.04224781253,,,1,0,0
B010,2025-07-21 22:00:00,1,611T2300,0,,,1,0,0
B010,2025-07-21 22:00:00,2,611E2360,0,,79.24,1,0,1
B010,2025-07-21 23:00:00,0,611H7406,0,,,1,0,0
B010,2025-07-21 23:00:00,1,611T2300,0,,,1,0,0
B010,2025-07-21 23:00:00,2,611E2360,0,,79.24,1,0,1
B010,2025-07-22 00:00:00,0,611H7406,0,,,1,0,0
B010,2025-07-22 00:00:00,1,611T2300,0,,,1,0,0
B010,2025-07-22 00:00:00,2,611E2360,0,,79.24,1,0,1
B010,2025-07-22 01:00:00,0,611H7406,0,,,1,0,0
B010,2025-07-22 01:00:00,1,611T2300,0,,,1,0,0
B010,2025-07-22 01:00:00,2,611E2360,0,,79.24,1,0,1
B010,2025-07-22 02:00:00,0,611H7406,0,,,1,0,0
B010,2025-07-22 02:00:00,1,611T2300,0,,,1,0,0
B010,2025-07-22 02:00:00,2,611E2360,0,,79.23,1,0,1
B010,2025-07-22 03:00:00,0,611H7406,0,,,1,0,0
B010,2025-07-22 03:00:00,1,611T2300,0,,,1,0,0
B010,2025-07-22 03:00:00,2,611E2360,0,,79.23,1,0,1
B010,2025-07-22 04:00:00,0,611H7406,0,,,1,0,0
B010,2025-07-22 04:00:00,1,611T2300,0.002396648001,,,1,0,0
B010,2025-07-22 04:00:00,2,611E2360,0.1244174309,,79.23,1,0,1
B010,2025-07-22 05:00:00,0,611H7406,0.1162823533,,,1,0,0
B010,2025-07-22 05:00:00,1,611T2300,0.04167651194,,,1,0,0
B010,2025-07-22 05:00:00,2,611E2360,0.008747580776,,79.22,1,0,1
B010,2025-07-22 06:00:00,0,611H7406,1.817866365,,,1,0,0
B010,2025-07-22 06:00:00,1,611T2300,0.1319997918,,,1,0,0
B010,2025-07-22 06:00:00,2,611E2360,0.001604073712,,79.21,1,0,1
B010,2025-07-22 07:00:00,0,611H7406,1.511670593,,,1,0,0
B010,2025-07-22 07:00:00,1,611T2300,0.1784695997,,,1,0,0
B010,2025-07-22 07:00:00,2,611E2360,0.2559783688,,79.19,1,0,1
B010,2025-07-22 08:00:00,0,611H7406,0,,,1,0,0
B010,2025-07-22 08:00:00,1,611T2300,0,,,1,0,0
B010,2025-07-22 08:00:00,2,611E2360,0,,79.19,1,0,1
B010,2025-07-22 09:00:00,0,611H7406,0,,,1,0,0
B010,2025-07-22 09:00:00,1,611T2300,0,,,1,0,0
B010,2025-07-22 09:00:00,2,611E2360,0,,79.19,1,0,1
B010,2025-07-22 10:00:00,0,611H7406,0,,,1,0,0
B010,2025-07-22 10:00:00,1,611T2300,0,,,1,0,0
B010,2025-07-22 10:00:00,2,611E2360,0,,79.2,1,0,1
B010,2025-07-22 11:00:00,0,611H7406,0,,,1,0,0
B010,2025-07-22 11:00:00,1,611T2300,0,,,1,0,0
B010,2025-07-22 11:00:00,2,611E2360,0,,79.2,1,0,1
B010,2025-07-22 12:00:00,0,611H7406,0,,,1,0,0
B010,2025-07-22 12:00:00,1,611T2300,0,,,1,0,0
B010,2025-07-22 12:00:00,2,611E2360,0,,79.21,1,0,1
B010,2025-07-22 13:00:00,0,611H7406,0,,,1,0,0
B010,2025-07-22 13:00:00,1,611T2300,0,,,1,0,0
B010,2025-07-22 13:00:00,2,611E2360,0,,79.21,1,0,1
B010,2025-07-22 14:00:00,0,611H7406,0,,,1,0,0
B010,2025-07-22 14:00:00,1,611T2300,0,,,1,0,0
B010,2025-07-22 14:00:00,2,611E2360,0,,79.21,1,0,1
B010,2025-07-22 15:00:00,0,611H7406,0,,,1,0,0
B010,2025-07-22 15:00:00,1,611T2300,1.882196889,,,1,0,0
B010,2025-07-22 15:00:00,2,611E2360,0.2484712557,,79.21,1,0,1
B010,2025-07-22 16:00:00,0,611H7406,3.81558854,,,1,0,0
B010,2025-07-22 16:00:00,1,611T2300,0.2993013308,,,1,0,0
B010,2025-07-22 16:00:00,2,611E2360,2.926325042,,79.21,1,0,1
B010,2025-07-22 17:00:00,0,611H7406,0.1162823533,,,1,0,0
B010,2025-07-22 17:00:00,1,611T2300,0.04167651194,,,1,0,0
B010,2025-07-22 17:00:00,2,611E2360,0,,79.22,1,0,1
B010,2025-07-22 18:00:00,0,611H7406,0,,,1,0,0
B010,2025-07-22 18:00:00,1,611T2300,0,,,1,0,0
B010,2025-07-22 18:00:00,2,611E2360,0,,79.23,1,0,1
B010,2025-07-22 19:00:00,0,611H7406,1.21553243,,,1,0,0
B010,2025-07-22 19:00:00,1,611T2300,1.484909376,,,1,0,0
B010,2025-07-22 19:00:00,2,611E2360,4.019325922,,79.24,1,0,1
B010,2025-07-22 20:00:00,0,611H7406,1.764753993,,,1,0,0
B010,2025-07-22 20:00:00,1,611T2300,0.4262803306,,,1,0,0
B010,2025-07-22 20:00:00,2,611E2360,0.7546746032,,79.25,1,0,1
B010,2025-07-22 21:00:00,0,611H7406,0.4755904976,,,1,0,0
B010,2025-07-22 21:00:00,1,611T2300,0.1298228318,,,1,0,0
B010,2025-07-22 21:00:00,2,611E2360,0.2416913547,,79.26,1,0,1
B010,2025-07-22 22:00:00,0,611H7406,0,,,1,0,0
B010,2025-07-22 22:00:00,1,611T2300,0,,,1,0,0
B010,2025-07-22 22:00:00,2,611E2360,0,,79.27,1,0,1
B010,2025-07-22 23:00:00,0,611H7406,0,,,1,0,0
B010,2025-07-22 23:00:00,1,611T2300,0,,,1,0,0
B010,2025-07-22 23:00:00,2,611E2360,0,,79.28,1,0,1
B010,2025-07-23 00:00:00,0,611H7406,0,,,1,0,0
B010,2025-07-23 00:00:00,1,611T2300,0,,,1,0,0
B010,2025-07-23 00:00:00,2,611E2360,0,,79.29,1,0,1
B010,2025-07-23 01:00:00,0,611H7406,0,,,1,0,0
B010,2025-07-23 01:00:00,1,611T2300,0.03920848315,,,1,0,0
B010,2025-07-23 01:00:00,2,611E2360,0.1208456774,,79.59,1,0,1
B010,2025-07-23 02:00:00,0,611H7406,0,,,1,0,0
B010,2025-07-23 02:00:00,1,611T2300,0,,,1,0,0
B010,2025-07-23 02:00:00,2,611E2360,0,,79.58,1,0,1
B010,2025-07-23 03:00:00,0,611H7406,0,,,1,0,0
B010,2025-07-23 03:00:00,1,611T2300,0,,,1,0,0
B010,2025-07-23 03:00:00,2,611E2360,0,,79.53,1,0,1
B010,2025-07-23 04:00:00,0,611H7406,0,,,1,0,0
B010,2025-07-23 04:00:00,1,611T2300,0,,,1,0,0
B010,2025-07-23 04:00:00,2,611E2360,0.001604073712,,79.49,1,0,1
B010,2025-07-23 05:00:00,0,611H7406,0.04224781253,,,1,0,0
B010,2025-07-23 05:00:00,1,611T2300,0,,,1,0,0
B010,2025-07-23 05:00:00,2,611E2360,0,,79.45,1,0,1
B010,2025-07-23 06:00:00,0,611H7406,0.1162823533,,,1,0,0
B010,2025-07-23 06:00:00,1,611T2300,0.004864676789,,,1,0,0
B010,2025-07-23 06:00:00,2,611E2360,0,,79.42,1,0,1
B010,2025-07-23 07:00:00,0,611H7406,5.940861104,,,1,0,0
B010,2025-07-23 07:00:00,1,611T2300,4.30826043,,,1,0,0
B010,2025-07-23 07:00:00,2,611E2360,8.258399423,,79.41,1,0,1
B010,2025-07-23 08:00:00,0,611H7406,0,,,1,0,0
B010,2025-07-23 08:00:00,1,611T2300,0,,,1,0,0
B010,2025-07-23 08:00:00,2,611E2360,0,,79.4,1,0,1
B010,2025-07-23 09:00:00,0,611H7406,0,,,1,0,0
B010,2025-07-23 09:00:00,1,611T2300,0,,,1,0,0
B010,2025-07-23 09:00:00,2,611E2360,0,,79.39,1,0,1
B010,2025-07-23 10:00:00,0,611H7406,0,,,1,0,0
B010,2025-07-23 10:00:00,1,611T2300,0,,,1,0,0
B010,2025-07-23 10:00:00,2,611E2360,0,,79.39,1,0,1
B010,2025-07-23 11:00:00,0,611H7406,0,,,1,0,0
B010,2025-07-23 11:00:00,1,611T2300,0.002396648001,,,1,0,0
B010,2025-07-23 11:00:00,2,611E2360,0.1208456774,,79.38,1,0,1
B010,2025-07-23 12:00:00,0,611H7406,0,,,1,0,0
B010,2025-07-23 12:00:00,1,611T2300,0,,,1,0,0
B010,2025-07-23 12:00:00,2,611E2360,0,,79.37,1,0,1
B010,2025-07-23 13:00:00,0,611H7406,0,,,1,0,0
B010,2025-07-23 13:00:00,1,611T2300,0,,,1,0,0
B010,2025-07-23 13:00:00,2,611E2360,0,,79.35,1,0,1
B010,2025-07-23 14:00:00,0,611H7406,0,,,1,0,0
B010,2025-07-23 14:00:00,1,611T2300,0,,,1,0,0
B010,2025-07-23 14:00:00,2,611E2360,0,,79.34,1,0,1
B010,2025-07-23 15:00:00,0,611H7406,0.1162823533,,,1,0,0
B010,2025-07-23 15:00:00,1,611T2300,0.004864676789,,,1,0,0
B010,2025-07-23 15:00:00,2,611E2360,0.007143507064,,79.33,1,0,1
B010,2025-07-23 16:00:00,0,611H7406,0,,,1,0,0
B010,2025-07-23 16:00:00,1,611T2300,0.5521775273,,,1,0,0
B010,2025-07-23 16:00:00,2,611E2360,0,,79.32,1,0,1
B010,2025-07-23 17:00:00,0,611H7406,0,,,1,0,0
B010,2025-07-23 17:00:00,1,611T2300,0.5153656921,,,1,0,0
B010,2025-07-23 17:00:00,2,611E2360,0,,79.33,1,0,1
B010,2025-07-23 18:00:00,0,611H7406,0,,,1,0,0
B010,2025-07-23 18:00:00,1,611T2300,0,,,1,0,0
B010,2025-07-23 18:00:00,2,611E2360,0,,79.33,1,0,1
B010,2025-07-23 19:00:00,0,611H7406,0,,,1,0,0
B010,2025-07-23 19:00:00,1,611T2300,0,,,1,0,0
B010,2025-07-23 19:00:00,2,611E2360,0,,79.33,1,0,1
B010,2025-07-23 20:00:00,0,611H7406,0,,,1,0,0
B010,2025-07-23 20:00:00,1,611T2300,0,,,1,0,0
B010,2025-07-23 20:00:00,2,611E2360,0,,79.37,1,0,1
B010,2025-07-23 21:00:00,0,611H7406,0,,,1,0,0
B010,2025-07-23 21:00:00,1,611T2300,0,,,1,0,0
B010,2025-07-23 21:00:00,2,611E2360,0,,79.33,1,0,1
B010,2025-07-23 22:00:00,0,611H7406,0,,,1,0,0
B010,2025-07-23 22:00:00,1,611T2300,0,,,1,0,0
B010,2025-07-23 22:00:00,2,611E2360,0,,79.31,1,0,1
B010,2025-07-23 23:00:00,0,611H7406,0,,,1,0,0
B010,2025-07-23 23:00:00,1,611T2300,0,,,1,0,0
B010,2025-07-23 23:00:00,2,611E2360,0,,79.3,1,0,1
B010,2025-07-24 00:00:00,0,611H7406,0,,,1,0,0
B010,2025-07-24 00:00:00,1,611T2300,0,,,1,0,0
B010,2025-07-24 00:00:00,2,611E2360,0,,79.29,1,0,1
B010,2025-07-24 01:00:00,0,611H7406,0,,,1,0,0
B010,2025-07-24 01:00:00,1,611T2300,0,,,1,0,0
B010,2025-07-24 01:00:00,2,611E2360,0,,79.33,1,0,1
B010,2025-07-24 02:00:00,0,611H7406,0,,,1,0,0
B010,2025-07-24 02:00:00,1,611T2300,0,,,1,0,0
B010,2025-07-24 02:00:00,2,611E2360,0,,79.35,1,0,1
B010,2025-07-24 03:00:00,0,611H7406,0,,,1,0,0
B010,2025-07-24 03:00:00,1,611T2300,0,,,1,0,0
B010,2025-07-24 03:00:00,2,611E2360,0,,79.35,1,0,1
B010,2025-07-24 04:00:00,0,611H7406,0,,,1,0,0
B010,2025-07-24 04:00:00,1,611T2300,0,,,1,0,0
B010,2025-07-24 04:00:00,2,611E2360,0,,79.35,1,0,1
B010,2025-07-24 05:00:00,0,611H7406,0,,,1,0,0
B010,2025-07-24 05:00:00,1,611T2300,0,,,1,0,0
B010,2025-07-24 05:00:00,2,611E2360,0,,79.34,1,0,1
B010,2025-07-24 06:00:00,0,611H7406,0,,,1,0,0
B010,2025-07-24 06:00:00,1,611T2300,0,,,1,0,0
B010,2025-07-24 06:00:00,2,611E2360,0,,79.34,1,0,1
B010,2025-07-24 07:00:00,0,611H7406,0.1162823533,,,1,0,0
B010,2025-07-24 07:00:00,1,611T2300,1.074804544,,,1,0,0
B010,2025-07-24 07:00:00,2,611E2360,0.1279891844,,79.33,1,0,1
B010,2025-07-24 08:00:00,0,611H7406,0,,,1,0,0
B010,2025-07-24 08:00:00,1,611T2300,0,,,1,0,0
B010,2025-07-24 08:00:00,2,611E2360,0,,79.32,1,0,1
B010,2025-07-24 09:00:00,0,611H7406,0,,,1,0,0
B010,2025-07-24 09:00:00,1,611T2300,0,,,1,0,0
B010,2025-07-24 09:00:00,2,611E2360,0,,79.3,1,0,1
B010,2025-07-24 10:00:00,0,611H7406,0,,,1,0,0
B010,2025-07-24 10:00:00,1,611T2300,0,,,1,0,0
B010,2025-07-24 10:00:00,2,611E2360,0,,79.29,1,0,1
B010,2025-07-24 11:00:00,0,611H7406,0,,,1,0,0
B010,2025-07-24 11:00:00,1,611T2300,0,,,1,0,0
B010,2025-07-24 11:00:00,2,611E2360,0,,79.28,1,0,1
B010,2025-07-24 12:00:00,0,611H7406,0,,,1,0,0
B010,2025-07-24 12:00:00,1,611T2300,0,,,1,0,0
B010,2025-07-24 12:00:00,2,611E2360,0,,79.28,1,0,1
B010,2025-07-24 13:00:00,0,611H7406,0,,,1,0,0
B010,2025-07-24 13:00:00,1,611T2300,0,,,1,0,0
B010,2025-07-24 13:00:00,2,611E2360,0,,79.28,1,0,1
B010,2025-07-24 14:00:00,0,611H7406,0,,,1,0,0
B010,2025-07-24 14:00:00,1,611T2300,0,,,1,0,0
B010,2025-07-24 14:00:00,2,611E2360,0,,79.28,1,0,1
B010,2025-07-24 15:00:00,0,611H7406,0,,,1,0,0
B010,2025-07-24 15:00:00,1,611T2300,0,,,1,0,0
B010,2025-07-24 15:00:00,2,611E2360,0,,79.28,1,0,1
B010,2025-07-24 16:00:00,0,611H7406,0,,,1,0,0
B010,2025-07-24 16:00:00,1,611T2300,0,,,1,0,0
B010,2025-07-24 16:00:00,2,611E2360,0,,79.28,1,0,1
B010,2025-07-24 17:00:00,0,611H7406,0,,,1,0,0
B010,2025-07-24 17:00:00,1,611T2300,0,,,1,0,0
B010,2025-07-24 17:00:00,2,611E2360,0,,79.27,1,0,1
B010,2025-07-24 18:00:00,0,611H7406,0,,,1,0,0
B010,2025-07-24 18:00:00,1,611T2300,0,,,1,0,0
B010,2025-07-24 18:00:00,2,611E2360,0,,79.27,1,0,1
B010,2025-07-24 19:00:00,0,611H7406,0,,,1,0,0
B010,2025-07-24 19:00:00,1,611T2300,0.02156983201,,,1,0,0
B010,2025-07-24 19:00:00,2,611E2360,1.13646052,,79.27,1,0,1
B010,2025-07-24 20:00:00,0,611H7406,6.415241175,,,1,0,0
B010,2025-07-24 20:00:00,1,611T2300,0.4251160553,,,1,0,0
B010,2025-07-24 20:00:00,2,611E2360,0.2465035758,,79.27,1,0,1
B010,2025-07-24 21:00:00,0,611H7406,0.4224781253,,,1,0,0
B010,2025-07-24 21:00:00,1,611T2300,0,,,1,0,0
B010,2025-07-24 21:00:00,2,611E2360,0,,79.26,1,0,1
B010,2025-07-24 22:00:00,0,611H7406,0,,,1,0,0
B010,2025-07-24 22:00:00,1,611T2300,0,,,1,0,0
B010,2025-07-24 22:00:00,2,611E2360,0,,79.26,1,0,1
B010,2025-07-24 23:00:00,0,611H7406,0,,,1,0,0
B010,2025-07-24 23:00:00,1,611T2300,0,,,1,0,0
B010,2025-07-24 23:00:00,2,611E2360,0,,79.28,1,0,1
B010,2025-07-25 00:00:00,0,611H7406,0,,,1,0,0
B010,2025-07-25 00:00:00,1,611T2300,0,,,1,0,0
B010,2025-07-25 00:00:00,2,611E2360,0,,79.28,1,0,1
B010,2025-07-25 01:00:00,0,611H7406,0,,,1,0,0
B010,2025-07-25 01:00:00,1,611T2300,0,,,1,0,0
B010,2025-07-25 01:00:00,2,611E2360,0,,79.28,1,0,1
B010,2025-07-25 02:00:00,0,611H7406,0,,,1,0,0
B010,2025-07-25 02:00:00,1,611T2300,0,,,1,0,0
B010,2025-07-25 02:00:00,2,611E2360,0,,79.29,1,0,1
B010,2025-07-25 03:00:00,0,611H7406,0,,,1,0,0
B010,2025-07-25 03:00:00,1,611T2300,0,,,1,0,0
B010,2025-07-25 03:00:00,2,611E2360,0,,79.28,1,0,1
B010,2025-07-25 04:00:00,0,611H7406,0,,,1,0,0
B010,2025-07-25 04:00:00,1,611T2300,0,,,1,0,0
B010,2025-07-25 04:00:00,2,611E2360,0,,79.28,1,0,1
B010,2025-07-25 05:00:00,0,611H7406,0,,,1,0,0
B010,2025-07-25 05:00:00,1,611T2300,0,,,1,0,0
B010,2025-07-25 05:00:00,2,611E2360,0,,79.29,1,0,1
B010,2025-07-25 06:00:00,0,611H7406,0,,,1,0,0
B010,2025-07-25 06:00:00,1,611T2300,0,,,1,0,0
B010,2025-07-25 06:00:00,2,611E2360,0,,79.32,1,0,1
B010,2025-07-25 07:00:00,0,611H7406,4.767576486,,,1,0,0
B010,2025-07-25 07:00:00,1,611T2300,0.4466858873,,,1,0,0
B010,2025-07-25 07:00:00,2,611E2360,1.336445958,,79.32,1,0,1
B010,2025-07-25 08:00:00,0,611H7406,0,,,1,0,0
B010,2025-07-25 08:00:00,1,611T2300,0,,,1,0,0
B010,2025-07-25 08:00:00,2,611E2360,0,,79.3,1,0,1
B010,2025-07-25 09:00:00,0,611H7406,0,,,1,0,0
B010,2025-07-25 09:00:00,1,611T2300,0,,,1,0,0
B010,2025-07-25 09:00:00,2,611E2360,0,,79.29,1,0,1
B010,2025-07-25 10:00:00,0,611H7406,0,,,1,0,0
B010,2025-07-25 10:00:00,1,611T2300,0,,,1,0,0
B010,2025-07-25 10:00:00,2,611E2360,0,,79.29,1,0,1
B010,2025-07-25 11:00:00,0,611H7406,0,,,1,0,0
B010,2025-07-25 11:00:00,1,611T2300,0,,,1,0,0
B010,2025-07-25 11:00:00,2,611E2360,0,,79.28,1,0,1
B010,2025-07-25 12:00:00,0,611H7406,0,,,1,0,0
B010,2025-07-25 12:00:00,1,611T2300,0,,,1,0,0
B010,2025-07-25 12:00:00,2,611E2360,0,,79.28,1,0,1
B010,2025-07-25 13:00:00,0,611H7406,0,,,1,0,0
B010,2025-07-25 13:00:00,1,611T2300,0,,,1,0,0
B010,2025-07-25 13:00:00,2,611E2360,0,,79.28,1,0,1
B010,2025-07-25 14:00:00,0,611H7406,0,,,1,0,0
B010,2025-07-25 14:00:00,1,611T2300,0,,,1,0,0
B010,2025-07-25 14:00:00,2,611E2360,0,,79.28,1,0,1
B010,2025-07-25 15:00:00,0,611H7406,0,,,1,0,0
B010,2025-07-25 15:00:00,1,611T2300,0,,,1,0,0
B010,2025-07-25 15:00:00,2,611E2360,0,,79.28,1,0,1
B010,2025-07-25 16:00:00,0,611H7406,0,,,1,0,0
B010,2025-07-25 16:00:00,1,611T2300,0,,,1,0,0
B010,2025-07-25 16:00:00,2,611E2360,0,,79.28,1,0,1
B010,2025-07-25 17:00:00,0,611H7406,0,,,1,0,0
B010,2025-07-25 17:00:00,1,611T2300,0,,,1,0,0
B010,2025-07-25 17:00:00,2,611E2360,0,,79.28,1,0,1
B010,2025-07-25 18:00:00,0,611H7406,0,,,1,0,0
B010,2025-07-25 18:00:00,1,611T2300,0,,,1,0,0
B010,2025-07-25 18:00:00,2,611E2360,0,,79.28,1,0,1
B010,2025-07-25 19:00:00,0,611H7406,0,,,1,0,0
B010,2025-07-25 19:00:00,1,611T2300,0,,,1,0,0
B010,2025-07-25 19:00:00,2,611E2360,0,,79.28,1,0,1
B010,2025-07-25 20:00:00,0,611H7406,0,,,1,0,0
B010,2025-07-25 20:00:00,1,611T2300,0,,,1,0,0
B010,2025-07-25 20:00:00,2,611E2360,0,,79.27,1,0,1
B010,2025-07-25 21:00:00,0,611H7406,0,,,1,0,0
B010,2025-07-25 21:00:00,1,611T2300,0,,,1,0,0
B010,2025-07-25 21:00:00,2,611E2360,0,,79.27,1,0,1
B010,2025-07-25 22:00:00,0,611H7406,0,,,1,0,0
B010,2025-07-25 22:00:00,1,611T2300,0,,,1,0,0
B010,2025-07-25 22:00:00,2,611E2360,0,,79.27,1,0,1
B010,2025-07-25 23:00:00,0,611H7406,0,,,1,0,0
B010,2025-07-25 23:00:00,1,611T2300,0,,,1,0,0
B010,2025-07-25 23:00:00,2,611E2360,0,,79.28,1,0,1
B010,2025-07-26 00:00:00,0,611H7406,0,,,1,0,0
B010,2025-07-26 00:00:00,1,611T2300,0,,,1,0,0
B010,2025-07-26 00:00:00,2,611E2360,0,,,1,0,0
B010,2025-07-26 01:00:00,0,611H7406,0,,,1,0,0
B010,2025-07-26 01:00:00,1,611T2300,0,,,1,0,0
B010,2025-07-26 01:00:00,2,611E2360,0,,79.26,1,0,1
B010,2025-07-26 02:00:00,0,611H7406,0,,,1,0,0
B010,2025-07-26 02:00:00,1,611T2300,0,,,1,0,0
B010,2025-07-26 02:00:00,2,611E2360,0,,,1,0,0
B010,2025-07-26 03:00:00,0,611H7406,0,,,1,0,0
B010,2025-07-26 03:00:00,1,611T2300,0,,,1,0,0
B010,2025-07-26 03:00:00,2,611E2360,0,,79.26,1,0,1
B010,2025-07-26 04:00:00,0,611H7406,0,,,1,0,0
B010,2025-07-26 04:00:00,1,611T2300,0,,,1,0,0
B010,2025-07-26 04:00:00,2,611E2360,0,,79.25,1,0,1
B010,2025-07-26 05:00:00,0,611H7406,0,,,1,0,0
B010,2025-07-26 05:00:00,1,611T2300,0,,,1,0,0
B010,2025-07-26 05:00:00,2,611E2360,0,,79.25,1,0,1
B010,2025-07-26 06:00:00,0,611H7406,0,,,1,0,0
B010,2025-07-26 06:00:00,1,611T2300,0,,,1,0,0
B010,2025-07-26 06:00:00,2,611E2360,0,,79.25,1,0,1
B010,2025-07-26 07:00:00,0,611H7406,0,,,1,0,0
B010,2025-07-26 07:00:00,1,611T2300,0,,,1,0,0
B010,2025-07-26 07:00:00,2,611E2360,0,,79.24,1,0,1
B010,2025-07-26 08:00:00,0,611H7406,0,,,1,0,0
B010,2025-07-26 08:00:00,1,611T2300,0,,,1,0,0
B010,2025-07-26 08:00:00,2,611E2360,0,,79.24,1,0,1
B010,2025-07-26 09:00:00,0,611H7406,0,,,1,0,0
B010,2025-07-26 09:00:00,1,611T2300,0,,,1,0,0
B010,2025-07-26 09:00:00,2,611E2360,0,,79.24,1,0,1
B010,2025-07-26 10:00:00,0,611H7406,0,,,1,0,0
B010,2025-07-26 10:00:00,1,611T2300,0,,,1,0,0
B010,2025-07-26 10:00:00,2,611E2360,0,,79.23,1,0,1
B010,2025-07-26 11:00:00,0,611H7406,0,,,1,0,0
B010,2025-07-26 11:00:00,1,611T2300,0,,,1,0,0
B010,2025-07-26 11:00:00,2,611E2360,0,,79.23,1,0,1
B010,2025-07-26 12:00:00,0,611H7406,0,,,1,0,0
B010,2025-07-26 12:00:00,1,611T2300,0,,,1,0,0
B010,2025-07-26 12:00:00,2,611E2360,0,,79.23,1,0,1
B010,2025-07-26 13:00:00,0,611H7406,0,,,1,0,0
B010,2025-07-26 13:00:00,1,611T2300,0,,,1,0,0
B010,2025-07-26 13:00:00,2,611E2360,0,,79.23,1,0,1
B010,2025-07-26 14:00:00,0,611H7406,0,,,1,0,0
B010,2025-07-26 14:00:00,1,611T2300,0.0736236703,,,1,0,0
B010,2025-07-26 14:00:00,2,611E2360,0,,79.23,1,0,1
B010,2025-07-26 15:00:00,0,611H7406,0,,,1,0,0
B010,2025-07-26 15:00:00,1,611T2300,0,,,1,0,0
B010,2025-07-26 15:00:00,2,611E2360,0,,79.23,1,0,1
B010,2025-07-26 16:00:00,0,611H7406,0,,,1,0,0
B010,2025-07-26 16:00:00,1,611T2300,0,,,1,0,0
B010,2025-07-26 16:00:00,2,611E2360,0,,79.23,1,0,1
B010,2025-07-26 17:00:00,0,611H7406,0,,,1,0,0
B010,2025-07-26 17:00:00,1,611T2300,0,,,1,0,0
B010,2025-07-26 17:00:00,2,611E2360,0,,79.23,1,0,1
B010,2025-07-26 18:00:00,0,611H7406,0,,,1,0,0
B010,2025-07-26 18:00:00,1,611T2300,0,,,1,0,0
B010,2025-07-26 18:00:00,2,611E2360,0,,79.22,1,0,1
B010,2025-07-26 19:00:00,0,611H7406,0,,,1,0,0
B010,2025-07-26 19:00:00,1,611T2300,0,,,1,0,0
B010,2025-07-26 19:00:00,2,611E2360,0,,79.23,1,0,1
B010,2025-07-26 20:00:00,0,611H7406,0,,,1,0,0
B010,2025-07-26 20:00:00,1,611T2300,0,,,1,0,0
B010,2025-07-26 20:00:00,2,611E2360,0,,79.24,1,0,1
B010,2025-07-26 21:00:00,0,611H7406,0,,,1,0,0
B010,2025-07-26 21:00:00,1,611T2300,0,,,1,0,0
B010,2025-07-26 21:00:00,2,611E2360,0,,79.25,1,0,1
B010,2025-07-26 22:00:00,0,611H7406,0,,,1,0,0
B010,2025-07-26 22:00:00,1,611T2300,0,,,1,0,0
B010,2025-07-26 22:00:00,2,611E2360,0,,79.25,1,0,1
B010,2025-07-26 23:00:00,0,611H7406,0,,,1,0,0
B010,2025-07-26 23:00:00,1,611T2300,0,,,1,0,0
B010,2025-07-26 23:00:00,2,611E2360,0,,79.25,1,0,1
B010,2025-07-27 00:00:00,0,611H7406,0,,,1,0,0
B010,2025-07-27 00:00:00,1,611T2300,0,,,1,0,0
B010,2025-07-27 00:00:00,2,611E2360,0,,79.25,1,0,1
B010,2025-07-27 01:00:00,0,611H7406,0,,,1,0,0
B010,2025-07-27 01:00:00,1,611T2300,0,,,1,0,0
B010,2025-07-27 01:00:00,2,611E2360,0,,79.25,1,0,1
B010,2025-07-27 02:00:00,0,611H7406,0,,,1,0,0
B010,2025-07-27 02:00:00,1,611T2300,0,,,1,0,0
B010,2025-07-27 02:00:00,2,611E2360,0,,,1,0,0
B010,2025-07-27 03:00:00,0,611H7406,0,,,1,0,0
B010,2025-07-27 03:00:00,1,611T2300,0,,,1,0,0
B010,2025-07-27 03:00:00,2,611E2360,0,,79.25,1,0,1
B010,2025-07-27 04:00:00,0,611H7406,0,,,1,0,0
B010,2025-07-27 04:00:00,1,611T2300,0,,,1,0,0
B010,2025-07-27 04:00:00,2,611E2360,0,,79.25,1,0,1
B010,2025-07-27 05:00:00,0,611H7406,1.087982042,,,1,0,0
B010,2025-07-27 05:00:00,1,611T2300,0.07848834709,,,1,0,0
B010,2025-07-27 05:00:00,2,611E2360,0.02887332682,,79.25,1,0,1
B010,2025-07-27 06:00:00,0,611H7406,3.107433336,,,1,0,0
B010,2025-07-27 06:00:00,1,611T2300,0.780757047,,,1,0,0
B010,2025-07-27 06:00:00,2,611E2360,2.465827278,,79.24,1,0,1
B010,2025-07-27 07:00:00,0,611H7406,4.566395032,,,1,0,0
B010,2025-07-27 07:00:00,1,611T2300,2.839960383,,,1,0,0
B010,2025-07-27 07:00:00,2,611E2360,0.7366661862,,79.25,1,0,1
B010,2025-07-27 08:00:00,0,611H7406,0,,,1,0,0
B010,2025-07-27 08:00:00,1,611T2300,1.550890372,,,1,0,0
B010,2025-07-27 08:00:00,2,611E2360,0.2416913547,,79.24,1,0,1
B010,2025-07-27 09:00:00,0,611H7406,0,,,1,0,0
B010,2025-07-27 09:00:00,1,611T2300,0.03681183515,,,1,0,0
B010,2025-07-27 09:00:00,2,611E2360,0,,79.26,1,0,1
B010,2025-07-27 10:00:00,0,611H7406,0,,,1,0,0
B010,2025-07-27 10:00:00,1,611T2300,0,,,1,0,0
B010,2025-07-27 10:00:00,2,611E2360,0,,79.93,1,0,1
B010,2025-07-27 11:00:00,0,611H7406,0.327521416,,,1,0,0
B010,2025-07-27 11:00:00,1,611T2300,0.009657972792,,,1,0,0
B010,2025-07-27 11:00:00,2,611E2360,0.2952676577,,80.17,1,0,1
B010,2025-07-27 12:00:00,0,611H7406,0.6868295602,,,1,0,0
B010,2025-07-27 12:00:00,1,611T2300,0.05294039839,,,1,0,0
B010,2025-07-27 12:00:00,2,611E2360,1.974937456,,80.22,1,0,1
B010,2025-07-27 13:00:00,0,611H7406,0,,,1,0,0
B010,2025-07-27 13:00:00,1,611T2300,0,,,1,0,0
B010,2025-07-27 13:00:00,2,611E2360,0.006416294848,,80.11,1,0,1
B010,2025-07-27 14:00:00,0,611H7406,0,,,1,0,0
B010,2025-07-27 14:00:00,1,611T2300,0.002396648001,,,1,0,0
B010,2025-07-27 14:00:00,2,611E2360,0.1388540943,,79.99,1,0,1
B010,2025-07-27 15:00:00,0,611H7406,0,,,1,0,0
B010,2025-07-27 15:00:00,1,611T2300,0,,,1,0,0
B010,2025-07-27 15:00:00,2,611E2360,0.003208147424,,79.92,1,0,1
B010,2025-07-27 16:00:00,0,611H7406,0,,,1,0,0
B010,2025-07-27 16:00:00,1,611T2300,0,,,1,0,0
B010,2025-07-27 16:00:00,2,611E2360,0,,79.88,1,0,1
B010,2025-07-27 17:00:00,0,611H7406,0,,,1,0,0
B010,2025-07-27 17:00:00,1,611T2300,0,,,1,0,0
B010,2025-07-27 17:00:00,2,611E2360,0,,79.74,1,0,1
B010,2025-07-27 18:00:00,0,611H7406,0,,,1,0,0
B010,2025-07-27 18:00:00,1,611T2300,0,,,1,0,0
B010,2025-07-27 18:00:00,2,611E2360,0,,79.69,1,0,1
B010,2025-07-27 19:00:00,0,611H7406,0,,,1,0,0
B010,2025-07-27 19:00:00,1,611T2300,0,,,1,0,0
B010,2025-07-27 19:00:00,2,611E2360,0.007143507064,,79.69,1,0,1
B010,2025-07-27 20:00:00,0,611H7406,0,,,1,0,0
B010,2025-07-27 20:00:00,1,611T2300,0,,,1,0,0
B010,2025-07-27 20:00:00,2,611E2360,0,,79.64,1,0,1
B010,2025-07-27 21:00:00,0,611H7406,0,,,1,0,0
B010,2025-07-27 21:00:00,1,611T2300,0.002396648001,,,1,0,0
B010,2025-07-27 21:00:00,2,611E2360,0.1208456774,,79.6,1,0,1
B010,2025-07-27 22:00:00,0,611H7406,0,,,1,0,0
B010,2025-07-27 22:00:00,1,611T2300,0,,,1,0,0
B010,2025-07-27 22:00:00,2,611E2360,0,,79.58,1,0,1
B010,2025-07-27 23:00:00,0,611H7406,0,,,1,0,0
B010,2025-07-27 23:00:00,1,611T2300,0,,,1,0,0
B010,2025-07-27 23:00:00,2,611E2360,0,,79.56,1,0,1
B010,2025-07-28 00:00:00,0,611H7406,0,,,1,0,0
B010,2025-07-28 00:00:00,1,611T2300,0,,,1,0,0
B010,2025-07-28 00:00:00,2,611E2360,0,,79.53,1,0,1
B010,2025-07-28 01:00:00,0,611H7406,0,,,1,0,0
B010,2025-07-28 01:00:00,1,611T2300,0,,,1,0,0
B010,2025-07-28 01:00:00,2,611E2360,0,,79.52,1,0,1
B010,2025-07-28 02:00:00,0,611H7406,0,,,1,0,0
B010,2025-07-28 02:00:00,1,611T2300,0,,,1,0,0
B010,2025-07-28 02:00:00,2,611E2360,0,,79.5,1,0,1
B010,2025-07-28 03:00:00,0,611H7406,0,,,1,0,0
B010,2025-07-28 03:00:00,1,611T2300,0,,,1,0,0
B010,2025-07-28 03:00:00,2,611E2360,0,,79.49,1,0,1
B010,2025-07-28 04:00:00,0,611H7406,0,,,1,0,0
B010,2025-07-28 04:00:00,1,611T2300,0,,,1,0,0
B010,2025-07-28 04:00:00,2,611E2360,0,,79.48,1,0,1
B010,2025-07-28 05:00:00,0,611H7406,0,,,1,0,0
B010,2025-07-28 05:00:00,1,611T2300,0,,,1,0,0
B010,2025-07-28 05:00:00,2,611E2360,0,,79.46,1,0,1
B010,2025-07-28 06:00:00,0,611H7406,0,,,1,0,0
B010,2025-07-28 06:00:00,1,611T2300,0,,,1,0,0
B010,2025-07-28 06:00:00,2,611E2360,0,,79.45,1,0,1
B010,2025-07-28 07:00:00,0,611H7406,0.4651294133,,,1,0,0
B010,2025-07-28 07:00:00,1,611T2300,1.655093875,,,1,0,0
B010,2025-07-28 07:00:00,2,611E2360,2.751470494,,79.43,1,0,1
B010,2025-07-28 08:00:00,0,611H7406,0,,,1,0,0
B010,2025-07-28 08:00:00,1,611T2300,0,,,1,0,0
B010,2025-07-28 08:00:00,2,611E2360,0,,79.42,1,0,1
B010,2025-07-28 09:00:00,0,611H7406,0,,,1,0,0
B010,2025-07-28 09:00:00,1,611T2300,0,,,1,0,0
B010,2025-07-28 09:00:00,2,611E2360,0,,79.42,1,0,1
B010,2025-07-28 10:00:00,0,611H7406,0,,,1,0,0
B010,2025-07-28 10:00:00,1,611T2300,0,,,1,0,0
B010,2025-07-28 10:00:00,2,611E2360,0,,79.42,1,0,1
B010,2025-07-28 11:00:00,0,611H7406,0,,,1,0,0
B010,2025-07-28 11:00:00,1,611T2300,0,,,1,0,0
B010,2025-07-28 11:00:00,2,611E2360,0,,79.4,1,0,1
B010,2025-07-28 12:00:00,0,611H7406,0,,,1,0,0
B010,2025-07-28 12:00:00,1,611T2300,0,,,1,0,0
B010,2025-07-28 12:00:00,2,611E2360,0,,79.39,1,0,1
B010,2025-07-28 13:00:00,0,611H7406,0,,,1,0,0
B010,2025-07-28 13:00:00,1,611T2300,0,,,1,0,0
B010,2025-07-28 13:00:00,2,611E2360,0,,79.39,1,0,1
B010,2025-07-28 14:00:00,0,611H7406,0,,,1,0,0
B010,2025-07-28 14:00:00,1,611T2300,0,,,1,0,0
B010,2025-07-28 14:00:00,2,611E2360,0,,79.38,1,0,1
B010,2025-07-28 15:00:00,0,611H7406,0,,,1,0,0
B010,2025-07-28 15:00:00,1,611T2300,0,,,1,0,0
B010,2025-07-28 15:00:00,2,611E2360,0,,79.38,1,0,1
B010,2025-07-28 16:00:00,0,611H7406,0,,,1,0,0
B010,2025-07-28 16:00:00,1,611T2300,0,,,1,0,0
B010,2025-07-28 16:00:00,2,611E2360,0,,79.37,1,0,1
B010,2025-07-28 17:00:00,0,611H7406,0,,,1,0,0
B010,2025-07-28 17:00:00,1,611T2300,0,,,1,0,0
B010,2025-07-28 17:00:00,2,611E2360,0,,79.36,1,0,1
B010,2025-07-28 18:00:00,0,611H7406,0,,,1,0,0
B010,2025-07-28 18:00:00,1,611T2300,0,,,1,0,0
B010,2025-07-28 18:00:00,2,611E2360,0,,79.35,1,0,1
B010,2025-07-28 19:00:00,0,611H7406,0,,,1,0,0
B010,2025-07-28 19:00:00,1,611T2300,0,,,1,0,0
B010,2025-07-28 19:00:00,2,611E2360,0,,79.35,1,0,1
B010,2025-07-28 20:00:00,0,611H7406,0,,,1,0,0
B010,2025-07-28 20:00:00,1,611T2300,0,,,1,0,0
B010,2025-07-28 20:00:00,2,611E2360,0,,79.34,1,0,1
B010,2025-07-28 21:00:00,0,611H7406,0,,,1,0,0
B010,2025-07-28 21:00:00,1,611T2300,0,,,1,0,0
B010,2025-07-28 21:00:00,2,611E2360,0,,79.34,1,0,1
B010,2025-07-28 22:00:00,0,611H7406,0,,,1,0,0
B010,2025-07-28 22:00:00,1,611T2300,0,,,1,0,0
B010,2025-07-28 22:00:00,2,611E2360,0,,79.34,1,0,1
B010,2025-07-28 23:00:00,0,611H7406,0.1162823533,,,1,0,0
B010,2025-07-28 23:00:00,1,611T2300,0.0168479168,,,1,0,0
B010,2025-07-28 23:00:00,2,611E2360,0.6058324605,,79.34,1,0,1
B010,2025-07-29 00:00:00,0,611H7406,0,,,1,0,0
B010,2025-07-29 00:00:00,1,611T2300,0,,,1,0,0
B010,2025-07-29 00:00:00,2,611E2360,0,,79.34,1,0,1
B010,2025-07-29 01:00:00,0,611H7406,0,,,1,0,0
B010,2025-07-29 01:00:00,1,611T2300,0,,,1,0,0
B010,2025-07-29 01:00:00,2,611E2360,0,,79.34,1,0,1
B010,2025-07-29 02:00:00,0,611H7406,0,,,1,0,0
B010,2025-07-29 02:00:00,1,611T2300,0,,,1,0,0
B010,2025-07-29 02:00:00,2,611E2360,0,,79.33,1,0,1
B010,2025-07-29 03:00:00,0,611H7406,0,,,1,0,0
B010,2025-07-29 03:00:00,1,611T2300,0,,,1,0,0
B010,2025-07-29 03:00:00,2,611E2360,0,,79.33,1,0,1
B010,2025-07-29 04:00:00,0,611H7406,0,,,1,0,0
B010,2025-07-29 04:00:00,1,611T2300,0,,,1,0,0
B010,2025-07-29 04:00:00,2,611E2360,0,,79.32,1,0,1
B010,2025-07-29 05:00:00,0,611H7406,0,,,1,0,0
B010,2025-07-29 05:00:00,1,611T2300,0,,,1,0,0
B010,2025-07-29 05:00:00,2,611E2360,0,,79.32,1,0,1
B010,2025-07-29 06:00:00,0,611H7406,0,,,1,0,0
B010,2025-07-29 06:00:00,1,611T2300,0,,,1,0,0
B010,2025-07-29 06:00:00,2,611E2360,0,,79.32,1,0,1
B010,2025-07-29 07:00:00,0,611H7406,0.1162823533,,,1,0,0
B010,2025-07-29 07:00:00,1,611T2300,0.0168479168,,,1,0,0
B010,2025-07-29 07:00:00,2,611E2360,0.6042283868,,79.32,1,0,1
B010,2025-07-29 08:00:00,0,611H7406,0,,,1,0,0
B010,2025-07-29 08:00:00,1,611T2300,0,,,1,0,0
B010,2025-07-29 08:00:00,2,611E2360,0,,79.32,1,0,1
B010,2025-07-29 09:00:00,0,611H7406,0,,,1,0,0
B010,2025-07-29 09:00:00,1,611T2300,0,,,1,0,0
B010,2025-07-29 09:00:00,2,611E2360,0,,79.31,1,0,1
B010,2025-07-29 10:00:00,0,611H7406,0,,,1,0,0
B010,2025-07-29 10:00:00,1,611T2300,0,,,1,0,0
B010,2025-07-29 10:00:00,2,611E2360,0,,79.31,1,0,1
B010,2025-07-29 11:00:00,0,611H7406,0,,,1,0,0
B010,2025-07-29 11:00:00,1,611T2300,0.02156983201,,,1,0,0
B010,2025-07-29 11:00:00,2,611E2360,1.09118285,,79.31,1,0,1
B010,2025-07-29 12:00:00,0,611H7406,0.1162823533,,,1,0,0
B010,2025-07-29 12:00:00,1,611T2300,0.04886645594,,,1,0,0
B010,2025-07-29 12:00:00,2,611E2360,0.3689533269,,79.3,1,0,1
B010,2025-07-29 13:00:00,0,611H7406,0,,,1,0,0
B010,2025-07-29 13:00:00,1,611T2300,0,,,1,0,0
B010,2025-07-29 13:00:00,2,611E2360,0,,79.3,1,0,1
B010,2025-07-29 14:00:00,0,611H7406,0,,,1,0,0
B010,2025-07-29 14:00:00,1,611T2300,0,,,1,0,0
B010,2025-07-29 14:00:00,2,611E2360,0,,79.3,1,0,1
B010,2025-07-29 15:00:00,0,611H7406,0,,,1,0,0
B010,2025-07-29 15:00:00,1,611T2300,0.2944946812,,,1,0,0
B010,2025-07-29 15:00:00,2,611E2360,0,,79.31,1,0,1
B010,2025-07-29 16:00:00,0,611H7406,0.08449562506,,,1,0,0
B010,2025-07-29 16:00:00,1,611T2300,0,,,1,0,0
B010,2025-07-29 16:00:00,2,611E2360,0,,79.32,1,0,1
B010,2025-07-29 17:00:00,0,611H7406,0,,,1,0,0
B010,2025-07-29 17:00:00,1,611T2300,0,,,1,0,0
B010,2025-07-29 17:00:00,2,611E2360,0,,79.33,1,0,1
B010,2025-07-29 18:00:00,0,611H7406,0,,,1,0,0
B010,2025-07-29 18:00:00,1,611T2300,0,,,1,0,0
B010,2025-07-29 18:00:00,2,611E2360,0,,79.34,1,0,1
B010,2025-07-29 19:00:00,0,611H7406,0,,,1,0,0
B010,2025-07-29 19:00:00,1,611T2300,0,,,1,0,0
B010,2025-07-29 19:00:00,2,611E2360,0,,79.35,1,0,1
B010,2025-07-29 20:00:00,0,611H7406,0,,,1,0,0
B010,2025-07-29 20:00:00,1,611T2300,0,,,1,0,0
B010,2025-07-29 20:00:00,2,611E2360,0,,79.37,1,0,1
B010,2025-07-29 21:00:00,0,611H7406,0,,,1,0,0
B010,2025-07-29 21:00:00,1,611T2300,0,,,1,0,0
B010,2025-07-29 21:00:00,2,611E2360,0,,79.37,1,0,1
B010,2025-07-29 22:00:00,0,611H7406,0,,,1,0,0
B010,2025-07-29 22:00:00,1,611T2300,0,,,1,0,0
B010,2025-07-29 22:00:00,2,611E2360,0,,79.38,1,0,1
B010,2026-04-01 01:00:00,0,611H7406,0,,,1,0,0
B010,2026-04-01 01:00:00,1,611T2300,0,12.883,88.3,1,1,1
B010,2026-04-01 01:00:00,2,611E2360,0,,79.56,1,0,1
B010,2026-04-01 02:00:00,0,611H7406,0,,,1,0,0
B010,2026-04-01 02:00:00,1,611T2300,0,12.183,88.29,1,1,1
B010,2026-04-01 02:00:00,2,611E2360,0,,79.55,1,0,1
B010,2026-04-01 03:00:00,0,611H7406,0,,,1,0,0
B010,2026-04-01 03:00:00,1,611T2300,0,11.518,88.28,1,1,1
B010,2026-04-01 03:00:00,2,611E2360,0.003571753532,,79.54,1,0,1
B010,2026-04-01 04:00:00,0,611H7406,0,,,1,0,0
B010,2026-04-01 04:00:00,1,611T2300,0,11.43,88.27,1,1,1
B010,2026-04-01 04:00:00,2,611E2360,0,,79.53,1,0,1
B010,2026-04-01 05:00:00,0,611H7406,0,,,1,0,0
B010,2026-04-01 05:00:00,1,611T2300,0,10.961,88.27,1,1,1
B010,2026-04-01 05:00:00,2,611E2360,0,,79.52,1,0,1
B010,2026-04-01 06:00:00,0,611H7406,0,,,1,0,0
B010,2026-04-01 06:00:00,1,611T2300,0,10.584,88.26,1,1,1
B010,2026-04-01 06:00:00,2,611E2360,0,,79.51,1,0,1
B010,2026-04-01 07:00:00,0,611H7406,0.9302588266,,,1,0,0
B010,2026-04-01 07:00:00,1,611T2300,0.2861515532,10.292,88.25,1,1,1
B010,2026-04-01 07:00:00,2,611E2360,1.36859174,,79.51,1,0,1
B010,2026-04-01 08:00:00,0,611H7406,0,,,1,0,0
B010,2026-04-01 08:00:00,1,611T2300,0,9.983,88.25,1,1,1
B010,2026-04-01 08:00:00,2,611E2360,0,,79.5,1,0,1
B010,2026-04-01 09:00:00,0,611H7406,0,,,1,0,0
B010,2026-04-01 09:00:00,1,611T2300,0,9.649,88.24,1,1,1
B010,2026-04-01 09:00:00,2,611E2360,0,,79.5,1,0,1
B010,2026-04-01 10:00:00,0,611H7406,0,,,1,0,0
B010,2026-04-01 10:00:00,1,611T2300,0,9.304,88.24,1,1,1
B010,2026-04-01 10:00:00,2,611E2360,0,,79.5,1,0,1
B010,2026-04-01 11:00:00,0,611H7406,0,,,1,0,0
B010,2026-04-01 11:00:00,1,611T2300,0,8.661,88.22,1,1,1
B010,2026-04-01 11:00:00,2,611E2360,0,,79.49,1,0,1
B010,2026-04-01 12:00:00,0,611H7406,0,,,1,0,0
B010,2026-04-01 12:00:00,1,611T2300,0,8.026,88.21,1,1,1
B010,2026-04-01 12:00:00,2,611E2360,0,,79.49,1,0,1
B010,2026-04-01 13:00:00,0,611H7406,0,,,1,0,0
B010,2026-04-01 13:00:00,1,611T2300,0,7.6,88.2,1,1,1
B010,2026-04-01 13:00:00,2,611E2360,0,,79.47,1,0,1
B010,2026-04-01 14:00:00,0,611H7406,0,,,1,0,0
B010,2026-04-01 14:00:00,1,611T2300,0,7.697,88.2,1,1,1
B010,2026-04-01 14:00:00,2,611E2360,0,,79.47,1,0,1
B010,2026-04-01 15:00:00,0,611H7406,0,,,1,0,0
B010,2026-04-01 15:00:00,1,611T2300,0,7.325,88.2,1,1,1
B010,2026-04-01 15:00:00,2,611E2360,0,,79.46,1,0,1
B010,2026-04-01 16:00:00,0,611H7406,0,,,1,0,0
B010,2026-04-01 16:00:00,1,611T2300,0,7.229,88.19,1,1,1
B010,2026-04-01 16:00:00,2,611E2360,0,,79.46,1,0,1
B010,2026-04-01 17:00:00,0,611H7406,0,,,1,0,0
B010,2026-04-01 17:00:00,1,611T2300,0,7.067,88.19,1,1,1
B010,2026-04-01 17:00:00,2,611E2360,0,,79.45,1,0,1
B010,2026-04-01 18:00:00,0,611H7406,0,,,1,0,0
B010,2026-04-01 18:00:00,1,611T2300,0,6.828,88.18,1,1,1
B010,2026-04-01 18:00:00,2,611E2360,0,,79.45,1,0,1
B010,2026-04-01 19:00:00,0,611H7406,0,,,1,0,0
B010,2026-04-01 19:00:00,1,611T2300,0,6.758,88.17,1,1,1
B010,2026-04-01 19:00:00,2,611E2360,0,,79.45,1,0,1
B010,2026-04-01 20:00:00,0,611H7406,0,,,1,0,0
B010,2026-04-01 20:00:00,1,611T2300,0,6.829,88.17,1,1,1
B010,2026-04-01 20:00:00,2,611E2360,0,,79.44,1,0,1
B010,2026-04-01 21:00:00,0,611H7406,0,,,1,0,0
B010,2026-04-01 21:00:00,1,611T2300,0,6.505,88.17,1,1,1
B010,2026-04-01 21:00:00,2,611E2360,0,,79.44,1,0,1
B010,2026-04-01 22:00:00,0,611H7406,0,,,1,0,0
B010,2026-04-01 22:00:00,1,611T2300,0,6.392,88.16,1,1,1
B010,2026-04-01 22:00:00,2,611E2360,0,,79.44,1,0,1
B010,2026-04-01 23:00:00,0,611H7406,0,,,1,0,0
B010,2026-04-01 23:00:00,1,611T2300,0,6.304,88.16,1,1,1
B010,2026-04-01 23:00:00,2,611E2360,0,,79.43,1,0,1
B010,2026-04-02 00:00:00,0,611H7406,0,,,1,0,0
B010,2026-04-02 00:00:00,1,611T2300,0,6.07,88.16,1,1,1
B010,2026-04-02 00:00:00,2,611E2360,0,,79.43,1,0,1
B010,2026-04-02 01:00:00,0,611H7406,0,,,1,0,0
B010,2026-04-02 01:00:00,1,611T2300,0,5.977,88.15,1,1,1
B010,2026-04-02 01:00:00,2,611E2360,0,,79.42,1,0,1
B010,2026-04-02 02:00:00,0,611H7406,0,,,1,0,0
B010,2026-04-02 02:00:00,1,611T2300,0,5.9,88.15,1,1,1
B010,2026-04-02 02:00:00,2,611E2360,0,,79.42,1,0,1
B010,2026-04-02 03:00:00,0,611H7406,0,,,1,0,0
B010,2026-04-02 03:00:00,1,611T2300,0,5.72,88.14,1,1,1
B010,2026-04-02 03:00:00,2,611E2360,0,,79.42,1,0,1
B010,2026-04-02 04:00:00,0,611H7406,0,,,1,0,0
B010,2026-04-02 04:00:00,1,611T2300,0,5.578,88.14,1,1,1
B010,2026-04-02 04:00:00,2,611E2360,0,,79.42,1,0,1
B010,2026-04-02 05:00:00,0,611H7406,0,,,1,0,0
B010,2026-04-02 05:00:00,1,611T2300,0,5.461,88.14,1,1,1
B010,2026-04-02 05:00:00,2,611E2360,0,,79.42,1,0,1
B010,2026-04-02 06:00:00,0,611H7406,0,,,1,0,0
B010,2026-04-02 06:00:00,1,611T2300,0,5.416,88.14,1,1,1
B010,2026-04-02 06:00:00,2,611E2360,0,,79.41,1,0,1
B010,2026-04-02 07:00:00,0,611H7406,2.990747507,,,1,0,0
B010,2026-04-02 07:00:00,1,611T2300,1.163760498,5.323,88.13,1,1,1
B010,2026-04-02 07:00:00,2,611E2360,2.605953994,,79.41,1,0,1
B010,2026-04-02 08:00:00,0,611H7406,1.976800006,,,1,0,0
B010,2026-04-02 08:00:00,1,611T2300,0.2979151052,5.274,88.14,1,1,1
B010,2026-04-02 08:00:00,2,611E2360,1.631285702,,79.41,1,0,1
B010,2026-04-02 09:00:00,0,611H7406,0.34884706,,,1,0,0
B010,2026-04-02 09:00:00,1,611T2300,0.1073908847,6.921,88.16,1,1,1
B010,2026-04-02 09:00:00,2,611E2360,0.9819292945,,79.42,1,0,1
B010,2026-04-02 10:00:00,0,611H7406,0.1162823533,,,1,0,0
B010,2026-04-02 10:00:00,1,611T2300,0.08328164309,8.471,88.21,1,1,1
B010,2026-04-02 10:00:00,2,611E2360,0.246867182,,79.42,1,0,1
B010,2026-04-02 11:00:00,0,611H7406,0.1162823533,,,1,0,0
B010,2026-04-02 11:00:00,1,611T2300,0.04407315994,10.366,88.25,1,1,1
B010,2026-04-02 11:00:00,2,611E2360,0.1224497511,,79.44,1,0,1
B010,2026-04-02 12:00:00,0,611H7406,0.1162823533,,,1,0,0
B010,2026-04-02 12:00:00,1,611T2300,0.004864676789,19.844,88.43,1,1,1
B010,2026-04-02 12:00:00,2,611E2360,0.001604073712,,79.45,1,0,1
B010,2026-04-02 13:00:00,0,611H7406,0,,,1,0,0
B010,2026-04-02 13:00:00,1,611T2300,0.1104355055,20.812,88.46,1,1,1
B010,2026-04-02 13:00:00,2,611E2360,0.005357630298,,79.48,1,0,1
B010,2026-04-02 14:00:00,0,611H7406,0,,,1,0,0
B010,2026-04-02 14:00:00,1,611T2300,0,20.407,88.43,1,1,1
B010,2026-04-02 14:00:00,2,611E2360,0,,79.52,1,0,1
B010,2026-04-02 15:00:00,0,611H7406,0,,,1,0,0
B010,2026-04-02 15:00:00,1,611T2300,0,20.067,88.43,1,1,1
B010,2026-04-02 15:00:00,2,611E2360,0,,79.55,1,0,1
B010,2026-04-02 16:00:00,0,611H7406,0,,,1,0,0
B010,2026-04-02 16:00:00,1,611T2300,0,18.889,88.41,1,1,1
B010,2026-04-02 16:00:00,2,611E2360,0,,79.58,1,0,1
B010,2026-04-02 17:00:00,0,611H7406,0,,,1,0,0
B010,2026-04-02 17:00:00,1,611T2300,0,17.718,88.39,1,1,1
B010,2026-04-02 17:00:00,2,611E2360,0,,79.59,1,0,1
B010,2026-04-02 18:00:00,0,611H7406,0,,,1,0,0
B010,2026-04-02 18:00:00,1,611T2300,0,16.744,88.37,1,1,1
B010,2026-04-02 18:00:00,2,611E2360,0,,79.6,1,0,1
B010,2026-04-02 19:00:00,0,611H7406,0,,,1,0,0
B010,2026-04-02 19:00:00,1,611T2300,0,15.851,88.35,1,1,1
B010,2026-04-02 19:00:00,2,611E2360,0,,79.6,1,0,1
B010,2026-04-02 20:00:00,0,611H7406,0,,,1,0,0
B010,2026-04-02 20:00:00,1,611T2300,0,14.606,88.34,1,1,1
B010,2026-04-02 20:00:00,2,611E2360,0,,79.59,1,0,1
B010,2026-04-02 21:00:00,0,611H7406,0,,,1,0,0
B010,2026-04-02 21:00:00,1,611T2300,0,13.746,88.32,1,1,1
B010,2026-04-02 21:00:00,2,611E2360,0,,79.58,1,0,1
B010,2026-04-02 22:00:00,0,611H7406,0,,,1,0,0
B010,2026-04-02 22:00:00,1,611T2300,0,12.925,88.3,1,1,1
B010,2026-04-02 22:00:00,2,611E2360,0,,79.56,1,0,1
B010,2026-04-02 23:00:00,0,611H7406,0,,,1,0,0
B010,2026-04-02 23:00:00,1,611T2300,0,12.199,88.29,1,1,1
B010,2026-04-02 23:00:00,2,611E2360,0,,,1,0,0
B010,2026-04-03 00:00:00,0,611H7406,0,,,1,0,0
B010,2026-04-03 00:00:00,1,611T2300,0,0,88.28,1,1,1
B010,2026-04-03 00:00:00,2,611E2360,0,,79.54,1,0,1
B010,2026-04-03 01:00:00,0,611H7406,0,,,1,0,0
B010,2026-04-03 01:00:00,1,611T2300,0.4463112426,,,1,0,0
B010,2026-04-03 01:00:00,2,611E2360,0,,79.53,1,0,1
B010,2026-04-03 02:00:00,0,611H7406,2.37120675,,,1,0,0
B010,2026-04-03 02:00:00,1,611T2300,5.013729561,10.799,88.26,1,1,1
B010,2026-04-03 02:00:00,2,611E2360,5.160754256,,79.52,1,0,1
B010,2026-04-03 03:00:00,0,611H7406,19.88081779,,,1,0,0
B010,2026-04-03 03:00:00,1,611T2300,12.59964355,12.087,88.27,1,1,1
B010,2026-04-03 03:00:00,2,611E2360,18.5617378,,79.51,1,0,1
B010,2026-04-03 04:00:00,0,611H7406,16.07153802,,,1,0,0
B010,2026-04-03 04:00:00,1,611T2300,8.271902351,20.472,88.41,1,1,1
B010,2026-04-03 04:00:00,2,611E2360,11.69528195,,79.53,1,0,1
B010,2026-04-03 05:00:00,0,611H7406,7.507922283,,,1,0,0
B010,2026-04-03 05:00:00,1,611T2300,5.208814191,52.587,88.92,1,1,1
B010,2026-04-03 05:00:00,2,611E2360,7.693693287,,79.58,1,0,1
B010,2026-04-03 06:00:00,0,611H7406,3.330868365,,,1,0,0
B010,2026-04-03 06:00:00,1,611T2300,1.577356874,140.021,89.7,1,1,1
B010,2026-04-03 06:00:00,2,611E2360,1.860953727,,79.72,1,0,1
B010,2026-04-03 07:00:00,0,611H7406,10.34641083,,,1,0,0
B010,2026-04-03 07:00:00,1,611T2300,2.553570534,202.013,90.24,1,1,1
B010,2026-04-03 07:00:00,2,611E2360,3.250622658,,80.86,1,0,1
B010,2026-04-03 08:00:00,0,611H7406,0.1018774305,,,1,0,0
B010,2026-04-03 08:00:00,1,611T2300,0.153197327,216.795,90.24,1,1,1
B010,2026-04-03 08:00:00,2,611E2360,0.1359269687,,81.02,1,0,1
B010,2026-04-03 09:00:00,0,611H7406,0.02477548443,,,1,0,0
B010,2026-04-03 09:00:00,1,611T2300,0.1056949095,176.122,90.01,1,1,1
B010,2026-04-03 09:00:00,2,611E2360,0.05128729518,,80.95,1,0,1
B010,2026-04-03 10:00:00,0,611H7406,0,,,1,0,0
B010,2026-04-03 10:00:00,1,611T2300,0,148.492,89.83,1,1,1
B010,2026-04-03 10:00:00,2,611E2360,0,,80.83,1,0,1
B010,2026-04-03 11:00:00,0,611H7406,0,,,1,0,0
B010,2026-04-03 11:00:00,1,611T2300,0,129.927,89.61,1,1,1
B010,2026-04-03 11:00:00,2,611E2360,0,,80.75,1,0,1
B010,2026-04-03 12:00:00,0,611H7406,0,,,1,0,0
B010,2026-04-03 12:00:00,1,611T2300,0,104.368,89.44,1,1,1
B010,2026-04-03 12:00:00,2,611E2360,0,,80.62,1,0,1
B010,2026-04-03 13:00:00,0,611H7406,0,,,1,0,0
B010,2026-04-03 13:00:00,1,611T2300,0,84.92,89.25,1,1,1
B010,2026-04-03 13:00:00,2,611E2360,0,,80.47,1,0,1
B010,2026-04-03 14:00:00,0,611H7406,0,,,1,0,0
B010,2026-04-03 14:00:00,1,611T2300,0,69.775,89.12,1,1,1
B010,2026-04-03 14:00:00,2,611E2360,0,,80.37,1,0,1
B010,2026-04-03 15:00:00,0,611H7406,0,,,1,0,0
B010,2026-04-03 15:00:00,1,611T2300,0,,89.01,1,0,1
B010,2026-04-03 15:00:00,2,611E2360,0,,80.28,1,0,1
B010,2026-04-03 16:00:00,0,611H7406,0,,,1,0,0
B010,2026-04-03 16:00:00,1,611T2300,0,,88.93,1,0,1
B010,2026-04-03 16:00:00,2,611E2360,0.0003300285978,,80.22,1,0,1
B010,2026-04-03 17:00:00,0,611H7406,0,,,1,0,0
B010,2026-04-03 17:00:00,1,611T2300,0,,88.87,1,0,1
B010,2026-04-03 17:00:00,2,611E2360,0,,80.16,1,0,1
B010,2026-04-03 18:00:00,0,611H7406,0,,,1,0,0
B010,2026-04-03 18:00:00,1,611T2300,0,,88.81,1,0,1
B010,2026-04-03 18:00:00,2,611E2360,0,,80.11,1,0,1
B010,2026-04-03 19:00:00,0,611H7406,0,,,1,0,0
B010,2026-04-03 19:00:00,1,611T2300,0,,88.77,1,0,1
B010,2026-04-03 19:00:00,2,611E2360,0,,80.08,1,0,1
B010,2026-04-03 20:00:00,0,611H7406,0,,,1,0,0
B010,2026-04-03 20:00:00,1,611T2300,0,,88.73,1,0,1
B010,2026-04-03 20:00:00,2,611E2360,0,,80.03,1,0,1
B010,2026-04-03 21:00:00,0,611H7406,0,,,1,0,0
B010,2026-04-03 21:00:00,1,611T2300,0,,88.68,1,0,1
B010,2026-04-03 21:00:00,2,611E2360,0,,80,1,0,1
B010,2026-04-03 22:00:00,0,611H7406,0,,,1,0,0
B010,2026-04-03 22:00:00,1,611T2300,0,,88.64,1,0,1
B010,2026-04-03 22:00:00,2,611E2360,0,,79.97,1,0,1
B010,2026-04-03 23:00:00,0,611H7406,0,,,1,0,0
B010,2026-04-03 23:00:00,1,611T2300,0,,88.6,1,0,1
B010,2026-04-03 23:00:00,2,611E2360,0,,79.93,1,0,1
B010,2026-04-04 00:00:00,0,611H7406,0,,,1,0,0
B010,2026-04-04 00:00:00,1,611T2300,0,,88.57,1,0,1
B010,2026-04-04 00:00:00,2,611E2360,0,,79.91,1,0,1
B010,2026-04-04 01:00:00,0,611H7406,0,,,1,0,0
B010,2026-04-04 01:00:00,1,611T2300,0,,88.53,1,0,1
B010,2026-04-04 01:00:00,2,611E2360,0,,79.89,1,0,1
B010,2026-04-04 02:00:00,0,611H7406,0,,,1,0,0
B010,2026-04-04 02:00:00,1,611T2300,0,,88.5,1,0,1
B010,2026-04-04 02:00:00,2,611E2360,0,,79.87,1,0,1
B010,2026-04-04 03:00:00,0,611H7406,0,,,1,0,0
B010,2026-04-04 03:00:00,1,611T2300,0.006973613166,,88.48,1,0,1
B010,2026-04-04 03:00:00,2,611E2360,0,,79.84,1,0,1
B010,2026-04-04 04:00:00,0,611H7406,0,,,1,0,0
B010,2026-04-04 04:00:00,1,611T2300,0,,88.46,1,0,1
B010,2026-04-04 04:00:00,2,611E2360,0,,79.82,1,0,1
B010,2026-04-04 05:00:00,0,611H7406,0,,,1,0,0
B010,2026-04-04 05:00:00,1,611T2300,0,,88.44,1,0,1
B010,2026-04-04 05:00:00,2,611E2360,0,,79.8,1,0,1
B010,2026-04-04 06:00:00,0,611H7406,0,,,1,0,0
B010,2026-04-04 06:00:00,1,611T2300,0,,88.43,1,0,1
B010,2026-04-04 06:00:00,2,611E2360,0,,79.78,1,0,1
B010,2026-04-04 07:00:00,0,611H7406,0.006172991738,,,1,0,0
B010,2026-04-04 07:00:00,1,611T2300,0.03681183515,,88.42,1,0,1
B010,2026-04-04 07:00:00,2,611E2360,0.09134868421,,79.76,1,0,1
B010,2026-04-04 08:00:00,0,611H7406,0,,,1,0,0
B010,2026-04-04 08:00:00,1,611T2300,0,,88.4,1,0,1
B010,2026-04-04 08:00:00,2,611E2360,0,,79.74,1,0,1
B010,2026-04-04 09:00:00,0,611H7406,0,,,1,0,0
B010,2026-04-04 09:00:00,1,611T2300,0,,88.39,1,0,1
B010,2026-04-04 09:00:00,2,611E2360,0,,79.73,1,0,1
B010,2026-04-04 10:00:00,0,611H7406,0,,,1,0,0
B010,2026-04-04 10:00:00,1,611T2300,0,,88.39,1,0,1
B010,2026-04-04 10:00:00,2,611E2360,0.000511143175,,79.71,1,0,1
B010,2026-04-04 11:00:00,0,611H7406,0,,,1,0,0
B010,2026-04-04 11:00:00,1,611T2300,0.002396648001,,88.37,1,0,1
B010,2026-04-04 11:00:00,2,611E2360,0.1208456774,,79.7,1,0,1
B010,2026-04-04 12:00:00,0,611H7406,0,,,1,0,0
B010,2026-04-04 12:00:00,1,611T2300,0,,88.36,1,0,1
B010,2026-04-04 12:00:00,2,611E2360,0,,79.69,1,0,1
B010,2026-04-04 13:00:00,0,611H7406,0,,,1,0,0
B010,2026-04-04 13:00:00,1,611T2300,9.106334544e-05,,88.36,1,0,1
B010,2026-04-04 13:00:00,2,611E2360,0,,79.67,1,0,1
B010,2026-04-04 14:00:00,0,611H7406,0.1162823533,,,1,0,0
B010,2026-04-04 14:00:00,1,611T2300,0.004864676789,,88.35,1,0,1
B010,2026-04-04 14:00:00,2,611E2360,0,,79.67,1,0,1
B010,2026-04-04 15:00:00,0,611H7406,0,,,1,0,0
B010,2026-04-04 15:00:00,1,611T2300,0,,88.35,1,0,1
B010,2026-04-04 15:00:00,2,611E2360,0,,79.66,1,0,1
B010,2026-04-04 16:00:00,0,611H7406,0,,,1,0,0
B010,2026-04-04 16:00:00,1,611T2300,0,,88.34,1,0,1
B010,2026-04-04 16:00:00,2,611E2360,0,,79.65,1,0,1
B010,2026-04-04 17:00:00,0,611H7406,0,,,1,0,0
B010,2026-04-04 17:00:00,1,611T2300,0,,88.32,1,0,1
B010,2026-04-04 17:00:00,2,611E2360,0,,79.64,1,0,1
B010,2026-04-04 18:00:00,0,611H7406,0,,,1,0,0
B010,2026-04-04 18:00:00,1,611T2300,0,,88.31,1,0,1
B010,2026-04-04 18:00:00,2,611E2360,0,,79.63,1,0,1
B010,2026-04-04 19:00:00,0,611H7406,0,,,1,0,0
B010,2026-04-04 19:00:00,1,611T2300,0,,88.3,1,0,1
B010,2026-04-04 19:00:00,2,611E2360,0,,79.62,1,0,1
B010,2026-04-04 20:00:00,0,611H7406,0,,,1,0,0
B010,2026-04-04 20:00:00,1,611T2300,0,,88.3,1,0,1
B010,2026-04-04 20:00:00,2,611E2360,0,,79.61,1,0,1
B010,2026-04-04 21:00:00,0,611H7406,0,,,1,0,0
B010,2026-04-04 21:00:00,1,611T2300,0,,88.29,1,0,1
B010,2026-04-04 21:00:00,2,611E2360,0,,79.6,1,0,1
B010,2026-04-04 22:00:00,0,611H7406,0,,,1,0,0
B010,2026-04-04 22:00:00,1,611T2300,0,,88.29,1,0,1
B010,2026-04-04 22:00:00,2,611E2360,0,,79.6,1,0,1
B010,2026-04-04 23:00:00,0,611H7406,0,,,1,0,0
B010,2026-04-04 23:00:00,1,611T2300,0,,88.28,1,0,1
B010,2026-04-04 23:00:00,2,611E2360,0,,79.59,1,0,1
B010,2026-04-05 00:00:00,0,611H7406,0,,,1,0,0
B010,2026-04-05 00:00:00,1,611T2300,0,,88.27,1,0,1
B010,2026-04-05 00:00:00,2,611E2360,0,,79.58,1,0,1
B010,2026-04-05 01:00:00,0,611H7406,0,,,1,0,0
B010,2026-04-05 01:00:00,1,611T2300,0,,88.27,1,0,1
B010,2026-04-05 01:00:00,2,611E2360,0,,79.57,1,0,1
B010,2026-04-05 02:00:00,0,611H7406,0,,,1,0,0
B010,2026-04-05 02:00:00,1,611T2300,0,,88.26,1,0,1
B010,2026-04-05 02:00:00,2,611E2360,0,,79.57,1,0,1
B010,2026-04-05 03:00:00,0,611H7406,0,,,1,0,0
B010,2026-04-05 03:00:00,1,611T2300,0,,88.24,1,0,1
B010,2026-04-05 03:00:00,2,611E2360,0,,79.56,1,0,1
B010,2026-04-05 04:00:00,0,611H7406,0,,,1,0,0
B010,2026-04-05 04:00:00,1,611T2300,0,,88.22,1,0,1
B010,2026-04-05 04:00:00,2,611E2360,0,,79.56,1,0,1
B010,2026-04-05 05:00:00,0,611H7406,0,,,1,0,0
B010,2026-04-05 05:00:00,1,611T2300,0,,88.22,1,0,1
B010,2026-04-05 05:00:00,2,611E2360,0,,79.55,1,0,1
B010,2026-04-05 06:00:00,0,611H7406,0,,,1,0,0
B010,2026-04-05 06:00:00,1,611T2300,0,,88.22,1,0,1
B010,2026-04-05 06:00:00,2,611E2360,0,,79.54,1,0,1
B010,2026-04-05 07:00:00,0,611H7406,0.1162823533,,,1,0,0
B010,2026-04-05 07:00:00,1,611T2300,0.00726132479,,88.22,1,0,1
B010,2026-04-05 07:00:00,2,611E2360,0.1208456774,,79.53,1,0,1
B010,2026-04-05 08:00:00,0,611H7406,0,,,1,0,0
B010,2026-04-05 08:00:00,1,611T2300,0,,88.22,1,0,1
B010,2026-04-05 08:00:00,2,611E2360,0,,79.53,1,0,1
B010,2026-04-05 09:00:00,0,611H7406,0,,,1,0,0
B010,2026-04-05 09:00:00,1,611T2300,0,,88.22,1,0,1
B010,2026-04-05 09:00:00,2,611E2360,0,,79.53,1,0,1
B010,2026-04-05 10:00:00,0,611H7406,0,,,1,0,0
B010,2026-04-05 10:00:00,1,611T2300,0,,88.21,1,0,1
B010,2026-04-05 10:00:00,2,611E2360,0,,79.52,1,0,1
B010,2026-04-05 11:00:00,0,611H7406,0,,,1,0,0
B010,2026-04-05 11:00:00,1,611T2300,0,,88.22,1,0,1
B010,2026-04-05 11:00:00,2,611E2360,0,,79.52,1,0,1
B010,2026-04-05 12:00:00,0,611H7406,0,,,1,0,0
B010,2026-04-05 12:00:00,1,611T2300,0,,88.22,1,0,1
B010,2026-04-05 12:00:00,2,611E2360,0,,79.51,1,0,1
B010,2026-04-05 13:00:00,0,611H7406,0,,,1,0,0
B010,2026-04-05 13:00:00,1,611T2300,0,,88.22,1,0,1
B010,2026-04-05 13:00:00,2,611E2360,0,,79.51,1,0,1
B010,2026-04-05 14:00:00,0,611H7406,0,,,1,0,0
B010,2026-04-05 14:00:00,1,611T2300,0,,88.22,1,0,1
B010,2026-04-05 14:00:00,2,611E2360,0,,79.51,1,0,1
B010,2026-04-05 15:00:00,0,611H7406,0,,,1,0,0
B010,2026-04-05 15:00:00,1,611T2300,0,,88.21,1,0,1
B010,2026-04-05 15:00:00,2,611E2360,0,,79.51,1,0,1
B010,2026-04-05 16:00:00,0,611H7406,0,,,1,0,0
B010,2026-04-05 16:00:00,1,611T2300,0,,88.2,1,0,1
B010,2026-04-05 16:00:00,2,611E2360,0,,79.51,1,0,1
B010,2026-04-05 17:00:00,0,611H7406,0,,,1,0,0
B010,2026-04-05 17:00:00,1,611T2300,0,,88.2,1,0,1
B010,2026-04-05 17:00:00,2,611E2360,0,,79.51,1,0,1
B010,2026-04-08 18:00:00,0,611H7406,0,,,1,0,0
B010,2026-04-08 18:00:00,1,611T2300,0,,88.18,1,0,1
B010,2026-04-08 18:00:00,2,611E2360,0,,79.48,1,0,1
B010,2026-04-08 19:00:00,0,611H7406,0.01864411835,,,1,0,0
B010,2026-04-08 19:00:00,1,611T2300,0.001653906878,,88.18,1,0,1
B010,2026-04-08 19:00:00,2,611E2360,0,,79.48,1,0,1
B010,2026-04-08 20:00:00,0,611H7406,0,,,1,0,0
B010,2026-04-08 20:00:00,1,611T2300,0,,88.16,1,0,1
B010,2026-04-08 20:00:00,2,611E2360,0,,79.47,1,0,1
B010,2026-04-08 21:00:00,0,611H7406,0,,,1,0,0
B010,2026-04-08 21:00:00,1,611T2300,0,,88.14,1,0,1
B010,2026-04-08 21:00:00,2,611E2360,0,,79.47,1,0,1
B010,2026-04-08 22:00:00,0,611H7406,0,,,1,0,0
B010,2026-04-08 22:00:00,1,611T2300,0,,88.13,1,0,1
B010,2026-04-08 22:00:00,2,611E2360,0,,79.47,1,0,1
B010,2026-04-08 23:00:00,0,611H7406,0.0536027718,,,1,0,0
B010,2026-04-08 23:00:00,1,611T2300,0,,88.13,1,0,1
B010,2026-04-08 23:00:00,2,611E2360,0.009086867199,,79.46,1,0,1
B010,2026-04-09 00:00:00,0,611H7406,0,,,1,0,0
B010,2026-04-09 00:00:00,1,611T2300,0,,88.16,1,0,1
B010,2026-04-09 00:00:00,2,611E2360,0,,79.45,1,0,1
B010,2026-04-09 01:00:00,0,611H7406,0,,,1,0,0
B010,2026-04-09 01:00:00,1,611T2300,0,,88.17,1,0,1
B010,2026-04-09 01:00:00,2,611E2360,0,,79.45,1,0,1
B010,2026-04-09 02:00:00,0,611H7406,0,,,1,0,0
B010,2026-04-09 02:00:00,1,611T2300,0,,88.17,1,0,1
B010,2026-04-09 02:00:00,2,611E2360,0,,79.45,1,0,1
B010,2026-04-09 03:00:00,0,611H7406,0.02477253264,,,1,0,0
B010,2026-04-09 03:00:00,1,611T2300,0.03568903645,,88.16,1,0,1
B010,2026-04-09 03:00:00,2,611E2360,0,,79.45,1,0,1
B010,2026-04-09 04:00:00,0,611H7406,0,,,1,0,0
B010,2026-04-09 04:00:00,1,611T2300,0,,88.16,1,0,1
B010,2026-04-09 04:00:00,2,611E2360,0,,79.45,1,0,1
B010,2026-04-09 05:00:00,0,611H7406,0,,,1,0,0
B010,2026-04-09 05:00:00,1,611T2300,0,,88.16,1,0,1
B010,2026-04-09 05:00:00,2,611E2360,0,,79.45,1,0,1
B010,2026-04-09 06:00:00,0,611H7406,0,,,1,0,0
B010,2026-04-09 06:00:00,1,611T2300,0,,88.16,1,0,1
B010,2026-04-09 06:00:00,2,611E2360,0,,79.45,1,0,1
B010,2026-04-09 07:00:00,0,611H7406,2.951790789e-06,,,1,0,0
B010,2026-04-09 07:00:00,1,611T2300,0,,88.16,1,0,1
B010,2026-04-09 07:00:00,2,611E2360,0.05128729518,,79.45,1,0,1
B010,2026-04-09 08:00:00,0,611H7406,0,,,1,0,0
B010,2026-04-09 08:00:00,1,611T2300,0,,88.15,1,0,1
B010,2026-04-09 08:00:00,2,611E2360,0,,79.45,1,0,1
B010,2026-04-09 09:00:00,0,611H7406,0,,,1,0,0
B010,2026-04-09 09:00:00,1,611T2300,0,,88.15,1,0,1
B010,2026-04-09 09:00:00,2,611E2360,0,,79.45,1,0,1
B010,2026-04-09 10:00:00,0,611H7406,0,,,1,0,0
B010,2026-04-09 10:00:00,1,611T2300,0,,88.15,1,0,1
B010,2026-04-09 10:00:00,2,611E2360,0,,79.45,1,0,1
B010,2026-04-09 11:00:00,0,611H7406,0,,,1,0,0
B010,2026-04-09 11:00:00,1,611T2300,0,,88.15,1,0,1
B010,2026-04-09 11:00:00,2,611E2360,0,,79.45,1,0,1
B010,2026-04-09 12:00:00,0,611H7406,0,,,1,0,0
B010,2026-04-09 12:00:00,1,611T2300,0,,88.13,1,0,1
B010,2026-04-09 12:00:00,2,611E2360,0,,79.45,1,0,1
B010,2026-04-09 13:00:00,0,611H7406,0,,,1,0,0
B010,2026-04-09 13:00:00,1,611T2300,0.03043553265,,88.11,1,0,1
B010,2026-04-09 13:00:00,2,611E2360,0,,79.45,1,0,1
B010,2026-04-09 14:00:00,0,611H7406,0,,,1,0,0
B010,2026-04-09 14:00:00,1,611T2300,0.0001821266909,,88.08,1,0,1
B010,2026-04-09 14:00:00,2,611E2360,0,,79.44,1,0,1
B010,2026-04-09 15:00:00,0,611H7406,0.1072055436,,,1,0,0
B010,2026-04-09 15:00:00,1,611T2300,0,,88.08,1,0,1
B010,2026-04-09 15:00:00,2,611E2360,0.0181737344,,79.43,1,0,1
B010,2026-04-09 16:00:00,0,611H7406,0,,,1,0,0
B010,2026-04-09 16:00:00,1,611T2300,0,,88.08,1,0,1
B010,2026-04-09 16:00:00,2,611E2360,0,,79.42,1,0,1
B010,2026-04-09 17:00:00,0,611H7406,0,,,1,0,0
B010,2026-04-09 17:00:00,1,611T2300,0,,88.12,1,0,1
B010,2026-04-09 17:00:00,2,611E2360,0,,79.41,1,0,1
B010,2026-04-09 18:00:00,0,611H7406,0,,,1,0,0
B010,2026-04-09 18:00:00,1,611T2300,0,,88.13,1,0,1
B010,2026-04-09 18:00:00,2,611E2360,0,,79.41,1,0,1
B010,2026-04-09 19:00:00,0,611H7406,0,,,1,0,0
B010,2026-04-09 19:00:00,1,611T2300,0,,88.12,1,0,1
B010,2026-04-09 19:00:00,2,611E2360,0,,79.41,1,0,1
B010,2026-04-09 20:00:00,0,611H7406,0,,,1,0,0
B010,2026-04-09 20:00:00,1,611T2300,0,,88.12,1,0,1
B010,2026-04-09 20:00:00,2,611E2360,0,,79.42,1,0,1
B010,2026-04-09 21:00:00,0,611H7406,0,,,1,0,0
B010,2026-04-09 21:00:00,1,611T2300,0,,88.11,1,0,1
B010,2026-04-09 21:00:00,2,611E2360,0,,79.42,1,0,1
B010,2026-04-09 22:00:00,0,611H7406,0,,,1,0,0
B010,2026-04-09 22:00:00,1,611T2300,0,,88.11,1,0,1
B010,2026-04-09 22:00:00,2,611E2360,0,,79.42,1,0,1
B010,2026-04-09 23:00:00,0,611H7406,0.01234007989,,,1,0,0
B010,2026-04-09 23:00:00,1,611T2300,0,,88.11,1,0,1
B010,2026-04-09 23:00:00,2,611E2360,0.001604073712,,79.42,1,0,1
B010,2026-04-10 00:00:00,0,611H7406,0.467602147,,,1,0,0
B010,2026-04-10 00:00:00,1,611T2300,0.1916072278,,88.1,1,0,1
B010,2026-04-10 00:00:00,2,611E2360,0.1684105691,,79.41,1,0,1
B010,2026-04-10 01:00:00,0,611H7406,8.105360687,,,1,0,0
B010,2026-04-10 01:00:00,1,611T2300,1.060879607,,88.1,1,0,1
B010,2026-04-10 01:00:00,2,611E2360,0.8468278709,,79.41,1,0,1
B010,2026-04-10 02:00:00,0,611H7406,6.80839012,,,1,0,0
B010,2026-04-10 02:00:00,1,611T2300,5.817504644,,88.1,1,0,1
B010,2026-04-10 02:00:00,2,611E2360,5.141504791,,79.41,1,0,1
B010,2026-04-10 03:00:00,0,611H7406,0.08779452453,,,1,0,0
B010,2026-04-10 03:00:00,1,611T2300,1.099924193,,88.1,1,0,1
B010,2026-04-10 03:00:00,2,611E2360,2.872983093,,79.41,1,0,1
B010,2026-04-10 04:00:00,0,611H7406,0,,,1,0,0
B010,2026-04-10 04:00:00,1,611T2300,0,,88.13,1,0,1
B010,2026-04-10 04:00:00,2,611E2360,0,,79.41,1,0,1
B010,2026-04-10 05:00:00,0,611H7406,0,,,1,0,0
B010,2026-04-10 05:00:00,1,611T2300,0,,88.44,1,0,1
B010,2026-04-10 05:00:00,2,611E2360,0,,79.42,1,0,1
B010,2026-04-10 06:00:00,0,611H7406,0.0007797732557,,,1,0,0
B010,2026-04-10 06:00:00,1,611T2300,0.01581062074,,88.45,1,0,1
B010,2026-04-10 06:00:00,2,611E2360,0.0008694181475,,79.44,1,0,1
B010,2026-04-10 07:00:00,0,611H7406,7.373818593,,,1,0,0
B010,2026-04-10 07:00:00,1,611T2300,1.462537718,,88.38,1,0,1
B010,2026-04-10 07:00:00,2,611E2360,5.926075865,,79.5,1,0,1
B010,2026-04-10 08:00:00,0,611H7406,0,,,1,0,0
B010,2026-04-10 08:00:00,1,611T2300,0,,88.34,1,0,1
B010,2026-04-10 08:00:00,2,611E2360,0,,79.55,1,0,1
B010,2026-04-10 09:00:00,0,611H7406,0,,,1,0,0
B010,2026-04-10 09:00:00,1,611T2300,0,,88.37,1,0,1
B010,2026-04-10 09:00:00,2,611E2360,0,,79.58,1,0,1
B010,2026-04-10 10:00:00,0,611H7406,0,,,1,0,0
B010,2026-04-10 10:00:00,1,611T2300,0,,88.34,1,0,1
B010,2026-04-10 10:00:00,2,611E2360,0,,79.59,1,0,1
B010,2026-04-10 11:00:00,0,611H7406,0,,,1,0,0
B010,2026-04-10 11:00:00,1,611T2300,0,,88.31,1,0,1
B010,2026-04-10 11:00:00,2,611E2360,0,,79.6,1,0,1
B010,2026-04-10 12:00:00,0,611H7406,0,,,1,0,0
B010,2026-04-10 12:00:00,1,611T2300,0,,88.3,1,0,1
B010,2026-04-10 12:00:00,2,611E2360,0,,79.6,1,0,1
B010,2026-04-10 13:00:00,0,611H7406,0,,,1,0,0
B010,2026-04-10 13:00:00,1,611T2300,0,,88.29,1,0,1
B010,2026-04-10 13:00:00,2,611E2360,0,,79.58,1,0,1
B010,2026-04-10 14:00:00,0,611H7406,0,,,1,0,0
B010,2026-04-10 14:00:00,1,611T2300,0,,88.28,1,0,1
B010,2026-04-10 14:00:00,2,611E2360,0,,79.58,1,0,1
B010,2026-04-10 15:00:00,0,611H7406,0,,,1,0,0
B010,2026-04-10 15:00:00,1,611T2300,0,,88.26,1,0,1
B010,2026-04-10 15:00:00,2,611E2360,0,,79.56,1,0,1
B010,2026-04-10 16:00:00,0,611H7406,0,,,1,0,0
B010,2026-04-10 16:00:00,1,611T2300,0,,88.23,1,0,1
B010,2026-04-10 16:00:00,2,611E2360,0,,79.55,1,0,1
B010,2026-04-10 17:00:00,0,611H7406,0,,,1,0,0
B010,2026-04-10 17:00:00,1,611T2300,0,,88.21,1,0,1
B010,2026-04-10 17:00:00,2,611E2360,0,,79.53,1,0,1
B010,2026-04-10 18:00:00,0,611H7406,0.009472412515,,,1,0,0
B010,2026-04-10 18:00:00,1,611T2300,0.06386907594,,88.22,1,0,1
B010,2026-04-10 18:00:00,2,611E2360,0.001604073712,,79.52,1,0,1
B010,2026-04-10 19:00:00,0,611H7406,0,,,1,0,0
B010,2026-04-10 19:00:00,1,611T2300,0.02554763037,,88.23,1,0,1
B010,2026-04-10 19:00:00,2,611E2360,0.0005577776119,,79.51,1,0,1
B010,2026-04-10 20:00:00,0,611H7406,0.006170039947,,,1,0,0
B010,2026-04-10 20:00:00,1,611T2300,0.1864010214,,88.22,1,0,1
B010,2026-04-10 20:00:00,2,611E2360,0.3357952886,,79.5,1,0,1
B010,2026-04-10 21:00:00,0,611H7406,0.02226676891,,,1,0,0
B010,2026-04-10 21:00:00,1,611T2300,0.3143672429,,88.2,1,0,1
B010,2026-04-10 21:00:00,2,611E2360,0.5373841758,,79.5,1,0,1
B010,2026-04-10 22:00:00,0,611H7406,1.664832163,,,1,0,0
B010,2026-04-10 22:00:00,1,611T2300,0.9404496773,,88.19,1,0,1
B010,2026-04-10 22:00:00,2,611E2360,0.6924267855,,79.49,1,0,1
B010,2026-04-10 23:00:00,0,611H7406,7.110665703,,,1,0,0
B010,2026-04-10 23:00:00,1,611T2300,2.052047552,,88.18,1,0,1
B010,2026-04-10 23:00:00,2,611E2360,2.546854503,,79.49,1,0,1
B010,2026-04-11 00:00:00,0,611H7406,2.063314033,,,1,0,0
B010,2026-04-11 00:00:00,1,611T2300,0.4762820716,,88.17,1,0,1
B010,2026-04-11 00:00:00,2,611E2360,0.396979534,,79.48,1,0,1
B010,2026-04-11 01:00:00,0,611H7406,8.49099894,,,1,0,0
B010,2026-04-11 01:00:00,1,611T2300,1.314219893,,88.17,1,0,1
B010,2026-04-11 01:00:00,2,611E2360,1.207991983,,79.47,1,0,1
B010,2026-04-11 02:00:00,0,611H7406,7.927533739,,,1,0,0
B010,2026-04-11 02:00:00,1,611T2300,1.653723963,,88.19,1,0,1
B010,2026-04-11 02:00:00,2,611E2360,1.713355391,,79.47,1,0,1
B010,2026-04-11 03:00:00,0,611H7406,12.5128453,,,1,0,0
B010,2026-04-11 03:00:00,1,611T2300,9.066053178,,88.27,1,0,1
B010,2026-04-11 03:00:00,2,611E2360,8.6150215,,79.47,1,0,1
B010,2026-04-11 04:00:00,0,611H7406,8.788968447,,,1,0,0
B010,2026-04-11 04:00:00,1,611T2300,4.538825372,,88.49,1,0,1
B010,2026-04-11 04:00:00,2,611E2360,9.535899273,,79.47,1,0,1
B010,2026-04-11 05:00:00,0,611H7406,1.306222926,,,1,0,0
B010,2026-04-11 05:00:00,1,611T2300,0.3586324705,,88.75,1,0,1
B010,2026-04-11 05:00:00,2,611E2360,0.3719513569,,79.52,1,0,1
B010,2026-04-11 06:00:00,0,611H7406,0.7334748908,,,1,0,0
B010,2026-04-11 06:00:00,1,611T2300,0.7625624094,,89.36,1,0,1
B010,2026-04-11 06:00:00,2,611E2360,1.563330645,,79.65,1,0,1
B010,2026-04-11 07:00:00,0,611H7406,2.5258029,,,1,0,0
B010,2026-04-11 07:00:00,1,611T2300,0.5931555906,,89.36,1,0,1
B010,2026-04-11 07:00:00,2,611E2360,9.974919172,,79.89,1,0,1
B010,2026-04-11 08:00:00,0,611H7406,0.08623792981,,,1,0,0
B010,2026-04-11 08:00:00,1,611T2300,0.01324607311,,89.28,1,0,1
B010,2026-04-11 08:00:00,2,611E2360,0.05128729518,,80.08,1,0,1
B010,2026-04-11 09:00:00,0,611H7406,0,,,1,0,0
B010,2026-04-11 09:00:00,1,611T2300,0,,89.11,1,0,1
B010,2026-04-11 09:00:00,2,611E2360,0,,80.18,1,0,1
B010,2026-04-11 10:00:00,0,611H7406,0,,,1,0,0
B010,2026-04-11 10:00:00,1,611T2300,0,,89.02,1,0,1
B010,2026-04-11 10:00:00,2,611E2360,0,,80.22,1,0,1
B010,2026-04-11 11:00:00,0,611H7406,0.2515782875,,,1,0,0
B010,2026-04-11 11:00:00,1,611T2300,0.4370673993,,88.93,1,0,1
B010,2026-04-11 11:00:00,2,611E2360,0.2826486024,,80.2,1,0,1
B010,2026-04-11 12:00:00,0,611H7406,0.08623497802,,,1,0,0
B010,2026-04-11 12:00:00,1,611T2300,0,,88.86,1,0,1
B010,2026-04-11 12:00:00,2,611E2360,0,,80.14,1,0,1
B010,2026-04-11 13:00:00,0,611H7406,0,,,1,0,0
B010,2026-04-11 13:00:00,1,611T2300,0,,88.78,1,0,1
B010,2026-04-11 13:00:00,2,611E2360,0,,80.1,1,0,1
B010,2026-04-11 14:00:00,0,611H7406,0,,,1,0,0
B010,2026-04-11 14:00:00,1,611T2300,0,,88.73,1,0,1
B010,2026-04-11 14:00:00,2,611E2360,0,,80.06,1,0,1
B010,2026-04-11 15:00:00,0,611H7406,0,,,1,0,0
B010,2026-04-11 15:00:00,1,611T2300,0,,88.69,1,0,1
B010,2026-04-11 15:00:00,2,611E2360,0,,80.03,1,0,1
B010,2026-04-11 16:00:00,0,611H7406,0.006170039947,,,1,0,0
B010,2026-04-11 16:00:00,1,611T2300,0.01277381519,,88.65,1,0,1
B010,2026-04-11 16:00:00,2,611E2360,0,,79.99,1,0,1
B010,2026-04-11 17:00:00,0,611H7406,0,,,1,0,0
B010,2026-04-11 17:00:00,1,611T2300,0,,88.6,1,0,1
B010,2026-04-11 17:00:00,2,611E2360,0.03128222463,,79.96,1,0,1
B010,2026-04-11 18:00:00,0,611H7406,0.4346691066,,,1,0,0
B010,2026-04-11 18:00:00,1,611T2300,1.084651628,,88.56,1,0,1
B010,2026-04-11 18:00:00,2,611E2360,0.1795926617,,79.92,1,0,1
B010,2026-04-11 19:00:00,0,611H7406,0.1206098449,,,1,0,0
B010,2026-04-11 19:00:00,1,611T2300,0.09914566736,,88.52,1,0,1
B010,2026-04-11 19:00:00,2,611E2360,0.3082780711,,79.89,1,0,1
B010,2026-04-11 20:00:00,0,611H7406,0.05438549685,,,1,0,0
B010,2026-04-11 20:00:00,1,611T2300,0.01867952667,,88.47,1,0,1
B010,2026-04-11 20:00:00,2,611E2360,0.1867765666,,79.85,1,0,1
B010,2026-04-11 21:00:00,0,611H7406,0,,,1,0,0
B010,2026-04-11 21:00:00,1,611T2300,0,,88.48,1,0,1
B010,2026-04-11 21:00:00,2,611E2360,0,,79.83,1,0,1
B010,2026-04-11 22:00:00,0,611H7406,0,,,1,0,0
B010,2026-04-11 22:00:00,1,611T2300,0,,88.46,1,0,1
B010,2026-04-11 22:00:00,2,611E2360,0,,79.81,1,0,1
B010,2026-04-11 23:00:00,0,611H7406,0,,,1,0,0
B010,2026-04-11 23:00:00,1,611T2300,0,,88.45,1,0,1
B010,2026-04-11 23:00:00,2,611E2360,0.0003300285978,,79.79,1,0,1
B010,2026-04-12 00:00:00,0,611H7406,0.02226676891,,,1,0,0
B010,2026-04-12 00:00:00,1,611T2300,0.05946215883,,88.44,1,0,1
B010,2026-04-12 00:00:00,2,611E2360,0.1302905892,,79.77,1,0,1
B010,2026-04-12 01:00:00,0,611H7406,0.3914472916,,,1,0,0
B010,2026-04-12 01:00:00,1,611T2300,0.2811053807,,88.42,1,0,1
B010,2026-04-12 01:00:00,2,611E2360,0.4681089139,,79.76,1,0,1
B010,2026-04-12 02:00:00,0,611H7406,0.2154605165,,,1,0,0
B010,2026-04-12 02:00:00,1,611T2300,0.2424303374,,88.41,1,0,1
B010,2026-04-12 02:00:00,2,611E2360,0.1230151187,,79.75,1,0,1
B010,2026-04-12 03:00:00,0,611H7406,0.4186063305,,,1,0,0
B010,2026-04-12 03:00:00,1,611T2300,0.1768852255,,88.39,1,0,1
B010,2026-04-12 03:00:00,2,611E2360,0.3428172741,,79.74,1,0,1
B010,2026-04-12 04:00:00,0,611H7406,0,,,1,0,0
B010,2026-04-12 04:00:00,1,611T2300,0.0262269196,,88.38,1,0,1
B010,2026-04-12 04:00:00,2,611E2360,0.000511143175,,79.72,1,0,1
B010,2026-04-12 05:00:00,0,611H7406,0,,,1,0,0
B010,2026-04-12 05:00:00,1,611T2300,0,,88.37,1,0,1
B010,2026-04-12 05:00:00,2,611E2360,0,,79.71,1,0,1
B010,2026-04-12 06:00:00,0,611H7406,0,,,1,0,0
B010,2026-04-12 06:00:00,1,611T2300,0,,88.36,1,0,1
B010,2026-04-12 06:00:00,2,611E2360,0,,79.7,1,0,1
B010,2026-04-12 07:00:00,0,611H7406,0.4869234658,,,1,0,0
B010,2026-04-12 07:00:00,1,611T2300,0.433904105,,88.36,1,0,1
B010,2026-04-12 07:00:00,2,611E2360,1.473251131,,79.69,1,0,1
B010,2026-04-12 08:00:00,0,611H7406,0,,,1,0,0
B010,2026-04-12 08:00:00,1,611T2300,0.03287686223,,88.35,1,0,1
B010,2026-04-12 08:00:00,2,611E2360,0,,79.68,1,0,1
B010,2026-04-12 09:00:00,0,611H7406,0,,,1,0,0
B010,2026-04-12 09:00:00,1,611T2300,0,,88.34,1,0,1
B010,2026-04-12 09:00:00,2,611E2360,0,,79.67,1,0,1
B010,2026-04-12 10:00:00,0,611H7406,0,,,1,0,0
B010,2026-04-12 10:00:00,1,611T2300,0,,88.34,1,0,1
B010,2026-04-12 10:00:00,2,611E2360,0,,79.66,1,0,1
B010,2026-04-12 11:00:00,0,611H7406,0,,,1,0,0
B010,2026-04-12 11:00:00,1,611T2300,0,,88.33,1,0,1
B010,2026-04-12 11:00:00,2,611E2360,0,,79.66,1,0,1
B010,2026-04-12 12:00:00,0,611H7406,0,,,1,0,0
B010,2026-04-12 12:00:00,1,611T2300,0,,88.32,1,0,1
B010,2026-04-12 12:00:00,2,611E2360,0,,79.65,1,0,1
B010,2026-04-12 13:00:00,0,611H7406,0,,,1,0,0
B010,2026-04-12 13:00:00,1,611T2300,0,,88.31,1,0,1
B010,2026-04-12 13:00:00,2,611E2360,0,,79.64,1,0,1
B010,2026-04-12 14:00:00,0,611H7406,0,,,1,0,0
B010,2026-04-12 14:00:00,1,611T2300,0,,88.29,1,0,1
B010,2026-04-12 14:00:00,2,611E2360,0,,79.64,1,0,1
B010,2026-04-12 15:00:00,0,611H7406,0,,,1,0,0
B010,2026-04-12 15:00:00,1,611T2300,0,,88.29,1,0,1
B010,2026-04-12 15:00:00,2,611E2360,0,,79.62,1,0,1
B010,2026-04-12 16:00:00,0,611H7406,0,,,1,0,0
B010,2026-04-12 16:00:00,1,611T2300,0,,88.3,1,0,1
B010,2026-04-12 16:00:00,2,611E2360,0,,79.61,1,0,1
B010,2026-04-12 17:00:00,0,611H7406,0,,,1,0,0
B010,2026-04-12 17:00:00,1,611T2300,0,,88.29,1,0,1
B010,2026-04-12 17:00:00,2,611E2360,0,,79.61,1,0,1
B010,2026-04-12 18:00:00,0,611H7406,0,,,1,0,0
B010,2026-04-12 18:00:00,1,611T2300,0,,88.28,1,0,1
B010,2026-04-12 18:00:00,2,611E2360,0,,79.6,1,0,1
B010,2026-04-12 19:00:00,0,611H7406,0,,,1,0,0
B010,2026-04-12 19:00:00,1,611T2300,0,,88.28,1,0,1
B010,2026-04-12 19:00:00,2,611E2360,0,,79.59,1,0,1
B010,2026-04-12 20:00:00,0,611H7406,0,,,1,0,0
B010,2026-04-12 20:00:00,1,611T2300,0,,88.27,1,0,1
B010,2026-04-12 20:00:00,2,611E2360,0,,79.58,1,0,1
B010,2026-04-12 21:00:00,0,611H7406,0,,,1,0,0
B010,2026-04-12 21:00:00,1,611T2300,0,,88.27,1,0,1
B010,2026-04-12 21:00:00,2,611E2360,0,,79.58,1,0,1
B010,2026-04-12 22:00:00,0,611H7406,0,,,1,0,0
B010,2026-04-12 22:00:00,1,611T2300,0,,88.25,1,0,1
B010,2026-04-12 22:00:00,2,611E2360,0,,79.57,1,0,1
B010,2026-04-12 23:00:00,0,611H7406,0,,,1,0,0
B010,2026-04-12 23:00:00,1,611T2300,0,,88.24,1,0,1
B010,2026-04-12 23:00:00,2,611E2360,0,,79.56,1,0,1
B010,2026-04-13 00:00:00,0,611H7406,0,,,1,0,0
B010,2026-04-13 00:00:00,1,611T2300,0,,88.23,1,0,1
B010,2026-04-13 00:00:00,2,611E2360,0,,79.56,1,0,1
B010,2026-04-13 01:00:00,0,611H7406,0,,,1,0,0
B010,2026-04-13 01:00:00,1,611T2300,0,,88.23,1,0,1
B010,2026-04-13 01:00:00,2,611E2360,0,,79.55,1,0,1
B010,2026-04-13 02:00:00,0,611H7406,0,,,1,0,0
B010,2026-04-13 02:00:00,1,611T2300,0,,88.23,1,0,1
B010,2026-04-13 02:00:00,2,611E2360,0,,79.54,1,0,1
B010,2026-04-13 03:00:00,0,611H7406,0,,,1,0,0
B010,2026-04-13 03:00:00,1,611T2300,0,,88.23,1,0,1
B010,2026-04-13 03:00:00,2,611E2360,0,,79.53,1,0,1
B010,2026-04-13 04:00:00,0,611H7406,0,,,1,0,0
B010,2026-04-13 04:00:00,1,611T2300,0,,88.23,1,0,1
B010,2026-04-13 04:00:00,2,611E2360,0,,79.53,1,0,1
B010,2026-04-13 05:00:00,0,611H7406,0,,,1,0,0
B010,2026-04-13 05:00:00,1,611T2300,0,,88.22,1,0,1
B010,2026-04-13 05:00:00,2,611E2360,0,,79.53,1,0,1
B010,2026-04-13 06:00:00,0,611H7406,0,,,1,0,0
B010,2026-04-13 06:00:00,1,611T2300,0,,88.22,1,0,1
B010,2026-04-13 06:00:00,2,611E2360,0,,79.53,1,0,1
B010,2026-04-13 07:00:00,0,611H7406,0,,,1,0,0
B010,2026-04-13 07:00:00,1,611T2300,0,,88.22,1,0,1
B010,2026-04-13 07:00:00,2,611E2360,0,,79.52,1,0,1
B010,2026-04-13 08:00:00,0,611H7406,0,,,1,0,0
B010,2026-04-13 08:00:00,1,611T2300,0,,88.22,1,0,1
B010,2026-04-13 08:00:00,2,611E2360,0,,79.51,1,0,1
B010,2026-04-13 09:00:00,0,611H7406,0,,,1,0,0
B010,2026-04-13 09:00:00,1,611T2300,0,,88.22,1,0,1
B010,2026-04-13 09:00:00,2,611E2360,0,,79.51,1,0,1
B010,2026-04-13 10:00:00,0,611H7406,0,,,1,0,0
B010,2026-04-13 10:00:00,1,611T2300,0,,88.22,1,0,1
B010,2026-04-13 10:00:00,2,611E2360,0,,79.51,1,0,1
B010,2026-04-13 11:00:00,0,611H7406,0,,,1,0,0
B010,2026-04-13 11:00:00,1,611T2300,0,,88.22,1,0,1
B010,2026-04-13 11:00:00,2,611E2360,0,,79.51,1,0,1
B010,2026-04-13 12:00:00,0,611H7406,0,,,1,0,0
B010,2026-04-13 12:00:00,1,611T2300,0,,88.23,1,0,1
B010,2026-04-13 12:00:00,2,611E2360,0,,79.51,1,0,1
B010,2026-04-13 13:00:00,0,611H7406,0,,,1,0,0
B010,2026-04-13 13:00:00,1,611T2300,0,,88.23,1,0,1
B010,2026-04-13 13:00:00,2,611E2360,0,,79.51,1,0,1
B010,2026-04-13 14:00:00,0,611H7406,0,,,1,0,0
B010,2026-04-13 14:00:00,1,611T2300,0,,88.23,1,0,1
B010,2026-04-13 14:00:00,2,611E2360,0,,79.51,1,0,1
B010,2026-04-13 15:00:00,0,611H7406,0,,,1,0,0
B010,2026-04-13 15:00:00,1,611T2300,0,,88.23,1,0,1
B010,2026-04-13 15:00:00,2,611E2360,0,,79.51,1,0,1
B010,2026-04-13 16:00:00,0,611H7406,0,,,1,0,0
B010,2026-04-13 16:00:00,1,611T2300,0,,88.22,1,0,1
B010,2026-04-13 16:00:00,2,611E2360,0,,79.51,1,0,1
B010,2026-04-13 17:00:00,0,611H7406,0,,,1,0,0
B010,2026-04-13 17:00:00,1,611T2300,0,,88.22,1,0,1
B010,2026-04-13 17:00:00,2,611E2360,0,,79.51,1,0,1
B010,2026-04-13 18:00:00,0,611H7406,0,,,1,0,0
B010,2026-04-13 18:00:00,1,611T2300,0,,88.22,1,0,1
B010,2026-04-13 18:00:00,2,611E2360,0,,79.51,1,0,1
B010,2026-04-13 19:00:00,0,611H7406,0,,,1,0,0
B010,2026-04-13 19:00:00,1,611T2300,0,,88.21,1,0,1
B010,2026-04-13 19:00:00,2,611E2360,0,,79.51,1,0,1
B010,2026-04-13 20:00:00,0,611H7406,0,,,1,0,0
B010,2026-04-13 20:00:00,1,611T2300,0,,88.21,1,0,1
B010,2026-04-13 20:00:00,2,611E2360,0,,79.5,1,0,1
B010,2026-04-13 21:00:00,0,611H7406,0,,,1,0,0
B010,2026-04-13 21:00:00,1,611T2300,0,,88.21,1,0,1
B010,2026-04-13 21:00:00,2,611E2360,0,,79.5,1,0,1
B010,2026-04-13 22:00:00,0,611H7406,0,,,1,0,0
B010,2026-04-13 22:00:00,1,611T2300,0,,88.2,1,0,1
B010,2026-04-13 22:00:00,2,611E2360,0,,79.5,1,0,1
B010,2026-04-13 23:00:00,0,611H7406,0,,,1,0,0
B010,2026-04-13 23:00:00,1,611T2300,0,,88.22,1,0,1
B010,2026-04-13 23:00:00,2,611E2360,0,,79.5,1,0,1
B010,2026-04-14 00:00:00,0,611H7406,0,,,1,0,0
B010,2026-04-14 00:00:00,1,611T2300,0,,88.23,1,0,1
B010,2026-04-14 00:00:00,2,611E2360,0,,79.5,1,0,1
B010,2026-04-14 01:00:00,0,611H7406,0,,,1,0,0
B010,2026-04-14 01:00:00,1,611T2300,0,,88.23,1,0,1
B010,2026-04-14 01:00:00,2,611E2360,0,,79.5,1,0,1
B010,2026-04-14 02:00:00,0,611H7406,0,,,1,0,0
B010,2026-04-14 02:00:00,1,611T2300,0,,88.23,1,0,1
B010,2026-04-14 02:00:00,2,611E2360,0,,79.51,1,0,1
B010,2026-04-14 03:00:00,0,611H7406,0,,,1,0,0
B010,2026-04-14 03:00:00,1,611T2300,0,,88.22,1,0,1
B010,2026-04-14 03:00:00,2,611E2360,0,,79.51,1,0,1
B010,2026-04-14 04:00:00,0,611H7406,0,,,1,0,0
B010,2026-04-14 04:00:00,1,611T2300,0,,88.21,1,0,1
B010,2026-04-14 04:00:00,2,611E2360,0,,79.51,1,0,1
B010,2026-04-14 05:00:00,0,611H7406,0,,,1,0,0
B010,2026-04-14 05:00:00,1,611T2300,0,,88.21,1,0,1
B010,2026-04-14 05:00:00,2,611E2360,0,,79.51,1,0,1
B010,2026-04-14 06:00:00,0,611H7406,0,,,1,0,0
B010,2026-04-14 06:00:00,1,611T2300,0,,88.21,1,0,1
B010,2026-04-14 06:00:00,2,611E2360,0,,79.5,1,0,1
B010,2026-04-14 07:00:00,0,611H7406,0,,,1,0,0
B010,2026-04-14 07:00:00,1,611T2300,0,,88.2,1,0,1
B010,2026-04-14 07:00:00,2,611E2360,0,,79.5,1,0,1
B010,2026-04-14 08:00:00,0,611H7406,0,,,1,0,0
B010,2026-04-14 08:00:00,1,611T2300,0,,88.2,1,0,1
B010,2026-04-14 08:00:00,2,611E2360,0,,79.5,1,0,1
B010,2026-04-14 09:00:00,0,611H7406,0,,,1,0,0
B010,2026-04-14 09:00:00,1,611T2300,0,,88.2,1,0,1
B010,2026-04-14 09:00:00,2,611E2360,0,,79.5,1,0,1
