GRAPH_ID,TIMESTAMP,NODE_INDEX,STATION_ID,RAIN_MM,FLOW,WATER_LEVEL,RAIN_MASK,FLOW_MASK,WATER_LEVEL_MASK
B032,2021-04-21 18:00:00,0,614H0033,0.002704914484,,,1,0,0
B032,2021-04-21 18:00:00,1,614E1550,0.0005140421805,,275.55,1,0,1
B032,2021-04-21 19:00:00,0,614H0033,0,,,1,0,0
B032,2021-04-21 19:00:00,1,614E1550,0,,275.46,1,0,1
B032,2021-04-21 20:00:00,0,614H0033,0,,,1,0,0
B032,2021-04-21 20:00:00,1,614E1550,0.008055620891,,275.36,1,0,1
B032,2021-04-21 21:00:00,0,614H0033,0.002704914484,,,1,0,0
B032,2021-04-21 21:00:00,1,614E1550,0.0005140421805,,275.28,1,0,1
B032,2021-04-21 22:00:00,0,614H0033,0,,,1,0,0
B032,2021-04-21 22:00:00,1,614E1550,0,,275.21,1,0,1
B032,2021-04-21 23:00:00,0,614H0033,0,,,1,0,0
B032,2021-04-21 23:00:00,1,614E1550,0.01431019121,,275.15,1,0,1
B032,2021-04-22 00:00:00,0,614H0033,0.002704914484,,,1,0,0
B032,2021-04-22 00:00:00,1,614E1550,0.01175339765,,275.1,1,0,1
B032,2021-04-22 01:00:00,0,614H0033,0,,,1,0,0
B032,2021-04-22 01:00:00,1,614E1550,0.03349056307,,275.06,1,0,1
B032,2021-04-22 02:00:00,0,614H0033,0,,,1,0,0
B032,2021-04-22 02:00:00,1,614E1550,0,,275.03,1,0,1
B032,2021-04-22 03:00:00,0,614H0033,0,,,1,0,0
B032,2021-04-22 03:00:00,1,614E1550,0.006160556125,,275,1,0,1
B032,2021-04-22 04:00:00,0,614H0033,0.002704914484,,,1,0,0
B032,2021-04-22 04:00:00,1,614E1550,0.0005140421805,,274.97,1,0,1
B032,2021-04-22 05:00:00,0,614H0033,0,,,1,0,0
B032,2021-04-22 05:00:00,1,614E1550,0,,274.95,1,0,1
B032,2021-04-22 06:00:00,0,614H0033,0,,,1,0,0
B032,2021-04-22 06:00:00,1,614E1550,0,,274.93,1,0,1
B032,2021-04-22 07:00:00,0,614H0033,20.27955129,,,1,0,0
B032,2021-04-22 07:00:00,1,614E1550,26.10194436,,274.91,1,0,1
B032,2021-04-22 08:00:00,0,614H0033,0,,,1,0,0
B032,2021-04-22 08:00:00,1,614E1550,0,,274.89,1,0,1
B032,2021-04-22 09:00:00,0,614H0033,0,,,1,0,0
B032,2021-04-22 09:00:00,1,614E1550,0,,274.88,1,0,1
B032,2021-04-22 10:00:00,0,614H0033,0,,,1,0,0
B032,2021-04-22 10:00:00,1,614E1550,0,,274.86,1,0,1
B032,2021-04-22 11:00:00,0,614H0033,0,,,1,0,0
B032,2021-04-22 11:00:00,1,614E1550,0,,274.85,1,0,1
B032,2021-04-22 12:00:00,0,614H0033,0,,,1,0,0
B032,2021-04-22 12:00:00,1,614E1550,0,,274.83,1,0,1
B032,2021-04-22 13:00:00,0,614H0033,0,,,1,0,0
B032,2021-04-22 13:00:00,1,614E1550,0,,274.82,1,0,1
B032,2021-04-22 14:00:00,0,614H0033,0,,,1,0,0
B032,2021-04-22 14:00:00,1,614E1550,0,,274.81,1,0,1
B032,2021-04-22 15:00:00,0,614H0033,0,,,1,0,0
B032,2021-04-22 15:00:00,1,614E1550,0.008055620891,,274.8,1,0,1
B032,2021-04-22 16:00:00,0,614H0033,0,,,1,0,0
B032,2021-04-22 16:00:00,1,614E1550,0,,274.79,1,0,1
B032,2021-04-22 17:00:00,0,614H0033,0,,,1,0,0
B032,2021-04-22 17:00:00,1,614E1550,0,,274.78,1,0,1
B032,2021-04-22 18:00:00,0,614H0033,0,,,1,0,0
B032,2021-04-22 18:00:00,1,614E1550,0,,274.78,1,0,1
B032,2021-04-22 19:00:00,0,614H0033,0,,,1,0,0
B032,2021-04-22 19:00:00,1,614E1550,0,,274.77,1,0,1
B032,2021-04-22 20:00:00,0,614H0033,0,,,1,0,0
B032,2021-04-22 20:00:00,1,614E1550,0,,274.76,1,0,1
B032,2021-04-22 21:00:00,0,614H0033,0,,,1,0,0
B032,2021-04-22 21:00:00,1,614E1550,0,,274.75,1,0,1
B032,2021-04-22 22:00:00,0,614H0033,0,,,1,0,0
B032,2021-04-22 22:00:00,1,614E1550,0,,274.75,1,0,1
B032,2021-04-22 23:00:00,0,614H0033,0,,,1,0,0
B032,2021-04-22 23:00:00,1,614E1550,0.00865024585,,,1,0,0
B032,2021-04-23 00:00:00,0,614H0033,0,,,1,0,0
B032,2021-04-23 00:00:00,1,614E1550,0,,,1,0,0
B032,2021-04-23 01:00:00,0,614H0033,0,,,1,0,0
B032,2021-04-23 01:00:00,1,614E1550,0,,,1,0,0
B032,2021-04-23 02:00:00,0,614H0033,0,,,1,0,0
B032,2021-04-23 02:00:00,1,614E1550,0,,,1,0,0
B032,2021-04-23 03:00:00,0,614H0033,0,,,1,0,0
B032,2021-04-23 03:00:00,1,614E1550,0,,,1,0,0
B032,2021-04-23 04:00:00,0,614H0033,0,,,1,0,0
B032,2021-04-23 04:00:00,1,614E1550,0,,,1,0,0
B032,2021-04-23 05:00:00,0,614H0033,0,,,1,0,0
B032,2021-04-23 05:00:00,1,614E1550,0,,,1,0,0
B032,2021-04-23 06:00:00,0,614H0033,0,,,1,0,0
B032,2021-04-23 06:00:00,1,614E1550,0,,,1,0,0
B032,2021-04-23 07:00:00,0,614H0033,0,,,1,0,0
B032,2021-04-23 07:00:00,1,614E1550,0.01670586674,,,1,0,0
B032,2021-04-23 08:00:00,0,614H0033,0,,,1,0,0
B032,2021-04-23 08:00:00,1,614E1550,0,,,1,0,0
B032,2021-04-23 09:00:00,0,614H0033,0,,,1,0,0
B032,2021-04-23 09:00:00,1,614E1550,0,,,1,0,0
B032,2021-04-23 10:00:00,0,614H0033,0,,,1,0,0
B032,2021-04-23 10:00:00,1,614E1550,0,,,1,0,0
B032,2021-04-23 11:00:00,0,614H0033,0,,,1,0,0
B032,2021-04-23 11:00:00,1,614E1550,0,,,1,0,0
B032,2021-04-23 12:00:00,0,614H0033,0,,,1,0,0
B032,2021-04-23 12:00:00,1,614E1550,0,,,1,0,0
B032,2021-04-23 13:00:00,0,614H0033,0,,,1,0,0
B032,2021-04-23 13:00:00,1,614E1550,0,,274.69,1,0,1
B032,2021-04-23 14:00:00,0,614H0033,0,,,1,0,0
B032,2021-04-23 14:00:00,1,614E1550,0,,274.68,1,0,1
B032,2021-04-23 15:00:00,0,614H0033,0,,,1,0,0
B032,2021-04-23 15:00:00,1,614E1550,0,,274.68,1,0,1
B032,2021-04-23 16:00:00,0,614H0033,0,,,1,0,0
B032,2021-04-23 16:00:00,1,614E1550,0,,274.67,1,0,1
B032,2021-04-23 17:00:00,0,614H0033,0,,,1,0,0
B032,2021-04-23 17:00:00,1,614E1550,0,,274.67,1,0,1
B032,2021-04-23 18:00:00,0,614H0033,0,,,1,0,0
B032,2021-04-23 18:00:00,1,614E1550,0.008055620891,,274.67,1,0,1
B032,2021-04-23 19:00:00,0,614H0033,0.1170843786,,,1,0,0
B032,2021-04-23 19:00:00,1,614E1550,0.03524795945,,274.66,1,0,1
B032,2021-04-23 20:00:00,0,614H0033,0.002704914484,,,1,0,0
B032,2021-04-23 20:00:00,1,614E1550,0.03118206463,,274.66,1,0,1
B032,2021-04-23 21:00:00,0,614H0033,0.002704914484,,,1,0,0
B032,2021-04-23 21:00:00,1,614E1550,0.2339635624,,274.66,1,0,1
B032,2021-04-23 22:00:00,0,614H0033,0.002704914484,,,1,0,0
B032,2021-04-23 22:00:00,1,614E1550,0.06922311665,,274.66,1,0,1
B032,2021-04-23 23:00:00,0,614H0033,0,,,1,0,0
B032,2021-04-23 23:00:00,1,614E1550,0.009049533566,,274.66,1,0,1
B032,2021-04-24 00:00:00,0,614H0033,0.005409828967,,,1,0,0
B032,2021-04-24 00:00:00,1,614E1550,0.187305635,,274.66,1,0,1
B032,2021-04-24 01:00:00,0,614H0033,0.2585129875,,,1,0,0
B032,2021-04-24 01:00:00,1,614E1550,0.217682225,,274.65,1,0,1
B032,2021-04-24 02:00:00,0,614H0033,0.1279040365,,,1,0,0
B032,2021-04-24 02:00:00,1,614E1550,0.2601072371,,274.65,1,0,1
B032,2021-04-24 03:00:00,0,614H0033,2.045691528,,,1,0,0
B032,2021-04-24 03:00:00,1,614E1550,5.89633049,,274.65,1,0,1
B032,2021-04-24 04:00:00,0,614H0033,0.4053514254,,,1,0,0
B032,2021-04-24 04:00:00,1,614E1550,1.266792737,,274.68,1,0,1
B032,2021-04-24 05:00:00,0,614H0033,1.469157435,,,1,0,0
B032,2021-04-24 05:00:00,1,614E1550,2.180971408,,274.7,1,0,1
B032,2021-04-24 06:00:00,0,614H0033,0.2585129875,,,1,0,0
B032,2021-04-24 06:00:00,1,614E1550,0.6937379722,,274.79,1,0,1
B032,2021-04-24 07:00:00,0,614H0033,0.8025881074,,,1,0,0
B032,2021-04-24 07:00:00,1,614E1550,1.194142235,,274.91,1,0,1
B032,2021-04-24 08:00:00,0,614H0033,0.3837121095,,,1,0,0
B032,2021-04-24 08:00:00,1,614E1550,1.19244037,,275.01,1,0,1
B032,2021-04-24 09:00:00,0,614H0033,0.9007380845,,,1,0,0
B032,2021-04-24 09:00:00,1,614E1550,0.7381210542,,275.03,1,0,1
B032,2021-04-24 10:00:00,0,614H0033,0.6827988143,,,1,0,0
B032,2021-04-24 10:00:00,1,614E1550,2.684666126,,275.05,1,0,1
B032,2021-04-24 11:00:00,0,614H0033,0.731487275,,,1,0,0
B032,2021-04-24 11:00:00,1,614E1550,2.32710332,,275.05,1,0,1
B032,2021-04-24 12:00:00,0,614H0033,0.3945317675,,,1,0,0
B032,2021-04-24 12:00:00,1,614E1550,1.916060588,,275.12,1,0,1
B032,2021-04-24 13:00:00,0,614H0033,0.8188175943,,,1,0,0
B032,2021-04-24 13:00:00,1,614E1550,1.469068685,,275.21,1,0,1
B032,2021-04-24 14:00:00,0,614H0033,0.3945317675,,,1,0,0
B032,2021-04-24 14:00:00,1,614E1550,0.4227866185,,275.29,1,0,1
B032,2021-04-24 15:00:00,0,614H0033,0.008114743451,,,1,0,0
B032,2021-04-24 15:00:00,1,614E1550,0.09834372024,,275.35,1,0,1
B032,2021-04-24 16:00:00,0,614H0033,0,,,1,0,0
B032,2021-04-24 16:00:00,1,614E1550,0,,275.38,1,0,1
B032,2021-04-24 17:00:00,0,614H0033,0,,,1,0,0
B032,2021-04-24 17:00:00,1,614E1550,0.0003992877158,,275.34,1,0,1
B032,2021-04-24 18:00:00,0,614H0033,0,,,1,0,0
B032,2021-04-24 18:00:00,1,614E1550,0.01911884695,,275.29,1,0,1
B032,2021-04-24 19:00:00,0,614H0033,0.002704914484,,,1,0,0
B032,2021-04-24 19:00:00,1,614E1550,0.0005140421805,,275.24,1,0,1
B032,2021-04-24 20:00:00,0,614H0033,0,,,1,0,0
B032,2021-04-24 20:00:00,1,614E1550,0,,275.19,1,0,1
B032,2021-04-24 21:00:00,0,614H0033,0,,,1,0,0
B032,2021-04-24 21:00:00,1,614E1550,0.002318966015,,275.14,1,0,1
B032,2021-04-24 22:00:00,0,614H0033,0,,,1,0,0
B032,2021-04-24 22:00:00,1,614E1550,0,,275.1,1,0,1
B032,2021-04-24 23:00:00,0,614H0033,0,,,1,0,0
B032,2021-04-24 23:00:00,1,614E1550,0,,275.06,1,0,1
B032,2021-04-25 00:00:00,0,614H0033,0,,,1,0,0
B032,2021-04-25 00:00:00,1,614E1550,0,,275.03,1,0,1
B032,2021-04-25 01:00:00,0,614H0033,0,,,1,0,0
B032,2021-04-25 01:00:00,1,614E1550,0,,275,1,0,1
B032,2021-04-25 02:00:00,0,614H0033,0,,,1,0,0
B032,2021-04-25 02:00:00,1,614E1550,0.008055620891,,274.98,1,0,1
B032,2021-04-25 03:00:00,0,614H0033,0.002704914484,,,1,0,0
B032,2021-04-25 03:00:00,1,614E1550,0.01781453388,,274.96,1,0,1
B032,2021-04-25 04:00:00,0,614H0033,0.002704914484,,,1,0,0
B032,2021-04-25 04:00:00,1,614E1550,0.02634827208,,274.93,1,0,1
B032,2021-04-25 05:00:00,0,614H0033,0.002704914484,,,1,0,0
B032,2021-04-25 05:00:00,1,614E1550,0.01188254176,,274.91,1,0,1
B032,2021-04-25 06:00:00,0,614H0033,0,,,1,0,0
B032,2021-04-25 06:00:00,1,614E1550,0.00865024585,,274.9,1,0,1
B032,2021-04-25 07:00:00,0,614H0033,4.325551814,,,1,0,0
B032,2021-04-25 07:00:00,1,614E1550,10.8474645,,274.88,1,0,1
B032,2021-04-25 08:00:00,0,614H0033,0.002704914484,,,1,0,0
B032,2021-04-25 08:00:00,1,614E1550,0.0005140421805,,274.87,1,0,1
B032,2021-04-25 09:00:00,0,614H0033,0,,,1,0,0
B032,2021-04-25 09:00:00,1,614E1550,0,,274.86,1,0,1
B032,2021-04-25 10:00:00,0,614H0033,0,,,1,0,0
B032,2021-04-25 10:00:00,1,614E1550,0,,,1,0,0
B032,2021-04-25 11:00:00,0,614H0033,0,,,1,0,0
B032,2021-04-25 11:00:00,1,614E1550,0,,274.83,1,0,1
B032,2021-04-25 12:00:00,0,614H0033,0,,,1,0,0
B032,2021-04-25 12:00:00,1,614E1550,0,,274.82,1,0,1
B032,2021-04-25 13:00:00,0,614H0033,0,,,1,0,0
B032,2021-04-25 13:00:00,1,614E1550,0,,274.81,1,0,1
B032,2021-04-25 14:00:00,0,614H0033,0,,,1,0,0
B032,2021-04-25 14:00:00,1,614E1550,0,,274.8,1,0,1
B032,2021-04-25 15:00:00,0,614H0033,0,,,1,0,0
B032,2021-04-25 15:00:00,1,614E1550,0,,274.79,1,0,1
B032,2021-04-25 16:00:00,0,614H0033,0,,,1,0,0
B032,2021-04-25 16:00:00,1,614E1550,0,,274.78,1,0,1
B032,2021-04-25 17:00:00,0,614H0033,0,,,1,0,0
B032,2021-04-25 17:00:00,1,614E1550,0,,274.78,1,0,1
B032,2021-04-25 18:00:00,0,614H0033,0,,,1,0,0
B032,2021-04-25 18:00:00,1,614E1550,0,,274.77,1,0,1
B032,2021-04-25 19:00:00,0,614H0033,0,,,1,0,0
B032,2021-04-25 19:00:00,1,614E1550,0,,274.77,1,0,1
B032,2021-04-25 20:00:00,0,614H0033,0,,,1,0,0
B032,2021-04-25 20:00:00,1,614E1550,0,,274.76,1,0,1
B032,2021-04-25 21:00:00,0,614H0033,0,,,1,0,0
B032,2021-04-25 21:00:00,1,614E1550,0,,274.75,1,0,1
B032,2021-04-25 22:00:00,0,614H0033,0,,,1,0,0
B032,2021-04-25 22:00:00,1,614E1550,0,,274.75,1,0,1
B032,2021-04-25 23:00:00,0,614H0033,0,,,1,0,0
B032,2021-04-25 23:00:00,1,614E1550,0,,274.74,1,0,1
B032,2021-04-26 00:00:00,0,614H0033,0.2422835006,,,1,0,0
B032,2021-04-26 00:00:00,1,614E1550,0.1951136107,,274.74,1,0,1
B032,2021-04-26 01:00:00,0,614H0033,0.002704914484,,,1,0,0
B032,2021-04-26 01:00:00,1,614E1550,0.03153010013,,274.74,1,0,1
B032,2021-04-26 02:00:00,0,614H0033,0,,,1,0,0
B032,2021-04-26 02:00:00,1,614E1550,0,,274.74,1,0,1
B032,2021-04-26 03:00:00,0,614H0033,0,,,1,0,0
B032,2021-04-26 03:00:00,1,614E1550,0.0002701436012,,274.73,1,0,1
B032,2021-04-26 04:00:00,0,614H0033,0,,,1,0,0
B032,2021-04-26 04:00:00,1,614E1550,0,,274.73,1,0,1
B032,2021-04-26 05:00:00,0,614H0033,0.002704914484,,,1,0,0
B032,2021-04-26 05:00:00,1,614E1550,0.0005140421805,,274.73,1,0,1
B032,2021-04-26 06:00:00,0,614H0033,0,,,1,0,0
B032,2021-04-26 06:00:00,1,614E1550,0,,,1,0,0
B032,2021-04-26 07:00:00,0,614H0033,0.2503982441,,,1,0,0
B032,2021-04-26 07:00:00,1,614E1550,0.2279419388,,274.72,1,0,1
B032,2021-04-26 08:00:00,0,614H0033,0,,,1,0,0
B032,2021-04-26 08:00:00,1,614E1550,0,,274.72,1,0,1
B032,2021-04-26 09:00:00,0,614H0033,0,,,1,0,0
B032,2021-04-26 09:00:00,1,614E1550,0,,274.71,1,0,1
B032,2021-04-26 10:00:00,0,614H0033,0,,,1,0,0
B032,2021-04-26 10:00:00,1,614E1550,0,,274.71,1,0,1
B032,2021-04-26 11:00:00,0,614H0033,0,,,1,0,0
B032,2021-04-26 11:00:00,1,614E1550,0,,274.71,1,0,1
B032,2021-04-26 12:00:00,0,614H0033,0,,,1,0,0
B032,2021-04-26 12:00:00,1,614E1550,0,,274.71,1,0,1
B032,2021-04-26 13:00:00,0,614H0033,0,,,1,0,0
B032,2021-04-26 13:00:00,1,614E1550,0,,274.7,1,0,1
B032,2021-04-26 14:00:00,0,614H0033,0,,,1,0,0
B032,2021-04-26 14:00:00,1,614E1550,0,,274.7,1,0,1
B032,2021-04-26 15:00:00,0,614H0033,0,,,1,0,0
B032,2021-04-26 15:00:00,1,614E1550,0,,274.69,1,0,1
B032,2021-04-26 16:00:00,0,614H0033,0,,,1,0,0
B032,2021-04-26 16:00:00,1,614E1550,0,,274.69,1,0,1
B032,2021-04-26 17:00:00,0,614H0033,0,,,1,0,0
B032,2021-04-26 17:00:00,1,614E1550,0,,274.69,1,0,1
B032,2021-04-26 18:00:00,0,614H0033,0,,,1,0,0
B032,2021-04-26 18:00:00,1,614E1550,0,,274.69,1,0,1
B032,2021-04-26 19:00:00,0,614H0033,0,,,1,0,0
B032,2021-04-26 19:00:00,1,614E1550,0,,274.69,1,0,1
B032,2021-04-26 20:00:00,0,614H0033,0,,,1,0,0
B032,2021-04-26 20:00:00,1,614E1550,0,,274.69,1,0,1
B032,2021-04-26 21:00:00,0,614H0033,0,,,1,0,0
B032,2021-04-26 21:00:00,1,614E1550,0,,274.68,1,0,1
B032,2021-04-26 22:00:00,0,614H0033,0,,,1,0,0
B032,2021-04-26 22:00:00,1,614E1550,0,,274.68,1,0,1
B032,2021-04-26 23:00:00,0,614H0033,0,,,1,0,0
B032,2021-04-26 23:00:00,1,614E1550,0.0104686011,,274.68,1,0,1
B032,2021-04-27 00:00:00,0,614H0033,0,,,1,0,0
B032,2021-04-27 00:00:00,1,614E1550,0,,274.68,1,0,1
B032,2021-04-27 01:00:00,0,614H0033,0,,,1,0,0
B032,2021-04-27 01:00:00,1,614E1550,0,,274.67,1,0,1
B032,2021-04-27 02:00:00,0,614H0033,0,,,1,0,0
B032,2021-04-27 02:00:00,1,614E1550,0,,274.67,1,0,1
B032,2021-04-27 03:00:00,0,614H0033,0,,,1,0,0
B032,2021-04-27 03:00:00,1,614E1550,0,,274.67,1,0,1
B032,2021-04-27 04:00:00,0,614H0033,0,,,1,0,0
B032,2021-04-27 04:00:00,1,614E1550,0,,274.67,1,0,1
B032,2021-04-27 05:00:00,0,614H0033,0,,,1,0,0
B032,2021-04-27 05:00:00,1,614E1550,0,,274.66,1,0,1
B032,2021-04-27 06:00:00,0,614H0033,0,,,1,0,0
B032,2021-04-27 06:00:00,1,614E1550,0,,274.66,1,0,1
B032,2021-04-27 07:00:00,0,614H0033,0,,,1,0,0
B032,2021-04-27 07:00:00,1,614E1550,0,,274.66,1,0,1
B032,2021-04-27 08:00:00,0,614H0033,0,,,1,0,0
B032,2021-04-27 08:00:00,1,614E1550,0,,274.66,1,0,1
B032,2021-04-27 09:00:00,0,614H0033,0,,,1,0,0
B032,2021-04-27 09:00:00,1,614E1550,0,,274.66,1,0,1
B032,2021-05-08 05:00:00,0,614H0033,0,,,1,0,0
B032,2021-05-08 05:00:00,1,614E1550,0.02388514174,,274.65,1,0,1
B032,2021-05-08 06:00:00,0,614H0033,0,,,1,0,0
B032,2021-05-08 06:00:00,1,614E1550,0,,274.65,1,0,1
B032,2021-05-08 07:00:00,0,614H0033,0,,,1,0,0
B032,2021-05-08 07:00:00,1,614E1550,0.02388514174,,274.65,1,0,1
B032,2021-05-08 08:00:00,0,614H0033,0,,,1,0,0
B032,2021-05-08 08:00:00,1,614E1550,0,,,1,0,0
B032,2021-05-08 09:00:00,0,614H0033,0,,,1,0,0
B032,2021-05-08 09:00:00,1,614E1550,0,,274.65,1,0,1
B032,2021-05-08 10:00:00,0,614H0033,0,,,1,0,0
B032,2021-05-08 10:00:00,1,614E1550,0,,274.65,1,0,1
B032,2021-05-08 11:00:00,0,614H0033,0,,,1,0,0
B032,2021-05-08 11:00:00,1,614E1550,0,,274.65,1,0,1
B032,2021-05-08 12:00:00,0,614H0033,0,,,1,0,0
B032,2021-05-08 12:00:00,1,614E1550,0,,274.64,1,0,1
B032,2021-05-08 13:00:00,0,614H0033,0,,,1,0,0
B032,2021-05-08 13:00:00,1,614E1550,0,,274.64,1,0,1
B032,2021-05-08 14:00:00,0,614H0033,0,,,1,0,0
B032,2021-05-08 14:00:00,1,614E1550,0,,274.64,1,0,1
B032,2021-05-08 15:00:00,0,614H0033,0,,,1,0,0
B032,2021-05-08 15:00:00,1,614E1550,0,,274.63,1,0,1
B032,2021-05-08 16:00:00,0,614H0033,0,,,1,0,0
B032,2021-05-08 16:00:00,1,614E1550,0,,274.63,1,0,1
B032,2021-05-08 17:00:00,0,614H0033,0,,,1,0,0
B032,2021-05-08 17:00:00,1,614E1550,0,,274.63,1,0,1
B032,2021-05-08 18:00:00,0,614H0033,0,,,1,0,0
B032,2021-05-08 18:00:00,1,614E1550,0,,274.63,1,0,1
B032,2021-05-08 19:00:00,0,614H0033,0,,,1,0,0
B032,2021-05-08 19:00:00,1,614E1550,0,,274.63,1,0,1
B032,2021-05-08 20:00:00,0,614H0033,0,,,1,0,0
B032,2021-05-08 20:00:00,1,614E1550,0,,274.62,1,0,1
B032,2021-05-08 21:00:00,0,614H0033,0,,,1,0,0
B032,2021-05-08 21:00:00,1,614E1550,0,,274.62,1,0,1
B032,2021-05-08 22:00:00,0,614H0033,0,,,1,0,0
B032,2021-05-08 22:00:00,1,614E1550,0,,274.62,1,0,1
B032,2021-05-08 23:00:00,0,614H0033,0,,,1,0,0
B032,2021-05-08 23:00:00,1,614E1550,0,,,1,0,0
B032,2021-05-09 00:00:00,0,614H0033,0,,,1,0,0
B032,2021-05-09 00:00:00,1,614E1550,0,,274.62,1,0,1
B032,2021-05-09 01:00:00,0,614H0033,0,,,1,0,0
B032,2021-05-09 01:00:00,1,614E1550,0,,274.61,1,0,1
B032,2021-05-09 02:00:00,0,614H0033,0,,,1,0,0
B032,2021-05-09 02:00:00,1,614E1550,0,,274.61,1,0,1
B032,2021-05-09 03:00:00,0,614H0033,0,,,1,0,0
B032,2021-05-09 03:00:00,1,614E1550,0,,274.61,1,0,1
B032,2021-05-09 04:00:00,0,614H0033,0,,,1,0,0
B032,2021-05-09 04:00:00,1,614E1550,0,,274.61,1,0,1
B032,2021-05-09 05:00:00,0,614H0033,0,,,1,0,0
B032,2021-05-09 05:00:00,1,614E1550,0,,274.61,1,0,1
B032,2021-05-09 06:00:00,0,614H0033,0,,,1,0,0
B032,2021-05-09 06:00:00,1,614E1550,0,,274.61,1,0,1
B032,2021-05-09 07:00:00,0,614H0033,0,,,1,0,0
B032,2021-05-09 07:00:00,1,614E1550,0,,274.61,1,0,1
B032,2021-05-09 08:00:00,0,614H0033,0,,,1,0,0
B032,2021-05-09 08:00:00,1,614E1550,0,,274.61,1,0,1
B032,2021-05-09 09:00:00,0,614H0033,0,,,1,0,0
B032,2021-05-09 09:00:00,1,614E1550,0,,274.6,1,0,1
B032,2021-05-09 10:00:00,0,614H0033,0,,,1,0,0
B032,2021-05-09 10:00:00,1,614E1550,0,,274.6,1,0,1
B032,2021-05-09 11:00:00,0,614H0033,0,,,1,0,0
B032,2021-05-09 11:00:00,1,614E1550,0,,274.6,1,0,1
B032,2021-05-09 12:00:00,0,614H0033,0,,,1,0,0
B032,2021-05-09 12:00:00,1,614E1550,0,,274.6,1,0,1
B032,2021-05-09 13:00:00,0,614H0033,0,,,1,0,0
B032,2021-05-09 13:00:00,1,614E1550,0,,274.6,1,0,1
B032,2021-05-09 14:00:00,0,614H0033,0,,,1,0,0
B032,2021-05-09 14:00:00,1,614E1550,0,,274.6,1,0,1
B032,2021-05-09 15:00:00,0,614H0033,0,,,1,0,0
B032,2021-05-09 15:00:00,1,614E1550,0,,274.59,1,0,1
B032,2021-05-09 16:00:00,0,614H0033,0,,,1,0,0
B032,2021-05-09 16:00:00,1,614E1550,0,,274.59,1,0,1
B032,2021-05-09 17:00:00,0,614H0033,0,,,1,0,0
B032,2021-05-09 17:00:00,1,614E1550,0,,274.59,1,0,1
B032,2021-05-09 18:00:00,0,614H0033,0,,,1,0,0
B032,2021-05-09 18:00:00,1,614E1550,0,,274.59,1,0,1
B032,2021-05-09 19:00:00,0,614H0033,0,,,1,0,0
B032,2021-05-09 19:00:00,1,614E1550,0,,274.59,1,0,1
B032,2021-05-09 20:00:00,0,614H0033,0,,,1,0,0
B032,2021-05-09 20:00:00,1,614E1550,0,,274.59,1,0,1
B032,2021-05-09 21:00:00,0,614H0033,0,,,1,0,0
B032,2021-05-09 21:00:00,1,614E1550,0,,274.59,1,0,1
B032,2021-05-09 22:00:00,0,614H0033,0,,,1,0,0
B032,2021-05-09 22:00:00,1,614E1550,0,,274.59,1,0,1
B032,2021-05-09 23:00:00,0,614H0033,0,,,1,0,0
B032,2021-05-09 23:00:00,1,614E1550,0,,274.58,1,0,1
B032,2021-05-10 00:00:00,0,614H0033,0,,,1,0,0
B032,2021-05-10 00:00:00,1,614E1550,0,,274.58,1,0,1
B032,2021-05-10 01:00:00,0,614H0033,0,,,1,0,0
B032,2021-05-10 01:00:00,1,614E1550,0,,274.58,1,0,1
B032,2021-05-10 02:00:00,0,614H0033,0,,,1,0,0
B032,2021-05-10 02:00:00,1,614E1550,0,,274.58,1,0,1
B032,2021-05-10 03:00:00,0,614H0033,0,,,1,0,0
B032,2021-05-10 03:00:00,1,614E1550,0,,274.58,1,0,1
B032,2021-05-10 04:00:00,0,614H0033,0,,,1,0,0
B032,2021-05-10 04:00:00,1,614E1550,0,,274.58,1,0,1
B032,2021-05-10 05:00:00,0,614H0033,0.9594731474,,,1,0,0
B032,2021-05-10 05:00:00,1,614E1550,3.019949463,,274.58,1,0,1
B032,2021-05-10 06:00:00,0,614H0033,0.9486534895,,,1,0,0
B032,2021-05-10 06:00:00,1,614E1550,2.785749611,,274.6,1,0,1
B032,2021-05-10 07:00:00,0,614H0033,0.9575412887,,,1,0,0
B032,2021-05-10 07:00:00,1,614E1550,2.16521804,,274.61,1,0,1
B032,2021-05-10 08:00:00,0,614H0033,0.1333138655,,,1,0,0
B032,2021-05-10 08:00:00,1,614E1550,0.5015188577,,274.62,1,0,1
B032,2021-05-10 09:00:00,0,614H0033,0,,,1,0,0
B032,2021-05-10 09:00:00,1,614E1550,0,,274.63,1,0,1
B032,2021-05-10 10:00:00,0,614H0033,0,,,1,0,0
B032,2021-05-10 10:00:00,1,614E1550,0,,274.64,1,0,1
B032,2021-05-10 11:00:00,0,614H0033,0,,,1,0,0
B032,2021-05-10 11:00:00,1,614E1550,0,,274.68,1,0,1
B032,2021-05-10 12:00:00,0,614H0033,0,,,1,0,0
B032,2021-05-10 12:00:00,1,614E1550,0,,274.71,1,0,1
B032,2021-05-10 13:00:00,0,614H0033,0,,,1,0,0
B032,2021-05-10 13:00:00,1,614E1550,0.01611124178,,274.71,1,0,1
B032,2021-05-10 14:00:00,0,614H0033,0,,,1,0,0
B032,2021-05-10 14:00:00,1,614E1550,0,,274.7,1,0,1
B032,2021-05-10 15:00:00,0,614H0033,0,,,1,0,0
B032,2021-05-10 15:00:00,1,614E1550,0,,274.7,1,0,1
B032,2021-05-10 16:00:00,0,614H0033,0,,,1,0,0
B032,2021-05-10 16:00:00,1,614E1550,0,,274.69,1,0,1
B032,2021-05-10 17:00:00,0,614H0033,0,,,1,0,0
B032,2021-05-10 17:00:00,1,614E1550,0,,274.69,1,0,1
B032,2021-05-10 18:00:00,0,614H0033,0,,,1,0,0
B032,2021-05-10 18:00:00,1,614E1550,0,,274.68,1,0,1
B032,2021-05-10 19:00:00,0,614H0033,0,,,1,0,0
B032,2021-05-10 19:00:00,1,614E1550,0,,274.67,1,0,1
B032,2021-05-10 20:00:00,0,614H0033,0,,,1,0,0
B032,2021-05-10 20:00:00,1,614E1550,0,,274.67,1,0,1
B032,2021-05-10 21:00:00,0,614H0033,0,,,1,0,0
B032,2021-05-10 21:00:00,1,614E1550,0,,274.66,1,0,1
B032,2021-05-10 22:00:00,0,614H0033,0,,,1,0,0
B032,2021-05-10 22:00:00,1,614E1550,0,,274.66,1,0,1
B032,2021-05-10 23:00:00,0,614H0033,0,,,1,0,0
B032,2021-05-10 23:00:00,1,614E1550,0,,274.65,1,0,1
B032,2021-05-11 00:00:00,0,614H0033,0,,,1,0,0
B032,2021-05-11 00:00:00,1,614E1550,0,,274.65,1,0,1
B032,2021-05-11 01:00:00,0,614H0033,0,,,1,0,0
B032,2021-05-11 01:00:00,1,614E1550,0,,274.65,1,0,1
B032,2021-05-11 02:00:00,0,614H0033,0,,,1,0,0
B032,2021-05-11 02:00:00,1,614E1550,0,,274.65,1,0,1
B032,2021-05-11 03:00:00,0,614H0033,0,,,1,0,0
B032,2021-05-11 03:00:00,1,614E1550,0,,274.64,1,0,1
B032,2021-05-11 04:00:00,0,614H0033,0,,,1,0,0
B032,2021-05-11 04:00:00,1,614E1550,0,,274.64,1,0,1
B032,2021-05-11 05:00:00,0,614H0033,0,,,1,0,0
B032,2021-05-11 05:00:00,1,614E1550,0,,274.63,1,0,1
B032,2021-05-11 06:00:00,0,614H0033,0,,,1,0,0
B032,2021-05-11 06:00:00,1,614E1550,0.1083220044,,274.63,1,0,1
B032,2021-05-11 07:00:00,0,614H0033,3.924451415,,,1,0,0
B032,2021-05-11 07:00:00,1,614E1550,0.796259881,,274.63,1,0,1
B032,2021-05-11 08:00:00,0,614H0033,1.44210829,,,1,0,0
B032,2021-05-11 08:00:00,1,614E1550,1.241053408,,274.65,1,0,1
B032,2021-05-11 09:00:00,0,614H0033,0.2882670468,,,1,0,0
B032,2021-05-11 09:00:00,1,614E1550,0.739111565,,274.64,1,0,1
B032,2021-05-11 10:00:00,0,614H0033,0.1387236944,,,1,0,0
B032,2021-05-11 10:00:00,1,614E1550,0.4346245998,,274.64,1,0,1
B032,2021-05-11 11:00:00,0,614H0033,0.002704914484,,,1,0,0
B032,2021-05-11 11:00:00,1,614E1550,0.07137135896,,274.66,1,0,1
B032,2021-05-11 12:00:00,0,614H0033,0,,,1,0,0
B032,2021-05-11 12:00:00,1,614E1550,0.0379751895,,274.68,1,0,1
B032,2021-05-11 13:00:00,0,614H0033,0,,,1,0,0
B032,2021-05-11 13:00:00,1,614E1550,0,,274.68,1,0,1
B032,2021-05-11 14:00:00,0,614H0033,0,,,1,0,0
B032,2021-05-11 14:00:00,1,614E1550,0,,274.68,1,0,1
B032,2021-05-11 15:00:00,0,614H0033,0,,,1,0,0
B032,2021-05-11 15:00:00,1,614E1550,0,,274.68,1,0,1
B032,2021-05-11 16:00:00,0,614H0033,0,,,1,0,0
B032,2021-05-11 16:00:00,1,614E1550,0,,274.68,1,0,1
B032,2021-05-11 17:00:00,0,614H0033,0,,,1,0,0
B032,2021-05-11 17:00:00,1,614E1550,0.01879436559,,274.68,1,0,1
B032,2021-05-11 18:00:00,0,614H0033,0,,,1,0,0
B032,2021-05-11 18:00:00,1,614E1550,0,,274.68,1,0,1
B032,2021-05-11 19:00:00,0,614H0033,0,,,1,0,0
B032,2021-05-11 19:00:00,1,614E1550,0,,274.67,1,0,1
B032,2021-05-11 20:00:00,0,614H0033,0,,,1,0,0
B032,2021-05-11 20:00:00,1,614E1550,0,,274.67,1,0,1
B032,2021-05-11 21:00:00,0,614H0033,0,,,1,0,0
B032,2021-05-11 21:00:00,1,614E1550,0,,274.66,1,0,1
B032,2021-05-11 22:00:00,0,614H0033,0,,,1,0,0
B032,2021-05-11 22:00:00,1,614E1550,0,,274.66,1,0,1
B032,2021-05-11 23:00:00,0,614H0033,0,,,1,0,0
B032,2021-05-11 23:00:00,1,614E1550,0,,274.66,1,0,1
B032,2021-05-12 00:00:00,0,614H0033,0,,,1,0,0
B032,2021-05-12 00:00:00,1,614E1550,0,,274.66,1,0,1
B032,2021-05-12 01:00:00,0,614H0033,0,,,1,0,0
B032,2021-05-12 01:00:00,1,614E1550,0,,274.65,1,0,1
B032,2021-05-12 02:00:00,0,614H0033,0,,,1,0,0
B032,2021-05-12 02:00:00,1,614E1550,0,,274.65,1,0,1
B032,2021-05-12 03:00:00,0,614H0033,0,,,1,0,0
B032,2021-05-12 03:00:00,1,614E1550,0,,274.65,1,0,1
B032,2021-05-12 04:00:00,0,614H0033,0,,,1,0,0
B032,2021-05-12 04:00:00,1,614E1550,0,,274.65,1,0,1
B032,2021-05-12 05:00:00,0,614H0033,0,,,1,0,0
B032,2021-05-12 05:00:00,1,614E1550,0,,274.64,1,0,1
B032,2021-05-12 06:00:00,0,614H0033,0,,,1,0,0
B032,2021-05-12 06:00:00,1,614E1550,0,,274.64,1,0,1
B032,2021-05-12 07:00:00,0,614H0033,1.871803946,,,1,0,0
B032,2021-05-12 07:00:00,1,614E1550,2.542930487,,274.64,1,0,1
B032,2021-05-12 08:00:00,0,614H0033,0,,,1,0,0
B032,2021-05-12 08:00:00,1,614E1550,0,,274.64,1,0,1
B032,2021-05-12 09:00:00,0,614H0033,0,,,1,0,0
B032,2021-05-12 09:00:00,1,614E1550,0,,274.63,1,0,1
B032,2021-05-12 10:00:00,0,614H0033,0,,,1,0,0
B032,2021-05-12 10:00:00,1,614E1550,0,,274.63,1,0,1
B032,2021-05-12 11:00:00,0,614H0033,0,,,1,0,0
B032,2021-05-12 11:00:00,1,614E1550,0,,274.63,1,0,1
B032,2021-05-12 12:00:00,0,614H0033,0.13601878,,,1,0,0
B032,2021-05-12 12:00:00,1,614E1550,0.1015083823,,274.63,1,0,1
B032,2021-05-12 13:00:00,0,614H0033,0,,,1,0,0
B032,2021-05-12 13:00:00,1,614E1550,0.002395726295,,274.63,1,0,1
B032,2021-05-12 14:00:00,0,614H0033,0,,,1,0,0
B032,2021-05-12 14:00:00,1,614E1550,0,,274.63,1,0,1
B032,2021-06-25 19:00:00,0,614H0033,0,,,1,0,0
B032,2021-06-25 19:00:00,1,614E1550,0,,274.47,1,0,1
B032,2021-06-25 20:00:00,0,614H0033,0,,,1,0,0
B032,2021-06-25 20:00:00,1,614E1550,0,,274.47,1,0,1
B032,2021-06-25 21:00:00,0,614H0033,0,,,1,0,0
B032,2021-06-25 21:00:00,1,614E1550,0,,274.47,1,0,1
B032,2021-06-25 22:00:00,0,614H0033,0,,,1,0,0
B032,2021-06-25 22:00:00,1,614E1550,0.07165542521,,274.47,1,0,1
B032,2021-06-25 23:00:00,0,614H0033,0,,,1,0,0
B032,2021-06-25 23:00:00,1,614E1550,0,,274.47,1,0,1
B032,2021-06-26 00:00:00,0,614H0033,0,,,1,0,0
B032,2021-06-26 00:00:00,1,614E1550,0,,274.47,1,0,1
B032,2021-06-26 01:00:00,0,614H0033,0,,,1,0,0
B032,2021-06-26 01:00:00,1,614E1550,0,,274.46,1,0,1
B032,2021-06-26 02:00:00,0,614H0033,0,,,1,0,0
B032,2021-06-26 02:00:00,1,614E1550,0,,274.47,1,0,1
B032,2021-06-26 03:00:00,0,614H0033,0,,,1,0,0
B032,2021-06-26 03:00:00,1,614E1550,0,,274.47,1,0,1
B032,2021-06-26 04:00:00,0,614H0033,0,,,1,0,0
B032,2021-06-26 04:00:00,1,614E1550,0,,274.47,1,0,1
B032,2021-06-26 05:00:00,0,614H0033,0,,,1,0,0
B032,2021-06-26 05:00:00,1,614E1550,0,,274.47,1,0,1
B032,2021-06-26 06:00:00,0,614H0033,0,,,1,0,0
B032,2021-06-26 06:00:00,1,614E1550,0,,274.47,1,0,1
B032,2021-06-26 07:00:00,0,614H0033,0,,,1,0,0
B032,2021-06-26 07:00:00,1,614E1550,0.07165542521,,274.47,1,0,1
B032,2021-06-26 08:00:00,0,614H0033,0,,,1,0,0
B032,2021-06-26 08:00:00,1,614E1550,0,,274.47,1,0,1
B032,2021-06-26 09:00:00,0,614H0033,0,,,1,0,0
B032,2021-06-26 09:00:00,1,614E1550,0,,274.47,1,0,1
B032,2021-06-26 10:00:00,0,614H0033,0,,,1,0,0
B032,2021-06-26 10:00:00,1,614E1550,0,,274.47,1,0,1
B032,2021-06-26 11:00:00,0,614H0033,0,,,1,0,0
B032,2021-06-26 11:00:00,1,614E1550,0,,274.47,1,0,1
B032,2021-06-26 12:00:00,0,614H0033,0,,,1,0,0
B032,2021-06-26 12:00:00,1,614E1550,0,,274.47,1,0,1
B032,2021-06-26 13:00:00,0,614H0033,0,,,1,0,0
B032,2021-06-26 13:00:00,1,614E1550,0,,274.47,1,0,1
B032,2021-06-26 14:00:00,0,614H0033,0,,,1,0,0
B032,2021-06-26 14:00:00,1,614E1550,0,,274.47,1,0,1
B032,2021-06-26 15:00:00,0,614H0033,0,,,1,0,0
B032,2021-06-26 15:00:00,1,614E1550,0,,274.47,1,0,1
B032,2021-06-26 16:00:00,0,614H0033,0,,,1,0,0
B032,2021-06-26 16:00:00,1,614E1550,0,,274.47,1,0,1
B032,2021-06-26 17:00:00,0,614H0033,0,,,1,0,0
B032,2021-06-26 17:00:00,1,614E1550,0,,274.47,1,0,1
B032,2021-06-26 18:00:00,0,614H0033,0.1271309807,,,1,0,0
B032,2021-06-26 18:00:00,1,614E1550,0.07517723482,,274.47,1,0,1
B032,2021-06-26 19:00:00,0,614H0033,0.005409828967,,,1,0,0
B032,2021-06-26 19:00:00,1,614E1550,0.608764093,,274.47,1,0,1
B032,2021-06-26 20:00:00,0,614H0033,0,,,1,0,0
B032,2021-06-26 20:00:00,1,614E1550,0,,274.46,1,0,1
B032,2021-06-26 21:00:00,0,614H0033,0.002704914484,,,1,0,0
B032,2021-06-26 21:00:00,1,614E1550,0.0005140421805,,274.46,1,0,1
B032,2021-06-26 22:00:00,0,614H0033,0,,,1,0,0
B032,2021-06-26 22:00:00,1,614E1550,0.00865024585,,274.46,1,0,1
B032,2021-06-26 23:00:00,0,614H0033,0,,,1,0,0
B032,2021-06-26 23:00:00,1,614E1550,0,,274.46,1,0,1
B032,2021-06-27 00:00:00,0,614H0033,0,,,1,0,0
B032,2021-06-27 00:00:00,1,614E1550,0.002318966015,,274.46,1,0,1
B032,2021-06-27 01:00:00,0,614H0033,0,,,1,0,0
B032,2021-06-27 01:00:00,1,614E1550,0,,274.46,1,0,1
B032,2021-06-27 02:00:00,0,614H0033,0,,,1,0,0
B032,2021-06-27 02:00:00,1,614E1550,0,,274.46,1,0,1
B032,2021-06-27 03:00:00,0,614H0033,0,,,1,0,0
B032,2021-06-27 03:00:00,1,614E1550,0,,274.46,1,0,1
B032,2021-06-27 04:00:00,0,614H0033,0,,,1,0,0
B032,2021-06-27 04:00:00,1,614E1550,0,,274.46,1,0,1
B032,2021-06-27 05:00:00,0,614H0033,0.002704914484,,,1,0,0
B032,2021-06-27 05:00:00,1,614E1550,0.0005140421805,,274.47,1,0,1
B032,2021-06-27 06:00:00,0,614H0033,0,,,1,0,0
B032,2021-06-27 06:00:00,1,614E1550,0,,274.47,1,0,1
B032,2021-06-27 07:00:00,0,614H0033,0.1379506387,,,1,0,0
B032,2021-06-27 07:00:00,1,614E1550,0.695938624,,274.47,1,0,1
B032,2021-06-27 08:00:00,0,614H0033,0,,,1,0,0
B032,2021-06-27 08:00:00,1,614E1550,0,,274.47,1,0,1
B032,2021-06-27 09:00:00,0,614H0033,0,,,1,0,0
B032,2021-06-27 09:00:00,1,614E1550,0,,274.47,1,0,1
B032,2021-06-27 10:00:00,0,614H0033,0,,,1,0,0
B032,2021-06-27 10:00:00,1,614E1550,0,,274.47,1,0,1
B032,2021-06-27 11:00:00,0,614H0033,0,,,1,0,0
B032,2021-06-27 11:00:00,1,614E1550,0,,274.47,1,0,1
B032,2021-06-27 12:00:00,0,614H0033,0,,,1,0,0
B032,2021-06-27 12:00:00,1,614E1550,0,,274.47,1,0,1
B032,2021-06-27 13:00:00,0,614H0033,0,,,1,0,0
B032,2021-06-27 13:00:00,1,614E1550,0,,274.47,1,0,1
B032,2021-06-27 14:00:00,0,614H0033,0,,,1,0,0
B032,2021-06-27 14:00:00,1,614E1550,0,,274.47,1,0,1
B032,2021-06-27 15:00:00,0,614H0033,0,,,1,0,0
B032,2021-06-27 15:00:00,1,614E1550,0,,274.47,1,0,1
B032,2021-06-27 16:00:00,0,614H0033,0,,,1,0,0
B032,2021-06-27 16:00:00,1,614E1550,0,,274.47,1,0,1
B032,2021-06-27 17:00:00,0,614H0033,0,,,1,0,0
B032,2021-06-27 17:00:00,1,614E1550,0,,274.47,1,0,1
B032,2021-06-27 18:00:00,0,614H0033,0,,,1,0,0
B032,2021-06-27 18:00:00,1,614E1550,0,,274.47,1,0,1
B032,2021-06-27 19:00:00,0,614H0033,0.2341687572,,,1,0,0
B032,2021-06-27 19:00:00,1,614E1550,0.2664705256,,274.47,1,0,1
B032,2021-06-27 20:00:00,0,614H0033,1.311499339,,,1,0,0
B032,2021-06-27 20:00:00,1,614E1550,2.591943045,,274.49,1,0,1
B032,2021-06-27 21:00:00,0,614H0033,0.4953866591,,,1,0,0
B032,2021-06-27 21:00:00,1,614E1550,1.106686645,,274.5,1,0,1
B032,2021-06-27 22:00:00,0,614H0033,0.8269323377,,,1,0,0
B032,2021-06-27 22:00:00,1,614E1550,1.847624833,,274.5,1,0,1
B032,2021-06-27 23:00:00,0,614H0033,0.7998831929,,,1,0,0
B032,2021-06-27 23:00:00,1,614E1550,5.13947929,,,1,0,0
B032,2021-06-28 00:00:00,0,614H0033,0.1333138655,,,1,0,0
B032,2021-06-28 00:00:00,1,614E1550,1.875098071,,274.5,1,0,1
B032,2021-06-28 01:00:00,0,614H0033,0.0162294869,,,1,0,0
B032,2021-06-28 01:00:00,1,614E1550,0.3635733753,,274.51,1,0,1
B032,2021-06-28 02:00:00,0,614H0033,0.1197892931,,,1,0,0
B032,2021-06-28 02:00:00,1,614E1550,0.003479984248,,274.51,1,0,1
B032,2021-06-28 03:00:00,0,614H0033,0,,,1,0,0
B032,2021-06-28 03:00:00,1,614E1550,0.01699713412,,274.51,1,0,1
B032,2021-06-28 04:00:00,0,614H0033,0.04057371725,,,1,0,0
B032,2021-06-28 04:00:00,1,614E1550,0.694543463,,274.74,1,0,1
B032,2021-06-28 05:00:00,0,614H0033,0.01352457242,,,1,0,0
B032,2021-06-28 05:00:00,1,614E1550,0.06847657468,,274.74,1,0,1
B032,2021-06-28 06:00:00,0,614H0033,0.005409828967,,,1,0,0
B032,2021-06-28 06:00:00,1,614E1550,0.05363749438,,274.7,1,0,1
B032,2021-06-28 07:00:00,0,614H0033,0.522435804,,,1,0,0
B032,2021-06-28 07:00:00,1,614E1550,9.132247375,,274.68,1,0,1
B032,2021-06-28 08:00:00,0,614H0033,0.002704914484,,,1,0,0
B032,2021-06-28 08:00:00,1,614E1550,0.03691819623,,274.66,1,0,1
B032,2021-06-28 09:00:00,0,614H0033,0,,,1,0,0
B032,2021-06-28 09:00:00,1,614E1550,0.05288329269,,274.65,1,0,1
B032,2021-06-28 10:00:00,0,614H0033,0,,,1,0,0
B032,2021-06-28 10:00:00,1,614E1550,0.0212073458,,274.64,1,0,1
B032,2021-06-28 11:00:00,0,614H0033,0.4872719157,,,1,0,0
B032,2021-06-28 11:00:00,1,614E1550,0.1612228538,,274.62,1,0,1
B032,2021-06-28 12:00:00,0,614H0033,0.002704914484,,,1,0,0
B032,2021-06-28 12:00:00,1,614E1550,0.1187597891,,274.61,1,0,1
B032,2021-06-28 13:00:00,0,614H0033,0,,,1,0,0
B032,2021-06-28 13:00:00,1,614E1550,0.0319460905,,274.61,1,0,1
B032,2021-06-28 14:00:00,0,614H0033,0.4710424288,,,1,0,0
B032,2021-06-28 14:00:00,1,614E1550,0.0689739943,,274.6,1,0,1
B032,2021-06-28 15:00:00,0,614H0033,0.2368736716,,,1,0,0
B032,2021-06-28 15:00:00,1,614E1550,0.05940561238,,274.59,1,0,1
B032,2021-06-28 16:00:00,0,614H0033,0.1197892931,,,1,0,0
B032,2021-06-28 16:00:00,1,614E1550,0.02750612547,,274.59,1,0,1
B032,2021-06-28 17:00:00,0,614H0033,0,,,1,0,0
B032,2021-06-28 17:00:00,1,614E1550,0,,274.58,1,0,1
B032,2021-06-28 18:00:00,0,614H0033,0,,,1,0,0
B032,2021-06-28 18:00:00,1,614E1550,0,,274.58,1,0,1
B032,2021-06-28 19:00:00,0,614H0033,0,,,1,0,0
B032,2021-06-28 19:00:00,1,614E1550,0,,274.57,1,0,1
B032,2021-06-28 20:00:00,0,614H0033,0,,,1,0,0
B032,2021-06-28 20:00:00,1,614E1550,0,,274.57,1,0,1
B032,2021-06-28 21:00:00,0,614H0033,0,,,1,0,0
B032,2021-06-28 21:00:00,1,614E1550,0,,274.57,1,0,1
B032,2021-06-28 22:00:00,0,614H0033,0,,,1,0,0
B032,2021-06-28 22:00:00,1,614E1550,0,,274.56,1,0,1
B032,2021-06-28 23:00:00,0,614H0033,0,,,1,0,0
B032,2021-06-28 23:00:00,1,614E1550,0,,274.56,1,0,1
B032,2021-06-29 00:00:00,0,614H0033,0,,,1,0,0
B032,2021-06-29 00:00:00,1,614E1550,0,,274.56,1,0,1
B032,2021-06-29 01:00:00,0,614H0033,0,,,1,0,0
B032,2021-06-29 01:00:00,1,614E1550,0,,274.56,1,0,1
B032,2021-06-29 02:00:00,0,614H0033,0,,,1,0,0
B032,2021-06-29 02:00:00,1,614E1550,0,,274.55,1,0,1
B032,2021-06-29 03:00:00,0,614H0033,0,,,1,0,0
B032,2021-06-29 03:00:00,1,614E1550,0,,274.55,1,0,1
B032,2021-06-29 04:00:00,0,614H0033,0,,,1,0,0
B032,2021-06-29 04:00:00,1,614E1550,0,,274.55,1,0,1
B032,2021-06-29 05:00:00,0,614H0033,0,,,1,0,0
B032,2021-06-29 05:00:00,1,614E1550,0,,274.55,1,0,1
B032,2021-06-29 06:00:00,0,614H0033,0,,,1,0,0
B032,2021-06-29 06:00:00,1,614E1550,0,,274.54,1,0,1
B032,2021-06-29 07:00:00,0,614H0033,1.320387138,,,1,0,0
B032,2021-06-29 07:00:00,1,614E1550,0.5788233002,,274.54,1,0,1
B032,2021-06-29 08:00:00,0,614H0033,0.1170843786,,,1,0,0
B032,2021-06-29 08:00:00,1,614E1550,0.0002476883364,,274.54,1,0,1
B032,2021-06-29 09:00:00,0,614H0033,0,,,1,0,0
B032,2021-06-29 09:00:00,1,614E1550,0,,274.54,1,0,1
B032,2021-06-29 10:00:00,0,614H0033,0,,,1,0,0
B032,2021-06-29 10:00:00,1,614E1550,0,,274.54,1,0,1
B032,2021-06-29 11:00:00,0,614H0033,0,,,1,0,0
B032,2021-06-29 11:00:00,1,614E1550,0,,274.53,1,0,1
B032,2021-06-29 12:00:00,0,614H0033,0.008114743451,,,1,0,0
B032,2021-06-29 12:00:00,1,614E1550,0.03786623629,,274.53,1,0,1
B032,2021-06-29 13:00:00,0,614H0033,0,,,1,0,0
B032,2021-06-29 13:00:00,1,614E1550,0.176035309,,274.53,1,0,1
B032,2021-06-29 14:00:00,0,614H0033,0.1170843786,,,1,0,0
B032,2021-06-29 14:00:00,1,614E1550,0.002566654352,,274.53,1,0,1
B032,2021-06-29 15:00:00,0,614H0033,0,,,1,0,0
B032,2021-06-29 15:00:00,1,614E1550,0,,274.53,1,0,1
B032,2021-06-29 16:00:00,0,614H0033,0,,,1,0,0
B032,2021-06-29 16:00:00,1,614E1550,0,,274.53,1,0,1
B032,2021-06-29 17:00:00,0,614H0033,0,,,1,0,0
B032,2021-06-29 17:00:00,1,614E1550,0,,274.53,1,0,1
B032,2021-06-29 18:00:00,0,614H0033,0,,,1,0,0
B032,2021-06-29 18:00:00,1,614E1550,0,,274.52,1,0,1
B032,2021-06-29 19:00:00,0,614H0033,0,,,1,0,0
B032,2021-06-29 19:00:00,1,614E1550,0,,274.52,1,0,1
B032,2021-06-29 20:00:00,0,614H0033,0,,,1,0,0
B032,2021-06-29 20:00:00,1,614E1550,0,,,1,0,0
B032,2021-06-29 21:00:00,0,614H0033,0.2055735008,,,1,0,0
B032,2021-06-29 21:00:00,1,614E1550,2.608586534,,274.52,1,0,1
B032,2021-06-29 22:00:00,0,614H0033,1.098582589,,,1,0,0
B032,2021-06-29 22:00:00,1,614E1550,8.115199204,,274.52,1,0,1
B032,2021-06-29 23:00:00,0,614H0033,0.4161710833,,,1,0,0
B032,2021-06-29 23:00:00,1,614E1550,1.041522895,,274.52,1,0,1
B032,2021-06-30 00:00:00,0,614H0033,0.002704914484,,,1,0,0
B032,2021-06-30 00:00:00,1,614E1550,0.0254689639,,274.52,1,0,1
B032,2021-06-30 01:00:00,0,614H0033,0.4289226,,,1,0,0
B032,2021-06-30 01:00:00,1,614E1550,0.2643871616,,274.91,1,0,1
B032,2021-06-30 02:00:00,0,614H0033,0.4980915736,,,1,0,0
B032,2021-06-30 02:00:00,1,614E1550,0.4532020297,,274.97,1,0,1
B032,2021-06-30 03:00:00,0,614H0033,1.484613866,,,1,0,0
B032,2021-06-30 03:00:00,1,614E1550,3.712293096,,274.91,1,0,1
B032,2021-06-30 04:00:00,0,614H0033,0.13601878,,,1,0,0
B032,2021-06-30 04:00:00,1,614E1550,2.612470461,,274.9,1,0,1
B032,2021-06-30 05:00:00,0,614H0033,0.1197892931,,,1,0,0
B032,2021-06-30 05:00:00,1,614E1550,0.03609319306,,274.92,1,0,1
B032,2021-06-30 06:00:00,0,614H0033,0.002704914484,,,1,0,0
B032,2021-06-30 06:00:00,1,614E1550,0.02768851002,,275.06,1,0,1
B032,2021-06-30 07:00:00,0,614H0033,4.635456615,,,1,0,0
B032,2021-06-30 07:00:00,1,614E1550,19.11362794,,275.13,1,0,1
B032,2021-06-30 08:00:00,0,614H0033,0,,,1,0,0
B032,2021-06-30 08:00:00,1,614E1550,0,,275.1,1,0,1
B032,2021-06-30 09:00:00,0,614H0033,0,,,1,0,0
B032,2021-06-30 09:00:00,1,614E1550,0,,275.05,1,0,1
B032,2021-06-30 10:00:00,0,614H0033,0,,,1,0,0
B032,2021-06-30 10:00:00,1,614E1550,0,,274.99,1,0,1
B032,2021-06-30 11:00:00,0,614H0033,0,,,1,0,0
B032,2021-06-30 11:00:00,1,614E1550,0,,274.95,1,0,1
B032,2021-06-30 12:00:00,0,614H0033,0,,,1,0,0
B032,2021-06-30 12:00:00,1,614E1550,0,,274.91,1,0,1
B032,2021-06-30 13:00:00,0,614H0033,0,,,1,0,0
B032,2021-06-30 13:00:00,1,614E1550,0.01672699052,,274.88,1,0,1
B032,2021-06-30 14:00:00,0,614H0033,0.01081965793,,,1,0,0
B032,2021-06-30 14:00:00,1,614E1550,0.005897758831,,,1,0,0
B032,2021-06-30 15:00:00,0,614H0033,0.008114743451,,,1,0,0
B032,2021-06-30 15:00:00,1,614E1550,0.005383716651,,274.82,1,0,1
B032,2021-06-30 16:00:00,0,614H0033,0,,,1,0,0
B032,2021-06-30 16:00:00,1,614E1550,0,,274.79,1,0,1
B032,2021-06-30 17:00:00,0,614H0033,0.04057371725,,,1,0,0
B032,2021-06-30 17:00:00,1,614E1550,0.04219510846,,274.77,1,0,1
B032,2021-07-03 02:00:00,0,614H0033,0,,,1,0,0
B032,2021-07-03 02:00:00,1,614E1550,0.07151079165,,274.66,1,0,1
B032,2021-07-03 03:00:00,0,614H0033,0,,,1,0,0
B032,2021-07-03 03:00:00,1,614E1550,0.08858775353,,274.65,1,0,1
B032,2021-07-03 04:00:00,0,614H0033,0,,,1,0,0
B032,2021-07-03 04:00:00,1,614E1550,0.03604454277,,274.65,1,0,1
B032,2021-07-03 05:00:00,0,614H0033,0,,,1,0,0
B032,2021-07-03 05:00:00,1,614E1550,0.009319677167,,274.65,1,0,1
B032,2021-07-03 06:00:00,0,614H0033,0,,,1,0,0
B032,2021-07-03 06:00:00,1,614E1550,0.01769977942,,274.64,1,0,1
B032,2021-07-03 07:00:00,0,614H0033,0.4710424288,,,1,0,0
B032,2021-07-03 07:00:00,1,614E1550,0.7639845714,,274.64,1,0,1
B032,2021-07-03 08:00:00,0,614H0033,0,,,1,0,0
B032,2021-07-03 08:00:00,1,614E1550,0.01796992302,,274.63,1,0,1
B032,2021-07-03 09:00:00,0,614H0033,0,,,1,0,0
B032,2021-07-03 09:00:00,1,614E1550,0.01978827826,,274.63,1,0,1
B032,2021-07-03 10:00:00,0,614H0033,0,,,1,0,0
B032,2021-07-03 10:00:00,1,614E1550,0,,274.62,1,0,1
B032,2021-07-03 11:00:00,0,614H0033,0,,,1,0,0
B032,2021-07-03 11:00:00,1,614E1550,0,,274.62,1,0,1
B032,2021-07-03 12:00:00,0,614H0033,0,,,1,0,0
B032,2021-07-03 12:00:00,1,614E1550,0.003841590109,,274.62,1,0,1
B032,2021-07-03 13:00:00,0,614H0033,0.01352457242,,,1,0,0
B032,2021-07-03 13:00:00,1,614E1550,0.3220528266,,274.61,1,0,1
B032,2021-07-03 14:00:00,0,614H0033,0.1170843786,,,1,0,0
B032,2021-07-03 14:00:00,1,614E1550,0.2178672734,,274.61,1,0,1
B032,2021-07-03 15:00:00,0,614H0033,0.130608951,,,1,0,0
B032,2021-07-03 15:00:00,1,614E1550,0.1319857922,,274.61,1,0,1
B032,2021-07-03 16:00:00,0,614H0033,0,,,1,0,0
B032,2021-07-03 16:00:00,1,614E1550,0.01915361616,,274.61,1,0,1
B032,2021-07-03 17:00:00,0,614H0033,0,,,1,0,0
B032,2021-07-03 17:00:00,1,614E1550,0.0160442646,,274.61,1,0,1
B032,2021-07-03 18:00:00,0,614H0033,0,,,1,0,0
B032,2021-07-03 18:00:00,1,614E1550,0.0003992877158,,274.61,1,0,1
B032,2021-07-03 19:00:00,0,614H0033,0,,,1,0,0
B032,2021-07-03 19:00:00,1,614E1550,0.0002701436012,,274.6,1,0,1
B032,2021-07-03 20:00:00,0,614H0033,0,,,1,0,0
B032,2021-07-03 20:00:00,1,614E1550,0.003841590109,,274.6,1,0,1
B032,2021-07-03 21:00:00,0,614H0033,0,,,1,0,0
B032,2021-07-03 21:00:00,1,614E1550,0,,274.6,1,0,1
B032,2021-07-03 22:00:00,0,614H0033,0.002704914484,,,1,0,0
B032,2021-07-03 22:00:00,1,614E1550,0.0005140421805,,274.6,1,0,1
B032,2021-07-03 23:00:00,0,614H0033,0,,,1,0,0
B032,2021-07-03 23:00:00,1,614E1550,0,,274.59,1,0,1
B032,2021-07-04 00:00:00,0,614H0033,0,,,1,0,0
B032,2021-07-04 00:00:00,1,614E1550,0,,274.59,1,0,1
B032,2021-07-04 01:00:00,0,614H0033,0,,,1,0,0
B032,2021-07-04 01:00:00,1,614E1550,0,,274.59,1,0,1
B032,2021-07-04 02:00:00,0,614H0033,0,,,1,0,0
B032,2021-07-04 02:00:00,1,614E1550,0.002318966015,,274.59,1,0,1
B032,2021-07-04 03:00:00,0,614H0033,0.002704914484,,,1,0,0
B032,2021-07-04 03:00:00,1,614E1550,0.0005140421805,,274.58,1,0,1
B032,2021-07-04 04:00:00,0,614H0033,0,,,1,0,0
B032,2021-07-04 04:00:00,1,614E1550,0,,274.58,1,0,1
B032,2021-07-04 05:00:00,0,614H0033,0,,,1,0,0
B032,2021-07-04 05:00:00,1,614E1550,0.0003992877158,,274.58,1,0,1
B032,2021-07-04 06:00:00,0,614H0033,0,,,1,0,0
B032,2021-07-04 06:00:00,1,614E1550,0.0104686011,,274.58,1,0,1
B032,2021-07-04 07:00:00,0,614H0033,0.266627731,,,1,0,0
B032,2021-07-04 07:00:00,1,614E1550,0.4387201827,,274.58,1,0,1
B032,2021-07-04 08:00:00,0,614H0033,0,,,1,0,0
B032,2021-07-04 08:00:00,1,614E1550,0,,274.58,1,0,1
B032,2021-07-04 09:00:00,0,614H0033,0,,,1,0,0
B032,2021-07-04 09:00:00,1,614E1550,0,,274.58,1,0,1
B032,2021-07-04 10:00:00,0,614H0033,0,,,1,0,0
B032,2021-07-04 10:00:00,1,614E1550,0,,274.57,1,0,1
B032,2021-07-04 11:00:00,0,614H0033,0,,,1,0,0
B032,2021-07-04 11:00:00,1,614E1550,0,,274.57,1,0,1
B032,2021-07-04 12:00:00,0,614H0033,0,,,1,0,0
B032,2021-07-04 12:00:00,1,614E1550,0,,274.57,1,0,1
B032,2021-07-04 13:00:00,0,614H0033,0,,,1,0,0
B032,2021-07-04 13:00:00,1,614E1550,0,,274.57,1,0,1
B032,2021-07-04 14:00:00,0,614H0033,0,,,1,0,0
B032,2021-07-04 14:00:00,1,614E1550,0,,274.57,1,0,1
B032,2021-07-04 15:00:00,0,614H0033,0,,,1,0,0
B032,2021-07-04 15:00:00,1,614E1550,0,,274.56,1,0,1
B032,2021-07-04 16:00:00,0,614H0033,0,,,1,0,0
B032,2021-07-04 16:00:00,1,614E1550,0,,274.56,1,0,1
B032,2021-07-04 17:00:00,0,614H0033,0,,,1,0,0
B032,2021-07-04 17:00:00,1,614E1550,0,,274.56,1,0,1
B032,2021-07-04 18:00:00,0,614H0033,0,,,1,0,0
B032,2021-07-04 18:00:00,1,614E1550,0,,274.56,1,0,1
B032,2021-07-04 19:00:00,0,614H0033,0,,,1,0,0
B032,2021-07-04 19:00:00,1,614E1550,0,,274.55,1,0,1
B032,2021-07-04 20:00:00,0,614H0033,0,,,1,0,0
B032,2021-07-04 20:00:00,1,614E1550,0,,274.54,1,0,1
B032,2021-07-04 21:00:00,0,614H0033,0,,,1,0,0
B032,2021-07-04 21:00:00,1,614E1550,0,,274.54,1,0,1
B032,2021-07-04 22:00:00,0,614H0033,0,,,1,0,0
B032,2021-07-04 22:00:00,1,614E1550,0,,274.54,1,0,1
B032,2021-07-04 23:00:00,0,614H0033,0,,,1,0,0
B032,2021-07-04 23:00:00,1,614E1550,0,,274.54,1,0,1
B032,2021-07-05 00:00:00,0,614H0033,0,,,1,0,0
B032,2021-07-05 00:00:00,1,614E1550,0,,274.54,1,0,1
B032,2021-07-05 01:00:00,0,614H0033,0,,,1,0,0
B032,2021-07-05 01:00:00,1,614E1550,0,,274.54,1,0,1
B032,2021-07-05 02:00:00,0,614H0033,0,,,1,0,0
B032,2021-07-05 02:00:00,1,614E1550,0.0002701436012,,274.54,1,0,1
B032,2021-07-05 03:00:00,0,614H0033,0,,,1,0,0
B032,2021-07-05 03:00:00,1,614E1550,0.09123953153,,274.54,1,0,1
B032,2021-07-05 04:00:00,0,614H0033,0.008114743451,,,1,0,0
B032,2021-07-05 04:00:00,1,614E1550,0.2695433102,,274.54,1,0,1
B032,2021-07-05 05:00:00,0,614H0033,0,,,1,0,0
B032,2021-07-05 05:00:00,1,614E1550,0.9815118071,,274.54,1,0,1
B032,2021-07-05 06:00:00,0,614H0033,2.65738951,,,1,0,0
B032,2021-07-05 06:00:00,1,614E1550,4.929264405,,274.57,1,0,1
B032,2021-07-05 07:00:00,0,614H0033,2.227308107,,,1,0,0
B032,2021-07-05 07:00:00,1,614E1550,4.526922527,,274.62,1,0,1
B032,2021-07-05 08:00:00,0,614H0033,0.002704914484,,,1,0,0
B032,2021-07-05 08:00:00,1,614E1550,0.01098264328,,274.73,1,0,1
B032,2021-07-05 09:00:00,0,614H0033,0,,,1,0,0
B032,2021-07-05 09:00:00,1,614E1550,0,,274.79,1,0,1
B032,2021-07-05 10:00:00,0,614H0033,0,,,1,0,0
B032,2021-07-05 10:00:00,1,614E1550,0,,274.83,1,0,1
B032,2021-07-05 11:00:00,0,614H0033,0.1170843786,,,1,0,0
B032,2021-07-05 11:00:00,1,614E1550,0.0002476883364,,274.82,1,0,1
B032,2021-07-05 12:00:00,0,614H0033,0,,,1,0,0
B032,2021-07-05 12:00:00,1,614E1550,0,,274.79,1,0,1
B032,2021-07-05 13:00:00,0,614H0033,0,,,1,0,0
B032,2021-07-05 13:00:00,1,614E1550,0.002318966015,,274.77,1,0,1
B032,2021-07-05 14:00:00,0,614H0033,0,,,1,0,0
B032,2021-07-05 14:00:00,1,614E1550,0,,274.74,1,0,1
B032,2021-07-05 15:00:00,0,614H0033,0,,,1,0,0
B032,2021-07-05 15:00:00,1,614E1550,0,,274.73,1,0,1
B032,2021-07-05 16:00:00,0,614H0033,0,,,1,0,0
B032,2021-07-05 16:00:00,1,614E1550,0,,274.71,1,0,1
B032,2021-07-05 17:00:00,0,614H0033,0,,,1,0,0
B032,2021-07-05 17:00:00,1,614E1550,0,,274.7,1,0,1
B032,2021-07-05 18:00:00,0,614H0033,0.2395785861,,,1,0,0
B032,2021-07-05 18:00:00,1,614E1550,2.413156057,,274.69,1,0,1
B032,2021-07-05 19:00:00,0,614H0033,5.496781347,,,1,0,0
B032,2021-07-05 19:00:00,1,614E1550,4.699450973,,274.69,1,0,1
B032,2021-07-05 20:00:00,0,614H0033,0.1197892931,,,1,0,0
B032,2021-07-05 20:00:00,1,614E1550,0.01524805113,,274.71,1,0,1
B032,2021-07-05 21:00:00,0,614H0033,0.002704914484,,,1,0,0
B032,2021-07-05 21:00:00,1,614E1550,0.01098264328,,274.87,1,0,1
B032,2021-07-05 22:00:00,0,614H0033,0,,,1,0,0
B032,2021-07-05 22:00:00,1,614E1550,0,,275,1,0,1
B032,2021-07-05 23:00:00,0,614H0033,0,,,1,0,0
B032,2021-07-05 23:00:00,1,614E1550,0.01955290388,,274.98,1,0,1
B032,2021-07-06 00:00:00,0,614H0033,0.002704914484,,,1,0,0
B032,2021-07-06 00:00:00,1,614E1550,0.0005140421805,,274.94,1,0,1
B032,2021-07-06 01:00:00,0,614H0033,0,,,1,0,0
B032,2021-07-06 01:00:00,1,614E1550,0.003841590109,,274.9,1,0,1
B032,2021-07-06 02:00:00,0,614H0033,0,,,1,0,0
B032,2021-07-06 02:00:00,1,614E1550,0,,274.88,1,0,1
B032,2021-07-06 03:00:00,0,614H0033,0,,,1,0,0
B032,2021-07-06 03:00:00,1,614E1550,0.0136312844,,274.85,1,0,1
B032,2021-07-06 04:00:00,0,614H0033,0,,,1,0,0
B032,2021-07-06 04:00:00,1,614E1550,0,,274.84,1,0,1
B032,2021-07-06 05:00:00,0,614H0033,0,,,1,0,0
B032,2021-07-06 05:00:00,1,614E1550,0.00865024585,,274.82,1,0,1
B032,2021-07-06 06:00:00,0,614H0033,0,,,1,0,0
B032,2021-07-06 06:00:00,1,614E1550,0.0107387447,,274.8,1,0,1
B032,2021-07-06 07:00:00,0,614H0033,5.981348348,,,1,0,0
B032,2021-07-06 07:00:00,1,614E1550,7.209315833,,274.78,1,0,1
B032,2021-07-06 08:00:00,0,614H0033,0,,,1,0,0
B032,2021-07-06 08:00:00,1,614E1550,0,,274.77,1,0,1
B032,2021-07-06 09:00:00,0,614H0033,0,,,1,0,0
B032,2021-07-06 09:00:00,1,614E1550,0,,274.75,1,0,1
B032,2021-07-06 10:00:00,0,614H0033,0,,,1,0,0
B032,2021-07-06 10:00:00,1,614E1550,0,,274.74,1,0,1
B032,2021-07-06 11:00:00,0,614H0033,0,,,1,0,0
B032,2021-07-06 11:00:00,1,614E1550,0,,274.73,1,0,1
B032,2021-07-06 12:00:00,0,614H0033,0,,,1,0,0
B032,2021-07-06 12:00:00,1,614E1550,0,,274.72,1,0,1
B032,2021-07-06 13:00:00,0,614H0033,0,,,1,0,0
B032,2021-07-06 13:00:00,1,614E1550,0,,274.71,1,0,1
B032,2021-07-06 14:00:00,0,614H0033,0,,,1,0,0
B032,2021-07-06 14:00:00,1,614E1550,0,,274.7,1,0,1
B032,2021-07-06 15:00:00,0,614H0033,0,,,1,0,0
B032,2021-07-06 15:00:00,1,614E1550,0,,274.69,1,0,1
B032,2021-07-06 16:00:00,0,614H0033,0,,,1,0,0
B032,2021-07-06 16:00:00,1,614E1550,0,,274.68,1,0,1
B032,2021-07-06 17:00:00,0,614H0033,0,,,1,0,0
B032,2021-07-06 17:00:00,1,614E1550,0,,274.67,1,0,1
B032,2021-07-06 18:00:00,0,614H0033,0,,,1,0,0
B032,2021-07-06 18:00:00,1,614E1550,0,,274.66,1,0,1
B032,2021-07-06 19:00:00,0,614H0033,0,,,1,0,0
B032,2021-07-06 19:00:00,1,614E1550,0,,274.65,1,0,1
B032,2021-07-06 20:00:00,0,614H0033,0,,,1,0,0
B032,2021-07-06 20:00:00,1,614E1550,0,,274.65,1,0,1
B032,2021-07-06 21:00:00,0,614H0033,0,,,1,0,0
B032,2021-07-06 21:00:00,1,614E1550,0,,274.64,1,0,1
B032,2021-07-06 22:00:00,0,614H0033,0,,,1,0,0
B032,2021-07-06 22:00:00,1,614E1550,0,,274.63,1,0,1
B032,2021-07-06 23:00:00,0,614H0033,0,,,1,0,0
B032,2021-07-06 23:00:00,1,614E1550,0,,274.63,1,0,1
B032,2021-07-07 00:00:00,0,614H0033,0,,,1,0,0
B032,2021-07-07 00:00:00,1,614E1550,0,,274.62,1,0,1
B032,2021-07-07 01:00:00,0,614H0033,0,,,1,0,0
B032,2021-07-07 01:00:00,1,614E1550,0,,274.62,1,0,1
B032,2021-07-07 02:00:00,0,614H0033,0,,,1,0,0
B032,2021-07-07 02:00:00,1,614E1550,0,,274.62,1,0,1
B032,2021-07-07 03:00:00,0,614H0033,0,,,1,0,0
B032,2021-07-07 03:00:00,1,614E1550,0,,274.61,1,0,1
B032,2021-07-07 04:00:00,0,614H0033,0,,,1,0,0
B032,2021-07-07 04:00:00,1,614E1550,0,,274.61,1,0,1
B032,2021-07-07 05:00:00,0,614H0033,0,,,1,0,0
B032,2021-07-07 05:00:00,1,614E1550,0,,274.61,1,0,1
B032,2021-07-07 06:00:00,0,614H0033,0,,,1,0,0
B032,2021-07-07 06:00:00,1,614E1550,0,,274.6,1,0,1
B032,2021-07-07 07:00:00,0,614H0033,0,,,1,0,0
B032,2021-07-07 07:00:00,1,614E1550,0,,274.6,1,0,1
B032,2021-07-07 08:00:00,0,614H0033,0,,,1,0,0
B032,2021-07-07 08:00:00,1,614E1550,0,,274.59,1,0,1
B032,2021-07-07 09:00:00,0,614H0033,0,,,1,0,0
B032,2021-07-07 09:00:00,1,614E1550,0,,274.59,1,0,1
B032,2021-07-07 10:00:00,0,614H0033,0,,,1,0,0
B032,2021-07-07 10:00:00,1,614E1550,0,,274.59,1,0,1
B032,2021-07-07 11:00:00,0,614H0033,0,,,1,0,0
B032,2021-07-07 11:00:00,1,614E1550,0,,274.58,1,0,1
B032,2021-07-07 12:00:00,0,614H0033,0,,,1,0,0
B032,2021-07-07 12:00:00,1,614E1550,0,,274.58,1,0,1
B032,2021-07-07 13:00:00,0,614H0033,0,,,1,0,0
B032,2021-07-07 13:00:00,1,614E1550,0,,274.58,1,0,1
B032,2021-07-07 14:00:00,0,614H0033,0,,,1,0,0
B032,2021-07-07 14:00:00,1,614E1550,0,,274.58,1,0,1
B032,2021-07-07 15:00:00,0,614H0033,0,,,1,0,0
B032,2021-07-07 15:00:00,1,614E1550,0,,274.58,1,0,1
B032,2021-07-07 16:00:00,0,614H0033,0,,,1,0,0
B032,2021-07-07 16:00:00,1,614E1550,0,,274.57,1,0,1
B032,2021-07-07 17:00:00,0,614H0033,0,,,1,0,0
B032,2021-07-07 17:00:00,1,614E1550,0.3506571897,,274.57,1,0,1
B032,2021-07-07 18:00:00,0,614H0033,0,,,1,0,0
B032,2021-07-07 18:00:00,1,614E1550,0.1611124178,,274.57,1,0,1
B032,2021-07-07 19:00:00,0,614H0033,0.1170843786,,,1,0,0
B032,2021-07-07 19:00:00,1,614E1550,0.008303309228,,274.56,1,0,1
B032,2021-07-07 20:00:00,0,614H0033,0,,,1,0,0
B032,2021-07-07 20:00:00,1,614E1550,0,,274.56,1,0,1
B032,2021-07-07 21:00:00,0,614H0033,0,,,1,0,0
B032,2021-07-07 21:00:00,1,614E1550,0,,274.56,1,0,1
B032,2021-07-07 22:00:00,0,614H0033,0,,,1,0,0
B032,2021-07-07 22:00:00,1,614E1550,0,,274.56,1,0,1
B032,2021-07-07 23:00:00,0,614H0033,0,,,1,0,0
B032,2021-07-07 23:00:00,1,614E1550,0.1864691636,,274.56,1,0,1
B032,2021-07-08 00:00:00,0,614H0033,0.005409828967,,,1,0,0
B032,2021-07-08 00:00:00,1,614E1550,0.09297130175,,274.56,1,0,1
B032,2021-07-08 01:00:00,0,614H0033,0.002704914484,,,1,0,0
B032,2021-07-08 01:00:00,1,614E1550,0.002833008196,,274.57,1,0,1
B032,2021-07-08 02:00:00,0,614H0033,0,,,1,0,0
B032,2021-07-08 02:00:00,1,614E1550,0,,274.57,1,0,1
B032,2021-07-08 03:00:00,0,614H0033,0,,,1,0,0
B032,2021-07-08 03:00:00,1,614E1550,0.01086788881,,274.56,1,0,1
B032,2021-07-08 04:00:00,0,614H0033,0,,,1,0,0
B032,2021-07-08 04:00:00,1,614E1550,0.008055620891,,274.56,1,0,1
B032,2021-07-08 05:00:00,0,614H0033,0,,,1,0,0
B032,2021-07-08 05:00:00,1,614E1550,0,,274.56,1,0,1
B032,2021-07-08 06:00:00,0,614H0033,0,,,1,0,0
B032,2021-07-08 06:00:00,1,614E1550,0,,274.56,1,0,1
B032,2021-07-08 07:00:00,0,614H0033,0.125199122,,,1,0,0
B032,2021-07-08 07:00:00,1,614E1550,0.8212699,,274.55,1,0,1
B032,2021-07-08 08:00:00,0,614H0033,0,,,1,0,0
B032,2021-07-08 08:00:00,1,614E1550,0,,274.55,1,0,1
B032,2021-07-10 19:00:00,0,614H0033,0,,,1,0,0
B032,2021-07-10 19:00:00,1,614E1550,0,,274.55,1,0,1
B032,2021-07-10 20:00:00,0,614H0033,0,,,1,0,0
B032,2021-07-10 20:00:00,1,614E1550,0,,274.54,1,0,1
B032,2021-07-10 21:00:00,0,614H0033,0,,,1,0,0
B032,2021-07-10 21:00:00,1,614E1550,0,,274.54,1,0,1
B032,2021-07-10 22:00:00,0,614H0033,0,,,1,0,0
B032,2021-07-10 22:00:00,1,614E1550,0,,274.54,1,0,1
B032,2021-07-10 23:00:00,0,614H0033,0,,,1,0,0
B032,2021-07-10 23:00:00,1,614E1550,0,,274.54,1,0,1
B032,2021-07-11 00:00:00,0,614H0033,0,,,1,0,0
B032,2021-07-11 00:00:00,1,614E1550,0,,274.54,1,0,1
B032,2021-07-11 01:00:00,0,614H0033,0,,,1,0,0
B032,2021-07-11 01:00:00,1,614E1550,0,,274.54,1,0,1
B032,2021-07-11 02:00:00,0,614H0033,0,,,1,0,0
B032,2021-07-11 02:00:00,1,614E1550,0,,274.53,1,0,1
B032,2021-07-11 03:00:00,0,614H0033,0,,,1,0,0
B032,2021-07-11 03:00:00,1,614E1550,0,,274.53,1,0,1
B032,2021-07-11 04:00:00,0,614H0033,0,,,1,0,0
B032,2021-07-11 04:00:00,1,614E1550,0,,274.53,1,0,1
B032,2021-07-11 05:00:00,0,614H0033,0,,,1,0,0
B032,2021-07-11 05:00:00,1,614E1550,0,,274.53,1,0,1
B032,2021-07-11 06:00:00,0,614H0033,0,,,1,0,0
B032,2021-07-11 06:00:00,1,614E1550,0,,274.53,1,0,1
B032,2021-07-11 07:00:00,0,614H0033,0,,,1,0,0
B032,2021-07-11 07:00:00,1,614E1550,0,,274.53,1,0,1
B032,2021-07-11 08:00:00,0,614H0033,0,,,1,0,0
B032,2021-07-11 08:00:00,1,614E1550,0,,274.53,1,0,1
B032,2021-07-11 09:00:00,0,614H0033,0,,,1,0,0
B032,2021-07-11 09:00:00,1,614E1550,0,,274.53,1,0,1
B032,2021-07-11 10:00:00,0,614H0033,0,,,1,0,0
B032,2021-07-11 10:00:00,1,614E1550,0,,274.53,1,0,1
B032,2021-07-11 11:00:00,0,614H0033,0,,,1,0,0
B032,2021-07-11 11:00:00,1,614E1550,0,,274.53,1,0,1
B032,2021-07-11 12:00:00,0,614H0033,0,,,1,0,0
B032,2021-07-11 12:00:00,1,614E1550,0,,274.53,1,0,1
B032,2021-07-11 13:00:00,0,614H0033,0,,,1,0,0
B032,2021-07-11 13:00:00,1,614E1550,0,,274.53,1,0,1
B032,2021-07-11 14:00:00,0,614H0033,0,,,1,0,0
B032,2021-07-11 14:00:00,1,614E1550,0,,274.53,1,0,1
B032,2021-07-11 15:00:00,0,614H0033,0,,,1,0,0
B032,2021-07-11 15:00:00,1,614E1550,0,,274.53,1,0,1
B032,2021-07-11 16:00:00,0,614H0033,0,,,1,0,0
B032,2021-07-11 16:00:00,1,614E1550,0,,274.53,1,0,1
B032,2021-07-11 17:00:00,0,614H0033,0,,,1,0,0
B032,2021-07-11 17:00:00,1,614E1550,0,,274.53,1,0,1
B032,2021-07-11 18:00:00,0,614H0033,0,,,1,0,0
B032,2021-07-11 18:00:00,1,614E1550,0,,274.52,1,0,1
B032,2021-07-11 19:00:00,0,614H0033,0,,,1,0,0
B032,2021-07-11 19:00:00,1,614E1550,0,,274.52,1,0,1
B032,2021-07-11 20:00:00,0,614H0033,0,,,1,0,0
B032,2021-07-11 20:00:00,1,614E1550,0,,274.52,1,0,1
B032,2021-07-11 21:00:00,0,614H0033,0,,,1,0,0
B032,2021-07-11 21:00:00,1,614E1550,0,,274.52,1,0,1
B032,2021-07-11 22:00:00,0,614H0033,0,,,1,0,0
B032,2021-07-11 22:00:00,1,614E1550,0,,274.52,1,0,1
B032,2021-07-11 23:00:00,0,614H0033,0,,,1,0,0
B032,2021-07-11 23:00:00,1,614E1550,0,,274.52,1,0,1
B032,2021-07-12 00:00:00,0,614H0033,0,,,1,0,0
B032,2021-07-12 00:00:00,1,614E1550,0,,274.52,1,0,1
B032,2021-07-12 01:00:00,0,614H0033,0,,,1,0,0
B032,2021-07-12 01:00:00,1,614E1550,0,,274.52,1,0,1
B032,2021-07-12 02:00:00,0,614H0033,0,,,1,0,0
B032,2021-07-12 02:00:00,1,614E1550,0,,274.52,1,0,1
B032,2021-07-12 03:00:00,0,614H0033,0,,,1,0,0
B032,2021-07-12 03:00:00,1,614E1550,0,,274.52,1,0,1
B032,2021-07-12 04:00:00,0,614H0033,0,,,1,0,0
B032,2021-07-12 04:00:00,1,614E1550,0,,274.52,1,0,1
B032,2021-07-12 05:00:00,0,614H0033,0,,,1,0,0
B032,2021-07-12 05:00:00,1,614E1550,0,,274.52,1,0,1
B032,2021-07-12 06:00:00,0,614H0033,0,,,1,0,0
B032,2021-07-12 06:00:00,1,614E1550,0,,274.52,1,0,1
B032,2021-07-12 07:00:00,0,614H0033,0,,,1,0,0
B032,2021-07-12 07:00:00,1,614E1550,0,,274.52,1,0,1
B032,2021-07-12 08:00:00,0,614H0033,0,,,1,0,0
B032,2021-07-12 08:00:00,1,614E1550,0,,274.52,1,0,1
B032,2021-07-12 09:00:00,0,614H0033,0,,,1,0,0
B032,2021-07-12 09:00:00,1,614E1550,0,,274.52,1,0,1
B032,2021-07-12 10:00:00,0,614H0033,0,,,1,0,0
B032,2021-07-12 10:00:00,1,614E1550,0,,274.51,1,0,1
B032,2021-07-12 11:00:00,0,614H0033,0,,,1,0,0
B032,2021-07-12 11:00:00,1,614E1550,0,,274.51,1,0,1
B032,2021-07-12 12:00:00,0,614H0033,0,,,1,0,0
B032,2021-07-12 12:00:00,1,614E1550,0,,274.51,1,0,1
B032,2021-07-12 13:00:00,0,614H0033,0,,,1,0,0
B032,2021-07-12 13:00:00,1,614E1550,0,,274.51,1,0,1
B032,2021-07-12 14:00:00,0,614H0033,0,,,1,0,0
B032,2021-07-12 14:00:00,1,614E1550,0,,274.51,1,0,1
B032,2021-07-12 15:00:00,0,614H0033,0,,,1,0,0
B032,2021-07-12 15:00:00,1,614E1550,0,,274.51,1,0,1
B032,2021-07-12 16:00:00,0,614H0033,0,,,1,0,0
B032,2021-07-12 16:00:00,1,614E1550,0,,274.51,1,0,1
B032,2021-07-12 17:00:00,0,614H0033,0,,,1,0,0
B032,2021-07-12 17:00:00,1,614E1550,0,,274.51,1,0,1
B032,2021-07-12 18:00:00,0,614H0033,0,,,1,0,0
B032,2021-07-12 18:00:00,1,614E1550,0,,274.51,1,0,1
B032,2021-07-12 19:00:00,0,614H0033,0.02163931587,,,1,0,0
B032,2021-07-12 19:00:00,1,614E1550,3.482101301,,274.51,1,0,1
B032,2021-07-12 20:00:00,0,614H0033,9.143785373,,,1,0,0
B032,2021-07-12 20:00:00,1,614E1550,10.13636678,,274.51,1,0,1
B032,2021-07-12 21:00:00,0,614H0033,3.067377709,,,1,0,0
B032,2021-07-12 21:00:00,1,614E1550,5.019823618,,274.58,1,0,1
B032,2021-07-12 22:00:00,0,614H0033,0.1495433524,,,1,0,0
B032,2021-07-12 22:00:00,1,614E1550,6.642675746,,274.79,1,0,1
B032,2021-07-12 23:00:00,0,614H0033,0.005409828967,,,1,0,0
B032,2021-07-12 23:00:00,1,614E1550,2.649833366,,275.4,1,0,1
B032,2021-07-13 00:00:00,0,614H0033,0.002704914484,,,1,0,0
B032,2021-07-13 00:00:00,1,614E1550,0.0007841857816,,275.49,1,0,1
B032,2021-07-13 01:00:00,0,614H0033,0,,,1,0,0
B032,2021-07-13 01:00:00,1,614E1550,0.008055620891,,275.5,1,0,1
B032,2021-07-13 02:00:00,0,614H0033,0,,,1,0,0
B032,2021-07-13 02:00:00,1,614E1550,0.02143781296,,275.48,1,0,1
B032,2021-07-13 03:00:00,0,614H0033,0.002704914484,,,1,0,0
B032,2021-07-13 03:00:00,1,614E1550,0.0005140421805,,275.35,1,0,1
B032,2021-07-13 04:00:00,0,614H0033,0,,,1,0,0
B032,2021-07-13 04:00:00,1,614E1550,0.007683180218,,275.25,1,0,1
B032,2021-07-13 05:00:00,0,614H0033,0,,,1,0,0
B032,2021-07-13 05:00:00,1,614E1550,0.0003992877158,,275.17,1,0,1
B032,2021-07-13 06:00:00,0,614H0033,0,,,1,0,0
B032,2021-07-13 06:00:00,1,614E1550,0,,275.12,1,0,1
B032,2021-07-13 07:00:00,0,614H0033,0.3593678792,,,1,0,0
B032,2021-07-13 07:00:00,1,614E1550,24.44728748,,275.06,1,0,1
B032,2021-07-13 08:00:00,0,614H0033,0.1170843786,,,1,0,0
B032,2021-07-13 08:00:00,1,614E1550,0.0002476883364,,275.01,1,0,1
B032,2021-07-13 09:00:00,0,614H0033,0,,,1,0,0
B032,2021-07-13 09:00:00,1,614E1550,0,,274.98,1,0,1
B032,2021-07-13 10:00:00,0,614H0033,0,,,1,0,0
B032,2021-07-13 10:00:00,1,614E1550,0,,274.94,1,0,1
B032,2021-07-13 11:00:00,0,614H0033,0,,,1,0,0
B032,2021-07-13 11:00:00,1,614E1550,0,,274.91,1,0,1
B032,2021-07-13 12:00:00,0,614H0033,0,,,1,0,0
B032,2021-07-13 12:00:00,1,614E1550,0,,274.89,1,0,1
B032,2021-07-13 13:00:00,0,614H0033,0,,,1,0,0
B032,2021-07-13 13:00:00,1,614E1550,0,,274.86,1,0,1
B032,2021-07-13 14:00:00,0,614H0033,0,,,1,0,0
B032,2021-07-13 14:00:00,1,614E1550,0,,274.84,1,0,1
B032,2021-07-13 15:00:00,0,614H0033,0,,,1,0,0
B032,2021-07-13 15:00:00,1,614E1550,0,,274.82,1,0,1
B032,2021-07-13 16:00:00,0,614H0033,0,,,1,0,0
B032,2021-07-13 16:00:00,1,614E1550,0,,274.8,1,0,1
B032,2021-07-13 17:00:00,0,614H0033,0,,,1,0,0
B032,2021-07-13 17:00:00,1,614E1550,0,,274.78,1,0,1
B032,2021-07-13 18:00:00,0,614H0033,0,,,1,0,0
B032,2021-07-13 18:00:00,1,614E1550,0,,274.77,1,0,1
B032,2021-07-13 19:00:00,0,614H0033,0,,,1,0,0
B032,2021-07-13 19:00:00,1,614E1550,0,,274.75,1,0,1
B032,2021-07-13 20:00:00,0,614H0033,0,,,1,0,0
B032,2021-07-13 20:00:00,1,614E1550,0,,274.74,1,0,1
B032,2021-07-13 21:00:00,0,614H0033,0,,,1,0,0
B032,2021-07-13 21:00:00,1,614E1550,0,,274.73,1,0,1
B032,2021-07-13 22:00:00,0,614H0033,0,,,1,0,0
B032,2021-07-13 22:00:00,1,614E1550,0,,274.72,1,0,1
B032,2021-07-13 23:00:00,0,614H0033,0,,,1,0,0
B032,2021-07-13 23:00:00,1,614E1550,0,,274.71,1,0,1
B032,2021-07-14 00:00:00,0,614H0033,0,,,1,0,0
B032,2021-07-14 00:00:00,1,614E1550,0,,274.7,1,0,1
B032,2021-07-14 01:00:00,0,614H0033,0,,,1,0,0
B032,2021-07-14 01:00:00,1,614E1550,0,,,1,0,0
B032,2021-07-14 02:00:00,0,614H0033,0,,,1,0,0
B032,2021-07-14 02:00:00,1,614E1550,0,,274.69,1,0,1
B032,2021-07-14 03:00:00,0,614H0033,0,,,1,0,0
B032,2021-07-14 03:00:00,1,614E1550,0,,274.68,1,0,1
B032,2021-07-14 04:00:00,0,614H0033,0,,,1,0,0
B032,2021-07-14 04:00:00,1,614E1550,0,,274.67,1,0,1
B032,2021-07-14 05:00:00,0,614H0033,0,,,1,0,0
B032,2021-07-14 05:00:00,1,614E1550,0,,274.67,1,0,1
B032,2021-07-14 06:00:00,0,614H0033,0,,,1,0,0
B032,2021-07-14 06:00:00,1,614E1550,0,,274.66,1,0,1
B032,2021-07-14 07:00:00,0,614H0033,0.1170843786,,,1,0,0
B032,2021-07-14 07:00:00,1,614E1550,0.0002476883364,,274.66,1,0,1
B032,2021-07-14 08:00:00,0,614H0033,0,,,1,0,0
B032,2021-07-14 08:00:00,1,614E1550,0,,274.65,1,0,1
B032,2021-07-14 09:00:00,0,614H0033,0,,,1,0,0
B032,2021-07-14 09:00:00,1,614E1550,0,,274.65,1,0,1
B032,2021-07-14 10:00:00,0,614H0033,0,,,1,0,0
B032,2021-07-14 10:00:00,1,614E1550,0,,274.65,1,0,1
B032,2021-07-14 11:00:00,0,614H0033,0,,,1,0,0
B032,2021-07-14 11:00:00,1,614E1550,0,,274.64,1,0,1
B032,2021-07-14 12:00:00,0,614H0033,0,,,1,0,0
B032,2021-07-14 12:00:00,1,614E1550,0,,274.64,1,0,1
B032,2021-07-14 13:00:00,0,614H0033,0,,,1,0,0
B032,2021-07-14 13:00:00,1,614E1550,0,,274.63,1,0,1
B032,2021-07-14 14:00:00,0,614H0033,0,,,1,0,0
B032,2021-07-14 14:00:00,1,614E1550,0,,274.63,1,0,1
B032,2021-07-14 15:00:00,0,614H0033,0,,,1,0,0
B032,2021-07-14 15:00:00,1,614E1550,0,,274.62,1,0,1
B032,2021-07-14 16:00:00,0,614H0033,0,,,1,0,0
B032,2021-07-14 16:00:00,1,614E1550,0,,274.62,1,0,1
B032,2021-07-14 17:00:00,0,614H0033,0,,,1,0,0
B032,2021-07-14 17:00:00,1,614E1550,0,,274.61,1,0,1
B032,2021-07-14 18:00:00,0,614H0033,0,,,1,0,0
B032,2021-07-14 18:00:00,1,614E1550,0,,274.61,1,0,1
B032,2021-07-14 19:00:00,0,614H0033,0,,,1,0,0
B032,2021-07-14 19:00:00,1,614E1550,0,,274.61,1,0,1
B032,2021-07-14 20:00:00,0,614H0033,0,,,1,0,0
B032,2021-07-14 20:00:00,1,614E1550,0,,274.6,1,0,1
B032,2021-07-14 21:00:00,0,614H0033,0,,,1,0,0
B032,2021-07-14 21:00:00,1,614E1550,0,,274.6,1,0,1
B032,2021-07-14 22:00:00,0,614H0033,0,,,1,0,0
B032,2021-07-14 22:00:00,1,614E1550,0,,274.59,1,0,1
B032,2021-07-14 23:00:00,0,614H0033,0,,,1,0,0
B032,2021-07-14 23:00:00,1,614E1550,0,,274.59,1,0,1
B032,2021-07-15 00:00:00,0,614H0033,0,,,1,0,0
B032,2021-07-15 00:00:00,1,614E1550,0,,274.59,1,0,1
B032,2021-07-15 01:00:00,0,614H0033,0,,,1,0,0
B032,2021-07-15 01:00:00,1,614E1550,0,,274.59,1,0,1
B032,2021-07-15 02:00:00,0,614H0033,0,,,1,0,0
B032,2021-07-15 02:00:00,1,614E1550,0,,274.59,1,0,1
B032,2021-07-15 03:00:00,0,614H0033,0,,,1,0,0
B032,2021-07-15 03:00:00,1,614E1550,0,,274.58,1,0,1
B032,2021-07-15 04:00:00,0,614H0033,0,,,1,0,0
B032,2021-07-15 04:00:00,1,614E1550,0,,274.58,1,0,1
B032,2021-07-15 05:00:00,0,614H0033,0,,,1,0,0
B032,2021-07-15 05:00:00,1,614E1550,0,,274.58,1,0,1
B032,2021-07-15 06:00:00,0,614H0033,0,,,1,0,0
B032,2021-07-15 06:00:00,1,614E1550,0,,274.58,1,0,1
B032,2021-07-15 07:00:00,0,614H0033,0,,,1,0,0
B032,2021-07-15 07:00:00,1,614E1550,0,,274.58,1,0,1
B032,2021-07-15 08:00:00,0,614H0033,0,,,1,0,0
B032,2021-07-15 08:00:00,1,614E1550,0,,274.58,1,0,1
B032,2021-07-15 09:00:00,0,614H0033,0,,,1,0,0
B032,2021-07-15 09:00:00,1,614E1550,0,,274.58,1,0,1
B032,2021-07-16 06:00:00,0,614H0033,0,,,1,0,0
B032,2021-07-16 06:00:00,1,614E1550,0,,274.54,1,0,1
B032,2021-07-16 07:00:00,0,614H0033,0,,,1,0,0
B032,2021-07-16 07:00:00,1,614E1550,0,,274.54,1,0,1
B032,2021-07-16 08:00:00,0,614H0033,0,,,1,0,0
B032,2021-07-16 08:00:00,1,614E1550,0,,274.54,1,0,1
B032,2021-07-16 09:00:00,0,614H0033,0,,,1,0,0
B032,2021-07-16 09:00:00,1,614E1550,0,,274.54,1,0,1
B032,2021-07-16 10:00:00,0,614H0033,0,,,1,0,0
B032,2021-07-16 10:00:00,1,614E1550,0,,,1,0,0
B032,2021-07-16 11:00:00,0,614H0033,0,,,1,0,0
B032,2021-07-16 11:00:00,1,614E1550,0,,,1,0,0
B032,2021-07-16 12:00:00,0,614H0033,0,,,1,0,0
B032,2021-07-16 12:00:00,1,614E1550,0,,274.54,1,0,1
B032,2021-07-16 13:00:00,0,614H0033,0,,,1,0,0
B032,2021-07-16 13:00:00,1,614E1550,0,,274.54,1,0,1
B032,2021-07-16 14:00:00,0,614H0033,0,,,1,0,0
B032,2021-07-16 14:00:00,1,614E1550,0,,274.54,1,0,1
B032,2021-07-16 15:00:00,0,614H0033,0,,,1,0,0
B032,2021-07-16 15:00:00,1,614E1550,0,,274.54,1,0,1
B032,2021-07-16 16:00:00,0,614H0033,0,,,1,0,0
B032,2021-07-16 16:00:00,1,614E1550,0,,274.53,1,0,1
B032,2021-07-16 17:00:00,0,614H0033,0,,,1,0,0
B032,2021-07-16 17:00:00,1,614E1550,0,,274.53,1,0,1
B032,2021-07-16 18:00:00,0,614H0033,0,,,1,0,0
B032,2021-07-16 18:00:00,1,614E1550,0,,274.53,1,0,1
B032,2021-07-16 19:00:00,0,614H0033,0,,,1,0,0
B032,2021-07-16 19:00:00,1,614E1550,0,,274.53,1,0,1
B032,2021-07-16 20:00:00,0,614H0033,0,,,1,0,0
B032,2021-07-16 20:00:00,1,614E1550,0,,274.53,1,0,1
B032,2021-07-16 21:00:00,0,614H0033,0,,,1,0,0
B032,2021-07-16 21:00:00,1,614E1550,0,,274.53,1,0,1
B032,2021-07-16 22:00:00,0,614H0033,0,,,1,0,0
B032,2021-07-16 22:00:00,1,614E1550,0,,274.53,1,0,1
B032,2021-07-16 23:00:00,0,614H0033,0,,,1,0,0
B032,2021-07-16 23:00:00,1,614E1550,0,,274.53,1,0,1
B032,2021-07-17 00:00:00,0,614H0033,0,,,1,0,0
B032,2021-07-17 00:00:00,1,614E1550,0,,274.53,1,0,1
B032,2021-07-17 01:00:00,0,614H0033,0,,,1,0,0
B032,2021-07-17 01:00:00,1,614E1550,0.0212073458,,274.53,1,0,1
B032,2021-07-17 02:00:00,0,614H0033,0,,,1,0,0
B032,2021-07-17 02:00:00,1,614E1550,0.2966536578,,274.53,1,0,1
B032,2021-07-17 03:00:00,0,614H0033,0.005409828967,,,1,0,0
B032,2021-07-17 03:00:00,1,614E1550,0.1424220651,,274.53,1,0,1
B032,2021-07-17 04:00:00,0,614H0033,0,,,1,0,0
B032,2021-07-17 04:00:00,1,614E1550,0.03204991486,,274.53,1,0,1
B032,2021-07-17 05:00:00,0,614H0033,0,,,1,0,0
B032,2021-07-17 05:00:00,1,614E1550,0.01086788881,,274.53,1,0,1
B032,2021-07-17 06:00:00,0,614H0033,0.03786880277,,,1,0,0
B032,2021-07-17 06:00:00,1,614E1550,0.7839012474,,274.53,1,0,1
B032,2021-07-17 07:00:00,0,614H0033,0.298313649,,,1,0,0
B032,2021-07-17 07:00:00,1,614E1550,7.826650867,,274.53,1,0,1
B032,2021-07-17 08:00:00,0,614H0033,0.2341687572,,,1,0,0
B032,2021-07-17 08:00:00,1,614E1550,0.09571228086,,274.53,1,0,1
B032,2021-07-17 09:00:00,0,614H0033,0.1549531813,,,1,0,0
B032,2021-07-17 09:00:00,1,614E1550,0.2275788398,,274.53,1,0,1
B032,2021-07-17 10:00:00,0,614H0033,0.002704914484,,,1,0,0
B032,2021-07-17 10:00:00,1,614E1550,0.04499933221,,274.53,1,0,1
B032,2021-07-17 11:00:00,0,614H0033,0.2341687572,,,1,0,0
B032,2021-07-17 11:00:00,1,614E1550,0.0004953766729,,274.54,1,0,1
B032,2021-07-17 12:00:00,0,614H0033,0.01352457242,,,1,0,0
B032,2021-07-17 12:00:00,1,614E1550,0.2814908938,,274.55,1,0,1
B032,2021-07-17 13:00:00,0,614H0033,0.005409828967,,,1,0,0
B032,2021-07-17 13:00:00,1,614E1550,0.00486967447,,274.56,1,0,1
B032,2021-07-17 14:00:00,0,614H0033,0,,,1,0,0
B032,2021-07-17 14:00:00,1,614E1550,0,,274.58,1,0,1
B032,2021-07-17 15:00:00,0,614H0033,0,,,1,0,0
B032,2021-07-17 15:00:00,1,614E1550,0,,274.58,1,0,1
B032,2021-07-17 16:00:00,0,614H0033,0,,,1,0,0
B032,2021-07-17 16:00:00,1,614E1550,0,,274.58,1,0,1
B032,2021-07-17 17:00:00,0,614H0033,0,,,1,0,0
B032,2021-07-17 17:00:00,1,614E1550,0,,274.58,1,0,1
B032,2021-07-17 18:00:00,0,614H0033,0,,,1,0,0
B032,2021-07-17 18:00:00,1,614E1550,0,,,1,0,0
B032,2021-07-17 19:00:00,0,614H0033,0,,,1,0,0
B032,2021-07-17 19:00:00,1,614E1550,0,,274.57,1,0,1
B032,2021-07-17 20:00:00,0,614H0033,0,,,1,0,0
B032,2021-07-17 20:00:00,1,614E1550,0,,274.56,1,0,1
B032,2021-07-17 21:00:00,0,614H0033,0,,,1,0,0
B032,2021-07-17 21:00:00,1,614E1550,0,,274.56,1,0,1
B032,2021-07-17 22:00:00,0,614H0033,0,,,1,0,0
B032,2021-07-17 22:00:00,1,614E1550,0,,274.56,1,0,1
B032,2021-07-17 23:00:00,0,614H0033,0,,,1,0,0
B032,2021-07-17 23:00:00,1,614E1550,0,,274.55,1,0,1
B032,2021-07-18 00:00:00,0,614H0033,0,,,1,0,0
B032,2021-07-18 00:00:00,1,614E1550,0,,274.55,1,0,1
B032,2021-07-18 01:00:00,0,614H0033,0,,,1,0,0
B032,2021-07-18 01:00:00,1,614E1550,0,,274.55,1,0,1
B032,2021-07-18 02:00:00,0,614H0033,0,,,1,0,0
B032,2021-07-18 02:00:00,1,614E1550,0,,274.55,1,0,1
B032,2021-07-18 03:00:00,0,614H0033,0,,,1,0,0
B032,2021-07-18 03:00:00,1,614E1550,0,,274.55,1,0,1
B032,2021-07-18 04:00:00,0,614H0033,0,,,1,0,0
B032,2021-07-18 04:00:00,1,614E1550,0,,274.55,1,0,1
B032,2021-07-18 05:00:00,0,614H0033,0,,,1,0,0
B032,2021-07-18 05:00:00,1,614E1550,0,,274.55,1,0,1
B032,2021-07-18 06:00:00,0,614H0033,0,,,1,0,0
B032,2021-07-18 06:00:00,1,614E1550,0.05963663787,,274.54,1,0,1
B032,2021-07-18 07:00:00,0,614H0033,0.6449300115,,,1,0,0
B032,2021-07-18 07:00:00,1,614E1550,0.7147830357,,274.54,1,0,1
B032,2021-07-18 08:00:00,0,614H0033,0,,,1,0,0
B032,2021-07-18 08:00:00,1,614E1550,0,,,1,0,0
B032,2021-07-18 09:00:00,0,614H0033,0,,,1,0,0
B032,2021-07-18 09:00:00,1,614E1550,0,,274.54,1,0,1
B032,2021-07-18 10:00:00,0,614H0033,0,,,1,0,0
B032,2021-07-18 10:00:00,1,614E1550,0.00865024585,,274.54,1,0,1
B032,2021-07-18 11:00:00,0,614H0033,0,,,1,0,0
B032,2021-07-18 11:00:00,1,614E1550,0,,274.54,1,0,1
B032,2021-07-18 12:00:00,0,614H0033,0,,,1,0,0
B032,2021-07-18 12:00:00,1,614E1550,0,,274.54,1,0,1
B032,2021-07-18 13:00:00,0,614H0033,0,,,1,0,0
B032,2021-07-18 13:00:00,1,614E1550,0.04325122925,,274.53,1,0,1
B032,2021-07-18 14:00:00,0,614H0033,1.290633079,,,1,0,0
B032,2021-07-18 14:00:00,1,614E1550,0.2756399615,,274.53,1,0,1
B032,2021-07-18 15:00:00,0,614H0033,0,,,1,0,0
B032,2021-07-18 15:00:00,1,614E1550,0.4484240113,,274.53,1,0,1
B032,2021-07-18 16:00:00,0,614H0033,1.769790251,,,1,0,0
B032,2021-07-18 16:00:00,1,614E1550,8.832910441,,274.53,1,0,1
B032,2021-07-18 17:00:00,0,614H0033,0.02704914484,,,1,0,0
B032,2021-07-18 17:00:00,1,614E1550,0.6377448801,,,1,0,0
B032,2021-07-18 18:00:00,0,614H0033,0.1279040365,,,1,0,0
B032,2021-07-18 18:00:00,1,614E1550,0.3163266901,,274.92,1,0,1
B032,2021-07-18 19:00:00,0,614H0033,0.002704914484,,,1,0,0
B032,2021-07-18 19:00:00,1,614E1550,0.05711477673,,274.89,1,0,1
B032,2021-07-18 20:00:00,0,614H0033,0.8721428282,,,1,0,0
B032,2021-07-18 20:00:00,1,614E1550,0.2240981441,,274.89,1,0,1
B032,2021-07-18 21:00:00,0,614H0033,0.2747424744,,,1,0,0
B032,2021-07-18 21:00:00,1,614E1550,0.108310855,,274.83,1,0,1
B032,2021-07-18 22:00:00,0,614H0033,0.1224942075,,,1,0,0
B032,2021-07-18 22:00:00,1,614E1550,0.01979999469,,274.79,1,0,1
B032,2021-07-18 23:00:00,0,614H0033,0,,,1,0,0
B032,2021-07-18 23:00:00,1,614E1550,0.003841590109,,274.81,1,0,1
B032,2021-07-19 00:00:00,0,614H0033,0,,,1,0,0
B032,2021-07-19 00:00:00,1,614E1550,0.01163864318,,274.78,1,0,1
B032,2021-07-19 01:00:00,0,614H0033,0,,,1,0,0
B032,2021-07-19 01:00:00,1,614E1550,0,,274.76,1,0,1
B032,2021-07-19 02:00:00,0,614H0033,0,,,1,0,0
B032,2021-07-19 02:00:00,1,614E1550,0,,274.74,1,0,1
B032,2021-07-19 03:00:00,0,614H0033,0.002704914484,,,1,0,0
B032,2021-07-19 03:00:00,1,614E1550,0.4070605807,,274.71,1,0,1
B032,2021-07-19 04:00:00,0,614H0033,2.352507229,,,1,0,0
B032,2021-07-19 04:00:00,1,614E1550,3.434492837,,274.7,1,0,1
B032,2021-07-19 05:00:00,0,614H0033,3.778386032,,,1,0,0
B032,2021-07-19 05:00:00,1,614E1550,3.707573221,,274.7,1,0,1
B032,2021-07-19 06:00:00,0,614H0033,13.10997087,,,1,0,0
B032,2021-07-19 06:00:00,1,614E1550,18.88152655,,,1,0,0
B032,2021-07-19 07:00:00,0,614H0033,1.093560069,,,1,0,0
B032,2021-07-19 07:00:00,1,614E1550,3.518987594,,275.45,1,0,1
B032,2021-07-19 08:00:00,0,614H0033,0.4026465109,,,1,0,0
B032,2021-07-19 08:00:00,1,614E1550,2.034487492,,276.48,1,0,1
B032,2021-07-19 09:00:00,0,614H0033,0.261217902,,,1,0,0
B032,2021-07-19 09:00:00,1,614E1550,0.3192221192,,276.36,1,0,1
B032,2021-07-19 10:00:00,0,614H0033,0.2639228165,,,1,0,0
B032,2021-07-19 10:00:00,1,614E1550,0.03237238091,,276.07,1,0,1
B032,2021-07-19 11:00:00,0,614H0033,0.3891219385,,,1,0,0
B032,2021-07-19 11:00:00,1,614E1550,0.4845458591,,275.84,1,0,1
B032,2021-07-19 12:00:00,0,614H0033,0.1224942075,,,1,0,0
B032,2021-07-19 12:00:00,1,614E1550,0.1510708252,,275.66,1,0,1
B032,2021-07-19 13:00:00,0,614H0033,0,,,1,0,0
B032,2021-07-19 13:00:00,1,614E1550,0.05796593846,,275.54,1,0,1
B032,2021-07-19 14:00:00,0,614H0033,0,,,1,0,0
B032,2021-07-19 14:00:00,1,614E1550,0,,275.43,1,0,1
B032,2021-07-19 15:00:00,0,614H0033,0.1170843786,,,1,0,0
B032,2021-07-19 15:00:00,1,614E1550,0.0002476883364,,275.33,1,0,1
B032,2021-07-19 16:00:00,0,614H0033,0,,,1,0,0
B032,2021-07-19 16:00:00,1,614E1550,0,,275.26,1,0,1
B032,2021-07-19 17:00:00,0,614H0033,0,,,1,0,0
B032,2021-07-19 17:00:00,1,614E1550,0.01915361616,,275.19,1,0,1
B032,2021-07-19 18:00:00,0,614H0033,0,,,1,0,0
B032,2021-07-19 18:00:00,1,614E1550,0,,275.13,1,0,1
B032,2021-07-19 19:00:00,0,614H0033,0,,,1,0,0
B032,2021-07-19 19:00:00,1,614E1550,0,,275.09,1,0,1
B032,2021-07-19 20:00:00,0,614H0033,0,,,1,0,0
B032,2021-07-19 20:00:00,1,614E1550,0,,,1,0,0
B032,2021-07-19 21:00:00,0,614H0033,0,,,1,0,0
B032,2021-07-19 21:00:00,1,614E1550,0,,275.01,1,0,1
B032,2021-07-19 22:00:00,0,614H0033,0,,,1,0,0
B032,2021-07-19 22:00:00,1,614E1550,0,,274.98,1,0,1
B032,2021-07-19 23:00:00,0,614H0033,0,,,1,0,0
B032,2021-07-19 23:00:00,1,614E1550,0,,274.95,1,0,1
B032,2021-07-20 00:00:00,0,614H0033,0,,,1,0,0
B032,2021-07-20 00:00:00,1,614E1550,0,,274.92,1,0,1
B032,2021-07-20 01:00:00,0,614H0033,0,,,1,0,0
B032,2021-07-20 01:00:00,1,614E1550,0,,274.9,1,0,1
B032,2021-07-20 02:00:00,0,614H0033,0,,,1,0,0
B032,2021-07-20 02:00:00,1,614E1550,0,,274.88,1,0,1
B032,2021-07-20 03:00:00,0,614H0033,0,,,1,0,0
B032,2021-07-20 03:00:00,1,614E1550,0,,274.86,1,0,1
B032,2021-07-20 04:00:00,0,614H0033,0,,,1,0,0
B032,2021-07-20 04:00:00,1,614E1550,0,,274.85,1,0,1
B032,2021-07-20 05:00:00,0,614H0033,0,,,1,0,0
B032,2021-07-20 05:00:00,1,614E1550,0,,274.83,1,0,1
B032,2021-07-20 06:00:00,0,614H0033,0,,,1,0,0
B032,2021-07-20 06:00:00,1,614E1550,0,,274.82,1,0,1
B032,2021-07-20 07:00:00,0,614H0033,1.556487754,,,1,0,0
B032,2021-07-20 07:00:00,1,614E1550,3.099065919,,274.81,1,0,1
B032,2021-07-20 08:00:00,0,614H0033,0,,,1,0,0
B032,2021-07-20 08:00:00,1,614E1550,0,,274.8,1,0,1
B032,2021-07-20 09:00:00,0,614H0033,0,,,1,0,0
B032,2021-07-20 09:00:00,1,614E1550,0,,274.78,1,0,1
B032,2021-07-20 10:00:00,0,614H0033,0,,,1,0,0
B032,2021-07-20 10:00:00,1,614E1550,0,,274.77,1,0,1
B032,2021-07-20 11:00:00,0,614H0033,0,,,1,0,0
B032,2021-07-20 11:00:00,1,614E1550,0,,274.77,1,0,1
B032,2021-07-20 12:00:00,0,614H0033,0,,,1,0,0
B032,2021-07-20 12:00:00,1,614E1550,0.1903054087,,274.75,1,0,1
B032,2021-07-20 13:00:00,0,614H0033,0,,,1,0,0
B032,2021-07-20 13:00:00,1,614E1550,0.00865024585,,274.74,1,0,1
B032,2021-07-20 14:00:00,0,614H0033,0,,,1,0,0
B032,2021-07-20 14:00:00,1,614E1550,0,,274.74,1,0,1
B032,2021-07-20 15:00:00,0,614H0033,0,,,1,0,0
B032,2021-07-20 15:00:00,1,614E1550,0.001996438579,,274.72,1,0,1
B032,2021-07-20 16:00:00,0,614H0033,0,,,1,0,0
B032,2021-07-20 16:00:00,1,614E1550,0,,274.71,1,0,1
B032,2021-07-20 17:00:00,0,614H0033,0,,,1,0,0
B032,2021-07-20 17:00:00,1,614E1550,0.3786141819,,274.7,1,0,1
B032,2021-07-20 18:00:00,0,614H0033,0,,,1,0,0
B032,2021-07-20 18:00:00,1,614E1550,0,,274.7,1,0,1
B032,2021-07-20 19:00:00,0,614H0033,0,,,1,0,0
B032,2021-07-20 19:00:00,1,614E1550,0,,274.69,1,0,1
B032,2021-07-20 20:00:00,0,614H0033,0,,,1,0,0
B032,2021-07-20 20:00:00,1,614E1550,0,,274.68,1,0,1
B032,2021-07-20 21:00:00,0,614H0033,0,,,1,0,0
B032,2021-07-20 21:00:00,1,614E1550,0,,274.68,1,0,1
B032,2021-07-20 22:00:00,0,614H0033,0,,,1,0,0
B032,2021-07-20 22:00:00,1,614E1550,0,,274.67,1,0,1
B032,2021-07-20 23:00:00,0,614H0033,0,,,1,0,0
B032,2021-07-20 23:00:00,1,614E1550,0,,274.67,1,0,1
B032,2021-07-21 00:00:00,0,614H0033,0,,,1,0,0
B032,2021-07-21 00:00:00,1,614E1550,0,,274.66,1,0,1
B032,2021-07-21 01:00:00,0,614H0033,0,,,1,0,0
B032,2021-07-21 01:00:00,1,614E1550,0.008055620891,,274.66,1,0,1
B032,2021-07-21 02:00:00,0,614H0033,0,,,1,0,0
B032,2021-07-21 02:00:00,1,614E1550,0,,274.65,1,0,1
B032,2021-07-21 03:00:00,0,614H0033,0,,,1,0,0
B032,2021-07-21 03:00:00,1,614E1550,0,,274.65,1,0,1
B032,2021-07-21 04:00:00,0,614H0033,0,,,1,0,0
B032,2021-07-21 04:00:00,1,614E1550,0,,274.65,1,0,1
B032,2021-07-21 05:00:00,0,614H0033,0,,,1,0,0
B032,2021-07-21 05:00:00,1,614E1550,0,,274.64,1,0,1
B032,2021-07-21 06:00:00,0,614H0033,0,,,1,0,0
B032,2021-07-21 06:00:00,1,614E1550,0,,274.64,1,0,1
B032,2021-07-21 07:00:00,0,614H0033,0,,,1,0,0
B032,2021-07-21 07:00:00,1,614E1550,0,,274.63,1,0,1
B032,2021-07-21 08:00:00,0,614H0033,0,,,1,0,0
B032,2021-07-21 08:00:00,1,614E1550,0,,274.63,1,0,1
B032,2021-07-21 09:00:00,0,614H0033,0,,,1,0,0
B032,2021-07-21 09:00:00,1,614E1550,0,,274.62,1,0,1
B032,2021-07-21 10:00:00,0,614H0033,0,,,1,0,0
B032,2021-07-21 10:00:00,1,614E1550,0,,274.62,1,0,1
B032,2021-07-21 11:00:00,0,614H0033,0,,,1,0,0
B032,2021-07-21 11:00:00,1,614E1550,0,,274.61,1,0,1
B032,2021-07-21 12:00:00,0,614H0033,0,,,1,0,0
B032,2021-07-21 12:00:00,1,614E1550,0,,274.61,1,0,1
B032,2021-07-21 13:00:00,0,614H0033,0,,,1,0,0
B032,2021-07-21 13:00:00,1,614E1550,0,,274.61,1,0,1
B032,2021-07-21 14:00:00,0,614H0033,0,,,1,0,0
B032,2021-07-21 14:00:00,1,614E1550,0,,274.61,1,0,1
B032,2021-07-21 15:00:00,0,614H0033,0,,,1,0,0
B032,2021-07-21 15:00:00,1,614E1550,0,,274.6,1,0,1
B032,2021-07-21 16:00:00,0,614H0033,0,,,1,0,0
B032,2021-07-21 16:00:00,1,614E1550,0.01836723493,,274.6,1,0,1
B032,2021-07-21 17:00:00,0,614H0033,0,,,1,0,0
B032,2021-07-21 17:00:00,1,614E1550,0,,274.59,1,0,1
B032,2021-07-21 18:00:00,0,614H0033,0,,,1,0,0
B032,2021-07-21 18:00:00,1,614E1550,0,,274.59,1,0,1
B032,2021-08-07 20:00:00,0,614H0033,0,,,1,0,0
B032,2021-08-07 20:00:00,1,614E1550,0,,274.41,1,0,1
B032,2021-08-07 21:00:00,0,614H0033,0,,,1,0,0
B032,2021-08-07 21:00:00,1,614E1550,0,,274.41,1,0,1
B032,2021-08-07 22:00:00,0,614H0033,0,,,1,0,0
B032,2021-08-07 22:00:00,1,614E1550,0,,274.41,1,0,1
B032,2021-08-07 23:00:00,0,614H0033,0,,,1,0,0
B032,2021-08-07 23:00:00,1,614E1550,0,,274.41,1,0,1
B032,2021-08-08 00:00:00,0,614H0033,0,,,1,0,0
B032,2021-08-08 00:00:00,1,614E1550,0,,274.41,1,0,1
B032,2021-08-08 01:00:00,0,614H0033,0,,,1,0,0
B032,2021-08-08 01:00:00,1,614E1550,0,,274.41,1,0,1
B032,2021-08-08 02:00:00,0,614H0033,0,,,1,0,0
B032,2021-08-08 02:00:00,1,614E1550,0,,274.41,1,0,1
B032,2021-08-08 03:00:00,0,614H0033,0,,,1,0,0
B032,2021-08-08 03:00:00,1,614E1550,0,,274.43,1,0,1
B032,2021-08-08 04:00:00,0,614H0033,0,,,1,0,0
B032,2021-08-08 04:00:00,1,614E1550,0,,274.44,1,0,1
B032,2021-08-08 05:00:00,0,614H0033,0,,,1,0,0
B032,2021-08-08 05:00:00,1,614E1550,0,,274.44,1,0,1
B032,2021-08-08 06:00:00,0,614H0033,0,,,1,0,0
B032,2021-08-08 06:00:00,1,614E1550,0,,274.44,1,0,1
B032,2021-08-08 07:00:00,0,614H0033,0,,,1,0,0
B032,2021-08-08 07:00:00,1,614E1550,1.774204299,,274.43,1,0,1
B032,2021-08-08 08:00:00,0,614H0033,0,,,1,0,0
B032,2021-08-08 08:00:00,1,614E1550,0,,274.43,1,0,1
B032,2021-08-08 09:00:00,0,614H0033,0,,,1,0,0
B032,2021-08-08 09:00:00,1,614E1550,0,,274.43,1,0,1
B032,2021-08-08 10:00:00,0,614H0033,0,,,1,0,0
B032,2021-08-08 10:00:00,1,614E1550,0,,274.43,1,0,1
B032,2021-08-08 11:00:00,0,614H0033,0,,,1,0,0
B032,2021-08-08 11:00:00,1,614E1550,0,,274.43,1,0,1
B032,2021-08-08 12:00:00,0,614H0033,0,,,1,0,0
B032,2021-08-08 12:00:00,1,614E1550,0,,274.43,1,0,1
B032,2021-08-08 13:00:00,0,614H0033,0,,,1,0,0
B032,2021-08-08 13:00:00,1,614E1550,0,,274.43,1,0,1
B032,2021-08-08 14:00:00,0,614H0033,0,,,1,0,0
B032,2021-08-08 14:00:00,1,614E1550,0,,274.43,1,0,1
B032,2021-08-08 15:00:00,0,614H0033,0,,,1,0,0
B032,2021-08-08 15:00:00,1,614E1550,0,,274.43,1,0,1
B032,2021-08-08 16:00:00,0,614H0033,0,,,1,0,0
B032,2021-08-08 16:00:00,1,614E1550,0,,274.42,1,0,1
B032,2021-08-08 17:00:00,0,614H0033,0,,,1,0,0
B032,2021-08-08 17:00:00,1,614E1550,0,,274.42,1,0,1
B032,2021-08-08 18:00:00,0,614H0033,0,,,1,0,0
B032,2021-08-08 18:00:00,1,614E1550,0,,274.42,1,0,1
B032,2021-08-08 19:00:00,0,614H0033,0,,,1,0,0
B032,2021-08-08 19:00:00,1,614E1550,0,,274.42,1,0,1
B032,2021-08-08 20:00:00,0,614H0033,0,,,1,0,0
B032,2021-08-08 20:00:00,1,614E1550,0.0007985754317,,274.42,1,0,1
B032,2021-08-08 21:00:00,0,614H0033,0,,,1,0,0
B032,2021-08-08 21:00:00,1,614E1550,0.008784329748,,274.42,1,0,1
B032,2021-08-08 22:00:00,0,614H0033,0,,,1,0,0
B032,2021-08-08 22:00:00,1,614E1550,0.0003992877158,,274.42,1,0,1
B032,2021-08-08 23:00:00,0,614H0033,0,,,1,0,0
B032,2021-08-08 23:00:00,1,614E1550,0,,274.42,1,0,1
B032,2021-08-09 00:00:00,0,614H0033,0,,,1,0,0
B032,2021-08-09 00:00:00,1,614E1550,0,,274.42,1,0,1
B032,2021-08-09 01:00:00,0,614H0033,0,,,1,0,0
B032,2021-08-09 01:00:00,1,614E1550,0,,274.42,1,0,1
B032,2021-08-09 02:00:00,0,614H0033,0,,,1,0,0
B032,2021-08-09 02:00:00,1,614E1550,0,,274.42,1,0,1
B032,2021-08-09 03:00:00,0,614H0033,0,,,1,0,0
B032,2021-08-09 03:00:00,1,614E1550,0,,274.42,1,0,1
B032,2021-08-09 04:00:00,0,614H0033,0,,,1,0,0
B032,2021-08-09 04:00:00,1,614E1550,0,,274.42,1,0,1
B032,2021-08-09 05:00:00,0,614H0033,0,,,1,0,0
B032,2021-08-09 05:00:00,1,614E1550,0,,274.42,1,0,1
B032,2021-08-09 06:00:00,0,614H0033,0,,,1,0,0
B032,2021-08-09 06:00:00,1,614E1550,0,,274.42,1,0,1
B032,2021-08-09 07:00:00,0,614H0033,0,,,1,0,0
B032,2021-08-09 07:00:00,1,614E1550,0.009982192896,,274.42,1,0,1
B032,2021-08-09 08:00:00,0,614H0033,0,,,1,0,0
B032,2021-08-09 08:00:00,1,614E1550,0,,274.42,1,0,1
B032,2021-08-09 09:00:00,0,614H0033,0,,,1,0,0
B032,2021-08-09 09:00:00,1,614E1550,0,,274.42,1,0,1
B032,2021-08-09 10:00:00,0,614H0033,0,,,1,0,0
B032,2021-08-09 10:00:00,1,614E1550,0.008055620891,,274.42,1,0,1
B032,2021-08-09 11:00:00,0,614H0033,0,,,1,0,0
B032,2021-08-09 11:00:00,1,614E1550,0,,274.42,1,0,1
B032,2021-08-09 12:00:00,0,614H0033,0,,,1,0,0
B032,2021-08-09 12:00:00,1,614E1550,0.0110088883,,274.42,1,0,1
B032,2021-08-09 13:00:00,0,614H0033,0,,,1,0,0
B032,2021-08-09 13:00:00,1,614E1550,0,,274.42,1,0,1
B032,2021-08-09 14:00:00,0,614H0033,0,,,1,0,0
B032,2021-08-09 14:00:00,1,614E1550,0,,274.42,1,0,1
B032,2021-08-09 15:00:00,0,614H0033,0,,,1,0,0
B032,2021-08-09 15:00:00,1,614E1550,0,,274.42,1,0,1
B032,2021-08-09 16:00:00,0,614H0033,0,,,1,0,0
B032,2021-08-09 16:00:00,1,614E1550,0,,274.42,1,0,1
B032,2021-08-09 17:00:00,0,614H0033,0,,,1,0,0
B032,2021-08-09 17:00:00,1,614E1550,0,,274.42,1,0,1
B032,2021-08-09 18:00:00,0,614H0033,0,,,1,0,0
B032,2021-08-09 18:00:00,1,614E1550,0,,274.42,1,0,1
B032,2021-08-09 19:00:00,0,614H0033,0,,,1,0,0
B032,2021-08-09 19:00:00,1,614E1550,0,,274.42,1,0,1
B032,2021-08-09 20:00:00,0,614H0033,0,,,1,0,0
B032,2021-08-09 20:00:00,1,614E1550,1.38999517,,274.42,1,0,1
B032,2021-08-09 21:00:00,0,614H0033,0,,,1,0,0
B032,2021-08-09 21:00:00,1,614E1550,4.70881588,,274.42,1,0,1
B032,2021-08-09 22:00:00,0,614H0033,2.555375816,,,1,0,0
B032,2021-08-09 22:00:00,1,614E1550,7.918615845,,,1,0,0
B032,2021-08-09 23:00:00,0,614H0033,0.4215809123,,,1,0,0
B032,2021-08-09 23:00:00,1,614E1550,0.6334333886,,274.49,1,0,1
B032,2021-08-10 00:00:00,0,614H0033,0.008114743451,,,1,0,0
B032,2021-08-10 00:00:00,1,614E1550,0.1029425394,,274.54,1,0,1
B032,2021-08-10 01:00:00,0,614H0033,0.1170843786,,,1,0,0
B032,2021-08-10 01:00:00,1,614E1550,0.01985248473,,274.64,1,0,1
B032,2021-08-10 02:00:00,0,614H0033,0.002704914484,,,1,0,0
B032,2021-08-10 02:00:00,1,614E1550,0.2335769864,,274.72,1,0,1
B032,2021-08-10 03:00:00,0,614H0033,0,,,1,0,0
B032,2021-08-10 03:00:00,1,614E1550,0.7646184047,,274.73,1,0,1
B032,2021-08-10 04:00:00,0,614H0033,0,,,1,0,0
B032,2021-08-10 04:00:00,1,614E1550,0.06594319332,,274.69,1,0,1
B032,2021-08-10 05:00:00,0,614H0033,0,,,1,0,0
B032,2021-08-10 05:00:00,1,614E1550,0.01461546473,,274.67,1,0,1
B032,2021-08-10 06:00:00,0,614H0033,0,,,1,0,0
B032,2021-08-10 06:00:00,1,614E1550,0,,274.65,1,0,1
B032,2021-08-10 07:00:00,0,614H0033,2.81273,,,1,0,0
B032,2021-08-10 07:00:00,1,614E1550,15.81595731,,274.64,1,0,1
B032,2021-08-10 08:00:00,0,614H0033,0,,,1,0,0
B032,2021-08-10 08:00:00,1,614E1550,0,,274.62,1,0,1
B032,2021-08-10 09:00:00,0,614H0033,0,,,1,0,0
B032,2021-08-10 09:00:00,1,614E1550,0.01852422199,,274.61,1,0,1
B032,2021-08-10 10:00:00,0,614H0033,0,,,1,0,0
B032,2021-08-10 10:00:00,1,614E1550,0.0002701436012,,274.61,1,0,1
B032,2021-08-10 11:00:00,0,614H0033,0,,,1,0,0
B032,2021-08-10 11:00:00,1,614E1550,0,,,1,0,0
B032,2021-08-10 12:00:00,0,614H0033,0,,,1,0,0
B032,2021-08-10 12:00:00,1,614E1550,0.005575663506,,274.58,1,0,1
B032,2021-08-10 13:00:00,0,614H0033,0.002704914484,,,1,0,0
B032,2021-08-10 13:00:00,1,614E1550,0.1820434564,,274.57,1,0,1
B032,2021-08-10 14:00:00,0,614H0033,0.1170843786,,,1,0,0
B032,2021-08-10 14:00:00,1,614E1550,0.01482802314,,274.56,1,0,1
B032,2021-08-10 15:00:00,0,614H0033,0,,,1,0,0
B032,2021-08-10 15:00:00,1,614E1550,0,,274.55,1,0,1
B032,2021-08-10 16:00:00,0,614H0033,0,,,1,0,0
B032,2021-08-10 16:00:00,1,614E1550,0,,274.54,1,0,1
B032,2021-08-10 17:00:00,0,614H0033,0,,,1,0,0
B032,2021-08-10 17:00:00,1,614E1550,0,,274.54,1,0,1
B032,2021-08-10 18:00:00,0,614H0033,0,,,1,0,0
B032,2021-08-10 18:00:00,1,614E1550,0,,274.53,1,0,1
B032,2021-08-10 19:00:00,0,614H0033,0,,,1,0,0
B032,2021-08-10 19:00:00,1,614E1550,0,,274.53,1,0,1
B032,2021-08-10 20:00:00,0,614H0033,0,,,1,0,0
B032,2021-08-10 20:00:00,1,614E1550,0,,274.53,1,0,1
B032,2021-08-10 21:00:00,0,614H0033,0,,,1,0,0
B032,2021-08-10 21:00:00,1,614E1550,0,,274.52,1,0,1
B032,2021-08-10 22:00:00,0,614H0033,0,,,1,0,0
B032,2021-08-10 22:00:00,1,614E1550,0,,274.52,1,0,1
B032,2021-08-10 23:00:00,0,614H0033,0,,,1,0,0
B032,2021-08-10 23:00:00,1,614E1550,0.00865024585,,274.51,1,0,1
B032,2021-08-11 00:00:00,0,614H0033,0,,,1,0,0
B032,2021-08-11 00:00:00,1,614E1550,0,,274.51,1,0,1
B032,2021-08-11 01:00:00,0,614H0033,0,,,1,0,0
B032,2021-08-11 01:00:00,1,614E1550,0,,274.51,1,0,1
B032,2021-08-11 02:00:00,0,614H0033,0,,,1,0,0
B032,2021-08-11 02:00:00,1,614E1550,0,,274.5,1,0,1
B032,2021-08-11 03:00:00,0,614H0033,0,,,1,0,0
B032,2021-08-11 03:00:00,1,614E1550,0,,274.5,1,0,1
B032,2021-08-11 04:00:00,0,614H0033,0,,,1,0,0
B032,2021-08-11 04:00:00,1,614E1550,0,,274.5,1,0,1
B032,2021-08-11 05:00:00,0,614H0033,0,,,1,0,0
B032,2021-08-11 05:00:00,1,614E1550,0,,274.5,1,0,1
B032,2021-08-11 06:00:00,0,614H0033,0,,,1,0,0
B032,2021-08-11 06:00:00,1,614E1550,0,,274.49,1,0,1
B032,2021-08-11 07:00:00,0,614H0033,0.1197892931,,,1,0,0
B032,2021-08-11 07:00:00,1,614E1550,0.2298917545,,274.49,1,0,1
B032,2021-08-11 08:00:00,0,614H0033,0,,,1,0,0
B032,2021-08-11 08:00:00,1,614E1550,0,,274.49,1,0,1
B032,2021-08-11 09:00:00,0,614H0033,0.386417024,,,1,0,0
B032,2021-08-11 09:00:00,1,614E1550,0.0266335639,,274.49,1,0,1
B032,2021-08-11 10:00:00,0,614H0033,0.4621546296,,,1,0,0
B032,2021-08-11 10:00:00,1,614E1550,0.7991989102,,274.49,1,0,1
B032,2021-08-11 11:00:00,0,614H0033,0.002704914484,,,1,0,0
B032,2021-08-11 11:00:00,1,614E1550,0.0005140421805,,274.49,1,0,1
B032,2021-08-11 12:00:00,0,614H0033,0,,,1,0,0
B032,2021-08-11 12:00:00,1,614E1550,0.01951813466,,274.48,1,0,1
B032,2021-08-11 13:00:00,0,614H0033,0.008114743451,,,1,0,0
B032,2021-08-11 13:00:00,1,614E1550,0.001812270143,,274.48,1,0,1
B032,2021-08-11 14:00:00,0,614H0033,0.002704914484,,,1,0,0
B032,2021-08-11 14:00:00,1,614E1550,0.3225941773,,274.48,1,0,1
B032,2021-08-11 15:00:00,0,614H0033,0.002704914484,,,1,0,0
B032,2021-08-11 15:00:00,1,614E1550,0.1444351292,,274.48,1,0,1
B032,2021-08-11 16:00:00,0,614H0033,0,,,1,0,0
B032,2021-08-11 16:00:00,1,614E1550,0.3192653188,,274.48,1,0,1
B032,2021-08-11 17:00:00,0,614H0033,0.002704914484,,,1,0,0
B032,2021-08-11 17:00:00,1,614E1550,0.0005140421805,,274.48,1,0,1
B032,2021-08-11 18:00:00,0,614H0033,0.002704914484,,,1,0,0
B032,2021-08-11 18:00:00,1,614E1550,0.0341999425,,274.48,1,0,1
B032,2021-08-11 19:00:00,0,614H0033,0.002704914484,,,1,0,0
B032,2021-08-11 19:00:00,1,614E1550,0.00916428803,,274.47,1,0,1
B032,2021-08-11 20:00:00,0,614H0033,0,,,1,0,0
B032,2021-08-11 20:00:00,1,614E1550,0.008055620891,,274.47,1,0,1
B032,2021-08-11 21:00:00,0,614H0033,0,,,1,0,0
B032,2021-08-11 21:00:00,1,614E1550,0.00865024585,,274.47,1,0,1
B032,2021-08-11 22:00:00,0,614H0033,0.005409828967,,,1,0,0
B032,2021-08-11 22:00:00,1,614E1550,0.001427372077,,274.47,1,0,1
B032,2021-08-11 23:00:00,0,614H0033,0.01352457242,,,1,0,0
B032,2021-08-11 23:00:00,1,614E1550,0.256736544,,274.47,1,0,1
B032,2021-08-12 00:00:00,0,614H0033,0,,,1,0,0
B032,2021-08-12 00:00:00,1,614E1550,0.01269578643,,274.49,1,0,1
B032,2021-08-12 01:00:00,0,614H0033,0,,,1,0,0
B032,2021-08-12 01:00:00,1,614E1550,0.0003992877158,,274.51,1,0,1
B032,2021-08-12 02:00:00,0,614H0033,0.002704914484,,,1,0,0
B032,2021-08-12 02:00:00,1,614E1550,0.003631583628,,274.5,1,0,1
B032,2021-08-12 03:00:00,0,614H0033,0,,,1,0,0
B032,2021-08-12 03:00:00,1,614E1550,0,,274.5,1,0,1
B032,2021-08-12 04:00:00,0,614H0033,0,,,1,0,0
B032,2021-08-12 04:00:00,1,614E1550,0.008055620891,,274.5,1,0,1
B032,2021-08-12 05:00:00,0,614H0033,0.255808073,,,1,0,0
B032,2021-08-12 05:00:00,1,614E1550,0.2018257119,,274.5,1,0,1
B032,2021-08-12 06:00:00,0,614H0033,0.125199122,,,1,0,0
B032,2021-08-12 06:00:00,1,614E1550,1.033969671,,274.5,1,0,1
B032,2021-08-12 07:00:00,0,614H0033,1.275562395,,,1,0,0
B032,2021-08-12 07:00:00,1,614E1550,3.213297263,,274.49,1,0,1
B032,2021-08-12 08:00:00,0,614H0033,0.005409828967,,,1,0,0
B032,2021-08-12 08:00:00,1,614E1550,0.1299812227,,274.49,1,0,1
B032,2021-08-12 09:00:00,0,614H0033,0,,,1,0,0
B032,2021-08-12 09:00:00,1,614E1550,0.02388514174,,274.49,1,0,1
B032,2021-08-12 10:00:00,0,614H0033,0,,,1,0,0
B032,2021-08-12 10:00:00,1,614E1550,0.0002701436012,,274.49,1,0,1
B032,2021-08-12 11:00:00,0,614H0033,0,,,1,0,0
B032,2021-08-12 11:00:00,1,614E1550,0,,274.49,1,0,1
B032,2021-08-12 12:00:00,0,614H0033,0,,,1,0,0
B032,2021-08-12 12:00:00,1,614E1550,0.008920389451,,274.49,1,0,1
B032,2021-08-12 13:00:00,0,614H0033,0,,,1,0,0
B032,2021-08-12 13:00:00,1,614E1550,0.1101447641,,274.49,1,0,1
B032,2021-08-12 14:00:00,0,614H0033,0.2341687572,,,1,0,0
B032,2021-08-12 14:00:00,1,614E1550,0.3970563329,,274.49,1,0,1
B032,2021-08-12 15:00:00,0,614H0033,0.125199122,,,1,0,0
B032,2021-08-12 15:00:00,1,614E1550,0.6406347742,,274.5,1,0,1
B032,2021-08-15 22:00:00,0,614H0033,0.002704914484,,,1,0,0
B032,2021-08-15 22:00:00,1,614E1550,0.009563575746,,274.66,1,0,1
B032,2021-08-15 23:00:00,0,614H0033,0,,,1,0,0
B032,2021-08-15 23:00:00,1,614E1550,0.0604352133,,274.65,1,0,1
B032,2021-08-16 00:00:00,0,614H0033,0.002704914484,,,1,0,0
B032,2021-08-16 00:00:00,1,614E1550,0.04605300013,,274.64,1,0,1
B032,2021-08-16 01:00:00,0,614H0033,0.002704914484,,,1,0,0
B032,2021-08-16 01:00:00,1,614E1550,0.05966769547,,274.64,1,0,1
B032,2021-08-16 02:00:00,0,614H0033,0.008114743451,,,1,0,0
B032,2021-08-16 02:00:00,1,614E1550,0.1533425996,,274.63,1,0,1
B032,2021-08-16 03:00:00,0,614H0033,0.2476933296,,,1,0,0
B032,2021-08-16 03:00:00,1,614E1550,0.2305711664,,274.63,1,0,1
B032,2021-08-16 04:00:00,0,614H0033,0.005409828967,,,1,0,0
B032,2021-08-16 04:00:00,1,614E1550,0.03629659592,,274.62,1,0,1
B032,2021-08-16 05:00:00,0,614H0033,0.002704914484,,,1,0,0
B032,2021-08-16 05:00:00,1,614E1550,0.0009133298963,,274.62,1,0,1
B032,2021-08-16 06:00:00,0,614H0033,0.002704914484,,,1,0,0
B032,2021-08-16 06:00:00,1,614E1550,0.00916428803,,,1,0,0
B032,2021-08-16 07:00:00,0,614H0033,1.063806009,,,1,0,0
B032,2021-08-16 07:00:00,1,614E1550,1.764029236,,274.61,1,0,1
B032,2021-08-16 08:00:00,0,614H0033,0.1170843786,,,1,0,0
B032,2021-08-16 08:00:00,1,614E1550,0.0002476883364,,274.61,1,0,1
B032,2021-08-16 09:00:00,0,614H0033,0,,,1,0,0
B032,2021-08-16 09:00:00,1,614E1550,0.0002701436012,,274.6,1,0,1
B032,2021-08-16 10:00:00,0,614H0033,0,,,1,0,0
B032,2021-08-16 10:00:00,1,614E1550,0,,274.6,1,0,1
B032,2021-08-16 11:00:00,0,614H0033,0,,,1,0,0
B032,2021-08-16 11:00:00,1,614E1550,0,,274.6,1,0,1
B032,2021-08-16 12:00:00,0,614H0033,0,,,1,0,0
B032,2021-08-16 12:00:00,1,614E1550,0,,274.59,1,0,1
B032,2021-08-16 13:00:00,0,614H0033,0,,,1,0,0
B032,2021-08-16 13:00:00,1,614E1550,0,,274.59,1,0,1
B032,2021-08-16 14:00:00,0,614H0033,0,,,1,0,0
B032,2021-08-16 14:00:00,1,614E1550,0,,274.59,1,0,1
B032,2021-08-16 15:00:00,0,614H0033,0,,,1,0,0
B032,2021-08-16 15:00:00,1,614E1550,0,,274.59,1,0,1
B032,2021-08-16 16:00:00,0,614H0033,0,,,1,0,0
B032,2021-08-16 16:00:00,1,614E1550,0,,274.58,1,0,1
B032,2021-08-16 17:00:00,0,614H0033,0,,,1,0,0
B032,2021-08-16 17:00:00,1,614E1550,0,,274.58,1,0,1
B032,2021-08-16 18:00:00,0,614H0033,0,,,1,0,0
B032,2021-08-16 18:00:00,1,614E1550,0,,274.58,1,0,1
B032,2021-08-16 19:00:00,0,614H0033,0,,,1,0,0
B032,2021-08-16 19:00:00,1,614E1550,0,,,1,0,0
B032,2021-08-16 20:00:00,0,614H0033,0,,,1,0,0
B032,2021-08-16 20:00:00,1,614E1550,0,,274.57,1,0,1
B032,2021-08-16 21:00:00,0,614H0033,0,,,1,0,0
B032,2021-08-16 21:00:00,1,614E1550,0,,274.57,1,0,1
B032,2021-08-16 22:00:00,0,614H0033,0,,,1,0,0
B032,2021-08-16 22:00:00,1,614E1550,0,,274.57,1,0,1
B032,2021-08-16 23:00:00,0,614H0033,0,,,1,0,0
B032,2021-08-16 23:00:00,1,614E1550,0,,274.56,1,0,1
B032,2021-08-17 00:00:00,0,614H0033,0,,,1,0,0
B032,2021-08-17 00:00:00,1,614E1550,0,,274.56,1,0,1
B032,2021-08-17 01:00:00,0,614H0033,0,,,1,0,0
B032,2021-08-17 01:00:00,1,614E1550,0,,274.56,1,0,1
B032,2021-08-17 02:00:00,0,614H0033,0,,,1,0,0
B032,2021-08-17 02:00:00,1,614E1550,0,,274.55,1,0,1
B032,2021-08-17 03:00:00,0,614H0033,0,,,1,0,0
B032,2021-08-17 03:00:00,1,614E1550,0,,274.55,1,0,1
B032,2021-08-17 04:00:00,0,614H0033,0,,,1,0,0
B032,2021-08-17 04:00:00,1,614E1550,0.002318966015,,274.55,1,0,1
B032,2021-08-17 05:00:00,0,614H0033,0,,,1,0,0
B032,2021-08-17 05:00:00,1,614E1550,0,,274.55,1,0,1
B032,2021-08-17 06:00:00,0,614H0033,0,,,1,0,0
B032,2021-08-17 06:00:00,1,614E1550,0,,274.54,1,0,1
B032,2021-08-17 07:00:00,0,614H0033,0.1170843786,,,1,0,0
B032,2021-08-17 07:00:00,1,614E1550,0.002836797953,,274.54,1,0,1
B032,2021-08-17 08:00:00,0,614H0033,0,,,1,0,0
B032,2021-08-17 08:00:00,1,614E1550,0.01769977942,,274.54,1,0,1
B032,2021-08-17 09:00:00,0,614H0033,0,,,1,0,0
B032,2021-08-17 09:00:00,1,614E1550,0,,274.54,1,0,1
B032,2021-08-17 10:00:00,0,614H0033,0.002704914484,,,1,0,0
B032,2021-08-17 10:00:00,1,614E1550,0.02686406745,,274.54,1,0,1
B032,2021-08-17 11:00:00,0,614H0033,0,,,1,0,0
B032,2021-08-17 11:00:00,1,614E1550,0.0003992877158,,274.54,1,0,1
B032,2021-08-17 12:00:00,0,614H0033,0.0162294869,,,1,0,0
B032,2021-08-17 12:00:00,1,614E1550,0.1122783466,,274.53,1,0,1
B032,2021-08-17 13:00:00,0,614H0033,0.008114743451,,,1,0,0
B032,2021-08-17 13:00:00,1,614E1550,0.02829143952,,274.53,1,0,1
B032,2021-08-17 14:00:00,0,614H0033,0,,,1,0,0
B032,2021-08-17 14:00:00,1,614E1550,0.0003992877158,,274.53,1,0,1
B032,2021-08-17 15:00:00,0,614H0033,0,,,1,0,0
B032,2021-08-17 15:00:00,1,614E1550,0,,274.53,1,0,1
B032,2021-08-17 16:00:00,0,614H0033,0,,,1,0,0
B032,2021-08-17 16:00:00,1,614E1550,0,,274.53,1,0,1
B032,2021-08-17 17:00:00,0,614H0033,0,,,1,0,0
B032,2021-08-17 17:00:00,1,614E1550,0,,274.53,1,0,1
B032,2021-08-17 18:00:00,0,614H0033,0,,,1,0,0
B032,2021-08-17 18:00:00,1,614E1550,0,,274.53,1,0,1
B032,2021-08-17 19:00:00,0,614H0033,0,,,1,0,0
B032,2021-08-17 19:00:00,1,614E1550,0,,274.53,1,0,1
B032,2021-08-17 20:00:00,0,614H0033,0,,,1,0,0
B032,2021-08-17 20:00:00,1,614E1550,0,,274.53,1,0,1
B032,2021-08-17 21:00:00,0,614H0033,0,,,1,0,0
B032,2021-08-17 21:00:00,1,614E1550,0,,274.53,1,0,1
B032,2021-08-17 22:00:00,0,614H0033,0,,,1,0,0
B032,2021-08-17 22:00:00,1,614E1550,0.008374451636,,274.52,1,0,1
B032,2021-08-17 23:00:00,0,614H0033,0,,,1,0,0
B032,2021-08-17 23:00:00,1,614E1550,0.3044426487,,274.52,1,0,1
B032,2021-08-18 00:00:00,0,614H0033,0.02975405932,,,1,0,0
B032,2021-08-18 00:00:00,1,614E1550,0.1605187061,,274.52,1,0,1
B032,2021-08-18 01:00:00,0,614H0033,0.1603630103,,,1,0,0
B032,2021-08-18 01:00:00,1,614E1550,0.1502766183,,274.52,1,0,1
B032,2021-08-18 02:00:00,0,614H0033,0.266627731,,,1,0,0
B032,2021-08-18 02:00:00,1,614E1550,0.04438240769,,274.52,1,0,1
B032,2021-08-18 03:00:00,0,614H0033,0.002704914484,,,1,0,0
B032,2021-08-18 03:00:00,1,614E1550,0.001312617612,,274.52,1,0,1
B032,2021-08-18 04:00:00,0,614H0033,0.1197892931,,,1,0,0
B032,2021-08-18 04:00:00,1,614E1550,0.4120942555,,274.52,1,0,1
B032,2021-08-18 05:00:00,0,614H0033,0.1197892931,,,1,0,0
B032,2021-08-18 05:00:00,1,614E1550,0.9808448419,,274.52,1,0,1
B032,2021-08-18 06:00:00,0,614H0033,0,,,1,0,0
B032,2021-08-18 06:00:00,1,614E1550,0.04499847334,,274.53,1,0,1
B032,2021-08-18 07:00:00,0,614H0033,0.5881268074,,,1,0,0
B032,2021-08-18 07:00:00,1,614E1550,2.266961078,,274.52,1,0,1
B032,2021-08-18 08:00:00,0,614H0033,0.002704914484,,,1,0,0
B032,2021-08-18 08:00:00,1,614E1550,0.0005140421805,,274.52,1,0,1
B032,2021-08-18 09:00:00,0,614H0033,0,,,1,0,0
B032,2021-08-18 09:00:00,1,614E1550,0,,274.52,1,0,1
B032,2021-08-18 10:00:00,0,614H0033,0,,,1,0,0
B032,2021-08-18 10:00:00,1,614E1550,0.02503565447,,274.52,1,0,1
B032,2021-08-18 11:00:00,0,614H0033,0,,,1,0,0
B032,2021-08-18 11:00:00,1,614E1550,0.0104686011,,274.52,1,0,1
B032,2021-08-18 12:00:00,0,614H0033,0,,,1,0,0
B032,2021-08-18 12:00:00,1,614E1550,0,,274.53,1,0,1
B032,2021-08-18 13:00:00,0,614H0033,0.173114527,,,1,0,0
B032,2021-08-18 13:00:00,1,614E1550,0.03289869955,,274.53,1,0,1
B032,2021-08-18 14:00:00,0,614H0033,0.002704914484,,,1,0,0
B032,2021-08-18 14:00:00,1,614E1550,0.2905163943,,274.53,1,0,1
B032,2021-08-18 15:00:00,0,614H0033,0,,,1,0,0
B032,2021-08-18 15:00:00,1,614E1550,0.06039862638,,274.53,1,0,1
B032,2021-08-18 16:00:00,0,614H0033,0,,,1,0,0
B032,2021-08-18 16:00:00,1,614E1550,0.7584763856,,274.53,1,0,1
B032,2021-08-18 17:00:00,0,614H0033,0,,,1,0,0
B032,2021-08-18 17:00:00,1,614E1550,1.698222532,,274.54,1,0,1
B032,2021-08-18 18:00:00,0,614H0033,0,,,1,0,0
B032,2021-08-18 18:00:00,1,614E1550,2.445738365,,274.53,1,0,1
B032,2021-08-18 19:00:00,0,614H0033,0,,,1,0,0
B032,2021-08-18 19:00:00,1,614E1550,0.01470947892,,274.53,1,0,1
B032,2021-08-18 20:00:00,0,614H0033,0,,,1,0,0
B032,2021-08-18 20:00:00,1,614E1550,0,,274.53,1,0,1
B032,2021-08-18 21:00:00,0,614H0033,0,,,1,0,0
B032,2021-08-18 21:00:00,1,614E1550,0.008055620891,,274.57,1,0,1
B032,2021-08-18 22:00:00,0,614H0033,0,,,1,0,0
B032,2021-08-18 22:00:00,1,614E1550,0,,274.71,1,0,1
B032,2021-08-18 23:00:00,0,614H0033,0,,,1,0,0
B032,2021-08-18 23:00:00,1,614E1550,0,,274.69,1,0,1
B032,2021-08-19 00:00:00,0,614H0033,0,,,1,0,0
B032,2021-08-19 00:00:00,1,614E1550,0,,274.67,1,0,1
B032,2021-08-19 01:00:00,0,614H0033,0,,,1,0,0
B032,2021-08-19 01:00:00,1,614E1550,0,,274.65,1,0,1
B032,2021-08-19 02:00:00,0,614H0033,0,,,1,0,0
B032,2021-08-19 02:00:00,1,614E1550,0.01915361616,,274.64,1,0,1
B032,2021-08-19 03:00:00,0,614H0033,0,,,1,0,0
B032,2021-08-19 03:00:00,1,614E1550,0,,274.63,1,0,1
B032,2021-08-19 04:00:00,0,614H0033,0,,,1,0,0
B032,2021-08-19 04:00:00,1,614E1550,0.0104686011,,274.61,1,0,1
B032,2021-08-19 05:00:00,0,614H0033,0,,,1,0,0
B032,2021-08-19 05:00:00,1,614E1550,0.0003992877158,,274.61,1,0,1
B032,2021-08-19 06:00:00,0,614H0033,0,,,1,0,0
B032,2021-08-19 06:00:00,1,614E1550,0.003841590109,,274.6,1,0,1
B032,2021-08-19 07:00:00,0,614H0033,0.2956087345,,,1,0,0
B032,2021-08-19 07:00:00,1,614E1550,5.379145183,,274.59,1,0,1
B032,2021-08-19 08:00:00,0,614H0033,0,,,1,0,0
B032,2021-08-19 08:00:00,1,614E1550,0,,274.59,1,0,1
B032,2021-08-19 09:00:00,0,614H0033,0,,,1,0,0
B032,2021-08-19 09:00:00,1,614E1550,0,,274.58,1,0,1
B032,2021-08-19 10:00:00,0,614H0033,0,,,1,0,0
B032,2021-08-19 10:00:00,1,614E1550,0,,274.58,1,0,1
B032,2021-08-19 11:00:00,0,614H0033,0,,,1,0,0
B032,2021-08-19 11:00:00,1,614E1550,0,,274.57,1,0,1
B032,2021-08-19 12:00:00,0,614H0033,0,,,1,0,0
B032,2021-08-19 12:00:00,1,614E1550,0,,274.57,1,0,1
B032,2021-08-19 13:00:00,0,614H0033,0,,,1,0,0
B032,2021-08-19 13:00:00,1,614E1550,0,,274.56,1,0,1
B032,2021-08-19 14:00:00,0,614H0033,0,,,1,0,0
B032,2021-08-19 14:00:00,1,614E1550,0.005943159226,,274.56,1,0,1
B032,2021-08-19 15:00:00,0,614H0033,0.1170843786,,,1,0,0
B032,2021-08-19 15:00:00,1,614E1550,0.0002476883364,,274.56,1,0,1
B032,2021-08-19 16:00:00,0,614H0033,0,,,1,0,0
B032,2021-08-19 16:00:00,1,614E1550,0,,274.55,1,0,1
B032,2021-08-19 17:00:00,0,614H0033,0,,,1,0,0
B032,2021-08-19 17:00:00,1,614E1550,0,,274.55,1,0,1
B032,2021-08-19 18:00:00,0,614H0033,0,,,1,0,0
B032,2021-08-19 18:00:00,1,614E1550,0,,274.54,1,0,1
B032,2021-08-19 19:00:00,0,614H0033,0,,,1,0,0
B032,2021-08-19 19:00:00,1,614E1550,0,,274.54,1,0,1
B032,2021-08-19 20:00:00,0,614H0033,0,,,1,0,0
B032,2021-08-19 20:00:00,1,614E1550,0,,274.54,1,0,1
B032,2021-08-19 21:00:00,0,614H0033,0,,,1,0,0
B032,2021-08-19 21:00:00,1,614E1550,0,,274.53,1,0,1
B032,2021-08-19 22:00:00,0,614H0033,0,,,1,0,0
B032,2021-08-19 22:00:00,1,614E1550,0,,274.53,1,0,1
B032,2021-08-19 23:00:00,0,614H0033,0,,,1,0,0
B032,2021-08-19 23:00:00,1,614E1550,0,,274.53,1,0,1
B032,2021-08-20 00:00:00,0,614H0033,0,,,1,0,0
B032,2021-08-20 00:00:00,1,614E1550,0,,274.53,1,0,1
B032,2021-08-20 01:00:00,0,614H0033,0,,,1,0,0
B032,2021-08-20 01:00:00,1,614E1550,0,,274.53,1,0,1
B032,2021-08-20 02:00:00,0,614H0033,0,,,1,0,0
B032,2021-08-20 02:00:00,1,614E1550,0,,274.53,1,0,1
B032,2021-08-20 03:00:00,0,614H0033,0,,,1,0,0
B032,2021-08-20 03:00:00,1,614E1550,0,,274.53,1,0,1
B032,2021-08-20 04:00:00,0,614H0033,0,,,1,0,0
B032,2021-08-20 04:00:00,1,614E1550,0,,274.52,1,0,1
B032,2021-08-20 05:00:00,0,614H0033,0,,,1,0,0
B032,2021-08-20 05:00:00,1,614E1550,0,,274.52,1,0,1
B032,2021-08-20 06:00:00,0,614H0033,0,,,1,0,0
B032,2021-08-20 06:00:00,1,614E1550,0,,274.52,1,0,1
B032,2021-08-20 07:00:00,0,614H0033,0.1170843786,,,1,0,0
B032,2021-08-20 07:00:00,1,614E1550,0.006190847562,,274.52,1,0,1
B032,2021-08-20 08:00:00,0,614H0033,0,,,1,0,0
B032,2021-08-20 08:00:00,1,614E1550,0,,274.52,1,0,1
B032,2021-08-20 09:00:00,0,614H0033,0,,,1,0,0
B032,2021-08-20 09:00:00,1,614E1550,0,,274.52,1,0,1
B032,2021-08-20 10:00:00,0,614H0033,0,,,1,0,0
B032,2021-08-20 10:00:00,1,614E1550,0,,274.52,1,0,1
B032,2021-08-20 11:00:00,0,614H0033,0,,,1,0,0
B032,2021-08-20 11:00:00,1,614E1550,0,,274.51,1,0,1
B032,2021-08-20 12:00:00,0,614H0033,0,,,1,0,0
B032,2021-08-20 12:00:00,1,614E1550,0,,274.51,1,0,1
B032,2021-08-20 13:00:00,0,614H0033,0,,,1,0,0
B032,2021-08-20 13:00:00,1,614E1550,0,,274.51,1,0,1
B032,2021-08-20 14:00:00,0,614H0033,0.1170843786,,,1,0,0
B032,2021-08-20 14:00:00,1,614E1550,0.0002476883364,,274.51,1,0,1
B032,2021-08-20 15:00:00,0,614H0033,0,,,1,0,0
B032,2021-08-20 15:00:00,1,614E1550,0,,274.51,1,0,1
B032,2021-08-20 16:00:00,0,614H0033,0,,,1,0,0
B032,2021-08-20 16:00:00,1,614E1550,0,,274.51,1,0,1
B032,2021-08-20 17:00:00,0,614H0033,0,,,1,0,0
B032,2021-08-20 17:00:00,1,614E1550,0,,274.51,1,0,1
B032,2021-08-20 18:00:00,0,614H0033,0,,,1,0,0
B032,2021-08-20 18:00:00,1,614E1550,0,,274.5,1,0,1
B032,2021-08-20 19:00:00,0,614H0033,0,,,1,0,0
B032,2021-08-20 19:00:00,1,614E1550,0,,274.5,1,0,1
B032,2021-08-20 20:00:00,0,614H0033,0,,,1,0,0
B032,2021-08-20 20:00:00,1,614E1550,0,,274.5,1,0,1
B032,2021-08-20 21:00:00,0,614H0033,0.002704914484,,,1,0,0
B032,2021-08-20 21:00:00,1,614E1550,0.2435589288,,274.5,1,0,1
B032,2021-08-20 22:00:00,0,614H0033,0.008114743451,,,1,0,0
B032,2021-08-20 22:00:00,1,614E1550,0.2483088948,,274.5,1,0,1
B032,2021-08-20 23:00:00,0,614H0033,0,,,1,0,0
B032,2021-08-20 23:00:00,1,614E1550,0.0107387447,,274.5,1,0,1
B032,2021-08-21 00:00:00,0,614H0033,0.002704914484,,,1,0,0
B032,2021-08-21 00:00:00,1,614E1550,0.008569663072,,274.5,1,0,1
B032,2021-08-21 01:00:00,0,614H0033,0.01081965793,,,1,0,0
B032,2021-08-21 01:00:00,1,614E1550,0.1722549356,,274.5,1,0,1
B032,2021-08-21 02:00:00,0,614H0033,0.002704914484,,,1,0,0
B032,2021-08-21 02:00:00,1,614E1550,0.008569663072,,274.5,1,0,1
B032,2021-08-21 03:00:00,0,614H0033,0,,,1,0,0
B032,2021-08-21 03:00:00,1,614E1550,0.01278756711,,274.5,1,0,1
B032,2021-08-21 04:00:00,0,614H0033,0,,,1,0,0
B032,2021-08-21 04:00:00,1,614E1550,0.00865024585,,274.49,1,0,1
B032,2021-08-21 05:00:00,0,614H0033,0.002704914484,,,1,0,0
B032,2021-08-21 05:00:00,1,614E1550,0.0005140421805,,274.49,1,0,1
B032,2021-08-21 06:00:00,0,614H0033,0,,,1,0,0
B032,2021-08-21 06:00:00,1,614E1550,0,,274.49,1,0,1
B032,2021-08-21 07:00:00,0,614H0033,0.1468384379,,,1,0,0
B032,2021-08-21 07:00:00,1,614E1550,0.7142003735,,274.49,1,0,1
B032,2021-08-21 08:00:00,0,614H0033,0,,,1,0,0
B032,2021-08-21 08:00:00,1,614E1550,0,,274.49,1,0,1
B032,2021-08-21 09:00:00,0,614H0033,0,,,1,0,0
B032,2021-08-21 09:00:00,1,614E1550,0,,274.49,1,0,1
B032,2021-08-21 10:00:00,0,614H0033,0,,,1,0,0
B032,2021-08-21 10:00:00,1,614E1550,0,,274.49,1,0,1
B032,2021-08-21 11:00:00,0,614H0033,0,,,1,0,0
B032,2021-08-21 11:00:00,1,614E1550,0.06095100867,,,1,0,0
B032,2021-08-21 12:00:00,0,614H0033,0,,,1,0,0
B032,2021-08-21 12:00:00,1,614E1550,0.0007985754317,,274.49,1,0,1
B032,2021-08-21 13:00:00,0,614H0033,0,,,1,0,0
B032,2021-08-21 13:00:00,1,614E1550,0,,274.49,1,0,1
B032,2021-08-21 14:00:00,0,614H0033,0,,,1,0,0
B032,2021-08-21 14:00:00,1,614E1550,1.004862437,,274.49,1,0,1
B032,2021-08-21 15:00:00,0,614H0033,0.8331152225,,,1,0,0
B032,2021-08-21 15:00:00,1,614E1550,2.746615019,,,1,0,0
B032,2021-08-21 16:00:00,0,614H0033,0,,,1,0,0
B032,2021-08-21 16:00:00,1,614E1550,0.0173004917,,274.49,1,0,1
B032,2021-08-21 17:00:00,0,614H0033,0,,,1,0,0
B032,2021-08-21 17:00:00,1,614E1550,0,,274.49,1,0,1
B032,2021-08-21 18:00:00,0,614H0033,0,,,1,0,0
B032,2021-08-21 18:00:00,1,614E1550,0,,274.49,1,0,1
B032,2021-08-21 19:00:00,0,614H0033,0.1170843786,,,1,0,0
B032,2021-08-21 19:00:00,1,614E1550,0.0002476883364,,274.5,1,0,1
B032,2021-08-21 20:00:00,0,614H0033,0,,,1,0,0
B032,2021-08-21 20:00:00,1,614E1550,0,,274.49,1,0,1
B032,2021-08-21 21:00:00,0,614H0033,0,,,1,0,0
B032,2021-08-21 21:00:00,1,614E1550,0,,274.49,1,0,1
B032,2021-08-21 22:00:00,0,614H0033,0,,,1,0,0
B032,2021-08-21 22:00:00,1,614E1550,0,,,1,0,0
B032,2021-08-21 23:00:00,0,614H0033,0,,,1,0,0
B032,2021-08-21 23:00:00,1,614E1550,0,,274.49,1,0,1
B032,2021-08-22 00:00:00,0,614H0033,0,,,1,0,0
B032,2021-08-22 00:00:00,1,614E1550,0,,274.49,1,0,1
B032,2021-08-22 01:00:00,0,614H0033,0,,,1,0,0
B032,2021-08-22 01:00:00,1,614E1550,0,,274.5,1,0,1
B032,2021-08-22 02:00:00,0,614H0033,0,,,1,0,0
B032,2021-08-22 02:00:00,1,614E1550,0,,274.5,1,0,1
B032,2021-08-22 03:00:00,0,614H0033,0,,,1,0,0
B032,2021-08-22 03:00:00,1,614E1550,0,,274.51,1,0,1
B032,2021-08-22 04:00:00,0,614H0033,0,,,1,0,0
B032,2021-08-22 04:00:00,1,614E1550,0,,274.52,1,0,1
B032,2021-08-22 05:00:00,0,614H0033,0,,,1,0,0
B032,2021-08-22 05:00:00,1,614E1550,0,,274.52,1,0,1
B032,2021-08-22 06:00:00,0,614H0033,0,,,1,0,0
B032,2021-08-22 06:00:00,1,614E1550,0,,274.52,1,0,1
B032,2021-08-22 07:00:00,0,614H0033,0.950199601,,,1,0,0
B032,2021-08-22 07:00:00,1,614E1550,3.830775219,,274.51,1,0,1
B032,2021-08-22 08:00:00,0,614H0033,0,,,1,0,0
B032,2021-08-22 08:00:00,1,614E1550,0,,274.51,1,0,1
B032,2021-08-22 09:00:00,0,614H0033,0,,,1,0,0
B032,2021-08-22 09:00:00,1,614E1550,0,,274.51,1,0,1
B032,2021-08-22 10:00:00,0,614H0033,0,,,1,0,0
B032,2021-08-22 10:00:00,1,614E1550,0,,274.5,1,0,1
B032,2021-08-22 11:00:00,0,614H0033,0,,,1,0,0
B032,2021-08-22 11:00:00,1,614E1550,0,,274.5,1,0,1
B032,2021-08-22 12:00:00,0,614H0033,0,,,1,0,0
B032,2021-08-22 12:00:00,1,614E1550,0,,274.5,1,0,1
B032,2021-08-22 13:00:00,0,614H0033,0,,,1,0,0
B032,2021-08-22 13:00:00,1,614E1550,0,,274.5,1,0,1
B032,2021-08-22 14:00:00,0,614H0033,0,,,1,0,0
B032,2021-08-22 14:00:00,1,614E1550,0,,274.5,1,0,1
B032,2021-08-22 15:00:00,0,614H0033,0,,,1,0,0
B032,2021-08-22 15:00:00,1,614E1550,0,,274.5,1,0,1
B032,2021-08-22 16:00:00,0,614H0033,0.1170843786,,,1,0,0
B032,2021-08-22 16:00:00,1,614E1550,0.0002476883364,,274.5,1,0,1
B032,2021-08-22 17:00:00,0,614H0033,0,,,1,0,0
B032,2021-08-22 17:00:00,1,614E1550,0,,274.5,1,0,1
B032,2021-08-22 18:00:00,0,614H0033,0,,,1,0,0
B032,2021-08-22 18:00:00,1,614E1550,0,,274.5,1,0,1
B032,2021-08-22 19:00:00,0,614H0033,0,,,1,0,0
B032,2021-08-22 19:00:00,1,614E1550,0,,274.5,1,0,1
B032,2021-08-22 20:00:00,0,614H0033,0,,,1,0,0
B032,2021-08-22 20:00:00,1,614E1550,0,,274.5,1,0,1
B032,2021-08-22 21:00:00,0,614H0033,0,,,1,0,0
B032,2021-08-22 21:00:00,1,614E1550,0,,274.5,1,0,1
B032,2021-08-22 22:00:00,0,614H0033,0,,,1,0,0
B032,2021-08-22 22:00:00,1,614E1550,0,,274.5,1,0,1
B032,2021-08-22 23:00:00,0,614H0033,0,,,1,0,0
B032,2021-08-22 23:00:00,1,614E1550,0,,274.49,1,0,1
B032,2021-08-23 00:00:00,0,614H0033,0,,,1,0,0
B032,2021-08-23 00:00:00,1,614E1550,0,,274.49,1,0,1
B032,2021-08-23 01:00:00,0,614H0033,0,,,1,0,0
B032,2021-08-23 01:00:00,1,614E1550,0,,274.49,1,0,1
B032,2021-08-23 02:00:00,0,614H0033,0,,,1,0,0
B032,2021-08-23 02:00:00,1,614E1550,0,,274.49,1,0,1
B032,2021-08-23 03:00:00,0,614H0033,0,,,1,0,0
B032,2021-08-23 03:00:00,1,614E1550,0,,274.49,1,0,1
B032,2021-08-23 04:00:00,0,614H0033,0,,,1,0,0
B032,2021-08-23 04:00:00,1,614E1550,0,,274.49,1,0,1
B032,2021-08-23 05:00:00,0,614H0033,0,,,1,0,0
B032,2021-08-23 05:00:00,1,614E1550,0,,274.49,1,0,1
B032,2021-08-23 06:00:00,0,614H0033,0,,,1,0,0
B032,2021-08-23 06:00:00,1,614E1550,0,,274.49,1,0,1
B032,2021-08-23 07:00:00,0,614H0033,0.1170843786,,,1,0,0
B032,2021-08-23 07:00:00,1,614E1550,0.0002476883364,,274.49,1,0,1
B032,2021-08-23 08:00:00,0,614H0033,0,,,1,0,0
B032,2021-08-23 08:00:00,1,614E1550,0,,274.49,1,0,1
B032,2021-08-23 09:00:00,0,614H0033,0,,,1,0,0
B032,2021-08-23 09:00:00,1,614E1550,0,,274.48,1,0,1
B032,2021-08-23 10:00:00,0,614H0033,0,,,1,0,0
B032,2021-08-23 10:00:00,1,614E1550,0,,274.48,1,0,1
B032,2021-08-23 11:00:00,0,614H0033,0,,,1,0,0
B032,2021-08-23 11:00:00,1,614E1550,0,,274.48,1,0,1
B032,2021-08-23 12:00:00,0,614H0033,0,,,1,0,0
B032,2021-08-23 12:00:00,1,614E1550,0.07982415541,,274.48,1,0,1
B032,2021-08-23 13:00:00,0,614H0033,0,,,1,0,0
B032,2021-08-23 13:00:00,1,614E1550,0.07850366297,,274.48,1,0,1
B032,2021-08-23 14:00:00,0,614H0033,0,,,1,0,0
B032,2021-08-23 14:00:00,1,614E1550,0,,274.48,1,0,1
B032,2021-08-23 15:00:00,0,614H0033,0.008114743451,,,1,0,0
B032,2021-08-23 15:00:00,1,614E1550,0.001542126541,,274.48,1,0,1
B032,2021-08-23 16:00:00,0,614H0033,0.1224942075,,,1,0,0
B032,2021-08-23 16:00:00,1,614E1550,0.4327263668,,274.48,1,0,1
B032,2021-08-23 17:00:00,0,614H0033,0,,,1,0,0
B032,2021-08-23 17:00:00,1,614E1550,0.008055620891,,274.48,1,0,1
B032,2021-08-23 18:00:00,0,614H0033,0.01352457242,,,1,0,0
B032,2021-08-23 18:00:00,1,614E1550,1.069252088,,274.48,1,0,1
B032,2021-08-23 19:00:00,0,614H0033,1.003524835,,,1,0,0
B032,2021-08-23 19:00:00,1,614E1550,7.741941009,,274.48,1,0,1
B032,2021-08-23 20:00:00,0,614H0033,6.234065759,,,1,0,0
B032,2021-08-23 20:00:00,1,614E1550,5.443321097,,274.51,1,0,1
B032,2021-08-23 21:00:00,0,614H0033,1.080035496,,,1,0,0
B032,2021-08-23 21:00:00,1,614E1550,3.118166789,,274.54,1,0,1
B032,2021-08-23 22:00:00,0,614H0033,0.9331970584,,,1,0,0
B032,2021-08-23 22:00:00,1,614E1550,1.34536255,,274.67,1,0,1
B032,2021-08-23 23:00:00,0,614H0033,3.052694334,,,1,0,0
B032,2021-08-23 23:00:00,1,614E1550,1.36861335,,275.09,1,0,1
B032,2021-08-24 00:00:00,0,614H0033,0.8926233411,,,1,0,0
B032,2021-08-24 00:00:00,1,614E1550,1.2284058,,275.14,1,0,1
B032,2021-08-24 01:00:00,0,614H0033,1.959134265,,,1,0,0
B032,2021-08-24 01:00:00,1,614E1550,1.561308863,,275.15,1,0,1
B032,2021-08-24 02:00:00,0,614H0033,0.3755973661,,,1,0,0
B032,2021-08-24 02:00:00,1,614E1550,0.4031195672,,275.13,1,0,1
B032,2021-08-24 03:00:00,0,614H0033,0.511616146,,,1,0,0
B032,2021-08-24 03:00:00,1,614E1550,1.408661668,,275.13,1,0,1
B032,2021-08-24 04:00:00,0,614H0033,0.005409828967,,,1,0,0
B032,2021-08-24 04:00:00,1,614E1550,0.03558506833,,275.14,1,0,1
B032,2021-08-24 05:00:00,0,614H0033,0.1522482669,,,1,0,0
B032,2021-08-24 05:00:00,1,614E1550,0.3908669769,,275.13,1,0,1
B032,2021-08-24 06:00:00,0,614H0033,0.1197892931,,,1,0,0
B032,2021-08-24 06:00:00,1,614E1550,0.1001046672,,275.11,1,0,1
B032,2021-08-24 07:00:00,0,614H0033,14.63825224,,,1,0,0
B032,2021-08-24 07:00:00,1,614E1550,19.96568312,,275.08,1,0,1
B032,2021-08-24 08:00:00,0,614H0033,0,,,1,0,0
B032,2021-08-24 08:00:00,1,614E1550,0.01344018071,,275.05,1,0,1
B032,2021-08-24 09:00:00,0,614H0033,0,,,1,0,0
B032,2021-08-24 09:00:00,1,614E1550,0.04879545804,,275.01,1,0,1
B032,2021-08-24 10:00:00,0,614H0033,0.1441335234,,,1,0,0
B032,2021-08-24 10:00:00,1,614E1550,0.03240158661,,274.97,1,0,1
B032,2021-08-24 11:00:00,0,614H0033,0.002704914484,,,1,0,0
B032,2021-08-24 11:00:00,1,614E1550,0.009563575746,,274.94,1,0,1
B032,2021-08-24 12:00:00,0,614H0033,0,,,1,0,0
B032,2021-08-24 12:00:00,1,614E1550,0,,274.91,1,0,1
B032,2021-08-24 13:00:00,0,614H0033,0.1170843786,,,1,0,0
B032,2021-08-24 13:00:00,1,614E1550,0.0002476883364,,274.89,1,0,1
B032,2021-08-24 14:00:00,0,614H0033,0,,,1,0,0
B032,2021-08-24 14:00:00,1,614E1550,0,,274.87,1,0,1
B032,2021-08-24 15:00:00,0,614H0033,0,,,1,0,0
B032,2021-08-24 15:00:00,1,614E1550,0,,274.85,1,0,1
B032,2021-08-24 16:00:00,0,614H0033,0,,,1,0,0
B032,2021-08-24 16:00:00,1,614E1550,0,,274.83,1,0,1
B032,2021-08-24 17:00:00,0,614H0033,0,,,1,0,0
B032,2021-08-24 17:00:00,1,614E1550,0,,274.8,1,0,1
B032,2021-08-24 18:00:00,0,614H0033,0,,,1,0,0
B032,2021-08-24 18:00:00,1,614E1550,0,,274.78,1,0,1
B032,2021-08-24 19:00:00,0,614H0033,0,,,1,0,0
B032,2021-08-24 19:00:00,1,614E1550,0,,274.77,1,0,1
B032,2021-08-24 20:00:00,0,614H0033,0,,,1,0,0
B032,2021-08-24 20:00:00,1,614E1550,0,,274.75,1,0,1
B032,2021-08-24 21:00:00,0,614H0033,0,,,1,0,0
B032,2021-08-24 21:00:00,1,614E1550,0,,274.74,1,0,1
B032,2021-08-24 22:00:00,0,614H0033,0,,,1,0,0
B032,2021-08-24 22:00:00,1,614E1550,0,,274.73,1,0,1
B032,2021-08-24 23:00:00,0,614H0033,0,,,1,0,0
B032,2021-08-24 23:00:00,1,614E1550,0,,274.72,1,0,1
B032,2021-08-25 00:00:00,0,614H0033,0,,,1,0,0
B032,2021-08-25 00:00:00,1,614E1550,0,,274.71,1,0,1
B032,2021-08-25 01:00:00,0,614H0033,0,,,1,0,0
B032,2021-08-25 01:00:00,1,614E1550,0,,274.7,1,0,1
B032,2021-08-25 02:00:00,0,614H0033,0,,,1,0,0
B032,2021-08-25 02:00:00,1,614E1550,0,,,1,0,0
B032,2021-08-25 03:00:00,0,614H0033,0,,,1,0,0
B032,2021-08-25 03:00:00,1,614E1550,0,,274.68,1,0,1
B032,2021-08-25 04:00:00,0,614H0033,0,,,1,0,0
B032,2021-08-25 04:00:00,1,614E1550,0,,274.68,1,0,1
B032,2021-08-25 05:00:00,0,614H0033,0,,,1,0,0
B032,2021-08-25 05:00:00,1,614E1550,0,,274.67,1,0,1
B032,2021-08-25 06:00:00,0,614H0033,0,,,1,0,0
B032,2021-08-25 06:00:00,1,614E1550,0,,274.66,1,0,1
B032,2021-08-25 07:00:00,0,614H0033,0.2639228165,,,1,0,0
B032,2021-08-25 07:00:00,1,614E1550,0.1044484894,,274.66,1,0,1
B032,2021-08-25 08:00:00,0,614H0033,0.01081965793,,,1,0,0
B032,2021-08-25 08:00:00,1,614E1550,0.002056168722,,274.65,1,0,1
B032,2021-08-25 09:00:00,0,614H0033,0.125199122,,,1,0,0
B032,2021-08-25 09:00:00,1,614E1550,0.04783605814,,274.65,1,0,1
B032,2021-08-25 10:00:00,0,614H0033,0.3999415964,,,1,0,0
B032,2021-08-25 10:00:00,1,614E1550,0.2729149569,,274.64,1,0,1
B032,2021-08-25 11:00:00,0,614H0033,0.2693326454,,,1,0,0
B032,2021-08-25 11:00:00,1,614E1550,0.4238849781,,274.64,1,0,1
B032,2021-08-25 12:00:00,0,614H0033,0.511616146,,,1,0,0
B032,2021-08-25 12:00:00,1,614E1550,0.3718970078,,274.63,1,0,1
B032,2021-08-25 13:00:00,0,614H0033,0.130608951,,,1,0,0
B032,2021-08-25 13:00:00,1,614E1550,0.09204632991,,274.63,1,0,1
B032,2021-08-25 14:00:00,0,614H0033,0.02434423035,,,1,0,0
B032,2021-08-25 14:00:00,1,614E1550,0.2343811691,,274.63,1,0,1
B032,2021-08-25 15:00:00,0,614H0033,0.2585129875,,,1,0,0
B032,2021-08-25 15:00:00,1,614E1550,0.3044806533,,274.63,1,0,1
B032,2021-08-25 16:00:00,0,614H0033,0.04598354622,,,1,0,0
B032,2021-08-25 16:00:00,1,614E1550,1.142714375,,274.62,1,0,1
B032,2021-08-25 17:00:00,0,614H0033,0.2449884151,,,1,0,0
B032,2021-08-25 17:00:00,1,614E1550,0.1539220173,,274.63,1,0,1
B032,2021-08-25 18:00:00,0,614H0033,0,,,1,0,0
B032,2021-08-25 18:00:00,1,614E1550,0,,274.63,1,0,1
B032,2021-08-25 19:00:00,0,614H0033,0.1197892931,,,1,0,0
B032,2021-08-25 19:00:00,1,614E1550,0.006922286642,,274.64,1,0,1
B032,2021-08-25 20:00:00,0,614H0033,0,,,1,0,0
B032,2021-08-25 20:00:00,1,614E1550,0,,274.64,1,0,1
B032,2021-08-25 21:00:00,0,614H0033,0,,,1,0,0
B032,2021-08-25 21:00:00,1,614E1550,0.0003992877158,,274.64,1,0,1
B032,2021-08-25 22:00:00,0,614H0033,0,,,1,0,0
B032,2021-08-25 22:00:00,1,614E1550,0.01852422199,,274.64,1,0,1
B032,2021-08-25 23:00:00,0,614H0033,0,,,1,0,0
B032,2021-08-25 23:00:00,1,614E1550,0,,274.63,1,0,1
B032,2021-08-26 00:00:00,0,614H0033,0.1170843786,,,1,0,0
B032,2021-08-26 00:00:00,1,614E1550,0.06598705261,,274.63,1,0,1
B032,2021-08-26 01:00:00,0,614H0033,0.008114743451,,,1,0,0
B032,2021-08-26 01:00:00,1,614E1550,0.2559017582,,274.63,1,0,1
B032,2021-08-26 02:00:00,0,614H0033,0.09737692141,,,1,0,0
B032,2021-08-26 02:00:00,1,614E1550,1.322031451,,274.62,1,0,1
B032,2021-08-26 03:00:00,0,614H0033,0.5413702054,,,1,0,0
B032,2021-08-26 03:00:00,1,614E1550,1.044343901,,274.63,1,0,1
B032,2021-08-26 04:00:00,0,614H0033,0.125199122,,,1,0,0
B032,2021-08-26 04:00:00,1,614E1550,0.1359775583,,274.64,1,0,1
B032,2021-08-26 05:00:00,0,614H0033,0.008114743451,,,1,0,0
B032,2021-08-26 05:00:00,1,614E1550,0.8302944614,,274.65,1,0,1
B032,2021-08-26 06:00:00,0,614H0033,0.002704914484,,,1,0,0
B032,2021-08-26 06:00:00,1,614E1550,0.1418936759,,274.66,1,0,1
B032,2021-08-26 07:00:00,0,614H0033,0.5823296698,,,1,0,0
B032,2021-08-26 07:00:00,1,614E1550,4.954963406,,274.68,1,0,1
B032,2021-08-26 08:00:00,0,614H0033,0,,,1,0,0
B032,2021-08-26 08:00:00,1,614E1550,0.01670586674,,274.7,1,0,1
B032,2021-08-26 09:00:00,0,614H0033,0,,,1,0,0
B032,2021-08-26 09:00:00,1,614E1550,0.0003992877158,,274.7,1,0,1
B032,2021-08-26 10:00:00,0,614H0033,0.002704914484,,,1,0,0
B032,2021-08-26 10:00:00,1,614E1550,0.00916428803,,274.7,1,0,1
B032,2021-08-26 11:00:00,0,614H0033,0,,,1,0,0
B032,2021-08-26 11:00:00,1,614E1550,0,,274.71,1,0,1
B032,2021-08-26 12:00:00,0,614H0033,0,,,1,0,0
B032,2021-08-26 12:00:00,1,614E1550,0,,274.7,1,0,1
B032,2021-08-26 13:00:00,0,614H0033,0,,,1,0,0
B032,2021-08-26 13:00:00,1,614E1550,0.0002701436012,,274.69,1,0,1
B032,2021-08-26 14:00:00,0,614H0033,0.1170843786,,,1,0,0
B032,2021-08-26 14:00:00,1,614E1550,0.008897934186,,274.68,1,0,1
B032,2022-04-10 10:00:00,0,614H0033,0,,,1,0,0
B032,2022-04-10 10:00:00,1,614E1550,0,,274.39,1,0,1
B032,2022-04-10 11:00:00,0,614H0033,0,,,1,0,0
B032,2022-04-10 11:00:00,1,614E1550,0,,274.4,1,0,1
B032,2022-04-10 12:00:00,0,614H0033,0,,,1,0,0
B032,2022-04-10 12:00:00,1,614E1550,0,,274.4,1,0,1
B032,2022-04-10 13:00:00,0,614H0033,0,,,1,0,0
B032,2022-04-10 13:00:00,1,614E1550,0,,274.41,1,0,1
B032,2022-04-10 14:00:00,0,614H0033,0,,,1,0,0
B032,2022-04-10 14:00:00,1,614E1550,0,,274.41,1,0,1
B032,2022-04-10 15:00:00,0,614H0033,0,,,1,0,0
B032,2022-04-10 15:00:00,1,614E1550,0,,274.42,1,0,1
B032,2022-04-10 16:00:00,0,614H0033,0,,,1,0,0
B032,2022-04-10 16:00:00,1,614E1550,0,,274.42,1,0,1
B032,2022-04-10 17:00:00,0,614H0033,0,,,1,0,0
B032,2022-04-10 17:00:00,1,614E1550,0,,274.42,1,0,1
B032,2022-04-10 18:00:00,0,614H0033,0,,,1,0,0
B032,2022-04-10 18:00:00,1,614E1550,0,,274.42,1,0,1
B032,2022-04-10 19:00:00,0,614H0033,0,,,1,0,0
B032,2022-04-10 19:00:00,1,614E1550,0,,274.42,1,0,1
B032,2022-04-10 20:00:00,0,614H0033,0,,,1,0,0
B032,2022-04-10 20:00:00,1,614E1550,0,,274.42,1,0,1
B032,2022-04-10 21:00:00,0,614H0033,0,,,1,0,0
B032,2022-04-10 21:00:00,1,614E1550,0,,274.42,1,0,1
B032,2022-04-10 22:00:00,0,614H0033,0,,,1,0,0
B032,2022-04-10 22:00:00,1,614E1550,0,,274.42,1,0,1
B032,2022-04-10 23:00:00,0,614H0033,0,,,1,0,0
B032,2022-04-10 23:00:00,1,614E1550,0,,274.41,1,0,1
B032,2022-04-11 00:00:00,0,614H0033,0,,,1,0,0
B032,2022-04-11 00:00:00,1,614E1550,0,,274.41,1,0,1
B032,2022-04-11 01:00:00,0,614H0033,0,,,1,0,0
B032,2022-04-11 01:00:00,1,614E1550,0,,274.41,1,0,1
B032,2022-04-11 02:00:00,0,614H0033,0,,,1,0,0
B032,2022-04-11 02:00:00,1,614E1550,0,,274.41,1,0,1
B032,2022-04-11 03:00:00,0,614H0033,0,,,1,0,0
B032,2022-04-11 03:00:00,1,614E1550,0,,274.41,1,0,1
B032,2022-04-11 04:00:00,0,614H0033,0,,,1,0,0
B032,2022-04-11 04:00:00,1,614E1550,0,,274.41,1,0,1
B032,2022-04-11 05:00:00,0,614H0033,0,,,1,0,0
B032,2022-04-11 05:00:00,1,614E1550,0,,274.41,1,0,1
B032,2022-04-11 06:00:00,0,614H0033,0,,,1,0,0
B032,2022-04-11 06:00:00,1,614E1550,0,,274.41,1,0,1
B032,2022-04-11 07:00:00,0,614H0033,0,,,1,0,0
B032,2022-04-11 07:00:00,1,614E1550,0,,274.42,1,0,1
B032,2022-04-11 08:00:00,0,614H0033,0,,,1,0,0
B032,2022-04-11 08:00:00,1,614E1550,0,,274.42,1,0,1
B032,2022-04-11 09:00:00,0,614H0033,0,,,1,0,0
B032,2022-04-11 09:00:00,1,614E1550,0,,274.42,1,0,1
B032,2022-04-11 10:00:00,0,614H0033,0,,,1,0,0
B032,2022-04-11 10:00:00,1,614E1550,0,,274.42,1,0,1
B032,2022-04-11 11:00:00,0,614H0033,0,,,1,0,0
B032,2022-04-11 11:00:00,1,614E1550,0,,274.42,1,0,1
B032,2022-04-11 12:00:00,0,614H0033,0,,,1,0,0
B032,2022-04-11 12:00:00,1,614E1550,0,,274.42,1,0,1
B032,2022-04-11 13:00:00,0,614H0033,0,,,1,0,0
B032,2022-04-11 13:00:00,1,614E1550,0,,274.42,1,0,1
B032,2022-04-11 14:00:00,0,614H0033,0,,,1,0,0
B032,2022-04-11 14:00:00,1,614E1550,0,,274.42,1,0,1
B032,2022-04-11 15:00:00,0,614H0033,0,,,1,0,0
B032,2022-04-11 15:00:00,1,614E1550,0,,274.42,1,0,1
B032,2022-04-11 16:00:00,0,614H0033,0,,,1,0,0
B032,2022-04-11 16:00:00,1,614E1550,0,,274.42,1,0,1
B032,2022-04-11 17:00:00,0,614H0033,0,,,1,0,0
B032,2022-04-11 17:00:00,1,614E1550,0,,274.42,1,0,1
B032,2022-04-11 18:00:00,0,614H0033,0,,,1,0,0
B032,2022-04-11 18:00:00,1,614E1550,0,,274.42,1,0,1
B032,2022-04-11 19:00:00,0,614H0033,0,,,1,0,0
B032,2022-04-11 19:00:00,1,614E1550,0,,274.42,1,0,1
B032,2022-04-11 20:00:00,0,614H0033,0,,,1,0,0
B032,2022-04-11 20:00:00,1,614E1550,0,,274.42,1,0,1
B032,2022-04-11 21:00:00,0,614H0033,0,,,1,0,0
B032,2022-04-11 21:00:00,1,614E1550,0,,274.42,1,0,1
B032,2022-04-11 22:00:00,0,614H0033,0,,,1,0,0
B032,2022-04-11 22:00:00,1,614E1550,0,,274.42,1,0,1
B032,2022-04-11 23:00:00,0,614H0033,0,,,1,0,0
B032,2022-04-11 23:00:00,1,614E1550,0,,274.42,1,0,1
B032,2022-04-12 00:00:00,0,614H0033,0,,,1,0,0
B032,2022-04-12 00:00:00,1,614E1550,0,,274.42,1,0,1
B032,2022-04-12 01:00:00,0,614H0033,0,,,1,0,0
B032,2022-04-12 01:00:00,1,614E1550,0,,274.42,1,0,1
B032,2022-04-12 02:00:00,0,614H0033,0,,,1,0,0
B032,2022-04-12 02:00:00,1,614E1550,0,,274.42,1,0,1
B032,2022-04-12 03:00:00,0,614H0033,0,,,1,0,0
B032,2022-04-12 03:00:00,1,614E1550,0,,274.42,1,0,1
B032,2022-04-12 04:00:00,0,614H0033,0,,,1,0,0
B032,2022-04-12 04:00:00,1,614E1550,0,,274.42,1,0,1
B032,2022-04-12 05:00:00,0,614H0033,0,,,1,0,0
B032,2022-04-12 05:00:00,1,614E1550,0,,274.42,1,0,1
B032,2022-04-12 06:00:00,0,614H0033,0,,,1,0,0
B032,2022-04-12 06:00:00,1,614E1550,0,,274.42,1,0,1
B032,2022-04-12 07:00:00,0,614H0033,0,,,1,0,0
B032,2022-04-12 07:00:00,1,614E1550,0,,274.42,1,0,1
B032,2022-04-12 08:00:00,0,614H0033,0,,,1,0,0
B032,2022-04-12 08:00:00,1,614E1550,0,,274.42,1,0,1
B032,2022-04-12 09:00:00,0,614H0033,0,,,1,0,0
B032,2022-04-12 09:00:00,1,614E1550,0,,274.42,1,0,1
B032,2022-04-12 10:00:00,0,614H0033,1.074625667,,,1,0,0
B032,2022-04-12 10:00:00,1,614E1550,2.725420885,,274.42,1,0,1
B032,2022-04-12 11:00:00,0,614H0033,2.08549219,,,1,0,0
B032,2022-04-12 11:00:00,1,614E1550,3.677597055,,274.42,1,0,1
B032,2022-04-12 12:00:00,0,614H0033,0.397236682,,,1,0,0
B032,2022-04-12 12:00:00,1,614E1550,0.6375470267,,274.43,1,0,1
B032,2022-04-12 13:00:00,0,614H0033,0.4026465109,,,1,0,0
B032,2022-04-12 13:00:00,1,614E1550,0.8317734391,,274.44,1,0,1
B032,2022-04-12 14:00:00,0,614H0033,2.097857959,,,1,0,0
B032,2022-04-12 14:00:00,1,614E1550,3.322312028,,274.44,1,0,1
B032,2022-04-12 15:00:00,0,614H0033,1.708736021,,,1,0,0
B032,2022-04-12 15:00:00,1,614E1550,4.503869063,,274.46,1,0,1
B032,2022-04-12 16:00:00,0,614H0033,1.322318997,,,1,0,0
B032,2022-04-12 16:00:00,1,614E1550,3.403328849,,274.49,1,0,1
B032,2022-04-12 17:00:00,0,614H0033,1.687096705,,,1,0,0
B032,2022-04-12 17:00:00,1,614E1550,2.675945515,,274.53,1,0,1
B032,2022-04-12 18:00:00,0,614H0033,0.9250823149,,,1,0,0
B032,2022-04-12 18:00:00,1,614E1550,2.017437343,,274.64,1,0,1
B032,2022-04-12 19:00:00,0,614H0033,0.6503398405,,,1,0,0
B032,2022-04-12 19:00:00,1,614E1550,1.727527519,,274.77,1,0,1
B032,2022-04-12 20:00:00,0,614H0033,0.9304921439,,,1,0,0
B032,2022-04-12 20:00:00,1,614E1550,1.731840873,,274.94,1,0,1
B032,2022-04-12 21:00:00,0,614H0033,0.1387236944,,,1,0,0
B032,2022-04-12 21:00:00,1,614E1550,0.2852602045,,275,1,0,1
B032,2022-04-12 22:00:00,0,614H0033,0.2531031585,,,1,0,0
B032,2022-04-12 22:00:00,1,614E1550,0.3195281767,,275.03,1,0,1
B032,2022-04-12 23:00:00,0,614H0033,0.002704914484,,,1,0,0
B032,2022-04-12 23:00:00,1,614E1550,0.1343028055,,275.05,1,0,1
B032,2022-04-13 00:00:00,0,614H0033,0.2476933296,,,1,0,0
B032,2022-04-13 00:00:00,1,614E1550,0.1819967154,,275.04,1,0,1
B032,2022-04-13 01:00:00,0,614H0033,0.005409828967,,,1,0,0
B032,2022-04-13 01:00:00,1,614E1550,0.05541900512,,275,1,0,1
B032,2022-04-13 02:00:00,0,614H0033,0.1197892931,,,1,0,0
B032,2022-04-13 02:00:00,1,614E1550,0.06070173875,,274.96,1,0,1
B032,2022-04-13 03:00:00,0,614H0033,0.1279040365,,,1,0,0
B032,2022-04-13 03:00:00,1,614E1550,0.2524721734,,274.93,1,0,1
B032,2022-04-13 04:00:00,0,614H0033,0.002704914484,,,1,0,0
B032,2022-04-13 04:00:00,1,614E1550,0.04289859971,,274.89,1,0,1
B032,2022-04-13 05:00:00,0,614H0033,0,,,1,0,0
B032,2022-04-13 05:00:00,1,614E1550,0.008749665741,,274.86,1,0,1
B032,2022-04-13 06:00:00,0,614H0033,0.002704914484,,,1,0,0
B032,2022-04-13 06:00:00,1,614E1550,0.00916428803,,274.84,1,0,1
B032,2022-04-13 07:00:00,0,614H0033,14.18266312,,,1,0,0
B032,2022-04-13 07:00:00,1,614E1550,28.60509297,,274.81,1,0,1
B032,2022-04-13 08:00:00,0,614H0033,0,,,1,0,0
B032,2022-04-13 08:00:00,1,614E1550,0,,274.79,1,0,1
B032,2022-04-13 09:00:00,0,614H0033,0,,,1,0,0
B032,2022-04-13 09:00:00,1,614E1550,0.01611124178,,274.77,1,0,1
B032,2022-04-13 10:00:00,0,614H0033,0,,,1,0,0
B032,2022-04-13 10:00:00,1,614E1550,0,,274.75,1,0,1
B032,2022-04-13 11:00:00,0,614H0033,0,,,1,0,0
B032,2022-04-13 11:00:00,1,614E1550,0,,274.74,1,0,1
B032,2022-04-13 12:00:00,0,614H0033,0,,,1,0,0
B032,2022-04-13 12:00:00,1,614E1550,0,,274.72,1,0,1
B032,2022-04-13 13:00:00,0,614H0033,0,,,1,0,0
B032,2022-04-13 13:00:00,1,614E1550,0,,274.71,1,0,1
B032,2022-04-13 14:00:00,0,614H0033,0,,,1,0,0
B032,2022-04-13 14:00:00,1,614E1550,0,,274.69,1,0,1
B032,2022-04-13 15:00:00,0,614H0033,0,,,1,0,0
B032,2022-04-13 15:00:00,1,614E1550,0,,274.69,1,0,1
B032,2022-04-13 16:00:00,0,614H0033,0,,,1,0,0
B032,2022-04-13 16:00:00,1,614E1550,0,,274.67,1,0,1
B032,2022-04-13 17:00:00,0,614H0033,0,,,1,0,0
B032,2022-04-13 17:00:00,1,614E1550,0,,274.66,1,0,1
B032,2022-04-13 18:00:00,0,614H0033,0,,,1,0,0
B032,2022-04-13 18:00:00,1,614E1550,0,,274.66,1,0,1
B032,2022-04-13 19:00:00,0,614H0033,0,,,1,0,0
B032,2022-04-13 19:00:00,1,614E1550,0,,274.65,1,0,1
B032,2022-04-13 20:00:00,0,614H0033,0,,,1,0,0
B032,2022-04-13 20:00:00,1,614E1550,0,,274.64,1,0,1
B032,2022-04-13 21:00:00,0,614H0033,0,,,1,0,0
B032,2022-04-13 21:00:00,1,614E1550,0,,274.63,1,0,1
B032,2022-04-13 22:00:00,0,614H0033,0,,,1,0,0
B032,2022-04-13 22:00:00,1,614E1550,0,,274.63,1,0,1
B032,2022-04-13 23:00:00,0,614H0033,0,,,1,0,0
B032,2022-04-13 23:00:00,1,614E1550,0,,274.62,1,0,1
B032,2022-04-14 00:00:00,0,614H0033,0,,,1,0,0
B032,2022-04-14 00:00:00,1,614E1550,0,,274.61,1,0,1
B032,2022-04-14 01:00:00,0,614H0033,0,,,1,0,0
B032,2022-04-14 01:00:00,1,614E1550,0,,274.61,1,0,1
B032,2022-04-14 02:00:00,0,614H0033,0,,,1,0,0
B032,2022-04-14 02:00:00,1,614E1550,0,,274.6,1,0,1
B032,2022-04-14 03:00:00,0,614H0033,0,,,1,0,0
B032,2022-04-14 03:00:00,1,614E1550,0,,274.6,1,0,1
B032,2022-04-14 04:00:00,0,614H0033,0,,,1,0,0
B032,2022-04-14 04:00:00,1,614E1550,0,,274.59,1,0,1
B032,2022-04-14 05:00:00,0,614H0033,0.008114743451,,,1,0,0
B032,2022-04-14 05:00:00,1,614E1550,0.2370901195,,274.59,1,0,1
B032,2022-04-14 06:00:00,0,614H0033,0.7701291336,,,1,0,0
B032,2022-04-14 06:00:00,1,614E1550,1.692849505,,274.59,1,0,1
B032,2022-04-14 07:00:00,0,614H0033,0.7160308439,,,1,0,0
B032,2022-04-14 07:00:00,1,614E1550,0.532961451,,274.58,1,0,1
B032,2022-04-14 08:00:00,0,614H0033,0.1279040365,,,1,0,0
B032,2022-04-14 08:00:00,1,614E1550,0.6452039268,,274.58,1,0,1
B032,2022-04-14 09:00:00,0,614H0033,0.1279040365,,,1,0,0
B032,2022-04-14 09:00:00,1,614E1550,0.2326154468,,274.58,1,0,1
B032,2022-04-14 10:00:00,0,614H0033,0.1197892931,,,1,0,0
B032,2022-04-14 10:00:00,1,614E1550,0.0104806954,,274.59,1,0,1
B032,2022-04-14 11:00:00,0,614H0033,0.002704914484,,,1,0,0
B032,2022-04-14 11:00:00,1,614E1550,0.0005140421805,,274.59,1,0,1
B032,2022-04-14 12:00:00,0,614H0033,0,,,1,0,0
B032,2022-04-14 12:00:00,1,614E1550,0.09007704684,,274.6,1,0,1
B032,2022-04-14 13:00:00,0,614H0033,0.1197892931,,,1,0,0
B032,2022-04-14 13:00:00,1,614E1550,0.2723038977,,274.6,1,0,1
B032,2022-04-14 14:00:00,0,614H0033,0.13601878,,,1,0,0
B032,2022-04-14 14:00:00,1,614E1550,0.3617641825,,274.6,1,0,1
B032,2022-04-14 15:00:00,0,614H0033,0.6665693274,,,1,0,0
B032,2022-04-14 15:00:00,1,614E1550,1.833769715,,274.6,1,0,1
B032,2022-04-14 16:00:00,0,614H0033,0.6503398405,,,1,0,0
B032,2022-04-14 16:00:00,1,614E1550,1.834382373,,274.61,1,0,1
B032,2022-04-14 17:00:00,0,614H0033,0.511616146,,,1,0,0
B032,2022-04-14 17:00:00,1,614E1550,0.7074454731,,274.62,1,0,1
B032,2022-04-14 18:00:00,0,614H0033,0.125199122,,,1,0,0
B032,2022-04-14 18:00:00,1,614E1550,0.1321672898,,274.64,1,0,1
B032,2022-04-14 19:00:00,0,614H0033,0.125199122,,,1,0,0
B032,2022-04-14 19:00:00,1,614E1550,0.2191587725,,274.68,1,0,1
B032,2022-04-14 20:00:00,0,614H0033,0.005409828967,,,1,0,0
B032,2022-04-14 20:00:00,1,614E1550,0.2040983045,,274.71,1,0,1
B032,2022-04-14 21:00:00,0,614H0033,0.3810071951,,,1,0,0
B032,2022-04-14 21:00:00,1,614E1550,0.3657503284,,274.75,1,0,1
B032,2022-04-14 22:00:00,0,614H0033,0.1279040365,,,1,0,0
B032,2022-04-14 22:00:00,1,614E1550,0.2978489401,,274.76,1,0,1
B032,2022-04-14 23:00:00,0,614H0033,0.01893440139,,,1,0,0
B032,2022-04-14 23:00:00,1,614E1550,0.2007919719,,274.76,1,0,1
B032,2022-04-15 00:00:00,0,614H0033,0.2693326454,,,1,0,0
B032,2022-04-15 00:00:00,1,614E1550,0.6558311976,,274.76,1,0,1
B032,2022-04-15 01:00:00,0,614H0033,0.002704914484,,,1,0,0
B032,2022-04-15 01:00:00,1,614E1550,0.09030761882,,274.75,1,0,1
B032,2022-04-15 02:00:00,0,614H0033,0.2531031585,,,1,0,0
B032,2022-04-15 02:00:00,1,614E1550,0.3246824313,,274.75,1,0,1
B032,2022-04-15 03:00:00,0,614H0033,0.6827988143,,,1,0,0
B032,2022-04-15 03:00:00,1,614E1550,1.584937865,,274.75,1,0,1
B032,2022-04-15 04:00:00,0,614H0033,0.9331970584,,,1,0,0
B032,2022-04-15 04:00:00,1,614E1550,1.973966363,,274.75,1,0,1
B032,2022-04-15 05:00:00,0,614H0033,0.9196724859,,,1,0,0
B032,2022-04-15 05:00:00,1,614E1550,1.266855592,,274.76,1,0,1
B032,2022-04-15 06:00:00,0,614H0033,0.2693326454,,,1,0,0
B032,2022-04-15 06:00:00,1,614E1550,0.3837653576,,274.78,1,0,1
B032,2022-04-15 07:00:00,0,614H0033,0.6557496695,,,1,0,0
B032,2022-04-15 07:00:00,1,614E1550,0.8500714801,,274.84,1,0,1
B032,2022-04-15 08:00:00,0,614H0033,0.2693326454,,,1,0,0
B032,2022-04-15 08:00:00,1,614E1550,0.5123181062,,274.91,1,0,1
B032,2022-04-15 09:00:00,0,614H0033,0.2639228165,,,1,0,0
B032,2022-04-15 09:00:00,1,614E1550,0.4971494337,,274.97,1,0,1
B032,2022-04-15 10:00:00,0,614H0033,0.13601878,,,1,0,0
B032,2022-04-15 10:00:00,1,614E1550,0.4799451433,,274.99,1,0,1
B032,2022-04-22 17:00:00,0,614H0033,0,,,1,0,0
B032,2022-04-22 17:00:00,1,614E1550,0,,274.47,1,0,1
B032,2022-04-22 18:00:00,0,614H0033,0,,,1,0,0
B032,2022-04-22 18:00:00,1,614E1550,0,,274.47,1,0,1
B032,2022-04-22 19:00:00,0,614H0033,0,,,1,0,0
B032,2022-04-22 19:00:00,1,614E1550,0,,274.47,1,0,1
B032,2022-04-22 20:00:00,0,614H0033,0,,,1,0,0
B032,2022-04-22 20:00:00,1,614E1550,0,,274.47,1,0,1
B032,2022-04-22 21:00:00,0,614H0033,0,,,1,0,0
B032,2022-04-22 21:00:00,1,614E1550,0,,274.47,1,0,1
B032,2022-04-22 22:00:00,0,614H0033,0,,,1,0,0
B032,2022-04-22 22:00:00,1,614E1550,0,,274.47,1,0,1
B032,2022-04-22 23:00:00,0,614H0033,0,,,1,0,0
B032,2022-04-22 23:00:00,1,614E1550,0,,274.47,1,0,1
B032,2022-04-23 00:00:00,0,614H0033,0,,,1,0,0
B032,2022-04-23 00:00:00,1,614E1550,0,,274.47,1,0,1
B032,2022-04-23 01:00:00,0,614H0033,0,,,1,0,0
B032,2022-04-23 01:00:00,1,614E1550,0,,274.46,1,0,1
B032,2022-04-23 02:00:00,0,614H0033,0,,,1,0,0
B032,2022-04-23 02:00:00,1,614E1550,0,,274.46,1,0,1
B032,2022-04-23 03:00:00,0,614H0033,0,,,1,0,0
B032,2022-04-23 03:00:00,1,614E1550,0,,274.46,1,0,1
B032,2022-04-23 04:00:00,0,614H0033,0,,,1,0,0
B032,2022-04-23 04:00:00,1,614E1550,0,,274.46,1,0,1
B032,2022-04-23 05:00:00,0,614H0033,0,,,1,0,0
B032,2022-04-23 05:00:00,1,614E1550,0,,274.46,1,0,1
B032,2022-04-23 06:00:00,0,614H0033,0,,,1,0,0
B032,2022-04-23 06:00:00,1,614E1550,0,,274.46,1,0,1
B032,2022-04-23 07:00:00,0,614H0033,0,,,1,0,0
B032,2022-04-23 07:00:00,1,614E1550,0,,274.46,1,0,1
B032,2022-04-23 08:00:00,0,614H0033,0,,,1,0,0
B032,2022-04-23 08:00:00,1,614E1550,0,,274.46,1,0,1
B032,2022-04-23 09:00:00,0,614H0033,0,,,1,0,0
B032,2022-04-23 09:00:00,1,614E1550,0,,274.46,1,0,1
B032,2022-04-23 10:00:00,0,614H0033,0,,,1,0,0
B032,2022-04-23 10:00:00,1,614E1550,0,,274.46,1,0,1
B032,2022-04-23 11:00:00,0,614H0033,0,,,1,0,0
B032,2022-04-23 11:00:00,1,614E1550,0,,274.46,1,0,1
B032,2022-04-23 12:00:00,0,614H0033,0,,,1,0,0
B032,2022-04-23 12:00:00,1,614E1550,0,,274.46,1,0,1
B032,2022-04-23 13:00:00,0,614H0033,0,,,1,0,0
B032,2022-04-23 13:00:00,1,614E1550,0,,274.46,1,0,1
B032,2022-04-23 14:00:00,0,614H0033,0,,,1,0,0
B032,2022-04-23 14:00:00,1,614E1550,0,,274.46,1,0,1
B032,2022-04-23 15:00:00,0,614H0033,0,,,1,0,0
B032,2022-04-23 15:00:00,1,614E1550,0,,274.46,1,0,1
B032,2022-04-23 16:00:00,0,614H0033,0,,,1,0,0
B032,2022-04-23 16:00:00,1,614E1550,0,,274.45,1,0,1
B032,2022-04-23 17:00:00,0,614H0033,0,,,1,0,0
B032,2022-04-23 17:00:00,1,614E1550,0,,274.45,1,0,1
B032,2022-04-23 18:00:00,0,614H0033,0,,,1,0,0
B032,2022-04-23 18:00:00,1,614E1550,0,,274.45,1,0,1
B032,2022-04-23 19:00:00,0,614H0033,0,,,1,0,0
B032,2022-04-23 19:00:00,1,614E1550,0,,274.45,1,0,1
B032,2022-04-23 20:00:00,0,614H0033,0,,,1,0,0
B032,2022-04-23 20:00:00,1,614E1550,0,,274.45,1,0,1
B032,2022-04-23 21:00:00,0,614H0033,0,,,1,0,0
B032,2022-04-23 21:00:00,1,614E1550,0,,274.45,1,0,1
B032,2022-04-23 22:00:00,0,614H0033,0,,,1,0,0
B032,2022-04-23 22:00:00,1,614E1550,0,,274.45,1,0,1
B032,2022-04-23 23:00:00,0,614H0033,0,,,1,0,0
B032,2022-04-23 23:00:00,1,614E1550,0,,274.45,1,0,1
B032,2022-04-24 00:00:00,0,614H0033,0,,,1,0,0
B032,2022-04-24 00:00:00,1,614E1550,0,,274.45,1,0,1
B032,2022-04-24 01:00:00,0,614H0033,0,,,1,0,0
B032,2022-04-24 01:00:00,1,614E1550,0,,274.45,1,0,1
B032,2022-04-24 02:00:00,0,614H0033,0,,,1,0,0
B032,2022-04-24 02:00:00,1,614E1550,0,,274.45,1,0,1
B032,2022-04-24 03:00:00,0,614H0033,0,,,1,0,0
B032,2022-04-24 03:00:00,1,614E1550,0,,,1,0,0
B032,2022-04-24 04:00:00,0,614H0033,0,,,1,0,0
B032,2022-04-24 04:00:00,1,614E1550,0,,274.45,1,0,1
B032,2022-04-24 05:00:00,0,614H0033,0,,,1,0,0
B032,2022-04-24 05:00:00,1,614E1550,0,,274.45,1,0,1
B032,2022-04-24 06:00:00,0,614H0033,0,,,1,0,0
B032,2022-04-24 06:00:00,1,614E1550,0,,274.45,1,0,1
B032,2022-04-24 07:00:00,0,614H0033,0,,,1,0,0
B032,2022-04-24 07:00:00,1,614E1550,0,,274.45,1,0,1
B032,2022-04-24 08:00:00,0,614H0033,0,,,1,0,0
B032,2022-04-24 08:00:00,1,614E1550,0,,274.45,1,0,1
B032,2022-04-24 09:00:00,0,614H0033,0,,,1,0,0
B032,2022-04-24 09:00:00,1,614E1550,0,,274.45,1,0,1
B032,2022-04-24 10:00:00,0,614H0033,0,,,1,0,0
B032,2022-04-24 10:00:00,1,614E1550,0,,274.45,1,0,1
B032,2022-04-24 11:00:00,0,614H0033,0,,,1,0,0
B032,2022-04-24 11:00:00,1,614E1550,0,,274.45,1,0,1
B032,2022-04-24 12:00:00,0,614H0033,0,,,1,0,0
B032,2022-04-24 12:00:00,1,614E1550,0,,274.45,1,0,1
B032,2022-04-24 13:00:00,0,614H0033,0,,,1,0,0
B032,2022-04-24 13:00:00,1,614E1550,0,,274.45,1,0,1
B032,2022-04-24 14:00:00,0,614H0033,0,,,1,0,0
B032,2022-04-24 14:00:00,1,614E1550,0,,274.45,1,0,1
B032,2022-04-24 15:00:00,0,614H0033,0,,,1,0,0
B032,2022-04-24 15:00:00,1,614E1550,0,,274.45,1,0,1
B032,2022-04-24 16:00:00,0,614H0033,0,,,1,0,0
B032,2022-04-24 16:00:00,1,614E1550,0,,274.45,1,0,1
B032,2022-04-24 17:00:00,0,614H0033,0,,,1,0,0
B032,2022-04-24 17:00:00,1,614E1550,0.1369268067,,274.45,1,0,1
B032,2022-04-24 18:00:00,0,614H0033,0,,,1,0,0
B032,2022-04-24 18:00:00,1,614E1550,0,,274.45,1,0,1
B032,2022-04-24 19:00:00,0,614H0033,0,,,1,0,0
B032,2022-04-24 19:00:00,1,614E1550,0.0108506349,,274.45,1,0,1
B032,2022-04-24 20:00:00,0,614H0033,0,,,1,0,0
B032,2022-04-24 20:00:00,1,614E1550,0.3084012531,,274.45,1,0,1
B032,2022-04-24 21:00:00,0,614H0033,0.13601878,,,1,0,0
B032,2022-04-24 21:00:00,1,614E1550,4.433267386,,274.45,1,0,1
B032,2022-04-24 22:00:00,0,614H0033,1.104379727,,,1,0,0
B032,2022-04-24 22:00:00,1,614E1550,4.95288197,,274.45,1,0,1
B032,2022-04-24 23:00:00,0,614H0033,0.005409828967,,,1,0,0
B032,2022-04-24 23:00:00,1,614E1550,0.1921195707,,274.46,1,0,1
B032,2022-04-25 00:00:00,0,614H0033,0.1170843786,,,1,0,0
B032,2022-04-25 00:00:00,1,614E1550,0.0357519439,,274.47,1,0,1
B032,2022-04-25 01:00:00,0,614H0033,0.002704914484,,,1,0,0
B032,2022-04-25 01:00:00,1,614E1550,0.0005140421805,,274.48,1,0,1
B032,2022-04-25 02:00:00,0,614H0033,0,,,1,0,0
B032,2022-04-25 02:00:00,1,614E1550,0.01670586674,,274.53,1,0,1
B032,2022-04-25 03:00:00,0,614H0033,0,,,1,0,0
B032,2022-04-25 03:00:00,1,614E1550,0.0002701436012,,,1,0,0
B032,2022-04-25 04:00:00,0,614H0033,0,,,1,0,0
B032,2022-04-25 04:00:00,1,614E1550,0.003841590109,,274.67,1,0,1
B032,2022-04-25 05:00:00,0,614H0033,0.002704914484,,,1,0,0
B032,2022-04-25 05:00:00,1,614E1550,0.0005140421805,,274.65,1,0,1
B032,2022-04-25 06:00:00,0,614H0033,0,,,1,0,0
B032,2022-04-25 06:00:00,1,614E1550,0,,274.63,1,0,1
B032,2022-04-25 07:00:00,0,614H0033,1.368302543,,,1,0,0
B032,2022-04-25 07:00:00,1,614E1550,10.09204525,,274.62,1,0,1
B032,2022-04-25 08:00:00,0,614H0033,0,,,1,0,0
B032,2022-04-25 08:00:00,1,614E1550,0,,274.61,1,0,1
B032,2022-04-25 09:00:00,0,614H0033,0,,,1,0,0
B032,2022-04-25 09:00:00,1,614E1550,0,,274.59,1,0,1
B032,2022-04-25 10:00:00,0,614H0033,0,,,1,0,0
B032,2022-04-25 10:00:00,1,614E1550,0,,274.58,1,0,1
B032,2022-04-25 11:00:00,0,614H0033,0,,,1,0,0
B032,2022-04-25 11:00:00,1,614E1550,0,,274.58,1,0,1
B032,2022-04-25 12:00:00,0,614H0033,0,,,1,0,0
B032,2022-04-25 12:00:00,1,614E1550,0,,274.57,1,0,1
B032,2022-04-25 13:00:00,0,614H0033,0,,,1,0,0
B032,2022-04-25 13:00:00,1,614E1550,0,,274.56,1,0,1
B032,2022-04-25 14:00:00,0,614H0033,0.002704914484,,,1,0,0
B032,2022-04-25 14:00:00,1,614E1550,0.03513792862,,274.56,1,0,1
B032,2022-04-25 15:00:00,0,614H0033,0.1279040365,,,1,0,0
B032,2022-04-25 15:00:00,1,614E1550,0.05297414193,,274.55,1,0,1
B032,2022-04-25 16:00:00,0,614H0033,0,,,1,0,0
B032,2022-04-25 16:00:00,1,614E1550,0,,274.54,1,0,1
B032,2022-04-25 17:00:00,0,614H0033,0,,,1,0,0
B032,2022-04-25 17:00:00,1,614E1550,0,,274.54,1,0,1
B032,2022-04-25 18:00:00,0,614H0033,0,,,1,0,0
B032,2022-04-25 18:00:00,1,614E1550,0,,274.53,1,0,1
B032,2022-04-25 19:00:00,0,614H0033,0,,,1,0,0
B032,2022-04-25 19:00:00,1,614E1550,0,,274.53,1,0,1
B032,2022-04-25 20:00:00,0,614H0033,0,,,1,0,0
B032,2022-04-25 20:00:00,1,614E1550,0,,274.53,1,0,1
B032,2022-04-25 21:00:00,0,614H0033,0,,,1,0,0
B032,2022-04-25 21:00:00,1,614E1550,0.001597150863,,274.53,1,0,1
B032,2022-04-25 22:00:00,0,614H0033,0,,,1,0,0
B032,2022-04-25 22:00:00,1,614E1550,0.0003992877158,,274.52,1,0,1
B032,2022-04-25 23:00:00,0,614H0033,0,,,1,0,0
B032,2022-04-25 23:00:00,1,614E1550,0.001197863148,,274.52,1,0,1
B032,2022-04-26 00:00:00,0,614H0033,0,,,1,0,0
B032,2022-04-26 00:00:00,1,614E1550,0.003992877158,,274.52,1,0,1
B032,2022-04-26 01:00:00,0,614H0033,0,,,1,0,0
B032,2022-04-26 01:00:00,1,614E1550,0,,274.51,1,0,1
B032,2022-04-26 02:00:00,0,614H0033,0,,,1,0,0
B032,2022-04-26 02:00:00,1,614E1550,0.0005402872023,,274.51,1,0,1
B032,2022-04-26 03:00:00,0,614H0033,0,,,1,0,0
B032,2022-04-26 03:00:00,1,614E1550,0,,274.51,1,0,1
B032,2022-04-26 04:00:00,0,614H0033,0,,,1,0,0
B032,2022-04-26 04:00:00,1,614E1550,0.0002701436012,,,1,0,0
B032,2022-04-26 05:00:00,0,614H0033,0,,,1,0,0
B032,2022-04-26 05:00:00,1,614E1550,0,,274.5,1,0,1
B032,2022-04-26 06:00:00,0,614H0033,0,,,1,0,0
B032,2022-04-26 06:00:00,1,614E1550,0,,,1,0,0
B032,2022-04-26 07:00:00,0,614H0033,0.130608951,,,1,0,0
B032,2022-04-26 07:00:00,1,614E1550,0.09610968024,,274.5,1,0,1
B032,2022-04-26 08:00:00,0,614H0033,0,,,1,0,0
B032,2022-04-26 08:00:00,1,614E1550,0,,274.5,1,0,1
B032,2022-04-26 09:00:00,0,614H0033,0,,,1,0,0
B032,2022-04-26 09:00:00,1,614E1550,0,,274.5,1,0,1
B032,2022-04-26 10:00:00,0,614H0033,0,,,1,0,0
B032,2022-04-26 10:00:00,1,614E1550,0,,274.5,1,0,1
B032,2022-04-26 11:00:00,0,614H0033,0,,,1,0,0
B032,2022-04-26 11:00:00,1,614E1550,0,,274.49,1,0,1
B032,2022-04-26 12:00:00,0,614H0033,0,,,1,0,0
B032,2022-04-26 12:00:00,1,614E1550,0,,274.49,1,0,1
B032,2022-04-26 13:00:00,0,614H0033,0,,,1,0,0
B032,2022-04-26 13:00:00,1,614E1550,0,,274.49,1,0,1
B032,2022-04-26 14:00:00,0,614H0033,0,,,1,0,0
B032,2022-04-26 14:00:00,1,614E1550,0,,274.49,1,0,1
B032,2022-04-26 15:00:00,0,614H0033,0,,,1,0,0
B032,2022-04-26 15:00:00,1,614E1550,0,,274.49,1,0,1
B032,2022-04-26 16:00:00,0,614H0033,0,,,1,0,0
B032,2022-04-26 16:00:00,1,614E1550,0,,274.49,1,0,1
B032,2022-04-26 17:00:00,0,614H0033,0,,,1,0,0
B032,2022-04-26 17:00:00,1,614E1550,0,,274.49,1,0,1
B032,2022-04-26 18:00:00,0,614H0033,0,,,1,0,0
B032,2022-04-26 18:00:00,1,614E1550,0,,274.48,1,0,1
B032,2022-04-26 19:00:00,0,614H0033,0,,,1,0,0
B032,2022-04-26 19:00:00,1,614E1550,0,,274.48,1,0,1
B032,2022-04-26 20:00:00,0,614H0033,0,,,1,0,0
B032,2022-04-26 20:00:00,1,614E1550,0,,274.48,1,0,1
B032,2022-04-26 21:00:00,0,614H0033,0,,,1,0,0
B032,2022-04-26 21:00:00,1,614E1550,0,,274.48,1,0,1
B032,2022-04-26 22:00:00,0,614H0033,0,,,1,0,0
B032,2022-04-26 22:00:00,1,614E1550,0,,274.48,1,0,1
B032,2022-04-26 23:00:00,0,614H0033,0,,,1,0,0
B032,2022-04-26 23:00:00,1,614E1550,0,,274.48,1,0,1
B032,2022-04-27 00:00:00,0,614H0033,0,,,1,0,0
B032,2022-04-27 00:00:00,1,614E1550,0,,274.48,1,0,1
B032,2022-04-27 01:00:00,0,614H0033,0,,,1,0,0
B032,2022-04-27 01:00:00,1,614E1550,0,,274.48,1,0,1
B032,2022-04-27 02:00:00,0,614H0033,0,,,1,0,0
B032,2022-04-27 02:00:00,1,614E1550,0,,274.48,1,0,1
B032,2022-04-27 03:00:00,0,614H0033,0,,,1,0,0
B032,2022-04-27 03:00:00,1,614E1550,0,,274.48,1,0,1
B032,2022-04-27 04:00:00,0,614H0033,0,,,1,0,0
B032,2022-04-27 04:00:00,1,614E1550,0,,274.48,1,0,1
B032,2022-04-27 05:00:00,0,614H0033,0,,,1,0,0
B032,2022-04-27 05:00:00,1,614E1550,0,,274.48,1,0,1
B032,2022-04-27 06:00:00,0,614H0033,0,,,1,0,0
B032,2022-04-27 06:00:00,1,614E1550,0,,274.48,1,0,1
B032,2022-04-27 07:00:00,0,614H0033,0,,,1,0,0
B032,2022-04-27 07:00:00,1,614E1550,0,,274.48,1,0,1
B032,2022-04-27 08:00:00,0,614H0033,0,,,1,0,0
B032,2022-04-27 08:00:00,1,614E1550,0,,274.48,1,0,1
B032,2022-04-27 09:00:00,0,614H0033,0,,,1,0,0
B032,2022-04-27 09:00:00,1,614E1550,0,,274.48,1,0,1
B032,2022-04-27 10:00:00,0,614H0033,0,,,1,0,0
B032,2022-04-27 10:00:00,1,614E1550,0,,274.47,1,0,1
B032,2022-04-27 11:00:00,0,614H0033,0,,,1,0,0
B032,2022-04-27 11:00:00,1,614E1550,0,,274.47,1,0,1
B032,2022-04-27 12:00:00,0,614H0033,0,,,1,0,0
B032,2022-04-27 12:00:00,1,614E1550,0,,274.47,1,0,1
B032,2022-04-27 13:00:00,0,614H0033,0,,,1,0,0
B032,2022-04-27 13:00:00,1,614E1550,0,,274.47,1,0,1
B032,2022-04-27 14:00:00,0,614H0033,0,,,1,0,0
B032,2022-04-27 14:00:00,1,614E1550,0,,274.47,1,0,1
B032,2022-04-27 15:00:00,0,614H0033,0,,,1,0,0
B032,2022-04-27 15:00:00,1,614E1550,0,,274.47,1,0,1
B032,2022-04-27 16:00:00,0,614H0033,0,,,1,0,0
B032,2022-04-27 16:00:00,1,614E1550,0,,274.47,1,0,1
B032,2022-04-27 17:00:00,0,614H0033,0,,,1,0,0
B032,2022-04-27 17:00:00,1,614E1550,0.09566334773,,274.47,1,0,1
B032,2022-04-27 18:00:00,0,614H0033,0,,,1,0,0
B032,2022-04-27 18:00:00,1,614E1550,0.05880232644,,274.47,1,0,1
B032,2022-04-27 19:00:00,0,614H0033,0,,,1,0,0
B032,2022-04-27 19:00:00,1,614E1550,0.008055620891,,274.47,1,0,1
B032,2022-04-27 20:00:00,0,614H0033,0,,,1,0,0
B032,2022-04-27 20:00:00,1,614E1550,0,,274.47,1,0,1
B032,2022-04-27 21:00:00,0,614H0033,0,,,1,0,0
B032,2022-04-27 21:00:00,1,614E1550,0,,274.47,1,0,1
B032,2022-04-27 22:00:00,0,614H0033,0,,,1,0,0
B032,2022-04-27 22:00:00,1,614E1550,0,,274.47,1,0,1
B032,2022-04-27 23:00:00,0,614H0033,0,,,1,0,0
B032,2022-04-27 23:00:00,1,614E1550,0,,274.47,1,0,1
B032,2022-04-28 00:00:00,0,614H0033,0,,,1,0,0
B032,2022-04-28 00:00:00,1,614E1550,0,,274.47,1,0,1
B032,2022-04-28 01:00:00,0,614H0033,0,,,1,0,0
B032,2022-04-28 01:00:00,1,614E1550,0,,274.47,1,0,1
B032,2022-04-28 02:00:00,0,614H0033,0,,,1,0,0
B032,2022-04-28 02:00:00,1,614E1550,0,,274.48,1,0,1
B032,2022-04-28 03:00:00,0,614H0033,0,,,1,0,0
B032,2022-04-28 03:00:00,1,614E1550,0,,274.49,1,0,1
B032,2022-04-28 04:00:00,0,614H0033,0,,,1,0,0
B032,2022-04-28 04:00:00,1,614E1550,0.07994681717,,274.49,1,0,1
B032,2022-04-28 05:00:00,0,614H0033,0,,,1,0,0
B032,2022-04-28 05:00:00,1,614E1550,0.1545371848,,274.49,1,0,1
B032,2022-04-28 06:00:00,0,614H0033,0.7674242191,,,1,0,0
B032,2022-04-28 06:00:00,1,614E1550,1.799270388,,274.49,1,0,1
B032,2022-04-28 07:00:00,0,614H0033,1.314204253,,,1,0,0
B032,2022-04-28 07:00:00,1,614E1550,3.588219847,,274.49,1,0,1
B032,2022-04-28 08:00:00,0,614H0033,3.896629214,,,1,0,0
B032,2022-04-28 08:00:00,1,614E1550,6.391791011,,274.51,1,0,1
B032,2022-05-06 20:00:00,0,614H0033,0,,,1,0,0
B032,2022-05-06 20:00:00,1,614E1550,0,,274.47,1,0,1
B032,2022-05-06 21:00:00,0,614H0033,0,,,1,0,0
B032,2022-05-06 21:00:00,1,614E1550,0,,274.46,1,0,1
B032,2022-05-06 22:00:00,0,614H0033,0,,,1,0,0
B032,2022-05-06 22:00:00,1,614E1550,0,,274.46,1,0,1
B032,2022-05-06 23:00:00,0,614H0033,0,,,1,0,0
B032,2022-05-06 23:00:00,1,614E1550,0,,274.46,1,0,1
B032,2022-05-07 00:00:00,0,614H0033,0,,,1,0,0
B032,2022-05-07 00:00:00,1,614E1550,0,,274.46,1,0,1
B032,2022-05-07 01:00:00,0,614H0033,0,,,1,0,0
B032,2022-05-07 01:00:00,1,614E1550,0,,274.46,1,0,1
B032,2022-05-07 02:00:00,0,614H0033,0,,,1,0,0
B032,2022-05-07 02:00:00,1,614E1550,0,,274.46,1,0,1
B032,2022-05-07 03:00:00,0,614H0033,0,,,1,0,0
B032,2022-05-07 03:00:00,1,614E1550,0,,274.46,1,0,1
B032,2022-05-07 04:00:00,0,614H0033,0,,,1,0,0
B032,2022-05-07 04:00:00,1,614E1550,0,,274.46,1,0,1
B032,2022-05-07 05:00:00,0,614H0033,0,,,1,0,0
B032,2022-05-07 05:00:00,1,614E1550,0,,274.46,1,0,1
B032,2022-05-07 06:00:00,0,614H0033,0,,,1,0,0
B032,2022-05-07 06:00:00,1,614E1550,0,,274.46,1,0,1
B032,2022-05-07 07:00:00,0,614H0033,0,,,1,0,0
B032,2022-05-07 07:00:00,1,614E1550,0,,274.46,1,0,1
B032,2022-05-07 08:00:00,0,614H0033,0,,,1,0,0
B032,2022-05-07 08:00:00,1,614E1550,0,,274.46,1,0,1
B032,2022-05-07 09:00:00,0,614H0033,0,,,1,0,0
B032,2022-05-07 09:00:00,1,614E1550,0,,274.46,1,0,1
B032,2022-05-07 10:00:00,0,614H0033,0,,,1,0,0
B032,2022-05-07 10:00:00,1,614E1550,0,,274.46,1,0,1
B032,2022-05-07 11:00:00,0,614H0033,0,,,1,0,0
B032,2022-05-07 11:00:00,1,614E1550,0,,274.46,1,0,1
B032,2022-05-07 12:00:00,0,614H0033,0,,,1,0,0
B032,2022-05-07 12:00:00,1,614E1550,0,,274.46,1,0,1
B032,2022-05-07 13:00:00,0,614H0033,0,,,1,0,0
B032,2022-05-07 13:00:00,1,614E1550,0,,274.46,1,0,1
B032,2022-05-07 14:00:00,0,614H0033,0,,,1,0,0
B032,2022-05-07 14:00:00,1,614E1550,0,,274.46,1,0,1
B032,2022-05-07 15:00:00,0,614H0033,0,,,1,0,0
B032,2022-05-07 15:00:00,1,614E1550,0,,274.46,1,0,1
B032,2022-05-07 16:00:00,0,614H0033,0,,,1,0,0
B032,2022-05-07 16:00:00,1,614E1550,0,,274.46,1,0,1
B032,2022-05-07 17:00:00,0,614H0033,0,,,1,0,0
B032,2022-05-07 17:00:00,1,614E1550,0,,274.46,1,0,1
B032,2022-05-07 18:00:00,0,614H0033,0,,,1,0,0
B032,2022-05-07 18:00:00,1,614E1550,0,,274.46,1,0,1
B032,2022-05-07 19:00:00,0,614H0033,0,,,1,0,0
B032,2022-05-07 19:00:00,1,614E1550,0,,274.46,1,0,1
B032,2022-05-07 20:00:00,0,614H0033,0,,,1,0,0
B032,2022-05-07 20:00:00,1,614E1550,0,,274.46,1,0,1
B032,2022-05-07 21:00:00,0,614H0033,0,,,1,0,0
B032,2022-05-07 21:00:00,1,614E1550,0,,274.46,1,0,1
B032,2022-05-07 22:00:00,0,614H0033,0,,,1,0,0
B032,2022-05-07 22:00:00,1,614E1550,0,,274.46,1,0,1
B032,2022-05-07 23:00:00,0,614H0033,0,,,1,0,0
B032,2022-05-07 23:00:00,1,614E1550,0,,274.46,1,0,1
B032,2022-05-08 00:00:00,0,614H0033,0,,,1,0,0
B032,2022-05-08 00:00:00,1,614E1550,0,,274.46,1,0,1
B032,2022-05-08 01:00:00,0,614H0033,0,,,1,0,0
B032,2022-05-08 01:00:00,1,614E1550,0,,274.46,1,0,1
B032,2022-05-08 02:00:00,0,614H0033,0,,,1,0,0
B032,2022-05-08 02:00:00,1,614E1550,0,,274.46,1,0,1
B032,2022-05-08 03:00:00,0,614H0033,0,,,1,0,0
B032,2022-05-08 03:00:00,1,614E1550,0,,274.46,1,0,1
B032,2022-05-08 04:00:00,0,614H0033,0,,,1,0,0
B032,2022-05-08 04:00:00,1,614E1550,0.0121673546,,274.46,1,0,1
B032,2022-05-08 05:00:00,0,614H0033,0,,,1,0,0
B032,2022-05-08 05:00:00,1,614E1550,0.0313117891,,274.46,1,0,1
B032,2022-05-08 06:00:00,0,614H0033,0,,,1,0,0
B032,2022-05-08 06:00:00,1,614E1550,0,,274.46,1,0,1
B032,2022-05-08 07:00:00,0,614H0033,0,,,1,0,0
B032,2022-05-08 07:00:00,1,614E1550,0.0434791437,,274.46,1,0,1
B032,2022-05-08 08:00:00,0,614H0033,0,,,1,0,0
B032,2022-05-08 08:00:00,1,614E1550,0,,274.46,1,0,1
B032,2022-05-08 09:00:00,0,614H0033,0.005409828967,,,1,0,0
B032,2022-05-08 09:00:00,1,614E1550,0.01325220736,,274.46,1,0,1
B032,2022-05-08 10:00:00,0,614H0033,0.005409828967,,,1,0,0
B032,2022-05-08 10:00:00,1,614E1550,0.1637008302,,274.46,1,0,1
B032,2022-05-08 11:00:00,0,614H0033,0.002704914484,,,1,0,0
B032,2022-05-08 11:00:00,1,614E1550,0.01781453388,,274.46,1,0,1
B032,2022-05-08 12:00:00,0,614H0033,0,,,1,0,0
B032,2022-05-08 12:00:00,1,614E1550,0,,274.46,1,0,1
B032,2022-05-08 13:00:00,0,614H0033,0,,,1,0,0
B032,2022-05-08 13:00:00,1,614E1550,0,,274.46,1,0,1
B032,2022-05-08 14:00:00,0,614H0033,0,,,1,0,0
B032,2022-05-08 14:00:00,1,614E1550,0,,274.46,1,0,1
B032,2022-05-08 15:00:00,0,614H0033,0,,,1,0,0
B032,2022-05-08 15:00:00,1,614E1550,0,,274.46,1,0,1
B032,2022-05-08 16:00:00,0,614H0033,0,,,1,0,0
B032,2022-05-08 16:00:00,1,614E1550,0,,274.46,1,0,1
B032,2022-05-08 17:00:00,0,614H0033,0,,,1,0,0
B032,2022-05-08 17:00:00,1,614E1550,0,,274.46,1,0,1
B032,2022-05-08 18:00:00,0,614H0033,0,,,1,0,0
B032,2022-05-08 18:00:00,1,614E1550,0,,274.46,1,0,1
B032,2022-05-08 19:00:00,0,614H0033,0,,,1,0,0
B032,2022-05-08 19:00:00,1,614E1550,0,,274.46,1,0,1
B032,2022-05-08 20:00:00,0,614H0033,0.005409828967,,,1,0,0
B032,2022-05-08 20:00:00,1,614E1550,0.02091768568,,274.46,1,0,1
B032,2022-05-08 21:00:00,0,614H0033,0.002704914484,,,1,0,0
B032,2022-05-08 21:00:00,1,614E1550,0.06409230336,,274.45,1,0,1
B032,2022-05-08 22:00:00,0,614H0033,0,,,1,0,0
B032,2022-05-08 22:00:00,1,614E1550,0,,274.45,1,0,1
B032,2022-05-08 23:00:00,0,614H0033,0.002704914484,,,1,0,0
B032,2022-05-08 23:00:00,1,614E1550,0.00916428803,,274.45,1,0,1
B032,2022-05-09 00:00:00,0,614H0033,0,,,1,0,0
B032,2022-05-09 00:00:00,1,614E1550,0.00865024585,,274.45,1,0,1
B032,2022-05-09 01:00:00,0,614H0033,0,,,1,0,0
B032,2022-05-09 01:00:00,1,614E1550,0,,274.45,1,0,1
B032,2022-05-09 02:00:00,0,614H0033,0,,,1,0,0
B032,2022-05-09 02:00:00,1,614E1550,0,,274.45,1,0,1
B032,2022-05-09 03:00:00,0,614H0033,0,,,1,0,0
B032,2022-05-09 03:00:00,1,614E1550,0,,274.45,1,0,1
B032,2022-05-09 04:00:00,0,614H0033,0,,,1,0,0
B032,2022-05-09 04:00:00,1,614E1550,0.00865024585,,274.45,1,0,1
B032,2022-05-09 05:00:00,0,614H0033,0,,,1,0,0
B032,2022-05-09 05:00:00,1,614E1550,0,,274.45,1,0,1
B032,2022-05-09 06:00:00,0,614H0033,0,,,1,0,0
B032,2022-05-09 06:00:00,1,614E1550,0.00865024585,,274.45,1,0,1
B032,2022-05-09 07:00:00,0,614H0033,0.02434423035,,,1,0,0
B032,2022-05-09 07:00:00,1,614E1550,0.20243939,,274.45,1,0,1
B032,2022-05-09 08:00:00,0,614H0033,0,,,1,0,0
B032,2022-05-09 08:00:00,1,614E1550,0,,274.45,1,0,1
B032,2022-05-09 09:00:00,0,614H0033,0,,,1,0,0
B032,2022-05-09 09:00:00,1,614E1550,0.00865024585,,,1,0,0
B032,2022-05-09 10:00:00,0,614H0033,0,,,1,0,0
B032,2022-05-09 10:00:00,1,614E1550,0,,274.45,1,0,1
B032,2022-05-09 11:00:00,0,614H0033,0,,,1,0,0
B032,2022-05-09 11:00:00,1,614E1550,0,,274.45,1,0,1
B032,2022-05-09 12:00:00,0,614H0033,0,,,1,0,0
B032,2022-05-09 12:00:00,1,614E1550,0.02595073755,,,1,0,0
B032,2022-05-09 13:00:00,0,614H0033,0,,,1,0,0
B032,2022-05-09 13:00:00,1,614E1550,0.00865024585,,274.45,1,0,1
B032,2022-05-09 14:00:00,0,614H0033,0,,,1,0,0
B032,2022-05-09 14:00:00,1,614E1550,0.00865024585,,274.45,1,0,1
B032,2022-05-09 15:00:00,0,614H0033,0.7998831929,,,1,0,0
B032,2022-05-09 15:00:00,1,614E1550,1.481647429,,274.45,1,0,1
B032,2022-05-09 16:00:00,0,614H0033,0.9277872294,,,1,0,0
B032,2022-05-09 16:00:00,1,614E1550,2.792500151,,274.46,1,0,1
B032,2022-05-09 17:00:00,0,614H0033,1.213349362,,,1,0,0
B032,2022-05-09 17:00:00,1,614E1550,2.111817591,,274.47,1,0,1
B032,2022-05-09 18:00:00,0,614H0033,1.823115485,,,1,0,0
B032,2022-05-09 18:00:00,1,614E1550,3.206767896,,274.48,1,0,1
B032,2022-05-09 19:00:00,0,614H0033,1.561897583,,,1,0,0
B032,2022-05-09 19:00:00,1,614E1550,2.823753192,,274.5,1,0,1
B032,2022-05-09 20:00:00,0,614H0033,2.059989157,,,1,0,0
B032,2022-05-09 20:00:00,1,614E1550,2.885148731,,274.52,1,0,1
B032,2022-05-09 21:00:00,0,614H0033,2.299567743,,,1,0,0
B032,2022-05-09 21:00:00,1,614E1550,3.955003641,,274.66,1,0,1
B032,2022-05-09 22:00:00,0,614H0033,1.071920753,,,1,0,0
B032,2022-05-09 22:00:00,1,614E1550,4.899298123,,,1,0,0
B032,2022-05-09 23:00:00,0,614H0033,1.433993546,,,1,0,0
B032,2022-05-09 23:00:00,1,614E1550,3.639039931,,274.98,1,0,1
B032,2022-05-10 00:00:00,0,614H0033,1.314204253,,,1,0,0
B032,2022-05-10 00:00:00,1,614E1550,2.692446433,,275.23,1,0,1
B032,2022-05-10 01:00:00,0,614H0033,0.5278456329,,,1,0,0
B032,2022-05-10 01:00:00,1,614E1550,1.180111626,,275.41,1,0,1
B032,2022-05-10 02:00:00,0,614H0033,0.255808073,,,1,0,0
B032,2022-05-10 02:00:00,1,614E1550,0.3348361112,,275.5,1,0,1
B032,2022-05-10 03:00:00,0,614H0033,0.002704914484,,,1,0,0
B032,2022-05-10 03:00:00,1,614E1550,0.04809163816,,275.5,1,0,1
B032,2022-05-10 04:00:00,0,614H0033,0.005409828967,,,1,0,0
B032,2022-05-10 04:00:00,1,614E1550,0.06330224321,,275.41,1,0,1
B032,2022-05-10 05:00:00,0,614H0033,0.1170843786,,,1,0,0
B032,2022-05-10 05:00:00,1,614E1550,0.006621927275,,275.32,1,0,1
B032,2022-05-10 06:00:00,0,614H0033,0.002704914484,,,1,0,0
B032,2022-05-10 06:00:00,1,614E1550,0.02731298381,,275.24,1,0,1
B032,2022-05-10 07:00:00,0,614H0033,15.41726605,,,1,0,0
B032,2022-05-10 07:00:00,1,614E1550,26.55330132,,275.17,1,0,1
B032,2022-05-10 08:00:00,0,614H0033,0,,,1,0,0
B032,2022-05-10 08:00:00,1,614E1550,0.008055620891,,275.11,1,0,1
B032,2022-05-10 09:00:00,0,614H0033,0,,,1,0,0
B032,2022-05-10 09:00:00,1,614E1550,0,,275.06,1,0,1
B032,2022-05-10 10:00:00,0,614H0033,0,,,1,0,0
B032,2022-05-10 10:00:00,1,614E1550,0,,275.02,1,0,1
B032,2022-05-10 11:00:00,0,614H0033,0,,,1,0,0
B032,2022-05-10 11:00:00,1,614E1550,0,,274.98,1,0,1
B032,2022-05-10 12:00:00,0,614H0033,0,,,1,0,0
B032,2022-05-10 12:00:00,1,614E1550,0,,274.95,1,0,1
B032,2022-05-10 13:00:00,0,614H0033,0,,,1,0,0
B032,2022-05-10 13:00:00,1,614E1550,0,,274.91,1,0,1
B032,2022-05-10 14:00:00,0,614H0033,0,,,1,0,0
B032,2022-05-10 14:00:00,1,614E1550,0,,274.89,1,0,1
B032,2022-05-10 15:00:00,0,614H0033,0,,,1,0,0
B032,2022-05-10 15:00:00,1,614E1550,0,,274.87,1,0,1
B032,2022-05-10 16:00:00,0,614H0033,0,,,1,0,0
B032,2022-05-10 16:00:00,1,614E1550,0,,274.84,1,0,1
B032,2022-05-10 17:00:00,0,614H0033,0,,,1,0,0
B032,2022-05-10 17:00:00,1,614E1550,0,,274.82,1,0,1
B032,2022-05-10 18:00:00,0,614H0033,0,,,1,0,0
B032,2022-05-10 18:00:00,1,614E1550,0,,274.81,1,0,1
B032,2022-05-10 19:00:00,0,614H0033,0,,,1,0,0
B032,2022-05-10 19:00:00,1,614E1550,0,,274.79,1,0,1
B032,2022-05-10 20:00:00,0,614H0033,0,,,1,0,0
B032,2022-05-10 20:00:00,1,614E1550,0,,274.78,1,0,1
B032,2022-05-10 21:00:00,0,614H0033,0,,,1,0,0
B032,2022-05-10 21:00:00,1,614E1550,0,,274.77,1,0,1
B032,2022-05-10 22:00:00,0,614H0033,0,,,1,0,0
B032,2022-05-10 22:00:00,1,614E1550,0,,274.75,1,0,1
B032,2022-05-10 23:00:00,0,614H0033,0,,,1,0,0
B032,2022-05-10 23:00:00,1,614E1550,0,,274.74,1,0,1
B032,2022-05-11 00:00:00,0,614H0033,0,,,1,0,0
B032,2022-05-11 00:00:00,1,614E1550,0,,274.73,1,0,1
B032,2022-05-11 01:00:00,0,614H0033,0,,,1,0,0
B032,2022-05-11 01:00:00,1,614E1550,0,,274.72,1,0,1
B032,2022-05-11 02:00:00,0,614H0033,0,,,1,0,0
B032,2022-05-11 02:00:00,1,614E1550,0,,274.71,1,0,1
B032,2022-05-11 03:00:00,0,614H0033,0,,,1,0,0
B032,2022-05-11 03:00:00,1,614E1550,0,,274.7,1,0,1
B032,2022-05-11 04:00:00,0,614H0033,0,,,1,0,0
B032,2022-05-11 04:00:00,1,614E1550,0,,274.7,1,0,1
B032,2022-05-11 05:00:00,0,614H0033,0,,,1,0,0
B032,2022-05-11 05:00:00,1,614E1550,0,,274.69,1,0,1
B032,2022-05-11 06:00:00,0,614H0033,0,,,1,0,0
B032,2022-05-11 06:00:00,1,614E1550,0,,274.69,1,0,1
B032,2022-05-11 07:00:00,0,614H0033,0,,,1,0,0
B032,2022-05-11 07:00:00,1,614E1550,0.008055620891,,274.68,1,0,1
B032,2022-05-11 08:00:00,0,614H0033,0,,,1,0,0
B032,2022-05-11 08:00:00,1,614E1550,0,,274.67,1,0,1
B032,2022-05-11 09:00:00,0,614H0033,0,,,1,0,0
B032,2022-05-11 09:00:00,1,614E1550,0,,274.67,1,0,1
B032,2022-05-11 10:00:00,0,614H0033,0,,,1,0,0
B032,2022-05-11 10:00:00,1,614E1550,0,,274.66,1,0,1
B032,2022-05-11 11:00:00,0,614H0033,0,,,1,0,0
B032,2022-05-11 11:00:00,1,614E1550,0,,274.66,1,0,1
B032,2022-05-11 12:00:00,0,614H0033,0,,,1,0,0
B032,2022-05-11 12:00:00,1,614E1550,0,,274.65,1,0,1
B032,2022-05-11 13:00:00,0,614H0033,0,,,1,0,0
B032,2022-05-11 13:00:00,1,614E1550,0,,274.65,1,0,1
B032,2022-05-11 14:00:00,0,614H0033,0,,,1,0,0
B032,2022-05-11 14:00:00,1,614E1550,0,,274.64,1,0,1
B032,2022-05-11 15:00:00,0,614H0033,0,,,1,0,0
B032,2022-05-11 15:00:00,1,614E1550,0,,274.63,1,0,1
B032,2022-05-11 16:00:00,0,614H0033,0,,,1,0,0
B032,2022-05-11 16:00:00,1,614E1550,0,,274.63,1,0,1
B032,2022-05-11 17:00:00,0,614H0033,0,,,1,0,0
B032,2022-05-11 17:00:00,1,614E1550,0.005989315738,,274.63,1,0,1
B032,2022-05-11 18:00:00,0,614H0033,0,,,1,0,0
B032,2022-05-11 18:00:00,1,614E1550,0,,274.62,1,0,1
B032,2022-05-11 19:00:00,0,614H0033,0,,,1,0,0
B032,2022-05-11 19:00:00,1,614E1550,0,,274.62,1,0,1
B032,2022-05-11 20:00:00,0,614H0033,0,,,1,0,0
B032,2022-05-11 20:00:00,1,614E1550,0,,274.62,1,0,1
B032,2022-05-11 21:00:00,0,614H0033,0,,,1,0,0
B032,2022-05-11 21:00:00,1,614E1550,0,,274.61,1,0,1
B032,2022-05-11 22:00:00,0,614H0033,0,,,1,0,0
B032,2022-05-11 22:00:00,1,614E1550,0,,274.61,1,0,1
B032,2022-05-11 23:00:00,0,614H0033,0,,,1,0,0
B032,2022-05-11 23:00:00,1,614E1550,0,,274.61,1,0,1
B032,2022-05-12 00:00:00,0,614H0033,0,,,1,0,0
B032,2022-05-12 00:00:00,1,614E1550,0,,274.6,1,0,1
B032,2022-05-12 01:00:00,0,614H0033,0,,,1,0,0
B032,2022-05-12 01:00:00,1,614E1550,0,,274.6,1,0,1
B032,2022-05-12 02:00:00,0,614H0033,0,,,1,0,0
B032,2022-05-12 02:00:00,1,614E1550,0,,274.6,1,0,1
B032,2022-05-12 03:00:00,0,614H0033,0,,,1,0,0
B032,2022-05-12 03:00:00,1,614E1550,0,,274.59,1,0,1
B032,2022-05-12 04:00:00,0,614H0033,0,,,1,0,0
B032,2022-05-12 04:00:00,1,614E1550,0,,274.59,1,0,1
B032,2022-05-12 05:00:00,0,614H0033,0,,,1,0,0
B032,2022-05-12 05:00:00,1,614E1550,0,,274.59,1,0,1
B032,2022-05-12 06:00:00,0,614H0033,0,,,1,0,0
B032,2022-05-12 06:00:00,1,614E1550,0,,274.59,1,0,1
B032,2022-05-12 07:00:00,0,614H0033,0,,,1,0,0
B032,2022-05-12 07:00:00,1,614E1550,0.005989315738,,274.58,1,0,1
B032,2022-05-12 08:00:00,0,614H0033,0,,,1,0,0
B032,2022-05-12 08:00:00,1,614E1550,0,,274.58,1,0,1
B032,2022-05-12 09:00:00,0,614H0033,0,,,1,0,0
B032,2022-05-12 09:00:00,1,614E1550,0,,274.58,1,0,1
B032,2022-06-15 16:00:00,0,614H0033,0,,,1,0,0
B032,2022-06-15 16:00:00,1,614E1550,0,,274.44,1,0,1
B032,2022-06-15 17:00:00,0,614H0033,0,,,1,0,0
B032,2022-06-15 17:00:00,1,614E1550,0,,274.44,1,0,1
B032,2022-06-15 18:00:00,0,614H0033,0,,,1,0,0
B032,2022-06-15 18:00:00,1,614E1550,0,,274.44,1,0,1
B032,2022-06-15 19:00:00,0,614H0033,0,,,1,0,0
B032,2022-06-15 19:00:00,1,614E1550,0,,274.44,1,0,1
B032,2022-06-15 20:00:00,0,614H0033,0,,,1,0,0
B032,2022-06-15 20:00:00,1,614E1550,0,,274.44,1,0,1
B032,2022-06-15 21:00:00,0,614H0033,0,,,1,0,0
B032,2022-06-15 21:00:00,1,614E1550,0,,274.43,1,0,1
B032,2022-06-15 22:00:00,0,614H0033,0,,,1,0,0
B032,2022-06-15 22:00:00,1,614E1550,0,,274.43,1,0,1
B032,2022-06-15 23:00:00,0,614H0033,0,,,1,0,0
B032,2022-06-15 23:00:00,1,614E1550,0,,274.44,1,0,1
B032,2022-06-16 00:00:00,0,614H0033,0,,,1,0,0
B032,2022-06-16 00:00:00,1,614E1550,0,,274.44,1,0,1
B032,2022-06-16 01:00:00,0,614H0033,0,,,1,0,0
B032,2022-06-16 01:00:00,1,614E1550,0,,274.44,1,0,1
B032,2022-06-16 02:00:00,0,614H0033,0,,,1,0,0
B032,2022-06-16 02:00:00,1,614E1550,0,,274.43,1,0,1
B032,2022-06-16 03:00:00,0,614H0033,0,,,1,0,0
B032,2022-06-16 03:00:00,1,614E1550,0,,274.43,1,0,1
B032,2022-06-16 04:00:00,0,614H0033,0,,,1,0,0
B032,2022-06-16 04:00:00,1,614E1550,0,,274.43,1,0,1
B032,2022-06-16 05:00:00,0,614H0033,0,,,1,0,0
B032,2022-06-16 05:00:00,1,614E1550,0,,274.43,1,0,1
B032,2022-06-16 06:00:00,0,614H0033,0,,,1,0,0
B032,2022-06-16 06:00:00,1,614E1550,0,,274.43,1,0,1
B032,2022-06-16 07:00:00,0,614H0033,0,,,1,0,0
B032,2022-06-16 07:00:00,1,614E1550,0,,274.43,1,0,1
B032,2022-06-16 08:00:00,0,614H0033,0,,,1,0,0
B032,2022-06-16 08:00:00,1,614E1550,0,,274.43,1,0,1
B032,2022-06-16 09:00:00,0,614H0033,0,,,1,0,0
B032,2022-06-16 09:00:00,1,614E1550,0,,274.43,1,0,1
B032,2022-06-16 10:00:00,0,614H0033,0,,,1,0,0
B032,2022-06-16 10:00:00,1,614E1550,0,,274.43,1,0,1
B032,2022-06-16 11:00:00,0,614H0033,0,,,1,0,0
B032,2022-06-16 11:00:00,1,614E1550,0,,274.43,1,0,1
B032,2022-06-16 12:00:00,0,614H0033,0,,,1,0,0
B032,2022-06-16 12:00:00,1,614E1550,0,,274.43,1,0,1
B032,2022-06-16 13:00:00,0,614H0033,0,,,1,0,0
B032,2022-06-16 13:00:00,1,614E1550,0,,274.43,1,0,1
B032,2022-06-16 14:00:00,0,614H0033,0,,,1,0,0
B032,2022-06-16 14:00:00,1,614E1550,0,,274.43,1,0,1
B032,2022-06-16 15:00:00,0,614H0033,0,,,1,0,0
B032,2022-06-16 15:00:00,1,614E1550,0,,274.43,1,0,1
B032,2022-06-16 16:00:00,0,614H0033,0,,,1,0,0
B032,2022-06-16 16:00:00,1,614E1550,0,,274.43,1,0,1
B032,2022-06-16 17:00:00,0,614H0033,0,,,1,0,0
B032,2022-06-16 17:00:00,1,614E1550,0,,274.43,1,0,1
B032,2022-06-16 18:00:00,0,614H0033,0,,,1,0,0
B032,2022-06-16 18:00:00,1,614E1550,0,,274.42,1,0,1
B032,2022-06-16 19:00:00,0,614H0033,0,,,1,0,0
B032,2022-06-16 19:00:00,1,614E1550,0,,274.42,1,0,1
B032,2022-06-16 20:00:00,0,614H0033,0,,,1,0,0
B032,2022-06-16 20:00:00,1,614E1550,0,,274.42,1,0,1
B032,2022-06-16 21:00:00,0,614H0033,0,,,1,0,0
B032,2022-06-16 21:00:00,1,614E1550,0,,274.42,1,0,1
B032,2022-06-16 22:00:00,0,614H0033,0,,,1,0,0
B032,2022-06-16 22:00:00,1,614E1550,0,,274.42,1,0,1
B032,2022-06-16 23:00:00,0,614H0033,0,,,1,0,0
B032,2022-06-16 23:00:00,1,614E1550,0,,274.42,1,0,1
B032,2022-06-17 00:00:00,0,614H0033,0,,,1,0,0
B032,2022-06-17 00:00:00,1,614E1550,0,,274.41,1,0,1
B032,2022-06-17 01:00:00,0,614H0033,0,,,1,0,0
B032,2022-06-17 01:00:00,1,614E1550,0,,274.41,1,0,1
B032,2022-06-17 02:00:00,0,614H0033,0,,,1,0,0
B032,2022-06-17 02:00:00,1,614E1550,0,,274.41,1,0,1
B032,2022-06-17 03:00:00,0,614H0033,0,,,1,0,0
B032,2022-06-17 03:00:00,1,614E1550,0,,274.41,1,0,1
B032,2022-06-17 04:00:00,0,614H0033,0,,,1,0,0
B032,2022-06-17 04:00:00,1,614E1550,0,,274.41,1,0,1
B032,2022-06-17 05:00:00,0,614H0033,0,,,1,0,0
B032,2022-06-17 05:00:00,1,614E1550,0,,274.41,1,0,1
B032,2022-06-17 06:00:00,0,614H0033,0,,,1,0,0
B032,2022-06-17 06:00:00,1,614E1550,0,,274.41,1,0,1
B032,2022-06-17 07:00:00,0,614H0033,0,,,1,0,0
B032,2022-06-17 07:00:00,1,614E1550,0,,274.41,1,0,1
B032,2022-06-17 08:00:00,0,614H0033,0,,,1,0,0
B032,2022-06-17 08:00:00,1,614E1550,0,,274.42,1,0,1
B032,2022-06-17 09:00:00,0,614H0033,0,,,1,0,0
B032,2022-06-17 09:00:00,1,614E1550,0,,274.43,1,0,1
B032,2022-06-17 10:00:00,0,614H0033,0,,,1,0,0
B032,2022-06-17 10:00:00,1,614E1550,0,,274.43,1,0,1
B032,2022-06-17 11:00:00,0,614H0033,0,,,1,0,0
B032,2022-06-17 11:00:00,1,614E1550,0,,274.43,1,0,1
B032,2022-06-17 12:00:00,0,614H0033,0,,,1,0,0
B032,2022-06-17 12:00:00,1,614E1550,0,,274.43,1,0,1
B032,2022-06-17 13:00:00,0,614H0033,0,,,1,0,0
B032,2022-06-17 13:00:00,1,614E1550,0,,274.43,1,0,1
B032,2022-06-17 14:00:00,0,614H0033,0,,,1,0,0
B032,2022-06-17 14:00:00,1,614E1550,0,,274.43,1,0,1
B032,2022-06-17 15:00:00,0,614H0033,0,,,1,0,0
B032,2022-06-17 15:00:00,1,614E1550,0,,274.43,1,0,1
B032,2022-06-17 16:00:00,0,614H0033,0.002704914484,,,1,0,0
B032,2022-06-17 16:00:00,1,614E1550,0.06714725453,,274.43,1,0,1
B032,2022-06-17 17:00:00,0,614H0033,0.005409828967,,,1,0,0
B032,2022-06-17 17:00:00,1,614E1550,0.02094550674,,274.43,1,0,1
B032,2022-06-17 18:00:00,0,614H0033,0.005409828967,,,1,0,0
B032,2022-06-17 18:00:00,1,614E1550,0.02273604093,,274.43,1,0,1
B032,2022-06-17 19:00:00,0,614H0033,0,,,1,0,0
B032,2022-06-17 19:00:00,1,614E1550,0.0003992877158,,274.42,1,0,1
B032,2022-06-17 20:00:00,0,614H0033,0,,,1,0,0
B032,2022-06-17 20:00:00,1,614E1550,0.06014391235,,274.42,1,0,1
B032,2022-06-17 21:00:00,0,614H0033,0.1170843786,,,1,0,0
B032,2022-06-17 21:00:00,1,614E1550,0.06455353549,,274.42,1,0,1
B032,2022-06-17 22:00:00,0,614H0033,0.1387236944,,,1,0,0
B032,2022-06-17 22:00:00,1,614E1550,0.05007385365,,274.42,1,0,1
B032,2022-06-17 23:00:00,0,614H0033,0.002704914484,,,1,0,0
B032,2022-06-17 23:00:00,1,614E1550,0.04447320635,,274.43,1,0,1
B032,2022-06-18 00:00:00,0,614H0033,0,,,1,0,0
B032,2022-06-18 00:00:00,1,614E1550,0,,274.43,1,0,1
B032,2022-06-18 01:00:00,0,614H0033,0,,,1,0,0
B032,2022-06-18 01:00:00,1,614E1550,0,,274.43,1,0,1
B032,2022-06-18 02:00:00,0,614H0033,0,,,1,0,0
B032,2022-06-18 02:00:00,1,614E1550,0,,274.43,1,0,1
B032,2022-06-18 03:00:00,0,614H0033,0,,,1,0,0
B032,2022-06-18 03:00:00,1,614E1550,0,,274.43,1,0,1
B032,2022-06-18 04:00:00,0,614H0033,0.3620727937,,,1,0,0
B032,2022-06-18 04:00:00,1,614E1550,0.6975853473,,274.43,1,0,1
B032,2022-06-18 05:00:00,0,614H0033,0.5711242647,,,1,0,0
B032,2022-06-18 05:00:00,1,614E1550,0.860208337,,274.43,1,0,1
B032,2022-06-18 06:00:00,0,614H0033,0.002704914484,,,1,0,0
B032,2022-06-18 06:00:00,1,614E1550,0.009833719347,,274.43,1,0,1
B032,2022-06-18 07:00:00,0,614H0033,1.207939533,,,1,0,0
B032,2022-06-18 07:00:00,1,614E1550,1.898100001,,274.43,1,0,1
B032,2022-06-18 08:00:00,0,614H0033,0,,,1,0,0
B032,2022-06-18 08:00:00,1,614E1550,0.008055620891,,274.43,1,0,1
B032,2022-06-18 09:00:00,0,614H0033,0,,,1,0,0
B032,2022-06-18 09:00:00,1,614E1550,0,,274.43,1,0,1
B032,2022-06-18 10:00:00,0,614H0033,0,,,1,0,0
B032,2022-06-18 10:00:00,1,614E1550,0,,274.43,1,0,1
B032,2022-06-18 11:00:00,0,614H0033,0,,,1,0,0
B032,2022-06-18 11:00:00,1,614E1550,0,,274.43,1,0,1
B032,2022-06-18 12:00:00,0,614H0033,0,,,1,0,0
B032,2022-06-18 12:00:00,1,614E1550,0,,274.44,1,0,1
B032,2022-06-18 13:00:00,0,614H0033,0,,,1,0,0
B032,2022-06-18 13:00:00,1,614E1550,0,,274.44,1,0,1
B032,2022-06-18 14:00:00,0,614H0033,0,,,1,0,0
B032,2022-06-18 14:00:00,1,614E1550,0.0003992877158,,274.44,1,0,1
B032,2022-06-18 15:00:00,0,614H0033,0,,,1,0,0
B032,2022-06-18 15:00:00,1,614E1550,0,,274.44,1,0,1
B032,2022-06-18 16:00:00,0,614H0033,0,,,1,0,0
B032,2022-06-18 16:00:00,1,614E1550,0,,274.44,1,0,1
B032,2022-06-18 17:00:00,0,614H0033,0,,,1,0,0
B032,2022-06-18 17:00:00,1,614E1550,0,,274.44,1,0,1
B032,2022-06-18 18:00:00,0,614H0033,0.1170843786,,,1,0,0
B032,2022-06-18 18:00:00,1,614E1550,0.0002476883364,,274.43,1,0,1
B032,2022-06-18 19:00:00,0,614H0033,0.4764522578,,,1,0,0
B032,2022-06-18 19:00:00,1,614E1550,0.1840554488,,274.43,1,0,1
B032,2022-06-18 20:00:00,0,614H0033,0.4953866591,,,1,0,0
B032,2022-06-18 20:00:00,1,614E1550,0.208829496,,274.43,1,0,1
B032,2022-06-18 21:00:00,0,614H0033,0.2449884151,,,1,0,0
B032,2022-06-18 21:00:00,1,614E1550,0.07120304023,,274.43,1,0,1
B032,2022-06-18 22:00:00,0,614H0033,0.005409828967,,,1,0,0
B032,2022-06-18 22:00:00,1,614E1550,0.02229517361,,274.43,1,0,1
B032,2022-06-18 23:00:00,0,614H0033,0.2476933296,,,1,0,0
B032,2022-06-18 23:00:00,1,614E1550,0.1097230796,,274.43,1,0,1
B032,2022-06-19 00:00:00,0,614H0033,0.1522482669,,,1,0,0
B032,2022-06-19 00:00:00,1,614E1550,0.1829129979,,274.43,1,0,1
B032,2022-06-19 01:00:00,0,614H0033,0.008114743451,,,1,0,0
B032,2022-06-19 01:00:00,1,614E1550,0.08098237523,,274.43,1,0,1
B032,2022-06-19 02:00:00,0,614H0033,0.002704914484,,,1,0,0
B032,2022-06-19 02:00:00,1,614E1550,0.03513792862,,274.43,1,0,1
B032,2022-06-19 03:00:00,0,614H0033,0.002704914484,,,1,0,0
B032,2022-06-19 03:00:00,1,614E1550,0.03806309693,,274.43,1,0,1
B032,2022-06-19 04:00:00,0,614H0033,0,,,1,0,0
B032,2022-06-19 04:00:00,1,614E1550,0.03235268707,,274.43,1,0,1
B032,2022-06-19 05:00:00,0,614H0033,0,,,1,0,0
B032,2022-06-19 05:00:00,1,614E1550,0.000669431317,,274.43,1,0,1
B032,2022-06-19 06:00:00,0,614H0033,0,,,1,0,0
B032,2022-06-19 06:00:00,1,614E1550,0.00865024585,,274.43,1,0,1
B032,2022-06-19 07:00:00,0,614H0033,1.752787708,,,1,0,0
B032,2022-06-19 07:00:00,1,614E1550,0.8144095595,,274.43,1,0,1
B032,2022-06-19 08:00:00,0,614H0033,0,,,1,0,0
B032,2022-06-19 08:00:00,1,614E1550,0,,274.43,1,0,1
B032,2022-06-19 09:00:00,0,614H0033,0.1170843786,,,1,0,0
B032,2022-06-19 09:00:00,1,614E1550,0.005823351843,,274.43,1,0,1
B032,2022-06-19 10:00:00,0,614H0033,0,,,1,0,0
B032,2022-06-19 10:00:00,1,614E1550,0.01672699052,,274.43,1,0,1
B032,2022-06-19 11:00:00,0,614H0033,0,,,1,0,0
B032,2022-06-19 11:00:00,1,614E1550,0.005575663506,,274.43,1,0,1
B032,2022-06-19 12:00:00,0,614H0033,0.4161710833,,,1,0,0
B032,2022-06-19 12:00:00,1,614E1550,2.655195708,,274.43,1,0,1
B032,2022-06-19 13:00:00,0,614H0033,1.010479214,,,1,0,0
B032,2022-06-19 13:00:00,1,614E1550,7.133012271,,274.43,1,0,1
B032,2022-06-19 14:00:00,0,614H0033,0.2936768758,,,1,0,0
B032,2022-06-19 14:00:00,1,614E1550,1.840485047,,274.43,1,0,1
B032,2022-06-19 15:00:00,0,614H0033,0.01081965793,,,1,0,0
B032,2022-06-19 15:00:00,1,614E1550,0.2119807661,,274.72,1,0,1
B032,2022-06-19 16:00:00,0,614H0033,0.1170843786,,,1,0,0
B032,2022-06-19 16:00:00,1,614E1550,0.222889063,,274.82,1,0,1
B032,2022-06-19 17:00:00,0,614H0033,0,,,1,0,0
B032,2022-06-19 17:00:00,1,614E1550,0.0400706365,,274.82,1,0,1
B032,2022-06-19 18:00:00,0,614H0033,0,,,1,0,0
B032,2022-06-19 18:00:00,1,614E1550,0.03462388644,,274.78,1,0,1
B032,2022-06-19 19:00:00,0,614H0033,0,,,1,0,0
B032,2022-06-19 19:00:00,1,614E1550,0.02757375555,,274.77,1,0,1
B032,2022-06-19 20:00:00,0,614H0033,0,,,1,0,0
B032,2022-06-19 20:00:00,1,614E1550,0.01126717653,,274.75,1,0,1
B032,2022-06-19 21:00:00,0,614H0033,0.002704914484,,,1,0,0
B032,2022-06-19 21:00:00,1,614E1550,0.1791829023,,274.72,1,0,1
B032,2022-06-19 22:00:00,0,614H0033,0,,,1,0,0
B032,2022-06-19 22:00:00,1,614E1550,0.04756467992,,274.69,1,0,1
B032,2022-06-19 23:00:00,0,614H0033,0,,,1,0,0
B032,2022-06-19 23:00:00,1,614E1550,0.08448119264,,274.67,1,0,1
B032,2022-06-20 00:00:00,0,614H0033,0,,,1,0,0
B032,2022-06-20 00:00:00,1,614E1550,0.04687275515,,274.65,1,0,1
B032,2022-06-20 01:00:00,0,614H0033,0.002704914484,,,1,0,0
B032,2022-06-20 01:00:00,1,614E1550,0.1014368473,,274.63,1,0,1
B032,2022-06-20 02:00:00,0,614H0033,0.02163931587,,,1,0,0
B032,2022-06-20 02:00:00,1,614E1550,0.09804588426,,274.62,1,0,1
B032,2022-06-20 03:00:00,0,614H0033,0.002704914484,,,1,0,0
B032,2022-06-20 03:00:00,1,614E1550,0.006674598305,,274.61,1,0,1
B032,2022-06-20 04:00:00,0,614H0033,0,,,1,0,0
B032,2022-06-20 04:00:00,1,614E1550,0.0002701436012,,274.6,1,0,1
B032,2022-06-20 05:00:00,0,614H0033,0,,,1,0,0
B032,2022-06-20 05:00:00,1,614E1550,0.008055620891,,274.59,1,0,1
B032,2022-06-20 06:00:00,0,614H0033,0.002704914484,,,1,0,0
B032,2022-06-20 06:00:00,1,614E1550,0.0446685436,,274.58,1,0,1
B032,2022-06-20 07:00:00,0,614H0033,1.997774562,,,1,0,0
B032,2022-06-20 07:00:00,1,614E1550,11.82648944,,274.58,1,0,1
B032,2022-06-20 08:00:00,0,614H0033,0,,,1,0,0
B032,2022-06-20 08:00:00,1,614E1550,0,,274.57,1,0,1
B032,2022-06-20 09:00:00,0,614H0033,0,,,1,0,0
B032,2022-06-20 09:00:00,1,614E1550,0.002318966015,,274.56,1,0,1
B032,2022-06-20 10:00:00,0,614H0033,0,,,1,0,0
B032,2022-06-20 10:00:00,1,614E1550,0,,274.56,1,0,1
B032,2022-06-20 11:00:00,0,614H0033,0,,,1,0,0
B032,2022-06-20 11:00:00,1,614E1550,0.05963663787,,274.55,1,0,1
B032,2022-06-20 12:00:00,0,614H0033,0,,,1,0,0
B032,2022-06-20 12:00:00,1,614E1550,0,,274.55,1,0,1
B032,2022-06-20 13:00:00,0,614H0033,0,,,1,0,0
B032,2022-06-20 13:00:00,1,614E1550,0,,274.54,1,0,1
B032,2022-06-20 14:00:00,0,614H0033,0,,,1,0,0
B032,2022-06-20 14:00:00,1,614E1550,0,,274.54,1,0,1
B032,2022-06-20 15:00:00,0,614H0033,0,,,1,0,0
B032,2022-06-20 15:00:00,1,614E1550,0,,274.53,1,0,1
B032,2022-06-20 16:00:00,0,614H0033,0,,,1,0,0
B032,2022-06-20 16:00:00,1,614E1550,0.04777028348,,274.53,1,0,1
B032,2022-06-20 17:00:00,0,614H0033,0,,,1,0,0
B032,2022-06-20 17:00:00,1,614E1550,0.01915361616,,274.53,1,0,1
B032,2022-06-20 18:00:00,0,614H0033,0,,,1,0,0
B032,2022-06-20 18:00:00,1,614E1550,0.0104686011,,274.53,1,0,1
B032,2022-06-20 19:00:00,0,614H0033,0,,,1,0,0
B032,2022-06-20 19:00:00,1,614E1550,0,,274.53,1,0,1
B032,2022-06-20 20:00:00,0,614H0033,0,,,1,0,0
B032,2022-06-20 20:00:00,1,614E1550,0.00865024585,,274.53,1,0,1
B032,2022-06-20 21:00:00,0,614H0033,0,,,1,0,0
B032,2022-06-20 21:00:00,1,614E1550,0.02154934246,,274.52,1,0,1
B032,2022-06-20 22:00:00,0,614H0033,0,,,1,0,0
B032,2022-06-20 22:00:00,1,614E1550,0,,274.52,1,0,1
B032,2022-06-20 23:00:00,0,614H0033,0,,,1,0,0
B032,2022-06-20 23:00:00,1,614E1550,0.003841590109,,274.52,1,0,1
B032,2022-06-21 00:00:00,0,614H0033,0,,,1,0,0
B032,2022-06-21 00:00:00,1,614E1550,0,,274.51,1,0,1
B032,2022-06-21 01:00:00,0,614H0033,0,,,1,0,0
B032,2022-06-21 01:00:00,1,614E1550,0,,274.51,1,0,1
B032,2022-06-21 02:00:00,0,614H0033,0,,,1,0,0
B032,2022-06-21 02:00:00,1,614E1550,0,,274.51,1,0,1
B032,2022-06-21 03:00:00,0,614H0033,0,,,1,0,0
B032,2022-06-21 03:00:00,1,614E1550,0,,274.5,1,0,1
B032,2022-06-21 04:00:00,0,614H0033,0,,,1,0,0
B032,2022-06-21 04:00:00,1,614E1550,0,,274.5,1,0,1
B032,2022-06-21 05:00:00,0,614H0033,0,,,1,0,0
B032,2022-06-21 05:00:00,1,614E1550,0,,,1,0,0
B032,2022-06-21 06:00:00,0,614H0033,0,,,1,0,0
B032,2022-06-21 06:00:00,1,614E1550,0,,274.5,1,0,1
B032,2022-06-21 07:00:00,0,614H0033,0,,,1,0,0
B032,2022-06-21 07:00:00,1,614E1550,0.190698388,,274.5,1,0,1
B032,2022-06-21 08:00:00,0,614H0033,0,,,1,0,0
B032,2022-06-21 08:00:00,1,614E1550,0,,274.5,1,0,1
B032,2022-06-21 09:00:00,0,614H0033,0,,,1,0,0
B032,2022-06-21 09:00:00,1,614E1550,0.0003992877158,,274.5,1,0,1
B032,2022-06-21 10:00:00,0,614H0033,0,,,1,0,0
B032,2022-06-21 10:00:00,1,614E1550,0,,274.5,1,0,1
B032,2022-06-21 11:00:00,0,614H0033,0,,,1,0,0
B032,2022-06-21 11:00:00,1,614E1550,0,,274.5,1,0,1
B032,2022-06-21 12:00:00,0,614H0033,0,,,1,0,0
B032,2022-06-21 12:00:00,1,614E1550,0,,274.49,1,0,1
B032,2022-06-21 13:00:00,0,614H0033,0,,,1,0,0
B032,2022-06-21 13:00:00,1,614E1550,0,,274.49,1,0,1
B032,2022-06-21 14:00:00,0,614H0033,0,,,1,0,0
B032,2022-06-21 14:00:00,1,614E1550,0.02503565447,,274.49,1,0,1
B032,2022-06-21 15:00:00,0,614H0033,0,,,1,0,0
B032,2022-06-21 15:00:00,1,614E1550,0.0751069634,,274.49,1,0,1
B032,2022-06-21 16:00:00,0,614H0033,0,,,1,0,0
B032,2022-06-21 16:00:00,1,614E1550,0.4751618171,,274.49,1,0,1
B032,2022-06-21 17:00:00,0,614H0033,0,,,1,0,0
B032,2022-06-21 17:00:00,1,614E1550,0,,274.49,1,0,1
B032,2022-06-21 18:00:00,0,614H0033,0,,,1,0,0
B032,2022-06-21 18:00:00,1,614E1550,0.0003992877158,,274.49,1,0,1
B032,2022-06-21 19:00:00,0,614H0033,0,,,1,0,0
B032,2022-06-21 19:00:00,1,614E1550,2.694800107,,274.49,1,0,1
B032,2022-06-21 20:00:00,0,614H0033,0,,,1,0,0
B032,2022-06-21 20:00:00,1,614E1550,0.007187178885,,274.5,1,0,1
B032,2022-06-21 21:00:00,0,614H0033,0,,,1,0,0
B032,2022-06-21 21:00:00,1,614E1550,0.009049533566,,274.5,1,0,1
B032,2022-06-21 22:00:00,0,614H0033,0,,,1,0,0
B032,2022-06-21 22:00:00,1,614E1550,0,,274.51,1,0,1
B032,2022-06-21 23:00:00,0,614H0033,0,,,1,0,0
B032,2022-06-21 23:00:00,1,614E1550,0.0003992877158,,274.5,1,0,1
B032,2022-06-22 00:00:00,0,614H0033,0,,,1,0,0
B032,2022-06-22 00:00:00,1,614E1550,0,,274.5,1,0,1
B032,2022-06-22 01:00:00,0,614H0033,0,,,1,0,0
B032,2022-06-22 01:00:00,1,614E1550,0,,274.5,1,0,1
B032,2022-06-22 02:00:00,0,614H0033,0,,,1,0,0
B032,2022-06-22 02:00:00,1,614E1550,0,,274.49,1,0,1
B032,2022-06-22 03:00:00,0,614H0033,0,,,1,0,0
B032,2022-06-22 03:00:00,1,614E1550,0.00865024585,,274.49,1,0,1
B032,2022-06-22 04:00:00,0,614H0033,0,,,1,0,0
B032,2022-06-22 04:00:00,1,614E1550,0,,274.49,1,0,1
B032,2022-06-22 05:00:00,0,614H0033,0,,,1,0,0
B032,2022-06-22 05:00:00,1,614E1550,0,,274.49,1,0,1
B032,2022-06-22 06:00:00,0,614H0033,0,,,1,0,0
B032,2022-06-22 06:00:00,1,614E1550,0,,274.49,1,0,1
B032,2022-06-22 07:00:00,0,614H0033,0,,,1,0,0
B032,2022-06-22 07:00:00,1,614E1550,3.296189363,,274.48,1,0,1
B032,2022-06-22 08:00:00,0,614H0033,0,,,1,0,0
B032,2022-06-22 08:00:00,1,614E1550,0,,274.48,1,0,1
B032,2022-06-22 09:00:00,0,614H0033,0,,,1,0,0
B032,2022-06-22 09:00:00,1,614E1550,0,,274.48,1,0,1
B032,2022-06-22 10:00:00,0,614H0033,0,,,1,0,0
B032,2022-06-22 10:00:00,1,614E1550,0.00865024585,,274.48,1,0,1
B032,2022-06-22 11:00:00,0,614H0033,0,,,1,0,0
B032,2022-06-22 11:00:00,1,614E1550,0.009049533566,,274.48,1,0,1
B032,2022-06-22 12:00:00,0,614H0033,0,,,1,0,0
B032,2022-06-22 12:00:00,1,614E1550,0,,274.48,1,0,1
B032,2022-06-22 13:00:00,0,614H0033,0,,,1,0,0
B032,2022-06-22 13:00:00,1,614E1550,0,,274.48,1,0,1
B032,2022-06-22 14:00:00,0,614H0033,0,,,1,0,0
B032,2022-06-22 14:00:00,1,614E1550,0,,274.47,1,0,1
B032,2022-06-22 15:00:00,0,614H0033,0,,,1,0,0
B032,2022-06-22 15:00:00,1,614E1550,0.02388514174,,274.47,1,0,1
B032,2022-06-22 16:00:00,0,614H0033,0,,,1,0,0
B032,2022-06-22 16:00:00,1,614E1550,0,,274.47,1,0,1
B032,2022-06-22 17:00:00,0,614H0033,0,,,1,0,0
B032,2022-06-22 17:00:00,1,614E1550,0,,274.47,1,0,1
B032,2022-06-22 18:00:00,0,614H0033,0,,,1,0,0
B032,2022-06-22 18:00:00,1,614E1550,0,,274.47,1,0,1
B032,2022-06-22 19:00:00,0,614H0033,0,,,1,0,0
B032,2022-06-22 19:00:00,1,614E1550,0,,274.47,1,0,1
B032,2022-06-22 20:00:00,0,614H0033,0,,,1,0,0
B032,2022-06-22 20:00:00,1,614E1550,0,,274.46,1,0,1
B032,2022-06-22 21:00:00,0,614H0033,0,,,1,0,0
B032,2022-06-22 21:00:00,1,614E1550,0,,,1,0,0
B032,2022-06-22 22:00:00,0,614H0033,0,,,1,0,0
B032,2022-06-22 22:00:00,1,614E1550,0,,274.46,1,0,1
B032,2022-06-22 23:00:00,0,614H0033,0,,,1,0,0
B032,2022-06-22 23:00:00,1,614E1550,0,,274.46,1,0,1
B032,2022-06-23 00:00:00,0,614H0033,0,,,1,0,0
B032,2022-06-23 00:00:00,1,614E1550,0,,274.46,1,0,1
B032,2022-06-23 01:00:00,0,614H0033,0,,,1,0,0
B032,2022-06-23 01:00:00,1,614E1550,0,,274.46,1,0,1
B032,2022-06-23 02:00:00,0,614H0033,0,,,1,0,0
B032,2022-06-23 02:00:00,1,614E1550,0,,274.46,1,0,1
B032,2022-06-23 03:00:00,0,614H0033,0,,,1,0,0
B032,2022-06-23 03:00:00,1,614E1550,0,,274.46,1,0,1
B032,2022-06-23 04:00:00,0,614H0033,0,,,1,0,0
B032,2022-06-23 04:00:00,1,614E1550,0,,274.46,1,0,1
B032,2022-06-23 05:00:00,0,614H0033,0,,,1,0,0
B032,2022-06-23 05:00:00,1,614E1550,0,,274.46,1,0,1
B032,2022-06-23 06:00:00,0,614H0033,0,,,1,0,0
B032,2022-06-23 06:00:00,1,614E1550,0,,274.46,1,0,1
B032,2022-06-23 07:00:00,0,614H0033,0,,,1,0,0
B032,2022-06-23 07:00:00,1,614E1550,0.04158492115,,274.46,1,0,1
B032,2022-06-23 08:00:00,0,614H0033,0,,,1,0,0
B032,2022-06-23 08:00:00,1,614E1550,0,,274.46,1,0,1
B032,2022-06-23 09:00:00,0,614H0033,0,,,1,0,0
B032,2022-06-23 09:00:00,1,614E1550,0,,274.46,1,0,1
B032,2022-06-23 10:00:00,0,614H0033,0,,,1,0,0
B032,2022-06-23 10:00:00,1,614E1550,0,,274.46,1,0,1
B032,2022-06-23 11:00:00,0,614H0033,0,,,1,0,0
B032,2022-06-23 11:00:00,1,614E1550,0,,274.46,1,0,1
B032,2022-06-23 12:00:00,0,614H0033,0,,,1,0,0
B032,2022-06-23 12:00:00,1,614E1550,0.02388514174,,274.45,1,0,1
B032,2022-06-23 13:00:00,0,614H0033,0.81959065,,,1,0,0
B032,2022-06-23 13:00:00,1,614E1550,0.1166555153,,274.45,1,0,1
B032,2022-06-23 14:00:00,0,614H0033,0,,,1,0,0
B032,2022-06-23 14:00:00,1,614E1550,0.000669431317,,274.45,1,0,1
B032,2022-06-23 15:00:00,0,614H0033,0,,,1,0,0
B032,2022-06-23 15:00:00,1,614E1550,0,,274.45,1,0,1
B032,2022-06-23 16:00:00,0,614H0033,0,,,1,0,0
B032,2022-06-23 16:00:00,1,614E1550,0,,274.45,1,0,1
B032,2022-06-23 17:00:00,0,614H0033,0,,,1,0,0
B032,2022-06-23 17:00:00,1,614E1550,0,,274.45,1,0,1
B032,2022-06-23 18:00:00,0,614H0033,0,,,1,0,0
B032,2022-06-23 18:00:00,1,614E1550,0,,274.45,1,0,1
B032,2022-06-23 19:00:00,0,614H0033,0,,,1,0,0
B032,2022-06-23 19:00:00,1,614E1550,0.1162785458,,274.45,1,0,1
B032,2022-06-23 20:00:00,0,614H0033,0.002704914484,,,1,0,0
B032,2022-06-23 20:00:00,1,614E1550,0.2216163507,,274.45,1,0,1
B032,2022-06-23 21:00:00,0,614H0033,0,,,1,0,0
B032,2022-06-23 21:00:00,1,614E1550,0.05276238631,,274.46,1,0,1
B032,2022-06-23 22:00:00,0,614H0033,0,,,1,0,0
B032,2022-06-23 22:00:00,1,614E1550,0.0002701436012,,274.46,1,0,1
B032,2022-06-23 23:00:00,0,614H0033,0,,,1,0,0
B032,2022-06-23 23:00:00,1,614E1550,0,,274.46,1,0,1
B032,2022-06-24 00:00:00,0,614H0033,0.3512531357,,,1,0,0
B032,2022-06-24 00:00:00,1,614E1550,0.2333161162,,274.46,1,0,1
B032,2022-06-24 01:00:00,0,614H0033,0.4872719157,,,1,0,0
B032,2022-06-24 01:00:00,1,614E1550,0.8451206337,,274.46,1,0,1
B032,2022-06-24 02:00:00,0,614H0033,0.2747424744,,,1,0,0
B032,2022-06-24 02:00:00,1,614E1550,0.2457659607,,274.47,1,0,1
B032,2022-06-24 03:00:00,0,614H0033,0.255808073,,,1,0,0
B032,2022-06-24 03:00:00,1,614E1550,0.2150077903,,274.47,1,0,1
B032,2022-06-24 04:00:00,0,614H0033,0.002704914484,,,1,0,0
B032,2022-06-24 04:00:00,1,614E1550,0.02819694997,,274.48,1,0,1
B032,2022-06-24 05:00:00,0,614H0033,0,,,1,0,0
B032,2022-06-24 05:00:00,1,614E1550,0.09942185467,,274.48,1,0,1
B032,2022-06-24 06:00:00,0,614H0033,0.4737473433,,,1,0,0
B032,2022-06-24 06:00:00,1,614E1550,0.105985535,,274.48,1,0,1
B032,2022-06-24 07:00:00,0,614H0033,1.055691266,,,1,0,0
B032,2022-06-24 07:00:00,1,614E1550,6.512149045,,274.48,1,0,1
B032,2022-06-24 08:00:00,0,614H0033,3.261745805,,,1,0,0
B032,2022-06-24 08:00:00,1,614E1550,11.84040185,,274.5,1,0,1
B032,2022-06-24 09:00:00,0,614H0033,0.7944733639,,,1,0,0
B032,2022-06-24 09:00:00,1,614E1550,4.14181799,,274.58,1,0,1
B032,2022-06-24 10:00:00,0,614H0033,0.13601878,,,1,0,0
B032,2022-06-24 10:00:00,1,614E1550,2.632962697,,275.45,1,0,1
B032,2022-06-24 11:00:00,0,614H0033,0.7998831929,,,1,0,0
B032,2022-06-24 11:00:00,1,614E1550,1.54184034,,,1,0,0
B032,2022-06-24 12:00:00,0,614H0033,0.2639228165,,,1,0,0
B032,2022-06-24 12:00:00,1,614E1550,1.487769081,,275.61,1,0,1
B032,2022-06-24 13:00:00,0,614H0033,0.130608951,,,1,0,0
B032,2022-06-24 13:00:00,1,614E1550,0.4602971892,,275.51,1,0,1
B032,2022-06-24 14:00:00,0,614H0033,0.002704914484,,,1,0,0
B032,2022-06-24 14:00:00,1,614E1550,0.0102014394,,275.4,1,0,1
B032,2022-06-24 15:00:00,0,614H0033,0,,,1,0,0
B032,2022-06-24 15:00:00,1,614E1550,0,,275.32,1,0,1
B032,2022-06-24 16:00:00,0,614H0033,0,,,1,0,0
B032,2022-06-24 16:00:00,1,614E1550,0,,275.24,1,0,1
B032,2022-06-24 17:00:00,0,614H0033,0.002704914484,,,1,0,0
B032,2022-06-24 17:00:00,1,614E1550,0.0005140421805,,275.17,1,0,1
B032,2022-06-24 18:00:00,0,614H0033,0,,,1,0,0
B032,2022-06-24 18:00:00,1,614E1550,0,,275.1,1,0,1
B032,2022-06-24 19:00:00,0,614H0033,0,,,1,0,0
B032,2022-06-24 19:00:00,1,614E1550,0.02503565447,,275.05,1,0,1
B032,2022-06-24 20:00:00,0,614H0033,0,,,1,0,0
B032,2022-06-24 20:00:00,1,614E1550,0,,275,1,0,1
B032,2022-06-24 21:00:00,0,614H0033,0,,,1,0,0
B032,2022-06-24 21:00:00,1,614E1550,0,,274.96,1,0,1
B032,2022-06-24 22:00:00,0,614H0033,0,,,1,0,0
B032,2022-06-24 22:00:00,1,614E1550,0,,274.92,1,0,1
B032,2022-06-24 23:00:00,0,614H0033,0,,,1,0,0
B032,2022-06-24 23:00:00,1,614E1550,0,,274.89,1,0,1
B032,2022-06-25 00:00:00,0,614H0033,0,,,1,0,0
B032,2022-06-25 00:00:00,1,614E1550,0,,274.86,1,0,1
B032,2022-06-25 01:00:00,0,614H0033,0,,,1,0,0
B032,2022-06-25 01:00:00,1,614E1550,0,,274.84,1,0,1
B032,2022-06-25 02:00:00,0,614H0033,0,,,1,0,0
B032,2022-06-25 02:00:00,1,614E1550,0,,274.82,1,0,1
B032,2022-06-25 03:00:00,0,614H0033,0,,,1,0,0
B032,2022-06-25 03:00:00,1,614E1550,0,,274.8,1,0,1
B032,2022-06-25 04:00:00,0,614H0033,0.002704914484,,,1,0,0
B032,2022-06-25 04:00:00,1,614E1550,0.0005140421805,,274.78,1,0,1
B032,2022-06-25 05:00:00,0,614H0033,0,,,1,0,0
B032,2022-06-25 05:00:00,1,614E1550,0,,274.76,1,0,1
B032,2022-06-25 06:00:00,0,614H0033,0,,,1,0,0
B032,2022-06-25 06:00:00,1,614E1550,0.05777242971,,274.74,1,0,1
B032,2022-06-25 07:00:00,0,614H0033,5.394767652,,,1,0,0
B032,2022-06-25 07:00:00,1,614E1550,20.38973781,,274.73,1,0,1
B032,2022-06-25 08:00:00,0,614H0033,0,,,1,0,0
B032,2022-06-25 08:00:00,1,614E1550,0,,274.72,1,0,1
B032,2022-06-25 09:00:00,0,614H0033,0,,,1,0,0
B032,2022-06-25 09:00:00,1,614E1550,0,,274.71,1,0,1
B032,2022-06-25 10:00:00,0,614H0033,0,,,1,0,0
B032,2022-06-25 10:00:00,1,614E1550,0,,274.7,1,0,1
B032,2022-06-25 11:00:00,0,614H0033,0,,,1,0,0
B032,2022-06-25 11:00:00,1,614E1550,0,,274.69,1,0,1
B032,2022-06-25 12:00:00,0,614H0033,0,,,1,0,0
B032,2022-06-25 12:00:00,1,614E1550,0,,274.68,1,0,1
B032,2022-06-25 13:00:00,0,614H0033,0,,,1,0,0
B032,2022-06-25 13:00:00,1,614E1550,0.1686027536,,274.67,1,0,1
B032,2022-06-25 14:00:00,0,614H0033,0,,,1,0,0
B032,2022-06-25 14:00:00,1,614E1550,0,,274.66,1,0,1
B032,2022-06-25 15:00:00,0,614H0033,0,,,1,0,0
B032,2022-06-25 15:00:00,1,614E1550,0,,274.66,1,0,1
B032,2022-06-25 16:00:00,0,614H0033,0.002704914484,,,1,0,0
B032,2022-06-25 16:00:00,1,614E1550,0.0005140421805,,274.65,1,0,1
B032,2022-06-25 17:00:00,0,614H0033,0,,,1,0,0
B032,2022-06-25 17:00:00,1,614E1550,0,,274.64,1,0,1
B032,2022-06-25 18:00:00,0,614H0033,0,,,1,0,0
B032,2022-06-25 18:00:00,1,614E1550,0,,274.64,1,0,1
B032,2022-06-25 19:00:00,0,614H0033,0,,,1,0,0
B032,2022-06-25 19:00:00,1,614E1550,0,,274.63,1,0,1
B032,2022-06-25 20:00:00,0,614H0033,0,,,1,0,0
B032,2022-06-25 20:00:00,1,614E1550,0,,274.62,1,0,1
B032,2022-06-25 21:00:00,0,614H0033,0,,,1,0,0
B032,2022-06-25 21:00:00,1,614E1550,0,,274.62,1,0,1
B032,2022-06-25 22:00:00,0,614H0033,0,,,1,0,0
B032,2022-06-25 22:00:00,1,614E1550,0,,274.61,1,0,1
B032,2022-06-25 23:00:00,0,614H0033,0,,,1,0,0
B032,2022-06-25 23:00:00,1,614E1550,0,,274.61,1,0,1
B032,2022-06-26 00:00:00,0,614H0033,0,,,1,0,0
B032,2022-06-26 00:00:00,1,614E1550,0,,274.61,1,0,1
B032,2022-06-26 01:00:00,0,614H0033,0,,,1,0,0
B032,2022-06-26 01:00:00,1,614E1550,0,,274.6,1,0,1
B032,2022-06-26 02:00:00,0,614H0033,0,,,1,0,0
B032,2022-06-26 02:00:00,1,614E1550,0,,274.6,1,0,1
B032,2022-06-26 03:00:00,0,614H0033,0,,,1,0,0
B032,2022-06-26 03:00:00,1,614E1550,0,,274.59,1,0,1
B032,2022-06-26 04:00:00,0,614H0033,0,,,1,0,0
B032,2022-06-26 04:00:00,1,614E1550,0,,274.59,1,0,1
B032,2022-06-26 05:00:00,0,614H0033,0,,,1,0,0
B032,2022-06-26 05:00:00,1,614E1550,0,,274.59,1,0,1
B032,2022-06-26 06:00:00,0,614H0033,0,,,1,0,0
B032,2022-06-26 06:00:00,1,614E1550,0,,274.58,1,0,1
B032,2022-06-26 07:00:00,0,614H0033,0.002704914484,,,1,0,0
B032,2022-06-26 07:00:00,1,614E1550,0.1691167958,,274.58,1,0,1
B032,2022-06-26 08:00:00,0,614H0033,0,,,1,0,0
B032,2022-06-26 08:00:00,1,614E1550,0,,274.58,1,0,1
B032,2022-06-26 09:00:00,0,614H0033,0.002704914484,,,1,0,0
B032,2022-06-26 09:00:00,1,614E1550,0.0005140421805,,274.58,1,0,1
B032,2022-06-26 10:00:00,0,614H0033,0,,,1,0,0
B032,2022-06-26 10:00:00,1,614E1550,0,,274.57,1,0,1
B032,2022-06-26 11:00:00,0,614H0033,0,,,1,0,0
B032,2022-06-26 11:00:00,1,614E1550,0,,274.57,1,0,1
B032,2022-06-26 12:00:00,0,614H0033,0,,,1,0,0
B032,2022-06-26 12:00:00,1,614E1550,0,,274.57,1,0,1
B032,2022-06-26 13:00:00,0,614H0033,0,,,1,0,0
B032,2022-06-26 13:00:00,1,614E1550,0,,274.57,1,0,1
B032,2022-06-26 14:00:00,0,614H0033,0,,,1,0,0
B032,2022-06-26 14:00:00,1,614E1550,0,,274.56,1,0,1
B032,2022-06-26 15:00:00,0,614H0033,0,,,1,0,0
B032,2022-06-26 15:00:00,1,614E1550,0,,274.56,1,0,1
B032,2022-06-26 16:00:00,0,614H0033,0,,,1,0,0
B032,2022-06-26 16:00:00,1,614E1550,0,,274.55,1,0,1
B032,2022-06-26 17:00:00,0,614H0033,0,,,1,0,0
B032,2022-06-26 17:00:00,1,614E1550,0,,274.55,1,0,1
B032,2022-06-26 18:00:00,0,614H0033,0,,,1,0,0
B032,2022-06-26 18:00:00,1,614E1550,0,,274.55,1,0,1
B032,2022-06-26 19:00:00,0,614H0033,0,,,1,0,0
B032,2022-06-26 19:00:00,1,614E1550,0,,274.55,1,0,1
B032,2022-06-26 20:00:00,0,614H0033,0,,,1,0,0
B032,2022-06-26 20:00:00,1,614E1550,0,,274.55,1,0,1
B032,2022-07-15 07:00:00,0,614H0033,0,,,1,0,0
B032,2022-07-15 07:00:00,1,614E1550,0,,274.41,1,0,1
B032,2022-07-15 08:00:00,0,614H0033,0,,,1,0,0
B032,2022-07-15 08:00:00,1,614E1550,0,,274.41,1,0,1
B032,2022-07-15 09:00:00,0,614H0033,0,,,1,0,0
B032,2022-07-15 09:00:00,1,614E1550,0,,274.41,1,0,1
B032,2022-07-15 10:00:00,0,614H0033,0,,,1,0,0
B032,2022-07-15 10:00:00,1,614E1550,0,,274.41,1,0,1
B032,2022-07-15 11:00:00,0,614H0033,0,,,1,0,0
B032,2022-07-15 11:00:00,1,614E1550,0,,274.41,1,0,1
B032,2022-07-15 12:00:00,0,614H0033,0,,,1,0,0
B032,2022-07-15 12:00:00,1,614E1550,0,,274.41,1,0,1
B032,2022-07-15 13:00:00,0,614H0033,0,,,1,0,0
B032,2022-07-15 13:00:00,1,614E1550,0,,274.41,1,0,1
B032,2022-07-15 14:00:00,0,614H0033,0,,,1,0,0
B032,2022-07-15 14:00:00,1,614E1550,0,,274.41,1,0,1
B032,2022-07-15 15:00:00,0,614H0033,0,,,1,0,0
B032,2022-07-15 15:00:00,1,614E1550,0,,274.41,1,0,1
B032,2022-07-15 16:00:00,0,614H0033,0,,,1,0,0
B032,2022-07-15 16:00:00,1,614E1550,0,,274.41,1,0,1
B032,2022-07-15 17:00:00,0,614H0033,0,,,1,0,0
B032,2022-07-15 17:00:00,1,614E1550,0,,274.41,1,0,1
B032,2022-07-15 18:00:00,0,614H0033,0,,,1,0,0
B032,2022-07-15 18:00:00,1,614E1550,0,,274.41,1,0,1
B032,2022-07-15 19:00:00,0,614H0033,0,,,1,0,0
B032,2022-07-15 19:00:00,1,614E1550,0,,274.41,1,0,1
B032,2022-07-15 20:00:00,0,614H0033,0,,,1,0,0
B032,2022-07-15 20:00:00,1,614E1550,0,,274.41,1,0,1
B032,2022-07-15 21:00:00,0,614H0033,0,,,1,0,0
B032,2022-07-15 21:00:00,1,614E1550,0,,274.4,1,0,1
B032,2022-07-15 22:00:00,0,614H0033,0,,,1,0,0
B032,2022-07-15 22:00:00,1,614E1550,0,,274.4,1,0,1
B032,2022-07-15 23:00:00,0,614H0033,0,,,1,0,0
B032,2022-07-15 23:00:00,1,614E1550,0,,274.4,1,0,1
B032,2022-07-16 00:00:00,0,614H0033,0,,,1,0,0
B032,2022-07-16 00:00:00,1,614E1550,0,,274.4,1,0,1
B032,2022-07-16 01:00:00,0,614H0033,0,,,1,0,0
B032,2022-07-16 01:00:00,1,614E1550,0,,274.4,1,0,1
B032,2022-07-16 02:00:00,0,614H0033,0,,,1,0,0
B032,2022-07-16 02:00:00,1,614E1550,0,,274.39,1,0,1
B032,2022-07-16 03:00:00,0,614H0033,0,,,1,0,0
B032,2022-07-16 03:00:00,1,614E1550,0,,274.39,1,0,1
B032,2022-07-16 04:00:00,0,614H0033,0,,,1,0,0
B032,2022-07-16 04:00:00,1,614E1550,0,,274.39,1,0,1
B032,2022-07-16 05:00:00,0,614H0033,0,,,1,0,0
B032,2022-07-16 05:00:00,1,614E1550,0,,274.39,1,0,1
B032,2022-07-16 06:00:00,0,614H0033,0,,,1,0,0
B032,2022-07-16 06:00:00,1,614E1550,0,,274.39,1,0,1
B032,2022-07-16 07:00:00,0,614H0033,0,,,1,0,0
B032,2022-07-16 07:00:00,1,614E1550,0,,274.39,1,0,1
B032,2022-07-16 08:00:00,0,614H0033,0,,,1,0,0
B032,2022-07-16 08:00:00,1,614E1550,0,,274.39,1,0,1
B032,2022-07-16 09:00:00,0,614H0033,0,,,1,0,0
B032,2022-07-16 09:00:00,1,614E1550,0,,274.4,1,0,1
B032,2022-07-16 10:00:00,0,614H0033,0,,,1,0,0
B032,2022-07-16 10:00:00,1,614E1550,0,,274.4,1,0,1
B032,2022-07-16 11:00:00,0,614H0033,0,,,1,0,0
B032,2022-07-16 11:00:00,1,614E1550,0,,274.4,1,0,1
B032,2022-07-16 12:00:00,0,614H0033,0,,,1,0,0
B032,2022-07-16 12:00:00,1,614E1550,0,,274.4,1,0,1
B032,2022-07-16 13:00:00,0,614H0033,0,,,1,0,0
B032,2022-07-16 13:00:00,1,614E1550,0,,274.4,1,0,1
B032,2022-07-16 14:00:00,0,614H0033,0,,,1,0,0
B032,2022-07-16 14:00:00,1,614E1550,0,,274.4,1,0,1
B032,2022-07-16 15:00:00,0,614H0033,0,,,1,0,0
B032,2022-07-16 15:00:00,1,614E1550,0,,274.4,1,0,1
B032,2022-07-16 16:00:00,0,614H0033,0,,,1,0,0
B032,2022-07-16 16:00:00,1,614E1550,0,,,1,0,0
B032,2022-07-16 17:00:00,0,614H0033,0,,,1,0,0
B032,2022-07-16 17:00:00,1,614E1550,0,,274.4,1,0,1
B032,2022-07-16 18:00:00,0,614H0033,0,,,1,0,0
B032,2022-07-16 18:00:00,1,614E1550,0,,274.4,1,0,1
B032,2022-07-16 19:00:00,0,614H0033,0,,,1,0,0
B032,2022-07-16 19:00:00,1,614E1550,0,,274.4,1,0,1
B032,2022-07-16 20:00:00,0,614H0033,0,,,1,0,0
B032,2022-07-16 20:00:00,1,614E1550,0,,274.4,1,0,1
B032,2022-07-16 21:00:00,0,614H0033,0,,,1,0,0
B032,2022-07-16 21:00:00,1,614E1550,0,,274.4,1,0,1
B032,2022-07-16 22:00:00,0,614H0033,0,,,1,0,0
B032,2022-07-16 22:00:00,1,614E1550,0,,274.4,1,0,1
B032,2022-07-16 23:00:00,0,614H0033,0,,,1,0,0
B032,2022-07-16 23:00:00,1,614E1550,0,,274.4,1,0,1
B032,2022-07-17 00:00:00,0,614H0033,0,,,1,0,0
B032,2022-07-17 00:00:00,1,614E1550,0,,274.4,1,0,1
B032,2022-07-17 01:00:00,0,614H0033,0,,,1,0,0
B032,2022-07-17 01:00:00,1,614E1550,0,,274.4,1,0,1
B032,2022-07-17 02:00:00,0,614H0033,0,,,1,0,0
B032,2022-07-17 02:00:00,1,614E1550,0,,274.4,1,0,1
B032,2022-07-17 03:00:00,0,614H0033,0,,,1,0,0
B032,2022-07-17 03:00:00,1,614E1550,0,,274.4,1,0,1
B032,2022-07-17 04:00:00,0,614H0033,0,,,1,0,0
B032,2022-07-17 04:00:00,1,614E1550,0,,274.4,1,0,1
B032,2022-07-17 05:00:00,0,614H0033,0,,,1,0,0
B032,2022-07-17 05:00:00,1,614E1550,0,,274.4,1,0,1
B032,2022-07-17 06:00:00,0,614H0033,0,,,1,0,0
B032,2022-07-17 06:00:00,1,614E1550,0,,274.4,1,0,1
B032,2022-07-17 07:00:00,0,614H0033,0,,,1,0,0
B032,2022-07-17 07:00:00,1,614E1550,0.0003992877158,,274.4,1,0,1
B032,2022-07-17 08:00:00,0,614H0033,0,,,1,0,0
B032,2022-07-17 08:00:00,1,614E1550,0.0003992877158,,274.41,1,0,1
B032,2022-07-17 09:00:00,0,614H0033,0,,,1,0,0
B032,2022-07-17 09:00:00,1,614E1550,0.7782259974,,274.41,1,0,1
B032,2022-07-17 10:00:00,0,614H0033,0.5854218929,,,1,0,0
B032,2022-07-17 10:00:00,1,614E1550,2.657670292,,274.41,1,0,1
B032,2022-07-17 11:00:00,0,614H0033,11.16551842,,,1,0,0
B032,2022-07-17 11:00:00,1,614E1550,22.81640165,,274.4,1,0,1
B032,2022-07-17 12:00:00,0,614H0033,4.122683228,,,1,0,0
B032,2022-07-17 12:00:00,1,614E1550,2.69880282,,274.49,1,0,1
B032,2022-07-17 13:00:00,0,614H0033,0.397236682,,,1,0,0
B032,2022-07-17 13:00:00,1,614E1550,0.5504653086,,274.54,1,0,1
B032,2022-07-17 14:00:00,0,614H0033,0,,,1,0,0
B032,2022-07-17 14:00:00,1,614E1550,0.02496465406,,274.77,1,0,1
B032,2022-07-17 15:00:00,0,614H0033,1.059169236,,,1,0,0
B032,2022-07-17 15:00:00,1,614E1550,0.003257279389,,275.09,1,0,1
B032,2022-07-17 16:00:00,0,614H0033,0,,,1,0,0
B032,2022-07-17 16:00:00,1,614E1550,0.008055620891,,275,1,0,1
B032,2022-07-17 17:00:00,0,614H0033,0,,,1,0,0
B032,2022-07-17 17:00:00,1,614E1550,0,,274.92,1,0,1
B032,2022-07-17 18:00:00,0,614H0033,0,,,1,0,0
B032,2022-07-17 18:00:00,1,614E1550,0,,274.86,1,0,1
B032,2022-07-17 19:00:00,0,614H0033,0.1170843786,,,1,0,0
B032,2022-07-17 19:00:00,1,614E1550,0.001328262741,,274.82,1,0,1
B032,2022-07-17 20:00:00,0,614H0033,0.1170843786,,,1,0,0
B032,2022-07-17 20:00:00,1,614E1550,0.0005178319376,,274.78,1,0,1
B032,2022-07-17 21:00:00,0,614H0033,0,,,1,0,0
B032,2022-07-17 21:00:00,1,614E1550,0,,274.75,1,0,1
B032,2022-07-17 22:00:00,0,614H0033,0,,,1,0,0
B032,2022-07-17 22:00:00,1,614E1550,0,,274.73,1,0,1
B032,2022-07-17 23:00:00,0,614H0033,0,,,1,0,0
B032,2022-07-17 23:00:00,1,614E1550,0,,274.7,1,0,1
B032,2022-07-18 00:00:00,0,614H0033,0,,,1,0,0
B032,2022-07-18 00:00:00,1,614E1550,0,,274.69,1,0,1
B032,2022-07-18 01:00:00,0,614H0033,0,,,1,0,0
B032,2022-07-18 01:00:00,1,614E1550,0,,274.67,1,0,1
B032,2022-07-18 02:00:00,0,614H0033,0,,,1,0,0
B032,2022-07-18 02:00:00,1,614E1550,0,,274.66,1,0,1
B032,2022-07-18 03:00:00,0,614H0033,0,,,1,0,0
B032,2022-07-18 03:00:00,1,614E1550,0,,274.64,1,0,1
B032,2022-07-18 04:00:00,0,614H0033,0.002704914484,,,1,0,0
B032,2022-07-18 04:00:00,1,614E1550,0.0005140421805,,274.63,1,0,1
B032,2022-07-18 05:00:00,0,614H0033,0,,,1,0,0
B032,2022-07-18 05:00:00,1,614E1550,0,,274.62,1,0,1
B032,2022-07-18 06:00:00,0,614H0033,0,,,1,0,0
B032,2022-07-18 06:00:00,1,614E1550,0.02388514174,,274.61,1,0,1
B032,2022-07-18 07:00:00,0,614H0033,17.56690313,,,1,0,0
B032,2022-07-18 07:00:00,1,614E1550,29.56448819,,274.6,1,0,1
B032,2022-07-18 08:00:00,0,614H0033,0,,,1,0,0
B032,2022-07-18 08:00:00,1,614E1550,0,,274.59,1,0,1
B032,2022-07-18 09:00:00,0,614H0033,0,,,1,0,0
B032,2022-07-18 09:00:00,1,614E1550,0,,274.59,1,0,1
B032,2022-07-18 10:00:00,0,614H0033,0,,,1,0,0
B032,2022-07-18 10:00:00,1,614E1550,0,,274.58,1,0,1
B032,2022-07-18 11:00:00,0,614H0033,0,,,1,0,0
B032,2022-07-18 11:00:00,1,614E1550,0,,274.58,1,0,1
B032,2022-07-18 12:00:00,0,614H0033,0,,,1,0,0
B032,2022-07-18 12:00:00,1,614E1550,0,,274.57,1,0,1
B032,2022-07-18 13:00:00,0,614H0033,0,,,1,0,0
B032,2022-07-18 13:00:00,1,614E1550,0,,274.57,1,0,1
B032,2022-07-18 14:00:00,0,614H0033,0,,,1,0,0
B032,2022-07-18 14:00:00,1,614E1550,0,,274.56,1,0,1
B032,2022-07-18 15:00:00,0,614H0033,0,,,1,0,0
B032,2022-07-18 15:00:00,1,614E1550,0,,274.55,1,0,1
B032,2022-07-18 16:00:00,0,614H0033,0,,,1,0,0
B032,2022-07-18 16:00:00,1,614E1550,0,,274.55,1,0,1
B032,2022-07-18 17:00:00,0,614H0033,0,,,1,0,0
B032,2022-07-18 17:00:00,1,614E1550,0,,274.54,1,0,1
B032,2022-07-18 18:00:00,0,614H0033,0,,,1,0,0
B032,2022-07-18 18:00:00,1,614E1550,0.0007985754317,,274.53,1,0,1
B032,2022-07-18 19:00:00,0,614H0033,0,,,1,0,0
B032,2022-07-18 19:00:00,1,614E1550,0,,274.53,1,0,1
B032,2022-07-18 20:00:00,0,614H0033,0,,,1,0,0
B032,2022-07-18 20:00:00,1,614E1550,0,,274.53,1,0,1
B032,2022-07-18 21:00:00,0,614H0033,0,,,1,0,0
B032,2022-07-18 21:00:00,1,614E1550,0,,274.53,1,0,1
B032,2022-07-18 22:00:00,0,614H0033,0,,,1,0,0
B032,2022-07-18 22:00:00,1,614E1550,0,,274.52,1,0,1
B032,2022-07-18 23:00:00,0,614H0033,0,,,1,0,0
B032,2022-07-18 23:00:00,1,614E1550,0,,274.52,1,0,1
B032,2022-07-19 00:00:00,0,614H0033,0,,,1,0,0
B032,2022-07-19 00:00:00,1,614E1550,0,,274.52,1,0,1
B032,2022-07-19 01:00:00,0,614H0033,0,,,1,0,0
B032,2022-07-19 01:00:00,1,614E1550,0,,274.52,1,0,1
B032,2022-07-19 02:00:00,0,614H0033,0.002704914484,,,1,0,0
B032,2022-07-19 02:00:00,1,614E1550,0.0005140421805,,,1,0,0
B032,2022-07-19 03:00:00,0,614H0033,0,,,1,0,0
B032,2022-07-19 03:00:00,1,614E1550,0,,,1,0,0
B032,2022-07-19 04:00:00,0,614H0033,0,,,1,0,0
B032,2022-07-19 04:00:00,1,614E1550,0.02595073755,,274.51,1,0,1
B032,2022-07-19 05:00:00,0,614H0033,0,,,1,0,0
B032,2022-07-19 05:00:00,1,614E1550,0.1328429864,,274.5,1,0,1
B032,2022-07-19 06:00:00,0,614H0033,0,,,1,0,0
B032,2022-07-19 06:00:00,1,614E1550,0.3883115451,,274.5,1,0,1
B032,2022-07-19 07:00:00,0,614H0033,0.002704914484,,,1,0,0
B032,2022-07-19 07:00:00,1,614E1550,0.4437318756,,274.5,1,0,1
B032,2022-07-19 08:00:00,0,614H0033,0,,,1,0,0
B032,2022-07-19 08:00:00,1,614E1550,0.01879436559,,274.5,1,0,1
B032,2022-07-19 09:00:00,0,614H0033,0,,,1,0,0
B032,2022-07-19 09:00:00,1,614E1550,0.008055620891,,274.5,1,0,1
B032,2022-07-19 10:00:00,0,614H0033,0,,,1,0,0
B032,2022-07-19 10:00:00,1,614E1550,0.586595853,,274.5,1,0,1
B032,2022-07-19 11:00:00,0,614H0033,0.397236682,,,1,0,0
B032,2022-07-19 11:00:00,1,614E1550,3.506297758,,274.5,1,0,1
B032,2022-07-19 12:00:00,0,614H0033,1.6391813,,,1,0,0
B032,2022-07-19 12:00:00,1,614E1550,0.4082113724,,274.51,1,0,1
B032,2022-07-19 13:00:00,0,614H0033,0.130608951,,,1,0,0
B032,2022-07-19 13:00:00,1,614E1550,0.6376211371,,,1,0,0
B032,2022-07-19 14:00:00,0,614H0033,0,,,1,0,0
B032,2022-07-19 14:00:00,1,614E1550,0.01724615394,,274.53,1,0,1
B032,2022-07-19 15:00:00,0,614H0033,0.02434423035,,,1,0,0
B032,2022-07-19 15:00:00,1,614E1550,0.128996543,,274.54,1,0,1
B032,2022-07-19 16:00:00,0,614H0033,0,,,1,0,0
B032,2022-07-19 16:00:00,1,614E1550,0.04864705001,,274.55,1,0,1
B032,2022-07-19 17:00:00,0,614H0033,0,,,1,0,0
B032,2022-07-19 17:00:00,1,614E1550,0,,274.57,1,0,1
B032,2022-07-19 18:00:00,0,614H0033,0,,,1,0,0
B032,2022-07-19 18:00:00,1,614E1550,0,,274.58,1,0,1
B032,2022-07-19 19:00:00,0,614H0033,0,,,1,0,0
B032,2022-07-19 19:00:00,1,614E1550,0,,274.58,1,0,1
B032,2022-07-19 20:00:00,0,614H0033,0,,,1,0,0
B032,2022-07-19 20:00:00,1,614E1550,0.008055620891,,274.58,1,0,1
B032,2022-07-19 21:00:00,0,614H0033,0,,,1,0,0
B032,2022-07-19 21:00:00,1,614E1550,0,,274.58,1,0,1
B032,2023-03-14 05:00:00,0,614H0033,0,,,1,0,0
B032,2023-03-14 05:00:00,1,614E1550,0,,274.43,1,0,1
B032,2023-03-14 06:00:00,0,614H0033,0,,,1,0,0
B032,2023-03-14 06:00:00,1,614E1550,0,,274.43,1,0,1
B032,2023-03-14 07:00:00,0,614H0033,0,,,1,0,0
B032,2023-03-14 07:00:00,1,614E1550,0.2503565447,,274.43,1,0,1
B032,2023-03-14 08:00:00,0,614H0033,0,,,1,0,0
B032,2023-03-14 08:00:00,1,614E1550,0,,274.43,1,0,1
B032,2023-03-14 09:00:00,0,614H0033,0,,,1,0,0
B032,2023-03-14 09:00:00,1,614E1550,0,,274.43,1,0,1
B032,2023-03-14 10:00:00,0,614H0033,0,,,1,0,0
B032,2023-03-14 10:00:00,1,614E1550,0,,274.43,1,0,1
B032,2023-03-14 11:00:00,0,614H0033,0,,,1,0,0
B032,2023-03-14 11:00:00,1,614E1550,0,,274.43,1,0,1
B032,2023-03-14 12:00:00,0,614H0033,0,,,1,0,0
B032,2023-03-14 12:00:00,1,614E1550,0,,274.43,1,0,1
B032,2023-03-14 13:00:00,0,614H0033,0,,,1,0,0
B032,2023-03-14 13:00:00,1,614E1550,0,,274.43,1,0,1
B032,2023-03-14 14:00:00,0,614H0033,0,,,1,0,0
B032,2023-03-14 14:00:00,1,614E1550,0,,274.43,1,0,1
B032,2023-03-14 15:00:00,0,614H0033,0,,,1,0,0
B032,2023-03-14 15:00:00,1,614E1550,0,,274.43,1,0,1
B032,2023-03-14 16:00:00,0,614H0033,0,,,1,0,0
B032,2023-03-14 16:00:00,1,614E1550,0,,274.43,1,0,1
B032,2023-03-14 17:00:00,0,614H0033,0,,,1,0,0
B032,2023-03-14 17:00:00,1,614E1550,0,,274.43,1,0,1
B032,2023-03-14 18:00:00,0,614H0033,0,,,1,0,0
B032,2023-03-14 18:00:00,1,614E1550,0,,274.43,1,0,1
B032,2023-03-14 19:00:00,0,614H0033,0,,,1,0,0
B032,2023-03-14 19:00:00,1,614E1550,0,,274.43,1,0,1
B032,2023-03-14 20:00:00,0,614H0033,0,,,1,0,0
B032,2023-03-14 20:00:00,1,614E1550,0,,274.43,1,0,1
B032,2023-03-14 21:00:00,0,614H0033,0,,,1,0,0
B032,2023-03-14 21:00:00,1,614E1550,0,,274.43,1,0,1
B032,2023-03-14 22:00:00,0,614H0033,0,,,1,0,0
B032,2023-03-14 22:00:00,1,614E1550,0,,274.43,1,0,1
B032,2023-03-14 23:00:00,0,614H0033,0,,,1,0,0
B032,2023-03-14 23:00:00,1,614E1550,0,,274.43,1,0,1
B032,2023-03-15 00:00:00,0,614H0033,0,,,1,0,0
B032,2023-03-15 00:00:00,1,614E1550,0,,274.43,1,0,1
B032,2023-03-15 01:00:00,0,614H0033,0,,,1,0,0
B032,2023-03-15 01:00:00,1,614E1550,0,,274.43,1,0,1
B032,2023-03-15 02:00:00,0,614H0033,0,,,1,0,0
B032,2023-03-15 02:00:00,1,614E1550,0,,274.43,1,0,1
B032,2023-03-15 03:00:00,0,614H0033,0,,,1,0,0
B032,2023-03-15 03:00:00,1,614E1550,0,,274.43,1,0,1
B032,2023-03-15 04:00:00,0,614H0033,0,,,1,0,0
B032,2023-03-15 04:00:00,1,614E1550,0,,274.43,1,0,1
B032,2023-03-15 05:00:00,0,614H0033,0,,,1,0,0
B032,2023-03-15 05:00:00,1,614E1550,0,,274.43,1,0,1
B032,2023-03-15 06:00:00,0,614H0033,0,,,1,0,0
B032,2023-03-15 06:00:00,1,614E1550,0,,274.43,1,0,1
B032,2023-03-15 07:00:00,0,614H0033,0,,,1,0,0
B032,2023-03-15 07:00:00,1,614E1550,0,,274.43,1,0,1
B032,2023-03-15 08:00:00,0,614H0033,0,,,1,0,0
B032,2023-03-15 08:00:00,1,614E1550,0,,274.43,1,0,1
B032,2023-03-15 09:00:00,0,614H0033,0,,,1,0,0
B032,2023-03-15 09:00:00,1,614E1550,0,,274.43,1,0,1
B032,2023-03-15 10:00:00,0,614H0033,0,,,1,0,0
B032,2023-03-15 10:00:00,1,614E1550,0,,274.43,1,0,1
B032,2023-03-15 11:00:00,0,614H0033,0,,,1,0,0
B032,2023-03-15 11:00:00,1,614E1550,0,,274.43,1,0,1
B032,2023-03-15 12:00:00,0,614H0033,0,,,1,0,0
B032,2023-03-15 12:00:00,1,614E1550,0,,274.43,1,0,1
B032,2023-03-15 13:00:00,0,614H0033,0,,,1,0,0
B032,2023-03-15 13:00:00,1,614E1550,0,,274.43,1,0,1
B032,2023-03-15 14:00:00,0,614H0033,0,,,1,0,0
B032,2023-03-15 14:00:00,1,614E1550,0.0003992877158,,274.43,1,0,1
B032,2023-03-15 15:00:00,0,614H0033,0,,,1,0,0
B032,2023-03-15 15:00:00,1,614E1550,0,,274.43,1,0,1
B032,2023-03-15 16:00:00,0,614H0033,0,,,1,0,0
B032,2023-03-15 16:00:00,1,614E1550,0,,274.43,1,0,1
B032,2023-03-15 17:00:00,0,614H0033,0,,,1,0,0
B032,2023-03-15 17:00:00,1,614E1550,0,,274.43,1,0,1
B032,2023-03-15 18:00:00,0,614H0033,0,,,1,0,0
B032,2023-03-15 18:00:00,1,614E1550,0,,274.43,1,0,1
B032,2023-03-15 19:00:00,0,614H0033,0,,,1,0,0
B032,2023-03-15 19:00:00,1,614E1550,0,,274.43,1,0,1
B032,2023-03-15 20:00:00,0,614H0033,0,,,1,0,0
B032,2023-03-15 20:00:00,1,614E1550,0,,274.43,1,0,1
B032,2023-03-15 21:00:00,0,614H0033,0,,,1,0,0
B032,2023-03-15 21:00:00,1,614E1550,0,,274.43,1,0,1
B032,2023-03-15 22:00:00,0,614H0033,0,,,1,0,0
B032,2023-03-15 22:00:00,1,614E1550,0,,274.42,1,0,1
B032,2023-03-15 23:00:00,0,614H0033,0,,,1,0,0
B032,2023-03-15 23:00:00,1,614E1550,0,,274.42,1,0,1
B032,2023-03-16 00:00:00,0,614H0033,0,,,1,0,0
B032,2023-03-16 00:00:00,1,614E1550,0,,274.42,1,0,1
B032,2023-03-16 01:00:00,0,614H0033,0,,,1,0,0
B032,2023-03-16 01:00:00,1,614E1550,0,,274.41,1,0,1
B032,2023-03-16 02:00:00,0,614H0033,0,,,1,0,0
B032,2023-03-16 02:00:00,1,614E1550,0,,274.41,1,0,1
B032,2023-03-16 03:00:00,0,614H0033,0,,,1,0,0
B032,2023-03-16 03:00:00,1,614E1550,0,,274.41,1,0,1
B032,2023-03-16 04:00:00,0,614H0033,0,,,1,0,0
B032,2023-03-16 04:00:00,1,614E1550,0,,274.41,1,0,1
B032,2023-03-16 05:00:00,0,614H0033,0,,,1,0,0
B032,2023-03-16 05:00:00,1,614E1550,0.008454908607,,274.42,1,0,1
B032,2023-03-16 06:00:00,0,614H0033,0.002704914484,,,1,0,0
B032,2023-03-16 06:00:00,1,614E1550,0.0005140421805,,274.42,1,0,1
B032,2023-03-16 07:00:00,0,614H0033,0.002704914484,,,1,0,0
B032,2023-03-16 07:00:00,1,614E1550,0.05500101324,,,1,0,0
B032,2023-03-16 08:00:00,0,614H0033,0,,,1,0,0
B032,2023-03-16 08:00:00,1,614E1550,0.006430699726,,274.42,1,0,1
B032,2023-03-16 09:00:00,0,614H0033,0.002704914484,,,1,0,0
B032,2023-03-16 09:00:00,1,614E1550,0.01098264328,,274.42,1,0,1
B032,2023-03-16 10:00:00,0,614H0033,0,,,1,0,0
B032,2023-03-16 10:00:00,1,614E1550,0.0003992877158,,274.42,1,0,1
B032,2023-03-16 11:00:00,0,614H0033,0.1224942075,,,1,0,0
B032,2023-03-16 11:00:00,1,614E1550,0.0965595684,,274.42,1,0,1
B032,2023-03-16 12:00:00,0,614H0033,0,,,1,0,0
B032,2023-03-16 12:00:00,1,614E1550,0.00411173371,,274.42,1,0,1
B032,2023-03-16 13:00:00,0,614H0033,0,,,1,0,0
B032,2023-03-16 13:00:00,1,614E1550,0.00865024585,,274.42,1,0,1
B032,2023-03-16 14:00:00,0,614H0033,0.1170843786,,,1,0,0
B032,2023-03-16 14:00:00,1,614E1550,0.0002476883364,,274.42,1,0,1
B032,2023-03-16 15:00:00,0,614H0033,0.002704914484,,,1,0,0
B032,2023-03-16 15:00:00,1,614E1550,0.00916428803,,274.42,1,0,1
B032,2023-03-16 16:00:00,0,614H0033,0.0162294869,,,1,0,0
B032,2023-03-16 16:00:00,1,614E1550,0.02185275153,,274.42,1,0,1
B032,2023-03-16 17:00:00,0,614H0033,0.5007964881,,,1,0,0
B032,2023-03-16 17:00:00,1,614E1550,0.230579684,,274.42,1,0,1
B032,2023-03-16 18:00:00,0,614H0033,0.1333138655,,,1,0,0
B032,2023-03-16 18:00:00,1,614E1550,0.4702877514,,274.43,1,0,1
B032,2023-03-16 19:00:00,0,614H0033,1.289860023,,,1,0,0
B032,2023-03-16 19:00:00,1,614E1550,2.75621713,,274.43,1,0,1
B032,2023-03-16 20:00:00,0,614H0033,2.155434219,,,1,0,0
B032,2023-03-16 20:00:00,1,614E1550,3.541701188,,274.43,1,0,1
B032,2023-03-16 21:00:00,0,614H0033,5.001781996,,,1,0,0
B032,2023-03-16 21:00:00,1,614E1550,2.216736432,,274.47,1,0,1
B032,2023-03-16 22:00:00,0,614H0033,0.1333138655,,,1,0,0
B032,2023-03-16 22:00:00,1,614E1550,0.05369593818,,274.5,1,0,1
B032,2023-03-16 23:00:00,0,614H0033,0.1197892931,,,1,0,0
B032,2023-03-16 23:00:00,1,614E1550,0.009411976367,,274.5,1,0,1
B032,2023-03-17 00:00:00,0,614H0033,0,,,1,0,0
B032,2023-03-17 00:00:00,1,614E1550,0.0002701436012,,274.5,1,0,1
B032,2023-03-17 01:00:00,0,614H0033,0,,,1,0,0
B032,2023-03-17 01:00:00,1,614E1550,0.006160556125,,274.5,1,0,1
B032,2023-03-17 02:00:00,0,614H0033,0,,,1,0,0
B032,2023-03-17 02:00:00,1,614E1550,0.008454908607,,274.53,1,0,1
B032,2023-03-17 03:00:00,0,614H0033,0,,,1,0,0
B032,2023-03-17 03:00:00,1,614E1550,0.01911884695,,274.56,1,0,1
B032,2023-03-17 04:00:00,0,614H0033,0,,,1,0,0
B032,2023-03-17 04:00:00,1,614E1550,0.0002701436012,,274.56,1,0,1
B032,2023-03-17 05:00:00,0,614H0033,0,,,1,0,0
B032,2023-03-17 05:00:00,1,614E1550,0.008055620891,,274.56,1,0,1
B032,2023-03-17 06:00:00,0,614H0033,0.002704914484,,,1,0,0
B032,2023-03-17 06:00:00,1,614E1550,0.1856407571,,274.56,1,0,1
B032,2023-03-17 07:00:00,0,614H0033,9.598212567,,,1,0,0
B032,2023-03-17 07:00:00,1,614E1550,6.321075163,,274.55,1,0,1
B032,2023-03-17 08:00:00,0,614H0033,0,,,1,0,0
B032,2023-03-17 08:00:00,1,614E1550,0,,274.54,1,0,1
B032,2023-03-17 09:00:00,0,614H0033,0,,,1,0,0
B032,2023-03-17 09:00:00,1,614E1550,0.008055620891,,274.54,1,0,1
B032,2023-03-17 10:00:00,0,614H0033,0,,,1,0,0
B032,2023-03-17 10:00:00,1,614E1550,0,,274.54,1,0,1
B032,2023-03-17 11:00:00,0,614H0033,0,,,1,0,0
B032,2023-03-17 11:00:00,1,614E1550,0,,274.54,1,0,1
B032,2023-03-17 12:00:00,0,614H0033,0,,,1,0,0
B032,2023-03-17 12:00:00,1,614E1550,0,,274.53,1,0,1
B032,2023-03-17 13:00:00,0,614H0033,0,,,1,0,0
B032,2023-03-17 13:00:00,1,614E1550,0,,274.53,1,0,1
B032,2023-03-17 14:00:00,0,614H0033,0,,,1,0,0
B032,2023-03-17 14:00:00,1,614E1550,0,,274.53,1,0,1
B032,2023-03-17 15:00:00,0,614H0033,0,,,1,0,0
B032,2023-03-17 15:00:00,1,614E1550,0,,274.53,1,0,1
B032,2023-03-17 16:00:00,0,614H0033,0,,,1,0,0
B032,2023-03-17 16:00:00,1,614E1550,0,,274.52,1,0,1
B032,2023-03-17 17:00:00,0,614H0033,0,,,1,0,0
B032,2023-03-17 17:00:00,1,614E1550,0,,274.52,1,0,1
B032,2023-03-17 18:00:00,0,614H0033,0,,,1,0,0
B032,2023-03-17 18:00:00,1,614E1550,0,,274.52,1,0,1
B032,2023-03-17 19:00:00,0,614H0033,0,,,1,0,0
B032,2023-03-17 19:00:00,1,614E1550,0,,274.52,1,0,1
B032,2023-03-17 20:00:00,0,614H0033,0,,,1,0,0
B032,2023-03-17 20:00:00,1,614E1550,0,,274.52,1,0,1
B032,2023-03-17 21:00:00,0,614H0033,0,,,1,0,0
B032,2023-03-17 21:00:00,1,614E1550,0,,274.52,1,0,1
B032,2023-03-17 22:00:00,0,614H0033,0,,,1,0,0
B032,2023-03-17 22:00:00,1,614E1550,0,,274.51,1,0,1
B032,2023-03-17 23:00:00,0,614H0033,0,,,1,0,0
B032,2023-03-17 23:00:00,1,614E1550,0,,274.51,1,0,1
B032,2023-03-18 00:00:00,0,614H0033,0,,,1,0,0
B032,2023-03-18 00:00:00,1,614E1550,0,,274.51,1,0,1
B032,2023-03-18 01:00:00,0,614H0033,0,,,1,0,0
B032,2023-03-18 01:00:00,1,614E1550,0,,274.51,1,0,1
B032,2023-03-18 02:00:00,0,614H0033,0,,,1,0,0
B032,2023-03-18 02:00:00,1,614E1550,0,,274.51,1,0,1
B032,2023-03-18 03:00:00,0,614H0033,0,,,1,0,0
B032,2023-03-18 03:00:00,1,614E1550,0,,274.5,1,0,1
B032,2023-03-18 04:00:00,0,614H0033,0,,,1,0,0
B032,2023-03-18 04:00:00,1,614E1550,0,,274.5,1,0,1
B032,2023-03-18 05:00:00,0,614H0033,0.1197892931,,,1,0,0
B032,2023-03-18 05:00:00,1,614E1550,0.06732680023,,274.5,1,0,1
B032,2023-03-18 06:00:00,0,614H0033,1.143021585,,,1,0,0
B032,2023-03-18 06:00:00,1,614E1550,0.6231266744,,274.5,1,0,1
B032,2023-03-18 07:00:00,0,614H0033,0.6584545839,,,1,0,0
B032,2023-03-18 07:00:00,1,614E1550,0.7350414376,,274.5,1,0,1
B032,2023-03-18 08:00:00,0,614H0033,0.2639228165,,,1,0,0
B032,2023-03-18 08:00:00,1,614E1550,0.4616114911,,274.51,1,0,1
B032,2023-03-18 09:00:00,0,614H0033,1.183595302,,,1,0,0
B032,2023-03-18 09:00:00,1,614E1550,0.7834958572,,274.51,1,0,1
B032,2023-03-18 10:00:00,0,614H0033,1.020527378,,,1,0,0
B032,2023-03-18 10:00:00,1,614E1550,0.8321890206,,274.51,1,0,1
B032,2023-03-18 11:00:00,0,614H0033,0.4080563399,,,1,0,0
B032,2023-03-18 11:00:00,1,614E1550,0.7789772706,,274.52,1,0,1
B032,2023-03-18 12:00:00,0,614H0033,0.7701291336,,,1,0,0
B032,2023-03-18 12:00:00,1,614E1550,0.1813139118,,274.52,1,0,1
B032,2023-03-18 13:00:00,0,614H0033,0,,,1,0,0
B032,2023-03-18 13:00:00,1,614E1550,0,,274.52,1,0,1
B032,2023-03-18 14:00:00,0,614H0033,0,,,1,0,0
B032,2023-03-18 14:00:00,1,614E1550,0.03212221991,,,1,0,0
B032,2023-03-18 15:00:00,0,614H0033,0,,,1,0,0
B032,2023-03-18 15:00:00,1,614E1550,0.08823077139,,274.55,1,0,1
B032,2023-03-18 16:00:00,0,614H0033,0.1224942075,,,1,0,0
B032,2023-03-18 16:00:00,1,614E1550,0.01059544986,,274.57,1,0,1
B032,2023-03-18 17:00:00,0,614H0033,0.1414286089,,,1,0,0
B032,2023-03-18 17:00:00,1,614E1550,0.2481634229,,274.58,1,0,1
B032,2023-03-18 18:00:00,0,614H0033,0,,,1,0,0
B032,2023-03-18 18:00:00,1,614E1550,0.0957128186,,274.58,1,0,1
B032,2023-03-18 19:00:00,0,614H0033,0.002704914484,,,1,0,0
B032,2023-03-18 19:00:00,1,614E1550,0.01175339765,,274.58,1,0,1
B032,2023-03-18 20:00:00,0,614H0033,0,,,1,0,0
B032,2023-03-18 20:00:00,1,614E1550,0.008055620891,,274.58,1,0,1
B032,2023-03-18 21:00:00,0,614H0033,0,,,1,0,0
B032,2023-03-18 21:00:00,1,614E1550,0,,274.58,1,0,1
B032,2023-03-18 22:00:00,0,614H0033,0,,,1,0,0
B032,2023-03-18 22:00:00,1,614E1550,0,,274.58,1,0,1
B032,2023-03-18 23:00:00,0,614H0033,0,,,1,0,0
B032,2023-03-18 23:00:00,1,614E1550,0.003841590109,,274.57,1,0,1
B032,2023-03-19 00:00:00,0,614H0033,0,,,1,0,0
B032,2023-03-19 00:00:00,1,614E1550,0,,274.57,1,0,1
B032,2023-03-19 01:00:00,0,614H0033,0,,,1,0,0
B032,2023-03-19 01:00:00,1,614E1550,0,,274.57,1,0,1
B032,2023-03-19 02:00:00,0,614H0033,0,,,1,0,0
B032,2023-03-19 02:00:00,1,614E1550,0.0002701436012,,274.56,1,0,1
B032,2023-03-19 03:00:00,0,614H0033,0,,,1,0,0
B032,2023-03-19 03:00:00,1,614E1550,0.00865024585,,274.56,1,0,1
B032,2023-03-19 04:00:00,0,614H0033,0.1170843786,,,1,0,0
B032,2023-03-19 04:00:00,1,614E1550,0.006093495444,,274.56,1,0,1
B032,2023-03-19 05:00:00,0,614H0033,0.391826853,,,1,0,0
B032,2023-03-19 05:00:00,1,614E1550,0.8160568264,,274.55,1,0,1
B032,2023-03-19 06:00:00,0,614H0033,0.386417024,,,1,0,0
B032,2023-03-19 06:00:00,1,614E1550,0.4931666348,,274.55,1,0,1
B032,2023-03-19 07:00:00,0,614H0033,0.2639228165,,,1,0,0
B032,2023-03-19 07:00:00,1,614E1550,0.5093009976,,274.55,1,0,1
B032,2023-03-19 08:00:00,0,614H0033,0.130608951,,,1,0,0
B032,2023-03-19 08:00:00,1,614E1550,0.3229325156,,274.55,1,0,1
B032,2023-03-19 09:00:00,0,614H0033,0,,,1,0,0
B032,2023-03-19 09:00:00,1,614E1550,0.01737529806,,274.55,1,0,1
B032,2023-03-19 10:00:00,0,614H0033,0,,,1,0,0
B032,2023-03-19 10:00:00,1,614E1550,0,,274.55,1,0,1
B032,2023-03-19 23:00:00,0,614H0033,0,,,1,0,0
B032,2023-03-19 23:00:00,1,614E1550,0,,274.56,1,0,1
B032,2023-03-20 00:00:00,0,614H0033,0,,,1,0,0
B032,2023-03-20 00:00:00,1,614E1550,0,,274.56,1,0,1
B032,2023-03-20 01:00:00,0,614H0033,0,,,1,0,0
B032,2023-03-20 01:00:00,1,614E1550,0,,274.55,1,0,1
B032,2023-03-20 02:00:00,0,614H0033,0,,,1,0,0
B032,2023-03-20 02:00:00,1,614E1550,0.02503565447,,274.55,1,0,1
B032,2023-03-20 03:00:00,0,614H0033,0,,,1,0,0
B032,2023-03-20 03:00:00,1,614E1550,0,,274.55,1,0,1
B032,2023-03-20 04:00:00,0,614H0033,0,,,1,0,0
B032,2023-03-20 04:00:00,1,614E1550,0.0104686011,,274.55,1,0,1
B032,2023-03-20 05:00:00,0,614H0033,0,,,1,0,0
B032,2023-03-20 05:00:00,1,614E1550,0,,274.55,1,0,1
B032,2023-03-20 06:00:00,0,614H0033,0,,,1,0,0
B032,2023-03-20 06:00:00,1,614E1550,0,,274.54,1,0,1
B032,2023-03-20 07:00:00,0,614H0033,0.130608951,,,1,0,0
B032,2023-03-20 07:00:00,1,614E1550,0.395431527,,274.54,1,0,1
B032,2023-03-20 08:00:00,0,614H0033,0,,,1,0,0
B032,2023-03-20 08:00:00,1,614E1550,0,,274.54,1,0,1
B032,2023-03-20 09:00:00,0,614H0033,0.002704914484,,,1,0,0
B032,2023-03-20 09:00:00,1,614E1550,0.00916428803,,274.54,1,0,1
B032,2023-03-20 10:00:00,0,614H0033,0.1170843786,,,1,0,0
B032,2023-03-20 10:00:00,1,614E1550,0.004089278446,,274.54,1,0,1
B032,2023-03-20 11:00:00,0,614H0033,0,,,1,0,0
B032,2023-03-20 11:00:00,1,614E1550,0.0002701436012,,274.54,1,0,1
B032,2023-03-20 12:00:00,0,614H0033,0,,,1,0,0
B032,2023-03-20 12:00:00,1,614E1550,0.008055620891,,274.54,1,0,1
B032,2023-03-20 13:00:00,0,614H0033,0,,,1,0,0
B032,2023-03-20 13:00:00,1,614E1550,0,,274.53,1,0,1
B032,2023-03-20 14:00:00,0,614H0033,0,,,1,0,0
B032,2023-03-20 14:00:00,1,614E1550,0,,274.53,1,0,1
B032,2023-03-20 15:00:00,0,614H0033,0,,,1,0,0
B032,2023-03-20 15:00:00,1,614E1550,0,,274.53,1,0,1
B032,2023-03-20 16:00:00,0,614H0033,0,,,1,0,0
B032,2023-03-20 16:00:00,1,614E1550,0,,274.53,1,0,1
B032,2023-03-20 17:00:00,0,614H0033,0,,,1,0,0
B032,2023-03-20 17:00:00,1,614E1550,0,,274.53,1,0,1
B032,2023-03-20 18:00:00,0,614H0033,0,,,1,0,0
B032,2023-03-20 18:00:00,1,614E1550,0,,274.53,1,0,1
B032,2023-03-20 19:00:00,0,614H0033,0,,,1,0,0
B032,2023-03-20 19:00:00,1,614E1550,0,,274.53,1,0,1
B032,2023-03-20 20:00:00,0,614H0033,0,,,1,0,0
B032,2023-03-20 20:00:00,1,614E1550,0,,274.53,1,0,1
B032,2023-03-20 21:00:00,0,614H0033,0,,,1,0,0
B032,2023-03-20 21:00:00,1,614E1550,0,,274.53,1,0,1
B032,2023-03-20 22:00:00,0,614H0033,0,,,1,0,0
B032,2023-03-20 22:00:00,1,614E1550,0,,274.53,1,0,1
B032,2023-03-20 23:00:00,0,614H0033,0,,,1,0,0
B032,2023-03-20 23:00:00,1,614E1550,0,,274.53,1,0,1
B032,2023-03-21 00:00:00,0,614H0033,0,,,1,0,0
B032,2023-03-21 00:00:00,1,614E1550,0,,274.52,1,0,1
B032,2023-03-21 01:00:00,0,614H0033,0,,,1,0,0
B032,2023-03-21 01:00:00,1,614E1550,0.00865024585,,274.52,1,0,1
B032,2023-03-21 02:00:00,0,614H0033,0,,,1,0,0
B032,2023-03-21 02:00:00,1,614E1550,0,,274.52,1,0,1
B032,2023-03-21 03:00:00,0,614H0033,0,,,1,0,0
B032,2023-03-21 03:00:00,1,614E1550,0,,274.52,1,0,1
B032,2023-03-21 04:00:00,0,614H0033,0,,,1,0,0
B032,2023-03-21 04:00:00,1,614E1550,0,,274.52,1,0,1
B032,2023-03-21 05:00:00,0,614H0033,0,,,1,0,0
B032,2023-03-21 05:00:00,1,614E1550,0.01978827826,,274.52,1,0,1
B032,2023-03-21 06:00:00,0,614H0033,0.1170843786,,,1,0,0
B032,2023-03-21 06:00:00,1,614E1550,0.01446386535,,274.52,1,0,1
B032,2023-03-21 07:00:00,0,614H0033,0.2368736716,,,1,0,0
B032,2023-03-21 07:00:00,1,614E1550,0.04718122874,,274.52,1,0,1
B032,2023-03-21 08:00:00,0,614H0033,0,,,1,0,0
B032,2023-03-21 08:00:00,1,614E1550,0.04201166481,,274.52,1,0,1
B032,2023-03-21 09:00:00,0,614H0033,0,,,1,0,0
B032,2023-03-21 09:00:00,1,614E1550,0.05394570984,,274.52,1,0,1
B032,2023-03-21 10:00:00,0,614H0033,0,,,1,0,0
B032,2023-03-21 10:00:00,1,614E1550,0.03275197479,,274.51,1,0,1
B032,2023-03-21 11:00:00,0,614H0033,0,,,1,0,0
B032,2023-03-21 11:00:00,1,614E1550,0,,274.51,1,0,1
B032,2023-03-21 12:00:00,0,614H0033,0,,,1,0,0
B032,2023-03-21 12:00:00,1,614E1550,0,,274.51,1,0,1
B032,2023-03-21 13:00:00,0,614H0033,0,,,1,0,0
B032,2023-03-21 13:00:00,1,614E1550,0,,274.51,1,0,1
B032,2023-03-21 14:00:00,0,614H0033,0,,,1,0,0
B032,2023-03-21 14:00:00,1,614E1550,0,,,1,0,0
B032,2023-03-21 15:00:00,0,614H0033,0,,,1,0,0
B032,2023-03-21 15:00:00,1,614E1550,0,,274.51,1,0,1
B032,2023-03-21 16:00:00,0,614H0033,0,,,1,0,0
B032,2023-03-21 16:00:00,1,614E1550,0,,274.51,1,0,1
B032,2023-03-21 17:00:00,0,614H0033,0,,,1,0,0
B032,2023-03-21 17:00:00,1,614E1550,0,,274.51,1,0,1
B032,2023-03-21 18:00:00,0,614H0033,0,,,1,0,0
B032,2023-03-21 18:00:00,1,614E1550,0,,274.51,1,0,1
B032,2023-03-21 19:00:00,0,614H0033,0,,,1,0,0
B032,2023-03-21 19:00:00,1,614E1550,0,,274.51,1,0,1
B032,2023-03-21 20:00:00,0,614H0033,0,,,1,0,0
B032,2023-03-21 20:00:00,1,614E1550,0,,274.51,1,0,1
B032,2023-03-21 21:00:00,0,614H0033,0,,,1,0,0
B032,2023-03-21 21:00:00,1,614E1550,0,,274.5,1,0,1
B032,2023-03-21 22:00:00,0,614H0033,0,,,1,0,0
B032,2023-03-21 22:00:00,1,614E1550,0,,274.5,1,0,1
B032,2023-03-21 23:00:00,0,614H0033,0.5908317219,,,1,0,0
B032,2023-03-21 23:00:00,1,614E1550,0.2981543896,,274.5,1,0,1
B032,2023-03-22 00:00:00,0,614H0033,3.028350103,,,1,0,0
B032,2023-03-22 00:00:00,1,614E1550,2.445587045,,274.5,1,0,1
B032,2023-03-22 01:00:00,0,614H0033,3.941066649,,,1,0,0
B032,2023-03-22 01:00:00,1,614E1550,7.809190119,,274.54,1,0,1
B032,2023-03-22 02:00:00,0,614H0033,3.357963923,,,1,0,0
B032,2023-03-22 02:00:00,1,614E1550,5.005120033,,274.58,1,0,1
B032,2023-03-22 03:00:00,0,614H0033,2.350961118,,,1,0,0
B032,2023-03-22 03:00:00,1,614E1550,5.148726958,,274.83,1,0,1
B032,2023-03-22 04:00:00,0,614H0033,0.647634926,,,1,0,0
B032,2023-03-22 04:00:00,1,614E1550,1.361238881,,275.14,1,0,1
B032,2023-03-22 05:00:00,0,614H0033,0.2585129875,,,1,0,0
B032,2023-03-22 05:00:00,1,614E1550,0.2946219226,,275.25,1,0,1
B032,2023-03-22 06:00:00,0,614H0033,0.4872719157,,,1,0,0
B032,2023-03-22 06:00:00,1,614E1550,0.2149740232,,275.27,1,0,1
B032,2023-03-22 07:00:00,0,614H0033,13.00448077,,,1,0,0
B032,2023-03-22 07:00:00,1,614E1550,0.341260429,,275.23,1,0,1
B032,2023-03-22 08:00:00,0,614H0033,0.255808073,,,1,0,0
B032,2023-03-22 08:00:00,1,614E1550,0.07594306897,,275.17,1,0,1
B032,2023-03-22 09:00:00,0,614H0033,0,,,1,0,0
B032,2023-03-22 09:00:00,1,614E1550,0.008055620891,,275.12,1,0,1
B032,2023-03-22 10:00:00,0,614H0033,0,,,1,0,0
B032,2023-03-22 10:00:00,1,614E1550,0.5975278312,,275.07,1,0,1
B032,2023-03-22 11:00:00,0,614H0033,0,,,1,0,0
B032,2023-03-22 11:00:00,1,614E1550,0,,275.03,1,0,1
B032,2023-03-22 12:00:00,0,614H0033,0,,,1,0,0
B032,2023-03-22 12:00:00,1,614E1550,0,,275,1,0,1
B032,2023-03-22 13:00:00,0,614H0033,0,,,1,0,0
B032,2023-03-22 13:00:00,1,614E1550,0,,274.96,1,0,1
B032,2023-03-22 14:00:00,0,614H0033,0,,,1,0,0
B032,2023-03-22 14:00:00,1,614E1550,0,,274.93,1,0,1
B032,2023-03-22 15:00:00,0,614H0033,0,,,1,0,0
B032,2023-03-22 15:00:00,1,614E1550,0,,274.9,1,0,1
B032,2023-03-22 16:00:00,0,614H0033,0,,,1,0,0
B032,2023-03-22 16:00:00,1,614E1550,0,,274.87,1,0,1
B032,2023-03-22 17:00:00,0,614H0033,0,,,1,0,0
B032,2023-03-22 17:00:00,1,614E1550,0,,274.84,1,0,1
B032,2023-03-22 18:00:00,0,614H0033,0,,,1,0,0
B032,2023-03-22 18:00:00,1,614E1550,0,,274.82,1,0,1
B032,2023-03-22 19:00:00,0,614H0033,0,,,1,0,0
B032,2023-03-22 19:00:00,1,614E1550,0,,274.8,1,0,1
B032,2023-03-22 20:00:00,0,614H0033,0,,,1,0,0
B032,2023-03-22 20:00:00,1,614E1550,0,,274.79,1,0,1
B032,2023-03-22 21:00:00,0,614H0033,0,,,1,0,0
B032,2023-03-22 21:00:00,1,614E1550,0,,274.77,1,0,1
B032,2023-03-22 22:00:00,0,614H0033,0,,,1,0,0
B032,2023-03-22 22:00:00,1,614E1550,0,,274.76,1,0,1
B032,2023-03-22 23:00:00,0,614H0033,0,,,1,0,0
B032,2023-03-22 23:00:00,1,614E1550,0,,274.74,1,0,1
B032,2023-03-23 00:00:00,0,614H0033,0,,,1,0,0
B032,2023-03-23 00:00:00,1,614E1550,0,,274.74,1,0,1
B032,2023-03-23 01:00:00,0,614H0033,0,,,1,0,0
B032,2023-03-23 01:00:00,1,614E1550,0.03330239535,,274.73,1,0,1
B032,2023-03-23 02:00:00,0,614H0033,0.7511947322,,,1,0,0
B032,2023-03-23 02:00:00,1,614E1550,0.5715966456,,274.71,1,0,1
B032,2023-03-23 03:00:00,0,614H0033,0.391826853,,,1,0,0
B032,2023-03-23 03:00:00,1,614E1550,0.6558744259,,274.71,1,0,1
B032,2023-03-23 04:00:00,0,614H0033,0.7566045611,,,1,0,0
B032,2023-03-23 04:00:00,1,614E1550,0.4265230229,,274.71,1,0,1
B032,2023-03-23 05:00:00,0,614H0033,0.4188759978,,,1,0,0
B032,2023-03-23 05:00:00,1,614E1550,1.292302602,,274.71,1,0,1
B032,2023-03-23 06:00:00,0,614H0033,0.4026465109,,,1,0,0
B032,2023-03-23 06:00:00,1,614E1550,1.169928759,,274.71,1,0,1
B032,2023-03-23 07:00:00,0,614H0033,2.703760365,,,1,0,0
B032,2023-03-23 07:00:00,1,614E1550,1.250107135,,274.71,1,0,1
B032,2023-03-23 08:00:00,0,614H0033,0.125199122,,,1,0,0
B032,2023-03-23 08:00:00,1,614E1550,0.06711524092,,274.71,1,0,1
B032,2023-03-23 09:00:00,0,614H0033,0,,,1,0,0
B032,2023-03-23 09:00:00,1,614E1550,0.07419919091,,274.72,1,0,1
B032,2023-03-23 10:00:00,0,614H0033,0,,,1,0,0
B032,2023-03-23 10:00:00,1,614E1550,0.03408518803,,274.74,1,0,1
B032,2023-03-23 11:00:00,0,614H0033,0.002704914484,,,1,0,0
B032,2023-03-23 11:00:00,1,614E1550,0.1285899967,,274.75,1,0,1
B032,2023-03-23 12:00:00,0,614H0033,0,,,1,0,0
B032,2023-03-23 12:00:00,1,614E1550,0,,274.76,1,0,1
B032,2023-03-23 13:00:00,0,614H0033,0,,,1,0,0
B032,2023-03-23 13:00:00,1,614E1550,0,,274.77,1,0,1
B032,2023-03-23 14:00:00,0,614H0033,0,,,1,0,0
B032,2023-03-23 14:00:00,1,614E1550,0.00865024585,,274.77,1,0,1
B032,2023-03-23 15:00:00,0,614H0033,0.002704914484,,,1,0,0
B032,2023-03-23 15:00:00,1,614E1550,0.00916428803,,274.76,1,0,1
B032,2023-03-23 16:00:00,0,614H0033,0,,,1,0,0
B032,2023-03-23 16:00:00,1,614E1550,0.02674931298,,274.75,1,0,1
B032,2023-03-23 17:00:00,0,614H0033,0.005409828967,,,1,0,0
B032,2023-03-23 17:00:00,1,614E1550,0.06144123646,,274.75,1,0,1
B032,2023-03-23 18:00:00,0,614H0033,0.1279040365,,,1,0,0
B032,2023-03-23 18:00:00,1,614E1550,0.1182341349,,274.74,1,0,1
B032,2023-03-23 19:00:00,0,614H0033,0.1279040365,,,1,0,0
B032,2023-03-23 19:00:00,1,614E1550,0.04941881935,,274.73,1,0,1
B032,2023-03-23 20:00:00,0,614H0033,0.002704914484,,,1,0,0
B032,2023-03-23 20:00:00,1,614E1550,0.01941168474,,274.73,1,0,1
B032,2023-03-23 21:00:00,0,614H0033,0,,,1,0,0
B032,2023-03-23 21:00:00,1,614E1550,0.01889764256,,274.72,1,0,1
B032,2023-03-23 22:00:00,0,614H0033,0.008114743451,,,1,0,0
B032,2023-03-23 22:00:00,1,614E1550,0.07302331199,,274.71,1,0,1
B032,2023-03-23 23:00:00,0,614H0033,0.1279040365,,,1,0,0
B032,2023-03-23 23:00:00,1,614E1550,0.06332972284,,274.71,1,0,1
B032,2023-03-24 00:00:00,0,614H0033,0.002704914484,,,1,0,0
B032,2023-03-24 00:00:00,1,614E1550,0.01888325291,,274.7,1,0,1
B032,2023-03-24 01:00:00,0,614H0033,0.002704914484,,,1,0,0
B032,2023-03-24 01:00:00,1,614E1550,0.009962863462,,274.7,1,0,1
B032,2023-03-24 02:00:00,0,614H0033,0,,,1,0,0
B032,2023-03-24 02:00:00,1,614E1550,0.009049533566,,274.69,1,0,1
B032,2023-03-24 03:00:00,0,614H0033,0.1197892931,,,1,0,0
B032,2023-03-24 03:00:00,1,614E1550,0.04122115749,,274.69,1,0,1
B032,2023-03-24 04:00:00,0,614H0033,0.01893440139,,,1,0,0
B032,2023-03-24 04:00:00,1,614E1550,0.2338084035,,274.68,1,0,1
B032,2023-03-24 05:00:00,0,614H0033,0.130608951,,,1,0,0
B032,2023-03-24 05:00:00,1,614E1550,0.07828672785,,,1,0,0
B032,2023-03-24 06:00:00,0,614H0033,0.005409828967,,,1,0,0
B032,2023-03-24 06:00:00,1,614E1550,0.03222429495,,274.68,1,0,1
B032,2023-03-24 07:00:00,0,614H0033,0.8107028508,,,1,0,0
B032,2023-03-24 07:00:00,1,614E1550,0.601298398,,274.67,1,0,1
B032,2023-03-24 08:00:00,0,614H0033,0,,,1,0,0
B032,2023-03-24 08:00:00,1,614E1550,0.02388514174,,274.67,1,0,1
B032,2023-03-24 09:00:00,0,614H0033,0,,,1,0,0
B032,2023-03-24 09:00:00,1,614E1550,0,,274.66,1,0,1
B032,2023-03-24 10:00:00,0,614H0033,0.1170843786,,,1,0,0
B032,2023-03-24 10:00:00,1,614E1550,0.0002476883364,,274.66,1,0,1
B032,2023-03-24 11:00:00,0,614H0033,0,,,1,0,0
B032,2023-03-24 11:00:00,1,614E1550,0,,274.66,1,0,1
B032,2023-04-19 08:00:00,0,614H0033,0,,,1,0,0
B032,2023-04-19 08:00:00,1,614E1550,0.01915361616,,274.5,1,0,1
B032,2023-04-19 09:00:00,0,614H0033,0,,,1,0,0
B032,2023-04-19 09:00:00,1,614E1550,0.003841590109,,274.5,1,0,1
B032,2023-04-19 10:00:00,0,614H0033,0,,,1,0,0
B032,2023-04-19 10:00:00,1,614E1550,0,,274.5,1,0,1
B032,2023-04-19 11:00:00,0,614H0033,0,,,1,0,0
B032,2023-04-19 11:00:00,1,614E1550,0,,274.5,1,0,1
B032,2023-04-19 12:00:00,0,614H0033,0,,,1,0,0
B032,2023-04-19 12:00:00,1,614E1550,0,,274.49,1,0,1
B032,2023-04-19 13:00:00,0,614H0033,0,,,1,0,0
B032,2023-04-19 13:00:00,1,614E1550,0,,274.49,1,0,1
B032,2023-04-19 14:00:00,0,614H0033,0,,,1,0,0
B032,2023-04-19 14:00:00,1,614E1550,0,,274.49,1,0,1
B032,2023-04-19 15:00:00,0,614H0033,0,,,1,0,0
B032,2023-04-19 15:00:00,1,614E1550,0,,274.49,1,0,1
B032,2023-04-19 16:00:00,0,614H0033,0,,,1,0,0
B032,2023-04-19 16:00:00,1,614E1550,0,,274.49,1,0,1
B032,2023-04-19 17:00:00,0,614H0033,0,,,1,0,0
B032,2023-04-19 17:00:00,1,614E1550,0,,274.49,1,0,1
B032,2023-04-19 18:00:00,0,614H0033,0,,,1,0,0
B032,2023-04-19 18:00:00,1,614E1550,0,,274.49,1,0,1
B032,2023-04-19 19:00:00,0,614H0033,0,,,1,0,0
B032,2023-04-19 19:00:00,1,614E1550,0,,274.49,1,0,1
B032,2023-04-19 20:00:00,0,614H0033,0,,,1,0,0
B032,2023-04-19 20:00:00,1,614E1550,0,,274.49,1,0,1
B032,2023-04-19 21:00:00,0,614H0033,0,,,1,0,0
B032,2023-04-19 21:00:00,1,614E1550,0,,274.49,1,0,1
B032,2023-04-19 22:00:00,0,614H0033,0,,,1,0,0
B032,2023-04-19 22:00:00,1,614E1550,0,,274.49,1,0,1
B032,2023-04-19 23:00:00,0,614H0033,0,,,1,0,0
B032,2023-04-19 23:00:00,1,614E1550,0,,274.49,1,0,1
B032,2023-04-20 00:00:00,0,614H0033,0,,,1,0,0
B032,2023-04-20 00:00:00,1,614E1550,0,,274.49,1,0,1
B032,2023-04-20 01:00:00,0,614H0033,0,,,1,0,0
B032,2023-04-20 01:00:00,1,614E1550,0,,274.49,1,0,1
B032,2023-04-20 02:00:00,0,614H0033,0,,,1,0,0
B032,2023-04-20 02:00:00,1,614E1550,0,,274.49,1,0,1
B032,2023-04-20 03:00:00,0,614H0033,0,,,1,0,0
B032,2023-04-20 03:00:00,1,614E1550,0,,274.49,1,0,1
B032,2023-04-20 04:00:00,0,614H0033,0,,,1,0,0
B032,2023-04-20 04:00:00,1,614E1550,0,,274.49,1,0,1
B032,2023-04-20 05:00:00,0,614H0033,0,,,1,0,0
B032,2023-04-20 05:00:00,1,614E1550,0,,274.49,1,0,1
B032,2023-04-20 06:00:00,0,614H0033,0,,,1,0,0
B032,2023-04-20 06:00:00,1,614E1550,0,,274.48,1,0,1
B032,2023-04-20 07:00:00,0,614H0033,0,,,1,0,0
B032,2023-04-20 07:00:00,1,614E1550,0.02299520627,,274.48,1,0,1
B032,2023-04-20 08:00:00,0,614H0033,0,,,1,0,0
B032,2023-04-20 08:00:00,1,614E1550,0,,274.48,1,0,1
B032,2023-04-20 09:00:00,0,614H0033,0,,,1,0,0
B032,2023-04-20 09:00:00,1,614E1550,0,,274.48,1,0,1
B032,2023-04-20 10:00:00,0,614H0033,0,,,1,0,0
B032,2023-04-20 10:00:00,1,614E1550,0,,274.48,1,0,1
B032,2023-04-20 11:00:00,0,614H0033,0,,,1,0,0
B032,2023-04-20 11:00:00,1,614E1550,0,,274.48,1,0,1
B032,2023-04-20 12:00:00,0,614H0033,0,,,1,0,0
B032,2023-04-20 12:00:00,1,614E1550,0,,274.48,1,0,1
B032,2023-04-20 13:00:00,0,614H0033,0,,,1,0,0
B032,2023-04-20 13:00:00,1,614E1550,0,,274.48,1,0,1
B032,2023-04-20 14:00:00,0,614H0033,0,,,1,0,0
B032,2023-04-20 14:00:00,1,614E1550,0,,274.48,1,0,1
B032,2023-04-20 15:00:00,0,614H0033,0,,,1,0,0
B032,2023-04-20 15:00:00,1,614E1550,0,,274.48,1,0,1
B032,2023-04-20 16:00:00,0,614H0033,0,,,1,0,0
B032,2023-04-20 16:00:00,1,614E1550,0,,274.48,1,0,1
B032,2023-04-20 17:00:00,0,614H0033,0,,,1,0,0
B032,2023-04-20 17:00:00,1,614E1550,0,,274.48,1,0,1
B032,2023-04-20 18:00:00,0,614H0033,0,,,1,0,0
B032,2023-04-20 18:00:00,1,614E1550,0,,274.48,1,0,1
B032,2023-04-20 19:00:00,0,614H0033,0,,,1,0,0
B032,2023-04-20 19:00:00,1,614E1550,0,,274.48,1,0,1
B032,2023-04-20 20:00:00,0,614H0033,0,,,1,0,0
B032,2023-04-20 20:00:00,1,614E1550,0,,274.48,1,0,1
B032,2023-04-20 21:00:00,0,614H0033,0,,,1,0,0
B032,2023-04-20 21:00:00,1,614E1550,0,,274.48,1,0,1
B032,2023-04-20 22:00:00,0,614H0033,0,,,1,0,0
B032,2023-04-20 22:00:00,1,614E1550,0,,274.48,1,0,1
B032,2023-04-20 23:00:00,0,614H0033,0,,,1,0,0
B032,2023-04-20 23:00:00,1,614E1550,0,,274.48,1,0,1
B032,2023-04-21 00:00:00,0,614H0033,0,,,1,0,0
B032,2023-04-21 00:00:00,1,614E1550,0,,274.48,1,0,1
B032,2023-04-21 01:00:00,0,614H0033,0,,,1,0,0
B032,2023-04-21 01:00:00,1,614E1550,0,,274.48,1,0,1
B032,2023-04-21 02:00:00,0,614H0033,0,,,1,0,0
B032,2023-04-21 02:00:00,1,614E1550,0,,274.48,1,0,1
B032,2023-04-21 03:00:00,0,614H0033,0,,,1,0,0
B032,2023-04-21 03:00:00,1,614E1550,0,,274.48,1,0,1
B032,2023-04-21 04:00:00,0,614H0033,0,,,1,0,0
B032,2023-04-21 04:00:00,1,614E1550,0,,274.48,1,0,1
B032,2023-04-21 05:00:00,0,614H0033,0,,,1,0,0
B032,2023-04-21 05:00:00,1,614E1550,0,,274.48,1,0,1
B032,2023-04-21 06:00:00,0,614H0033,0,,,1,0,0
B032,2023-04-21 06:00:00,1,614E1550,0,,274.48,1,0,1
B032,2023-04-21 07:00:00,0,614H0033,0,,,1,0,0
B032,2023-04-21 07:00:00,1,614E1550,0,,274.48,1,0,1
B032,2023-04-21 08:00:00,0,614H0033,0,,,1,0,0
B032,2023-04-21 08:00:00,1,614E1550,0.091187079,,274.48,1,0,1
B032,2023-04-21 09:00:00,0,614H0033,0.01352457242,,,1,0,0
B032,2023-04-21 09:00:00,1,614E1550,0.1932460215,,274.48,1,0,1
B032,2023-04-21 10:00:00,0,614H0033,0.5089112316,,,1,0,0
B032,2023-04-21 10:00:00,1,614E1550,0.4362680167,,,1,0,0
B032,2023-04-21 11:00:00,0,614H0033,2.69757748,,,1,0,0
B032,2023-04-21 11:00:00,1,614E1550,2.620049974,,274.48,1,0,1
B032,2023-04-21 12:00:00,0,614H0033,0.6665693274,,,1,0,0
B032,2023-04-21 12:00:00,1,614E1550,1.721097869,,274.51,1,0,1
B032,2023-04-21 13:00:00,0,614H0033,0.266627731,,,1,0,0
B032,2023-04-21 13:00:00,1,614E1550,0.7769062864,,274.53,1,0,1
B032,2023-04-21 14:00:00,0,614H0033,0.002704914484,,,1,0,0
B032,2023-04-21 14:00:00,1,614E1550,0.05341614002,,274.51,1,0,1
B032,2023-04-21 15:00:00,0,614H0033,0,,,1,0,0
B032,2023-04-21 15:00:00,1,614E1550,0.009848108998,,274.51,1,0,1
B032,2023-04-21 16:00:00,0,614H0033,0,,,1,0,0
B032,2023-04-21 16:00:00,1,614E1550,0.01809906713,,274.5,1,0,1
B032,2023-04-21 17:00:00,0,614H0033,0,,,1,0,0
B032,2023-04-21 17:00:00,1,614E1550,0.02154136953,,274.5,1,0,1
B032,2023-04-21 18:00:00,0,614H0033,0,,,1,0,0
B032,2023-04-21 18:00:00,1,614E1550,0.009049533566,,274.5,1,0,1
B032,2023-04-21 19:00:00,0,614H0033,0,,,1,0,0
B032,2023-04-21 19:00:00,1,614E1550,0.009049533566,,274.5,1,0,1
B032,2023-04-21 20:00:00,0,614H0033,0,,,1,0,0
B032,2023-04-21 20:00:00,1,614E1550,0.03408518803,,274.5,1,0,1
B032,2023-04-21 21:00:00,0,614H0033,0.008114743451,,,1,0,0
B032,2023-04-21 21:00:00,1,614E1550,1.376949255,,274.5,1,0,1
B032,2023-04-21 22:00:00,0,614H0033,0.002704914484,,,1,0,0
B032,2023-04-21 22:00:00,1,614E1550,0.05641911756,,274.52,1,0,1
B032,2023-04-21 23:00:00,0,614H0033,0,,,1,0,0
B032,2023-04-21 23:00:00,1,614E1550,0.04185506475,,274.52,1,0,1
B032,2023-04-22 00:00:00,0,614H0033,0,,,1,0,0
B032,2023-04-22 00:00:00,1,614E1550,0.02816838051,,,1,0,0
B032,2023-04-22 01:00:00,0,614H0033,0,,,1,0,0
B032,2023-04-22 01:00:00,1,614E1550,0.4292099065,,274.53,1,0,1
B032,2023-04-22 02:00:00,0,614H0033,0.1170843786,,,1,0,0
B032,2023-04-22 02:00:00,1,614E1550,0.009696509618,,274.53,1,0,1
B032,2023-04-22 03:00:00,0,614H0033,1.082740411,,,1,0,0
B032,2023-04-22 03:00:00,1,614E1550,1.214653712,,274.53,1,0,1
B032,2023-04-22 04:00:00,0,614H0033,0.005409828967,,,1,0,0
B032,2023-04-22 04:00:00,1,614E1550,0.3710392881,,274.53,1,0,1
B032,2023-04-22 05:00:00,0,614H0033,1.287928164,,,1,0,0
B032,2023-04-22 05:00:00,1,614E1550,1.089472606,,274.53,1,0,1
B032,2023-04-22 06:00:00,0,614H0033,0.5792390081,,,1,0,0
B032,2023-04-22 06:00:00,1,614E1550,0.535318399,,274.57,1,0,1
B032,2023-04-22 07:00:00,0,614H0033,0.6746840708,,,1,0,0
B032,2023-04-22 07:00:00,1,614E1550,1.099862468,,274.57,1,0,1
B032,2023-04-22 08:00:00,0,614H0033,1.700621277,,,1,0,0
B032,2023-04-22 08:00:00,1,614E1550,2.842894223,,274.6,1,0,1
B032,2023-04-22 09:00:00,0,614H0033,0.9413118018,,,1,0,0
B032,2023-04-22 09:00:00,1,614E1550,1.778683674,,274.65,1,0,1
B032,2023-04-22 10:00:00,0,614H0033,0.1224942075,,,1,0,0
B032,2023-04-22 10:00:00,1,614E1550,0.3074602102,,274.69,1,0,1
B032,2023-04-22 11:00:00,0,614H0033,0.002704914484,,,1,0,0
B032,2023-04-22 11:00:00,1,614E1550,0.06126183033,,274.76,1,0,1
B032,2023-04-22 12:00:00,0,614H0033,0,,,1,0,0
B032,2023-04-22 12:00:00,1,614E1550,0.009049533566,,274.81,1,0,1
B032,2023-04-22 13:00:00,0,614H0033,0,,,1,0,0
B032,2023-04-22 13:00:00,1,614E1550,0.008055620891,,274.83,1,0,1
B032,2023-04-22 14:00:00,0,614H0033,0,,,1,0,0
B032,2023-04-22 14:00:00,1,614E1550,0.03088146158,,274.83,1,0,1
B032,2023-04-22 15:00:00,0,614H0033,0,,,1,0,0
B032,2023-04-22 15:00:00,1,614E1550,0,,274.82,1,0,1
B032,2023-04-22 16:00:00,0,614H0033,0.1197892931,,,1,0,0
B032,2023-04-22 16:00:00,1,614E1550,0.02893011103,,274.81,1,0,1
B032,2023-04-22 17:00:00,0,614H0033,0.005409828967,,,1,0,0
B032,2023-04-22 17:00:00,1,614E1550,0.08346921889,,274.79,1,0,1
B032,2023-04-22 18:00:00,0,614H0033,0.1224942075,,,1,0,0
B032,2023-04-22 18:00:00,1,614E1550,0.03747390696,,274.77,1,0,1
B032,2023-04-22 19:00:00,0,614H0033,0.005409828967,,,1,0,0
B032,2023-04-22 19:00:00,1,614E1550,0.03722621862,,274.75,1,0,1
B032,2023-04-22 20:00:00,0,614H0033,0.125199122,,,1,0,0
B032,2023-04-22 20:00:00,1,614E1550,0.03865738046,,274.74,1,0,1
B032,2023-04-22 21:00:00,0,614H0033,0.1224942075,,,1,0,0
B032,2023-04-22 21:00:00,1,614E1550,0.08336655873,,274.73,1,0,1
B032,2023-04-22 22:00:00,0,614H0033,0.005409828967,,,1,0,0
B032,2023-04-22 22:00:00,1,614E1550,0.0348210676,,274.72,1,0,1
B032,2023-04-22 23:00:00,0,614H0033,0.002704914484,,,1,0,0
B032,2023-04-22 23:00:00,1,614E1550,0.03466145087,,274.71,1,0,1
B032,2023-04-23 00:00:00,0,614H0033,0.1197892931,,,1,0,0
B032,2023-04-23 00:00:00,1,614E1550,0.02857976253,,274.7,1,0,1
B032,2023-04-23 01:00:00,0,614H0033,0.005409828967,,,1,0,0
B032,2023-04-23 01:00:00,1,614E1550,0.05388177084,,274.69,1,0,1
B032,2023-04-23 02:00:00,0,614H0033,0.002704914484,,,1,0,0
B032,2023-04-23 02:00:00,1,614E1550,0.04775583396,,274.68,1,0,1
B032,2023-04-23 03:00:00,0,614H0033,0.1197892931,,,1,0,0
B032,2023-04-23 03:00:00,1,614E1550,0.02857976253,,274.68,1,0,1
B032,2023-04-23 04:00:00,0,614H0033,0.005409828967,,,1,0,0
B032,2023-04-23 04:00:00,1,614E1550,0.0333571378,,274.67,1,0,1
B032,2023-04-23 05:00:00,0,614H0033,0.1197892931,,,1,0,0
B032,2023-04-23 05:00:00,1,614E1550,0.05455499192,,274.66,1,0,1
B032,2023-04-23 06:00:00,0,614H0033,0.8593913115,,,1,0,0
B032,2023-04-23 06:00:00,1,614E1550,1.195444184,,274.66,1,0,1
B032,2023-04-23 07:00:00,0,614H0033,0.125199122,,,1,0,0
B032,2023-04-23 07:00:00,1,614E1550,0.9568216529,,274.66,1,0,1
B032,2023-04-23 08:00:00,0,614H0033,0.2639228165,,,1,0,0
B032,2023-04-23 08:00:00,1,614E1550,0.3203125588,,274.66,1,0,1
B032,2023-04-23 09:00:00,0,614H0033,0.005409828967,,,1,0,0
B032,2023-04-23 09:00:00,1,614E1550,0.3137954765,,274.65,1,0,1
B032,2023-04-23 10:00:00,0,614H0033,0,,,1,0,0
B032,2023-04-23 10:00:00,1,614E1550,0.03026418822,,274.65,1,0,1
B032,2023-04-23 11:00:00,0,614H0033,0.002704914484,,,1,0,0
B032,2023-04-23 11:00:00,1,614E1550,0.009563575746,,274.65,1,0,1
B032,2023-04-23 12:00:00,0,614H0033,0.1170843786,,,1,0,0
B032,2023-04-23 12:00:00,1,614E1550,0.008201012156,,274.65,1,0,1
B032,2023-04-23 13:00:00,0,614H0033,0,,,1,0,0
B032,2023-04-23 13:00:00,1,614E1550,0.01025925209,,274.65,1,0,1
B032,2023-04-23 14:00:00,0,614H0033,0.002704914484,,,1,0,0
B032,2023-04-23 14:00:00,1,614E1550,0.08818042155,,274.64,1,0,1
B032,2023-04-23 15:00:00,0,614H0033,0,,,1,0,0
B032,2023-04-23 15:00:00,1,614E1550,0.02525381552,,274.64,1,0,1
B032,2023-04-23 16:00:00,0,614H0033,0.2720375599,,,1,0,0
B032,2023-04-23 16:00:00,1,614E1550,0.0593383658,,274.64,1,0,1
B032,2023-04-23 17:00:00,0,614H0033,0.002704914484,,,1,0,0
B032,2023-04-23 17:00:00,1,614E1550,0.03716116348,,274.63,1,0,1
B032,2023-04-23 18:00:00,0,614H0033,0,,,1,0,0
B032,2023-04-23 18:00:00,1,614E1550,0.01136849958,,274.63,1,0,1
B032,2023-04-23 19:00:00,0,614H0033,0,,,1,0,0
B032,2023-04-23 19:00:00,1,614E1550,0.00865024585,,274.63,1,0,1
B032,2023-04-23 20:00:00,0,614H0033,0,,,1,0,0
B032,2023-04-23 20:00:00,1,614E1550,0,,274.63,1,0,1
B032,2023-04-23 21:00:00,0,614H0033,0,,,1,0,0
B032,2023-04-23 21:00:00,1,614E1550,0.009049533566,,274.62,1,0,1
B032,2023-04-23 22:00:00,0,614H0033,0,,,1,0,0
B032,2023-04-23 22:00:00,1,614E1550,0,,274.62,1,0,1
B032,2023-04-23 23:00:00,0,614H0033,0,,,1,0,0
B032,2023-04-23 23:00:00,1,614E1550,0.008920389451,,274.62,1,0,1
B032,2023-04-24 00:00:00,0,614H0033,0,,,1,0,0
B032,2023-04-24 00:00:00,1,614E1550,0,,274.62,1,0,1
B032,2023-04-24 01:00:00,0,614H0033,0,,,1,0,0
B032,2023-04-24 01:00:00,1,614E1550,0.003841590109,,274.61,1,0,1
B032,2023-04-24 02:00:00,0,614H0033,0,,,1,0,0
B032,2023-04-24 02:00:00,1,614E1550,0,,274.61,1,0,1
B032,2023-04-24 03:00:00,0,614H0033,0,,,1,0,0
B032,2023-04-24 03:00:00,1,614E1550,0,,274.61,1,0,1
B032,2023-04-24 04:00:00,0,614H0033,0.002704914484,,,1,0,0
B032,2023-04-24 04:00:00,1,614E1550,0.0005140421805,,274.61,1,0,1
B032,2023-04-24 05:00:00,0,614H0033,0,,,1,0,0
B032,2023-04-24 05:00:00,1,614E1550,0,,274.61,1,0,1
B032,2023-04-24 06:00:00,0,614H0033,0,,,1,0,0
B032,2023-04-24 06:00:00,1,614E1550,0,,274.61,1,0,1
B032,2023-04-24 07:00:00,0,614H0033,0.6692742419,,,1,0,0
B032,2023-04-24 07:00:00,1,614E1550,0.9446741306,,274.6,1,0,1
B032,2023-04-24 08:00:00,0,614H0033,0,,,1,0,0
B032,2023-04-24 08:00:00,1,614E1550,0.0003992877158,,274.6,1,0,1
B032,2023-04-24 09:00:00,0,614H0033,0,,,1,0,0
B032,2023-04-24 09:00:00,1,614E1550,0,,274.6,1,0,1
B032,2023-04-24 10:00:00,0,614H0033,0,,,1,0,0
B032,2023-04-24 10:00:00,1,614E1550,0,,274.6,1,0,1
B032,2023-04-24 11:00:00,0,614H0033,0,,,1,0,0
B032,2023-04-24 11:00:00,1,614E1550,0,,274.59,1,0,1
B032,2023-04-24 12:00:00,0,614H0033,0,,,1,0,0
B032,2023-04-24 12:00:00,1,614E1550,0,,274.59,1,0,1
B032,2023-04-24 13:00:00,0,614H0033,0,,,1,0,0
B032,2023-04-24 13:00:00,1,614E1550,0,,274.59,1,0,1
B032,2023-04-24 14:00:00,0,614H0033,0,,,1,0,0
B032,2023-04-24 14:00:00,1,614E1550,0,,274.59,1,0,1
B032,2023-04-24 15:00:00,0,614H0033,0,,,1,0,0
B032,2023-04-24 15:00:00,1,614E1550,0,,274.58,1,0,1
B032,2023-04-24 16:00:00,0,614H0033,0,,,1,0,0
B032,2023-04-24 16:00:00,1,614E1550,0,,274.58,1,0,1
B032,2023-04-24 17:00:00,0,614H0033,0,,,1,0,0
B032,2023-04-24 17:00:00,1,614E1550,0,,274.58,1,0,1
B032,2023-04-24 18:00:00,0,614H0033,0,,,1,0,0
B032,2023-04-24 18:00:00,1,614E1550,0,,274.58,1,0,1
B032,2023-04-24 19:00:00,0,614H0033,0,,,1,0,0
B032,2023-04-24 19:00:00,1,614E1550,0,,274.58,1,0,1
B032,2023-04-24 20:00:00,0,614H0033,0,,,1,0,0
B032,2023-04-24 20:00:00,1,614E1550,0,,,1,0,0
B032,2023-04-24 21:00:00,0,614H0033,0,,,1,0,0
B032,2023-04-24 21:00:00,1,614E1550,0,,274.58,1,0,1
B032,2023-04-24 22:00:00,0,614H0033,0,,,1,0,0
B032,2023-04-24 22:00:00,1,614E1550,0,,274.58,1,0,1
B032,2023-04-24 23:00:00,0,614H0033,0,,,1,0,0
B032,2023-04-24 23:00:00,1,614E1550,0,,274.58,1,0,1
B032,2023-04-25 00:00:00,0,614H0033,0,,,1,0,0
B032,2023-04-25 00:00:00,1,614E1550,0,,274.58,1,0,1
B032,2023-04-25 01:00:00,0,614H0033,0.002704914484,,,1,0,0
B032,2023-04-25 01:00:00,1,614E1550,0.01098264328,,274.58,1,0,1
B032,2023-04-25 02:00:00,0,614H0033,0.1170843786,,,1,0,0
B032,2023-04-25 02:00:00,1,614E1550,0.04650023097,,274.58,1,0,1
B032,2023-04-25 03:00:00,0,614H0033,0,,,1,0,0
B032,2023-04-25 03:00:00,1,614E1550,0.00865024585,,274.57,1,0,1
B032,2023-04-25 04:00:00,0,614H0033,0,,,1,0,0
B032,2023-04-25 04:00:00,1,614E1550,0,,274.57,1,0,1
B032,2023-04-25 05:00:00,0,614H0033,0.002704914484,,,1,0,0
B032,2023-04-25 05:00:00,1,614E1550,0.0005140421805,,274.57,1,0,1
B032,2023-04-25 06:00:00,0,614H0033,0,,,1,0,0
B032,2023-04-25 06:00:00,1,614E1550,0.00865024585,,274.57,1,0,1
B032,2023-04-25 07:00:00,0,614H0033,0.1224942075,,,1,0,0
B032,2023-04-25 07:00:00,1,614E1550,0.07569669585,,274.57,1,0,1
B032,2023-04-25 08:00:00,0,614H0033,0,,,1,0,0
B032,2023-04-25 08:00:00,1,614E1550,0,,274.57,1,0,1
B032,2023-04-25 09:00:00,0,614H0033,0,,,1,0,0
B032,2023-04-25 09:00:00,1,614E1550,0,,274.57,1,0,1
B032,2023-04-25 10:00:00,0,614H0033,0,,,1,0,0
B032,2023-04-25 10:00:00,1,614E1550,0,,274.57,1,0,1
B032,2023-04-25 11:00:00,0,614H0033,0,,,1,0,0
B032,2023-04-25 11:00:00,1,614E1550,0,,274.56,1,0,1
B032,2023-04-25 12:00:00,0,614H0033,0,,,1,0,0
B032,2023-04-25 12:00:00,1,614E1550,0.0003992877158,,274.56,1,0,1
B032,2023-04-25 13:00:00,0,614H0033,0,,,1,0,0
B032,2023-04-25 13:00:00,1,614E1550,0,,274.56,1,0,1
B032,2023-04-25 14:00:00,0,614H0033,0,,,1,0,0
B032,2023-04-25 14:00:00,1,614E1550,0,,274.56,1,0,1
B032,2023-04-25 15:00:00,0,614H0033,0,,,1,0,0
B032,2023-04-25 15:00:00,1,614E1550,0,,274.56,1,0,1
B032,2023-04-25 16:00:00,0,614H0033,0,,,1,0,0
B032,2023-04-25 16:00:00,1,614E1550,0,,274.56,1,0,1
B032,2023-04-25 17:00:00,0,614H0033,0,,,1,0,0
B032,2023-04-25 17:00:00,1,614E1550,0,,274.56,1,0,1
B032,2023-04-25 18:00:00,0,614H0033,0,,,1,0,0
B032,2023-04-25 18:00:00,1,614E1550,0,,274.55,1,0,1
B032,2023-04-25 19:00:00,0,614H0033,0,,,1,0,0
B032,2023-04-25 19:00:00,1,614E1550,0,,274.55,1,0,1
B032,2023-04-25 20:00:00,0,614H0033,0,,,1,0,0
B032,2023-04-25 20:00:00,1,614E1550,0,,274.55,1,0,1
B032,2023-04-25 21:00:00,0,614H0033,0,,,1,0,0
B032,2023-04-25 21:00:00,1,614E1550,0,,274.55,1,0,1
B032,2023-04-25 22:00:00,0,614H0033,0,,,1,0,0
B032,2023-04-25 22:00:00,1,614E1550,0,,274.55,1,0,1
B032,2023-04-25 23:00:00,0,614H0033,0,,,1,0,0
B032,2023-04-25 23:00:00,1,614E1550,0,,274.55,1,0,1
B032,2023-04-26 00:00:00,0,614H0033,0,,,1,0,0
B032,2023-04-26 00:00:00,1,614E1550,0,,274.55,1,0,1
B032,2023-04-26 01:00:00,0,614H0033,0,,,1,0,0
B032,2023-04-26 01:00:00,1,614E1550,0,,274.55,1,0,1
B032,2023-04-26 02:00:00,0,614H0033,0,,,1,0,0
B032,2023-04-26 02:00:00,1,614E1550,0,,274.55,1,0,1
B032,2023-04-26 03:00:00,0,614H0033,0,,,1,0,0
B032,2023-04-26 03:00:00,1,614E1550,0,,274.55,1,0,1
B032,2023-04-26 04:00:00,0,614H0033,0,,,1,0,0
B032,2023-04-26 04:00:00,1,614E1550,0,,274.54,1,0,1
B032,2023-04-26 05:00:00,0,614H0033,0,,,1,0,0
B032,2023-04-26 05:00:00,1,614E1550,0,,274.54,1,0,1
B032,2023-04-26 06:00:00,0,614H0033,0,,,1,0,0
B032,2023-04-26 06:00:00,1,614E1550,0,,274.54,1,0,1
B032,2023-04-26 07:00:00,0,614H0033,0,,,1,0,0
B032,2023-04-26 07:00:00,1,614E1550,0.0003992877158,,274.54,1,0,1
B032,2023-04-26 08:00:00,0,614H0033,0,,,1,0,0
B032,2023-04-26 08:00:00,1,614E1550,0,,274.54,1,0,1
B032,2023-04-26 09:00:00,0,614H0033,0,,,1,0,0
B032,2023-04-26 09:00:00,1,614E1550,0,,274.54,1,0,1
B032,2023-06-03 02:00:00,0,614H0033,0,,,1,0,0
B032,2023-06-03 02:00:00,1,614E1550,0,,,1,0,0
B032,2023-06-03 03:00:00,0,614H0033,0,,,1,0,0
B032,2023-06-03 03:00:00,1,614E1550,0,,,1,0,0
B032,2023-06-03 04:00:00,0,614H0033,0,,,1,0,0
B032,2023-06-03 04:00:00,1,614E1550,0,,,1,0,0
B032,2023-06-03 05:00:00,0,614H0033,0,,,1,0,0
B032,2023-06-03 05:00:00,1,614E1550,0,,,1,0,0
B032,2023-06-03 06:00:00,0,614H0033,0,,,1,0,0
B032,2023-06-03 06:00:00,1,614E1550,0,,,1,0,0
B032,2023-06-03 07:00:00,0,614H0033,1.257401049,,,1,0,0
B032,2023-06-03 07:00:00,1,614E1550,0.8414020957,,,1,0,0
B032,2023-06-03 08:00:00,0,614H0033,0,,,1,0,0
B032,2023-06-03 08:00:00,1,614E1550,0,,,1,0,0
B032,2023-06-03 09:00:00,0,614H0033,0,,,1,0,0
B032,2023-06-03 09:00:00,1,614E1550,0,,274.51,1,0,1
B032,2023-06-03 10:00:00,0,614H0033,0,,,1,0,0
B032,2023-06-03 10:00:00,1,614E1550,0,,274.51,1,0,1
B032,2023-06-03 11:00:00,0,614H0033,0,,,1,0,0
B032,2023-06-03 11:00:00,1,614E1550,0,,274.51,1,0,1
B032,2023-06-03 12:00:00,0,614H0033,0,,,1,0,0
B032,2023-06-03 12:00:00,1,614E1550,0,,274.51,1,0,1
B032,2023-06-03 13:00:00,0,614H0033,0,,,1,0,0
B032,2023-06-03 13:00:00,1,614E1550,0,,,1,0,0
B032,2023-06-03 14:00:00,0,614H0033,0,,,1,0,0
B032,2023-06-03 14:00:00,1,614E1550,0,,274.51,1,0,1
B032,2023-06-03 15:00:00,0,614H0033,0,,,1,0,0
B032,2023-06-03 15:00:00,1,614E1550,0,,274.5,1,0,1
B032,2023-06-03 16:00:00,0,614H0033,0,,,1,0,0
B032,2023-06-03 16:00:00,1,614E1550,0,,274.5,1,0,1
B032,2023-06-03 17:00:00,0,614H0033,0,,,1,0,0
B032,2023-06-03 17:00:00,1,614E1550,0,,274.5,1,0,1
B032,2023-06-03 18:00:00,0,614H0033,0,,,1,0,0
B032,2023-06-03 18:00:00,1,614E1550,0,,274.5,1,0,1
B032,2023-06-03 19:00:00,0,614H0033,0,,,1,0,0
B032,2023-06-03 19:00:00,1,614E1550,0,,274.49,1,0,1
B032,2023-06-03 20:00:00,0,614H0033,0,,,1,0,0
B032,2023-06-03 20:00:00,1,614E1550,0,,,1,0,0
B032,2023-06-03 21:00:00,0,614H0033,0,,,1,0,0
B032,2023-06-03 21:00:00,1,614E1550,0,,274.49,1,0,1
B032,2023-06-03 22:00:00,0,614H0033,0,,,1,0,0
B032,2023-06-03 22:00:00,1,614E1550,0,,274.49,1,0,1
B032,2023-06-03 23:00:00,0,614H0033,0,,,1,0,0
B032,2023-06-03 23:00:00,1,614E1550,0,,274.49,1,0,1
B032,2023-06-04 00:00:00,0,614H0033,0,,,1,0,0
B032,2023-06-04 00:00:00,1,614E1550,0,,274.49,1,0,1
B032,2023-06-04 01:00:00,0,614H0033,0,,,1,0,0
B032,2023-06-04 01:00:00,1,614E1550,0,,274.49,1,0,1
B032,2023-06-04 02:00:00,0,614H0033,0,,,1,0,0
B032,2023-06-04 02:00:00,1,614E1550,0,,274.49,1,0,1
B032,2023-06-04 03:00:00,0,614H0033,0,,,1,0,0
B032,2023-06-04 03:00:00,1,614E1550,0,,274.49,1,0,1
B032,2023-06-04 04:00:00,0,614H0033,0,,,1,0,0
B032,2023-06-04 04:00:00,1,614E1550,0,,274.49,1,0,1
B032,2023-06-04 05:00:00,0,614H0033,0,,,1,0,0
B032,2023-06-04 05:00:00,1,614E1550,0,,274.49,1,0,1
B032,2023-06-04 06:00:00,0,614H0033,0,,,1,0,0
B032,2023-06-04 06:00:00,1,614E1550,0,,274.49,1,0,1
B032,2023-06-04 07:00:00,0,614H0033,0,,,1,0,0
B032,2023-06-04 07:00:00,1,614E1550,0,,274.49,1,0,1
B032,2023-06-04 08:00:00,0,614H0033,0,,,1,0,0
B032,2023-06-04 08:00:00,1,614E1550,0,,274.49,1,0,1
B032,2023-06-04 09:00:00,0,614H0033,0,,,1,0,0
B032,2023-06-04 09:00:00,1,614E1550,0,,274.49,1,0,1
B032,2023-06-04 10:00:00,0,614H0033,0,,,1,0,0
B032,2023-06-04 10:00:00,1,614E1550,0,,274.49,1,0,1
B032,2023-06-04 11:00:00,0,614H0033,0,,,1,0,0
B032,2023-06-04 11:00:00,1,614E1550,0,,274.49,1,0,1
B032,2023-06-04 12:00:00,0,614H0033,0,,,1,0,0
B032,2023-06-04 12:00:00,1,614E1550,0,,274.49,1,0,1
B032,2023-06-04 13:00:00,0,614H0033,0,,,1,0,0
B032,2023-06-04 13:00:00,1,614E1550,0,,274.49,1,0,1
B032,2023-06-04 14:00:00,0,614H0033,0,,,1,0,0
B032,2023-06-04 14:00:00,1,614E1550,0,,274.49,1,0,1
B032,2023-06-04 15:00:00,0,614H0033,0,,,1,0,0
B032,2023-06-04 15:00:00,1,614E1550,0,,274.49,1,0,1
B032,2023-06-04 16:00:00,0,614H0033,0,,,1,0,0
B032,2023-06-04 16:00:00,1,614E1550,0,,274.49,1,0,1
B032,2023-06-04 17:00:00,0,614H0033,0,,,1,0,0
B032,2023-06-04 17:00:00,1,614E1550,0,,274.49,1,0,1
B032,2023-06-04 18:00:00,0,614H0033,0,,,1,0,0
B032,2023-06-04 18:00:00,1,614E1550,0,,274.49,1,0,1
B032,2023-06-04 19:00:00,0,614H0033,0,,,1,0,0
B032,2023-06-04 19:00:00,1,614E1550,0,,274.49,1,0,1
B032,2023-06-04 20:00:00,0,614H0033,0,,,1,0,0
B032,2023-06-04 20:00:00,1,614E1550,0,,274.48,1,0,1
B032,2023-06-04 21:00:00,0,614H0033,0,,,1,0,0
B032,2023-06-04 21:00:00,1,614E1550,0,,,1,0,0
B032,2023-06-04 22:00:00,0,614H0033,0,,,1,0,0
B032,2023-06-04 22:00:00,1,614E1550,0,,,1,0,0
B032,2023-06-04 23:00:00,0,614H0033,0,,,1,0,0
B032,2023-06-04 23:00:00,1,614E1550,0,,,1,0,0
B032,2023-06-05 00:00:00,0,614H0033,0,,,1,0,0
B032,2023-06-05 00:00:00,1,614E1550,0,,274.49,1,0,1
B032,2023-06-05 01:00:00,0,614H0033,0,,,1,0,0
B032,2023-06-05 01:00:00,1,614E1550,0,,274.49,1,0,1
B032,2023-06-05 02:00:00,0,614H0033,0.5007964881,,,1,0,0
B032,2023-06-05 02:00:00,1,614E1550,1.4707563,,274.49,1,0,1
B032,2023-06-05 03:00:00,0,614H0033,1.548373011,,,1,0,0
B032,2023-06-05 03:00:00,1,614E1550,3.086498763,,274.49,1,0,1
B032,2023-06-05 04:00:00,0,614H0033,2.470750411,,,1,0,0
B032,2023-06-05 04:00:00,1,614E1550,7.587617149,,274.51,1,0,1
B032,2023-06-05 05:00:00,0,614H0033,2.840937948,,,1,0,0
B032,2023-06-05 05:00:00,1,614E1550,4.874298506,,274.56,1,0,1
B032,2023-06-05 06:00:00,0,614H0033,2.625703592,,,1,0,0
B032,2023-06-05 06:00:00,1,614E1550,3.862959845,,274.59,1,0,1
B032,2023-06-05 07:00:00,0,614H0033,4.720856637,,,1,0,0
B032,2023-06-05 07:00:00,1,614E1550,9.281945255,,274.59,1,0,1
B032,2023-06-05 08:00:00,0,614H0033,0.125199122,,,1,0,0
B032,2023-06-05 08:00:00,1,614E1550,0.1173616964,,,1,0,0
B032,2023-06-05 09:00:00,0,614H0033,0.3783022806,,,1,0,0
B032,2023-06-05 09:00:00,1,614E1550,0.5279303375,,274.97,1,0,1
B032,2023-06-05 10:00:00,0,614H0033,0.6503398405,,,1,0,0
B032,2023-06-05 10:00:00,1,614E1550,0.950169939,,275.05,1,0,1
B032,2023-06-05 11:00:00,0,614H0033,0.266627731,,,1,0,0
B032,2023-06-05 11:00:00,1,614E1550,0.2858777436,,275.02,1,0,1
B032,2023-06-05 12:00:00,0,614H0033,0.1224942075,,,1,0,0
B032,2023-06-05 12:00:00,1,614E1550,0.2512165976,,274.98,1,0,1
B032,2023-06-05 13:00:00,0,614H0033,0.1224942075,,,1,0,0
B032,2023-06-05 13:00:00,1,614E1550,0.1854383099,,,1,0,0
B032,2023-06-05 14:00:00,0,614H0033,0.008114743451,,,1,0,0
B032,2023-06-05 14:00:00,1,614E1550,0.08342376603,,274.93,1,0,1
B032,2023-06-05 15:00:00,0,614H0033,0,,,1,0,0
B032,2023-06-05 15:00:00,1,614E1550,0.02022297549,,274.91,1,0,1
B032,2023-06-05 16:00:00,0,614H0033,0,,,1,0,0
B032,2023-06-05 16:00:00,1,614E1550,0,,274.89,1,0,1
B032,2023-06-05 17:00:00,0,614H0033,0,,,1,0,0
B032,2023-06-05 17:00:00,1,614E1550,0,,274.87,1,0,1
B032,2023-06-05 18:00:00,0,614H0033,0.1170843786,,,1,0,0
B032,2023-06-05 18:00:00,1,614E1550,0.01071628943,,,1,0,0
B032,2023-06-05 19:00:00,0,614H0033,0,,,1,0,0
B032,2023-06-05 19:00:00,1,614E1550,0.00865024585,,274.83,1,0,1
B032,2023-06-05 20:00:00,0,614H0033,0,,,1,0,0
B032,2023-06-05 20:00:00,1,614E1550,0,,274.82,1,0,1
B032,2023-06-05 21:00:00,0,614H0033,0.002704914484,,,1,0,0
B032,2023-06-05 21:00:00,1,614E1550,0.006089705687,,274.8,1,0,1
B032,2023-06-05 22:00:00,0,614H0033,0,,,1,0,0
B032,2023-06-05 22:00:00,1,614E1550,0.02388514174,,274.79,1,0,1
B032,2023-06-05 23:00:00,0,614H0033,0,,,1,0,0
B032,2023-06-05 23:00:00,1,614E1550,0,,274.77,1,0,1
B032,2023-06-06 00:00:00,0,614H0033,0,,,1,0,0
B032,2023-06-06 00:00:00,1,614E1550,0,,274.77,1,0,1
B032,2023-06-06 01:00:00,0,614H0033,0,,,1,0,0
B032,2023-06-06 01:00:00,1,614E1550,0.0003992877158,,274.75,1,0,1
B032,2023-06-06 02:00:00,0,614H0033,0,,,1,0,0
B032,2023-06-06 02:00:00,1,614E1550,0,,,1,0,0
B032,2023-06-06 03:00:00,0,614H0033,0,,,1,0,0
B032,2023-06-06 03:00:00,1,614E1550,0,,274.74,1,0,1
B032,2023-06-06 04:00:00,0,614H0033,0,,,1,0,0
B032,2023-06-06 04:00:00,1,614E1550,0.0002701436012,,274.73,1,0,1
B032,2023-06-06 05:00:00,0,614H0033,0.002704914484,,,1,0,0
B032,2023-06-06 05:00:00,1,614E1550,0.0005140421805,,274.72,1,0,1
B032,2023-06-06 06:00:00,0,614H0033,0,,,1,0,0
B032,2023-06-06 06:00:00,1,614E1550,0.008055620891,,274.71,1,0,1
B032,2023-06-06 07:00:00,0,614H0033,1.79606634,,,1,0,0
B032,2023-06-06 07:00:00,1,614E1550,2.480221843,,,1,0,0
B032,2023-06-06 08:00:00,0,614H0033,0,,,1,0,0
B032,2023-06-06 08:00:00,1,614E1550,0,,274.7,1,0,1
B032,2023-06-06 09:00:00,0,614H0033,0,,,1,0,0
B032,2023-06-06 09:00:00,1,614E1550,0,,,1,0,0
B032,2023-06-06 10:00:00,0,614H0033,0,,,1,0,0
B032,2023-06-06 10:00:00,1,614E1550,0,,,1,0,0
B032,2023-06-06 11:00:00,0,614H0033,0,,,1,0,0
B032,2023-06-06 11:00:00,1,614E1550,0,,274.69,1,0,1
B032,2023-06-06 12:00:00,0,614H0033,0,,,1,0,0
B032,2023-06-06 12:00:00,1,614E1550,0,,274.68,1,0,1
B032,2023-06-06 13:00:00,0,614H0033,0,,,1,0,0
B032,2023-06-06 13:00:00,1,614E1550,0,,274.67,1,0,1
B032,2023-06-06 14:00:00,0,614H0033,0,,,1,0,0
B032,2023-06-06 14:00:00,1,614E1550,0,,,1,0,0
B032,2023-06-06 15:00:00,0,614H0033,0,,,1,0,0
B032,2023-06-06 15:00:00,1,614E1550,0,,,1,0,0
B032,2023-06-06 16:00:00,0,614H0033,0,,,1,0,0
B032,2023-06-06 16:00:00,1,614E1550,0,,,1,0,0
B032,2023-06-06 17:00:00,0,614H0033,0,,,1,0,0
B032,2023-06-06 17:00:00,1,614E1550,0,,,1,0,0
B032,2023-06-06 18:00:00,0,614H0033,0,,,1,0,0
B032,2023-06-06 18:00:00,1,614E1550,0,,,1,0,0
B032,2023-06-06 19:00:00,0,614H0033,0,,,1,0,0
B032,2023-06-06 19:00:00,1,614E1550,0,,,1,0,0
B032,2023-06-06 20:00:00,0,614H0033,0,,,1,0,0
B032,2023-06-06 20:00:00,1,614E1550,0,,,1,0,0
B032,2023-06-06 21:00:00,0,614H0033,0,,,1,0,0
B032,2023-06-06 21:00:00,1,614E1550,0,,,1,0,0
B032,2023-06-06 22:00:00,0,614H0033,0,,,1,0,0
B032,2023-06-06 22:00:00,1,614E1550,0,,,1,0,0
B032,2023-06-06 23:00:00,0,614H0033,0,,,1,0,0
B032,2023-06-06 23:00:00,1,614E1550,0,,,1,0,0
B032,2023-06-07 00:00:00,0,614H0033,0,,,1,0,0
B032,2023-06-07 00:00:00,1,614E1550,0,,,1,0,0
B032,2023-06-07 01:00:00,0,614H0033,0,,,1,0,0
B032,2023-06-07 01:00:00,1,614E1550,0,,,1,0,0
B032,2023-06-07 02:00:00,0,614H0033,0,,,1,0,0
B032,2023-06-07 02:00:00,1,614E1550,0,,,1,0,0
B032,2023-06-07 03:00:00,0,614H0033,0,,,1,0,0
B032,2023-06-07 03:00:00,1,614E1550,0,,,1,0,0
B032,2023-06-07 04:00:00,0,614H0033,0,,,1,0,0
B032,2023-06-07 04:00:00,1,614E1550,0,,,1,0,0
B032,2023-06-07 05:00:00,0,614H0033,0,,,1,0,0
B032,2023-06-07 05:00:00,1,614E1550,0,,,1,0,0
B032,2023-06-07 06:00:00,0,614H0033,0,,,1,0,0
B032,2023-06-07 06:00:00,1,614E1550,0,,,1,0,0
B032,2023-06-07 07:00:00,0,614H0033,0,,,1,0,0
B032,2023-06-07 07:00:00,1,614E1550,0,,,1,0,0
B032,2023-06-07 08:00:00,0,614H0033,0,,,1,0,0
B032,2023-06-07 08:00:00,1,614E1550,0,,,1,0,0
B032,2023-06-07 09:00:00,0,614H0033,0,,,1,0,0
B032,2023-06-07 09:00:00,1,614E1550,0,,,1,0,0
B032,2023-06-07 10:00:00,0,614H0033,0,,,1,0,0
B032,2023-06-07 10:00:00,1,614E1550,0,,,1,0,0
B032,2023-06-07 11:00:00,0,614H0033,0,,,1,0,0
B032,2023-06-07 11:00:00,1,614E1550,0,,,1,0,0
B032,2023-06-07 12:00:00,0,614H0033,0,,,1,0,0
B032,2023-06-07 12:00:00,1,614E1550,0,,,1,0,0
B032,2023-06-07 13:00:00,0,614H0033,0,,,1,0,0
B032,2023-06-07 13:00:00,1,614E1550,0,,,1,0,0
B032,2023-06-07 14:00:00,0,614H0033,0,,,1,0,0
B032,2023-06-07 14:00:00,1,614E1550,0,,,1,0,0
B032,2023-06-07 15:00:00,0,614H0033,0,,,1,0,0
B032,2023-06-07 15:00:00,1,614E1550,0,,274.61,1,0,1
B032,2023-06-07 16:00:00,0,614H0033,0,,,1,0,0
B032,2023-06-07 16:00:00,1,614E1550,0,,274.61,1,0,1
B032,2023-06-07 17:00:00,0,614H0033,0,,,1,0,0
B032,2023-06-07 17:00:00,1,614E1550,0,,274.6,1,0,1
B032,2023-06-07 18:00:00,0,614H0033,0,,,1,0,0
B032,2023-06-07 18:00:00,1,614E1550,0,,274.6,1,0,1
B032,2023-06-07 19:00:00,0,614H0033,0,,,1,0,0
B032,2023-06-07 19:00:00,1,614E1550,0,,274.6,1,0,1
B032,2023-06-07 20:00:00,0,614H0033,0,,,1,0,0
B032,2023-06-07 20:00:00,1,614E1550,0,,274.6,1,0,1
B032,2023-06-07 21:00:00,0,614H0033,0,,,1,0,0
B032,2023-06-07 21:00:00,1,614E1550,0,,,1,0,0
B032,2023-06-07 22:00:00,0,614H0033,0,,,1,0,0
B032,2023-06-07 22:00:00,1,614E1550,0,,274.59,1,0,1
B032,2023-06-07 23:00:00,0,614H0033,0,,,1,0,0
B032,2023-06-07 23:00:00,1,614E1550,0,,274.59,1,0,1
B032,2023-06-08 00:00:00,0,614H0033,0,,,1,0,0
B032,2023-06-08 00:00:00,1,614E1550,0,,274.59,1,0,1
B032,2023-06-08 01:00:00,0,614H0033,0,,,1,0,0
B032,2023-06-08 01:00:00,1,614E1550,0,,274.59,1,0,1
B032,2023-06-08 02:00:00,0,614H0033,0,,,1,0,0
B032,2023-06-08 02:00:00,1,614E1550,0,,274.59,1,0,1
B032,2023-06-08 03:00:00,0,614H0033,0,,,1,0,0
B032,2023-06-08 03:00:00,1,614E1550,0,,274.59,1,0,1
B032,2023-06-08 04:00:00,0,614H0033,0,,,1,0,0
B032,2023-06-08 04:00:00,1,614E1550,0,,274.59,1,0,1
B032,2023-06-08 05:00:00,0,614H0033,0,,,1,0,0
B032,2023-06-08 05:00:00,1,614E1550,0,,,1,0,0
B032,2023-06-08 06:00:00,0,614H0033,0,,,1,0,0
B032,2023-06-08 06:00:00,1,614E1550,0,,274.59,1,0,1
B032,2023-06-08 07:00:00,0,614H0033,0,,,1,0,0
B032,2023-06-08 07:00:00,1,614E1550,0,,274.59,1,0,1
B032,2023-06-08 08:00:00,0,614H0033,0,,,1,0,0
B032,2023-06-08 08:00:00,1,614E1550,0,,274.59,1,0,1
B032,2023-06-10 03:00:00,0,614H0033,0,,,1,0,0
B032,2023-06-10 03:00:00,1,614E1550,0,,274.55,1,0,1
B032,2023-06-10 04:00:00,0,614H0033,0,,,1,0,0
B032,2023-06-10 04:00:00,1,614E1550,0,,274.55,1,0,1
B032,2023-06-10 05:00:00,0,614H0033,0,,,1,0,0
B032,2023-06-10 05:00:00,1,614E1550,0,,274.55,1,0,1
B032,2023-06-10 06:00:00,0,614H0033,0,,,1,0,0
B032,2023-06-10 06:00:00,1,614E1550,0,,,1,0,0
B032,2023-06-10 07:00:00,0,614H0033,0,,,1,0,0
B032,2023-06-10 07:00:00,1,614E1550,0,,,1,0,0
B032,2023-06-10 08:00:00,0,614H0033,0,,,1,0,0
B032,2023-06-10 08:00:00,1,614E1550,0,,,1,0,0
B032,2023-06-10 09:00:00,0,614H0033,0,,,1,0,0
B032,2023-06-10 09:00:00,1,614E1550,0,,,1,0,0
B032,2023-06-10 10:00:00,0,614H0033,0,,,1,0,0
B032,2023-06-10 10:00:00,1,614E1550,0,,,1,0,0
B032,2023-06-10 11:00:00,0,614H0033,0,,,1,0,0
B032,2023-06-10 11:00:00,1,614E1550,0,,274.54,1,0,1
B032,2023-06-10 12:00:00,0,614H0033,0,,,1,0,0
B032,2023-06-10 12:00:00,1,614E1550,0,,274.54,1,0,1
B032,2023-06-10 13:00:00,0,614H0033,0,,,1,0,0
B032,2023-06-10 13:00:00,1,614E1550,0,,274.54,1,0,1
B032,2023-06-10 14:00:00,0,614H0033,0,,,1,0,0
B032,2023-06-10 14:00:00,1,614E1550,0,,274.54,1,0,1
B032,2023-06-10 15:00:00,0,614H0033,0,,,1,0,0
B032,2023-06-10 15:00:00,1,614E1550,0,,274.54,1,0,1
B032,2023-06-10 16:00:00,0,614H0033,0,,,1,0,0
B032,2023-06-10 16:00:00,1,614E1550,0,,274.54,1,0,1
B032,2023-06-10 17:00:00,0,614H0033,0,,,1,0,0
B032,2023-06-10 17:00:00,1,614E1550,0,,274.54,1,0,1
B032,2023-06-10 18:00:00,0,614H0033,0,,,1,0,0
B032,2023-06-10 18:00:00,1,614E1550,0,,274.54,1,0,1
B032,2023-06-10 19:00:00,0,614H0033,0,,,1,0,0
B032,2023-06-10 19:00:00,1,614E1550,0,,274.54,1,0,1
B032,2023-06-10 20:00:00,0,614H0033,0,,,1,0,0
B032,2023-06-10 20:00:00,1,614E1550,0,,274.54,1,0,1
B032,2023-06-10 21:00:00,0,614H0033,0,,,1,0,0
B032,2023-06-10 21:00:00,1,614E1550,0,,274.54,1,0,1
B032,2023-06-10 22:00:00,0,614H0033,0,,,1,0,0
B032,2023-06-10 22:00:00,1,614E1550,0,,274.54,1,0,1
B032,2023-06-10 23:00:00,0,614H0033,0,,,1,0,0
B032,2023-06-10 23:00:00,1,614E1550,0,,274.53,1,0,1
B032,2023-06-11 00:00:00,0,614H0033,0,,,1,0,0
B032,2023-06-11 00:00:00,1,614E1550,0,,274.53,1,0,1
B032,2023-06-11 01:00:00,0,614H0033,0,,,1,0,0
B032,2023-06-11 01:00:00,1,614E1550,0,,274.53,1,0,1
B032,2023-06-11 02:00:00,0,614H0033,0,,,1,0,0
B032,2023-06-11 02:00:00,1,614E1550,0,,274.53,1,0,1
B032,2023-06-11 03:00:00,0,614H0033,0,,,1,0,0
B032,2023-06-11 03:00:00,1,614E1550,0,,274.53,1,0,1
B032,2023-06-11 04:00:00,0,614H0033,0,,,1,0,0
B032,2023-06-11 04:00:00,1,614E1550,0,,274.53,1,0,1
B032,2023-06-11 05:00:00,0,614H0033,0,,,1,0,0
B032,2023-06-11 05:00:00,1,614E1550,0,,,1,0,0
B032,2023-06-11 06:00:00,0,614H0033,0,,,1,0,0
B032,2023-06-11 06:00:00,1,614E1550,0,,274.53,1,0,1
B032,2023-06-11 07:00:00,0,614H0033,0,,,1,0,0
B032,2023-06-11 07:00:00,1,614E1550,0,,274.53,1,0,1
B032,2023-06-11 08:00:00,0,614H0033,0,,,1,0,0
B032,2023-06-11 08:00:00,1,614E1550,0,,274.53,1,0,1
B032,2023-06-11 09:00:00,0,614H0033,0,,,1,0,0
B032,2023-06-11 09:00:00,1,614E1550,0,,274.53,1,0,1
B032,2023-06-11 10:00:00,0,614H0033,0,,,1,0,0
B032,2023-06-11 10:00:00,1,614E1550,0,,274.53,1,0,1
B032,2023-06-11 11:00:00,0,614H0033,0,,,1,0,0
B032,2023-06-11 11:00:00,1,614E1550,0,,274.53,1,0,1
B032,2023-06-11 12:00:00,0,614H0033,0,,,1,0,0
B032,2023-06-11 12:00:00,1,614E1550,0,,274.53,1,0,1
B032,2023-06-11 13:00:00,0,614H0033,0,,,1,0,0
B032,2023-06-11 13:00:00,1,614E1550,0,,274.53,1,0,1
B032,2023-06-11 14:00:00,0,614H0033,0,,,1,0,0
B032,2023-06-11 14:00:00,1,614E1550,0,,274.53,1,0,1
B032,2023-06-11 15:00:00,0,614H0033,0,,,1,0,0
B032,2023-06-11 15:00:00,1,614E1550,0,,274.53,1,0,1
B032,2023-06-11 16:00:00,0,614H0033,0,,,1,0,0
B032,2023-06-11 16:00:00,1,614E1550,0,,274.53,1,0,1
B032,2023-06-11 17:00:00,0,614H0033,0,,,1,0,0
B032,2023-06-11 17:00:00,1,614E1550,0,,,1,0,0
B032,2023-06-11 18:00:00,0,614H0033,0,,,1,0,0
B032,2023-06-11 18:00:00,1,614E1550,0,,274.53,1,0,1
B032,2023-06-11 19:00:00,0,614H0033,0,,,1,0,0
B032,2023-06-11 19:00:00,1,614E1550,0,,274.53,1,0,1
B032,2023-06-11 20:00:00,0,614H0033,0,,,1,0,0
B032,2023-06-11 20:00:00,1,614E1550,0,,274.53,1,0,1
B032,2023-06-11 21:00:00,0,614H0033,0,,,1,0,0
B032,2023-06-11 21:00:00,1,614E1550,0,,274.53,1,0,1
B032,2023-06-11 22:00:00,0,614H0033,0,,,1,0,0
B032,2023-06-11 22:00:00,1,614E1550,0,,274.53,1,0,1
B032,2023-06-11 23:00:00,0,614H0033,0,,,1,0,0
B032,2023-06-11 23:00:00,1,614E1550,0,,274.52,1,0,1
B032,2023-06-12 00:00:00,0,614H0033,0,,,1,0,0
B032,2023-06-12 00:00:00,1,614E1550,0,,274.52,1,0,1
B032,2023-06-12 01:00:00,0,614H0033,0,,,1,0,0
B032,2023-06-12 01:00:00,1,614E1550,0,,274.52,1,0,1
B032,2023-06-12 02:00:00,0,614H0033,0,,,1,0,0
B032,2023-06-12 02:00:00,1,614E1550,0,,274.52,1,0,1
B032,2023-06-12 03:00:00,0,614H0033,0.1170843786,,,1,0,0
B032,2023-06-12 03:00:00,1,614E1550,3.10864386,,274.52,1,0,1
B032,2023-06-12 04:00:00,0,614H0033,3.500165588,,,1,0,0
B032,2023-06-12 04:00:00,1,614E1550,1.713223098,,274.54,1,0,1
B032,2023-06-12 05:00:00,0,614H0033,0.002704914484,,,1,0,0
B032,2023-06-12 05:00:00,1,614E1550,0.02006694606,,274.59,1,0,1
B032,2023-06-12 06:00:00,0,614H0033,0,,,1,0,0
B032,2023-06-12 06:00:00,1,614E1550,0.01670586674,,274.57,1,0,1
B032,2023-06-12 07:00:00,0,614H0033,3.619954881,,,1,0,0
B032,2023-06-12 07:00:00,1,614E1550,4.858639771,,274.56,1,0,1
B032,2023-06-12 08:00:00,0,614H0033,0.1170843786,,,1,0,0
B032,2023-06-12 08:00:00,1,614E1550,0.0002476883364,,274.56,1,0,1
B032,2023-06-12 09:00:00,0,614H0033,0,,,1,0,0
B032,2023-06-12 09:00:00,1,614E1550,0,,274.56,1,0,1
B032,2023-06-12 10:00:00,0,614H0033,0,,,1,0,0
B032,2023-06-12 10:00:00,1,614E1550,0,,274.57,1,0,1
B032,2023-06-12 11:00:00,0,614H0033,0,,,1,0,0
B032,2023-06-12 11:00:00,1,614E1550,0,,,1,0,0
B032,2023-06-12 12:00:00,0,614H0033,0,,,1,0,0
B032,2023-06-12 12:00:00,1,614E1550,0,,274.57,1,0,1
B032,2023-06-12 13:00:00,0,614H0033,0,,,1,0,0
B032,2023-06-12 13:00:00,1,614E1550,0,,274.56,1,0,1
B032,2023-06-12 14:00:00,0,614H0033,0,,,1,0,0
B032,2023-06-12 14:00:00,1,614E1550,0,,274.56,1,0,1
B032,2023-06-12 15:00:00,0,614H0033,0,,,1,0,0
B032,2023-06-12 15:00:00,1,614E1550,0,,274.56,1,0,1
B032,2023-06-12 16:00:00,0,614H0033,0,,,1,0,0
B032,2023-06-12 16:00:00,1,614E1550,0,,274.56,1,0,1
B032,2023-06-12 17:00:00,0,614H0033,0,,,1,0,0
B032,2023-06-12 17:00:00,1,614E1550,0,,274.56,1,0,1
B032,2023-06-12 18:00:00,0,614H0033,0,,,1,0,0
B032,2023-06-12 18:00:00,1,614E1550,0,,274.56,1,0,1
B032,2023-06-12 19:00:00,0,614H0033,0,,,1,0,0
B032,2023-06-12 19:00:00,1,614E1550,0,,274.56,1,0,1
B032,2023-06-12 20:00:00,0,614H0033,0,,,1,0,0
B032,2023-06-12 20:00:00,1,614E1550,0,,274.56,1,0,1
B032,2023-06-12 21:00:00,0,614H0033,0,,,1,0,0
B032,2023-06-12 21:00:00,1,614E1550,0,,274.56,1,0,1
B032,2023-06-12 22:00:00,0,614H0033,0,,,1,0,0
B032,2023-06-12 22:00:00,1,614E1550,0,,274.56,1,0,1
B032,2023-06-12 23:00:00,0,614H0033,0,,,1,0,0
B032,2023-06-12 23:00:00,1,614E1550,0,,274.56,1,0,1
B032,2023-06-13 00:00:00,0,614H0033,0,,,1,0,0
B032,2023-06-13 00:00:00,1,614E1550,0,,274.56,1,0,1
B032,2023-06-13 01:00:00,0,614H0033,0,,,1,0,0
B032,2023-06-13 01:00:00,1,614E1550,0,,274.56,1,0,1
B032,2023-06-13 02:00:00,0,614H0033,0,,,1,0,0
B032,2023-06-13 02:00:00,1,614E1550,0,,274.55,1,0,1
B032,2023-06-13 03:00:00,0,614H0033,0,,,1,0,0
B032,2023-06-13 03:00:00,1,614E1550,0,,274.55,1,0,1
B032,2023-06-13 04:00:00,0,614H0033,0,,,1,0,0
B032,2023-06-13 04:00:00,1,614E1550,0,,274.55,1,0,1
B032,2023-06-13 05:00:00,0,614H0033,0,,,1,0,0
B032,2023-06-13 05:00:00,1,614E1550,0,,274.55,1,0,1
B032,2023-06-13 06:00:00,0,614H0033,0,,,1,0,0
B032,2023-06-13 06:00:00,1,614E1550,0,,274.55,1,0,1
B032,2023-06-13 07:00:00,0,614H0033,0.1170843786,,,1,0,0
B032,2023-06-13 07:00:00,1,614E1550,0.0002476883364,,274.55,1,0,1
B032,2023-06-13 08:00:00,0,614H0033,0,,,1,0,0
B032,2023-06-13 08:00:00,1,614E1550,0,,274.55,1,0,1
B032,2023-06-13 09:00:00,0,614H0033,0,,,1,0,0
B032,2023-06-13 09:00:00,1,614E1550,0,,274.54,1,0,1
B032,2023-06-13 10:00:00,0,614H0033,0,,,1,0,0
B032,2023-06-13 10:00:00,1,614E1550,0,,274.54,1,0,1
B032,2023-06-13 11:00:00,0,614H0033,0,,,1,0,0
B032,2023-06-13 11:00:00,1,614E1550,0,,274.54,1,0,1
B032,2023-06-13 12:00:00,0,614H0033,0,,,1,0,0
B032,2023-06-13 12:00:00,1,614E1550,0,,274.54,1,0,1
B032,2023-06-13 13:00:00,0,614H0033,0,,,1,0,0
B032,2023-06-13 13:00:00,1,614E1550,0,,274.54,1,0,1
B032,2023-06-13 14:00:00,0,614H0033,0,,,1,0,0
B032,2023-06-13 14:00:00,1,614E1550,0,,,1,0,0
B032,2023-06-13 15:00:00,0,614H0033,0,,,1,0,0
B032,2023-06-13 15:00:00,1,614E1550,0,,274.54,1,0,1
B032,2023-06-13 16:00:00,0,614H0033,0,,,1,0,0
B032,2023-06-13 16:00:00,1,614E1550,0,,274.54,1,0,1
B032,2023-06-13 17:00:00,0,614H0033,0,,,1,0,0
B032,2023-06-13 17:00:00,1,614E1550,0,,,1,0,0
B032,2023-06-13 18:00:00,0,614H0033,0,,,1,0,0
B032,2023-06-13 18:00:00,1,614E1550,0,,274.54,1,0,1
B032,2023-06-13 19:00:00,0,614H0033,0,,,1,0,0
B032,2023-06-13 19:00:00,1,614E1550,0,,274.54,1,0,1
B032,2023-06-13 20:00:00,0,614H0033,0,,,1,0,0
B032,2023-06-13 20:00:00,1,614E1550,0,,274.53,1,0,1
B032,2023-06-13 21:00:00,0,614H0033,0,,,1,0,0
B032,2023-06-13 21:00:00,1,614E1550,0,,274.53,1,0,1
B032,2023-06-13 22:00:00,0,614H0033,0,,,1,0,0
B032,2023-06-13 22:00:00,1,614E1550,0,,274.53,1,0,1
B032,2023-06-13 23:00:00,0,614H0033,0,,,1,0,0
B032,2023-06-13 23:00:00,1,614E1550,0,,274.53,1,0,1
B032,2023-06-14 00:00:00,0,614H0033,0,,,1,0,0
B032,2023-06-14 00:00:00,1,614E1550,0,,274.53,1,0,1
B032,2023-06-14 01:00:00,0,614H0033,0,,,1,0,0
B032,2023-06-14 01:00:00,1,614E1550,0,,274.53,1,0,1
B032,2023-06-14 02:00:00,0,614H0033,0,,,1,0,0
B032,2023-06-14 02:00:00,1,614E1550,0,,274.53,1,0,1
B032,2023-06-14 03:00:00,0,614H0033,0,,,1,0,0
B032,2023-06-14 03:00:00,1,614E1550,0,,274.53,1,0,1
B032,2023-06-14 04:00:00,0,614H0033,0,,,1,0,0
B032,2023-06-14 04:00:00,1,614E1550,0,,274.53,1,0,1
B032,2023-06-14 05:00:00,0,614H0033,0,,,1,0,0
B032,2023-06-14 05:00:00,1,614E1550,0,,274.53,1,0,1
B032,2023-06-14 06:00:00,0,614H0033,0,,,1,0,0
B032,2023-06-14 06:00:00,1,614E1550,0,,274.53,1,0,1
B032,2023-06-14 07:00:00,0,614H0033,0,,,1,0,0
B032,2023-06-14 07:00:00,1,614E1550,0,,274.53,1,0,1
B032,2023-06-14 08:00:00,0,614H0033,0,,,1,0,0
B032,2023-06-14 08:00:00,1,614E1550,0,,274.53,1,0,1
B032,2023-06-14 09:00:00,0,614H0033,0,,,1,0,0
B032,2023-06-14 09:00:00,1,614E1550,0,,274.53,1,0,1
B032,2023-06-14 10:00:00,0,614H0033,0,,,1,0,0
B032,2023-06-14 10:00:00,1,614E1550,0,,274.53,1,0,1
B032,2023-06-14 11:00:00,0,614H0033,0,,,1,0,0
B032,2023-06-14 11:00:00,1,614E1550,0,,274.53,1,0,1
B032,2023-06-14 12:00:00,0,614H0033,0,,,1,0,0
B032,2023-06-14 12:00:00,1,614E1550,0,,274.53,1,0,1
B032,2023-06-14 13:00:00,0,614H0033,0,,,1,0,0
B032,2023-06-14 13:00:00,1,614E1550,0,,274.52,1,0,1
B032,2023-06-14 14:00:00,0,614H0033,0,,,1,0,0
B032,2023-06-14 14:00:00,1,614E1550,0,,274.52,1,0,1
B032,2023-06-14 15:00:00,0,614H0033,0,,,1,0,0
B032,2023-06-14 15:00:00,1,614E1550,0,,274.52,1,0,1
B032,2023-06-14 16:00:00,0,614H0033,0,,,1,0,0
B032,2023-06-14 16:00:00,1,614E1550,0,,274.52,1,0,1
B032,2023-06-14 17:00:00,0,614H0033,0,,,1,0,0
B032,2023-06-14 17:00:00,1,614E1550,0,,274.52,1,0,1
B032,2023-06-14 18:00:00,0,614H0033,0,,,1,0,0
B032,2023-06-14 18:00:00,1,614E1550,0,,274.52,1,0,1
B032,2023-06-14 19:00:00,0,614H0033,0,,,1,0,0
B032,2023-06-14 19:00:00,1,614E1550,0,,274.52,1,0,1
B032,2023-06-14 20:00:00,0,614H0033,0,,,1,0,0
B032,2023-06-14 20:00:00,1,614E1550,0,,274.52,1,0,1
B032,2023-06-14 21:00:00,0,614H0033,0,,,1,0,0
B032,2023-06-14 21:00:00,1,614E1550,0,,274.52,1,0,1
B032,2023-06-14 22:00:00,0,614H0033,0,,,1,0,0
B032,2023-06-14 22:00:00,1,614E1550,0,,274.52,1,0,1
B032,2023-06-14 23:00:00,0,614H0033,0,,,1,0,0
B032,2023-06-14 23:00:00,1,614E1550,0,,274.52,1,0,1
B032,2023-06-15 00:00:00,0,614H0033,0,,,1,0,0
B032,2023-06-15 00:00:00,1,614E1550,0,,274.52,1,0,1
B032,2023-06-15 01:00:00,0,614H0033,0,,,1,0,0
B032,2023-06-15 01:00:00,1,614E1550,0,,274.52,1,0,1
B032,2023-06-15 02:00:00,0,614H0033,0,,,1,0,0
B032,2023-06-15 02:00:00,1,614E1550,0,,,1,0,0
B032,2023-06-15 03:00:00,0,614H0033,0,,,1,0,0
B032,2023-06-15 03:00:00,1,614E1550,0,,274.52,1,0,1
B032,2023-06-15 04:00:00,0,614H0033,0,,,1,0,0
B032,2023-06-15 04:00:00,1,614E1550,0,,274.52,1,0,1
B032,2023-06-15 05:00:00,0,614H0033,0,,,1,0,0
B032,2023-06-15 05:00:00,1,614E1550,0,,,1,0,0
B032,2023-06-15 06:00:00,0,614H0033,0,,,1,0,0
B032,2023-06-15 06:00:00,1,614E1550,0,,274.52,1,0,1
B032,2023-06-15 07:00:00,0,614H0033,0,,,1,0,0
B032,2023-06-15 07:00:00,1,614E1550,0,,274.52,1,0,1
B032,2023-06-15 08:00:00,0,614H0033,0,,,1,0,0
B032,2023-06-15 08:00:00,1,614E1550,0,,274.52,1,0,1
B032,2023-06-15 09:00:00,0,614H0033,0,,,1,0,0
B032,2023-06-15 09:00:00,1,614E1550,0.02634812211,,274.52,1,0,1
B032,2023-06-15 10:00:00,0,614H0033,0,,,1,0,0
B032,2023-06-15 10:00:00,1,614E1550,0,,274.52,1,0,1
B032,2023-06-15 11:00:00,0,614H0033,0,,,1,0,0
B032,2023-06-15 11:00:00,1,614E1550,0,,274.52,1,0,1
B032,2023-06-15 12:00:00,0,614H0033,0,,,1,0,0
B032,2023-06-15 12:00:00,1,614E1550,0,,,1,0,0
B032,2023-06-15 13:00:00,0,614H0033,0,,,1,0,0
B032,2023-06-15 13:00:00,1,614E1550,0,,274.52,1,0,1
B032,2023-06-15 14:00:00,0,614H0033,0,,,1,0,0
B032,2023-06-15 14:00:00,1,614E1550,0,,274.52,1,0,1
B032,2023-06-15 15:00:00,0,614H0033,0,,,1,0,0
B032,2023-06-15 15:00:00,1,614E1550,0,,274.52,1,0,1
B032,2023-06-15 16:00:00,0,614H0033,0,,,1,0,0
B032,2023-06-15 16:00:00,1,614E1550,0.0003992877158,,274.52,1,0,1
B032,2023-06-15 17:00:00,0,614H0033,0,,,1,0,0
B032,2023-06-15 17:00:00,1,614E1550,0,,274.52,1,0,1
B032,2023-06-15 18:00:00,0,614H0033,0,,,1,0,0
B032,2023-06-15 18:00:00,1,614E1550,0,,274.52,1,0,1
B032,2023-06-15 19:00:00,0,614H0033,0,,,1,0,0
B032,2023-06-15 19:00:00,1,614E1550,0,,274.52,1,0,1
B032,2023-06-15 20:00:00,0,614H0033,0,,,1,0,0
B032,2023-06-15 20:00:00,1,614E1550,0,,274.52,1,0,1
B032,2023-06-15 21:00:00,0,614H0033,0,,,1,0,0
B032,2023-06-15 21:00:00,1,614E1550,0,,274.52,1,0,1
B032,2023-06-15 22:00:00,0,614H0033,0,,,1,0,0
B032,2023-06-15 22:00:00,1,614E1550,0,,274.52,1,0,1
B032,2023-06-15 23:00:00,0,614H0033,0,,,1,0,0
B032,2023-06-15 23:00:00,1,614E1550,0.0003992877158,,274.52,1,0,1
B032,2023-06-16 00:00:00,0,614H0033,0.3728924516,,,1,0,0
B032,2023-06-16 00:00:00,1,614E1550,0.3788713638,,274.52,1,0,1
B032,2023-06-16 01:00:00,0,614H0033,0.6557496695,,,1,0,0
B032,2023-06-16 01:00:00,1,614E1550,1.215012254,,274.52,1,0,1
B032,2023-06-16 02:00:00,0,614H0033,1.532143524,,,1,0,0
B032,2023-06-16 02:00:00,1,614E1550,1.606690185,,,1,0,0
B032,2023-06-16 03:00:00,0,614H0033,1.322318997,,,1,0,0
B032,2023-06-16 03:00:00,1,614E1550,1.471345897,,274.54,1,0,1
B032,2023-06-16 04:00:00,0,614H0033,0.7917684494,,,1,0,0
B032,2023-06-16 04:00:00,1,614E1550,1.080737623,,274.57,1,0,1
B032,2023-06-16 05:00:00,0,614H0033,0.653044755,,,1,0,0
B032,2023-06-16 05:00:00,1,614E1550,0.5474410783,,274.57,1,0,1
B032,2023-06-16 06:00:00,0,614H0033,0.647634926,,,1,0,0
B032,2023-06-16 06:00:00,1,614E1550,0.6443089,,274.57,1,0,1
B032,2023-06-16 07:00:00,0,614H0033,0.1333138655,,,1,0,0
B032,2023-06-16 07:00:00,1,614E1550,1.47529308,,274.57,1,0,1
B032,2023-06-16 08:00:00,0,614H0033,0.522435804,,,1,0,0
B032,2023-06-16 08:00:00,1,614E1550,1.004476839,,274.57,1,0,1
B032,2023-06-16 09:00:00,0,614H0033,0.4053514254,,,1,0,0
B032,2023-06-16 09:00:00,1,614E1550,1.186049438,,274.57,1,0,1
B032,2023-06-16 10:00:00,0,614H0033,0.1279040365,,,1,0,0
B032,2023-06-16 10:00:00,1,614E1550,0.2232604154,,274.58,1,0,1
B032,2023-06-16 11:00:00,0,614H0033,0.2476933296,,,1,0,0
B032,2023-06-16 11:00:00,1,614E1550,0.4624270268,,,1,0,0
B032,2023-06-16 12:00:00,0,614H0033,0.1441335234,,,1,0,0
B032,2023-06-16 12:00:00,1,614E1550,0.6772703414,,,1,0,0
B032,2023-06-16 13:00:00,0,614H0033,0.13601878,,,1,0,0
B032,2023-06-16 13:00:00,1,614E1550,0.5994586527,,,1,0,0
B032,2023-06-16 14:00:00,0,614H0033,0.6800938998,,,1,0,0
B032,2023-06-16 14:00:00,1,614E1550,0.8732153522,,,1,0,0
B032,2023-06-16 15:00:00,0,614H0033,0.4026465109,,,1,0,0
B032,2023-06-16 15:00:00,1,614E1550,1.66773318,,,1,0,0
B032,2023-06-16 16:00:00,0,614H0033,0.005409828967,,,1,0,0
B032,2023-06-16 16:00:00,1,614E1550,0.2940046528,,,1,0,0
B032,2023-06-16 17:00:00,0,614H0033,0.002704914484,,,1,0,0
B032,2023-06-16 17:00:00,1,614E1550,0.01788934024,,,1,0,0
B032,2023-06-16 18:00:00,0,614H0033,0,,,1,0,0
B032,2023-06-16 18:00:00,1,614E1550,0.02816838051,,,1,0,0
B032,2023-06-16 19:00:00,0,614H0033,0,,,1,0,0
B032,2023-06-16 19:00:00,1,614E1550,0.02999627813,,,1,0,0
B032,2023-06-16 20:00:00,0,614H0033,0,,,1,0,0
B032,2023-06-16 20:00:00,1,614E1550,0.02674931298,,,1,0,0
B032,2023-06-16 21:00:00,0,614H0033,0.002704914484,,,1,0,0
B032,2023-06-16 21:00:00,1,614E1550,0.09017599097,,,1,0,0
B032,2023-06-16 22:00:00,0,614H0033,0,,,1,0,0
B032,2023-06-16 22:00:00,1,614E1550,0.07091242763,,,1,0,0
B032,2023-06-16 23:00:00,0,614H0033,0.002704914484,,,1,0,0
B032,2023-06-16 23:00:00,1,614E1550,0.0826891296,,,1,0,0
B032,2023-06-17 00:00:00,0,614H0033,0.002704914484,,,1,0,0
B032,2023-06-17 00:00:00,1,614E1550,0.2856450591,,,1,0,0
B032,2023-06-17 01:00:00,0,614H0033,0,,,1,0,0
B032,2023-06-17 01:00:00,1,614E1550,0.1379621484,,,1,0,0
B032,2023-06-17 02:00:00,0,614H0033,0.1279040365,,,1,0,0
B032,2023-06-17 02:00:00,1,614E1550,0.06731891803,,,1,0,0
B032,2023-06-17 03:00:00,0,614H0033,0.002704914484,,,1,0,0
B032,2023-06-17 03:00:00,1,614E1550,0.06156276024,,,1,0,0
B032,2023-06-17 04:00:00,0,614H0033,0.005409828967,,,1,0,0
B032,2023-06-17 04:00:00,1,614E1550,0.07819870654,,,1,0,0
B032,2023-06-17 05:00:00,0,614H0033,0.1333138655,,,1,0,0
B032,2023-06-17 05:00:00,1,614E1550,0.03028520487,,,1,0,0
B032,2023-06-17 06:00:00,0,614H0033,0.002704914484,,,1,0,0
B032,2023-06-17 06:00:00,1,614E1550,0.0370429564,,,1,0,0
B032,2023-06-17 07:00:00,0,614H0033,2.954544356,,,1,0,0
B032,2023-06-17 07:00:00,1,614E1550,1.186344742,,,1,0,0
B032,2023-06-17 08:00:00,0,614H0033,0,,,1,0,0
B032,2023-06-17 08:00:00,1,614E1550,0.03999680416,,,1,0,0
B032,2023-06-17 09:00:00,0,614H0033,0,,,1,0,0
B032,2023-06-17 09:00:00,1,614E1550,0,,,1,0,0
B032,2023-06-17 10:00:00,0,614H0033,0,,,1,0,0
B032,2023-06-17 10:00:00,1,614E1550,0,,,1,0,0
B032,2023-06-17 11:00:00,0,614H0033,0,,,1,0,0
B032,2023-06-17 11:00:00,1,614E1550,0.005575663506,,,1,0,0
B032,2023-06-17 12:00:00,0,614H0033,0,,,1,0,0
B032,2023-06-17 12:00:00,1,614E1550,0,,,1,0,0
B032,2023-06-17 13:00:00,0,614H0033,0,,,1,0,0
B032,2023-06-17 13:00:00,1,614E1550,0.00865024585,,,1,0,0
B032,2023-06-17 14:00:00,0,614H0033,0,,,1,0,0
B032,2023-06-17 14:00:00,1,614E1550,0,,,1,0,0
B032,2023-06-17 15:00:00,0,614H0033,0,,,1,0,0
B032,2023-06-17 15:00:00,1,614E1550,0,,,1,0,0
B032,2023-06-17 16:00:00,0,614H0033,0,,,1,0,0
B032,2023-06-17 16:00:00,1,614E1550,0,,,1,0,0
B032,2023-06-17 17:00:00,0,614H0033,0,,,1,0,0
B032,2023-06-17 17:00:00,1,614E1550,0,,,1,0,0
B032,2023-06-17 18:00:00,0,614H0033,0,,,1,0,0
B032,2023-06-17 18:00:00,1,614E1550,0,,,1,0,0
B032,2023-06-17 19:00:00,0,614H0033,0,,,1,0,0
B032,2023-06-17 19:00:00,1,614E1550,0,,,1,0,0
B032,2023-06-17 20:00:00,0,614H0033,0,,,1,0,0
B032,2023-06-17 20:00:00,1,614E1550,0,,,1,0,0
B032,2023-06-17 21:00:00,0,614H0033,0,,,1,0,0
B032,2023-06-17 21:00:00,1,614E1550,0,,,1,0,0
B032,2023-06-17 22:00:00,0,614H0033,0,,,1,0,0
B032,2023-06-17 22:00:00,1,614E1550,0,,,1,0,0
B032,2023-06-17 23:00:00,0,614H0033,0,,,1,0,0
B032,2023-06-17 23:00:00,1,614E1550,0,,,1,0,0
B032,2023-06-18 00:00:00,0,614H0033,0,,,1,0,0
B032,2023-06-18 00:00:00,1,614E1550,0,,,1,0,0
B032,2023-06-18 01:00:00,0,614H0033,0,,,1,0,0
B032,2023-06-18 01:00:00,1,614E1550,0.0002701436012,,,1,0,0
B032,2023-06-18 02:00:00,0,614H0033,0,,,1,0,0
B032,2023-06-18 02:00:00,1,614E1550,0,,,1,0,0
B032,2023-06-18 03:00:00,0,614H0033,0,,,1,0,0
B032,2023-06-18 03:00:00,1,614E1550,0,,,1,0,0
B032,2023-06-18 04:00:00,0,614H0033,0,,,1,0,0
B032,2023-06-18 04:00:00,1,614E1550,0,,,1,0,0
B032,2023-06-18 05:00:00,0,614H0033,0,,,1,0,0
B032,2023-06-18 05:00:00,1,614E1550,0,,,1,0,0
B032,2023-06-18 06:00:00,0,614H0033,0,,,1,0,0
B032,2023-06-18 06:00:00,1,614E1550,0,,,1,0,0
B032,2023-06-18 07:00:00,0,614H0033,0,,,1,0,0
B032,2023-06-18 07:00:00,1,614E1550,0.05449285712,,,1,0,0
B032,2023-06-18 08:00:00,0,614H0033,0,,,1,0,0
B032,2023-06-18 08:00:00,1,614E1550,0,,,1,0,0
B032,2023-06-18 09:00:00,0,614H0033,0,,,1,0,0
B032,2023-06-18 09:00:00,1,614E1550,0.0104686011,,,1,0,0
B032,2023-06-18 10:00:00,0,614H0033,0,,,1,0,0
B032,2023-06-18 10:00:00,1,614E1550,1.989049833,,,1,0,0
B032,2023-06-18 11:00:00,0,614H0033,0.1224942075,,,1,0,0
B032,2023-06-18 11:00:00,1,614E1550,0.4446201474,,,1,0,0
B032,2023-06-18 12:00:00,0,614H0033,0,,,1,0,0
B032,2023-06-18 12:00:00,1,614E1550,0.002318966015,,,1,0,0
B032,2023-06-18 13:00:00,0,614H0033,0,,,1,0,0
B032,2023-06-18 13:00:00,1,614E1550,0.002318966015,,,1,0,0
B032,2023-06-18 14:00:00,0,614H0033,0,,,1,0,0
B032,2023-06-18 14:00:00,1,614E1550,0.008055620891,,,1,0,0
B032,2023-06-18 15:00:00,0,614H0033,0,,,1,0,0
B032,2023-06-18 15:00:00,1,614E1550,1.528563261,,,1,0,0
B032,2023-06-18 16:00:00,0,614H0033,0.3288407641,,,1,0,0
B032,2023-06-18 16:00:00,1,614E1550,4.0328435,,,1,0,0
B032,2023-06-18 17:00:00,0,614H0033,1.039461779,,,1,0,0
B032,2023-06-18 17:00:00,1,614E1550,2.492657581,,,1,0,0
B032,2023-06-18 18:00:00,0,614H0033,0.002704914484,,,1,0,0
B032,2023-06-18 18:00:00,1,614E1550,0.06232193883,,,1,0,0
B032,2023-06-18 19:00:00,0,614H0033,0,,,1,0,0
B032,2023-06-18 19:00:00,1,614E1550,0.009049533566,,,1,0,0
B032,2023-06-18 20:00:00,0,614H0033,0,,,1,0,0
B032,2023-06-18 20:00:00,1,614E1550,0,,,1,0,0
B032,2023-06-18 21:00:00,0,614H0033,0,,,1,0,0
B032,2023-06-18 21:00:00,1,614E1550,0,,,1,0,0
B032,2023-06-18 22:00:00,0,614H0033,0.002704914484,,,1,0,0
B032,2023-06-18 22:00:00,1,614E1550,0.0005140421805,,,1,0,0
B032,2023-06-18 23:00:00,0,614H0033,0,,,1,0,0
B032,2023-06-18 23:00:00,1,614E1550,0,,,1,0,0
B032,2023-06-19 00:00:00,0,614H0033,0,,,1,0,0
B032,2023-06-19 00:00:00,1,614E1550,0.01815178132,,,1,0,0
B032,2023-06-19 01:00:00,0,614H0033,0,,,1,0,0
B032,2023-06-19 01:00:00,1,614E1550,0,,,1,0,0
B032,2023-06-19 02:00:00,0,614H0033,0,,,1,0,0
B032,2023-06-19 02:00:00,1,614E1550,0.008055620891,,,1,0,0
B032,2023-06-19 03:00:00,0,614H0033,0,,,1,0,0
B032,2023-06-19 03:00:00,1,614E1550,0.009049533566,,,1,0,0
B032,2023-06-19 04:00:00,0,614H0033,0.005409828967,,,1,0,0
B032,2023-06-19 04:00:00,1,614E1550,0.04615924454,,,1,0,0
B032,2023-06-19 05:00:00,0,614H0033,0.1197892931,,,1,0,0
B032,2023-06-19 05:00:00,1,614E1550,0.001431161834,,,1,0,0
B032,2023-06-19 06:00:00,0,614H0033,0,,,1,0,0
B032,2023-06-19 06:00:00,1,614E1550,0.03408518803,,,1,0,0
B032,2023-06-19 07:00:00,0,614H0033,1.621405702,,,1,0,0
B032,2023-06-19 07:00:00,1,614E1550,6.85379742,,,1,0,0
B032,2023-06-19 08:00:00,0,614H0033,0,,,1,0,0
B032,2023-06-19 08:00:00,1,614E1550,0.1537882515,,,1,0,0
B032,2023-06-19 09:00:00,0,614H0033,0.002704914484,,,1,0,0
B032,2023-06-19 09:00:00,1,614E1550,0.1807096716,,,1,0,0
B032,2023-06-19 10:00:00,0,614H0033,0,,,1,0,0
B032,2023-06-19 10:00:00,1,614E1550,0.0005402872023,,,1,0,0
B032,2023-06-19 11:00:00,0,614H0033,0,,,1,0,0
B032,2023-06-19 11:00:00,1,614E1550,0.0003992877158,,,1,0,0
B032,2023-06-19 12:00:00,0,614H0033,0,,,1,0,0
B032,2023-06-19 12:00:00,1,614E1550,0,,,1,0,0
B032,2023-06-19 13:00:00,0,614H0033,0,,,1,0,0
B032,2023-06-19 13:00:00,1,614E1550,0,,,1,0,0
B032,2023-06-19 14:00:00,0,614H0033,0,,,1,0,0
B032,2023-06-19 14:00:00,1,614E1550,0,,,1,0,0
B032,2023-07-02 10:00:00,0,614H0033,0,,,1,0,0
B032,2023-07-02 10:00:00,1,614E1550,0,,274.54,1,0,1
B032,2023-07-02 11:00:00,0,614H0033,0,,,1,0,0
B032,2023-07-02 11:00:00,1,614E1550,0,,274.54,1,0,1
B032,2023-07-02 12:00:00,0,614H0033,0,,,1,0,0
B032,2023-07-02 12:00:00,1,614E1550,0,,274.54,1,0,1
B032,2023-07-02 13:00:00,0,614H0033,0,,,1,0,0
B032,2023-07-02 13:00:00,1,614E1550,0.1001426179,,,1,0,0
B032,2023-07-02 14:00:00,0,614H0033,0,,,1,0,0
B032,2023-07-02 14:00:00,1,614E1550,0.1555584479,,274.54,1,0,1
B032,2023-07-02 15:00:00,0,614H0033,0,,,1,0,0
B032,2023-07-02 15:00:00,1,614E1550,0.01638138538,,274.54,1,0,1
B032,2023-07-02 16:00:00,0,614H0033,0,,,1,0,0
B032,2023-07-02 16:00:00,1,614E1550,0,,274.54,1,0,1
B032,2023-07-02 17:00:00,0,614H0033,0,,,1,0,0
B032,2023-07-02 17:00:00,1,614E1550,0,,274.54,1,0,1
B032,2023-07-02 18:00:00,0,614H0033,0,,,1,0,0
B032,2023-07-02 18:00:00,1,614E1550,0,,274.53,1,0,1
B032,2023-07-02 19:00:00,0,614H0033,0,,,1,0,0
B032,2023-07-02 19:00:00,1,614E1550,0,,274.53,1,0,1
B032,2023-07-02 20:00:00,0,614H0033,0,,,1,0,0
B032,2023-07-02 20:00:00,1,614E1550,0,,274.53,1,0,1
B032,2023-07-02 21:00:00,0,614H0033,0,,,1,0,0
B032,2023-07-02 21:00:00,1,614E1550,0,,274.53,1,0,1
B032,2023-07-02 22:00:00,0,614H0033,0,,,1,0,0
B032,2023-07-02 22:00:00,1,614E1550,0,,274.53,1,0,1
B032,2023-07-02 23:00:00,0,614H0033,0,,,1,0,0
B032,2023-07-02 23:00:00,1,614E1550,0,,274.53,1,0,1
B032,2023-07-03 00:00:00,0,614H0033,0,,,1,0,0
B032,2023-07-03 00:00:00,1,614E1550,0,,274.53,1,0,1
B032,2023-07-03 01:00:00,0,614H0033,0,,,1,0,0
B032,2023-07-03 01:00:00,1,614E1550,0,,274.53,1,0,1
B032,2023-07-03 02:00:00,0,614H0033,0,,,1,0,0
B032,2023-07-03 02:00:00,1,614E1550,0,,274.53,1,0,1
B032,2023-07-03 03:00:00,0,614H0033,0,,,1,0,0
B032,2023-07-03 03:00:00,1,614E1550,0,,274.53,1,0,1
B032,2023-07-03 04:00:00,0,614H0033,0,,,1,0,0
B032,2023-07-03 04:00:00,1,614E1550,0,,274.53,1,0,1
B032,2023-07-03 05:00:00,0,614H0033,0,,,1,0,0
B032,2023-07-03 05:00:00,1,614E1550,0,,274.53,1,0,1
B032,2023-07-03 06:00:00,0,614H0033,0,,,1,0,0
B032,2023-07-03 06:00:00,1,614E1550,0,,274.53,1,0,1
B032,2023-07-03 07:00:00,0,614H0033,0,,,1,0,0
B032,2023-07-03 07:00:00,1,614E1550,0.2720824512,,274.53,1,0,1
B032,2023-07-03 08:00:00,0,614H0033,0,,,1,0,0
B032,2023-07-03 08:00:00,1,614E1550,0,,,1,0,0
B032,2023-07-03 09:00:00,0,614H0033,0,,,1,0,0
B032,2023-07-03 09:00:00,1,614E1550,0,,274.53,1,0,1
B032,2023-07-03 10:00:00,0,614H0033,0,,,1,0,0
B032,2023-07-03 10:00:00,1,614E1550,0,,274.53,1,0,1
B032,2023-07-03 11:00:00,0,614H0033,0,,,1,0,0
B032,2023-07-03 11:00:00,1,614E1550,0,,274.53,1,0,1
B032,2023-07-03 12:00:00,0,614H0033,0,,,1,0,0
B032,2023-07-03 12:00:00,1,614E1550,0,,274.53,1,0,1
B032,2023-07-03 13:00:00,0,614H0033,0,,,1,0,0
B032,2023-07-03 13:00:00,1,614E1550,0,,274.52,1,0,1
B032,2023-07-03 14:00:00,0,614H0033,0,,,1,0,0
B032,2023-07-03 14:00:00,1,614E1550,0,,274.52,1,0,1
B032,2023-07-03 15:00:00,0,614H0033,0,,,1,0,0
B032,2023-07-03 15:00:00,1,614E1550,0,,274.52,1,0,1
B032,2023-07-03 16:00:00,0,614H0033,0,,,1,0,0
B032,2023-07-03 16:00:00,1,614E1550,0,,274.52,1,0,1
B032,2023-07-03 17:00:00,0,614H0033,0,,,1,0,0
B032,2023-07-03 17:00:00,1,614E1550,0,,274.52,1,0,1
B032,2023-07-03 18:00:00,0,614H0033,0,,,1,0,0
B032,2023-07-03 18:00:00,1,614E1550,0,,274.52,1,0,1
B032,2023-07-03 19:00:00,0,614H0033,0,,,1,0,0
B032,2023-07-03 19:00:00,1,614E1550,0,,274.52,1,0,1
B032,2023-07-03 20:00:00,0,614H0033,0,,,1,0,0
B032,2023-07-03 20:00:00,1,614E1550,0,,274.52,1,0,1
B032,2023-07-03 21:00:00,0,614H0033,0,,,1,0,0
B032,2023-07-03 21:00:00,1,614E1550,0,,274.53,1,0,1
B032,2023-07-03 22:00:00,0,614H0033,0,,,1,0,0
B032,2023-07-03 22:00:00,1,614E1550,0,,274.53,1,0,1
B032,2023-07-03 23:00:00,0,614H0033,0,,,1,0,0
B032,2023-07-03 23:00:00,1,614E1550,0,,274.53,1,0,1
B032,2023-07-04 00:00:00,0,614H0033,0,,,1,0,0
B032,2023-07-04 00:00:00,1,614E1550,0,,274.53,1,0,1
B032,2023-07-04 01:00:00,0,614H0033,0,,,1,0,0
B032,2023-07-04 01:00:00,1,614E1550,0,,274.53,1,0,1
B032,2023-07-04 02:00:00,0,614H0033,0,,,1,0,0
B032,2023-07-04 02:00:00,1,614E1550,0,,274.53,1,0,1
B032,2023-07-04 03:00:00,0,614H0033,0,,,1,0,0
B032,2023-07-04 03:00:00,1,614E1550,0,,274.53,1,0,1
B032,2023-07-04 04:00:00,0,614H0033,0,,,1,0,0
B032,2023-07-04 04:00:00,1,614E1550,0,,274.53,1,0,1
B032,2023-07-04 05:00:00,0,614H0033,0,,,1,0,0
B032,2023-07-04 05:00:00,1,614E1550,0,,274.53,1,0,1
B032,2023-07-04 06:00:00,0,614H0033,0,,,1,0,0
B032,2023-07-04 06:00:00,1,614E1550,0,,274.53,1,0,1
B032,2023-07-04 07:00:00,0,614H0033,0,,,1,0,0
B032,2023-07-04 07:00:00,1,614E1550,0,,274.53,1,0,1
B032,2023-07-04 08:00:00,0,614H0033,0,,,1,0,0
B032,2023-07-04 08:00:00,1,614E1550,0,,274.53,1,0,1
B032,2023-07-04 09:00:00,0,614H0033,0,,,1,0,0
B032,2023-07-04 09:00:00,1,614E1550,0,,274.53,1,0,1
B032,2023-07-04 10:00:00,0,614H0033,2.844415918,,,1,0,0
B032,2023-07-04 10:00:00,1,614E1550,3.57949166,,274.53,1,0,1
B032,2023-07-04 11:00:00,0,614H0033,4.590247686,,,1,0,0
B032,2023-07-04 11:00:00,1,614E1550,3.832649426,,274.54,1,0,1
B032,2023-07-04 12:00:00,0,614H0033,0.1333138655,,,1,0,0
B032,2023-07-04 12:00:00,1,614E1550,0.1162342605,,274.58,1,0,1
B032,2023-07-04 13:00:00,0,614H0033,0,,,1,0,0
B032,2023-07-04 13:00:00,1,614E1550,0.2388514174,,274.56,1,0,1
B032,2023-07-04 14:00:00,0,614H0033,0,,,1,0,0
B032,2023-07-04 14:00:00,1,614E1550,0,,274.56,1,0,1
B032,2023-07-04 15:00:00,0,614H0033,0,,,1,0,0
B032,2023-07-04 15:00:00,1,614E1550,0,,,1,0,0
B032,2023-07-04 16:00:00,0,614H0033,0.002704914484,,,1,0,0
B032,2023-07-04 16:00:00,1,614E1550,0.1897878601,,274.6,1,0,1
B032,2023-07-04 17:00:00,0,614H0033,0.008114743451,,,1,0,0
B032,2023-07-04 17:00:00,1,614E1550,0.06615980296,,274.6,1,0,1
B032,2023-07-04 18:00:00,0,614H0033,0,,,1,0,0
B032,2023-07-04 18:00:00,1,614E1550,0,,274.6,1,0,1
B032,2023-07-04 19:00:00,0,614H0033,0,,,1,0,0
B032,2023-07-04 19:00:00,1,614E1550,0.00865024585,,274.59,1,0,1
B032,2023-07-04 20:00:00,0,614H0033,0,,,1,0,0
B032,2023-07-04 20:00:00,1,614E1550,0,,274.59,1,0,1
B032,2023-07-04 21:00:00,0,614H0033,0,,,1,0,0
B032,2023-07-04 21:00:00,1,614E1550,0,,274.59,1,0,1
B032,2023-07-04 22:00:00,0,614H0033,0,,,1,0,0
B032,2023-07-04 22:00:00,1,614E1550,0,,274.59,1,0,1
B032,2023-07-04 23:00:00,0,614H0033,0,,,1,0,0
B032,2023-07-04 23:00:00,1,614E1550,0,,274.59,1,0,1
B032,2023-07-05 00:00:00,0,614H0033,0,,,1,0,0
B032,2023-07-05 00:00:00,1,614E1550,0,,274.59,1,0,1
B032,2023-07-05 01:00:00,0,614H0033,0,,,1,0,0
B032,2023-07-05 01:00:00,1,614E1550,0,,274.58,1,0,1
B032,2023-07-05 02:00:00,0,614H0033,0,,,1,0,0
B032,2023-07-05 02:00:00,1,614E1550,0,,274.58,1,0,1
B032,2023-07-05 03:00:00,0,614H0033,0,,,1,0,0
B032,2023-07-05 03:00:00,1,614E1550,0,,274.58,1,0,1
B032,2023-07-05 04:00:00,0,614H0033,0,,,1,0,0
B032,2023-07-05 04:00:00,1,614E1550,0,,274.58,1,0,1
B032,2023-07-05 05:00:00,0,614H0033,0,,,1,0,0
B032,2023-07-05 05:00:00,1,614E1550,0,,274.58,1,0,1
B032,2023-07-05 06:00:00,0,614H0033,0,,,1,0,0
B032,2023-07-05 06:00:00,1,614E1550,0,,274.58,1,0,1
B032,2023-07-05 07:00:00,0,614H0033,7.578797128,,,1,0,0
B032,2023-07-05 07:00:00,1,614E1550,8.031824673,,274.58,1,0,1
B032,2023-07-05 08:00:00,0,614H0033,0,,,1,0,0
B032,2023-07-05 08:00:00,1,614E1550,0.0003992877158,,274.58,1,0,1
B032,2023-07-05 09:00:00,0,614H0033,0,,,1,0,0
B032,2023-07-05 09:00:00,1,614E1550,0,,274.57,1,0,1
B032,2023-07-05 10:00:00,0,614H0033,0,,,1,0,0
B032,2023-07-05 10:00:00,1,614E1550,0,,274.57,1,0,1
B032,2023-07-05 11:00:00,0,614H0033,0,,,1,0,0
B032,2023-07-05 11:00:00,1,614E1550,0,,274.57,1,0,1
B032,2023-07-05 12:00:00,0,614H0033,0,,,1,0,0
B032,2023-07-05 12:00:00,1,614E1550,0,,274.57,1,0,1
B032,2023-07-05 13:00:00,0,614H0033,0,,,1,0,0
B032,2023-07-05 13:00:00,1,614E1550,0,,274.57,1,0,1
B032,2023-07-05 14:00:00,0,614H0033,0,,,1,0,0
B032,2023-07-05 14:00:00,1,614E1550,0,,274.57,1,0,1
B032,2023-07-05 15:00:00,0,614H0033,0,,,1,0,0
B032,2023-07-05 15:00:00,1,614E1550,0,,274.56,1,0,1
B032,2023-07-05 16:00:00,0,614H0033,0,,,1,0,0
B032,2023-07-05 16:00:00,1,614E1550,0,,274.55,1,0,1
B032,2023-07-05 17:00:00,0,614H0033,0,,,1,0,0
B032,2023-07-05 17:00:00,1,614E1550,0,,274.54,1,0,1
B032,2023-07-05 18:00:00,0,614H0033,0,,,1,0,0
B032,2023-07-05 18:00:00,1,614E1550,0,,274.53,1,0,1
B032,2023-07-05 19:00:00,0,614H0033,0,,,1,0,0
B032,2023-07-05 19:00:00,1,614E1550,0,,274.54,1,0,1
B032,2023-07-05 20:00:00,0,614H0033,0,,,1,0,0
B032,2023-07-05 20:00:00,1,614E1550,0,,274.55,1,0,1
B032,2023-07-05 21:00:00,0,614H0033,0,,,1,0,0
B032,2023-07-05 21:00:00,1,614E1550,0,,274.55,1,0,1
B032,2023-07-05 22:00:00,0,614H0033,0,,,1,0,0
B032,2023-07-05 22:00:00,1,614E1550,0,,274.55,1,0,1
B032,2023-07-05 23:00:00,0,614H0033,0,,,1,0,0
B032,2023-07-05 23:00:00,1,614E1550,0,,,1,0,0
B032,2023-07-06 00:00:00,0,614H0033,0,,,1,0,0
B032,2023-07-06 00:00:00,1,614E1550,0,,274.55,1,0,1
B032,2023-07-06 01:00:00,0,614H0033,0,,,1,0,0
B032,2023-07-06 01:00:00,1,614E1550,0,,274.55,1,0,1
B032,2023-07-06 02:00:00,0,614H0033,0,,,1,0,0
B032,2023-07-06 02:00:00,1,614E1550,0,,274.55,1,0,1
B032,2023-07-06 03:00:00,0,614H0033,0,,,1,0,0
B032,2023-07-06 03:00:00,1,614E1550,0,,274.55,1,0,1
B032,2023-07-06 04:00:00,0,614H0033,0,,,1,0,0
B032,2023-07-06 04:00:00,1,614E1550,0,,,1,0,0
B032,2023-07-06 05:00:00,0,614H0033,0,,,1,0,0
B032,2023-07-06 05:00:00,1,614E1550,0,,,1,0,0
B032,2023-07-06 06:00:00,0,614H0033,0,,,1,0,0
B032,2023-07-06 06:00:00,1,614E1550,0,,274.55,1,0,1
B032,2023-07-06 07:00:00,0,614H0033,0,,,1,0,0
B032,2023-07-06 07:00:00,1,614E1550,0.0003992877158,,274.55,1,0,1
B032,2023-07-06 08:00:00,0,614H0033,0,,,1,0,0
B032,2023-07-06 08:00:00,1,614E1550,0,,274.55,1,0,1
B032,2023-07-06 09:00:00,0,614H0033,0,,,1,0,0
B032,2023-07-06 09:00:00,1,614E1550,0,,274.55,1,0,1
B032,2023-07-06 10:00:00,0,614H0033,0,,,1,0,0
B032,2023-07-06 10:00:00,1,614E1550,0,,274.54,1,0,1
B032,2023-07-06 11:00:00,0,614H0033,0,,,1,0,0
B032,2023-07-06 11:00:00,1,614E1550,0,,274.54,1,0,1
B032,2023-07-06 12:00:00,0,614H0033,0,,,1,0,0
B032,2023-07-06 12:00:00,1,614E1550,0,,274.54,1,0,1
B032,2023-07-06 13:00:00,0,614H0033,0,,,1,0,0
B032,2023-07-06 13:00:00,1,614E1550,0,,274.54,1,0,1
B032,2023-07-06 14:00:00,0,614H0033,0,,,1,0,0
B032,2023-07-06 14:00:00,1,614E1550,0,,274.54,1,0,1
B032,2023-07-06 15:00:00,0,614H0033,0,,,1,0,0
B032,2023-07-06 15:00:00,1,614E1550,0,,274.54,1,0,1
B032,2023-07-06 16:00:00,0,614H0033,0,,,1,0,0
B032,2023-07-06 16:00:00,1,614E1550,0,,274.54,1,0,1
B032,2023-07-06 17:00:00,0,614H0033,0,,,1,0,0
B032,2023-07-06 17:00:00,1,614E1550,0,,274.54,1,0,1
B032,2023-07-06 18:00:00,0,614H0033,0,,,1,0,0
B032,2023-07-06 18:00:00,1,614E1550,0,,274.54,1,0,1
B032,2023-07-06 19:00:00,0,614H0033,0,,,1,0,0
B032,2023-07-06 19:00:00,1,614E1550,0,,274.54,1,0,1
B032,2023-07-06 20:00:00,0,614H0033,0,,,1,0,0
B032,2023-07-06 20:00:00,1,614E1550,0,,,1,0,0
B032,2023-08-04 14:00:00,0,614H0033,0,,,1,0,0
B032,2023-08-04 14:00:00,1,614E1550,0,,274.62,1,0,1
B032,2023-08-04 15:00:00,0,614H0033,0,,,1,0,0
B032,2023-08-04 15:00:00,1,614E1550,0,,274.62,1,0,1
B032,2023-08-04 16:00:00,0,614H0033,0,,,1,0,0
B032,2023-08-04 16:00:00,1,614E1550,0,,274.61,1,0,1
B032,2023-08-04 17:00:00,0,614H0033,0,,,1,0,0
B032,2023-08-04 17:00:00,1,614E1550,0,,274.61,1,0,1
B032,2023-08-04 18:00:00,0,614H0033,0,,,1,0,0
B032,2023-08-04 18:00:00,1,614E1550,0,,274.61,1,0,1
B032,2023-08-04 19:00:00,0,614H0033,0,,,1,0,0
B032,2023-08-04 19:00:00,1,614E1550,0,,274.61,1,0,1
B032,2023-08-04 20:00:00,0,614H0033,0,,,1,0,0
B032,2023-08-04 20:00:00,1,614E1550,0,,274.61,1,0,1
B032,2023-08-04 21:00:00,0,614H0033,0,,,1,0,0
B032,2023-08-04 21:00:00,1,614E1550,0,,274.61,1,0,1
B032,2023-08-04 22:00:00,0,614H0033,0,,,1,0,0
B032,2023-08-04 22:00:00,1,614E1550,0,,274.61,1,0,1
B032,2023-08-04 23:00:00,0,614H0033,0,,,1,0,0
B032,2023-08-04 23:00:00,1,614E1550,0,,274.6,1,0,1
B032,2023-08-05 00:00:00,0,614H0033,0,,,1,0,0
B032,2023-08-05 00:00:00,1,614E1550,0,,274.6,1,0,1
B032,2023-08-05 01:00:00,0,614H0033,0,,,1,0,0
B032,2023-08-05 01:00:00,1,614E1550,0,,274.6,1,0,1
B032,2023-08-05 02:00:00,0,614H0033,0,,,1,0,0
B032,2023-08-05 02:00:00,1,614E1550,0,,274.6,1,0,1
B032,2023-08-05 03:00:00,0,614H0033,0,,,1,0,0
B032,2023-08-05 03:00:00,1,614E1550,0,,274.6,1,0,1
B032,2023-08-05 04:00:00,0,614H0033,0,,,1,0,0
B032,2023-08-05 04:00:00,1,614E1550,0,,274.6,1,0,1
B032,2023-08-05 05:00:00,0,614H0033,0,,,1,0,0
B032,2023-08-05 05:00:00,1,614E1550,0,,274.6,1,0,1
B032,2023-08-05 06:00:00,0,614H0033,0,,,1,0,0
B032,2023-08-05 06:00:00,1,614E1550,0,,274.6,1,0,1
B032,2023-08-05 07:00:00,0,614H0033,0,,,1,0,0
B032,2023-08-05 07:00:00,1,614E1550,0,,274.6,1,0,1
B032,2023-08-05 08:00:00,0,614H0033,0,,,1,0,0
B032,2023-08-05 08:00:00,1,614E1550,0,,274.6,1,0,1
B032,2023-08-05 09:00:00,0,614H0033,0,,,1,0,0
B032,2023-08-05 09:00:00,1,614E1550,0,,274.59,1,0,1
B032,2023-08-05 10:00:00,0,614H0033,0,,,1,0,0
B032,2023-08-05 10:00:00,1,614E1550,0,,274.59,1,0,1
B032,2023-08-05 11:00:00,0,614H0033,0,,,1,0,0
B032,2023-08-05 11:00:00,1,614E1550,0,,274.59,1,0,1
B032,2023-08-05 12:00:00,0,614H0033,0,,,1,0,0
B032,2023-08-05 12:00:00,1,614E1550,0,,274.59,1,0,1
B032,2023-08-05 13:00:00,0,614H0033,0,,,1,0,0
B032,2023-08-05 13:00:00,1,614E1550,0,,274.59,1,0,1
B032,2023-08-05 14:00:00,0,614H0033,0,,,1,0,0
B032,2023-08-05 14:00:00,1,614E1550,0,,274.59,1,0,1
B032,2023-08-05 15:00:00,0,614H0033,0,,,1,0,0
B032,2023-08-05 15:00:00,1,614E1550,0,,274.59,1,0,1
B032,2023-08-05 16:00:00,0,614H0033,0,,,1,0,0
B032,2023-08-05 16:00:00,1,614E1550,0,,274.59,1,0,1
B032,2023-08-05 17:00:00,0,614H0033,0,,,1,0,0
B032,2023-08-05 17:00:00,1,614E1550,0,,274.59,1,0,1
B032,2023-08-05 18:00:00,0,614H0033,0,,,1,0,0
B032,2023-08-05 18:00:00,1,614E1550,0,,274.59,1,0,1
B032,2023-08-05 19:00:00,0,614H0033,0,,,1,0,0
B032,2023-08-05 19:00:00,1,614E1550,0,,274.59,1,0,1
B032,2023-08-05 20:00:00,0,614H0033,0,,,1,0,0
B032,2023-08-05 20:00:00,1,614E1550,0,,274.59,1,0,1
B032,2023-08-05 21:00:00,0,614H0033,0,,,1,0,0
B032,2023-08-05 21:00:00,1,614E1550,0,,274.59,1,0,1
B032,2023-08-05 22:00:00,0,614H0033,0,,,1,0,0
B032,2023-08-05 22:00:00,1,614E1550,0,,274.59,1,0,1
B032,2023-08-05 23:00:00,0,614H0033,0,,,1,0,0
B032,2023-08-05 23:00:00,1,614E1550,0,,274.59,1,0,1
B032,2023-08-06 00:00:00,0,614H0033,0,,,1,0,0
B032,2023-08-06 00:00:00,1,614E1550,0,,,1,0,0
B032,2023-08-06 01:00:00,0,614H0033,0,,,1,0,0
B032,2023-08-06 01:00:00,1,614E1550,0,,274.58,1,0,1
B032,2023-08-06 02:00:00,0,614H0033,0,,,1,0,0
B032,2023-08-06 02:00:00,1,614E1550,0,,274.58,1,0,1
B032,2023-08-06 03:00:00,0,614H0033,0,,,1,0,0
B032,2023-08-06 03:00:00,1,614E1550,0,,274.58,1,0,1
B032,2023-08-06 04:00:00,0,614H0033,0,,,1,0,0
B032,2023-08-06 04:00:00,1,614E1550,0,,274.58,1,0,1
B032,2023-08-06 05:00:00,0,614H0033,0,,,1,0,0
B032,2023-08-06 05:00:00,1,614E1550,0,,274.58,1,0,1
B032,2023-08-06 06:00:00,0,614H0033,0,,,1,0,0
B032,2023-08-06 06:00:00,1,614E1550,0,,274.58,1,0,1
B032,2023-08-06 07:00:00,0,614H0033,0,,,1,0,0
B032,2023-08-06 07:00:00,1,614E1550,0,,274.57,1,0,1
B032,2023-08-06 08:00:00,0,614H0033,0,,,1,0,0
B032,2023-08-06 08:00:00,1,614E1550,0,,274.57,1,0,1
B032,2023-08-06 09:00:00,0,614H0033,0,,,1,0,0
B032,2023-08-06 09:00:00,1,614E1550,0,,274.57,1,0,1
B032,2023-08-06 10:00:00,0,614H0033,0,,,1,0,0
B032,2023-08-06 10:00:00,1,614E1550,0,,274.57,1,0,1
B032,2023-08-06 11:00:00,0,614H0033,0,,,1,0,0
B032,2023-08-06 11:00:00,1,614E1550,0,,,1,0,0
B032,2023-08-06 12:00:00,0,614H0033,0,,,1,0,0
B032,2023-08-06 12:00:00,1,614E1550,0,,274.56,1,0,1
B032,2023-08-06 13:00:00,0,614H0033,0,,,1,0,0
B032,2023-08-06 13:00:00,1,614E1550,0,,274.56,1,0,1
B032,2023-08-06 14:00:00,0,614H0033,0,,,1,0,0
B032,2023-08-06 14:00:00,1,614E1550,0.003841590109,,274.56,1,0,1
B032,2023-08-06 15:00:00,0,614H0033,2.133794903,,,1,0,0
B032,2023-08-06 15:00:00,1,614E1550,1.604701154,,274.56,1,0,1
B032,2023-08-06 16:00:00,0,614H0033,0.1170843786,,,1,0,0
B032,2023-08-06 16:00:00,1,614E1550,2.441825424,,274.59,1,0,1
B032,2023-08-06 17:00:00,0,614H0033,0.02163931587,,,1,0,0
B032,2023-08-06 17:00:00,1,614E1550,0.008028454322,,274.59,1,0,1
B032,2023-08-06 18:00:00,0,614H0033,0,,,1,0,0
B032,2023-08-06 18:00:00,1,614E1550,0.1240929871,,274.58,1,0,1
B032,2023-08-06 19:00:00,0,614H0033,0,,,1,0,0
B032,2023-08-06 19:00:00,1,614E1550,0.2554331432,,274.57,1,0,1
B032,2023-08-06 20:00:00,0,614H0033,0,,,1,0,0
B032,2023-08-06 20:00:00,1,614E1550,0.00865024585,,,1,0,0
B032,2023-08-06 21:00:00,0,614H0033,0,,,1,0,0
B032,2023-08-06 21:00:00,1,614E1550,0,,274.57,1,0,1
B032,2023-08-06 22:00:00,0,614H0033,0,,,1,0,0
B032,2023-08-06 22:00:00,1,614E1550,0.0104686011,,274.58,1,0,1
B032,2023-08-06 23:00:00,0,614H0033,0,,,1,0,0
B032,2023-08-06 23:00:00,1,614E1550,0,,274.63,1,0,1
B032,2023-08-07 00:00:00,0,614H0033,0,,,1,0,0
B032,2023-08-07 00:00:00,1,614E1550,0.00865024585,,274.64,1,0,1
B032,2023-08-07 01:00:00,0,614H0033,0,,,1,0,0
B032,2023-08-07 01:00:00,1,614E1550,0.003841590109,,274.64,1,0,1
B032,2023-08-07 02:00:00,0,614H0033,0,,,1,0,0
B032,2023-08-07 02:00:00,1,614E1550,0,,274.64,1,0,1
B032,2023-08-07 03:00:00,0,614H0033,0,,,1,0,0
B032,2023-08-07 03:00:00,1,614E1550,0,,274.63,1,0,1
B032,2023-08-07 04:00:00,0,614H0033,0,,,1,0,0
B032,2023-08-07 04:00:00,1,614E1550,0,,274.62,1,0,1
B032,2023-08-07 05:00:00,0,614H0033,0,,,1,0,0
B032,2023-08-07 05:00:00,1,614E1550,0,,,1,0,0
B032,2023-08-07 06:00:00,0,614H0033,0,,,1,0,0
B032,2023-08-07 06:00:00,1,614E1550,0.01670586674,,274.61,1,0,1
B032,2023-08-07 07:00:00,0,614H0033,2.272518598,,,1,0,0
B032,2023-08-07 07:00:00,1,614E1550,4.486239303,,274.61,1,0,1
B032,2023-08-07 08:00:00,0,614H0033,0.1224942075,,,1,0,0
B032,2023-08-07 08:00:00,1,614E1550,0.0665834775,,274.6,1,0,1
B032,2023-08-07 09:00:00,0,614H0033,0.1197892931,,,1,0,0
B032,2023-08-07 09:00:00,1,614E1550,0.1171894277,,274.6,1,0,1
B032,2023-08-07 10:00:00,0,614H0033,0,,,1,0,0
B032,2023-08-07 10:00:00,1,614E1550,0.01431019121,,274.6,1,0,1
B032,2023-08-07 11:00:00,0,614H0033,0,,,1,0,0
B032,2023-08-07 11:00:00,1,614E1550,0,,274.6,1,0,1
B032,2023-08-07 12:00:00,0,614H0033,0,,,1,0,0
B032,2023-08-07 12:00:00,1,614E1550,0.004637932031,,274.59,1,0,1
B032,2023-08-07 13:00:00,0,614H0033,0,,,1,0,0
B032,2023-08-07 13:00:00,1,614E1550,0,,274.59,1,0,1
B032,2023-08-07 14:00:00,0,614H0033,0,,,1,0,0
B032,2023-08-07 14:00:00,1,614E1550,0.002318966015,,274.59,1,0,1
B032,2023-08-07 15:00:00,0,614H0033,0,,,1,0,0
B032,2023-08-07 15:00:00,1,614E1550,0,,274.59,1,0,1
B032,2023-08-07 16:00:00,0,614H0033,0,,,1,0,0
B032,2023-08-07 16:00:00,1,614E1550,0,,,1,0,0
B032,2023-08-07 17:00:00,0,614H0033,0,,,1,0,0
B032,2023-08-07 17:00:00,1,614E1550,0,,274.59,1,0,1
B032,2023-08-07 18:00:00,0,614H0033,0,,,1,0,0
B032,2023-08-07 18:00:00,1,614E1550,0,,274.58,1,0,1
B032,2023-08-07 19:00:00,0,614H0033,0,,,1,0,0
B032,2023-08-07 19:00:00,1,614E1550,0,,274.58,1,0,1
B032,2023-08-07 20:00:00,0,614H0033,0,,,1,0,0
B032,2023-08-07 20:00:00,1,614E1550,0,,274.58,1,0,1
B032,2023-08-07 21:00:00,0,614H0033,0,,,1,0,0
B032,2023-08-07 21:00:00,1,614E1550,0,,274.58,1,0,1
B032,2023-08-07 22:00:00,0,614H0033,0,,,1,0,0
B032,2023-08-07 22:00:00,1,614E1550,0,,274.58,1,0,1
B032,2023-08-07 23:00:00,0,614H0033,0,,,1,0,0
B032,2023-08-07 23:00:00,1,614E1550,0,,274.59,1,0,1
B032,2023-08-08 00:00:00,0,614H0033,0,,,1,0,0
B032,2023-08-08 00:00:00,1,614E1550,0,,274.58,1,0,1
B032,2023-08-08 01:00:00,0,614H0033,0,,,1,0,0
B032,2023-08-08 01:00:00,1,614E1550,0,,274.58,1,0,1
B032,2023-08-08 02:00:00,0,614H0033,0,,,1,0,0
B032,2023-08-08 02:00:00,1,614E1550,0,,274.58,1,0,1
B032,2023-08-08 03:00:00,0,614H0033,0,,,1,0,0
B032,2023-08-08 03:00:00,1,614E1550,0,,274.58,1,0,1
B032,2023-08-08 04:00:00,0,614H0033,0,,,1,0,0
B032,2023-08-08 04:00:00,1,614E1550,0,,,1,0,0
B032,2023-08-08 05:00:00,0,614H0033,0,,,1,0,0
B032,2023-08-08 05:00:00,1,614E1550,0,,274.58,1,0,1
B032,2023-08-08 06:00:00,0,614H0033,0,,,1,0,0
B032,2023-08-08 06:00:00,1,614E1550,0,,274.58,1,0,1
B032,2023-08-08 07:00:00,0,614H0033,0.2422835006,,,1,0,0
B032,2023-08-08 07:00:00,1,614E1550,0.2161913214,,274.58,1,0,1
B032,2023-08-08 08:00:00,0,614H0033,0,,,1,0,0
B032,2023-08-08 08:00:00,1,614E1550,0,,274.58,1,0,1
B032,2023-08-08 09:00:00,0,614H0033,0,,,1,0,0
B032,2023-08-08 09:00:00,1,614E1550,0,,274.57,1,0,1
B032,2023-08-08 10:00:00,0,614H0033,0,,,1,0,0
B032,2023-08-08 10:00:00,1,614E1550,0,,274.57,1,0,1
B032,2023-08-08 11:00:00,0,614H0033,0,,,1,0,0
B032,2023-08-08 11:00:00,1,614E1550,0,,274.57,1,0,1
B032,2023-08-08 12:00:00,0,614H0033,0,,,1,0,0
B032,2023-08-08 12:00:00,1,614E1550,0,,274.57,1,0,1
B032,2023-08-08 13:00:00,0,614H0033,1.756265679,,,1,0,0
B032,2023-08-08 13:00:00,1,614E1550,0.08043845846,,274.57,1,0,1
B032,2023-08-08 14:00:00,0,614H0033,0,,,1,0,0
B032,2023-08-08 14:00:00,1,614E1550,0.4006311672,,274.57,1,0,1
B032,2023-08-08 15:00:00,0,614H0033,0,,,1,0,0
B032,2023-08-08 15:00:00,1,614E1550,0.002318966015,,274.57,1,0,1
B032,2023-08-08 16:00:00,0,614H0033,0,,,1,0,0
B032,2023-08-08 16:00:00,1,614E1550,0.09367728644,,274.57,1,0,1
B032,2023-08-08 17:00:00,0,614H0033,0,,,1,0,0
B032,2023-08-08 17:00:00,1,614E1550,0,,274.57,1,0,1
B032,2023-08-08 18:00:00,0,614H0033,0,,,1,0,0
B032,2023-08-08 18:00:00,1,614E1550,0,,274.57,1,0,1
B032,2023-08-08 19:00:00,0,614H0033,0,,,1,0,0
B032,2023-08-08 19:00:00,1,614E1550,0,,274.57,1,0,1
B032,2023-08-08 20:00:00,0,614H0033,0,,,1,0,0
B032,2023-08-08 20:00:00,1,614E1550,0,,274.57,1,0,1
B032,2023-08-08 21:00:00,0,614H0033,0,,,1,0,0
B032,2023-08-08 21:00:00,1,614E1550,0,,274.57,1,0,1
B032,2023-08-08 22:00:00,0,614H0033,0,,,1,0,0
B032,2023-08-08 22:00:00,1,614E1550,0,,274.57,1,0,1
B032,2023-08-08 23:00:00,0,614H0033,0.1170843786,,,1,0,0
B032,2023-08-08 23:00:00,1,614E1550,0.196158387,,274.57,1,0,1
B032,2023-08-09 00:00:00,0,614H0033,0.1170843786,,,1,0,0
B032,2023-08-09 00:00:00,1,614E1550,0.06359057512,,274.56,1,0,1
B032,2023-08-09 01:00:00,0,614H0033,0,,,1,0,0
B032,2023-08-09 01:00:00,1,614E1550,0,,274.56,1,0,1
B032,2023-08-09 02:00:00,0,614H0033,0,,,1,0,0
B032,2023-08-09 02:00:00,1,614E1550,0,,274.56,1,0,1
B032,2023-08-09 03:00:00,0,614H0033,0,,,1,0,0
B032,2023-08-09 03:00:00,1,614E1550,0,,274.56,1,0,1
B032,2023-08-09 04:00:00,0,614H0033,0,,,1,0,0
B032,2023-08-09 04:00:00,1,614E1550,0,,274.56,1,0,1
B032,2023-08-09 05:00:00,0,614H0033,0,,,1,0,0
B032,2023-08-09 05:00:00,1,614E1550,0.01915361616,,274.56,1,0,1
B032,2023-08-09 06:00:00,0,614H0033,0,,,1,0,0
B032,2023-08-09 06:00:00,1,614E1550,0,,274.56,1,0,1
B032,2023-08-09 07:00:00,0,614H0033,1.990434436,,,1,0,0
B032,2023-08-09 07:00:00,1,614E1550,0.3975396003,,274.56,1,0,1
B032,2023-08-09 08:00:00,0,614H0033,0,,,1,0,0
B032,2023-08-09 08:00:00,1,614E1550,0,,274.56,1,0,1
B032,2023-08-09 09:00:00,0,614H0033,0,,,1,0,0
B032,2023-08-09 09:00:00,1,614E1550,0,,274.56,1,0,1
B032,2023-08-09 10:00:00,0,614H0033,0,,,1,0,0
B032,2023-08-09 10:00:00,1,614E1550,0.02787831753,,274.56,1,0,1
B032,2023-08-09 11:00:00,0,614H0033,0.3512531357,,,1,0,0
B032,2023-08-09 11:00:00,1,614E1550,0.01189439202,,274.56,1,0,1
B032,2023-08-09 12:00:00,0,614H0033,0.1170843786,,,1,0,0
B032,2023-08-09 12:00:00,1,614E1550,0.0002476883364,,274.56,1,0,1
B032,2023-08-09 13:00:00,0,614H0033,0,,,1,0,0
B032,2023-08-09 13:00:00,1,614E1550,0,,274.56,1,0,1
B032,2023-08-09 14:00:00,0,614H0033,0,,,1,0,0
B032,2023-08-09 14:00:00,1,614E1550,0,,274.56,1,0,1
B032,2023-08-09 15:00:00,0,614H0033,0,,,1,0,0
B032,2023-08-09 15:00:00,1,614E1550,0.4522352053,,274.57,1,0,1
B032,2023-09-27 22:00:00,0,614H0033,0,,,1,0,0
B032,2023-09-27 22:00:00,1,614E1550,0,,274.51,1,0,1
B032,2023-09-27 23:00:00,0,614H0033,0,,,1,0,0
B032,2023-09-27 23:00:00,1,614E1550,0,,274.51,1,0,1
B032,2023-09-28 00:00:00,0,614H0033,0,,,1,0,0
B032,2023-09-28 00:00:00,1,614E1550,0,,274.51,1,0,1
B032,2023-09-28 01:00:00,0,614H0033,0,,,1,0,0
B032,2023-09-28 01:00:00,1,614E1550,0,,274.51,1,0,1
B032,2023-09-28 02:00:00,0,614H0033,0,,,1,0,0
B032,2023-09-28 02:00:00,1,614E1550,0,,274.51,1,0,1
B032,2023-09-28 03:00:00,0,614H0033,0,,,1,0,0
B032,2023-09-28 03:00:00,1,614E1550,0,,274.51,1,0,1
B032,2023-09-28 04:00:00,0,614H0033,0,,,1,0,0
B032,2023-09-28 04:00:00,1,614E1550,0,,274.51,1,0,1
B032,2023-09-28 05:00:00,0,614H0033,0,,,1,0,0
B032,2023-09-28 05:00:00,1,614E1550,0,,274.51,1,0,1
B032,2023-09-28 06:00:00,0,614H0033,0,,,1,0,0
B032,2023-09-28 06:00:00,1,614E1550,0,,274.51,1,0,1
B032,2023-09-28 07:00:00,0,614H0033,0,,,1,0,0
B032,2023-09-28 07:00:00,1,614E1550,0,,274.51,1,0,1
B032,2023-09-28 08:00:00,0,614H0033,0,,,1,0,0
B032,2023-09-28 08:00:00,1,614E1550,0.00865024585,,274.51,1,0,1
B032,2023-09-28 09:00:00,0,614H0033,0,,,1,0,0
B032,2023-09-28 09:00:00,1,614E1550,0,,274.51,1,0,1
B032,2023-09-28 10:00:00,0,614H0033,0,,,1,0,0
B032,2023-09-28 10:00:00,1,614E1550,0,,274.5,1,0,1
B032,2023-09-28 11:00:00,0,614H0033,0,,,1,0,0
B032,2023-09-28 11:00:00,1,614E1550,0,,274.5,1,0,1
B032,2023-09-28 12:00:00,0,614H0033,0,,,1,0,0
B032,2023-09-28 12:00:00,1,614E1550,0,,274.5,1,0,1
B032,2023-09-28 13:00:00,0,614H0033,0,,,1,0,0
B032,2023-09-28 13:00:00,1,614E1550,0,,274.5,1,0,1
B032,2023-09-28 14:00:00,0,614H0033,0,,,1,0,0
B032,2023-09-28 14:00:00,1,614E1550,0,,274.5,1,0,1
B032,2023-09-28 15:00:00,0,614H0033,0,,,1,0,0
B032,2023-09-28 15:00:00,1,614E1550,0,,274.5,1,0,1
B032,2023-09-28 16:00:00,0,614H0033,0,,,1,0,0
B032,2023-09-28 16:00:00,1,614E1550,0,,274.5,1,0,1
B032,2023-09-28 17:00:00,0,614H0033,0,,,1,0,0
B032,2023-09-28 17:00:00,1,614E1550,0,,274.5,1,0,1
B032,2023-09-28 18:00:00,0,614H0033,0,,,1,0,0
B032,2023-09-28 18:00:00,1,614E1550,0,,274.5,1,0,1
B032,2023-09-28 19:00:00,0,614H0033,0,,,1,0,0
B032,2023-09-28 19:00:00,1,614E1550,0,,274.5,1,0,1
B032,2023-09-28 20:00:00,0,614H0033,0,,,1,0,0
B032,2023-09-28 20:00:00,1,614E1550,0,,274.5,1,0,1
B032,2023-09-28 21:00:00,0,614H0033,0,,,1,0,0
B032,2023-09-28 21:00:00,1,614E1550,0,,274.5,1,0,1
B032,2023-09-28 22:00:00,0,614H0033,0,,,1,0,0
B032,2023-09-28 22:00:00,1,614E1550,0,,274.5,1,0,1
B032,2023-09-28 23:00:00,0,614H0033,0,,,1,0,0
B032,2023-09-28 23:00:00,1,614E1550,0,,274.5,1,0,1
B032,2023-09-29 00:00:00,0,614H0033,0,,,1,0,0
B032,2023-09-29 00:00:00,1,614E1550,0,,274.5,1,0,1
B032,2023-09-29 01:00:00,0,614H0033,0,,,1,0,0
B032,2023-09-29 01:00:00,1,614E1550,0,,274.5,1,0,1
B032,2023-09-29 02:00:00,0,614H0033,0,,,1,0,0
B032,2023-09-29 02:00:00,1,614E1550,0,,274.5,1,0,1
B032,2023-09-29 03:00:00,0,614H0033,0,,,1,0,0
B032,2023-09-29 03:00:00,1,614E1550,0,,274.5,1,0,1
B032,2023-09-29 04:00:00,0,614H0033,0,,,1,0,0
B032,2023-09-29 04:00:00,1,614E1550,0,,274.5,1,0,1
B032,2023-09-29 05:00:00,0,614H0033,0,,,1,0,0
B032,2023-09-29 05:00:00,1,614E1550,0,,274.5,1,0,1
B032,2023-09-29 06:00:00,0,614H0033,0,,,1,0,0
B032,2023-09-29 06:00:00,1,614E1550,0,,274.5,1,0,1
B032,2023-09-29 07:00:00,0,614H0033,2.068876956,,,1,0,0
B032,2023-09-29 07:00:00,1,614E1550,3.618078094,,274.5,1,0,1
B032,2023-09-29 08:00:00,0,614H0033,0.2936768758,,,1,0,0
B032,2023-09-29 08:00:00,1,614E1550,2.640283292,,274.53,1,0,1
B032,2023-09-29 09:00:00,0,614H0033,0.1197892931,,,1,0,0
B032,2023-09-29 09:00:00,1,614E1550,0.09225202792,,274.53,1,0,1
B032,2023-09-29 10:00:00,0,614H0033,0.002704914484,,,1,0,0
B032,2023-09-29 10:00:00,1,614E1550,0.1154860685,,274.53,1,0,1
B032,2023-09-29 11:00:00,0,614H0033,0,,,1,0,0
B032,2023-09-29 11:00:00,1,614E1550,0.002318966015,,274.53,1,0,1
B032,2023-09-29 12:00:00,0,614H0033,0,,,1,0,0
B032,2023-09-29 12:00:00,1,614E1550,0.02388514174,,274.55,1,0,1
B032,2023-09-29 13:00:00,0,614H0033,0,,,1,0,0
B032,2023-09-29 13:00:00,1,614E1550,0,,274.56,1,0,1
B032,2023-09-29 14:00:00,0,614H0033,0,,,1,0,0
B032,2023-09-29 14:00:00,1,614E1550,0,,274.57,1,0,1
B032,2023-09-29 15:00:00,0,614H0033,0,,,1,0,0
B032,2023-09-29 15:00:00,1,614E1550,0,,274.57,1,0,1
B032,2023-09-29 16:00:00,0,614H0033,0,,,1,0,0
B032,2023-09-29 16:00:00,1,614E1550,0,,274.57,1,0,1
B032,2023-09-29 17:00:00,0,614H0033,0,,,1,0,0
B032,2023-09-29 17:00:00,1,614E1550,0,,274.57,1,0,1
B032,2023-09-29 18:00:00,0,614H0033,0,,,1,0,0
B032,2023-09-29 18:00:00,1,614E1550,0,,274.57,1,0,1
B032,2023-09-29 19:00:00,0,614H0033,0,,,1,0,0
B032,2023-09-29 19:00:00,1,614E1550,0,,274.56,1,0,1
B032,2023-09-29 20:00:00,0,614H0033,0,,,1,0,0
B032,2023-09-29 20:00:00,1,614E1550,0,,274.56,1,0,1
B032,2023-09-29 21:00:00,0,614H0033,0,,,1,0,0
B032,2023-09-29 21:00:00,1,614E1550,0,,274.56,1,0,1
B032,2023-09-29 22:00:00,0,614H0033,0,,,1,0,0
B032,2023-09-29 22:00:00,1,614E1550,0.00865024585,,274.55,1,0,1
B032,2023-09-29 23:00:00,0,614H0033,0,,,1,0,0
B032,2023-09-29 23:00:00,1,614E1550,0.0003992877158,,274.55,1,0,1
B032,2023-09-30 00:00:00,0,614H0033,0,,,1,0,0
B032,2023-09-30 00:00:00,1,614E1550,0,,274.55,1,0,1
B032,2023-09-30 01:00:00,0,614H0033,0,,,1,0,0
B032,2023-09-30 01:00:00,1,614E1550,0.00865024585,,274.55,1,0,1
B032,2023-09-30 02:00:00,0,614H0033,0,,,1,0,0
B032,2023-09-30 02:00:00,1,614E1550,0,,274.54,1,0,1
B032,2023-09-30 03:00:00,0,614H0033,0,,,1,0,0
B032,2023-09-30 03:00:00,1,614E1550,0,,274.54,1,0,1
B032,2023-09-30 04:00:00,0,614H0033,0.002704914484,,,1,0,0
B032,2023-09-30 04:00:00,1,614E1550,0.00916428803,,274.54,1,0,1
B032,2023-09-30 05:00:00,0,614H0033,0,,,1,0,0
B032,2023-09-30 05:00:00,1,614E1550,0,,274.54,1,0,1
B032,2023-09-30 06:00:00,0,614H0033,0,,,1,0,0
B032,2023-09-30 06:00:00,1,614E1550,0.06422291182,,274.53,1,0,1
B032,2023-09-30 07:00:00,0,614H0033,2.120270331,,,1,0,0
B032,2023-09-30 07:00:00,1,614E1550,4.308700926,,274.53,1,0,1
B032,2023-09-30 08:00:00,0,614H0033,2.854462521,,,1,0,0
B032,2023-09-30 08:00:00,1,614E1550,5.239684736,,274.56,1,0,1
B032,2023-09-30 09:00:00,0,614H0033,1.63222536,,,1,0,0
B032,2023-09-30 09:00:00,1,614E1550,2.612073853,,274.62,1,0,1
B032,2023-09-30 10:00:00,0,614H0033,0.1224942075,,,1,0,0
B032,2023-09-30 10:00:00,1,614E1550,0.06636067118,,274.65,1,0,1
B032,2023-09-30 11:00:00,0,614H0033,0,,,1,0,0
B032,2023-09-30 11:00:00,1,614E1550,0,,274.82,1,0,1
B032,2023-09-30 12:00:00,0,614H0033,0.005409828967,,,1,0,0
B032,2023-09-30 12:00:00,1,614E1550,0.1600928896,,274.95,1,0,1
B032,2023-09-30 13:00:00,0,614H0033,0.2341687572,,,1,0,0
B032,2023-09-30 13:00:00,1,614E1550,0.006071040179,,274.98,1,0,1
B032,2023-09-30 14:00:00,0,614H0033,0.005409828967,,,1,0,0
B032,2023-09-30 14:00:00,1,614E1550,0.01149668546,,274.93,1,0,1
B032,2023-09-30 15:00:00,0,614H0033,0,,,1,0,0
B032,2023-09-30 15:00:00,1,614E1550,0,,274.9,1,0,1
B032,2023-09-30 16:00:00,0,614H0033,0,,,1,0,0
B032,2023-09-30 16:00:00,1,614E1550,0,,274.86,1,0,1
B032,2023-09-30 17:00:00,0,614H0033,0,,,1,0,0
B032,2023-09-30 17:00:00,1,614E1550,0,,274.84,1,0,1
B032,2023-09-30 18:00:00,0,614H0033,0,,,1,0,0
B032,2023-09-30 18:00:00,1,614E1550,0,,274.82,1,0,1
B032,2023-09-30 19:00:00,0,614H0033,0,,,1,0,0
B032,2023-09-30 19:00:00,1,614E1550,0,,274.8,1,0,1
B032,2023-09-30 20:00:00,0,614H0033,0,,,1,0,0
B032,2023-09-30 20:00:00,1,614E1550,0,,274.79,1,0,1
B032,2023-09-30 21:00:00,0,614H0033,0,,,1,0,0
B032,2023-09-30 21:00:00,1,614E1550,0,,274.77,1,0,1
B032,2023-09-30 22:00:00,0,614H0033,0,,,1,0,0
B032,2023-09-30 22:00:00,1,614E1550,0,,274.76,1,0,1
B032,2023-09-30 23:00:00,0,614H0033,0,,,1,0,0
B032,2023-09-30 23:00:00,1,614E1550,0,,274.75,1,0,1
B032,2023-10-01 00:00:00,0,614H0033,0,,,1,0,0
B032,2023-10-01 00:00:00,1,614E1550,0,,274.74,1,0,1
B032,2023-10-01 01:00:00,0,614H0033,0,,,1,0,0
B032,2023-10-01 01:00:00,1,614E1550,0,,274.73,1,0,1
B032,2023-10-01 02:00:00,0,614H0033,0,,,1,0,0
B032,2023-10-01 02:00:00,1,614E1550,0,,274.72,1,0,1
B032,2023-10-01 03:00:00,0,614H0033,0,,,1,0,0
B032,2023-10-01 03:00:00,1,614E1550,0,,274.71,1,0,1
B032,2023-10-01 04:00:00,0,614H0033,0,,,1,0,0
B032,2023-10-01 04:00:00,1,614E1550,0,,274.7,1,0,1
B032,2023-10-01 05:00:00,0,614H0033,0,,,1,0,0
B032,2023-10-01 05:00:00,1,614E1550,0.03408518803,,274.69,1,0,1
B032,2023-10-01 06:00:00,0,614H0033,0,,,1,0,0
B032,2023-10-01 06:00:00,1,614E1550,0.03417874125,,274.68,1,0,1
B032,2023-10-01 07:00:00,0,614H0033,0.1197892931,,,1,0,0
B032,2023-10-01 07:00:00,1,614E1550,0.5623619334,,274.68,1,0,1
B032,2023-10-01 08:00:00,0,614H0033,0.6827988143,,,1,0,0
B032,2023-10-01 08:00:00,1,614E1550,0.5772704466,,274.67,1,0,1
B032,2023-10-01 09:00:00,0,614H0033,0.002704914484,,,1,0,0
B032,2023-10-01 09:00:00,1,614E1550,0.3303752806,,274.67,1,0,1
B032,2023-10-01 10:00:00,0,614H0033,0.002704914484,,,1,0,0
B032,2023-10-01 10:00:00,1,614E1550,0.05629094746,,274.67,1,0,1
B032,2023-10-01 11:00:00,0,614H0033,0.002704914484,,,1,0,0
B032,2023-10-01 11:00:00,1,614E1550,0.407183479,,274.66,1,0,1
B032,2023-10-01 12:00:00,0,614H0033,0.1197892931,,,1,0,0
B032,2023-10-01 12:00:00,1,614E1550,0.1567167615,,274.66,1,0,1
B032,2023-10-01 13:00:00,0,614H0033,0.008114743451,,,1,0,0
B032,2023-10-01 13:00:00,1,614E1550,0.02224826242,,274.66,1,0,1
B032,2023-10-01 14:00:00,0,614H0033,0.002704914484,,,1,0,0
B032,2023-10-01 14:00:00,1,614E1550,0.1824218325,,274.66,1,0,1
B032,2023-10-01 15:00:00,0,614H0033,0,,,1,0,0
B032,2023-10-01 15:00:00,1,614E1550,0.009049533566,,274.66,1,0,1
B032,2023-10-01 16:00:00,0,614H0033,0,,,1,0,0
B032,2023-10-01 16:00:00,1,614E1550,0,,274.66,1,0,1
B032,2023-10-01 17:00:00,0,614H0033,0,,,1,0,0
B032,2023-10-01 17:00:00,1,614E1550,0,,274.66,1,0,1
B032,2023-10-01 18:00:00,0,614H0033,0,,,1,0,0
B032,2023-10-01 18:00:00,1,614E1550,0,,274.65,1,0,1
B032,2023-10-01 19:00:00,0,614H0033,0,,,1,0,0
B032,2023-10-01 19:00:00,1,614E1550,0.0003992877158,,274.65,1,0,1
B032,2023-10-01 20:00:00,0,614H0033,0,,,1,0,0
B032,2023-10-01 20:00:00,1,614E1550,0.00865024585,,274.65,1,0,1
B032,2023-10-01 21:00:00,0,614H0033,0,,,1,0,0
B032,2023-10-01 21:00:00,1,614E1550,0.007683180218,,274.65,1,0,1
B032,2023-10-01 22:00:00,0,614H0033,0,,,1,0,0
B032,2023-10-01 22:00:00,1,614E1550,0,,274.64,1,0,1
B032,2023-10-01 23:00:00,0,614H0033,0,,,1,0,0
B032,2023-10-01 23:00:00,1,614E1550,0,,274.64,1,0,1
B032,2023-10-02 00:00:00,0,614H0033,0,,,1,0,0
B032,2023-10-02 00:00:00,1,614E1550,0.00865024585,,274.64,1,0,1
B032,2023-10-02 01:00:00,0,614H0033,0,,,1,0,0
B032,2023-10-02 01:00:00,1,614E1550,0,,274.64,1,0,1
B032,2023-10-02 02:00:00,0,614H0033,0,,,1,0,0
B032,2023-10-02 02:00:00,1,614E1550,0.03550425557,,274.63,1,0,1
B032,2023-10-02 03:00:00,0,614H0033,0,,,1,0,0
B032,2023-10-02 03:00:00,1,614E1550,0.009049533566,,274.63,1,0,1
B032,2023-10-02 04:00:00,0,614H0033,0,,,1,0,0
B032,2023-10-02 04:00:00,1,614E1550,0.009049533566,,274.63,1,0,1
B032,2023-10-02 05:00:00,0,614H0033,0,,,1,0,0
B032,2023-10-02 05:00:00,1,614E1550,0,,274.63,1,0,1
B032,2023-10-02 06:00:00,0,614H0033,0,,,1,0,0
B032,2023-10-02 06:00:00,1,614E1550,0.00865024585,,274.62,1,0,1
B032,2023-10-02 07:00:00,0,614H0033,0.1224942075,,,1,0,0
B032,2023-10-02 07:00:00,1,614E1550,1.394109656,,274.62,1,0,1
B032,2023-10-02 08:00:00,0,614H0033,0.1279040365,,,1,0,0
B032,2023-10-02 08:00:00,1,614E1550,0.09223416331,,274.62,1,0,1
B032,2023-10-02 09:00:00,0,614H0033,0,,,1,0,0
B032,2023-10-02 09:00:00,1,614E1550,0.04158492115,,274.62,1,0,1
B032,2023-10-02 10:00:00,0,614H0033,0,,,1,0,0
B032,2023-10-02 10:00:00,1,614E1550,0.02143781296,,274.62,1,0,1
B032,2023-10-02 11:00:00,0,614H0033,0,,,1,0,0
B032,2023-10-02 11:00:00,1,614E1550,0,,274.61,1,0,1
B032,2023-10-02 12:00:00,0,614H0033,0,,,1,0,0
B032,2023-10-02 12:00:00,1,614E1550,0.00865024585,,274.61,1,0,1
B032,2023-10-02 13:00:00,0,614H0033,0,,,1,0,0
B032,2023-10-02 13:00:00,1,614E1550,0,,274.61,1,0,1
B032,2023-10-02 14:00:00,0,614H0033,0,,,1,0,0
B032,2023-10-02 14:00:00,1,614E1550,0,,274.61,1,0,1
B032,2023-10-02 15:00:00,0,614H0033,0,,,1,0,0
B032,2023-10-02 15:00:00,1,614E1550,0,,274.61,1,0,1
B032,2023-11-01 18:00:00,0,614H0033,0,,,1,0,0
B032,2023-11-01 18:00:00,1,614E1550,0,,274.45,1,0,1
B032,2023-11-01 19:00:00,0,614H0033,0,,,1,0,0
B032,2023-11-01 19:00:00,1,614E1550,0,,274.44,1,0,1
B032,2023-11-01 20:00:00,0,614H0033,0,,,1,0,0
B032,2023-11-01 20:00:00,1,614E1550,0,,274.45,1,0,1
B032,2023-11-01 21:00:00,0,614H0033,0,,,1,0,0
B032,2023-11-01 21:00:00,1,614E1550,0,,274.46,1,0,1
B032,2023-11-01 22:00:00,0,614H0033,0,,,1,0,0
B032,2023-11-01 22:00:00,1,614E1550,0,,274.46,1,0,1
B032,2023-11-01 23:00:00,0,614H0033,0,,,1,0,0
B032,2023-11-01 23:00:00,1,614E1550,0,,274.46,1,0,1
B032,2023-11-02 00:00:00,0,614H0033,0,,,1,0,0
B032,2023-11-02 00:00:00,1,614E1550,0,,274.46,1,0,1
B032,2023-11-02 01:00:00,0,614H0033,0,,,1,0,0
B032,2023-11-02 01:00:00,1,614E1550,0,,274.45,1,0,1
B032,2023-11-02 02:00:00,0,614H0033,0,,,1,0,0
B032,2023-11-02 02:00:00,1,614E1550,0,,274.45,1,0,1
B032,2023-11-02 03:00:00,0,614H0033,0,,,1,0,0
B032,2023-11-02 03:00:00,1,614E1550,0,,274.45,1,0,1
B032,2023-11-02 04:00:00,0,614H0033,0,,,1,0,0
B032,2023-11-02 04:00:00,1,614E1550,0,,274.45,1,0,1
B032,2023-11-02 05:00:00,0,614H0033,0,,,1,0,0
B032,2023-11-02 05:00:00,1,614E1550,0,,274.45,1,0,1
B032,2023-11-02 06:00:00,0,614H0033,0,,,1,0,0
B032,2023-11-02 06:00:00,1,614E1550,0,,274.46,1,0,1
B032,2023-11-02 07:00:00,0,614H0033,0,,,1,0,0
B032,2023-11-02 07:00:00,1,614E1550,0,,274.46,1,0,1
B032,2023-11-02 08:00:00,0,614H0033,0,,,1,0,0
B032,2023-11-02 08:00:00,1,614E1550,0,,274.46,1,0,1
B032,2023-11-02 09:00:00,0,614H0033,0,,,1,0,0
B032,2023-11-02 09:00:00,1,614E1550,0,,274.47,1,0,1
B032,2023-11-02 10:00:00,0,614H0033,0,,,1,0,0
B032,2023-11-02 10:00:00,1,614E1550,0,,274.47,1,0,1
B032,2023-11-02 11:00:00,0,614H0033,0,,,1,0,0
B032,2023-11-02 11:00:00,1,614E1550,0,,274.47,1,0,1
B032,2023-11-02 12:00:00,0,614H0033,0,,,1,0,0
B032,2023-11-02 12:00:00,1,614E1550,0,,274.47,1,0,1
B032,2023-11-02 13:00:00,0,614H0033,0,,,1,0,0
B032,2023-11-02 13:00:00,1,614E1550,0,,274.47,1,0,1
B032,2023-11-02 14:00:00,0,614H0033,0,,,1,0,0
B032,2023-11-02 14:00:00,1,614E1550,0,,274.47,1,0,1
B032,2023-11-02 15:00:00,0,614H0033,0,,,1,0,0
B032,2023-11-02 15:00:00,1,614E1550,0,,274.47,1,0,1
B032,2023-11-02 16:00:00,0,614H0033,0,,,1,0,0
B032,2023-11-02 16:00:00,1,614E1550,0,,274.47,1,0,1
B032,2023-11-02 17:00:00,0,614H0033,0,,,1,0,0
B032,2023-11-02 17:00:00,1,614E1550,0,,274.46,1,0,1
B032,2023-11-02 18:00:00,0,614H0033,0,,,1,0,0
B032,2023-11-02 18:00:00,1,614E1550,0,,274.46,1,0,1
B032,2023-11-02 19:00:00,0,614H0033,0,,,1,0,0
B032,2023-11-02 19:00:00,1,614E1550,0,,274.46,1,0,1
B032,2023-11-02 20:00:00,0,614H0033,0,,,1,0,0
B032,2023-11-02 20:00:00,1,614E1550,0,,274.46,1,0,1
B032,2023-11-02 21:00:00,0,614H0033,0,,,1,0,0
B032,2023-11-02 21:00:00,1,614E1550,0,,274.46,1,0,1
B032,2023-11-02 22:00:00,0,614H0033,0,,,1,0,0
B032,2023-11-02 22:00:00,1,614E1550,0,,274.46,1,0,1
B032,2023-11-02 23:00:00,0,614H0033,0,,,1,0,0
B032,2023-11-02 23:00:00,1,614E1550,0,,274.46,1,0,1
B032,2023-11-03 00:00:00,0,614H0033,0,,,1,0,0
B032,2023-11-03 00:00:00,1,614E1550,0,,274.46,1,0,1
B032,2023-11-03 01:00:00,0,614H0033,0,,,1,0,0
B032,2023-11-03 01:00:00,1,614E1550,0,,274.46,1,0,1
B032,2023-11-03 02:00:00,0,614H0033,0,,,1,0,0
B032,2023-11-03 02:00:00,1,614E1550,0,,274.46,1,0,1
B032,2023-11-03 03:00:00,0,614H0033,0,,,1,0,0
B032,2023-11-03 03:00:00,1,614E1550,0,,274.46,1,0,1
B032,2023-11-03 04:00:00,0,614H0033,0,,,1,0,0
B032,2023-11-03 04:00:00,1,614E1550,0,,274.46,1,0,1
B032,2023-11-03 05:00:00,0,614H0033,0,,,1,0,0
B032,2023-11-03 05:00:00,1,614E1550,0,,274.46,1,0,1
B032,2023-11-03 06:00:00,0,614H0033,0,,,1,0,0
B032,2023-11-03 06:00:00,1,614E1550,0,,274.46,1,0,1
B032,2023-11-03 07:00:00,0,614H0033,0,,,1,0,0
B032,2023-11-03 07:00:00,1,614E1550,0,,274.46,1,0,1
B032,2023-11-03 08:00:00,0,614H0033,0,,,1,0,0
B032,2023-11-03 08:00:00,1,614E1550,0,,274.46,1,0,1
B032,2023-11-03 09:00:00,0,614H0033,0,,,1,0,0
B032,2023-11-03 09:00:00,1,614E1550,0,,274.46,1,0,1
B032,2023-11-03 10:00:00,0,614H0033,0,,,1,0,0
B032,2023-11-03 10:00:00,1,614E1550,0,,274.46,1,0,1
B032,2023-11-03 11:00:00,0,614H0033,0,,,1,0,0
B032,2023-11-03 11:00:00,1,614E1550,0,,274.46,1,0,1
B032,2023-11-03 12:00:00,0,614H0033,0,,,1,0,0
B032,2023-11-03 12:00:00,1,614E1550,0,,274.45,1,0,1
B032,2023-11-03 13:00:00,0,614H0033,0,,,1,0,0
B032,2023-11-03 13:00:00,1,614E1550,0,,274.45,1,0,1
B032,2023-11-03 14:00:00,0,614H0033,0,,,1,0,0
B032,2023-11-03 14:00:00,1,614E1550,0,,274.45,1,0,1
B032,2023-11-03 15:00:00,0,614H0033,0,,,1,0,0
B032,2023-11-03 15:00:00,1,614E1550,0,,274.45,1,0,1
B032,2023-11-03 16:00:00,0,614H0033,0,,,1,0,0
B032,2023-11-03 16:00:00,1,614E1550,0,,274.45,1,0,1
B032,2023-11-03 17:00:00,0,614H0033,0,,,1,0,0
B032,2023-11-03 17:00:00,1,614E1550,0,,274.45,1,0,1
B032,2023-11-03 18:00:00,0,614H0033,0,,,1,0,0
B032,2023-11-03 18:00:00,1,614E1550,0.0007985754317,,274.45,1,0,1
B032,2023-11-03 19:00:00,0,614H0033,0,,,1,0,0
B032,2023-11-03 19:00:00,1,614E1550,0.1440939685,,274.45,1,0,1
B032,2023-11-03 20:00:00,0,614H0033,0,,,1,0,0
B032,2023-11-03 20:00:00,1,614E1550,2.632102682,,274.45,1,0,1
B032,2023-11-03 21:00:00,0,614H0033,0.7647193046,,,1,0,0
B032,2023-11-03 21:00:00,1,614E1550,6.235705182,,274.45,1,0,1
B032,2023-11-03 22:00:00,0,614H0033,1.774427024,,,1,0,0
B032,2023-11-03 22:00:00,1,614E1550,4.872342495,,274.46,1,0,1
B032,2023-11-03 23:00:00,0,614H0033,2.824708461,,,1,0,0
B032,2023-11-03 23:00:00,1,614E1550,4.647663658,,274.49,1,0,1
B032,2023-11-04 00:00:00,0,614H0033,3.10215585,,,1,0,0
B032,2023-11-04 00:00:00,1,614E1550,2.35947804,,274.52,1,0,1
B032,2023-11-04 01:00:00,0,614H0033,0.2531031585,,,1,0,0
B032,2023-11-04 01:00:00,1,614E1550,0.3855765436,,274.54,1,0,1
B032,2023-11-04 02:00:00,0,614H0033,0,,,1,0,0
B032,2023-11-04 02:00:00,1,614E1550,0.03837224371,,274.6,1,0,1
B032,2023-11-04 03:00:00,0,614H0033,0,,,1,0,0
B032,2023-11-04 03:00:00,1,614E1550,0.0104686011,,274.7,1,0,1
B032,2023-11-04 04:00:00,0,614H0033,0,,,1,0,0
B032,2023-11-04 04:00:00,1,614E1550,0.01037458691,,274.83,1,0,1
B032,2023-11-04 05:00:00,0,614H0033,0.002704914484,,,1,0,0
B032,2023-11-04 05:00:00,1,614E1550,0.00916428803,,274.83,1,0,1
B032,2023-11-04 06:00:00,0,614H0033,0,,,1,0,0
B032,2023-11-04 06:00:00,1,614E1550,0,,274.81,1,0,1
B032,2023-11-04 07:00:00,0,614H0033,7.961737743,,,1,0,0
B032,2023-11-04 07:00:00,1,614E1550,3.851009452,,274.78,1,0,1
B032,2023-11-04 08:00:00,0,614H0033,0,,,1,0,0
B032,2023-11-04 08:00:00,1,614E1550,0,,274.76,1,0,1
B032,2023-11-04 09:00:00,0,614H0033,0,,,1,0,0
B032,2023-11-04 09:00:00,1,614E1550,0,,,1,0,0
B032,2023-11-04 10:00:00,0,614H0033,0,,,1,0,0
B032,2023-11-04 10:00:00,1,614E1550,0,,274.73,1,0,1
B032,2023-11-04 11:00:00,0,614H0033,0,,,1,0,0
B032,2023-11-04 11:00:00,1,614E1550,0,,274.71,1,0,1
B032,2023-11-04 12:00:00,0,614H0033,0,,,1,0,0
B032,2023-11-04 12:00:00,1,614E1550,0,,274.69,1,0,1
B032,2023-11-04 13:00:00,0,614H0033,0,,,1,0,0
B032,2023-11-04 13:00:00,1,614E1550,0,,274.68,1,0,1
B032,2023-11-04 14:00:00,0,614H0033,0,,,1,0,0
B032,2023-11-04 14:00:00,1,614E1550,0,,274.67,1,0,1
B032,2023-11-04 15:00:00,0,614H0033,0,,,1,0,0
B032,2023-11-04 15:00:00,1,614E1550,0.02751627462,,274.66,1,0,1
B032,2023-11-04 16:00:00,0,614H0033,0,,,1,0,0
B032,2023-11-04 16:00:00,1,614E1550,0,,274.65,1,0,1
B032,2023-11-04 17:00:00,0,614H0033,0,,,1,0,0
B032,2023-11-04 17:00:00,1,614E1550,0,,274.64,1,0,1
B032,2023-11-04 18:00:00,0,614H0033,0,,,1,0,0
B032,2023-11-04 18:00:00,1,614E1550,0,,274.63,1,0,1
B032,2023-11-04 19:00:00,0,614H0033,0,,,1,0,0
B032,2023-11-04 19:00:00,1,614E1550,0,,274.62,1,0,1
B032,2023-11-04 20:00:00,0,614H0033,0,,,1,0,0
B032,2023-11-04 20:00:00,1,614E1550,0,,274.62,1,0,1
B032,2023-11-04 21:00:00,0,614H0033,0,,,1,0,0
B032,2023-11-04 21:00:00,1,614E1550,0,,274.61,1,0,1
B032,2023-11-04 22:00:00,0,614H0033,0,,,1,0,0
B032,2023-11-04 22:00:00,1,614E1550,0,,274.61,1,0,1
B032,2023-11-04 23:00:00,0,614H0033,0,,,1,0,0
B032,2023-11-04 23:00:00,1,614E1550,0,,274.6,1,0,1
B032,2023-11-05 00:00:00,0,614H0033,0,,,1,0,0
B032,2023-11-05 00:00:00,1,614E1550,0,,274.6,1,0,1
B032,2023-11-05 01:00:00,0,614H0033,0,,,1,0,0
B032,2023-11-05 01:00:00,1,614E1550,0,,274.59,1,0,1
B032,2023-11-05 02:00:00,0,614H0033,0,,,1,0,0
B032,2023-11-05 02:00:00,1,614E1550,0,,274.59,1,0,1
B032,2023-11-05 03:00:00,0,614H0033,0,,,1,0,0
B032,2023-11-05 03:00:00,1,614E1550,0,,274.59,1,0,1
B032,2023-11-05 04:00:00,0,614H0033,0,,,1,0,0
B032,2023-11-05 04:00:00,1,614E1550,0,,274.58,1,0,1
B032,2023-11-05 05:00:00,0,614H0033,0,,,1,0,0
B032,2023-11-05 05:00:00,1,614E1550,0,,274.58,1,0,1
B032,2023-11-05 06:00:00,0,614H0033,0,,,1,0,0
B032,2023-11-05 06:00:00,1,614E1550,0,,274.58,1,0,1
B032,2023-11-05 07:00:00,0,614H0033,0,,,1,0,0
B032,2023-11-05 07:00:00,1,614E1550,0.08048360448,,274.58,1,0,1
B032,2023-11-05 08:00:00,0,614H0033,0.3810071951,,,1,0,0
B032,2023-11-05 08:00:00,1,614E1550,0.1642135783,,274.57,1,0,1
B032,2023-11-05 09:00:00,0,614H0033,0.002704914484,,,1,0,0
B032,2023-11-05 09:00:00,1,614E1550,0.1955235927,,274.57,1,0,1
B032,2023-11-05 10:00:00,0,614H0033,0,,,1,0,0
B032,2023-11-05 10:00:00,1,614E1550,0.002318966015,,274.57,1,0,1
B032,2023-11-05 11:00:00,0,614H0033,0,,,1,0,0
B032,2023-11-05 11:00:00,1,614E1550,0.01096921187,,274.57,1,0,1
B032,2023-11-05 12:00:00,0,614H0033,0,,,1,0,0
B032,2023-11-05 12:00:00,1,614E1550,0,,274.57,1,0,1
B032,2023-11-05 13:00:00,0,614H0033,0,,,1,0,0
B032,2023-11-05 13:00:00,1,614E1550,0,,274.56,1,0,1
B032,2023-11-05 14:00:00,0,614H0033,0,,,1,0,0
B032,2023-11-05 14:00:00,1,614E1550,0,,274.56,1,0,1
B032,2023-11-05 15:00:00,0,614H0033,0,,,1,0,0
B032,2023-11-05 15:00:00,1,614E1550,0,,274.56,1,0,1
B032,2023-11-05 16:00:00,0,614H0033,0,,,1,0,0
B032,2023-11-05 16:00:00,1,614E1550,0,,274.56,1,0,1
B032,2023-11-05 17:00:00,0,614H0033,0,,,1,0,0
B032,2023-11-05 17:00:00,1,614E1550,0,,274.55,1,0,1
B032,2023-11-05 18:00:00,0,614H0033,0,,,1,0,0
B032,2023-11-05 18:00:00,1,614E1550,0,,274.55,1,0,1
B032,2023-11-05 19:00:00,0,614H0033,0.005409828967,,,1,0,0
B032,2023-11-05 19:00:00,1,614E1550,0.1803390938,,274.55,1,0,1
B032,2023-11-05 20:00:00,0,614H0033,0,,,1,0,0
B032,2023-11-05 20:00:00,1,614E1550,0.00865024585,,274.55,1,0,1
B032,2023-11-05 21:00:00,0,614H0033,0,,,1,0,0
B032,2023-11-05 21:00:00,1,614E1550,0,,274.55,1,0,1
B032,2023-11-05 22:00:00,0,614H0033,0,,,1,0,0
B032,2023-11-05 22:00:00,1,614E1550,0,,274.54,1,0,1
B032,2023-11-05 23:00:00,0,614H0033,0,,,1,0,0
B032,2023-11-05 23:00:00,1,614E1550,0,,274.54,1,0,1
B032,2023-11-06 00:00:00,0,614H0033,0,,,1,0,0
B032,2023-11-06 00:00:00,1,614E1550,0,,274.54,1,0,1
B032,2023-11-06 01:00:00,0,614H0033,0,,,1,0,0
B032,2023-11-06 01:00:00,1,614E1550,0,,274.54,1,0,1
B032,2023-11-06 02:00:00,0,614H0033,0,,,1,0,0
B032,2023-11-06 02:00:00,1,614E1550,0.00865024585,,274.54,1,0,1
B032,2023-11-06 03:00:00,0,614H0033,0,,,1,0,0
B032,2023-11-06 03:00:00,1,614E1550,0,,274.54,1,0,1
B032,2023-11-06 04:00:00,0,614H0033,0,,,1,0,0
B032,2023-11-06 04:00:00,1,614E1550,0,,274.53,1,0,1
B032,2023-11-06 05:00:00,0,614H0033,0,,,1,0,0
B032,2023-11-06 05:00:00,1,614E1550,0,,274.53,1,0,1
B032,2023-11-06 06:00:00,0,614H0033,0,,,1,0,0
B032,2023-11-06 06:00:00,1,614E1550,0,,274.53,1,0,1
B032,2023-11-06 07:00:00,0,614H0033,0.3891219385,,,1,0,0
B032,2023-11-06 07:00:00,1,614E1550,0.3195721391,,274.53,1,0,1
B032,2023-11-06 08:00:00,0,614H0033,0,,,1,0,0
B032,2023-11-06 08:00:00,1,614E1550,0,,274.53,1,0,1
B032,2024-03-25 18:00:00,0,614H0033,0,,,1,0,0
B032,2024-03-25 18:00:00,1,614E1550,0,,274.76,1,0,1
B032,2024-03-25 19:00:00,0,614H0033,0,,,1,0,0
B032,2024-03-25 19:00:00,1,614E1550,0,,,1,0,0
B032,2024-03-25 20:00:00,0,614H0033,0,,,1,0,0
B032,2024-03-25 20:00:00,1,614E1550,0,,274.75,1,0,1
B032,2024-03-25 21:00:00,0,614H0033,0,,,1,0,0
B032,2024-03-25 21:00:00,1,614E1550,0,,274.75,1,0,1
B032,2024-03-25 22:00:00,0,614H0033,0,,,1,0,0
B032,2024-03-25 22:00:00,1,614E1550,0,,274.75,1,0,1
B032,2024-03-25 23:00:00,0,614H0033,0,,,1,0,0
B032,2024-03-25 23:00:00,1,614E1550,0,,274.75,1,0,1
B032,2024-03-26 00:00:00,0,614H0033,0,,,1,0,0
B032,2024-03-26 00:00:00,1,614E1550,0,,274.76,1,0,1
B032,2024-03-26 01:00:00,0,614H0033,0,,,1,0,0
B032,2024-03-26 01:00:00,1,614E1550,0,,274.76,1,0,1
B032,2024-03-26 02:00:00,0,614H0033,0,,,1,0,0
B032,2024-03-26 02:00:00,1,614E1550,0,,274.76,1,0,1
B032,2024-03-26 03:00:00,0,614H0033,0,,,1,0,0
B032,2024-03-26 03:00:00,1,614E1550,0,,274.76,1,0,1
B032,2024-03-26 04:00:00,0,614H0033,0,,,1,0,0
B032,2024-03-26 04:00:00,1,614E1550,0,,274.77,1,0,1
B032,2024-03-26 05:00:00,0,614H0033,0,,,1,0,0
B032,2024-03-26 05:00:00,1,614E1550,0,,274.77,1,0,1
B032,2024-03-26 06:00:00,0,614H0033,0,,,1,0,0
B032,2024-03-26 06:00:00,1,614E1550,0,,274.77,1,0,1
B032,2024-03-26 07:00:00,0,614H0033,0.7025062715,,,1,0,0
B032,2024-03-26 07:00:00,1,614E1550,0.1473293942,,274.77,1,0,1
B032,2024-03-26 08:00:00,0,614H0033,0,,,1,0,0
B032,2024-03-26 08:00:00,1,614E1550,0,,274.77,1,0,1
B032,2024-03-26 09:00:00,0,614H0033,0,,,1,0,0
B032,2024-03-26 09:00:00,1,614E1550,0,,274.78,1,0,1
B032,2024-03-26 10:00:00,0,614H0033,0,,,1,0,0
B032,2024-03-26 10:00:00,1,614E1550,0,,274.74,1,0,1
B032,2024-03-26 11:00:00,0,614H0033,0,,,1,0,0
B032,2024-03-26 11:00:00,1,614E1550,0,,274.73,1,0,1
B032,2024-03-26 12:00:00,0,614H0033,0,,,1,0,0
B032,2024-03-26 12:00:00,1,614E1550,0,,274.74,1,0,1
B032,2024-03-26 13:00:00,0,614H0033,0,,,1,0,0
B032,2024-03-26 13:00:00,1,614E1550,0.0939586499,,274.74,1,0,1
B032,2024-03-26 14:00:00,0,614H0033,0,,,1,0,0
B032,2024-03-26 14:00:00,1,614E1550,0.07464448425,,274.74,1,0,1
B032,2024-03-26 15:00:00,0,614H0033,0,,,1,0,0
B032,2024-03-26 15:00:00,1,614E1550,0,,274.74,1,0,1
B032,2024-03-26 16:00:00,0,614H0033,0,,,1,0,0
B032,2024-03-26 16:00:00,1,614E1550,0,,274.74,1,0,1
B032,2024-03-26 17:00:00,0,614H0033,0,,,1,0,0
B032,2024-03-26 17:00:00,1,614E1550,0,,274.75,1,0,1
B032,2024-03-26 18:00:00,0,614H0033,0,,,1,0,0
B032,2024-03-26 18:00:00,1,614E1550,0,,274.75,1,0,1
B032,2024-03-26 19:00:00,0,614H0033,0,,,1,0,0
B032,2024-03-26 19:00:00,1,614E1550,0,,274.75,1,0,1
B032,2024-03-26 20:00:00,0,614H0033,0,,,1,0,0
B032,2024-03-26 20:00:00,1,614E1550,0,,274.75,1,0,1
B032,2024-03-26 21:00:00,0,614H0033,0,,,1,0,0
B032,2024-03-26 21:00:00,1,614E1550,0,,274.75,1,0,1
B032,2024-03-26 22:00:00,0,614H0033,0,,,1,0,0
B032,2024-03-26 22:00:00,1,614E1550,0,,274.75,1,0,1
B032,2024-03-26 23:00:00,0,614H0033,0,,,1,0,0
B032,2024-03-26 23:00:00,1,614E1550,0,,274.75,1,0,1
B032,2024-03-27 00:00:00,0,614H0033,0,,,1,0,0
B032,2024-03-27 00:00:00,1,614E1550,0,,274.75,1,0,1
B032,2024-03-27 01:00:00,0,614H0033,0,,,1,0,0
B032,2024-03-27 01:00:00,1,614E1550,0,,274.76,1,0,1
B032,2024-03-27 02:00:00,0,614H0033,0,,,1,0,0
B032,2024-03-27 02:00:00,1,614E1550,0,,274.76,1,0,1
B032,2024-03-27 03:00:00,0,614H0033,0,,,1,0,0
B032,2024-03-27 03:00:00,1,614E1550,0,,274.76,1,0,1
B032,2024-03-27 04:00:00,0,614H0033,0,,,1,0,0
B032,2024-03-27 04:00:00,1,614E1550,0,,274.76,1,0,1
B032,2024-03-27 05:00:00,0,614H0033,0,,,1,0,0
B032,2024-03-27 05:00:00,1,614E1550,0,,274.76,1,0,1
B032,2024-03-27 06:00:00,0,614H0033,0,,,1,0,0
B032,2024-03-27 06:00:00,1,614E1550,0,,274.76,1,0,1
B032,2024-03-27 07:00:00,0,614H0033,0,,,1,0,0
B032,2024-03-27 07:00:00,1,614E1550,0.0430387579,,274.77,1,0,1
B032,2024-03-27 08:00:00,0,614H0033,0,,,1,0,0
B032,2024-03-27 08:00:00,1,614E1550,0,,274.77,1,0,1
B032,2024-03-27 09:00:00,0,614H0033,0,,,1,0,0
B032,2024-03-27 09:00:00,1,614E1550,0,,274.77,1,0,1
B032,2024-03-27 10:00:00,0,614H0033,0,,,1,0,0
B032,2024-03-27 10:00:00,1,614E1550,0,,274.77,1,0,1
B032,2024-03-27 11:00:00,0,614H0033,0,,,1,0,0
B032,2024-03-27 11:00:00,1,614E1550,0,,274.77,1,0,1
B032,2024-03-27 12:00:00,0,614H0033,0,,,1,0,0
B032,2024-03-27 12:00:00,1,614E1550,0,,274.77,1,0,1
B032,2024-03-27 13:00:00,0,614H0033,0,,,1,0,0
B032,2024-03-27 13:00:00,1,614E1550,0,,274.77,1,0,1
B032,2024-03-27 14:00:00,0,614H0033,0,,,1,0,0
B032,2024-03-27 14:00:00,1,614E1550,0,,274.77,1,0,1
B032,2024-03-27 15:00:00,0,614H0033,0,,,1,0,0
B032,2024-03-27 15:00:00,1,614E1550,0,,274.77,1,0,1
B032,2024-03-27 16:00:00,0,614H0033,0,,,1,0,0
B032,2024-03-27 16:00:00,1,614E1550,0,,274.77,1,0,1
B032,2024-03-27 17:00:00,0,614H0033,0,,,1,0,0
B032,2024-03-27 17:00:00,1,614E1550,0,,274.77,1,0,1
B032,2024-03-27 18:00:00,0,614H0033,0.1170843786,,,1,0,0
B032,2024-03-27 18:00:00,1,614E1550,0.06795170928,,274.77,1,0,1
B032,2024-03-27 19:00:00,0,614H0033,0.3512531357,,,1,0,0
B032,2024-03-27 19:00:00,1,614E1550,2.5597047,,274.77,1,0,1
B032,2024-03-27 20:00:00,0,614H0033,2.927109464,,,1,0,0
B032,2024-03-27 20:00:00,1,614E1550,2.003064536,,274.77,1,0,1
B032,2024-03-27 21:00:00,0,614H0033,0.81959065,,,1,0,0
B032,2024-03-27 21:00:00,1,614E1550,0.6127164689,,274.72,1,0,1
B032,2024-03-27 22:00:00,0,614H0033,0.3512531357,,,1,0,0
B032,2024-03-27 22:00:00,1,614E1550,0.1791300812,,274.69,1,0,1
B032,2024-03-27 23:00:00,0,614H0033,0.3512531357,,,1,0,0
B032,2024-03-27 23:00:00,1,614E1550,0.2425661,,274.91,1,0,1
B032,2024-03-28 00:00:00,0,614H0033,0,,,1,0,0
B032,2024-03-28 00:00:00,1,614E1550,0.01165660232,,275.11,1,0,1
B032,2024-03-28 01:00:00,0,614H0033,0.1170843786,,,1,0,0
B032,2024-03-28 01:00:00,1,614E1550,0.024976968,,275.05,1,0,1
B032,2024-03-28 02:00:00,0,614H0033,0,,,1,0,0
B032,2024-03-28 02:00:00,1,614E1550,0.005575663506,,275.03,1,0,1
B032,2024-03-28 03:00:00,0,614H0033,0,,,1,0,0
B032,2024-03-28 03:00:00,1,614E1550,0,,275.03,1,0,1
B032,2024-03-28 04:00:00,0,614H0033,0,,,1,0,0
B032,2024-03-28 04:00:00,1,614E1550,0,,275.02,1,0,1
B032,2024-03-28 05:00:00,0,614H0033,0,,,1,0,0
B032,2024-03-28 05:00:00,1,614E1550,0,,275.03,1,0,1
B032,2024-03-28 06:00:00,0,614H0033,0,,,1,0,0
B032,2024-03-28 06:00:00,1,614E1550,0,,275.04,1,0,1
B032,2024-03-28 07:00:00,0,614H0033,5.034628279,,,1,0,0
B032,2024-03-28 07:00:00,1,614E1550,1.188809595,,275.05,1,0,1
B032,2024-03-28 08:00:00,0,614H0033,0,,,1,0,0
B032,2024-03-28 08:00:00,1,614E1550,0,,275.06,1,0,1
B032,2024-03-28 09:00:00,0,614H0033,0,,,1,0,0
B032,2024-03-28 09:00:00,1,614E1550,0,,275.09,1,0,1
B032,2024-03-28 10:00:00,0,614H0033,0,,,1,0,0
B032,2024-03-28 10:00:00,1,614E1550,0,,275.11,1,0,1
B032,2024-03-28 11:00:00,0,614H0033,0,,,1,0,0
B032,2024-03-28 11:00:00,1,614E1550,0,,274.81,1,0,1
B032,2024-03-28 12:00:00,0,614H0033,0,,,1,0,0
B032,2024-03-28 12:00:00,1,614E1550,0,,274.81,1,0,1
B032,2024-03-28 13:00:00,0,614H0033,0,,,1,0,0
B032,2024-03-28 13:00:00,1,614E1550,0,,274.82,1,0,1
B032,2024-03-28 14:00:00,0,614H0033,0,,,1,0,0
B032,2024-03-28 14:00:00,1,614E1550,0,,274.83,1,0,1
B032,2024-03-28 15:00:00,0,614H0033,0,,,1,0,0
B032,2024-03-28 15:00:00,1,614E1550,0,,274.84,1,0,1
B032,2024-03-28 16:00:00,0,614H0033,0,,,1,0,0
B032,2024-03-28 16:00:00,1,614E1550,0,,274.85,1,0,1
B032,2024-03-28 17:00:00,0,614H0033,0,,,1,0,0
B032,2024-03-28 17:00:00,1,614E1550,0,,274.86,1,0,1
B032,2024-03-28 18:00:00,0,614H0033,0,,,1,0,0
B032,2024-03-28 18:00:00,1,614E1550,0,,274.87,1,0,1
B032,2024-03-28 19:00:00,0,614H0033,0,,,1,0,0
B032,2024-03-28 19:00:00,1,614E1550,0,,274.88,1,0,1
B032,2024-03-28 20:00:00,0,614H0033,0,,,1,0,0
B032,2024-03-28 20:00:00,1,614E1550,0,,274.89,1,0,1
B032,2024-03-28 21:00:00,0,614H0033,0,,,1,0,0
B032,2024-03-28 21:00:00,1,614E1550,0,,274.9,1,0,1
B032,2024-03-28 22:00:00,0,614H0033,0,,,1,0,0
B032,2024-03-28 22:00:00,1,614E1550,0,,274.9,1,0,1
B032,2024-03-28 23:00:00,0,614H0033,0,,,1,0,0
B032,2024-03-28 23:00:00,1,614E1550,0,,274.91,1,0,1
B032,2024-03-29 00:00:00,0,614H0033,0,,,1,0,0
B032,2024-03-29 00:00:00,1,614E1550,0,,274.91,1,0,1
B032,2024-03-29 01:00:00,0,614H0033,0,,,1,0,0
B032,2024-03-29 01:00:00,1,614E1550,0,,274.92,1,0,1
B032,2024-03-29 02:00:00,0,614H0033,0,,,1,0,0
B032,2024-03-29 02:00:00,1,614E1550,0,,274.93,1,0,1
B032,2024-03-29 03:00:00,0,614H0033,0,,,1,0,0
B032,2024-03-29 03:00:00,1,614E1550,0,,274.93,1,0,1
B032,2024-03-29 04:00:00,0,614H0033,0,,,1,0,0
B032,2024-03-29 04:00:00,1,614E1550,0,,274.94,1,0,1
B032,2024-03-29 05:00:00,0,614H0033,0,,,1,0,0
B032,2024-03-29 05:00:00,1,614E1550,0,,274.94,1,0,1
B032,2024-03-29 06:00:00,0,614H0033,0,,,1,0,0
B032,2024-03-29 06:00:00,1,614E1550,0,,274.94,1,0,1
B032,2024-03-29 07:00:00,0,614H0033,0,,,1,0,0
B032,2024-03-29 07:00:00,1,614E1550,0,,274.95,1,0,1
B032,2024-03-29 08:00:00,0,614H0033,0,,,1,0,0
B032,2024-03-29 08:00:00,1,614E1550,0,,274.64,1,0,1
B032,2024-03-29 09:00:00,0,614H0033,0,,,1,0,0
B032,2024-03-29 09:00:00,1,614E1550,0,,274.64,1,0,1
B032,2024-03-29 10:00:00,0,614H0033,0,,,1,0,0
B032,2024-03-29 10:00:00,1,614E1550,0,,274.65,1,0,1
B032,2024-03-29 11:00:00,0,614H0033,0,,,1,0,0
B032,2024-03-29 11:00:00,1,614E1550,0,,274.66,1,0,1
B032,2024-03-29 12:00:00,0,614H0033,0,,,1,0,0
B032,2024-03-29 12:00:00,1,614E1550,0.02388514174,,274.66,1,0,1
B032,2024-03-29 13:00:00,0,614H0033,0,,,1,0,0
B032,2024-03-29 13:00:00,1,614E1550,0,,274.66,1,0,1
B032,2024-03-29 14:00:00,0,614H0033,0,,,1,0,0
B032,2024-03-29 14:00:00,1,614E1550,0,,274.67,1,0,1
B032,2024-03-29 15:00:00,0,614H0033,0,,,1,0,0
B032,2024-03-29 15:00:00,1,614E1550,0.05007130894,,274.67,1,0,1
B032,2024-03-29 16:00:00,0,614H0033,0,,,1,0,0
B032,2024-03-29 16:00:00,1,614E1550,0.02503565447,,274.68,1,0,1
B032,2024-03-29 17:00:00,0,614H0033,0,,,1,0,0
B032,2024-03-29 17:00:00,1,614E1550,0,,274.68,1,0,1
B032,2024-03-29 18:00:00,0,614H0033,0,,,1,0,0
B032,2024-03-29 18:00:00,1,614E1550,0,,274.69,1,0,1
B032,2024-03-29 19:00:00,0,614H0033,0,,,1,0,0
B032,2024-03-29 19:00:00,1,614E1550,0,,274.69,1,0,1
B032,2024-03-29 20:00:00,0,614H0033,0,,,1,0,0
B032,2024-03-29 20:00:00,1,614E1550,0,,274.69,1,0,1
B032,2024-03-29 21:00:00,0,614H0033,0,,,1,0,0
B032,2024-03-29 21:00:00,1,614E1550,0,,274.7,1,0,1
B032,2024-03-29 22:00:00,0,614H0033,0,,,1,0,0
B032,2024-03-29 22:00:00,1,614E1550,0,,274.7,1,0,1
B032,2024-03-29 23:00:00,0,614H0033,0,,,1,0,0
B032,2024-03-29 23:00:00,1,614E1550,0,,274.7,1,0,1
B032,2024-03-30 00:00:00,0,614H0033,0,,,1,0,0
B032,2024-03-30 00:00:00,1,614E1550,0,,274.7,1,0,1
B032,2024-03-30 01:00:00,0,614H0033,0,,,1,0,0
B032,2024-03-30 01:00:00,1,614E1550,0,,274.71,1,0,1
B032,2024-03-30 02:00:00,0,614H0033,0,,,1,0,0
B032,2024-03-30 02:00:00,1,614E1550,0,,274.71,1,0,1
B032,2024-03-30 03:00:00,0,614H0033,0,,,1,0,0
B032,2024-03-30 03:00:00,1,614E1550,0,,274.71,1,0,1
B032,2024-03-30 04:00:00,0,614H0033,0,,,1,0,0
B032,2024-03-30 04:00:00,1,614E1550,0,,274.72,1,0,1
B032,2024-03-30 05:00:00,0,614H0033,0,,,1,0,0
B032,2024-03-30 05:00:00,1,614E1550,0,,274.72,1,0,1
B032,2024-03-30 06:00:00,0,614H0033,0,,,1,0,0
B032,2024-03-30 06:00:00,1,614E1550,0,,274.72,1,0,1
B032,2024-03-30 07:00:00,0,614H0033,0,,,1,0,0
B032,2024-03-30 07:00:00,1,614E1550,0.09899210514,,274.72,1,0,1
B032,2024-03-30 08:00:00,0,614H0033,0,,,1,0,0
B032,2024-03-30 08:00:00,1,614E1550,0,,274.73,1,0,1
B032,2024-03-30 09:00:00,0,614H0033,0,,,1,0,0
B032,2024-03-30 09:00:00,1,614E1550,0,,274.73,1,0,1
B032,2024-03-30 10:00:00,0,614H0033,0,,,1,0,0
B032,2024-03-30 10:00:00,1,614E1550,0,,274.73,1,0,1
B032,2024-03-30 11:00:00,0,614H0033,0,,,1,0,0
B032,2024-03-30 11:00:00,1,614E1550,0,,274.73,1,0,1
B032,2024-03-30 12:00:00,0,614H0033,0,,,1,0,0
B032,2024-03-30 12:00:00,1,614E1550,0,,274.74,1,0,1
B032,2024-03-30 13:00:00,0,614H0033,0,,,1,0,0
B032,2024-03-30 13:00:00,1,614E1550,0,,274.74,1,0,1
B032,2024-03-30 14:00:00,0,614H0033,0,,,1,0,0
B032,2024-03-30 14:00:00,1,614E1550,0,,274.74,1,0,1
B032,2024-03-30 15:00:00,0,614H0033,0,,,1,0,0
B032,2024-03-30 15:00:00,1,614E1550,0,,274.74,1,0,1
B032,2024-03-30 16:00:00,0,614H0033,0,,,1,0,0
B032,2024-03-30 16:00:00,1,614E1550,0.04348689478,,274.74,1,0,1
B032,2024-03-30 17:00:00,0,614H0033,0.1170843786,,,1,0,0
B032,2024-03-30 17:00:00,1,614E1550,0.2191997727,,274.75,1,0,1
B032,2024-03-30 18:00:00,0,614H0033,1.405012543,,,1,0,0
B032,2024-03-30 18:00:00,1,614E1550,2.74633109,,274.75,1,0,1
B032,2024-03-30 19:00:00,0,614H0033,6.439640822,,,1,0,0
B032,2024-03-30 19:00:00,1,614E1550,1.111607219,,274.75,1,0,1
B032,2024-03-30 20:00:00,0,614H0033,0.7090360729,,,1,0,0
B032,2024-03-30 20:00:00,1,614E1550,0.2643092825,,274.7,1,0,1
B032,2024-03-30 21:00:00,0,614H0033,0.1170843786,,,1,0,0
B032,2024-03-30 21:00:00,1,614E1550,0.1567349297,,274.68,1,0,1
B032,2024-03-30 22:00:00,0,614H0033,0.3512531357,,,1,0,0
B032,2024-03-30 22:00:00,1,614E1550,0.04128853547,,274.92,1,0,1
B032,2024-03-30 23:00:00,0,614H0033,0,,,1,0,0
B032,2024-03-30 23:00:00,1,614E1550,0.01165660232,,274.86,1,0,1
B032,2024-03-31 00:00:00,0,614H0033,0,,,1,0,0
B032,2024-03-31 00:00:00,1,614E1550,0,,274.81,1,0,1
B032,2024-03-31 01:00:00,0,614H0033,0,,,1,0,0
B032,2024-03-31 01:00:00,1,614E1550,0,,274.8,1,0,1
B032,2024-03-31 02:00:00,0,614H0033,0,,,1,0,0
B032,2024-03-31 02:00:00,1,614E1550,0,,274.8,1,0,1
B032,2024-03-31 03:00:00,0,614H0033,0.1170843786,,,1,0,0
B032,2024-03-31 03:00:00,1,614E1550,0.0002476883364,,275.11,1,0,1
B032,2024-03-31 04:00:00,0,614H0033,0,,,1,0,0
B032,2024-03-31 04:00:00,1,614E1550,0,,274.8,1,0,1
B032,2024-03-31 05:00:00,0,614H0033,0,,,1,0,0
B032,2024-03-31 05:00:00,1,614E1550,0,,274.81,1,0,1
B032,2024-03-31 06:00:00,0,614H0033,0,,,1,0,0
B032,2024-03-31 06:00:00,1,614E1550,0.03160572635,,274.82,1,0,1
B032,2024-03-31 07:00:00,0,614H0033,9.132581529,,,1,0,0
B032,2024-03-31 07:00:00,1,614E1550,0.9414611891,,274.82,1,0,1
B032,2024-03-31 08:00:00,0,614H0033,0,,,1,0,0
B032,2024-03-31 08:00:00,1,614E1550,0.01886602877,,274.84,1,0,1
B032,2024-03-31 09:00:00,0,614H0033,0,,,1,0,0
B032,2024-03-31 09:00:00,1,614E1550,0,,274.84,1,0,1
B032,2024-03-31 10:00:00,0,614H0033,0,,,1,0,0
B032,2024-03-31 10:00:00,1,614E1550,0,,274.85,1,0,1
B032,2024-03-31 11:00:00,0,614H0033,0,,,1,0,0
B032,2024-03-31 11:00:00,1,614E1550,0,,274.86,1,0,1
B032,2024-03-31 12:00:00,0,614H0033,0,,,1,0,0
B032,2024-03-31 12:00:00,1,614E1550,0,,274.86,1,0,1
B032,2024-03-31 13:00:00,0,614H0033,0,,,1,0,0
B032,2024-03-31 13:00:00,1,614E1550,0,,274.87,1,0,1
B032,2024-03-31 14:00:00,0,614H0033,0,,,1,0,0
B032,2024-03-31 14:00:00,1,614E1550,0,,274.88,1,0,1
B032,2024-03-31 15:00:00,0,614H0033,0,,,1,0,0
B032,2024-03-31 15:00:00,1,614E1550,0,,274.89,1,0,1
B032,2024-03-31 16:00:00,0,614H0033,0,,,1,0,0
B032,2024-03-31 16:00:00,1,614E1550,0,,274.89,1,0,1
B032,2024-03-31 17:00:00,0,614H0033,0,,,1,0,0
B032,2024-03-31 17:00:00,1,614E1550,0,,274.9,1,0,1
B032,2024-03-31 18:00:00,0,614H0033,0,,,1,0,0
B032,2024-03-31 18:00:00,1,614E1550,0,,274.9,1,0,1
B032,2024-03-31 19:00:00,0,614H0033,0,,,1,0,0
B032,2024-03-31 19:00:00,1,614E1550,0,,274.91,1,0,1
B032,2024-03-31 20:00:00,0,614H0033,0,,,1,0,0
B032,2024-03-31 20:00:00,1,614E1550,0,,274.91,1,0,1
B032,2024-03-31 21:00:00,0,614H0033,0,,,1,0,0
B032,2024-03-31 21:00:00,1,614E1550,0,,274.92,1,0,1
B032,2024-03-31 22:00:00,0,614H0033,0,,,1,0,0
B032,2024-03-31 22:00:00,1,614E1550,0,,274.93,1,0,1
B032,2024-03-31 23:00:00,0,614H0033,0,,,1,0,0
B032,2024-03-31 23:00:00,1,614E1550,0,,274.93,1,0,1
B032,2024-04-01 00:00:00,0,614H0033,0,,,1,0,0
B032,2024-04-01 00:00:00,1,614E1550,0,,274.93,1,0,1
B032,2024-04-01 01:00:00,0,614H0033,0,,,1,0,0
B032,2024-04-01 01:00:00,1,614E1550,0,,274.94,1,0,1
B032,2024-04-01 02:00:00,0,614H0033,0,,,1,0,0
B032,2024-04-01 02:00:00,1,614E1550,0,,274.94,1,0,1
B032,2024-04-01 03:00:00,0,614H0033,0,,,1,0,0
B032,2024-04-01 03:00:00,1,614E1550,0,,274.94,1,0,1
B032,2024-04-01 04:00:00,0,614H0033,0,,,1,0,0
B032,2024-04-01 04:00:00,1,614E1550,0,,274.95,1,0,1
B032,2024-04-01 05:00:00,0,614H0033,0,,,1,0,0
B032,2024-04-01 05:00:00,1,614E1550,0,,274.95,1,0,1
B032,2024-04-01 06:00:00,0,614H0033,0,,,1,0,0
B032,2024-04-01 06:00:00,1,614E1550,0,,274.64,1,0,1
B032,2024-04-01 07:00:00,0,614H0033,0,,,1,0,0
B032,2024-04-01 07:00:00,1,614E1550,0,,274.64,1,0,1
B032,2024-04-01 08:00:00,0,614H0033,0,,,1,0,0
B032,2024-04-01 08:00:00,1,614E1550,0,,274.65,1,0,1
B032,2024-04-01 09:00:00,0,614H0033,0,,,1,0,0
B032,2024-04-01 09:00:00,1,614E1550,0,,274.65,1,0,1
B032,2024-04-01 10:00:00,0,614H0033,0.1170843786,,,1,0,0
B032,2024-04-01 10:00:00,1,614E1550,0.0413650959,,274.66,1,0,1
B032,2024-04-01 11:00:00,0,614H0033,0.1170843786,,,1,0,0
B032,2024-04-01 11:00:00,1,614E1550,0.2725047235,,274.66,1,0,1
B032,2024-04-01 12:00:00,0,614H0033,1.196962992,,,1,0,0
B032,2024-04-01 12:00:00,1,614E1550,0.3248304699,,274.66,1,0,1
B032,2024-04-01 13:00:00,0,614H0033,0,,,1,0,0
B032,2024-04-01 13:00:00,1,614E1550,0.0751069634,,274.66,1,0,1
B032,2024-04-01 14:00:00,0,614H0033,0,,,1,0,0
B032,2024-04-01 14:00:00,1,614E1550,0.08708220322,,274.66,1,0,1
B032,2024-04-01 15:00:00,0,614H0033,0,,,1,0,0
B032,2024-04-01 15:00:00,1,614E1550,0,,274.66,1,0,1
B032,2024-04-01 16:00:00,0,614H0033,0,,,1,0,0
B032,2024-04-01 16:00:00,1,614E1550,0,,274.66,1,0,1
B032,2024-04-01 17:00:00,0,614H0033,0,,,1,0,0
B032,2024-04-01 17:00:00,1,614E1550,0,,274.66,1,0,1
B032,2024-04-01 18:00:00,0,614H0033,0.12361418,,,1,0,0
B032,2024-04-01 18:00:00,1,614E1550,0.08265320001,,274.67,1,0,1
B032,2024-04-01 19:00:00,0,614H0033,0,,,1,0,0
B032,2024-04-01 19:00:00,1,614E1550,0.05007130894,,274.67,1,0,1
B032,2024-04-01 20:00:00,0,614H0033,0,,,1,0,0
B032,2024-04-01 20:00:00,1,614E1550,0.02503565447,,274.67,1,0,1
B032,2024-04-01 21:00:00,0,614H0033,0,,,1,0,0
B032,2024-04-01 21:00:00,1,614E1550,0,,,1,0,0
B032,2024-04-01 22:00:00,0,614H0033,0,,,1,0,0
B032,2024-04-01 22:00:00,1,614E1550,0,,274.67,1,0,1
B032,2024-04-01 23:00:00,0,614H0033,0,,,1,0,0
B032,2024-04-01 23:00:00,1,614E1550,0,,274.67,1,0,1
B032,2024-04-02 00:00:00,0,614H0033,0,,,1,0,0
B032,2024-04-02 00:00:00,1,614E1550,0.6245270902,,274.67,1,0,1
B032,2024-04-02 01:00:00,0,614H0033,1.873350057,,,1,0,0
B032,2024-04-02 01:00:00,1,614E1550,1.735440592,,274.68,1,0,1
B032,2024-04-02 02:00:00,0,614H0033,9.249665908,,,1,0,0
B032,2024-04-02 02:00:00,1,614E1550,3.240314049,,274.67,1,0,1
B032,2024-04-02 03:00:00,0,614H0033,3.2783626,,,1,0,0
B032,2024-04-02 03:00:00,1,614E1550,1.194308031,,274.91,1,0,1
B032,2024-04-02 04:00:00,0,614H0033,0.4683375143,,,1,0,0
B032,2024-04-02 04:00:00,1,614E1550,0.2942390904,,275.08,1,0,1
B032,2024-04-02 05:00:00,0,614H0033,1.170843786,,,1,0,0
B032,2024-04-02 05:00:00,1,614E1550,1.894764738,,275.41,1,0,1
B032,2024-04-02 06:00:00,0,614H0033,1.873350057,,,1,0,0
B032,2024-04-02 06:00:00,1,614E1550,1.314707611,,275.32,1,0,1
B032,2024-04-02 07:00:00,0,614H0033,0.81959065,,,1,0,0
B032,2024-04-02 07:00:00,1,614E1550,0.8271869976,,275.59,1,0,1
B032,2024-04-02 08:00:00,0,614H0033,0.1170843786,,,1,0,0
B032,2024-04-02 08:00:00,1,614E1550,0.0674437888,,275.52,1,0,1
B032,2024-04-02 09:00:00,0,614H0033,0,,,1,0,0
B032,2024-04-02 09:00:00,1,614E1550,0,,275.47,1,0,1
B032,2024-04-02 10:00:00,0,614H0033,0,,,1,0,0
B032,2024-04-02 10:00:00,1,614E1550,0,,275.49,1,0,1
B032,2024-04-02 11:00:00,0,614H0033,0,,,1,0,0
B032,2024-04-02 11:00:00,1,614E1550,0,,275.54,1,0,1
B032,2024-04-02 12:00:00,0,614H0033,0,,,1,0,0
B032,2024-04-02 12:00:00,1,614E1550,0,,275.59,1,0,1
B032,2024-04-02 13:00:00,0,614H0033,0,,,1,0,0
B032,2024-04-02 13:00:00,1,614E1550,0,,275.33,1,0,1
B032,2024-04-02 14:00:00,0,614H0033,0,,,1,0,0
B032,2024-04-02 14:00:00,1,614E1550,0,,275.38,1,0,1
B032,2024-04-02 15:00:00,0,614H0033,0,,,1,0,0
B032,2024-04-02 15:00:00,1,614E1550,0,,275.42,1,0,1
B032,2024-04-02 16:00:00,0,614H0033,0,,,1,0,0
B032,2024-04-02 16:00:00,1,614E1550,0,,275.14,1,0,1
B032,2024-04-02 17:00:00,0,614H0033,0,,,1,0,0
B032,2024-04-02 17:00:00,1,614E1550,0,,275.18,1,0,1
B032,2024-04-02 18:00:00,0,614H0033,0,,,1,0,0
B032,2024-04-02 18:00:00,1,614E1550,0,,275.21,1,0,1
B032,2024-04-02 19:00:00,0,614H0033,0.2472283601,,,1,0,0
B032,2024-04-02 19:00:00,1,614E1550,0.1406467102,,275.24,1,0,1
B032,2024-04-02 20:00:00,0,614H0033,2.621564939,,,1,0,0
B032,2024-04-02 20:00:00,1,614E1550,0.2304158993,,275.26,1,0,1
B032,2024-04-02 21:00:00,0,614H0033,0,,,1,0,0
B032,2024-04-02 21:00:00,1,614E1550,0,,274.97,1,0,1
B032,2024-04-02 22:00:00,0,614H0033,0.12361418,,,1,0,0
B032,2024-04-02 22:00:00,1,614E1550,0.02243931471,,274.98,1,0,1
B032,2024-04-02 23:00:00,0,614H0033,0,,,1,0,0
B032,2024-04-02 23:00:00,1,614E1550,0,,275,1,0,1
B032,2024-04-03 00:00:00,0,614H0033,0,,,1,0,0
B032,2024-04-03 00:00:00,1,614E1550,0,,275.01,1,0,1
B032,2024-04-03 01:00:00,0,614H0033,0,,,1,0,0
B032,2024-04-03 01:00:00,1,614E1550,0,,275.02,1,0,1
B032,2024-04-03 02:00:00,0,614H0033,0,,,1,0,0
B032,2024-04-03 02:00:00,1,614E1550,0,,275.03,1,0,1
B032,2024-04-03 03:00:00,0,614H0033,0,,,1,0,0
B032,2024-04-03 03:00:00,1,614E1550,0,,,1,0,0
B032,2024-04-03 04:00:00,0,614H0033,0,,,1,0,0
B032,2024-04-03 04:00:00,1,614E1550,0,,275.05,1,0,1
B032,2024-04-03 05:00:00,0,614H0033,0,,,1,0,0
B032,2024-04-03 05:00:00,1,614E1550,0,,275.05,1,0,1
B032,2024-04-03 06:00:00,0,614H0033,0,,,1,0,0
B032,2024-04-03 06:00:00,1,614E1550,0,,275.07,1,0,1
B032,2024-04-03 07:00:00,0,614H0033,1.873350057,,,1,0,0
B032,2024-04-03 07:00:00,1,614E1550,0.2567262561,,275.1,1,0,1
B032,2024-04-03 08:00:00,0,614H0033,0.2341687572,,,1,0,0
B032,2024-04-03 08:00:00,1,614E1550,0.9190102816,,275.11,1,0,1
B032,2024-04-03 09:00:00,0,614H0033,1.053759407,,,1,0,0
B032,2024-04-03 09:00:00,1,614E1550,0.3525100622,,274.8,1,0,1
B032,2024-04-03 10:00:00,0,614H0033,0.5919516943,,,1,0,0
B032,2024-04-03 10:00:00,1,614E1550,0.1462323285,,274.8,1,0,1
B032,2024-04-03 11:00:00,0,614H0033,0.6050112973,,,1,0,0
B032,2024-04-03 11:00:00,1,614E1550,0.0678133208,,275.1,1,0,1
B032,2024-04-03 12:00:00,0,614H0033,0,,,1,0,0
B032,2024-04-03 12:00:00,1,614E1550,0,,275.06,1,0,1
B032,2024-04-03 13:00:00,0,614H0033,0,,,1,0,0
B032,2024-04-03 13:00:00,1,614E1550,0,,275.05,1,0,1
B032,2024-04-03 14:00:00,0,614H0033,0,,,1,0,0
B032,2024-04-03 14:00:00,1,614E1550,0,,275.05,1,0,1
B032,2024-04-03 15:00:00,0,614H0033,0,,,1,0,0
B032,2024-04-03 15:00:00,1,614E1550,0.03160572635,,275.04,1,0,1
B032,2024-04-03 16:00:00,0,614H0033,0,,,1,0,0
B032,2024-04-03 16:00:00,1,614E1550,0,,275.05,1,0,1
B032,2024-04-03 17:00:00,0,614H0033,0,,,1,0,0
B032,2024-04-03 17:00:00,1,614E1550,0,,275.06,1,0,1
B032,2024-04-03 18:00:00,0,614H0033,0,,,1,0,0
B032,2024-04-03 18:00:00,1,614E1550,0,,275.06,1,0,1
B032,2024-04-03 19:00:00,0,614H0033,0,,,1,0,0
B032,2024-04-03 19:00:00,1,614E1550,0,,275.09,1,0,1
B032,2024-04-03 20:00:00,0,614H0033,0,,,1,0,0
B032,2024-04-03 20:00:00,1,614E1550,0,,275.11,1,0,1
B032,2024-04-03 21:00:00,0,614H0033,0,,,1,0,0
B032,2024-04-03 21:00:00,1,614E1550,0,,274.8,1,0,1
B032,2024-04-03 22:00:00,0,614H0033,0,,,1,0,0
B032,2024-04-03 22:00:00,1,614E1550,0,,274.8,1,0,1
B032,2024-04-03 23:00:00,0,614H0033,0,,,1,0,0
B032,2024-04-03 23:00:00,1,614E1550,0,,274.81,1,0,1
B032,2024-04-04 00:00:00,0,614H0033,0,,,1,0,0
B032,2024-04-04 00:00:00,1,614E1550,0,,274.82,1,0,1
B032,2024-04-04 01:00:00,0,614H0033,0,,,1,0,0
B032,2024-04-04 01:00:00,1,614E1550,0,,274.82,1,0,1
B032,2024-04-04 02:00:00,0,614H0033,0,,,1,0,0
B032,2024-04-04 02:00:00,1,614E1550,0,,274.83,1,0,1
B032,2024-04-04 03:00:00,0,614H0033,0,,,1,0,0
B032,2024-04-04 03:00:00,1,614E1550,0.1879172998,,274.83,1,0,1
B032,2024-04-04 04:00:00,0,614H0033,0.3512531357,,,1,0,0
B032,2024-04-04 04:00:00,1,614E1550,0.2743886537,,274.84,1,0,1
B032,2024-04-04 05:00:00,0,614H0033,0.5854218929,,,1,0,0
B032,2024-04-04 05:00:00,1,614E1550,0.9915114414,,274.84,1,0,1
B032,2024-04-04 06:00:00,0,614H0033,1.990434436,,,1,0,0
B032,2024-04-04 06:00:00,1,614E1550,1.263516856,,274.84,1,0,1
B032,2024-04-04 07:00:00,0,614H0033,1.405012543,,,1,0,0
B032,2024-04-04 07:00:00,1,614E1550,0.2998926739,,274.81,1,0,1
B032,2024-04-04 08:00:00,0,614H0033,0.1170843786,,,1,0,0
B032,2024-04-04 08:00:00,1,614E1550,0.0002476883364,,275.05,1,0,1
B032,2024-04-04 09:00:00,0,614H0033,0,,,1,0,0
B032,2024-04-04 09:00:00,1,614E1550,0,,274.98,1,0,1
B032,2024-04-11 02:00:00,0,614H0033,0,,,1,0,0
B032,2024-04-11 02:00:00,1,614E1550,0,14.5,274.75,1,1,1
B032,2024-04-11 03:00:00,0,614H0033,0,,,1,0,0
B032,2024-04-11 03:00:00,1,614E1550,0,15.2,274.76,1,1,1
B032,2024-04-11 04:00:00,0,614H0033,0,,,1,0,0
B032,2024-04-11 04:00:00,1,614E1550,0,15.2,274.76,1,1,1
B032,2024-04-11 05:00:00,0,614H0033,0,,,1,0,0
B032,2024-04-11 05:00:00,1,614E1550,0.04348689478,15.2,274.76,1,1,1
B032,2024-04-11 06:00:00,0,614H0033,0,,,1,0,0
B032,2024-04-11 06:00:00,1,614E1550,0.2811867635,15.9,274.77,1,1,1
B032,2024-04-11 07:00:00,0,614H0033,0.002704914484,,,1,0,0
B032,2024-04-11 07:00:00,1,614E1550,0.1877421558,15.9,274.77,1,1,1
B032,2024-04-11 08:00:00,0,614H0033,0.005409828967,,,1,0,0
B032,2024-04-11 08:00:00,1,614E1550,0.001028084361,15.9,274.77,1,1,1
B032,2024-04-11 09:00:00,0,614H0033,0.12361418,,,1,0,0
B032,2024-04-11 09:00:00,1,614E1550,0.02283860242,15.9,274.77,1,1,1
B032,2024-04-11 10:00:00,0,614H0033,0,,,1,0,0
B032,2024-04-11 10:00:00,1,614E1550,0.04464882508,15.9,274.77,1,1,1
B032,2024-04-11 11:00:00,0,614H0033,0.3783022806,,,1,0,0
B032,2024-04-11 11:00:00,1,614E1550,0.1690155706,15.9,274.77,1,1,1
B032,2024-04-11 12:00:00,0,614H0033,0.1468384379,,,1,0,0
B032,2024-04-11 12:00:00,1,614E1550,0.1201371604,15.9,274.77,1,1,1
B032,2024-04-11 13:00:00,0,614H0033,0.1414286089,,,1,0,0
B032,2024-04-11 13:00:00,1,614E1550,0.05551667282,15.9,274.77,1,1,1
B032,2024-04-11 14:00:00,0,614H0033,0,,,1,0,0
B032,2024-04-11 14:00:00,1,614E1550,0,15.9,274.77,1,1,1
B032,2024-04-11 15:00:00,0,614H0033,0.1170843786,,,1,0,0
B032,2024-04-11 15:00:00,1,614E1550,0.0002476883364,15.9,274.77,1,1,1
B032,2024-04-11 16:00:00,0,614H0033,0,,,1,0,0
B032,2024-04-11 16:00:00,1,614E1550,0,16.5,274.78,1,1,1
B032,2024-04-11 17:00:00,0,614H0033,0,,,1,0,0
B032,2024-04-11 17:00:00,1,614E1550,0,2.5,274.48,1,1,1
B032,2024-04-11 18:00:00,0,614H0033,0,,,1,0,0
B032,2024-04-11 18:00:00,1,614E1550,0,3,274.5,1,1,1
B032,2024-04-11 19:00:00,0,614H0033,0,,,1,0,0
B032,2024-04-11 19:00:00,1,614E1550,0,3.68,274.52,1,1,1
B032,2024-04-11 20:00:00,0,614H0033,0,,,1,0,0
B032,2024-04-11 20:00:00,1,614E1550,0,4.02,274.53,1,1,1
B032,2024-04-11 21:00:00,0,614H0033,0,,,1,0,0
B032,2024-04-11 21:00:00,1,614E1550,0,4.02,274.53,1,1,1
B032,2024-04-11 22:00:00,0,614H0033,0,,,1,0,0
B032,2024-04-11 22:00:00,1,614E1550,0,4.36,274.54,1,1,1
B032,2024-04-11 23:00:00,0,614H0033,0,,,1,0,0
B032,2024-04-11 23:00:00,1,614E1550,0,4.36,274.54,1,1,1
B032,2024-04-12 00:00:00,0,614H0033,0,,,1,0,0
B032,2024-04-12 00:00:00,1,614E1550,0,3.34,274.51,1,1,1
B032,2024-04-12 01:00:00,0,614H0033,0,,,1,0,0
B032,2024-04-12 01:00:00,1,614E1550,0,3.02,274.5,1,1,1
B032,2024-04-12 02:00:00,0,614H0033,0,,,1,0,0
B032,2024-04-12 02:00:00,1,614E1550,0,2.77,274.49,1,1,1
B032,2024-04-12 03:00:00,0,614H0033,0,,,1,0,0
B032,2024-04-12 03:00:00,1,614E1550,0,2.75,274.49,1,1,1
B032,2024-04-12 04:00:00,0,614H0033,0,,,1,0,0
B032,2024-04-12 04:00:00,1,614E1550,0,2.75,274.49,1,1,1
B032,2024-04-12 05:00:00,0,614H0033,0,,,1,0,0
B032,2024-04-12 05:00:00,1,614E1550,0,2.75,274.49,1,1,1
B032,2024-04-12 06:00:00,0,614H0033,0,,,1,0,0
B032,2024-04-12 06:00:00,1,614E1550,0,2.75,274.49,1,1,1
B032,2024-04-12 07:00:00,0,614H0033,0.7890635349,,,1,0,0
B032,2024-04-12 07:00:00,1,614E1550,0.2573930905,2.5,274.48,1,1,1
B032,2024-04-12 08:00:00,0,614H0033,0,,,1,0,0
B032,2024-04-12 08:00:00,1,614E1550,0,2.75,274.49,1,1,1
B032,2024-04-12 09:00:00,0,614H0033,0,,,1,0,0
B032,2024-04-12 09:00:00,1,614E1550,0,2.75,274.49,1,1,1
B032,2024-04-12 10:00:00,0,614H0033,0,,,1,0,0
B032,2024-04-12 10:00:00,1,614E1550,0,2.75,274.49,1,1,1
B032,2024-04-12 11:00:00,0,614H0033,0.12361418,,,1,0,0
B032,2024-04-12 11:00:00,1,614E1550,0.02243931471,2.77,274.49,1,1,1
B032,2024-04-12 12:00:00,0,614H0033,0,,,1,0,0
B032,2024-04-12 12:00:00,1,614E1550,0,3.02,274.5,1,1,1
B032,2024-04-12 13:00:00,0,614H0033,0,,,1,0,0
B032,2024-04-12 13:00:00,1,614E1550,0,3,274.5,1,1,1
B032,2024-04-12 14:00:00,0,614H0033,0,,,1,0,0
B032,2024-04-12 14:00:00,1,614E1550,0,3,274.5,1,1,1
B032,2024-04-12 15:00:00,0,614H0033,0,,,1,0,0
B032,2024-04-12 15:00:00,1,614E1550,0,3,274.5,1,1,1
B032,2024-04-12 16:00:00,0,614H0033,0,,,1,0,0
B032,2024-04-12 16:00:00,1,614E1550,0,3,274.5,1,1,1
B032,2024-04-12 17:00:00,0,614H0033,0,,,1,0,0
B032,2024-04-12 17:00:00,1,614E1550,0,3,274.5,1,1,1
B032,2024-04-12 18:00:00,0,614H0033,0,,,1,0,0
B032,2024-04-12 18:00:00,1,614E1550,0,3.34,274.51,1,1,1
B032,2024-04-12 19:00:00,0,614H0033,0,,,1,0,0
B032,2024-04-12 19:00:00,1,614E1550,0,,,1,0,0
B032,2024-04-12 20:00:00,0,614H0033,0,,,1,0,0
B032,2024-04-12 20:00:00,1,614E1550,0,3.34,274.51,1,1,1
B032,2024-04-12 21:00:00,0,614H0033,0,,,1,0,0
B032,2024-04-12 21:00:00,1,614E1550,0,3.35,274.51,1,1,1
B032,2024-04-12 22:00:00,0,614H0033,0,,,1,0,0
B032,2024-04-12 22:00:00,1,614E1550,0,3.34,274.51,1,1,1
B032,2024-04-12 23:00:00,0,614H0033,0,,,1,0,0
B032,2024-04-12 23:00:00,1,614E1550,0,3.34,274.51,1,1,1
B032,2024-04-13 00:00:00,0,614H0033,0,,,1,0,0
B032,2024-04-13 00:00:00,1,614E1550,0,3.34,274.51,1,1,1
B032,2024-04-13 01:00:00,0,614H0033,0,,,1,0,0
B032,2024-04-13 01:00:00,1,614E1550,0,3.34,274.51,1,1,1
B032,2024-04-13 02:00:00,0,614H0033,0,,,1,0,0
B032,2024-04-13 02:00:00,1,614E1550,1.264601634,3.34,274.51,1,1,1
B032,2024-04-13 03:00:00,0,614H0033,0.3512531357,,,1,0,0
B032,2024-04-13 03:00:00,1,614E1550,3.090067777,3.34,274.51,1,1,1
B032,2024-04-13 04:00:00,0,614H0033,3.075879761,,,1,0,0
B032,2024-04-13 04:00:00,1,614E1550,2.554572166,3,274.5,1,1,1
B032,2024-04-13 05:00:00,0,614H0033,1.668162304,,,1,0,0
B032,2024-04-13 05:00:00,1,614E1550,2.384201082,2.5,274.48,1,1,1
B032,2024-04-13 06:00:00,0,614H0033,0.4053514254,,,1,0,0
B032,2024-04-13 06:00:00,1,614E1550,0.911878729,13.1,274.73,1,1,1
B032,2024-04-13 07:00:00,0,614H0033,5.159827401,,,1,0,0
B032,2024-04-13 07:00:00,1,614E1550,0.6699134236,11.1,274.7,1,1,1
B032,2024-04-13 08:00:00,0,614H0033,0.261217902,,,1,0,0
B032,2024-04-13 08:00:00,1,614E1550,0.2016654991,10.2,274.68,1,1,1
B032,2024-04-13 09:00:00,0,614H0033,0.12361418,,,1,0,0
B032,2024-04-13 09:00:00,1,614E1550,0.03290791581,8.28,274.64,1,1,1
B032,2024-04-13 10:00:00,0,614H0033,0,,,1,0,0
B032,2024-04-13 10:00:00,1,614E1550,0,33.9,274.94,1,1,1
B032,2024-04-13 11:00:00,0,614H0033,0.002704914484,,,1,0,0
B032,2024-04-13 11:00:00,1,614E1550,0.0005140421805,31.4,274.92,1,1,1
B032,2024-04-13 12:00:00,0,614H0033,0,,,1,0,0
B032,2024-04-13 12:00:00,1,614E1550,0,27.9,274.89,1,1,1
B032,2024-04-13 13:00:00,0,614H0033,0.002704914484,,,1,0,0
B032,2024-04-13 13:00:00,1,614E1550,0.0005140421805,27.9,274.89,1,1,1
B032,2024-04-13 14:00:00,0,614H0033,0,,,1,0,0
B032,2024-04-13 14:00:00,1,614E1550,0,27.9,274.89,1,1,1
B032,2024-04-13 15:00:00,0,614H0033,0,,,1,0,0
B032,2024-04-13 15:00:00,1,614E1550,0,27.9,274.89,1,1,1
B032,2024-04-13 16:00:00,0,614H0033,0,,,1,0,0
B032,2024-04-13 16:00:00,1,614E1550,0,27.9,274.89,1,1,1
B032,2024-04-13 17:00:00,0,614H0033,0,,,1,0,0
B032,2024-04-13 17:00:00,1,614E1550,0,29,274.9,1,1,1
B032,2024-04-13 18:00:00,0,614H0033,0,,,1,0,0
B032,2024-04-13 18:00:00,1,614E1550,0,29,274.9,1,1,1
B032,2024-04-13 19:00:00,0,614H0033,0,,,1,0,0
B032,2024-04-13 19:00:00,1,614E1550,0,30.2,274.91,1,1,1
B032,2024-04-13 20:00:00,0,614H0033,0,,,1,0,0
B032,2024-04-13 20:00:00,1,614E1550,0,31.4,274.92,1,1,1
B032,2024-04-13 21:00:00,0,614H0033,0,,,1,0,0
B032,2024-04-13 21:00:00,1,614E1550,0,32.7,274.93,1,1,1
B032,2024-04-13 22:00:00,0,614H0033,0,,,1,0,0
B032,2024-04-13 22:00:00,1,614E1550,0,32.7,274.93,1,1,1
B032,2024-04-13 23:00:00,0,614H0033,0,,,1,0,0
B032,2024-04-13 23:00:00,1,614E1550,0,33.9,274.94,1,1,1
B032,2024-04-14 00:00:00,0,614H0033,0,,,1,0,0
B032,2024-04-14 00:00:00,1,614E1550,0,33.9,274.94,1,1,1
B032,2024-04-14 01:00:00,0,614H0033,0,,,1,0,0
B032,2024-04-14 01:00:00,1,614E1550,0,35.1,274.95,1,1,1
B032,2024-04-14 02:00:00,0,614H0033,0,,,1,0,0
B032,2024-04-14 02:00:00,1,614E1550,0,35.1,274.95,1,1,1
B032,2024-04-14 03:00:00,0,614H0033,0,,,1,0,0
B032,2024-04-14 03:00:00,1,614E1550,0,8.25,274.64,1,1,1
B032,2024-04-14 04:00:00,0,614H0033,0,,,1,0,0
B032,2024-04-14 04:00:00,1,614E1550,0,8.25,274.64,1,1,1
B032,2024-04-14 05:00:00,0,614H0033,0,,,1,0,0
B032,2024-04-14 05:00:00,1,614E1550,0,8.75,274.65,1,1,1
B032,2024-04-14 06:00:00,0,614H0033,0,,,1,0,0
B032,2024-04-14 06:00:00,1,614E1550,0,8.75,274.65,1,1,1
B032,2024-04-14 07:00:00,0,614H0033,0.390241911,,,1,0,0
B032,2024-04-14 07:00:00,1,614E1550,0.1615919734,9.22,274.66,1,1,1
B032,2024-04-14 08:00:00,0,614H0033,0,,,1,0,0
B032,2024-04-14 08:00:00,1,614E1550,0,9.22,274.66,1,1,1
B032,2024-04-14 09:00:00,0,614H0033,0.002704914484,,,1,0,0
B032,2024-04-14 09:00:00,1,614E1550,0.0005140421805,9.69,274.67,1,1,1
B032,2024-04-14 10:00:00,0,614H0033,0,,,1,0,0
B032,2024-04-14 10:00:00,1,614E1550,0,9.69,274.67,1,1,1
B032,2024-04-14 11:00:00,0,614H0033,0,,,1,0,0
B032,2024-04-14 11:00:00,1,614E1550,0,10.2,274.68,1,1,1
B032,2024-04-14 12:00:00,0,614H0033,0,,,1,0,0
B032,2024-04-14 12:00:00,1,614E1550,0,10.2,274.68,1,1,1
B032,2024-04-14 13:00:00,0,614H0033,0,,,1,0,0
B032,2024-04-14 13:00:00,1,614E1550,0,10.1,274.68,1,1,1
B032,2024-04-14 14:00:00,0,614H0033,0,,,1,0,0
B032,2024-04-14 14:00:00,1,614E1550,0,10.6,274.69,1,1,1
B032,2024-04-14 15:00:00,0,614H0033,0,,,1,0,0
B032,2024-04-14 15:00:00,1,614E1550,0,10.6,274.69,1,1,1
B032,2024-04-14 16:00:00,0,614H0033,0,,,1,0,0
B032,2024-04-14 16:00:00,1,614E1550,0,10.6,274.69,1,1,1
B032,2024-04-14 17:00:00,0,614H0033,0,,,1,0,0
B032,2024-04-14 17:00:00,1,614E1550,0,10.6,274.69,1,1,1
B032,2024-04-14 18:00:00,0,614H0033,0,,,1,0,0
B032,2024-04-14 18:00:00,1,614E1550,0,11.1,274.7,1,1,1
B032,2024-04-14 19:00:00,0,614H0033,0,,,1,0,0
B032,2024-04-14 19:00:00,1,614E1550,0,11.1,274.7,1,1,1
B032,2024-04-14 20:00:00,0,614H0033,0,,,1,0,0
B032,2024-04-14 20:00:00,1,614E1550,0,11.8,274.71,1,1,1
B032,2024-04-14 21:00:00,0,614H0033,0,,,1,0,0
B032,2024-04-14 21:00:00,1,614E1550,0,11.8,274.71,1,1,1
B032,2024-04-14 22:00:00,0,614H0033,0,,,1,0,0
B032,2024-04-14 22:00:00,1,614E1550,0,12.5,274.72,1,1,1
B032,2024-04-14 23:00:00,0,614H0033,0,,,1,0,0
B032,2024-04-14 23:00:00,1,614E1550,0,12.5,274.72,1,1,1
B032,2024-04-15 00:00:00,0,614H0033,0,,,1,0,0
B032,2024-04-15 00:00:00,1,614E1550,0,12.5,274.72,1,1,1
B032,2024-04-15 01:00:00,0,614H0033,0,,,1,0,0
B032,2024-04-15 01:00:00,1,614E1550,0,12.5,274.72,1,1,1
B032,2024-04-15 02:00:00,0,614H0033,0,,,1,0,0
B032,2024-04-15 02:00:00,1,614E1550,0,13.1,274.73,1,1,1
B032,2024-04-15 03:00:00,0,614H0033,0,,,1,0,0
B032,2024-04-15 03:00:00,1,614E1550,0,13.1,274.73,1,1,1
B032,2024-04-15 04:00:00,0,614H0033,0,,,1,0,0
B032,2024-04-15 04:00:00,1,614E1550,0,13.1,274.73,1,1,1
B032,2024-04-15 05:00:00,0,614H0033,0,,,1,0,0
B032,2024-04-15 05:00:00,1,614E1550,0,13.1,274.73,1,1,1
B032,2024-04-15 06:00:00,0,614H0033,0,,,1,0,0
B032,2024-04-15 06:00:00,1,614E1550,0,13.8,274.74,1,1,1
B032,2024-04-15 07:00:00,0,614H0033,0.002704914484,,,1,0,0
B032,2024-04-15 07:00:00,1,614E1550,0.0005140421805,13.8,274.74,1,1,1
B032,2024-04-15 08:00:00,0,614H0033,0,,,1,0,0
B032,2024-04-15 08:00:00,1,614E1550,0,13.8,274.74,1,1,1
B032,2024-04-15 09:00:00,0,614H0033,0,,,1,0,0
B032,2024-04-15 09:00:00,1,614E1550,0,13.8,274.74,1,1,1
B032,2024-04-15 10:00:00,0,614H0033,0,,,1,0,0
B032,2024-04-15 10:00:00,1,614E1550,0,13.8,274.74,1,1,1
B032,2024-04-15 11:00:00,0,614H0033,0,,,1,0,0
B032,2024-04-15 11:00:00,1,614E1550,0,13.8,274.74,1,1,1
B032,2024-04-15 12:00:00,0,614H0033,0,,,1,0,0
B032,2024-04-15 12:00:00,1,614E1550,0,13.8,274.74,1,1,1
B032,2024-04-15 13:00:00,0,614H0033,0,,,1,0,0
B032,2024-04-15 13:00:00,1,614E1550,0,14.5,274.75,1,1,1
B032,2024-04-15 14:00:00,0,614H0033,0,,,1,0,0
B032,2024-04-15 14:00:00,1,614E1550,0,15.2,274.76,1,1,1
B032,2024-06-19 07:00:00,0,614H0033,0.0162294869,,,1,0,0
B032,2024-06-19 07:00:00,1,614E1550,0.2271519122,2.01,274.46,1,1,1
B032,2024-06-19 08:00:00,0,614H0033,0,,,1,0,0
B032,2024-06-19 08:00:00,1,614E1550,0,2.01,274.46,1,1,1
B032,2024-06-19 09:00:00,0,614H0033,0,,,1,0,0
B032,2024-06-19 09:00:00,1,614E1550,0,1.75,274.45,1,1,1
B032,2024-06-19 10:00:00,0,614H0033,0.002704914484,,,1,0,0
B032,2024-06-19 10:00:00,1,614E1550,0.0005140421805,1.75,274.45,1,1,1
B032,2024-06-19 11:00:00,0,614H0033,0,,,1,0,0
B032,2024-06-19 11:00:00,1,614E1550,0,1.75,274.45,1,1,1
B032,2024-06-19 12:00:00,0,614H0033,0,,,1,0,0
B032,2024-06-19 12:00:00,1,614E1550,0,1.75,274.45,1,1,1
B032,2024-06-19 13:00:00,0,614H0033,0,,,1,0,0
B032,2024-06-19 13:00:00,1,614E1550,0,1.75,274.45,1,1,1
B032,2024-06-19 14:00:00,0,614H0033,0,,,1,0,0
B032,2024-06-19 14:00:00,1,614E1550,0,1.75,274.45,1,1,1
B032,2024-06-19 15:00:00,0,614H0033,0,,,1,0,0
B032,2024-06-19 15:00:00,1,614E1550,0,1.75,274.45,1,1,1
B032,2024-06-19 16:00:00,0,614H0033,0,,,1,0,0
B032,2024-06-19 16:00:00,1,614E1550,0,1.75,274.45,1,1,1
B032,2024-06-19 17:00:00,0,614H0033,0,,,1,0,0
B032,2024-06-19 17:00:00,1,614E1550,0,1.76,274.45,1,1,1
B032,2024-06-19 18:00:00,0,614H0033,0,,,1,0,0
B032,2024-06-19 18:00:00,1,614E1550,0,1.76,274.45,1,1,1
B032,2024-06-19 19:00:00,0,614H0033,0,,,1,0,0
B032,2024-06-19 19:00:00,1,614E1550,0,1.75,274.45,1,1,1
B032,2024-06-19 20:00:00,0,614H0033,0,,,1,0,0
B032,2024-06-19 20:00:00,1,614E1550,0,1.75,274.45,1,1,1
B032,2024-06-19 21:00:00,0,614H0033,0,,,1,0,0
B032,2024-06-19 21:00:00,1,614E1550,0,1.75,274.45,1,1,1
B032,2024-06-19 22:00:00,0,614H0033,0.3539580502,,,1,0,0
B032,2024-06-19 22:00:00,1,614E1550,0.00125710719,1.5,274.44,1,1,1
B032,2024-06-19 23:00:00,0,614H0033,0.04327863174,,,1,0,0
B032,2024-06-19 23:00:00,1,614E1550,0.2656277234,1.5,274.44,1,1,1
B032,2024-06-20 00:00:00,0,614H0033,0.7674242191,,,1,0,0
B032,2024-06-20 00:00:00,1,614E1550,1.370638557,1.5,274.44,1,1,1
B032,2024-06-20 01:00:00,0,614H0033,0.1279040365,,,1,0,0
B032,2024-06-20 01:00:00,1,614E1550,0.04693245255,1.75,274.45,1,1,1
B032,2024-06-20 02:00:00,0,614H0033,0.002704914484,,,1,0,0
B032,2024-06-20 02:00:00,1,614E1550,0.2009613934,1.75,274.45,1,1,1
B032,2024-06-20 03:00:00,0,614H0033,0.002704914484,,,1,0,0
B032,2024-06-20 03:00:00,1,614E1550,0.04166093843,1.75,274.45,1,1,1
B032,2024-06-20 04:00:00,0,614H0033,0,,,1,0,0
B032,2024-06-20 04:00:00,1,614E1550,0.0002701436012,1.76,274.45,1,1,1
B032,2024-06-20 05:00:00,0,614H0033,0,,,1,0,0
B032,2024-06-20 05:00:00,1,614E1550,0,1.76,274.45,1,1,1
B032,2024-06-20 06:00:00,0,614H0033,0.1170843786,,,1,0,0
B032,2024-06-20 06:00:00,1,614E1550,0.04409942565,1.76,274.45,1,1,1
B032,2024-06-20 07:00:00,0,614H0033,1.374485428,,,1,0,0
B032,2024-06-20 07:00:00,1,614E1550,2.268093704,1.75,274.45,1,1,1
B032,2024-06-20 08:00:00,0,614H0033,2.124907104,,,1,0,0
B032,2024-06-20 08:00:00,1,614E1550,3.430817304,2,274.46,1,1,1
B032,2024-06-20 09:00:00,0,614H0033,0.005409828967,,,1,0,0
B032,2024-06-20 09:00:00,1,614E1550,0.453119257,3,274.5,1,1,1
B032,2024-06-20 10:00:00,0,614H0033,0.002704914484,,,1,0,0
B032,2024-06-20 10:00:00,1,614E1550,0.0005140421805,3.68,274.52,1,1,1
B032,2024-06-20 11:00:00,0,614H0033,0.4276457443,,,1,0,0
B032,2024-06-20 11:00:00,1,614E1550,0.8957573215,6.06,274.59,1,1,1
B032,2024-06-20 12:00:00,0,614H0033,4.313573353,,,1,0,0
B032,2024-06-20 12:00:00,1,614E1550,3.587497553,7.81,274.63,1,1,1
B032,2024-06-20 13:00:00,0,614H0033,1.159251072,,,1,0,0
B032,2024-06-20 13:00:00,1,614E1550,1.88148034,9.69,274.67,1,1,1
B032,2024-06-20 14:00:00,0,614H0033,0.005409828967,,,1,0,0
B032,2024-06-20 14:00:00,1,614E1550,0.1988952216,10.6,274.69,1,1,1
B032,2024-06-20 15:00:00,0,614H0033,0.002704914484,,,1,0,0
B032,2024-06-20 15:00:00,1,614E1550,0.02554622474,15.2,274.76,1,1,1
B032,2024-06-20 16:00:00,0,614H0033,0,,,1,0,0
B032,2024-06-20 16:00:00,1,614E1550,0.09138336789,16.5,274.78,1,1,1
B032,2024-06-20 17:00:00,0,614H0033,0,,,1,0,0
B032,2024-06-20 17:00:00,1,614E1550,0,16.5,274.78,1,1,1
B032,2024-06-20 18:00:00,0,614H0033,0.002704914484,,,1,0,0
B032,2024-06-20 18:00:00,1,614E1550,0.008569663072,15.9,274.77,1,1,1
B032,2024-06-20 19:00:00,0,614H0033,0,,,1,0,0
B032,2024-06-20 19:00:00,1,614E1550,0.0104686011,15.2,274.76,1,1,1
B032,2024-06-20 20:00:00,0,614H0033,0,,,1,0,0
B032,2024-06-20 20:00:00,1,614E1550,0,14.5,274.75,1,1,1
B032,2024-06-20 21:00:00,0,614H0033,0,,,1,0,0
B032,2024-06-20 21:00:00,1,614E1550,0,13.1,274.73,1,1,1
B032,2024-06-20 22:00:00,0,614H0033,0,,,1,0,0
B032,2024-06-20 22:00:00,1,614E1550,0,11.8,274.71,1,1,1
B032,2024-06-20 23:00:00,0,614H0033,0.002704914484,,,1,0,0
B032,2024-06-20 23:00:00,1,614E1550,0.0005140421805,10.6,274.69,1,1,1
B032,2024-06-21 00:00:00,0,614H0033,0,,,1,0,0
B032,2024-06-21 00:00:00,1,614E1550,0,10.2,274.68,1,1,1
B032,2024-06-21 01:00:00,0,614H0033,0,,,1,0,0
B032,2024-06-21 01:00:00,1,614E1550,0,9.69,274.67,1,1,1
B032,2024-06-21 02:00:00,0,614H0033,0,,,1,0,0
B032,2024-06-21 02:00:00,1,614E1550,0,9.22,274.66,1,1,1
B032,2024-06-21 03:00:00,0,614H0033,0,,,1,0,0
B032,2024-06-21 03:00:00,1,614E1550,0,8.75,274.65,1,1,1
B032,2024-06-21 04:00:00,0,614H0033,0,,,1,0,0
B032,2024-06-21 04:00:00,1,614E1550,0,8.28,274.64,1,1,1
B032,2024-06-21 05:00:00,0,614H0033,0,,,1,0,0
B032,2024-06-21 05:00:00,1,614E1550,0,7.81,274.63,1,1,1
B032,2024-06-21 06:00:00,0,614H0033,0,,,1,0,0
B032,2024-06-21 06:00:00,1,614E1550,0,7.34,274.62,1,1,1
B032,2024-06-21 07:00:00,0,614H0033,7.676174049,,,1,0,0
B032,2024-06-21 07:00:00,1,614E1550,8.501240445,6.82,274.61,1,1,1
B032,2024-06-21 08:00:00,0,614H0033,0.002704914484,,,1,0,0
B032,2024-06-21 08:00:00,1,614E1550,0.04285018835,6.82,274.61,1,1,1
B032,2024-06-21 09:00:00,0,614H0033,0,,,1,0,0
B032,2024-06-21 09:00:00,1,614E1550,0,6.35,274.6,1,1,1
B032,2024-06-21 10:00:00,0,614H0033,0,,,1,0,0
B032,2024-06-21 10:00:00,1,614E1550,0,6.06,274.59,1,1,1
B032,2024-06-21 11:00:00,0,614H0033,0,,,1,0,0
B032,2024-06-21 11:00:00,1,614E1550,0,6.06,274.59,1,1,1
B032,2024-06-21 12:00:00,0,614H0033,0,,,1,0,0
B032,2024-06-21 12:00:00,1,614E1550,0,5.72,274.58,1,1,1
B032,2024-06-21 13:00:00,0,614H0033,0,,,1,0,0
B032,2024-06-21 13:00:00,1,614E1550,0,5.72,274.58,1,1,1
B032,2024-06-21 14:00:00,0,614H0033,0,,,1,0,0
B032,2024-06-21 14:00:00,1,614E1550,0,5.72,274.58,1,1,1
B032,2024-06-21 15:00:00,0,614H0033,0,,,1,0,0
B032,2024-06-21 15:00:00,1,614E1550,0.01886602877,5.72,274.58,1,1,1
B032,2024-06-21 16:00:00,0,614H0033,0,,,1,0,0
B032,2024-06-21 16:00:00,1,614E1550,0.04207432745,5.38,274.57,1,1,1
B032,2024-06-21 17:00:00,0,614H0033,0,,,1,0,0
B032,2024-06-21 17:00:00,1,614E1550,0.02647754581,,,1,0,0
B032,2024-06-21 18:00:00,0,614H0033,0,,,1,0,0
B032,2024-06-21 18:00:00,1,614E1550,0.06986074567,5.38,274.57,1,1,1
B032,2024-06-21 19:00:00,0,614H0033,0,,,1,0,0
B032,2024-06-21 19:00:00,1,614E1550,4.069436204,5.02,274.56,1,1,1
B032,2024-06-21 20:00:00,0,614H0033,5.835282966,,,1,0,0
B032,2024-06-21 20:00:00,1,614E1550,17.45827481,5.02,274.56,1,1,1
B032,2024-06-21 21:00:00,0,614H0033,0.6167205023,,,1,0,0
B032,2024-06-21 21:00:00,1,614E1550,6.399855534,10.6,274.69,1,1,1
B032,2024-06-21 22:00:00,0,614H0033,0.3651634553,,,1,0,0
B032,2024-06-21 22:00:00,1,614E1550,0.6560023905,150,275.58,1,1,1
B032,2024-06-21 23:00:00,0,614H0033,0.01081965793,,,1,0,0
B032,2024-06-21 23:00:00,1,614E1550,0.3288293104,274,276.02,1,1,1
B032,2024-06-22 00:00:00,0,614H0033,8.061819579,,,1,0,0
B032,2024-06-22 00:00:00,1,614E1550,0.2184783346,219,275.84,1,1,1
B032,2024-06-22 01:00:00,0,614H0033,0.002704914484,,,1,0,0
B032,2024-06-22 01:00:00,1,614E1550,0.0005140421805,173,275.67,1,1,1
B032,2024-06-22 02:00:00,0,614H0033,0,,,1,0,0
B032,2024-06-22 02:00:00,1,614E1550,0,133,275.51,1,1,1
B032,2024-06-22 03:00:00,0,614H0033,0.002704914484,,,1,0,0
B032,2024-06-22 03:00:00,1,614E1550,0.0121706445,108,275.39,1,1,1
B032,2024-06-22 04:00:00,0,614H0033,0,,,1,0,0
B032,2024-06-22 04:00:00,1,614E1550,0,88.3,275.29,1,1,1
B032,2024-06-22 05:00:00,0,614H0033,0.002704914484,,,1,0,0
B032,2024-06-22 05:00:00,1,614E1550,0.0961380776,72.2,275.2,1,1,1
B032,2024-06-22 06:00:00,0,614H0033,0,,,1,0,0
B032,2024-06-22 06:00:00,1,614E1550,0.4188632523,60.8,275.13,1,1,1
B032,2024-06-22 07:00:00,0,614H0033,14.90062582,,,1,0,0
B032,2024-06-22 07:00:00,1,614E1550,5.65317089,53,275.08,1,1,1
B032,2024-06-22 08:00:00,0,614H0033,0.1263190945,,,1,0,0
B032,2024-06-22 08:00:00,1,614E1550,0.6258242324,,275.03,1,0,1
B032,2024-06-22 09:00:00,0,614H0033,0.2368736716,,,1,0,0
B032,2024-06-22 09:00:00,1,614E1550,0.05396328027,41.2,275,1,1,1
B032,2024-06-22 10:00:00,0,614H0033,0.002704914484,,,1,0,0
B032,2024-06-22 10:00:00,1,614E1550,0.09034506353,37.5,274.97,1,1,1
B032,2024-06-22 11:00:00,0,614H0033,0.005409828967,,,1,0,0
B032,2024-06-22 11:00:00,1,614E1550,0.8811175998,30.2,274.91,1,1,1
B032,2024-06-22 12:00:00,0,614H0033,0.397891685,,,1,0,0
B032,2024-06-22 12:00:00,1,614E1550,1.341215577,,,1,0,0
B032,2024-06-22 13:00:00,0,614H0033,0.005409828967,,,1,0,0
B032,2024-06-22 13:00:00,1,614E1550,0.7068486483,29,274.9,1,1,1
B032,2024-06-22 14:00:00,0,614H0033,0,,,1,0,0
B032,2024-06-22 14:00:00,1,614E1550,0.6250580689,27.9,274.89,1,1,1
B032,2024-06-22 15:00:00,0,614H0033,0.1812292704,,,1,0,0
B032,2024-06-22 15:00:00,1,614E1550,1.254555789,26.8,274.88,1,1,1
B032,2024-06-22 16:00:00,0,614H0033,2.177846591,,,1,0,0
B032,2024-06-22 16:00:00,1,614E1550,0.6380033362,26.8,274.88,1,1,1
B032,2024-06-22 17:00:00,0,614H0033,0.01081965793,,,1,0,0
B032,2024-06-22 17:00:00,1,614E1550,0.002056168722,26.8,274.88,1,1,1
B032,2024-06-22 18:00:00,0,614H0033,0,,,1,0,0
B032,2024-06-22 18:00:00,1,614E1550,0,26.8,274.88,1,1,1
B032,2024-06-22 19:00:00,0,614H0033,0,,,1,0,0
B032,2024-06-22 19:00:00,1,614E1550,0,26.8,274.88,1,1,1
B032,2024-06-22 20:00:00,0,614H0033,0,,,1,0,0
B032,2024-06-22 20:00:00,1,614E1550,0,26.8,274.88,1,1,1
B032,2024-06-22 21:00:00,0,614H0033,0,,,1,0,0
B032,2024-06-22 21:00:00,1,614E1550,0,26.8,274.88,1,1,1
B032,2024-06-22 22:00:00,0,614H0033,0,,,1,0,0
B032,2024-06-22 22:00:00,1,614E1550,0,24.6,274.86,1,1,1
B032,2024-06-22 23:00:00,0,614H0033,0,,,1,0,0
B032,2024-06-22 23:00:00,1,614E1550,0,22.3,274.84,1,1,1
B032,2024-06-23 00:00:00,0,614H0033,0,,,1,0,0
B032,2024-06-23 00:00:00,1,614E1550,0,20.1,274.82,1,1,1
B032,2024-06-23 01:00:00,0,614H0033,0,,,1,0,0
B032,2024-06-23 01:00:00,1,614E1550,0,19,274.81,1,1,1
B032,2024-06-23 02:00:00,0,614H0033,0.008114743451,,,1,0,0
B032,2024-06-23 02:00:00,1,614E1550,0.001542126541,17.9,274.8,1,1,1
B032,2024-06-23 03:00:00,0,614H0033,0.002704914484,,,1,0,0
B032,2024-06-23 03:00:00,1,614E1550,0.0121706445,17.2,274.79,1,1,1
B032,2024-06-23 04:00:00,0,614H0033,0,,,1,0,0
B032,2024-06-23 04:00:00,1,614E1550,0,15.9,274.77,1,1,1
B032,2024-06-23 05:00:00,0,614H0033,0.002704914484,,,1,0,0
B032,2024-06-23 05:00:00,1,614E1550,0.0005140421805,14.5,274.75,1,1,1
B032,2024-06-23 06:00:00,0,614H0033,0,,,1,0,0
B032,2024-06-23 06:00:00,1,614E1550,0.008055620891,,,1,0,0
B032,2024-06-23 07:00:00,0,614H0033,3.158029115,,,1,0,0
B032,2024-06-23 07:00:00,1,614E1550,4.13370464,14.5,274.75,1,1,1
B032,2024-06-23 08:00:00,0,614H0033,0,,,1,0,0
B032,2024-06-23 08:00:00,1,614E1550,0,13.8,274.74,1,1,1
B032,2024-06-23 09:00:00,0,614H0033,0,,,1,0,0
B032,2024-06-23 09:00:00,1,614E1550,0,13.8,274.74,1,1,1
B032,2024-06-23 10:00:00,0,614H0033,0,,,1,0,0
B032,2024-06-23 10:00:00,1,614E1550,0,12.5,274.72,1,1,1
B032,2024-06-23 11:00:00,0,614H0033,0,,,1,0,0
B032,2024-06-23 11:00:00,1,614E1550,0.0002701436012,11.8,274.71,1,1,1
B032,2024-06-23 12:00:00,0,614H0033,0,,,1,0,0
B032,2024-06-23 12:00:00,1,614E1550,0,11.8,274.71,1,1,1
B032,2024-06-23 13:00:00,0,614H0033,0,,,1,0,0
B032,2024-06-23 13:00:00,1,614E1550,0,11.1,274.7,1,1,1
B032,2024-06-23 14:00:00,0,614H0033,0,,,1,0,0
B032,2024-06-23 14:00:00,1,614E1550,0,10.6,274.69,1,1,1
B032,2024-06-23 15:00:00,0,614H0033,0.002704914484,,,1,0,0
B032,2024-06-23 15:00:00,1,614E1550,0.0005140421805,10.2,274.68,1,1,1
B032,2024-06-23 16:00:00,0,614H0033,0,,,1,0,0
B032,2024-06-23 16:00:00,1,614E1550,0,10.2,274.68,1,1,1
B032,2024-06-23 17:00:00,0,614H0033,0,,,1,0,0
B032,2024-06-23 17:00:00,1,614E1550,0.8152521459,9.69,274.67,1,1,1
B032,2024-06-23 18:00:00,0,614H0033,0,,,1,0,0
B032,2024-06-23 18:00:00,1,614E1550,5.928397587,9.22,274.66,1,1,1
B032,2024-06-23 19:00:00,0,614H0033,0.6851164201,,,1,0,0
B032,2024-06-23 19:00:00,1,614E1550,7.232236138,8.75,274.65,1,1,1
B032,2024-06-23 20:00:00,0,614H0033,0.06762286209,,,1,0,0
B032,2024-06-23 20:00:00,1,614E1550,0.4458294873,8.28,274.64,1,1,1
B032,2024-06-23 21:00:00,0,614H0033,0.1197892931,,,1,0,0
B032,2024-06-23 21:00:00,1,614E1550,0.0007617305169,8.25,274.64,1,1,1
B032,2024-06-23 22:00:00,0,614H0033,0,,,1,0,0
B032,2024-06-23 22:00:00,1,614E1550,0.002318966015,59.2,275.12,1,1,1
B032,2024-06-23 23:00:00,0,614H0033,0,,,1,0,0
B032,2024-06-23 23:00:00,1,614E1550,0.0002701436012,51.5,275.07,1,1,1
B032,2024-06-24 00:00:00,0,614H0033,0.002704914484,,,1,0,0
B032,2024-06-24 00:00:00,1,614E1550,0.02554969665,42.7,275.01,1,1,1
B032,2024-06-24 01:00:00,0,614H0033,0,,,1,0,0
B032,2024-06-24 01:00:00,1,614E1550,0.07175176923,36.3,274.96,1,1,1
B032,2024-06-24 02:00:00,0,614H0033,0.0162294869,,,1,0,0
B032,2024-06-24 02:00:00,1,614E1550,0.1695609329,31.4,274.92,1,1,1
B032,2024-06-24 03:00:00,0,614H0033,0.01893440139,,,1,0,0
B032,2024-06-24 03:00:00,1,614E1550,0.3997785059,27.9,274.89,1,1,1
B032,2024-06-24 04:00:00,0,614H0033,0.02975405932,,,1,0,0
B032,2024-06-24 04:00:00,1,614E1550,0.3795216963,25.7,274.87,1,1,1
B032,2024-06-24 05:00:00,0,614H0033,0.005409828967,,,1,0,0
B032,2024-06-24 05:00:00,1,614E1550,0.08022678167,22.3,274.84,1,1,1
B032,2024-06-24 06:00:00,0,614H0033,0.8277053935,,,1,0,0
B032,2024-06-24 06:00:00,1,614E1550,0.01996976696,20.1,274.82,1,1,1
B032,2024-06-24 07:00:00,0,614H0033,1.056464322,,,1,0,0
B032,2024-06-24 07:00:00,1,614E1550,8.028117836,17.2,274.79,1,1,1
B032,2024-06-24 08:00:00,0,614H0033,0,,,1,0,0
B032,2024-06-24 08:00:00,1,614E1550,0,16.5,274.78,1,1,1
B032,2024-06-24 09:00:00,0,614H0033,0,,,1,0,0
B032,2024-06-24 09:00:00,1,614E1550,0,15.9,274.77,1,1,1
B032,2024-06-24 10:00:00,0,614H0033,0.008114743451,,,1,0,0
B032,2024-06-24 10:00:00,1,614E1550,0.001542126541,14.5,274.75,1,1,1
B032,2024-06-24 11:00:00,0,614H0033,0,,,1,0,0
B032,2024-06-24 11:00:00,1,614E1550,0,,,1,0,0
B032,2024-06-24 12:00:00,0,614H0033,0,,,1,0,0
B032,2024-06-24 12:00:00,1,614E1550,0,12.5,274.72,1,1,1
B032,2024-06-24 13:00:00,0,614H0033,0,,,1,0,0
B032,2024-06-24 13:00:00,1,614E1550,0,11.8,274.71,1,1,1
B032,2024-06-24 14:00:00,0,614H0033,0,,,1,0,0
B032,2024-06-24 14:00:00,1,614E1550,0,11.1,274.7,1,1,1
B032,2024-06-24 15:00:00,0,614H0033,0,,,1,0,0
B032,2024-06-24 15:00:00,1,614E1550,0,10.6,274.69,1,1,1
B032,2024-06-24 16:00:00,0,614H0033,0.1170843786,,,1,0,0
B032,2024-06-24 16:00:00,1,614E1550,0.005823351843,10.2,274.68,1,1,1
B032,2024-06-24 17:00:00,0,614H0033,0,,,1,0,0
B032,2024-06-24 17:00:00,1,614E1550,0.008454908607,10.2,274.68,1,1,1
B032,2024-06-24 18:00:00,0,614H0033,0,,,1,0,0
B032,2024-06-24 18:00:00,1,614E1550,0.006559843841,9.68,274.67,1,1,1
B032,2024-06-24 19:00:00,0,614H0033,0,,,1,0,0
B032,2024-06-24 19:00:00,1,614E1550,0,9.22,274.66,1,1,1
B032,2024-06-24 20:00:00,0,614H0033,0.002704914484,,,1,0,0
B032,2024-06-24 20:00:00,1,614E1550,0.0005140421805,9.22,274.66,1,1,1
B032,2024-06-24 21:00:00,0,614H0033,0,,,1,0,0
B032,2024-06-24 21:00:00,1,614E1550,0,8.75,274.65,1,1,1
B032,2024-06-24 22:00:00,0,614H0033,0,,,1,0,0
B032,2024-06-24 22:00:00,1,614E1550,0,8.28,274.64,1,1,1
B032,2024-06-24 23:00:00,0,614H0033,0,,,1,0,0
B032,2024-06-24 23:00:00,1,614E1550,0,8.28,274.64,1,1,1
B032,2024-06-25 00:00:00,0,614H0033,0,,,1,0,0
B032,2024-06-25 00:00:00,1,614E1550,0,7.81,274.63,1,1,1
B032,2024-06-25 01:00:00,0,614H0033,0,,,1,0,0
B032,2024-06-25 01:00:00,1,614E1550,0,7.81,274.63,1,1,1
B032,2024-06-25 02:00:00,0,614H0033,0,,,1,0,0
B032,2024-06-25 02:00:00,1,614E1550,0,7.34,274.62,1,1,1
B032,2024-06-25 03:00:00,0,614H0033,0,,,1,0,0
B032,2024-06-25 03:00:00,1,614E1550,0,7.3,274.62,1,1,1
B032,2024-06-25 04:00:00,0,614H0033,0,,,1,0,0
B032,2024-06-25 04:00:00,1,614E1550,0.07684484183,6.82,274.61,1,1,1
B032,2024-06-25 05:00:00,0,614H0033,0,,,1,0,0
B032,2024-06-25 05:00:00,1,614E1550,0.1152864289,6.87,274.61,1,1,1
B032,2024-06-25 06:00:00,0,614H0033,0.005409828967,,,1,0,0
B032,2024-06-25 06:00:00,1,614E1550,0.1210536831,6.87,274.61,1,1,1
B032,2024-06-25 07:00:00,0,614H0033,0.1197892931,,,1,0,0
B032,2024-06-25 07:00:00,1,614E1550,0.2880943817,6.4,274.6,1,1,1
B032,2024-06-25 08:00:00,0,614H0033,0.005409828967,,,1,0,0
B032,2024-06-25 08:00:00,1,614E1550,0.2451159297,6.4,274.6,1,1,1
B032,2024-06-25 09:00:00,0,614H0033,0.002704914484,,,1,0,0
B032,2024-06-25 09:00:00,1,614E1550,0.0499916897,6.06,274.59,1,1,1
B032,2024-06-25 10:00:00,0,614H0033,0.002704914484,,,1,0,0
B032,2024-06-25 10:00:00,1,614E1550,0.01297838743,6.06,274.59,1,1,1
B032,2024-06-25 11:00:00,0,614H0033,0.01352457242,,,1,0,0
B032,2024-06-25 11:00:00,1,614E1550,0.04368761846,6.06,274.59,1,1,1
B032,2024-06-25 12:00:00,0,614H0033,0.2368736716,,,1,0,0
B032,2024-06-25 12:00:00,1,614E1550,0.009659664703,5.72,274.58,1,1,1
B032,2024-06-25 13:00:00,0,614H0033,0,,,1,0,0
B032,2024-06-25 13:00:00,1,614E1550,0.03160572635,5.68,274.58,1,1,1
B032,2024-06-25 14:00:00,0,614H0033,0.261217902,,,1,0,0
B032,2024-06-25 14:00:00,1,614E1550,0.121793757,5.68,274.58,1,1,1
B032,2024-06-25 15:00:00,0,614H0033,0.002704914484,,,1,0,0
B032,2024-06-25 15:00:00,1,614E1550,0.01284007582,5.72,274.58,1,1,1
B032,2024-06-25 16:00:00,0,614H0033,0,,,1,0,0
B032,2024-06-25 16:00:00,1,614E1550,0,5.72,274.58,1,1,1
B032,2024-06-25 17:00:00,0,614H0033,0,,,1,0,0
B032,2024-06-25 17:00:00,1,614E1550,0,5.72,274.58,1,1,1
B032,2024-06-25 18:00:00,0,614H0033,0,,,1,0,0
B032,2024-06-25 18:00:00,1,614E1550,0,5.72,274.58,1,1,1
B032,2024-06-25 19:00:00,0,614H0033,0,,,1,0,0
B032,2024-06-25 19:00:00,1,614E1550,0,5.72,274.58,1,1,1
B032,2024-06-25 20:00:00,0,614H0033,0,,,1,0,0
B032,2024-06-25 20:00:00,1,614E1550,0,6.06,274.59,1,1,1
B032,2024-06-25 21:00:00,0,614H0033,0,,,1,0,0
B032,2024-06-25 21:00:00,1,614E1550,0,6.4,274.6,1,1,1
B032,2024-06-25 22:00:00,0,614H0033,0,,,1,0,0
B032,2024-06-25 22:00:00,1,614E1550,0,6.4,274.6,1,1,1
B032,2024-06-25 23:00:00,0,614H0033,0,,,1,0,0
B032,2024-06-25 23:00:00,1,614E1550,0,6.02,274.59,1,1,1
B032,2024-06-26 00:00:00,0,614H0033,0,,,1,0,0
B032,2024-06-26 00:00:00,1,614E1550,0,6.02,274.59,1,1,1
B032,2024-06-26 01:00:00,0,614H0033,0,,,1,0,0
B032,2024-06-26 01:00:00,1,614E1550,0,6.06,274.59,1,1,1
B032,2024-06-26 02:00:00,0,614H0033,0,,,1,0,0
B032,2024-06-26 02:00:00,1,614E1550,0,6.06,274.59,1,1,1
B032,2024-06-26 03:00:00,0,614H0033,0,,,1,0,0
B032,2024-06-26 03:00:00,1,614E1550,0,6.06,274.59,1,1,1
B032,2024-06-26 04:00:00,0,614H0033,0,,,1,0,0
B032,2024-06-26 04:00:00,1,614E1550,0,6.06,274.59,1,1,1
B032,2024-06-26 05:00:00,0,614H0033,0.1170843786,,,1,0,0
B032,2024-06-26 05:00:00,1,614E1550,0.008702596943,6.06,274.59,1,1,1
B032,2024-06-26 06:00:00,0,614H0033,0.005409828967,,,1,0,0
B032,2024-06-26 06:00:00,1,614E1550,0.01540294041,5.72,274.58,1,1,1
B032,2024-06-26 07:00:00,0,614H0033,0.5854218929,,,1,0,0
B032,2024-06-26 07:00:00,1,614E1550,0.2608198813,5.72,274.58,1,1,1
B032,2024-06-26 08:00:00,0,614H0033,0,,,1,0,0
B032,2024-06-26 08:00:00,1,614E1550,0.07282152465,5.38,274.57,1,1,1
B032,2024-06-26 09:00:00,0,614H0033,0.005409828967,,,1,0,0
B032,2024-06-26 09:00:00,1,614E1550,0.1453062167,5.02,274.56,1,1,1
B032,2024-06-26 10:00:00,0,614H0033,0.1197892931,,,1,0,0
B032,2024-06-26 10:00:00,1,614E1550,0.1801204637,5.04,274.56,1,1,1
B032,2024-06-26 11:00:00,0,614H0033,0.02704914484,,,1,0,0
B032,2024-06-26 11:00:00,1,614E1550,0.1988832576,5.04,274.56,1,1,1
B032,2024-06-26 12:00:00,0,614H0033,0.002704914484,,,1,0,0
B032,2024-06-26 12:00:00,1,614E1550,0.0009133298963,5.04,274.56,1,1,1
B032,2024-06-26 13:00:00,0,614H0033,0.5935366363,,,1,0,0
B032,2024-06-26 13:00:00,1,614E1550,0.01443717054,5.04,274.56,1,1,1
B032,2024-06-26 14:00:00,0,614H0033,0.005409828967,,,1,0,0
B032,2024-06-26 14:00:00,1,614E1550,0.1224313457,5.04,274.56,1,1,1
B032,2024-06-26 15:00:00,0,614H0033,0.2341687572,,,1,0,0
B032,2024-06-26 15:00:00,1,614E1550,0.1003656363,4.7,274.55,1,1,1
B032,2024-06-26 16:00:00,0,614H0033,0.6584545839,,,1,0,0
B032,2024-06-26 16:00:00,1,614E1550,0.3439827273,4.36,274.54,1,1,1
B032,2024-06-26 17:00:00,0,614H0033,0.130608951,,,1,0,0
B032,2024-06-26 17:00:00,1,614E1550,0.6095507756,4.02,274.53,1,1,1
B032,2024-06-26 18:00:00,0,614H0033,0.4053514254,,,1,0,0
B032,2024-06-26 18:00:00,1,614E1550,0.9602766278,4.02,274.53,1,1,1
B032,2024-06-26 19:00:00,0,614H0033,0.03786880277,,,1,0,0
B032,2024-06-26 19:00:00,1,614E1550,0.4752943945,4.02,274.53,1,1,1
B032,2024-06-26 20:00:00,0,614H0033,0.5007964881,,,1,0,0
B032,2024-06-26 20:00:00,1,614E1550,0.182709915,3.69,274.52,1,1,1
B032,2024-06-26 21:00:00,0,614H0033,0.1279040365,,,1,0,0
B032,2024-06-26 21:00:00,1,614E1550,0.1690399348,4.02,274.53,1,1,1
B032,2024-07-09 21:00:00,0,614H0033,0.02163931587,,,1,0,0
B032,2024-07-09 21:00:00,1,614E1550,0.004112337444,0.42,274.32,1,1,1
B032,2024-07-09 22:00:00,0,614H0033,0.02163931587,,,1,0,0
B032,2024-07-09 22:00:00,1,614E1550,0.004112337444,0.42,274.32,1,1,1
B032,2024-07-09 23:00:00,0,614H0033,0.0162294869,,,1,0,0
B032,2024-07-09 23:00:00,1,614E1550,0.003084253083,0.42,274.32,1,1,1
B032,2024-07-10 00:00:00,0,614H0033,0.0162294869,,,1,0,0
B032,2024-07-10 00:00:00,1,614E1550,0.003084253083,0.42,274.32,1,1,1
B032,2024-07-10 01:00:00,0,614H0033,0.008114743451,,,1,0,0
B032,2024-07-10 01:00:00,1,614E1550,0.001542126541,0.42,274.32,1,1,1
B032,2024-07-10 02:00:00,0,614H0033,0,,,1,0,0
B032,2024-07-10 02:00:00,1,614E1550,0,0.42,274.32,1,1,1
B032,2024-07-10 03:00:00,0,614H0033,0,,,1,0,0
B032,2024-07-10 03:00:00,1,614E1550,0,0.42,274.32,1,1,1
B032,2024-07-10 04:00:00,0,614H0033,0,,,1,0,0
B032,2024-07-10 04:00:00,1,614E1550,0,0.42,274.32,1,1,1
B032,2024-07-10 05:00:00,0,614H0033,0,,,1,0,0
B032,2024-07-10 05:00:00,1,614E1550,0,0.42,274.32,1,1,1
B032,2024-07-10 06:00:00,0,614H0033,0,,,1,0,0
B032,2024-07-10 06:00:00,1,614E1550,0,0.42,274.32,1,1,1
B032,2024-07-10 07:00:00,0,614H0033,0.1568850401,,,1,0,0
B032,2024-07-10 07:00:00,1,614E1550,0.2405371864,0.42,274.32,1,1,1
B032,2024-07-10 08:00:00,0,614H0033,0,,,1,0,0
B032,2024-07-10 08:00:00,1,614E1550,0,0.42,274.32,1,1,1
B032,2024-07-10 09:00:00,0,614H0033,0,,,1,0,0
B032,2024-07-10 09:00:00,1,614E1550,0,0.42,274.32,1,1,1
B032,2024-07-10 10:00:00,0,614H0033,0,,,1,0,0
B032,2024-07-10 10:00:00,1,614E1550,0,0.42,274.32,1,1,1
B032,2024-07-10 11:00:00,0,614H0033,0,,,1,0,0
B032,2024-07-10 11:00:00,1,614E1550,0,0.42,274.32,1,1,1
B032,2024-07-10 12:00:00,0,614H0033,0,,,1,0,0
B032,2024-07-10 12:00:00,1,614E1550,0,0.42,274.32,1,1,1
B032,2024-07-10 13:00:00,0,614H0033,1.11252762,,,1,0,0
B032,2024-07-10 13:00:00,1,614E1550,1.093054005,0.42,274.32,1,1,1
B032,2024-07-10 14:00:00,0,614H0033,0,,,1,0,0
B032,2024-07-10 14:00:00,1,614E1550,0.5761538192,0.42,274.32,1,1,1
B032,2024-07-10 15:00:00,0,614H0033,0,,,1,0,0
B032,2024-07-10 15:00:00,1,614E1550,0,0.42,274.32,1,1,1
B032,2024-07-10 16:00:00,0,614H0033,0.002704914484,,,1,0,0
B032,2024-07-10 16:00:00,1,614E1550,0.2644135826,0.42,274.32,1,1,1
B032,2024-07-10 17:00:00,0,614H0033,0.002704914484,,,1,0,0
B032,2024-07-10 17:00:00,1,614E1550,0.0005140421805,0.42,274.32,1,1,1
B032,2024-07-10 18:00:00,0,614H0033,0,,,1,0,0
B032,2024-07-10 18:00:00,1,614E1550,0,0.42,274.32,1,1,1
B032,2024-07-10 19:00:00,0,614H0033,0,,,1,0,0
B032,2024-07-10 19:00:00,1,614E1550,0,0.42,274.32,1,1,1
B032,2024-07-10 20:00:00,0,614H0033,0,,,1,0,0
B032,2024-07-10 20:00:00,1,614E1550,0,0.42,274.32,1,1,1
B032,2024-07-10 21:00:00,0,614H0033,0,,,1,0,0
B032,2024-07-10 21:00:00,1,614E1550,0,0.42,274.32,1,1,1
B032,2024-07-10 22:00:00,0,614H0033,0.1170843786,,,1,0,0
B032,2024-07-10 22:00:00,1,614E1550,0.0002476883364,0.42,274.32,1,1,1
B032,2024-07-10 23:00:00,0,614H0033,0,,,1,0,0
B032,2024-07-10 23:00:00,1,614E1550,0,0.42,274.32,1,1,1
B032,2024-07-11 00:00:00,0,614H0033,0,,,1,0,0
B032,2024-07-11 00:00:00,1,614E1550,0,0.42,274.32,1,1,1
B032,2024-07-11 01:00:00,0,614H0033,0,,,1,0,0
B032,2024-07-11 01:00:00,1,614E1550,0,0.41,274.31,1,1,1
B032,2024-07-11 02:00:00,0,614H0033,0,,,1,0,0
B032,2024-07-11 02:00:00,1,614E1550,0,0.41,274.31,1,1,1
B032,2024-07-11 03:00:00,0,614H0033,0,,,1,0,0
B032,2024-07-11 03:00:00,1,614E1550,0,0.41,274.31,1,1,1
B032,2024-07-11 04:00:00,0,614H0033,0,,,1,0,0
B032,2024-07-11 04:00:00,1,614E1550,0,0.41,274.31,1,1,1
B032,2024-07-11 05:00:00,0,614H0033,0,,,1,0,0
B032,2024-07-11 05:00:00,1,614E1550,0.00865024585,0.41,274.31,1,1,1
B032,2024-07-11 06:00:00,0,614H0033,0,,,1,0,0
B032,2024-07-11 06:00:00,1,614E1550,0,0.41,274.31,1,1,1
B032,2024-07-11 07:00:00,0,614H0033,1.229611999,,,1,0,0
B032,2024-07-11 07:00:00,1,614E1550,0.5808610028,0.41,274.31,1,1,1
B032,2024-07-11 08:00:00,0,614H0033,0,,,1,0,0
B032,2024-07-11 08:00:00,1,614E1550,0,0.41,274.31,1,1,1
B032,2024-07-11 09:00:00,0,614H0033,0,,,1,0,0
B032,2024-07-11 09:00:00,1,614E1550,0,0.41,274.31,1,1,1
B032,2024-07-11 10:00:00,0,614H0033,0,,,1,0,0
B032,2024-07-11 10:00:00,1,614E1550,0,0.41,274.31,1,1,1
B032,2024-07-11 11:00:00,0,614H0033,0,,,1,0,0
B032,2024-07-11 11:00:00,1,614E1550,0,0.41,274.31,1,1,1
B032,2024-07-11 12:00:00,0,614H0033,0,,,1,0,0
B032,2024-07-11 12:00:00,1,614E1550,0,0.41,274.31,1,1,1
B032,2024-07-11 13:00:00,0,614H0033,0,,,1,0,0
B032,2024-07-11 13:00:00,1,614E1550,0,0.41,274.31,1,1,1
B032,2024-07-11 14:00:00,0,614H0033,0,,,1,0,0
B032,2024-07-11 14:00:00,1,614E1550,0,0.41,274.31,1,1,1
B032,2024-07-11 15:00:00,0,614H0033,0,,,1,0,0
B032,2024-07-11 15:00:00,1,614E1550,0,0.41,274.31,1,1,1
B032,2024-07-11 16:00:00,0,614H0033,0,,,1,0,0
B032,2024-07-11 16:00:00,1,614E1550,0,0.41,274.31,1,1,1
B032,2024-07-11 17:00:00,0,614H0033,0,,,1,0,0
B032,2024-07-11 17:00:00,1,614E1550,0,0.41,274.31,1,1,1
B032,2024-07-11 18:00:00,0,614H0033,0,,,1,0,0
B032,2024-07-11 18:00:00,1,614E1550,0,0.41,274.31,1,1,1
B032,2024-07-11 19:00:00,0,614H0033,0,,,1,0,0
B032,2024-07-11 19:00:00,1,614E1550,0,0.41,274.31,1,1,1
B032,2024-07-11 20:00:00,0,614H0033,0,,,1,0,0
B032,2024-07-11 20:00:00,1,614E1550,0,0.41,274.31,1,1,1
B032,2024-07-11 21:00:00,0,614H0033,0,,,1,0,0
B032,2024-07-11 21:00:00,1,614E1550,0.2818759497,0.41,274.31,1,1,1
B032,2024-07-11 22:00:00,0,614H0033,0,,,1,0,0
B032,2024-07-11 22:00:00,1,614E1550,1.236679425,0.41,274.31,1,1,1
B032,2024-07-11 23:00:00,0,614H0033,0.81959065,,,1,0,0
B032,2024-07-11 23:00:00,1,614E1550,1.05479258,0.41,274.31,1,1,1
B032,2024-07-12 00:00:00,0,614H0033,0.3512531357,,,1,0,0
B032,2024-07-12 00:00:00,1,614E1550,0.5723316446,0.41,274.31,1,1,1
B032,2024-07-12 01:00:00,0,614H0033,0.002704914484,,,1,0,0
B032,2024-07-12 01:00:00,1,614E1550,0.2081613165,0.41,274.31,1,1,1
B032,2024-07-12 02:00:00,0,614H0033,0.1170843786,,,1,0,0
B032,2024-07-12 02:00:00,1,614E1550,0.05250679408,0.41,274.31,1,1,1
B032,2024-07-12 03:00:00,0,614H0033,0,,,1,0,0
B032,2024-07-12 03:00:00,1,614E1550,0.0107387447,0.42,274.32,1,1,1
B032,2024-07-12 04:00:00,0,614H0033,0,,,1,0,0
B032,2024-07-12 04:00:00,1,614E1550,0.0107387447,0.42,274.32,1,1,1
B032,2024-07-12 05:00:00,0,614H0033,0,,,1,0,0
B032,2024-07-12 05:00:00,1,614E1550,0,0.42,274.32,1,1,1
B032,2024-07-12 06:00:00,0,614H0033,0,,,1,0,0
B032,2024-07-12 06:00:00,1,614E1550,0,0.42,274.32,1,1,1
B032,2024-07-12 07:00:00,0,614H0033,1.290633079,,,1,0,0
B032,2024-07-12 07:00:00,1,614E1550,2.14746819,0.42,274.32,1,1,1
B032,2024-07-12 08:00:00,0,614H0033,0,,,1,0,0
B032,2024-07-12 08:00:00,1,614E1550,0,0.42,274.32,1,1,1
B032,2024-07-12 09:00:00,0,614H0033,0,,,1,0,0
B032,2024-07-12 09:00:00,1,614E1550,0.008055620891,0.42,274.32,1,1,1
B032,2024-07-12 10:00:00,0,614H0033,0,,,1,0,0
B032,2024-07-12 10:00:00,1,614E1550,0,0.42,274.32,1,1,1
B032,2024-07-12 11:00:00,0,614H0033,0,,,1,0,0
B032,2024-07-12 11:00:00,1,614E1550,0,0.42,274.32,1,1,1
B032,2024-07-12 12:00:00,0,614H0033,0,,,1,0,0
B032,2024-07-12 12:00:00,1,614E1550,2.061452107,0.42,274.32,1,1,1
B032,2024-07-12 13:00:00,0,614H0033,0.002704914484,,,1,0,0
B032,2024-07-12 13:00:00,1,614E1550,4.439281126,0.42,274.32,1,1,1
B032,2024-07-12 14:00:00,0,614H0033,0,,,1,0,0
B032,2024-07-12 14:00:00,1,614E1550,2.660281855,0.41,274.31,1,1,1
B032,2024-07-12 15:00:00,0,614H0033,0.6180709002,,,1,0,0
B032,2024-07-12 15:00:00,1,614E1550,1.768234163,0.41,274.31,1,1,1
B032,2024-07-12 16:00:00,0,614H0033,0.002704914484,,,1,0,0
B032,2024-07-12 16:00:00,1,614E1550,0.07871786114,0.42,274.32,1,1,1
B032,2024-07-12 17:00:00,0,614H0033,1.053759407,,,1,0,0
B032,2024-07-12 17:00:00,1,614E1550,0.002229195028,0.43,274.33,1,1,1
B032,2024-07-12 18:00:00,0,614H0033,0,,,1,0,0
B032,2024-07-12 18:00:00,1,614E1550,1.090119451,0.42,274.32,1,1,1
B032,2024-07-12 19:00:00,0,614H0033,3.001300958,,,1,0,0
B032,2024-07-12 19:00:00,1,614E1550,4.398534431,0.42,274.32,1,1,1
B032,2024-07-12 20:00:00,0,614H0033,0.0162294869,,,1,0,0
B032,2024-07-12 20:00:00,1,614E1550,2.197853,4.36,274.54,1,1,1
B032,2024-07-12 21:00:00,0,614H0033,0,,,1,0,0
B032,2024-07-12 21:00:00,1,614E1550,0.08386262415,5.38,274.57,1,1,1
B032,2024-07-12 22:00:00,0,614H0033,0.002704914484,,,1,0,0
B032,2024-07-12 22:00:00,1,614E1550,0.002833008196,5.38,274.57,1,1,1
B032,2024-07-12 23:00:00,0,614H0033,0.002704914484,,,1,0,0
B032,2024-07-12 23:00:00,1,614E1550,0.0005140421805,5.72,274.58,1,1,1
B032,2024-07-13 00:00:00,0,614H0033,0.008114743451,,,1,0,0
B032,2024-07-13 00:00:00,1,614E1550,0.001542126541,6.06,274.59,1,1,1
B032,2024-07-13 01:00:00,0,614H0033,0.01352457242,,,1,0,0
B032,2024-07-13 01:00:00,1,614E1550,0.002570210902,6.35,274.6,1,1,1
B032,2024-07-13 02:00:00,0,614H0033,0.01893440139,,,1,0,0
B032,2024-07-13 02:00:00,1,614E1550,0.003598295263,6.02,274.59,1,1,1
B032,2024-07-13 03:00:00,0,614H0033,0.02163931587,,,1,0,0
B032,2024-07-13 03:00:00,1,614E1550,0.004382481045,5.72,274.58,1,1,1
B032,2024-07-13 04:00:00,0,614H0033,0.01893440139,,,1,0,0
B032,2024-07-13 04:00:00,1,614E1550,0.003598295263,5.04,274.56,1,1,1
B032,2024-07-13 05:00:00,0,614H0033,0.02163931587,,,1,0,0
B032,2024-07-13 05:00:00,1,614E1550,0.01458093854,4.7,274.55,1,1,1
B032,2024-07-13 06:00:00,0,614H0033,0.02163931587,,,1,0,0
B032,2024-07-13 06:00:00,1,614E1550,0.004511625159,4.36,274.54,1,1,1
B032,2024-07-13 07:00:00,0,614H0033,4.381000502,,,1,0,0
B032,2024-07-13 07:00:00,1,614E1550,12.42530365,4.02,274.53,1,1,1
B032,2024-07-13 08:00:00,0,614H0033,0.01893440139,,,1,0,0
B032,2024-07-13 08:00:00,1,614E1550,0.003598295263,3.68,274.52,1,1,1
B032,2024-07-13 09:00:00,0,614H0033,0.01352457242,,,1,0,0
B032,2024-07-13 09:00:00,1,614E1550,0.002570210902,3.34,274.51,1,1,1
B032,2024-07-13 10:00:00,0,614H0033,0.01081965793,,,1,0,0
B032,2024-07-13 10:00:00,1,614E1550,0.002056168722,3,274.5,1,1,1
B032,2024-07-13 11:00:00,0,614H0033,0.01081965793,,,1,0,0
B032,2024-07-13 11:00:00,1,614E1550,0.002056168722,2.75,274.49,1,1,1
B032,2024-07-13 12:00:00,0,614H0033,0.01893440139,,,1,0,0
B032,2024-07-13 12:00:00,1,614E1550,0.005917261279,2.5,274.48,1,1,1
B032,2024-07-13 13:00:00,0,614H0033,0.008114743451,,,1,0,0
B032,2024-07-13 13:00:00,1,614E1550,0.001542126541,2.26,274.47,1,1,1
B032,2024-07-13 14:00:00,0,614H0033,0,,,1,0,0
B032,2024-07-13 14:00:00,1,614E1550,0,2.25,274.47,1,1,1
B032,2024-07-13 15:00:00,0,614H0033,0,,,1,0,0
B032,2024-07-13 15:00:00,1,614E1550,0,2.25,274.47,1,1,1
B032,2024-07-13 16:00:00,0,614H0033,0,,,1,0,0
B032,2024-07-13 16:00:00,1,614E1550,1.294853632,2,274.46,1,1,1
B032,2024-07-13 17:00:00,0,614H0033,1.405012543,,,1,0,0
B032,2024-07-13 17:00:00,1,614E1550,1.08621258,2,274.46,1,1,1
B032,2024-07-13 18:00:00,0,614H0033,0,,,1,0,0
B032,2024-07-13 18:00:00,1,614E1550,0.03881886066,1.75,274.45,1,1,1
B032,2024-07-13 19:00:00,0,614H0033,0,,,1,0,0
B032,2024-07-13 19:00:00,1,614E1550,0.003841590109,1.5,274.44,1,1,1
B032,2024-07-13 20:00:00,0,614H0033,0,,,1,0,0
B032,2024-07-13 20:00:00,1,614E1550,0.210033236,1.25,274.43,1,1,1
B032,2024-07-13 21:00:00,0,614H0033,0,,,1,0,0
B032,2024-07-13 21:00:00,1,614E1550,0.2824656407,1.5,274.44,1,1,1
B032,2024-07-13 22:00:00,0,614H0033,0,,,1,0,0
B032,2024-07-13 22:00:00,1,614E1550,0.2837585974,1.75,274.45,1,1,1
B032,2024-07-13 23:00:00,0,614H0033,0,,,1,0,0
B032,2024-07-13 23:00:00,1,614E1550,0.06602234807,1.76,274.45,1,1,1
B032,2024-07-14 00:00:00,0,614H0033,0,,,1,0,0
B032,2024-07-14 00:00:00,1,614E1550,0.006160556125,2.52,274.48,1,1,1
B032,2024-07-14 01:00:00,0,614H0033,0,,,1,0,0
B032,2024-07-14 01:00:00,1,614E1550,0,2.5,274.48,1,1,1
B032,2024-07-14 02:00:00,0,614H0033,0,,,1,0,0
B032,2024-07-14 02:00:00,1,614E1550,0,2.25,274.47,1,1,1
B032,2024-07-14 03:00:00,0,614H0033,0,,,1,0,0
B032,2024-07-14 03:00:00,1,614E1550,0,2.25,274.47,1,1,1
B032,2024-07-14 04:00:00,0,614H0033,0,,,1,0,0
B032,2024-07-14 04:00:00,1,614E1550,0.00865024585,2.25,274.47,1,1,1
B032,2024-07-14 05:00:00,0,614H0033,0,,,1,0,0
B032,2024-07-14 05:00:00,1,614E1550,0.008055620891,2.25,274.47,1,1,1
B032,2024-07-14 06:00:00,0,614H0033,0,,,1,0,0
B032,2024-07-14 06:00:00,1,614E1550,0,2,274.46,1,1,1
B032,2024-07-14 07:00:00,0,614H0033,1.410422372,,,1,0,0
B032,2024-07-14 07:00:00,1,614E1550,1.349835964,1.75,274.45,1,1,1
B032,2024-07-14 08:00:00,0,614H0033,0,,,1,0,0
B032,2024-07-14 08:00:00,1,614E1550,0,1.75,274.45,1,1,1
B032,2024-07-14 09:00:00,0,614H0033,0,,,1,0,0
B032,2024-07-14 09:00:00,1,614E1550,0,1.5,274.44,1,1,1
B032,2024-07-14 10:00:00,0,614H0033,0.002704914484,,,1,0,0
B032,2024-07-14 10:00:00,1,614E1550,0.0005140421805,1.5,274.44,1,1,1
B032,2024-07-14 11:00:00,0,614H0033,0.002704914484,,,1,0,0
B032,2024-07-14 11:00:00,1,614E1550,0.0005140421805,1.26,274.43,1,1,1
B032,2024-07-14 12:00:00,0,614H0033,0.005409828967,,,1,0,0
B032,2024-07-14 12:00:00,1,614E1550,0.001028084361,1,274.42,1,1,1
B032,2024-07-14 13:00:00,0,614H0033,0.005409828967,,,1,0,0
B032,2024-07-14 13:00:00,1,614E1550,0.001028084361,1,274.42,1,1,1
B032,2024-07-14 14:00:00,0,614H0033,0.008114743451,,,1,0,0
B032,2024-07-14 14:00:00,1,614E1550,0.001542126541,0.75,274.41,1,1,1
B032,2024-07-14 15:00:00,0,614H0033,0.005409828967,,,1,0,0
B032,2024-07-14 15:00:00,1,614E1550,0.001028084361,0.49,274.39,1,1,1
B032,2024-07-14 16:00:00,0,614H0033,0.01081965793,,,1,0,0
B032,2024-07-14 16:00:00,1,614E1550,0.002056168722,0.47,274.37,1,1,1
B032,2024-07-14 17:00:00,0,614H0033,0.01081965793,,,1,0,0
B032,2024-07-14 17:00:00,1,614E1550,0.002056168722,0.47,274.37,1,1,1
B032,2024-07-14 18:00:00,0,614H0033,0,,,1,0,0
B032,2024-07-14 18:00:00,1,614E1550,0,0.46,274.36,1,1,1
B032,2024-07-14 19:00:00,0,614H0033,0,,,1,0,0
B032,2024-07-14 19:00:00,1,614E1550,0,0.46,274.36,1,1,1
B032,2024-07-14 20:00:00,0,614H0033,0,,,1,0,0
B032,2024-07-14 20:00:00,1,614E1550,0,0.46,274.36,1,1,1
B032,2024-07-14 21:00:00,0,614H0033,0,,,1,0,0
B032,2024-07-14 21:00:00,1,614E1550,0,0.46,274.36,1,1,1
B032,2024-07-14 22:00:00,0,614H0033,0,,,1,0,0
B032,2024-07-14 22:00:00,1,614E1550,0,0.45,274.35,1,1,1
B032,2024-07-14 23:00:00,0,614H0033,0,,,1,0,0
B032,2024-07-14 23:00:00,1,614E1550,0,0.45,274.35,1,1,1
B032,2024-07-15 00:00:00,0,614H0033,0,,,1,0,0
B032,2024-07-15 00:00:00,1,614E1550,0,0.45,274.35,1,1,1
B032,2024-07-15 01:00:00,0,614H0033,0,,,1,0,0
B032,2024-07-15 01:00:00,1,614E1550,0,0.45,274.35,1,1,1
B032,2024-07-15 02:00:00,0,614H0033,0,,,1,0,0
B032,2024-07-15 02:00:00,1,614E1550,0,0.45,274.35,1,1,1
B032,2024-07-15 03:00:00,0,614H0033,0,,,1,0,0
B032,2024-07-15 03:00:00,1,614E1550,0,0.45,274.35,1,1,1
B032,2024-07-15 04:00:00,0,614H0033,0,,,1,0,0
B032,2024-07-15 04:00:00,1,614E1550,0,0.44,274.34,1,1,1
B032,2024-07-15 05:00:00,0,614H0033,0,,,1,0,0
B032,2024-07-15 05:00:00,1,614E1550,0,0.44,274.34,1,1,1
B032,2024-07-15 06:00:00,0,614H0033,0,,,1,0,0
B032,2024-07-15 06:00:00,1,614E1550,0,0.44,274.34,1,1,1
B032,2024-07-15 07:00:00,0,614H0033,0.05139337519,,,1,0,0
B032,2024-07-15 07:00:00,1,614E1550,0.009766801429,0.44,274.34,1,1,1
B032,2024-07-15 08:00:00,0,614H0033,0,,,1,0,0
B032,2024-07-15 08:00:00,1,614E1550,0,0.44,274.34,1,1,1
B032,2024-07-15 09:00:00,0,614H0033,0,,,1,0,0
B032,2024-07-15 09:00:00,1,614E1550,0,0.44,274.34,1,1,1
B032,2024-07-15 10:00:00,0,614H0033,0,,,1,0,0
B032,2024-07-15 10:00:00,1,614E1550,0,0.44,274.34,1,1,1
B032,2024-07-15 11:00:00,0,614H0033,0,,,1,0,0
B032,2024-07-15 11:00:00,1,614E1550,0,0.44,274.34,1,1,1
B032,2024-07-15 12:00:00,0,614H0033,0,,,1,0,0
B032,2024-07-15 12:00:00,1,614E1550,0,,274.34,1,0,1
B032,2024-07-15 13:00:00,0,614H0033,0,,,1,0,0
B032,2024-07-15 13:00:00,1,614E1550,0,,274.33,1,0,1
B032,2024-07-15 14:00:00,0,614H0033,0,,,1,0,0
B032,2024-07-15 14:00:00,1,614E1550,0.07250058802,,,1,0,0
B032,2024-07-15 15:00:00,0,614H0033,0,,,1,0,0
B032,2024-07-15 15:00:00,1,614E1550,0,0.43,274.33,1,1,1
B032,2024-07-15 16:00:00,0,614H0033,0,,,1,0,0
B032,2024-07-15 16:00:00,1,614E1550,0,0.43,274.33,1,1,1
B032,2024-07-15 17:00:00,0,614H0033,0,,,1,0,0
B032,2024-07-15 17:00:00,1,614E1550,0,0.43,274.33,1,1,1
B032,2024-07-15 18:00:00,0,614H0033,0,,,1,0,0
B032,2024-07-15 18:00:00,1,614E1550,0,0.43,274.33,1,1,1
B032,2024-07-15 19:00:00,0,614H0033,0,,,1,0,0
B032,2024-07-15 19:00:00,1,614E1550,0,0.42,274.32,1,1,1
B032,2024-07-15 20:00:00,0,614H0033,0,,,1,0,0
B032,2024-07-15 20:00:00,1,614E1550,0,0.42,274.32,1,1,1
B032,2024-07-15 21:00:00,0,614H0033,0,,,1,0,0
B032,2024-07-15 21:00:00,1,614E1550,0,0.42,274.32,1,1,1
B032,2024-07-15 22:00:00,0,614H0033,0,,,1,0,0
B032,2024-07-15 22:00:00,1,614E1550,0,0.42,274.32,1,1,1
B032,2024-07-15 23:00:00,0,614H0033,0,,,1,0,0
B032,2024-07-15 23:00:00,1,614E1550,0,0.42,274.32,1,1,1
B032,2024-07-16 00:00:00,0,614H0033,0,,,1,0,0
B032,2024-07-16 00:00:00,1,614E1550,0,0.42,274.32,1,1,1
B032,2024-07-16 01:00:00,0,614H0033,0,,,1,0,0
B032,2024-07-16 01:00:00,1,614E1550,0,0.42,274.32,1,1,1
B032,2024-07-16 02:00:00,0,614H0033,0,,,1,0,0
B032,2024-07-16 02:00:00,1,614E1550,0,0.42,274.32,1,1,1
B032,2024-07-16 03:00:00,0,614H0033,0,,,1,0,0
B032,2024-07-16 03:00:00,1,614E1550,0,0.42,274.32,1,1,1
B032,2024-07-16 04:00:00,0,614H0033,0,,,1,0,0
B032,2024-07-16 04:00:00,1,614E1550,0,0.42,274.32,1,1,1
B032,2024-07-16 05:00:00,0,614H0033,0,,,1,0,0
B032,2024-07-16 05:00:00,1,614E1550,0,0.42,274.32,1,1,1
B032,2024-07-16 06:00:00,0,614H0033,0,,,1,0,0
B032,2024-07-16 06:00:00,1,614E1550,0,0.42,274.32,1,1,1
B032,2024-07-16 07:00:00,0,614H0033,0,,,1,0,0
B032,2024-07-16 07:00:00,1,614E1550,0.07250058802,0.42,274.32,1,1,1
B032,2024-07-16 08:00:00,0,614H0033,0,,,1,0,0
B032,2024-07-16 08:00:00,1,614E1550,0,2.5,274.48,1,1,1
B032,2024-07-16 09:00:00,0,614H0033,0,,,1,0,0
B032,2024-07-16 09:00:00,1,614E1550,0,2.5,274.48,1,1,1
B032,2024-07-16 10:00:00,0,614H0033,0,,,1,0,0
B032,2024-07-16 10:00:00,1,614E1550,0,2.5,274.48,1,1,1
B032,2024-07-16 11:00:00,0,614H0033,0,,,1,0,0
B032,2024-07-16 11:00:00,1,614E1550,0,2.5,274.48,1,1,1
B032,2024-07-16 12:00:00,0,614H0033,0,,,1,0,0
B032,2024-07-16 12:00:00,1,614E1550,0,2.5,274.48,1,1,1
B032,2024-07-16 13:00:00,0,614H0033,0,,,1,0,0
B032,2024-07-16 13:00:00,1,614E1550,0,2.5,274.48,1,1,1
B032,2024-07-16 14:00:00,0,614H0033,0,,,1,0,0
B032,2024-07-16 14:00:00,1,614E1550,0,2.5,274.48,1,1,1
B032,2024-07-16 15:00:00,0,614H0033,0,,,1,0,0
B032,2024-07-16 15:00:00,1,614E1550,0,2.5,274.48,1,1,1
B032,2024-07-16 16:00:00,0,614H0033,0,,,1,0,0
B032,2024-07-16 16:00:00,1,614E1550,0,2.26,274.47,1,1,1
B032,2024-07-16 17:00:00,0,614H0033,0,,,1,0,0
B032,2024-07-16 17:00:00,1,614E1550,0,2.26,274.47,1,1,1
B032,2024-07-16 18:00:00,0,614H0033,0,,,1,0,0
B032,2024-07-16 18:00:00,1,614E1550,0,2.25,274.47,1,1,1
B032,2024-07-26 16:00:00,0,614H0033,0,,,1,0,0
B032,2024-07-26 16:00:00,1,614E1550,0,1.75,274.45,1,1,1
B032,2024-07-26 17:00:00,0,614H0033,0,,,1,0,0
B032,2024-07-26 17:00:00,1,614E1550,0,1.76,274.45,1,1,1
B032,2024-07-26 18:00:00,0,614H0033,0,,,1,0,0
B032,2024-07-26 18:00:00,1,614E1550,0,1.76,274.45,1,1,1
B032,2024-07-26 19:00:00,0,614H0033,0,,,1,0,0
B032,2024-07-26 19:00:00,1,614E1550,0,3,274.5,1,1,1
B032,2024-07-26 20:00:00,0,614H0033,0,,,1,0,0
B032,2024-07-26 20:00:00,1,614E1550,0,2.5,274.48,1,1,1
B032,2024-07-26 21:00:00,0,614H0033,0,,,1,0,0
B032,2024-07-26 21:00:00,1,614E1550,0,1.75,274.45,1,1,1
B032,2024-07-26 22:00:00,0,614H0033,0,,,1,0,0
B032,2024-07-26 22:00:00,1,614E1550,0,1.25,274.43,1,1,1
B032,2024-07-26 23:00:00,0,614H0033,0,,,1,0,0
B032,2024-07-26 23:00:00,1,614E1550,0,1,274.42,1,1,1
B032,2024-07-27 00:00:00,0,614H0033,0,,,1,0,0
B032,2024-07-27 00:00:00,1,614E1550,0,1,274.42,1,1,1
B032,2024-07-27 01:00:00,0,614H0033,0,,,1,0,0
B032,2024-07-27 01:00:00,1,614E1550,0,1,274.42,1,1,1
B032,2024-07-27 02:00:00,0,614H0033,0,,,1,0,0
B032,2024-07-27 02:00:00,1,614E1550,0,1,274.42,1,1,1
B032,2024-07-27 03:00:00,0,614H0033,0,,,1,0,0
B032,2024-07-27 03:00:00,1,614E1550,0,1,274.42,1,1,1
B032,2024-07-27 04:00:00,0,614H0033,0,,,1,0,0
B032,2024-07-27 04:00:00,1,614E1550,0,1.25,274.43,1,1,1
B032,2024-07-27 05:00:00,0,614H0033,0,,,1,0,0
B032,2024-07-27 05:00:00,1,614E1550,0,1.25,274.43,1,1,1
B032,2024-07-27 06:00:00,0,614H0033,0,,,1,0,0
B032,2024-07-27 06:00:00,1,614E1550,0,1.26,274.43,1,1,1
B032,2024-07-27 07:00:00,0,614H0033,0.002704914484,,,1,0,0
B032,2024-07-27 07:00:00,1,614E1550,0.0005140421805,1.26,274.43,1,1,1
B032,2024-07-27 08:00:00,0,614H0033,0,,,1,0,0
B032,2024-07-27 08:00:00,1,614E1550,0,1.26,274.43,1,1,1
B032,2024-07-27 09:00:00,0,614H0033,0,,,1,0,0
B032,2024-07-27 09:00:00,1,614E1550,0,1.25,274.43,1,1,1
B032,2024-07-27 10:00:00,0,614H0033,0,,,1,0,0
B032,2024-07-27 10:00:00,1,614E1550,0,1.25,274.43,1,1,1
B032,2024-07-27 11:00:00,0,614H0033,0,,,1,0,0
B032,2024-07-27 11:00:00,1,614E1550,0,1.25,274.43,1,1,1
B032,2024-07-27 12:00:00,0,614H0033,0,,,1,0,0
B032,2024-07-27 12:00:00,1,614E1550,0,1.25,274.43,1,1,1
B032,2024-07-27 13:00:00,0,614H0033,0,,,1,0,0
B032,2024-07-27 13:00:00,1,614E1550,0,1.25,274.43,1,1,1
B032,2024-07-27 14:00:00,0,614H0033,0,,,1,0,0
B032,2024-07-27 14:00:00,1,614E1550,0,1.25,274.43,1,1,1
B032,2024-07-27 15:00:00,0,614H0033,0,,,1,0,0
B032,2024-07-27 15:00:00,1,614E1550,0,1.25,274.43,1,1,1
B032,2024-07-27 16:00:00,0,614H0033,0,,,1,0,0
B032,2024-07-27 16:00:00,1,614E1550,0,1.25,274.43,1,1,1
B032,2024-07-27 17:00:00,0,614H0033,0,,,1,0,0
B032,2024-07-27 17:00:00,1,614E1550,0,1.25,274.43,1,1,1
B032,2024-07-27 18:00:00,0,614H0033,0,,,1,0,0
B032,2024-07-27 18:00:00,1,614E1550,0,1.25,274.43,1,1,1
B032,2024-07-27 19:00:00,0,614H0033,0,,,1,0,0
B032,2024-07-27 19:00:00,1,614E1550,0,1.26,274.43,1,1,1
B032,2024-07-27 20:00:00,0,614H0033,0,,,1,0,0
B032,2024-07-27 20:00:00,1,614E1550,0,1.26,274.43,1,1,1
B032,2024-07-27 21:00:00,0,614H0033,0,,,1,0,0
B032,2024-07-27 21:00:00,1,614E1550,0,1.25,274.43,1,1,1
B032,2024-07-27 22:00:00,0,614H0033,0,,,1,0,0
B032,2024-07-27 22:00:00,1,614E1550,0,1.25,274.43,1,1,1
B032,2024-07-27 23:00:00,0,614H0033,0,,,1,0,0
B032,2024-07-27 23:00:00,1,614E1550,0,1.25,274.43,1,1,1
B032,2024-07-28 00:00:00,0,614H0033,0,,,1,0,0
B032,2024-07-28 00:00:00,1,614E1550,0,1.25,274.43,1,1,1
B032,2024-07-28 01:00:00,0,614H0033,0,,,1,0,0
B032,2024-07-28 01:00:00,1,614E1550,0,1.25,274.43,1,1,1
B032,2024-07-28 02:00:00,0,614H0033,0,,,1,0,0
B032,2024-07-28 02:00:00,1,614E1550,0,1.25,274.43,1,1,1
B032,2024-07-28 03:00:00,0,614H0033,0,,,1,0,0
B032,2024-07-28 03:00:00,1,614E1550,0,1.25,274.43,1,1,1
B032,2024-07-28 04:00:00,0,614H0033,0,,,1,0,0
B032,2024-07-28 04:00:00,1,614E1550,0,1.25,274.43,1,1,1
B032,2024-07-28 05:00:00,0,614H0033,0,,,1,0,0
B032,2024-07-28 05:00:00,1,614E1550,0,1.25,274.43,1,1,1
B032,2024-07-28 06:00:00,0,614H0033,0,,,1,0,0
B032,2024-07-28 06:00:00,1,614E1550,0,1.25,274.43,1,1,1
B032,2024-07-28 07:00:00,0,614H0033,0,,,1,0,0
B032,2024-07-28 07:00:00,1,614E1550,0,1.26,274.43,1,1,1
B032,2024-07-28 08:00:00,0,614H0033,0,,,1,0,0
B032,2024-07-28 08:00:00,1,614E1550,0,1.26,274.43,1,1,1
B032,2024-07-28 09:00:00,0,614H0033,0,,,1,0,0
B032,2024-07-28 09:00:00,1,614E1550,0,1.25,274.43,1,1,1
B032,2024-07-28 10:00:00,0,614H0033,0,,,1,0,0
B032,2024-07-28 10:00:00,1,614E1550,0,1,274.42,1,1,1
B032,2024-07-28 11:00:00,0,614H0033,0,,,1,0,0
B032,2024-07-28 11:00:00,1,614E1550,0,1,274.42,1,1,1
B032,2024-07-28 12:00:00,0,614H0033,0,,,1,0,0
B032,2024-07-28 12:00:00,1,614E1550,0,1,274.42,1,1,1
B032,2024-07-28 13:00:00,0,614H0033,0,,,1,0,0
B032,2024-07-28 13:00:00,1,614E1550,0,1,274.42,1,1,1
B032,2024-07-28 14:00:00,0,614H0033,0,,,1,0,0
B032,2024-07-28 14:00:00,1,614E1550,0,1,274.42,1,1,1
B032,2024-07-28 15:00:00,0,614H0033,0,,,1,0,0
B032,2024-07-28 15:00:00,1,614E1550,0,1,274.42,1,1,1
B032,2024-07-28 16:00:00,0,614H0033,0,,,1,0,0
B032,2024-07-28 16:00:00,1,614E1550,0.0003992877158,1,274.42,1,1,1
B032,2024-07-28 17:00:00,0,614H0033,0,,,1,0,0
B032,2024-07-28 17:00:00,1,614E1550,0.0003992877158,1,274.42,1,1,1
B032,2024-07-28 18:00:00,0,614H0033,0,,,1,0,0
B032,2024-07-28 18:00:00,1,614E1550,0.06264051094,1,274.42,1,1,1
B032,2024-07-28 19:00:00,0,614H0033,0.0162294869,,,1,0,0
B032,2024-07-28 19:00:00,1,614E1550,0.274043586,1,274.42,1,1,1
B032,2024-07-28 20:00:00,0,614H0033,1.382600171,,,1,0,0
B032,2024-07-28 20:00:00,1,614E1550,0.62268899,1,274.42,1,1,1
B032,2024-07-28 21:00:00,0,614H0033,0.1027867504,,,1,0,0
B032,2024-07-28 21:00:00,1,614E1550,0.956731345,1,274.42,1,1,1
B032,2024-07-28 22:00:00,0,614H0033,0.9664290879,,,1,0,0
B032,2024-07-28 22:00:00,1,614E1550,3.34512861,1.25,274.43,1,1,1
B032,2024-07-28 23:00:00,0,614H0033,1.619473843,,,1,0,0
B032,2024-07-28 23:00:00,1,614E1550,6.486181905,1.25,274.43,1,1,1
B032,2024-07-29 00:00:00,0,614H0033,0,,,1,0,0
B032,2024-07-29 00:00:00,1,614E1550,0.7784637444,1.75,274.45,1,1,1
B032,2024-07-29 01:00:00,0,614H0033,0.01081965793,,,1,0,0
B032,2024-07-29 01:00:00,1,614E1550,0.2642238759,6.06,274.59,1,1,1
B032,2024-07-29 02:00:00,0,614H0033,0,,,1,0,0
B032,2024-07-29 02:00:00,1,614E1550,0.9409532628,,,1,0,0
B032,2024-07-29 03:00:00,0,614H0033,0.1541801256,,,1,0,0
B032,2024-07-29 03:00:00,1,614E1550,3.380009414,6.4,274.6,1,1,1
B032,2024-07-29 04:00:00,0,614H0033,0.2082784152,,,1,0,0
B032,2024-07-29 04:00:00,1,614E1550,3.452980483,6.82,274.61,1,1,1
B032,2024-07-29 05:00:00,0,614H0033,0.04057371725,,,1,0,0
B032,2024-07-29 05:00:00,1,614E1550,2.050064598,7.77,274.63,1,1,1
B032,2024-07-29 06:00:00,0,614H0033,6.910683251,,,1,0,0
B032,2024-07-29 06:00:00,1,614E1550,0.2835777779,10.2,274.68,1,1,1
B032,2024-07-29 07:00:00,0,614H0033,10.65738336,,,1,0,0
B032,2024-07-29 07:00:00,1,614E1550,3.759267346,14.5,274.75,1,1,1
B032,2024-07-29 08:00:00,0,614H0033,0.005409828967,,,1,0,0
B032,2024-07-29 08:00:00,1,614E1550,0.2558269419,15.9,274.77,1,1,1
B032,2024-07-29 09:00:00,0,614H0033,0.2994336215,,,1,0,0
B032,2024-07-29 09:00:00,1,614E1550,1.505769519,15.9,274.77,1,1,1
B032,2024-07-29 10:00:00,0,614H0033,3.259420957,,,1,0,0
B032,2024-07-29 10:00:00,1,614E1550,3.596761721,14.5,274.75,1,1,1
B032,2024-07-29 11:00:00,0,614H0033,0.8707090892,,,1,0,0
B032,2024-07-29 11:00:00,1,614E1550,2.428369821,13.8,274.74,1,1,1
B032,2024-07-29 12:00:00,0,614H0033,1.170843786,,,1,0,0
B032,2024-07-29 12:00:00,1,614E1550,0.03280430216,13.1,274.73,1,1,1
B032,2024-07-29 13:00:00,0,614H0033,0,,,1,0,0
B032,2024-07-29 13:00:00,1,614E1550,0.01504378909,13.1,274.73,1,1,1
B032,2024-07-29 14:00:00,0,614H0033,0,,,1,0,0
B032,2024-07-29 14:00:00,1,614E1550,0.01849835485,13.8,274.74,1,1,1
B032,2024-07-29 15:00:00,0,614H0033,0,,,1,0,0
B032,2024-07-29 15:00:00,1,614E1550,0,13.8,274.74,1,1,1
B032,2024-07-29 16:00:00,0,614H0033,0,,,1,0,0
B032,2024-07-29 16:00:00,1,614E1550,0,13.1,274.73,1,1,1
B032,2024-07-29 17:00:00,0,614H0033,0,,,1,0,0
B032,2024-07-29 17:00:00,1,614E1550,0,12.5,274.72,1,1,1
B032,2024-07-29 18:00:00,0,614H0033,0,,,1,0,0
B032,2024-07-29 18:00:00,1,614E1550,0,11.1,274.7,1,1,1
B032,2024-07-29 19:00:00,0,614H0033,0,,,1,0,0
B032,2024-07-29 19:00:00,1,614E1550,1.208987268,10.2,274.68,1,1,1
B032,2024-07-29 20:00:00,0,614H0033,0,,,1,0,0
B032,2024-07-29 20:00:00,1,614E1550,0.3612193892,,,1,0,0
B032,2024-07-29 21:00:00,0,614H0033,0,,,1,0,0
B032,2024-07-29 21:00:00,1,614E1550,0.008055620891,9.22,274.66,1,1,1
B032,2024-07-29 22:00:00,0,614H0033,0,,,1,0,0
B032,2024-07-29 22:00:00,1,614E1550,0.0002701436012,9.2,274.66,1,1,1
B032,2024-07-29 23:00:00,0,614H0033,0,,,1,0,0
B032,2024-07-29 23:00:00,1,614E1550,0.002318966015,8.72,274.65,1,1,1
B032,2024-07-30 00:00:00,0,614H0033,0,,,1,0,0
B032,2024-07-30 00:00:00,1,614E1550,0.003841590109,8.28,274.64,1,1,1
B032,2024-07-30 01:00:00,0,614H0033,0,,,1,0,0
B032,2024-07-30 01:00:00,1,614E1550,0,7.81,274.63,1,1,1
B032,2024-07-30 02:00:00,0,614H0033,0,,,1,0,0
B032,2024-07-30 02:00:00,1,614E1550,0,7.34,274.62,1,1,1
B032,2024-07-30 03:00:00,0,614H0033,0,,,1,0,0
B032,2024-07-30 03:00:00,1,614E1550,0.01165660232,6.87,274.61,1,1,1
B032,2024-07-30 04:00:00,0,614H0033,0,,,1,0,0
B032,2024-07-30 04:00:00,1,614E1550,0,6.87,274.61,1,1,1
B032,2024-07-30 05:00:00,0,614H0033,0,,,1,0,0
B032,2024-07-30 05:00:00,1,614E1550,0.0104686011,6.4,274.6,1,1,1
B032,2024-07-30 06:00:00,0,614H0033,0,,,1,0,0
B032,2024-07-30 06:00:00,1,614E1550,0,6.06,274.59,1,1,1
B032,2024-07-30 07:00:00,0,614H0033,3.380762042,,,1,0,0
B032,2024-07-30 07:00:00,1,614E1550,6.366317252,6.06,274.59,1,1,1
B032,2024-07-30 08:00:00,0,614H0033,0,,,1,0,0
B032,2024-07-30 08:00:00,1,614E1550,0,6.06,274.59,1,1,1
B032,2024-07-30 09:00:00,0,614H0033,0,,,1,0,0
B032,2024-07-30 09:00:00,1,614E1550,0.0002701436012,5.68,274.58,1,1,1
B032,2024-07-30 10:00:00,0,614H0033,0,,,1,0,0
B032,2024-07-30 10:00:00,1,614E1550,0,5.72,274.58,1,1,1
B032,2024-07-30 11:00:00,0,614H0033,0,,,1,0,0
B032,2024-07-30 11:00:00,1,614E1550,0,5.38,274.57,1,1,1
B032,2024-07-30 12:00:00,0,614H0033,0,,,1,0,0
B032,2024-07-30 12:00:00,1,614E1550,0.00865024585,5.38,274.57,1,1,1
B032,2024-07-30 13:00:00,0,614H0033,0,,,1,0,0
B032,2024-07-30 13:00:00,1,614E1550,0,5.04,274.56,1,1,1
B032,2024-07-30 14:00:00,0,614H0033,0,,,1,0,0
B032,2024-07-30 14:00:00,1,614E1550,0,5.04,274.56,1,1,1
B032,2024-07-30 15:00:00,0,614H0033,0,,,1,0,0
B032,2024-07-30 15:00:00,1,614E1550,0,5.04,274.56,1,1,1
B032,2024-07-30 16:00:00,0,614H0033,0,,,1,0,0
B032,2024-07-30 16:00:00,1,614E1550,0,5.04,274.56,1,1,1
B032,2024-07-30 17:00:00,0,614H0033,0,,,1,0,0
B032,2024-07-30 17:00:00,1,614E1550,0,4.7,274.55,1,1,1
B032,2024-07-30 18:00:00,0,614H0033,0,,,1,0,0
B032,2024-07-30 18:00:00,1,614E1550,0,4.7,274.55,1,1,1
B032,2024-07-30 19:00:00,0,614H0033,0,,,1,0,0
B032,2024-07-30 19:00:00,1,614E1550,0,4.36,274.54,1,1,1
B032,2024-07-30 20:00:00,0,614H0033,0,,,1,0,0
B032,2024-07-30 20:00:00,1,614E1550,0,4.35,274.54,1,1,1
B032,2024-07-30 21:00:00,0,614H0033,0,,,1,0,0
B032,2024-07-30 21:00:00,1,614E1550,0,4.02,274.53,1,1,1
B032,2024-07-30 22:00:00,0,614H0033,0,,,1,0,0
B032,2024-07-30 22:00:00,1,614E1550,0,4.02,274.53,1,1,1
B032,2024-07-30 23:00:00,0,614H0033,0,,,1,0,0
B032,2024-07-30 23:00:00,1,614E1550,0,4.02,274.53,1,1,1
B032,2024-07-31 00:00:00,0,614H0033,0,,,1,0,0
B032,2024-07-31 00:00:00,1,614E1550,0,4.02,274.53,1,1,1
B032,2024-07-31 01:00:00,0,614H0033,2.61565699,,,1,0,0
B032,2024-07-31 01:00:00,1,614E1550,0.9377259781,4.02,274.53,1,1,1
B032,2024-07-31 02:00:00,0,614H0033,0.06491794761,,,1,0,0
B032,2024-07-31 02:00:00,1,614E1550,0.5461365226,3.68,274.52,1,1,1
B032,2024-07-31 03:00:00,0,614H0033,0,,,1,0,0
B032,2024-07-31 03:00:00,1,614E1550,0,3.68,274.52,1,1,1
B032,2024-07-31 04:00:00,0,614H0033,0.005409828967,,,1,0,0
B032,2024-07-31 04:00:00,1,614E1550,0.001028084361,3.68,274.52,1,1,1
B032,2024-07-31 05:00:00,0,614H0033,0,,,1,0,0
B032,2024-07-31 05:00:00,1,614E1550,0,3.68,274.52,1,1,1
B032,2024-07-31 06:00:00,0,614H0033,0,,,1,0,0
B032,2024-07-31 06:00:00,1,614E1550,0,3.68,274.52,1,1,1
B032,2024-07-31 07:00:00,0,614H0033,2.685984767,,,1,0,0
B032,2024-07-31 07:00:00,1,614E1550,1.430599522,3.68,274.52,1,1,1
B032,2024-07-31 08:00:00,0,614H0033,0,,,1,0,0
B032,2024-07-31 08:00:00,1,614E1550,0,3.69,274.52,1,1,1
B032,2024-07-31 09:00:00,0,614H0033,0,,,1,0,0
B032,2024-07-31 09:00:00,1,614E1550,0,3.69,274.52,1,1,1
B032,2024-07-31 10:00:00,0,614H0033,0,,,1,0,0
B032,2024-07-31 10:00:00,1,614E1550,0,3.68,274.52,1,1,1
B032,2024-07-31 11:00:00,0,614H0033,0,,,1,0,0
B032,2024-07-31 11:00:00,1,614E1550,0,3.68,274.52,1,1,1
B032,2024-07-31 12:00:00,0,614H0033,0.6314054391,,,1,0,0
B032,2024-07-31 12:00:00,1,614E1550,0.6757029059,3.68,274.52,1,1,1
B032,2024-07-31 13:00:00,0,614H0033,0.02975405932,,,1,0,0
B032,2024-07-31 13:00:00,1,614E1550,4.583094552,3.34,274.51,1,1,1
B032,2024-07-31 14:00:00,0,614H0033,0.2341687572,,,1,0,0
B032,2024-07-31 14:00:00,1,614E1550,5.053592468,3.34,274.51,1,1,1
B032,2024-07-31 15:00:00,0,614H0033,0.002704914484,,,1,0,0
B032,2024-07-31 15:00:00,1,614E1550,1.383132803,3.34,274.51,1,1,1
B032,2024-07-31 16:00:00,0,614H0033,0.005409828967,,,1,0,0
B032,2024-07-31 16:00:00,1,614E1550,0.2601570705,3.68,274.52,1,1,1
B032,2024-07-31 17:00:00,0,614H0033,0.1263190945,,,1,0,0
B032,2024-07-31 17:00:00,1,614E1550,0.2197842158,15.2,274.76,1,1,1
B032,2024-07-31 18:00:00,0,614H0033,0.002704914484,,,1,0,0
B032,2024-07-31 18:00:00,1,614E1550,0.01934353769,59.2,275.12,1,1,1
B032,2024-07-31 19:00:00,0,614H0033,0.1224942075,,,1,0,0
B032,2024-07-31 19:00:00,1,614E1550,0.02825490329,44.1,275.02,1,1,1
B032,2024-07-31 20:00:00,0,614H0033,0.002704914484,,,1,0,0
B032,2024-07-31 20:00:00,1,614E1550,0.1068856859,33.9,274.94,1,1,1
B032,2024-07-31 21:00:00,0,614H0033,0.005409828967,,,1,0,0
B032,2024-07-31 21:00:00,1,614E1550,0.1179023913,27.9,274.89,1,1,1
B032,2024-07-31 22:00:00,0,614H0033,0,,,1,0,0
B032,2024-07-31 22:00:00,1,614E1550,0.02230133283,22.3,274.84,1,1,1
B032,2024-07-31 23:00:00,0,614H0033,0,,,1,0,0
B032,2024-07-31 23:00:00,1,614E1550,0.04348689478,19,274.81,1,1,1
B032,2024-08-01 00:00:00,0,614H0033,0,,,1,0,0
B032,2024-08-01 00:00:00,1,614E1550,0.0104686011,15.9,274.77,1,1,1
B032,2024-08-01 01:00:00,0,614H0033,0,,,1,0,0
B032,2024-08-01 01:00:00,1,614E1550,0.008055620891,14.5,274.75,1,1,1
B032,2024-08-01 02:00:00,0,614H0033,0.1170843786,,,1,0,0
B032,2024-08-01 02:00:00,1,614E1550,0.008303309228,13.1,274.73,1,1,1
B032,2024-08-01 03:00:00,0,614H0033,0,,,1,0,0
B032,2024-08-01 03:00:00,1,614E1550,0.002318966015,11.8,274.71,1,1,1
B032,2024-08-01 04:00:00,0,614H0033,0,,,1,0,0
B032,2024-08-01 04:00:00,1,614E1550,0,10.6,274.69,1,1,1
B032,2024-08-01 05:00:00,0,614H0033,0,,,1,0,0
B032,2024-08-01 05:00:00,1,614E1550,0,10.2,274.68,1,1,1
B032,2024-08-01 06:00:00,0,614H0033,0.005409828967,,,1,0,0
B032,2024-08-01 06:00:00,1,614E1550,0.001697515678,9.69,274.67,1,1,1
B032,2024-08-01 07:00:00,0,614H0033,1.161955987,,,1,0,0
B032,2024-08-01 07:00:00,1,614E1550,6.393434064,8.72,274.65,1,1,1
B032,2024-08-01 08:00:00,0,614H0033,0,,,1,0,0
B032,2024-08-01 08:00:00,1,614E1550,0,8.25,274.64,1,1,1
B032,2024-08-01 09:00:00,0,614H0033,0,,,1,0,0
B032,2024-08-01 09:00:00,1,614E1550,0.0003992877158,7.81,274.63,1,1,1
B032,2024-08-01 10:00:00,0,614H0033,0.005409828967,,,1,0,0
B032,2024-08-01 10:00:00,1,614E1550,0.001427372077,7.34,274.62,1,1,1
B032,2024-08-01 11:00:00,0,614H0033,0.005409828967,,,1,0,0
B032,2024-08-01 11:00:00,1,614E1550,0.001028084361,6.87,274.61,1,1,1
B032,2024-08-01 12:00:00,0,614H0033,0,,,1,0,0
B032,2024-08-01 12:00:00,1,614E1550,0,6.87,274.61,1,1,1
B032,2024-08-01 13:00:00,0,614H0033,0,,,1,0,0
B032,2024-08-01 13:00:00,1,614E1550,0,6.4,274.6,1,1,1
B032,2024-08-01 14:00:00,0,614H0033,0,,,1,0,0
B032,2024-08-01 14:00:00,1,614E1550,0,6.06,274.59,1,1,1
B032,2024-08-01 15:00:00,0,614H0033,0,,,1,0,0
B032,2024-08-01 15:00:00,1,614E1550,0,6.06,274.59,1,1,1
B032,2024-08-01 16:00:00,0,614H0033,0,,,1,0,0
B032,2024-08-01 16:00:00,1,614E1550,0,6.06,274.59,1,1,1
B032,2024-08-01 17:00:00,0,614H0033,0,,,1,0,0
B032,2024-08-01 17:00:00,1,614E1550,0,5.72,274.58,1,1,1
B032,2024-08-01 18:00:00,0,614H0033,0,,,1,0,0
B032,2024-08-01 18:00:00,1,614E1550,0,5.68,274.58,1,1,1
B032,2024-08-01 19:00:00,0,614H0033,0,,,1,0,0
B032,2024-08-01 19:00:00,1,614E1550,0.008055620891,5.38,274.57,1,1,1
B032,2024-08-01 20:00:00,0,614H0033,0,,,1,0,0
B032,2024-08-01 20:00:00,1,614E1550,0,5.38,274.57,1,1,1
B032,2024-08-01 21:00:00,0,614H0033,0,,,1,0,0
B032,2024-08-01 21:00:00,1,614E1550,0,5.04,274.56,1,1,1
B032,2024-08-01 22:00:00,0,614H0033,0,,,1,0,0
B032,2024-08-01 22:00:00,1,614E1550,0,5.04,274.56,1,1,1
B032,2024-08-01 23:00:00,0,614H0033,0,,,1,0,0
B032,2024-08-01 23:00:00,1,614E1550,0,5.04,274.56,1,1,1
B032,2024-08-02 00:00:00,0,614H0033,0,,,1,0,0
B032,2024-08-02 00:00:00,1,614E1550,0,5.04,274.56,1,1,1
B032,2024-08-02 01:00:00,0,614H0033,0,,,1,0,0
B032,2024-08-02 01:00:00,1,614E1550,0,4.7,274.55,1,1,1
B032,2024-08-02 02:00:00,0,614H0033,0,,,1,0,0
B032,2024-08-02 02:00:00,1,614E1550,0,4.7,274.55,1,1,1
B032,2024-08-02 03:00:00,0,614H0033,0,,,1,0,0
B032,2024-08-02 03:00:00,1,614E1550,0,4.7,274.55,1,1,1
B032,2024-08-02 04:00:00,0,614H0033,0,,,1,0,0
B032,2024-08-02 04:00:00,1,614E1550,0,4.36,274.54,1,1,1
B032,2024-08-02 05:00:00,0,614H0033,0,,,1,0,0
B032,2024-08-02 05:00:00,1,614E1550,0,4.35,274.54,1,1,1
B032,2024-08-02 06:00:00,0,614H0033,0,,,1,0,0
B032,2024-08-02 06:00:00,1,614E1550,0,4.36,274.54,1,1,1
B032,2024-08-02 07:00:00,0,614H0033,0.01081965793,,,1,0,0
B032,2024-08-02 07:00:00,1,614E1550,0.01091036504,4.36,274.54,1,1,1
B032,2024-08-02 08:00:00,0,614H0033,0,,,1,0,0
B032,2024-08-02 08:00:00,1,614E1550,0,4.36,274.54,1,1,1
B032,2024-08-02 09:00:00,0,614H0033,0,,,1,0,0
B032,2024-08-02 09:00:00,1,614E1550,0,4.02,274.53,1,1,1
B032,2024-08-02 10:00:00,0,614H0033,0,,,1,0,0
B032,2024-08-02 10:00:00,1,614E1550,0.08820381265,4.02,274.53,1,1,1
B032,2024-08-02 11:00:00,0,614H0033,0,,,1,0,0
B032,2024-08-02 11:00:00,1,614E1550,0.05234300549,4.02,274.53,1,1,1
B032,2024-08-02 12:00:00,0,614H0033,0.12361418,,,1,0,0
B032,2024-08-02 12:00:00,1,614E1550,0.03409591703,4.02,274.53,1,1,1
B032,2024-08-02 13:00:00,0,614H0033,0,,,1,0,0
B032,2024-08-02 13:00:00,1,614E1550,0,4.02,274.53,1,1,1
B032,2024-08-02 14:00:00,0,614H0033,0.02434423035,,,1,0,0
B032,2024-08-02 14:00:00,1,614E1550,0.01918996108,4.02,274.53,1,1,1
B032,2024-08-02 15:00:00,0,614H0033,0.04868846071,,,1,0,0
B032,2024-08-02 15:00:00,1,614E1550,0.02461491614,4.02,274.53,1,1,1
B032,2024-08-02 16:00:00,0,614H0033,0.1170843786,,,1,0,0
B032,2024-08-02 16:00:00,1,614E1550,0.0002476883364,4.02,274.53,1,1,1
B032,2024-08-02 17:00:00,0,614H0033,0.002704914484,,,1,0,0
B032,2024-08-02 17:00:00,1,614E1550,0.0005140421805,3.68,274.52,1,1,1
B032,2024-08-02 18:00:00,0,614H0033,0,,,1,0,0
B032,2024-08-02 18:00:00,1,614E1550,0,3.68,274.52,1,1,1
B032,2024-08-02 19:00:00,0,614H0033,0,,,1,0,0
B032,2024-08-02 19:00:00,1,614E1550,0,3.68,274.52,1,1,1
B032,2024-08-02 20:00:00,0,614H0033,0,,,1,0,0
B032,2024-08-02 20:00:00,1,614E1550,0,3.68,274.52,1,1,1
B032,2024-08-02 21:00:00,0,614H0033,0,,,1,0,0
B032,2024-08-02 21:00:00,1,614E1550,0,3.34,274.51,1,1,1
B032,2024-08-02 22:00:00,0,614H0033,0,,,1,0,0
B032,2024-08-02 22:00:00,1,614E1550,0,3.68,274.52,1,1,1
B032,2024-08-02 23:00:00,0,614H0033,0,,,1,0,0
B032,2024-08-02 23:00:00,1,614E1550,0,3.34,274.51,1,1,1
B032,2024-08-03 00:00:00,0,614H0033,0,,,1,0,0
B032,2024-08-03 00:00:00,1,614E1550,0,3.34,274.51,1,1,1
B032,2024-08-03 01:00:00,0,614H0033,0,,,1,0,0
B032,2024-08-03 01:00:00,1,614E1550,0,3.34,274.51,1,1,1
B032,2024-08-03 02:00:00,0,614H0033,0,,,1,0,0
B032,2024-08-03 02:00:00,1,614E1550,0,3.35,274.51,1,1,1
B032,2024-08-03 03:00:00,0,614H0033,0,,,1,0,0
B032,2024-08-03 03:00:00,1,614E1550,0,3.35,274.51,1,1,1
B032,2024-08-03 04:00:00,0,614H0033,0,,,1,0,0
B032,2024-08-03 04:00:00,1,614E1550,0,3.34,274.51,1,1,1
B032,2024-08-03 05:00:00,0,614H0033,0,,,1,0,0
B032,2024-08-03 05:00:00,1,614E1550,0,3.34,274.51,1,1,1
B032,2024-08-03 06:00:00,0,614H0033,0,,,1,0,0
B032,2024-08-03 06:00:00,1,614E1550,0,3.34,274.51,1,1,1
B032,2024-08-03 07:00:00,0,614H0033,0.3164361642,,,1,0,0
B032,2024-08-03 07:00:00,1,614E1550,0.09022176502,3.34,274.51,1,1,1
B032,2024-08-03 08:00:00,0,614H0033,0,,,1,0,0
B032,2024-08-03 08:00:00,1,614E1550,0,3.34,274.51,1,1,1
B032,2024-08-03 09:00:00,0,614H0033,0,,,1,0,0
B032,2024-08-03 09:00:00,1,614E1550,0,3.34,274.51,1,1,1
B032,2024-08-03 10:00:00,0,614H0033,0,,,1,0,0
B032,2024-08-03 10:00:00,1,614E1550,0,3,274.5,1,1,1
B032,2024-08-03 11:00:00,0,614H0033,0,,,1,0,0
B032,2024-08-03 11:00:00,1,614E1550,0,3,274.5,1,1,1
B032,2024-08-03 12:00:00,0,614H0033,0,,,1,0,0
B032,2024-08-03 12:00:00,1,614E1550,0,3.02,274.5,1,1,1
B032,2025-02-28 16:00:00,0,614H0033,0,,,1,0,0
B032,2025-02-28 16:00:00,1,614E1550,0,2.01,274.46,1,1,1
B032,2025-02-28 17:00:00,0,614H0033,0,,,1,0,0
B032,2025-02-28 17:00:00,1,614E1550,0,2,274.46,1,1,1
B032,2025-02-28 18:00:00,0,614H0033,0,,,1,0,0
B032,2025-02-28 18:00:00,1,614E1550,0,2,274.46,1,1,1
B032,2025-02-28 19:00:00,0,614H0033,0,,,1,0,0
B032,2025-02-28 19:00:00,1,614E1550,0,2,274.46,1,1,1
B032,2025-02-28 20:00:00,0,614H0033,0,,,1,0,0
B032,2025-02-28 20:00:00,1,614E1550,0,2,274.46,1,1,1
B032,2025-02-28 21:00:00,0,614H0033,0,,,1,0,0
B032,2025-02-28 21:00:00,1,614E1550,0,2,274.46,1,1,1
B032,2025-02-28 22:00:00,0,614H0033,0,,,1,0,0
B032,2025-02-28 22:00:00,1,614E1550,0,1.75,274.45,1,1,1
B032,2025-02-28 23:00:00,0,614H0033,0,,,1,0,0
B032,2025-02-28 23:00:00,1,614E1550,0,1.75,274.45,1,1,1
B032,2025-03-01 00:00:00,0,614H0033,0,,,1,0,0
B032,2025-03-01 00:00:00,1,614E1550,0,1.75,274.45,1,1,1
B032,2025-03-01 01:00:00,0,614H0033,0,,,1,0,0
B032,2025-03-01 01:00:00,1,614E1550,0,1.76,274.45,1,1,1
B032,2025-03-01 02:00:00,0,614H0033,0,,,1,0,0
B032,2025-03-01 02:00:00,1,614E1550,0,2.01,274.46,1,1,1
B032,2025-03-01 03:00:00,0,614H0033,0,,,1,0,0
B032,2025-03-01 03:00:00,1,614E1550,0,2,274.46,1,1,1
B032,2025-03-01 04:00:00,0,614H0033,0,,,1,0,0
B032,2025-03-01 04:00:00,1,614E1550,0,2,274.46,1,1,1
B032,2025-03-01 05:00:00,0,614H0033,0,,,1,0,0
B032,2025-03-01 05:00:00,1,614E1550,0,2,274.46,1,1,1
B032,2025-03-01 06:00:00,0,614H0033,0,,,1,0,0
B032,2025-03-01 06:00:00,1,614E1550,0,2,274.46,1,1,1
B032,2025-03-01 07:00:00,0,614H0033,0,,,1,0,0
B032,2025-03-01 07:00:00,1,614E1550,0,1.75,274.45,1,1,1
B032,2025-03-01 08:00:00,0,614H0033,0,,,1,0,0
B032,2025-03-01 08:00:00,1,614E1550,0,1.75,274.45,1,1,1
B032,2025-03-01 09:00:00,0,614H0033,0,,,1,0,0
B032,2025-03-01 09:00:00,1,614E1550,0,1.75,274.45,1,1,1
B032,2025-03-01 10:00:00,0,614H0033,0,,,1,0,0
B032,2025-03-01 10:00:00,1,614E1550,0,1.75,274.45,1,1,1
B032,2025-03-01 11:00:00,0,614H0033,0,,,1,0,0
B032,2025-03-01 11:00:00,1,614E1550,0,1.75,274.45,1,1,1
B032,2025-03-01 12:00:00,0,614H0033,0,,,1,0,0
B032,2025-03-01 12:00:00,1,614E1550,0,2.01,274.46,1,1,1
B032,2025-03-01 13:00:00,0,614H0033,0,,,1,0,0
B032,2025-03-01 13:00:00,1,614E1550,0,1.76,274.45,1,1,1
B032,2025-03-01 14:00:00,0,614H0033,0,,,1,0,0
B032,2025-03-01 14:00:00,1,614E1550,0,1.75,274.45,1,1,1
B032,2025-03-01 15:00:00,0,614H0033,0,,,1,0,0
B032,2025-03-01 15:00:00,1,614E1550,0,1.75,274.45,1,1,1
B032,2025-03-01 16:00:00,0,614H0033,0,,,1,0,0
B032,2025-03-01 16:00:00,1,614E1550,0,1.75,274.45,1,1,1
B032,2025-03-01 17:00:00,0,614H0033,0,,,1,0,0
B032,2025-03-01 17:00:00,1,614E1550,0,1.75,274.45,1,1,1
B032,2025-03-01 18:00:00,0,614H0033,0,,,1,0,0
B032,2025-03-01 18:00:00,1,614E1550,0,1.75,274.45,1,1,1
B032,2025-03-01 19:00:00,0,614H0033,0,,,1,0,0
B032,2025-03-01 19:00:00,1,614E1550,0,1.75,274.45,1,1,1
B032,2025-03-01 20:00:00,0,614H0033,0,,,1,0,0
B032,2025-03-01 20:00:00,1,614E1550,0,1.75,274.45,1,1,1
B032,2025-03-01 21:00:00,0,614H0033,0,,,1,0,0
B032,2025-03-01 21:00:00,1,614E1550,0,1.75,274.45,1,1,1
B032,2025-03-01 22:00:00,0,614H0033,0,,,1,0,0
B032,2025-03-01 22:00:00,1,614E1550,0,1.75,274.45,1,1,1
B032,2025-03-01 23:00:00,0,614H0033,0,,,1,0,0
B032,2025-03-01 23:00:00,1,614E1550,0,1.51,274.44,1,1,1
B032,2025-03-02 00:00:00,0,614H0033,0,,,1,0,0
B032,2025-03-02 00:00:00,1,614E1550,0,1.51,274.44,1,1,1
B032,2025-03-02 01:00:00,0,614H0033,0,,,1,0,0
B032,2025-03-02 01:00:00,1,614E1550,0,1.5,274.44,1,1,1
B032,2025-03-02 02:00:00,0,614H0033,0,,,1,0,0
B032,2025-03-02 02:00:00,1,614E1550,0,1.5,274.44,1,1,1
B032,2025-03-02 03:00:00,0,614H0033,0,,,1,0,0
B032,2025-03-02 03:00:00,1,614E1550,0,1.75,274.45,1,1,1
B032,2025-03-02 04:00:00,0,614H0033,0,,,1,0,0
B032,2025-03-02 04:00:00,1,614E1550,0,1.75,274.45,1,1,1
B032,2025-03-02 05:00:00,0,614H0033,0,,,1,0,0
B032,2025-03-02 05:00:00,1,614E1550,0,1.75,274.45,1,1,1
B032,2025-03-02 06:00:00,0,614H0033,0,,,1,0,0
B032,2025-03-02 06:00:00,1,614E1550,0,1.75,274.45,1,1,1
B032,2025-03-02 07:00:00,0,614H0033,0,,,1,0,0
B032,2025-03-02 07:00:00,1,614E1550,0,1.75,274.45,1,1,1
B032,2025-03-02 08:00:00,0,614H0033,0,,,1,0,0
B032,2025-03-02 08:00:00,1,614E1550,0,1.75,274.45,1,1,1
B032,2025-03-02 09:00:00,0,614H0033,0,,,1,0,0
B032,2025-03-02 09:00:00,1,614E1550,0,1.75,274.45,1,1,1
B032,2025-03-02 10:00:00,0,614H0033,0,,,1,0,0
B032,2025-03-02 10:00:00,1,614E1550,0,1.76,274.45,1,1,1
B032,2025-03-02 11:00:00,0,614H0033,0,,,1,0,0
B032,2025-03-02 11:00:00,1,614E1550,0,1.75,274.45,1,1,1
B032,2025-03-02 12:00:00,0,614H0033,0,,,1,0,0
B032,2025-03-02 12:00:00,1,614E1550,0,1.75,274.45,1,1,1
B032,2025-03-02 13:00:00,0,614H0033,0,,,1,0,0
B032,2025-03-02 13:00:00,1,614E1550,0,1.75,274.45,1,1,1
B032,2025-03-02 14:00:00,0,614H0033,0,,,1,0,0
B032,2025-03-02 14:00:00,1,614E1550,0,1.75,274.45,1,1,1
B032,2025-03-02 15:00:00,0,614H0033,0,,,1,0,0
B032,2025-03-02 15:00:00,1,614E1550,0,1.75,274.45,1,1,1
B032,2025-03-02 16:00:00,0,614H0033,0.1170843786,,,1,0,0
B032,2025-03-02 16:00:00,1,614E1550,0.0002476883364,1.75,274.45,1,1,1
B032,2025-03-02 17:00:00,0,614H0033,0.1170843786,,,1,0,0
B032,2025-03-02 17:00:00,1,614E1550,0.1254259607,1.75,274.45,1,1,1
B032,2025-03-02 18:00:00,0,614H0033,0,,,1,0,0
B032,2025-03-02 18:00:00,1,614E1550,0.03160572635,1.75,274.45,1,1,1
B032,2025-03-02 19:00:00,0,614H0033,0,,,1,0,0
B032,2025-03-02 19:00:00,1,614E1550,0,1.75,274.45,1,1,1
B032,2025-03-02 20:00:00,0,614H0033,0,,,1,0,0
B032,2025-03-02 20:00:00,1,614E1550,0,1.75,274.45,1,1,1
B032,2025-03-02 21:00:00,0,614H0033,0,,,1,0,0
B032,2025-03-02 21:00:00,1,614E1550,0,1.76,274.45,1,1,1
B032,2025-03-02 22:00:00,0,614H0033,0,,,1,0,0
B032,2025-03-02 22:00:00,1,614E1550,0,1.75,274.45,1,1,1
B032,2025-03-02 23:00:00,0,614H0033,0,,,1,0,0
B032,2025-03-02 23:00:00,1,614E1550,0.243285363,1.75,274.45,1,1,1
B032,2025-03-03 00:00:00,0,614H0033,1.320577172,,,1,0,0
B032,2025-03-03 00:00:00,1,614E1550,2.316454983,1.75,274.45,1,1,1
B032,2025-03-03 01:00:00,0,614H0033,4.683827191,,,1,0,0
B032,2025-03-03 01:00:00,1,614E1550,3.174264165,1.75,274.45,1,1,1
B032,2025-03-03 02:00:00,0,614H0033,2.764768523,,,1,0,0
B032,2025-03-03 02:00:00,1,614E1550,1.709116277,2.25,274.47,1,1,1
B032,2025-03-03 03:00:00,0,614H0033,1.56127573,,,1,0,0
B032,2025-03-03 03:00:00,1,614E1550,0.658089662,3,274.5,1,1,1
B032,2025-03-03 04:00:00,0,614H0033,0.2406985586,,,1,0,0
B032,2025-03-03 04:00:00,1,614E1550,0.1621081398,3,274.5,1,1,1
B032,2025-03-03 05:00:00,0,614H0033,0.3643127387,,,1,0,0
B032,2025-03-03 05:00:00,1,614E1550,0.2045075257,3,274.5,1,1,1
B032,2025-03-03 06:00:00,0,614H0033,0.12361418,,,1,0,0
B032,2025-03-03 06:00:00,1,614E1550,0.04747496918,3.34,274.51,1,1,1
B032,2025-03-03 07:00:00,0,614H0033,11.29324285,,,1,0,0
B032,2025-03-03 07:00:00,1,614E1550,4.093227481,6.35,274.6,1,1,1
B032,2025-03-03 08:00:00,0,614H0033,0,,,1,0,0
B032,2025-03-03 08:00:00,1,614E1550,0,7.77,274.63,1,1,1
B032,2025-03-03 09:00:00,0,614H0033,0,,,1,0,0
B032,2025-03-03 09:00:00,1,614E1550,0.1374455447,10.2,274.68,1,1,1
B032,2025-03-03 10:00:00,0,614H0033,0.5919516943,,,1,0,0
B032,2025-03-03 10:00:00,1,614E1550,0.5198779069,10.2,274.68,1,1,1
B032,2025-03-03 11:00:00,0,614H0033,0.2341687572,,,1,0,0
B032,2025-03-03 11:00:00,1,614E1550,0.5137898632,10.2,274.68,1,1,1
B032,2025-03-03 12:00:00,0,614H0033,0.4813971172,,,1,0,0
B032,2025-03-03 12:00:00,1,614E1550,0.6714127685,10.2,274.68,1,1,1
B032,2025-03-03 13:00:00,0,614H0033,0.3577829372,,,1,0,0
B032,2025-03-03 13:00:00,1,614E1550,0.1677897295,9.69,274.67,1,1,1
B032,2025-03-03 14:00:00,0,614H0033,0.12361418,,,1,0,0
B032,2025-03-03 14:00:00,1,614E1550,0.02243931471,9.69,274.67,1,1,1
B032,2025-03-03 15:00:00,0,614H0033,0,,,1,0,0
B032,2025-03-03 15:00:00,1,614E1550,0.06264051094,9.22,274.66,1,1,1
B032,2025-03-03 16:00:00,0,614H0033,0.1170843786,,,1,0,0
B032,2025-03-03 16:00:00,1,614E1550,0.063732066,9.22,274.66,1,1,1
B032,2025-03-03 17:00:00,0,614H0033,0,,,1,0,0
B032,2025-03-03 17:00:00,1,614E1550,0,9.22,274.66,1,1,1
B032,2025-03-03 18:00:00,0,614H0033,0,,,1,0,0
B032,2025-03-03 18:00:00,1,614E1550,0,9.68,274.67,1,1,1
B032,2025-03-03 19:00:00,0,614H0033,0,,,1,0,0
B032,2025-03-03 19:00:00,1,614E1550,0,9.69,274.67,1,1,1
B032,2025-03-03 20:00:00,0,614H0033,0,,,1,0,0
B032,2025-03-03 20:00:00,1,614E1550,0.01886602877,9.22,274.66,1,1,1
B032,2025-03-03 21:00:00,0,614H0033,0,,,1,0,0
B032,2025-03-03 21:00:00,1,614E1550,0.03160572635,9.22,274.66,1,1,1
B032,2025-03-03 22:00:00,0,614H0033,0,,,1,0,0
B032,2025-03-03 22:00:00,1,614E1550,0,9.22,274.66,1,1,1
B032,2025-03-03 23:00:00,0,614H0033,0,,,1,0,0
B032,2025-03-03 23:00:00,1,614E1550,0,8.75,274.65,1,1,1
B032,2025-03-04 00:00:00,0,614H0033,0,,,1,0,0
B032,2025-03-04 00:00:00,1,614E1550,0,8.75,274.65,1,1,1
B032,2025-03-04 01:00:00,0,614H0033,0,,,1,0,0
B032,2025-03-04 01:00:00,1,614E1550,0,8.28,274.64,1,1,1
B032,2025-03-04 02:00:00,0,614H0033,0,,,1,0,0
B032,2025-03-04 02:00:00,1,614E1550,0,8.28,274.64,1,1,1
B032,2025-03-04 03:00:00,0,614H0033,0,,,1,0,0
B032,2025-03-04 03:00:00,1,614E1550,0,7.81,274.63,1,1,1
B032,2025-03-04 04:00:00,0,614H0033,0,,,1,0,0
B032,2025-03-04 04:00:00,1,614E1550,0,7.77,274.63,1,1,1
B032,2025-03-04 05:00:00,0,614H0033,0,,,1,0,0
B032,2025-03-04 05:00:00,1,614E1550,0.005575663506,7.34,274.62,1,1,1
B032,2025-03-04 06:00:00,0,614H0033,0,,,1,0,0
B032,2025-03-04 06:00:00,1,614E1550,0.005575663506,7.34,274.62,1,1,1
B032,2025-03-04 07:00:00,0,614H0033,1.287928164,,,1,0,0
B032,2025-03-04 07:00:00,1,614E1550,0.5369428205,6.87,274.61,1,1,1
B032,2025-03-04 08:00:00,0,614H0033,0,,,1,0,0
B032,2025-03-04 08:00:00,1,614E1550,0.08277975591,6.87,274.61,1,1,1
B032,2025-03-04 09:00:00,0,614H0033,0,,,1,0,0
B032,2025-03-04 09:00:00,1,614E1550,0.1647153739,6.87,274.61,1,1,1
B032,2025-03-04 10:00:00,0,614H0033,0,,,1,0,0
B032,2025-03-04 10:00:00,1,614E1550,0.1533848731,,,1,0,0
B032,2025-03-04 11:00:00,0,614H0033,0,,,1,0,0
B032,2025-03-04 11:00:00,1,614E1550,0.1738912103,,,1,0,0
B032,2025-03-04 12:00:00,0,614H0033,0,,,1,0,0
B032,2025-03-04 12:00:00,1,614E1550,0.1997607236,,,1,0,0
B032,2025-03-04 13:00:00,0,614H0033,0.3512531357,,,1,0,0
B032,2025-03-04 13:00:00,1,614E1550,0.07509996187,,,1,0,0
B032,2025-03-04 14:00:00,0,614H0033,0.1170843786,,,1,0,0
B032,2025-03-04 14:00:00,1,614E1550,0.03185341469,,,1,0,0
B032,2025-03-04 15:00:00,0,614H0033,0.1170843786,,,1,0,0
B032,2025-03-04 15:00:00,1,614E1550,0.07535465174,,,1,0,0
B032,2025-03-04 16:00:00,0,614H0033,0,,,1,0,0
B032,2025-03-04 16:00:00,1,614E1550,0.01456358146,,,1,0,0
B032,2025-03-04 17:00:00,0,614H0033,0.1170843786,,,1,0,0
B032,2025-03-04 17:00:00,1,614E1550,0.0002476883364,,,1,0,0
B032,2025-03-04 18:00:00,0,614H0033,0,,,1,0,0
B032,2025-03-04 18:00:00,1,614E1550,0,,,1,0,0
B032,2025-03-04 19:00:00,0,614H0033,0,,,1,0,0
B032,2025-03-04 19:00:00,1,614E1550,0,,,1,0,0
B032,2025-03-04 20:00:00,0,614H0033,0,,,1,0,0
B032,2025-03-04 20:00:00,1,614E1550,0,,,1,0,0
B032,2025-03-04 21:00:00,0,614H0033,0,,,1,0,0
B032,2025-03-04 21:00:00,1,614E1550,0,,,1,0,0
B032,2025-03-04 22:00:00,0,614H0033,0,,,1,0,0
B032,2025-03-04 22:00:00,1,614E1550,0,,,1,0,0
B032,2025-03-04 23:00:00,0,614H0033,0,,,1,0,0
B032,2025-03-04 23:00:00,1,614E1550,0,,,1,0,0
B032,2025-03-05 00:00:00,0,614H0033,0,,,1,0,0
B032,2025-03-05 00:00:00,1,614E1550,0,,,1,0,0
B032,2025-03-05 01:00:00,0,614H0033,0,,,1,0,0
B032,2025-03-05 01:00:00,1,614E1550,0,,,1,0,0
B032,2025-03-05 02:00:00,0,614H0033,0,,,1,0,0
B032,2025-03-05 02:00:00,1,614E1550,0,,,1,0,0
B032,2025-03-05 03:00:00,0,614H0033,0,,,1,0,0
B032,2025-03-05 03:00:00,1,614E1550,0,,,1,0,0
B032,2025-03-05 04:00:00,0,614H0033,0.1170843786,,,1,0,0
B032,2025-03-05 04:00:00,1,614E1550,0.0002476883364,,,1,0,0
B032,2025-03-05 05:00:00,0,614H0033,0.1170843786,,,1,0,0
B032,2025-03-05 05:00:00,1,614E1550,0.1568468492,,,1,0,0
B032,2025-03-05 06:00:00,0,614H0033,0.3512531357,,,1,0,0
B032,2025-03-05 06:00:00,1,614E1550,0.03876270994,,,1,0,0
B032,2025-03-05 07:00:00,0,614H0033,1.287928164,,,1,0,0
B032,2025-03-05 07:00:00,1,614E1550,0.3944685369,,,1,0,0
B032,2025-03-05 08:00:00,0,614H0033,0.2341687572,,,1,0,0
B032,2025-03-05 08:00:00,1,614E1550,0.1643669852,,,1,0,0
B032,2025-03-05 09:00:00,0,614H0033,0.2341687572,,,1,0,0
B032,2025-03-05 09:00:00,1,614E1550,0.2677282402,,,1,0,0
B032,2025-03-05 10:00:00,0,614H0033,0.2341687572,,,1,0,0
B032,2025-03-05 10:00:00,1,614E1550,0.3084302981,,,1,0,0
B032,2025-03-05 11:00:00,0,614H0033,0.1170843786,,,1,0,0
B032,2025-03-05 11:00:00,1,614E1550,0.2191807141,,,1,0,0
B032,2025-03-05 12:00:00,0,614H0033,0.1170843786,,,1,0,0
B032,2025-03-05 12:00:00,1,614E1550,0.2191807141,,,1,0,0
B032,2025-03-05 13:00:00,0,614H0033,0,,,1,0,0
B032,2025-03-05 13:00:00,1,614E1550,0.2596350837,,,1,0,0
B032,2025-03-05 14:00:00,0,614H0033,0.1170843786,,,1,0,0
B032,2025-03-05 14:00:00,1,614E1550,0.144088093,,,1,0,0
B032,2025-03-05 15:00:00,0,614H0033,0.1170843786,,,1,0,0
B032,2025-03-05 15:00:00,1,614E1550,0.137693233,,,1,0,0
B032,2025-03-05 16:00:00,0,614H0033,0,,,1,0,0
B032,2025-03-05 16:00:00,1,614E1550,0.2702028639,,,1,0,0
B032,2025-03-05 17:00:00,0,614H0033,0,,,1,0,0
B032,2025-03-05 17:00:00,1,614E1550,0.04828077908,,,1,0,0
B032,2025-03-05 18:00:00,0,614H0033,0,,,1,0,0
B032,2025-03-05 18:00:00,1,614E1550,0.03371719762,,,1,0,0
B032,2025-03-05 19:00:00,0,614H0033,0,,,1,0,0
B032,2025-03-05 19:00:00,1,614E1550,0,,,1,0,0
B032,2025-03-05 20:00:00,0,614H0033,0,,,1,0,0
B032,2025-03-05 20:00:00,1,614E1550,0,,,1,0,0
B032,2025-03-05 21:00:00,0,614H0033,0,,,1,0,0
B032,2025-03-05 21:00:00,1,614E1550,0.01915361616,,,1,0,0
B032,2025-03-05 22:00:00,0,614H0033,0,,,1,0,0
B032,2025-03-05 22:00:00,1,614E1550,0,,,1,0,0
B032,2025-03-11 17:00:00,0,614H0033,0,,,1,0,0
B032,2025-03-11 17:00:00,1,614E1550,0.0939586499,3.34,274.51,1,1,1
B032,2025-03-11 18:00:00,0,614H0033,0,,,1,0,0
B032,2025-03-11 18:00:00,1,614E1550,0.02503565447,3.34,274.51,1,1,1
B032,2025-03-11 19:00:00,0,614H0033,0,,,1,0,0
B032,2025-03-11 19:00:00,1,614E1550,0,3.34,274.51,1,1,1
B032,2025-03-11 20:00:00,0,614H0033,0,,,1,0,0
B032,2025-03-11 20:00:00,1,614E1550,0,3.34,274.51,1,1,1
B032,2025-03-11 21:00:00,0,614H0033,0,,,1,0,0
B032,2025-03-11 21:00:00,1,614E1550,0,3.34,274.51,1,1,1
B032,2025-03-11 22:00:00,0,614H0033,0,,,1,0,0
B032,2025-03-11 22:00:00,1,614E1550,0,3.34,274.51,1,1,1
B032,2025-03-11 23:00:00,0,614H0033,0,,,1,0,0
B032,2025-03-11 23:00:00,1,614E1550,0,3,274.5,1,1,1
B032,2025-03-12 00:00:00,0,614H0033,0,,,1,0,0
B032,2025-03-12 00:00:00,1,614E1550,0,3,274.5,1,1,1
B032,2025-03-12 01:00:00,0,614H0033,0,,,1,0,0
B032,2025-03-12 01:00:00,1,614E1550,0,3,274.5,1,1,1
B032,2025-03-12 02:00:00,0,614H0033,0,,,1,0,0
B032,2025-03-12 02:00:00,1,614E1550,0,3.02,274.5,1,1,1
B032,2025-03-12 03:00:00,0,614H0033,0,,,1,0,0
B032,2025-03-12 03:00:00,1,614E1550,0,3.02,274.5,1,1,1
B032,2025-03-12 04:00:00,0,614H0033,0,,,1,0,0
B032,2025-03-12 04:00:00,1,614E1550,0,3,274.5,1,1,1
B032,2025-03-12 05:00:00,0,614H0033,0,,,1,0,0
B032,2025-03-12 05:00:00,1,614E1550,0,3,274.5,1,1,1
B032,2025-03-12 06:00:00,0,614H0033,0,,,1,0,0
B032,2025-03-12 06:00:00,1,614E1550,0,3,274.5,1,1,1
B032,2025-03-12 07:00:00,0,614H0033,0,,,1,0,0
B032,2025-03-12 07:00:00,1,614E1550,0.09564665455,2.75,274.49,1,1,1
B032,2025-03-12 08:00:00,0,614H0033,0.12361418,,,1,0,0
B032,2025-03-12 08:00:00,1,614E1550,0.0811921668,2.75,274.49,1,1,1
B032,2025-03-12 09:00:00,0,614H0033,0.1170843786,,,1,0,0
B032,2025-03-12 09:00:00,1,614E1550,0.0002476883364,2.75,274.49,1,1,1
B032,2025-03-12 10:00:00,0,614H0033,0,,,1,0,0
B032,2025-03-12 10:00:00,1,614E1550,0.04348689478,2.75,274.49,1,1,1
B032,2025-03-12 11:00:00,0,614H0033,0,,,1,0,0
B032,2025-03-12 11:00:00,1,614E1550,0,2.75,274.49,1,1,1
B032,2025-03-12 12:00:00,0,614H0033,0,,,1,0,0
B032,2025-03-12 12:00:00,1,614E1550,0,2.75,274.49,1,1,1
B032,2025-03-12 13:00:00,0,614H0033,0,,,1,0,0
B032,2025-03-12 13:00:00,1,614E1550,0,2.77,274.49,1,1,1
B032,2025-03-12 14:00:00,0,614H0033,0,,,1,0,0
B032,2025-03-12 14:00:00,1,614E1550,0,2.75,274.49,1,1,1
B032,2025-03-12 15:00:00,0,614H0033,0,,,1,0,0
B032,2025-03-12 15:00:00,1,614E1550,0,2.75,274.49,1,1,1
B032,2025-03-12 16:00:00,0,614H0033,0,,,1,0,0
B032,2025-03-12 16:00:00,1,614E1550,0,2.75,274.49,1,1,1
B032,2025-03-12 17:00:00,0,614H0033,0,,,1,0,0
B032,2025-03-12 17:00:00,1,614E1550,0,2.75,274.49,1,1,1
B032,2025-03-12 18:00:00,0,614H0033,0,,,1,0,0
B032,2025-03-12 18:00:00,1,614E1550,0,2.75,274.49,1,1,1
B032,2025-03-12 19:00:00,0,614H0033,0,,,1,0,0
B032,2025-03-12 19:00:00,1,614E1550,0,2.75,274.49,1,1,1
B032,2025-03-12 20:00:00,0,614H0033,0,,,1,0,0
B032,2025-03-12 20:00:00,1,614E1550,0,2.75,274.49,1,1,1
B032,2025-03-12 21:00:00,0,614H0033,0,,,1,0,0
B032,2025-03-12 21:00:00,1,614E1550,0,2.75,274.49,1,1,1
B032,2025-03-12 22:00:00,0,614H0033,0,,,1,0,0
B032,2025-03-12 22:00:00,1,614E1550,0,2.75,274.49,1,1,1
B032,2025-03-12 23:00:00,0,614H0033,0,,,1,0,0
B032,2025-03-12 23:00:00,1,614E1550,0,2.77,274.49,1,1,1
B032,2025-03-13 00:00:00,0,614H0033,0,,,1,0,0
B032,2025-03-13 00:00:00,1,614E1550,0,2.52,274.48,1,1,1
B032,2025-03-13 01:00:00,0,614H0033,0,,,1,0,0
B032,2025-03-13 01:00:00,1,614E1550,0,2.5,274.48,1,1,1
B032,2025-03-13 02:00:00,0,614H0033,0,,,1,0,0
B032,2025-03-13 02:00:00,1,614E1550,0,2.5,274.48,1,1,1
B032,2025-03-13 03:00:00,0,614H0033,0,,,1,0,0
B032,2025-03-13 03:00:00,1,614E1550,0,2.5,274.48,1,1,1
B032,2025-03-13 04:00:00,0,614H0033,0,,,1,0,0
B032,2025-03-13 04:00:00,1,614E1550,0,2.5,274.48,1,1,1
B032,2025-03-13 05:00:00,0,614H0033,0,,,1,0,0
B032,2025-03-13 05:00:00,1,614E1550,0.03160572635,2.5,274.48,1,1,1
B032,2025-03-13 06:00:00,0,614H0033,0.2341687572,,,1,0,0
B032,2025-03-13 06:00:00,1,614E1550,0.0227980307,2.5,274.48,1,1,1
B032,2025-03-13 07:00:00,0,614H0033,0.3512531357,,,1,0,0
B032,2025-03-13 07:00:00,1,614E1550,0.1295879132,2.5,274.48,1,1,1
B032,2025-03-13 08:00:00,0,614H0033,0,,,1,0,0
B032,2025-03-13 08:00:00,1,614E1550,0,2.5,274.48,1,1,1
B032,2025-03-13 09:00:00,0,614H0033,0,,,1,0,0
B032,2025-03-13 09:00:00,1,614E1550,0,2.5,274.48,1,1,1
B032,2025-03-13 10:00:00,0,614H0033,0,,,1,0,0
B032,2025-03-13 10:00:00,1,614E1550,0,2.52,274.48,1,1,1
B032,2025-03-13 11:00:00,0,614H0033,0,,,1,0,0
B032,2025-03-13 11:00:00,1,614E1550,0,2.5,274.48,1,1,1
B032,2025-03-13 12:00:00,0,614H0033,0,,,1,0,0
B032,2025-03-13 12:00:00,1,614E1550,0,2.5,274.48,1,1,1
B032,2025-03-13 13:00:00,0,614H0033,0,,,1,0,0
B032,2025-03-13 13:00:00,1,614E1550,0,2.5,274.48,1,1,1
B032,2025-03-13 14:00:00,0,614H0033,0,,,1,0,0
B032,2025-03-13 14:00:00,1,614E1550,0,2.5,274.48,1,1,1
B032,2025-03-13 15:00:00,0,614H0033,0,,,1,0,0
B032,2025-03-13 15:00:00,1,614E1550,0,2.5,274.48,1,1,1
B032,2025-03-13 16:00:00,0,614H0033,0,,,1,0,0
B032,2025-03-13 16:00:00,1,614E1550,0,2.5,274.48,1,1,1
B032,2025-03-13 17:00:00,0,614H0033,0.3512531357,,,1,0,0
B032,2025-03-13 17:00:00,1,614E1550,0.06653261382,2.25,274.47,1,1,1
B032,2025-03-13 18:00:00,0,614H0033,0.4683375143,,,1,0,0
B032,2025-03-13 18:00:00,1,614E1550,0.2699591141,2.5,274.48,1,1,1
B032,2025-03-13 19:00:00,0,614H0033,0,,,1,0,0
B032,2025-03-13 19:00:00,1,614E1550,0,2.5,274.48,1,1,1
B032,2025-03-13 20:00:00,0,614H0033,0.2341687572,,,1,0,0
B032,2025-03-13 20:00:00,1,614E1550,0.03110669465,2.77,274.49,1,1,1
B032,2025-03-13 21:00:00,0,614H0033,0,,,1,0,0
B032,2025-03-13 21:00:00,1,614E1550,0,2.77,274.49,1,1,1
B032,2025-03-13 22:00:00,0,614H0033,0,,,1,0,0
B032,2025-03-13 22:00:00,1,614E1550,0,2.75,274.49,1,1,1
B032,2025-03-13 23:00:00,0,614H0033,0,,,1,0,0
B032,2025-03-13 23:00:00,1,614E1550,0,2.75,274.49,1,1,1
B032,2025-03-14 00:00:00,0,614H0033,0,,,1,0,0
B032,2025-03-14 00:00:00,1,614E1550,0,2.75,274.49,1,1,1
B032,2025-03-14 01:00:00,0,614H0033,0,,,1,0,0
B032,2025-03-14 01:00:00,1,614E1550,0,2.75,274.49,1,1,1
B032,2025-03-14 02:00:00,0,614H0033,0.2341687572,,,1,0,0
B032,2025-03-14 02:00:00,1,614E1550,0.2478447826,2.75,274.49,1,1,1
B032,2025-03-14 03:00:00,0,614H0033,1.170843786,,,1,0,0
B032,2025-03-14 03:00:00,1,614E1550,1.085435602,2.75,274.49,1,1,1
B032,2025-03-14 04:00:00,0,614H0033,1.756265679,,,1,0,0
B032,2025-03-14 04:00:00,1,614E1550,1.841795134,2.75,274.49,1,1,1
B032,2025-03-14 05:00:00,0,614H0033,0.4683375143,,,1,0,0
B032,2025-03-14 05:00:00,1,614E1550,0.7036574905,3.34,274.51,1,1,1
B032,2025-03-14 06:00:00,0,614H0033,0.5854218929,,,1,0,0
B032,2025-03-14 06:00:00,1,614E1550,1.001233785,3.69,274.52,1,1,1
B032,2025-03-14 07:00:00,0,614H0033,0.9366750286,,,1,0,0
B032,2025-03-14 07:00:00,1,614E1550,0.9391307511,3.69,274.52,1,1,1
B032,2025-03-14 08:00:00,0,614H0033,0.4683375143,,,1,0,0
B032,2025-03-14 08:00:00,1,614E1550,0.9544885464,4.02,274.53,1,1,1
B032,2025-03-14 09:00:00,0,614H0033,1.522096921,,,1,0,0
B032,2025-03-14 09:00:00,1,614E1550,0.8263061037,7.81,274.63,1,1,1
B032,2025-03-14 10:00:00,0,614H0033,0.2341687572,,,1,0,0
B032,2025-03-14 10:00:00,1,614E1550,0.1951428145,11.8,274.71,1,1,1
B032,2025-03-14 11:00:00,0,614H0033,0.81959065,,,1,0,0
B032,2025-03-14 11:00:00,1,614E1550,0.5233759063,17.2,274.79,1,1,1
B032,2025-03-14 12:00:00,0,614H0033,0.2341687572,,,1,0,0
B032,2025-03-14 12:00:00,1,614E1550,0.2636522405,22.3,274.84,1,1,1
B032,2025-03-14 13:00:00,0,614H0033,0,,,1,0,0
B032,2025-03-14 13:00:00,1,614E1550,0.03371719762,24.6,274.86,1,1,1
B032,2025-03-14 14:00:00,0,614H0033,0,,,1,0,0
B032,2025-03-14 14:00:00,1,614E1550,0,27.9,274.89,1,1,1
B032,2025-03-14 15:00:00,0,614H0033,0,,,1,0,0
B032,2025-03-14 15:00:00,1,614E1550,0,25.7,274.87,1,1,1
B032,2025-03-14 16:00:00,0,614H0033,0,,,1,0,0
B032,2025-03-14 16:00:00,1,614E1550,0,23.5,274.85,1,1,1
B032,2025-03-14 17:00:00,0,614H0033,0,,,1,0,0
B032,2025-03-14 17:00:00,1,614E1550,0.04348689478,22.3,274.84,1,1,1
B032,2025-03-14 18:00:00,0,614H0033,0,,,1,0,0
B032,2025-03-14 18:00:00,1,614E1550,0,20.1,274.82,1,1,1
B032,2025-03-14 19:00:00,0,614H0033,0,,,1,0,0
B032,2025-03-14 19:00:00,1,614E1550,0,17.9,274.8,1,1,1
B032,2025-03-14 20:00:00,0,614H0033,0,,,1,0,0
B032,2025-03-14 20:00:00,1,614E1550,0,16.5,274.78,1,1,1
B032,2025-03-14 21:00:00,0,614H0033,0,,,1,0,0
B032,2025-03-14 21:00:00,1,614E1550,0.02503565447,15.9,274.77,1,1,1
B032,2025-03-14 22:00:00,0,614H0033,0.1170843786,,,1,0,0
B032,2025-03-14 22:00:00,1,614E1550,0.0002476883364,14.5,274.75,1,1,1
B032,2025-03-14 23:00:00,0,614H0033,0,,,1,0,0
B032,2025-03-14 23:00:00,1,614E1550,0,13.8,274.74,1,1,1
B032,2025-03-15 00:00:00,0,614H0033,0,,,1,0,0
B032,2025-03-15 00:00:00,1,614E1550,0,13.1,274.73,1,1,1
B032,2025-03-15 01:00:00,0,614H0033,0,,,1,0,0
B032,2025-03-15 01:00:00,1,614E1550,0,11.8,274.71,1,1,1
B032,2025-03-15 02:00:00,0,614H0033,0,,,1,0,0
B032,2025-03-15 02:00:00,1,614E1550,0,11.1,274.7,1,1,1
B032,2025-03-15 03:00:00,0,614H0033,0,,,1,0,0
B032,2025-03-15 03:00:00,1,614E1550,0.03160572635,10.6,274.69,1,1,1
B032,2025-03-15 04:00:00,0,614H0033,0,,,1,0,0
B032,2025-03-15 04:00:00,1,614E1550,0,10.2,274.68,1,1,1
B032,2025-03-15 05:00:00,0,614H0033,0,,,1,0,0
B032,2025-03-15 05:00:00,1,614E1550,0.01886602877,10.2,274.68,1,1,1
B032,2025-03-15 06:00:00,0,614H0033,0,,,1,0,0
B032,2025-03-15 06:00:00,1,614E1550,0.01456358146,9.69,274.67,1,1,1
B032,2025-03-15 07:00:00,0,614H0033,3.395446979,,,1,0,0
B032,2025-03-15 07:00:00,1,614E1550,1.023004663,9.22,274.66,1,1,1
B032,2025-03-15 08:00:00,0,614H0033,0.2341687572,,,1,0,0
B032,2025-03-15 08:00:00,1,614E1550,0.1855062013,9.22,274.66,1,1,1
B032,2025-03-15 09:00:00,0,614H0033,0,,,1,0,0
B032,2025-03-15 09:00:00,1,614E1550,0.06692389964,8.75,274.65,1,1,1
B032,2025-03-15 10:00:00,0,614H0033,0,,,1,0,0
B032,2025-03-15 10:00:00,1,614E1550,0,8.75,274.65,1,1,1
B032,2025-03-15 11:00:00,0,614H0033,0,,,1,0,0
B032,2025-03-15 11:00:00,1,614E1550,0,8.28,274.64,1,1,1
B032,2025-03-15 12:00:00,0,614H0033,0,,,1,0,0
B032,2025-03-15 12:00:00,1,614E1550,0,8.28,274.64,1,1,1
B032,2025-03-15 13:00:00,0,614H0033,0,,,1,0,0
B032,2025-03-15 13:00:00,1,614E1550,0,7.77,274.63,1,1,1
B032,2025-03-15 14:00:00,0,614H0033,0,,,1,0,0
B032,2025-03-15 14:00:00,1,614E1550,0,7.77,274.63,1,1,1
B032,2025-03-15 15:00:00,0,614H0033,0,,,1,0,0
B032,2025-03-15 15:00:00,1,614E1550,0,7.81,274.63,1,1,1
B032,2025-03-15 16:00:00,0,614H0033,0,,,1,0,0
B032,2025-03-15 16:00:00,1,614E1550,0,7.34,274.62,1,1,1
B032,2025-03-15 17:00:00,0,614H0033,0,,,1,0,0
B032,2025-03-15 17:00:00,1,614E1550,0,7.34,274.62,1,1,1
B032,2025-03-15 18:00:00,0,614H0033,0,,,1,0,0
B032,2025-03-15 18:00:00,1,614E1550,0,6.87,274.61,1,1,1
B032,2025-03-15 19:00:00,0,614H0033,0,,,1,0,0
B032,2025-03-15 19:00:00,1,614E1550,0,6.87,274.61,1,1,1
B032,2025-03-15 20:00:00,0,614H0033,0,,,1,0,0
B032,2025-03-15 20:00:00,1,614E1550,0,6.87,274.61,1,1,1
B032,2025-03-15 21:00:00,0,614H0033,0,,,1,0,0
B032,2025-03-15 21:00:00,1,614E1550,0,6.4,274.6,1,1,1
B032,2025-03-15 22:00:00,0,614H0033,0,,,1,0,0
B032,2025-03-15 22:00:00,1,614E1550,0,6.4,274.6,1,1,1
B032,2025-03-15 23:00:00,0,614H0033,0,,,1,0,0
B032,2025-03-15 23:00:00,1,614E1550,0,6.06,274.59,1,1,1
B032,2025-03-16 00:00:00,0,614H0033,0,,,1,0,0
B032,2025-03-16 00:00:00,1,614E1550,0,6.02,274.59,1,1,1
B032,2025-03-16 01:00:00,0,614H0033,0,,,1,0,0
B032,2025-03-16 01:00:00,1,614E1550,0,6.02,274.59,1,1,1
B032,2025-03-16 02:00:00,0,614H0033,0,,,1,0,0
B032,2025-03-16 02:00:00,1,614E1550,0,6.06,274.59,1,1,1
B032,2025-03-16 03:00:00,0,614H0033,0,,,1,0,0
B032,2025-03-16 03:00:00,1,614E1550,0,6.06,274.59,1,1,1
B032,2025-03-16 04:00:00,0,614H0033,0,,,1,0,0
B032,2025-03-16 04:00:00,1,614E1550,0,5.72,274.58,1,1,1
B032,2025-03-16 05:00:00,0,614H0033,0,,,1,0,0
B032,2025-03-16 05:00:00,1,614E1550,0,5.72,274.58,1,1,1
B032,2025-03-16 06:00:00,0,614H0033,0,,,1,0,0
B032,2025-03-16 06:00:00,1,614E1550,0,5.72,274.58,1,1,1
B032,2025-03-16 07:00:00,0,614H0033,0.2341687572,,,1,0,0
B032,2025-03-16 07:00:00,1,614E1550,0.1227598739,5.72,274.58,1,1,1
B032,2025-03-16 08:00:00,0,614H0033,0,,,1,0,0
B032,2025-03-16 08:00:00,1,614E1550,0,5.72,274.58,1,1,1
B032,2025-03-16 09:00:00,0,614H0033,0.1170843786,,,1,0,0
B032,2025-03-16 09:00:00,1,614E1550,0.0002476883364,5.72,274.58,1,1,1
B032,2025-03-16 10:00:00,0,614H0033,0,,,1,0,0
B032,2025-03-16 10:00:00,1,614E1550,0,5.38,274.57,1,1,1
B032,2025-03-16 11:00:00,0,614H0033,0,,,1,0,0
B032,2025-03-16 11:00:00,1,614E1550,0,5.35,274.57,1,1,1
B032,2025-03-16 12:00:00,0,614H0033,0,,,1,0,0
B032,2025-03-16 12:00:00,1,614E1550,0,5.38,274.57,1,1,1
B032,2025-03-16 13:00:00,0,614H0033,0,,,1,0,0
B032,2025-03-16 13:00:00,1,614E1550,0,5.38,274.57,1,1,1
B032,2025-03-16 14:00:00,0,614H0033,0,,,1,0,0
B032,2025-03-16 14:00:00,1,614E1550,0,5.04,274.56,1,1,1
B032,2025-03-16 15:00:00,0,614H0033,0,,,1,0,0
B032,2025-03-16 15:00:00,1,614E1550,0,5.38,274.57,1,1,1
B032,2025-03-16 16:00:00,0,614H0033,0,,,1,0,0
B032,2025-03-16 16:00:00,1,614E1550,0,5.38,274.57,1,1,1
B032,2025-03-16 17:00:00,0,614H0033,0,,,1,0,0
B032,2025-03-16 17:00:00,1,614E1550,0,5.38,274.57,1,1,1
B032,2025-03-16 18:00:00,0,614H0033,0,,,1,0,0
B032,2025-03-16 18:00:00,1,614E1550,0,5.38,274.57,1,1,1
B032,2025-03-16 19:00:00,0,614H0033,0,,,1,0,0
B032,2025-03-16 19:00:00,1,614E1550,0,5.04,274.56,1,1,1
B032,2025-03-16 20:00:00,0,614H0033,0,,,1,0,0
B032,2025-03-16 20:00:00,1,614E1550,0.04348689478,5.04,274.56,1,1,1
B032,2025-03-16 21:00:00,0,614H0033,0,,,1,0,0
B032,2025-03-16 21:00:00,1,614E1550,0,5.02,274.56,1,1,1
B032,2025-03-16 22:00:00,0,614H0033,0,,,1,0,0
B032,2025-03-16 22:00:00,1,614E1550,0,5.02,274.56,1,1,1
B032,2025-03-16 23:00:00,0,614H0033,0,,,1,0,0
B032,2025-03-16 23:00:00,1,614E1550,0,5.04,274.56,1,1,1
B032,2025-03-17 00:00:00,0,614H0033,0,,,1,0,0
B032,2025-03-17 00:00:00,1,614E1550,0,5.04,274.56,1,1,1
B032,2025-03-17 01:00:00,0,614H0033,0,,,1,0,0
B032,2025-03-17 01:00:00,1,614E1550,0,4.7,274.55,1,1,1
B032,2025-03-17 02:00:00,0,614H0033,0,,,1,0,0
B032,2025-03-17 02:00:00,1,614E1550,0,4.7,274.55,1,1,1
B032,2025-03-17 03:00:00,0,614H0033,0,,,1,0,0
B032,2025-03-17 03:00:00,1,614E1550,0,4.7,274.55,1,1,1
B032,2025-03-17 04:00:00,0,614H0033,0,,,1,0,0
B032,2025-03-17 04:00:00,1,614E1550,0.03160572635,4.7,274.55,1,1,1
B032,2025-03-17 05:00:00,0,614H0033,0,,,1,0,0
B032,2025-03-17 05:00:00,1,614E1550,0,,,1,0,0
B032,2025-03-17 06:00:00,0,614H0033,0,,,1,0,0
B032,2025-03-17 06:00:00,1,614E1550,0,4.7,274.55,1,1,1
B032,2025-03-17 07:00:00,0,614H0033,0.1170843786,,,1,0,0
B032,2025-03-17 07:00:00,1,614E1550,0.0252833428,4.36,274.54,1,1,1
B032,2025-03-17 08:00:00,0,614H0033,0,,,1,0,0
B032,2025-03-17 08:00:00,1,614E1550,0,4.36,274.54,1,1,1
B032,2025-03-17 09:00:00,0,614H0033,0,,,1,0,0
B032,2025-03-17 09:00:00,1,614E1550,0.01886602877,4.35,274.54,1,1,1
B032,2025-03-17 10:00:00,0,614H0033,0,,,1,0,0
B032,2025-03-17 10:00:00,1,614E1550,0,4.35,274.54,1,1,1
B032,2025-05-05 19:00:00,0,614H0033,0,,,1,0,0
B032,2025-05-05 19:00:00,1,614E1550,0,3.68,274.52,1,1,1
B032,2025-05-05 20:00:00,0,614H0033,0,,,1,0,0
B032,2025-05-05 20:00:00,1,614E1550,0,3.68,274.52,1,1,1
B032,2025-05-05 21:00:00,0,614H0033,0,,,1,0,0
B032,2025-05-05 21:00:00,1,614E1550,0,3.68,274.52,1,1,1
B032,2025-05-05 22:00:00,0,614H0033,0,,,1,0,0
B032,2025-05-05 22:00:00,1,614E1550,0,3.68,274.52,1,1,1
B032,2025-05-05 23:00:00,0,614H0033,0,,,1,0,0
B032,2025-05-05 23:00:00,1,614E1550,0,3.68,274.52,1,1,1
B032,2025-05-06 00:00:00,0,614H0033,0,,,1,0,0
B032,2025-05-06 00:00:00,1,614E1550,0,3.68,274.52,1,1,1
B032,2025-05-06 01:00:00,0,614H0033,0,,,1,0,0
B032,2025-05-06 01:00:00,1,614E1550,0,3.69,274.52,1,1,1
B032,2025-05-06 02:00:00,0,614H0033,0,,,1,0,0
B032,2025-05-06 02:00:00,1,614E1550,0,3.35,274.51,1,1,1
B032,2025-05-06 03:00:00,0,614H0033,0,,,1,0,0
B032,2025-05-06 03:00:00,1,614E1550,0,3.34,274.51,1,1,1
B032,2025-05-06 04:00:00,0,614H0033,0,,,1,0,0
B032,2025-05-06 04:00:00,1,614E1550,0,3.34,274.51,1,1,1
B032,2025-05-06 05:00:00,0,614H0033,0,,,1,0,0
B032,2025-05-06 05:00:00,1,614E1550,0,3.34,274.51,1,1,1
B032,2025-05-06 06:00:00,0,614H0033,0,,,1,0,0
B032,2025-05-06 06:00:00,1,614E1550,0,3.34,274.51,1,1,1
B032,2025-05-06 07:00:00,0,614H0033,0,,,1,0,0
B032,2025-05-06 07:00:00,1,614E1550,0,3.34,274.51,1,1,1
B032,2025-05-06 08:00:00,0,614H0033,0,,,1,0,0
B032,2025-05-06 08:00:00,1,614E1550,0,3.34,274.51,1,1,1
B032,2025-05-06 09:00:00,0,614H0033,0,,,1,0,0
B032,2025-05-06 09:00:00,1,614E1550,0,3.34,274.51,1,1,1
B032,2025-05-06 10:00:00,0,614H0033,0,,,1,0,0
B032,2025-05-06 10:00:00,1,614E1550,0,3,274.5,1,1,1
B032,2025-05-06 11:00:00,0,614H0033,0,,,1,0,0
B032,2025-05-06 11:00:00,1,614E1550,0,3,274.5,1,1,1
B032,2025-05-06 12:00:00,0,614H0033,0,,,1,0,0
B032,2025-05-06 12:00:00,1,614E1550,0,3.02,274.5,1,1,1
B032,2025-05-06 13:00:00,0,614H0033,0,,,1,0,0
B032,2025-05-06 13:00:00,1,614E1550,0,3.02,274.5,1,1,1
B032,2025-05-06 14:00:00,0,614H0033,0,,,1,0,0
B032,2025-05-06 14:00:00,1,614E1550,0,3,274.5,1,1,1
B032,2025-05-06 15:00:00,0,614H0033,0,,,1,0,0
B032,2025-05-06 15:00:00,1,614E1550,0,3,274.5,1,1,1
B032,2025-05-06 16:00:00,0,614H0033,0,,,1,0,0
B032,2025-05-06 16:00:00,1,614E1550,0,3,274.5,1,1,1
B032,2025-05-06 17:00:00,0,614H0033,0,,,1,0,0
B032,2025-05-06 17:00:00,1,614E1550,0.08837854126,,,1,0,0
B032,2025-05-06 18:00:00,0,614H0033,0,,,1,0,0
B032,2025-05-06 18:00:00,1,614E1550,0.02503565447,3,274.5,1,1,1
B032,2025-05-06 19:00:00,0,614H0033,0,,,1,0,0
B032,2025-05-06 19:00:00,1,614E1550,0,3,274.5,1,1,1
B032,2025-05-06 20:00:00,0,614H0033,0,,,1,0,0
B032,2025-05-06 20:00:00,1,614E1550,0.005575663506,3,274.5,1,1,1
B032,2025-05-06 21:00:00,0,614H0033,0,,,1,0,0
B032,2025-05-06 21:00:00,1,614E1550,0,3,274.5,1,1,1
B032,2025-05-06 22:00:00,0,614H0033,0,,,1,0,0
B032,2025-05-06 22:00:00,1,614E1550,0,2.75,274.49,1,1,1
B032,2025-05-06 23:00:00,0,614H0033,0,,,1,0,0
B032,2025-05-06 23:00:00,1,614E1550,0,2.77,274.49,1,1,1
B032,2025-05-07 00:00:00,0,614H0033,0,,,1,0,0
B032,2025-05-07 00:00:00,1,614E1550,0,2.77,274.49,1,1,1
B032,2025-05-07 01:00:00,0,614H0033,0,,,1,0,0
B032,2025-05-07 01:00:00,1,614E1550,0,2.75,274.49,1,1,1
B032,2025-05-07 02:00:00,0,614H0033,0,,,1,0,0
B032,2025-05-07 02:00:00,1,614E1550,0,2.75,274.49,1,1,1
B032,2025-05-07 03:00:00,0,614H0033,0,,,1,0,0
B032,2025-05-07 03:00:00,1,614E1550,0,2.75,274.49,1,1,1
B032,2025-05-07 04:00:00,0,614H0033,0,,,1,0,0
B032,2025-05-07 04:00:00,1,614E1550,0,2.75,274.49,1,1,1
B032,2025-05-07 05:00:00,0,614H0033,0,,,1,0,0
B032,2025-05-07 05:00:00,1,614E1550,0,2.75,274.49,1,1,1
B032,2025-05-07 06:00:00,0,614H0033,0,,,1,0,0
B032,2025-05-07 06:00:00,1,614E1550,0,2.75,274.49,1,1,1
B032,2025-05-07 07:00:00,0,614H0033,0,,,1,0,0
B032,2025-05-07 07:00:00,1,614E1550,0.1189898592,2.75,274.49,1,1,1
B032,2025-05-07 08:00:00,0,614H0033,0,,,1,0,0
B032,2025-05-07 08:00:00,1,614E1550,0,2.75,274.49,1,1,1
B032,2025-05-07 09:00:00,0,614H0033,0,,,1,0,0
B032,2025-05-07 09:00:00,1,614E1550,0,2.75,274.49,1,1,1
B032,2025-05-07 10:00:00,0,614H0033,0,,,1,0,0
B032,2025-05-07 10:00:00,1,614E1550,0,2.77,274.49,1,1,1
B032,2025-05-07 11:00:00,0,614H0033,0,,,1,0,0
B032,2025-05-07 11:00:00,1,614E1550,0,2.77,274.49,1,1,1
B032,2025-05-07 12:00:00,0,614H0033,0,,,1,0,0
B032,2025-05-07 12:00:00,1,614E1550,0,2.77,274.49,1,1,1
B032,2025-05-07 13:00:00,0,614H0033,0,,,1,0,0
B032,2025-05-07 13:00:00,1,614E1550,0,2.75,274.49,1,1,1
B032,2025-05-07 14:00:00,0,614H0033,0,,,1,0,0
B032,2025-05-07 14:00:00,1,614E1550,0,2.75,274.49,1,1,1
B032,2025-05-07 15:00:00,0,614H0033,0,,,1,0,0
B032,2025-05-07 15:00:00,1,614E1550,0,2.75,274.49,1,1,1
B032,2025-05-07 16:00:00,0,614H0033,0,,,1,0,0
B032,2025-05-07 16:00:00,1,614E1550,0,2.75,274.49,1,1,1
B032,2025-05-07 17:00:00,0,614H0033,0,,,1,0,0
B032,2025-05-07 17:00:00,1,614E1550,0,2.75,274.49,1,1,1
B032,2025-05-07 18:00:00,0,614H0033,0,,,1,0,0
B032,2025-05-07 18:00:00,1,614E1550,0,2.75,274.49,1,1,1
B032,2025-05-07 19:00:00,0,614H0033,0.2341687572,,,1,0,0
B032,2025-05-07 19:00:00,1,614E1550,0.1365186012,2.75,274.49,1,1,1
B032,2025-05-07 20:00:00,0,614H0033,0,,,1,0,0
B032,2025-05-07 20:00:00,1,614E1550,0,2.75,274.49,1,1,1
B032,2025-05-07 21:00:00,0,614H0033,0,,,1,0,0
B032,2025-05-07 21:00:00,1,614E1550,0,2.75,274.49,1,1,1
B032,2025-05-07 22:00:00,0,614H0033,0,,,1,0,0
B032,2025-05-07 22:00:00,1,614E1550,0,2.77,274.49,1,1,1
B032,2025-05-07 23:00:00,0,614H0033,0,,,1,0,0
B032,2025-05-07 23:00:00,1,614E1550,0,2.77,274.49,1,1,1
B032,2025-05-08 00:00:00,0,614H0033,0,,,1,0,0
B032,2025-05-08 00:00:00,1,614E1550,0,2.75,274.49,1,1,1
B032,2025-05-08 01:00:00,0,614H0033,1.6391813,,,1,0,0
B032,2025-05-08 01:00:00,1,614E1550,0.2967009033,2.75,274.49,1,1,1
B032,2025-05-08 02:00:00,0,614H0033,1.756265679,,,1,0,0
B032,2025-05-08 02:00:00,1,614E1550,0.6311994778,3.34,274.51,1,1,1
B032,2025-05-08 03:00:00,0,614H0033,3.512531357,,,1,0,0
B032,2025-05-08 03:00:00,1,614E1550,1.64503955,3.68,274.52,1,1,1
B032,2025-05-08 04:00:00,0,614H0033,2.45877195,,,1,0,0
B032,2025-05-08 04:00:00,1,614E1550,2.241364791,6.87,274.61,1,1,1
B032,2025-05-08 05:00:00,0,614H0033,2.810025086,,,1,0,0
B032,2025-05-08 05:00:00,1,614E1550,1.484592179,29,274.9,1,1,1
B032,2025-05-08 06:00:00,0,614H0033,3.161278222,,,1,0,0
B032,2025-05-08 06:00:00,1,614E1550,1.240272361,129,275.49,1,1,1
B032,2025-05-08 07:00:00,0,614H0033,0.9366750286,,,1,0,0
B032,2025-05-08 07:00:00,1,614E1550,0.4919349337,264,275.99,1,1,1
B032,2025-05-08 08:00:00,0,614H0033,1.405012543,,,1,0,0
B032,2025-05-08 08:00:00,1,614E1550,0.2054874092,,276.12,1,0,1
B032,2025-05-08 09:00:00,0,614H0033,0,,,1,0,0
B032,2025-05-08 09:00:00,1,614E1550,0,252,275.95,1,1,1
B032,2025-05-08 10:00:00,0,614H0033,0,,,1,0,0
B032,2025-05-08 10:00:00,1,614E1550,0,207,275.8,1,1,1
B032,2025-05-08 11:00:00,0,614H0033,0,,,1,0,0
B032,2025-05-08 11:00:00,1,614E1550,0,170,275.66,1,1,1
B032,2025-05-08 12:00:00,0,614H0033,0,,,1,0,0
B032,2025-05-08 12:00:00,1,614E1550,0,131,275.5,1,1,1
B032,2025-05-08 13:00:00,0,614H0033,0.1170843786,,,1,0,0
B032,2025-05-08 13:00:00,1,614E1550,0.0002476883364,106,275.38,1,1,1
B032,2025-05-08 14:00:00,0,614H0033,0,,,1,0,0
B032,2025-05-08 14:00:00,1,614E1550,0,86.5,275.28,1,1,1
B032,2025-05-08 15:00:00,0,614H0033,0,,,1,0,0
B032,2025-05-08 15:00:00,1,614E1550,0,74,275.21,1,1,1
B032,2025-05-08 16:00:00,0,614H0033,0,,,1,0,0
B032,2025-05-08 16:00:00,1,614E1550,0,64,275.15,1,1,1
B032,2025-05-08 17:00:00,0,614H0033,0,,,1,0,0
B032,2025-05-08 17:00:00,1,614E1550,0,55.9,275.1,1,1,1
B032,2025-05-08 18:00:00,0,614H0033,0,,,1,0,0
B032,2025-05-08 18:00:00,1,614E1550,0.2444745064,47.1,275.04,1,1,1
B032,2025-05-08 19:00:00,0,614H0033,0.1170843786,,,1,0,0
B032,2025-05-08 19:00:00,1,614E1550,0.0994711818,41.2,275,1,1,1
B032,2025-05-08 20:00:00,0,614H0033,0.2341687572,,,1,0,0
B032,2025-05-08 20:00:00,1,614E1550,0.0004953766729,36.3,274.96,1,1,1
B032,2025-05-08 21:00:00,0,614H0033,0.7025062715,,,1,0,0
B032,2025-05-08 21:00:00,1,614E1550,0.1322400659,32.7,274.93,1,1,1
B032,2025-05-08 22:00:00,0,614H0033,0,,,1,0,0
B032,2025-05-08 22:00:00,1,614E1550,0.05007130894,30.2,274.91,1,1,1
B032,2025-05-08 23:00:00,0,614H0033,0,,,1,0,0
B032,2025-05-08 23:00:00,1,614E1550,0,27.9,274.89,1,1,1
B032,2025-05-09 00:00:00,0,614H0033,0,,,1,0,0
B032,2025-05-09 00:00:00,1,614E1550,0,25.7,274.87,1,1,1
B032,2025-05-09 01:00:00,0,614H0033,0,,,1,0,0
B032,2025-05-09 01:00:00,1,614E1550,0,23.5,274.85,1,1,1
B032,2025-05-09 02:00:00,0,614H0033,0,,,1,0,0
B032,2025-05-09 02:00:00,1,614E1550,0,22.3,274.84,1,1,1
B032,2025-05-09 03:00:00,0,614H0033,0,,,1,0,0
B032,2025-05-09 03:00:00,1,614E1550,0,20.1,274.82,1,1,1
B032,2025-05-09 04:00:00,0,614H0033,0,,,1,0,0
B032,2025-05-09 04:00:00,1,614E1550,0,17.9,274.8,1,1,1
B032,2025-05-09 05:00:00,0,614H0033,0,,,1,0,0
B032,2025-05-09 05:00:00,1,614E1550,0,17.2,274.79,1,1,1
B032,2025-05-09 06:00:00,0,614H0033,0,,,1,0,0
B032,2025-05-09 06:00:00,1,614E1550,0,15.9,274.77,1,1,1
B032,2025-05-09 07:00:00,0,614H0033,2.575856329,,,1,0,0
B032,2025-05-09 07:00:00,1,614E1550,0.7324875372,15.2,274.76,1,1,1
B032,2025-05-09 08:00:00,0,614H0033,0,,,1,0,0
B032,2025-05-09 08:00:00,1,614E1550,0,14.5,274.75,1,1,1
B032,2025-05-09 09:00:00,0,614H0033,0,,,1,0,0
B032,2025-05-09 09:00:00,1,614E1550,0,14.5,274.75,1,1,1
B032,2025-05-09 10:00:00,0,614H0033,0,,,1,0,0
B032,2025-05-09 10:00:00,1,614E1550,0,13.8,274.74,1,1,1
B032,2025-05-09 11:00:00,0,614H0033,0,,,1,0,0
B032,2025-05-09 11:00:00,1,614E1550,0,12.5,274.72,1,1,1
B032,2025-05-09 12:00:00,0,614H0033,0,,,1,0,0
B032,2025-05-09 12:00:00,1,614E1550,0,11.8,274.71,1,1,1
B032,2025-05-09 13:00:00,0,614H0033,0,,,1,0,0
B032,2025-05-09 13:00:00,1,614E1550,0,11.8,274.71,1,1,1
B032,2025-05-09 14:00:00,0,614H0033,0,,,1,0,0
B032,2025-05-09 14:00:00,1,614E1550,0,11.1,274.7,1,1,1
B032,2025-05-09 15:00:00,0,614H0033,0,,,1,0,0
B032,2025-05-09 15:00:00,1,614E1550,0,10.6,274.69,1,1,1
B032,2025-05-09 16:00:00,0,614H0033,0,,,1,0,0
B032,2025-05-09 16:00:00,1,614E1550,0,10.2,274.68,1,1,1
B032,2025-05-09 17:00:00,0,614H0033,0,,,1,0,0
B032,2025-05-09 17:00:00,1,614E1550,0,10.2,274.68,1,1,1
B032,2025-05-09 18:00:00,0,614H0033,0,,,1,0,0
B032,2025-05-09 18:00:00,1,614E1550,0,9.68,274.67,1,1,1
B032,2025-05-09 19:00:00,0,614H0033,0,,,1,0,0
B032,2025-05-09 19:00:00,1,614E1550,0,9.68,274.67,1,1,1
B032,2025-05-09 20:00:00,0,614H0033,0,,,1,0,0
B032,2025-05-09 20:00:00,1,614E1550,0,9.22,274.66,1,1,1
B032,2025-05-09 21:00:00,0,614H0033,0,,,1,0,0
B032,2025-05-09 21:00:00,1,614E1550,0,9.22,274.66,1,1,1
B032,2025-05-09 22:00:00,0,614H0033,0,,,1,0,0
B032,2025-05-09 22:00:00,1,614E1550,0,8.75,274.65,1,1,1
B032,2025-05-09 23:00:00,0,614H0033,0,,,1,0,0
B032,2025-05-09 23:00:00,1,614E1550,0,8.28,274.64,1,1,1
B032,2025-05-10 00:00:00,0,614H0033,0,,,1,0,0
B032,2025-05-10 00:00:00,1,614E1550,0,8.28,274.64,1,1,1
B032,2025-05-10 01:00:00,0,614H0033,0,,,1,0,0
B032,2025-05-10 01:00:00,1,614E1550,0,8.28,274.64,1,1,1
B032,2025-05-10 02:00:00,0,614H0033,0,,,1,0,0
B032,2025-05-10 02:00:00,1,614E1550,0,7.81,274.63,1,1,1
B032,2025-05-10 03:00:00,0,614H0033,0.1170843786,,,1,0,0
B032,2025-05-10 03:00:00,1,614E1550,0.0002476883364,7.81,274.63,1,1,1
B032,2025-05-10 04:00:00,0,614H0033,0.1170843786,,,1,0,0
B032,2025-05-10 04:00:00,1,614E1550,0.024976968,7.77,274.63,1,1,1
B032,2025-05-10 05:00:00,0,614H0033,0.7025062715,,,1,0,0
B032,2025-05-10 05:00:00,1,614E1550,0.1762326243,7.77,274.63,1,1,1
B032,2025-05-10 06:00:00,0,614H0033,0.5854218929,,,1,0,0
B032,2025-05-10 06:00:00,1,614E1550,0.1564152824,7.81,274.63,1,1,1
B032,2025-05-10 07:00:00,0,614H0033,0.5854218929,,,1,0,0
B032,2025-05-10 07:00:00,1,614E1550,0.2868628434,7.81,274.63,1,1,1
B032,2025-05-10 08:00:00,0,614H0033,0.81959065,,,1,0,0
B032,2025-05-10 08:00:00,1,614E1550,0.248744613,8.28,274.64,1,1,1
B032,2025-05-10 09:00:00,0,614H0033,0.4683375143,,,1,0,0
B032,2025-05-10 09:00:00,1,614E1550,0.186778912,9.69,274.67,1,1,1
B032,2025-05-10 10:00:00,0,614H0033,0.3512531357,,,1,0,0
B032,2025-05-10 10:00:00,1,614E1550,0.1117306351,10.6,274.69,1,1,1
B032,2025-05-10 11:00:00,0,614H0033,0.3512531357,,,1,0,0
B032,2025-05-10 11:00:00,1,614E1550,0.08669498062,11.8,274.71,1,1,1
B032,2025-05-10 12:00:00,0,614H0033,0.7025062715,,,1,0,0
B032,2025-05-10 12:00:00,1,614E1550,0.1486606816,12.5,274.72,1,1,1
B032,2025-05-10 13:00:00,0,614H0033,0.3512531357,,,1,0,0
B032,2025-05-10 13:00:00,1,614E1550,0.1559199057,13.8,274.74,1,1,1
B032,2025-05-10 14:00:00,0,614H0033,0,,,1,0,0
B032,2025-05-10 14:00:00,1,614E1550,0.02503565447,15.9,274.77,1,1,1
B032,2025-05-10 15:00:00,0,614H0033,0,,,1,0,0
B032,2025-05-10 15:00:00,1,614E1550,0.01915361616,17.2,274.79,1,1,1
B032,2025-05-10 16:00:00,0,614H0033,0,,,1,0,0
B032,2025-05-10 16:00:00,1,614E1550,0,17.9,274.8,1,1,1
B032,2025-05-10 17:00:00,0,614H0033,0,,,1,0,0
B032,2025-05-10 17:00:00,1,614E1550,0.01915361616,20.1,274.82,1,1,1
B032,2025-05-10 18:00:00,0,614H0033,0,,,1,0,0
B032,2025-05-10 18:00:00,1,614E1550,0,20.1,274.82,1,1,1
B032,2025-05-10 19:00:00,0,614H0033,0,,,1,0,0
B032,2025-05-10 19:00:00,1,614E1550,0,20.1,274.82,1,1,1
B032,2025-05-10 20:00:00,0,614H0033,0,,,1,0,0
B032,2025-05-10 20:00:00,1,614E1550,0.01915361616,17.9,274.8,1,1,1
B032,2025-05-10 21:00:00,0,614H0033,0,,,1,0,0
B032,2025-05-10 21:00:00,1,614E1550,0,17.2,274.79,1,1,1
B032,2025-05-10 22:00:00,0,614H0033,0,,,1,0,0
B032,2025-05-10 22:00:00,1,614E1550,0,17.2,274.79,1,1,1
B032,2025-05-10 23:00:00,0,614H0033,0,,,1,0,0
B032,2025-05-10 23:00:00,1,614E1550,0.01915361616,15.9,274.77,1,1,1
B032,2025-05-12 13:00:00,0,614H0033,0,,,1,0,0
B032,2025-05-12 13:00:00,1,614E1550,0,6.4,274.6,1,1,1
B032,2025-05-12 14:00:00,0,614H0033,0,,,1,0,0
B032,2025-05-12 14:00:00,1,614E1550,0,6.02,274.59,1,1,1
B032,2025-05-12 15:00:00,0,614H0033,0,,,1,0,0
B032,2025-05-12 15:00:00,1,614E1550,0,6.06,274.59,1,1,1
B032,2025-05-12 16:00:00,0,614H0033,0,,,1,0,0
B032,2025-05-12 16:00:00,1,614E1550,0,6.02,274.59,1,1,1
B032,2025-05-12 17:00:00,0,614H0033,0,,,1,0,0
B032,2025-05-12 17:00:00,1,614E1550,0,6.06,274.59,1,1,1
B032,2025-05-12 18:00:00,0,614H0033,0,,,1,0,0
B032,2025-05-12 18:00:00,1,614E1550,0,6.06,274.59,1,1,1
B032,2025-05-12 19:00:00,0,614H0033,0,,,1,0,0
B032,2025-05-12 19:00:00,1,614E1550,0,5.72,274.58,1,1,1
B032,2025-05-12 20:00:00,0,614H0033,0,,,1,0,0
B032,2025-05-12 20:00:00,1,614E1550,0,5.72,274.58,1,1,1
B032,2025-05-12 21:00:00,0,614H0033,0,,,1,0,0
B032,2025-05-12 21:00:00,1,614E1550,0,5.72,274.58,1,1,1
B032,2025-05-12 22:00:00,0,614H0033,0,,,1,0,0
B032,2025-05-12 22:00:00,1,614E1550,0,5.72,274.58,1,1,1
B032,2025-05-12 23:00:00,0,614H0033,0,,,1,0,0
B032,2025-05-12 23:00:00,1,614E1550,0,5.72,274.58,1,1,1
B032,2025-05-13 00:00:00,0,614H0033,0,,,1,0,0
B032,2025-05-13 00:00:00,1,614E1550,0,5.38,274.57,1,1,1
B032,2025-05-13 01:00:00,0,614H0033,0,,,1,0,0
B032,2025-05-13 01:00:00,1,614E1550,0,5.38,274.57,1,1,1
B032,2025-05-13 02:00:00,0,614H0033,0,,,1,0,0
B032,2025-05-13 02:00:00,1,614E1550,0,5.35,274.57,1,1,1
B032,2025-05-13 03:00:00,0,614H0033,0,,,1,0,0
B032,2025-05-13 03:00:00,1,614E1550,0,5.35,274.57,1,1,1
B032,2025-05-13 04:00:00,0,614H0033,0,,,1,0,0
B032,2025-05-13 04:00:00,1,614E1550,0,5.38,274.57,1,1,1
B032,2025-05-13 05:00:00,0,614H0033,0,,,1,0,0
B032,2025-05-13 05:00:00,1,614E1550,0,,,1,0,0
B032,2025-05-13 06:00:00,0,614H0033,0,,,1,0,0
B032,2025-05-13 06:00:00,1,614E1550,0,5.38,274.57,1,1,1
B032,2025-05-13 07:00:00,0,614H0033,0,,,1,0,0
B032,2025-05-13 07:00:00,1,614E1550,0.01915361616,5.38,274.57,1,1,1
B032,2025-05-13 08:00:00,0,614H0033,0,,,1,0,0
B032,2025-05-13 08:00:00,1,614E1550,0,5.38,274.57,1,1,1
B032,2025-05-13 09:00:00,0,614H0033,0,,,1,0,0
B032,2025-05-13 09:00:00,1,614E1550,0,5.04,274.56,1,1,1
B032,2025-05-13 10:00:00,0,614H0033,0,,,1,0,0
B032,2025-05-13 10:00:00,1,614E1550,0,5.04,274.56,1,1,1
B032,2025-05-13 11:00:00,0,614H0033,0,,,1,0,0
B032,2025-05-13 11:00:00,1,614E1550,0,,,1,0,0
B032,2025-05-13 12:00:00,0,614H0033,0,,,1,0,0
B032,2025-05-13 12:00:00,1,614E1550,0,5.04,274.56,1,1,1
B032,2025-05-13 13:00:00,0,614H0033,0,,,1,0,0
B032,2025-05-13 13:00:00,1,614E1550,0,5.02,274.56,1,1,1
B032,2025-05-13 14:00:00,0,614H0033,0,,,1,0,0
B032,2025-05-13 14:00:00,1,614E1550,0,5.02,274.56,1,1,1
B032,2025-05-13 15:00:00,0,614H0033,0,,,1,0,0
B032,2025-05-13 15:00:00,1,614E1550,0,5.04,274.56,1,1,1
B032,2025-05-13 16:00:00,0,614H0033,0,,,1,0,0
B032,2025-05-13 16:00:00,1,614E1550,0,4.7,274.55,1,1,1
B032,2025-05-13 17:00:00,0,614H0033,0,,,1,0,0
B032,2025-05-13 17:00:00,1,614E1550,0,4.7,274.55,1,1,1
B032,2025-05-13 18:00:00,0,614H0033,0,,,1,0,0
B032,2025-05-13 18:00:00,1,614E1550,0,4.7,274.55,1,1,1
B032,2025-05-13 19:00:00,0,614H0033,0,,,1,0,0
B032,2025-05-13 19:00:00,1,614E1550,0,4.36,274.54,1,1,1
B032,2025-05-13 20:00:00,0,614H0033,0,,,1,0,0
B032,2025-05-13 20:00:00,1,614E1550,0,4.36,274.54,1,1,1
B032,2025-05-13 21:00:00,0,614H0033,0,,,1,0,0
B032,2025-05-13 21:00:00,1,614E1550,0,4.36,274.54,1,1,1
B032,2025-05-13 22:00:00,0,614H0033,0,,,1,0,0
B032,2025-05-13 22:00:00,1,614E1550,0,4.36,274.54,1,1,1
B032,2025-05-13 23:00:00,0,614H0033,0,,,1,0,0
B032,2025-05-13 23:00:00,1,614E1550,0,4.02,274.53,1,1,1
B032,2025-05-14 00:00:00,0,614H0033,0,,,1,0,0
B032,2025-05-14 00:00:00,1,614E1550,0,4.02,274.53,1,1,1
B032,2025-05-14 01:00:00,0,614H0033,0,,,1,0,0
B032,2025-05-14 01:00:00,1,614E1550,0,4.02,274.53,1,1,1
B032,2025-05-14 02:00:00,0,614H0033,0,,,1,0,0
B032,2025-05-14 02:00:00,1,614E1550,0,4.02,274.53,1,1,1
B032,2025-05-14 03:00:00,0,614H0033,0,,,1,0,0
B032,2025-05-14 03:00:00,1,614E1550,0,4.02,274.53,1,1,1
B032,2025-05-14 04:00:00,0,614H0033,0,,,1,0,0
B032,2025-05-14 04:00:00,1,614E1550,0,,,1,0,0
B032,2025-05-14 05:00:00,0,614H0033,0,,,1,0,0
B032,2025-05-14 05:00:00,1,614E1550,0,4.02,274.53,1,1,1
B032,2025-05-14 06:00:00,0,614H0033,0,,,1,0,0
B032,2025-05-14 06:00:00,1,614E1550,0,4.02,274.53,1,1,1
B032,2025-05-14 07:00:00,0,614H0033,0,,,1,0,0
B032,2025-05-14 07:00:00,1,614E1550,0,4.02,274.53,1,1,1
B032,2025-05-14 08:00:00,0,614H0033,0,,,1,0,0
B032,2025-05-14 08:00:00,1,614E1550,0,4.02,274.53,1,1,1
B032,2025-05-14 09:00:00,0,614H0033,0,,,1,0,0
B032,2025-05-14 09:00:00,1,614E1550,0,4.02,274.53,1,1,1
B032,2025-05-14 10:00:00,0,614H0033,0,,,1,0,0
B032,2025-05-14 10:00:00,1,614E1550,0,4.02,274.53,1,1,1
B032,2025-05-14 11:00:00,0,614H0033,0,,,1,0,0
B032,2025-05-14 11:00:00,1,614E1550,0,4.02,274.53,1,1,1
B032,2025-05-14 12:00:00,0,614H0033,0,,,1,0,0
B032,2025-05-14 12:00:00,1,614E1550,0,4.02,274.53,1,1,1
B032,2025-05-14 13:00:00,0,614H0033,0.2341687572,,,1,0,0
B032,2025-05-14 13:00:00,1,614E1550,0.006071040179,4.02,274.53,1,1,1
B032,2025-05-14 14:00:00,0,614H0033,0.1170843786,,,1,0,0
B032,2025-05-14 14:00:00,1,614E1550,0.1807665583,,,1,0,0
B032,2025-05-14 15:00:00,0,614H0033,0.1170843786,,,1,0,0
B032,2025-05-14 15:00:00,1,614E1550,0.2389696311,,,1,0,0
B032,2025-05-14 16:00:00,0,614H0033,0.4683375143,,,1,0,0
B032,2025-05-14 16:00:00,1,614E1550,0.1617432576,4.02,274.53,1,1,1
B032,2025-05-14 17:00:00,0,614H0033,0.5854218929,,,1,0,0
B032,2025-05-14 17:00:00,1,614E1550,0.1929086387,4.02,274.53,1,1,1
B032,2025-05-14 18:00:00,0,614H0033,0.3512531357,,,1,0,0
B032,2025-05-14 18:00:00,1,614E1550,0.1117306351,4.02,274.53,1,1,1
B032,2025-05-14 19:00:00,0,614H0033,0.2341687572,,,1,0,0
B032,2025-05-14 19:00:00,1,614E1550,0.08087162878,4.02,274.53,1,1,1
B032,2025-05-14 20:00:00,0,614H0033,0,,,1,0,0
B032,2025-05-14 20:00:00,1,614E1550,0.01915361616,4.36,274.54,1,1,1
B032,2025-05-14 21:00:00,0,614H0033,0,,,1,0,0
B032,2025-05-14 21:00:00,1,614E1550,0.01915361616,4.36,274.54,1,1,1
B032,2025-05-14 22:00:00,0,614H0033,0.1170843786,,,1,0,0
B032,2025-05-14 22:00:00,1,614E1550,0.04443695896,4.36,274.54,1,1,1
B032,2025-05-14 23:00:00,0,614H0033,0,,,1,0,0
B032,2025-05-14 23:00:00,1,614E1550,0,4.36,274.54,1,1,1
B032,2025-05-15 00:00:00,0,614H0033,0,,,1,0,0
B032,2025-05-15 00:00:00,1,614E1550,0.01915361616,4.35,274.54,1,1,1
B032,2025-05-15 01:00:00,0,614H0033,0,,,1,0,0
B032,2025-05-15 01:00:00,1,614E1550,0,4.36,274.54,1,1,1
B032,2025-05-15 02:00:00,0,614H0033,0,,,1,0,0
B032,2025-05-15 02:00:00,1,614E1550,0.01915361616,4.7,274.55,1,1,1
B032,2025-05-15 03:00:00,0,614H0033,0,,,1,0,0
B032,2025-05-15 03:00:00,1,614E1550,0,4.7,274.55,1,1,1
B032,2025-05-15 04:00:00,0,614H0033,0,,,1,0,0
B032,2025-05-15 04:00:00,1,614E1550,0.01915361616,4.7,274.55,1,1,1
B032,2025-05-15 05:00:00,0,614H0033,0,,,1,0,0
B032,2025-05-15 05:00:00,1,614E1550,0,4.36,274.54,1,1,1
B032,2025-05-15 06:00:00,0,614H0033,0,,,1,0,0
B032,2025-05-15 06:00:00,1,614E1550,0,,,1,0,0
B032,2025-05-15 07:00:00,0,614H0033,2.224603193,,,1,0,0
B032,2025-05-15 07:00:00,1,614E1550,0.8834230355,4.36,274.54,1,1,1
B032,2025-05-15 08:00:00,0,614H0033,0,,,1,0,0
B032,2025-05-15 08:00:00,1,614E1550,0,4.36,274.54,1,1,1
B032,2025-05-15 09:00:00,0,614H0033,0,,,1,0,0
B032,2025-05-15 09:00:00,1,614E1550,0.01915361616,4.36,274.54,1,1,1
B032,2025-05-15 10:00:00,0,614H0033,0,,,1,0,0
B032,2025-05-15 10:00:00,1,614E1550,0,4.02,274.53,1,1,1
B032,2025-05-15 11:00:00,0,614H0033,0,,,1,0,0
B032,2025-05-15 11:00:00,1,614E1550,0,4.02,274.53,1,1,1
B032,2025-05-15 12:00:00,0,614H0033,0,,,1,0,0
B032,2025-05-15 12:00:00,1,614E1550,0,4.02,274.53,1,1,1
B032,2025-05-15 13:00:00,0,614H0033,0.1170843786,,,1,0,0
B032,2025-05-15 13:00:00,1,614E1550,0.005823351843,,,1,0,0
B032,2025-05-15 14:00:00,0,614H0033,0.1170843786,,,1,0,0
B032,2025-05-15 14:00:00,1,614E1550,0.06947261343,4.02,274.53,1,1,1
B032,2025-05-15 15:00:00,0,614H0033,0.4683375143,,,1,0,0
B032,2025-05-15 15:00:00,1,614E1550,0.09282470727,,,1,0,0
B032,2025-05-15 16:00:00,0,614H0033,0.7025062715,,,1,0,0
B032,2025-05-15 16:00:00,1,614E1550,0.2408010103,4.02,274.53,1,1,1
B032,2025-05-15 17:00:00,0,614H0033,0.7025062715,,,1,0,0
B032,2025-05-15 17:00:00,1,614E1550,0.1987319905,4.02,274.53,1,1,1
B032,2025-05-15 18:00:00,0,614H0033,0.3512531357,,,1,0,0
B032,2025-05-15 18:00:00,1,614E1550,0.1868375985,4.36,274.54,1,1,1
B032,2025-05-15 19:00:00,0,614H0033,0,,,1,0,0
B032,2025-05-15 19:00:00,1,614E1550,0.04418927063,,,1,0,0
B032,2025-05-15 20:00:00,0,614H0033,0,,,1,0,0
B032,2025-05-15 20:00:00,1,614E1550,0.01915361616,,,1,0,0
B032,2025-05-15 21:00:00,0,614H0033,0.1170843786,,,1,0,0
B032,2025-05-15 21:00:00,1,614E1550,0.005823351843,5.38,274.57,1,1,1
B032,2025-05-15 22:00:00,0,614H0033,0.1170843786,,,1,0,0
B032,2025-05-15 22:00:00,1,614E1550,0.08062394044,5.72,274.58,1,1,1
B032,2025-05-15 23:00:00,0,614H0033,0,,,1,0,0
B032,2025-05-15 23:00:00,1,614E1550,0,6.82,274.61,1,1,1
B032,2025-05-16 00:00:00,0,614H0033,0,,,1,0,0
B032,2025-05-16 00:00:00,1,614E1550,0,8.25,274.64,1,1,1
B032,2025-05-16 01:00:00,0,614H0033,0,,,1,0,0
B032,2025-05-16 01:00:00,1,614E1550,0.01915361616,8.28,274.64,1,1,1
B032,2025-05-16 02:00:00,0,614H0033,0,,,1,0,0
B032,2025-05-16 02:00:00,1,614E1550,0,8.28,274.64,1,1,1
B032,2025-05-16 03:00:00,0,614H0033,0,,,1,0,0
B032,2025-05-16 03:00:00,1,614E1550,0.01915361616,,,1,0,0
B032,2025-05-16 04:00:00,0,614H0033,0,,,1,0,0
B032,2025-05-16 04:00:00,1,614E1550,0,7.81,274.63,1,1,1
B032,2025-05-16 05:00:00,0,614H0033,0,,,1,0,0
B032,2025-05-16 05:00:00,1,614E1550,0,7.81,274.63,1,1,1
B032,2025-05-16 06:00:00,0,614H0033,0,,,1,0,0
B032,2025-05-16 06:00:00,1,614E1550,0.01915361616,7.81,274.63,1,1,1
B032,2025-05-16 07:00:00,0,614H0033,2.692940707,,,1,0,0
B032,2025-05-16 07:00:00,1,614E1550,1.068666199,,,1,0,0
B032,2025-05-16 08:00:00,0,614H0033,0,,,1,0,0
B032,2025-05-16 08:00:00,1,614E1550,0,7.34,274.62,1,1,1
B032,2025-05-16 09:00:00,0,614H0033,0,,,1,0,0
B032,2025-05-16 09:00:00,1,614E1550,0,7.34,274.62,1,1,1
B032,2025-05-16 10:00:00,0,614H0033,0,,,1,0,0
B032,2025-05-16 10:00:00,1,614E1550,0,6.82,274.61,1,1,1
B032,2025-05-16 11:00:00,0,614H0033,4.9175439,,,1,0,0
B032,2025-05-16 11:00:00,1,614E1550,2.201086245,6.82,274.61,1,1,1
B032,2025-05-16 12:00:00,0,614H0033,0,,,1,0,0
B032,2025-05-16 12:00:00,1,614E1550,0,6.87,274.61,1,1,1
B032,2025-05-16 13:00:00,0,614H0033,0,,,1,0,0
B032,2025-05-16 13:00:00,1,614E1550,0,,,1,0,0
B032,2025-05-16 14:00:00,0,614H0033,0,,,1,0,0
B032,2025-05-16 14:00:00,1,614E1550,0,,,1,0,0
B032,2025-05-16 15:00:00,0,614H0033,0,,,1,0,0
B032,2025-05-16 15:00:00,1,614E1550,0,6.06,274.59,1,1,1
B032,2025-05-16 16:00:00,0,614H0033,0,,,1,0,0
B032,2025-05-16 16:00:00,1,614E1550,0,6.06,274.59,1,1,1
B032,2025-05-16 17:00:00,0,614H0033,0,,,1,0,0
B032,2025-05-16 17:00:00,1,614E1550,0,6.06,274.59,1,1,1
B032,2025-05-16 18:00:00,0,614H0033,0,,,1,0,0
B032,2025-05-16 18:00:00,1,614E1550,0,6.06,274.59,1,1,1
B032,2025-05-16 19:00:00,0,614H0033,0,,,1,0,0
B032,2025-05-16 19:00:00,1,614E1550,0,6.02,274.59,1,1,1
B032,2025-05-16 20:00:00,0,614H0033,0,,,1,0,0
B032,2025-05-16 20:00:00,1,614E1550,0,5.68,274.58,1,1,1
B032,2025-05-16 21:00:00,0,614H0033,0,,,1,0,0
B032,2025-05-16 21:00:00,1,614E1550,0,5.72,274.58,1,1,1
B032,2025-05-16 22:00:00,0,614H0033,0,,,1,0,0
B032,2025-05-16 22:00:00,1,614E1550,0,5.72,274.58,1,1,1
B032,2025-05-16 23:00:00,0,614H0033,0,,,1,0,0
B032,2025-05-16 23:00:00,1,614E1550,0,5.72,274.58,1,1,1
B032,2025-05-17 00:00:00,0,614H0033,0,,,1,0,0
B032,2025-05-17 00:00:00,1,614E1550,0,,,1,0,0
B032,2025-05-17 01:00:00,0,614H0033,0,,,1,0,0
B032,2025-05-17 01:00:00,1,614E1550,0,,,1,0,0
B032,2025-05-17 02:00:00,0,614H0033,0,,,1,0,0
B032,2025-05-17 02:00:00,1,614E1550,0,,,1,0,0
B032,2025-05-17 03:00:00,0,614H0033,0,,,1,0,0
B032,2025-05-17 03:00:00,1,614E1550,0,,,1,0,0
B032,2025-05-17 04:00:00,0,614H0033,0,,,1,0,0
B032,2025-05-17 04:00:00,1,614E1550,0,5.04,274.56,1,1,1
B032,2025-05-17 05:00:00,0,614H0033,0,,,1,0,0
B032,2025-05-17 05:00:00,1,614E1550,0,5.04,274.56,1,1,1
B032,2025-05-17 06:00:00,0,614H0033,0,,,1,0,0
B032,2025-05-17 06:00:00,1,614E1550,0,5.02,274.56,1,1,1
B032,2025-05-17 07:00:00,0,614H0033,0,,,1,0,0
B032,2025-05-17 07:00:00,1,614E1550,0,,,1,0,0
B032,2025-05-17 08:00:00,0,614H0033,0,,,1,0,0
B032,2025-05-17 08:00:00,1,614E1550,0,5.02,274.56,1,1,1
B032,2025-05-17 09:00:00,0,614H0033,0,,,1,0,0
B032,2025-05-17 09:00:00,1,614E1550,0,5.04,274.56,1,1,1
B032,2025-05-17 10:00:00,0,614H0033,0,,,1,0,0
B032,2025-05-17 10:00:00,1,614E1550,0,5.04,274.56,1,1,1
B032,2025-05-17 11:00:00,0,614H0033,0,,,1,0,0
B032,2025-05-17 11:00:00,1,614E1550,0,5.04,274.56,1,1,1
B032,2025-05-17 12:00:00,0,614H0033,0,,,1,0,0
B032,2025-05-17 12:00:00,1,614E1550,0,5.04,274.56,1,1,1
B032,2025-05-17 13:00:00,0,614H0033,0,,,1,0,0
B032,2025-05-17 13:00:00,1,614E1550,0.01915361616,5.04,274.56,1,1,1
B032,2025-05-17 14:00:00,0,614H0033,0,,,1,0,0
B032,2025-05-17 14:00:00,1,614E1550,0,4.7,274.55,1,1,1
B032,2025-05-17 15:00:00,0,614H0033,0.1170843786,,,1,0,0
B032,2025-05-17 15:00:00,1,614E1550,0.0002476883364,4.7,274.55,1,1,1
B032,2025-05-17 16:00:00,0,614H0033,0,,,1,0,0
B032,2025-05-17 16:00:00,1,614E1550,0.02503565447,,,1,0,0
B032,2025-05-17 17:00:00,0,614H0033,0,,,1,0,0
B032,2025-05-17 17:00:00,1,614E1550,0,,,1,0,0
B032,2025-05-17 18:00:00,0,614H0033,0,,,1,0,0
B032,2025-05-17 18:00:00,1,614E1550,0,4.68,274.55,1,1,1
B032,2025-05-17 19:00:00,0,614H0033,0,,,1,0,0
B032,2025-05-17 19:00:00,1,614E1550,0,4.7,274.55,1,1,1
B032,2025-05-17 20:00:00,0,614H0033,0,,,1,0,0
B032,2025-05-17 20:00:00,1,614E1550,0,4.7,274.55,1,1,1
B032,2025-05-17 21:00:00,0,614H0033,0,,,1,0,0
B032,2025-05-17 21:00:00,1,614E1550,0,4.7,274.55,1,1,1
B032,2025-05-17 22:00:00,0,614H0033,0,,,1,0,0
B032,2025-05-17 22:00:00,1,614E1550,0,,,1,0,0
B032,2025-05-17 23:00:00,0,614H0033,0,,,1,0,0
B032,2025-05-17 23:00:00,1,614E1550,0.01915361616,4.36,274.54,1,1,1
B032,2025-05-18 00:00:00,0,614H0033,0,,,1,0,0
B032,2025-05-18 00:00:00,1,614E1550,0,4.36,274.54,1,1,1
B032,2025-05-18 01:00:00,0,614H0033,0,,,1,0,0
B032,2025-05-18 01:00:00,1,614E1550,0,4.36,274.54,1,1,1
B032,2025-05-18 02:00:00,0,614H0033,0,,,1,0,0
B032,2025-05-18 02:00:00,1,614E1550,0,4.36,274.54,1,1,1
B032,2025-05-18 03:00:00,0,614H0033,0,,,1,0,0
B032,2025-05-18 03:00:00,1,614E1550,0,4.35,274.54,1,1,1
B032,2025-05-18 04:00:00,0,614H0033,0,,,1,0,0
B032,2025-05-18 04:00:00,1,614E1550,0,4.35,274.54,1,1,1
B032,2025-05-18 05:00:00,0,614H0033,0,,,1,0,0
B032,2025-05-18 05:00:00,1,614E1550,0,4.36,274.54,1,1,1
B032,2025-05-18 06:00:00,0,614H0033,0,,,1,0,0
B032,2025-05-18 06:00:00,1,614E1550,0,4.36,274.54,1,1,1
B032,2025-05-18 07:00:00,0,614H0033,0.1170843786,,,1,0,0
B032,2025-05-18 07:00:00,1,614E1550,0.03855492066,4.36,274.54,1,1,1
B032,2025-05-18 08:00:00,0,614H0033,0,,,1,0,0
B032,2025-05-18 08:00:00,1,614E1550,0,4.36,274.54,1,1,1
B032,2025-05-18 09:00:00,0,614H0033,0,,,1,0,0
B032,2025-05-18 09:00:00,1,614E1550,0,4.36,274.54,1,1,1
B032,2025-05-18 10:00:00,0,614H0033,0,,,1,0,0
B032,2025-05-18 10:00:00,1,614E1550,0,,,1,0,0
B032,2025-05-18 11:00:00,0,614H0033,0,,,1,0,0
B032,2025-05-18 11:00:00,1,614E1550,0.01915361616,,,1,0,0
B032,2025-05-18 12:00:00,0,614H0033,0,,,1,0,0
B032,2025-05-18 12:00:00,1,614E1550,0,,,1,0,0
B032,2025-12-28 20:00:00,0,614H0033,0,,,1,0,0
B032,2025-12-28 20:00:00,1,614E1550,0,1.25,274.43,1,1,1
B032,2025-12-28 21:00:00,0,614H0033,0,,,1,0,0
B032,2025-12-28 21:00:00,1,614E1550,0,1.25,274.43,1,1,1
B032,2025-12-28 22:00:00,0,614H0033,0,,,1,0,0
B032,2025-12-28 22:00:00,1,614E1550,0,1.25,274.43,1,1,1
B032,2025-12-28 23:00:00,0,614H0033,0,,,1,0,0
B032,2025-12-28 23:00:00,1,614E1550,0,1.25,274.43,1,1,1
B032,2025-12-29 00:00:00,0,614H0033,0,,,1,0,0
B032,2025-12-29 00:00:00,1,614E1550,0,1.25,274.43,1,1,1
B032,2025-12-29 01:00:00,0,614H0033,0,,,1,0,0
B032,2025-12-29 01:00:00,1,614E1550,0,1.25,274.43,1,1,1
B032,2025-12-29 02:00:00,0,614H0033,0,,,1,0,0
B032,2025-12-29 02:00:00,1,614E1550,0,1.25,274.43,1,1,1
B032,2025-12-29 03:00:00,0,614H0033,0,,,1,0,0
B032,2025-12-29 03:00:00,1,614E1550,0,1.25,274.43,1,1,1
B032,2025-12-29 04:00:00,0,614H0033,0,,,1,0,0
B032,2025-12-29 04:00:00,1,614E1550,0,1,274.42,1,1,1
B032,2025-12-29 05:00:00,0,614H0033,0,,,1,0,0
B032,2025-12-29 05:00:00,1,614E1550,0,1,274.42,1,1,1
B032,2025-12-29 06:00:00,0,614H0033,0,,,1,0,0
B032,2025-12-29 06:00:00,1,614E1550,0,1,274.42,1,1,1
B032,2025-12-29 07:00:00,0,614H0033,0,,,1,0,0
B032,2025-12-29 07:00:00,1,614E1550,0,1,274.42,1,1,1
B032,2025-12-29 08:00:00,0,614H0033,0,,,1,0,0
B032,2025-12-29 08:00:00,1,614E1550,0,1.25,274.43,1,1,1
B032,2025-12-29 09:00:00,0,614H0033,0,,,1,0,0
B032,2025-12-29 09:00:00,1,614E1550,0,1.25,274.43,1,1,1
B032,2025-12-29 10:00:00,0,614H0033,0,,,1,0,0
B032,2025-12-29 10:00:00,1,614E1550,0,1.25,274.43,1,1,1
B032,2025-12-29 11:00:00,0,614H0033,0,,,1,0,0
B032,2025-12-29 11:00:00,1,614E1550,0,1.25,274.43,1,1,1
B032,2025-12-29 12:00:00,0,614H0033,0,,,1,0,0
B032,2025-12-29 12:00:00,1,614E1550,0,1.25,274.43,1,1,1
B032,2025-12-29 13:00:00,0,614H0033,0,,,1,0,0
B032,2025-12-29 13:00:00,1,614E1550,0,1.25,274.43,1,1,1
B032,2025-12-29 14:00:00,0,614H0033,0,,,1,0,0
B032,2025-12-29 14:00:00,1,614E1550,0,1.26,274.43,1,1,1
B032,2025-12-29 15:00:00,0,614H0033,0,,,1,0,0
B032,2025-12-29 15:00:00,1,614E1550,0,1.26,274.43,1,1,1
B032,2025-12-29 16:00:00,0,614H0033,0,,,1,0,0
B032,2025-12-29 16:00:00,1,614E1550,0,1.26,274.43,1,1,1
B032,2025-12-29 17:00:00,0,614H0033,0,,,1,0,0
B032,2025-12-29 17:00:00,1,614E1550,0,1.26,274.43,1,1,1
B032,2025-12-29 18:00:00,0,614H0033,0,,,1,0,0
B032,2025-12-29 18:00:00,1,614E1550,0,1,274.42,1,1,1
B032,2025-12-29 19:00:00,0,614H0033,0,,,1,0,0
B032,2025-12-29 19:00:00,1,614E1550,0,1,274.42,1,1,1
B032,2025-12-29 20:00:00,0,614H0033,0,,,1,0,0
B032,2025-12-29 20:00:00,1,614E1550,0,1.25,274.43,1,1,1
B032,2025-12-29 21:00:00,0,614H0033,0,,,1,0,0
B032,2025-12-29 21:00:00,1,614E1550,0,1.25,274.43,1,1,1
B032,2025-12-29 22:00:00,0,614H0033,0,,,1,0,0
B032,2025-12-29 22:00:00,1,614E1550,0,1.25,274.43,1,1,1
B032,2025-12-29 23:00:00,0,614H0033,0,,,1,0,0
B032,2025-12-29 23:00:00,1,614E1550,0,1.25,274.43,1,1,1
B032,2025-12-30 00:00:00,0,614H0033,0,,,1,0,0
B032,2025-12-30 00:00:00,1,614E1550,0,1,274.42,1,1,1
B032,2025-12-30 01:00:00,0,614H0033,0,,,1,0,0
B032,2025-12-30 01:00:00,1,614E1550,0,1,274.42,1,1,1
B032,2025-12-30 02:00:00,0,614H0033,0,,,1,0,0
B032,2025-12-30 02:00:00,1,614E1550,0,1,274.42,1,1,1
B032,2025-12-30 03:00:00,0,614H0033,0,,,1,0,0
B032,2025-12-30 03:00:00,1,614E1550,0,1,274.42,1,1,1
B032,2025-12-30 04:00:00,0,614H0033,0,,,1,0,0
B032,2025-12-30 04:00:00,1,614E1550,0,1,274.42,1,1,1
B032,2025-12-30 05:00:00,0,614H0033,0,,,1,0,0
B032,2025-12-30 05:00:00,1,614E1550,0,1,274.42,1,1,1
B032,2025-12-30 06:00:00,0,614H0033,0,,,1,0,0
B032,2025-12-30 06:00:00,1,614E1550,0,1,274.42,1,1,1
B032,2025-12-30 07:00:00,0,614H0033,0,,,1,0,0
B032,2025-12-30 07:00:00,1,614E1550,0,1,274.42,1,1,1
B032,2025-12-30 08:00:00,0,614H0033,0,,,1,0,0
B032,2025-12-30 08:00:00,1,614E1550,0,1,274.42,1,1,1
B032,2025-12-30 09:00:00,0,614H0033,0,,,1,0,0
B032,2025-12-30 09:00:00,1,614E1550,0,1,274.42,1,1,1
B032,2025-12-30 10:00:00,0,614H0033,0,,,1,0,0
B032,2025-12-30 10:00:00,1,614E1550,0,1,274.42,1,1,1
B032,2025-12-30 11:00:00,0,614H0033,0,,,1,0,0
B032,2025-12-30 11:00:00,1,614E1550,0,1,274.42,1,1,1
B032,2025-12-30 12:00:00,0,614H0033,0,,,1,0,0
B032,2025-12-30 12:00:00,1,614E1550,0,1,274.42,1,1,1
B032,2025-12-30 13:00:00,0,614H0033,0,,,1,0,0
B032,2025-12-30 13:00:00,1,614E1550,0,1,274.42,1,1,1
B032,2025-12-30 14:00:00,0,614H0033,0,,,1,0,0
B032,2025-12-30 14:00:00,1,614E1550,0,1,274.42,1,1,1
B032,2025-12-30 15:00:00,0,614H0033,0,,,1,0,0
B032,2025-12-30 15:00:00,1,614E1550,0,1.25,274.43,1,1,1
B032,2025-12-30 16:00:00,0,614H0033,0,,,1,0,0
B032,2025-12-30 16:00:00,1,614E1550,0,1.25,274.43,1,1,1
B032,2025-12-30 17:00:00,0,614H0033,0,,,1,0,0
B032,2025-12-30 17:00:00,1,614E1550,0,1.25,274.43,1,1,1
B032,2025-12-30 18:00:00,0,614H0033,0,,,1,0,0
B032,2025-12-30 18:00:00,1,614E1550,0,1.25,274.43,1,1,1
B032,2025-12-30 19:00:00,0,614H0033,0,,,1,0,0
B032,2025-12-30 19:00:00,1,614E1550,0,1.25,274.43,1,1,1
B032,2025-12-30 20:00:00,0,614H0033,0,,,1,0,0
B032,2025-12-30 20:00:00,1,614E1550,0.01670586674,1.25,274.43,1,1,1
B032,2025-12-30 21:00:00,0,614H0033,0,,,1,0,0
B032,2025-12-30 21:00:00,1,614E1550,0,1.25,274.43,1,1,1
B032,2025-12-30 22:00:00,0,614H0033,0,,,1,0,0
B032,2025-12-30 22:00:00,1,614E1550,0.06021977966,1.25,274.43,1,1,1
B032,2025-12-30 23:00:00,0,614H0033,0.002704914484,,,1,0,0
B032,2025-12-30 23:00:00,1,614E1550,0.08789491525,1.26,274.43,1,1,1
B032,2025-12-31 00:00:00,0,614H0033,0.002704914484,,,1,0,0
B032,2025-12-31 00:00:00,1,614E1550,0.09120377071,1.26,274.43,1,1,1
B032,2025-12-31 01:00:00,0,614H0033,0,,,1,0,0
B032,2025-12-31 01:00:00,1,614E1550,0.03234047099,1.26,274.43,1,1,1
B032,2025-12-31 02:00:00,0,614H0033,0,,,1,0,0
B032,2025-12-31 02:00:00,1,614E1550,0.0214774894,1,274.42,1,1,1
B032,2025-12-31 03:00:00,0,614H0033,0.005409828967,,,1,0,0
B032,2025-12-31 03:00:00,1,614E1550,0.06431287788,1,274.42,1,1,1
B032,2025-12-31 04:00:00,0,614H0033,0.002704914484,,,1,0,0
B032,2025-12-31 04:00:00,1,614E1550,0.1171484384,1,274.42,1,1,1
B032,2025-12-31 05:00:00,0,614H0033,0.1224942075,,,1,0,0
B032,2025-12-31 05:00:00,1,614E1550,0.02922882409,1.25,274.43,1,1,1
B032,2025-12-31 06:00:00,0,614H0033,0.3783022806,,,1,0,0
B032,2025-12-31 06:00:00,1,614E1550,0.5931841147,1.25,274.43,1,1,1
B032,2025-12-31 07:00:00,0,614H0033,0.6638644129,,,1,0,0
B032,2025-12-31 07:00:00,1,614E1550,0.9637780376,1.25,274.43,1,1,1
B032,2025-12-31 08:00:00,0,614H0033,0.6909135577,,,1,0,0
B032,2025-12-31 08:00:00,1,614E1550,1.767144173,1.25,274.43,1,1,1
B032,2025-12-31 09:00:00,0,614H0033,0.5873537516,,,1,0,0
B032,2025-12-31 09:00:00,1,614E1550,1.483083244,1.5,274.44,1,1,1
B032,2025-12-31 10:00:00,0,614H0033,1.151136329,,,1,0,0
B032,2025-12-31 10:00:00,1,614E1550,0.4549685912,1.75,274.45,1,1,1
B032,2025-12-31 11:00:00,0,614H0033,0.7701291336,,,1,0,0
B032,2025-12-31 11:00:00,1,614E1550,0.3518962254,1.76,274.45,1,1,1
B032,2025-12-31 12:00:00,0,614H0033,0.6395201826,,,1,0,0
B032,2025-12-31 12:00:00,1,614E1550,0.4273545976,1.76,274.45,1,1,1
B032,2025-12-31 13:00:00,0,614H0033,0.4053514254,,,1,0,0
B032,2025-12-31 13:00:00,1,614E1550,0.4553600083,1.76,274.45,1,1,1
B032,2025-12-31 14:00:00,0,614H0033,0.6287005246,,,1,0,0
B032,2025-12-31 14:00:00,1,614E1550,0.4515210393,1.75,274.45,1,1,1
B032,2025-12-31 15:00:00,0,614H0033,0.2747424744,,,1,0,0
B032,2025-12-31 15:00:00,1,614E1550,0.4098213987,3,274.5,1,1,1
B032,2025-12-31 16:00:00,0,614H0033,0.3945317675,,,1,0,0
B032,2025-12-31 16:00:00,1,614E1550,0.4193632961,3.68,274.52,1,1,1
B032,2025-12-31 17:00:00,0,614H0033,0.125199122,,,1,0,0
B032,2025-12-31 17:00:00,1,614E1550,0.1742328093,3.68,274.52,1,1,1
B032,2025-12-31 18:00:00,0,614H0033,0.255808073,,,1,0,0
B032,2025-12-31 18:00:00,1,614E1550,0.2007426165,4.02,274.53,1,1,1
B032,2025-12-31 19:00:00,0,614H0033,0,,,1,0,0
B032,2025-12-31 19:00:00,1,614E1550,0.05164660404,4.7,274.55,1,1,1
B032,2025-12-31 20:00:00,0,614H0033,0,,,1,0,0
B032,2025-12-31 20:00:00,1,614E1550,0.04310551042,5.04,274.56,1,1,1
B032,2025-12-31 21:00:00,0,614H0033,0,,,1,0,0
B032,2025-12-31 21:00:00,1,614E1550,0.05137609972,5.38,274.57,1,1,1
B032,2025-12-31 22:00:00,0,614H0033,0,,,1,0,0
B032,2025-12-31 22:00:00,1,614E1550,0.06772673913,5.38,274.57,1,1,1
B032,2025-12-31 23:00:00,0,614H0033,0,,,1,0,0
B032,2025-12-31 23:00:00,1,614E1550,0.01611124178,5.38,274.57,1,1,1
B032,2026-01-01 00:00:00,0,614H0033,0,,,1,0,0
B032,2026-01-01 00:00:00,1,614E1550,0.02416686267,5.35,274.57,1,1,1
B032,2026-01-01 01:00:00,0,614H0033,0,,,1,0,0
B032,2026-01-01 01:00:00,1,614E1550,0.02800845278,5.35,274.57,1,1,1
B032,2026-01-01 02:00:00,0,614H0033,0,,,1,0,0
B032,2026-01-01 02:00:00,1,614E1550,0.01611124178,5.35,274.57,1,1,1
B032,2026-01-01 03:00:00,0,614H0033,0,,,1,0,0
B032,2026-01-01 03:00:00,1,614E1550,0.01611124178,5.04,274.56,1,1,1
B032,2026-01-01 04:00:00,0,614H0033,0,,,1,0,0
B032,2026-01-01 04:00:00,1,614E1550,0.008055620891,5.04,274.56,1,1,1
B032,2026-01-01 05:00:00,0,614H0033,0,,,1,0,0
B032,2026-01-01 05:00:00,1,614E1550,0,5.04,274.56,1,1,1
B032,2026-01-01 06:00:00,0,614H0033,0,,,1,0,0
B032,2026-01-01 06:00:00,1,614E1550,0,4.7,274.55,1,1,1
B032,2026-01-01 07:00:00,0,614H0033,5.923386341,,,1,0,0
B032,2026-01-01 07:00:00,1,614E1550,6.917907614,4.7,274.55,1,1,1
B032,2026-01-01 08:00:00,0,614H0033,0,,,1,0,0
B032,2026-01-01 08:00:00,1,614E1550,0,4.36,274.54,1,1,1
B032,2026-01-01 09:00:00,0,614H0033,0,,,1,0,0
B032,2026-01-01 09:00:00,1,614E1550,0,4.36,274.54,1,1,1
B032,2026-01-01 10:00:00,0,614H0033,0,,,1,0,0
B032,2026-01-01 10:00:00,1,614E1550,0,4.02,274.53,1,1,1
B032,2026-01-01 11:00:00,0,614H0033,0,,,1,0,0
B032,2026-01-01 11:00:00,1,614E1550,0,4.02,274.53,1,1,1
B032,2026-01-01 12:00:00,0,614H0033,0,,,1,0,0
B032,2026-01-01 12:00:00,1,614E1550,0.0173004917,4.02,274.53,1,1,1
B032,2026-01-01 13:00:00,0,614H0033,0,,,1,0,0
B032,2026-01-01 13:00:00,1,614E1550,0.09423762127,4.02,274.53,1,1,1
B032,2026-01-01 14:00:00,0,614H0033,0,,,1,0,0
B032,2026-01-01 14:00:00,1,614E1550,0.02595073755,3.69,274.52,1,1,1
B032,2026-01-01 15:00:00,0,614H0033,0,,,1,0,0
B032,2026-01-01 15:00:00,1,614E1550,0.00865024585,3.68,274.52,1,1,1
B032,2026-01-01 16:00:00,0,614H0033,0,,,1,0,0
B032,2026-01-01 16:00:00,1,614E1550,0.0173004917,3.68,274.52,1,1,1
B032,2026-01-01 17:00:00,0,614H0033,0,,,1,0,0
B032,2026-01-01 17:00:00,1,614E1550,0,3.68,274.52,1,1,1
B032,2026-01-01 18:00:00,0,614H0033,0,,,1,0,0
B032,2026-01-01 18:00:00,1,614E1550,0,3.34,274.51,1,1,1
B032,2026-01-01 19:00:00,0,614H0033,0,,,1,0,0
B032,2026-01-01 19:00:00,1,614E1550,0,3.34,274.51,1,1,1
B032,2026-01-01 20:00:00,0,614H0033,0,,,1,0,0
B032,2026-01-01 20:00:00,1,614E1550,0,3.34,274.51,1,1,1
B032,2026-01-01 21:00:00,0,614H0033,0,,,1,0,0
B032,2026-01-01 21:00:00,1,614E1550,0,3.34,274.51,1,1,1
B032,2026-01-01 22:00:00,0,614H0033,0,,,1,0,0
B032,2026-01-01 22:00:00,1,614E1550,0,3.34,274.51,1,1,1
B032,2026-01-01 23:00:00,0,614H0033,0,,,1,0,0
B032,2026-01-01 23:00:00,1,614E1550,0,3,274.5,1,1,1
B032,2026-01-02 00:00:00,0,614H0033,0,,,1,0,0
B032,2026-01-02 00:00:00,1,614E1550,0,3,274.5,1,1,1
B032,2026-01-02 01:00:00,0,614H0033,0,,,1,0,0
B032,2026-01-02 01:00:00,1,614E1550,0,3,274.5,1,1,1
B032,2026-01-02 02:00:00,0,614H0033,0,,,1,0,0
B032,2026-01-02 02:00:00,1,614E1550,0,3.02,274.5,1,1,1
B032,2026-01-02 03:00:00,0,614H0033,0,,,1,0,0
B032,2026-01-02 03:00:00,1,614E1550,0,3,274.5,1,1,1
B032,2026-01-02 04:00:00,0,614H0033,0,,,1,0,0
B032,2026-01-02 04:00:00,1,614E1550,0,3,274.5,1,1,1
B032,2026-01-02 05:00:00,0,614H0033,0,,,1,0,0
B032,2026-01-02 05:00:00,1,614E1550,0,2.75,274.49,1,1,1
B032,2026-01-02 06:00:00,0,614H0033,0,,,1,0,0
B032,2026-01-02 06:00:00,1,614E1550,0,2.75,274.49,1,1,1
B032,2026-01-02 07:00:00,0,614H0033,0,,,1,0,0
B032,2026-01-02 07:00:00,1,614E1550,0.1634395881,2.75,274.49,1,1,1
B032,2026-01-02 08:00:00,0,614H0033,0,,,1,0,0
B032,2026-01-02 08:00:00,1,614E1550,0,2.75,274.49,1,1,1
B032,2026-01-02 09:00:00,0,614H0033,0,,,1,0,0
B032,2026-01-02 09:00:00,1,614E1550,0,2.75,274.49,1,1,1
B032,2026-01-02 10:00:00,0,614H0033,0,,,1,0,0
B032,2026-01-02 10:00:00,1,614E1550,0,2.75,274.49,1,1,1
B032,2026-01-02 11:00:00,0,614H0033,0,,,1,0,0
B032,2026-01-02 11:00:00,1,614E1550,0,2.75,274.49,1,1,1
B032,2026-01-02 12:00:00,0,614H0033,0,,,1,0,0
B032,2026-01-02 12:00:00,1,614E1550,0,2.5,274.48,1,1,1
B032,2026-01-02 13:00:00,0,614H0033,0,,,1,0,0
B032,2026-01-02 13:00:00,1,614E1550,0,2.5,274.48,1,1,1
B032,2026-01-02 14:00:00,0,614H0033,0,,,1,0,0
B032,2026-01-02 14:00:00,1,614E1550,0,2.52,274.48,1,1,1
B032,2026-01-02 15:00:00,0,614H0033,0,,,1,0,0
B032,2026-01-02 15:00:00,1,614E1550,0,2.52,274.48,1,1,1
B032,2026-01-02 16:00:00,0,614H0033,0,,,1,0,0
B032,2026-01-02 16:00:00,1,614E1550,0,2.5,274.48,1,1,1
B032,2026-01-02 17:00:00,0,614H0033,0,,,1,0,0
B032,2026-01-02 17:00:00,1,614E1550,0,2.5,274.48,1,1,1
B032,2026-01-02 18:00:00,0,614H0033,0,,,1,0,0
B032,2026-01-02 18:00:00,1,614E1550,0,2.5,274.48,1,1,1
B032,2026-01-02 19:00:00,0,614H0033,0,,,1,0,0
B032,2026-01-02 19:00:00,1,614E1550,0,2.25,274.47,1,1,1
B032,2026-01-02 20:00:00,0,614H0033,0,,,1,0,0
B032,2026-01-02 20:00:00,1,614E1550,0,2.25,274.47,1,1,1
B032,2026-01-02 21:00:00,0,614H0033,0,,,1,0,0
B032,2026-01-02 21:00:00,1,614E1550,0,2.25,274.47,1,1,1
B032,2026-01-02 22:00:00,0,614H0033,0,,,1,0,0
B032,2026-01-02 22:00:00,1,614E1550,0,2.25,274.47,1,1,1
B032,2026-01-02 23:00:00,0,614H0033,0,,,1,0,0
B032,2026-01-02 23:00:00,1,614E1550,0,2.25,274.47,1,1,1
B032,2026-01-03 00:00:00,0,614H0033,0,,,1,0,0
B032,2026-01-03 00:00:00,1,614E1550,0,2.25,274.47,1,1,1
B032,2026-01-03 01:00:00,0,614H0033,0,,,1,0,0
B032,2026-01-03 01:00:00,1,614E1550,0,2.25,274.47,1,1,1
B032,2026-01-03 02:00:00,0,614H0033,0,,,1,0,0
B032,2026-01-03 02:00:00,1,614E1550,0,2.25,274.47,1,1,1
B032,2026-01-03 03:00:00,0,614H0033,0,,,1,0,0
B032,2026-01-03 03:00:00,1,614E1550,0,2.25,274.47,1,1,1
B032,2026-01-03 04:00:00,0,614H0033,0,,,1,0,0
B032,2026-01-03 04:00:00,1,614E1550,0,2.26,274.47,1,1,1
B032,2026-01-03 05:00:00,0,614H0033,0,,,1,0,0
B032,2026-01-03 05:00:00,1,614E1550,0,2.25,274.47,1,1,1
B032,2026-01-03 06:00:00,0,614H0033,0,,,1,0,0
B032,2026-01-03 06:00:00,1,614E1550,0.03632634325,2.25,274.47,1,1,1
B032,2026-01-03 07:00:00,0,614H0033,0,,,1,0,0
B032,2026-01-03 07:00:00,1,614E1550,0.03513071362,2.25,274.47,1,1,1
B032,2026-01-03 08:00:00,0,614H0033,0,,,1,0,0
B032,2026-01-03 08:00:00,1,614E1550,0.01869535119,2.25,274.47,1,1,1
B032,2026-01-03 09:00:00,0,614H0033,0,,,1,0,0
B032,2026-01-03 09:00:00,1,614E1550,0.007757706988,2.25,274.47,1,1,1
B032,2026-01-03 10:00:00,0,614H0033,0,,,1,0,0
B032,2026-01-03 10:00:00,1,614E1550,0.1332298437,2.25,274.47,1,1,1
B032,2026-01-03 11:00:00,0,614H0033,0,,,1,0,0
B032,2026-01-03 11:00:00,1,614E1550,0.07679832397,2.25,274.47,1,1,1
B032,2026-01-03 12:00:00,0,614H0033,0.1333138655,,,1,0,0
B032,2026-01-03 12:00:00,1,614E1550,0.03240687972,2.25,274.47,1,1,1
B032,2026-01-03 13:00:00,0,614H0033,0.02163931587,,,1,0,0
B032,2026-01-03 13:00:00,1,614E1550,0.02022357923,2.25,274.47,1,1,1
B032,2026-01-03 14:00:00,0,614H0033,0.130608951,,,1,0,0
B032,2026-01-03 14:00:00,1,614E1550,0.107914001,2.25,274.47,1,1,1
B032,2026-01-03 15:00:00,0,614H0033,0.008114743451,,,1,0,0
B032,2026-01-03 15:00:00,1,614E1550,0.1471443347,2.26,274.47,1,1,1
B032,2026-01-03 16:00:00,0,614H0033,0.005409828967,,,1,0,0
B032,2026-01-03 16:00:00,1,614E1550,0.07834290757,2.26,274.47,1,1,1
B032,2026-01-03 17:00:00,0,614H0033,0.1170843786,,,1,0,0
B032,2026-01-03 17:00:00,1,614E1550,0.01440924801,2.26,274.47,1,1,1
B032,2026-03-23 11:00:00,0,614H0033,0,,,1,0,0
B032,2026-03-23 11:00:00,1,614E1550,0,4.02,274.53,1,1,1
B032,2026-03-23 12:00:00,0,614H0033,0,,,1,0,0
B032,2026-03-23 12:00:00,1,614E1550,0,4.02,274.53,1,1,1
B032,2026-03-23 13:00:00,0,614H0033,0,,,1,0,0
B032,2026-03-23 13:00:00,1,614E1550,0,4.02,274.53,1,1,1
B032,2026-03-23 14:00:00,0,614H0033,0,,,1,0,0
B032,2026-03-23 14:00:00,1,614E1550,0,4.02,274.53,1,1,1
B032,2026-03-23 15:00:00,0,614H0033,0,,,1,0,0
B032,2026-03-23 15:00:00,1,614E1550,0,4.02,274.53,1,1,1
B032,2026-03-23 16:00:00,0,614H0033,0,,,1,0,0
B032,2026-03-23 16:00:00,1,614E1550,0,4.02,274.53,1,1,1
B032,2026-03-23 17:00:00,0,614H0033,0,,,1,0,0
B032,2026-03-23 17:00:00,1,614E1550,0,4.02,274.53,1,1,1
B032,2026-03-23 18:00:00,0,614H0033,0,,,1,0,0
B032,2026-03-23 18:00:00,1,614E1550,0,4.02,274.53,1,1,1
B032,2026-03-23 19:00:00,0,614H0033,0,,,1,0,0
B032,2026-03-23 19:00:00,1,614E1550,0,4.02,274.53,1,1,1
B032,2026-03-23 20:00:00,0,614H0033,0,,,1,0,0
B032,2026-03-23 20:00:00,1,614E1550,0,4.02,274.53,1,1,1
B032,2026-03-23 21:00:00,0,614H0033,0,,,1,0,0
B032,2026-03-23 21:00:00,1,614E1550,0,4.02,274.53,1,1,1
B032,2026-03-23 22:00:00,0,614H0033,0,,,1,0,0
B032,2026-03-23 22:00:00,1,614E1550,0,4.02,274.53,1,1,1
B032,2026-03-23 23:00:00,0,614H0033,0,,,1,0,0
B032,2026-03-23 23:00:00,1,614E1550,0,4.02,274.53,1,1,1
B032,2026-03-24 00:00:00,0,614H0033,0,,,1,0,0
B032,2026-03-24 00:00:00,1,614E1550,0,4.02,274.53,1,1,1
B032,2026-03-24 01:00:00,0,614H0033,0,,,1,0,0
B032,2026-03-24 01:00:00,1,614E1550,0,4.02,274.53,1,1,1
B032,2026-03-24 02:00:00,0,614H0033,0,,,1,0,0
B032,2026-03-24 02:00:00,1,614E1550,0,4.02,274.53,1,1,1
B032,2026-03-24 03:00:00,0,614H0033,0,,,1,0,0
B032,2026-03-24 03:00:00,1,614E1550,0,4.02,274.53,1,1,1
B032,2026-03-24 04:00:00,0,614H0033,0,,,1,0,0
B032,2026-03-24 04:00:00,1,614E1550,0,4.02,274.53,1,1,1
B032,2026-03-24 05:00:00,0,614H0033,0,,,1,0,0
B032,2026-03-24 05:00:00,1,614E1550,0,4.02,274.53,1,1,1
B032,2026-03-24 06:00:00,0,614H0033,0,,,1,0,0
B032,2026-03-24 06:00:00,1,614E1550,0,4.02,274.53,1,1,1
B032,2026-03-24 07:00:00,0,614H0033,0,,,1,0,0
B032,2026-03-24 07:00:00,1,614E1550,0,4.02,274.53,1,1,1
B032,2026-03-24 08:00:00,0,614H0033,0,,,1,0,0
B032,2026-03-24 08:00:00,1,614E1550,0,4.02,274.53,1,1,1
B032,2026-03-24 09:00:00,0,614H0033,0,,,1,0,0
B032,2026-03-24 09:00:00,1,614E1550,0,4.02,274.53,1,1,1
B032,2026-03-24 10:00:00,0,614H0033,0,,,1,0,0
B032,2026-03-24 10:00:00,1,614E1550,0,4.02,274.53,1,1,1
B032,2026-03-24 11:00:00,0,614H0033,0,,,1,0,0
B032,2026-03-24 11:00:00,1,614E1550,0,4.02,274.53,1,1,1
B032,2026-03-24 12:00:00,0,614H0033,0,,,1,0,0
B032,2026-03-24 12:00:00,1,614E1550,0,4.02,274.53,1,1,1
B032,2026-03-24 13:00:00,0,614H0033,0,,,1,0,0
B032,2026-03-24 13:00:00,1,614E1550,0,4.02,274.53,1,1,1
B032,2026-03-24 14:00:00,0,614H0033,0,,,1,0,0
B032,2026-03-24 14:00:00,1,614E1550,0,4.02,274.53,1,1,1
B032,2026-03-24 15:00:00,0,614H0033,0,,,1,0,0
B032,2026-03-24 15:00:00,1,614E1550,0,4.02,274.53,1,1,1
B032,2026-03-24 16:00:00,0,614H0033,0,,,1,0,0
B032,2026-03-24 16:00:00,1,614E1550,0,4.02,274.53,1,1,1
B032,2026-03-24 17:00:00,0,614H0033,0,,,1,0,0
B032,2026-03-24 17:00:00,1,614E1550,0,4.02,274.53,1,1,1
B032,2026-03-24 18:00:00,0,614H0033,0,,,1,0,0
B032,2026-03-24 18:00:00,1,614E1550,0,4.02,274.53,1,1,1
B032,2026-03-24 19:00:00,0,614H0033,0,,,1,0,0
B032,2026-03-24 19:00:00,1,614E1550,0,4.02,274.53,1,1,1
B032,2026-03-24 20:00:00,0,614H0033,0,,,1,0,0
B032,2026-03-24 20:00:00,1,614E1550,0,4.02,274.53,1,1,1
B032,2026-03-24 21:00:00,0,614H0033,0,,,1,0,0
B032,2026-03-24 21:00:00,1,614E1550,0,4.02,274.53,1,1,1
B032,2026-03-24 22:00:00,0,614H0033,0,,,1,0,0
B032,2026-03-24 22:00:00,1,614E1550,0,4.02,274.53,1,1,1
B032,2026-03-24 23:00:00,0,614H0033,0,,,1,0,0
B032,2026-03-24 23:00:00,1,614E1550,0,4.02,274.53,1,1,1
B032,2026-03-25 00:00:00,0,614H0033,0,,,1,0,0
B032,2026-03-25 00:00:00,1,614E1550,0,4.02,274.53,1,1,1
B032,2026-03-25 01:00:00,0,614H0033,0,,,1,0,0
B032,2026-03-25 01:00:00,1,614E1550,0,4.02,274.53,1,1,1
B032,2026-03-25 02:00:00,0,614H0033,0,,,1,0,0
B032,2026-03-25 02:00:00,1,614E1550,0,4.02,274.53,1,1,1
B032,2026-03-25 03:00:00,0,614H0033,0,,,1,0,0
B032,2026-03-25 03:00:00,1,614E1550,0,4.02,274.53,1,1,1
B032,2026-03-25 04:00:00,0,614H0033,0,,,1,0,0
B032,2026-03-25 04:00:00,1,614E1550,0,4.02,274.53,1,1,1
B032,2026-03-25 05:00:00,0,614H0033,0,,,1,0,0
B032,2026-03-25 05:00:00,1,614E1550,0,4.02,274.53,1,1,1
B032,2026-03-25 06:00:00,0,614H0033,0,,,1,0,0
B032,2026-03-25 06:00:00,1,614E1550,0,4.02,274.53,1,1,1
B032,2026-03-25 07:00:00,0,614H0033,0,,,1,0,0
B032,2026-03-25 07:00:00,1,614E1550,0,4.02,274.53,1,1,1
B032,2026-03-25 08:00:00,0,614H0033,0,,,1,0,0
B032,2026-03-25 08:00:00,1,614E1550,0,4.02,274.53,1,1,1
B032,2026-03-25 09:00:00,0,614H0033,0,,,1,0,0
B032,2026-03-25 09:00:00,1,614E1550,0,4.02,274.53,1,1,1
B032,2026-03-25 10:00:00,0,614H0033,0,,,1,0,0
B032,2026-03-25 10:00:00,1,614E1550,0,3.68,274.52,1,1,1
B032,2026-03-25 11:00:00,0,614H0033,0.1279040365,,,1,0,0
B032,2026-03-25 11:00:00,1,614E1550,0.219326458,3.68,274.52,1,1,1
B032,2026-03-25 12:00:00,0,614H0033,0.1197892931,,,1,0,0
B032,2026-03-25 12:00:00,1,614E1550,0.307547496,4.02,274.53,1,1,1
B032,2026-03-25 13:00:00,0,614H0033,0.01893440139,,,1,0,0
B032,2026-03-25 13:00:00,1,614E1550,0.4224156946,4.02,274.53,1,1,1
B032,2026-03-25 14:00:00,0,614H0033,0.1197892931,,,1,0,0
B032,2026-03-25 14:00:00,1,614E1550,0.0121302301,4.02,274.53,1,1,1
B032,2026-03-25 15:00:00,0,614H0033,0,,,1,0,0
B032,2026-03-25 15:00:00,1,614E1550,0.3654160217,4.02,274.53,1,1,1
B032,2026-03-25 16:00:00,0,614H0033,0,,,1,0,0
B032,2026-03-25 16:00:00,1,614E1550,0.0436463803,4.02,274.53,1,1,1
B032,2026-03-25 17:00:00,0,614H0033,0.002704914484,,,1,0,0
B032,2026-03-25 17:00:00,1,614E1550,0.0005140421805,4.02,274.53,1,1,1
B032,2026-03-25 18:00:00,0,614H0033,0.8818036832,,,1,0,0
B032,2026-03-25 18:00:00,1,614E1550,0.6168490688,4.02,274.53,1,1,1
B032,2026-03-25 19:00:00,0,614H0033,0.1333138655,,,1,0,0
B032,2026-03-25 19:00:00,1,614E1550,0.08168785856,4.02,274.53,1,1,1
B032,2026-03-25 20:00:00,0,614H0033,0.002704914484,,,1,0,0
B032,2026-03-25 20:00:00,1,614E1550,0.2205595449,4.02,274.53,1,1,1
B032,2026-03-25 21:00:00,0,614H0033,0.1197892931,,,1,0,0
B032,2026-03-25 21:00:00,1,614E1550,0.1270706946,4.02,274.53,1,1,1
B032,2026-03-25 22:00:00,0,614H0033,0,,,1,0,0
B032,2026-03-25 22:00:00,1,614E1550,0.05562432405,4.02,274.53,1,1,1
B032,2026-03-25 23:00:00,0,614H0033,0.002704914484,,,1,0,0
B032,2026-03-25 23:00:00,1,614E1550,0.0005140421805,4.36,274.54,1,1,1
B032,2026-03-26 00:00:00,0,614H0033,0.2422835006,,,1,0,0
B032,2026-03-26 00:00:00,1,614E1550,1.243027398,4.36,274.54,1,1,1
B032,2026-03-26 01:00:00,0,614H0033,0.5819439226,,,1,0,0
B032,2026-03-26 01:00:00,1,614E1550,2.203692673,4.36,274.54,1,1,1
B032,2026-03-26 02:00:00,0,614H0033,0.7863586205,,,1,0,0
B032,2026-03-26 02:00:00,1,614E1550,1.030011577,5.04,274.56,1,1,1
B032,2026-03-26 03:00:00,0,614H0033,0.5413702054,,,1,0,0
B032,2026-03-26 03:00:00,1,614E1550,0.4809442295,5.35,274.57,1,1,1
B032,2026-03-26 04:00:00,0,614H0033,0.3783022806,,,1,0,0
B032,2026-03-26 04:00:00,1,614E1550,0.1646694645,6.02,274.59,1,1,1
B032,2026-03-26 05:00:00,0,614H0033,0.261217902,,,1,0,0
B032,2026-03-26 05:00:00,1,614E1550,0.1284638111,7.81,274.63,1,1,1
B032,2026-03-26 06:00:00,0,614H0033,0.1197892931,,,1,0,0
B032,2026-03-26 06:00:00,1,614E1550,0.02489220966,14.5,274.75,1,1,1
B032,2026-03-26 07:00:00,0,614H0033,4.440704334,,,1,0,0
B032,2026-03-26 07:00:00,1,614E1550,5.68159446,22.3,274.84,1,1,1
B032,2026-03-26 08:00:00,0,614H0033,0,,,1,0,0
B032,2026-03-26 08:00:00,1,614E1550,0,22.3,274.84,1,1,1
B032,2026-03-26 09:00:00,0,614H0033,0,,,1,0,0
B032,2026-03-26 09:00:00,1,614E1550,0.01915361616,22.3,274.84,1,1,1
B032,2026-03-26 10:00:00,0,614H0033,0,,,1,0,0
B032,2026-03-26 10:00:00,1,614E1550,0.03830723232,20.1,274.82,1,1,1
B032,2026-03-26 11:00:00,0,614H0033,0,,,1,0,0
B032,2026-03-26 11:00:00,1,614E1550,0,19,274.81,1,1,1
B032,2026-03-26 12:00:00,0,614H0033,0,,,1,0,0
B032,2026-03-26 12:00:00,1,614E1550,0,17.2,274.79,1,1,1
B032,2026-03-26 13:00:00,0,614H0033,0,,,1,0,0
B032,2026-03-26 13:00:00,1,614E1550,0,16.5,274.78,1,1,1
B032,2026-03-26 14:00:00,0,614H0033,0,,,1,0,0
B032,2026-03-26 14:00:00,1,614E1550,0,15.2,274.76,1,1,1
B032,2026-03-26 15:00:00,0,614H0033,0,,,1,0,0
B032,2026-03-26 15:00:00,1,614E1550,0.01672699052,14.5,274.75,1,1,1
B032,2026-03-26 16:00:00,0,614H0033,0,,,1,0,0
B032,2026-03-26 16:00:00,1,614E1550,0,13.8,274.74,1,1,1
B032,2026-03-26 17:00:00,0,614H0033,0,,,1,0,0
B032,2026-03-26 17:00:00,1,614E1550,0,13.1,274.73,1,1,1
B032,2026-03-26 18:00:00,0,614H0033,0,,,1,0,0
B032,2026-03-26 18:00:00,1,614E1550,0,12.5,274.72,1,1,1
B032,2026-03-26 19:00:00,0,614H0033,0,,,1,0,0
B032,2026-03-26 19:00:00,1,614E1550,0,11.8,274.71,1,1,1
B032,2026-03-26 20:00:00,0,614H0033,0,,,1,0,0
B032,2026-03-26 20:00:00,1,614E1550,0,11.1,274.7,1,1,1
B032,2026-03-26 21:00:00,0,614H0033,0,,,1,0,0
B032,2026-03-26 21:00:00,1,614E1550,0,11.1,274.7,1,1,1
B032,2026-03-26 22:00:00,0,614H0033,0,,,1,0,0
B032,2026-03-26 22:00:00,1,614E1550,0,10.6,274.69,1,1,1
B032,2026-03-26 23:00:00,0,614H0033,0,,,1,0,0
B032,2026-03-26 23:00:00,1,614E1550,0.008055620891,10.2,274.68,1,1,1
B032,2026-03-27 00:00:00,0,614H0033,0,,,1,0,0
B032,2026-03-27 00:00:00,1,614E1550,0,10.1,274.68,1,1,1
B032,2026-03-27 01:00:00,0,614H0033,0,,,1,0,0
B032,2026-03-27 01:00:00,1,614E1550,0,9.68,274.67,1,1,1
B032,2026-03-27 02:00:00,0,614H0033,0,,,1,0,0
B032,2026-03-27 02:00:00,1,614E1550,0,9.69,274.67,1,1,1
B032,2026-03-27 03:00:00,0,614H0033,0,,,1,0,0
B032,2026-03-27 03:00:00,1,614E1550,0,9.22,274.66,1,1,1
B032,2026-03-27 04:00:00,0,614H0033,0,,,1,0,0
B032,2026-03-27 04:00:00,1,614E1550,0,9.22,274.66,1,1,1
B032,2026-03-27 05:00:00,0,614H0033,0,,,1,0,0
B032,2026-03-27 05:00:00,1,614E1550,0,8.75,274.65,1,1,1
B032,2026-03-27 06:00:00,0,614H0033,0,,,1,0,0
B032,2026-03-27 06:00:00,1,614E1550,0,8.75,274.65,1,1,1
B032,2026-03-27 07:00:00,0,614H0033,0,,,1,0,0
B032,2026-03-27 07:00:00,1,614E1550,0.08224345989,8.28,274.64,1,1,1
B032,2026-03-27 08:00:00,0,614H0033,0,,,1,0,0
B032,2026-03-27 08:00:00,1,614E1550,0,8.28,274.64,1,1,1
B032,2026-03-27 09:00:00,0,614H0033,0,,,1,0,0
B032,2026-03-27 09:00:00,1,614E1550,0,7.81,274.63,1,1,1
B032,2026-03-27 10:00:00,0,614H0033,0,,,1,0,0
B032,2026-03-27 10:00:00,1,614E1550,0,7.77,274.63,1,1,1
B032,2026-03-27 11:00:00,0,614H0033,0,,,1,0,0
B032,2026-03-27 11:00:00,1,614E1550,0,7.77,274.63,1,1,1
B032,2026-03-27 12:00:00,0,614H0033,0,,,1,0,0
B032,2026-03-27 12:00:00,1,614E1550,0.00865024585,7.81,274.63,1,1,1
B032,2026-03-27 13:00:00,0,614H0033,0,,,1,0,0
B032,2026-03-27 13:00:00,1,614E1550,0,7.34,274.62,1,1,1
B032,2026-03-27 14:00:00,0,614H0033,0,,,1,0,0
B032,2026-03-27 14:00:00,1,614E1550,0,7.34,274.62,1,1,1
B032,2026-03-27 15:00:00,0,614H0033,0,,,1,0,0
B032,2026-03-27 15:00:00,1,614E1550,0,6.87,274.61,1,1,1
B032,2026-03-27 16:00:00,0,614H0033,0,,,1,0,0
B032,2026-03-27 16:00:00,1,614E1550,0,6.87,274.61,1,1,1
B032,2026-03-27 17:00:00,0,614H0033,0,,,1,0,0
B032,2026-03-27 17:00:00,1,614E1550,0,6.87,274.61,1,1,1
B032,2026-03-27 18:00:00,0,614H0033,0,,,1,0,0
B032,2026-03-27 18:00:00,1,614E1550,0,,274.61,1,0,1
B032,2026-03-27 19:00:00,0,614H0033,0,,,1,0,0
B032,2026-03-27 19:00:00,1,614E1550,0,6.4,274.6,1,1,1
B032,2026-03-27 20:00:00,0,614H0033,0,,,1,0,0
B032,2026-03-27 20:00:00,1,614E1550,0,6.4,274.6,1,1,1
B032,2026-03-27 21:00:00,0,614H0033,0,,,1,0,0
B032,2026-03-27 21:00:00,1,614E1550,0,6.35,274.6,1,1,1
B032,2026-03-27 22:00:00,0,614H0033,0.005409828967,,,1,0,0
B032,2026-03-27 22:00:00,1,614E1550,0.09503556245,6.06,274.59,1,1,1
B032,2026-03-27 23:00:00,0,614H0033,0.4026465109,,,1,0,0
B032,2026-03-27 23:00:00,1,614E1550,0.3122053521,6.06,274.59,1,1,1
B032,2026-03-28 00:00:00,0,614H0033,0,,,1,0,0
B032,2026-03-28 00:00:00,1,614E1550,0.02114208181,6.06,274.59,1,1,1
B032,2026-03-28 01:00:00,0,614H0033,0,,,1,0,0
B032,2026-03-28 01:00:00,1,614E1550,0.02101103453,6.06,274.59,1,1,1
B032,2026-03-28 02:00:00,0,614H0033,0,,,1,0,0
B032,2026-03-28 02:00:00,1,614E1550,0.0003992877158,6.06,274.59,1,1,1
B032,2026-03-28 03:00:00,0,614H0033,0,,,1,0,0
B032,2026-03-28 03:00:00,1,614E1550,0.002589109617,6.06,274.59,1,1,1
B032,2026-03-28 04:00:00,0,614H0033,0,,,1,0,0
B032,2026-03-28 04:00:00,1,614E1550,0,6.06,274.59,1,1,1
B032,2026-03-28 05:00:00,0,614H0033,0,,,1,0,0
B032,2026-03-28 05:00:00,1,614E1550,0.01915361616,6.06,274.59,1,1,1
B032,2026-03-28 06:00:00,0,614H0033,0,,,1,0,0
B032,2026-03-28 06:00:00,1,614E1550,0.005575663506,6.06,274.59,1,1,1
B032,2026-03-28 07:00:00,0,614H0033,0.3539580502,,,1,0,0
B032,2026-03-28 07:00:00,1,614E1550,0.4708886689,6.06,274.59,1,1,1
B032,2026-03-28 08:00:00,0,614H0033,0,,,1,0,0
B032,2026-03-28 08:00:00,1,614E1550,0,6.02,274.59,1,1,1
B032,2026-03-28 09:00:00,0,614H0033,0,,,1,0,0
B032,2026-03-28 09:00:00,1,614E1550,0,5.72,274.58,1,1,1
B032,2026-03-28 10:00:00,0,614H0033,0,,,1,0,0
B032,2026-03-28 10:00:00,1,614E1550,0.002318966015,5.72,274.58,1,1,1
B032,2026-03-28 11:00:00,0,614H0033,0,,,1,0,0
B032,2026-03-28 11:00:00,1,614E1550,0,5.72,274.58,1,1,1
B032,2026-03-28 12:00:00,0,614H0033,0,,,1,0,0
B032,2026-03-28 12:00:00,1,614E1550,0.008055620891,5.72,274.58,1,1,1
B032,2026-03-28 13:00:00,0,614H0033,0,,,1,0,0
B032,2026-03-28 13:00:00,1,614E1550,0,5.72,274.58,1,1,1
B032,2026-03-28 14:00:00,0,614H0033,0,,,1,0,0
B032,2026-03-28 14:00:00,1,614E1550,0,5.72,274.58,1,1,1
B032,2026-03-28 15:00:00,0,614H0033,0,,,1,0,0
B032,2026-03-28 15:00:00,1,614E1550,0,5.38,274.57,1,1,1
B032,2026-03-28 16:00:00,0,614H0033,0,,,1,0,0
B032,2026-03-28 16:00:00,1,614E1550,0.008055620891,5.38,274.57,1,1,1
