GRAPH_ID,TIMESTAMP,NODE_INDEX,STATION_ID,RAIN_MM,FLOW,WATER_LEVEL,RAIN_MASK,FLOW_MASK,WATER_LEVEL_MASK
B033,2021-05-10 07:00:00,0,61510100,0,38.6,88.36,1,1,1
B033,2021-05-10 08:00:00,0,61510100,0,33.2,88.36,1,1,1
B033,2021-05-10 09:00:00,0,61510100,0,33.2,88.36,1,1,1
B033,2021-05-10 10:00:00,0,61510100,0,32.1,88.33,1,1,1
B033,2021-05-10 11:00:00,0,61510100,0,31,88.3,1,1,1
B033,2021-05-10 12:00:00,0,61510100,0,30.7,88.29,1,1,1
B033,2021-05-10 13:00:00,0,61510100,0,30.4,88.28,1,1,1
B033,2021-05-10 14:00:00,0,61510100,0,30.4,88.28,1,1,1
B033,2021-05-10 15:00:00,0,61510100,0,30,88.27,1,1,1
B033,2021-05-10 16:00:00,0,61510100,0,30,88.27,1,1,1
B033,2021-05-10 17:00:00,0,61510100,0,30,88.27,1,1,1
B033,2021-05-10 18:00:00,0,61510100,1.897766789,30,88.27,1,1,1
B033,2021-05-10 19:00:00,0,61510100,8.91673282e-05,32.1,88.33,1,1,1
B033,2021-05-10 20:00:00,0,61510100,0.1135531178,33.5,88.37,1,1,1
B033,2021-05-10 21:00:00,0,61510100,0.000445836641,33.9,88.38,1,1,1
B033,2021-05-10 22:00:00,0,61510100,0,33.9,88.38,1,1,1
B033,2021-05-10 23:00:00,0,61510100,0.2514149884,33.5,88.37,1,1,1
B033,2021-05-11 00:00:00,0,61510100,0.7302928818,33.5,88.37,1,1,1
B033,2021-05-11 01:00:00,0,61510100,1.143878493,33.5,88.37,1,1,1
B033,2021-05-11 02:00:00,0,61510100,1.849862623,33.9,88.38,1,1,1
B033,2021-05-11 03:00:00,0,61510100,0.1378618706,33.9,88.38,1,1,1
B033,2021-05-11 04:00:00,0,61510100,0,33.5,88.37,1,1,1
B033,2021-05-11 05:00:00,0,61510100,0.2271062357,32.4,88.34,1,1,1
B033,2021-05-11 06:00:00,0,61510100,0.1378618706,31.4,88.31,1,1,1
B033,2021-05-11 07:00:00,0,61510100,5.328605863,30.7,88.29,1,1,1
B033,2021-05-11 08:00:00,0,61510100,6.415354956,27.3,88.29,1,1,1
B033,2021-05-11 09:00:00,0,61510100,2.831570493,28.3,88.32,1,1,1
B033,2021-05-11 10:00:00,0,61510100,1.143610991,,,1,0,0
B033,2021-05-11 11:00:00,0,61510100,0,29,88.34,1,1,1
B033,2021-05-11 12:00:00,0,61510100,0.2515041557,29.4,88.35,1,1,1
B033,2021-05-11 13:00:00,0,61510100,0.1380402052,33.7,88.46,1,1,1
B033,2021-05-11 14:00:00,0,61510100,0,40.6,88.61,1,1,1
B033,2021-05-11 15:00:00,0,61510100,0,45.5,88.7,1,1,1
B033,2021-05-11 16:00:00,0,61510100,0,49.7,88.77,1,1,1
B033,2021-05-11 17:00:00,0,61510100,0,53.6,88.83,1,1,1
B033,2021-05-11 18:00:00,0,61510100,0,57,88.88,1,1,1
B033,2021-05-11 19:00:00,0,61510100,0,60.7,88.93,1,1,1
B033,2021-05-11 20:00:00,0,61510100,0,61.4,88.94,1,1,1
B033,2021-05-11 21:00:00,0,61510100,0,60.7,88.93,1,1,1
B033,2021-05-11 22:00:00,0,61510100,0,59.9,88.92,1,1,1
B033,2021-05-11 23:00:00,0,61510100,0,57.7,88.89,1,1,1
B033,2021-05-12 00:00:00,0,61510100,0,56.3,88.87,1,1,1
B033,2021-05-12 01:00:00,0,61510100,0,54.3,88.84,1,1,1
B033,2021-05-12 02:00:00,0,61510100,0,53.6,88.83,1,1,1
B033,2021-05-12 03:00:00,0,61510100,0,52.9,88.82,1,1,1
B033,2021-05-12 04:00:00,0,61510100,0,52.2,88.81,1,1,1
B033,2021-05-12 05:00:00,0,61510100,0,52.2,88.81,1,1,1
B033,2021-05-12 06:00:00,0,61510100,0,52.2,88.81,1,1,1
B033,2021-05-12 07:00:00,0,61510100,13.45496116,50.9,88.79,1,1,1
B033,2021-05-12 08:00:00,0,61510100,0,77.1,88.73,1,1,1
B033,2021-05-12 09:00:00,0,61510100,0,76.5,88.72,1,1,1
B033,2021-05-12 10:00:00,0,61510100,0,75.3,88.7,1,1,1
B033,2021-05-12 11:00:00,0,61510100,0,74.2,88.68,1,1,1
B033,2021-05-12 12:00:00,0,61510100,0,74.8,88.69,1,1,1
B033,2021-05-12 13:00:00,0,61510100,0,72.1,88.64,1,1,1
B033,2021-05-12 14:00:00,0,61510100,0,71,88.62,1,1,1
B033,2021-05-12 15:00:00,0,61510100,0,70.4,88.61,1,1,1
B033,2021-05-12 16:00:00,0,61510100,0,69.9,88.6,1,1,1
B033,2021-05-12 17:00:00,0,61510100,0,69.4,88.59,1,1,1
B033,2021-05-12 18:00:00,0,61510100,0,68.9,88.58,1,1,1
B033,2021-05-12 19:00:00,0,61510100,0,68.9,88.58,1,1,1
B033,2021-05-12 20:00:00,0,61510100,0,68,88.56,1,1,1
B033,2021-05-12 21:00:00,0,61510100,0,67.5,88.55,1,1,1
B033,2021-05-12 22:00:00,0,61510100,0,67,88.54,1,1,1
B033,2021-05-12 23:00:00,0,61510100,0,66.5,88.53,1,1,1
B033,2021-05-13 00:00:00,0,61510100,0,66.1,88.52,1,1,1
B033,2021-05-13 01:00:00,0,61510100,0,65.6,88.51,1,1,1
B033,2021-05-13 02:00:00,0,61510100,0,65.1,88.5,1,1,1
B033,2021-05-13 03:00:00,0,61510100,0,64.7,88.49,1,1,1
B033,2021-05-13 04:00:00,0,61510100,0,64.7,88.49,1,1,1
B033,2021-05-13 05:00:00,0,61510100,0,65.1,88.5,1,1,1
B033,2021-05-13 06:00:00,0,61510100,0,64.7,88.49,1,1,1
B033,2021-05-13 07:00:00,0,61510100,0,64.7,88.49,1,1,1
B033,2021-05-13 08:00:00,0,61510100,0,45.4,88.48,1,1,1
B033,2021-05-13 09:00:00,0,61510100,4.041187105,42.9,88.42,1,1,1
B033,2021-05-13 10:00:00,0,61510100,4.495756245,42.1,88.4,1,1,1
B033,2021-05-13 11:00:00,0,61510100,0,42.1,88.4,1,1,1
B033,2021-05-13 12:00:00,0,61510100,0,42.5,88.41,1,1,1
B033,2021-05-13 13:00:00,0,61510100,0.2515041557,44.6,88.46,1,1,1
B033,2021-05-13 14:00:00,0,61510100,0,46.7,88.51,1,1,1
B033,2021-05-13 15:00:00,0,61510100,0,47.2,88.52,1,1,1
B033,2021-05-13 16:00:00,0,61510100,0,47.2,88.52,1,1,1
B033,2021-05-13 17:00:00,0,61510100,0,47.6,88.53,1,1,1
B033,2021-05-13 18:00:00,0,61510100,0,48.6,88.55,1,1,1
B033,2021-05-13 19:00:00,0,61510100,0,49.6,88.57,1,1,1
B033,2021-05-13 20:00:00,0,61510100,0,51.5,88.61,1,1,1
B033,2021-05-13 21:00:00,0,61510100,0,55.3,88.68,1,1,1
B033,2021-05-13 22:00:00,0,61510100,0,58.8,88.74,1,1,1
B033,2021-05-13 23:00:00,0,61510100,0,61.2,88.78,1,1,1
B033,2021-05-14 00:00:00,0,61510100,0,63.8,88.82,1,1,1
B033,2021-05-14 01:00:00,0,61510100,0,67.2,88.87,1,1,1
B033,2021-05-14 02:00:00,0,61510100,0,69.3,88.9,1,1,1
B033,2021-05-14 03:00:00,0,61510100,0,69.3,88.9,1,1,1
B033,2021-05-14 04:00:00,0,61510100,0,69.3,88.9,1,1,1
B033,2021-05-14 05:00:00,0,61510100,0,68.6,88.89,1,1,1
B033,2021-05-14 06:00:00,0,61510100,0,65.8,88.85,1,1,1
B033,2021-05-14 07:00:00,0,61510100,13.40392734,65.2,88.84,1,1,1
B033,2021-05-14 08:00:00,0,61510100,0,89.8,88.82,1,1,1
B033,2021-05-14 09:00:00,0,61510100,0,88.4,88.8,1,1,1
B033,2021-05-14 10:00:00,0,61510100,0,86.6,88.77,1,1,1
B033,2021-05-14 11:00:00,0,61510100,0,86,88.76,1,1,1
B033,2021-05-14 12:00:00,0,61510100,0,84.8,88.74,1,1,1
B033,2021-05-14 13:00:00,0,61510100,0,84.2,88.73,1,1,1
B033,2021-05-14 14:00:00,0,61510100,1.240756835,83,88.71,1,1,1
B033,2021-05-14 15:00:00,0,61510100,0.0001783346564,81.9,88.69,1,1,1
B033,2021-05-14 16:00:00,0,61510100,0,81.3,88.68,1,1,1
B033,2021-05-14 17:00:00,0,61510100,0,80.8,88.67,1,1,1
B033,2021-05-14 18:00:00,0,61510100,0,80.2,88.66,1,1,1
B033,2021-05-14 19:00:00,0,61510100,0,79.7,88.65,1,1,1
B033,2021-05-14 20:00:00,0,61510100,0,79.2,88.64,1,1,1
B033,2021-05-14 21:00:00,0,61510100,0,78.6,88.63,1,1,1
B033,2021-05-14 22:00:00,0,61510100,0,77.5,88.61,1,1,1
B033,2021-05-14 23:00:00,0,61510100,0,76.5,88.59,1,1,1
B033,2021-05-15 00:00:00,0,61510100,0,76.5,88.59,1,1,1
B033,2021-05-15 01:00:00,0,61510100,0,76,88.58,1,1,1
B033,2021-05-15 02:00:00,0,61510100,0,75.6,88.57,1,1,1
B033,2021-05-15 03:00:00,0,61510100,0,74.6,88.55,1,1,1
B033,2021-05-15 04:00:00,0,61510100,0,74.1,88.54,1,1,1
B033,2021-05-15 05:00:00,0,61510100,0,74.1,88.54,1,1,1
B033,2021-05-15 06:00:00,0,61510100,0,73.6,88.53,1,1,1
B033,2021-05-15 07:00:00,0,61510100,1.24093517,73.6,88.53,1,1,1
B033,2021-05-15 08:00:00,0,61510100,0,51.1,88.53,1,1,1
B033,2021-05-15 09:00:00,0,61510100,0,50.7,88.52,1,1,1
B033,2021-05-15 10:00:00,0,61510100,0,50.7,88.52,1,1,1
B033,2021-05-15 11:00:00,0,61510100,0,50.2,88.51,1,1,1
B033,2021-05-15 12:00:00,0,61510100,0,49.7,88.5,1,1,1
B033,2021-05-15 13:00:00,0,61510100,0,50.2,88.51,1,1,1
B033,2021-05-15 14:00:00,0,61510100,0,49.7,88.5,1,1,1
B033,2021-05-15 15:00:00,0,61510100,0,49.7,88.5,1,1,1
B033,2021-05-15 16:00:00,0,61510100,0,49.7,88.5,1,1,1
B033,2021-05-15 17:00:00,0,61510100,0,49.3,88.49,1,1,1
B033,2021-05-15 18:00:00,0,61510100,0,49.3,88.49,1,1,1
B033,2021-05-15 19:00:00,0,61510100,0,48.9,88.48,1,1,1
B033,2021-05-15 20:00:00,0,61510100,0,48.5,88.47,1,1,1
B033,2021-05-15 21:00:00,0,61510100,0,46.8,88.43,1,1,1
B033,2021-05-15 22:00:00,0,61510100,0,46,88.41,1,1,1
B033,2021-05-15 23:00:00,0,61510100,6.733270861,45.6,88.4,1,1,1
B033,2021-05-16 00:00:00,0,61510100,7.997038646,45.6,88.4,1,1,1
B033,2021-05-16 01:00:00,0,61510100,8.91673282e-05,48.5,88.47,1,1,1
B033,2021-05-16 02:00:00,0,61510100,0.2515041557,52.1,88.55,1,1,1
B033,2021-05-16 03:00:00,0,61510100,0.7542449652,56.1,88.63,1,1,1
B033,2021-05-16 04:00:00,0,61510100,1.143967661,57.2,88.65,1,1,1
B033,2021-05-16 05:00:00,0,61510100,1.005838288,57.7,88.66,1,1,1
B033,2021-05-16 06:00:00,0,61510100,0.1380402052,62.3,88.74,1,1,1
B033,2021-05-16 07:00:00,0,61510100,6.020853952,67.3,88.82,1,1,1
B033,2021-05-16 08:00:00,0,61510100,0.227195403,96.6,88.87,1,1,1
B033,2021-05-16 09:00:00,0,61510100,0.2515041557,100.2,88.92,1,1,1
B033,2021-05-16 10:00:00,0,61510100,8.91673282e-05,98,88.89,1,1,1
B033,2021-05-16 11:00:00,0,61510100,0,86.4,88.71,1,1,1
B033,2021-05-16 12:00:00,0,61510100,0.2271062357,77,88.53,1,1,1
B033,2021-05-16 13:00:00,0,61510100,0.2757237411,72.7,88.43,1,1,1
B033,2021-05-16 14:00:00,0,61510100,1.143700159,71.5,88.4,1,1,1
B033,2021-05-16 15:00:00,0,61510100,0.2514149884,72.3,88.42,1,1,1
B033,2021-05-16 16:00:00,0,61510100,0.3650572736,74,88.46,1,1,1
B033,2021-05-16 17:00:00,0,61510100,0.2514149884,75.6,88.5,1,1,1
B033,2021-05-16 18:00:00,0,61510100,0.2515041557,77.5,88.54,1,1,1
B033,2021-05-16 19:00:00,0,61510100,0.1136422852,79.4,88.58,1,1,1
B033,2021-05-16 20:00:00,0,61510100,0,80.9,88.61,1,1,1
B033,2021-05-16 21:00:00,0,61510100,0,83.1,88.65,1,1,1
B033,2021-05-16 22:00:00,0,61510100,0,85.3,88.69,1,1,1
B033,2021-05-16 23:00:00,0,61510100,0,87,88.72,1,1,1
B033,2021-05-17 00:00:00,0,61510100,0,88.2,88.74,1,1,1
B033,2021-05-17 01:00:00,0,61510100,0,90,88.77,1,1,1
B033,2021-05-17 02:00:00,0,61510100,0,91.8,88.8,1,1,1
B033,2021-05-17 03:00:00,0,61510100,0,93.9,88.83,1,1,1
B033,2021-05-17 04:00:00,0,61510100,0,95.9,88.86,1,1,1
B033,2021-05-17 05:00:00,0,61510100,0,97.3,88.88,1,1,1
B033,2021-05-17 06:00:00,0,61510100,0,99.5,88.91,1,1,1
B033,2021-05-17 07:00:00,0,61510100,5.16587115,100.2,88.92,1,1,1
B033,2021-05-17 08:00:00,0,61510100,0,110,88.96,1,1,1
B033,2021-05-17 09:00:00,0,61510100,0,,,1,0,0
B033,2021-05-17 10:00:00,0,61510100,0,107.7,88.93,1,1,1
B033,2021-05-17 11:00:00,0,61510100,0,106.2,88.91,1,1,1
B033,2021-05-17 12:00:00,0,61510100,0,105.4,88.9,1,1,1
B033,2021-05-17 13:00:00,0,61510100,0,104.7,88.89,1,1,1
B033,2021-05-17 14:00:00,0,61510100,0,102.6,88.86,1,1,1
B033,2021-05-17 15:00:00,0,61510100,0.1378618706,101.9,88.85,1,1,1
B033,2021-05-17 16:00:00,0,61510100,0.3650572736,101.3,88.84,1,1,1
B033,2021-05-17 17:00:00,0,61510100,0.1378618706,99.9,88.82,1,1,1
B033,2021-05-17 18:00:00,0,61510100,8.91673282e-05,99.2,88.81,1,1,1
B033,2021-05-17 19:00:00,0,61510100,0,99.9,88.82,1,1,1
B033,2021-05-17 20:00:00,0,61510100,0,96.7,88.77,1,1,1
B033,2021-05-17 21:00:00,0,61510100,0,95.5,88.75,1,1,1
B033,2021-05-17 22:00:00,0,61510100,0.1378618706,94.9,88.74,1,1,1
B033,2021-05-17 23:00:00,0,61510100,0,94.3,88.73,1,1,1
B033,2021-05-18 00:00:00,0,61510100,0,93.7,88.72,1,1,1
B033,2021-05-18 01:00:00,0,61510100,0,93.1,88.71,1,1,1
B033,2021-05-18 02:00:00,0,61510100,0,92.5,88.7,1,1,1
B033,2021-05-18 03:00:00,0,61510100,0,92,88.69,1,1,1
B033,2021-05-18 04:00:00,0,61510100,0,91.4,88.68,1,1,1
B033,2021-05-18 05:00:00,0,61510100,0,90.9,88.67,1,1,1
B033,2021-05-18 06:00:00,0,61510100,0,90.3,88.66,1,1,1
B033,2021-05-18 07:00:00,0,61510100,0.9165939231,90.9,88.67,1,1,1
B033,2021-05-18 08:00:00,0,61510100,0,67.6,88.66,1,1,1
B033,2021-05-18 09:00:00,0,61510100,0,,,1,0,0
B033,2021-05-18 10:00:00,0,61510100,0.2515041557,67.1,88.65,1,1,1
B033,2021-05-18 11:00:00,0,61510100,0.3649681062,66.6,88.64,1,1,1
B033,2021-05-18 12:00:00,0,61510100,1.006016623,66.6,88.64,1,1,1
B033,2021-05-18 13:00:00,0,61510100,0.6409593493,66.6,88.64,1,1,1
B033,2021-05-18 14:00:00,0,61510100,0.1135531178,66.6,88.64,1,1,1
B033,2021-05-18 15:00:00,0,61510100,0,66.6,88.64,1,1,1
B033,2021-05-18 16:00:00,0,61510100,8.91673282e-05,66.6,88.64,1,1,1
B033,2021-05-18 17:00:00,0,61510100,8.91673282e-05,66.6,88.64,1,1,1
B033,2021-05-18 18:00:00,0,61510100,0,66.6,88.64,1,1,1
B033,2021-05-18 19:00:00,0,61510100,0,66,88.63,1,1,1
B033,2021-05-18 20:00:00,0,61510100,0,66,88.63,1,1,1
B033,2021-05-18 21:00:00,0,61510100,0,65.5,88.62,1,1,1
B033,2021-05-18 22:00:00,0,61510100,0,65.5,88.62,1,1,1
B033,2021-05-18 23:00:00,0,61510100,0,64.9,88.61,1,1,1
B033,2021-05-19 00:00:00,0,61510100,0,64.9,88.61,1,1,1
B033,2021-05-19 01:00:00,0,61510100,0,64.9,88.61,1,1,1
B033,2021-05-19 02:00:00,0,61510100,0,64.9,88.61,1,1,1
B033,2021-05-19 03:00:00,0,61510100,0,64.4,88.6,1,1,1
B033,2021-05-19 04:00:00,0,61510100,0,63.9,88.59,1,1,1
B033,2021-05-19 05:00:00,0,61510100,0.1378618706,63.9,88.59,1,1,1
B033,2021-05-19 06:00:00,0,61510100,1.143521824,63.9,88.59,1,1,1
B033,2021-05-19 07:00:00,0,61510100,4.232444364,64.4,88.6,1,1,1
B033,2021-05-19 08:00:00,0,61510100,2.401666774,61.1,88.61,1,1,1
B033,2021-05-19 09:00:00,0,61510100,1.622399718,61.7,88.62,1,1,1
B033,2021-05-19 10:00:00,0,61510100,0.9818862049,62.2,88.63,1,1,1
B033,2021-05-19 11:00:00,0,61510100,0.5030083115,63.3,88.65,1,1,1
B033,2021-05-19 12:00:00,0,61510100,0.1379510379,64.9,88.68,1,1,1
B033,2021-05-19 13:00:00,0,61510100,0,66,88.7,1,1,1
B033,2021-05-19 14:00:00,0,61510100,0.1378618706,67.2,88.72,1,1,1
B033,2021-05-19 15:00:00,0,61510100,0,69,88.75,1,1,1
B033,2021-05-19 16:00:00,0,61510100,0,70.8,88.78,1,1,1
B033,2021-05-19 17:00:00,0,61510100,0,72.7,88.81,1,1,1
B033,2021-05-19 18:00:00,0,61510100,0,74.8,88.84,1,1,1
B033,2021-05-19 19:00:00,0,61510100,0,76.8,88.87,1,1,1
B033,2021-05-19 20:00:00,0,61510100,0,79.7,88.91,1,1,1
B033,2021-05-19 21:00:00,0,61510100,0,82.7,88.95,1,1,1
B033,2021-05-19 22:00:00,0,61510100,0,80.4,88.92,1,1,1
B033,2021-05-19 23:00:00,0,61510100,0,76.8,88.87,1,1,1
B033,2021-05-20 00:00:00,0,61510100,0,74.1,88.83,1,1,1
B033,2021-05-20 01:00:00,0,61510100,0,72.7,88.81,1,1,1
B033,2021-05-20 02:00:00,0,61510100,0,72,88.8,1,1,1
B033,2021-05-20 03:00:00,0,61510100,0,72,88.8,1,1,1
B033,2021-05-20 04:00:00,0,61510100,0,73.4,88.82,1,1,1
B033,2021-05-20 05:00:00,0,61510100,0,74.8,88.84,1,1,1
B033,2021-05-20 06:00:00,0,61510100,0,76.8,88.87,1,1,1
B033,2021-05-20 07:00:00,0,61510100,9.036589256,77.5,88.88,1,1,1
B033,2021-05-20 08:00:00,0,61510100,0,119,89.01,1,1,1
B033,2021-05-20 09:00:00,0,61510100,0,112.9,88.93,1,1,1
B033,2021-05-20 10:00:00,0,61510100,0,113.6,88.94,1,1,1
B033,2021-05-20 11:00:00,0,61510100,0,114.4,88.95,1,1,1
B033,2021-05-20 12:00:00,0,61510100,8.91673282e-05,112.9,88.93,1,1,1
B033,2021-05-20 13:00:00,0,61510100,0,111.4,88.91,1,1,1
B033,2021-05-20 14:00:00,0,61510100,0,110.6,88.9,1,1,1
B033,2021-05-20 15:00:00,0,61510100,0,109.2,88.88,1,1,1
B033,2021-05-20 16:00:00,0,61510100,0,107.8,88.86,1,1,1
B033,2021-05-20 17:00:00,0,61510100,0,107.1,88.85,1,1,1
B033,2021-05-20 18:00:00,0,61510100,0,106.5,88.84,1,1,1
B033,2021-05-20 19:00:00,0,61510100,0.2514149884,105.1,88.82,1,1,1
B033,2021-05-20 20:00:00,0,61510100,0,103.7,88.8,1,1,1
B033,2021-05-20 21:00:00,0,61510100,0,103.1,88.79,1,1,1
B033,2021-05-20 22:00:00,0,61510100,0,102.5,88.78,1,1,1
B033,2021-05-20 23:00:00,0,61510100,0,101.9,88.77,1,1,1
B033,2021-05-21 00:00:00,0,61510100,0,101.9,88.77,1,1,1
B033,2021-05-21 01:00:00,0,61510100,0,101.3,88.76,1,1,1
B033,2021-05-21 02:00:00,0,61510100,0,101.3,88.76,1,1,1
B033,2021-05-21 03:00:00,0,61510100,0,100.7,88.75,1,1,1
B033,2021-05-21 04:00:00,0,61510100,0,100.1,88.74,1,1,1
B033,2021-05-21 05:00:00,0,61510100,0,100.1,88.74,1,1,1
B033,2021-05-21 06:00:00,0,61510100,0,98.9,88.72,1,1,1
B033,2021-05-21 07:00:00,0,61510100,0.2515041557,98.9,88.72,1,1,1
B033,2021-05-21 08:00:00,0,61510100,0,75.7,88.72,1,1,1
B033,2021-05-21 09:00:00,0,61510100,0,75.7,88.72,1,1,1
B033,2021-05-21 10:00:00,0,61510100,0,75.7,88.72,1,1,1
B033,2021-05-21 11:00:00,0,61510100,0,75.1,88.71,1,1,1
B033,2021-05-21 12:00:00,0,61510100,0,74.5,88.7,1,1,1
B033,2021-05-21 13:00:00,0,61510100,3.934465457,74.5,88.7,1,1,1
B033,2021-05-21 14:00:00,0,61510100,1.671017223,75.1,88.71,1,1,1
B033,2021-05-21 15:00:00,0,61510100,3.172051512,75.7,88.72,1,1,1
B033,2021-05-21 16:00:00,0,61510100,3.407415895,76.3,88.73,1,1,1
B033,2021-05-21 17:00:00,0,61510100,0.4788778934,77.5,88.75,1,1,1
B033,2021-05-21 18:00:00,0,61510100,0.7787320526,80.5,88.8,1,1,1
B033,2021-05-21 19:00:00,0,61510100,1.460229094,83.3,88.84,1,1,1
B033,2021-05-21 20:00:00,0,61510100,1.987902828,87.4,88.9,1,1,1
B033,2021-05-21 21:00:00,0,61510100,0.7302037145,90.4,88.94,1,1,1
B033,2021-05-21 22:00:00,0,61510100,1.395293482,85.3,88.87,1,1,1
B033,2021-05-21 23:00:00,0,61510100,0.7787320526,79.9,88.79,1,1,1
B033,2021-05-22 00:00:00,0,61510100,0,74.5,88.7,1,1,1
B033,2021-05-22 01:00:00,0,61510100,0,70.2,88.62,1,1,1
B033,2021-05-22 02:00:00,0,61510100,0.1379510379,65.7,88.53,1,1,1
B033,2021-05-22 03:00:00,0,61510100,0,62.3,88.45,1,1,1
B033,2021-05-22 04:00:00,0,61510100,0,59.8,88.39,1,1,1
B033,2021-05-22 05:00:00,0,61510100,0,57.7,88.33,1,1,1
B033,2021-05-22 06:00:00,0,61510100,0.4135856117,55.6,88.27,1,1,1
B033,2021-05-22 07:00:00,0,61510100,7.592140652,54.4,88.23,1,1,1
B033,2021-05-22 08:00:00,0,61510100,0.6651789347,246,89.71,1,1,1
B033,2021-05-22 09:00:00,0,61510100,0.9573991175,140.9,88.2,1,1,1
B033,2021-05-22 10:00:00,0,61510100,2.304164261,140.9,88.2,1,1,1
B033,2021-05-22 11:00:00,0,61510100,0.7061624638,141.5,88.22,1,1,1
B033,2021-05-22 12:00:00,0,61510100,0.3894551936,141.5,88.22,1,1,1
B033,2021-05-22 13:00:00,0,61510100,0,141.5,88.22,1,1,1
B033,2021-05-22 14:00:00,0,61510100,0.2514149884,141.5,88.22,1,1,1
B033,2021-05-22 15:00:00,0,61510100,0.1135531178,141.2,88.21,1,1,1
B033,2021-05-22 16:00:00,0,61510100,0,141.2,88.21,1,1,1
B033,2021-05-22 17:00:00,0,61510100,0,140.4,88.18,1,1,1
B033,2021-05-22 18:00:00,0,61510100,0.1136422852,139.4,88.14,1,1,1
B033,2021-05-22 19:00:00,0,61510100,0,138.2,88.09,1,1,1
B033,2021-05-22 20:00:00,0,61510100,0,137.1,88.04,1,1,1
B033,2021-05-22 21:00:00,0,61510100,0,136.2,88,1,1,1
B033,2021-05-22 22:00:00,0,61510100,0.2515041557,135.5,87.96,1,1,1
B033,2021-05-22 23:00:00,0,61510100,0.2271062357,135.3,87.95,1,1,1
B033,2021-05-23 00:00:00,0,61510100,0.1378618706,135.1,87.94,1,1,1
B033,2021-05-23 01:00:00,0,61510100,8.91673282e-05,135.5,87.96,1,1,1
B033,2021-05-23 02:00:00,0,61510100,0.1378618706,136,87.99,1,1,1
B033,2021-05-23 03:00:00,0,61510100,0.3650572736,136.9,88.03,1,1,1
B033,2021-05-23 04:00:00,0,61510100,0.6166505966,138,88.08,1,1,1
B033,2021-05-23 05:00:00,0,61510100,0.8191805776,138.9,88.12,1,1,1
B033,2021-05-23 06:00:00,0,61510100,0.8199830836,140.1,88.17,1,1,1
B033,2021-05-23 07:00:00,0,61510100,5.583874742,140.9,88.2,1,1,1
B033,2021-05-23 08:00:00,0,61510100,1.322902228,240,89.68,1,1,1
B033,2021-05-23 09:00:00,0,61510100,1.687870334,,,1,0,0
B033,2021-05-23 10:00:00,0,61510100,0.5029191441,,,1,0,0
B033,2021-05-23 11:00:00,0,61510100,0,,,1,0,0
B033,2021-05-23 12:00:00,0,61510100,0,,,1,0,0
B033,2021-05-23 13:00:00,0,61510100,0,,,1,0,0
B033,2021-05-23 14:00:00,0,61510100,0.1378618706,,,1,0,0
B033,2021-05-23 15:00:00,0,61510100,0.1135531178,,,1,0,0
B033,2021-05-23 16:00:00,0,61510100,0.2514149884,,,1,0,0
B033,2021-05-23 17:00:00,0,61510100,0.4786103914,,,1,0,0
B033,2021-05-23 18:00:00,0,61510100,0.227195403,,,1,0,0
B033,2021-05-23 19:00:00,0,61510100,0.1378618706,,,1,0,0
B033,2021-05-23 20:00:00,0,61510100,0,,,1,0,0
B033,2021-05-23 21:00:00,0,61510100,0,,,1,0,0
B033,2021-05-23 22:00:00,0,61510100,0,,,1,0,0
B033,2021-05-23 23:00:00,0,61510100,0,,,1,0,0
B033,2021-05-24 00:00:00,0,61510100,0,,,1,0,0
B033,2021-05-24 01:00:00,0,61510100,0,,,1,0,0
B033,2021-05-24 02:00:00,0,61510100,0,,,1,0,0
B033,2021-05-24 03:00:00,0,61510100,0,131.2,87.88,1,1,1
B033,2021-05-24 04:00:00,0,61510100,0,132.3,87.95,1,1,1
B033,2021-05-24 05:00:00,0,61510100,0.1136422852,133.4,88.01,1,1,1
B033,2021-05-24 06:00:00,0,61510100,0,134.7,88.07,1,1,1
B033,2021-05-24 07:00:00,0,61510100,4.973831633,136.1,88.13,1,1,1
B033,2021-05-24 08:00:00,0,61510100,0,250,89.73,1,1,1
B033,2021-05-24 09:00:00,0,61510100,0,,,1,0,0
B033,2021-05-24 10:00:00,0,61510100,0,,,1,0,0
B033,2021-05-24 11:00:00,0,61510100,0,,,1,0,0
B033,2021-05-24 12:00:00,0,61510100,0,,,1,0,0
B033,2021-05-24 13:00:00,0,61510100,0.8271712233,,,1,0,0
B033,2021-05-24 14:00:00,0,61510100,0,,,1,0,0
B033,2021-05-24 15:00:00,0,61510100,0,,,1,0,0
B033,2021-05-24 16:00:00,0,61510100,0,,,1,0,0
B033,2021-05-24 17:00:00,0,61510100,0,222.6,89.45,1,1,1
B033,2021-05-24 18:00:00,0,61510100,0,219.9,89.42,1,1,1
B033,2021-05-24 19:00:00,0,61510100,0,214.4,89.36,1,1,1
B033,2021-05-24 20:00:00,0,61510100,0,211.8,89.33,1,1,1
B033,2021-05-24 21:00:00,0,61510100,0.1378618706,208.2,89.29,1,1,1
B033,2021-05-24 22:00:00,0,61510100,0,205.7,89.26,1,1,1
B033,2021-05-24 23:00:00,0,61510100,0,204,89.24,1,1,1
B033,2021-05-25 00:00:00,0,61510100,0,202.3,89.22,1,1,1
B033,2021-05-25 01:00:00,0,61510100,0,199.8,89.19,1,1,1
B033,2021-05-25 02:00:00,0,61510100,0,198.1,89.17,1,1,1
B033,2021-05-25 03:00:00,0,61510100,0,197.3,89.16,1,1,1
B033,2021-05-25 04:00:00,0,61510100,0,195.7,89.14,1,1,1
B033,2021-05-25 05:00:00,0,61510100,0,194,89.12,1,1,1
B033,2021-05-25 06:00:00,0,61510100,0,192.4,89.1,1,1,1
B033,2021-05-25 07:00:00,0,61510100,0.9650330939,191.6,89.09,1,1,1
B033,2021-05-25 08:00:00,0,61510100,0.1135531178,129,89.07,1,1,1
B033,2021-05-25 09:00:00,0,61510100,8.91673282e-05,128.2,89.06,1,1,1
B033,2021-05-25 10:00:00,0,61510100,0,127.4,89.05,1,1,1
B033,2021-05-25 11:00:00,0,61510100,0,125.9,89.03,1,1,1
B033,2021-05-25 12:00:00,0,61510100,8.91673282e-05,125.1,89.02,1,1,1
B033,2021-05-25 13:00:00,0,61510100,0,123.5,89,1,1,1
B033,2021-05-25 14:00:00,0,61510100,0,123.5,89,1,1,1
B033,2021-05-25 15:00:00,0,61510100,0,122.7,88.99,1,1,1
B033,2021-05-25 16:00:00,0,61510100,0,121.2,88.97,1,1,1
B033,2021-05-25 17:00:00,0,61510100,0,121.2,88.97,1,1,1
B033,2021-05-25 18:00:00,0,61510100,0,122,88.98,1,1,1
B033,2021-05-25 19:00:00,0,61510100,0,117.4,88.92,1,1,1
B033,2021-05-25 20:00:00,0,61510100,0,117.4,88.92,1,1,1
B033,2021-05-25 21:00:00,0,61510100,0,116.7,88.91,1,1,1
B033,2021-05-25 22:00:00,0,61510100,0,116.7,88.91,1,1,1
B033,2021-05-25 23:00:00,0,61510100,0,116.7,88.91,1,1,1
B033,2021-05-26 00:00:00,0,61510100,0,115.9,88.9,1,1,1
B033,2021-05-26 01:00:00,0,61510100,0,115.2,88.89,1,1,1
B033,2021-05-26 02:00:00,0,61510100,0,115.2,88.89,1,1,1
B033,2021-05-26 03:00:00,0,61510100,0,114.5,88.88,1,1,1
B033,2021-05-26 04:00:00,0,61510100,0.1135531178,114.5,88.88,1,1,1
B033,2021-05-26 05:00:00,0,61510100,8.91673282e-05,113.8,88.87,1,1,1
B033,2021-05-26 06:00:00,0,61510100,0,113.8,88.87,1,1,1
B033,2021-05-26 07:00:00,0,61510100,0.3652356082,112.4,88.85,1,1,1
B033,2021-05-26 08:00:00,0,61510100,0,91.2,88.83,1,1,1
B033,2021-05-26 09:00:00,0,61510100,0,91.9,88.84,1,1,1
B033,2021-05-26 10:00:00,0,61510100,0,91.9,88.84,1,1,1
B033,2021-05-26 11:00:00,0,61510100,0,91.9,88.84,1,1,1
B033,2021-05-26 12:00:00,0,61510100,0,91.9,88.84,1,1,1
B033,2021-05-26 13:00:00,0,61510100,0.1378618706,91.2,88.83,1,1,1
B033,2021-05-26 14:00:00,0,61510100,0.2757237411,90.5,88.82,1,1,1
B033,2021-07-17 07:00:00,0,61510100,0,28.2,88.34,1,1,1
B033,2021-07-17 08:00:00,0,61510100,0,31.4,88.34,1,1,1
B033,2021-07-17 09:00:00,0,61510100,0,31.4,88.34,1,1,1
B033,2021-07-17 10:00:00,0,61510100,0,31.1,88.33,1,1,1
B033,2021-07-17 11:00:00,0,61510100,0,30.4,88.31,1,1,1
B033,2021-07-17 12:00:00,0,61510100,0,29.7,88.29,1,1,1
B033,2021-07-17 13:00:00,0,61510100,0,29,88.27,1,1,1
B033,2021-07-17 14:00:00,0,61510100,0,29.4,88.28,1,1,1
B033,2021-07-17 15:00:00,0,61510100,0,30.4,88.31,1,1,1
B033,2021-07-17 16:00:00,0,61510100,0,31.1,88.33,1,1,1
B033,2021-07-17 17:00:00,0,61510100,0,31.4,88.34,1,1,1
B033,2021-07-17 18:00:00,0,61510100,0,31.4,88.34,1,1,1
B033,2021-07-17 19:00:00,0,61510100,0,31.4,88.34,1,1,1
B033,2021-07-17 20:00:00,0,61510100,0,31.4,88.34,1,1,1
B033,2021-07-17 21:00:00,0,61510100,0,31.1,88.33,1,1,1
B033,2021-07-17 22:00:00,0,61510100,5.011981661,30.4,88.31,1,1,1
B033,2021-07-17 23:00:00,0,61510100,0,29.7,88.29,1,1,1
B033,2021-07-18 00:00:00,0,61510100,0.2757237411,29.7,88.29,1,1,1
B033,2021-07-18 01:00:00,0,61510100,0.4135856117,29.7,88.29,1,1,1
B033,2021-07-18 02:00:00,0,61510100,0.1135531178,29.4,88.28,1,1,1
B033,2021-07-18 03:00:00,0,61510100,1.615389912,29.4,88.28,1,1,1
B033,2021-07-18 04:00:00,0,61510100,2.822529693,28.7,88.26,1,1,1
B033,2021-07-18 05:00:00,0,61510100,0.1378618706,28.7,88.26,1,1,1
B033,2021-07-18 06:00:00,0,61510100,0,30.4,88.31,1,1,1
B033,2021-07-18 07:00:00,0,61510100,14.80305119,32.2,88.36,1,1,1
B033,2021-07-18 08:00:00,0,61510100,0,36,88.39,1,1,1
B033,2021-07-18 09:00:00,0,61510100,8.523127222,36.4,88.4,1,1,1
B033,2021-07-18 10:00:00,0,61510100,1.378618706,38.9,88.46,1,1,1
B033,2021-07-18 11:00:00,0,61510100,0.1378618706,40.1,88.49,1,1,1
B033,2021-07-18 12:00:00,0,61510100,0.0003566693128,39.3,88.47,1,1,1
B033,2021-07-18 13:00:00,0,61510100,0,40.1,88.49,1,1,1
B033,2021-07-18 14:00:00,0,61510100,0.4542124714,42.9,88.55,1,1,1
B033,2021-07-18 15:00:00,0,61510100,0,42.9,88.55,1,1,1
B033,2021-07-18 16:00:00,0,61510100,8.91673282e-05,41.9,88.53,1,1,1
B033,2021-07-18 17:00:00,0,61510100,0,41.5,88.52,1,1,1
B033,2021-07-18 18:00:00,0,61510100,0,41.5,88.52,1,1,1
B033,2021-07-18 19:00:00,0,61510100,0,41,88.51,1,1,1
B033,2021-07-18 20:00:00,0,61510100,0,40.1,88.49,1,1,1
B033,2021-07-18 21:00:00,0,61510100,0,38.5,88.45,1,1,1
B033,2021-07-18 22:00:00,0,61510100,0,37.2,88.42,1,1,1
B033,2021-07-18 23:00:00,0,61510100,0,37.2,88.42,1,1,1
B033,2021-07-19 00:00:00,0,61510100,0,37.2,88.42,1,1,1
B033,2021-07-19 01:00:00,0,61510100,0,36.8,88.41,1,1,1
B033,2021-07-19 02:00:00,0,61510100,0,35.7,88.38,1,1,1
B033,2021-07-19 03:00:00,0,61510100,0,36.8,88.41,1,1,1
B033,2021-07-19 04:00:00,0,61510100,0,44.3,88.58,1,1,1
B033,2021-07-19 05:00:00,0,61510100,0,48,88.65,1,1,1
B033,2021-07-19 06:00:00,0,61510100,0,47.5,88.64,1,1,1
B033,2021-07-19 07:00:00,0,61510100,11.86614453,46.4,88.62,1,1,1
B033,2021-07-19 08:00:00,0,61510100,0,59.8,88.6,1,1,1
B033,2021-07-19 09:00:00,0,61510100,0,58.8,88.58,1,1,1
B033,2021-07-19 10:00:00,0,61510100,0,57.4,88.55,1,1,1
B033,2021-07-19 11:00:00,0,61510100,0,56.9,88.54,1,1,1
B033,2021-07-19 12:00:00,0,61510100,0,56.4,88.53,1,1,1
B033,2021-07-19 13:00:00,0,61510100,0,56,88.52,1,1,1
B033,2021-07-19 14:00:00,0,61510100,0,55.5,88.51,1,1,1
B033,2021-07-19 15:00:00,0,61510100,0,55,88.5,1,1,1
B033,2021-07-19 16:00:00,0,61510100,0,55,88.5,1,1,1
B033,2021-07-19 17:00:00,0,61510100,0,55,88.5,1,1,1
B033,2021-07-19 18:00:00,0,61510100,0,55,88.5,1,1,1
B033,2021-07-19 19:00:00,0,61510100,0,53.8,88.47,1,1,1
B033,2021-07-19 20:00:00,0,61510100,0,52.1,88.43,1,1,1
B033,2021-07-19 21:00:00,0,61510100,0,51.7,88.42,1,1,1
B033,2021-07-19 22:00:00,0,61510100,0,51.3,88.41,1,1,1
B033,2021-07-19 23:00:00,0,61510100,0,51.3,88.41,1,1,1
B033,2021-07-20 00:00:00,0,61510100,0,51.3,88.41,1,1,1
B033,2021-07-20 01:00:00,0,61510100,0,51.3,88.41,1,1,1
B033,2021-07-20 02:00:00,0,61510100,0,51.3,88.41,1,1,1
B033,2021-07-20 03:00:00,0,61510100,0,51.3,88.41,1,1,1
B033,2021-07-20 04:00:00,0,61510100,0,51.3,88.41,1,1,1
B033,2021-07-20 05:00:00,0,61510100,0,51.3,88.41,1,1,1
B033,2021-07-20 06:00:00,0,61510100,0,51.3,88.41,1,1,1
B033,2021-07-20 07:00:00,0,61510100,0,52.1,88.43,1,1,1
B033,2021-07-20 08:00:00,0,61510100,0,44.3,88.47,1,1,1
B033,2021-07-20 09:00:00,0,61510100,0,44.7,88.48,1,1,1
B033,2021-07-20 10:00:00,0,61510100,0,45.1,88.49,1,1,1
B033,2021-07-20 11:00:00,0,61510100,0,45.5,88.5,1,1,1
B033,2021-07-20 12:00:00,0,61510100,0,46.9,88.53,1,1,1
B033,2021-07-20 13:00:00,0,61510100,0,47.4,88.54,1,1,1
B033,2021-07-20 14:00:00,0,61510100,0.1135531178,47.4,88.54,1,1,1
B033,2021-07-20 15:00:00,0,61510100,0,47.4,88.54,1,1,1
B033,2021-07-20 16:00:00,0,61510100,0,46.9,88.53,1,1,1
B033,2021-07-20 17:00:00,0,61510100,0,46.5,88.52,1,1,1
B033,2021-07-20 18:00:00,0,61510100,0,46,88.51,1,1,1
B033,2021-07-20 19:00:00,0,61510100,0,45.5,88.5,1,1,1
B033,2021-07-20 20:00:00,0,61510100,0,45.5,88.5,1,1,1
B033,2021-07-20 21:00:00,0,61510100,0,45.5,88.5,1,1,1
B033,2021-07-20 22:00:00,0,61510100,0,45.5,88.5,1,1,1
B033,2021-07-20 23:00:00,0,61510100,0,45.1,88.49,1,1,1
B033,2021-07-21 00:00:00,0,61510100,0,45.1,88.49,1,1,1
B033,2021-07-21 01:00:00,0,61510100,0,43.5,88.45,1,1,1
B033,2021-07-21 02:00:00,0,61510100,0,42.6,88.43,1,1,1
B033,2021-07-21 03:00:00,0,61510100,0,42.2,88.42,1,1,1
B033,2021-07-21 04:00:00,0,61510100,0,43.5,88.45,1,1,1
B033,2021-07-21 05:00:00,0,61510100,0,44.3,88.47,1,1,1
B033,2021-07-21 06:00:00,0,61510100,0,44.7,88.48,1,1,1
B033,2021-07-21 07:00:00,0,61510100,0.1135531178,44.7,88.48,1,1,1
B033,2021-07-21 08:00:00,0,61510100,0,42.1,88.45,1,1,1
B033,2022-03-30 07:00:00,0,61510100,0.5926093459,40,88.38,1,1,1
B033,2022-03-30 08:00:00,0,61510100,1.119480573,35.1,88.38,1,1,1
B033,2022-03-30 09:00:00,0,61510100,0.227195403,35.1,88.38,1,1,1
B033,2022-03-30 10:00:00,0,61510100,0.616472262,35.1,88.38,1,1,1
B033,2022-03-30 11:00:00,0,61510100,0.1378618706,35.8,88.4,1,1,1
B033,2022-03-30 12:00:00,0,61510100,1.509292436,37.9,88.45,1,1,1
B033,2022-03-30 13:00:00,0,61510100,0.7544232999,39.1,88.48,1,1,1
B033,2022-03-30 14:00:00,0,61510100,0,39.9,88.5,1,1,1
B033,2022-03-30 15:00:00,0,61510100,0.1378618706,39.9,88.5,1,1,1
B033,2022-03-30 16:00:00,0,61510100,3.131692154,39.9,88.5,1,1,1
B033,2022-03-30 17:00:00,0,61510100,1.005838288,39.9,88.5,1,1,1
B033,2022-03-30 18:00:00,0,61510100,0.2515041557,40.4,88.51,1,1,1
B033,2022-03-30 19:00:00,0,61510100,2.377001352,40.9,88.52,1,1,1
B033,2022-03-30 20:00:00,0,61510100,0.2514149884,41.3,88.53,1,1,1
B033,2022-03-30 21:00:00,0,61510100,0,41.8,88.54,1,1,1
B033,2022-03-30 22:00:00,0,61510100,0.1379510379,42.3,88.55,1,1,1
B033,2022-03-30 23:00:00,0,61510100,0.6407810147,42.3,88.55,1,1,1
B033,2022-03-31 00:00:00,0,61510100,0.1136422852,43.3,88.57,1,1,1
B033,2022-03-31 01:00:00,0,61510100,0.1136422852,45.2,88.61,1,1,1
B033,2022-03-31 02:00:00,0,61510100,0.7786428852,49,88.68,1,1,1
B033,2022-03-31 03:00:00,0,61510100,0.1379510379,51.9,88.73,1,1,1
B033,2022-03-31 04:00:00,0,61510100,0,55.5,88.79,1,1,1
B033,2022-03-31 05:00:00,0,61510100,0.2514149884,,,1,0,0
B033,2022-03-31 06:00:00,0,61510100,0.227195403,57.5,88.82,1,1,1
B033,2022-03-31 07:00:00,0,61510100,0.2515041557,58.9,88.84,1,1,1
B033,2022-03-31 08:00:00,0,61510100,0.7546908018,95.2,88.86,1,1,1
B033,2022-03-31 09:00:00,0,61510100,0.5029191441,95.9,88.87,1,1,1
B033,2022-03-31 10:00:00,0,61510100,1.84995179,96.6,88.88,1,1,1
B033,2022-03-31 11:00:00,0,61510100,1.395293482,97.3,88.89,1,1,1
B033,2022-03-31 12:00:00,0,61510100,1.030057874,98.8,88.91,1,1,1
B033,2022-03-31 13:00:00,0,61510100,1.257609946,100.3,88.93,1,1,1
B033,2022-03-31 14:00:00,0,61510100,1.484627014,102.6,88.96,1,1,1
B033,2022-03-31 15:00:00,0,61510100,0.8923743377,104.8,88.99,1,1,1
B033,2022-03-31 16:00:00,0,61510100,0.2515933231,108,89.03,1,1,1
B033,2022-03-31 17:00:00,0,61510100,0.2514149884,111.9,89.08,1,1,1
B033,2022-03-31 18:00:00,0,61510100,0.2515041557,116.8,89.14,1,1,1
B033,2022-03-31 19:00:00,0,61510100,0,120.9,89.19,1,1,1
B033,2022-03-31 20:00:00,0,61510100,0,125.9,89.25,1,1,1
B033,2022-03-31 21:00:00,0,61510100,0,132,89.32,1,1,1
B033,2022-03-31 22:00:00,0,61510100,0,138.2,89.39,1,1,1
B033,2022-03-31 23:00:00,0,61510100,0.1378618706,143.7,89.45,1,1,1
B033,2022-04-01 00:00:00,0,61510100,0,147.5,89.49,1,1,1
B033,2022-04-01 01:00:00,0,61510100,0,151.3,89.53,1,1,1
B033,2022-04-01 02:00:00,0,61510100,0,152.3,89.54,1,1,1
B033,2022-04-01 03:00:00,0,61510100,0,152.3,89.54,1,1,1
B033,2022-04-01 04:00:00,0,61510100,0,149.4,89.51,1,1,1
B033,2022-04-01 05:00:00,0,61510100,0,,,1,0,0
B033,2022-04-01 06:00:00,0,61510100,0,146.5,89.48,1,1,1
B033,2022-04-01 07:00:00,0,61510100,15.06874332,142.8,89.44,1,1,1
B033,2022-04-01 08:00:00,0,61510100,0.1135531178,188,89.4,1,1,1
B033,2022-04-01 09:00:00,0,61510100,0,185.3,89.37,1,1,1
B033,2022-04-01 10:00:00,0,61510100,0,181.8,89.33,1,1,1
B033,2022-04-01 11:00:00,0,61510100,0,179.1,89.3,1,1,1
B033,2022-04-01 12:00:00,0,61510100,0,176.6,89.27,1,1,1
B033,2022-04-01 13:00:00,0,61510100,0,173.2,89.23,1,1,1
B033,2022-04-01 14:00:00,0,61510100,0,,,1,0,0
B033,2022-04-01 15:00:00,0,61510100,0,169.8,89.19,1,1,1
B033,2022-04-01 16:00:00,0,61510100,0,167.3,89.16,1,1,1
B033,2022-04-01 17:00:00,0,61510100,0,164.9,89.13,1,1,1
B033,2022-04-01 18:00:00,0,61510100,0,162.4,89.1,1,1,1
B033,2022-04-01 19:00:00,0,61510100,0,160.8,89.08,1,1,1
B033,2022-04-01 20:00:00,0,61510100,0,159.2,89.06,1,1,1
B033,2022-04-01 21:00:00,0,61510100,0,157.7,89.04,1,1,1
B033,2022-04-01 22:00:00,0,61510100,0,156.1,89.02,1,1,1
B033,2022-04-01 23:00:00,0,61510100,0,154.5,89,1,1,1
B033,2022-04-02 00:00:00,0,61510100,0,153,88.98,1,1,1
B033,2022-04-02 01:00:00,0,61510100,0,151.5,88.96,1,1,1
B033,2022-04-02 02:00:00,0,61510100,0,149.9,88.94,1,1,1
B033,2022-04-02 03:00:00,0,61510100,0,148.4,88.92,1,1,1
B033,2022-04-02 04:00:00,0,61510100,0,147.7,88.91,1,1,1
B033,2022-04-02 05:00:00,0,61510100,0,146.9,88.9,1,1,1
B033,2022-04-02 06:00:00,0,61510100,0,146.9,88.9,1,1,1
B033,2022-04-02 07:00:00,0,61510100,0.2500669315,146.2,88.89,1,1,1
B033,2022-04-02 08:00:00,0,61510100,0,98,88.88,1,1,1
B033,2022-04-02 09:00:00,0,61510100,0,97.3,88.87,1,1,1
B033,2022-04-02 10:00:00,0,61510100,0,,,1,0,0
B033,2022-04-02 11:00:00,0,61510100,0,95.3,88.84,1,1,1
B033,2022-04-02 12:00:00,0,61510100,0,93.2,88.81,1,1,1
B033,2022-04-02 13:00:00,0,61510100,0,92.5,88.8,1,1,1
B033,2022-04-02 14:00:00,0,61510100,0,92.5,88.8,1,1,1
B033,2022-04-02 15:00:00,0,61510100,0,91.9,88.79,1,1,1
B033,2022-04-02 16:00:00,0,61510100,0,91.9,88.79,1,1,1
B033,2022-04-02 17:00:00,0,61510100,0,91.3,88.78,1,1,1
B033,2022-04-02 18:00:00,0,61510100,0,91.3,88.78,1,1,1
B033,2022-04-02 19:00:00,0,61510100,0,90.7,88.77,1,1,1
B033,2022-04-02 20:00:00,0,61510100,0,90.1,88.76,1,1,1
B033,2022-04-02 21:00:00,0,61510100,0,89.5,88.75,1,1,1
B033,2022-04-02 22:00:00,0,61510100,0,89.5,88.75,1,1,1
B033,2022-04-02 23:00:00,0,61510100,0,88.9,88.74,1,1,1
B033,2022-04-03 00:00:00,0,61510100,0,88.3,88.73,1,1,1
B033,2022-04-03 01:00:00,0,61510100,0,87.7,88.72,1,1,1
B033,2022-04-03 02:00:00,0,61510100,0,87.7,88.72,1,1,1
B033,2022-04-03 03:00:00,0,61510100,0,87.1,88.71,1,1,1
B033,2022-04-03 04:00:00,0,61510100,0,87.1,88.71,1,1,1
B033,2022-04-03 05:00:00,0,61510100,0,86.5,88.7,1,1,1
B033,2022-04-03 06:00:00,0,61510100,0,86,88.69,1,1,1
B033,2022-04-03 07:00:00,0,61510100,0,,,1,0,0
B033,2022-04-03 08:00:00,0,61510100,0,70.3,88.68,1,1,1
B033,2022-04-03 09:00:00,0,61510100,0,72,88.71,1,1,1
B033,2022-04-29 04:00:00,0,61510100,0,82.2,88.79,1,1,1
B033,2022-04-29 05:00:00,0,61510100,0.1379510379,83.5,88.81,1,1,1
B033,2022-04-29 06:00:00,0,61510100,0.1135531178,86.2,88.85,1,1,1
B033,2022-04-29 07:00:00,0,61510100,8.9671583,90.5,88.91,1,1,1
B033,2022-04-29 08:00:00,0,61510100,0,116,88.96,1,1,1
B033,2022-04-29 09:00:00,0,61510100,0,118.2,88.99,1,1,1
B033,2022-04-29 10:00:00,0,61510100,0,119.8,89.01,1,1,1
B033,2022-04-29 11:00:00,0,61510100,8.91673282e-05,119.8,89.01,1,1,1
B033,2022-04-29 12:00:00,0,61510100,0,118.2,88.99,1,1,1
B033,2022-04-29 13:00:00,0,61510100,0,116,88.96,1,1,1
B033,2022-04-29 14:00:00,0,61510100,0,114.4,88.94,1,1,1
B033,2022-04-29 15:00:00,0,61510100,0,112.2,88.91,1,1,1
B033,2022-04-29 16:00:00,0,61510100,0,111.4,88.9,1,1,1
B033,2022-04-29 17:00:00,0,61510100,0,110,88.88,1,1,1
B033,2022-04-29 18:00:00,0,61510100,0,108.6,88.86,1,1,1
B033,2022-04-29 19:00:00,0,61510100,0,107.9,88.85,1,1,1
B033,2022-04-29 20:00:00,0,61510100,0,106.6,88.83,1,1,1
B033,2022-04-29 21:00:00,0,61510100,0,105.2,88.81,1,1,1
B033,2022-04-29 22:00:00,0,61510100,0.2514149884,104.5,88.8,1,1,1
B033,2022-04-29 23:00:00,0,61510100,0.9408135085,103.3,88.78,1,1,1
B033,2022-04-30 00:00:00,0,61510100,0.4785212241,103.3,88.78,1,1,1
B033,2022-04-30 01:00:00,0,61510100,0,102.7,88.77,1,1,1
B033,2022-04-30 02:00:00,0,61510100,0.1378618706,102.1,88.76,1,1,1
B033,2022-04-30 03:00:00,0,61510100,0,101.5,88.75,1,1,1
B033,2022-04-30 04:00:00,0,61510100,0,100.9,88.74,1,1,1
B033,2022-04-30 05:00:00,0,61510100,0.1379510379,100.9,88.74,1,1,1
B033,2022-04-30 06:00:00,0,61510100,1.371073896,100.3,88.73,1,1,1
B033,2022-04-30 07:00:00,0,61510100,4.524044287,99.7,88.72,1,1,1
B033,2022-04-30 08:00:00,0,61510100,0.2517716577,88.1,88.72,1,1,1
B033,2022-04-30 09:00:00,0,61510100,2.604553424,88.1,88.72,1,1,1
B033,2022-04-30 10:00:00,0,61510100,1.785016177,88.7,88.73,1,1,1
B033,2022-04-30 11:00:00,0,61510100,0.7545124672,89.9,88.75,1,1,1
B033,2022-04-30 12:00:00,0,61510100,0.6166505966,93.6,88.81,1,1,1
B033,2022-04-30 13:00:00,0,61510100,0.616739764,105.9,88.98,1,1,1
B033,2022-04-30 14:00:00,0,61510100,0.5031866461,107.4,89,1,1,1
B033,2022-04-30 15:00:00,0,61510100,0,102.1,88.93,1,1,1
B033,2022-04-30 16:00:00,0,61510100,0,99.8,88.9,1,1,1
B033,2022-04-30 17:00:00,0,61510100,0,99.1,88.89,1,1,1
B033,2022-04-30 18:00:00,0,61510100,0.1135531178,105.1,88.97,1,1,1
B033,2022-04-30 19:00:00,0,61510100,0.1379510379,105.9,88.98,1,1,1
B033,2022-04-30 20:00:00,0,61510100,0,104.4,88.96,1,1,1
B033,2022-04-30 21:00:00,0,61510100,0,105.9,88.98,1,1,1
B033,2022-04-30 22:00:00,0,61510100,0,107.4,89,1,1,1
B033,2022-04-30 23:00:00,0,61510100,0,109,89.02,1,1,1
B033,2022-05-01 00:00:00,0,61510100,0,111.3,89.05,1,1,1
B033,2022-05-01 01:00:00,0,61510100,0,112.9,89.07,1,1,1
B033,2022-05-01 02:00:00,0,61510100,0,115.3,89.1,1,1,1
B033,2022-05-01 03:00:00,0,61510100,0,116.9,89.12,1,1,1
B033,2022-05-01 04:00:00,0,61510100,0.1135531178,117.8,89.13,1,1,1
B033,2022-05-01 05:00:00,0,61510100,0,117.8,89.13,1,1,1
B033,2022-05-01 06:00:00,0,61510100,0,117.8,89.13,1,1,1
B033,2022-05-01 07:00:00,0,61510100,12.82102441,116.9,89.12,1,1,1
B033,2022-05-01 08:00:00,0,61510100,0,139,89.1,1,1,1
B033,2022-05-01 09:00:00,0,61510100,0,138.2,89.09,1,1,1
B033,2022-05-01 10:00:00,0,61510100,0,136.6,89.07,1,1,1
B033,2022-05-01 11:00:00,0,61510100,0,135,89.05,1,1,1
B033,2022-05-01 12:00:00,0,61510100,0,134.3,89.04,1,1,1
B033,2022-05-01 13:00:00,0,61510100,0,132.7,89.02,1,1,1
B033,2022-05-01 14:00:00,0,61510100,0,131.9,89.01,1,1,1
B033,2022-05-01 15:00:00,0,61510100,0,131.1,89,1,1,1
B033,2022-05-01 16:00:00,0,61510100,0,129.6,88.98,1,1,1
B033,2022-05-01 17:00:00,0,61510100,0,128.8,88.97,1,1,1
B033,2022-05-01 18:00:00,0,61510100,0,126.5,88.94,1,1,1
B033,2022-05-01 19:00:00,0,61510100,0,124.3,88.91,1,1,1
B033,2022-05-01 20:00:00,0,61510100,0,121.4,88.87,1,1,1
B033,2022-05-01 21:00:00,0,61510100,0,120,88.85,1,1,1
B033,2022-05-01 22:00:00,0,61510100,0,118,88.82,1,1,1
B033,2022-05-01 23:00:00,0,61510100,0,116.6,88.8,1,1,1
B033,2022-05-02 00:00:00,0,61510100,0,116,88.79,1,1,1
B033,2022-05-02 01:00:00,0,61510100,0,114.8,88.77,1,1,1
B033,2022-05-02 02:00:00,0,61510100,0,113.6,88.75,1,1,1
B033,2022-05-02 03:00:00,0,61510100,0,112.4,88.73,1,1,1
B033,2022-05-02 04:00:00,0,61510100,0,111.8,88.72,1,1,1
B033,2022-05-02 05:00:00,0,61510100,0,111.2,88.71,1,1,1
B033,2022-05-02 06:00:00,0,61510100,0,110.6,88.7,1,1,1
B033,2022-05-02 07:00:00,0,61510100,0,110.1,88.69,1,1,1
B033,2022-05-02 08:00:00,0,61510100,0,76.4,88.68,1,1,1
B033,2022-05-02 09:00:00,0,61510100,0,76.4,88.68,1,1,1
B033,2022-05-02 10:00:00,0,61510100,0,75.9,88.67,1,1,1
B033,2022-05-02 11:00:00,0,61510100,0,76.4,88.68,1,1,1
B033,2022-05-02 12:00:00,0,61510100,0,78.7,88.72,1,1,1
B033,2022-05-02 13:00:00,0,61510100,0,77,88.69,1,1,1
B033,2022-05-02 14:00:00,0,61510100,0,75.3,88.66,1,1,1
B033,2022-05-02 15:00:00,0,61510100,0,74.3,88.64,1,1,1
B033,2022-05-02 16:00:00,0,61510100,0,73.7,88.63,1,1,1
B033,2022-05-02 17:00:00,0,61510100,0,73.2,88.62,1,1,1
B033,2022-05-02 18:00:00,0,61510100,0,72.6,88.61,1,1,1
B033,2022-05-02 19:00:00,0,61510100,0,72.1,88.6,1,1,1
B033,2022-05-02 20:00:00,0,61510100,0,71.6,88.59,1,1,1
B033,2022-05-02 21:00:00,0,61510100,0,71.1,88.58,1,1,1
B033,2022-05-02 22:00:00,0,61510100,0,70.7,88.57,1,1,1
B033,2022-05-02 23:00:00,0,61510100,0,69.7,88.55,1,1,1
B033,2022-05-03 00:00:00,0,61510100,0,69.7,88.55,1,1,1
B033,2022-05-03 01:00:00,0,61510100,0,69.2,88.54,1,1,1
B033,2022-05-03 02:00:00,0,61510100,0,69.2,88.54,1,1,1
B033,2022-05-03 03:00:00,0,61510100,0,68.7,88.53,1,1,1
B033,2022-05-03 04:00:00,0,61510100,0,68.7,88.53,1,1,1
B033,2022-05-03 05:00:00,0,61510100,0,68.7,88.53,1,1,1
B033,2022-05-03 06:00:00,0,61510100,0,68.7,88.53,1,1,1
B033,2022-05-03 07:00:00,0,61510100,0,68.3,88.52,1,1,1
B033,2022-05-03 08:00:00,0,61510100,0,58.3,88.52,1,1,1
B033,2022-06-27 06:00:00,0,61510100,0,44,88.3,1,1,1
B033,2022-06-27 07:00:00,0,61510100,0,45.8,88.35,1,1,1
B033,2022-06-27 08:00:00,0,61510100,0,41.6,88.36,1,1,1
B033,2022-06-27 09:00:00,0,61510100,0,41.9,88.37,1,1,1
B033,2022-06-27 10:00:00,0,61510100,0,43.4,88.41,1,1,1
B033,2022-06-27 11:00:00,0,61510100,0,45.1,88.45,1,1,1
B033,2022-06-27 12:00:00,0,61510100,0,45.5,88.46,1,1,1
B033,2022-06-27 13:00:00,0,61510100,0,45.5,88.46,1,1,1
B033,2022-06-27 14:00:00,0,61510100,0,45.5,88.46,1,1,1
B033,2022-06-27 15:00:00,0,61510100,0,45.5,88.46,1,1,1
B033,2022-06-27 16:00:00,0,61510100,0,44.2,88.43,1,1,1
B033,2022-06-27 17:00:00,0,61510100,0,,,1,0,0
B033,2022-06-27 18:00:00,0,61510100,0,43,88.4,1,1,1
B033,2022-06-27 19:00:00,0,61510100,0,41.9,88.37,1,1,1
B033,2022-06-27 20:00:00,0,61510100,0,41.6,88.36,1,1,1
B033,2022-06-27 21:00:00,0,61510100,0,41.6,88.36,1,1,1
B033,2022-06-27 22:00:00,0,61510100,0,41.6,88.36,1,1,1
B033,2022-06-27 23:00:00,0,61510100,0,41.6,88.36,1,1,1
B033,2022-06-28 00:00:00,0,61510100,0,41.6,88.36,1,1,1
B033,2022-06-28 01:00:00,0,61510100,0,41.6,88.36,1,1,1
B033,2022-06-28 02:00:00,0,61510100,0,41.6,88.36,1,1,1
B033,2022-06-28 03:00:00,0,61510100,0,40.8,88.34,1,1,1
B033,2022-06-28 04:00:00,0,61510100,0,39.8,88.31,1,1,1
B033,2022-06-28 05:00:00,0,61510100,0,39.1,88.29,1,1,1
B033,2022-06-28 06:00:00,0,61510100,0,38.8,88.28,1,1,1
B033,2022-06-28 07:00:00,0,61510100,5.224456145,,,1,0,0
B033,2022-06-28 08:00:00,0,61510100,2.215544067,31.7,88.26,1,1,1
B033,2022-06-28 09:00:00,0,61510100,3.741778782,32,88.27,1,1,1
B033,2022-06-28 10:00:00,0,61510100,0.3650572736,33.4,88.31,1,1,1
B033,2022-06-28 11:00:00,0,61510100,0,35.2,88.36,1,1,1
B033,2022-06-28 12:00:00,0,61510100,0,36.6,88.4,1,1,1
B033,2022-06-28 13:00:00,0,61510100,0,38.7,88.45,1,1,1
B033,2022-06-28 14:00:00,0,61510100,0,39.9,88.48,1,1,1
B033,2022-06-28 15:00:00,0,61510100,0,40.3,88.49,1,1,1
B033,2022-06-28 16:00:00,0,61510100,0,40.3,88.49,1,1,1
B033,2022-06-28 17:00:00,0,61510100,0,40.7,88.5,1,1,1
B033,2022-06-28 18:00:00,0,61510100,0,40.7,88.5,1,1,1
B033,2022-06-28 19:00:00,0,61510100,0,40.7,88.5,1,1,1
B033,2022-06-28 20:00:00,0,61510100,0,40.7,88.5,1,1,1
B033,2022-06-28 21:00:00,0,61510100,0,40.7,88.5,1,1,1
B033,2022-06-28 22:00:00,0,61510100,0,40.7,88.5,1,1,1
B033,2022-06-28 23:00:00,0,61510100,0,41.7,88.52,1,1,1
B033,2022-06-29 00:00:00,0,61510100,0,43.6,88.56,1,1,1
B033,2022-06-29 01:00:00,0,61510100,0,46.6,88.62,1,1,1
B033,2022-06-29 02:00:00,0,61510100,0,49.8,88.68,1,1,1
B033,2022-06-29 03:00:00,0,61510100,0,52.1,88.72,1,1,1
B033,2022-06-29 04:00:00,0,61510100,0,52.1,88.72,1,1,1
B033,2022-06-29 05:00:00,0,61510100,0,52.1,88.72,1,1,1
B033,2022-06-29 06:00:00,0,61510100,1.72760552,50.9,88.7,1,1,1
B033,2022-06-29 07:00:00,0,61510100,5.811231113,49.8,88.68,1,1,1
B033,2022-06-29 08:00:00,0,61510100,0,74,88.66,1,1,1
B033,2022-06-29 09:00:00,0,61510100,0.1135531178,73.5,88.65,1,1,1
B033,2022-06-29 10:00:00,0,61510100,0,71.9,88.62,1,1,1
B033,2022-06-29 11:00:00,0,61510100,0,70.8,88.6,1,1,1
B033,2022-06-29 12:00:00,0,61510100,0,70.3,88.59,1,1,1
B033,2022-06-29 13:00:00,0,61510100,1.378618706,70.3,88.59,1,1,1
B033,2022-06-29 14:00:00,0,61510100,0,70.3,88.59,1,1,1
B033,2022-06-29 15:00:00,0,61510100,0,,,1,0,0
B033,2022-06-29 16:00:00,0,61510100,0,69.8,88.58,1,1,1
B033,2022-06-29 17:00:00,0,61510100,0,69.4,88.57,1,1,1
B033,2022-06-29 18:00:00,0,61510100,0,68.9,88.56,1,1,1
B033,2022-06-29 19:00:00,0,61510100,0,68.9,88.56,1,1,1
B033,2022-06-29 20:00:00,0,61510100,0,67.9,88.54,1,1,1
B033,2022-06-29 21:00:00,0,61510100,0,67,88.52,1,1,1
B033,2022-06-29 22:00:00,0,61510100,0,67,88.52,1,1,1
B033,2022-06-29 23:00:00,0,61510100,0,66.5,88.51,1,1,1
B033,2022-06-30 00:00:00,0,61510100,0,66,88.5,1,1,1
B033,2022-06-30 01:00:00,0,61510100,0,66,88.5,1,1,1
B033,2022-06-30 02:00:00,0,61510100,0,66,88.5,1,1,1
B033,2022-06-30 03:00:00,0,61510100,0,65.6,88.49,1,1,1
B033,2022-06-30 04:00:00,0,61510100,0,65.2,88.48,1,1,1
B033,2022-06-30 05:00:00,0,61510100,0,65.2,88.48,1,1,1
B033,2022-06-30 06:00:00,0,61510100,0,65.2,88.48,1,1,1
B033,2022-06-30 07:00:00,0,61510100,1.492171823,,88.48,1,0,1
B033,2022-06-30 08:00:00,0,61510100,0,56.1,88.5,1,1,1
B033,2022-06-30 09:00:00,0,61510100,0,57.1,88.52,1,1,1
B033,2022-06-30 10:00:00,0,61510100,0,57.5,88.53,1,1,1
B033,2022-06-30 11:00:00,0,61510100,0,57.5,88.53,1,1,1
B033,2022-06-30 12:00:00,0,61510100,0,57.1,88.52,1,1,1
B033,2022-06-30 13:00:00,0,61510100,0,57.1,88.52,1,1,1
B033,2022-06-30 14:00:00,0,61510100,0,56.6,88.51,1,1,1
B033,2022-06-30 15:00:00,0,61510100,0,56.1,88.5,1,1,1
B033,2022-06-30 16:00:00,0,61510100,0,56.1,88.5,1,1,1
B033,2022-06-30 17:00:00,0,61510100,0,55.7,88.49,1,1,1
B033,2022-06-30 18:00:00,0,61510100,0,55.3,88.48,1,1,1
B033,2022-06-30 19:00:00,0,61510100,0,54.9,88.47,1,1,1
B033,2022-06-30 20:00:00,0,61510100,0,54.9,88.47,1,1,1
B033,2022-06-30 21:00:00,0,61510100,0,54.5,88.46,1,1,1
B033,2022-06-30 22:00:00,0,61510100,0,54.5,88.46,1,1,1
B033,2022-06-30 23:00:00,0,61510100,0,,,1,0,0
B033,2022-07-01 00:00:00,0,61510100,0,54.1,88.45,1,1,1
B033,2022-07-01 01:00:00,0,61510100,0,54.1,88.45,1,1,1
B033,2022-07-01 02:00:00,0,61510100,0,54.1,88.45,1,1,1
B033,2022-07-01 03:00:00,0,61510100,0,54.1,88.45,1,1,1
B033,2022-07-01 04:00:00,0,61510100,0,54.1,88.45,1,1,1
B033,2022-07-01 05:00:00,0,61510100,0,54.1,88.45,1,1,1
B033,2022-07-01 06:00:00,0,61510100,0,53.6,88.44,1,1,1
B033,2022-07-01 07:00:00,0,61510100,0,53.6,88.44,1,1,1
B033,2022-07-01 08:00:00,0,61510100,0,47.8,88.42,1,1,1
B033,2022-07-01 09:00:00,0,61510100,0,44.1,88.32,1,1,1
B033,2022-07-01 10:00:00,0,61510100,0,42.4,88.27,1,1,1
B033,2022-07-01 11:00:00,0,61510100,8.91673282e-05,41.8,88.25,1,1,1
B033,2022-07-01 12:00:00,0,61510100,0,43.4,88.3,1,1,1
B033,2022-07-01 13:00:00,0,61510100,0.1378618706,44.5,88.33,1,1,1
B033,2022-07-01 14:00:00,0,61510100,0,44.8,88.34,1,1,1
B033,2022-07-04 03:00:00,0,61510100,8.91673282e-05,21.9,88.08,1,1,1
B033,2022-07-04 04:00:00,0,61510100,1.305692447,23,88.13,1,1,1
B033,2022-07-04 05:00:00,0,61510100,2.060294082,24,88.17,1,1,1
B033,2022-07-04 06:00:00,0,61510100,1.622756387,24.5,88.19,1,1,1
B033,2022-07-04 07:00:00,0,61510100,79.14444062,24.8,88.2,1,1,1
B033,2022-07-04 08:00:00,0,61510100,0.1378618706,27.4,88.21,1,1,1
B033,2022-07-04 09:00:00,0,61510100,0,29,88.26,1,1,1
B033,2022-07-04 10:00:00,0,61510100,0.2757237411,30.3,88.3,1,1,1
B033,2022-07-04 11:00:00,0,61510100,0.2757237411,31,88.32,1,1,1
B033,2022-07-04 12:00:00,0,61510100,0,31,88.32,1,1,1
B033,2022-07-04 13:00:00,0,61510100,0,31,88.32,1,1,1
B033,2022-07-04 14:00:00,0,61510100,0,29.7,88.28,1,1,1
B033,2022-07-04 15:00:00,0,61510100,0,28.7,88.25,1,1,1
B033,2022-07-04 16:00:00,0,61510100,0,28.1,88.23,1,1,1
B033,2022-07-04 17:00:00,0,61510100,0.5683005932,27.7,88.22,1,1,1
B033,2022-07-04 18:00:00,0,61510100,8.91673282e-05,27.4,88.21,1,1,1
B033,2022-07-04 19:00:00,0,61510100,0,27.7,88.22,1,1,1
B033,2022-07-04 20:00:00,0,61510100,0,29,88.26,1,1,1
B033,2022-07-04 21:00:00,0,61510100,0.2514149884,29.3,88.27,1,1,1
B033,2022-07-04 22:00:00,0,61510100,0,27.1,88.2,1,1,1
B033,2022-07-04 23:00:00,0,61510100,3.228302993,24.8,88.11,1,1,1
B033,2022-07-05 00:00:00,0,61510100,0.3649681062,24.2,88.08,1,1,1
B033,2022-07-05 01:00:00,0,61510100,1.232944524,23.5,88.05,1,1,1
B033,2022-07-05 02:00:00,0,61510100,1.030057874,23.3,88.04,1,1,1
B033,2022-07-05 03:00:00,0,61510100,5.87473162,24.6,88.1,1,1,1
B033,2022-07-05 04:00:00,0,61510100,6.556585331,28.1,88.23,1,1,1
B033,2022-07-05 05:00:00,0,61510100,1.671017223,31.4,88.33,1,1,1
B033,2022-07-05 06:00:00,0,61510100,1.167919744,33.9,88.4,1,1,1
B033,2022-07-05 07:00:00,0,61510100,34.82994904,36.8,88.47,1,1,1
B033,2022-07-05 08:00:00,0,61510100,0.7062516311,58.3,88.52,1,1,1
B033,2022-07-05 09:00:00,0,61510100,1.143967661,39.4,88.53,1,1,1
B033,2022-07-05 10:00:00,0,61510100,0.2272845703,40.4,88.55,1,1,1
B033,2022-07-05 11:00:00,0,61510100,1.411522422,41.8,88.58,1,1,1
B033,2022-07-05 12:00:00,0,61510100,4.308741865,46.6,88.67,1,1,1
B033,2022-07-05 13:00:00,0,61510100,0.4788778934,53.6,88.79,1,1,1
B033,2022-07-05 14:00:00,0,61510100,0.5691922665,63.4,88.93,1,1,1
B033,2022-07-05 15:00:00,0,61510100,6.829812387,79.9,89.14,1,1,1
B033,2022-07-05 16:00:00,0,61510100,0.8271712233,111.5,89.5,1,1,1
B033,2022-07-05 17:00:00,0,61510100,0.1378618706,153.2,89.9,1,1,1
B033,2022-07-05 18:00:00,0,61510100,0,204.2,90.3,1,1,1
B033,2022-07-05 19:00:00,0,61510100,0,227.2,90.46,1,1,1
B033,2022-07-05 20:00:00,0,61510100,0,248.2,90.6,1,1,1
B033,2022-07-05 21:00:00,0,61510100,0,245.2,90.58,1,1,1
B033,2022-07-05 22:00:00,0,61510100,0,233.2,90.5,1,1,1
B033,2022-07-05 23:00:00,0,61510100,0,214.2,90.37,1,1,1
B033,2022-07-06 00:00:00,0,61510100,0,196.2,90.24,1,1,1
B033,2022-07-06 01:00:00,0,61510100,0,178.2,90.1,1,1,1
B033,2022-07-06 02:00:00,0,61510100,0,163.2,89.98,1,1,1
B033,2022-07-06 03:00:00,0,61510100,11.71730247,134.2,89.73,1,1,1
B033,2022-07-06 04:00:00,0,61510100,8.509176925,129.2,89.68,1,1,1
B033,2022-07-06 05:00:00,0,61510100,1.21653725,133.2,89.72,1,1,1
B033,2022-07-06 06:00:00,0,61510100,0,157.2,89.93,1,1,1
B033,2022-07-06 07:00:00,0,61510100,39.1732203,182.2,90.13,1,1,1
B033,2022-07-06 08:00:00,0,61510100,0,378,90.32,1,1,1
B033,2022-07-06 09:00:00,0,61510100,0,388,90.39,1,1,1
B033,2022-07-06 10:00:00,0,61510100,0,386,90.38,1,1,1
B033,2022-07-06 11:00:00,0,61510100,0,388,90.39,1,1,1
B033,2022-07-06 12:00:00,0,61510100,0,382,90.35,1,1,1
B033,2022-07-06 13:00:00,0,61510100,0,366,90.23,1,1,1
B033,2022-07-06 14:00:00,0,61510100,0,344,90.06,1,1,1
B033,2022-07-06 15:00:00,0,61510100,0,326,89.92,1,1,1
B033,2022-07-06 16:00:00,0,61510100,0,314,89.81,1,1,1
B033,2022-07-06 17:00:00,0,61510100,0,303,89.71,1,1,1
B033,2022-07-06 18:00:00,0,61510100,0,294,89.62,1,1,1
B033,2022-07-06 19:00:00,0,61510100,0,286.2,89.54,1,1,1
B033,2022-07-06 20:00:00,0,61510100,0,283.3,89.51,1,1,1
B033,2022-07-06 21:00:00,0,61510100,0,278.6,89.46,1,1,1
B033,2022-07-06 22:00:00,0,61510100,0,268.6,89.35,1,1,1
B033,2022-07-06 23:00:00,0,61510100,0,268.6,89.35,1,1,1
B033,2022-07-07 00:00:00,0,61510100,0,264.1,89.3,1,1,1
B033,2022-07-07 01:00:00,0,61510100,0,259.8,89.25,1,1,1
B033,2022-07-07 02:00:00,0,61510100,0,256.4,89.21,1,1,1
B033,2022-07-07 03:00:00,0,61510100,0,253.1,89.17,1,1,1
B033,2022-07-07 04:00:00,0,61510100,0,249.9,89.13,1,1,1
B033,2022-07-07 05:00:00,0,61510100,0,247.4,89.1,1,1,1
B033,2022-07-07 06:00:00,0,61510100,0,245,89.07,1,1,1
B033,2022-07-07 07:00:00,0,61510100,0.02622431726,243.4,89.05,1,1,1
B033,2022-07-07 08:00:00,0,61510100,0,125,89.02,1,1,1
B033,2022-07-07 09:00:00,0,61510100,0,121.9,88.98,1,1,1
B033,2022-07-07 10:00:00,0,61510100,0,118.1,88.93,1,1,1
B033,2022-07-07 11:00:00,0,61510100,0,115.8,88.9,1,1,1
B033,2022-07-07 12:00:00,0,61510100,0,114.4,88.88,1,1,1
B033,2022-07-07 13:00:00,0,61510100,0,113,88.86,1,1,1
B033,2022-07-07 14:00:00,0,61510100,1.19213933,111.7,88.84,1,1,1
B033,2022-07-07 15:00:00,0,61510100,0.3649681062,110.3,88.82,1,1,1
B033,2022-07-07 16:00:00,0,61510100,2.749246765,108.9,88.8,1,1,1
B033,2022-07-07 17:00:00,0,61510100,0.2514149884,108.3,88.79,1,1,1
B033,2022-07-07 18:00:00,0,61510100,0.2515041557,107.1,88.77,1,1,1
B033,2022-07-07 19:00:00,0,61510100,0.1135531178,106.5,88.76,1,1,1
B033,2022-07-07 20:00:00,0,61510100,0,106.5,88.76,1,1,1
B033,2022-07-07 21:00:00,0,61510100,8.91673282e-05,105.9,88.75,1,1,1
B033,2022-07-07 22:00:00,0,61510100,0,105.3,88.74,1,1,1
B033,2022-07-07 23:00:00,0,61510100,0,105.3,88.74,1,1,1
B033,2022-07-08 00:00:00,0,61510100,0,105.3,88.74,1,1,1
B033,2022-07-08 01:00:00,0,61510100,0,105.9,88.75,1,1,1
B033,2022-07-08 02:00:00,0,61510100,0,107.7,88.78,1,1,1
B033,2022-07-08 03:00:00,0,61510100,0,109.6,88.81,1,1,1
B033,2022-07-08 04:00:00,0,61510100,0,113,88.86,1,1,1
B033,2022-07-08 05:00:00,0,61510100,0,118.8,88.94,1,1,1
B033,2022-07-08 06:00:00,0,61510100,0,125,89.02,1,1,1
B033,2022-07-08 07:00:00,0,61510100,4.922915631,128.9,89.07,1,1,1
B033,2022-07-08 08:00:00,0,61510100,0,137,89.09,1,1,1
B033,2022-07-16 07:00:00,0,61510100,0,16,88.02,1,1,1
B033,2022-07-16 08:00:00,0,61510100,0,8.62,87.97,1,1,1
B033,2022-07-16 09:00:00,0,61510100,0,9.6,88.02,1,1,1
B033,2022-07-16 10:00:00,0,61510100,0,9.6,88.02,1,1,1
B033,2022-07-16 11:00:00,0,61510100,0,9.6,88.02,1,1,1
B033,2022-07-16 12:00:00,0,61510100,0,9.6,88.02,1,1,1
B033,2022-07-16 13:00:00,0,61510100,0,9.6,88.02,1,1,1
B033,2022-07-16 14:00:00,0,61510100,0,9.8,88.03,1,1,1
B033,2022-07-16 15:00:00,0,61510100,0,9.8,88.03,1,1,1
B033,2022-07-16 16:00:00,0,61510100,0,10,88.04,1,1,1
B033,2022-07-16 17:00:00,0,61510100,0,10,88.04,1,1,1
B033,2022-07-16 18:00:00,0,61510100,0,10,88.04,1,1,1
B033,2022-07-16 19:00:00,0,61510100,0,10.3,88.05,1,1,1
B033,2022-07-16 20:00:00,0,61510100,0,10.9,88.08,1,1,1
B033,2022-07-16 21:00:00,0,61510100,0,11.9,88.12,1,1,1
B033,2022-07-16 22:00:00,0,61510100,0,12.3,88.14,1,1,1
B033,2022-07-16 23:00:00,0,61510100,0,12.8,88.16,1,1,1
B033,2022-07-17 00:00:00,0,61510100,0,12.8,88.16,1,1,1
B033,2022-07-17 01:00:00,0,61510100,0,11.6,88.11,1,1,1
B033,2022-07-17 02:00:00,0,61510100,0,10.5,88.06,1,1,1
B033,2022-07-17 03:00:00,0,61510100,0,9.8,88.03,1,1,1
B033,2022-07-17 04:00:00,0,61510100,0,9.6,88.02,1,1,1
B033,2022-07-17 05:00:00,0,61510100,0,9.6,88.02,1,1,1
B033,2022-07-17 06:00:00,0,61510100,0,9.6,88.02,1,1,1
B033,2022-07-17 07:00:00,0,61510100,0,9.6,88.02,1,1,1
B033,2022-07-17 08:00:00,0,61510100,0,6.91,87.94,1,1,1
B033,2022-07-17 09:00:00,0,61510100,0,8.4,88.02,1,1,1
B033,2022-07-17 10:00:00,0,61510100,0,8.4,88.02,1,1,1
B033,2022-07-17 11:00:00,0,61510100,0,8.4,88.02,1,1,1
B033,2022-07-17 12:00:00,0,61510100,0,8.4,88.02,1,1,1
B033,2022-07-17 13:00:00,0,61510100,0,8.4,88.02,1,1,1
B033,2022-07-17 14:00:00,0,61510100,2.839897954,8.4,88.02,1,1,1
B033,2022-07-17 15:00:00,0,61510100,4.023353153,8.4,88.02,1,1,1
B033,2022-07-17 16:00:00,0,61510100,0.6650006001,8.7,88.03,1,1,1
B033,2022-07-17 17:00:00,0,61510100,0,9.1,88.05,1,1,1
B033,2022-07-17 18:00:00,0,61510100,0.1135531178,10.2,88.1,1,1,1
B033,2022-07-17 19:00:00,0,61510100,0,11.4,88.15,1,1,1
B033,2022-07-17 20:00:00,0,61510100,8.91673282e-05,12.2,88.18,1,1,1
B033,2022-07-17 21:00:00,0,61510100,0,12.7,88.2,1,1,1
B033,2022-07-17 22:00:00,0,61510100,0,12.7,88.2,1,1,1
B033,2022-07-17 23:00:00,0,61510100,0,12.7,88.2,1,1,1
B033,2022-07-18 00:00:00,0,61510100,0,12.7,88.2,1,1,1
B033,2022-07-18 01:00:00,0,61510100,0,12.7,88.2,1,1,1
B033,2022-07-18 02:00:00,0,61510100,0,12.7,88.2,1,1,1
B033,2022-07-18 03:00:00,0,61510100,0,12.7,88.2,1,1,1
B033,2022-07-18 04:00:00,0,61510100,0,12.7,88.2,1,1,1
B033,2022-07-18 05:00:00,0,61510100,0,12.7,88.2,1,1,1
B033,2022-07-18 06:00:00,0,61510100,0,11.9,88.17,1,1,1
B033,2022-07-18 07:00:00,0,61510100,10.91993365,10.9,88.13,1,1,1
B033,2022-07-18 08:00:00,0,61510100,0,19.1,88.11,1,1,1
B033,2022-07-18 09:00:00,0,61510100,0,18.9,88.1,1,1,1
B033,2022-07-18 10:00:00,0,61510100,0,18.6,88.09,1,1,1
B033,2022-07-18 11:00:00,0,61510100,0,18.4,88.08,1,1,1
B033,2022-07-18 12:00:00,0,61510100,0,18.4,88.08,1,1,1
B033,2022-07-18 13:00:00,0,61510100,0,18.4,88.08,1,1,1
B033,2022-07-18 14:00:00,0,61510100,0,18.6,88.09,1,1,1
B033,2022-07-18 15:00:00,0,61510100,0,19.6,88.13,1,1,1
B033,2022-07-18 16:00:00,0,61510100,0,20.6,88.17,1,1,1
B033,2022-07-18 17:00:00,0,61510100,0,21.1,88.19,1,1,1
B033,2022-07-18 18:00:00,0,61510100,0,21.4,88.2,1,1,1
B033,2022-07-18 19:00:00,0,61510100,0,21.4,88.2,1,1,1
B033,2022-07-18 20:00:00,0,61510100,0,21.4,88.2,1,1,1
B033,2022-07-18 21:00:00,0,61510100,0,21.4,88.2,1,1,1
B033,2022-07-18 22:00:00,0,61510100,0,21.4,88.2,1,1,1
B033,2022-07-18 23:00:00,0,61510100,0,21.4,88.2,1,1,1
B033,2022-07-19 00:00:00,0,61510100,0,21.4,88.2,1,1,1
B033,2022-07-19 01:00:00,0,61510100,0,,,1,0,0
B033,2022-07-19 02:00:00,0,61510100,0,,,1,0,0
B033,2022-07-19 03:00:00,0,61510100,0,,,1,0,0
B033,2022-07-19 04:00:00,0,61510100,0,21.1,88.19,1,1,1
B033,2022-07-19 05:00:00,0,61510100,0.1378618706,20.6,88.17,1,1,1
B033,2022-07-19 06:00:00,0,61510100,9.019640878,19.6,88.13,1,1,1
B033,2022-07-19 07:00:00,0,61510100,4.821313767,19.3,88.12,1,1,1
B033,2022-07-19 08:00:00,0,61510100,1.5088466,20.7,88.13,1,1,1
B033,2022-07-19 09:00:00,0,61510100,0.3893660263,20.7,88.13,1,1,1
B033,2022-07-19 10:00:00,0,61510100,0.1379510379,20.7,88.13,1,1,1
B033,2022-07-19 11:00:00,0,61510100,1.297701802,20.9,88.14,1,1,1
B033,2022-07-19 12:00:00,0,61510100,1.419780569,22.2,88.19,1,1,1
B033,2022-07-19 13:00:00,0,61510100,0,23.8,88.24,1,1,1
B033,2022-07-19 14:00:00,0,61510100,8.91673282e-05,26.1,88.31,1,1,1
B033,2022-07-19 15:00:00,0,61510100,0,29.3,88.4,1,1,1
B033,2022-07-19 16:00:00,0,61510100,0,30.1,88.42,1,1,1
B033,2022-07-19 17:00:00,0,61510100,0,29.3,88.4,1,1,1
B033,2022-07-19 18:00:00,0,61510100,0,28.9,88.39,1,1,1
B033,2022-07-19 19:00:00,0,61510100,0,28.6,88.38,1,1,1
B033,2022-07-19 20:00:00,0,61510100,0,28.6,88.38,1,1,1
B033,2022-07-19 21:00:00,0,61510100,0,28.6,88.38,1,1,1
B033,2022-07-19 22:00:00,0,61510100,0,28.2,88.37,1,1,1
B033,2022-07-19 23:00:00,0,61510100,0,28.2,88.37,1,1,1
B033,2022-07-20 00:00:00,0,61510100,0,28.2,88.37,1,1,1
B033,2022-07-20 01:00:00,0,61510100,0,28.2,88.37,1,1,1
B033,2022-07-20 02:00:00,0,61510100,0,28.2,88.37,1,1,1
B033,2022-07-20 03:00:00,0,61510100,0,28.2,88.37,1,1,1
B033,2022-07-20 04:00:00,0,61510100,0,28.2,88.37,1,1,1
B033,2022-07-20 05:00:00,0,61510100,0,28.2,88.37,1,1,1
B033,2022-07-20 06:00:00,0,61510100,0,28.2,88.37,1,1,1
B033,2022-07-20 07:00:00,0,61510100,5.001886569,28.2,88.37,1,1,1
B033,2022-07-20 08:00:00,0,61510100,0,42.6,88.37,1,1,1
B033,2022-07-20 09:00:00,0,61510100,0,43.3,88.39,1,1,1
B033,2022-07-20 10:00:00,0,61510100,0,44.9,88.43,1,1,1
B033,2022-07-20 11:00:00,0,61510100,0,45.8,88.45,1,1,1
B033,2022-07-20 12:00:00,0,61510100,0,46.2,88.46,1,1,1
B033,2022-07-20 13:00:00,0,61510100,0,46.2,88.46,1,1,1
B033,2022-07-20 14:00:00,0,61510100,0,45.8,88.45,1,1,1
B033,2022-07-20 15:00:00,0,61510100,0,45.8,88.45,1,1,1
B033,2022-07-20 16:00:00,0,61510100,0,45.8,88.45,1,1,1
B033,2022-07-20 17:00:00,0,61510100,0,44.9,88.43,1,1,1
B033,2022-07-20 18:00:00,0,61510100,0,43.7,88.4,1,1,1
B033,2022-07-20 19:00:00,0,61510100,0,42.6,88.37,1,1,1
B033,2022-07-20 20:00:00,0,61510100,0,42.3,88.36,1,1,1
B033,2022-07-20 21:00:00,0,61510100,0,40.8,88.32,1,1,1
B033,2022-07-20 22:00:00,0,61510100,0,40.5,88.31,1,1,1
B033,2022-07-20 23:00:00,0,61510100,0,41.2,88.33,1,1,1
B033,2022-07-21 00:00:00,0,61510100,0,41.5,88.34,1,1,1
B033,2022-07-21 01:00:00,0,61510100,0,41.5,88.34,1,1,1
B033,2022-07-21 02:00:00,0,61510100,0,40.8,88.32,1,1,1
B033,2022-07-21 03:00:00,0,61510100,0,39.8,88.29,1,1,1
B033,2022-07-21 04:00:00,0,61510100,0,38.8,88.26,1,1,1
B033,2022-07-21 05:00:00,0,61510100,0,37.9,88.23,1,1,1
B033,2022-07-21 06:00:00,0,61510100,0,36.6,88.19,1,1,1
B033,2022-07-21 07:00:00,0,61510100,0,35.9,88.16,1,1,1
B033,2022-07-21 08:00:00,0,61510100,0,21.5,88.14,1,1,1
B033,2022-07-21 09:00:00,0,61510100,0,20.8,88.11,1,1,1
B033,2022-07-21 10:00:00,0,61510100,0,20.8,88.11,1,1,1
B033,2022-07-21 11:00:00,0,61510100,0,20.8,88.11,1,1,1
B033,2022-07-21 12:00:00,0,61510100,0,20.8,88.11,1,1,1
B033,2022-07-21 13:00:00,0,61510100,0,20.8,88.11,1,1,1
B033,2022-07-21 14:00:00,0,61510100,0,21,88.12,1,1,1
B033,2022-07-21 15:00:00,0,61510100,0,22.2,88.17,1,1,1
B033,2022-07-21 16:00:00,0,61510100,0,23,88.2,1,1,1
B033,2022-07-21 17:00:00,0,61510100,0,23.6,88.22,1,1,1
B033,2022-07-21 18:00:00,0,61510100,0,24,88.23,1,1,1
B033,2022-07-21 19:00:00,0,61510100,0,24.9,88.26,1,1,1
B033,2022-07-21 20:00:00,0,61510100,0,26.2,88.3,1,1,1
B033,2022-07-21 21:00:00,0,61510100,0,27.3,88.33,1,1,1
B033,2022-07-21 22:00:00,0,61510100,0,27.6,88.34,1,1,1
B033,2022-07-21 23:00:00,0,61510100,0,27.6,88.34,1,1,1
B033,2022-07-22 00:00:00,0,61510100,0,27.6,88.34,1,1,1
B033,2022-07-22 01:00:00,0,61510100,0,27.6,88.34,1,1,1
B033,2022-07-22 02:00:00,0,61510100,0,24.9,88.26,1,1,1
B033,2022-07-22 03:00:00,0,61510100,0,22,88.16,1,1,1
B033,2022-07-22 04:00:00,0,61510100,0,20.5,88.1,1,1,1
B033,2022-07-22 05:00:00,0,61510100,0,20.3,88.09,1,1,1
B033,2022-07-22 06:00:00,0,61510100,0,20.3,88.09,1,1,1
B033,2022-07-22 07:00:00,0,61510100,0,20.3,88.09,1,1,1
B033,2022-07-22 08:00:00,0,61510100,0,17.5,88.09,1,1,1
B033,2022-08-23 07:00:00,0,61510100,0,8.7,88.03,1,1,1
B033,2022-08-23 08:00:00,0,61510100,0,5.89,87.92,1,1,1
B033,2022-08-23 09:00:00,0,61510100,0,8,88.03,1,1,1
B033,2022-08-23 10:00:00,0,61510100,0,8,88.03,1,1,1
B033,2022-08-23 11:00:00,0,61510100,0,8,88.03,1,1,1
B033,2022-08-23 12:00:00,0,61510100,0,8,88.03,1,1,1
B033,2022-08-23 13:00:00,0,61510100,0,8,88.03,1,1,1
B033,2022-08-23 14:00:00,0,61510100,0,8,88.03,1,1,1
B033,2022-08-23 15:00:00,0,61510100,0,8,88.03,1,1,1
B033,2022-08-23 16:00:00,0,61510100,0,8,88.03,1,1,1
B033,2022-08-23 17:00:00,0,61510100,0,8,88.03,1,1,1
B033,2022-08-23 18:00:00,0,61510100,0,8,88.03,1,1,1
B033,2022-08-23 19:00:00,0,61510100,0,8,88.03,1,1,1
B033,2022-08-23 20:00:00,0,61510100,0,8,88.03,1,1,1
B033,2022-08-23 21:00:00,0,61510100,0,8,88.03,1,1,1
B033,2022-08-23 22:00:00,0,61510100,0,8,88.03,1,1,1
B033,2022-08-23 23:00:00,0,61510100,0,8,88.03,1,1,1
B033,2022-08-24 00:00:00,0,61510100,0,8,88.03,1,1,1
B033,2022-08-24 01:00:00,0,61510100,0,8,88.03,1,1,1
B033,2022-08-24 02:00:00,0,61510100,0,8,88.03,1,1,1
B033,2022-08-24 03:00:00,0,61510100,0,8,88.03,1,1,1
B033,2022-08-24 04:00:00,0,61510100,0,8,88.03,1,1,1
B033,2022-08-24 05:00:00,0,61510100,0,8,88.03,1,1,1
B033,2022-08-24 06:00:00,0,61510100,0,8,88.03,1,1,1
B033,2022-08-24 07:00:00,0,61510100,0,8,88.03,1,1,1
B033,2022-08-24 08:00:00,0,61510100,0,5.89,87.92,1,1,1
B033,2022-08-24 09:00:00,0,61510100,0,8,88.03,1,1,1
B033,2022-08-24 10:00:00,0,61510100,0,8,88.03,1,1,1
B033,2022-08-24 11:00:00,0,61510100,0,8,88.03,1,1,1
B033,2022-08-24 12:00:00,0,61510100,0,8,88.03,1,1,1
B033,2022-08-24 13:00:00,0,61510100,0,8,88.03,1,1,1
B033,2022-08-24 14:00:00,0,61510100,0.1135531178,8,88.03,1,1,1
B033,2022-08-24 15:00:00,0,61510100,5.660664154,8,88.03,1,1,1
B033,2022-08-24 16:00:00,0,61510100,2.043619306,8,88.03,1,1,1
B033,2022-08-24 17:00:00,0,61510100,0,8,88.03,1,1,1
B033,2022-08-24 18:00:00,0,61510100,0,8,88.03,1,1,1
B033,2022-08-24 19:00:00,0,61510100,0,8.2,88.04,1,1,1
B033,2022-08-24 20:00:00,0,61510100,0,8.2,88.04,1,1,1
B033,2022-08-24 21:00:00,0,61510100,0,8.2,88.04,1,1,1
B033,2022-08-24 22:00:00,0,61510100,0,8.2,88.04,1,1,1
B033,2022-08-24 23:00:00,0,61510100,0,8.2,88.04,1,1,1
B033,2022-08-25 00:00:00,0,61510100,0,9.5,88.1,1,1,1
B033,2022-08-25 01:00:00,0,61510100,0,10.5,88.14,1,1,1
B033,2022-08-25 02:00:00,0,61510100,0,11.2,88.17,1,1,1
B033,2022-08-25 03:00:00,0,61510100,0,13,88.23,1,1,1
B033,2022-08-25 04:00:00,0,61510100,0,14.2,88.27,1,1,1
B033,2022-08-25 05:00:00,0,61510100,0,13.3,88.24,1,1,1
B033,2022-08-25 06:00:00,0,61510100,0,12.6,88.22,1,1,1
B033,2022-08-25 07:00:00,0,61510100,7.817836577,12.3,88.21,1,1,1
B033,2022-08-25 08:00:00,0,61510100,0,23.1,88.16,1,1,1
B033,2022-08-25 09:00:00,0,61510100,0,22.1,88.12,1,1,1
B033,2022-08-25 10:00:00,0,61510100,0,21.4,88.09,1,1,1
B033,2022-08-25 11:00:00,0,61510100,0,20.7,88.06,1,1,1
B033,2022-08-25 12:00:00,0,61510100,0,20.5,88.05,1,1,1
B033,2022-08-25 13:00:00,0,61510100,0,20.3,88.04,1,1,1
B033,2022-08-25 14:00:00,0,61510100,0,20.3,88.04,1,1,1
B033,2022-08-25 15:00:00,0,61510100,0,20.3,88.04,1,1,1
B033,2022-08-25 16:00:00,0,61510100,0,20.3,88.04,1,1,1
B033,2022-08-25 17:00:00,0,61510100,0,20.3,88.04,1,1,1
B033,2022-08-25 18:00:00,0,61510100,0,20.3,88.04,1,1,1
B033,2022-08-25 19:00:00,0,61510100,0,20.3,88.04,1,1,1
B033,2022-08-25 20:00:00,0,61510100,0,20.3,88.04,1,1,1
B033,2022-08-25 21:00:00,0,61510100,0,20.3,88.04,1,1,1
B033,2022-08-25 22:00:00,0,61510100,0,20.3,88.04,1,1,1
B033,2022-08-25 23:00:00,0,61510100,0,20.1,88.03,1,1,1
B033,2022-08-26 00:00:00,0,61510100,0,20.1,88.03,1,1,1
B033,2022-08-26 01:00:00,0,61510100,0,20.1,88.03,1,1,1
B033,2022-08-26 02:00:00,0,61510100,0,20.1,88.03,1,1,1
B033,2022-08-26 03:00:00,0,61510100,0,20.1,88.03,1,1,1
B033,2022-08-26 04:00:00,0,61510100,0,20.1,88.03,1,1,1
B033,2022-08-26 05:00:00,0,61510100,0,20.1,88.03,1,1,1
B033,2022-08-26 06:00:00,0,61510100,0,20.1,88.03,1,1,1
B033,2022-08-26 07:00:00,0,61510100,0,20.1,88.03,1,1,1
B033,2022-08-26 08:00:00,0,61510100,0,10.6,88,1,1,1
B033,2022-08-26 09:00:00,0,61510100,0,11.3,88.03,1,1,1
B033,2022-08-26 10:00:00,0,61510100,0,11.3,88.03,1,1,1
B033,2022-08-26 11:00:00,0,61510100,0,11.3,88.03,1,1,1
B033,2022-08-26 12:00:00,0,61510100,0,11.3,88.03,1,1,1
B033,2022-08-26 13:00:00,0,61510100,0,11.3,88.03,1,1,1
B033,2022-08-26 14:00:00,0,61510100,0,11.3,88.03,1,1,1
B033,2022-08-26 15:00:00,0,61510100,0,11.3,88.03,1,1,1
B033,2022-08-26 16:00:00,0,61510100,0,11.3,88.03,1,1,1
B033,2022-08-26 17:00:00,0,61510100,0,11.3,88.03,1,1,1
B033,2022-08-26 18:00:00,0,61510100,0,11.3,88.03,1,1,1
B033,2022-08-26 19:00:00,0,61510100,0,11.3,88.03,1,1,1
B033,2022-08-26 20:00:00,0,61510100,0,11.3,88.03,1,1,1
B033,2022-08-26 21:00:00,0,61510100,0,11.3,88.03,1,1,1
B033,2022-08-26 22:00:00,0,61510100,0,11.3,88.03,1,1,1
B033,2022-08-26 23:00:00,0,61510100,0,11.3,88.03,1,1,1
B033,2022-08-27 00:00:00,0,61510100,0,11.3,88.03,1,1,1
B033,2022-08-27 01:00:00,0,61510100,0,11.3,88.03,1,1,1
B033,2022-08-27 02:00:00,0,61510100,0,11.3,88.03,1,1,1
B033,2022-08-27 03:00:00,0,61510100,0,11.3,88.03,1,1,1
B033,2022-08-27 04:00:00,0,61510100,0,11.3,88.03,1,1,1
B033,2022-08-27 05:00:00,0,61510100,0,11.3,88.03,1,1,1
B033,2022-08-27 06:00:00,0,61510100,0,11.3,88.03,1,1,1
B033,2022-08-27 07:00:00,0,61510100,0,11.3,88.03,1,1,1
B033,2022-08-27 08:00:00,0,61510100,0,3.71,87.86,1,1,1
B033,2022-11-17 01:00:00,0,61510100,0,7,87.97,1,1,1
B033,2022-11-17 02:00:00,0,61510100,0,7,87.97,1,1,1
B033,2022-11-17 03:00:00,0,61510100,0,7,87.97,1,1,1
B033,2022-11-17 04:00:00,0,61510100,0,7,87.97,1,1,1
B033,2022-11-17 05:00:00,0,61510100,0,7,87.97,1,1,1
B033,2022-11-17 06:00:00,0,61510100,0,7,87.97,1,1,1
B033,2022-11-17 07:00:00,0,61510100,8.824190016,7,87.97,1,1,1
B033,2022-11-17 08:00:00,0,61510100,0,3.15,87.67,1,1,1
B033,2022-11-17 09:00:00,0,61510100,0,6.8,87.97,1,1,1
B033,2022-11-17 10:00:00,0,61510100,0,6.8,87.97,1,1,1
B033,2022-11-17 11:00:00,0,61510100,0,6.8,87.97,1,1,1
B033,2022-11-17 12:00:00,0,61510100,0,6.8,87.97,1,1,1
B033,2022-11-17 13:00:00,0,61510100,0,6.8,87.97,1,1,1
B033,2022-11-17 14:00:00,0,61510100,0,6.8,87.97,1,1,1
B033,2022-11-17 15:00:00,0,61510100,0,6.8,87.97,1,1,1
B033,2022-11-17 16:00:00,0,61510100,0,6.8,87.97,1,1,1
B033,2022-11-17 17:00:00,0,61510100,0,6.8,87.97,1,1,1
B033,2022-11-17 18:00:00,0,61510100,0,6.8,87.97,1,1,1
B033,2022-11-17 19:00:00,0,61510100,0,6.8,87.97,1,1,1
B033,2022-11-17 20:00:00,0,61510100,0,6.8,87.97,1,1,1
B033,2022-11-17 21:00:00,0,61510100,0,6.8,87.97,1,1,1
B033,2022-11-17 22:00:00,0,61510100,0,6.8,87.97,1,1,1
B033,2022-11-17 23:00:00,0,61510100,0.5028299768,6.8,87.97,1,1,1
B033,2022-11-18 00:00:00,0,61510100,0.1135531178,7,87.98,1,1,1
B033,2022-11-18 01:00:00,0,61510100,0,6.8,87.97,1,1,1
B033,2022-11-18 02:00:00,0,61510100,0,6.8,87.97,1,1,1
B033,2022-11-18 03:00:00,0,61510100,0,6.8,87.97,1,1,1
B033,2022-11-18 04:00:00,0,61510100,0,6.8,87.97,1,1,1
B033,2022-11-18 05:00:00,0,61510100,0.3406593535,6.8,87.97,1,1,1
B033,2022-11-18 06:00:00,0,61510100,0.7785537179,6.8,87.97,1,1,1
B033,2022-11-18 07:00:00,0,61510100,1.136994581,6.8,87.97,1,1,1
B033,2022-11-18 08:00:00,0,61510100,2.733265474,4.23,87.75,1,1,1
B033,2022-11-18 09:00:00,0,61510100,5.304023509,7.1,87.97,1,1,1
B033,2022-11-18 10:00:00,0,61510100,2.376288013,7.1,87.97,1,1,1
B033,2022-11-18 11:00:00,0,61510100,2.149181778,7.1,87.97,1,1,1
B033,2022-11-18 12:00:00,0,61510100,0.3649681062,7.1,87.97,1,1,1
B033,2022-11-18 13:00:00,0,61510100,0.2757237411,7.1,87.97,1,1,1
B033,2022-11-18 14:00:00,0,61510100,0.2514149884,7.1,87.97,1,1,1
B033,2022-11-18 15:00:00,0,61510100,0.2514149884,7.1,87.97,1,1,1
B033,2022-11-18 16:00:00,0,61510100,0.1378618706,7.1,87.97,1,1,1
B033,2022-11-18 17:00:00,0,61510100,0,7.1,87.97,1,1,1
B033,2022-11-18 18:00:00,0,61510100,0,7.1,87.97,1,1,1
B033,2022-11-18 19:00:00,0,61510100,0,7.1,87.97,1,1,1
B033,2022-11-18 20:00:00,0,61510100,0,7.1,87.97,1,1,1
B033,2022-11-18 21:00:00,0,61510100,0,7.1,87.97,1,1,1
B033,2022-11-18 22:00:00,0,61510100,0,7.1,87.97,1,1,1
B033,2022-11-18 23:00:00,0,61510100,0,8.9,88.06,1,1,1
B033,2022-11-19 00:00:00,0,61510100,0,9.8,88.1,1,1,1
B033,2022-11-19 01:00:00,0,61510100,0.1378618706,8.9,88.06,1,1,1
B033,2022-11-19 02:00:00,0,61510100,0,7.6,88,1,1,1
B033,2022-11-19 03:00:00,0,61510100,0.1378618706,7.1,87.97,1,1,1
B033,2022-11-19 04:00:00,0,61510100,0,7.1,87.97,1,1,1
B033,2022-11-19 05:00:00,0,61510100,0,7.1,87.97,1,1,1
B033,2022-11-19 06:00:00,0,61510100,0,7.1,87.97,1,1,1
B033,2022-11-19 07:00:00,0,61510100,14.11986621,7.1,87.97,1,1,1
B033,2022-11-19 08:00:00,0,61510100,0,4.84,87.79,1,1,1
B033,2022-11-19 09:00:00,0,61510100,0,7.3,87.97,1,1,1
B033,2022-11-19 10:00:00,0,61510100,0,7.3,87.97,1,1,1
B033,2022-11-19 11:00:00,0,61510100,0,10.3,88.11,1,1,1
B033,2022-11-19 12:00:00,0,61510100,0,12.5,88.2,1,1,1
B033,2022-11-19 13:00:00,0,61510100,0,11,88.14,1,1,1
B033,2022-11-19 14:00:00,0,61510100,0,8.9,88.05,1,1,1
B033,2022-11-19 15:00:00,0,61510100,0,7.5,87.98,1,1,1
B033,2022-11-19 16:00:00,0,61510100,0,7.3,87.97,1,1,1
B033,2022-11-19 17:00:00,0,61510100,0,7.3,87.97,1,1,1
B033,2022-11-19 18:00:00,0,61510100,0,7.3,87.97,1,1,1
B033,2022-11-19 19:00:00,0,61510100,0,7.3,87.97,1,1,1
B033,2022-11-19 20:00:00,0,61510100,0,7.3,87.97,1,1,1
B033,2022-11-19 21:00:00,0,61510100,0,9.1,88.06,1,1,1
B033,2022-11-19 22:00:00,0,61510100,0,10.7,88.13,1,1,1
B033,2022-11-19 23:00:00,0,61510100,0,11.5,88.16,1,1,1
B033,2022-11-20 00:00:00,0,61510100,0,10.5,88.12,1,1,1
B033,2022-11-20 01:00:00,0,61510100,0,8.7,88.04,1,1,1
B033,2022-11-20 02:00:00,0,61510100,0,7.3,87.97,1,1,1
B033,2022-11-20 03:00:00,0,61510100,0,7.3,87.97,1,1,1
B033,2022-11-20 04:00:00,0,61510100,0,7.3,87.97,1,1,1
B033,2022-11-20 05:00:00,0,61510100,0,7.3,87.97,1,1,1
B033,2022-11-20 06:00:00,0,61510100,0,7.3,87.97,1,1,1
B033,2022-11-20 07:00:00,0,61510100,0,7.3,87.97,1,1,1
B033,2022-11-20 08:00:00,0,61510100,0,4.53,87.77,1,1,1
B033,2022-11-20 09:00:00,0,61510100,0,7.2,87.97,1,1,1
B033,2022-11-20 10:00:00,0,61510100,0,7.2,87.97,1,1,1
B033,2022-11-20 11:00:00,0,61510100,0,11.4,88.16,1,1,1
B033,2022-11-20 12:00:00,0,61510100,0,13.7,88.24,1,1,1
B033,2022-11-20 13:00:00,0,61510100,0,11.9,88.18,1,1,1
B033,2022-11-20 14:00:00,0,61510100,0,9.5,88.08,1,1,1
B033,2022-11-20 15:00:00,0,61510100,0,7.7,88,1,1,1
B033,2022-11-20 16:00:00,0,61510100,0,7.2,87.97,1,1,1
B033,2022-11-20 17:00:00,0,61510100,0,7.2,87.97,1,1,1
B033,2022-11-20 18:00:00,0,61510100,0,7.2,87.97,1,1,1
B033,2022-11-20 19:00:00,0,61510100,0,7.2,87.97,1,1,1
B033,2022-11-20 20:00:00,0,61510100,0,7.2,87.97,1,1,1
B033,2022-11-20 21:00:00,0,61510100,0,7.4,87.98,1,1,1
B033,2022-11-20 22:00:00,0,61510100,0,7.2,87.97,1,1,1
B033,2022-11-20 23:00:00,0,61510100,0,7.2,87.97,1,1,1
B033,2022-11-21 00:00:00,0,61510100,0,7.2,87.97,1,1,1
B033,2022-11-21 01:00:00,0,61510100,0,7.2,87.97,1,1,1
B033,2022-11-21 02:00:00,0,61510100,0,7.2,87.97,1,1,1
B033,2022-11-21 03:00:00,0,61510100,0,7.2,87.97,1,1,1
B033,2022-11-21 04:00:00,0,61510100,0,7.2,87.97,1,1,1
B033,2022-11-21 05:00:00,0,61510100,0,7.2,87.97,1,1,1
B033,2022-11-21 06:00:00,0,61510100,0,7.2,87.97,1,1,1
B033,2022-11-21 07:00:00,0,61510100,0,7.2,87.97,1,1,1
B033,2022-11-21 08:00:00,0,61510100,0,3.66,87.71,1,1,1
B033,2023-04-01 17:00:00,0,61510100,0,6.5,88.02,1,1,1
B033,2023-04-01 18:00:00,0,61510100,0,6.7,88.03,1,1,1
B033,2023-04-01 19:00:00,0,61510100,0,6.7,88.03,1,1,1
B033,2023-04-01 20:00:00,0,61510100,0,6.7,88.03,1,1,1
B033,2023-04-01 21:00:00,0,61510100,0,6.5,88.02,1,1,1
B033,2023-04-01 22:00:00,0,61510100,0,5.9,87.99,1,1,1
B033,2023-04-01 23:00:00,0,61510100,0,5.5,87.97,1,1,1
B033,2023-04-02 00:00:00,0,61510100,0,5.5,87.97,1,1,1
B033,2023-04-02 01:00:00,0,61510100,0,5.5,87.97,1,1,1
B033,2023-04-02 02:00:00,0,61510100,0,5.5,87.97,1,1,1
B033,2023-04-02 03:00:00,0,61510100,0,5.5,87.97,1,1,1
B033,2023-04-02 04:00:00,0,61510100,0,5.5,87.97,1,1,1
B033,2023-04-02 05:00:00,0,61510100,0,5.5,87.97,1,1,1
B033,2023-04-02 06:00:00,0,61510100,0,5.5,87.97,1,1,1
B033,2023-04-02 07:00:00,0,61510100,0,5.5,87.97,1,1,1
B033,2023-04-02 08:00:00,0,61510100,0,9.93,87.99,1,1,1
B033,2023-04-02 09:00:00,0,61510100,0,10.3,88.01,1,1,1
B033,2023-04-02 10:00:00,0,61510100,0,10.5,88.02,1,1,1
B033,2023-04-02 11:00:00,0,61510100,0,10.8,88.03,1,1,1
B033,2023-04-02 12:00:00,0,61510100,0,10.8,88.03,1,1,1
B033,2023-04-02 13:00:00,0,61510100,0,10.8,88.03,1,1,1
B033,2023-04-02 14:00:00,0,61510100,0,10.8,88.03,1,1,1
B033,2023-04-02 15:00:00,0,61510100,0,10.8,88.03,1,1,1
B033,2023-04-02 16:00:00,0,61510100,0.2514149884,10.8,88.03,1,1,1
B033,2023-04-02 17:00:00,0,61510100,0,10.8,88.03,1,1,1
B033,2023-04-02 18:00:00,0,61510100,0,10.8,88.03,1,1,1
B033,2023-04-02 19:00:00,0,61510100,0,10.8,88.03,1,1,1
B033,2023-04-02 20:00:00,0,61510100,0,10.8,88.03,1,1,1
B033,2023-04-02 21:00:00,0,61510100,0,10.5,88.02,1,1,1
B033,2023-04-02 22:00:00,0,61510100,0,10.1,88,1,1,1
B033,2023-04-02 23:00:00,0,61510100,0,9.6,87.97,1,1,1
B033,2023-04-03 00:00:00,0,61510100,0,9.6,87.97,1,1,1
B033,2023-04-03 01:00:00,0,61510100,0,9.6,87.97,1,1,1
B033,2023-04-03 02:00:00,0,61510100,0,9.6,87.97,1,1,1
B033,2023-04-03 03:00:00,0,61510100,0.1135531178,9.6,87.97,1,1,1
B033,2023-04-03 04:00:00,0,61510100,0.2514149884,9.6,87.97,1,1,1
B033,2023-04-03 05:00:00,0,61510100,0,9.6,87.97,1,1,1
B033,2023-04-03 06:00:00,0,61510100,8.91673282e-05,9.6,87.97,1,1,1
B033,2023-04-03 07:00:00,0,61510100,0.616472262,9.6,87.97,1,1,1
B033,2023-04-03 08:00:00,0,61510100,0,8.02,87.96,1,1,1
B033,2023-04-03 09:00:00,0,61510100,0,8.6,87.99,1,1,1
B033,2023-04-03 10:00:00,0,61510100,0,9.2,88.02,1,1,1
B033,2023-04-03 11:00:00,0,61510100,0,9.4,88.03,1,1,1
B033,2023-04-03 12:00:00,0,61510100,0,9.6,88.04,1,1,1
B033,2023-04-03 13:00:00,0,61510100,0,9.8,88.05,1,1,1
B033,2023-04-03 14:00:00,0,61510100,0,9.8,88.05,1,1,1
B033,2023-04-03 15:00:00,0,61510100,0,9.8,88.05,1,1,1
B033,2023-04-03 16:00:00,0,61510100,0,10.1,88.06,1,1,1
B033,2023-04-03 17:00:00,0,61510100,0.7543341325,10.1,88.06,1,1,1
B033,2023-04-03 18:00:00,0,61510100,8.91673282e-05,10.1,88.06,1,1,1
B033,2023-04-03 19:00:00,0,61510100,0,10.1,88.06,1,1,1
B033,2023-04-03 20:00:00,0,61510100,0,9.8,88.05,1,1,1
B033,2023-04-03 21:00:00,0,61510100,0,9.8,88.05,1,1,1
B033,2023-04-03 22:00:00,0,61510100,0.3894551936,9.8,88.05,1,1,1
B033,2023-04-03 23:00:00,0,61510100,1.161266608,10.1,88.06,1,1,1
B033,2023-04-04 00:00:00,0,61510100,12.82644444,9.8,88.05,1,1,1
B033,2023-04-04 01:00:00,0,61510100,2.717928208,10.7,88.09,1,1,1
B033,2023-04-04 02:00:00,0,61510100,1.168365581,11.2,88.11,1,1,1
B033,2023-04-04 03:00:00,0,61510100,1.233033691,11.9,88.14,1,1,1
B033,2023-04-04 04:00:00,0,61510100,0.640870182,12.2,88.15,1,1,1
B033,2023-04-04 05:00:00,0,61510100,1.257431611,13,88.18,1,1,1
B033,2023-04-04 06:00:00,0,61510100,0.8923743377,14.5,88.23,1,1,1
B033,2023-04-04 07:00:00,0,61510100,14.92288558,18.9,88.36,1,1,1
B033,2023-04-04 08:00:00,0,61510100,1.833277014,69.4,88.62,1,1,1
B033,2023-04-04 09:00:00,0,61510100,0.2515041557,143.7,89.57,1,1,1
B033,2023-04-04 10:00:00,0,61510100,0,202.7,90.09,1,1,1
B033,2023-04-04 11:00:00,0,61510100,8.91673282e-05,253.7,90.47,1,1,1
B033,2023-04-04 12:00:00,0,61510100,0.5030083115,259.7,90.51,1,1,1
B033,2023-04-04 13:00:00,0,61510100,0.7545124672,253.7,90.47,1,1,1
B033,2023-04-04 14:00:00,0,61510100,0.2757237411,243.7,90.4,1,1,1
B033,2023-04-04 15:00:00,0,61510100,0.1378618706,230.7,90.31,1,1,1
B033,2023-04-04 16:00:00,0,61510100,0,215.7,90.19,1,1,1
B033,2023-04-04 17:00:00,0,61510100,0,203.7,90.1,1,1,1
B033,2023-04-04 18:00:00,0,61510100,0.1136422852,163.7,89.76,1,1,1
B033,2023-04-04 19:00:00,0,61510100,0.2515041557,156.7,89.7,1,1,1
B033,2023-04-04 20:00:00,0,61510100,0,157.7,89.71,1,1,1
B033,2023-04-04 21:00:00,0,61510100,0,153.7,89.67,1,1,1
B033,2023-04-04 22:00:00,0,61510100,0.1136422852,146.7,89.6,1,1,1
B033,2023-04-04 23:00:00,0,61510100,0,140.9,89.54,1,1,1
B033,2023-04-05 00:00:00,0,61510100,0.1378618706,134.2,89.47,1,1,1
B033,2023-04-05 01:00:00,0,61510100,0,128.6,89.41,1,1,1
B033,2023-04-05 02:00:00,0,61510100,0,122.4,89.34,1,1,1
B033,2023-04-05 03:00:00,0,61510100,0,117.9,89.29,1,1,1
B033,2023-04-05 04:00:00,0,61510100,0,113.7,89.24,1,1,1
B033,2023-04-05 05:00:00,0,61510100,0,109.5,89.19,1,1,1
B033,2023-04-05 06:00:00,0,61510100,0,106.2,89.15,1,1,1
B033,2023-04-05 07:00:00,0,61510100,6.60169429,102.9,89.11,1,1,1
B033,2023-04-05 08:00:00,0,61510100,0,134,89.07,1,1,1
B033,2023-04-05 09:00:00,0,61510100,0,131.7,89.04,1,1,1
B033,2023-04-05 10:00:00,0,61510100,0,129.3,89.01,1,1,1
B033,2023-04-05 11:00:00,0,61510100,0,126.2,88.97,1,1,1
B033,2023-04-05 12:00:00,0,61510100,0,123.9,88.94,1,1,1
B033,2023-04-05 13:00:00,0,61510100,0,121.7,88.91,1,1,1
B033,2023-04-05 14:00:00,0,61510100,0,119.5,88.88,1,1,1
B033,2023-04-05 15:00:00,0,61510100,0,118.1,88.86,1,1,1
B033,2023-04-05 16:00:00,0,61510100,0,116.8,88.84,1,1,1
B033,2023-04-05 17:00:00,0,61510100,2.377625523,115.4,88.82,1,1,1
B033,2023-04-05 18:00:00,0,61510100,1.735952835,114,88.8,1,1,1
B033,2023-04-05 19:00:00,0,61510100,8.91673282e-05,113.4,88.79,1,1,1
B033,2023-04-05 20:00:00,0,61510100,0.9816187029,112.2,88.77,1,1,1
B033,2023-04-05 21:00:00,0,61510100,2.433857151,112.2,88.77,1,1,1
B033,2023-04-05 22:00:00,0,61510100,0.3650572736,111.6,88.76,1,1,1
B033,2023-04-05 23:00:00,0,61510100,0.3407485209,112.2,88.77,1,1,1
B033,2023-04-06 00:00:00,0,61510100,0.6407810147,113.4,88.79,1,1,1
B033,2023-04-06 01:00:00,0,61510100,0.1135531178,115.4,88.82,1,1,1
B033,2023-04-06 02:00:00,0,61510100,0,117.4,88.85,1,1,1
B033,2023-04-06 03:00:00,0,61510100,8.91673282e-05,118.8,88.87,1,1,1
B033,2023-04-06 04:00:00,0,61510100,0,120.9,88.9,1,1,1
B033,2023-04-06 05:00:00,0,61510100,0.5030083115,120.9,88.9,1,1,1
B033,2023-04-06 06:00:00,0,61510100,2.263537402,121.7,88.91,1,1,1
B033,2023-04-06 07:00:00,0,61510100,10.40412721,123.2,88.93,1,1,1
B033,2023-04-06 08:00:00,0,61510100,4.015719177,116,88.96,1,1,1
B033,2023-04-06 09:00:00,0,61510100,1.233212026,119,89,1,1,1
B033,2023-04-06 10:00:00,0,61510100,0.7302037145,122.9,89.05,1,1,1
B033,2023-04-06 11:00:00,0,61510100,0.1379510379,127.7,89.11,1,1,1
B033,2023-04-06 12:00:00,0,61510100,0,133.5,89.18,1,1,1
B033,2023-04-06 13:00:00,0,61510100,0,139.3,89.25,1,1,1
B033,2023-04-06 14:00:00,0,61510100,0,145.4,89.32,1,1,1
B033,2023-04-06 15:00:00,0,61510100,0,149.8,89.37,1,1,1
B033,2023-04-06 16:00:00,0,61510100,0,154.4,89.42,1,1,1
B033,2023-04-06 17:00:00,0,61510100,0,159,89.47,1,1,1
B033,2023-04-06 18:00:00,0,61510100,0,160.9,89.49,1,1,1
B033,2023-04-06 19:00:00,0,61510100,0,162.8,89.51,1,1,1
B033,2023-04-06 20:00:00,0,61510100,0,161.8,89.5,1,1,1
B033,2023-04-06 21:00:00,0,61510100,0,160.9,89.49,1,1,1
B033,2023-04-06 22:00:00,0,61510100,0,159,89.47,1,1,1
B033,2023-04-06 23:00:00,0,61510100,0,156.2,89.44,1,1,1
B033,2023-04-07 00:00:00,0,61510100,0,153.4,89.41,1,1,1
B033,2023-04-07 01:00:00,0,61510100,0,149.8,89.37,1,1,1
B033,2023-04-07 02:00:00,0,61510100,0,146.3,89.33,1,1,1
B033,2023-04-07 03:00:00,0,61510100,0,141.9,89.28,1,1,1
B033,2023-04-07 04:00:00,0,61510100,0,139.3,89.25,1,1,1
B033,2023-04-07 05:00:00,0,61510100,0,135.9,89.21,1,1,1
B033,2023-04-07 06:00:00,0,61510100,0,132.6,89.17,1,1,1
B033,2023-04-07 07:00:00,0,61510100,9.356157546,130.2,89.14,1,1,1
B033,2023-04-07 08:00:00,0,61510100,0,139,89.1,1,1,1
B033,2023-04-11 23:00:00,0,61510100,0,31.1,88.26,1,1,1
B033,2023-04-12 00:00:00,0,61510100,0,30.5,88.24,1,1,1
B033,2023-04-12 01:00:00,0,61510100,8.91673282e-05,29.2,88.2,1,1,1
B033,2023-04-12 02:00:00,0,61510100,0,28.4,88.17,1,1,1
B033,2023-04-12 03:00:00,0,61510100,0,27.9,88.15,1,1,1
B033,2023-04-12 04:00:00,0,61510100,0,27.4,88.13,1,1,1
B033,2023-04-12 05:00:00,0,61510100,0,27.4,88.13,1,1,1
B033,2023-04-12 06:00:00,0,61510100,0,27.4,88.13,1,1,1
B033,2023-04-12 07:00:00,0,61510100,10.55637237,27.4,88.13,1,1,1
B033,2023-04-12 08:00:00,0,61510100,0,19.9,88.12,1,1,1
B033,2023-04-12 09:00:00,0,61510100,0,20.1,88.13,1,1,1
B033,2023-04-12 10:00:00,0,61510100,0,20.1,88.13,1,1,1
B033,2023-04-12 11:00:00,0,61510100,0,21.1,88.17,1,1,1
B033,2023-04-12 12:00:00,0,61510100,0,22.2,88.21,1,1,1
B033,2023-04-12 13:00:00,0,61510100,0,22.9,88.23,1,1,1
B033,2023-04-12 14:00:00,0,61510100,0,23.2,88.24,1,1,1
B033,2023-04-12 15:00:00,0,61510100,0,23.2,88.24,1,1,1
B033,2023-04-12 16:00:00,0,61510100,0,23.5,88.25,1,1,1
B033,2023-04-12 17:00:00,0,61510100,0,23.2,88.24,1,1,1
B033,2023-04-12 18:00:00,0,61510100,0,23.2,88.24,1,1,1
B033,2023-04-12 19:00:00,0,61510100,0,23.2,88.24,1,1,1
B033,2023-04-12 20:00:00,0,61510100,0,23.2,88.24,1,1,1
B033,2023-04-12 21:00:00,0,61510100,0,23.2,88.24,1,1,1
B033,2023-04-12 22:00:00,0,61510100,0,23.2,88.24,1,1,1
B033,2023-04-12 23:00:00,0,61510100,0,23.2,88.24,1,1,1
B033,2023-04-13 00:00:00,0,61510100,0,22.9,88.23,1,1,1
B033,2023-04-13 01:00:00,0,61510100,0,22.9,88.23,1,1,1
B033,2023-04-13 02:00:00,0,61510100,0,22.9,88.23,1,1,1
B033,2023-04-13 03:00:00,0,61510100,0,21.6,88.19,1,1,1
B033,2023-04-13 04:00:00,0,61510100,0.6406918474,20.9,88.16,1,1,1
B033,2023-04-13 05:00:00,0,61510100,1.809592432,20.1,88.13,1,1,1
B033,2023-04-13 06:00:00,0,61510100,1.712179087,19.9,88.12,1,1,1
B033,2023-04-13 07:00:00,0,61510100,7.154731647,19.9,88.12,1,1,1
B033,2023-04-13 08:00:00,0,61510100,1.922343044,19.9,88.12,1,1,1
B033,2023-04-13 09:00:00,0,61510100,0.1136422852,19.9,88.12,1,1,1
B033,2023-04-13 10:00:00,0,61510100,8.91673282e-05,19.9,88.12,1,1,1
B033,2023-04-13 11:00:00,0,61510100,0,20.1,88.13,1,1,1
B033,2023-04-13 12:00:00,0,61510100,0,20.1,88.13,1,1,1
B033,2023-04-13 13:00:00,0,61510100,0,20.6,88.15,1,1,1
B033,2023-04-13 14:00:00,0,61510100,0,24.8,88.29,1,1,1
B033,2023-04-13 15:00:00,0,61510100,0,29.9,88.43,1,1,1
B033,2023-04-13 16:00:00,0,61510100,0,36.6,88.58,1,1,1
B033,2023-04-13 17:00:00,0,61510100,0,44.2,88.72,1,1,1
B033,2023-04-13 18:00:00,0,61510100,0,49.7,88.81,1,1,1
B033,2023-04-13 19:00:00,0,61510100,0,51.1,88.83,1,1,1
B033,2023-04-13 20:00:00,0,61510100,0,50.4,88.82,1,1,1
B033,2023-04-13 21:00:00,0,61510100,0,48.4,88.79,1,1,1
B033,2023-04-13 22:00:00,0,61510100,0,46.6,88.76,1,1,1
B033,2023-04-13 23:00:00,0,61510100,3.992480432,45.4,88.74,1,1,1
B033,2023-04-14 00:00:00,0,61510100,1.88153785,44.2,88.72,1,1,1
B033,2023-04-14 01:00:00,0,61510100,1.102894964,44.2,88.72,1,1,1
B033,2023-04-14 02:00:00,0,61510100,0.0002675019846,44.8,88.73,1,1,1
B033,2023-04-14 03:00:00,0,61510100,5.35380019,46.6,88.76,1,1,1
B033,2023-04-14 04:00:00,0,61510100,0.1135531178,53.8,88.87,1,1,1
B033,2023-04-14 05:00:00,0,61510100,0,65.1,89.02,1,1,1
B033,2023-04-14 06:00:00,0,61510100,0.1378618706,80.4,89.21,1,1,1
B033,2023-04-14 07:00:00,0,61510100,26.02604843,115,89.59,1,1,1
B033,2023-04-14 08:00:00,0,61510100,0,302,89.96,1,1,1
B033,2023-04-14 09:00:00,0,61510100,0,333,90.2,1,1,1
B033,2023-04-14 10:00:00,0,61510100,0,350,90.33,1,1,1
B033,2023-04-14 11:00:00,0,61510100,0,368,90.45,1,1,1
B033,2023-04-14 12:00:00,0,61510100,1.135531178,,,1,0,0
B033,2023-04-14 13:00:00,0,61510100,0,343,90.28,1,1,1
B033,2023-04-14 14:00:00,0,61510100,0.1135531178,326,90.15,1,1,1
B033,2023-04-14 15:00:00,0,61510100,0.7299362125,312,90.04,1,1,1
B033,2023-04-14 16:00:00,0,61510100,0,293,89.88,1,1,1
B033,2023-04-14 17:00:00,0,61510100,0,282,89.78,1,1,1
B033,2023-04-14 18:00:00,0,61510100,2.563124059,276,89.73,1,1,1
B033,2023-04-14 19:00:00,0,61510100,2.903783412,271,89.68,1,1,1
B033,2023-04-14 20:00:00,0,61510100,0.5514474822,265,89.62,1,1,1
B033,2023-04-14 21:00:00,0,61510100,0.1135531178,260,89.57,1,1,1
B033,2023-04-14 22:00:00,0,61510100,0,254.3,89.51,1,1,1
B033,2023-04-14 23:00:00,0,61510100,0,251.4,89.48,1,1,1
B033,2023-04-15 00:00:00,0,61510100,0,247.7,89.44,1,1,1
B033,2023-04-15 01:00:00,0,61510100,0,244,89.4,1,1,1
B033,2023-04-15 02:00:00,0,61510100,0.1378618706,240.4,89.36,1,1,1
B033,2023-04-15 03:00:00,0,61510100,0,237.8,89.33,1,1,1
B033,2023-04-15 04:00:00,0,61510100,0,235.1,89.3,1,1,1
B033,2023-04-15 05:00:00,0,61510100,0,232.6,89.27,1,1,1
B033,2023-04-15 06:00:00,0,61510100,0,229.2,89.23,1,1,1
B033,2023-04-15 07:00:00,0,61510100,8.276362825,226.6,89.2,1,1,1
B033,2023-04-15 08:00:00,0,61510100,0,146,89.14,1,1,1
B033,2023-04-15 09:00:00,0,61510100,0,144.3,89.12,1,1,1
B033,2023-04-15 10:00:00,0,61510100,0,143.5,89.11,1,1,1
B033,2023-04-15 11:00:00,0,61510100,0,141.1,89.08,1,1,1
B033,2023-04-15 12:00:00,0,61510100,0,139.5,89.06,1,1,1
B033,2023-04-15 13:00:00,0,61510100,0,136.4,89.02,1,1,1
B033,2023-04-15 14:00:00,0,61510100,0,134.8,89,1,1,1
B033,2023-04-15 15:00:00,0,61510100,0,132.5,88.97,1,1,1
B033,2023-04-15 16:00:00,0,61510100,0,130.2,88.94,1,1,1
B033,2023-04-15 17:00:00,0,61510100,0,128,88.91,1,1,1
B033,2023-04-15 18:00:00,0,61510100,0,126.5,88.89,1,1,1
B033,2023-04-15 19:00:00,0,61510100,0,125.1,88.87,1,1,1
B033,2023-04-15 20:00:00,0,61510100,0,123.7,88.85,1,1,1
B033,2023-04-15 21:00:00,0,61510100,0,122.4,88.83,1,1,1
B033,2023-04-15 22:00:00,0,61510100,0,121,88.81,1,1,1
B033,2023-04-15 23:00:00,0,61510100,0,119.7,88.79,1,1,1
B033,2023-04-16 00:00:00,0,61510100,0,118.5,88.77,1,1,1
B033,2023-04-16 01:00:00,0,61510100,0,117.9,88.76,1,1,1
B033,2023-04-16 02:00:00,0,61510100,0,117.3,88.75,1,1,1
B033,2023-04-16 03:00:00,0,61510100,0,116.7,88.74,1,1,1
B033,2023-04-16 04:00:00,0,61510100,0,115.5,88.72,1,1,1
B033,2023-04-16 05:00:00,0,61510100,0,114.9,88.71,1,1,1
B033,2023-04-16 06:00:00,0,61510100,0,113.8,88.69,1,1,1
B033,2023-04-16 07:00:00,0,61510100,0,113.2,88.68,1,1,1
B033,2023-04-16 08:00:00,0,61510100,0,75.2,88.67,1,1,1
B033,2023-04-16 09:00:00,0,61510100,0,74.6,88.66,1,1,1
B033,2023-04-16 10:00:00,0,61510100,0,74.6,88.66,1,1,1
B033,2023-04-16 11:00:00,0,61510100,0,74.1,88.65,1,1,1
B033,2023-04-16 12:00:00,0,61510100,0,73.6,88.64,1,1,1
B033,2023-04-16 13:00:00,0,61510100,0,73,88.63,1,1,1
B033,2023-04-16 14:00:00,0,61510100,0,72.5,88.62,1,1,1
B033,2023-04-16 15:00:00,0,61510100,0,71.9,88.61,1,1,1
B033,2023-04-16 16:00:00,0,61510100,0,71.4,88.6,1,1,1
B033,2023-04-16 17:00:00,0,61510100,0,70.9,88.59,1,1,1
B033,2023-04-16 18:00:00,0,61510100,0,70.4,88.58,1,1,1
B033,2023-04-16 19:00:00,0,61510100,0,70,88.57,1,1,1
B033,2023-04-16 20:00:00,0,61510100,0,68.5,88.54,1,1,1
B033,2023-04-16 21:00:00,0,61510100,0,68,88.53,1,1,1
B033,2023-04-16 22:00:00,0,61510100,0,68,88.53,1,1,1
B033,2023-04-16 23:00:00,0,61510100,0,68,88.53,1,1,1
B033,2023-04-17 00:00:00,0,61510100,0,67.6,88.52,1,1,1
B033,2023-04-17 01:00:00,0,61510100,0,67.6,88.52,1,1,1
B033,2023-04-17 02:00:00,0,61510100,0,67.1,88.51,1,1,1
B033,2023-04-17 03:00:00,0,61510100,0,66.6,88.5,1,1,1
B033,2023-04-17 04:00:00,0,61510100,0,66.6,88.5,1,1,1
B033,2023-04-17 05:00:00,0,61510100,0,66.2,88.49,1,1,1
B033,2023-04-17 06:00:00,0,61510100,0,66.2,88.49,1,1,1
B033,2023-04-17 07:00:00,0,61510100,0,66.2,88.49,1,1,1
B033,2023-04-17 08:00:00,0,61510100,0,54,88.48,1,1,1
B033,2023-04-26 07:00:00,0,61510100,0.1136422852,75.9,88.62,1,1,1
B033,2023-04-26 08:00:00,0,61510100,0,69.4,88.62,1,1,1
B033,2023-04-26 09:00:00,0,61510100,0,69.4,88.62,1,1,1
B033,2023-04-26 10:00:00,0,61510100,0,69.4,88.62,1,1,1
B033,2023-04-26 11:00:00,0,61510100,0,68.8,88.61,1,1,1
B033,2023-04-26 12:00:00,0,61510100,0,68.8,88.61,1,1,1
B033,2023-04-26 13:00:00,0,61510100,0.1378618706,68.3,88.6,1,1,1
B033,2023-04-26 14:00:00,0,61510100,0,67.8,88.59,1,1,1
B033,2023-04-26 15:00:00,0,61510100,0,67.8,88.59,1,1,1
B033,2023-04-26 16:00:00,0,61510100,0,67.3,88.58,1,1,1
B033,2023-04-26 17:00:00,0,61510100,0,67.3,88.58,1,1,1
B033,2023-04-26 18:00:00,0,61510100,0,66.9,88.57,1,1,1
B033,2023-04-26 19:00:00,0,61510100,0,65.9,88.55,1,1,1
B033,2023-04-26 20:00:00,0,61510100,0,65.4,88.54,1,1,1
B033,2023-04-26 21:00:00,0,61510100,0,65.4,88.54,1,1,1
B033,2023-04-26 22:00:00,0,61510100,0,64.9,88.53,1,1,1
B033,2023-04-26 23:00:00,0,61510100,0,64.5,88.52,1,1,1
B033,2023-04-27 00:00:00,0,61510100,0,64.5,88.52,1,1,1
B033,2023-04-27 01:00:00,0,61510100,0,64,88.51,1,1,1
B033,2023-04-27 02:00:00,0,61510100,0,64,88.51,1,1,1
B033,2023-04-27 03:00:00,0,61510100,0,63.5,88.5,1,1,1
B033,2023-04-27 04:00:00,0,61510100,0,63.5,88.5,1,1,1
B033,2023-04-27 05:00:00,0,61510100,0,63.5,88.5,1,1,1
B033,2023-04-27 06:00:00,0,61510100,0,63.5,88.5,1,1,1
B033,2023-04-27 07:00:00,0,61510100,0.1378618706,63.5,88.5,1,1,1
B033,2023-04-27 08:00:00,0,61510100,0,55,88.49,1,1,1
B033,2023-04-27 09:00:00,0,61510100,0,55,88.49,1,1,1
B033,2023-04-27 10:00:00,0,61510100,0,55,88.49,1,1,1
B033,2023-04-27 11:00:00,0,61510100,0,55,88.49,1,1,1
B033,2023-04-27 12:00:00,0,61510100,0,55,88.49,1,1,1
B033,2023-04-27 13:00:00,0,61510100,0,54.6,88.48,1,1,1
B033,2023-04-27 14:00:00,0,61510100,0,54.6,88.48,1,1,1
B033,2023-04-27 15:00:00,0,61510100,0,54.6,88.48,1,1,1
B033,2023-04-27 16:00:00,0,61510100,0,54.6,88.48,1,1,1
B033,2023-04-27 17:00:00,0,61510100,0,54.6,88.48,1,1,1
B033,2023-04-27 18:00:00,0,61510100,0,54.6,88.48,1,1,1
B033,2023-04-27 19:00:00,0,61510100,0,54.6,88.48,1,1,1
B033,2023-04-27 20:00:00,0,61510100,0,54.6,88.48,1,1,1
B033,2023-04-27 21:00:00,0,61510100,0,54.6,88.48,1,1,1
B033,2023-04-27 22:00:00,0,61510100,0,54.2,88.47,1,1,1
B033,2023-04-27 23:00:00,0,61510100,0,54.2,88.47,1,1,1
B033,2023-04-28 00:00:00,0,61510100,0,54.2,88.47,1,1,1
B033,2023-04-28 01:00:00,0,61510100,0,53.8,88.46,1,1,1
B033,2023-04-28 02:00:00,0,61510100,0,53.8,88.46,1,1,1
B033,2023-04-28 03:00:00,0,61510100,0,53.8,88.46,1,1,1
B033,2023-04-28 04:00:00,0,61510100,0,53.4,88.45,1,1,1
B033,2023-04-28 05:00:00,0,61510100,0,53.4,88.45,1,1,1
B033,2023-04-28 06:00:00,0,61510100,0,53.4,88.45,1,1,1
B033,2023-04-28 07:00:00,0,61510100,0.1102894964,52.5,88.43,1,1,1
B033,2023-04-28 08:00:00,0,61510100,4.031323945,45.7,88.4,1,1,1
B033,2023-04-28 09:00:00,0,61510100,3.212410869,45.3,88.39,1,1,1
B033,2023-04-28 10:00:00,0,61510100,0.001337509923,45.3,88.39,1,1,1
B033,2023-04-28 11:00:00,0,61510100,0.8930876764,45.7,88.4,1,1,1
B033,2023-04-28 12:00:00,0,61510100,0.2515041557,45.7,88.4,1,1,1
B033,2023-04-28 13:00:00,0,61510100,0,45.7,88.4,1,1,1
B033,2023-04-28 14:00:00,0,61510100,0,46.1,88.41,1,1,1
B033,2023-04-28 15:00:00,0,61510100,0,46.9,88.43,1,1,1
B033,2023-04-28 16:00:00,0,61510100,0.1135531178,50.8,88.52,1,1,1
B033,2023-04-28 17:00:00,0,61510100,0.6166505966,54.6,88.6,1,1,1
B033,2023-04-28 18:00:00,0,61510100,0.640870182,58.4,88.67,1,1,1
B033,2023-04-28 19:00:00,0,61510100,0.5274062315,61.8,88.73,1,1,1
B033,2023-04-28 20:00:00,0,61510100,0.1379510379,64.2,88.77,1,1,1
B033,2023-04-28 21:00:00,0,61510100,0,67.4,88.82,1,1,1
B033,2023-04-28 22:00:00,0,61510100,1.005838288,69.4,88.85,1,1,1
B033,2023-04-28 23:00:00,0,61510100,0.413674779,70.8,88.87,1,1,1
B033,2023-04-29 00:00:00,0,61510100,0.1135531178,72.2,88.89,1,1,1
B033,2023-04-29 01:00:00,0,61510100,0.3652356082,72.9,88.9,1,1,1
B033,2023-04-29 02:00:00,0,61510100,0,72.9,88.9,1,1,1
B033,2023-04-29 03:00:00,0,61510100,8.91673282e-05,72.9,88.9,1,1,1
B033,2023-04-29 04:00:00,0,61510100,0,72.9,88.9,1,1,1
B033,2023-04-29 05:00:00,0,61510100,0,72.9,88.9,1,1,1
B033,2023-04-29 06:00:00,0,61510100,0,72.2,88.89,1,1,1
B033,2023-04-29 07:00:00,0,61510100,19.70766636,70.8,88.87,1,1,1
B033,2023-04-29 08:00:00,0,61510100,0,,,1,0,0
B033,2023-04-29 09:00:00,0,61510100,0.1378618706,68.8,88.84,1,1,1
B033,2023-04-29 10:00:00,0,61510100,0,68.1,88.83,1,1,1
B033,2023-04-29 11:00:00,0,61510100,0,67.4,88.82,1,1,1
B033,2023-04-29 12:00:00,0,61510100,0,67.4,88.82,1,1,1
B033,2023-04-29 13:00:00,0,61510100,0,66,88.8,1,1,1
B033,2023-04-29 14:00:00,0,61510100,8.91673282e-05,65.4,88.79,1,1,1
B033,2023-04-29 15:00:00,0,61510100,0,64.8,88.78,1,1,1
B033,2023-04-29 16:00:00,0,61510100,0,64.2,88.77,1,1,1
B033,2023-04-29 17:00:00,0,61510100,0,63,88.75,1,1,1
B033,2023-04-29 18:00:00,0,61510100,0,62.4,88.74,1,1,1
B033,2023-04-29 19:00:00,0,61510100,0,61.8,88.73,1,1,1
B033,2023-04-29 20:00:00,0,61510100,0,61.2,88.72,1,1,1
B033,2023-04-29 21:00:00,0,61510100,0,60.6,88.71,1,1,1
B033,2023-04-29 22:00:00,0,61510100,0,59.5,88.69,1,1,1
B033,2023-04-29 23:00:00,0,61510100,0,58.9,88.68,1,1,1
B033,2023-04-30 00:00:00,0,61510100,0,57.8,88.66,1,1,1
B033,2023-04-30 01:00:00,0,61510100,0,56.8,88.64,1,1,1
B033,2023-04-30 02:00:00,0,61510100,0,55.7,88.62,1,1,1
B033,2023-04-30 03:00:00,0,61510100,0,55.1,88.61,1,1,1
B033,2023-04-30 04:00:00,0,61510100,0,54.6,88.6,1,1,1
B033,2023-04-30 05:00:00,0,61510100,0,54.1,88.59,1,1,1
B033,2023-04-30 06:00:00,0,61510100,0,54.1,88.59,1,1,1
B033,2023-04-30 07:00:00,0,61510100,0.1103786638,53.6,88.58,1,1,1
B033,2023-04-30 08:00:00,0,61510100,0,66.7,88.58,1,1,1
B033,2023-04-30 09:00:00,0,61510100,0,66.3,88.57,1,1,1
B033,2023-04-30 10:00:00,0,61510100,0,65.8,88.56,1,1,1
B033,2023-04-30 11:00:00,0,61510100,0,65.3,88.55,1,1,1
B033,2023-04-30 12:00:00,0,61510100,0,65.3,88.55,1,1,1
B033,2023-04-30 13:00:00,0,61510100,0,65.3,88.55,1,1,1
B033,2023-04-30 14:00:00,0,61510100,0,64.8,88.54,1,1,1
B033,2023-04-30 15:00:00,0,61510100,0,64.8,88.54,1,1,1
B033,2023-04-30 16:00:00,0,61510100,0,64.3,88.53,1,1,1
B033,2023-04-30 17:00:00,0,61510100,0,64.3,88.53,1,1,1
B033,2023-04-30 18:00:00,0,61510100,0,64.3,88.53,1,1,1
B033,2023-04-30 19:00:00,0,61510100,0,63.9,88.52,1,1,1
B033,2023-04-30 20:00:00,0,61510100,0,63.9,88.52,1,1,1
B033,2023-04-30 21:00:00,0,61510100,0,63.4,88.51,1,1,1
B033,2023-04-30 22:00:00,0,61510100,0,62.9,88.5,1,1,1
B033,2023-04-30 23:00:00,0,61510100,0,62.5,88.49,1,1,1
B033,2023-05-01 00:00:00,0,61510100,0,62.1,88.48,1,1,1
B033,2023-05-01 01:00:00,0,61510100,0,61.7,88.47,1,1,1
B033,2023-05-01 02:00:00,0,61510100,0,61.3,88.46,1,1,1
B033,2023-05-01 03:00:00,0,61510100,0,61.3,88.46,1,1,1
B033,2023-05-01 04:00:00,0,61510100,0,61.3,88.46,1,1,1
B033,2023-05-01 05:00:00,0,61510100,0,60.9,88.45,1,1,1
B033,2023-05-01 06:00:00,0,61510100,0,60.9,88.45,1,1,1
B033,2023-05-01 07:00:00,0,61510100,0,60.9,88.45,1,1,1
B033,2023-05-01 08:00:00,0,61510100,0,50.3,88.44,1,1,1
B033,2023-05-01 09:00:00,0,61510100,0,49.5,88.42,1,1,1
B033,2023-05-01 10:00:00,0,61510100,0,48,88.38,1,1,1
B033,2023-05-01 11:00:00,0,61510100,0,47.6,88.37,1,1,1
B033,2023-05-01 12:00:00,0,61510100,0,47.3,88.36,1,1,1
B033,2023-05-01 13:00:00,0,61510100,0,47.3,88.36,1,1,1
B033,2023-05-01 14:00:00,0,61510100,0,47.3,88.36,1,1,1
B033,2023-05-01 15:00:00,0,61510100,0,47.3,88.36,1,1,1
B033,2023-05-02 19:00:00,0,61510100,0,28.6,88.28,1,1,1
B033,2023-05-02 20:00:00,0,61510100,0,28.9,88.29,1,1,1
B033,2023-05-02 21:00:00,0,61510100,0,29.2,88.3,1,1,1
B033,2023-05-02 22:00:00,0,61510100,0,29.2,88.3,1,1,1
B033,2023-05-02 23:00:00,0,61510100,0,28.9,88.29,1,1,1
B033,2023-05-03 00:00:00,0,61510100,0,28.9,88.29,1,1,1
B033,2023-05-03 01:00:00,0,61510100,0,28.6,88.28,1,1,1
B033,2023-05-03 02:00:00,0,61510100,0,27.6,88.25,1,1,1
B033,2023-05-03 03:00:00,0,61510100,0,26.6,88.22,1,1,1
B033,2023-05-03 04:00:00,0,61510100,0,26.3,88.21,1,1,1
B033,2023-05-03 05:00:00,0,61510100,0,26,88.2,1,1,1
B033,2023-05-03 06:00:00,0,61510100,0,26,88.2,1,1,1
B033,2023-05-03 07:00:00,0,61510100,0,26,88.2,1,1,1
B033,2023-05-03 08:00:00,0,61510100,0,25.1,88.19,1,1,1
B033,2023-05-03 09:00:00,0,61510100,0,24.9,88.18,1,1,1
B033,2023-05-03 10:00:00,0,61510100,0,23.6,88.13,1,1,1
B033,2023-05-03 11:00:00,0,61510100,0,22.9,88.1,1,1,1
B033,2023-05-03 12:00:00,0,61510100,0,22.9,88.1,1,1,1
B033,2023-05-03 13:00:00,0,61510100,0,22.9,88.1,1,1,1
B033,2023-05-03 14:00:00,0,61510100,0,22.9,88.1,1,1,1
B033,2023-05-03 15:00:00,0,61510100,0,23.4,88.12,1,1,1
B033,2023-05-03 16:00:00,0,61510100,0,24.4,88.16,1,1,1
B033,2023-05-03 17:00:00,0,61510100,0,25.1,88.19,1,1,1
B033,2023-05-03 18:00:00,0,61510100,0,26.7,88.24,1,1,1
B033,2023-05-03 19:00:00,0,61510100,0,27.6,88.27,1,1,1
B033,2023-05-03 20:00:00,0,61510100,0,28.3,88.29,1,1,1
B033,2023-05-03 21:00:00,0,61510100,0,28.3,88.29,1,1,1
B033,2023-05-03 22:00:00,0,61510100,0,28.3,88.29,1,1,1
B033,2023-05-03 23:00:00,0,61510100,0,28.3,88.29,1,1,1
B033,2023-05-04 00:00:00,0,61510100,0,28.3,88.29,1,1,1
B033,2023-05-04 01:00:00,0,61510100,0,27.3,88.26,1,1,1
B033,2023-05-04 02:00:00,0,61510100,0,24.9,88.18,1,1,1
B033,2023-05-04 03:00:00,0,61510100,0,23.6,88.13,1,1,1
B033,2023-05-04 04:00:00,0,61510100,0,22.9,88.1,1,1,1
B033,2023-05-04 05:00:00,0,61510100,0,22.9,88.1,1,1,1
B033,2023-05-04 06:00:00,0,61510100,0,22.9,88.1,1,1,1
B033,2023-05-04 07:00:00,0,61510100,0,22.9,88.1,1,1,1
B033,2023-05-04 08:00:00,0,61510100,0,13.7,88.04,1,1,1
B033,2023-05-04 09:00:00,0,61510100,0,15,88.1,1,1,1
B033,2023-05-04 10:00:00,0,61510100,0,14.6,88.08,1,1,1
B033,2023-05-04 11:00:00,0,61510100,0,15.8,88.13,1,1,1
B033,2023-05-04 12:00:00,0,61510100,0,16.5,88.16,1,1,1
B033,2023-05-04 13:00:00,0,61510100,0,16.7,88.17,1,1,1
B033,2023-05-04 14:00:00,0,61510100,0,17,88.18,1,1,1
B033,2023-05-04 15:00:00,0,61510100,0,17,88.18,1,1,1
B033,2023-05-04 16:00:00,0,61510100,0,17,88.18,1,1,1
B033,2023-05-04 17:00:00,0,61510100,0,17,88.18,1,1,1
B033,2023-05-04 18:00:00,0,61510100,0,17,88.18,1,1,1
B033,2023-05-04 19:00:00,0,61510100,0.8921068358,16.7,88.17,1,1,1
B033,2023-05-04 20:00:00,0,61510100,5.417913443,16,88.14,1,1,1
B033,2023-05-04 21:00:00,0,61510100,8.419575891,15.8,88.13,1,1,1
B033,2023-05-04 22:00:00,0,61510100,0.1135531178,15.8,88.13,1,1,1
B033,2023-05-04 23:00:00,0,61510100,0.2285329129,16,88.14,1,1,1
B033,2023-05-05 00:00:00,0,61510100,10.00197292,15.8,88.13,1,1,1
B033,2023-05-05 01:00:00,0,61510100,8.371582557,16.7,88.17,1,1,1
B033,2023-05-05 02:00:00,0,61510100,5.206788498,24.7,88.41,1,1,1
B033,2023-05-05 03:00:00,0,61510100,1.832831177,39.8,88.72,1,1,1
B033,2023-05-05 04:00:00,0,61510100,0,86.4,89.33,1,1,1
B033,2023-05-05 05:00:00,0,61510100,0,252.6,90.69,1,1,1
B033,2023-05-05 06:00:00,0,61510100,0,386.6,91.38,1,1,1
B033,2023-05-05 07:00:00,0,61510100,60.58898664,511.6,91.8,1,1,1
B033,2023-05-05 08:00:00,0,61510100,0,780,91.96,1,1,1
B033,2023-05-05 09:00:00,0,61510100,0,795,92,1,1,1
B033,2023-05-05 10:00:00,0,61510100,0,788,91.98,1,1,1
B033,2023-05-05 11:00:00,0,61510100,0,739,91.84,1,1,1
B033,2023-05-05 12:00:00,0,61510100,0,676,91.64,1,1,1
B033,2023-05-05 13:00:00,0,61510100,0,596,91.36,1,1,1
B033,2023-05-05 14:00:00,0,61510100,0,532,91.09,1,1,1
B033,2023-05-05 15:00:00,0,61510100,0,489,90.83,1,1,1
B033,2023-05-05 16:00:00,0,61510100,0,454,90.6,1,1,1
B033,2023-05-05 17:00:00,0,61510100,0,427,90.42,1,1,1
B033,2023-05-05 18:00:00,0,61510100,1.095082653,405,90.26,1,1,1
B033,2023-05-05 19:00:00,0,61510100,0.3893660263,370,89.99,1,1,1
B033,2023-05-05 20:00:00,0,61510100,0.2271062357,360,89.91,1,1,1
B033,2023-05-05 21:00:00,0,61510100,0.2757237411,351,89.83,1,1,1
B033,2023-05-05 22:00:00,0,61510100,1.208814106,347,89.79,1,1,1
B033,2023-05-05 23:00:00,0,61510100,3.982458791,340,89.73,1,1,1
B033,2023-05-06 00:00:00,0,61510100,0.3649681062,335,89.68,1,1,1
B033,2023-05-06 01:00:00,0,61510100,0.45492581,331,89.64,1,1,1
B033,2023-05-06 02:00:00,0,61510100,0,329,89.62,1,1,1
B033,2023-05-06 03:00:00,0,61510100,0.7543341325,328,89.61,1,1,1
B033,2023-05-06 04:00:00,0,61510100,0,327,89.6,1,1,1
B033,2023-05-06 05:00:00,0,61510100,1.419334733,326,89.59,1,1,1
B033,2023-05-06 06:00:00,0,61510100,0.1136422852,327,89.6,1,1,1
B033,2023-05-06 07:00:00,0,61510100,4.265786377,327,89.6,1,1,1
B033,2023-05-06 08:00:00,0,61510100,0.1379510379,236,89.62,1,1,1
B033,2023-05-06 09:00:00,0,61510100,0.3893660263,238,89.64,1,1,1
B033,2023-05-06 10:00:00,0,61510100,6.231976583,242,89.68,1,1,1
B033,2023-05-06 11:00:00,0,61510100,3.058230892,251,89.76,1,1,1
B033,2023-05-06 12:00:00,0,61510100,0.2515041557,265,89.89,1,1,1
B033,2023-05-06 13:00:00,0,61510100,0,292,90.11,1,1,1
B033,2023-05-06 14:00:00,0,61510100,0,323,90.34,1,1,1
B033,2023-05-06 15:00:00,0,61510100,0.4135856117,347,90.51,1,1,1
B033,2023-05-06 16:00:00,0,61510100,0.1135531178,361,90.6,1,1,1
B033,2023-05-06 17:00:00,0,61510100,0.2273737377,373,90.68,1,1,1
B033,2023-05-06 18:00:00,0,61510100,1.119569741,399,90.85,1,1,1
B033,2023-05-06 19:00:00,0,61510100,0.3649681062,393,90.81,1,1,1
B033,2023-05-06 20:00:00,0,61510100,0.3893660263,385,90.76,1,1,1
B033,2023-05-06 21:00:00,0,61510100,0.1378618706,373,90.68,1,1,1
B033,2023-05-06 22:00:00,0,61510100,0.1378618706,357,90.57,1,1,1
B033,2023-05-06 23:00:00,0,61510100,0,341,90.47,1,1,1
B033,2023-05-07 00:00:00,0,61510100,0.1378618706,327,90.37,1,1,1
B033,2023-05-07 01:00:00,0,61510100,0,317,90.3,1,1,1
B033,2023-05-07 02:00:00,0,61510100,0.1135531178,316,90.29,1,1,1
B033,2023-05-07 03:00:00,0,61510100,0,307,90.22,1,1,1
B033,2023-05-07 04:00:00,0,61510100,0,297,90.15,1,1,1
B033,2023-05-07 05:00:00,0,61510100,0,291,90.1,1,1,1
B033,2023-05-07 06:00:00,0,61510100,0,278,90,1,1,1
B033,2023-05-07 07:00:00,0,61510100,20.59361691,262,89.86,1,1,1
B033,2023-05-07 08:00:00,0,61510100,0,280,89.85,1,1,1
B033,2023-05-18 03:00:00,0,61510100,0,40.9,88.52,1,1,1
B033,2023-05-18 04:00:00,0,61510100,0,40.4,88.51,1,1,1
B033,2023-05-18 05:00:00,0,61510100,0,39.9,88.5,1,1,1
B033,2023-05-18 06:00:00,0,61510100,0,39.5,88.49,1,1,1
B033,2023-05-18 07:00:00,0,61510100,8.91673282e-05,39.1,88.48,1,1,1
B033,2023-05-18 08:00:00,0,61510100,0,52.5,88.46,1,1,1
B033,2023-05-18 09:00:00,0,61510100,0,52.5,88.46,1,1,1
B033,2023-05-18 10:00:00,0,61510100,0,52.1,88.45,1,1,1
B033,2023-05-18 11:00:00,0,61510100,0,51.6,88.44,1,1,1
B033,2023-05-18 12:00:00,0,61510100,0,51.2,88.43,1,1,1
B033,2023-05-18 13:00:00,0,61510100,0,51.2,88.43,1,1,1
B033,2023-05-18 14:00:00,0,61510100,0,50.8,88.42,1,1,1
B033,2023-05-18 15:00:00,0,61510100,0,50.8,88.42,1,1,1
B033,2023-05-18 16:00:00,0,61510100,0,50.8,88.42,1,1,1
B033,2023-05-18 17:00:00,0,61510100,0,50.8,88.42,1,1,1
B033,2023-05-18 18:00:00,0,61510100,0,50.4,88.41,1,1,1
B033,2023-05-18 19:00:00,0,61510100,0,50.4,88.41,1,1,1
B033,2023-05-18 20:00:00,0,61510100,0,50.4,88.41,1,1,1
B033,2023-05-18 21:00:00,0,61510100,0,50,88.4,1,1,1
B033,2023-05-18 22:00:00,0,61510100,0,50,88.4,1,1,1
B033,2023-05-18 23:00:00,0,61510100,0,50,88.4,1,1,1
B033,2023-05-19 00:00:00,0,61510100,0,48.6,88.36,1,1,1
B033,2023-05-19 01:00:00,0,61510100,0,47.5,88.33,1,1,1
B033,2023-05-19 02:00:00,0,61510100,0,47.1,88.32,1,1,1
B033,2023-05-19 03:00:00,0,61510100,0,46.8,88.31,1,1,1
B033,2023-05-19 04:00:00,0,61510100,0,46.8,88.31,1,1,1
B033,2023-05-19 05:00:00,0,61510100,0,46.8,88.31,1,1,1
B033,2023-05-19 06:00:00,0,61510100,0,46.8,88.31,1,1,1
B033,2023-05-19 07:00:00,0,61510100,0,46.4,88.3,1,1,1
B033,2023-05-19 08:00:00,0,61510100,0,31.6,88.26,1,1,1
B033,2023-05-19 09:00:00,0,61510100,0,30.7,88.23,1,1,1
B033,2023-05-19 10:00:00,0,61510100,0,30.3,88.22,1,1,1
B033,2023-05-19 11:00:00,0,61510100,0,30,88.21,1,1,1
B033,2023-05-19 12:00:00,0,61510100,0,30,88.21,1,1,1
B033,2023-05-19 13:00:00,0,61510100,0,29.7,88.2,1,1,1
B033,2023-05-19 14:00:00,0,61510100,0,30,88.21,1,1,1
B033,2023-05-19 15:00:00,0,61510100,0,31.6,88.26,1,1,1
B033,2023-05-19 16:00:00,0,61510100,0,32.6,88.29,1,1,1
B033,2023-05-19 17:00:00,0,61510100,0,32.9,88.3,1,1,1
B033,2023-05-19 18:00:00,0,61510100,0,32.9,88.3,1,1,1
B033,2023-05-19 19:00:00,0,61510100,0,32.9,88.3,1,1,1
B033,2023-05-19 20:00:00,0,61510100,0,32.9,88.3,1,1,1
B033,2023-05-19 21:00:00,0,61510100,0,32.9,88.3,1,1,1
B033,2023-05-19 22:00:00,0,61510100,0,32.9,88.3,1,1,1
B033,2023-05-19 23:00:00,0,61510100,0,32.9,88.3,1,1,1
B033,2023-05-20 00:00:00,0,61510100,0,32.9,88.3,1,1,1
B033,2023-05-20 01:00:00,0,61510100,0,32.9,88.3,1,1,1
B033,2023-05-20 02:00:00,0,61510100,0,32.9,88.3,1,1,1
B033,2023-05-20 03:00:00,0,61510100,0.1378618706,32.6,88.29,1,1,1
B033,2023-05-20 04:00:00,0,61510100,0.1135531178,32.6,88.29,1,1,1
B033,2023-05-20 05:00:00,0,61510100,0,32.6,88.29,1,1,1
B033,2023-05-20 06:00:00,0,61510100,0,31.9,88.27,1,1,1
B033,2023-05-20 07:00:00,0,61510100,0.3341321107,30.7,88.23,1,1,1
B033,2023-05-20 08:00:00,0,61510100,0,26,88.2,1,1,1
B033,2023-05-20 09:00:00,0,61510100,0,24.2,88.13,1,1,1
B033,2023-05-20 10:00:00,0,61510100,0,23.3,88.09,1,1,1
B033,2023-05-20 11:00:00,0,61510100,0,24,88.12,1,1,1
B033,2023-05-20 12:00:00,0,61510100,0,25,88.16,1,1,1
B033,2023-05-20 13:00:00,0,61510100,0.2515933231,25.5,88.18,1,1,1
B033,2023-05-20 14:00:00,0,61510100,0,25.5,88.18,1,1,1
B033,2023-05-20 15:00:00,0,61510100,0.1135531178,25.7,88.19,1,1,1
B033,2023-05-20 16:00:00,0,61510100,0,26.3,88.21,1,1,1
B033,2023-05-20 17:00:00,0,61510100,0,27.9,88.26,1,1,1
B033,2023-05-20 18:00:00,0,61510100,0,28.6,88.28,1,1,1
B033,2023-05-20 19:00:00,0,61510100,0,28.9,88.29,1,1,1
B033,2023-05-20 20:00:00,0,61510100,8.91673282e-05,29.2,88.3,1,1,1
B033,2023-05-20 21:00:00,0,61510100,0,29.6,88.31,1,1,1
B033,2023-05-20 22:00:00,0,61510100,0,29.6,88.31,1,1,1
B033,2023-05-20 23:00:00,0,61510100,0,29.6,88.31,1,1,1
B033,2023-05-21 00:00:00,0,61510100,0,29.6,88.31,1,1,1
B033,2023-05-21 01:00:00,0,61510100,0.413674779,29.6,88.31,1,1,1
B033,2023-05-21 02:00:00,0,61510100,1.346408474,29.6,88.31,1,1,1
B033,2023-05-21 03:00:00,0,61510100,0,29.6,88.31,1,1,1
B033,2023-05-21 04:00:00,0,61510100,0.1135531178,29.6,88.31,1,1,1
B033,2023-05-21 05:00:00,0,61510100,8.91673282e-05,29.6,88.31,1,1,1
B033,2023-05-21 06:00:00,0,61510100,0,29.6,88.31,1,1,1
B033,2023-05-21 07:00:00,0,61510100,3.104363616,28.9,88.29,1,1,1
B033,2023-05-21 08:00:00,0,61510100,0.5274062315,,,1,0,0
B033,2023-05-21 09:00:00,0,61510100,8.91673282e-05,27.6,88.25,1,1,1
B033,2023-05-21 10:00:00,0,61510100,0,27,88.23,1,1,1
B033,2023-05-21 11:00:00,0,61510100,0.1378618706,26.3,88.21,1,1,1
B033,2023-05-21 12:00:00,0,61510100,0,26.3,88.21,1,1,1
B033,2023-05-21 13:00:00,0,61510100,0.2271062357,30.6,88.34,1,1,1
B033,2023-05-21 14:00:00,0,61510100,0,180.1,90.12,1,1,1
B033,2023-05-21 15:00:00,0,61510100,0.3407485209,267.1,90.73,1,1,1
B033,2023-05-21 16:00:00,0,61510100,2.467137391,301.1,90.96,1,1,1
B033,2023-05-21 17:00:00,0,61510100,2.254833417,336.1,91.14,1,1,1
B033,2023-05-21 18:00:00,0,61510100,8.91673282e-05,460.1,91.61,1,1,1
B033,2023-05-21 19:00:00,0,61510100,3.342301948,852.1,92.68,1,1,1
B033,2023-05-21 20:00:00,0,61510100,0.5920743419,,,1,0,0
B033,2023-05-21 21:00:00,0,61510100,8.91673282e-05,945.1,92.91,1,1,1
B033,2023-05-21 22:00:00,0,61510100,0.2757237411,993.1,93.01,1,1,1
B033,2023-05-21 23:00:00,0,61510100,0.389276859,970.1,92.96,1,1,1
B033,2023-05-22 00:00:00,0,61510100,0.389276859,908.1,92.82,1,1,1
B033,2023-05-22 01:00:00,0,61510100,0.2271062357,816.1,92.59,1,1,1
B033,2023-05-22 02:00:00,0,61510100,0.3650572736,688.1,92.27,1,1,1
B033,2023-05-22 03:00:00,0,61510100,0.1378618706,565.1,91.94,1,1,1
B033,2023-05-22 04:00:00,0,61510100,0.2514149884,451.1,91.58,1,1,1
B033,2023-05-22 05:00:00,0,61510100,0,362.1,91.26,1,1,1
B033,2023-05-22 06:00:00,0,61510100,0.2514149884,303.1,90.98,1,1,1
B033,2023-05-22 07:00:00,0,61510100,10.94894924,267.1,90.73,1,1,1
B033,2023-05-22 08:00:00,0,61510100,0,415,90.5,1,1,1
B033,2023-05-22 09:00:00,0,61510100,0,394,90.36,1,1,1
B033,2023-05-22 10:00:00,0,61510100,0,376,90.22,1,1,1
B033,2023-05-22 11:00:00,0,61510100,0,352,90.04,1,1,1
B033,2023-05-22 12:00:00,0,61510100,0,337,89.92,1,1,1
B033,2023-05-22 13:00:00,0,61510100,0,325,89.81,1,1,1
B033,2023-05-22 14:00:00,0,61510100,0,316,89.73,1,1,1
B033,2023-05-22 15:00:00,0,61510100,0,307,89.64,1,1,1
B033,2023-05-22 16:00:00,0,61510100,0,303,89.6,1,1,1
B033,2023-05-22 17:00:00,0,61510100,0,302,89.59,1,1,1
B033,2023-05-22 18:00:00,0,61510100,0,299,89.56,1,1,1
B033,2023-05-22 19:00:00,0,61510100,0,288.6,89.45,1,1,1
B033,2023-05-22 20:00:00,0,61510100,0,270.8,89.25,1,1,1
B033,2023-05-22 21:00:00,0,61510100,0,268.3,89.22,1,1,1
B033,2023-05-22 22:00:00,0,61510100,0,268.3,89.22,1,1,1
B033,2023-05-22 23:00:00,0,61510100,0,268.3,89.22,1,1,1
B033,2023-05-23 00:00:00,0,61510100,0,268.3,89.22,1,1,1
B033,2023-05-23 01:00:00,0,61510100,0,267.4,89.21,1,1,1
B033,2023-05-23 02:00:00,0,61510100,0,263.3,89.16,1,1,1
B033,2023-05-23 03:00:00,0,61510100,0,260.9,89.13,1,1,1
B033,2023-05-23 04:00:00,0,61510100,0,257.6,89.09,1,1,1
B033,2023-05-23 05:00:00,0,61510100,0,255.2,89.06,1,1,1
B033,2023-05-23 06:00:00,0,61510100,0,253.7,89.04,1,1,1
B033,2023-05-23 07:00:00,0,61510100,0.05514474822,251.3,89.01,1,1,1
B033,2023-05-23 08:00:00,0,61510100,0,127,89,1,1,1
B033,2023-05-23 09:00:00,0,61510100,0,127,89,1,1,1
B033,2023-05-23 10:00:00,0,61510100,0,124,88.96,1,1,1
B033,2023-05-23 11:00:00,0,61510100,0,121.7,88.93,1,1,1
B033,2023-05-23 12:00:00,0,61510100,0,120.2,88.91,1,1,1
B033,2023-05-23 13:00:00,0,61510100,0.1378618706,118,88.88,1,1,1
B033,2023-05-23 14:00:00,0,61510100,0.1135531178,117.3,88.87,1,1,1
B033,2023-05-23 15:00:00,0,61510100,0.2515933231,115.9,88.85,1,1,1
B033,2023-05-23 16:00:00,0,61510100,0.1135531178,115.3,88.84,1,1,1
B033,2023-05-23 17:00:00,0,61510100,0,114.6,88.83,1,1,1
B033,2023-05-23 18:00:00,0,61510100,0,113.9,88.82,1,1,1
B033,2023-05-23 19:00:00,0,61510100,0,111.3,88.78,1,1,1
B033,2023-05-23 20:00:00,0,61510100,0,110.7,88.77,1,1,1
B033,2023-05-23 21:00:00,0,61510100,0,110.7,88.77,1,1,1
B033,2023-05-23 22:00:00,0,61510100,0,110.1,88.76,1,1,1
B033,2023-05-23 23:00:00,0,61510100,0.1135531178,109.5,88.75,1,1,1
B033,2023-05-24 00:00:00,0,61510100,0.1379510379,109.5,88.75,1,1,1
B033,2023-05-24 01:00:00,0,61510100,0,108.9,88.74,1,1,1
B033,2023-05-24 02:00:00,0,61510100,0,108.9,88.74,1,1,1
B033,2023-05-24 03:00:00,0,61510100,0,108.9,88.74,1,1,1
B033,2023-05-24 04:00:00,0,61510100,0,108.3,88.73,1,1,1
B033,2023-05-24 05:00:00,0,61510100,0,108.3,88.73,1,1,1
B033,2023-05-24 06:00:00,0,61510100,0,107.7,88.72,1,1,1
B033,2023-05-24 07:00:00,0,61510100,1.005927456,107.7,88.72,1,1,1
B033,2023-05-24 08:00:00,0,61510100,0,83.2,88.7,1,1,1
B033,2023-06-19 07:00:00,0,61510100,0,7.3,88,1,1,1
B033,2023-06-19 08:00:00,0,61510100,0,7.28,87.93,1,1,1
B033,2023-06-19 09:00:00,0,61510100,0,8.5,88,1,1,1
B033,2023-06-19 10:00:00,0,61510100,0,8.5,88,1,1,1
B033,2023-06-19 11:00:00,0,61510100,0,8.5,88,1,1,1
B033,2023-06-19 12:00:00,0,61510100,0,8.5,88,1,1,1
B033,2023-06-19 13:00:00,0,61510100,2.019310553,8.5,88,1,1,1
B033,2023-06-19 14:00:00,0,61510100,2.757237411,8.5,88,1,1,1
B033,2023-06-19 15:00:00,0,61510100,0,8.5,88,1,1,1
B033,2023-06-19 16:00:00,0,61510100,0,8.5,88,1,1,1
B033,2023-06-19 17:00:00,0,61510100,0,8.8,88.01,1,1,1
B033,2023-06-19 18:00:00,0,61510100,0,9.4,88.04,1,1,1
B033,2023-06-19 19:00:00,0,61510100,0,10.3,88.08,1,1,1
B033,2023-06-19 20:00:00,0,61510100,0,11,88.11,1,1,1
B033,2023-06-19 21:00:00,0,61510100,0,11.5,88.13,1,1,1
B033,2023-06-19 22:00:00,0,61510100,0,11.7,88.14,1,1,1
B033,2023-06-19 23:00:00,0,61510100,0,11.7,88.14,1,1,1
B033,2023-06-20 00:00:00,0,61510100,0.1135531178,11.5,88.13,1,1,1
B033,2023-06-20 01:00:00,0,61510100,0,11.5,88.13,1,1,1
B033,2023-06-20 02:00:00,0,61510100,0.5682114259,11.5,88.13,1,1,1
B033,2023-06-20 03:00:00,0,61510100,0.2515041557,11,88.11,1,1,1
B033,2023-06-20 04:00:00,0,61510100,0,10.3,88.08,1,1,1
B033,2023-06-20 05:00:00,0,61510100,0,9.6,88.05,1,1,1
B033,2023-06-20 06:00:00,0,61510100,0,9.2,88.03,1,1,1
B033,2023-06-20 07:00:00,0,61510100,7.17837843,9,88.02,1,1,1
B033,2023-06-20 08:00:00,0,61510100,0,11.9,88.01,1,1,1
B033,2023-06-20 09:00:00,0,61510100,0.1380402052,11.7,88,1,1,1
B033,2023-06-20 10:00:00,0,61510100,4.292958762,11.7,88,1,1,1
B033,2023-06-20 11:00:00,0,61510100,13.94654918,11.7,88,1,1,1
B033,2023-06-20 12:00:00,0,61510100,4.381043952,12.1,88.02,1,1,1
B033,2023-06-20 13:00:00,0,61510100,1.622399718,12.5,88.04,1,1,1
B033,2023-06-20 14:00:00,0,61510100,0.1378618706,13.7,88.09,1,1,1
B033,2023-06-20 15:00:00,0,61510100,0,14.8,88.14,1,1,1
B033,2023-06-20 16:00:00,0,61510100,0,16.7,88.21,1,1,1
B033,2023-06-20 17:00:00,0,61510100,0,17.4,88.23,1,1,1
B033,2023-06-20 18:00:00,0,61510100,0,17.4,88.23,1,1,1
B033,2023-06-20 19:00:00,0,61510100,0,21.4,88.35,1,1,1
B033,2023-06-20 20:00:00,0,61510100,0,28.3,88.52,1,1,1
B033,2023-06-20 21:00:00,0,61510100,0,39.9,88.74,1,1,1
B033,2023-06-20 22:00:00,0,61510100,0,54.2,88.95,1,1,1
B033,2023-06-20 23:00:00,0,61510100,0,64.3,89.08,1,1,1
B033,2023-06-21 00:00:00,0,61510100,0,70,89.15,1,1,1
B033,2023-06-21 01:00:00,0,61510100,0,70.8,89.16,1,1,1
B033,2023-06-21 02:00:00,0,61510100,0,69.2,89.14,1,1,1
B033,2023-06-21 03:00:00,0,61510100,0,65.1,89.09,1,1,1
B033,2023-06-21 04:00:00,0,61510100,0,60.4,89.03,1,1,1
B033,2023-06-21 05:00:00,0,61510100,0,55.7,88.97,1,1,1
B033,2023-06-21 06:00:00,0,61510100,0,51.2,88.91,1,1,1
B033,2023-06-21 07:00:00,0,61510100,39.25569752,51.2,88.91,1,1,1
B033,2023-06-21 08:00:00,0,61510100,0,106,88.86,1,1,1
B033,2023-06-21 09:00:00,0,61510100,8.91673282e-05,97.7,88.73,1,1,1
B033,2023-06-21 10:00:00,0,61510100,0,95.4,88.69,1,1,1
B033,2023-06-21 11:00:00,0,61510100,0,94.8,88.68,1,1,1
B033,2023-06-21 12:00:00,0,61510100,0,93.7,88.66,1,1,1
B033,2023-06-21 13:00:00,0,61510100,0,92.1,88.63,1,1,1
B033,2023-06-21 14:00:00,0,61510100,0,91,88.61,1,1,1
B033,2023-06-21 15:00:00,0,61510100,0,90,88.59,1,1,1
B033,2023-06-21 16:00:00,0,61510100,0,89.1,88.57,1,1,1
B033,2023-06-21 17:00:00,0,61510100,0,87.6,88.54,1,1,1
B033,2023-06-21 18:00:00,0,61510100,1.557107436,86.7,88.52,1,1,1
B033,2023-06-21 19:00:00,0,61510100,3.365897362,85.7,88.5,1,1,1
B033,2023-06-21 20:00:00,0,61510100,1.784481173,85.7,88.5,1,1,1
B033,2023-06-21 21:00:00,0,61510100,0.2514149884,83.7,88.45,1,1,1
B033,2023-06-21 22:00:00,0,61510100,0,84.9,88.48,1,1,1
B033,2023-06-21 23:00:00,0,61510100,0,84.9,88.48,1,1,1
B033,2023-06-22 00:00:00,0,61510100,0,84.9,88.48,1,1,1
B033,2023-06-22 01:00:00,0,61510100,0,86.7,88.52,1,1,1
B033,2023-06-22 02:00:00,0,61510100,0,94.3,88.67,1,1,1
B033,2023-06-22 03:00:00,0,61510100,0,101.3,88.79,1,1,1
B033,2023-06-22 04:00:00,0,61510100,0,103.3,88.82,1,1,1
B033,2023-06-22 05:00:00,0,61510100,0.1378618706,103.3,88.82,1,1,1
B033,2023-06-22 06:00:00,0,61510100,1.257431611,100.7,88.78,1,1,1
B033,2023-06-22 07:00:00,0,61510100,6.569640932,98.9,88.75,1,1,1
B033,2023-06-22 08:00:00,0,61510100,1.234282034,87.4,88.73,1,1,1
B033,2023-06-22 09:00:00,0,61510100,2.636139484,86.8,88.72,1,1,1
B033,2023-06-22 10:00:00,0,61510100,1.281562029,85.6,88.7,1,1,1
B033,2023-06-22 11:00:00,0,61510100,0.2515933231,86.2,88.71,1,1,1
B033,2023-06-22 12:00:00,0,61510100,0.3652356082,86.8,88.72,1,1,1
B033,2023-06-22 13:00:00,0,61510100,8.91673282e-05,86.8,88.72,1,1,1
B033,2023-06-22 14:00:00,0,61510100,0,86.8,88.72,1,1,1
B033,2023-06-22 15:00:00,0,61510100,0.3650572736,82.4,88.64,1,1,1
B033,2023-06-22 16:00:00,0,61510100,0.5514474822,79.2,88.58,1,1,1
B033,2023-06-22 17:00:00,0,61510100,0.1378618706,78.3,88.56,1,1,1
B033,2023-06-22 18:00:00,0,61510100,0.1137314525,77.8,88.55,1,1,1
B033,2023-06-22 19:00:00,0,61510100,1.274819726,78.8,88.57,1,1,1
B033,2023-06-22 20:00:00,0,61510100,1.615568247,79.7,88.59,1,1,1
B033,2023-06-22 21:00:00,0,61510100,1.071219737,81.3,88.62,1,1,1
B033,2023-06-22 22:00:00,0,61510100,0.227195403,83.4,88.66,1,1,1
B033,2023-06-22 23:00:00,0,61510100,0,88,88.74,1,1,1
B033,2023-06-23 00:00:00,0,61510100,0,92.3,88.81,1,1,1
B033,2023-06-23 01:00:00,0,61510100,8.91673282e-05,96.4,88.87,1,1,1
B033,2023-06-23 02:00:00,0,61510100,0.2514149884,100.8,88.93,1,1,1
B033,2023-06-23 03:00:00,0,61510100,0,104.6,88.98,1,1,1
B033,2023-06-23 04:00:00,0,61510100,0.1379510379,106.9,89.01,1,1,1
B033,2023-06-23 05:00:00,0,61510100,0,109.3,89.04,1,1,1
B033,2023-06-23 06:00:00,0,61510100,8.91673282e-05,111.6,89.07,1,1,1
B033,2023-06-23 07:00:00,0,61510100,21.79197221,113.2,89.09,1,1,1
B033,2023-06-23 08:00:00,0,61510100,0,143,89.1,1,1,1
B033,2023-06-23 09:00:00,0,61510100,0,142.2,89.09,1,1,1
B033,2023-06-23 10:00:00,0,61510100,0,140.6,89.07,1,1,1
B033,2023-06-29 07:00:00,0,61510100,0,24.2,88.08,1,1,1
B033,2023-06-29 08:00:00,0,61510100,0,21.7,88.15,1,1,1
B033,2023-06-29 09:00:00,0,61510100,0,22.5,88.18,1,1,1
B033,2023-06-29 10:00:00,0,61510100,0,23.3,88.21,1,1,1
B033,2023-06-29 11:00:00,0,61510100,0,23.3,88.21,1,1,1
B033,2023-06-29 12:00:00,0,61510100,0,23.3,88.21,1,1,1
B033,2023-06-29 13:00:00,0,61510100,0,23.3,88.21,1,1,1
B033,2023-06-29 14:00:00,0,61510100,0,23.3,88.21,1,1,1
B033,2023-06-29 15:00:00,0,61510100,0,23.3,88.21,1,1,1
B033,2023-06-29 16:00:00,0,61510100,0,23.3,88.21,1,1,1
B033,2023-06-29 17:00:00,0,61510100,0,23.6,88.22,1,1,1
B033,2023-06-29 18:00:00,0,61510100,0,24.9,88.26,1,1,1
B033,2023-06-29 19:00:00,0,61510100,0,25.6,88.28,1,1,1
B033,2023-06-29 20:00:00,0,61510100,0,25.9,88.29,1,1,1
B033,2023-06-29 21:00:00,0,61510100,0,25.9,88.29,1,1,1
B033,2023-06-29 22:00:00,0,61510100,0,25.9,88.29,1,1,1
B033,2023-06-29 23:00:00,0,61510100,0,24.9,88.26,1,1,1
B033,2023-06-30 00:00:00,0,61510100,0,22.5,88.18,1,1,1
B033,2023-06-30 01:00:00,0,61510100,0,20.7,88.11,1,1,1
B033,2023-06-30 02:00:00,0,61510100,0,19.4,88.05,1,1,1
B033,2023-06-30 03:00:00,0,61510100,0,19,88.03,1,1,1
B033,2023-06-30 04:00:00,0,61510100,0,18.7,88.02,1,1,1
B033,2023-06-30 05:00:00,0,61510100,0,18.7,88.02,1,1,1
B033,2023-06-30 06:00:00,0,61510100,0,18.7,88.02,1,1,1
B033,2023-06-30 07:00:00,0,61510100,0,19.4,88.05,1,1,1
B033,2023-06-30 08:00:00,0,61510100,0,15.1,88.06,1,1,1
B033,2023-06-30 09:00:00,0,61510100,0,15.6,88.08,1,1,1
B033,2023-06-30 10:00:00,0,61510100,0,16.2,88.11,1,1,1
B033,2023-06-30 11:00:00,0,61510100,0,17.5,88.16,1,1,1
B033,2023-06-30 12:00:00,0,61510100,0.5028299768,18,88.18,1,1,1
B033,2023-06-30 13:00:00,0,61510100,2.839095448,18.2,88.19,1,1,1
B033,2023-06-30 14:00:00,0,61510100,1.135531178,18.5,88.2,1,1,1
B033,2023-06-30 15:00:00,0,61510100,3.398266074,18.5,88.2,1,1,1
B033,2023-06-30 16:00:00,0,61510100,5.465857317,18.5,88.2,1,1,1
B033,2023-06-30 17:00:00,0,61510100,0,19.5,88.23,1,1,1
B033,2023-06-30 18:00:00,0,61510100,0.1378618706,19.8,88.24,1,1,1
B033,2023-06-30 19:00:00,0,61510100,0,,88.24,1,0,1
B033,2023-06-30 20:00:00,0,61510100,0,20.1,88.25,1,1,1
B033,2023-06-30 21:00:00,0,61510100,0,20.1,88.25,1,1,1
B033,2023-06-30 22:00:00,0,61510100,0,19.8,88.24,1,1,1
B033,2023-06-30 23:00:00,0,61510100,0,19.8,88.24,1,1,1
B033,2023-07-01 00:00:00,0,61510100,0,19.5,88.23,1,1,1
B033,2023-07-01 01:00:00,0,61510100,0,19.5,88.23,1,1,1
B033,2023-07-01 02:00:00,0,61510100,0,19.5,88.23,1,1,1
B033,2023-07-01 03:00:00,0,61510100,0,19.5,88.23,1,1,1
B033,2023-07-01 04:00:00,0,61510100,0,19.5,88.23,1,1,1
B033,2023-07-01 05:00:00,0,61510100,0,19.5,88.23,1,1,1
B033,2023-07-01 06:00:00,0,61510100,0,19.1,88.22,1,1,1
B033,2023-07-01 07:00:00,0,61510100,13.75516561,19.1,88.22,1,1,1
B033,2023-07-01 08:00:00,0,61510100,0,26.8,88.21,1,1,1
B033,2023-07-01 09:00:00,0,61510100,0,26.8,88.21,1,1,1
B033,2023-07-01 10:00:00,0,61510100,0,26.8,88.21,1,1,1
B033,2023-07-01 11:00:00,0,61510100,0,26.8,88.21,1,1,1
B033,2023-07-01 12:00:00,0,61510100,0,26.8,88.21,1,1,1
B033,2023-07-01 13:00:00,0,61510100,0,26.8,88.21,1,1,1
B033,2023-07-01 14:00:00,0,61510100,0,26.5,88.2,1,1,1
B033,2023-07-01 15:00:00,0,61510100,0,26.5,88.2,1,1,1
B033,2023-07-01 16:00:00,0,61510100,0,26.2,88.19,1,1,1
B033,2023-07-01 17:00:00,0,61510100,0,26.2,88.19,1,1,1
B033,2023-07-01 18:00:00,0,61510100,0,25.5,88.16,1,1,1
B033,2023-07-01 19:00:00,0,61510100,0,24.7,88.13,1,1,1
B033,2023-07-01 20:00:00,0,61510100,0,24.2,88.11,1,1,1
B033,2023-07-01 21:00:00,0,61510100,0,24,88.1,1,1,1
B033,2023-07-01 22:00:00,0,61510100,0,23.8,88.09,1,1,1
B033,2023-07-01 23:00:00,0,61510100,0,23.8,88.09,1,1,1
B033,2023-07-02 00:00:00,0,61510100,0,23.6,88.08,1,1,1
B033,2023-07-02 01:00:00,0,61510100,0,23.6,88.08,1,1,1
B033,2023-07-02 02:00:00,0,61510100,0,23.6,88.08,1,1,1
B033,2023-07-02 03:00:00,0,61510100,0,23.8,88.09,1,1,1
B033,2023-07-02 04:00:00,0,61510100,0,24.2,88.11,1,1,1
B033,2023-07-02 05:00:00,0,61510100,0,25.5,88.16,1,1,1
B033,2023-07-02 06:00:00,0,61510100,0,26.2,88.19,1,1,1
B033,2023-07-02 07:00:00,0,61510100,0,26.5,88.2,1,1,1
B033,2023-07-02 08:00:00,0,61510100,0,26.8,88.21,1,1,1
B033,2023-07-02 09:00:00,0,61510100,0,26.8,88.21,1,1,1
B033,2023-07-02 10:00:00,0,61510100,0,26.8,88.21,1,1,1
B033,2023-07-02 11:00:00,0,61510100,0,26.8,88.21,1,1,1
B033,2023-07-02 12:00:00,0,61510100,0,26.5,88.2,1,1,1
B033,2023-07-02 13:00:00,0,61510100,0,,,1,0,0
B033,2023-07-02 14:00:00,0,61510100,0,26.5,88.2,1,1,1
B033,2023-07-02 15:00:00,0,61510100,0,26.5,88.2,1,1,1
B033,2023-07-02 16:00:00,0,61510100,0,26.5,88.2,1,1,1
B033,2023-07-02 17:00:00,0,61510100,0,26.5,88.2,1,1,1
B033,2023-07-02 18:00:00,0,61510100,0,26.5,88.2,1,1,1
B033,2023-07-02 19:00:00,0,61510100,0,26.8,88.21,1,1,1
B033,2023-07-02 20:00:00,0,61510100,0,27.8,88.24,1,1,1
B033,2023-07-02 21:00:00,0,61510100,0,28.4,88.26,1,1,1
B033,2023-07-02 22:00:00,0,61510100,0,28.7,88.27,1,1,1
B033,2023-07-02 23:00:00,0,61510100,0,28.7,88.27,1,1,1
B033,2023-07-03 00:00:00,0,61510100,0,28.4,88.26,1,1,1
B033,2023-07-03 01:00:00,0,61510100,0,28.4,88.26,1,1,1
B033,2023-07-03 02:00:00,0,61510100,0,28.4,88.26,1,1,1
B033,2023-07-03 03:00:00,0,61510100,0,28.4,88.26,1,1,1
B033,2023-07-03 04:00:00,0,61510100,0,27.1,88.22,1,1,1
B033,2023-07-03 05:00:00,0,61510100,0,26.5,88.2,1,1,1
B033,2023-07-03 06:00:00,0,61510100,0,26,88.18,1,1,1
B033,2023-07-03 07:00:00,0,61510100,0,26,88.18,1,1,1
B033,2023-07-03 08:00:00,0,61510100,0,23.4,88.17,1,1,1
B033,2023-07-04 07:00:00,0,61510100,0,23.2,88.16,1,1,1
B033,2023-07-04 08:00:00,0,61510100,0,22.5,88.16,1,1,1
B033,2023-07-04 09:00:00,0,61510100,0,22.5,88.16,1,1,1
B033,2023-07-04 10:00:00,0,61510100,0,22,88.14,1,1,1
B033,2023-07-04 11:00:00,0,61510100,0,21,88.1,1,1,1
B033,2023-07-04 12:00:00,0,61510100,0,20.6,88.08,1,1,1
B033,2023-07-04 13:00:00,0,61510100,0,20.1,88.06,1,1,1
B033,2023-07-04 14:00:00,0,61510100,0,19.7,88.04,1,1,1
B033,2023-07-04 15:00:00,0,61510100,0,19.7,88.04,1,1,1
B033,2023-07-04 16:00:00,0,61510100,0,19.5,88.03,1,1,1
B033,2023-07-04 17:00:00,0,61510100,0,19.5,88.03,1,1,1
B033,2023-07-04 18:00:00,0,61510100,0,19.3,88.02,1,1,1
B033,2023-07-04 19:00:00,0,61510100,0,19.3,88.02,1,1,1
B033,2023-07-04 20:00:00,0,61510100,0,19.3,88.02,1,1,1
B033,2023-07-04 21:00:00,0,61510100,0,18.8,88,1,1,1
B033,2023-07-04 22:00:00,0,61510100,0,18.8,88,1,1,1
B033,2023-07-04 23:00:00,0,61510100,3.156000907,18.8,88,1,1,1
B033,2023-07-05 00:00:00,0,61510100,2.207018418,19.3,88.02,1,1,1
B033,2023-07-05 01:00:00,0,61510100,8.559399442,19.3,88.02,1,1,1
B033,2023-07-05 02:00:00,0,61510100,0.9820645395,19.9,88.05,1,1,1
B033,2023-07-05 03:00:00,0,61510100,0.8922851704,19.7,88.04,1,1,1
B033,2023-07-05 04:00:00,0,61510100,0.1378618706,19.3,88.02,1,1,1
B033,2023-07-05 05:00:00,0,61510100,0,19.3,88.02,1,1,1
B033,2023-07-05 06:00:00,0,61510100,0.2515041557,19.3,88.02,1,1,1
B033,2023-07-05 07:00:00,0,61510100,26.42170657,19.3,88.02,1,1,1
B033,2023-07-05 08:00:00,0,61510100,0,14.4,88.05,1,1,1
B033,2023-07-05 09:00:00,0,61510100,0,16.2,88.13,1,1,1
B033,2023-07-05 10:00:00,0,61510100,0,17.5,88.18,1,1,1
B033,2023-07-05 11:00:00,0,61510100,0,18,88.2,1,1,1
B033,2023-07-05 12:00:00,0,61510100,0,18,88.2,1,1,1
B033,2023-07-05 13:00:00,0,61510100,0,18.6,88.22,1,1,1
B033,2023-07-05 14:00:00,0,61510100,0.1135531178,19,88.23,1,1,1
B033,2023-07-05 15:00:00,0,61510100,6.982337893,20.2,88.27,1,1,1
B033,2023-07-05 16:00:00,0,61510100,4.98794041,21.6,88.31,1,1,1
B033,2023-07-05 17:00:00,0,61510100,0,24.8,88.4,1,1,1
B033,2023-07-05 18:00:00,0,61510100,0,25.6,88.42,1,1,1
B033,2023-07-05 19:00:00,0,61510100,0,25.6,88.42,1,1,1
B033,2023-07-05 20:00:00,0,61510100,0,25.6,88.42,1,1,1
B033,2023-07-05 21:00:00,0,61510100,0,25.6,88.42,1,1,1
B033,2023-07-05 22:00:00,0,61510100,0,27.3,88.46,1,1,1
B033,2023-07-05 23:00:00,0,61510100,0,28.1,88.48,1,1,1
B033,2023-07-06 00:00:00,0,61510100,0,28.1,88.48,1,1,1
B033,2023-07-06 01:00:00,0,61510100,0,28.1,88.48,1,1,1
B033,2023-07-06 02:00:00,0,61510100,0,27.7,88.47,1,1,1
B033,2023-07-06 03:00:00,0,61510100,0,27.7,88.47,1,1,1
B033,2023-07-06 04:00:00,0,61510100,0,27.3,88.46,1,1,1
B033,2023-07-06 05:00:00,0,61510100,0,27.3,88.46,1,1,1
B033,2023-07-06 06:00:00,0,61510100,0,26.9,88.45,1,1,1
B033,2023-07-06 07:00:00,0,61510100,12.08383142,26.9,88.45,1,1,1
B033,2023-07-06 08:00:00,0,61510100,0,50.3,88.44,1,1,1
B033,2023-07-06 09:00:00,0,61510100,0,50.3,88.44,1,1,1
B033,2023-07-06 10:00:00,0,61510100,0,49.9,88.43,1,1,1
B033,2023-07-06 11:00:00,0,61510100,0,49.9,88.43,1,1,1
B033,2023-07-06 12:00:00,0,61510100,0,49.9,88.43,1,1,1
B033,2023-07-06 13:00:00,0,61510100,0,49.5,88.42,1,1,1
B033,2023-07-06 14:00:00,0,61510100,0,48,88.38,1,1,1
B033,2023-07-06 15:00:00,0,61510100,0,46.9,88.35,1,1,1
B033,2023-07-06 16:00:00,0,61510100,0,45.8,88.32,1,1,1
B033,2023-07-06 17:00:00,0,61510100,0,44.5,88.28,1,1,1
B033,2023-07-06 18:00:00,0,61510100,0,43.5,88.25,1,1,1
B033,2023-07-06 19:00:00,0,61510100,0,43.2,88.24,1,1,1
B033,2023-07-06 20:00:00,0,61510100,0,42.9,88.23,1,1,1
B033,2023-07-06 21:00:00,0,61510100,0,42.9,88.23,1,1,1
B033,2023-07-06 22:00:00,0,61510100,0,42.9,88.23,1,1,1
B033,2023-07-06 23:00:00,0,61510100,0,42.9,88.23,1,1,1
B033,2023-07-07 00:00:00,0,61510100,0,42.9,88.23,1,1,1
B033,2023-07-07 01:00:00,0,61510100,0,42.9,88.23,1,1,1
B033,2023-07-07 02:00:00,0,61510100,0,42.5,88.22,1,1,1
B033,2023-07-07 03:00:00,0,61510100,0,42.5,88.22,1,1,1
B033,2023-07-07 04:00:00,0,61510100,0,42.5,88.22,1,1,1
B033,2023-07-07 05:00:00,0,61510100,0,42.5,88.22,1,1,1
B033,2023-07-07 06:00:00,0,61510100,0,42.5,88.22,1,1,1
B033,2023-07-07 07:00:00,0,61510100,0,41.9,88.2,1,1,1
B033,2023-07-07 08:00:00,0,61510100,0,22.5,88.16,1,1,1
B033,2023-07-07 09:00:00,0,61510100,0,21.8,88.13,1,1,1
B033,2023-07-07 10:00:00,0,61510100,0,21.3,88.11,1,1,1
B033,2023-07-07 11:00:00,0,61510100,0,21,88.1,1,1,1
B033,2023-07-07 12:00:00,0,61510100,0,21,88.1,1,1,1
B033,2023-07-07 13:00:00,0,61510100,0,20.8,88.09,1,1,1
B033,2023-07-07 14:00:00,0,61510100,0,20.8,88.09,1,1,1
B033,2023-07-07 15:00:00,0,61510100,0,20.8,88.09,1,1,1
B033,2023-07-07 16:00:00,0,61510100,0,20.8,88.09,1,1,1
B033,2023-07-07 17:00:00,0,61510100,0,20.8,88.09,1,1,1
B033,2023-07-07 18:00:00,0,61510100,0,20.8,88.09,1,1,1
B033,2023-07-07 19:00:00,0,61510100,0,20.8,88.09,1,1,1
B033,2023-07-07 20:00:00,0,61510100,0,20.8,88.09,1,1,1
B033,2023-07-07 21:00:00,0,61510100,0,20.8,88.09,1,1,1
B033,2023-07-07 22:00:00,0,61510100,0,20.8,88.09,1,1,1
B033,2023-07-07 23:00:00,0,61510100,0,20.6,88.08,1,1,1
B033,2023-07-08 00:00:00,0,61510100,0,20.6,88.08,1,1,1
B033,2023-07-08 01:00:00,0,61510100,0,20.6,88.08,1,1,1
B033,2023-07-08 02:00:00,0,61510100,0,20.6,88.08,1,1,1
B033,2023-07-08 03:00:00,0,61510100,0,20.6,88.08,1,1,1
B033,2023-07-08 04:00:00,0,61510100,0,20.6,88.08,1,1,1
B033,2023-07-08 05:00:00,0,61510100,0,20.4,88.07,1,1,1
B033,2023-07-08 06:00:00,0,61510100,0,20.4,88.07,1,1,1
B033,2023-07-08 07:00:00,0,61510100,0,20.4,88.07,1,1,1
B033,2023-07-08 08:00:00,0,61510100,0,15.1,88.06,1,1,1
B033,2023-07-21 06:00:00,0,61510100,0,6.6,87.99,1,1,1
B033,2023-07-21 07:00:00,0,61510100,0,6.6,87.99,1,1,1
B033,2023-07-21 08:00:00,0,61510100,0,5.59,87.9,1,1,1
B033,2023-07-21 09:00:00,0,61510100,0,7.1,87.99,1,1,1
B033,2023-07-21 10:00:00,0,61510100,0,7.1,87.99,1,1,1
B033,2023-07-21 11:00:00,0,61510100,0,7.1,87.99,1,1,1
B033,2023-07-21 12:00:00,0,61510100,0,7.1,87.99,1,1,1
B033,2023-07-21 13:00:00,0,61510100,0,7.1,87.99,1,1,1
B033,2023-07-21 14:00:00,0,61510100,0,7.1,87.99,1,1,1
B033,2023-07-21 15:00:00,0,61510100,0,7.1,87.99,1,1,1
B033,2023-07-21 16:00:00,0,61510100,0,7.1,87.99,1,1,1
B033,2023-07-21 17:00:00,0,61510100,0,7.3,88,1,1,1
B033,2023-07-21 18:00:00,0,61510100,0,7.3,88,1,1,1
B033,2023-07-21 19:00:00,0,61510100,0,7.7,88.02,1,1,1
B033,2023-07-21 20:00:00,0,61510100,0,8.4,88.05,1,1,1
B033,2023-07-21 21:00:00,0,61510100,0,9.3,88.09,1,1,1
B033,2023-07-21 22:00:00,0,61510100,0,9.5,88.1,1,1,1
B033,2023-07-21 23:00:00,0,61510100,0,9.3,88.09,1,1,1
B033,2023-07-22 00:00:00,0,61510100,0,8.6,88.06,1,1,1
B033,2023-07-22 01:00:00,0,61510100,0,8,88.03,1,1,1
B033,2023-07-22 02:00:00,0,61510100,0,7.3,88,1,1,1
B033,2023-07-22 03:00:00,0,61510100,0,7.1,87.99,1,1,1
B033,2023-07-22 04:00:00,0,61510100,0,7.1,87.99,1,1,1
B033,2023-07-22 05:00:00,0,61510100,0,7.1,87.99,1,1,1
B033,2023-07-22 06:00:00,0,61510100,0,7.1,87.99,1,1,1
B033,2023-07-22 07:00:00,0,61510100,0,7.1,87.99,1,1,1
B033,2023-07-22 08:00:00,0,61510100,0,5.17,87.89,1,1,1
B033,2023-07-22 09:00:00,0,61510100,0,6.9,87.99,1,1,1
B033,2023-07-22 10:00:00,0,61510100,0,6.9,87.99,1,1,1
B033,2023-07-22 11:00:00,0,61510100,0,6.9,87.99,1,1,1
B033,2023-07-22 12:00:00,0,61510100,1.477438875,6.9,87.99,1,1,1
B033,2023-07-22 13:00:00,0,61510100,4.901371065,6.9,87.99,1,1,1
B033,2023-07-22 14:00:00,0,61510100,7.575551556,6.9,87.99,1,1,1
B033,2023-07-22 15:00:00,0,61510100,8.91673282e-05,6.9,87.99,1,1,1
B033,2023-07-22 16:00:00,0,61510100,0,7.3,88.01,1,1,1
B033,2023-07-22 17:00:00,0,61510100,0,7.5,88.02,1,1,1
B033,2023-07-22 18:00:00,0,61510100,0,8.3,88.06,1,1,1
B033,2023-07-22 19:00:00,0,61510100,0,8.8,88.08,1,1,1
B033,2023-07-22 20:00:00,0,61510100,0,8.8,88.08,1,1,1
B033,2023-07-22 21:00:00,0,61510100,0,9,88.09,1,1,1
B033,2023-07-22 22:00:00,0,61510100,0,9.2,88.1,1,1,1
B033,2023-07-22 23:00:00,0,61510100,0,9.2,88.1,1,1,1
B033,2023-07-23 00:00:00,0,61510100,0,9.2,88.1,1,1,1
B033,2023-07-23 01:00:00,0,61510100,0,9.2,88.1,1,1,1
B033,2023-07-23 02:00:00,0,61510100,0,10,88.13,1,1,1
B033,2023-07-23 03:00:00,0,61510100,0,12,88.21,1,1,1
B033,2023-07-23 04:00:00,0,61510100,0,13.9,88.27,1,1,1
B033,2023-07-23 05:00:00,0,61510100,0,15.6,88.32,1,1,1
B033,2023-07-23 06:00:00,0,61510100,0.5514474822,17.1,88.36,1,1,1
B033,2023-07-23 07:00:00,0,61510100,14.61618764,18.1,88.39,1,1,1
B033,2023-07-23 08:00:00,0,61510100,0,47.1,88.41,1,1,1
B033,2023-07-23 09:00:00,0,61510100,0,47.5,88.42,1,1,1
B033,2023-07-23 10:00:00,0,61510100,0,47.9,88.43,1,1,1
B033,2023-07-23 11:00:00,0,61510100,0,47.1,88.41,1,1,1
B033,2023-07-23 12:00:00,0,61510100,0,46.7,88.4,1,1,1
B033,2023-07-23 13:00:00,0,61510100,0,46,88.38,1,1,1
B033,2023-07-23 14:00:00,0,61510100,0,46,88.38,1,1,1
B033,2023-07-23 15:00:00,0,61510100,0,46,88.38,1,1,1
B033,2023-07-23 16:00:00,0,61510100,0,46,88.38,1,1,1
B033,2023-07-23 17:00:00,0,61510100,0,45.6,88.37,1,1,1
B033,2023-07-23 18:00:00,0,61510100,0,44.5,88.34,1,1,1
B033,2023-07-23 19:00:00,0,61510100,0,43.8,88.32,1,1,1
B033,2023-07-23 20:00:00,0,61510100,0,42.5,88.28,1,1,1
B033,2023-07-23 21:00:00,0,61510100,0,40.9,88.23,1,1,1
B033,2023-07-23 22:00:00,0,61510100,0,40.2,88.21,1,1,1
B033,2023-07-23 23:00:00,0,61510100,0,39.9,88.2,1,1,1
B033,2023-07-24 00:00:00,0,61510100,0,39.6,88.19,1,1,1
B033,2023-07-24 01:00:00,0,61510100,0,39.4,88.18,1,1,1
B033,2023-07-24 02:00:00,0,61510100,0,39.4,88.18,1,1,1
B033,2023-07-24 03:00:00,0,61510100,0,39.4,88.18,1,1,1
B033,2023-07-24 04:00:00,0,61510100,0,39.1,88.17,1,1,1
B033,2023-07-24 05:00:00,0,61510100,0,39.1,88.17,1,1,1
B033,2023-07-24 06:00:00,0,61510100,0,39.1,88.17,1,1,1
B033,2023-07-24 07:00:00,0,61510100,0,39.1,88.17,1,1,1
B033,2023-07-24 08:00:00,0,61510100,0,22.5,88.16,1,1,1
B033,2023-07-24 09:00:00,0,61510100,0,22.5,88.16,1,1,1
B033,2023-07-24 10:00:00,0,61510100,0,22.5,88.16,1,1,1
B033,2023-07-24 11:00:00,0,61510100,0,22.5,88.16,1,1,1
B033,2023-07-24 12:00:00,0,61510100,0,22,88.14,1,1,1
B033,2023-07-24 13:00:00,0,61510100,0,21,88.1,1,1,1
B033,2023-07-24 14:00:00,0,61510100,0,20.6,88.08,1,1,1
B033,2023-07-24 15:00:00,0,61510100,0,20.1,88.06,1,1,1
B033,2023-07-24 16:00:00,0,61510100,0,19.9,88.05,1,1,1
B033,2023-07-24 17:00:00,0,61510100,0,19.7,88.04,1,1,1
B033,2023-07-24 18:00:00,0,61510100,0,19.7,88.04,1,1,1
B033,2023-07-24 19:00:00,0,61510100,0,19.7,88.04,1,1,1
B033,2023-07-24 20:00:00,0,61510100,0.0001783346564,19.7,88.04,1,1,1
B033,2023-07-24 21:00:00,0,61510100,0.0003566693128,19.7,88.04,1,1,1
B033,2023-07-24 22:00:00,0,61510100,0,19.7,88.04,1,1,1
B033,2023-07-24 23:00:00,0,61510100,0,19.9,88.05,1,1,1
B033,2023-07-25 00:00:00,0,61510100,0,21,88.1,1,1,1
B033,2023-07-25 01:00:00,0,61510100,0,21.5,88.12,1,1,1
B033,2023-07-25 02:00:00,0,61510100,0,20.8,88.09,1,1,1
B033,2023-07-25 03:00:00,0,61510100,0,19.7,88.04,1,1,1
B033,2023-07-25 04:00:00,0,61510100,0,18.8,88,1,1,1
B033,2023-07-25 05:00:00,0,61510100,0,18.7,87.99,1,1,1
B033,2023-07-25 06:00:00,0,61510100,0,18.7,87.99,1,1,1
B033,2023-07-25 07:00:00,0,61510100,0.0005350039692,18.7,87.99,1,1,1
B033,2023-07-25 08:00:00,0,61510100,0,6.53,87.92,1,1,1
B033,2023-09-10 13:00:00,0,61510100,0,14.4,87.98,1,1,1
B033,2023-09-10 14:00:00,0,61510100,0,14.4,87.98,1,1,1
B033,2023-09-10 15:00:00,0,61510100,0,14.4,87.98,1,1,1
B033,2023-09-10 16:00:00,0,61510100,0,14.4,87.98,1,1,1
B033,2023-09-10 17:00:00,0,61510100,0,15.8,88.05,1,1,1
B033,2023-09-10 18:00:00,0,61510100,0,17,88.1,1,1,1
B033,2023-09-10 19:00:00,0,61510100,0,17.4,88.12,1,1,1
B033,2023-09-10 20:00:00,0,61510100,0,17.7,88.13,1,1,1
B033,2023-09-10 21:00:00,0,61510100,0,17.7,88.13,1,1,1
B033,2023-09-10 22:00:00,0,61510100,0,17.7,88.13,1,1,1
B033,2023-09-10 23:00:00,0,61510100,0,17.7,88.13,1,1,1
B033,2023-09-11 00:00:00,0,61510100,0,17.7,88.13,1,1,1
B033,2023-09-11 01:00:00,0,61510100,0,17,88.1,1,1,1
B033,2023-09-11 02:00:00,0,61510100,0,15.6,88.04,1,1,1
B033,2023-09-11 03:00:00,0,61510100,0,14.6,87.99,1,1,1
B033,2023-09-11 04:00:00,0,61510100,0,14.4,87.98,1,1,1
B033,2023-09-11 05:00:00,0,61510100,0,14.4,87.98,1,1,1
B033,2023-09-11 06:00:00,0,61510100,0,14.4,87.98,1,1,1
B033,2023-09-11 07:00:00,0,61510100,0,14.4,87.98,1,1,1
B033,2023-09-11 08:00:00,0,61510100,0,4.42,87.87,1,1,1
B033,2023-09-11 09:00:00,0,61510100,0,6.2,87.98,1,1,1
B033,2023-09-11 10:00:00,0,61510100,0,6.2,87.98,1,1,1
B033,2023-09-11 11:00:00,0,61510100,0,6.2,87.98,1,1,1
B033,2023-09-11 12:00:00,0,61510100,0,6.2,87.98,1,1,1
B033,2023-09-11 13:00:00,0,61510100,0,6.5,88,1,1,1
B033,2023-09-11 14:00:00,0,61510100,0,7.4,88.04,1,1,1
B033,2023-09-11 15:00:00,0,61510100,0,8.1,88.07,1,1,1
B033,2023-09-11 16:00:00,0,61510100,0,8.7,88.1,1,1,1
B033,2023-09-11 17:00:00,0,61510100,0,9,88.11,1,1,1
B033,2023-09-11 18:00:00,0,61510100,0,9,88.11,1,1,1
B033,2023-09-11 19:00:00,0,61510100,0,9.2,88.12,1,1,1
B033,2023-09-11 20:00:00,0,61510100,0,9.2,88.12,1,1,1
B033,2023-09-11 21:00:00,0,61510100,0,9.2,88.12,1,1,1
B033,2023-09-11 22:00:00,0,61510100,0,9.2,88.12,1,1,1
B033,2023-09-11 23:00:00,0,61510100,0,9,88.11,1,1,1
B033,2023-09-12 00:00:00,0,61510100,0,8.3,88.08,1,1,1
B033,2023-09-12 01:00:00,0,61510100,0,7,88.02,1,1,1
B033,2023-09-12 02:00:00,0,61510100,0,6.2,87.98,1,1,1
B033,2023-09-12 03:00:00,0,61510100,0,6.2,87.98,1,1,1
B033,2023-09-12 04:00:00,0,61510100,0,6.2,87.98,1,1,1
B033,2023-09-12 05:00:00,0,61510100,0,6.2,87.98,1,1,1
B033,2023-09-12 06:00:00,0,61510100,0,6.2,87.98,1,1,1
B033,2023-09-12 07:00:00,0,61510100,0,6.2,87.98,1,1,1
B033,2023-09-12 08:00:00,0,61510100,0,5.17,87.89,1,1,1
B033,2023-09-12 09:00:00,0,61510100,0,6.7,87.98,1,1,1
B033,2023-09-12 10:00:00,0,61510100,0,8.1,88.05,1,1,1
B033,2023-09-12 11:00:00,0,61510100,0,9.2,88.1,1,1,1
B033,2023-09-12 12:00:00,0,61510100,0,9.5,88.11,1,1,1
B033,2023-09-12 13:00:00,0,61510100,0.227195403,9.7,88.12,1,1,1
B033,2023-09-12 14:00:00,0,61510100,8.40729992,10,88.13,1,1,1
B033,2023-09-12 15:00:00,0,61510100,0.455460814,10,88.13,1,1,1
B033,2023-09-12 16:00:00,0,61510100,0.1141772891,10,88.13,1,1,1
B033,2023-09-12 17:00:00,0,61510100,2.157687574,9.5,88.11,1,1,1
B033,2023-09-12 18:00:00,0,61510100,0,8.6,88.07,1,1,1
B033,2023-09-12 19:00:00,0,61510100,0,7.5,88.02,1,1,1
B033,2023-09-12 20:00:00,0,61510100,0,6.9,87.99,1,1,1
B033,2023-09-12 21:00:00,0,61510100,0,7.7,88.03,1,1,1
B033,2023-09-12 22:00:00,0,61510100,0,8.8,88.08,1,1,1
B033,2023-09-12 23:00:00,0,61510100,0.1135531178,12.7,88.23,1,1,1
B033,2023-09-13 00:00:00,0,61510100,0.1135531178,16,88.33,1,1,1
B033,2023-09-13 01:00:00,0,61510100,0.1135531178,16.3,88.34,1,1,1
B033,2023-09-13 02:00:00,0,61510100,0.1136422852,14.9,88.3,1,1,1
B033,2023-09-13 03:00:00,0,61510100,0.1136422852,12.7,88.23,1,1,1
B033,2023-09-13 04:00:00,0,61510100,0,10.9,88.17,1,1,1
B033,2023-09-13 05:00:00,0,61510100,0,9.7,88.12,1,1,1
B033,2023-09-13 06:00:00,0,61510100,0.1135531178,9.5,88.11,1,1,1
B033,2023-09-13 07:00:00,0,61510100,24.92314191,13.9,88.27,1,1,1
B033,2023-09-13 08:00:00,0,61510100,0,52.2,88.46,1,1,1
B033,2023-09-13 09:00:00,0,61510100,0,56.7,88.56,1,1,1
B033,2023-09-13 10:00:00,0,61510100,0.1137314525,59.1,88.61,1,1,1
B033,2023-09-13 11:00:00,0,61510100,0.8927310071,59.1,88.61,1,1,1
B033,2023-09-13 12:00:00,0,61510100,0.9816187029,58.6,88.6,1,1,1
B033,2023-09-13 13:00:00,0,61510100,1.395471817,57.6,88.58,1,1,1
B033,2023-09-13 14:00:00,0,61510100,0.4786103914,56.2,88.55,1,1,1
B033,2023-09-13 15:00:00,0,61510100,0.2515041557,55.2,88.53,1,1,1
B033,2023-09-13 16:00:00,0,61510100,1.143700159,54.3,88.51,1,1,1
B033,2023-09-13 17:00:00,0,61510100,1.484627014,53.4,88.49,1,1,1
B033,2023-09-13 18:00:00,0,61510100,0.3893660263,53,88.48,1,1,1
B033,2023-09-13 19:00:00,0,61510100,0,52.6,88.47,1,1,1
B033,2023-09-13 20:00:00,0,61510100,0.3649681062,52.2,88.46,1,1,1
B033,2023-09-13 21:00:00,0,61510100,0,51.8,88.45,1,1,1
B033,2023-09-13 22:00:00,0,61510100,0.1378618706,51.8,88.45,1,1,1
B033,2023-09-13 23:00:00,0,61510100,0.1136422852,51.8,88.45,1,1,1
B033,2023-09-14 00:00:00,0,61510100,0,51.3,88.44,1,1,1
B033,2023-09-14 01:00:00,0,61510100,0,50.9,88.43,1,1,1
B033,2023-09-14 02:00:00,0,61510100,0,50.9,88.43,1,1,1
B033,2023-09-14 03:00:00,0,61510100,0.1378618706,50.5,88.42,1,1,1
B033,2023-09-14 04:00:00,0,61510100,8.91673282e-05,50.5,88.42,1,1,1
B033,2023-09-14 05:00:00,0,61510100,0.1135531178,50.1,88.41,1,1,1
B033,2023-09-14 06:00:00,0,61510100,0,49.7,88.4,1,1,1
B033,2023-09-14 07:00:00,0,61510100,8.688646496,49.7,88.4,1,1,1
B033,2023-09-14 08:00:00,0,61510100,0,45,88.39,1,1,1
B033,2023-09-14 09:00:00,0,61510100,0,45,88.39,1,1,1
B033,2023-09-14 10:00:00,0,61510100,0,45,88.39,1,1,1
B033,2023-09-14 11:00:00,0,61510100,0,45,88.39,1,1,1
B033,2023-09-14 12:00:00,0,61510100,0,45,88.39,1,1,1
B033,2023-09-14 13:00:00,0,61510100,0,44.7,88.38,1,1,1
B033,2023-09-14 14:00:00,0,61510100,0,44.7,88.38,1,1,1
B033,2023-09-14 15:00:00,0,61510100,0,44.3,88.37,1,1,1
B033,2023-09-14 16:00:00,0,61510100,0,44.3,88.37,1,1,1
B033,2023-09-14 17:00:00,0,61510100,0,44.3,88.37,1,1,1
B033,2023-09-14 18:00:00,0,61510100,0,44.3,88.37,1,1,1
B033,2023-09-14 19:00:00,0,61510100,0,44.3,88.37,1,1,1
B033,2023-09-14 20:00:00,0,61510100,0,44.3,88.37,1,1,1
B033,2023-09-14 21:00:00,0,61510100,0,44.3,88.37,1,1,1
B033,2023-09-14 22:00:00,0,61510100,0,44,88.36,1,1,1
B033,2023-09-14 23:00:00,0,61510100,0,44,88.36,1,1,1
B033,2023-09-15 00:00:00,0,61510100,0,44,88.36,1,1,1
B033,2023-09-15 01:00:00,0,61510100,0,44,88.36,1,1,1
B033,2023-09-15 02:00:00,0,61510100,0.1378618706,43.6,88.35,1,1,1
B033,2023-09-15 03:00:00,0,61510100,0,43.6,88.35,1,1,1
B033,2023-09-15 04:00:00,0,61510100,0,43.6,88.35,1,1,1
B033,2023-09-15 05:00:00,0,61510100,0,43.2,88.34,1,1,1
B033,2023-09-15 06:00:00,0,61510100,0,43.2,88.34,1,1,1
B033,2023-09-15 07:00:00,0,61510100,0.1102894964,42.9,88.33,1,1,1
B033,2023-09-15 08:00:00,0,61510100,0,34.5,88.29,1,1,1
B033,2023-09-15 09:00:00,0,61510100,0,34.2,88.28,1,1,1
B033,2023-09-15 10:00:00,0,61510100,0,32.9,88.24,1,1,1
B033,2023-09-15 11:00:00,0,61510100,0,31.9,88.21,1,1,1
B033,2023-09-15 12:00:00,0,61510100,0,31.9,88.21,1,1,1
B033,2023-09-15 13:00:00,0,61510100,0,32.6,88.23,1,1,1
B033,2023-09-15 14:00:00,0,61510100,0,32.9,88.24,1,1,1
B033,2023-09-15 15:00:00,0,61510100,0,32.9,88.24,1,1,1
B033,2023-09-15 16:00:00,0,61510100,0,32.9,88.24,1,1,1
B033,2023-09-15 17:00:00,0,61510100,0,32.9,88.24,1,1,1
B033,2023-09-15 18:00:00,0,61510100,0,32.9,88.24,1,1,1
B033,2023-09-15 19:00:00,0,61510100,0,32.9,88.24,1,1,1
B033,2023-09-15 20:00:00,0,61510100,0,32.6,88.23,1,1,1
B033,2023-09-15 21:00:00,0,61510100,0,31.9,88.21,1,1,1
B033,2023-09-15 22:00:00,0,61510100,0,31.3,88.19,1,1,1
B033,2023-09-15 23:00:00,0,61510100,0,30.8,88.17,1,1,1
B033,2023-09-16 00:00:00,0,61510100,0,30.3,88.15,1,1,1
B033,2023-09-16 01:00:00,0,61510100,0,30.1,88.14,1,1,1
B033,2023-09-16 02:00:00,0,61510100,0,28.9,88.09,1,1,1
B033,2023-09-16 03:00:00,0,61510100,0,27.6,88.03,1,1,1
B033,2023-09-16 04:00:00,0,61510100,0,26.7,87.99,1,1,1
B033,2023-09-16 05:00:00,0,61510100,0,26.5,87.98,1,1,1
B033,2023-09-16 06:00:00,0,61510100,0,26.5,87.98,1,1,1
B033,2023-09-16 07:00:00,0,61510100,0,26.5,87.98,1,1,1
B033,2023-09-16 08:00:00,0,61510100,0,6.53,87.92,1,1,1
B033,2024-03-17 07:00:00,0,61510100,4.663331662,7.29,88,1,1,1
B033,2024-03-17 08:00:00,0,61510100,0,5.59,87.9,1,1,1
B033,2024-03-17 09:00:00,0,61510100,0,7.29,88,1,1,1
B033,2024-03-17 10:00:00,0,61510100,0.3406593535,7.29,88,1,1,1
B033,2024-03-17 11:00:00,0,61510100,0.4785212241,7.29,88,1,1,1
B033,2024-03-17 12:00:00,0,61510100,1.484181178,7.29,88,1,1,1
B033,2024-03-17 13:00:00,0,61510100,0.3649681062,7.49,88.01,1,1,1
B033,2024-03-17 14:00:00,0,61510100,0.2757237411,7.69,88.02,1,1,1
B033,2024-03-17 15:00:00,0,61510100,0.3649681062,7.96,88.03,1,1,1
B033,2024-03-17 16:00:00,0,61510100,0.5271387295,8.19,88.04,1,1,1
B033,2024-03-17 17:00:00,0,61510100,0,8.59,88.06,1,1,1
B033,2024-03-17 18:00:00,0,61510100,0,10,88.12,1,1,1
B033,2024-03-17 19:00:00,0,61510100,0,11.2,88.17,1,1,1
B033,2024-03-17 20:00:00,0,61510100,0,11.7,88.19,1,1,1
B033,2024-03-17 21:00:00,0,61510100,0.2514149884,12,88.2,1,1,1
B033,2024-03-17 22:00:00,0,61510100,0,12.6,88.22,1,1,1
B033,2024-03-17 23:00:00,0,61510100,0,13.3,88.24,1,1,1
B033,2024-03-18 00:00:00,0,61510100,0,13.9,88.26,1,1,1
B033,2024-03-18 01:00:00,0,61510100,0,14.2,88.27,1,1,1
B033,2024-03-18 02:00:00,0,61510100,0,14.9,88.29,1,1,1
B033,2024-03-18 03:00:00,0,61510100,0.1378618706,15.6,88.31,1,1,1
B033,2024-03-18 04:00:00,0,61510100,0,16.3,88.33,1,1,1
B033,2024-03-18 05:00:00,0,61510100,0,17,88.35,1,1,1
B033,2024-03-18 06:00:00,0,61510100,0,17.7,88.37,1,1,1
B033,2024-03-18 07:00:00,0,61510100,4.225437297,18.8,88.4,1,1,1
B033,2024-03-18 08:00:00,0,61510100,0.1135531178,49.2,88.43,1,1,1
B033,2024-03-18 09:00:00,0,61510100,0.2514149884,49.6,88.44,1,1,1
B033,2024-03-18 10:00:00,0,61510100,0.2514149884,50.5,88.46,1,1,1
B033,2024-03-18 11:00:00,0,61510100,1.281383695,50.5,88.46,1,1,1
B033,2024-03-18 12:00:00,0,61510100,2.311352401,50.1,88.45,1,1,1
B033,2024-03-18 13:00:00,0,61510100,3.40625672,49.6,88.44,1,1,1
B033,2024-03-18 14:00:00,0,61510100,0.5028299768,50.1,88.45,1,1,1
B033,2024-03-18 15:00:00,0,61510100,0.1135531178,50.5,88.46,1,1,1
B033,2024-03-18 16:00:00,0,61510100,0.1135531178,50.9,88.47,1,1,1
B033,2024-03-18 17:00:00,0,61510100,0.1378618706,50.5,88.46,1,1,1
B033,2024-03-18 18:00:00,0,61510100,0.1135531178,51.3,88.48,1,1,1
B033,2024-03-18 19:00:00,0,61510100,0,52.1,88.5,1,1,1
B033,2024-03-18 20:00:00,0,61510100,0,53.1,88.52,1,1,1
B033,2024-03-18 21:00:00,0,61510100,0,53.5,88.53,1,1,1
B033,2024-03-18 22:00:00,0,61510100,0,52.6,88.51,1,1,1
B033,2024-03-18 23:00:00,0,61510100,0,52.1,88.5,1,1,1
B033,2024-03-19 00:00:00,0,61510100,0,52.6,88.51,1,1,1
B033,2024-03-19 01:00:00,0,61510100,0,53.1,88.52,1,1,1
B033,2024-03-19 02:00:00,0,61510100,0,53.1,88.52,1,1,1
B033,2024-03-19 03:00:00,0,61510100,0,53.5,88.53,1,1,1
B033,2024-03-19 04:00:00,0,61510100,0,53.5,88.53,1,1,1
B033,2024-03-19 05:00:00,0,61510100,0,54.5,88.55,1,1,1
B033,2024-03-19 06:00:00,0,61510100,0,55,88.56,1,1,1
B033,2024-03-19 07:00:00,0,61510100,8.486437615,55.5,88.57,1,1,1
B033,2024-03-19 08:00:00,0,61510100,0,66.7,88.58,1,1,1
B033,2024-03-19 09:00:00,0,61510100,0,67.2,88.59,1,1,1
B033,2024-03-19 10:00:00,0,61510100,0,67.2,88.59,1,1,1
B033,2024-03-19 11:00:00,0,61510100,0,66.3,88.57,1,1,1
B033,2024-03-19 12:00:00,0,61510100,0,65.8,88.56,1,1,1
B033,2024-03-19 13:00:00,0,61510100,0,65.3,88.55,1,1,1
B033,2024-03-19 14:00:00,0,61510100,0,64.3,88.53,1,1,1
B033,2024-03-19 15:00:00,0,61510100,0,64.3,88.53,1,1,1
B033,2024-03-19 16:00:00,0,61510100,0,63.9,88.52,1,1,1
B033,2024-03-19 17:00:00,0,61510100,0,62.5,88.49,1,1,1
B033,2024-03-19 18:00:00,0,61510100,0,61.7,88.47,1,1,1
B033,2024-03-19 19:00:00,0,61510100,0,61.3,88.46,1,1,1
B033,2024-03-19 20:00:00,0,61510100,0,61.3,88.46,1,1,1
B033,2024-03-19 21:00:00,0,61510100,0,60.9,88.45,1,1,1
B033,2024-03-19 22:00:00,0,61510100,0,59.6,88.42,1,1,1
B033,2024-03-19 23:00:00,0,61510100,0,58.8,88.4,1,1,1
B033,2024-03-20 00:00:00,0,61510100,0,58.1,88.38,1,1,1
B033,2024-03-20 01:00:00,0,61510100,0,57,88.35,1,1,1
B033,2024-03-20 02:00:00,0,61510100,0,56.3,88.33,1,1,1
B033,2024-03-20 03:00:00,0,61510100,0,56.3,88.33,1,1,1
B033,2024-03-20 04:00:00,0,61510100,0,55.9,88.32,1,1,1
B033,2024-03-20 05:00:00,0,61510100,0,55.9,88.32,1,1,1
B033,2024-03-20 06:00:00,0,61510100,0,55.9,88.32,1,1,1
B033,2024-03-20 07:00:00,0,61510100,0,55.9,88.32,1,1,1
B033,2024-03-20 08:00:00,0,61510100,0,37.6,88.32,1,1,1
B033,2024-03-20 09:00:00,0,61510100,0,38.3,88.34,1,1,1
B033,2024-03-20 10:00:00,0,61510100,0,38.3,88.34,1,1,1
B033,2024-03-20 11:00:00,0,61510100,0,,,1,0,0
B033,2024-03-20 12:00:00,0,61510100,0,37.6,88.32,1,1,1
B033,2024-03-20 13:00:00,0,61510100,0,36.9,88.3,1,1,1
B033,2024-03-20 14:00:00,0,61510100,0,36.6,88.29,1,1,1
B033,2024-03-20 15:00:00,0,61510100,0,36.6,88.29,1,1,1
B033,2024-03-20 16:00:00,0,61510100,0,35.9,88.27,1,1,1
B033,2024-03-20 17:00:00,0,61510100,0,35.6,88.26,1,1,1
B033,2024-03-20 18:00:00,0,61510100,0,35.6,88.26,1,1,1
B033,2024-03-20 19:00:00,0,61510100,0,36.3,88.28,1,1,1
B033,2024-03-20 20:00:00,0,61510100,0,36.6,88.29,1,1,1
B033,2024-03-20 21:00:00,0,61510100,0,36.6,88.29,1,1,1
B033,2024-03-20 22:00:00,0,61510100,0,36.9,88.3,1,1,1
B033,2024-03-20 23:00:00,0,61510100,0,36.9,88.3,1,1,1
B033,2024-03-21 00:00:00,0,61510100,0,36.6,88.29,1,1,1
B033,2024-03-21 01:00:00,0,61510100,0,35.6,88.26,1,1,1
B033,2024-03-21 02:00:00,0,61510100,0,34.3,88.22,1,1,1
B033,2024-03-21 03:00:00,0,61510100,0,34,88.21,1,1,1
B033,2024-03-21 04:00:00,0,61510100,0,33.7,88.2,1,1,1
B033,2024-03-21 05:00:00,0,61510100,0,33.7,88.2,1,1,1
B033,2024-03-21 06:00:00,0,61510100,0,33.7,88.2,1,1,1
B033,2024-03-21 07:00:00,0,61510100,0,33.4,88.19,1,1,1
B033,2024-03-21 08:00:00,0,61510100,0,25.1,88.19,1,1,1
B033,2024-03-30 21:00:00,0,61510100,12.0762173,21.5,88.07,1,1,1
B033,2024-03-30 22:00:00,0,61510100,0.47932373,22.9,88.13,1,1,1
B033,2024-03-30 23:00:00,0,61510100,0.7303820491,23.7,88.16,1,1,1
B033,2024-03-31 00:00:00,0,61510100,19.94218054,24.4,88.19,1,1,1
B033,2024-03-31 01:00:00,0,61510100,0.7787320526,27.6,88.29,1,1,1
B033,2024-03-31 02:00:00,0,61510100,0.2514149884,32.7,88.43,1,1,1
B033,2024-03-31 03:00:00,0,61510100,0,39.9,88.59,1,1,1
B033,2024-03-31 04:00:00,0,61510100,0,47,88.72,1,1,1
B033,2024-03-31 05:00:00,0,61510100,0,55.2,88.85,1,1,1
B033,2024-03-31 06:00:00,0,61510100,0,79.9,89.17,1,1,1
B033,2024-03-31 07:00:00,0,61510100,35.69201412,110,89.51,1,1,1
B033,2024-03-31 08:00:00,0,61510100,0,259,89.74,1,1,1
B033,2024-03-31 09:00:00,0,61510100,0,273,89.86,1,1,1
B033,2024-03-31 10:00:00,0,61510100,0,282,89.94,1,1,1
B033,2024-03-31 11:00:00,0,61510100,0,307,90.14,1,1,1
B033,2024-03-31 12:00:00,0,61510100,0,,,1,0,0
B033,2024-03-31 13:00:00,0,61510100,0,302,90.1,1,1,1
B033,2024-03-31 14:00:00,0,61510100,0,293,90.03,1,1,1
B033,2024-03-31 15:00:00,0,61510100,0,281,89.93,1,1,1
B033,2024-03-31 16:00:00,0,61510100,0,269,89.83,1,1,1
B033,2024-03-31 17:00:00,0,61510100,0,258,89.73,1,1,1
B033,2024-03-31 18:00:00,0,61510100,0,241,89.56,1,1,1
B033,2024-03-31 19:00:00,0,61510100,0,231,89.45,1,1,1
B033,2024-03-31 20:00:00,0,61510100,0,226,89.4,1,1,1
B033,2024-03-31 21:00:00,0,61510100,0,221,89.34,1,1,1
B033,2024-03-31 22:00:00,0,61510100,0,216,89.29,1,1,1
B033,2024-03-31 23:00:00,0,61510100,0,211,89.23,1,1,1
B033,2024-04-01 00:00:00,0,61510100,0,206,89.17,1,1,1
B033,2024-04-01 01:00:00,0,61510100,0,201,89.11,1,1,1
B033,2024-04-01 02:00:00,0,61510100,0,197,89.06,1,1,1
B033,2024-04-01 03:00:00,0,61510100,0,194,89.02,1,1,1
B033,2024-04-01 04:00:00,0,61510100,0,192,88.99,1,1,1
B033,2024-04-01 05:00:00,0,61510100,0,189,88.95,1,1,1
B033,2024-04-01 06:00:00,0,61510100,0,186,88.92,1,1,1
B033,2024-04-01 07:00:00,0,61510100,0,184,88.88,1,1,1
B033,2024-04-01 08:00:00,0,61510100,0,105,88.85,1,1,1
B033,2024-04-01 09:00:00,0,61510100,0,103,88.82,1,1,1
B033,2024-04-01 10:00:00,0,61510100,0,101,88.79,1,1,1
B033,2024-04-01 11:00:00,0,61510100,3.512443363,99.2,88.76,1,1,1
B033,2024-04-01 12:00:00,0,61510100,1.281562029,98.6,88.75,1,1,1
B033,2024-04-01 13:00:00,0,61510100,0.3894551936,98.6,88.75,1,1,1
B033,2024-04-01 14:00:00,0,61510100,0,98.6,88.75,1,1,1
B033,2024-04-01 15:00:00,0,61510100,0,99.2,88.76,1,1,1
B033,2024-04-01 16:00:00,0,61510100,0,100,88.78,1,1,1
B033,2024-04-01 17:00:00,0,61510100,0,102,88.8,1,1,1
B033,2024-04-01 18:00:00,0,61510100,0,102,88.81,1,1,1
B033,2024-04-01 19:00:00,0,61510100,0,102,88.81,1,1,1
B033,2024-04-01 20:00:00,0,61510100,0,102,88.81,1,1,1
B033,2024-04-01 21:00:00,0,61510100,0.6893093528,102,88.81,1,1,1
B033,2024-04-01 22:00:00,0,61510100,0.6166505966,103,88.82,1,1,1
B033,2024-04-01 23:00:00,0,61510100,0.1378618706,102,88.81,1,1,1
B033,2024-04-02 00:00:00,0,61510100,0,102,88.81,1,1,1
B033,2024-04-02 01:00:00,0,61510100,0,102,88.81,1,1,1
B033,2024-04-02 02:00:00,0,61510100,6.352985342,102,88.8,1,1,1
B033,2024-04-02 03:00:00,0,61510100,10.25939702,102,88.81,1,1,1
B033,2024-04-02 04:00:00,0,61510100,8.791197133,106,88.87,1,1,1
B033,2024-04-02 05:00:00,0,61510100,11.01364198,116,89,1,1,1
B033,2024-04-02 06:00:00,0,61510100,6.903238749,138,89.27,1,1,1
B033,2024-04-02 07:00:00,0,61510100,43.25740216,180,89.71,1,1,1
B033,2024-04-02 08:00:00,0,61510100,12.77976876,391,90.39,1,1,1
B033,2024-04-02 09:00:00,0,61510100,0.8930876764,716,91.87,1,1,1
B033,2024-04-02 10:00:00,0,61510100,8.91673282e-05,1000,92.62,1,1,1
B033,2024-04-02 11:00:00,0,61510100,5.320965787,,,1,0,0
B033,2024-04-02 12:00:00,0,61510100,5.83178641,1300,93.32,1,1,1
B033,2024-04-02 13:00:00,0,61510100,0.1140881218,,,1,0,0
B033,2024-04-02 14:00:00,0,61510100,0.0003566693128,1420,93.59,1,1,1
B033,2024-04-02 15:00:00,0,61510100,0.0002675019846,1470,93.71,1,1,1
B033,2024-04-02 16:00:00,0,61510100,1.05490163,1510,93.78,1,1,1
B033,2024-04-02 17:00:00,0,61510100,1.419602235,1360,93.81,1,1,1
B033,2024-04-02 18:00:00,0,61510100,2.035985329,1500,93.77,1,1,1
B033,2024-04-02 19:00:00,0,61510100,0.0001783346564,1470,93.7,1,1,1
B033,2024-04-02 20:00:00,0,61510100,0.0002675019846,1400,93.55,1,1,1
B033,2024-04-02 21:00:00,0,61510100,0.0001783346564,1310,93.33,1,1,1
B033,2024-04-02 22:00:00,0,61510100,8.91673282e-05,1190,93.07,1,1,1
B033,2024-04-02 23:00:00,0,61510100,8.91673282e-05,1070,92.79,1,1,1
B033,2024-04-03 00:00:00,0,61510100,0.0001783346564,963,92.52,1,1,1
B033,2024-04-03 01:00:00,0,61510100,8.91673282e-05,855,92.25,1,1,1
B033,2024-04-03 02:00:00,0,61510100,8.91673282e-05,744,91.95,1,1,1
B033,2024-04-03 03:00:00,0,61510100,8.91673282e-05,662,91.7,1,1,1
B033,2024-04-03 04:00:00,0,61510100,8.91673282e-05,590,91.46,1,1,1
B033,2024-04-03 05:00:00,0,61510100,0.0001783346564,539,91.27,1,1,1
B033,2024-04-03 06:00:00,0,61510100,0.0001783346564,495,91.07,1,1,1
B033,2024-04-03 07:00:00,0,61510100,33.49342737,463,90.87,1,1,1
B033,2024-04-03 08:00:00,0,61510100,0,464,90.72,1,1,1
B033,2024-04-03 09:00:00,0,61510100,0,443,90.58,1,1,1
B033,2024-04-03 10:00:00,0,61510100,0,425,90.46,1,1,1
B033,2024-04-03 11:00:00,0,61510100,0.1378618706,394,90.24,1,1,1
B033,2024-04-03 12:00:00,0,61510100,0,385,90.17,1,1,1
B033,2024-04-03 13:00:00,0,61510100,0,377,90.11,1,1,1
B033,2024-04-03 14:00:00,0,61510100,0.3406593535,368,90.04,1,1,1
B033,2024-04-03 15:00:00,0,61510100,0.9815295356,359,89.97,1,1,1
B033,2024-04-03 16:00:00,0,61510100,0.1379510379,351,89.9,1,1,1
B033,2024-04-03 17:00:00,0,61510100,0.2515933231,343,89.83,1,1,1
B033,2024-04-03 18:00:00,0,61510100,0.8678872504,339,89.79,1,1,1
B033,2024-04-03 19:00:00,0,61510100,0.2515041557,333,89.74,1,1,1
B033,2024-04-03 20:00:00,0,61510100,8.91673282e-05,328,89.69,1,1,1
B033,2024-04-03 21:00:00,0,61510100,0.0001783346564,321,89.62,1,1,1
B033,2024-04-03 22:00:00,0,61510100,0.1382185399,310,89.51,1,1,1
B033,2024-04-03 23:00:00,0,61510100,0.0001783346564,311,89.52,1,1,1
B033,2024-04-04 00:00:00,0,61510100,0.1136422852,310,89.51,1,1,1
B033,2024-04-04 01:00:00,0,61510100,0.1379510379,308,89.49,1,1,1
B033,2024-04-04 02:00:00,0,61510100,0.1378618706,306,89.46,1,1,1
B033,2024-04-04 03:00:00,0,61510100,0,303,89.43,1,1,1
B033,2024-04-04 04:00:00,0,61510100,0.3650572736,300,89.4,1,1,1
B033,2024-04-04 05:00:00,0,61510100,0,297,89.37,1,1,1
B033,2024-04-04 06:00:00,0,61510100,0,295,89.34,1,1,1
B033,2024-04-04 07:00:00,0,61510100,3.860558358,293,89.32,1,1,1
B033,2024-04-04 08:00:00,0,61510100,0,173,89.3,1,1,1
B033,2024-04-04 09:00:00,0,61510100,2.149270945,171,89.27,1,1,1
B033,2024-04-04 10:00:00,0,61510100,2.14944928,168,89.24,1,1,1
B033,2024-04-04 11:00:00,0,61510100,2.149360112,167,89.23,1,1,1
B033,2024-04-04 12:00:00,0,61510100,0.1380402052,167,89.23,1,1,1
B033,2024-04-04 13:00:00,0,61510100,8.91673282e-05,168,89.24,1,1,1
B033,2024-04-04 14:00:00,0,61510100,0.1139097872,171,89.27,1,1,1
B033,2024-04-04 15:00:00,0,61510100,0.1137314525,171,89.28,1,1,1
B033,2024-04-04 16:00:00,0,61510100,0.0001783346564,174,89.31,1,1,1
B033,2024-04-04 17:00:00,0,61510100,0.0002675019846,176,89.33,1,1,1
B033,2024-04-04 18:00:00,0,61510100,0.0001783346564,177,89.34,1,1,1
B033,2024-04-04 19:00:00,0,61510100,8.91673282e-05,178,89.36,1,1,1
B033,2024-04-04 20:00:00,0,61510100,0,180,89.38,1,1,1
B033,2024-04-04 21:00:00,0,61510100,0,182,89.4,1,1,1
B033,2024-04-04 22:00:00,0,61510100,0.1378618706,183,89.41,1,1,1
B033,2024-04-04 23:00:00,0,61510100,0,184,89.42,1,1,1
B033,2024-04-05 00:00:00,0,61510100,0,185,89.43,1,1,1
B033,2024-04-05 01:00:00,0,61510100,0,186,89.44,1,1,1
B033,2024-04-05 02:00:00,0,61510100,0,186,89.44,1,1,1
B033,2024-04-05 03:00:00,0,61510100,0,185,89.43,1,1,1
B033,2024-04-05 04:00:00,0,61510100,0,184,89.42,1,1,1
B033,2024-04-05 05:00:00,0,61510100,0,183,89.41,1,1,1
B033,2024-04-05 06:00:00,0,61510100,0,181,89.39,1,1,1
B033,2024-04-05 07:00:00,0,61510100,6.979998533,180,89.38,1,1,1
B033,2024-04-05 08:00:00,0,61510100,0,188,89.36,1,1,1
B033,2024-04-05 09:00:00,0,61510100,0,186,89.34,1,1,1
B033,2024-04-05 10:00:00,0,61510100,0,185,89.32,1,1,1
B033,2024-04-05 11:00:00,0,61510100,0,182,89.29,1,1,1
B033,2024-04-05 12:00:00,0,61510100,0,179,89.26,1,1,1
B033,2024-04-05 13:00:00,0,61510100,0,178,89.24,1,1,1
B033,2024-04-05 14:00:00,0,61510100,0,176,89.22,1,1,1
B033,2024-04-05 15:00:00,0,61510100,0,173,89.19,1,1,1
B033,2024-04-05 16:00:00,0,61510100,0,172,89.17,1,1,1
B033,2024-04-05 17:00:00,0,61510100,0,171,89.16,1,1,1
B033,2024-04-05 18:00:00,0,61510100,0.4786995587,169,89.14,1,1,1
B033,2024-04-05 19:00:00,0,61510100,0.3652356082,163,89.06,1,1,1
B033,2024-04-05 20:00:00,0,61510100,0,163,89.06,1,1,1
B033,2024-04-05 21:00:00,0,61510100,0,163,89.06,1,1,1
B033,2024-04-05 22:00:00,0,61510100,0,163,89.06,1,1,1
B033,2024-04-05 23:00:00,0,61510100,0,163,89.06,1,1,1
B033,2024-04-06 00:00:00,0,61510100,0,162,89.05,1,1,1
B033,2024-04-06 01:00:00,0,61510100,0,161,89.04,1,1,1
B033,2024-04-06 02:00:00,0,61510100,0,161,89.04,1,1,1
B033,2024-04-06 03:00:00,0,61510100,0,160,89.02,1,1,1
B033,2024-04-06 04:00:00,0,61510100,0,159,89.01,1,1,1
B033,2024-04-06 05:00:00,0,61510100,0,158,89,1,1,1
B033,2024-04-06 06:00:00,0,61510100,0,157,88.98,1,1,1
B033,2024-04-06 07:00:00,0,61510100,1.06451416,156,88.97,1,1,1
B033,2024-04-06 08:00:00,0,61510100,0,119,88.95,1,1,1
B033,2024-04-06 09:00:00,0,61510100,0,119,88.95,1,1,1
B033,2024-04-06 10:00:00,0,61510100,0,118,88.93,1,1,1
B033,2024-04-06 11:00:00,0,61510100,0,117,88.92,1,1,1
B033,2024-04-06 12:00:00,0,61510100,0,116,88.91,1,1,1
B033,2024-04-06 13:00:00,0,61510100,0,115,88.89,1,1,1
B033,2024-04-06 14:00:00,0,61510100,0,113,88.87,1,1,1
B033,2024-04-06 15:00:00,0,61510100,0,112,88.86,1,1,1
B033,2024-04-06 16:00:00,0,61510100,0,112,88.85,1,1,1
B033,2024-04-06 17:00:00,0,61510100,0,111,88.84,1,1,1
B033,2024-04-06 18:00:00,0,61510100,0,110,88.83,1,1,1
B033,2024-04-06 19:00:00,0,61510100,0,110,88.82,1,1,1
B033,2024-04-06 20:00:00,0,61510100,0,109,88.81,1,1,1
B033,2024-04-06 21:00:00,0,61510100,0,108,88.8,1,1,1
B033,2024-04-06 22:00:00,0,61510100,0,108,88.8,1,1,1
B033,2024-04-06 23:00:00,0,61510100,0,108,88.79,1,1,1
B033,2024-04-11 23:00:00,0,61510100,0,43.8,88.43,1,1,1
B033,2024-04-12 00:00:00,0,61510100,0,42.6,88.4,1,1,1
B033,2024-04-12 01:00:00,0,61510100,0,41.5,88.37,1,1,1
B033,2024-04-12 02:00:00,0,61510100,0,41.2,88.36,1,1,1
B033,2024-04-12 03:00:00,0,61510100,0,41.2,88.36,1,1,1
B033,2024-04-12 04:00:00,0,61510100,0,41.2,88.36,1,1,1
B033,2024-04-12 05:00:00,0,61510100,0,41.2,88.36,1,1,1
B033,2024-04-12 06:00:00,0,61510100,0,41.2,88.36,1,1,1
B033,2024-04-12 07:00:00,0,61510100,0.5580638924,41.2,88.36,1,1,1
B033,2024-04-12 08:00:00,0,61510100,0,39.7,88.34,1,1,1
B033,2024-04-12 09:00:00,0,61510100,0,38.7,88.31,1,1,1
B033,2024-04-12 10:00:00,0,61510100,8.91673282e-05,38,88.29,1,1,1
B033,2024-04-12 11:00:00,0,61510100,0,37.7,88.28,1,1,1
B033,2024-04-12 12:00:00,0,61510100,0,37.7,88.28,1,1,1
B033,2024-04-12 13:00:00,0,61510100,0,39,88.32,1,1,1
B033,2024-04-12 14:00:00,0,61510100,0,41.2,88.38,1,1,1
B033,2024-04-12 15:00:00,0,61510100,0,43.1,88.43,1,1,1
B033,2024-04-12 16:00:00,0,61510100,0,43.5,88.44,1,1,1
B033,2024-04-12 17:00:00,0,61510100,0,44,88.45,1,1,1
B033,2024-04-12 18:00:00,0,61510100,0,44,88.45,1,1,1
B033,2024-04-12 19:00:00,0,61510100,0,44,88.45,1,1,1
B033,2024-04-12 20:00:00,0,61510100,0,44,88.45,1,1,1
B033,2024-04-12 21:00:00,0,61510100,0,43.5,88.44,1,1,1
B033,2024-04-12 22:00:00,0,61510100,0,43.5,88.44,1,1,1
B033,2024-04-12 23:00:00,0,61510100,0,43.5,88.44,1,1,1
B033,2024-04-13 00:00:00,0,61510100,0,43.5,88.44,1,1,1
B033,2024-04-13 01:00:00,0,61510100,0,43.1,88.43,1,1,1
B033,2024-04-13 02:00:00,0,61510100,0,41.9,88.4,1,1,1
B033,2024-04-13 03:00:00,0,61510100,0,40.8,88.37,1,1,1
B033,2024-04-13 04:00:00,0,61510100,0,40.5,88.36,1,1,1
B033,2024-04-13 05:00:00,0,61510100,0,40.5,88.36,1,1,1
B033,2024-04-13 06:00:00,0,61510100,0,40.5,88.36,1,1,1
B033,2024-04-13 07:00:00,0,61510100,0.1312107536,40.5,88.36,1,1,1
B033,2024-04-13 08:00:00,0,61510100,0.1135531178,40.8,88.35,1,1,1
B033,2024-04-13 09:00:00,0,61510100,0,41.2,88.36,1,1,1
B033,2024-04-13 10:00:00,0,61510100,0,41.2,88.36,1,1,1
B033,2024-04-13 11:00:00,0,61510100,6.417118449,41.2,88.36,1,1,1
B033,2024-04-13 12:00:00,0,61510100,1.988081162,41.5,88.37,1,1,1
B033,2024-04-13 13:00:00,0,61510100,0.000445836641,41.9,88.38,1,1,1
B033,2024-04-13 14:00:00,0,61510100,8.91673282e-05,41.2,88.36,1,1,1
B033,2024-04-13 15:00:00,0,61510100,0,38.7,88.29,1,1,1
B033,2024-04-13 16:00:00,0,61510100,0,38,88.27,1,1,1
B033,2024-04-13 17:00:00,0,61510100,0,42.2,88.39,1,1,1
B033,2024-04-13 18:00:00,0,61510100,0,46.7,88.5,1,1,1
B033,2024-04-13 19:00:00,0,61510100,0,61.1,88.77,1,1,1
B033,2024-04-13 20:00:00,0,61510100,0,100,89.28,1,1,1
B033,2024-04-13 21:00:00,0,61510100,0,159,89.87,1,1,1
B033,2024-04-13 22:00:00,0,61510100,0,195,90.16,1,1,1
B033,2024-04-13 23:00:00,0,61510100,0.2515041557,213,90.3,1,1,1
B033,2024-04-14 00:00:00,0,61510100,8.91673282e-05,205,90.24,1,1,1
B033,2024-04-14 01:00:00,0,61510100,0,188,90.11,1,1,1
B033,2024-04-14 02:00:00,0,61510100,0,174,90,1,1,1
B033,2024-04-14 03:00:00,0,61510100,0,159,89.87,1,1,1
B033,2024-04-14 04:00:00,0,61510100,0,144,89.74,1,1,1
B033,2024-04-14 05:00:00,0,61510100,0,132,89.62,1,1,1
B033,2024-04-14 06:00:00,0,61510100,0,117,89.47,1,1,1
B033,2024-04-14 07:00:00,0,61510100,6.388652778,110,89.39,1,1,1
B033,2024-04-14 08:00:00,0,61510100,0.3893660263,181,89.37,1,1,1
B033,2024-04-14 09:00:00,0,61510100,0,181,89.37,1,1,1
B033,2024-04-14 10:00:00,0,61510100,0,181,89.37,1,1,1
B033,2024-04-14 11:00:00,0,61510100,0,183,89.39,1,1,1
B033,2024-04-14 12:00:00,0,61510100,0,184,89.4,1,1,1
B033,2024-04-14 13:00:00,0,61510100,0,183,89.39,1,1,1
B033,2024-04-14 14:00:00,0,61510100,0,181,89.37,1,1,1
B033,2024-04-14 15:00:00,0,61510100,0,178,89.33,1,1,1
B033,2024-04-14 16:00:00,0,61510100,0,173,89.28,1,1,1
B033,2024-04-14 17:00:00,0,61510100,0,169,89.23,1,1,1
B033,2024-04-14 18:00:00,0,61510100,0,166,89.19,1,1,1
B033,2024-04-14 19:00:00,0,61510100,0,162,89.15,1,1,1
B033,2024-04-14 20:00:00,0,61510100,0,159,89.11,1,1,1
B033,2024-04-14 21:00:00,0,61510100,0,157,89.08,1,1,1
B033,2024-04-14 22:00:00,0,61510100,0,154,89.05,1,1,1
B033,2024-04-14 23:00:00,0,61510100,0,152,89.02,1,1,1
B033,2024-04-15 00:00:00,0,61510100,0,149,88.99,1,1,1
B033,2024-04-15 01:00:00,0,61510100,0,148,88.97,1,1,1
B033,2024-04-15 02:00:00,0,61510100,0,146,88.95,1,1,1
B033,2024-04-15 03:00:00,0,61510100,0,145,88.93,1,1,1
B033,2024-04-15 04:00:00,0,61510100,0,143,88.91,1,1,1
B033,2024-04-15 05:00:00,0,61510100,0,142,88.89,1,1,1
B033,2024-04-15 06:00:00,0,61510100,0,141,88.87,1,1,1
B033,2024-04-15 07:00:00,0,61510100,0.5204876126,140,88.86,1,1,1
B033,2024-04-15 08:00:00,0,61510100,0,94.1,88.83,1,1,1
B033,2024-04-15 09:00:00,0,61510100,0,93.4,88.82,1,1,1
B033,2024-04-15 10:00:00,0,61510100,0,92,88.8,1,1,1
B033,2024-04-15 11:00:00,0,61510100,0,90.8,88.78,1,1,1
B033,2024-04-15 12:00:00,0,61510100,0,89.6,88.76,1,1,1
B033,2024-04-15 13:00:00,0,61510100,0,89,88.75,1,1,1
B033,2024-04-15 14:00:00,0,61510100,0,88.4,88.74,1,1,1
B033,2024-04-15 15:00:00,0,61510100,0,87.8,88.73,1,1,1
B033,2024-04-15 16:00:00,0,61510100,0,87.2,88.72,1,1,1
B033,2024-04-15 17:00:00,0,61510100,0,85.5,88.69,1,1,1
B033,2024-04-15 18:00:00,0,61510100,0,84.9,88.68,1,1,1
B033,2024-04-15 19:00:00,0,61510100,0,84.4,88.67,1,1,1
B033,2024-04-15 20:00:00,0,61510100,0,83.3,88.65,1,1,1
B033,2024-04-15 21:00:00,0,61510100,0,82.8,88.64,1,1,1
B033,2024-04-15 22:00:00,0,61510100,0,82.2,88.63,1,1,1
B033,2024-04-15 23:00:00,0,61510100,0,81.7,88.62,1,1,1
B033,2024-04-16 00:00:00,0,61510100,0,81.1,88.61,1,1,1
B033,2024-04-16 01:00:00,0,61510100,0,81.1,88.61,1,1,1
B033,2024-04-16 02:00:00,0,61510100,0,81.1,88.61,1,1,1
B033,2024-04-16 03:00:00,0,61510100,0,81.1,88.61,1,1,1
B033,2024-04-16 04:00:00,0,61510100,0,81.1,88.61,1,1,1
B033,2024-04-16 05:00:00,0,61510100,0.2764370797,81.1,88.61,1,1,1
B033,2024-04-16 06:00:00,0,61510100,0.9574882848,80.6,88.6,1,1,1
B033,2024-04-16 07:00:00,0,61510100,0.3894551936,80.1,88.59,1,1,1
B033,2024-04-16 08:00:00,0,61510100,0.413674779,55.7,88.52,1,1,1
B033,2024-04-16 09:00:00,0,61510100,0.1135531178,51.8,88.43,1,1,1
B033,2024-05-21 07:00:00,0,61510100,0,10.8,88.01,1,1,1
B033,2024-05-21 08:00:00,0,61510100,0,13.7,88.02,1,1,1
B033,2024-05-21 09:00:00,0,61510100,0,13.7,88.02,1,1,1
B033,2024-05-21 10:00:00,0,61510100,0,13.7,88.02,1,1,1
B033,2024-05-21 11:00:00,0,61510100,0,13.5,88.01,1,1,1
B033,2024-05-21 12:00:00,0,61510100,0,13.5,88.01,1,1,1
B033,2024-05-21 13:00:00,0,61510100,0,13.5,88.01,1,1,1
B033,2024-05-21 14:00:00,0,61510100,0,13.5,88.01,1,1,1
B033,2024-05-21 15:00:00,0,61510100,0,14.4,88.05,1,1,1
B033,2024-05-21 16:00:00,0,61510100,0,15.3,88.09,1,1,1
B033,2024-05-21 17:00:00,0,61510100,0,15.5,88.1,1,1,1
B033,2024-05-21 18:00:00,0,61510100,0,15.7,88.11,1,1,1
B033,2024-05-21 19:00:00,0,61510100,0,15.7,88.11,1,1,1
B033,2024-05-21 20:00:00,0,61510100,0,15.5,88.1,1,1,1
B033,2024-05-21 21:00:00,0,61510100,0,14.6,88.06,1,1,1
B033,2024-05-21 22:00:00,0,61510100,0,14,88.03,1,1,1
B033,2024-05-21 23:00:00,0,61510100,0,13.7,88.02,1,1,1
B033,2024-05-22 00:00:00,0,61510100,0,13.5,88.01,1,1,1
B033,2024-05-22 01:00:00,0,61510100,0,13.5,88.01,1,1,1
B033,2024-05-22 02:00:00,0,61510100,0,13.5,88.01,1,1,1
B033,2024-05-22 03:00:00,0,61510100,0,13.5,88.01,1,1,1
B033,2024-05-22 04:00:00,0,61510100,0,13.5,88.01,1,1,1
B033,2024-05-22 05:00:00,0,61510100,0,13.5,88.01,1,1,1
B033,2024-05-22 06:00:00,0,61510100,0,13.5,88.01,1,1,1
B033,2024-05-22 07:00:00,0,61510100,0,13.5,88.01,1,1,1
B033,2024-05-22 08:00:00,0,61510100,0,5.96,87.87,1,1,1
B033,2024-05-22 09:00:00,0,61510100,0,8.26,88.01,1,1,1
B033,2024-05-22 10:00:00,0,61510100,8.91673282e-05,8.26,88.01,1,1,1
B033,2024-05-22 11:00:00,0,61510100,0,8.28,88.01,1,1,1
B033,2024-05-22 12:00:00,0,61510100,0,8.28,88.01,1,1,1
B033,2024-05-22 13:00:00,0,61510100,0.5514474822,8.26,88.01,1,1,1
B033,2024-05-22 14:00:00,0,61510100,6.617369787,8.26,88.01,1,1,1
B033,2024-05-22 15:00:00,0,61510100,4.087238611,8.26,88.01,1,1,1
B033,2024-05-22 16:00:00,0,61510100,0.7056274598,8.76,88.03,1,1,1
B033,2024-05-22 17:00:00,0,61510100,0,8.96,88.04,1,1,1
B033,2024-05-22 18:00:00,0,61510100,0,8.96,88.04,1,1,1
B033,2024-05-22 19:00:00,0,61510100,0,9.16,88.05,1,1,1
B033,2024-05-22 20:00:00,0,61510100,0,8.96,88.04,1,1,1
B033,2024-05-22 21:00:00,0,61510100,0,8.96,88.04,1,1,1
B033,2024-05-22 22:00:00,0,61510100,0,8.96,88.04,1,1,1
B033,2024-05-22 23:00:00,0,61510100,0,8.96,88.04,1,1,1
B033,2024-05-23 00:00:00,0,61510100,0,8.92,88.04,1,1,1
B033,2024-05-23 01:00:00,0,61510100,0,8.92,88.04,1,1,1
B033,2024-05-23 02:00:00,0,61510100,0,8.96,88.04,1,1,1
B033,2024-05-23 03:00:00,0,61510100,0,8.96,88.04,1,1,1
B033,2024-05-23 04:00:00,0,61510100,0,8.76,88.03,1,1,1
B033,2024-05-23 05:00:00,0,61510100,0,8.76,88.03,1,1,1
B033,2024-05-23 06:00:00,0,61510100,0,8.76,88.03,1,1,1
B033,2024-05-23 07:00:00,0,61510100,12.51321999,8.76,88.03,1,1,1
B033,2024-05-23 08:00:00,0,61510100,0,14.4,88.03,1,1,1
B033,2024-05-23 09:00:00,0,61510100,0,14.8,88.05,1,1,1
B033,2024-05-23 10:00:00,0,61510100,0,15.9,88.1,1,1,1
B033,2024-05-23 11:00:00,0,61510100,0,16.7,88.13,1,1,1
B033,2024-05-23 12:00:00,0,61510100,0,16.9,88.14,1,1,1
B033,2024-05-23 13:00:00,0,61510100,0,17.1,88.15,1,1,1
B033,2024-05-23 14:00:00,0,61510100,0,17.1,88.15,1,1,1
B033,2024-05-23 15:00:00,0,61510100,0,16.9,88.14,1,1,1
B033,2024-05-23 16:00:00,0,61510100,0,16.9,88.14,1,1,1
B033,2024-05-23 17:00:00,0,61510100,0,16.6,88.13,1,1,1
B033,2024-05-23 18:00:00,0,61510100,0,16.9,88.14,1,1,1
B033,2024-05-23 19:00:00,0,61510100,0,17.1,88.15,1,1,1
B033,2024-05-23 20:00:00,0,61510100,0,17.1,88.15,1,1,1
B033,2024-05-23 21:00:00,0,61510100,0,16.9,88.14,1,1,1
B033,2024-05-23 22:00:00,0,61510100,0,16.9,88.14,1,1,1
B033,2024-05-23 23:00:00,0,61510100,8.91673282e-05,16.9,88.14,1,1,1
B033,2024-05-24 00:00:00,0,61510100,0,16.9,88.14,1,1,1
B033,2024-05-24 01:00:00,0,61510100,0,16.9,88.14,1,1,1
B033,2024-05-24 02:00:00,0,61510100,0,16.9,88.14,1,1,1
B033,2024-05-24 03:00:00,0,61510100,0,16.6,88.13,1,1,1
B033,2024-05-24 04:00:00,0,61510100,0,16.6,88.13,1,1,1
B033,2024-05-24 05:00:00,0,61510100,0,16.6,88.13,1,1,1
B033,2024-05-24 06:00:00,0,61510100,0,16.6,88.13,1,1,1
B033,2024-05-24 07:00:00,0,61510100,8.91673282e-05,16.4,88.12,1,1,1
B033,2024-05-24 08:00:00,0,61510100,0,19,88.1,1,1,1
B033,2024-05-24 09:00:00,0,61510100,0,18.1,88.06,1,1,1
B033,2024-05-24 10:00:00,0,61510100,0,17.7,88.04,1,1,1
B033,2024-05-24 11:00:00,0,61510100,0,18.1,88.06,1,1,1
B033,2024-05-24 12:00:00,0,61510100,0,18.1,88.06,1,1,1
B033,2024-05-24 13:00:00,0,61510100,0,17.9,88.05,1,1,1
B033,2024-05-24 14:00:00,0,61510100,0,17.5,88.03,1,1,1
B033,2024-05-24 15:00:00,0,61510100,0,17.2,88.02,1,1,1
B033,2024-05-24 16:00:00,0,61510100,0,,,1,0,0
B033,2024-05-24 17:00:00,0,61510100,0,17,88.01,1,1,1
B033,2024-05-24 18:00:00,0,61510100,0,17,88.01,1,1,1
B033,2024-05-24 19:00:00,0,61510100,0,17,88.01,1,1,1
B033,2024-05-24 20:00:00,0,61510100,0,17,88.01,1,1,1
B033,2024-05-24 21:00:00,0,61510100,0,17,88.01,1,1,1
B033,2024-05-24 22:00:00,0,61510100,0,17,88.01,1,1,1
B033,2024-05-24 23:00:00,0,61510100,0,17,88.01,1,1,1
B033,2024-05-25 00:00:00,0,61510100,0,17,88.01,1,1,1
B033,2024-05-25 01:00:00,0,61510100,0,17,88.01,1,1,1
B033,2024-05-25 02:00:00,0,61510100,0,17,88.01,1,1,1
B033,2024-05-25 03:00:00,0,61510100,0,17,88.01,1,1,1
B033,2024-05-25 04:00:00,0,61510100,0,17,88.01,1,1,1
B033,2024-05-25 05:00:00,0,61510100,0,17,88.01,1,1,1
B033,2024-05-25 06:00:00,0,61510100,0,17,88.01,1,1,1
B033,2024-05-25 07:00:00,0,61510100,0,17,88.01,1,1,1
B033,2024-05-25 08:00:00,0,61510100,0,11.8,87.99,1,1,1
B033,2024-06-12 07:00:00,0,61510100,0.5028299768,15.8,88.03,1,1,1
B033,2024-06-12 08:00:00,0,61510100,0,13.1,88.01,1,1,1
B033,2024-06-12 09:00:00,0,61510100,0,13.6,88.03,1,1,1
B033,2024-06-12 10:00:00,0,61510100,0,13.6,88.03,1,1,1
B033,2024-06-12 11:00:00,0,61510100,0,13.6,88.03,1,1,1
B033,2024-06-12 12:00:00,0,61510100,0,13.6,88.03,1,1,1
B033,2024-06-12 13:00:00,0,61510100,0,13.6,88.03,1,1,1
B033,2024-06-12 14:00:00,0,61510100,0.1378618706,13.6,88.03,1,1,1
B033,2024-06-12 15:00:00,0,61510100,0,13.6,88.03,1,1,1
B033,2024-06-12 16:00:00,0,61510100,0,13.5,88.03,1,1,1
B033,2024-06-12 17:00:00,0,61510100,0,13.6,88.03,1,1,1
B033,2024-06-12 18:00:00,0,61510100,0,13.6,88.03,1,1,1
B033,2024-06-12 19:00:00,0,61510100,0,13.6,88.03,1,1,1
B033,2024-06-12 20:00:00,0,61510100,0,13.6,88.03,1,1,1
B033,2024-06-12 21:00:00,0,61510100,0,13.6,88.03,1,1,1
B033,2024-06-12 22:00:00,0,61510100,0,13.6,88.03,1,1,1
B033,2024-06-12 23:00:00,0,61510100,0,13.6,88.03,1,1,1
B033,2024-06-13 00:00:00,0,61510100,0,13.6,88.03,1,1,1
B033,2024-06-13 01:00:00,0,61510100,0,13.6,88.03,1,1,1
B033,2024-06-13 02:00:00,0,61510100,0,13.5,88.03,1,1,1
B033,2024-06-13 03:00:00,0,61510100,0,13.5,88.03,1,1,1
B033,2024-06-13 04:00:00,0,61510100,0,13.6,88.03,1,1,1
B033,2024-06-13 05:00:00,0,61510100,0,13.6,88.03,1,1,1
B033,2024-06-13 06:00:00,0,61510100,0,13.6,88.03,1,1,1
B033,2024-06-13 07:00:00,0,61510100,0.05514474822,13.6,88.03,1,1,1
B033,2024-06-13 08:00:00,0,61510100,0,13.1,88.01,1,1,1
B033,2024-06-13 09:00:00,0,61510100,0,13.6,88.03,1,1,1
B033,2024-06-13 10:00:00,0,61510100,0,13.6,88.03,1,1,1
B033,2024-06-13 11:00:00,0,61510100,0,13.6,88.03,1,1,1
B033,2024-06-13 12:00:00,0,61510100,0,13.6,88.03,1,1,1
B033,2024-06-13 13:00:00,0,61510100,0,13.6,88.03,1,1,1
B033,2024-06-13 14:00:00,0,61510100,0,13.5,88.03,1,1,1
B033,2024-06-13 15:00:00,0,61510100,0,13.5,88.03,1,1,1
B033,2024-06-13 16:00:00,0,61510100,0,13.6,88.03,1,1,1
B033,2024-06-13 17:00:00,0,61510100,0.2271062357,13.6,88.03,1,1,1
B033,2024-06-13 18:00:00,0,61510100,0,13.6,88.03,1,1,1
B033,2024-06-13 19:00:00,0,61510100,1.249084296,13.6,88.03,1,1,1
B033,2024-06-13 20:00:00,0,61510100,2.246416789,13.6,88.03,1,1,1
B033,2024-06-13 21:00:00,0,61510100,0,13.6,88.03,1,1,1
B033,2024-06-13 22:00:00,0,61510100,0.1135531178,13.6,88.03,1,1,1
B033,2024-06-13 23:00:00,0,61510100,0,13.6,88.03,1,1,1
B033,2024-06-14 00:00:00,0,61510100,0,13.5,88.03,1,1,1
B033,2024-06-14 01:00:00,0,61510100,0,13.7,88.04,1,1,1
B033,2024-06-14 02:00:00,0,61510100,0,13.8,88.04,1,1,1
B033,2024-06-14 03:00:00,0,61510100,0,14,88.05,1,1,1
B033,2024-06-14 04:00:00,0,61510100,0,15.1,88.1,1,1,1
B033,2024-06-14 05:00:00,0,61510100,0,16.6,88.16,1,1,1
B033,2024-06-14 06:00:00,0,61510100,0,18.6,88.23,1,1,1
B033,2024-06-14 07:00:00,0,61510100,11.88702584,20.2,88.28,1,1,1
B033,2024-06-14 08:00:00,0,61510100,0,36,88.33,1,1,1
B033,2024-06-14 09:00:00,0,61510100,0,37.4,88.37,1,1,1
B033,2024-06-14 10:00:00,0,61510100,0,38.1,88.39,1,1,1
B033,2024-06-14 11:00:00,0,61510100,0,38.1,88.39,1,1,1
B033,2024-06-14 12:00:00,0,61510100,4.857801683,38.1,88.39,1,1,1
B033,2024-06-14 13:00:00,0,61510100,2.384615475,37.8,88.38,1,1,1
B033,2024-06-14 14:00:00,0,61510100,0,37.4,88.37,1,1,1
B033,2024-06-14 15:00:00,0,61510100,0,37.1,88.36,1,1,1
B033,2024-06-14 16:00:00,0,61510100,0,36.3,88.34,1,1,1
B033,2024-06-14 17:00:00,0,61510100,0,35.3,88.31,1,1,1
B033,2024-06-14 18:00:00,0,61510100,0,,,1,0,0
B033,2024-06-14 19:00:00,0,61510100,0,35.6,88.32,1,1,1
B033,2024-06-14 20:00:00,0,61510100,0,35.6,88.32,1,1,1
B033,2024-06-14 21:00:00,0,61510100,0,35.6,88.32,1,1,1
B033,2024-06-14 22:00:00,0,61510100,0,35.6,88.32,1,1,1
B033,2024-06-14 23:00:00,0,61510100,0,35.6,88.32,1,1,1
B033,2024-06-15 00:00:00,0,61510100,0.1135531178,35.6,88.32,1,1,1
B033,2024-06-15 01:00:00,0,61510100,0,36,88.33,1,1,1
B033,2024-06-15 02:00:00,0,61510100,0,37.4,88.37,1,1,1
B033,2024-06-15 03:00:00,0,61510100,0,38.5,88.4,1,1,1
B033,2024-06-15 04:00:00,0,61510100,0,38.5,88.4,1,1,1
B033,2024-06-15 05:00:00,0,61510100,0,38.5,88.4,1,1,1
B033,2024-06-15 06:00:00,0,61510100,0,38.5,88.4,1,1,1
B033,2024-06-15 07:00:00,0,61510100,7.631694017,38.1,88.39,1,1,1
B033,2024-06-15 08:00:00,0,61510100,0,38.9,88.36,1,1,1
B033,2024-06-15 09:00:00,0,61510100,0,37.8,88.33,1,1,1
B033,2024-06-15 10:00:00,0,61510100,0,37.1,88.31,1,1,1
B033,2024-06-15 11:00:00,0,61510100,0,36.4,88.29,1,1,1
B033,2024-06-15 12:00:00,0,61510100,0,35.1,88.25,1,1,1
B033,2024-06-15 13:00:00,0,61510100,0.1378618706,34.1,88.22,1,1,1
B033,2024-06-15 14:00:00,0,61510100,0,33.5,88.2,1,1,1
B033,2024-06-15 15:00:00,0,61510100,0,35.7,88.27,1,1,1
B033,2024-06-15 16:00:00,0,61510100,0,35.7,88.27,1,1,1
B033,2024-06-15 17:00:00,0,61510100,0,34.5,88.23,1,1,1
B033,2024-06-15 18:00:00,0,61510100,0,33.8,88.21,1,1,1
B033,2024-06-15 19:00:00,0,61510100,0,33.5,88.2,1,1,1
B033,2024-06-15 20:00:00,0,61510100,0,34.1,88.22,1,1,1
B033,2024-06-15 21:00:00,0,61510100,0,35.4,88.26,1,1,1
B033,2024-06-15 22:00:00,0,61510100,0,36.1,88.28,1,1,1
B033,2024-06-15 23:00:00,0,61510100,0,35.7,88.27,1,1,1
B033,2024-06-16 00:00:00,0,61510100,0,34.5,88.23,1,1,1
B033,2024-06-16 01:00:00,0,61510100,0,33.8,88.21,1,1,1
B033,2024-06-16 02:00:00,0,61510100,0,33.5,88.2,1,1,1
B033,2024-06-16 03:00:00,0,61510100,0,33.5,88.2,1,1,1
B033,2024-06-16 04:00:00,0,61510100,0,33.2,88.19,1,1,1
B033,2024-06-16 05:00:00,0,61510100,0,33.2,88.19,1,1,1
B033,2024-06-16 06:00:00,0,61510100,0,33.2,88.19,1,1,1
B033,2024-06-16 07:00:00,0,61510100,0.1378618706,32.2,88.15,1,1,1
B033,2024-06-16 08:00:00,0,61510100,0,19.7,88.11,1,1,1
B033,2024-06-16 09:00:00,0,61510100,0,19.3,88.09,1,1,1
B033,2024-06-16 10:00:00,0,61510100,0,18.8,88.07,1,1,1
B033,2024-06-16 11:00:00,0,61510100,0,18.6,88.06,1,1,1
B033,2024-06-16 12:00:00,0,61510100,0,18.6,88.06,1,1,1
B033,2024-06-16 13:00:00,0,61510100,0,18.4,88.05,1,1,1
B033,2024-06-16 14:00:00,0,61510100,0,,,1,0,0
B033,2025-03-02 07:00:00,0,61510100,0,12.6,88.01,1,1,1
B033,2025-03-02 08:00:00,0,61510100,0,11.8,87.99,1,1,1
B033,2025-03-02 09:00:00,0,61510100,0,12.2,88.01,1,1,1
B033,2025-03-02 10:00:00,0,61510100,0,12.2,88.01,1,1,1
B033,2025-03-02 11:00:00,0,61510100,0,12.7,88.03,1,1,1
B033,2025-03-02 12:00:00,0,61510100,0,13.3,88.06,1,1,1
B033,2025-03-02 13:00:00,0,61510100,0,13.8,88.08,1,1,1
B033,2025-03-02 14:00:00,0,61510100,0,14.2,88.1,1,1,1
B033,2025-03-02 15:00:00,0,61510100,0,14.2,88.1,1,1,1
B033,2025-03-02 16:00:00,0,61510100,0,13.8,88.08,1,1,1
B033,2025-03-02 17:00:00,0,61510100,0,13.3,88.06,1,1,1
B033,2025-03-02 18:00:00,0,61510100,0,12.9,88.04,1,1,1
B033,2025-03-02 19:00:00,0,61510100,0,12.7,88.03,1,1,1
B033,2025-03-02 20:00:00,0,61510100,0,12.4,88.02,1,1,1
B033,2025-03-02 21:00:00,0,61510100,0,12.2,88.01,1,1,1
B033,2025-03-02 22:00:00,0,61510100,0,12.2,88.01,1,1,1
B033,2025-03-02 23:00:00,0,61510100,0,12.2,88.01,1,1,1
B033,2025-03-03 00:00:00,0,61510100,0.8191805776,12.2,88.01,1,1,1
B033,2025-03-03 01:00:00,0,61510100,6.618043418,12.2,88.01,1,1,1
B033,2025-03-03 02:00:00,0,61510100,0.1378618706,12.2,88.01,1,1,1
B033,2025-03-03 03:00:00,0,61510100,0,12.2,88.01,1,1,1
B033,2025-03-03 04:00:00,0,61510100,0,12.2,88.01,1,1,1
B033,2025-03-03 05:00:00,0,61510100,0.5920743419,12.2,88.01,1,1,1
B033,2025-03-03 06:00:00,0,61510100,1.987011154,12.4,88.02,1,1,1
B033,2025-03-03 07:00:00,0,61510100,10.26446086,13.1,88.05,1,1,1
B033,2025-03-03 08:00:00,0,61510100,0.7542449652,18.4,88.09,1,1,1
B033,2025-03-03 09:00:00,0,61510100,0.2514149884,18.6,88.1,1,1,1
B033,2025-03-03 10:00:00,0,61510100,0.2514149884,18.8,88.11,1,1,1
B033,2025-03-03 11:00:00,0,61510100,0,18.8,88.11,1,1,1
B033,2025-03-03 12:00:00,0,61510100,0,19.1,88.12,1,1,1
B033,2025-03-03 13:00:00,0,61510100,0,19.1,88.12,1,1,1
B033,2025-03-03 14:00:00,0,61510100,0,19.1,88.12,1,1,1
B033,2025-03-03 15:00:00,0,61510100,0.6163830946,19.1,88.12,1,1,1
B033,2025-03-03 16:00:00,0,61510100,1.216448082,19.1,88.12,1,1,1
B033,2025-03-03 17:00:00,0,61510100,0.5920743419,19.3,88.13,1,1,1
B033,2025-03-03 18:00:00,0,61510100,0.1135531178,19.3,88.13,1,1,1
B033,2025-03-03 19:00:00,0,61510100,0,19.3,88.13,1,1,1
B033,2025-03-03 20:00:00,0,61510100,0,19.3,88.13,1,1,1
B033,2025-03-03 21:00:00,0,61510100,0,19.6,88.14,1,1,1
B033,2025-03-03 22:00:00,0,61510100,0,20.1,88.16,1,1,1
B033,2025-03-03 23:00:00,0,61510100,0,21.1,88.2,1,1,1
B033,2025-03-04 00:00:00,0,61510100,0,22.7,88.25,1,1,1
B033,2025-03-04 01:00:00,0,61510100,0,24.3,88.3,1,1,1
B033,2025-03-04 02:00:00,0,61510100,0,26.1,88.35,1,1,1
B033,2025-03-04 03:00:00,0,61510100,0,26.8,88.37,1,1,1
B033,2025-03-04 04:00:00,0,61510100,0,27.5,88.39,1,1,1
B033,2025-03-04 05:00:00,0,61510100,0,27.5,88.39,1,1,1
B033,2025-03-04 06:00:00,0,61510100,0,27.9,88.4,1,1,1
B033,2025-03-04 07:00:00,0,61510100,4.484842931,27.9,88.4,1,1,1
B033,2025-03-04 08:00:00,0,61510100,0,41.7,88.39,1,1,1
B033,2025-03-04 09:00:00,0,61510100,0,42.1,88.4,1,1,1
B033,2025-03-04 10:00:00,0,61510100,0.6406918474,42.1,88.4,1,1,1
B033,2025-03-04 11:00:00,0,61510100,0.1135531178,42.1,88.4,1,1,1
B033,2025-03-04 12:00:00,0,61510100,0,42.1,88.4,1,1,1
B033,2025-03-04 13:00:00,0,61510100,0,42.1,88.4,1,1,1
B033,2025-03-04 14:00:00,0,61510100,0,42.1,88.4,1,1,1
B033,2025-03-04 15:00:00,0,61510100,0,41.7,88.39,1,1,1
B033,2025-03-04 16:00:00,0,61510100,0,41.7,88.39,1,1,1
B033,2025-03-04 17:00:00,0,61510100,0,40.7,88.36,1,1,1
B033,2025-03-04 18:00:00,0,61510100,0,39.2,88.32,1,1,1
B033,2025-03-04 19:00:00,0,61510100,0,38.2,88.29,1,1,1
B033,2025-03-04 20:00:00,0,61510100,0,37.5,88.27,1,1,1
B033,2025-03-04 21:00:00,0,61510100,0,37.2,88.26,1,1,1
B033,2025-03-04 22:00:00,0,61510100,0,37.2,88.26,1,1,1
B033,2025-03-04 23:00:00,0,61510100,0,36.9,88.25,1,1,1
B033,2025-03-05 00:00:00,0,61510100,0,36.9,88.25,1,1,1
B033,2025-03-05 01:00:00,0,61510100,0,36.6,88.24,1,1,1
B033,2025-03-05 02:00:00,0,61510100,0,36.6,88.24,1,1,1
B033,2025-03-05 03:00:00,0,61510100,0,36.9,88.25,1,1,1
B033,2025-03-05 04:00:00,0,61510100,0,36.9,88.25,1,1,1
B033,2025-03-05 05:00:00,0,61510100,0,36.9,88.25,1,1,1
B033,2025-03-05 06:00:00,0,61510100,0,36.9,88.25,1,1,1
B033,2025-03-05 07:00:00,0,61510100,0.8645344616,36.9,88.25,1,1,1
B033,2025-03-05 08:00:00,0,61510100,0,27.9,88.23,1,1,1
B033,2025-03-05 09:00:00,0,61510100,0.5028299768,28.5,88.25,1,1,1
B033,2025-03-05 10:00:00,0,61510100,0.8921068358,28.5,88.25,1,1,1
B033,2025-03-05 11:00:00,0,61510100,0.7542449652,28.5,88.25,1,1,1
B033,2025-03-05 12:00:00,0,61510100,0.2514149884,28.5,88.25,1,1,1
B033,2025-03-05 13:00:00,0,61510100,0.5028299768,28.5,88.25,1,1,1
B033,2025-03-05 14:00:00,0,61510100,0.1135531178,28.5,88.25,1,1,1
B033,2025-03-05 15:00:00,0,61510100,0.5028299768,28.2,88.24,1,1,1
B033,2025-03-05 16:00:00,0,61510100,0.6163830946,27.2,88.21,1,1,1
B033,2025-03-05 17:00:00,0,61510100,0.2514149884,26.4,88.18,1,1,1
B033,2025-03-05 18:00:00,0,61510100,0.7299362125,25.9,88.16,1,1,1
B033,2025-03-05 19:00:00,0,61510100,0.5028299768,25.6,88.15,1,1,1
B033,2025-03-05 20:00:00,0,61510100,0.2514149884,25.4,88.14,1,1,1
B033,2025-03-05 21:00:00,0,61510100,0.1378618706,25.4,88.14,1,1,1
B033,2025-03-05 22:00:00,0,61510100,0.1135531178,25.4,88.14,1,1,1
B033,2025-03-05 23:00:00,0,61510100,0.2514149884,25.4,88.14,1,1,1
B033,2025-03-06 00:00:00,0,61510100,0,25.4,88.14,1,1,1
B033,2025-03-06 01:00:00,0,61510100,0,25.6,88.15,1,1,1
B033,2025-03-06 02:00:00,0,61510100,0,25.9,88.16,1,1,1
B033,2025-03-06 03:00:00,0,61510100,0,26.6,88.19,1,1,1
B033,2025-03-06 04:00:00,0,61510100,0,27.2,88.21,1,1,1
B033,2025-03-06 05:00:00,0,61510100,0,27.9,88.23,1,1,1
B033,2025-03-06 06:00:00,0,61510100,0,27.9,88.23,1,1,1
B033,2025-03-06 07:00:00,0,61510100,6.512480946,27.9,88.23,1,1,1
B033,2025-03-06 08:00:00,0,61510100,0,27.9,88.23,1,1,1
B033,2025-03-06 09:00:00,0,61510100,0,28.2,88.24,1,1,1
B033,2025-03-06 10:00:00,0,61510100,0,27.9,88.23,1,1,1
B033,2025-03-06 11:00:00,0,61510100,0,27.9,88.23,1,1,1
B033,2025-03-06 12:00:00,0,61510100,0,27.9,88.23,1,1,1
B033,2025-05-13 18:00:00,0,61510100,0,6.58,88.11,1,1,1
B033,2025-05-13 19:00:00,0,61510100,0,6.58,88.11,1,1,1
B033,2025-05-13 20:00:00,0,61510100,0,6.58,88.11,1,1,1
B033,2025-05-13 21:00:00,0,61510100,0,6.58,88.11,1,1,1
B033,2025-05-13 22:00:00,0,61510100,0,6.58,88.11,1,1,1
B033,2025-05-13 23:00:00,0,61510100,0,6.38,88.1,1,1,1
B033,2025-05-14 00:00:00,0,61510100,0,6.18,88.09,1,1,1
B033,2025-05-14 01:00:00,0,61510100,0,6.14,88.09,1,1,1
B033,2025-05-14 02:00:00,0,61510100,0,6.18,88.09,1,1,1
B033,2025-05-14 03:00:00,0,61510100,0,6.18,88.09,1,1,1
B033,2025-05-14 04:00:00,0,61510100,0,6.18,88.09,1,1,1
B033,2025-05-14 05:00:00,0,61510100,0,6.18,88.09,1,1,1
B033,2025-05-14 06:00:00,0,61510100,0,5.98,88.08,1,1,1
B033,2025-05-14 07:00:00,0,61510100,0,5.98,88.08,1,1,1
B033,2025-05-14 08:00:00,0,61510100,0,9.42,88.09,1,1,1
B033,2025-05-14 09:00:00,0,61510100,0,9.22,88.08,1,1,1
B033,2025-05-14 10:00:00,0,61510100,0,9.22,88.08,1,1,1
B033,2025-05-14 11:00:00,0,61510100,0,,,1,0,0
B033,2025-05-14 12:00:00,0,61510100,0,9.22,88.08,1,1,1
B033,2025-05-14 13:00:00,0,61510100,0,9.19,88.08,1,1,1
B033,2025-05-14 14:00:00,0,61510100,0,9.22,88.08,1,1,1
B033,2025-05-14 15:00:00,0,61510100,0,9.22,88.08,1,1,1
B033,2025-05-14 16:00:00,0,61510100,0,9.22,88.08,1,1,1
B033,2025-05-14 17:00:00,0,61510100,0,9.19,88.08,1,1,1
B033,2025-05-14 18:00:00,0,61510100,0,9.22,88.08,1,1,1
B033,2025-05-14 19:00:00,0,61510100,0,9.22,88.08,1,1,1
B033,2025-05-14 20:00:00,0,61510100,0,9.22,88.08,1,1,1
B033,2025-05-14 21:00:00,0,61510100,0,9.22,88.08,1,1,1
B033,2025-05-14 22:00:00,0,61510100,0,8.72,88.06,1,1,1
B033,2025-05-14 23:00:00,0,61510100,0,8.52,88.05,1,1,1
B033,2025-05-15 00:00:00,0,61510100,0.7789103872,8.3,88.04,1,1,1
B033,2025-05-15 01:00:00,0,61510100,0.8923743377,8.12,88.03,1,1,1
B033,2025-05-15 02:00:00,0,61510100,0.7302037145,8.12,88.03,1,1,1
B033,2025-05-15 03:00:00,0,61510100,1.370984729,7.82,88.02,1,1,1
B033,2025-05-15 04:00:00,0,61510100,2.287578652,7.82,88.02,1,1,1
B033,2025-05-15 05:00:00,0,61510100,2.011854911,7.82,88.02,1,1,1
B033,2025-05-15 06:00:00,0,61510100,0.1378618706,8.12,88.03,1,1,1
B033,2025-05-15 07:00:00,0,61510100,3.795959562,8.12,88.03,1,1,1
B033,2025-05-15 08:00:00,0,61510100,0.1135531178,5.42,88.03,1,1,1
B033,2025-05-15 09:00:00,0,61510100,0,5.42,88.03,1,1,1
B033,2025-05-15 10:00:00,0,61510100,0,5.62,88.04,1,1,1
B033,2025-05-15 11:00:00,0,61510100,0,6.52,88.08,1,1,1
B033,2025-05-15 12:00:00,0,61510100,0,,,1,0,0
B033,2025-05-15 13:00:00,0,61510100,0,8.12,88.15,1,1,1
B033,2025-05-15 14:00:00,0,61510100,0,,,1,0,0
B033,2025-05-15 15:00:00,0,61510100,0,8.42,88.16,1,1,1
B033,2025-05-15 16:00:00,0,61510100,0,8.42,88.16,1,1,1
B033,2025-05-15 17:00:00,0,61510100,0,8.42,88.16,1,1,1
B033,2025-05-15 18:00:00,0,61510100,0.5274953988,8.42,88.16,1,1,1
B033,2025-05-15 19:00:00,0,61510100,1.5088466,8.42,88.16,1,1,1
B033,2025-05-15 20:00:00,0,61510100,0.2514149884,8.62,88.17,1,1,1
B033,2025-05-15 21:00:00,0,61510100,8.91673282e-05,,,1,0,0
B033,2025-05-15 22:00:00,0,61510100,0,8.62,88.17,1,1,1
B033,2025-05-15 23:00:00,0,61510100,0,8.67,88.17,1,1,1
B033,2025-05-16 00:00:00,0,61510100,0,8.97,88.18,1,1,1
B033,2025-05-16 01:00:00,0,61510100,0.1135531178,10,88.22,1,1,1
B033,2025-05-16 02:00:00,0,61510100,0,12.6,88.3,1,1,1
B033,2025-05-16 03:00:00,0,61510100,0,14.4,88.35,1,1,1
B033,2025-05-16 04:00:00,0,61510100,0,14.8,88.36,1,1,1
B033,2025-05-16 05:00:00,0,61510100,0,14.8,88.36,1,1,1
B033,2025-05-16 06:00:00,0,61510100,0,14.8,88.36,1,1,1
B033,2025-05-16 07:00:00,0,61510100,3.562702606,15.1,88.37,1,1,1
B033,2025-05-16 08:00:00,0,61510100,0,38.6,88.36,1,1,1
B033,2025-05-16 09:00:00,0,61510100,0,37.1,88.32,1,1,1
B033,2025-05-16 10:00:00,0,61510100,0,36.1,88.29,1,1,1
B033,2025-05-16 11:00:00,0,61510100,11.0005339,35.8,88.28,1,1,1
B033,2025-05-16 12:00:00,0,61510100,0,35.4,88.27,1,1,1
B033,2025-05-16 13:00:00,0,61510100,0,35.4,88.27,1,1,1
B033,2025-05-16 14:00:00,0,61510100,0,,,1,0,0
B033,2025-05-16 15:00:00,0,61510100,0,35.4,88.27,1,1,1
B033,2025-05-16 16:00:00,0,61510100,0,35.4,88.27,1,1,1
B033,2025-05-16 17:00:00,0,61510100,0,35.4,88.27,1,1,1
B033,2025-05-16 18:00:00,0,61510100,0,35.4,88.27,1,1,1
B033,2025-05-16 19:00:00,0,61510100,0,35.4,88.27,1,1,1
B033,2025-05-16 20:00:00,0,61510100,0,35.4,88.27,1,1,1
B033,2025-05-16 21:00:00,0,61510100,0,35.4,88.27,1,1,1
B033,2025-05-16 22:00:00,0,61510100,0,35.4,88.27,1,1,1
B033,2025-05-16 23:00:00,0,61510100,0,35.4,88.27,1,1,1
B033,2025-05-17 00:00:00,0,61510100,0,34.8,88.25,1,1,1
B033,2025-05-17 01:00:00,0,61510100,0,33.5,88.21,1,1,1
B033,2025-05-17 02:00:00,0,61510100,0,32.9,88.19,1,1,1
B033,2025-05-17 03:00:00,0,61510100,0,32.7,88.18,1,1,1
B033,2025-05-17 04:00:00,0,61510100,0,32.4,88.17,1,1,1
B033,2025-05-17 05:00:00,0,61510100,0,32.2,88.16,1,1,1
B033,2025-05-17 06:00:00,0,61510100,0,,,1,0,0
B033,2025-05-17 07:00:00,0,61510100,0,32.2,88.16,1,1,1
B033,2025-05-17 08:00:00,0,61510100,0,16.6,88.17,1,1,1
B033,2025-05-17 09:00:00,0,61510100,0,,,1,0,0
B033,2025-05-17 10:00:00,0,61510100,0,16.4,88.16,1,1,1
B033,2025-05-17 11:00:00,0,61510100,0,16.4,88.16,1,1,1
B033,2025-05-17 12:00:00,0,61510100,0,16.4,88.16,1,1,1
B033,2025-05-17 13:00:00,0,61510100,0,16.6,88.17,1,1,1
B033,2025-05-17 14:00:00,0,61510100,0,17.4,88.2,1,1,1
B033,2025-05-17 15:00:00,0,61510100,0,18.7,88.24,1,1,1
B033,2025-05-17 16:00:00,0,61510100,0,19.3,88.26,1,1,1
B033,2025-05-17 17:00:00,0,61510100,0,19.3,88.26,1,1,1
B033,2025-05-17 18:00:00,0,61510100,0,19.3,88.26,1,1,1
B033,2025-05-17 19:00:00,0,61510100,0,,,1,0,0
B033,2025-05-17 20:00:00,0,61510100,0,19.3,88.26,1,1,1
B033,2025-05-17 21:00:00,0,61510100,0,18.4,88.23,1,1,1
B033,2025-05-17 22:00:00,0,61510100,0,17.4,88.2,1,1,1
B033,2025-05-17 23:00:00,0,61510100,0,16.9,88.18,1,1,1
B033,2025-05-18 00:00:00,0,61510100,0,16.6,88.17,1,1,1
B033,2025-05-18 01:00:00,0,61510100,0,16.4,88.16,1,1,1
B033,2025-05-18 02:00:00,0,61510100,0,16.4,88.16,1,1,1
B033,2025-05-18 03:00:00,0,61510100,0,16.4,88.16,1,1,1
B033,2025-05-18 04:00:00,0,61510100,0,16.4,88.16,1,1,1
B033,2025-05-18 05:00:00,0,61510100,0,16.4,88.16,1,1,1
B033,2025-05-18 06:00:00,0,61510100,0,16.4,88.16,1,1,1
B033,2025-05-18 07:00:00,0,61510100,0,16.4,88.16,1,1,1
B033,2025-05-18 08:00:00,0,61510100,0,16.6,88.17,1,1,1
B033,2025-05-18 09:00:00,0,61510100,0,16.4,88.16,1,1,1
B033,2025-05-18 10:00:00,0,61510100,0,16.4,88.16,1,1,1
B033,2025-05-18 11:00:00,0,61510100,0,,,1,0,0
B033,2025-05-18 12:00:00,0,61510100,0,16.4,88.16,1,1,1
B033,2025-05-25 20:00:00,0,61510100,0,39.1,88.29,1,1,1
B033,2025-05-25 21:00:00,0,61510100,0,39.1,88.29,1,1,1
B033,2025-05-25 22:00:00,0,61510100,0,39.1,88.29,1,1,1
B033,2025-05-25 23:00:00,0,61510100,0,39.1,88.29,1,1,1
B033,2025-05-26 00:00:00,0,61510100,0,39.1,88.29,1,1,1
B033,2025-05-26 01:00:00,0,61510100,0,39.8,88.31,1,1,1
B033,2025-05-26 02:00:00,0,61510100,0,40.8,88.34,1,1,1
B033,2025-05-26 03:00:00,0,61510100,0,41.2,88.35,1,1,1
B033,2025-05-26 04:00:00,0,61510100,0,41.6,88.36,1,1,1
B033,2025-05-26 05:00:00,0,61510100,0,41.9,88.37,1,1,1
B033,2025-05-26 06:00:00,0,61510100,0,41.9,88.37,1,1,1
B033,2025-05-26 07:00:00,0,61510100,0,41.9,88.37,1,1,1
B033,2025-05-26 08:00:00,0,61510100,0,36,88.34,1,1,1
B033,2025-05-26 09:00:00,0,61510100,0,35,88.31,1,1,1
B033,2025-05-26 10:00:00,0,61510100,0,34.3,88.29,1,1,1
B033,2025-05-26 11:00:00,0,61510100,0,34,88.28,1,1,1
B033,2025-05-26 12:00:00,0,61510100,0,33.6,88.27,1,1,1
B033,2025-05-26 13:00:00,0,61510100,0,33.6,88.27,1,1,1
B033,2025-05-26 14:00:00,0,61510100,0,33.6,88.27,1,1,1
B033,2025-05-26 15:00:00,0,61510100,0,33.6,88.27,1,1,1
B033,2025-05-26 16:00:00,0,61510100,0,33.6,88.27,1,1,1
B033,2025-05-26 17:00:00,0,61510100,0,33.6,88.27,1,1,1
B033,2025-05-26 18:00:00,0,61510100,0,33.6,88.27,1,1,1
B033,2025-05-26 19:00:00,0,61510100,0,33.6,88.27,1,1,1
B033,2025-05-26 20:00:00,0,61510100,0,33.6,88.27,1,1,1
B033,2025-05-26 21:00:00,0,61510100,0,33.6,88.27,1,1,1
B033,2025-05-26 22:00:00,0,61510100,0,33.6,88.27,1,1,1
B033,2025-05-26 23:00:00,0,61510100,0,33.6,88.27,1,1,1
B033,2025-05-27 00:00:00,0,61510100,0,33.6,88.27,1,1,1
B033,2025-05-27 01:00:00,0,61510100,0,33.6,88.27,1,1,1
B033,2025-05-27 02:00:00,0,61510100,0,33.3,88.26,1,1,1
B033,2025-05-27 03:00:00,0,61510100,0,32.7,88.24,1,1,1
B033,2025-05-27 04:00:00,0,61510100,0,31.7,88.21,1,1,1
B033,2025-05-27 05:00:00,0,61510100,0,30.9,88.18,1,1,1
B033,2025-05-27 06:00:00,0,61510100,0,30.6,88.17,1,1,1
B033,2025-05-27 07:00:00,0,61510100,0,30.4,88.16,1,1,1
B033,2025-05-27 08:00:00,0,61510100,0,15.6,88.16,1,1,1
B033,2025-05-27 09:00:00,0,61510100,0,,,1,0,0
B033,2025-05-27 10:00:00,0,61510100,0,16.3,88.19,1,1,1
B033,2025-05-27 11:00:00,0,61510100,0,17.6,88.23,1,1,1
B033,2025-05-27 12:00:00,0,61510100,0,18.2,88.25,1,1,1
B033,2025-05-27 13:00:00,0,61510100,0,18.5,88.26,1,1,1
B033,2025-05-27 14:00:00,0,61510100,0,18.5,88.26,1,1,1
B033,2025-05-27 15:00:00,0,61510100,0,18.5,88.26,1,1,1
B033,2025-05-27 16:00:00,0,61510100,0,,,1,0,0
B033,2025-05-27 17:00:00,0,61510100,0,18.5,88.26,1,1,1
B033,2025-05-27 18:00:00,0,61510100,0,18.5,88.26,1,1,1
B033,2025-05-27 19:00:00,0,61510100,0,18.5,88.26,1,1,1
B033,2025-05-27 20:00:00,0,61510100,0.6163830946,17.6,88.23,1,1,1
B033,2025-05-27 21:00:00,0,61510100,0.3649681062,17.9,88.24,1,1,1
B033,2025-05-27 22:00:00,0,61510100,0.7542449652,,,1,0,0
B033,2025-05-27 23:00:00,0,61510100,0.8931768437,17.2,88.22,1,1,1
B033,2025-05-28 00:00:00,0,61510100,1.484181178,15.8,88.17,1,1,1
B033,2025-05-28 01:00:00,0,61510100,1.143521824,14.8,88.13,1,1,1
B033,2025-05-28 02:00:00,0,61510100,0.7542449652,14.3,88.11,1,1,1
B033,2025-05-28 03:00:00,0,61510100,1.281383695,14.3,88.11,1,1,1
B033,2025-05-28 04:00:00,0,61510100,1.119213071,16.6,88.2,1,1,1
B033,2025-05-28 05:00:00,0,61510100,0.9595391334,,,1,0,0
B033,2025-05-28 06:00:00,0,61510100,0.5029191441,,,1,0,0
B033,2025-05-28 07:00:00,0,61510100,0.3651464409,19.5,88.29,1,1,1
B033,2025-05-28 08:00:00,0,61510100,0,30.5,88.3,1,1,1
B033,2025-05-28 09:00:00,0,61510100,0,30.5,88.3,1,1,1
B033,2025-05-28 10:00:00,0,61510100,0,30.5,88.3,1,1,1
B033,2025-05-28 11:00:00,0,61510100,0,,,1,0,0
B033,2025-05-28 12:00:00,0,61510100,0.1135531178,,,1,0,0
B033,2025-05-28 13:00:00,0,61510100,0,30.5,88.3,1,1,1
B033,2025-05-28 14:00:00,0,61510100,0,30.5,88.3,1,1,1
B033,2025-05-28 15:00:00,0,61510100,0,30.5,88.3,1,1,1
B033,2025-05-28 16:00:00,0,61510100,0,30.2,88.29,1,1,1
B033,2025-05-28 17:00:00,0,61510100,0,30.5,88.3,1,1,1
B033,2025-05-28 18:00:00,0,61510100,0,30.5,88.3,1,1,1
B033,2025-05-28 19:00:00,0,61510100,0,30.5,88.3,1,1,1
B033,2025-05-28 20:00:00,0,61510100,0,30.5,88.3,1,1,1
B033,2025-05-28 21:00:00,0,61510100,0,30.5,88.3,1,1,1
B033,2025-05-28 22:00:00,0,61510100,0,31.9,88.34,1,1,1
B033,2025-05-28 23:00:00,0,61510100,0,33.4,88.38,1,1,1
B033,2025-05-29 00:00:00,0,61510100,0,35.3,88.43,1,1,1
B033,2025-05-29 01:00:00,0,61510100,0,36.2,88.45,1,1,1
B033,2025-05-29 02:00:00,0,61510100,0,36.6,88.46,1,1,1
B033,2025-05-29 03:00:00,0,61510100,0,36.6,88.46,1,1,1
B033,2025-05-29 04:00:00,0,61510100,0,36.6,88.46,1,1,1
B033,2025-05-29 05:00:00,0,61510100,0,36.6,88.46,1,1,1
B033,2025-05-29 06:00:00,0,61510100,0,36.6,88.46,1,1,1
B033,2025-05-29 07:00:00,0,61510100,0.1962702402,36.6,88.46,1,1,1
B033,2025-05-29 08:00:00,0,61510100,0,50.7,88.45,1,1,1
B033,2025-05-29 09:00:00,0,61510100,0,49.4,88.42,1,1,1
B033,2025-05-29 10:00:00,0,61510100,0,48.6,88.4,1,1,1
B033,2025-05-29 11:00:00,0,61510100,0,47.9,88.38,1,1,1
B033,2025-05-29 12:00:00,0,61510100,0,47.9,88.38,1,1,1
B033,2025-05-29 13:00:00,0,61510100,0,47.5,88.37,1,1,1
B033,2025-05-29 14:00:00,0,61510100,0,47.5,88.37,1,1,1
B033,2025-05-29 15:00:00,0,61510100,0,47.5,88.37,1,1,1
B033,2025-05-29 16:00:00,0,61510100,0,47.5,88.37,1,1,1
B033,2025-05-29 17:00:00,0,61510100,0,47.5,88.37,1,1,1
B033,2025-05-29 18:00:00,0,61510100,0,47.2,88.36,1,1,1
B033,2025-05-29 19:00:00,0,61510100,0,45.7,88.32,1,1,1
B033,2025-05-29 20:00:00,0,61510100,0,45,88.3,1,1,1
B033,2025-05-29 21:00:00,0,61510100,0,44.7,88.29,1,1,1
B033,2025-05-29 22:00:00,0,61510100,0,44.4,88.28,1,1,1
B033,2025-05-29 23:00:00,0,61510100,0,44.4,88.28,1,1,1
B033,2025-05-30 00:00:00,0,61510100,0,44.4,88.28,1,1,1
B033,2025-05-30 01:00:00,0,61510100,0,44.4,88.28,1,1,1
B033,2025-05-30 02:00:00,0,61510100,0,44.4,88.28,1,1,1
B033,2025-05-30 03:00:00,0,61510100,0,44.4,88.28,1,1,1
B033,2025-05-30 04:00:00,0,61510100,0,44.4,88.28,1,1,1
B033,2025-05-30 05:00:00,0,61510100,0,44.4,88.28,1,1,1
B033,2025-05-30 06:00:00,0,61510100,0,44.4,88.28,1,1,1
B033,2025-05-30 07:00:00,0,61510100,0,44.4,88.28,1,1,1
B033,2025-05-30 08:00:00,0,61510100,0,28.1,88.28,1,1,1
B033,2025-05-30 09:00:00,0,61510100,0,28.1,88.28,1,1,1
B033,2025-05-30 10:00:00,0,61510100,0,28.1,88.28,1,1,1
B033,2025-05-30 11:00:00,0,61510100,0,27.7,88.27,1,1,1
B033,2025-05-30 12:00:00,0,61510100,0,27.7,88.27,1,1,1
B033,2025-05-30 13:00:00,0,61510100,0,27.7,88.27,1,1,1
B033,2025-06-09 22:00:00,0,61510100,0,19.6,88.21,1,1,1
B033,2025-06-09 23:00:00,0,61510100,0,18.8,88.18,1,1,1
B033,2025-06-10 00:00:00,0,61510100,0,18.3,88.16,1,1,1
B033,2025-06-10 01:00:00,0,61510100,0,17.8,88.14,1,1,1
B033,2025-06-10 02:00:00,0,61510100,0,17.5,88.13,1,1,1
B033,2025-06-10 03:00:00,0,61510100,0,17.3,88.12,1,1,1
B033,2025-06-10 04:00:00,0,61510100,0,17.3,88.12,1,1,1
B033,2025-06-10 05:00:00,0,61510100,0,17.3,88.12,1,1,1
B033,2025-06-10 06:00:00,0,61510100,0,17.3,88.12,1,1,1
B033,2025-06-10 07:00:00,0,61510100,0,17,88.11,1,1,1
B033,2025-06-10 08:00:00,0,61510100,0,12,88.12,1,1,1
B033,2025-06-10 09:00:00,0,61510100,0,11.7,88.11,1,1,1
B033,2025-06-10 10:00:00,0,61510100,0,11.7,88.11,1,1,1
B033,2025-06-10 11:00:00,0,61510100,0,11.7,88.11,1,1,1
B033,2025-06-10 12:00:00,0,61510100,0,11.7,88.11,1,1,1
B033,2025-06-10 13:00:00,0,61510100,0,11.7,88.11,1,1,1
B033,2025-06-10 14:00:00,0,61510100,0,11.7,88.11,1,1,1
B033,2025-06-10 15:00:00,0,61510100,0,12,88.12,1,1,1
B033,2025-06-10 16:00:00,0,61510100,0.3406593535,12,88.12,1,1,1
B033,2025-06-10 17:00:00,0,61510100,0.6813187071,12,88.12,1,1,1
B033,2025-06-10 18:00:00,0,61510100,0,12,88.12,1,1,1
B033,2025-06-10 19:00:00,0,61510100,0,12,88.12,1,1,1
B033,2025-06-10 20:00:00,0,61510100,0,12,88.12,1,1,1
B033,2025-06-10 21:00:00,0,61510100,0.001605011908,12.2,88.13,1,1,1
B033,2025-06-10 22:00:00,0,61510100,0,12.2,88.13,1,1,1
B033,2025-06-10 23:00:00,0,61510100,0,12.2,88.13,1,1,1
B033,2025-06-11 00:00:00,0,61510100,0,12.2,88.13,1,1,1
B033,2025-06-11 01:00:00,0,61510100,0,12,88.12,1,1,1
B033,2025-06-11 02:00:00,0,61510100,0.2515041557,12,88.12,1,1,1
B033,2025-06-11 03:00:00,0,61510100,0.8033083073,11.7,88.11,1,1,1
B033,2025-06-11 04:00:00,0,61510100,4.608150188,11.7,88.11,1,1,1
B033,2025-06-11 05:00:00,0,61510100,7.616980922,11.5,88.1,1,1,1
B033,2025-06-11 06:00:00,0,61510100,4.916777645,12.2,88.13,1,1,1
B033,2025-06-11 07:00:00,0,61510100,3.935802967,12.2,88.13,1,1,1
B033,2025-06-11 08:00:00,0,61510100,5.516773319,10.2,88.1,1,1,1
B033,2025-06-11 09:00:00,0,61510100,1.257342444,12.2,88.18,1,1,1
B033,2025-06-11 10:00:00,0,61510100,1.168187246,15.6,88.29,1,1,1
B033,2025-06-11 11:00:00,0,61510100,0.5274062315,19.9,88.41,1,1,1
B033,2025-06-11 12:00:00,0,61510100,0.1135531178,23.6,88.5,1,1,1
B033,2025-06-11 13:00:00,0,61510100,0,24.6,88.52,1,1,1
B033,2025-06-11 14:00:00,0,61510100,0,25,88.53,1,1,1
B033,2025-06-11 15:00:00,0,61510100,0,25,88.53,1,1,1
B033,2025-06-11 16:00:00,0,61510100,0,25,88.53,1,1,1
B033,2025-06-11 17:00:00,0,61510100,0,24.6,88.52,1,1,1
B033,2025-06-11 18:00:00,0,61510100,0,24.1,88.51,1,1,1
B033,2025-06-11 19:00:00,0,61510100,0,23.6,88.5,1,1,1
B033,2025-06-11 20:00:00,0,61510100,0,23.2,88.49,1,1,1
B033,2025-06-11 21:00:00,0,61510100,0,22.8,88.48,1,1,1
B033,2025-06-11 22:00:00,0,61510100,0.3650572736,22.4,88.47,1,1,1
B033,2025-06-11 23:00:00,0,61510100,0.2514149884,23.6,88.5,1,1,1
B033,2025-06-12 00:00:00,0,61510100,0.6407810147,25.5,88.54,1,1,1
B033,2025-06-12 01:00:00,0,61510100,1.167919744,26,88.55,1,1,1
B033,2025-06-12 02:00:00,0,61510100,0.6406918474,26.5,88.56,1,1,1
B033,2025-06-12 03:00:00,0,61510100,0.2514149884,27.4,88.58,1,1,1
B033,2025-06-12 04:00:00,0,61510100,0,27.4,88.58,1,1,1
B033,2025-06-12 05:00:00,0,61510100,0.3649681062,27.9,88.59,1,1,1
B033,2025-06-12 06:00:00,0,61510100,1.029968706,27.9,88.59,1,1,1
B033,2025-06-12 07:00:00,0,61510100,0.7570983197,27.9,88.59,1,1,1
B033,2025-06-12 08:00:00,0,61510100,0.1135531178,70.5,88.59,1,1,1
B033,2025-06-12 09:00:00,0,61510100,0,70.5,88.59,1,1,1
B033,2025-06-12 10:00:00,0,61510100,0,70.5,88.59,1,1,1
B033,2025-06-12 11:00:00,0,61510100,0,70.5,88.59,1,1,1
B033,2025-06-12 12:00:00,0,61510100,0,70.5,88.59,1,1,1
B033,2025-06-12 13:00:00,0,61510100,0,70,88.58,1,1,1
B033,2025-06-12 14:00:00,0,61510100,0,69.6,88.57,1,1,1
B033,2025-06-12 15:00:00,0,61510100,0,69.1,88.56,1,1,1
B033,2025-06-12 16:00:00,0,61510100,0,69.1,88.56,1,1,1
B033,2025-06-12 17:00:00,0,61510100,0,68.6,88.55,1,1,1
B033,2025-06-12 18:00:00,0,61510100,0,68.6,88.55,1,1,1
B033,2025-06-12 19:00:00,0,61510100,0,68.1,88.54,1,1,1
B033,2025-06-12 20:00:00,0,61510100,0,68.1,88.54,1,1,1
B033,2025-06-12 21:00:00,0,61510100,0,67.6,88.53,1,1,1
B033,2025-06-12 22:00:00,0,61510100,0,67.2,88.52,1,1,1
B033,2025-06-12 23:00:00,0,61510100,0,67.2,88.52,1,1,1
B033,2025-06-13 00:00:00,0,61510100,0,67.2,88.52,1,1,1
B033,2025-06-13 01:00:00,0,61510100,0,66.7,88.51,1,1,1
B033,2025-06-13 02:00:00,0,61510100,0.0006241712974,65.8,88.49,1,1,1
B033,2025-06-13 03:00:00,0,61510100,0,64.2,88.45,1,1,1
B033,2025-06-13 04:00:00,0,61510100,0,63.3,88.43,1,1,1
B033,2025-06-13 05:00:00,0,61510100,0,62.9,88.42,1,1,1
B033,2025-06-13 06:00:00,0,61510100,0,62.9,88.42,1,1,1
B033,2025-06-13 07:00:00,0,61510100,0.1968944115,62.5,88.41,1,1,1
B033,2025-06-13 08:00:00,0,61510100,0,43.9,88.4,1,1,1
B033,2025-06-13 09:00:00,0,61510100,0,44.3,88.41,1,1,1
B033,2025-06-13 10:00:00,0,61510100,0,43.9,88.4,1,1,1
B033,2025-06-13 11:00:00,0,61510100,0,42.5,88.36,1,1,1
B033,2025-06-13 12:00:00,0,61510100,0,41.7,88.34,1,1,1
B033,2025-06-13 13:00:00,0,61510100,0,41,88.32,1,1,1
B033,2025-06-13 14:00:00,0,61510100,0,41.7,88.34,1,1,1
B033,2025-06-13 15:00:00,0,61510100,0,42.8,88.37,1,1,1
B033,2025-06-13 16:00:00,0,61510100,0,43.5,88.39,1,1,1
B033,2025-06-13 17:00:00,0,61510100,0,43.9,88.4,1,1,1
B033,2025-06-13 18:00:00,0,61510100,0,43.5,88.39,1,1,1
B033,2025-06-13 19:00:00,0,61510100,0,43.5,88.39,1,1,1
B033,2025-06-13 20:00:00,0,61510100,0,41.7,88.34,1,1,1
B033,2025-06-13 21:00:00,0,61510100,0,40.3,88.3,1,1,1
B033,2025-06-13 22:00:00,0,61510100,0,40.3,88.3,1,1,1
B033,2025-06-13 23:00:00,0,61510100,0,40,88.29,1,1,1
B033,2025-06-14 00:00:00,0,61510100,0,40,88.29,1,1,1
B033,2025-06-14 01:00:00,0,61510100,0,40.3,88.3,1,1,1
B033,2025-06-14 02:00:00,0,61510100,0,40.3,88.3,1,1,1
B033,2025-06-14 03:00:00,0,61510100,0,40,88.29,1,1,1
B033,2025-06-14 04:00:00,0,61510100,0,40,88.29,1,1,1
B033,2025-06-14 05:00:00,0,61510100,0,40,88.29,1,1,1
B033,2025-06-14 06:00:00,0,61510100,0,40,88.29,1,1,1
B033,2025-06-14 07:00:00,0,61510100,0,40,88.29,1,1,1
B033,2025-06-14 08:00:00,0,61510100,0,29.3,88.29,1,1,1
B033,2025-06-14 09:00:00,0,61510100,0,29.3,88.29,1,1,1
B033,2025-06-22 07:00:00,0,61510100,0.3651464409,38.7,88.53,1,1,1
B033,2025-06-22 08:00:00,0,61510100,0.1136422852,64.9,88.55,1,1,1
B033,2025-06-22 09:00:00,0,61510100,0.4786103914,67.8,88.61,1,1,1
B033,2025-06-22 10:00:00,0,61510100,2.01939972,,,1,0,0
B033,2025-06-22 11:00:00,0,61510100,0,76.9,88.77,1,1,1
B033,2025-06-22 12:00:00,0,61510100,0.5030974788,81.5,88.84,1,1,1
B033,2025-06-22 13:00:00,0,61510100,0.2514149884,84.9,88.89,1,1,1
B033,2025-06-22 14:00:00,0,61510100,0,89.4,88.95,1,1,1
B033,2025-06-22 15:00:00,0,61510100,0,91.7,88.98,1,1,1
B033,2025-06-22 16:00:00,0,61510100,0,93.2,89,1,1,1
B033,2025-06-22 17:00:00,0,61510100,0.2515041557,94.8,89.02,1,1,1
B033,2025-06-22 18:00:00,0,61510100,0,96.4,89.04,1,1,1
B033,2025-06-22 19:00:00,0,61510100,0,96.4,89.04,1,1,1
B033,2025-06-22 20:00:00,0,61510100,0.1378618706,96.4,89.04,1,1,1
B033,2025-06-22 21:00:00,0,61510100,8.91673282e-05,96.4,89.04,1,1,1
B033,2025-06-22 22:00:00,0,61510100,0,94.8,89.02,1,1,1
B033,2025-06-22 23:00:00,0,61510100,0,93.2,89,1,1,1
B033,2025-06-23 00:00:00,0,61510100,0,91.7,88.98,1,1,1
B033,2025-06-23 01:00:00,0,61510100,0,90.9,88.97,1,1,1
B033,2025-06-23 02:00:00,0,61510100,0.6406918474,89.4,88.95,1,1,1
B033,2025-06-23 03:00:00,0,61510100,0.5030083115,87.9,88.93,1,1,1
B033,2025-06-23 04:00:00,0,61510100,0,85.6,88.9,1,1,1
B033,2025-06-23 05:00:00,0,61510100,0,84.9,88.89,1,1,1
B033,2025-06-23 06:00:00,0,61510100,0.2515041557,83.5,88.87,1,1,1
B033,2025-06-23 07:00:00,0,61510100,1.842139479,82.1,88.85,1,1,1
B033,2025-06-23 08:00:00,0,61510100,8.91673282e-05,104,88.82,1,1,1
B033,2025-06-23 09:00:00,0,61510100,1.467863071,104,88.82,1,1,1
B033,2025-06-23 10:00:00,0,61510100,3.156446743,103,88.81,1,1,1
B033,2025-06-23 11:00:00,0,61510100,5.347325389,103,88.81,1,1,1
B033,2025-06-23 12:00:00,0,61510100,2.125408029,105,88.83,1,1,1
B033,2025-06-23 13:00:00,0,61510100,0.1378618706,107,88.86,1,1,1
B033,2025-06-23 14:00:00,0,61510100,0.2515041557,110,88.91,1,1,1
B033,2025-06-23 15:00:00,0,61510100,0,114,88.96,1,1,1
B033,2025-06-23 16:00:00,0,61510100,0.1135531178,119,89.02,1,1,1
B033,2025-06-23 17:00:00,0,61510100,0,123,89.08,1,1,1
B033,2025-06-23 18:00:00,0,61510100,0,130,89.16,1,1,1
B033,2025-06-23 19:00:00,0,61510100,0,135,89.22,1,1,1
B033,2025-06-23 20:00:00,0,61510100,0,143,89.31,1,1,1
B033,2025-06-23 21:00:00,0,61510100,0,150,89.39,1,1,1
B033,2025-06-23 22:00:00,0,61510100,0,156,89.46,1,1,1
B033,2025-06-23 23:00:00,0,61510100,0,161,89.51,1,1,1
B033,2025-06-24 00:00:00,0,61510100,0,164,89.54,1,1,1
B033,2025-06-24 01:00:00,0,61510100,0,164,89.54,1,1,1
B033,2025-06-24 02:00:00,0,61510100,0,161,89.51,1,1,1
B033,2025-06-24 03:00:00,0,61510100,0,159,89.49,1,1,1
B033,2025-06-24 04:00:00,0,61510100,0,155,89.45,1,1,1
B033,2025-06-24 05:00:00,0,61510100,0,151,89.4,1,1,1
B033,2025-06-24 06:00:00,0,61510100,0,146,89.35,1,1,1
B033,2025-06-24 07:00:00,0,61510100,7.141244895,146,89.35,1,1,1
B033,2025-06-24 08:00:00,0,61510100,0,181,89.25,1,1,1
B033,2025-06-24 09:00:00,0,61510100,0,174,89.16,1,1,1
B033,2025-06-24 10:00:00,0,61510100,0,171,89.13,1,1,1
B033,2025-06-24 11:00:00,0,61510100,0,168,89.09,1,1,1
B033,2025-06-24 12:00:00,0,61510100,0,165,89.06,1,1,1
B033,2025-06-24 13:00:00,0,61510100,0,164,89.04,1,1,1
B033,2025-06-24 14:00:00,0,61510100,1.395204315,161,89,1,1,1
B033,2025-06-24 15:00:00,0,61510100,0.2515933231,159,88.98,1,1,1
B033,2025-06-24 16:00:00,0,61510100,0,158,88.96,1,1,1
B033,2025-06-24 17:00:00,0,61510100,0,156,88.94,1,1,1
B033,2025-06-24 18:00:00,0,61510100,0.1136422852,154,88.91,1,1,1
B033,2025-06-24 19:00:00,0,61510100,0,153,88.9,1,1,1
B033,2025-06-24 20:00:00,0,61510100,0,151,88.87,1,1,1
B033,2025-06-24 21:00:00,0,61510100,8.91673282e-05,150,88.85,1,1,1
B033,2025-06-24 22:00:00,0,61510100,0,150,88.86,1,1,1
B033,2025-06-24 23:00:00,0,61510100,0,149,88.84,1,1,1
B033,2025-06-25 00:00:00,0,61510100,0,148,88.82,1,1,1
B033,2025-06-25 01:00:00,0,61510100,0,146,88.8,1,1,1
B033,2025-06-25 02:00:00,0,61510100,0,144,88.77,1,1,1
B033,2025-06-25 03:00:00,0,61510100,0,143,88.75,1,1,1
B033,2025-06-25 04:00:00,0,61510100,0,143,88.74,1,1,1
B033,2025-06-25 05:00:00,0,61510100,0,142,88.73,1,1,1
B033,2025-06-25 06:00:00,0,61510100,0,141,88.72,1,1,1
B033,2025-06-25 07:00:00,0,61510100,1.870818587,141,88.71,1,1,1
B033,2025-06-25 08:00:00,0,61510100,0,87.5,88.71,1,1,1
B033,2025-06-25 09:00:00,0,61510100,0,86.4,88.69,1,1,1
B033,2025-06-25 10:00:00,0,61510100,0,85.8,88.68,1,1,1
B033,2025-06-25 11:00:00,0,61510100,0,84.7,88.66,1,1,1
B033,2025-06-25 12:00:00,0,61510100,0,84.2,88.65,1,1,1
B033,2025-06-25 13:00:00,0,61510100,0,83.7,88.64,1,1,1
B033,2025-06-25 14:00:00,0,61510100,0,83.7,88.64,1,1,1
B033,2025-06-25 15:00:00,0,61510100,0,83.1,88.63,1,1,1
B033,2025-06-25 16:00:00,0,61510100,0,83.1,88.63,1,1,1
B033,2025-06-25 17:00:00,0,61510100,0,83.1,88.63,1,1,1
B033,2025-06-25 18:00:00,0,61510100,0,82.6,88.62,1,1,1
B033,2025-06-25 19:00:00,0,61510100,0,82,88.61,1,1,1
B033,2025-06-25 20:00:00,0,61510100,0,81,88.59,1,1,1
B033,2025-06-25 21:00:00,0,61510100,0,80.5,88.58,1,1,1
B033,2025-06-25 22:00:00,0,61510100,0,80.1,88.57,1,1,1
B033,2025-06-25 23:00:00,0,61510100,0,79.1,88.55,1,1,1
B033,2025-06-26 00:00:00,0,61510100,0,78.6,88.54,1,1,1
B033,2025-06-26 01:00:00,0,61510100,0,78.1,88.53,1,1,1
B033,2025-06-26 02:00:00,0,61510100,0,77.7,88.52,1,1,1
B033,2025-06-26 03:00:00,0,61510100,0,77.7,88.52,1,1,1
B033,2025-06-26 04:00:00,0,61510100,0,77.2,88.51,1,1,1
B033,2025-06-26 05:00:00,0,61510100,0,77.2,88.51,1,1,1
B033,2025-06-26 06:00:00,0,61510100,0,76.7,88.5,1,1,1
B033,2025-06-26 07:00:00,0,61510100,0,76.7,88.5,1,1,1
B033,2025-06-26 08:00:00,0,61510100,0,59.3,88.51,1,1,1
B033,2025-06-26 09:00:00,0,61510100,0,58.4,88.49,1,1,1
B033,2025-06-26 10:00:00,0,61510100,0,58,88.48,1,1,1
B033,2025-06-26 11:00:00,0,61510100,0,58,88.48,1,1,1
B033,2025-06-26 12:00:00,0,61510100,0,57.6,88.47,1,1,1
B033,2025-06-26 13:00:00,0,61510100,0,57.6,88.47,1,1,1
B033,2025-06-26 14:00:00,0,61510100,0,57.6,88.47,1,1,1
B033,2025-06-26 15:00:00,0,61510100,0,57.6,88.47,1,1,1
B033,2025-06-26 16:00:00,0,61510100,0,58,88.48,1,1,1
B033,2025-06-26 17:00:00,0,61510100,0,58.4,88.49,1,1,1
B033,2025-06-26 18:00:00,0,61510100,0,58.4,88.49,1,1,1
B033,2025-06-26 19:00:00,0,61510100,0,58,88.48,1,1,1
B033,2025-06-26 20:00:00,0,61510100,0,58,88.48,1,1,1
B033,2025-06-26 21:00:00,0,61510100,0,58,88.48,1,1,1
B033,2025-06-26 22:00:00,0,61510100,0,58,88.48,1,1,1
B033,2025-09-08 07:00:00,0,61510100,0.001872513892,12.8,88.34,1,1,1
B033,2025-09-08 08:00:00,0,61510100,0,31.7,88.31,1,1,1
B033,2025-09-08 09:00:00,0,61510100,0,31,88.29,1,1,1
B033,2025-09-08 10:00:00,0,61510100,0,30,88.26,1,1,1
B033,2025-09-08 11:00:00,0,61510100,0,29.1,88.23,1,1,1
B033,2025-09-08 12:00:00,0,61510100,0,29.1,88.23,1,1,1
B033,2025-09-08 13:00:00,0,61510100,0,28.7,88.22,1,1,1
B033,2025-09-08 14:00:00,0,61510100,0.001070007938,28.7,88.22,1,1,1
B033,2025-09-08 15:00:00,0,61510100,0,28.7,88.22,1,1,1
B033,2025-09-08 16:00:00,0,61510100,0,28.4,88.21,1,1,1
B033,2025-09-08 17:00:00,0,61510100,0,27.3,88.17,1,1,1
B033,2025-09-08 18:00:00,0,61510100,0,26.3,88.13,1,1,1
B033,2025-09-08 19:00:00,0,61510100,0,25.8,88.11,1,1,1
B033,2025-09-08 20:00:00,0,61510100,0,25.8,88.11,1,1,1
B033,2025-09-08 21:00:00,0,61510100,0,25.6,88.1,1,1,1
B033,2025-09-08 22:00:00,0,61510100,0,25.6,88.1,1,1,1
B033,2025-09-08 23:00:00,0,61510100,0,25.6,88.1,1,1,1
B033,2025-09-09 00:00:00,0,61510100,0,25.6,88.1,1,1,1
B033,2025-09-09 01:00:00,0,61510100,0,25.6,88.1,1,1,1
B033,2025-09-09 02:00:00,0,61510100,0,25.6,88.1,1,1,1
B033,2025-09-09 03:00:00,0,61510100,0,25.6,88.1,1,1,1
B033,2025-09-09 04:00:00,0,61510100,0,25.6,88.1,1,1,1
B033,2025-09-09 05:00:00,0,61510100,0,25.6,88.1,1,1,1
B033,2025-09-09 06:00:00,0,61510100,0,25.6,88.1,1,1,1
B033,2025-09-09 07:00:00,0,61510100,0.001070007938,25.6,88.1,1,1,1
B033,2025-09-09 08:00:00,0,61510100,0,9.42,88.09,1,1,1
B033,2025-09-09 09:00:00,0,61510100,0,9.62,88.1,1,1,1
B033,2025-09-09 10:00:00,0,61510100,0,9.42,88.09,1,1,1
B033,2025-09-09 11:00:00,0,61510100,0,9.42,88.09,1,1,1
B033,2025-09-09 12:00:00,0,61510100,0,9.42,88.09,1,1,1
B033,2025-09-09 13:00:00,0,61510100,8.91673282e-05,9.42,88.09,1,1,1
B033,2025-09-09 14:00:00,0,61510100,1.979466345,9.42,88.09,1,1,1
B033,2025-09-09 15:00:00,0,61510100,3.276474662,9.42,88.09,1,1,1
B033,2025-09-09 16:00:00,0,61510100,4.36356667,9.62,88.1,1,1,1
B033,2025-09-09 17:00:00,0,61510100,0.1135531178,9.82,88.11,1,1,1
B033,2025-09-09 18:00:00,0,61510100,0.1378618706,9.82,88.11,1,1,1
B033,2025-09-09 19:00:00,0,61510100,0.1379510379,9.88,88.11,1,1,1
B033,2025-09-09 20:00:00,0,61510100,0,9.82,88.11,1,1,1
B033,2025-09-09 21:00:00,0,61510100,0,9.82,88.11,1,1,1
B033,2025-09-09 22:00:00,0,61510100,0,10.1,88.12,1,1,1
B033,2025-09-09 23:00:00,0,61510100,0.1135531178,10.1,88.12,1,1,1
B033,2025-09-10 00:00:00,0,61510100,0,10.6,88.14,1,1,1
B033,2025-09-10 01:00:00,0,61510100,0,14.3,88.27,1,1,1
B033,2025-09-10 02:00:00,0,61510100,0,17.5,88.36,1,1,1
B033,2025-09-10 03:00:00,0,61510100,0,18.9,88.4,1,1,1
B033,2025-09-10 04:00:00,0,61510100,0,19.3,88.41,1,1,1
B033,2025-09-10 05:00:00,0,61510100,0,19.3,88.41,1,1,1
B033,2025-09-10 06:00:00,0,61510100,0,19.3,88.41,1,1,1
B033,2025-09-10 07:00:00,0,61510100,10.37066736,19.3,88.41,1,1,1
B033,2025-09-10 08:00:00,0,61510100,0,43.9,88.4,1,1,1
B033,2025-09-10 09:00:00,0,61510100,0,44.3,88.41,1,1,1
B033,2025-09-10 10:00:00,0,61510100,0,43.2,88.38,1,1,1
B033,2025-09-10 11:00:00,0,61510100,0,41.7,88.34,1,1,1
B033,2025-09-10 12:00:00,0,61510100,0,40.3,88.3,1,1,1
B033,2025-09-10 13:00:00,0,61510100,0,39,88.26,1,1,1
B033,2025-09-10 14:00:00,0,61510100,0,38.4,88.24,1,1,1
B033,2025-09-10 15:00:00,0,61510100,0,38.1,88.23,1,1,1
B033,2025-09-10 16:00:00,0,61510100,0.0007133386256,37.7,88.22,1,1,1
B033,2025-09-10 17:00:00,0,61510100,0,37.4,88.21,1,1,1
B033,2025-09-10 18:00:00,0,61510100,0,36.6,88.18,1,1,1
B033,2025-09-10 19:00:00,0,61510100,0,35.8,88.15,1,1,1
B033,2025-09-10 20:00:00,0,61510100,0,35.3,88.13,1,1,1
B033,2025-09-10 21:00:00,0,61510100,0,35.8,88.15,1,1,1
B033,2025-09-10 22:00:00,0,61510100,0,36.6,88.18,1,1,1
B033,2025-09-10 23:00:00,0,61510100,0,37.1,88.2,1,1,1
B033,2025-09-11 00:00:00,0,61510100,0,37.4,88.21,1,1,1
B033,2025-09-11 01:00:00,0,61510100,0,37.1,88.2,1,1,1
B033,2025-09-11 02:00:00,0,61510100,0,36.3,88.17,1,1,1
B033,2025-09-11 03:00:00,0,61510100,0,35.6,88.14,1,1,1
B033,2025-09-11 04:00:00,0,61510100,0,35.1,88.12,1,1,1
B033,2025-09-11 05:00:00,0,61510100,0,34.8,88.11,1,1,1
B033,2025-09-11 06:00:00,0,61510100,0,34.6,88.1,1,1,1
B033,2025-09-11 07:00:00,0,61510100,0.0007133386256,34.6,88.1,1,1,1
B033,2025-09-11 08:00:00,0,61510100,0,9.42,88.09,1,1,1
B033,2025-09-11 09:00:00,0,61510100,0,9.62,88.1,1,1,1
B033,2025-09-11 10:00:00,0,61510100,0,9.64,88.1,1,1,1
B033,2025-09-11 11:00:00,0,61510100,0,9.64,88.1,1,1,1
B033,2025-09-11 12:00:00,0,61510100,0,9.62,88.1,1,1,1
B033,2025-09-11 13:00:00,0,61510100,0,9.62,88.1,1,1,1
B033,2025-09-11 14:00:00,0,61510100,0,9.62,88.1,1,1,1
B033,2025-09-11 15:00:00,0,61510100,0,9.62,88.1,1,1,1
B033,2025-09-11 16:00:00,0,61510100,0,9.62,88.1,1,1,1
B033,2025-09-11 17:00:00,0,61510100,0.6406918474,9.64,88.1,1,1,1
B033,2025-09-11 18:00:00,0,61510100,0.1135531178,9.64,88.1,1,1,1
B033,2025-09-11 19:00:00,0,61510100,0,9.62,88.1,1,1,1
B033,2025-09-11 20:00:00,0,61510100,0,9.62,88.1,1,1,1
B033,2025-09-11 21:00:00,0,61510100,0,9.62,88.1,1,1,1
B033,2025-09-11 22:00:00,0,61510100,0,9.62,88.1,1,1,1
B033,2025-09-11 23:00:00,0,61510100,0,9.62,88.1,1,1,1
B033,2025-09-12 00:00:00,0,61510100,0,9.64,88.1,1,1,1
B033,2025-09-12 01:00:00,0,61510100,0,9.62,88.1,1,1,1
B033,2025-09-12 02:00:00,0,61510100,0,9.62,88.1,1,1,1
B033,2025-09-12 03:00:00,0,61510100,0,9.62,88.1,1,1,1
B033,2025-09-12 04:00:00,0,61510100,0,9.62,88.1,1,1,1
B033,2025-09-12 05:00:00,0,61510100,0,9.62,88.1,1,1,1
B033,2025-09-12 06:00:00,0,61510100,0,9.62,88.1,1,1,1
B033,2025-09-12 07:00:00,0,61510100,0.8369620875,9.62,88.1,1,1,1
B033,2025-09-12 08:00:00,0,61510100,0,8.61,88.08,1,1,1
B033,2026-03-30 07:00:00,0,61510100,5.579836418,54.8,88.45,1,1,1
B033,2026-03-30 08:00:00,0,61510100,0,53.3,88.46,1,1,1
B033,2026-03-30 09:00:00,0,61510100,0.2514149884,52.9,88.45,1,1,1
B033,2026-03-30 10:00:00,0,61510100,0,52.9,88.45,1,1,1
B033,2026-03-30 11:00:00,0,61510100,0,53.3,88.46,1,1,1
B033,2026-03-30 12:00:00,0,61510100,0,53.7,88.47,1,1,1
B033,2026-03-30 13:00:00,0,61510100,0,53.7,88.47,1,1,1
B033,2026-03-30 14:00:00,0,61510100,0,53.7,88.47,1,1,1
B033,2026-03-30 15:00:00,0,61510100,0,53.7,88.47,1,1,1
B033,2026-03-30 16:00:00,0,61510100,0,53.7,88.47,1,1,1
B033,2026-03-30 17:00:00,0,61510100,0,53.7,88.47,1,1,1
B033,2026-03-30 18:00:00,0,61510100,0,53.7,88.47,1,1,1
B033,2026-03-30 19:00:00,0,61510100,0,54.1,88.48,1,1,1
B033,2026-03-30 20:00:00,0,61510100,0,54.1,88.48,1,1,1
B033,2026-03-30 21:00:00,0,61510100,0,54.5,88.49,1,1,1
B033,2026-03-30 22:00:00,0,61510100,0,54.5,88.49,1,1,1
B033,2026-03-30 23:00:00,0,61510100,0,54.5,88.49,1,1,1
B033,2026-03-31 00:00:00,0,61510100,0,54.1,88.48,1,1,1
B033,2026-03-31 01:00:00,0,61510100,0,54.1,88.48,1,1,1
B033,2026-03-31 02:00:00,0,61510100,0,54.1,88.48,1,1,1
B033,2026-03-31 03:00:00,0,61510100,0,53.7,88.47,1,1,1
B033,2026-03-31 04:00:00,0,61510100,0,53.7,88.47,1,1,1
B033,2026-03-31 05:00:00,0,61510100,0,53.7,88.47,1,1,1
B033,2026-03-31 06:00:00,0,61510100,8.91673282e-05,53.7,88.47,1,1,1
B033,2026-03-31 07:00:00,0,61510100,0.2515041557,53.3,88.46,1,1,1
B033,2026-03-31 08:00:00,0,61510100,1.874171375,54.6,88.47,1,1,1
B033,2026-03-31 09:00:00,0,61510100,2.652992595,54.6,88.47,1,1,1
B033,2026-03-31 10:00:00,0,61510100,1.119569741,,,1,0,0
B033,2026-03-31 11:00:00,0,61510100,0.1378618706,55,88.48,1,1,1
B033,2026-03-31 12:00:00,0,61510100,0.1136422852,55,88.48,1,1,1
B033,2026-03-31 13:00:00,0,61510100,0.3650572736,55,88.48,1,1,1
B033,2026-03-31 14:00:00,0,61510100,0.1378618706,55,88.48,1,1,1
B033,2026-03-31 15:00:00,0,61510100,0,55.4,88.49,1,1,1
B033,2026-03-31 16:00:00,0,61510100,0,55.4,88.49,1,1,1
B033,2026-03-31 17:00:00,0,61510100,0,55.4,88.49,1,1,1
B033,2026-03-31 18:00:00,0,61510100,0,55.4,88.49,1,1,1
B033,2026-03-31 19:00:00,0,61510100,0,55.4,88.49,1,1,1
B033,2026-03-31 20:00:00,0,61510100,0,56.3,88.51,1,1,1
B033,2026-03-31 21:00:00,0,61510100,0,57.2,88.53,1,1,1
B033,2026-03-31 22:00:00,0,61510100,0,59.2,88.57,1,1,1
B033,2026-03-31 23:00:00,0,61510100,0,60.1,88.59,1,1,1
B033,2026-04-01 00:00:00,0,61510100,0,61.7,88.62,1,1,1
B033,2026-04-01 01:00:00,0,61510100,0,63.3,88.65,1,1,1
B033,2026-04-01 02:00:00,0,61510100,0,63.8,88.66,1,1,1
B033,2026-04-01 03:00:00,0,61510100,0,64.9,88.68,1,1,1
B033,2026-04-01 04:00:00,0,61510100,0,64.9,88.68,1,1,1
B033,2026-04-01 05:00:00,0,61510100,0,64.9,88.68,1,1,1
B033,2026-04-01 06:00:00,0,61510100,0,64.4,88.67,1,1,1
B033,2026-04-01 07:00:00,0,61510100,6.621736004,63.8,88.66,1,1,1
B033,2026-04-01 08:00:00,0,61510100,0,81.4,88.66,1,1,1
B033,2026-04-01 09:00:00,0,61510100,0,80.9,88.65,1,1,1
B033,2026-04-01 10:00:00,0,61510100,0,80.9,88.65,1,1,1
B033,2026-04-01 11:00:00,0,61510100,0,80.4,88.64,1,1,1
B033,2026-04-01 12:00:00,0,61510100,0,79.8,88.63,1,1,1
B033,2026-04-01 13:00:00,0,61510100,0,78.7,88.61,1,1,1
B033,2026-04-01 14:00:00,0,61510100,0,78.7,88.61,1,1,1
B033,2026-04-01 15:00:00,0,61510100,0,77.7,88.59,1,1,1
B033,2026-04-01 16:00:00,0,61510100,0,77.2,88.58,1,1,1
B033,2026-04-01 17:00:00,0,61510100,0,76.3,88.56,1,1,1
B033,2026-04-01 18:00:00,0,61510100,0,75.8,88.55,1,1,1
B033,2026-04-01 19:00:00,0,61510100,0,74.8,88.53,1,1,1
B033,2026-04-01 20:00:00,0,61510100,0,74.4,88.52,1,1,1
B033,2026-04-01 21:00:00,0,61510100,0,74.4,88.52,1,1,1
B033,2026-04-01 22:00:00,0,61510100,0,73.4,88.5,1,1,1
B033,2026-04-01 23:00:00,0,61510100,0,73.4,88.5,1,1,1
B033,2026-04-02 00:00:00,0,61510100,0,73,88.49,1,1,1
B033,2026-04-02 01:00:00,0,61510100,0,73,88.49,1,1,1
B033,2026-04-02 02:00:00,0,61510100,0,72.6,88.48,1,1,1
B033,2026-04-02 03:00:00,0,61510100,0,72.6,88.48,1,1,1
B033,2026-04-02 04:00:00,0,61510100,0,72.6,88.48,1,1,1
B033,2026-04-02 05:00:00,0,61510100,0,72.6,88.48,1,1,1
B033,2026-04-02 06:00:00,0,61510100,0,72.2,88.47,1,1,1
B033,2026-04-02 07:00:00,0,61510100,0,,,1,0,0
B033,2026-04-02 08:00:00,0,61510100,8.91673282e-05,54.6,88.47,1,1,1
B033,2026-04-02 09:00:00,0,61510100,0.1135531178,54.6,88.47,1,1,1
B033,2026-04-02 10:00:00,0,61510100,0.3893660263,54.2,88.46,1,1,1
B033,2026-04-02 11:00:00,0,61510100,0.2515041557,54.2,88.46,1,1,1
B033,2026-04-02 12:00:00,0,61510100,0.5029191441,54.2,88.46,1,1,1
B033,2026-04-02 13:00:00,0,61510100,0,53.8,88.45,1,1,1
B033,2026-04-02 14:00:00,0,61510100,0,52.5,88.42,1,1,1
B033,2026-04-02 15:00:00,0,61510100,0,51.3,88.39,1,1,1
B033,2026-04-02 16:00:00,0,61510100,0.5924310113,50.6,88.37,1,1,1
B033,2026-04-02 17:00:00,0,61510100,0.5030083115,51,88.38,1,1,1
B033,2026-04-02 18:00:00,0,61510100,8.91673282e-05,51.3,88.39,1,1,1
B033,2026-04-02 19:00:00,0,61510100,0.3650572736,52.5,88.42,1,1,1
B033,2026-04-02 20:00:00,0,61510100,0,53.3,88.44,1,1,1
B033,2026-04-02 21:00:00,0,61510100,0.1135531178,54.2,88.46,1,1,1
B033,2026-04-02 22:00:00,0,61510100,0,54.6,88.47,1,1,1
B033,2026-04-02 23:00:00,0,61510100,0,,,1,0,0
B033,2026-04-03 00:00:00,0,61510100,0.139103263,54.6,88.47,1,1,1
B033,2026-04-03 01:00:00,0,61510100,0.1934694336,54.6,88.47,1,1,1
B033,2026-04-03 02:00:00,0,61510100,0,52.9,88.43,1,1,1
B033,2026-04-03 03:00:00,0,61510100,0,51.7,88.4,1,1,1
B033,2026-04-03 04:00:00,0,61510100,0.5874154644,51.3,88.39,1,1,1
B033,2026-04-03 05:00:00,0,61510100,1.732746603,51,88.38,1,1,1
B033,2026-04-03 06:00:00,0,61510100,0.5755057203,52.1,88.41,1,1,1
B033,2026-04-03 07:00:00,0,61510100,1.303809127,53.8,88.45,1,1,1
B033,2026-04-03 08:00:00,0,61510100,2.568150864,56,88.48,1,1,1
