GRAPH_ID,TIMESTAMP,NODE_INDEX,STATION_ID,RAIN_MM,FLOW,WATER_LEVEL,RAIN_MASK,FLOW_MASK,WATER_LEVEL_MASK
B034,2021-04-18 14:00:00,0,617E2950,0.02028843909,,38.19,1,0,1
B034,2021-04-18 14:00:00,1,61711890,0.04832850069,,23.14,1,0,1
B034,2021-04-18 15:00:00,0,617E2950,0.0513688808,,38.19,1,0,1
B034,2021-04-18 15:00:00,1,61711890,0.05033010222,,23.14,1,0,1
B034,2021-04-18 16:00:00,0,617E2950,0.03307370573,,38.19,1,0,1
B034,2021-04-18 16:00:00,1,61711890,0.08217777465,,23.14,1,0,1
B034,2021-04-18 17:00:00,0,617E2950,0,,38.19,1,0,1
B034,2021-04-18 17:00:00,1,61711890,0.0120775482,,23.13,1,0,1
B034,2021-04-18 18:00:00,0,617E2950,0,,38.19,1,0,1
B034,2021-04-18 18:00:00,1,61711890,0,,23.13,1,0,1
B034,2021-04-18 19:00:00,0,617E2950,0,,38.19,1,0,1
B034,2021-04-18 19:00:00,1,61711890,0.001249919391,,23.13,1,0,1
B034,2021-04-18 20:00:00,0,617E2950,0,,38.19,1,0,1
B034,2021-04-18 20:00:00,1,61711890,0,,23.13,1,0,1
B034,2021-04-18 21:00:00,0,617E2950,0,,38.19,1,0,1
B034,2021-04-18 21:00:00,1,61711890,0,,23.13,1,0,1
B034,2021-04-18 22:00:00,0,617E2950,0,,38.19,1,0,1
B034,2021-04-18 22:00:00,1,61711890,0,,23.13,1,0,1
B034,2021-04-18 23:00:00,0,617E2950,0,,38.19,1,0,1
B034,2021-04-18 23:00:00,1,61711890,0,,23.13,1,0,1
B034,2021-04-19 00:00:00,0,617E2950,0,,38.19,1,0,1
B034,2021-04-19 00:00:00,1,61711890,0,,23.13,1,0,1
B034,2021-04-19 01:00:00,0,617E2950,0,,38.19,1,0,1
B034,2021-04-19 01:00:00,1,61711890,0,,23.14,1,0,1
B034,2021-04-19 02:00:00,0,617E2950,0,,38.19,1,0,1
B034,2021-04-19 02:00:00,1,61711890,0,,23.14,1,0,1
B034,2021-04-19 03:00:00,0,617E2950,0,,38.19,1,0,1
B034,2021-04-19 03:00:00,1,61711890,0,,23.14,1,0,1
B034,2021-04-19 04:00:00,0,617E2950,0,,38.19,1,0,1
B034,2021-04-19 04:00:00,1,61711890,0,,23.14,1,0,1
B034,2021-04-19 05:00:00,0,617E2950,0,,38.19,1,0,1
B034,2021-04-19 05:00:00,1,61711890,0,,23.13,1,0,1
B034,2021-04-19 06:00:00,0,617E2950,0,,38.19,1,0,1
B034,2021-04-19 06:00:00,1,61711890,0,,23.13,1,0,1
B034,2021-04-19 07:00:00,0,617E2950,0.1269256491,,38.19,1,0,1
B034,2021-04-19 07:00:00,1,61711890,0.2201965923,,23.13,1,0,1
B034,2021-04-19 08:00:00,0,617E2950,0,,38.19,1,0,1
B034,2021-04-19 08:00:00,1,61711890,0,,23.13,1,0,1
B034,2021-04-19 09:00:00,0,617E2950,0,,38.19,1,0,1
B034,2021-04-19 09:00:00,1,61711890,0,,23.13,1,0,1
B034,2021-04-19 10:00:00,0,617E2950,0,,38.18,1,0,1
B034,2021-04-19 10:00:00,1,61711890,0,,23.13,1,0,1
B034,2021-04-19 11:00:00,0,617E2950,0,,38.18,1,0,1
B034,2021-04-19 11:00:00,1,61711890,0,,23.13,1,0,1
B034,2021-04-19 12:00:00,0,617E2950,0,,38.17,1,0,1
B034,2021-04-19 12:00:00,1,61711890,0,,23.13,1,0,1
B034,2021-04-19 13:00:00,0,617E2950,0,,38.17,1,0,1
B034,2021-04-19 13:00:00,1,61711890,0,,23.13,1,0,1
B034,2021-04-19 14:00:00,0,617E2950,0,,38.17,1,0,1
B034,2021-04-19 14:00:00,1,61711890,0,,23.12,1,0,1
B034,2021-04-19 15:00:00,0,617E2950,0,,38.17,1,0,1
B034,2021-04-19 15:00:00,1,61711890,0,,23.12,1,0,1
B034,2021-04-19 16:00:00,0,617E2950,0,,38.17,1,0,1
B034,2021-04-19 16:00:00,1,61711890,0,,23.11,1,0,1
B034,2021-04-19 17:00:00,0,617E2950,0,,38.17,1,0,1
B034,2021-04-19 17:00:00,1,61711890,0,,23.11,1,0,1
B034,2021-04-19 18:00:00,0,617E2950,0,,38.17,1,0,1
B034,2021-04-19 18:00:00,1,61711890,0,,23.1,1,0,1
B034,2021-04-19 19:00:00,0,617E2950,0,,38.17,1,0,1
B034,2021-04-19 19:00:00,1,61711890,0,,23.1,1,0,1
B034,2021-04-19 20:00:00,0,617E2950,0,,38.17,1,0,1
B034,2021-04-19 20:00:00,1,61711890,0,,23.1,1,0,1
B034,2021-04-19 21:00:00,0,617E2950,0,,38.17,1,0,1
B034,2021-04-19 21:00:00,1,61711890,0,,23.1,1,0,1
B034,2021-04-19 22:00:00,0,617E2950,0,,38.17,1,0,1
B034,2021-04-19 22:00:00,1,61711890,0,,23.1,1,0,1
B034,2021-04-19 23:00:00,0,617E2950,0,,38.17,1,0,1
B034,2021-04-19 23:00:00,1,61711890,0,,23.09,1,0,1
B034,2021-04-20 00:00:00,0,617E2950,0.01518644089,,38.17,1,0,1
B034,2021-04-20 00:00:00,1,61711890,0.007662231919,,23.09,1,0,1
B034,2021-04-20 01:00:00,0,617E2950,0,,38.17,1,0,1
B034,2021-04-20 01:00:00,1,61711890,0,,23.09,1,0,1
B034,2021-04-20 02:00:00,0,617E2950,0,,38.17,1,0,1
B034,2021-04-20 02:00:00,1,61711890,0,,23.09,1,0,1
B034,2021-04-20 03:00:00,0,617E2950,0,,38.17,1,0,1
B034,2021-04-20 03:00:00,1,61711890,0,,23.09,1,0,1
B034,2021-04-20 04:00:00,0,617E2950,0,,38.17,1,0,1
B034,2021-04-20 04:00:00,1,61711890,0,,23.09,1,0,1
B034,2021-04-20 05:00:00,0,617E2950,0,,38.17,1,0,1
B034,2021-04-20 05:00:00,1,61711890,0,,23.09,1,0,1
B034,2021-04-20 06:00:00,0,617E2950,0,,38.17,1,0,1
B034,2021-04-20 06:00:00,1,61711890,0,,23.09,1,0,1
B034,2021-04-20 07:00:00,0,617E2950,0,,38.17,1,0,1
B034,2021-04-20 07:00:00,1,61711890,0,,23.09,1,0,1
B034,2021-04-20 08:00:00,0,617E2950,0,,38.17,1,0,1
B034,2021-04-20 08:00:00,1,61711890,0,,23.09,1,0,1
B034,2021-04-20 09:00:00,0,617E2950,0,,38.17,1,0,1
B034,2021-04-20 09:00:00,1,61711890,0,,23.09,1,0,1
B034,2021-04-20 10:00:00,0,617E2950,0,,38.17,1,0,1
B034,2021-04-20 10:00:00,1,61711890,0,,23.09,1,0,1
B034,2021-04-20 11:00:00,0,617E2950,0,,38.17,1,0,1
B034,2021-04-20 11:00:00,1,61711890,0,,23.09,1,0,1
B034,2021-04-20 12:00:00,0,617E2950,0,,38.17,1,0,1
B034,2021-04-20 12:00:00,1,61711890,0,,23.09,1,0,1
B034,2021-04-20 13:00:00,0,617E2950,0,,38.17,1,0,1
B034,2021-04-20 13:00:00,1,61711890,0,,23.09,1,0,1
B034,2021-04-20 14:00:00,0,617E2950,0.0001589278992,,38.17,1,0,1
B034,2021-04-20 14:00:00,1,61711890,0,,23.09,1,0,1
B034,2021-04-20 15:00:00,0,617E2950,0.004184830137,,38.17,1,0,1
B034,2021-04-20 15:00:00,1,61711890,0.01224598602,,23.09,1,0,1
B034,2021-04-20 16:00:00,0,617E2950,0.02502190125,,38.17,1,0,1
B034,2021-04-20 16:00:00,1,61711890,0.01809685044,,23.09,1,0,1
B034,2021-04-20 17:00:00,0,617E2950,0.03199760977,,38.17,1,0,1
B034,2021-04-20 17:00:00,1,61711890,0.05458137312,,23.09,1,0,1
B034,2021-04-20 18:00:00,0,617E2950,0,,38.17,1,0,1
B034,2021-04-20 18:00:00,1,61711890,0.01332746759,,23.09,1,0,1
B034,2021-04-20 19:00:00,0,617E2950,0.3782350514,,38.17,1,0,1
B034,2021-04-20 19:00:00,1,61711890,0.2104940584,,23.09,1,0,1
B034,2021-04-20 20:00:00,0,617E2950,0.004025902238,,38.18,1,0,1
B034,2021-04-20 20:00:00,1,61711890,0.026823373,,23.09,1,0,1
B034,2021-04-20 21:00:00,0,617E2950,0,,38.18,1,0,1
B034,2021-04-20 21:00:00,1,61711890,0.02915916642,,23.09,1,0,1
B034,2021-04-20 22:00:00,0,617E2950,0.01681116888,,38.17,1,0,1
B034,2021-04-20 22:00:00,1,61711890,0.0165100554,,23.09,1,0,1
B034,2021-04-20 23:00:00,0,617E2950,0,,38.16,1,0,1
B034,2021-04-20 23:00:00,1,61711890,0.004999677565,,23.09,1,0,1
B034,2021-04-21 00:00:00,0,617E2950,0.01937127103,,38.15,1,0,1
B034,2021-04-21 00:00:00,1,61711890,0.05199326131,,23.09,1,0,1
B034,2021-04-21 01:00:00,0,617E2950,0.04004941425,,38.15,1,0,1
B034,2021-04-21 01:00:00,1,61711890,0.05034021692,,23.12,1,0,1
B034,2021-04-21 02:00:00,0,617E2950,0.02339717327,,38.15,1,0,1
B034,2021-04-21 02:00:00,1,61711890,0.04840754851,,23.14,1,0,1
B034,2021-04-21 03:00:00,0,617E2950,0.2213808301,,38.14,1,0,1
B034,2021-04-21 03:00:00,1,61711890,0.155123009,,23.14,1,0,1
B034,2021-04-21 04:00:00,0,617E2950,0.2294326345,,38.14,1,0,1
B034,2021-04-21 04:00:00,1,61711890,0.2942016487,,23.14,1,0,1
B034,2021-04-21 05:00:00,0,617E2950,0.2409828773,,38.15,1,0,1
B034,2021-04-21 05:00:00,1,61711890,0.3267072208,,23.14,1,0,1
B034,2021-04-21 06:00:00,0,617E2950,0.004025902238,,38.16,1,0,1
B034,2021-04-21 06:00:00,1,61711890,0.01974989482,,23.14,1,0,1
B034,2021-04-21 07:00:00,0,617E2950,0.439491565,,38.17,1,0,1
B034,2021-04-21 07:00:00,1,61711890,0.9517079841,,23.14,1,0,1
B034,2021-04-21 08:00:00,0,617E2950,0,,38.17,1,0,1
B034,2021-04-21 08:00:00,1,61711890,0,,23.15,1,0,1
B034,2021-04-21 09:00:00,0,617E2950,0.01681116888,,38.17,1,0,1
B034,2021-04-21 09:00:00,1,61711890,0.01526013601,,23.17,1,0,1
B034,2021-04-21 10:00:00,0,617E2950,0,,38.16,1,0,1
B034,2021-04-21 10:00:00,1,61711890,0,,23.2,1,0,1
B034,2021-04-21 11:00:00,0,617E2950,0,,38.16,1,0,1
B034,2021-04-21 11:00:00,1,61711890,0,,23.22,1,0,1
B034,2021-04-21 12:00:00,0,617E2950,0,,38.16,1,0,1
B034,2021-04-21 12:00:00,1,61711890,0,,23.22,1,0,1
B034,2021-04-21 13:00:00,0,617E2950,0,,38.16,1,0,1
B034,2021-04-21 13:00:00,1,61711890,0,,23.21,1,0,1
B034,2021-04-21 14:00:00,0,617E2950,0,,38.17,1,0,1
B034,2021-04-21 14:00:00,1,61711890,0,,23.2,1,0,1
B034,2021-04-21 15:00:00,0,617E2950,0,,38.17,1,0,1
B034,2021-04-21 15:00:00,1,61711890,0,,23.19,1,0,1
B034,2021-04-21 16:00:00,0,617E2950,0.01518644089,,38.18,1,0,1
B034,2021-04-21 16:00:00,1,61711890,0.01266190948,,23.18,1,0,1
B034,2021-04-21 17:00:00,0,617E2950,0.1940842083,,38.18,1,0,1
B034,2021-04-21 17:00:00,1,61711890,0.2779995914,,23.17,1,0,1
B034,2021-04-21 18:00:00,0,617E2950,0.142769933,,38.18,1,0,1
B034,2021-04-21 18:00:00,1,61711890,0.2303662862,,23.17,1,0,1
B034,2021-04-21 19:00:00,0,617E2950,0.8224792609,,38.18,1,0,1
B034,2021-04-21 19:00:00,1,61711890,1.331799786,,23.17,1,0,1
B034,2021-04-21 20:00:00,0,617E2950,0.7122860451,,38.26,1,0,1
B034,2021-04-21 20:00:00,1,61711890,1.033374645,,23.23,1,0,1
B034,2021-04-21 21:00:00,0,617E2950,1.654972573,,38.28,1,0,1
B034,2021-04-21 21:00:00,1,61711890,1.557901423,,23.33,1,0,1
B034,2021-04-21 22:00:00,0,617E2950,0.1886968284,,38.61,1,0,1
B034,2021-04-21 22:00:00,1,61711890,0.3354387276,,23.57,1,0,1
B034,2021-04-21 23:00:00,0,617E2950,0.1205167788,,38.11,1,0,1
B034,2021-04-21 23:00:00,1,61711890,0.1094426827,,24.03,1,0,1
B034,2021-04-22 00:00:00,0,617E2950,0.8096265776,,37.81,1,0,1
B034,2021-04-22 00:00:00,1,61711890,0.7025979751,,24.86,1,0,1
B034,2021-04-22 01:00:00,0,617E2950,0.004025902238,,37.76,1,0,1
B034,2021-04-22 01:00:00,1,61711890,0.001418357216,,25.14,1,0,1
B034,2021-04-22 02:00:00,0,617E2950,0.02012951119,,37.69,1,0,1
B034,2021-04-22 02:00:00,1,61711890,0.02875143615,,25.11,1,0,1
B034,2021-04-22 03:00:00,0,617E2950,0.03547487998,,37.66,1,0,1
B034,2021-04-22 03:00:00,1,61711890,0.04141334563,,25.04,1,0,1
B034,2021-04-22 04:00:00,0,617E2950,0.02083707111,,37.65,1,0,1
B034,2021-04-22 04:00:00,1,61711890,0.01792841261,,24.95,1,0,1
B034,2021-04-22 05:00:00,0,617E2950,0.02726414761,,37.65,1,0,1
B034,2021-04-22 05:00:00,1,61711890,0.02649469055,,24.84,1,0,1
B034,2021-04-22 06:00:00,0,617E2950,0.01610360895,,37.65,1,0,1
B034,2021-04-22 06:00:00,1,61711890,0.0202552083,,24.71,1,0,1
B034,2021-04-22 07:00:00,0,617E2950,1.514446801,,37.64,1,0,1
B034,2021-04-22 07:00:00,1,61711890,2.358874615,,24.59,1,0,1
B034,2021-04-22 08:00:00,0,617E2950,0,,37.64,1,0,1
B034,2021-04-22 08:00:00,1,61711890,0,,24.47,1,0,1
B034,2021-04-22 09:00:00,0,617E2950,0,,37.84,1,0,1
B034,2021-04-22 09:00:00,1,61711890,0,,24.3,1,0,1
B034,2021-04-22 10:00:00,0,617E2950,0,,37.96,1,0,1
B034,2021-04-22 10:00:00,1,61711890,0,,24.08,1,0,1
B034,2021-04-22 11:00:00,0,617E2950,0,,38.09,1,0,1
B034,2021-04-22 11:00:00,1,61711890,0,,23.93,1,0,1
B034,2021-04-22 12:00:00,0,617E2950,0,,38.29,1,0,1
B034,2021-04-22 12:00:00,1,61711890,0,,23.84,1,0,1
B034,2021-04-22 13:00:00,0,617E2950,0,,38.45,1,0,1
B034,2021-04-22 13:00:00,1,61711890,0.0120775482,,23.78,1,0,1
B034,2021-04-22 14:00:00,0,617E2950,0,,38.49,1,0,1
B034,2021-04-22 14:00:00,1,61711890,0,,23.76,1,0,1
B034,2021-04-22 15:00:00,0,617E2950,0,,38.45,1,0,1
B034,2021-04-22 15:00:00,1,61711890,0,,23.82,1,0,1
B034,2021-04-22 16:00:00,0,617E2950,0,,38.42,1,0,1
B034,2021-04-22 16:00:00,1,61711890,0,,23.89,1,0,1
B034,2021-04-22 17:00:00,0,617E2950,0,,38.4,1,0,1
B034,2021-04-22 17:00:00,1,61711890,0,,23.86,1,0,1
B034,2021-04-22 18:00:00,0,617E2950,0,,38.39,1,0,1
B034,2021-04-22 18:00:00,1,61711890,0,,23.8,1,0,1
B034,2021-04-22 19:00:00,0,617E2950,0,,38.38,1,0,1
B034,2021-04-22 19:00:00,1,61711890,0,,23.75,1,0,1
B034,2021-04-22 20:00:00,0,617E2950,0,,38.37,1,0,1
B034,2021-04-22 20:00:00,1,61711890,0,,23.7,1,0,1
B034,2021-04-22 21:00:00,0,617E2950,0,,38.37,1,0,1
B034,2021-04-22 21:00:00,1,61711890,0.001249919391,,23.67,1,0,1
B034,2021-04-22 22:00:00,0,617E2950,0,,38.36,1,0,1
B034,2021-04-22 22:00:00,1,61711890,0,,23.62,1,0,1
B034,2021-04-22 23:00:00,0,617E2950,0,,,1,0,0
B034,2021-04-22 23:00:00,1,61711890,0,,,1,0,0
B034,2021-04-23 00:00:00,0,617E2950,0,,,1,0,0
B034,2021-04-23 00:00:00,1,61711890,0,,,1,0,0
B034,2021-04-23 01:00:00,0,617E2950,0,,,1,0,0
B034,2021-04-23 01:00:00,1,61711890,0,,,1,0,0
B034,2021-04-23 02:00:00,0,617E2950,0,,,1,0,0
B034,2021-04-23 02:00:00,1,61711890,0,,,1,0,0
B034,2021-04-23 03:00:00,0,617E2950,0,,,1,0,0
B034,2021-04-23 03:00:00,1,61711890,0,,,1,0,0
B034,2021-04-23 04:00:00,0,617E2950,0,,,1,0,0
B034,2021-04-23 04:00:00,1,61711890,0,,,1,0,0
B034,2021-04-23 05:00:00,0,617E2950,0,,,1,0,0
B034,2021-04-23 05:00:00,1,61711890,0,,,1,0,0
B034,2021-04-23 06:00:00,0,617E2950,0,,,1,0,0
B034,2021-04-23 06:00:00,1,61711890,0,,,1,0,0
B034,2021-04-23 07:00:00,0,617E2950,0,,,1,0,0
B034,2021-04-23 07:00:00,1,61711890,0.01332746759,,,1,0,0
B034,2021-04-23 08:00:00,0,617E2950,0,,,1,0,0
B034,2021-04-23 08:00:00,1,61711890,0,,,1,0,0
B034,2021-04-23 09:00:00,0,617E2950,0,,,1,0,0
B034,2021-04-23 09:00:00,1,61711890,0,,,1,0,0
B034,2021-04-23 10:00:00,0,617E2950,0,,,1,0,0
B034,2021-04-23 10:00:00,1,61711890,0,,,1,0,0
B034,2021-04-23 11:00:00,0,617E2950,0,,,1,0,0
B034,2021-04-23 11:00:00,1,61711890,0,,,1,0,0
B034,2021-04-23 12:00:00,0,617E2950,0,,,1,0,0
B034,2021-04-23 12:00:00,1,61711890,0,,,1,0,0
B034,2021-04-23 13:00:00,0,617E2950,0,,38.26,1,0,1
B034,2021-04-23 13:00:00,1,61711890,0,,23.34,1,0,1
B034,2021-04-23 14:00:00,0,617E2950,0,,38.28,1,0,1
B034,2021-04-23 14:00:00,1,61711890,0,,23.33,1,0,1
B034,2021-04-23 15:00:00,0,617E2950,0,,38.28,1,0,1
B034,2021-04-23 15:00:00,1,61711890,0,,23.34,1,0,1
B034,2021-04-23 16:00:00,0,617E2950,0,,38.28,1,0,1
B034,2021-04-23 16:00:00,1,61711890,0,,23.36,1,0,1
B034,2021-04-23 17:00:00,0,617E2950,0,,38.27,1,0,1
B034,2021-04-23 17:00:00,1,61711890,0,,23.37,1,0,1
B034,2021-04-23 18:00:00,0,617E2950,0,,38.27,1,0,1
B034,2021-04-23 18:00:00,1,61711890,0,,23.37,1,0,1
B034,2021-04-23 19:00:00,0,617E2950,0,,38.26,1,0,1
B034,2021-04-23 19:00:00,1,61711890,0,,23.37,1,0,1
B034,2021-04-23 20:00:00,0,617E2950,0,,38.26,1,0,1
B034,2021-04-23 20:00:00,1,61711890,0,,23.36,1,0,1
B034,2021-04-23 21:00:00,0,617E2950,0,,38.26,1,0,1
B034,2021-04-23 21:00:00,1,61711890,0,,23.35,1,0,1
B034,2021-04-23 22:00:00,0,617E2950,0,,38.26,1,0,1
B034,2021-04-23 22:00:00,1,61711890,0,,23.34,1,0,1
B034,2021-04-23 23:00:00,0,617E2950,0,,38.25,1,0,1
B034,2021-04-23 23:00:00,1,61711890,0,,23.33,1,0,1
B034,2021-04-24 00:00:00,0,617E2950,0,,38.25,1,0,1
B034,2021-04-24 00:00:00,1,61711890,0,,23.33,1,0,1
B034,2021-04-24 01:00:00,0,617E2950,0,,38.25,1,0,1
B034,2021-04-24 01:00:00,1,61711890,0,,23.32,1,0,1
B034,2021-04-24 02:00:00,0,617E2950,0,,38.25,1,0,1
B034,2021-04-24 02:00:00,1,61711890,0,,23.31,1,0,1
B034,2021-04-24 03:00:00,0,617E2950,0,,38.25,1,0,1
B034,2021-04-24 03:00:00,1,61711890,0,,23.31,1,0,1
B034,2021-04-24 04:00:00,0,617E2950,0,,38.25,1,0,1
B034,2021-04-24 04:00:00,1,61711890,0,,23.31,1,0,1
B034,2021-04-24 05:00:00,0,617E2950,0,,38.24,1,0,1
B034,2021-04-24 05:00:00,1,61711890,0,,23.3,1,0,1
B034,2021-04-24 06:00:00,0,617E2950,0,,38.24,1,0,1
B034,2021-04-24 06:00:00,1,61711890,0,,23.3,1,0,1
B034,2021-04-24 07:00:00,0,617E2950,0.05299360878,,38.24,1,0,1
B034,2021-04-24 07:00:00,1,61711890,0.1104139954,,23.29,1,0,1
B034,2021-04-24 08:00:00,0,617E2950,0.1009541057,,38.24,1,0,1
B034,2021-04-24 08:00:00,1,61711890,0.1647124932,,23.29,1,0,1
B034,2021-04-24 09:00:00,0,617E2950,0.3987581919,,38.25,1,0,1
B034,2021-04-24 09:00:00,1,61711890,0.5900573311,,23.29,1,0,1
B034,2021-04-24 10:00:00,0,617E2950,0.506648632,,38.27,1,0,1
B034,2021-04-24 10:00:00,1,61711890,0.601930494,,23.29,1,0,1
B034,2021-04-24 11:00:00,0,617E2950,0.6783684507,,38.28,1,0,1
B034,2021-04-24 11:00:00,1,61711890,0.687338474,,23.3,1,0,1
B034,2021-04-24 12:00:00,0,617E2950,0.9845309169,,38.31,1,0,1
B034,2021-04-24 12:00:00,1,61711890,0.9791732412,,23.33,1,0,1
B034,2021-04-24 13:00:00,0,617E2950,0.8208741958,,38.4,1,0,1
B034,2021-04-24 13:00:00,1,61711890,0.7833675494,,23.39,1,0,1
B034,2021-04-24 14:00:00,0,617E2950,0.739261849,,38.51,1,0,1
B034,2021-04-24 14:00:00,1,61711890,0.8420908291,,23.53,1,0,1
B034,2021-04-24 15:00:00,0,617E2950,0.5291793174,,38.53,1,0,1
B034,2021-04-24 15:00:00,1,61711890,0.5807984174,,23.79,1,0,1
B034,2021-04-24 16:00:00,0,617E2950,0.4041091725,,38.56,1,0,1
B034,2021-04-24 16:00:00,1,61711890,0.4648529152,,24.16,1,0,1
B034,2021-04-24 17:00:00,0,617E2950,0.4914621911,,38.65,1,0,1
B034,2021-04-24 17:00:00,1,61711890,0.4897461246,,24.43,1,0,1
B034,2021-04-24 18:00:00,0,617E2950,0.2139283378,,38.89,1,0,1
B034,2021-04-24 18:00:00,1,61711890,0.2611018135,,24.59,1,0,1
B034,2021-04-24 19:00:00,0,617E2950,0.2057176055,,38.37,1,0,1
B034,2021-04-24 19:00:00,1,61711890,0.2249583314,,24.77,1,0,1
B034,2021-04-24 20:00:00,0,617E2950,0.08922672893,,38.11,1,0,1
B034,2021-04-24 20:00:00,1,61711890,0.1356871892,,25.17,1,0,1
B034,2021-04-24 21:00:00,0,617E2950,0.09597166122,,38.06,1,0,1
B034,2021-04-24 21:00:00,1,61711890,0.09468457005,,25.26,1,0,1
B034,2021-04-24 22:00:00,0,617E2950,0.1223004347,,38.03,1,0,1
B034,2021-04-24 22:00:00,1,61711890,0.1503755496,,25.18,1,0,1
B034,2021-04-24 23:00:00,0,617E2950,0.01207770671,,37.98,1,0,1
B034,2021-04-24 23:00:00,1,61711890,0.01050466861,,25.09,1,0,1
B034,2021-04-25 00:00:00,0,617E2950,0.06838965781,,37.93,1,0,1
B034,2021-04-25 00:00:00,1,61711890,0.06984642685,,25.01,1,0,1
B034,2021-04-25 01:00:00,0,617E2950,0.0563119511,,37.87,1,0,1
B034,2021-04-25 01:00:00,1,61711890,0.06101332335,,24.93,1,0,1
B034,2021-04-25 02:00:00,0,617E2950,0.01223663461,,37.83,1,0,1
B034,2021-04-25 02:00:00,1,61711890,0.011754588,,24.82,1,0,1
B034,2021-04-25 03:00:00,0,617E2950,0.004025902238,,37.79,1,0,1
B034,2021-04-25 03:00:00,1,61711890,0.02099981422,,24.71,1,0,1
B034,2021-04-25 04:00:00,0,617E2950,0.01518644089,,37.75,1,0,1
B034,2021-04-25 04:00:00,1,61711890,0.0101620707,,24.6,1,0,1
B034,2021-04-25 05:00:00,0,617E2950,0.008051804476,,37.71,1,0,1
B034,2021-04-25 05:00:00,1,61711890,0.009086311389,,24.5,1,0,1
B034,2021-04-25 06:00:00,0,617E2950,0.01207770671,,37.7,1,0,1
B034,2021-04-25 06:00:00,1,61711890,0.006754910431,,24.41,1,0,1
B034,2021-04-25 07:00:00,0,617E2950,4.914574757,,37.68,1,0,1
B034,2021-04-25 07:00:00,1,61711890,3.718299827,,24.31,1,0,1
B034,2021-04-25 08:00:00,0,617E2950,0.01681116888,,37.66,1,0,1
B034,2021-04-25 08:00:00,1,61711890,0.02275965235,,24.23,1,0,1
B034,2021-04-25 09:00:00,0,617E2950,0.004025902238,,37.64,1,0,1
B034,2021-04-25 09:00:00,1,61711890,0.001418357216,,24.06,1,0,1
B034,2021-04-25 10:00:00,0,617E2950,0,,,1,0,0
B034,2021-04-25 10:00:00,1,61711890,0,,,1,0,0
B034,2021-04-25 11:00:00,0,617E2950,0,,37.9,1,0,1
B034,2021-04-25 11:00:00,1,61711890,0,,23.88,1,0,1
B034,2021-04-25 12:00:00,0,617E2950,0,,38.23,1,0,1
B034,2021-04-25 12:00:00,1,61711890,0,,23.74,1,0,1
B034,2021-04-25 13:00:00,0,617E2950,0,,38.4,1,0,1
B034,2021-04-25 13:00:00,1,61711890,0,,23.68,1,0,1
B034,2021-04-25 14:00:00,0,617E2950,0,,38.44,1,0,1
B034,2021-04-25 14:00:00,1,61711890,0,,23.66,1,0,1
B034,2021-04-25 15:00:00,0,617E2950,0,,38.44,1,0,1
B034,2021-04-25 15:00:00,1,61711890,0,,23.74,1,0,1
B034,2021-04-25 16:00:00,0,617E2950,0,,38.43,1,0,1
B034,2021-04-25 16:00:00,1,61711890,0,,23.79,1,0,1
B034,2021-04-25 17:00:00,0,617E2950,0,,38.42,1,0,1
B034,2021-04-25 17:00:00,1,61711890,0,,23.8,1,0,1
B034,2021-04-25 18:00:00,0,617E2950,0,,38.4,1,0,1
B034,2021-04-25 18:00:00,1,61711890,0,,23.78,1,0,1
B034,2021-04-25 19:00:00,0,617E2950,0,,38.38,1,0,1
B034,2021-04-25 19:00:00,1,61711890,0,,23.74,1,0,1
B034,2021-04-25 20:00:00,0,617E2950,0,,38.37,1,0,1
B034,2021-04-25 20:00:00,1,61711890,0,,23.72,1,0,1
B034,2021-04-25 21:00:00,0,617E2950,0,,38.36,1,0,1
B034,2021-04-25 21:00:00,1,61711890,0,,23.68,1,0,1
B034,2021-04-25 22:00:00,0,617E2950,0,,38.36,1,0,1
B034,2021-04-25 22:00:00,1,61711890,0,,23.65,1,0,1
B034,2021-04-25 23:00:00,0,617E2950,0,,38.35,1,0,1
B034,2021-04-25 23:00:00,1,61711890,0,,23.62,1,0,1
B034,2021-04-26 00:00:00,0,617E2950,0,,38.35,1,0,1
B034,2021-04-26 00:00:00,1,61711890,0,,23.61,1,0,1
B034,2021-04-26 01:00:00,0,617E2950,0,,38.35,1,0,1
B034,2021-04-26 01:00:00,1,61711890,0,,23.59,1,0,1
B034,2021-04-26 02:00:00,0,617E2950,0,,38.35,1,0,1
B034,2021-04-26 02:00:00,1,61711890,0,,23.57,1,0,1
B034,2021-04-26 03:00:00,0,617E2950,0,,38.35,1,0,1
B034,2021-04-26 03:00:00,1,61711890,0,,23.56,1,0,1
B034,2021-04-26 04:00:00,0,617E2950,0,,38.34,1,0,1
B034,2021-04-26 04:00:00,1,61711890,0,,23.54,1,0,1
B034,2021-04-26 05:00:00,0,617E2950,0,,38.34,1,0,1
B034,2021-04-26 05:00:00,1,61711890,0,,23.54,1,0,1
B034,2021-04-26 06:00:00,0,617E2950,0,,38.34,1,0,1
B034,2021-04-26 06:00:00,1,61711890,0,,23.53,1,0,1
B034,2021-04-26 07:00:00,0,617E2950,0.02083707111,,38.34,1,0,1
B034,2021-04-26 07:00:00,1,61711890,0.02417800957,,23.51,1,0,1
B034,2021-04-26 08:00:00,0,617E2950,0,,38.33,1,0,1
B034,2021-04-26 08:00:00,1,61711890,0,,23.51,1,0,1
B034,2021-04-26 09:00:00,0,617E2950,0,,38.33,1,0,1
B034,2021-04-26 09:00:00,1,61711890,0.01583169883,,23.5,1,0,1
B034,2021-04-26 10:00:00,0,617E2950,0,,38.33,1,0,1
B034,2021-04-26 10:00:00,1,61711890,0,,23.49,1,0,1
B034,2021-04-26 11:00:00,0,617E2950,0,,38.33,1,0,1
B034,2021-04-26 11:00:00,1,61711890,0,,23.48,1,0,1
B034,2021-04-26 12:00:00,0,617E2950,0,,38.26,1,0,1
B034,2021-04-26 12:00:00,1,61711890,0,,23.47,1,0,1
B034,2021-04-26 13:00:00,0,617E2950,0,,38.2,1,0,1
B034,2021-04-26 13:00:00,1,61711890,0,,23.47,1,0,1
B034,2021-04-26 14:00:00,0,617E2950,0.02904780349,,38.18,1,0,1
B034,2021-04-26 14:00:00,1,61711890,0.03034283646,,23.45,1,0,1
B034,2021-04-26 15:00:00,0,617E2950,0.01921234313,,38.17,1,0,1
B034,2021-04-26 15:00:00,1,61711890,0.007830669744,,23.41,1,0,1
B034,2021-04-26 16:00:00,0,617E2950,0,,38.21,1,0,1
B034,2021-04-26 16:00:00,1,61711890,0.01332746759,,23.38,1,0,1
B034,2021-04-26 17:00:00,0,617E2950,0,,38.25,1,0,1
B034,2021-04-26 17:00:00,1,61711890,0,,23.35,1,0,1
B034,2021-04-26 18:00:00,0,617E2950,0,,38.28,1,0,1
B034,2021-04-26 18:00:00,1,61711890,0,,23.33,1,0,1
B034,2021-04-26 19:00:00,0,617E2950,0,,38.28,1,0,1
B034,2021-04-26 19:00:00,1,61711890,0,,23.32,1,0,1
B034,2021-04-26 20:00:00,0,617E2950,0,,38.28,1,0,1
B034,2021-04-26 20:00:00,1,61711890,0,,23.34,1,0,1
B034,2021-04-26 21:00:00,0,617E2950,0,,38.28,1,0,1
B034,2021-04-26 21:00:00,1,61711890,0.001249919391,,23.36,1,0,1
B034,2021-04-26 22:00:00,0,617E2950,0,,38.28,1,0,1
B034,2021-04-26 22:00:00,1,61711890,0,,23.37,1,0,1
B034,2021-04-26 23:00:00,0,617E2950,0.01207770671,,38.28,1,0,1
B034,2021-04-26 23:00:00,1,61711890,0.0005053134748,,23.37,1,0,1
B034,2021-04-27 00:00:00,0,617E2950,0.004025902238,,38.28,1,0,1
B034,2021-04-27 00:00:00,1,61711890,0.0001684378249,,23.37,1,0,1
B034,2021-04-27 01:00:00,0,617E2950,0,,38.28,1,0,1
B034,2021-04-27 01:00:00,1,61711890,0.001249919391,,23.37,1,0,1
B034,2021-04-27 02:00:00,0,617E2950,0,,38.28,1,0,1
B034,2021-04-27 02:00:00,1,61711890,0,,23.37,1,0,1
B034,2021-04-27 03:00:00,0,617E2950,0.03215653767,,38.28,1,0,1
B034,2021-04-27 03:00:00,1,61711890,0.03875406675,,23.36,1,0,1
B034,2021-04-27 04:00:00,0,617E2950,0,,38.27,1,0,1
B034,2021-04-27 04:00:00,1,61711890,0.0120775482,,23.36,1,0,1
B034,2021-04-27 05:00:00,0,617E2950,0,,38.27,1,0,1
B034,2021-04-27 05:00:00,1,61711890,0.0120775482,,23.35,1,0,1
B034,2021-04-27 06:00:00,0,617E2950,0,,38.27,1,0,1
B034,2021-04-27 06:00:00,1,61711890,0,,23.35,1,0,1
B034,2021-04-27 07:00:00,0,617E2950,0.03362233775,,38.27,1,0,1
B034,2021-04-27 07:00:00,1,61711890,0.1104938625,,23.34,1,0,1
B034,2021-04-27 08:00:00,0,617E2950,0,,38.27,1,0,1
B034,2021-04-27 08:00:00,1,61711890,0,,23.34,1,0,1
B034,2021-04-27 09:00:00,0,617E2950,0,,38.27,1,0,1
B034,2021-04-27 09:00:00,1,61711890,0,,23.33,1,0,1
B034,2021-04-27 10:00:00,0,617E2950,0,,38.27,1,0,1
B034,2021-04-27 10:00:00,1,61711890,0,,23.33,1,0,1
B034,2021-05-01 12:00:00,0,617E2950,0,,38.18,1,0,1
B034,2021-05-01 12:00:00,1,61711890,0,,23.12,1,0,1
B034,2021-05-01 13:00:00,0,617E2950,0,,38.18,1,0,1
B034,2021-05-01 13:00:00,1,61711890,0,,23.12,1,0,1
B034,2021-05-01 14:00:00,0,617E2950,0,,38.18,1,0,1
B034,2021-05-01 14:00:00,1,61711890,0,,23.12,1,0,1
B034,2021-05-01 15:00:00,0,617E2950,0,,38.18,1,0,1
B034,2021-05-01 15:00:00,1,61711890,0,,23.12,1,0,1
B034,2021-05-01 16:00:00,0,617E2950,0,,38.18,1,0,1
B034,2021-05-01 16:00:00,1,61711890,0,,23.12,1,0,1
B034,2021-05-01 17:00:00,0,617E2950,0,,38.18,1,0,1
B034,2021-05-01 17:00:00,1,61711890,0,,23.11,1,0,1
B034,2021-05-01 18:00:00,0,617E2950,0,,38.18,1,0,1
B034,2021-05-01 18:00:00,1,61711890,0,,23.11,1,0,1
B034,2021-05-01 19:00:00,0,617E2950,0,,38.18,1,0,1
B034,2021-05-01 19:00:00,1,61711890,0,,23.11,1,0,1
B034,2021-05-01 20:00:00,0,617E2950,0,,38.18,1,0,1
B034,2021-05-01 20:00:00,1,61711890,0,,23.1,1,0,1
B034,2021-05-01 21:00:00,0,617E2950,0,,38.18,1,0,1
B034,2021-05-01 21:00:00,1,61711890,0,,23.1,1,0,1
B034,2021-05-01 22:00:00,0,617E2950,0,,38.18,1,0,1
B034,2021-05-01 22:00:00,1,61711890,0,,23.1,1,0,1
B034,2021-05-01 23:00:00,0,617E2950,0,,38.17,1,0,1
B034,2021-05-01 23:00:00,1,61711890,0,,23.1,1,0,1
B034,2021-05-02 00:00:00,0,617E2950,0,,38.17,1,0,1
B034,2021-05-02 00:00:00,1,61711890,0,,23.09,1,0,1
B034,2021-05-02 01:00:00,0,617E2950,0,,38.17,1,0,1
B034,2021-05-02 01:00:00,1,61711890,0,,23.09,1,0,1
B034,2021-05-02 02:00:00,0,617E2950,0,,38.17,1,0,1
B034,2021-05-02 02:00:00,1,61711890,0,,23.1,1,0,1
B034,2021-05-02 03:00:00,0,617E2950,0,,38.17,1,0,1
B034,2021-05-02 03:00:00,1,61711890,0,,23.1,1,0,1
B034,2021-05-02 04:00:00,0,617E2950,0,,38.17,1,0,1
B034,2021-05-02 04:00:00,1,61711890,0,,23.1,1,0,1
B034,2021-05-02 05:00:00,0,617E2950,0,,38.17,1,0,1
B034,2021-05-02 05:00:00,1,61711890,0,,23.1,1,0,1
B034,2021-05-02 06:00:00,0,617E2950,0,,38.17,1,0,1
B034,2021-05-02 06:00:00,1,61711890,0,,23.1,1,0,1
B034,2021-05-02 07:00:00,0,617E2950,0,,38.17,1,0,1
B034,2021-05-02 07:00:00,1,61711890,0,,23.09,1,0,1
B034,2021-05-02 08:00:00,0,617E2950,0,,38.17,1,0,1
B034,2021-05-02 08:00:00,1,61711890,0,,23.09,1,0,1
B034,2021-05-02 09:00:00,0,617E2950,0,,38.17,1,0,1
B034,2021-05-02 09:00:00,1,61711890,0,,23.09,1,0,1
B034,2021-05-02 10:00:00,0,617E2950,0,,38.17,1,0,1
B034,2021-05-02 10:00:00,1,61711890,0,,23.09,1,0,1
B034,2021-05-02 11:00:00,0,617E2950,0,,38.17,1,0,1
B034,2021-05-02 11:00:00,1,61711890,0,,23.09,1,0,1
B034,2021-05-02 12:00:00,0,617E2950,0,,38.17,1,0,1
B034,2021-05-02 12:00:00,1,61711890,0,,23.09,1,0,1
B034,2021-05-02 13:00:00,0,617E2950,0,,38.17,1,0,1
B034,2021-05-02 13:00:00,1,61711890,0,,23.09,1,0,1
B034,2021-05-02 14:00:00,0,617E2950,0,,38.18,1,0,1
B034,2021-05-02 14:00:00,1,61711890,0,,23.1,1,0,1
B034,2021-05-02 15:00:00,0,617E2950,0,,38.18,1,0,1
B034,2021-05-02 15:00:00,1,61711890,0,,23.1,1,0,1
B034,2021-05-02 16:00:00,0,617E2950,0,,38.19,1,0,1
B034,2021-05-02 16:00:00,1,61711890,0,,23.11,1,0,1
B034,2021-05-02 17:00:00,0,617E2950,0,,38.23,1,0,1
B034,2021-05-02 17:00:00,1,61711890,0,,23.1,1,0,1
B034,2021-05-02 18:00:00,0,617E2950,0,,38.26,1,0,1
B034,2021-05-02 18:00:00,1,61711890,0,,23.1,1,0,1
B034,2021-05-02 19:00:00,0,617E2950,0,,38.27,1,0,1
B034,2021-05-02 19:00:00,1,61711890,0,,23.1,1,0,1
B034,2021-05-02 20:00:00,0,617E2950,0,,38.27,1,0,1
B034,2021-05-02 20:00:00,1,61711890,0,,23.1,1,0,1
B034,2021-05-02 21:00:00,0,617E2950,0,,38.27,1,0,1
B034,2021-05-02 21:00:00,1,61711890,0,,23.11,1,0,1
B034,2021-05-02 22:00:00,0,617E2950,0,,38.41,1,0,1
B034,2021-05-02 22:00:00,1,61711890,0,,23.14,1,0,1
B034,2021-05-02 23:00:00,0,617E2950,0,,38.44,1,0,1
B034,2021-05-02 23:00:00,1,61711890,0,,23.17,1,0,1
B034,2021-05-03 00:00:00,0,617E2950,0,,38.36,1,0,1
B034,2021-05-03 00:00:00,1,61711890,0,,23.18,1,0,1
B034,2021-05-03 01:00:00,0,617E2950,0,,38.32,1,0,1
B034,2021-05-03 01:00:00,1,61711890,0,,23.26,1,0,1
B034,2021-05-03 02:00:00,0,617E2950,0,,38.29,1,0,1
B034,2021-05-03 02:00:00,1,61711890,0,,23.39,1,0,1
B034,2021-05-03 03:00:00,0,617E2950,0,,38.28,1,0,1
B034,2021-05-03 03:00:00,1,61711890,0,,23.35,1,0,1
B034,2021-05-03 04:00:00,0,617E2950,0,,38.28,1,0,1
B034,2021-05-03 04:00:00,1,61711890,0,,23.29,1,0,1
B034,2021-05-03 05:00:00,0,617E2950,0,,38.27,1,0,1
B034,2021-05-03 05:00:00,1,61711890,0,,23.25,1,0,1
B034,2021-05-03 06:00:00,0,617E2950,0,,38.27,1,0,1
B034,2021-05-03 06:00:00,1,61711890,0,,23.22,1,0,1
B034,2021-05-03 07:00:00,0,617E2950,0,,38.26,1,0,1
B034,2021-05-03 07:00:00,1,61711890,0,,23.21,1,0,1
B034,2021-05-03 08:00:00,0,617E2950,0,,38.22,1,0,1
B034,2021-05-03 08:00:00,1,61711890,0,,23.2,1,0,1
B034,2021-05-03 09:00:00,0,617E2950,0,,38.2,1,0,1
B034,2021-05-03 09:00:00,1,61711890,0,,23.19,1,0,1
B034,2021-05-03 10:00:00,0,617E2950,0,,38.19,1,0,1
B034,2021-05-03 10:00:00,1,61711890,0,,23.18,1,0,1
B034,2021-05-03 11:00:00,0,617E2950,0,,38.18,1,0,1
B034,2021-05-03 11:00:00,1,61711890,0,,23.18,1,0,1
B034,2021-05-03 12:00:00,0,617E2950,0,,38.18,1,0,1
B034,2021-05-03 12:00:00,1,61711890,0.0120775482,,23.16,1,0,1
B034,2021-05-03 13:00:00,0,617E2950,0.02083707111,,38.18,1,0,1
B034,2021-05-03 13:00:00,1,61711890,0.01542857383,,23.14,1,0,1
B034,2021-05-03 14:00:00,0,617E2950,0,,38.19,1,0,1
B034,2021-05-03 14:00:00,1,61711890,0.1332790684,,23.12,1,0,1
B034,2021-05-03 15:00:00,0,617E2950,1.280266435,,38.19,1,0,1
B034,2021-05-03 15:00:00,1,61711890,1.713941554,,23.12,1,0,1
B034,2021-05-03 16:00:00,0,617E2950,0.591932613,,38.21,1,0,1
B034,2021-05-03 16:00:00,1,61711890,0.7506141693,,23.14,1,0,1
B034,2021-05-03 17:00:00,0,617E2950,0.4725313044,,38.24,1,0,1
B034,2021-05-03 17:00:00,1,61711890,0.3353701139,,23.16,1,0,1
B034,2021-05-03 18:00:00,0,617E2950,0.05539478304,,38.24,1,0,1
B034,2021-05-03 18:00:00,1,61711890,0.06383479254,,23.2,1,0,1
B034,2021-05-03 19:00:00,0,617E2950,0.004184830137,,38.23,1,0,1
B034,2021-05-03 19:00:00,1,61711890,0.001418357216,,23.25,1,0,1
B034,2021-05-03 20:00:00,0,617E2950,0.3546617074,,38.21,1,0,1
B034,2021-05-03 20:00:00,1,61711890,0.1826867532,,23.45,1,0,1
B034,2021-05-03 21:00:00,0,617E2950,0.9044798067,,38.21,1,0,1
B034,2021-05-03 21:00:00,1,61711890,0.6273180003,,23.51,1,0,1
B034,2021-05-03 22:00:00,0,617E2950,0.364009078,,38.15,1,0,1
B034,2021-05-03 22:00:00,1,61711890,0.2873878168,,23.49,1,0,1
B034,2021-05-03 23:00:00,0,617E2950,0.04810121872,,37.8,1,0,1
B034,2021-05-03 23:00:00,1,61711890,0.06733267262,,23.47,1,0,1
B034,2021-05-04 00:00:00,0,617E2950,0,,37.67,1,0,1
B034,2021-05-04 00:00:00,1,61711890,0.019581457,,23.68,1,0,1
B034,2021-05-04 01:00:00,0,617E2950,0,,37.64,1,0,1
B034,2021-05-04 01:00:00,1,61711890,0.001249919391,,24.04,1,0,1
B034,2021-05-04 02:00:00,0,617E2950,0,,37.63,1,0,1
B034,2021-05-04 02:00:00,1,61711890,0,,23.93,1,0,1
B034,2021-05-04 03:00:00,0,617E2950,0,,37.62,1,0,1
B034,2021-05-04 03:00:00,1,61711890,0,,23.81,1,0,1
B034,2021-05-04 04:00:00,0,617E2950,0,,37.61,1,0,1
B034,2021-05-04 04:00:00,1,61711890,0,,23.78,1,0,1
B034,2021-05-04 05:00:00,0,617E2950,0,,37.59,1,0,1
B034,2021-05-04 05:00:00,1,61711890,0,,23.77,1,0,1
B034,2021-05-04 06:00:00,0,617E2950,0,,37.57,1,0,1
B034,2021-05-04 06:00:00,1,61711890,0,,23.74,1,0,1
B034,2021-05-04 07:00:00,0,617E2950,2.869563984,,37.55,1,0,1
B034,2021-05-04 07:00:00,1,61711890,3.598542243,,23.7,1,0,1
B034,2021-05-04 08:00:00,0,617E2950,0,,37.53,1,0,1
B034,2021-05-04 08:00:00,1,61711890,0,,23.65,1,0,1
B034,2021-05-04 09:00:00,0,617E2950,0,,37.51,1,0,1
B034,2021-05-04 09:00:00,1,61711890,0,,23.61,1,0,1
B034,2021-05-04 10:00:00,0,617E2950,0,,37.5,1,0,1
B034,2021-05-04 10:00:00,1,61711890,0,,23.56,1,0,1
B034,2021-05-04 11:00:00,0,617E2950,0,,37.5,1,0,1
B034,2021-05-04 11:00:00,1,61711890,0,,23.45,1,0,1
B034,2021-05-04 12:00:00,0,617E2950,0.01518644089,,37.58,1,0,1
B034,2021-05-04 12:00:00,1,61711890,0.007662231919,,23.35,1,0,1
B034,2021-05-04 13:00:00,0,617E2950,0,,37.79,1,0,1
B034,2021-05-04 13:00:00,1,61711890,0,,23.3,1,0,1
B034,2021-05-04 14:00:00,0,617E2950,0,,37.98,1,0,1
B034,2021-05-04 14:00:00,1,61711890,0,,23.28,1,0,1
B034,2021-05-04 15:00:00,0,617E2950,0,,38.13,1,0,1
B034,2021-05-04 15:00:00,1,61711890,0,,23.27,1,0,1
B034,2021-05-04 16:00:00,0,617E2950,0,,38.16,1,0,1
B034,2021-05-04 16:00:00,1,61711890,0,,23.25,1,0,1
B034,2021-05-04 17:00:00,0,617E2950,0,,38.14,1,0,1
B034,2021-05-04 17:00:00,1,61711890,0,,23.24,1,0,1
B034,2021-05-04 18:00:00,0,617E2950,0,,38.13,1,0,1
B034,2021-05-04 18:00:00,1,61711890,0,,23.22,1,0,1
B034,2021-05-04 19:00:00,0,617E2950,0,,38.13,1,0,1
B034,2021-05-04 19:00:00,1,61711890,0,,23.22,1,0,1
B034,2021-05-04 20:00:00,0,617E2950,0,,38.12,1,0,1
B034,2021-05-04 20:00:00,1,61711890,0,,23.22,1,0,1
B034,2021-05-04 21:00:00,0,617E2950,0,,38.14,1,0,1
B034,2021-05-04 21:00:00,1,61711890,0,,23.21,1,0,1
B034,2021-05-04 22:00:00,0,617E2950,0,,38.18,1,0,1
B034,2021-05-04 22:00:00,1,61711890,0,,23.2,1,0,1
B034,2021-05-04 23:00:00,0,617E2950,0,,38.21,1,0,1
B034,2021-05-04 23:00:00,1,61711890,0,,23.19,1,0,1
B034,2021-05-05 00:00:00,0,617E2950,0,,38.23,1,0,1
B034,2021-05-05 00:00:00,1,61711890,0,,23.18,1,0,1
B034,2021-05-05 01:00:00,0,617E2950,0,,38.24,1,0,1
B034,2021-05-05 01:00:00,1,61711890,0,,23.18,1,0,1
B034,2021-05-05 02:00:00,0,617E2950,0,,38.24,1,0,1
B034,2021-05-05 02:00:00,1,61711890,0,,23.19,1,0,1
B034,2021-05-05 03:00:00,0,617E2950,0,,38.24,1,0,1
B034,2021-05-05 03:00:00,1,61711890,0,,23.21,1,0,1
B034,2021-05-05 04:00:00,0,617E2950,0,,38.24,1,0,1
B034,2021-05-05 04:00:00,1,61711890,0,,23.23,1,0,1
B034,2021-05-05 05:00:00,0,617E2950,0,,38.24,1,0,1
B034,2021-05-05 05:00:00,1,61711890,0,,23.24,1,0,1
B034,2021-05-05 06:00:00,0,617E2950,0,,38.24,1,0,1
B034,2021-05-05 06:00:00,1,61711890,0,,23.24,1,0,1
B034,2021-05-05 07:00:00,0,617E2950,0,,38.24,1,0,1
B034,2021-05-05 07:00:00,1,61711890,0,,23.24,1,0,1
B034,2021-05-05 08:00:00,0,617E2950,0,,38.24,1,0,1
B034,2021-05-05 08:00:00,1,61711890,0,,23.23,1,0,1
B034,2021-05-05 09:00:00,0,617E2950,0,,38.24,1,0,1
B034,2021-05-05 09:00:00,1,61711890,0,,23.23,1,0,1
B034,2021-05-05 10:00:00,0,617E2950,0,,38.24,1,0,1
B034,2021-05-05 10:00:00,1,61711890,0,,23.22,1,0,1
B034,2021-05-05 11:00:00,0,617E2950,0,,38.24,1,0,1
B034,2021-05-05 11:00:00,1,61711890,0,,23.22,1,0,1
B034,2021-05-05 12:00:00,0,617E2950,0,,38.24,1,0,1
B034,2021-05-05 12:00:00,1,61711890,0,,23.22,1,0,1
B034,2021-05-05 13:00:00,0,617E2950,0,,38.24,1,0,1
B034,2021-05-05 13:00:00,1,61711890,0,,23.23,1,0,1
B034,2021-05-05 14:00:00,0,617E2950,0,,38.23,1,0,1
B034,2021-05-05 14:00:00,1,61711890,0,,23.22,1,0,1
B034,2021-05-05 15:00:00,0,617E2950,0,,38.23,1,0,1
B034,2021-05-05 15:00:00,1,61711890,0,,23.22,1,0,1
B034,2021-05-05 16:00:00,0,617E2950,0,,38.22,1,0,1
B034,2021-05-05 16:00:00,1,61711890,0,,23.22,1,0,1
B034,2021-05-05 17:00:00,0,617E2950,0,,38.22,1,0,1
B034,2021-05-05 17:00:00,1,61711890,0,,23.21,1,0,1
B034,2021-05-05 18:00:00,0,617E2950,0,,38.22,1,0,1
B034,2021-05-05 18:00:00,1,61711890,0,,23.2,1,0,1
B034,2021-05-05 19:00:00,0,617E2950,0,,38.21,1,0,1
B034,2021-05-05 19:00:00,1,61711890,0,,23.2,1,0,1
B034,2021-05-05 20:00:00,0,617E2950,0,,38.21,1,0,1
B034,2021-05-05 20:00:00,1,61711890,0,,23.19,1,0,1
B034,2021-05-05 21:00:00,0,617E2950,0,,38.21,1,0,1
B034,2021-05-05 21:00:00,1,61711890,0,,23.18,1,0,1
B034,2021-05-05 22:00:00,0,617E2950,0,,38.21,1,0,1
B034,2021-05-05 22:00:00,1,61711890,0,,23.18,1,0,1
B034,2021-05-05 23:00:00,0,617E2950,0,,38.21,1,0,1
B034,2021-05-05 23:00:00,1,61711890,0,,23.17,1,0,1
B034,2021-05-06 00:00:00,0,617E2950,0,,38.21,1,0,1
B034,2021-05-06 00:00:00,1,61711890,0,,23.17,1,0,1
B034,2021-05-06 01:00:00,0,617E2950,0,,38.2,1,0,1
B034,2021-05-06 01:00:00,1,61711890,0,,23.17,1,0,1
B034,2021-05-06 02:00:00,0,617E2950,0,,38.2,1,0,1
B034,2021-05-06 02:00:00,1,61711890,0,,23.17,1,0,1
B034,2021-05-06 03:00:00,0,617E2950,0,,38.2,1,0,1
B034,2021-05-06 03:00:00,1,61711890,0,,23.17,1,0,1
B034,2021-05-06 04:00:00,0,617E2950,0,,38.2,1,0,1
B034,2021-05-06 04:00:00,1,61711890,0,,23.17,1,0,1
B034,2021-05-06 05:00:00,0,617E2950,0,,38.2,1,0,1
B034,2021-05-06 05:00:00,1,61711890,0,,23.17,1,0,1
B034,2021-05-06 06:00:00,0,617E2950,0.07833336583,,38.2,1,0,1
B034,2021-05-06 06:00:00,1,61711890,0.05394795341,,23.16,1,0,1
B034,2021-05-06 07:00:00,0,617E2950,0.088519169,,38.2,1,0,1
B034,2021-05-06 07:00:00,1,61711890,0.056111229,,23.15,1,0,1
B034,2021-05-06 08:00:00,0,617E2950,0.2413007331,,38.2,1,0,1
B034,2021-05-06 08:00:00,1,61711890,0.2258828438,,23.15,1,0,1
B034,2021-05-06 09:00:00,0,617E2950,0.1461055182,,38.21,1,0,1
B034,2021-05-06 09:00:00,1,61711890,0.09992818416,,23.16,1,0,1
B034,2021-05-06 10:00:00,0,617E2950,0.2139283378,,38.21,1,0,1
B034,2021-05-06 10:00:00,1,61711890,0.1778132879,,23.16,1,0,1
B034,2021-05-06 11:00:00,0,617E2950,0.1415127778,,38.22,1,0,1
B034,2021-05-06 11:00:00,1,61711890,0.1856806433,,23.17,1,0,1
B034,2021-05-06 12:00:00,0,617E2950,0.1005461955,,38.22,1,0,1
B034,2021-05-06 12:00:00,1,61711890,0.1290058318,,23.17,1,0,1
B034,2021-05-06 13:00:00,0,617E2950,0,,38.22,1,0,1
B034,2021-05-06 13:00:00,1,61711890,0.0241550964,,23.2,1,0,1
B034,2021-05-13 14:00:00,0,617E2950,0.03709960797,,38.27,1,0,1
B034,2021-05-13 14:00:00,1,61711890,0.02610168026,,23.31,1,0,1
B034,2021-05-13 15:00:00,0,617E2950,0.02888887559,,38.31,1,0,1
B034,2021-05-13 15:00:00,1,61711890,0.0328470677,,23.48,1,0,1
B034,2021-05-13 16:00:00,0,617E2950,0,,38.33,1,0,1
B034,2021-05-13 16:00:00,1,61711890,0.01708161822,,23.5,1,0,1
B034,2021-05-13 17:00:00,0,617E2950,0,,38.35,1,0,1
B034,2021-05-13 17:00:00,1,61711890,0,,23.47,1,0,1
B034,2021-05-13 18:00:00,0,617E2950,0,,38.38,1,0,1
B034,2021-05-13 18:00:00,1,61711890,0,,23.47,1,0,1
B034,2021-05-13 19:00:00,0,617E2950,0,,38.37,1,0,1
B034,2021-05-13 19:00:00,1,61711890,0,,23.49,1,0,1
B034,2021-05-13 20:00:00,0,617E2950,0,,38.35,1,0,1
B034,2021-05-13 20:00:00,1,61711890,0,,23.51,1,0,1
B034,2021-05-13 21:00:00,0,617E2950,0,,38.34,1,0,1
B034,2021-05-13 21:00:00,1,61711890,0,,23.53,1,0,1
B034,2021-05-13 22:00:00,0,617E2950,0,,38.33,1,0,1
B034,2021-05-13 22:00:00,1,61711890,0,,23.52,1,0,1
B034,2021-05-13 23:00:00,0,617E2950,0,,38.32,1,0,1
B034,2021-05-13 23:00:00,1,61711890,0,,23.5,1,0,1
B034,2021-05-14 00:00:00,0,617E2950,0,,38.32,1,0,1
B034,2021-05-14 00:00:00,1,61711890,0,,23.47,1,0,1
B034,2021-05-14 01:00:00,0,617E2950,0,,38.31,1,0,1
B034,2021-05-14 01:00:00,1,61711890,0,,23.45,1,0,1
B034,2021-05-14 02:00:00,0,617E2950,0,,38.31,1,0,1
B034,2021-05-14 02:00:00,1,61711890,0,,23.44,1,0,1
B034,2021-05-14 03:00:00,0,617E2950,0,,38.31,1,0,1
B034,2021-05-14 03:00:00,1,61711890,0,,23.42,1,0,1
B034,2021-05-14 04:00:00,0,617E2950,0,,38.3,1,0,1
B034,2021-05-14 04:00:00,1,61711890,0,,23.41,1,0,1
B034,2021-05-14 05:00:00,0,617E2950,0,,38.3,1,0,1
B034,2021-05-14 05:00:00,1,61711890,0,,23.4,1,0,1
B034,2021-05-14 06:00:00,0,617E2950,0,,38.29,1,0,1
B034,2021-05-14 06:00:00,1,61711890,0,,23.39,1,0,1
B034,2021-05-14 07:00:00,0,617E2950,1.384104434,,38.29,1,0,1
B034,2021-05-14 07:00:00,1,61711890,1.759725983,,23.38,1,0,1
B034,2021-05-14 08:00:00,0,617E2950,0,,38.29,1,0,1
B034,2021-05-14 08:00:00,1,61711890,0,,23.38,1,0,1
B034,2021-05-14 09:00:00,0,617E2950,0,,38.3,1,0,1
B034,2021-05-14 09:00:00,1,61711890,0,,23.38,1,0,1
B034,2021-05-14 10:00:00,0,617E2950,0,,38.3,1,0,1
B034,2021-05-14 10:00:00,1,61711890,0,,23.36,1,0,1
B034,2021-05-14 11:00:00,0,617E2950,0,,38.29,1,0,1
B034,2021-05-14 11:00:00,1,61711890,0,,23.36,1,0,1
B034,2021-05-14 12:00:00,0,617E2950,0,,38.28,1,0,1
B034,2021-05-14 12:00:00,1,61711890,0,,23.36,1,0,1
B034,2021-05-14 13:00:00,0,617E2950,0,,38.37,1,0,1
B034,2021-05-14 13:00:00,1,61711890,0,,23.35,1,0,1
B034,2021-05-14 14:00:00,0,617E2950,0,,38.42,1,0,1
B034,2021-05-14 14:00:00,1,61711890,0,,23.34,1,0,1
B034,2021-05-14 15:00:00,0,617E2950,0,,38.42,1,0,1
B034,2021-05-14 15:00:00,1,61711890,0,,23.33,1,0,1
B034,2021-05-14 16:00:00,0,617E2950,0,,38.42,1,0,1
B034,2021-05-14 16:00:00,1,61711890,0,,23.36,1,0,1
B034,2021-05-14 17:00:00,0,617E2950,0,,38.34,1,0,1
B034,2021-05-14 17:00:00,1,61711890,0,,23.43,1,0,1
B034,2021-05-14 18:00:00,0,617E2950,0,,38.3,1,0,1
B034,2021-05-14 18:00:00,1,61711890,0,,23.45,1,0,1
B034,2021-05-14 19:00:00,0,617E2950,0,,38.28,1,0,1
B034,2021-05-14 19:00:00,1,61711890,0,,23.44,1,0,1
B034,2021-05-14 20:00:00,0,617E2950,0,,38.26,1,0,1
B034,2021-05-14 20:00:00,1,61711890,0,,23.4,1,0,1
B034,2021-05-14 21:00:00,0,617E2950,0,,38.25,1,0,1
B034,2021-05-14 21:00:00,1,61711890,0,,23.34,1,0,1
B034,2021-05-14 22:00:00,0,617E2950,0,,38.24,1,0,1
B034,2021-05-14 22:00:00,1,61711890,0,,23.31,1,0,1
B034,2021-05-14 23:00:00,0,617E2950,0,,38.24,1,0,1
B034,2021-05-14 23:00:00,1,61711890,0,,23.29,1,0,1
B034,2021-05-15 00:00:00,0,617E2950,0,,38.24,1,0,1
B034,2021-05-15 00:00:00,1,61711890,0,,23.27,1,0,1
B034,2021-05-15 01:00:00,0,617E2950,0,,38.24,1,0,1
B034,2021-05-15 01:00:00,1,61711890,0,,23.25,1,0,1
B034,2021-05-15 02:00:00,0,617E2950,0,,38.24,1,0,1
B034,2021-05-15 02:00:00,1,61711890,0,,23.25,1,0,1
B034,2021-05-15 03:00:00,0,617E2950,0,,38.24,1,0,1
B034,2021-05-15 03:00:00,1,61711890,0,,23.24,1,0,1
B034,2021-05-15 04:00:00,0,617E2950,0,,38.24,1,0,1
B034,2021-05-15 04:00:00,1,61711890,0,,23.24,1,0,1
B034,2021-05-15 05:00:00,0,617E2950,0,,38.24,1,0,1
B034,2021-05-15 05:00:00,1,61711890,0,,23.24,1,0,1
B034,2021-05-15 06:00:00,0,617E2950,0,,38.24,1,0,1
B034,2021-05-15 06:00:00,1,61711890,0,,23.24,1,0,1
B034,2021-05-15 07:00:00,0,617E2950,0,,38.24,1,0,1
B034,2021-05-15 07:00:00,1,61711890,0,,23.23,1,0,1
B034,2021-05-15 08:00:00,0,617E2950,0,,38.24,1,0,1
B034,2021-05-15 08:00:00,1,61711890,0,,23.23,1,0,1
B034,2021-05-15 09:00:00,0,617E2950,0,,38.24,1,0,1
B034,2021-05-15 09:00:00,1,61711890,0,,23.22,1,0,1
B034,2021-05-15 10:00:00,0,617E2950,0,,38.24,1,0,1
B034,2021-05-15 10:00:00,1,61711890,0,,23.22,1,0,1
B034,2021-05-15 11:00:00,0,617E2950,0,,38.24,1,0,1
B034,2021-05-15 11:00:00,1,61711890,0,,23.22,1,0,1
B034,2021-05-15 12:00:00,0,617E2950,0,,38.24,1,0,1
B034,2021-05-15 12:00:00,1,61711890,0,,23.22,1,0,1
B034,2021-05-15 13:00:00,0,617E2950,0,,38.24,1,0,1
B034,2021-05-15 13:00:00,1,61711890,0,,23.23,1,0,1
B034,2021-05-15 14:00:00,0,617E2950,1.113232335,,38.23,1,0,1
B034,2021-05-15 14:00:00,1,61711890,0.8540869085,,23.22,1,0,1
B034,2021-05-15 15:00:00,0,617E2950,0.01207770671,,38.43,1,0,1
B034,2021-05-15 15:00:00,1,61711890,0.0005053134748,,23.23,1,0,1
B034,2021-05-15 16:00:00,0,617E2950,0.8214075837,,38.29,1,0,1
B034,2021-05-15 16:00:00,1,61711890,0.9405143066,,23.24,1,0,1
B034,2021-05-15 17:00:00,0,617E2950,1.311429055,,38.35,1,0,1
B034,2021-05-15 17:00:00,1,61711890,0.7439222481,,23.27,1,0,1
B034,2021-05-15 18:00:00,0,617E2950,0.1095333741,,38.54,1,0,1
B034,2021-05-15 18:00:00,1,61711890,0.4076236196,,23.44,1,0,1
B034,2021-05-15 19:00:00,0,617E2950,1.259314723,,38.4,1,0,1
B034,2021-05-15 19:00:00,1,61711890,1.440190888,,23.74,1,0,1
B034,2021-05-15 20:00:00,0,617E2950,0.6063746139,,38.42,1,0,1
B034,2021-05-15 20:00:00,1,61711890,0.6953682385,,24.1,1,0,1
B034,2021-05-15 21:00:00,0,617E2950,2.122904224,,38.52,1,0,1
B034,2021-05-15 21:00:00,1,61711890,2.727315291,,24.43,1,0,1
B034,2021-05-15 22:00:00,0,617E2950,0.08046736453,,38.68,1,0,1
B034,2021-05-15 22:00:00,1,61711890,0.1111624168,,24.81,1,0,1
B034,2021-05-15 23:00:00,0,617E2950,0.06452268347,,38.35,1,0,1
B034,2021-05-15 23:00:00,1,61711890,0.1321439231,,25.44,1,0,1
B034,2021-05-16 00:00:00,0,617E2950,0.05212712096,,38.48,1,0,1
B034,2021-05-16 00:00:00,1,61711890,0.141216319,,25.96,1,0,1
B034,2021-05-16 01:00:00,0,617E2950,0,,38.77,1,0,1
B034,2021-05-16 01:00:00,1,61711890,0,,26.12,1,0,1
B034,2021-05-16 02:00:00,0,617E2950,0.0001589278992,,38.63,1,0,1
B034,2021-05-16 02:00:00,1,61711890,0.02958081213,,26.19,1,0,1
B034,2021-05-16 03:00:00,0,617E2950,0.0561530232,,38.44,1,0,1
B034,2021-05-16 03:00:00,1,61711890,0.06184598948,,26.24,1,0,1
B034,2021-05-16 04:00:00,0,617E2950,0.09432872712,,38.27,1,0,1
B034,2021-05-16 04:00:00,1,61711890,0.04637430698,,26.22,1,0,1
B034,2021-05-16 05:00:00,0,617E2950,0.04901838678,,38.12,1,0,1
B034,2021-05-16 05:00:00,1,61711890,0.05076648259,,26.09,1,0,1
B034,2021-05-16 06:00:00,0,617E2950,0.02726414761,,37.99,1,0,1
B034,2021-05-16 06:00:00,1,61711890,0.03149876057,,25.85,1,0,1
B034,2021-05-16 07:00:00,0,617E2950,5.664719166,,37.89,1,0,1
B034,2021-05-16 07:00:00,1,61711890,7.35672782,,25.55,1,0,1
B034,2021-05-16 08:00:00,0,617E2950,0.08174176259,,37.84,1,0,1
B034,2021-05-16 08:00:00,1,61711890,0.04607750151,,25.24,1,0,1
B034,2021-05-16 09:00:00,0,617E2950,0.03037288179,,37.8,1,0,1
B034,2021-05-16 09:00:00,1,61711890,0.01532446384,,24.98,1,0,1
B034,2021-05-16 10:00:00,0,617E2950,0,,37.76,1,0,1
B034,2021-05-16 10:00:00,1,61711890,0.001249919391,,24.75,1,0,1
B034,2021-05-16 11:00:00,0,617E2950,0,,37.68,1,0,1
B034,2021-05-16 11:00:00,1,61711890,0,,24.61,1,0,1
B034,2021-05-16 12:00:00,0,617E2950,0,,37.68,1,0,1
B034,2021-05-16 12:00:00,1,61711890,0,,24.48,1,0,1
B034,2021-05-16 13:00:00,0,617E2950,0.004025902238,,37.72,1,0,1
B034,2021-05-16 13:00:00,1,61711890,0.01600013665,,24.31,1,0,1
B034,2021-05-16 14:00:00,0,617E2950,0,,38.07,1,0,1
B034,2021-05-16 14:00:00,1,61711890,0,,24.13,1,0,1
B034,2021-05-16 15:00:00,0,617E2950,0,,38.38,1,0,1
B034,2021-05-16 15:00:00,1,61711890,0,,23.94,1,0,1
B034,2021-05-16 16:00:00,0,617E2950,0,,38.51,1,0,1
B034,2021-05-16 16:00:00,1,61711890,0,,23.84,1,0,1
B034,2021-05-16 17:00:00,0,617E2950,0,,38.52,1,0,1
B034,2021-05-16 17:00:00,1,61711890,0,,23.93,1,0,1
B034,2021-05-16 18:00:00,0,617E2950,0,,38.51,1,0,1
B034,2021-05-16 18:00:00,1,61711890,0,,24.03,1,0,1
B034,2021-05-16 19:00:00,0,617E2950,0,,38.48,1,0,1
B034,2021-05-16 19:00:00,1,61711890,0,,24.04,1,0,1
B034,2021-05-16 20:00:00,0,617E2950,0.02147278271,,38.45,1,0,1
B034,2021-05-16 20:00:00,1,61711890,0.05000906353,,24.01,1,0,1
B034,2021-05-16 21:00:00,0,617E2950,0.1584828746,,38.45,1,0,1
B034,2021-05-16 21:00:00,1,61711890,0.1034727098,,23.95,1,0,1
B034,2021-05-16 22:00:00,0,617E2950,0.1175669725,,38.44,1,0,1
B034,2021-05-16 22:00:00,1,61711890,0.09145813548,,23.91,1,0,1
B034,2021-05-16 23:00:00,0,617E2950,0.01610360895,,38.44,1,0,1
B034,2021-05-16 23:00:00,1,61711890,0.0006737512998,,23.88,1,0,1
B034,2021-05-17 00:00:00,0,617E2950,0,,38.43,1,0,1
B034,2021-05-17 00:00:00,1,61711890,0.001249919391,,23.87,1,0,1
B034,2021-05-17 01:00:00,0,617E2950,0.004025902238,,38.43,1,0,1
B034,2021-05-17 01:00:00,1,61711890,0.0001684378249,,23.88,1,0,1
B034,2021-05-17 02:00:00,0,617E2950,0,,38.43,1,0,1
B034,2021-05-17 02:00:00,1,61711890,0,,23.86,1,0,1
B034,2021-05-17 03:00:00,0,617E2950,0,,38.42,1,0,1
B034,2021-05-17 03:00:00,1,61711890,0,,23.85,1,0,1
B034,2021-05-17 04:00:00,0,617E2950,0,,38.42,1,0,1
B034,2021-05-17 04:00:00,1,61711890,0,,23.83,1,0,1
B034,2021-05-17 05:00:00,0,617E2950,0,,38.41,1,0,1
B034,2021-05-17 05:00:00,1,61711890,0,,23.81,1,0,1
B034,2021-05-17 06:00:00,0,617E2950,0,,38.41,1,0,1
B034,2021-05-17 06:00:00,1,61711890,0,,23.8,1,0,1
B034,2021-05-17 07:00:00,0,617E2950,0.2955254405,,38.4,1,0,1
B034,2021-05-17 07:00:00,1,61711890,0.2567239514,,23.78,1,0,1
B034,2021-05-17 08:00:00,0,617E2950,0,,38.4,1,0,1
B034,2021-05-17 08:00:00,1,61711890,0,,23.78,1,0,1
B034,2021-05-17 09:00:00,0,617E2950,0,,38.39,1,0,1
B034,2021-05-17 09:00:00,1,61711890,0,,23.76,1,0,1
B034,2021-05-17 10:00:00,0,617E2950,0,,38.38,1,0,1
B034,2021-05-17 10:00:00,1,61711890,0,,23.75,1,0,1
B034,2021-05-17 11:00:00,0,617E2950,0,,38.38,1,0,1
B034,2021-05-17 11:00:00,1,61711890,0,,23.74,1,0,1
B034,2021-05-17 12:00:00,0,617E2950,0,,38.34,1,0,1
B034,2021-05-17 12:00:00,1,61711890,0,,23.73,1,0,1
B034,2021-05-17 13:00:00,0,617E2950,0,,38.28,1,0,1
B034,2021-05-17 13:00:00,1,61711890,0,,23.73,1,0,1
B034,2021-05-17 14:00:00,0,617E2950,0.0563119511,,38.25,1,0,1
B034,2021-05-17 14:00:00,1,61711890,0.06016563947,,23.71,1,0,1
B034,2021-05-17 15:00:00,0,617E2950,0.0411255102,,38.28,1,0,1
B034,2021-05-17 15:00:00,1,61711890,0.06500699392,,23.67,1,0,1
B034,2021-05-17 16:00:00,0,617E2950,0.07149839199,,38.34,1,0,1
B034,2021-05-17 16:00:00,1,61711890,0.08033145776,,23.63,1,0,1
B034,2021-05-17 17:00:00,0,617E2950,0.07714902221,,38.36,1,0,1
B034,2021-05-17 17:00:00,1,61711890,0.1076792567,,23.61,1,0,1
B034,2021-05-17 18:00:00,0,617E2950,0.004025902238,,38.36,1,0,1
B034,2021-05-17 18:00:00,1,61711890,0.001418357216,,23.62,1,0,1
B034,2021-05-17 19:00:00,0,617E2950,0,,38.33,1,0,1
B034,2021-05-17 19:00:00,1,61711890,0,,23.65,1,0,1
B034,2021-05-17 20:00:00,0,617E2950,0,,38.32,1,0,1
B034,2021-05-17 20:00:00,1,61711890,0,,23.67,1,0,1
B034,2021-05-17 21:00:00,0,617E2950,0,,38.32,1,0,1
B034,2021-05-17 21:00:00,1,61711890,0,,23.68,1,0,1
B034,2021-05-17 22:00:00,0,617E2950,0,,38.32,1,0,1
B034,2021-05-17 22:00:00,1,61711890,0,,23.68,1,0,1
B034,2021-05-17 23:00:00,0,617E2950,0,,38.32,1,0,1
B034,2021-05-17 23:00:00,1,61711890,0,,23.68,1,0,1
B034,2021-05-18 00:00:00,0,617E2950,0,,38.32,1,0,1
B034,2021-05-18 00:00:00,1,61711890,0,,23.67,1,0,1
B034,2021-05-18 01:00:00,0,617E2950,0,,38.32,1,0,1
B034,2021-05-18 01:00:00,1,61711890,0,,23.67,1,0,1
B034,2021-05-18 02:00:00,0,617E2950,0,,38.32,1,0,1
B034,2021-05-18 02:00:00,1,61711890,0,,23.66,1,0,1
B034,2021-05-18 03:00:00,0,617E2950,0,,38.32,1,0,1
B034,2021-05-18 03:00:00,1,61711890,0,,23.66,1,0,1
B034,2021-05-18 04:00:00,0,617E2950,0,,38.32,1,0,1
B034,2021-05-18 04:00:00,1,61711890,0,,23.67,1,0,1
B034,2021-05-18 05:00:00,0,617E2950,0,,38.32,1,0,1
B034,2021-05-18 05:00:00,1,61711890,0,,23.66,1,0,1
B034,2021-05-18 06:00:00,0,617E2950,0,,38.31,1,0,1
B034,2021-05-18 06:00:00,1,61711890,0,,23.66,1,0,1
B034,2021-05-18 07:00:00,0,617E2950,0.1887293026,,38.31,1,0,1
B034,2021-05-18 07:00:00,1,61711890,0.2839527773,,23.67,1,0,1
B034,2021-05-18 08:00:00,0,617E2950,0,,38.3,1,0,1
B034,2021-05-18 08:00:00,1,61711890,0,,23.67,1,0,1
B034,2021-05-18 09:00:00,0,617E2950,0,,38.3,1,0,1
B034,2021-05-18 09:00:00,1,61711890,0,,23.66,1,0,1
B034,2021-05-18 10:00:00,0,617E2950,0,,38.3,1,0,1
B034,2021-05-18 10:00:00,1,61711890,0,,23.67,1,0,1
B034,2021-05-18 11:00:00,0,617E2950,0.004184830137,,38.29,1,0,1
B034,2021-05-18 11:00:00,1,61711890,0.001418357216,,23.67,1,0,1
B034,2021-05-18 12:00:00,0,617E2950,0.07225663215,,38.29,1,0,1
B034,2021-05-18 12:00:00,1,61711890,0.05501583198,,23.67,1,0,1
B034,2021-05-18 13:00:00,0,617E2950,0.05722911915,,38.29,1,0,1
B034,2021-05-18 13:00:00,1,61711890,0.01819443365,,23.67,1,0,1
B034,2021-05-18 14:00:00,0,617E2950,0,,38.29,1,0,1
B034,2021-05-18 14:00:00,1,61711890,0.002499838783,,23.66,1,0,1
B034,2021-05-18 15:00:00,0,617E2950,0,,38.29,1,0,1
B034,2021-05-18 15:00:00,1,61711890,0,,23.66,1,0,1
B034,2021-05-18 16:00:00,0,617E2950,0,,38.28,1,0,1
B034,2021-05-18 16:00:00,1,61711890,0,,23.67,1,0,1
B034,2021-05-18 17:00:00,0,617E2950,0,,38.28,1,0,1
B034,2021-05-18 17:00:00,1,61711890,0,,23.67,1,0,1
B034,2021-05-18 18:00:00,0,617E2950,0,,38.28,1,0,1
B034,2021-05-18 18:00:00,1,61711890,0,,23.67,1,0,1
B034,2021-05-18 19:00:00,0,617E2950,0,,38.28,1,0,1
B034,2021-05-18 19:00:00,1,61711890,0,,23.67,1,0,1
B034,2021-05-18 20:00:00,0,617E2950,0,,38.28,1,0,1
B034,2021-05-18 20:00:00,1,61711890,0,,23.67,1,0,1
B034,2021-05-18 21:00:00,0,617E2950,0,,38.28,1,0,1
B034,2021-05-18 21:00:00,1,61711890,0,,23.68,1,0,1
B034,2021-05-18 22:00:00,0,617E2950,0,,38.28,1,0,1
B034,2021-05-18 22:00:00,1,61711890,0,,23.68,1,0,1
B034,2021-05-18 23:00:00,0,617E2950,0,,38.28,1,0,1
B034,2021-05-18 23:00:00,1,61711890,0,,23.68,1,0,1
B034,2021-05-19 00:00:00,0,617E2950,0,,38.28,1,0,1
B034,2021-05-19 00:00:00,1,61711890,0,,23.68,1,0,1
B034,2021-05-19 01:00:00,0,617E2950,0,,38.28,1,0,1
B034,2021-05-19 01:00:00,1,61711890,0,,23.68,1,0,1
B034,2021-05-19 02:00:00,0,617E2950,0,,38.28,1,0,1
B034,2021-05-19 02:00:00,1,61711890,0,,23.68,1,0,1
B034,2021-05-19 03:00:00,0,617E2950,0,,38.28,1,0,1
B034,2021-05-19 03:00:00,1,61711890,0,,23.68,1,0,1
B034,2021-05-19 04:00:00,0,617E2950,0,,,1,0,0
B034,2021-05-19 04:00:00,1,61711890,0,,23.68,1,0,1
B034,2021-05-19 05:00:00,0,617E2950,0.03215653767,,38.27,1,0,1
B034,2021-05-19 05:00:00,1,61711890,0.02542220671,,23.68,1,0,1
B034,2021-05-19 06:00:00,0,617E2950,0.1488063421,,38.27,1,0,1
B034,2021-05-19 06:00:00,1,61711890,0.135946371,,23.68,1,0,1
B034,2021-05-19 07:00:00,0,617E2950,0.2587112142,,38.27,1,0,1
B034,2021-05-19 07:00:00,1,61711890,0.4099571816,,23.68,1,0,1
B034,2021-05-19 08:00:00,0,617E2950,0.08025775639,,38.28,1,0,1
B034,2021-05-19 08:00:00,1,61711890,0.1406628366,,23.7,1,0,1
B034,2021-05-19 09:00:00,0,617E2950,0.09341155906,,38.28,1,0,1
B034,2021-05-19 09:00:00,1,61711890,0.1204305562,,23.7,1,0,1
B034,2021-05-19 10:00:00,0,617E2950,0.07552429423,,38.28,1,0,1
B034,2021-05-19 10:00:00,1,61711890,0.1425635941,,23.72,1,0,1
B034,2021-05-19 11:00:00,0,617E2950,0.09249439101,,38.29,1,0,1
B034,2021-05-19 11:00:00,1,61711890,0.1815853759,,23.73,1,0,1
B034,2021-05-19 12:00:00,0,617E2950,0.004025902238,,38.29,1,0,1
B034,2021-05-19 12:00:00,1,61711890,0.0001684378249,,23.76,1,0,1
B034,2021-05-19 13:00:00,0,617E2950,0.004184830137,,38.29,1,0,1
B034,2021-05-19 13:00:00,1,61711890,0.03307736241,,23.77,1,0,1
B034,2021-05-19 14:00:00,0,617E2950,0.01518644089,,38.29,1,0,1
B034,2021-05-19 14:00:00,1,61711890,0.007662231919,,23.76,1,0,1
B034,2021-05-19 15:00:00,0,617E2950,0,,38.29,1,0,1
B034,2021-05-19 15:00:00,1,61711890,0,,23.76,1,0,1
B034,2021-05-19 16:00:00,0,617E2950,0,,38.29,1,0,1
B034,2021-05-19 16:00:00,1,61711890,0,,23.76,1,0,1
B034,2021-05-19 17:00:00,0,617E2950,0,,38.29,1,0,1
B034,2021-05-19 17:00:00,1,61711890,0,,23.76,1,0,1
B034,2021-05-19 18:00:00,0,617E2950,0,,38.29,1,0,1
B034,2021-05-19 18:00:00,1,61711890,0,,23.76,1,0,1
B034,2021-05-19 19:00:00,0,617E2950,0,,38.25,1,0,1
B034,2021-05-19 19:00:00,1,61711890,0,,23.76,1,0,1
B034,2021-11-02 08:00:00,0,617E2950,0,,38.15,1,0,1
B034,2021-11-02 08:00:00,1,61711890,0,,23.04,1,0,1
B034,2021-11-02 09:00:00,0,617E2950,0,,38.15,1,0,1
B034,2021-11-02 09:00:00,1,61711890,0,,23.04,1,0,1
B034,2021-11-02 10:00:00,0,617E2950,0,,38.15,1,0,1
B034,2021-11-02 10:00:00,1,61711890,0,,23.04,1,0,1
B034,2021-11-02 11:00:00,0,617E2950,0,,38.15,1,0,1
B034,2021-11-02 11:00:00,1,61711890,0,,23.04,1,0,1
B034,2021-11-02 12:00:00,0,617E2950,0,,38.15,1,0,1
B034,2021-11-02 12:00:00,1,61711890,0,,23.04,1,0,1
B034,2021-11-02 13:00:00,0,617E2950,0,,38.15,1,0,1
B034,2021-11-02 13:00:00,1,61711890,0,,23.03,1,0,1
B034,2021-11-02 14:00:00,0,617E2950,0,,38.16,1,0,1
B034,2021-11-02 14:00:00,1,61711890,0,,23.04,1,0,1
B034,2021-11-02 15:00:00,0,617E2950,0,,38.16,1,0,1
B034,2021-11-02 15:00:00,1,61711890,0,,23.04,1,0,1
B034,2021-11-02 16:00:00,0,617E2950,0,,38.16,1,0,1
B034,2021-11-02 16:00:00,1,61711890,0,,23.04,1,0,1
B034,2021-11-02 17:00:00,0,617E2950,0,,38.16,1,0,1
B034,2021-11-02 17:00:00,1,61711890,0,,23.04,1,0,1
B034,2021-11-02 18:00:00,0,617E2950,0,,38.16,1,0,1
B034,2021-11-02 18:00:00,1,61711890,0,,23.04,1,0,1
B034,2021-11-02 19:00:00,0,617E2950,0,,38.16,1,0,1
B034,2021-11-02 19:00:00,1,61711890,0,,23.04,1,0,1
B034,2021-11-02 20:00:00,0,617E2950,0,,38.16,1,0,1
B034,2021-11-02 20:00:00,1,61711890,0,,23.04,1,0,1
B034,2021-11-02 21:00:00,0,617E2950,0,,38.16,1,0,1
B034,2021-11-02 21:00:00,1,61711890,0,,23.04,1,0,1
B034,2021-11-02 22:00:00,0,617E2950,0,,38.16,1,0,1
B034,2021-11-02 22:00:00,1,61711890,0,,23.04,1,0,1
B034,2021-11-02 23:00:00,0,617E2950,0,,38.16,1,0,1
B034,2021-11-02 23:00:00,1,61711890,0,,23.04,1,0,1
B034,2021-11-03 00:00:00,0,617E2950,0,,38.15,1,0,1
B034,2021-11-03 00:00:00,1,61711890,0,,23.04,1,0,1
B034,2021-11-03 01:00:00,0,617E2950,0,,38.15,1,0,1
B034,2021-11-03 01:00:00,1,61711890,0,,23.04,1,0,1
B034,2021-11-03 02:00:00,0,617E2950,0,,38.15,1,0,1
B034,2021-11-03 02:00:00,1,61711890,0,,23.04,1,0,1
B034,2021-11-03 03:00:00,0,617E2950,0,,38.15,1,0,1
B034,2021-11-03 03:00:00,1,61711890,0,,23.04,1,0,1
B034,2021-11-03 04:00:00,0,617E2950,0,,38.15,1,0,1
B034,2021-11-03 04:00:00,1,61711890,0,,23.04,1,0,1
B034,2021-11-03 05:00:00,0,617E2950,0,,38.15,1,0,1
B034,2021-11-03 05:00:00,1,61711890,0,,23.04,1,0,1
B034,2021-11-03 06:00:00,0,617E2950,0,,38.15,1,0,1
B034,2021-11-03 06:00:00,1,61711890,0,,23.04,1,0,1
B034,2021-11-03 07:00:00,0,617E2950,0,,38.15,1,0,1
B034,2021-11-03 07:00:00,1,61711890,0,,23.04,1,0,1
B034,2021-11-03 08:00:00,0,617E2950,0,,38.15,1,0,1
B034,2021-11-03 08:00:00,1,61711890,0,,23.03,1,0,1
B034,2021-11-03 09:00:00,0,617E2950,0,,38.15,1,0,1
B034,2021-11-03 09:00:00,1,61711890,0,,23.03,1,0,1
B034,2021-11-03 10:00:00,0,617E2950,0,,38.15,1,0,1
B034,2021-11-03 10:00:00,1,61711890,0,,23.03,1,0,1
B034,2021-11-03 11:00:00,0,617E2950,0,,38.15,1,0,1
B034,2021-11-03 11:00:00,1,61711890,0,,23.03,1,0,1
B034,2021-11-03 12:00:00,0,617E2950,0,,38.15,1,0,1
B034,2021-11-03 12:00:00,1,61711890,0,,23.03,1,0,1
B034,2021-11-03 13:00:00,0,617E2950,0,,38.15,1,0,1
B034,2021-11-03 13:00:00,1,61711890,0,,23.03,1,0,1
B034,2021-11-03 14:00:00,0,617E2950,0,,38.15,1,0,1
B034,2021-11-03 14:00:00,1,61711890,0,,23.03,1,0,1
B034,2021-11-03 15:00:00,0,617E2950,0,,38.15,1,0,1
B034,2021-11-03 15:00:00,1,61711890,0,,23.03,1,0,1
B034,2021-11-03 16:00:00,0,617E2950,0,,38.15,1,0,1
B034,2021-11-03 16:00:00,1,61711890,0.0139894406,,23.03,1,0,1
B034,2021-11-03 17:00:00,0,617E2950,0,,38.15,1,0,1
B034,2021-11-03 17:00:00,1,61711890,0,,23.03,1,0,1
B034,2021-11-03 18:00:00,0,617E2950,0,,38.15,1,0,1
B034,2021-11-03 18:00:00,1,61711890,0,,23.03,1,0,1
B034,2021-11-03 19:00:00,0,617E2950,0,,38.15,1,0,1
B034,2021-11-03 19:00:00,1,61711890,0,,23.03,1,0,1
B034,2021-11-03 20:00:00,0,617E2950,0,,38.15,1,0,1
B034,2021-11-03 20:00:00,1,61711890,0,,23.03,1,0,1
B034,2021-11-03 21:00:00,0,617E2950,0,,38.15,1,0,1
B034,2021-11-03 21:00:00,1,61711890,0.0139894406,,23.03,1,0,1
B034,2021-11-03 22:00:00,0,617E2950,0,,38.15,1,0,1
B034,2021-11-03 22:00:00,1,61711890,0,,23.03,1,0,1
B034,2021-11-03 23:00:00,0,617E2950,0,,38.15,1,0,1
B034,2021-11-03 23:00:00,1,61711890,0,,23.03,1,0,1
B034,2021-11-04 00:00:00,0,617E2950,0,,38.15,1,0,1
B034,2021-11-04 00:00:00,1,61711890,0,,23.03,1,0,1
B034,2021-11-04 01:00:00,0,617E2950,0,,38.15,1,0,1
B034,2021-11-04 01:00:00,1,61711890,0,,23.03,1,0,1
B034,2021-11-04 02:00:00,0,617E2950,0,,38.15,1,0,1
B034,2021-11-04 02:00:00,1,61711890,0,,23.03,1,0,1
B034,2021-11-04 03:00:00,0,617E2950,0,,38.15,1,0,1
B034,2021-11-04 03:00:00,1,61711890,0,,23.03,1,0,1
B034,2021-11-04 04:00:00,0,617E2950,0,,38.15,1,0,1
B034,2021-11-04 04:00:00,1,61711890,0,,23.03,1,0,1
B034,2021-11-04 05:00:00,0,617E2950,0,,38.15,1,0,1
B034,2021-11-04 05:00:00,1,61711890,0,,23.03,1,0,1
B034,2021-11-04 06:00:00,0,617E2950,0,,38.15,1,0,1
B034,2021-11-04 06:00:00,1,61711890,0,,23.03,1,0,1
B034,2021-11-04 07:00:00,0,617E2950,0,,38.15,1,0,1
B034,2021-11-04 07:00:00,1,61711890,0,,23.02,1,0,1
B034,2021-11-04 08:00:00,0,617E2950,0.03231546557,,38.15,1,0,1
B034,2021-11-04 08:00:00,1,61711890,0.02917196488,,23.02,1,0,1
B034,2021-11-04 09:00:00,0,617E2950,0.004025902238,,38.15,1,0,1
B034,2021-11-04 09:00:00,1,61711890,0.1030428128,,23.01,1,0,1
B034,2021-11-04 10:00:00,0,617E2950,0.08535975459,,38.15,1,0,1
B034,2021-11-04 10:00:00,1,61711890,0.07843092773,,23.01,1,0,1
B034,2021-11-04 11:00:00,0,617E2950,0.06228043712,,38.16,1,0,1
B034,2021-11-04 11:00:00,1,61711890,0.03794893374,,23.01,1,0,1
B034,2021-11-04 12:00:00,0,617E2950,0.004025902238,,38.17,1,0,1
B034,2021-11-04 12:00:00,1,61711890,0.02724941117,,23.01,1,0,1
B034,2021-11-04 13:00:00,0,617E2950,0.004025902238,,38.18,1,0,1
B034,2021-11-04 13:00:00,1,61711890,0.001418357216,,23.01,1,0,1
B034,2021-11-04 14:00:00,0,617E2950,0.01534536879,,38.18,1,0,1
B034,2021-11-04 14:00:00,1,61711890,0.0101620707,,23.01,1,0,1
B034,2021-11-04 15:00:00,0,617E2950,0.03199760977,,38.18,1,0,1
B034,2021-11-04 15:00:00,1,61711890,0.05523895368,,23.01,1,0,1
B034,2021-11-04 16:00:00,0,617E2950,0.04004941425,,38.18,1,0,1
B034,2021-11-04 16:00:00,1,61711890,0.04534053936,,23.02,1,0,1
B034,2021-11-04 17:00:00,0,617E2950,0,,38.18,1,0,1
B034,2021-11-04 17:00:00,1,61711890,0.001249919391,,23.03,1,0,1
B034,2021-11-04 18:00:00,0,617E2950,0,,38.19,1,0,1
B034,2021-11-04 18:00:00,1,61711890,0,,23.05,1,0,1
B034,2021-11-04 19:00:00,0,617E2950,0,,38.19,1,0,1
B034,2021-11-04 19:00:00,1,61711890,0,,23.06,1,0,1
B034,2021-11-04 20:00:00,0,617E2950,0,,38.19,1,0,1
B034,2021-11-04 20:00:00,1,61711890,0.0241550964,,23.06,1,0,1
B034,2021-11-04 21:00:00,0,617E2950,0,,38.18,1,0,1
B034,2021-11-04 21:00:00,1,61711890,0,,23.06,1,0,1
B034,2021-11-04 22:00:00,0,617E2950,0,,38.18,1,0,1
B034,2021-11-04 22:00:00,1,61711890,0,,23.06,1,0,1
B034,2021-11-04 23:00:00,0,617E2950,0,,38.18,1,0,1
B034,2021-11-04 23:00:00,1,61711890,0,,23.06,1,0,1
B034,2021-11-05 00:00:00,0,617E2950,0,,38.18,1,0,1
B034,2021-11-05 00:00:00,1,61711890,0.0120775482,,23.07,1,0,1
B034,2021-11-05 01:00:00,0,617E2950,0,,38.18,1,0,1
B034,2021-11-05 01:00:00,1,61711890,0,,23.06,1,0,1
B034,2021-11-05 02:00:00,0,617E2950,0,,38.18,1,0,1
B034,2021-11-05 02:00:00,1,61711890,0,,23.06,1,0,1
B034,2021-11-05 03:00:00,0,617E2950,0,,38.18,1,0,1
B034,2021-11-05 03:00:00,1,61711890,0,,23.07,1,0,1
B034,2021-11-05 04:00:00,0,617E2950,0,,38.18,1,0,1
B034,2021-11-05 04:00:00,1,61711890,0.0120775482,,23.07,1,0,1
B034,2021-11-05 05:00:00,0,617E2950,0,,38.18,1,0,1
B034,2021-11-05 05:00:00,1,61711890,0,,23.07,1,0,1
B034,2021-11-05 06:00:00,0,617E2950,0,,38.18,1,0,1
B034,2021-11-05 06:00:00,1,61711890,0,,23.07,1,0,1
B034,2021-11-05 07:00:00,0,617E2950,0.2022221291,,38.18,1,0,1
B034,2021-11-05 07:00:00,1,61711890,0.3852634833,,23.07,1,0,1
B034,2021-11-05 08:00:00,0,617E2950,0.08684376079,,38.18,1,0,1
B034,2021-11-05 08:00:00,1,61711890,0.1133987055,,23.07,1,0,1
B034,2021-11-05 09:00:00,0,617E2950,0.1890653645,,38.18,1,0,1
B034,2021-11-05 09:00:00,1,61711890,0.220761759,,23.07,1,0,1
B034,2021-11-05 10:00:00,0,617E2950,0.05942068528,,38.18,1,0,1
B034,2021-11-05 10:00:00,1,61711890,0.2214611978,,23.07,1,0,1
B034,2021-11-05 11:00:00,0,617E2950,0.08760200094,,38.18,1,0,1
B034,2021-11-05 11:00:00,1,61711890,0.06142814451,,23.08,1,0,1
B034,2021-11-05 12:00:00,0,617E2950,0.2226552281,,38.18,1,0,1
B034,2021-11-05 12:00:00,1,61711890,0.3570680335,,23.08,1,0,1
B034,2021-11-05 13:00:00,0,617E2950,0.3827628307,,38.18,1,0,1
B034,2021-11-05 13:00:00,1,61711890,0.3885629,,23.09,1,0,1
B034,2021-11-05 14:00:00,0,617E2950,0.6899438126,,38.18,1,0,1
B034,2021-11-05 14:00:00,1,61711890,0.510458313,,23.09,1,0,1
B034,2021-11-05 15:00:00,0,617E2950,0.08520082669,,38.18,1,0,1
B034,2021-11-05 15:00:00,1,61711890,0.4584041652,,23.11,1,0,1
B034,2021-11-05 16:00:00,0,617E2950,0.172860408,,38.19,1,0,1
B034,2021-11-05 16:00:00,1,61711890,0.1053783606,,23.15,1,0,1
B034,2021-11-05 17:00:00,0,617E2950,0.004025902238,,38.19,1,0,1
B034,2021-11-05 17:00:00,1,61711890,0.1672348618,,23.17,1,0,1
B034,2021-11-05 18:00:00,0,617E2950,0.01681116888,,38.19,1,0,1
B034,2021-11-05 18:00:00,1,61711890,0.03109183483,,23.25,1,0,1
B034,2021-11-05 19:00:00,0,617E2950,0,,38.18,1,0,1
B034,2021-11-05 19:00:00,1,61711890,0,,23.33,1,0,1
B034,2021-11-05 20:00:00,0,617E2950,0,,38.18,1,0,1
B034,2021-11-05 20:00:00,1,61711890,0,,23.34,1,0,1
B034,2021-11-05 21:00:00,0,617E2950,0,,38.18,1,0,1
B034,2021-11-05 21:00:00,1,61711890,0,,23.33,1,0,1
B034,2021-11-05 22:00:00,0,617E2950,0,,38.18,1,0,1
B034,2021-11-05 22:00:00,1,61711890,0.06038774099,,23.3,1,0,1
B034,2021-11-05 23:00:00,0,617E2950,0.004025902238,,38.18,1,0,1
B034,2021-11-05 23:00:00,1,61711890,0.05723245881,,23.27,1,0,1
B034,2021-11-06 00:00:00,0,617E2950,0.04826014662,,38.17,1,0,1
B034,2021-11-06 00:00:00,1,61711890,0.03109563557,,23.24,1,0,1
B034,2021-11-06 01:00:00,0,617E2950,0.008051804476,,38.17,1,0,1
B034,2021-11-06 01:00:00,1,61711890,0.0003368756499,,23.22,1,0,1
B034,2021-11-06 02:00:00,0,617E2950,0,,38.17,1,0,1
B034,2021-11-06 02:00:00,1,61711890,0.001249919391,,23.21,1,0,1
B034,2021-11-06 03:00:00,0,617E2950,0.008051804476,,38.17,1,0,1
B034,2021-11-06 03:00:00,1,61711890,0.0003368756499,,23.19,1,0,1
B034,2021-11-06 04:00:00,0,617E2950,0.004025902238,,38.17,1,0,1
B034,2021-11-06 04:00:00,1,61711890,0.001418357216,,23.18,1,0,1
B034,2021-11-06 05:00:00,0,617E2950,0,,38.17,1,0,1
B034,2021-11-06 05:00:00,1,61711890,0.002499838783,,23.17,1,0,1
B034,2021-11-06 06:00:00,0,617E2950,0,,38.17,1,0,1
B034,2021-11-06 06:00:00,1,61711890,0.01833153761,,23.16,1,0,1
B034,2021-11-06 07:00:00,0,617E2950,1.244612975,,38.17,1,0,1
B034,2021-11-06 07:00:00,1,61711890,2.380387551,,23.15,1,0,1
B034,2021-11-06 08:00:00,0,617E2950,0.008051804476,,38.17,1,0,1
B034,2021-11-06 08:00:00,1,61711890,0.0003368756499,,23.15,1,0,1
B034,2021-11-06 09:00:00,0,617E2950,0,,38.17,1,0,1
B034,2021-11-06 09:00:00,1,61711890,0,,23.14,1,0,1
B034,2021-11-06 10:00:00,0,617E2950,0,,38.17,1,0,1
B034,2021-11-06 10:00:00,1,61711890,0.001249919391,,23.14,1,0,1
B034,2021-11-06 11:00:00,0,617E2950,0,,38.17,1,0,1
B034,2021-11-06 11:00:00,1,61711890,0,,23.14,1,0,1
B034,2021-11-06 12:00:00,0,617E2950,0,,38.17,1,0,1
B034,2021-11-06 12:00:00,1,61711890,0,,23.13,1,0,1
B034,2021-11-06 13:00:00,0,617E2950,0,,38.17,1,0,1
B034,2021-11-06 13:00:00,1,61711890,0,,23.13,1,0,1
B034,2021-11-06 14:00:00,0,617E2950,0,,38.17,1,0,1
B034,2021-11-06 14:00:00,1,61711890,0,,23.12,1,0,1
B034,2021-11-06 15:00:00,0,617E2950,0,,38.18,1,0,1
B034,2021-11-06 15:00:00,1,61711890,0,,23.12,1,0,1
B034,2021-11-06 16:00:00,0,617E2950,0,,38.18,1,0,1
B034,2021-11-06 16:00:00,1,61711890,0,,23.12,1,0,1
B034,2021-11-06 17:00:00,0,617E2950,0,,38.18,1,0,1
B034,2021-11-06 17:00:00,1,61711890,0,,23.12,1,0,1
B034,2021-11-06 18:00:00,0,617E2950,0,,38.18,1,0,1
B034,2021-11-06 18:00:00,1,61711890,0,,23.11,1,0,1
B034,2021-11-06 19:00:00,0,617E2950,0,,38.18,1,0,1
B034,2021-11-06 19:00:00,1,61711890,0,,23.11,1,0,1
B034,2021-11-06 20:00:00,0,617E2950,0,,38.18,1,0,1
B034,2021-11-06 20:00:00,1,61711890,0,,23.11,1,0,1
B034,2021-11-06 21:00:00,0,617E2950,0,,38.18,1,0,1
B034,2021-11-06 21:00:00,1,61711890,0,,23.11,1,0,1
B034,2021-11-06 22:00:00,0,617E2950,0,,38.18,1,0,1
B034,2021-11-06 22:00:00,1,61711890,0,,23.11,1,0,1
B034,2021-11-06 23:00:00,0,617E2950,0.04020834215,,38.18,1,0,1
B034,2021-11-06 23:00:00,1,61711890,0.04783598569,,23.11,1,0,1
B034,2021-11-07 00:00:00,0,617E2950,0.01681116888,,38.18,1,0,1
B034,2021-11-07 00:00:00,1,61711890,0.0165100554,,23.1,1,0,1
B034,2021-11-07 01:00:00,0,617E2950,0.0665553217,,38.18,1,0,1
B034,2021-11-07 01:00:00,1,61711890,0.09757689385,,23.1,1,0,1
B034,2021-11-07 02:00:00,0,617E2950,0.7926491,,38.18,1,0,1
B034,2021-11-07 02:00:00,1,61711890,0.8517126553,,23.1,1,0,1
B034,2021-11-07 03:00:00,0,617E2950,1.201108448,,38.17,1,0,1
B034,2021-11-07 03:00:00,1,61711890,1.228121181,,23.11,1,0,1
B034,2021-11-07 04:00:00,0,617E2950,0.1309879507,,38.19,1,0,1
B034,2021-11-07 04:00:00,1,61711890,0.2127805162,,23.15,1,0,1
B034,2021-11-07 05:00:00,0,617E2950,0.2241210282,,38.2,1,0,1
B034,2021-11-07 05:00:00,1,61711890,0.3588530041,,23.22,1,0,1
B034,2021-11-07 06:00:00,0,617E2950,0.1779048258,,38.21,1,0,1
B034,2021-11-07 06:00:00,1,61711890,0.1966255623,,23.3,1,0,1
B034,2021-11-07 07:00:00,0,617E2950,0.1215928747,,38.2,1,0,1
B034,2021-11-07 07:00:00,1,61711890,0.1366174385,,23.47,1,0,1
B034,2021-11-07 08:00:00,0,617E2950,0.0411255102,,38.2,1,0,1
B034,2021-11-07 08:00:00,1,61711890,0.02002052113,,23.62,1,0,1
B034,2021-11-07 09:00:00,0,617E2950,0.02323824537,,38.19,1,0,1
B034,2021-11-07 09:00:00,1,61711890,0.03907016639,,23.62,1,0,1
B034,2021-11-07 10:00:00,0,617E2950,0.01681116888,,38.19,1,0,1
B034,2021-11-07 10:00:00,1,61711890,0.0285876036,,23.59,1,0,1
B034,2021-11-07 11:00:00,0,617E2950,0.0001589278992,,38.19,1,0,1
B034,2021-11-07 11:00:00,1,61711890,0,,23.57,1,0,1
B034,2021-11-07 12:00:00,0,617E2950,0,,38.19,1,0,1
B034,2021-11-07 12:00:00,1,61711890,0,,23.52,1,0,1
B034,2021-11-07 13:00:00,0,617E2950,0.01518644089,,38.2,1,0,1
B034,2021-11-07 13:00:00,1,61711890,0.02165167252,,23.48,1,0,1
B034,2021-11-07 14:00:00,0,617E2950,0.008051804476,,38.2,1,0,1
B034,2021-11-07 14:00:00,1,61711890,0.0003368756499,,23.44,1,0,1
B034,2021-11-07 15:00:00,0,617E2950,0,,38.2,1,0,1
B034,2021-11-07 15:00:00,1,61711890,0,,23.4,1,0,1
B034,2021-11-07 16:00:00,0,617E2950,0,,38.2,1,0,1
B034,2021-11-07 16:00:00,1,61711890,0,,23.37,1,0,1
B034,2021-11-07 17:00:00,0,617E2950,0,,38.2,1,0,1
B034,2021-11-07 17:00:00,1,61711890,0,,23.34,1,0,1
B034,2021-11-07 18:00:00,0,617E2950,0,,38.2,1,0,1
B034,2021-11-07 18:00:00,1,61711890,0,,23.32,1,0,1
B034,2021-11-07 19:00:00,0,617E2950,0,,38.2,1,0,1
B034,2021-11-07 19:00:00,1,61711890,0,,23.3,1,0,1
B034,2021-11-07 20:00:00,0,617E2950,0,,38.2,1,0,1
B034,2021-11-07 20:00:00,1,61711890,0,,23.28,1,0,1
B034,2021-11-07 21:00:00,0,617E2950,0,,38.2,1,0,1
B034,2021-11-07 21:00:00,1,61711890,0,,23.27,1,0,1
B034,2021-11-07 22:00:00,0,617E2950,0,,38.2,1,0,1
B034,2021-11-07 22:00:00,1,61711890,0,,23.26,1,0,1
B034,2021-11-07 23:00:00,0,617E2950,0,,38.2,1,0,1
B034,2021-11-07 23:00:00,1,61711890,0,,23.25,1,0,1
B034,2021-11-08 00:00:00,0,617E2950,0,,38.2,1,0,1
B034,2021-11-08 00:00:00,1,61711890,0.0139894406,,23.24,1,0,1
B034,2021-11-08 01:00:00,0,617E2950,0,,38.2,1,0,1
B034,2021-11-08 01:00:00,1,61711890,0,,23.24,1,0,1
B034,2021-11-08 02:00:00,0,617E2950,0,,38.2,1,0,1
B034,2021-11-08 02:00:00,1,61711890,0,,23.22,1,0,1
B034,2021-11-08 03:00:00,0,617E2950,0,,38.2,1,0,1
B034,2021-11-08 03:00:00,1,61711890,0.0139894406,,23.22,1,0,1
B034,2021-11-08 04:00:00,0,617E2950,0,,38.2,1,0,1
B034,2021-11-08 04:00:00,1,61711890,0.0139894406,,23.21,1,0,1
B034,2021-11-08 05:00:00,0,617E2950,0,,38.2,1,0,1
B034,2021-11-08 05:00:00,1,61711890,0,,23.2,1,0,1
B034,2021-11-08 06:00:00,0,617E2950,0,,38.2,1,0,1
B034,2021-11-08 06:00:00,1,61711890,0,,23.2,1,0,1
B034,2021-11-08 07:00:00,0,617E2950,0.07388136013,,38.2,1,0,1
B034,2021-11-08 07:00:00,1,61711890,0.06636349424,,23.19,1,0,1
B034,2021-11-08 08:00:00,0,617E2950,0,,38.2,1,0,1
B034,2021-11-08 08:00:00,1,61711890,0,,23.18,1,0,1
B034,2021-11-08 09:00:00,0,617E2950,0,,38.2,1,0,1
B034,2021-11-08 09:00:00,1,61711890,0,,23.18,1,0,1
B034,2021-11-08 10:00:00,0,617E2950,0,,38.2,1,0,1
B034,2021-11-08 10:00:00,1,61711890,0,,23.17,1,0,1
B034,2021-11-08 11:00:00,0,617E2950,0,,38.2,1,0,1
B034,2021-11-08 11:00:00,1,61711890,0.0139894406,,23.17,1,0,1
B034,2022-04-20 13:00:00,0,617E2950,0,,38.19,1,0,1
B034,2022-04-20 13:00:00,1,61711890,0,,23.14,1,0,1
B034,2022-04-20 14:00:00,0,617E2950,0,,38.19,1,0,1
B034,2022-04-20 14:00:00,1,61711890,0,,23.14,1,0,1
B034,2022-04-20 15:00:00,0,617E2950,0,,38.19,1,0,1
B034,2022-04-20 15:00:00,1,61711890,0,,23.14,1,0,1
B034,2022-04-20 16:00:00,0,617E2950,0,,38.19,1,0,1
B034,2022-04-20 16:00:00,1,61711890,0,,23.14,1,0,1
B034,2022-04-20 17:00:00,0,617E2950,0,,38.19,1,0,1
B034,2022-04-20 17:00:00,1,61711890,0,,23.14,1,0,1
B034,2022-04-20 18:00:00,0,617E2950,0,,38.19,1,0,1
B034,2022-04-20 18:00:00,1,61711890,0,,23.14,1,0,1
B034,2022-04-20 19:00:00,0,617E2950,0,,38.19,1,0,1
B034,2022-04-20 19:00:00,1,61711890,0.001249919391,,23.14,1,0,1
B034,2022-04-20 20:00:00,0,617E2950,0,,38.19,1,0,1
B034,2022-04-20 20:00:00,1,61711890,0,,23.13,1,0,1
B034,2022-04-20 21:00:00,0,617E2950,0,,38.19,1,0,1
B034,2022-04-20 21:00:00,1,61711890,0,,23.13,1,0,1
B034,2022-04-20 22:00:00,0,617E2950,0,,38.19,1,0,1
B034,2022-04-20 22:00:00,1,61711890,0,,23.13,1,0,1
B034,2022-04-20 23:00:00,0,617E2950,0,,38.19,1,0,1
B034,2022-04-20 23:00:00,1,61711890,0,,23.13,1,0,1
B034,2022-04-21 00:00:00,0,617E2950,0,,38.19,1,0,1
B034,2022-04-21 00:00:00,1,61711890,0,,23.13,1,0,1
B034,2022-04-21 01:00:00,0,617E2950,0,,38.19,1,0,1
B034,2022-04-21 01:00:00,1,61711890,0,,23.13,1,0,1
B034,2022-04-21 02:00:00,0,617E2950,0,,38.19,1,0,1
B034,2022-04-21 02:00:00,1,61711890,0,,23.13,1,0,1
B034,2022-04-21 03:00:00,0,617E2950,0,,38.19,1,0,1
B034,2022-04-21 03:00:00,1,61711890,0,,23.13,1,0,1
B034,2022-04-21 04:00:00,0,617E2950,0,,38.19,1,0,1
B034,2022-04-21 04:00:00,1,61711890,0,,23.13,1,0,1
B034,2022-04-21 05:00:00,0,617E2950,0,,38.19,1,0,1
B034,2022-04-21 05:00:00,1,61711890,0,,23.13,1,0,1
B034,2022-04-21 06:00:00,0,617E2950,0,,38.19,1,0,1
B034,2022-04-21 06:00:00,1,61711890,0,,23.13,1,0,1
B034,2022-04-21 07:00:00,0,617E2950,0,,38.19,1,0,1
B034,2022-04-21 07:00:00,1,61711890,0.001249919391,,23.12,1,0,1
B034,2022-04-21 08:00:00,0,617E2950,0,,38.19,1,0,1
B034,2022-04-21 08:00:00,1,61711890,0,,23.12,1,0,1
B034,2022-04-21 09:00:00,0,617E2950,0,,38.19,1,0,1
B034,2022-04-21 09:00:00,1,61711890,0,,23.12,1,0,1
B034,2022-04-21 10:00:00,0,617E2950,0,,38.19,1,0,1
B034,2022-04-21 10:00:00,1,61711890,0,,23.12,1,0,1
B034,2022-04-21 11:00:00,0,617E2950,0,,38.2,1,0,1
B034,2022-04-21 11:00:00,1,61711890,0,,23.12,1,0,1
B034,2022-04-21 12:00:00,0,617E2950,0,,38.19,1,0,1
B034,2022-04-21 12:00:00,1,61711890,0,,23.12,1,0,1
B034,2022-04-21 13:00:00,0,617E2950,0,,38.19,1,0,1
B034,2022-04-21 13:00:00,1,61711890,0,,23.12,1,0,1
B034,2022-04-21 14:00:00,0,617E2950,0,,38.19,1,0,1
B034,2022-04-21 14:00:00,1,61711890,0,,23.12,1,0,1
B034,2022-04-21 15:00:00,0,617E2950,0,,38.19,1,0,1
B034,2022-04-21 15:00:00,1,61711890,0,,23.12,1,0,1
B034,2022-04-21 16:00:00,0,617E2950,0,,38.19,1,0,1
B034,2022-04-21 16:00:00,1,61711890,0,,23.13,1,0,1
B034,2022-04-21 17:00:00,0,617E2950,0,,38.19,1,0,1
B034,2022-04-21 17:00:00,1,61711890,0,,23.13,1,0,1
B034,2022-04-21 18:00:00,0,617E2950,0,,38.19,1,0,1
B034,2022-04-21 18:00:00,1,61711890,0,,23.13,1,0,1
B034,2022-04-21 19:00:00,0,617E2950,0,,38.19,1,0,1
B034,2022-04-21 19:00:00,1,61711890,0,,23.13,1,0,1
B034,2022-04-21 20:00:00,0,617E2950,0,,38.19,1,0,1
B034,2022-04-21 20:00:00,1,61711890,0,,23.12,1,0,1
B034,2022-04-21 21:00:00,0,617E2950,0,,38.19,1,0,1
B034,2022-04-21 21:00:00,1,61711890,0,,23.12,1,0,1
B034,2022-04-21 22:00:00,0,617E2950,0,,38.18,1,0,1
B034,2022-04-21 22:00:00,1,61711890,0,,23.12,1,0,1
B034,2022-04-21 23:00:00,0,617E2950,0,,38.18,1,0,1
B034,2022-04-21 23:00:00,1,61711890,0,,23.12,1,0,1
B034,2022-04-22 00:00:00,0,617E2950,0,,38.18,1,0,1
B034,2022-04-22 00:00:00,1,61711890,0,,23.12,1,0,1
B034,2022-04-22 01:00:00,0,617E2950,0,,38.18,1,0,1
B034,2022-04-22 01:00:00,1,61711890,0,,23.12,1,0,1
B034,2022-04-22 02:00:00,0,617E2950,0,,38.18,1,0,1
B034,2022-04-22 02:00:00,1,61711890,0,,23.12,1,0,1
B034,2022-04-22 03:00:00,0,617E2950,0,,38.18,1,0,1
B034,2022-04-22 03:00:00,1,61711890,0,,23.12,1,0,1
B034,2022-04-22 04:00:00,0,617E2950,0,,38.18,1,0,1
B034,2022-04-22 04:00:00,1,61711890,0,,23.12,1,0,1
B034,2022-04-22 05:00:00,0,617E2950,0,,38.18,1,0,1
B034,2022-04-22 05:00:00,1,61711890,0,,23.12,1,0,1
B034,2022-04-22 06:00:00,0,617E2950,0,,38.18,1,0,1
B034,2022-04-22 06:00:00,1,61711890,0,,23.11,1,0,1
B034,2022-04-22 07:00:00,0,617E2950,0,,38.18,1,0,1
B034,2022-04-22 07:00:00,1,61711890,0,,23.11,1,0,1
B034,2022-04-22 08:00:00,0,617E2950,0,,38.18,1,0,1
B034,2022-04-22 08:00:00,1,61711890,0,,23.11,1,0,1
B034,2022-04-22 09:00:00,0,617E2950,0,,38.18,1,0,1
B034,2022-04-22 09:00:00,1,61711890,0,,23.11,1,0,1
B034,2022-04-22 10:00:00,0,617E2950,0,,38.18,1,0,1
B034,2022-04-22 10:00:00,1,61711890,0,,23.11,1,0,1
B034,2022-04-22 11:00:00,0,617E2950,0,,38.18,1,0,1
B034,2022-04-22 11:00:00,1,61711890,0,,23.1,1,0,1
B034,2022-04-22 12:00:00,0,617E2950,0,,38.18,1,0,1
B034,2022-04-22 12:00:00,1,61711890,0,,23.1,1,0,1
B034,2022-04-22 13:00:00,0,617E2950,0.1604072651,,38.18,1,0,1
B034,2022-04-22 13:00:00,1,61711890,0.2614487943,,23.1,1,0,1
B034,2022-04-22 14:00:00,0,617E2950,0.227363597,,38.17,1,0,1
B034,2022-04-22 14:00:00,1,61711890,0.3105873797,,23.11,1,0,1
B034,2022-04-22 15:00:00,0,617E2950,0.2458752803,,38.18,1,0,1
B034,2022-04-22 15:00:00,1,61711890,0.2668014692,,23.11,1,0,1
B034,2022-04-22 16:00:00,0,617E2950,0.02888887559,,38.17,1,0,1
B034,2022-04-22 16:00:00,1,61711890,0.1003082869,,23.12,1,0,1
B034,2022-04-22 17:00:00,0,617E2950,0,,38.17,1,0,1
B034,2022-04-22 17:00:00,1,61711890,0.0120775482,,23.12,1,0,1
B034,2022-04-22 18:00:00,0,617E2950,0.03291477783,,38.16,1,0,1
B034,2022-04-22 18:00:00,1,61711890,0.4061695803,,23.12,1,0,1
B034,2022-04-22 19:00:00,0,617E2950,0.06660600193,,38.16,1,0,1
B034,2022-04-22 19:00:00,1,61711890,0.1395277786,,23.13,1,0,1
B034,2022-04-22 20:00:00,0,617E2950,0.5588436632,,38.15,1,0,1
B034,2022-04-22 20:00:00,1,61711890,0.3340187962,,23.15,1,0,1
B034,2022-04-22 21:00:00,0,617E2950,0.7761016622,,38.16,1,0,1
B034,2022-04-22 21:00:00,1,61711890,0.28900985,,23.17,1,0,1
B034,2022-04-22 22:00:00,0,617E2950,0.4274531971,,38.22,1,0,1
B034,2022-04-22 22:00:00,1,61711890,0.1290611797,,23.18,1,0,1
B034,2022-04-22 23:00:00,0,617E2950,0.01207770671,,38.25,1,0,1
B034,2022-04-22 23:00:00,1,61711890,0.4553697855,,23.18,1,0,1
B034,2022-04-23 00:00:00,0,617E2950,0.07225663215,,38.27,1,0,1
B034,2022-04-23 00:00:00,1,61711890,0.7864909905,,23.24,1,0,1
B034,2022-04-23 01:00:00,0,617E2950,0.008051804476,,38.29,1,0,1
B034,2022-04-23 01:00:00,1,61711890,0.02449197205,,23.5,1,0,1
B034,2022-04-23 02:00:00,0,617E2950,0.08595906685,,38.32,1,0,1
B034,2022-04-23 02:00:00,1,61711890,0.08859809196,,23.62,1,0,1
B034,2022-04-23 03:00:00,0,617E2950,0.008051804476,,38.34,1,0,1
B034,2022-04-23 03:00:00,1,61711890,0.1191822178,,23.65,1,0,1
B034,2022-04-23 04:00:00,0,617E2950,0,,38.35,1,0,1
B034,2022-04-23 04:00:00,1,61711890,0.0241550964,,23.65,1,0,1
B034,2022-04-23 05:00:00,0,617E2950,0,,38.35,1,0,1
B034,2022-04-23 05:00:00,1,61711890,0.0120775482,,23.65,1,0,1
B034,2022-04-23 06:00:00,0,617E2950,0,,38.34,1,0,1
B034,2022-04-23 06:00:00,1,61711890,0,,23.63,1,0,1
B034,2022-04-23 07:00:00,0,617E2950,1.667431086,,38.34,1,0,1
B034,2022-04-23 07:00:00,1,61711890,2.542981406,,23.62,1,0,1
B034,2022-04-23 08:00:00,0,617E2950,0,,38.39,1,0,1
B034,2022-04-23 08:00:00,1,61711890,0,,23.59,1,0,1
B034,2022-04-23 09:00:00,0,617E2950,0,,38.36,1,0,1
B034,2022-04-23 09:00:00,1,61711890,0,,23.56,1,0,1
B034,2022-04-23 10:00:00,0,617E2950,0,,38.34,1,0,1
B034,2022-04-23 10:00:00,1,61711890,0,,23.54,1,0,1
B034,2022-04-23 11:00:00,0,617E2950,0,,38.34,1,0,1
B034,2022-04-23 11:00:00,1,61711890,0,,23.54,1,0,1
B034,2022-04-23 12:00:00,0,617E2950,0,,38.33,1,0,1
B034,2022-04-23 12:00:00,1,61711890,0,,23.53,1,0,1
B034,2022-04-23 13:00:00,0,617E2950,0,,38.32,1,0,1
B034,2022-04-23 13:00:00,1,61711890,0,,23.5,1,0,1
B034,2022-04-23 14:00:00,0,617E2950,0,,38.32,1,0,1
B034,2022-04-23 14:00:00,1,61711890,0,,23.47,1,0,1
B034,2022-04-23 15:00:00,0,617E2950,0,,38.31,1,0,1
B034,2022-04-23 15:00:00,1,61711890,0,,23.45,1,0,1
B034,2022-04-23 16:00:00,0,617E2950,0,,38.29,1,0,1
B034,2022-04-23 16:00:00,1,61711890,0,,23.44,1,0,1
B034,2022-04-23 17:00:00,0,617E2950,0,,38.28,1,0,1
B034,2022-04-23 17:00:00,1,61711890,0,,23.41,1,0,1
B034,2022-04-23 18:00:00,0,617E2950,0,,38.28,1,0,1
B034,2022-04-23 18:00:00,1,61711890,0,,23.4,1,0,1
B034,2022-04-23 19:00:00,0,617E2950,0,,38.27,1,0,1
B034,2022-04-23 19:00:00,1,61711890,0,,23.38,1,0,1
B034,2022-04-23 20:00:00,0,617E2950,0,,38.27,1,0,1
B034,2022-04-23 20:00:00,1,61711890,0,,23.36,1,0,1
B034,2022-04-23 21:00:00,0,617E2950,0,,38.26,1,0,1
B034,2022-04-23 21:00:00,1,61711890,0,,23.34,1,0,1
B034,2022-04-23 22:00:00,0,617E2950,0,,38.26,1,0,1
B034,2022-04-23 22:00:00,1,61711890,0,,23.33,1,0,1
B034,2022-04-23 23:00:00,0,617E2950,0,,38.26,1,0,1
B034,2022-04-23 23:00:00,1,61711890,0,,23.32,1,0,1
B034,2022-04-24 00:00:00,0,617E2950,0,,38.25,1,0,1
B034,2022-04-24 00:00:00,1,61711890,0,,23.31,1,0,1
B034,2022-04-24 01:00:00,0,617E2950,0,,38.25,1,0,1
B034,2022-04-24 01:00:00,1,61711890,0,,23.3,1,0,1
B034,2022-04-24 02:00:00,0,617E2950,0,,38.24,1,0,1
B034,2022-04-24 02:00:00,1,61711890,0,,23.3,1,0,1
B034,2022-04-24 03:00:00,0,617E2950,0,,38.24,1,0,1
B034,2022-04-24 03:00:00,1,61711890,0,,23.29,1,0,1
B034,2022-04-24 04:00:00,0,617E2950,0,,38.24,1,0,1
B034,2022-04-24 04:00:00,1,61711890,0,,23.28,1,0,1
B034,2022-04-24 05:00:00,0,617E2950,0,,38.24,1,0,1
B034,2022-04-24 05:00:00,1,61711890,0,,23.27,1,0,1
B034,2022-04-24 06:00:00,0,617E2950,0,,38.23,1,0,1
B034,2022-04-24 06:00:00,1,61711890,0,,23.27,1,0,1
B034,2022-04-24 07:00:00,0,617E2950,0,,38.23,1,0,1
B034,2022-04-24 07:00:00,1,61711890,0,,23.26,1,0,1
B034,2022-04-24 08:00:00,0,617E2950,0,,38.23,1,0,1
B034,2022-04-24 08:00:00,1,61711890,0,,23.25,1,0,1
B034,2022-04-24 09:00:00,0,617E2950,0,,38.23,1,0,1
B034,2022-04-24 09:00:00,1,61711890,0,,23.25,1,0,1
B034,2022-04-24 10:00:00,0,617E2950,0,,38.23,1,0,1
B034,2022-04-24 10:00:00,1,61711890,0,,23.25,1,0,1
B034,2022-04-24 11:00:00,0,617E2950,0,,38.22,1,0,1
B034,2022-04-24 11:00:00,1,61711890,0,,23.24,1,0,1
B034,2022-04-24 12:00:00,0,617E2950,0,,38.22,1,0,1
B034,2022-04-24 12:00:00,1,61711890,0,,23.24,1,0,1
B034,2022-04-24 13:00:00,0,617E2950,0,,38.22,1,0,1
B034,2022-04-24 13:00:00,1,61711890,0,,23.24,1,0,1
B034,2022-04-24 14:00:00,0,617E2950,0,,38.22,1,0,1
B034,2022-04-24 14:00:00,1,61711890,0.01583169883,,23.24,1,0,1
B034,2022-04-24 15:00:00,0,617E2950,0,,38.22,1,0,1
B034,2022-04-24 15:00:00,1,61711890,0.1741486871,,23.24,1,0,1
B034,2022-04-24 16:00:00,0,617E2950,0,,38.22,1,0,1
B034,2022-04-24 16:00:00,1,61711890,0,,23.24,1,0,1
B034,2022-04-24 17:00:00,0,617E2950,0.01518644089,,38.23,1,0,1
B034,2022-04-24 17:00:00,1,61711890,0.007662231919,,23.24,1,0,1
B034,2022-04-24 18:00:00,0,617E2950,0.1385123042,,38.24,1,0,1
B034,2022-04-24 18:00:00,1,61711890,0.0749818363,,23.23,1,0,1
B034,2022-04-24 19:00:00,0,617E2950,0.01681116888,,38.27,1,0,1
B034,2022-04-24 19:00:00,1,61711890,0.03674909295,,23.22,1,0,1
B034,2022-04-24 20:00:00,0,617E2950,0,,38.26,1,0,1
B034,2022-04-24 20:00:00,1,61711890,0,,23.21,1,0,1
B034,2022-04-24 21:00:00,0,617E2950,0,,38.26,1,0,1
B034,2022-04-24 21:00:00,1,61711890,0,,23.21,1,0,1
B034,2022-04-24 22:00:00,0,617E2950,0.03037288179,,38.26,1,0,1
B034,2022-04-24 22:00:00,1,61711890,0.08961376385,,23.21,1,0,1
B034,2022-04-24 23:00:00,0,617E2950,0.07154907223,,38.26,1,0,1
B034,2022-04-24 23:00:00,1,61711890,0.02585206029,,23.23,1,0,1
B034,2022-04-25 00:00:00,0,617E2950,0.05375184894,,38.26,1,0,1
B034,2022-04-25 00:00:00,1,61711890,0.03136246114,,23.25,1,0,1
B034,2022-04-25 01:00:00,0,617E2950,0,,38.26,1,0,1
B034,2022-04-25 01:00:00,1,61711890,0.001249919391,,23.25,1,0,1
B034,2022-04-25 02:00:00,0,617E2950,0,,38.26,1,0,1
B034,2022-04-25 02:00:00,1,61711890,0.01583169883,,23.25,1,0,1
B034,2022-04-25 03:00:00,0,617E2950,0.03291477783,,38.26,1,0,1
B034,2022-04-25 03:00:00,1,61711890,0.01593388731,,23.25,1,0,1
B034,2022-04-25 04:00:00,0,617E2950,0.07939126857,,38.26,1,0,1
B034,2022-04-25 04:00:00,1,61711890,0.3387041843,,23.25,1,0,1
B034,2022-04-25 05:00:00,0,617E2950,0.05212712096,,38.26,1,0,1
B034,2022-04-25 05:00:00,1,61711890,0.4348968681,,23.25,1,0,1
B034,2022-04-25 06:00:00,0,617E2950,0,,38.26,1,0,1
B034,2022-04-25 06:00:00,1,61711890,0.354448982,,23.25,1,0,1
B034,2022-04-25 07:00:00,0,617E2950,0.1048929155,,38.26,1,0,1
B034,2022-04-25 07:00:00,1,61711890,1.161429827,,23.25,1,0,1
B034,2022-04-25 08:00:00,0,617E2950,0,,38.26,1,0,1
B034,2022-04-25 08:00:00,1,61711890,0.07457606982,,23.25,1,0,1
B034,2022-06-22 05:00:00,0,617E2950,0,,37.23,1,0,1
B034,2022-06-22 05:00:00,1,61711890,0,,23.95,1,0,1
B034,2022-06-22 06:00:00,0,617E2950,0,,37.23,1,0,1
B034,2022-06-22 06:00:00,1,61711890,0,,23.96,1,0,1
B034,2022-06-22 07:00:00,0,617E2950,0.0497259467,,37.23,1,0,1
B034,2022-06-22 07:00:00,1,61711890,0.1661710115,,23.95,1,0,1
B034,2022-06-22 08:00:00,0,617E2950,0,,37.23,1,0,1
B034,2022-06-22 08:00:00,1,61711890,0,,23.95,1,0,1
B034,2022-06-22 09:00:00,0,617E2950,0,,37.23,1,0,1
B034,2022-06-22 09:00:00,1,61711890,0,,23.94,1,0,1
B034,2022-06-22 10:00:00,0,617E2950,0,,37.22,1,0,1
B034,2022-06-22 10:00:00,1,61711890,0,,23.93,1,0,1
B034,2022-06-22 11:00:00,0,617E2950,0,,37.22,1,0,1
B034,2022-06-22 11:00:00,1,61711890,0,,23.95,1,0,1
B034,2022-06-22 12:00:00,0,617E2950,0,,37.22,1,0,1
B034,2022-06-22 12:00:00,1,61711890,0,,23.91,1,0,1
B034,2022-06-22 13:00:00,0,617E2950,0,,37.22,1,0,1
B034,2022-06-22 13:00:00,1,61711890,0,,23.94,1,0,1
B034,2022-06-22 14:00:00,0,617E2950,0,,37.22,1,0,1
B034,2022-06-22 14:00:00,1,61711890,0,,23.94,1,0,1
B034,2022-06-22 15:00:00,0,617E2950,0,,37.22,1,0,1
B034,2022-06-22 15:00:00,1,61711890,0,,23.91,1,0,1
B034,2022-06-22 16:00:00,0,617E2950,0,,37.22,1,0,1
B034,2022-06-22 16:00:00,1,61711890,0,,23.95,1,0,1
B034,2022-06-22 17:00:00,0,617E2950,0,,37.21,1,0,1
B034,2022-06-22 17:00:00,1,61711890,0,,23.94,1,0,1
B034,2022-06-22 18:00:00,0,617E2950,0,,37.21,1,0,1
B034,2022-06-22 18:00:00,1,61711890,0,,23.93,1,0,1
B034,2022-06-22 19:00:00,0,617E2950,0,,37.21,1,0,1
B034,2022-06-22 19:00:00,1,61711890,0,,23.95,1,0,1
B034,2022-06-22 20:00:00,0,617E2950,0,,37.21,1,0,1
B034,2022-06-22 20:00:00,1,61711890,0,,23.97,1,0,1
B034,2022-06-22 21:00:00,0,617E2950,0,,37.21,1,0,1
B034,2022-06-22 21:00:00,1,61711890,0,,23.96,1,0,1
B034,2022-06-22 22:00:00,0,617E2950,0,,37.21,1,0,1
B034,2022-06-22 22:00:00,1,61711890,0,,23.95,1,0,1
B034,2022-06-22 23:00:00,0,617E2950,0,,37.21,1,0,1
B034,2022-06-22 23:00:00,1,61711890,0,,23.95,1,0,1
B034,2022-06-23 00:00:00,0,617E2950,0,,37.2,1,0,1
B034,2022-06-23 00:00:00,1,61711890,0,,23.93,1,0,1
B034,2022-06-23 01:00:00,0,617E2950,0,,37.2,1,0,1
B034,2022-06-23 01:00:00,1,61711890,0,,23.94,1,0,1
B034,2022-06-23 02:00:00,0,617E2950,0,,37.2,1,0,1
B034,2022-06-23 02:00:00,1,61711890,0,,23.95,1,0,1
B034,2022-06-23 03:00:00,0,617E2950,0,,37.2,1,0,1
B034,2022-06-23 03:00:00,1,61711890,0,,23.95,1,0,1
B034,2022-06-23 04:00:00,0,617E2950,0,,37.2,1,0,1
B034,2022-06-23 04:00:00,1,61711890,0,,23.94,1,0,1
B034,2022-06-23 05:00:00,0,617E2950,0,,37.2,1,0,1
B034,2022-06-23 05:00:00,1,61711890,0,,23.95,1,0,1
B034,2022-06-23 06:00:00,0,617E2950,0,,37.2,1,0,1
B034,2022-06-23 06:00:00,1,61711890,0,,23.92,1,0,1
B034,2022-06-23 07:00:00,0,617E2950,0,,37.19,1,0,1
B034,2022-06-23 07:00:00,1,61711890,0,,23.93,1,0,1
B034,2022-06-23 08:00:00,0,617E2950,0,,37.19,1,0,1
B034,2022-06-23 08:00:00,1,61711890,0,,23.95,1,0,1
B034,2022-06-23 09:00:00,0,617E2950,0,,37.19,1,0,1
B034,2022-06-23 09:00:00,1,61711890,0,,23.92,1,0,1
B034,2022-06-23 10:00:00,0,617E2950,0,,37.19,1,0,1
B034,2022-06-23 10:00:00,1,61711890,0,,23.92,1,0,1
B034,2022-06-23 11:00:00,0,617E2950,0,,37.19,1,0,1
B034,2022-06-23 11:00:00,1,61711890,0,,23.9,1,0,1
B034,2022-06-23 12:00:00,0,617E2950,0,,37.19,1,0,1
B034,2022-06-23 12:00:00,1,61711890,0,,23.94,1,0,1
B034,2022-06-23 13:00:00,0,617E2950,0,,37.19,1,0,1
B034,2022-06-23 13:00:00,1,61711890,0,,23.95,1,0,1
B034,2022-06-23 14:00:00,0,617E2950,0,,37.19,1,0,1
B034,2022-06-23 14:00:00,1,61711890,0,,23.94,1,0,1
B034,2022-06-23 15:00:00,0,617E2950,0,,37.19,1,0,1
B034,2022-06-23 15:00:00,1,61711890,0,,23.97,1,0,1
B034,2022-06-23 16:00:00,0,617E2950,0,,37.19,1,0,1
B034,2022-06-23 16:00:00,1,61711890,0,,23.96,1,0,1
B034,2022-06-23 17:00:00,0,617E2950,0,,37.19,1,0,1
B034,2022-06-23 17:00:00,1,61711890,0,,23.95,1,0,1
B034,2022-06-23 18:00:00,0,617E2950,0,,37.19,1,0,1
B034,2022-06-23 18:00:00,1,61711890,0,,23.97,1,0,1
B034,2022-06-23 19:00:00,0,617E2950,0,,37.19,1,0,1
B034,2022-06-23 19:00:00,1,61711890,0,,23.95,1,0,1
B034,2022-06-23 20:00:00,0,617E2950,0,,37.19,1,0,1
B034,2022-06-23 20:00:00,1,61711890,0,,23.98,1,0,1
B034,2022-06-23 21:00:00,0,617E2950,0,,37.19,1,0,1
B034,2022-06-23 21:00:00,1,61711890,0,,23.98,1,0,1
B034,2022-06-23 22:00:00,0,617E2950,0,,37.2,1,0,1
B034,2022-06-23 22:00:00,1,61711890,0,,23.97,1,0,1
B034,2022-06-23 23:00:00,0,617E2950,0,,37.22,1,0,1
B034,2022-06-23 23:00:00,1,61711890,0,,23.98,1,0,1
B034,2022-06-24 00:00:00,0,617E2950,0,,37.23,1,0,1
B034,2022-06-24 00:00:00,1,61711890,0,,23.97,1,0,1
B034,2022-06-24 01:00:00,0,617E2950,0,,37.25,1,0,1
B034,2022-06-24 01:00:00,1,61711890,0,,23.99,1,0,1
B034,2022-06-24 02:00:00,0,617E2950,0,,37.27,1,0,1
B034,2022-06-24 02:00:00,1,61711890,0,,23.97,1,0,1
B034,2022-06-24 03:00:00,0,617E2950,0,,37.3,1,0,1
B034,2022-06-24 03:00:00,1,61711890,0,,23.97,1,0,1
B034,2022-06-24 04:00:00,0,617E2950,0,,37.33,1,0,1
B034,2022-06-24 04:00:00,1,61711890,0,,23.97,1,0,1
B034,2022-06-24 05:00:00,0,617E2950,0.01518644089,,37.37,1,0,1
B034,2022-06-24 05:00:00,1,61711890,0.05647248951,,23.97,1,0,1
B034,2022-06-24 06:00:00,0,617E2950,0.7048379717,,37.41,1,0,1
B034,2022-06-24 06:00:00,1,61711890,0.453297689,,23.98,1,0,1
B034,2022-06-24 07:00:00,0,617E2950,1.498616849,,37.45,1,0,1
B034,2022-06-24 07:00:00,1,61711890,1.168988724,,24,1,0,1
B034,2022-06-24 08:00:00,0,617E2950,2.516845774,,37.51,1,0,1
B034,2022-06-24 08:00:00,1,61711890,2.123674749,,23.99,1,0,1
B034,2022-06-24 09:00:00,0,617E2950,0.4137674988,,38.11,1,0,1
B034,2022-06-24 09:00:00,1,61711890,1.149229874,,24,1,0,1
B034,2022-06-24 10:00:00,0,617E2950,0.1724849718,,37.74,1,0,1
B034,2022-06-24 10:00:00,1,61711890,0.3306099523,,24.04,1,0,1
B034,2022-06-24 11:00:00,0,617E2950,0.08668483289,,,1,0,0
B034,2022-06-24 11:00:00,1,61711890,0.272157979,,,1,0,0
B034,2022-06-24 12:00:00,0,617E2950,0.203634287,,37.65,1,0,1
B034,2022-06-24 12:00:00,1,61711890,0.1780639427,,24.47,1,0,1
B034,2022-06-24 13:00:00,0,617E2950,0.03037288179,,37.67,1,0,1
B034,2022-06-24 13:00:00,1,61711890,0.08621162476,,24.52,1,0,1
B034,2022-06-24 14:00:00,0,617E2950,0.02083707111,,37.72,1,0,1
B034,2022-06-24 14:00:00,1,61711890,0.05149931021,,24.46,1,0,1
B034,2022-06-24 15:00:00,0,617E2950,0,,37.71,1,0,1
B034,2022-06-24 15:00:00,1,61711890,0.03166339765,,24.43,1,0,1
B034,2022-06-24 16:00:00,0,617E2950,0,,37.65,1,0,1
B034,2022-06-24 16:00:00,1,61711890,0,,24.4,1,0,1
B034,2022-06-24 17:00:00,0,617E2950,0,,37.63,1,0,1
B034,2022-06-24 17:00:00,1,61711890,0,,24.38,1,0,1
B034,2022-06-24 18:00:00,0,617E2950,0,,37.62,1,0,1
B034,2022-06-24 18:00:00,1,61711890,0.001249919391,,24.36,1,0,1
B034,2022-06-24 19:00:00,0,617E2950,0,,37.6,1,0,1
B034,2022-06-24 19:00:00,1,61711890,0,,24.32,1,0,1
B034,2022-06-24 20:00:00,0,617E2950,0,,37.56,1,0,1
B034,2022-06-24 20:00:00,1,61711890,0,,24.29,1,0,1
B034,2022-06-24 21:00:00,0,617E2950,0,,37.51,1,0,1
B034,2022-06-24 21:00:00,1,61711890,0,,24.26,1,0,1
B034,2022-06-24 22:00:00,0,617E2950,0,,37.49,1,0,1
B034,2022-06-24 22:00:00,1,61711890,0,,24.23,1,0,1
B034,2022-06-24 23:00:00,0,617E2950,0,,37.5,1,0,1
B034,2022-06-24 23:00:00,1,61711890,0,,24.14,1,0,1
B034,2022-06-25 00:00:00,0,617E2950,0,,37.7,1,0,1
B034,2022-06-25 00:00:00,1,61711890,0,,,1,0,0
B034,2022-06-25 01:00:00,0,617E2950,0,,38.06,1,0,1
B034,2022-06-25 01:00:00,1,61711890,0,,24.1,1,0,1
B034,2022-06-25 02:00:00,0,617E2950,0,,38.3,1,0,1
B034,2022-06-25 02:00:00,1,61711890,0,,24.1,1,0,1
B034,2022-06-25 03:00:00,0,617E2950,0,,38.37,1,0,1
B034,2022-06-25 03:00:00,1,61711890,0,,,1,0,0
B034,2022-06-25 04:00:00,0,617E2950,0,,38.37,1,0,1
B034,2022-06-25 04:00:00,1,61711890,0,,24.1,1,0,1
B034,2022-06-25 05:00:00,0,617E2950,0,,38.37,1,0,1
B034,2022-06-25 05:00:00,1,61711890,0,,24.13,1,0,1
B034,2022-06-25 06:00:00,0,617E2950,0,,38.28,1,0,1
B034,2022-06-25 06:00:00,1,61711890,0,,24.14,1,0,1
B034,2022-06-25 07:00:00,0,617E2950,2.84345616,,38.21,1,0,1
B034,2022-06-25 07:00:00,1,61711890,3.631755452,,24.13,1,0,1
B034,2022-06-25 08:00:00,0,617E2950,0,,38.19,1,0,1
B034,2022-06-25 08:00:00,1,61711890,0,,24.13,1,0,1
B034,2022-06-25 09:00:00,0,617E2950,0,,38.23,1,0,1
B034,2022-06-25 09:00:00,1,61711890,0,,24.11,1,0,1
B034,2022-06-25 10:00:00,0,617E2950,0,,38.27,1,0,1
B034,2022-06-25 10:00:00,1,61711890,0,,24.09,1,0,1
B034,2022-06-25 11:00:00,0,617E2950,0,,38.28,1,0,1
B034,2022-06-25 11:00:00,1,61711890,0,,24.1,1,0,1
B034,2022-06-25 12:00:00,0,617E2950,0,,38.28,1,0,1
B034,2022-06-25 12:00:00,1,61711890,0,,24.11,1,0,1
B034,2022-06-25 13:00:00,0,617E2950,0,,38.28,1,0,1
B034,2022-06-25 13:00:00,1,61711890,0,,24.1,1,0,1
B034,2022-06-25 14:00:00,0,617E2950,0,,38.28,1,0,1
B034,2022-06-25 14:00:00,1,61711890,0,,24.11,1,0,1
B034,2022-06-25 15:00:00,0,617E2950,0,,38.27,1,0,1
B034,2022-06-25 15:00:00,1,61711890,0,,24.09,1,0,1
B034,2022-06-25 16:00:00,0,617E2950,0,,38.27,1,0,1
B034,2022-06-25 16:00:00,1,61711890,0,,24.11,1,0,1
B034,2022-06-25 17:00:00,0,617E2950,0,,38.26,1,0,1
B034,2022-06-25 17:00:00,1,61711890,0,,24.11,1,0,1
B034,2022-06-25 18:00:00,0,617E2950,0,,38.26,1,0,1
B034,2022-06-25 18:00:00,1,61711890,0,,24.11,1,0,1
B034,2022-06-25 19:00:00,0,617E2950,0,,38.25,1,0,1
B034,2022-06-25 19:00:00,1,61711890,0,,24.13,1,0,1
B034,2022-06-25 20:00:00,0,617E2950,0,,38.25,1,0,1
B034,2022-06-25 20:00:00,1,61711890,0,,24.13,1,0,1
B034,2022-06-25 21:00:00,0,617E2950,0,,38.25,1,0,1
B034,2022-06-25 21:00:00,1,61711890,0,,24.14,1,0,1
B034,2022-06-25 22:00:00,0,617E2950,0,,38.24,1,0,1
B034,2022-06-25 22:00:00,1,61711890,0,,24.13,1,0,1
B034,2022-06-25 23:00:00,0,617E2950,0,,38.24,1,0,1
B034,2022-06-25 23:00:00,1,61711890,0,,24.13,1,0,1
B034,2022-06-26 00:00:00,0,617E2950,0,,38.24,1,0,1
B034,2022-06-26 00:00:00,1,61711890,0,,24.13,1,0,1
B034,2022-06-26 01:00:00,0,617E2950,0,,38.23,1,0,1
B034,2022-06-26 01:00:00,1,61711890,0,,24.13,1,0,1
B034,2022-06-26 02:00:00,0,617E2950,0,,38.23,1,0,1
B034,2022-06-26 02:00:00,1,61711890,0,,24.13,1,0,1
B034,2022-06-26 03:00:00,0,617E2950,0,,38.23,1,0,1
B034,2022-06-26 03:00:00,1,61711890,0,,24.14,1,0,1
B034,2022-06-26 04:00:00,0,617E2950,0,,38.23,1,0,1
B034,2022-06-26 04:00:00,1,61711890,0,,24.13,1,0,1
B034,2022-06-26 05:00:00,0,617E2950,0,,38.22,1,0,1
B034,2022-06-26 05:00:00,1,61711890,0,,24.13,1,0,1
B034,2022-06-26 06:00:00,0,617E2950,0,,38.22,1,0,1
B034,2022-06-26 06:00:00,1,61711890,0,,24.13,1,0,1
B034,2022-06-26 07:00:00,0,617E2950,0,,38.22,1,0,1
B034,2022-06-26 07:00:00,1,61711890,0,,24.11,1,0,1
B034,2022-06-26 08:00:00,0,617E2950,0,,38.22,1,0,1
B034,2022-06-26 08:00:00,1,61711890,0,,24.11,1,0,1
B034,2022-06-26 09:00:00,0,617E2950,0,,38.22,1,0,1
B034,2022-06-26 09:00:00,1,61711890,0,,24.1,1,0,1
B034,2022-06-26 10:00:00,0,617E2950,0,,38.21,1,0,1
B034,2022-06-26 10:00:00,1,61711890,0,,24.1,1,0,1
B034,2022-06-26 11:00:00,0,617E2950,0,,38.21,1,0,1
B034,2022-06-26 11:00:00,1,61711890,0,,24.11,1,0,1
B034,2022-06-26 12:00:00,0,617E2950,0,,38.21,1,0,1
B034,2022-06-26 12:00:00,1,61711890,0,,24.13,1,0,1
B034,2022-06-26 13:00:00,0,617E2950,0,,38.21,1,0,1
B034,2022-06-26 13:00:00,1,61711890,0,,24.13,1,0,1
B034,2022-06-26 14:00:00,0,617E2950,0,,38.2,1,0,1
B034,2022-06-26 14:00:00,1,61711890,0,,24.11,1,0,1
B034,2022-06-26 15:00:00,0,617E2950,0,,38.2,1,0,1
B034,2022-06-26 15:00:00,1,61711890,0,,24.13,1,0,1
B034,2022-06-26 16:00:00,0,617E2950,0,,38.19,1,0,1
B034,2022-06-26 16:00:00,1,61711890,0,,24.12,1,0,1
B034,2022-06-26 17:00:00,0,617E2950,0,,38.19,1,0,1
B034,2022-06-26 17:00:00,1,61711890,0,,24.13,1,0,1
B034,2022-06-26 18:00:00,0,617E2950,0,,38.19,1,0,1
B034,2022-06-26 18:00:00,1,61711890,0,,24.13,1,0,1
B034,2022-06-26 19:00:00,0,617E2950,0,,38.19,1,0,1
B034,2022-06-26 19:00:00,1,61711890,0,,24.13,1,0,1
B034,2023-03-31 10:00:00,0,617E2950,0,,38.14,1,0,1
B034,2023-03-31 10:00:00,1,61711890,0,,23.01,1,0,1
B034,2023-03-31 11:00:00,0,617E2950,0,,38.14,1,0,1
B034,2023-03-31 11:00:00,1,61711890,0,,23.01,1,0,1
B034,2023-03-31 12:00:00,0,617E2950,0,,38.14,1,0,1
B034,2023-03-31 12:00:00,1,61711890,0,,23.01,1,0,1
B034,2023-03-31 13:00:00,0,617E2950,0,,38.14,1,0,1
B034,2023-03-31 13:00:00,1,61711890,0,,23.01,1,0,1
B034,2023-03-31 14:00:00,0,617E2950,0,,38.14,1,0,1
B034,2023-03-31 14:00:00,1,61711890,0,,23.01,1,0,1
B034,2023-03-31 15:00:00,0,617E2950,0,,38.14,1,0,1
B034,2023-03-31 15:00:00,1,61711890,0,,23.01,1,0,1
B034,2023-03-31 16:00:00,0,617E2950,0,,38.14,1,0,1
B034,2023-03-31 16:00:00,1,61711890,0,,23.01,1,0,1
B034,2023-03-31 17:00:00,0,617E2950,0,,38.14,1,0,1
B034,2023-03-31 17:00:00,1,61711890,0.0139894406,,23.01,1,0,1
B034,2023-03-31 18:00:00,0,617E2950,0,,,1,0,0
B034,2023-03-31 18:00:00,1,61711890,0,,23.01,1,0,1
B034,2023-03-31 19:00:00,0,617E2950,0,,,1,0,0
B034,2023-03-31 19:00:00,1,61711890,0,,23.01,1,0,1
B034,2023-03-31 20:00:00,0,617E2950,0,,38.14,1,0,1
B034,2023-03-31 20:00:00,1,61711890,0,,23.01,1,0,1
B034,2023-03-31 21:00:00,0,617E2950,0,,,1,0,0
B034,2023-03-31 21:00:00,1,61711890,0,,23.01,1,0,1
B034,2023-03-31 22:00:00,0,617E2950,0,,38.14,1,0,1
B034,2023-03-31 22:00:00,1,61711890,0,,23.01,1,0,1
B034,2023-03-31 23:00:00,0,617E2950,0,,38.14,1,0,1
B034,2023-03-31 23:00:00,1,61711890,0,,23.01,1,0,1
B034,2023-04-01 00:00:00,0,617E2950,0,,38.14,1,0,1
B034,2023-04-01 00:00:00,1,61711890,0.0120775482,,23.01,1,0,1
B034,2023-04-01 01:00:00,0,617E2950,0,,38.14,1,0,1
B034,2023-04-01 01:00:00,1,61711890,0,,23.01,1,0,1
B034,2023-04-01 02:00:00,0,617E2950,0,,,1,0,0
B034,2023-04-01 02:00:00,1,61711890,0,,23.02,1,0,1
B034,2023-04-01 03:00:00,0,617E2950,0,,38.14,1,0,1
B034,2023-04-01 03:00:00,1,61711890,0,,23.02,1,0,1
B034,2023-04-01 04:00:00,0,617E2950,0,,,1,0,0
B034,2023-04-01 04:00:00,1,61711890,0,,23.02,1,0,1
B034,2023-04-01 05:00:00,0,617E2950,0,,38.14,1,0,1
B034,2023-04-01 05:00:00,1,61711890,0,,23.02,1,0,1
B034,2023-04-01 06:00:00,0,617E2950,0,,,1,0,0
B034,2023-04-01 06:00:00,1,61711890,0,,23.02,1,0,1
B034,2023-04-01 07:00:00,0,617E2950,0,,,1,0,0
B034,2023-04-01 07:00:00,1,61711890,0.0120775482,,23.02,1,0,1
B034,2023-04-01 08:00:00,0,617E2950,0,,38.14,1,0,1
B034,2023-04-01 08:00:00,1,61711890,0,,23.02,1,0,1
B034,2023-04-01 09:00:00,0,617E2950,0,,38.14,1,0,1
B034,2023-04-01 09:00:00,1,61711890,0,,23.01,1,0,1
B034,2023-04-01 10:00:00,0,617E2950,0,,38.14,1,0,1
B034,2023-04-01 10:00:00,1,61711890,0,,23.01,1,0,1
B034,2023-04-01 11:00:00,0,617E2950,0,,38.14,1,0,1
B034,2023-04-01 11:00:00,1,61711890,0,,23.01,1,0,1
B034,2023-04-01 12:00:00,0,617E2950,0,,38.14,1,0,1
B034,2023-04-01 12:00:00,1,61711890,0,,23.01,1,0,1
B034,2023-04-01 13:00:00,0,617E2950,0,,38.14,1,0,1
B034,2023-04-01 13:00:00,1,61711890,0,,23.01,1,0,1
B034,2023-04-01 14:00:00,0,617E2950,0,,38.14,1,0,1
B034,2023-04-01 14:00:00,1,61711890,0,,23.01,1,0,1
B034,2023-04-01 15:00:00,0,617E2950,0,,38.14,1,0,1
B034,2023-04-01 15:00:00,1,61711890,0,,23.01,1,0,1
B034,2023-04-01 16:00:00,0,617E2950,0,,,1,0,0
B034,2023-04-01 16:00:00,1,61711890,0,,23.01,1,0,1
B034,2023-04-01 17:00:00,0,617E2950,0,,38.14,1,0,1
B034,2023-04-01 17:00:00,1,61711890,0,,23.01,1,0,1
B034,2023-04-01 18:00:00,0,617E2950,0,,38.14,1,0,1
B034,2023-04-01 18:00:00,1,61711890,0,,23.01,1,0,1
B034,2023-04-01 19:00:00,0,617E2950,0,,38.14,1,0,1
B034,2023-04-01 19:00:00,1,61711890,0,,23.01,1,0,1
B034,2023-04-01 20:00:00,0,617E2950,0,,38.14,1,0,1
B034,2023-04-01 20:00:00,1,61711890,0,,23.01,1,0,1
B034,2023-04-01 21:00:00,0,617E2950,0,,38.14,1,0,1
B034,2023-04-01 21:00:00,1,61711890,0,,23.01,1,0,1
B034,2023-04-01 22:00:00,0,617E2950,0,,38.14,1,0,1
B034,2023-04-01 22:00:00,1,61711890,0,,23.01,1,0,1
B034,2023-04-01 23:00:00,0,617E2950,0,,38.14,1,0,1
B034,2023-04-01 23:00:00,1,61711890,0,,23.01,1,0,1
B034,2023-04-02 00:00:00,0,617E2950,0,,38.14,1,0,1
B034,2023-04-02 00:00:00,1,61711890,0,,23.01,1,0,1
B034,2023-04-02 01:00:00,0,617E2950,0,,38.14,1,0,1
B034,2023-04-02 01:00:00,1,61711890,0.0139894406,,23.01,1,0,1
B034,2023-04-02 02:00:00,0,617E2950,0,,38.14,1,0,1
B034,2023-04-02 02:00:00,1,61711890,0,,23.01,1,0,1
B034,2023-04-02 03:00:00,0,617E2950,0,,38.14,1,0,1
B034,2023-04-02 03:00:00,1,61711890,0,,23.01,1,0,1
B034,2023-04-02 04:00:00,0,617E2950,0,,38.13,1,0,1
B034,2023-04-02 04:00:00,1,61711890,0,,23.02,1,0,1
B034,2023-04-02 05:00:00,0,617E2950,0,,38.13,1,0,1
B034,2023-04-02 05:00:00,1,61711890,0,,23.02,1,0,1
B034,2023-04-02 06:00:00,0,617E2950,0,,38.13,1,0,1
B034,2023-04-02 06:00:00,1,61711890,0,,23.01,1,0,1
B034,2023-04-02 07:00:00,0,617E2950,0,,38.13,1,0,1
B034,2023-04-02 07:00:00,1,61711890,0,,23.01,1,0,1
B034,2023-04-02 08:00:00,0,617E2950,0,,38.13,1,0,1
B034,2023-04-02 08:00:00,1,61711890,0,,23.01,1,0,1
B034,2023-04-02 09:00:00,0,617E2950,0,,38.13,1,0,1
B034,2023-04-02 09:00:00,1,61711890,0,,23.01,1,0,1
B034,2023-04-02 10:00:00,0,617E2950,0.2277966134,,38.13,1,0,1
B034,2023-04-02 10:00:00,1,61711890,0.1149334788,,23.01,1,0,1
B034,2023-04-02 11:00:00,0,617E2950,0.1096780211,,38.13,1,0,1
B034,2023-04-02 11:00:00,1,61711890,0.2687127849,,23.01,1,0,1
B034,2023-04-02 12:00:00,0,617E2950,0,,38.13,1,0,1
B034,2023-04-02 12:00:00,1,61711890,0.160816827,,23.01,1,0,1
B034,2023-04-02 13:00:00,0,617E2950,0,,38.13,1,0,1
B034,2023-04-02 13:00:00,1,61711890,0,,23.01,1,0,1
B034,2023-04-02 14:00:00,0,617E2950,0,,38.12,1,0,1
B034,2023-04-02 14:00:00,1,61711890,0,,23.01,1,0,1
B034,2023-04-02 15:00:00,0,617E2950,0.09111864537,,38.11,1,0,1
B034,2023-04-02 15:00:00,1,61711890,0.04722331091,,23.01,1,0,1
B034,2023-04-02 16:00:00,0,617E2950,0.08762019417,,38.1,1,0,1
B034,2023-04-02 16:00:00,1,61711890,0.1781169505,,23.01,1,0,1
B034,2023-04-02 17:00:00,0,617E2950,0.008051804476,,38.09,1,0,1
B034,2023-04-02 17:00:00,1,61711890,0.001586795041,,23.02,1,0,1
B034,2023-04-02 18:00:00,0,617E2950,0,,,1,0,0
B034,2023-04-02 18:00:00,1,61711890,0,,23.03,1,0,1
B034,2023-04-02 19:00:00,0,617E2950,0,,38.08,1,0,1
B034,2023-04-02 19:00:00,1,61711890,0,,23.05,1,0,1
B034,2023-04-02 20:00:00,0,617E2950,0,,,1,0,0
B034,2023-04-02 20:00:00,1,61711890,0,,23.06,1,0,1
B034,2023-04-02 21:00:00,0,617E2950,0,,38.07,1,0,1
B034,2023-04-02 21:00:00,1,61711890,0.0139894406,,23.07,1,0,1
B034,2023-04-02 22:00:00,0,617E2950,0,,38.06,1,0,1
B034,2023-04-02 22:00:00,1,61711890,0.001249919391,,23.07,1,0,1
B034,2023-04-02 23:00:00,0,617E2950,0,,38.06,1,0,1
B034,2023-04-02 23:00:00,1,61711890,0,,23.07,1,0,1
B034,2023-04-03 00:00:00,0,617E2950,0,,38.05,1,0,1
B034,2023-04-03 00:00:00,1,61711890,0.001249919391,,23.07,1,0,1
B034,2023-04-03 01:00:00,0,617E2950,0,,38.05,1,0,1
B034,2023-04-03 01:00:00,1,61711890,0,,23.06,1,0,1
B034,2023-04-03 02:00:00,0,617E2950,0.2319814436,,38.04,1,0,1
B034,2023-04-03 02:00:00,1,61711890,0.1309336154,,23.06,1,0,1
B034,2023-04-03 03:00:00,0,617E2950,1.528886307,,38.03,1,0,1
B034,2023-04-03 03:00:00,1,61711890,1.203701245,,23.06,1,0,1
B034,2023-04-03 04:00:00,0,617E2950,0.2276307725,,38.12,1,0,1
B034,2023-04-03 04:00:00,1,61711890,0.2275792583,,23.06,1,0,1
B034,2023-04-03 05:00:00,0,617E2950,0.05228604886,,38.15,1,0,1
B034,2023-04-03 05:00:00,1,61711890,0.04834569161,,23.08,1,0,1
B034,2023-04-03 06:00:00,0,617E2950,0.01207770671,,38.17,1,0,1
B034,2023-04-03 06:00:00,1,61711890,0.0005053134748,,23.08,1,0,1
B034,2023-04-03 07:00:00,0,617E2950,0.5955826242,,,1,0,0
B034,2023-04-03 07:00:00,1,61711890,1.248632269,,23.08,1,0,1
B034,2023-04-03 08:00:00,0,617E2950,0.2638973171,,38.16,1,0,1
B034,2023-04-03 08:00:00,1,61711890,0.2211993966,,23.09,1,0,1
B034,2023-04-03 09:00:00,0,617E2950,0.004025902238,,38.18,1,0,1
B034,2023-04-03 09:00:00,1,61711890,0.001418357216,,23.27,1,0,1
B034,2023-04-03 10:00:00,0,617E2950,0,,38.18,1,0,1
B034,2023-04-03 10:00:00,1,61711890,0.0120775482,,23.34,1,0,1
B034,2023-04-03 11:00:00,0,617E2950,0,,,1,0,0
B034,2023-04-03 11:00:00,1,61711890,0.001249919391,,23.33,1,0,1
B034,2023-04-03 12:00:00,0,617E2950,0,,,1,0,0
B034,2023-04-03 12:00:00,1,61711890,0,,23.32,1,0,1
B034,2023-04-03 13:00:00,0,617E2950,0,,38.17,1,0,1
B034,2023-04-03 13:00:00,1,61711890,0,,23.36,1,0,1
B034,2023-04-03 14:00:00,0,617E2950,0,,38.16,1,0,1
B034,2023-04-03 14:00:00,1,61711890,0,,23.38,1,0,1
B034,2023-04-03 15:00:00,0,617E2950,0,,38.16,1,0,1
B034,2023-04-03 15:00:00,1,61711890,0,,23.36,1,0,1
B034,2023-04-03 16:00:00,0,617E2950,0.01518644089,,38.15,1,0,1
B034,2023-04-03 16:00:00,1,61711890,0.007662231919,,23.33,1,0,1
B034,2023-04-03 17:00:00,0,617E2950,0,,38.15,1,0,1
B034,2023-04-03 17:00:00,1,61711890,0,,23.31,1,0,1
B034,2023-04-03 18:00:00,0,617E2950,0,,38.15,1,0,1
B034,2023-04-03 18:00:00,1,61711890,0,,23.29,1,0,1
B034,2023-04-03 19:00:00,0,617E2950,0.2974975493,,38.15,1,0,1
B034,2023-04-03 19:00:00,1,61711890,0.06061380726,,23.27,1,0,1
B034,2023-04-03 20:00:00,0,617E2950,0.599294583,,38.15,1,0,1
B034,2023-04-03 20:00:00,1,61711890,0.4079007145,,23.25,1,0,1
B034,2023-04-03 21:00:00,0,617E2950,1.185319707,,38.16,1,0,1
B034,2023-04-03 21:00:00,1,61711890,1.12444226,,23.24,1,0,1
B034,2023-04-03 22:00:00,0,617E2950,0.3335279485,,38.23,1,0,1
B034,2023-04-03 22:00:00,1,61711890,0.2834168225,,23.25,1,0,1
B034,2023-04-03 23:00:00,0,617E2950,0.294695352,,38.33,1,0,1
B034,2023-04-03 23:00:00,1,61711890,0.2689478316,,23.24,1,0,1
B034,2023-04-04 00:00:00,0,617E2950,0.02486297335,,38.47,1,0,1
B034,2023-04-04 00:00:00,1,61711890,0.01559701166,,23.25,1,0,1
B034,2023-04-04 01:00:00,0,617E2950,0,,38.42,1,0,1
B034,2023-04-04 01:00:00,1,61711890,0,,23.29,1,0,1
B034,2023-04-04 02:00:00,0,617E2950,0,,38.41,1,0,1
B034,2023-04-04 02:00:00,1,61711890,0,,23.58,1,0,1
B034,2023-04-04 03:00:00,0,617E2950,0.05377005506,,38.41,1,0,1
B034,2023-04-04 03:00:00,1,61711890,0.02707332958,,23.74,1,0,1
B034,2023-04-04 04:00:00,0,617E2950,0.2171959999,,38.41,1,0,1
B034,2023-04-04 04:00:00,1,61711890,0.2403820725,,23.75,1,0,1
B034,2023-04-04 05:00:00,0,617E2950,0.1939577545,,38.42,1,0,1
B034,2023-04-04 05:00:00,1,61711890,0.1511400448,,23.72,1,0,1
B034,2023-04-04 06:00:00,0,617E2950,0.09014389698,,38.43,1,0,1
B034,2023-04-04 06:00:00,1,61711890,0.0612092943,,23.69,1,0,1
B034,2023-04-04 07:00:00,0,617E2950,0.04004941425,,38.43,1,0,1
B034,2023-04-04 07:00:00,1,61711890,0.06366768451,,23.67,1,0,1
B034,2023-04-04 08:00:00,0,617E2950,0.004184830137,,38.42,1,0,1
B034,2023-04-04 08:00:00,1,61711890,0.002668276608,,23.66,1,0,1
B034,2023-04-04 09:00:00,0,617E2950,0.004025902238,,38.4,1,0,1
B034,2023-04-04 09:00:00,1,61711890,0.01974989482,,23.67,1,0,1
B034,2023-04-04 10:00:00,0,617E2950,0,,38.37,1,0,1
B034,2023-04-04 10:00:00,1,61711890,0.0139894406,,23.68,1,0,1
B034,2023-04-04 11:00:00,0,617E2950,0,,38.36,1,0,1
B034,2023-04-04 11:00:00,1,61711890,0,,23.66,1,0,1
B034,2023-04-04 12:00:00,0,617E2950,0.004025902238,,38.35,1,0,1
B034,2023-04-04 12:00:00,1,61711890,0.001418357216,,23.63,1,0,1
B034,2023-04-04 13:00:00,0,617E2950,0.01518644089,,38.35,1,0,1
B034,2023-04-04 13:00:00,1,61711890,0.01141199009,,23.59,1,0,1
B034,2023-04-04 14:00:00,0,617E2950,0.06925614564,,38.34,1,0,1
B034,2023-04-04 14:00:00,1,61711890,0.07818760706,,23.56,1,0,1
B034,2023-04-04 15:00:00,0,617E2950,0.0409665823,,38.33,1,0,1
B034,2023-04-04 15:00:00,1,61711890,0.01627076296,,23.54,1,0,1
B034,2023-04-04 16:00:00,0,617E2950,0,,38.33,1,0,1
B034,2023-04-04 16:00:00,1,61711890,0,,23.51,1,0,1
B034,2023-04-04 17:00:00,0,617E2950,0,,38.25,1,0,1
B034,2023-04-04 17:00:00,1,61711890,0,,23.49,1,0,1
B034,2023-04-04 18:00:00,0,617E2950,0,,38.19,1,0,1
B034,2023-04-04 18:00:00,1,61711890,0.019581457,,23.47,1,0,1
B034,2023-04-04 19:00:00,0,617E2950,0,,38.15,1,0,1
B034,2023-04-04 19:00:00,1,61711890,0.002499838783,,23.46,1,0,1
B034,2023-04-04 20:00:00,0,617E2950,0,,38.17,1,0,1
B034,2023-04-04 20:00:00,1,61711890,0,,23.43,1,0,1
B034,2023-04-04 21:00:00,0,617E2950,0,,38.22,1,0,1
B034,2023-04-04 21:00:00,1,61711890,0.0139894406,,23.38,1,0,1
B034,2023-04-04 22:00:00,0,617E2950,0,,38.26,1,0,1
B034,2023-04-04 22:00:00,1,61711890,0,,23.33,1,0,1
B034,2023-04-04 23:00:00,0,617E2950,0,,38.27,1,0,1
B034,2023-04-04 23:00:00,1,61711890,0.0260669888,,23.3,1,0,1
B034,2023-04-05 00:00:00,0,617E2950,0,,38.27,1,0,1
B034,2023-04-05 00:00:00,1,61711890,0.0139894406,,23.28,1,0,1
B034,2023-04-05 01:00:00,0,617E2950,0,,38.26,1,0,1
B034,2023-04-05 01:00:00,1,61711890,0.0139894406,,23.29,1,0,1
B034,2023-04-05 02:00:00,0,617E2950,0,,38.26,1,0,1
B034,2023-04-05 02:00:00,1,61711890,0.0139894406,,23.31,1,0,1
B034,2023-04-05 03:00:00,0,617E2950,0,,38.26,1,0,1
B034,2023-04-05 03:00:00,1,61711890,0.0139894406,,23.32,1,0,1
B034,2023-04-05 04:00:00,0,617E2950,0,,38.26,1,0,1
B034,2023-04-05 04:00:00,1,61711890,0.0139894406,,23.33,1,0,1
B034,2023-04-05 05:00:00,0,617E2950,0,,38.25,1,0,1
B034,2023-04-05 05:00:00,1,61711890,0.01523935999,,23.32,1,0,1
B034,2023-04-05 06:00:00,0,617E2950,0,,38.25,1,0,1
B034,2023-04-05 06:00:00,1,61711890,0,,23.31,1,0,1
B034,2023-04-05 07:00:00,0,617E2950,0.106796138,,,1,0,0
B034,2023-04-05 07:00:00,1,61711890,0.1777700695,,23.31,1,0,1
B034,2023-04-05 08:00:00,0,617E2950,0,,38.24,1,0,1
B034,2023-04-05 08:00:00,1,61711890,0.0139894406,,23.3,1,0,1
B034,2023-04-05 09:00:00,0,617E2950,0,,38.23,1,0,1
B034,2023-04-05 09:00:00,1,61711890,0.0139894406,,23.3,1,0,1
B034,2023-04-05 10:00:00,0,617E2950,0,,38.23,1,0,1
B034,2023-04-05 10:00:00,1,61711890,0.0139894406,,23.29,1,0,1
B034,2023-04-05 11:00:00,0,617E2950,0,,38.2,1,0,1
B034,2023-04-05 11:00:00,1,61711890,0.0279788812,,23.28,1,0,1
B034,2023-04-05 12:00:00,0,617E2950,0,,38.18,1,0,1
B034,2023-04-05 12:00:00,1,61711890,0.0139894406,,23.27,1,0,1
B034,2023-04-05 13:00:00,0,617E2950,0,,38.16,1,0,1
B034,2023-04-05 13:00:00,1,61711890,0.0139894406,,23.27,1,0,1
B034,2023-04-05 14:00:00,0,617E2950,0,,38.15,1,0,1
B034,2023-04-05 14:00:00,1,61711890,0.0139894406,,23.25,1,0,1
B034,2023-04-05 15:00:00,0,617E2950,0,,38.14,1,0,1
B034,2023-04-05 15:00:00,1,61711890,0,,23.24,1,0,1
B034,2023-04-05 16:00:00,0,617E2950,0.004025902238,,38.13,1,0,1
B034,2023-04-05 16:00:00,1,61711890,0.0001684378249,,23.22,1,0,1
B034,2023-04-05 17:00:00,0,617E2950,0.008051804476,,,1,0,0
B034,2023-04-05 17:00:00,1,61711890,0.01557623564,,23.2,1,0,1
B034,2023-04-05 18:00:00,0,617E2950,0.008051804476,,38.12,1,0,1
B034,2023-04-05 18:00:00,1,61711890,0.001586795041,,23.19,1,0,1
B034,2023-04-05 19:00:00,0,617E2950,0.2260567248,,38.14,1,0,1
B034,2023-04-05 19:00:00,1,61711890,0.08115807416,,23.17,1,0,1
B034,2023-04-05 20:00:00,0,617E2950,0.01921234313,,38.15,1,0,1
B034,2023-04-05 20:00:00,1,61711890,0.02866204614,,23.17,1,0,1
B034,2023-04-05 21:00:00,0,617E2950,0.3106582392,,38.16,1,0,1
B034,2023-04-05 21:00:00,1,61711890,0.3203270642,,23.15,1,0,1
B034,2023-04-05 22:00:00,0,617E2950,0.1285361091,,38.18,1,0,1
B034,2023-04-05 22:00:00,1,61711890,0.1385592864,,23.15,1,0,1
B034,2023-04-05 23:00:00,0,617E2950,0.1300019092,,38.19,1,0,1
B034,2023-04-05 23:00:00,1,61711890,0.2317422076,,23.15,1,0,1
B034,2023-04-06 00:00:00,0,617E2950,0.1714452752,,38.19,1,0,1
B034,2023-04-06 00:00:00,1,61711890,0.1774269862,,23.15,1,0,1
B034,2023-04-06 01:00:00,0,617E2950,0.08279965243,,38.2,1,0,1
B034,2023-04-06 01:00:00,1,61711890,0.1665241526,,23.17,1,0,1
B034,2023-04-06 02:00:00,0,617E2950,0,,38.21,1,0,1
B034,2023-04-06 02:00:00,1,61711890,0.001249919391,,23.2,1,0,1
B034,2023-04-06 03:00:00,0,617E2950,0,,38.21,1,0,1
B034,2023-04-06 03:00:00,1,61711890,0.0139894406,,23.23,1,0,1
B034,2023-04-06 04:00:00,0,617E2950,0,,38.21,1,0,1
B034,2023-04-06 04:00:00,1,61711890,0.01523935999,,23.26,1,0,1
B034,2023-04-06 05:00:00,0,617E2950,0.2024174693,,38.21,1,0,1
B034,2023-04-06 05:00:00,1,61711890,0.1176115821,,23.28,1,0,1
B034,2023-04-06 06:00:00,0,617E2950,0.1755036516,,38.2,1,0,1
B034,2023-04-06 06:00:00,1,61711890,0.176141389,,23.3,1,0,1
B034,2023-04-06 07:00:00,0,617E2950,0.1285685832,,38.21,1,0,1
B034,2023-04-06 07:00:00,1,61711890,0.1237733914,,23.31,1,0,1
B034,2023-04-06 08:00:00,0,617E2950,0.1014633635,,38.22,1,0,1
B034,2023-04-06 08:00:00,1,61711890,0.08578470661,,23.3,1,0,1
B034,2023-04-06 09:00:00,0,617E2950,0.0411255102,,38.22,1,0,1
B034,2023-04-06 09:00:00,1,61711890,0.05609125751,,23.3,1,0,1
B034,2023-04-06 10:00:00,0,617E2950,0.004025902238,,38.22,1,0,1
B034,2023-04-06 10:00:00,1,61711890,0.01665771721,,23.3,1,0,1
B034,2023-04-06 11:00:00,0,617E2950,0,,38.23,1,0,1
B034,2023-04-06 11:00:00,1,61711890,0,,23.31,1,0,1
B034,2023-04-06 12:00:00,0,617E2950,0,,38.23,1,0,1
B034,2023-04-06 12:00:00,1,61711890,0.0139894406,,23.33,1,0,1
B034,2023-04-06 13:00:00,0,617E2950,0,,38.23,1,0,1
B034,2023-04-06 13:00:00,1,61711890,0.0139894406,,23.34,1,0,1
B034,2023-04-06 14:00:00,0,617E2950,0,,,1,0,0
B034,2023-04-06 14:00:00,1,61711890,0,,23.34,1,0,1
B034,2023-04-06 15:00:00,0,617E2950,0,,38.23,1,0,1
B034,2023-04-06 15:00:00,1,61711890,0.0139894406,,23.34,1,0,1
B034,2023-04-06 16:00:00,0,617E2950,0,,38.23,1,0,1
B034,2023-04-06 16:00:00,1,61711890,0.01523935999,,23.34,1,0,1
B034,2023-04-06 17:00:00,0,617E2950,0,,38.23,1,0,1
B034,2023-04-06 17:00:00,1,61711890,0,,23.33,1,0,1
B034,2023-04-06 18:00:00,0,617E2950,0,,,1,0,0
B034,2023-04-06 18:00:00,1,61711890,0,,23.33,1,0,1
B034,2023-04-06 19:00:00,0,617E2950,0,,38.23,1,0,1
B034,2023-04-06 19:00:00,1,61711890,0.0139894406,,23.32,1,0,1
B034,2023-04-06 20:00:00,0,617E2950,0,,38.22,1,0,1
B034,2023-04-06 20:00:00,1,61711890,0,,23.31,1,0,1
B034,2023-04-06 21:00:00,0,617E2950,0,,,1,0,0
B034,2023-04-06 21:00:00,1,61711890,0.0139894406,,23.3,1,0,1
B034,2023-04-06 22:00:00,0,617E2950,0,,38.22,1,0,1
B034,2023-04-06 22:00:00,1,61711890,0,,23.3,1,0,1
B034,2023-04-06 23:00:00,0,617E2950,0,,38.22,1,0,1
B034,2023-04-06 23:00:00,1,61711890,0,,23.29,1,0,1
B034,2023-04-07 00:00:00,0,617E2950,0,,38.22,1,0,1
B034,2023-04-07 00:00:00,1,61711890,0,,23.29,1,0,1
B034,2023-04-07 01:00:00,0,617E2950,0,,38.22,1,0,1
B034,2023-04-07 01:00:00,1,61711890,0,,23.28,1,0,1
B034,2023-04-07 02:00:00,0,617E2950,0,,38.22,1,0,1
B034,2023-04-07 02:00:00,1,61711890,0,,23.27,1,0,1
B034,2023-04-07 03:00:00,0,617E2950,0,,38.21,1,0,1
B034,2023-04-07 03:00:00,1,61711890,0.01583169883,,23.27,1,0,1
B034,2023-04-07 04:00:00,0,617E2950,0,,38.21,1,0,1
B034,2023-04-07 04:00:00,1,61711890,0.0139894406,,23.26,1,0,1
B034,2023-04-07 05:00:00,0,617E2950,0.01681116888,,38.21,1,0,1
B034,2023-04-07 05:00:00,1,61711890,0.01526013601,,23.26,1,0,1
B034,2023-04-07 06:00:00,0,617E2950,0,,38.21,1,0,1
B034,2023-04-07 06:00:00,1,61711890,0.001249919391,,23.25,1,0,1
B034,2023-04-07 07:00:00,0,617E2950,0.1477627203,,38.21,1,0,1
B034,2023-04-07 07:00:00,1,61711890,0.1564842418,,23.25,1,0,1
B034,2023-04-07 08:00:00,0,617E2950,0,,38.21,1,0,1
B034,2023-04-07 08:00:00,1,61711890,0.0139894406,,23.24,1,0,1
B034,2023-04-07 09:00:00,0,617E2950,0,,38.21,1,0,1
B034,2023-04-07 09:00:00,1,61711890,0,,23.24,1,0,1
B034,2023-04-07 10:00:00,0,617E2950,0,,38.2,1,0,1
B034,2023-04-07 10:00:00,1,61711890,0,,23.24,1,0,1
B034,2023-04-07 11:00:00,0,617E2950,0,,38.2,1,0,1
B034,2023-04-07 11:00:00,1,61711890,0.0120775482,,23.23,1,0,1
B034,2023-04-07 12:00:00,0,617E2950,0,,38.2,1,0,1
B034,2023-04-07 12:00:00,1,61711890,0,,23.23,1,0,1
B034,2023-04-07 13:00:00,0,617E2950,0,,38.19,1,0,1
B034,2023-04-07 13:00:00,1,61711890,0,,23.23,1,0,1
B034,2023-04-07 14:00:00,0,617E2950,0,,38.19,1,0,1
B034,2023-04-07 14:00:00,1,61711890,0,,23.22,1,0,1
B034,2023-04-07 15:00:00,0,617E2950,0,,38.19,1,0,1
B034,2023-04-07 15:00:00,1,61711890,0,,23.22,1,0,1
B034,2023-04-07 16:00:00,0,617E2950,0,,38.19,1,0,1
B034,2023-04-07 16:00:00,1,61711890,0,,23.21,1,0,1
B034,2023-04-07 17:00:00,0,617E2950,0,,38.19,1,0,1
B034,2023-04-07 17:00:00,1,61711890,0,,23.21,1,0,1
B034,2023-04-07 18:00:00,0,617E2950,0,,,1,0,0
B034,2023-04-07 18:00:00,1,61711890,0.0139894406,,23.2,1,0,1
B034,2023-04-07 19:00:00,0,617E2950,0,,38.18,1,0,1
B034,2023-04-07 19:00:00,1,61711890,0,,23.2,1,0,1
B034,2023-04-07 20:00:00,0,617E2950,0,,,1,0,0
B034,2023-04-07 20:00:00,1,61711890,0,,23.19,1,0,1
B034,2023-04-07 21:00:00,0,617E2950,0,,38.18,1,0,1
B034,2023-04-07 21:00:00,1,61711890,0,,23.18,1,0,1
B034,2023-04-07 22:00:00,0,617E2950,0,,38.18,1,0,1
B034,2023-04-07 22:00:00,1,61711890,0,,23.17,1,0,1
B034,2023-04-07 23:00:00,0,617E2950,0,,38.17,1,0,1
B034,2023-04-07 23:00:00,1,61711890,0,,23.17,1,0,1
B034,2023-04-08 00:00:00,0,617E2950,0,,38.17,1,0,1
B034,2023-04-08 00:00:00,1,61711890,0,,23.17,1,0,1
B034,2023-04-08 01:00:00,0,617E2950,0,,,1,0,0
B034,2023-04-08 01:00:00,1,61711890,0,,23.17,1,0,1
B034,2023-04-08 02:00:00,0,617E2950,0,,,1,0,0
B034,2023-04-08 02:00:00,1,61711890,0,,23.16,1,0,1
B034,2023-04-08 03:00:00,0,617E2950,0,,,1,0,0
B034,2023-04-08 03:00:00,1,61711890,0,,23.15,1,0,1
B034,2023-04-08 04:00:00,0,617E2950,0,,,1,0,0
B034,2023-04-08 04:00:00,1,61711890,0.0139894406,,23.15,1,0,1
B034,2023-04-08 05:00:00,0,617E2950,0,,,1,0,0
B034,2023-04-08 05:00:00,1,61711890,0,,23.15,1,0,1
B034,2023-04-08 06:00:00,0,617E2950,0,,,1,0,0
B034,2023-04-08 06:00:00,1,61711890,0,,23.15,1,0,1
B034,2023-04-08 07:00:00,0,617E2950,0,,38.17,1,0,1
B034,2023-04-08 07:00:00,1,61711890,0.0120775482,,23.15,1,0,1
B034,2023-04-08 08:00:00,0,617E2950,0,,38.17,1,0,1
B034,2023-04-08 08:00:00,1,61711890,0,,23.14,1,0,1
B034,2023-04-08 09:00:00,0,617E2950,0,,38.17,1,0,1
B034,2023-04-08 09:00:00,1,61711890,0,,23.14,1,0,1
B034,2023-04-08 10:00:00,0,617E2950,0,,38.17,1,0,1
B034,2023-04-08 10:00:00,1,61711890,0,,23.14,1,0,1
B034,2023-04-08 11:00:00,0,617E2950,0,,,1,0,0
B034,2023-04-08 11:00:00,1,61711890,0,,23.14,1,0,1
B034,2023-04-08 12:00:00,0,617E2950,0,,38.17,1,0,1
B034,2023-04-08 12:00:00,1,61711890,0.0139894406,,23.14,1,0,1
B034,2023-04-08 13:00:00,0,617E2950,0,,38.17,1,0,1
B034,2023-04-08 13:00:00,1,61711890,0,,23.13,1,0,1
B034,2023-04-08 14:00:00,0,617E2950,0,,38.17,1,0,1
B034,2023-04-08 14:00:00,1,61711890,0.0139894406,,23.13,1,0,1
B034,2023-04-08 15:00:00,0,617E2950,0,,38.16,1,0,1
B034,2023-04-08 15:00:00,1,61711890,0,,23.13,1,0,1
B034,2023-04-08 16:00:00,0,617E2950,0,,38.16,1,0,1
B034,2023-04-08 16:00:00,1,61711890,0,,23.13,1,0,1
B034,2023-04-08 17:00:00,0,617E2950,0,,38.16,1,0,1
B034,2023-04-08 17:00:00,1,61711890,0,,23.13,1,0,1
B034,2023-04-08 18:00:00,0,617E2950,0,,38.16,1,0,1
B034,2023-04-08 18:00:00,1,61711890,0,,23.13,1,0,1
B034,2023-04-08 19:00:00,0,617E2950,0,,38.16,1,0,1
B034,2023-04-08 19:00:00,1,61711890,0,,23.12,1,0,1
B034,2023-04-08 20:00:00,0,617E2950,0,,38.16,1,0,1
B034,2023-04-08 20:00:00,1,61711890,0,,23.12,1,0,1
B034,2023-04-08 21:00:00,0,617E2950,0,,38.16,1,0,1
B034,2023-04-08 21:00:00,1,61711890,0,,23.12,1,0,1
B034,2023-04-08 22:00:00,0,617E2950,0,,38.16,1,0,1
B034,2023-04-08 22:00:00,1,61711890,0,,23.12,1,0,1
B034,2023-04-08 23:00:00,0,617E2950,0,,38.16,1,0,1
B034,2023-04-08 23:00:00,1,61711890,0,,23.12,1,0,1
B034,2023-04-09 00:00:00,0,617E2950,0,,38.15,1,0,1
B034,2023-04-09 00:00:00,1,61711890,0,,23.11,1,0,1
B034,2023-04-09 01:00:00,0,617E2950,0,,38.15,1,0,1
B034,2023-04-09 01:00:00,1,61711890,0,,23.11,1,0,1
B034,2023-04-09 02:00:00,0,617E2950,0,,38.15,1,0,1
B034,2023-04-09 02:00:00,1,61711890,0,,23.11,1,0,1
B034,2023-04-09 03:00:00,0,617E2950,0,,38.15,1,0,1
B034,2023-04-09 03:00:00,1,61711890,0,,23.11,1,0,1
B034,2023-04-09 04:00:00,0,617E2950,0,,,1,0,0
B034,2023-04-09 04:00:00,1,61711890,0,,23.1,1,0,1
B034,2023-04-09 05:00:00,0,617E2950,0,,38.15,1,0,1
B034,2023-04-09 05:00:00,1,61711890,0,,23.1,1,0,1
B034,2023-04-09 06:00:00,0,617E2950,0,,38.15,1,0,1
B034,2023-04-09 06:00:00,1,61711890,0,,23.1,1,0,1
B034,2023-04-09 07:00:00,0,617E2950,0,,38.15,1,0,1
B034,2023-04-09 07:00:00,1,61711890,0,,23.1,1,0,1
B034,2023-04-09 08:00:00,0,617E2950,0,,38.15,1,0,1
B034,2023-04-09 08:00:00,1,61711890,0.0139894406,,23.09,1,0,1
B034,2023-04-09 09:00:00,0,617E2950,0,,38.15,1,0,1
B034,2023-04-09 09:00:00,1,61711890,0,,23.09,1,0,1
B034,2023-04-09 10:00:00,0,617E2950,0,,38.15,1,0,1
B034,2023-04-09 10:00:00,1,61711890,0,,23.09,1,0,1
B034,2023-04-09 11:00:00,0,617E2950,0,,38.14,1,0,1
B034,2023-04-09 11:00:00,1,61711890,0,,23.09,1,0,1
B034,2023-04-09 12:00:00,0,617E2950,0,,38.14,1,0,1
B034,2023-04-09 12:00:00,1,61711890,0,,23.08,1,0,1
B034,2023-04-09 13:00:00,0,617E2950,0,,38.14,1,0,1
B034,2023-04-09 13:00:00,1,61711890,0,,23.08,1,0,1
B034,2023-04-09 14:00:00,0,617E2950,0,,38.14,1,0,1
B034,2023-04-09 14:00:00,1,61711890,0,,23.08,1,0,1
B034,2023-04-09 15:00:00,0,617E2950,0,,38.14,1,0,1
B034,2023-04-09 15:00:00,1,61711890,0.0139894406,,23.08,1,0,1
B034,2023-04-09 16:00:00,0,617E2950,0,,38.14,1,0,1
B034,2023-04-09 16:00:00,1,61711890,0,,23.09,1,0,1
B034,2023-04-09 17:00:00,0,617E2950,0,,38.14,1,0,1
B034,2023-04-09 17:00:00,1,61711890,0,,23.09,1,0,1
B034,2023-04-09 18:00:00,0,617E2950,0,,38.14,1,0,1
B034,2023-04-09 18:00:00,1,61711890,0,,23.09,1,0,1
B034,2023-04-09 19:00:00,0,617E2950,0,,38.14,1,0,1
B034,2023-04-09 19:00:00,1,61711890,0,,23.09,1,0,1
B034,2023-05-19 01:00:00,0,617E2950,0,,38.22,1,0,1
B034,2023-05-19 01:00:00,1,61711890,0.0139894406,,23.18,1,0,1
B034,2023-05-19 02:00:00,0,617E2950,0,,38.21,1,0,1
B034,2023-05-19 02:00:00,1,61711890,0,,23.17,1,0,1
B034,2023-05-19 03:00:00,0,617E2950,0,,38.21,1,0,1
B034,2023-05-19 03:00:00,1,61711890,0.0139894406,,23.17,1,0,1
B034,2023-05-19 04:00:00,0,617E2950,0,,38.21,1,0,1
B034,2023-05-19 04:00:00,1,61711890,0.0139894406,,23.17,1,0,1
B034,2023-05-19 05:00:00,0,617E2950,0,,38.21,1,0,1
B034,2023-05-19 05:00:00,1,61711890,0,,23.17,1,0,1
B034,2023-05-19 06:00:00,0,617E2950,0,,38.21,1,0,1
B034,2023-05-19 06:00:00,1,61711890,0.0139894406,,23.16,1,0,1
B034,2023-05-19 07:00:00,0,617E2950,0,,38.21,1,0,1
B034,2023-05-19 07:00:00,1,61711890,0.0139894406,,23.16,1,0,1
B034,2023-05-19 08:00:00,0,617E2950,0,,38.21,1,0,1
B034,2023-05-19 08:00:00,1,61711890,0.0139894406,,23.15,1,0,1
B034,2023-05-19 09:00:00,0,617E2950,0,,38.28,1,0,1
B034,2023-05-19 09:00:00,1,61711890,0.0139894406,,23.15,1,0,1
B034,2023-05-19 10:00:00,0,617E2950,0,,38.33,1,0,1
B034,2023-05-19 10:00:00,1,61711890,0.0139894406,,23.15,1,0,1
B034,2023-05-19 11:00:00,0,617E2950,0,,38.33,1,0,1
B034,2023-05-19 11:00:00,1,61711890,0.0139894406,,23.15,1,0,1
B034,2023-05-19 12:00:00,0,617E2950,0,,38.32,1,0,1
B034,2023-05-19 12:00:00,1,61711890,0.0419683218,,23.15,1,0,1
B034,2023-05-19 13:00:00,0,617E2950,0,,38.29,1,0,1
B034,2023-05-19 13:00:00,1,61711890,0.069947203,,23.2,1,0,1
B034,2023-05-19 14:00:00,0,617E2950,0,,38.28,1,0,1
B034,2023-05-19 14:00:00,1,61711890,0.069947203,,23.26,1,0,1
B034,2023-05-19 15:00:00,0,617E2950,0,,38.26,1,0,1
B034,2023-05-19 15:00:00,1,61711890,0.069947203,,23.27,1,0,1
B034,2023-05-19 16:00:00,0,617E2950,0,,38.24,1,0,1
B034,2023-05-19 16:00:00,1,61711890,0.0839366436,,23.26,1,0,1
B034,2023-05-19 17:00:00,0,617E2950,0,,38.23,1,0,1
B034,2023-05-19 17:00:00,1,61711890,0.0839366436,,23.24,1,0,1
B034,2023-05-19 18:00:00,0,617E2950,0,,38.22,1,0,1
B034,2023-05-19 18:00:00,1,61711890,0.069947203,,23.21,1,0,1
B034,2023-05-19 19:00:00,0,617E2950,0,,38.22,1,0,1
B034,2023-05-19 19:00:00,1,61711890,0.069947203,,23.19,1,0,1
B034,2023-05-19 20:00:00,0,617E2950,0,,38.21,1,0,1
B034,2023-05-19 20:00:00,1,61711890,0.0419683218,,23.17,1,0,1
B034,2023-05-19 21:00:00,0,617E2950,0,,38.21,1,0,1
B034,2023-05-19 21:00:00,1,61711890,0.0419683218,,23.15,1,0,1
B034,2023-05-19 22:00:00,0,617E2950,0,,38.21,1,0,1
B034,2023-05-19 22:00:00,1,61711890,0.0419683218,,23.15,1,0,1
B034,2023-05-19 23:00:00,0,617E2950,0,,38.21,1,0,1
B034,2023-05-19 23:00:00,1,61711890,0.0279788812,,23.14,1,0,1
B034,2023-05-20 00:00:00,0,617E2950,0,,38.21,1,0,1
B034,2023-05-20 00:00:00,1,61711890,0.0139894406,,23.14,1,0,1
B034,2023-05-20 01:00:00,0,617E2950,0,,38.21,1,0,1
B034,2023-05-20 01:00:00,1,61711890,0,,23.14,1,0,1
B034,2023-05-20 02:00:00,0,617E2950,0,,38.2,1,0,1
B034,2023-05-20 02:00:00,1,61711890,0,,23.13,1,0,1
B034,2023-05-20 03:00:00,0,617E2950,0,,38.2,1,0,1
B034,2023-05-20 03:00:00,1,61711890,0,,23.13,1,0,1
B034,2023-05-20 04:00:00,0,617E2950,0,,38.2,1,0,1
B034,2023-05-20 04:00:00,1,61711890,0,,23.13,1,0,1
B034,2023-05-20 05:00:00,0,617E2950,0,,38.2,1,0,1
B034,2023-05-20 05:00:00,1,61711890,0,,23.13,1,0,1
B034,2023-05-20 06:00:00,0,617E2950,0,,38.2,1,0,1
B034,2023-05-20 06:00:00,1,61711890,0,,23.12,1,0,1
B034,2023-05-20 07:00:00,0,617E2950,0,,38.19,1,0,1
B034,2023-05-20 07:00:00,1,61711890,0,,23.12,1,0,1
B034,2023-05-20 08:00:00,0,617E2950,0,,38.18,1,0,1
B034,2023-05-20 08:00:00,1,61711890,0,,23.12,1,0,1
B034,2023-05-20 09:00:00,0,617E2950,0,,38.17,1,0,1
B034,2023-05-20 09:00:00,1,61711890,0,,23.12,1,0,1
B034,2023-05-20 10:00:00,0,617E2950,0,,38.16,1,0,1
B034,2023-05-20 10:00:00,1,61711890,0,,23.11,1,0,1
B034,2023-05-20 11:00:00,0,617E2950,0,,38.15,1,0,1
B034,2023-05-20 11:00:00,1,61711890,0,,23.11,1,0,1
B034,2023-05-20 12:00:00,0,617E2950,0,,38.14,1,0,1
B034,2023-05-20 12:00:00,1,61711890,0,,23.1,1,0,1
B034,2023-05-20 13:00:00,0,617E2950,0,,38.14,1,0,1
B034,2023-05-20 13:00:00,1,61711890,0,,23.09,1,0,1
B034,2023-05-20 14:00:00,0,617E2950,0,,38.13,1,0,1
B034,2023-05-20 14:00:00,1,61711890,0,,23.08,1,0,1
B034,2023-05-20 15:00:00,0,617E2950,0,,38.13,1,0,1
B034,2023-05-20 15:00:00,1,61711890,0,,23.07,1,0,1
B034,2023-05-20 16:00:00,0,617E2950,0,,38.13,1,0,1
B034,2023-05-20 16:00:00,1,61711890,0,,23.06,1,0,1
B034,2023-05-20 17:00:00,0,617E2950,0,,38.13,1,0,1
B034,2023-05-20 17:00:00,1,61711890,0,,23.06,1,0,1
B034,2023-05-20 18:00:00,0,617E2950,0,,38.12,1,0,1
B034,2023-05-20 18:00:00,1,61711890,0,,23.06,1,0,1
B034,2023-05-20 19:00:00,0,617E2950,0,,38.12,1,0,1
B034,2023-05-20 19:00:00,1,61711890,0,,23.06,1,0,1
B034,2023-05-20 20:00:00,0,617E2950,0,,38.12,1,0,1
B034,2023-05-20 20:00:00,1,61711890,0,,23.05,1,0,1
B034,2023-05-20 21:00:00,0,617E2950,0,,38.12,1,0,1
B034,2023-05-20 21:00:00,1,61711890,0,,23.05,1,0,1
B034,2023-05-20 22:00:00,0,617E2950,0,,38.12,1,0,1
B034,2023-05-20 22:00:00,1,61711890,0,,23.04,1,0,1
B034,2023-05-20 23:00:00,0,617E2950,0,,38.12,1,0,1
B034,2023-05-20 23:00:00,1,61711890,0,,23.04,1,0,1
B034,2023-05-21 00:00:00,0,617E2950,0,,38.12,1,0,1
B034,2023-05-21 00:00:00,1,61711890,0,,23.04,1,0,1
B034,2023-05-21 01:00:00,0,617E2950,0.09111864537,,38.12,1,0,1
B034,2023-05-21 01:00:00,1,61711890,0.04597339152,,23.04,1,0,1
B034,2023-05-21 02:00:00,0,617E2950,0.1709360174,,38.12,1,0,1
B034,2023-05-21 02:00:00,1,61711890,0.09948035929,,23.04,1,0,1
B034,2023-05-21 03:00:00,0,617E2950,0.1625663442,,38.12,1,0,1
B034,2023-05-21 03:00:00,1,61711890,0.2013682378,,23.04,1,0,1
B034,2023-05-21 04:00:00,0,617E2950,0.04896770655,,38.11,1,0,1
B034,2023-05-21 04:00:00,1,61711890,0.1015092992,,23.04,1,0,1
B034,2023-05-21 05:00:00,0,617E2950,0.03199760977,,38.11,1,0,1
B034,2023-05-21 05:00:00,1,61711890,0.02292236793,,23.05,1,0,1
B034,2023-05-21 06:00:00,0,617E2950,0,,38.1,1,0,1
B034,2023-05-21 06:00:00,1,61711890,0,,23.05,1,0,1
B034,2023-05-21 07:00:00,0,617E2950,0.1849228576,,38.1,1,0,1
B034,2023-05-21 07:00:00,1,61711890,0.3103467855,,23.05,1,0,1
B034,2023-05-21 08:00:00,0,617E2950,0.01697009678,,38.1,1,0,1
B034,2023-05-21 08:00:00,1,61711890,0.01526013601,,23.06,1,0,1
B034,2023-05-21 09:00:00,0,617E2950,0.03084966549,,38.1,1,0,1
B034,2023-05-21 09:00:00,1,61711890,0.02931390444,,23.07,1,0,1
B034,2023-05-21 10:00:00,0,617E2950,0.1785474246,,38.1,1,0,1
B034,2023-05-21 10:00:00,1,61711890,0.1931987709,,23.09,1,0,1
B034,2023-05-21 11:00:00,0,617E2950,0.5486908295,,38.13,1,0,1
B034,2023-05-21 11:00:00,1,61711890,0.3840543504,,23.12,1,0,1
B034,2023-05-21 12:00:00,0,617E2950,1.281069467,,38.18,1,0,1
B034,2023-05-21 12:00:00,1,61711890,1.084081391,,23.13,1,0,1
B034,2023-05-21 13:00:00,0,617E2950,0.9698010645,,38.28,1,0,1
B034,2023-05-21 13:00:00,1,61711890,1.119481029,,23.14,1,0,1
B034,2023-05-21 14:00:00,0,617E2950,0.5457793955,,38.51,1,0,1
B034,2023-05-21 14:00:00,1,61711890,0.6087161479,,23.15,1,0,1
B034,2023-05-21 15:00:00,0,617E2950,0.0677214592,,38.35,1,0,1
B034,2023-05-21 15:00:00,1,61711890,0.1401990382,,23.19,1,0,1
B034,2023-05-21 16:00:00,0,617E2950,0.01518644089,,38.6,1,0,1
B034,2023-05-21 16:00:00,1,61711890,0.007662231919,,24.3,1,0,1
B034,2023-05-21 17:00:00,0,617E2950,0.0001589278992,,38.66,1,0,1
B034,2023-05-21 17:00:00,1,61711890,0.04749509648,,24.84,1,0,1
B034,2023-05-21 18:00:00,0,617E2950,0.01518644089,,38.73,1,0,1
B034,2023-05-21 18:00:00,1,61711890,0.02349393075,,25.14,1,0,1
B034,2023-05-21 19:00:00,0,617E2950,0.01550429669,,38.72,1,0,1
B034,2023-05-21 19:00:00,1,61711890,0.007662231919,,25.26,1,0,1
B034,2023-05-21 20:00:00,0,617E2950,0.03231546557,,38.6,1,0,1
B034,2023-05-21 20:00:00,1,61711890,0.05458576558,,25.31,1,0,1
B034,2023-05-21 21:00:00,0,617E2950,0,,38.41,1,0,1
B034,2023-05-21 21:00:00,1,61711890,0,,25.29,1,0,1
B034,2023-05-21 22:00:00,0,617E2950,0.0001589278992,,38.23,1,0,1
B034,2023-05-21 22:00:00,1,61711890,0.01583169883,,25.19,1,0,1
B034,2023-05-21 23:00:00,0,617E2950,0,,38.09,1,0,1
B034,2023-05-21 23:00:00,1,61711890,0,,25.02,1,0,1
B034,2023-05-22 00:00:00,0,617E2950,0,,37.97,1,0,1
B034,2023-05-22 00:00:00,1,61711890,0.0139894406,,24.8,1,0,1
B034,2023-05-22 01:00:00,0,617E2950,0.03378126565,,37.89,1,0,1
B034,2023-05-22 01:00:00,1,61711890,0.04635197084,,24.58,1,0,1
B034,2023-05-22 02:00:00,0,617E2950,0,,37.83,1,0,1
B034,2023-05-22 02:00:00,1,61711890,0.01583169883,,24.39,1,0,1
B034,2023-05-22 03:00:00,0,617E2950,0,,37.78,1,0,1
B034,2023-05-22 03:00:00,1,61711890,0,,24.23,1,0,1
B034,2023-05-22 04:00:00,0,617E2950,0,,37.74,1,0,1
B034,2023-05-22 04:00:00,1,61711890,0,,24.12,1,0,1
B034,2023-05-22 05:00:00,0,617E2950,0,,37.71,1,0,1
B034,2023-05-22 05:00:00,1,61711890,0,,24.04,1,0,1
B034,2023-05-22 06:00:00,0,617E2950,0,,37.68,1,0,1
B034,2023-05-22 06:00:00,1,61711890,0.01583169883,,23.97,1,0,1
B034,2023-05-22 07:00:00,0,617E2950,2.151829616,,37.79,1,0,1
B034,2023-05-22 07:00:00,1,61711890,2.998189531,,23.88,1,0,1
B034,2023-05-22 08:00:00,0,617E2950,0,,38.08,1,0,1
B034,2023-05-22 08:00:00,1,61711890,0,,23.7,1,0,1
B034,2023-05-22 09:00:00,0,617E2950,0,,38.31,1,0,1
B034,2023-05-22 09:00:00,1,61711890,0,,23.53,1,0,1
B034,2023-05-22 10:00:00,0,617E2950,0,,38.39,1,0,1
B034,2023-05-22 10:00:00,1,61711890,0,,23.43,1,0,1
B034,2023-05-22 11:00:00,0,617E2950,0,,38.4,1,0,1
B034,2023-05-22 11:00:00,1,61711890,0,,23.41,1,0,1
B034,2023-05-22 12:00:00,0,617E2950,0,,38.4,1,0,1
B034,2023-05-22 12:00:00,1,61711890,0,,23.51,1,0,1
B034,2023-05-22 13:00:00,0,617E2950,0,,38.41,1,0,1
B034,2023-05-22 13:00:00,1,61711890,0,,23.58,1,0,1
B034,2023-05-22 14:00:00,0,617E2950,0,,38.39,1,0,1
B034,2023-05-22 14:00:00,1,61711890,0,,23.58,1,0,1
B034,2023-05-22 15:00:00,0,617E2950,0,,38.37,1,0,1
B034,2023-05-22 15:00:00,1,61711890,0,,23.57,1,0,1
B034,2023-05-22 16:00:00,0,617E2950,0,,38.37,1,0,1
B034,2023-05-22 16:00:00,1,61711890,0,,23.55,1,0,1
B034,2023-05-22 17:00:00,0,617E2950,0,,38.36,1,0,1
B034,2023-05-22 17:00:00,1,61711890,0,,23.53,1,0,1
B034,2023-05-22 18:00:00,0,617E2950,0,,38.36,1,0,1
B034,2023-05-22 18:00:00,1,61711890,0,,23.5,1,0,1
B034,2023-05-22 19:00:00,0,617E2950,0,,38.35,1,0,1
B034,2023-05-22 19:00:00,1,61711890,0,,23.49,1,0,1
B034,2023-05-22 20:00:00,0,617E2950,0,,38.27,1,0,1
B034,2023-05-22 20:00:00,1,61711890,0,,23.47,1,0,1
B034,2023-05-22 21:00:00,0,617E2950,0,,38.21,1,0,1
B034,2023-05-22 21:00:00,1,61711890,0,,23.45,1,0,1
B034,2023-05-22 22:00:00,0,617E2950,0,,38.18,1,0,1
B034,2023-05-22 22:00:00,1,61711890,0,,23.43,1,0,1
B034,2023-05-22 23:00:00,0,617E2950,0,,38.16,1,0,1
B034,2023-05-22 23:00:00,1,61711890,0,,23.38,1,0,1
B034,2023-05-23 00:00:00,0,617E2950,0,,38.15,1,0,1
B034,2023-05-23 00:00:00,1,61711890,0,,23.32,1,0,1
B034,2023-05-23 01:00:00,0,617E2950,0,,38.15,1,0,1
B034,2023-05-23 01:00:00,1,61711890,0,,23.28,1,0,1
B034,2023-05-23 02:00:00,0,617E2950,0,,38.14,1,0,1
B034,2023-05-23 02:00:00,1,61711890,0,,23.25,1,0,1
B034,2023-05-23 03:00:00,0,617E2950,0,,38.15,1,0,1
B034,2023-05-23 03:00:00,1,61711890,0,,23.24,1,0,1
B034,2023-05-23 04:00:00,0,617E2950,0,,38.19,1,0,1
B034,2023-05-23 04:00:00,1,61711890,0,,23.23,1,0,1
B034,2023-05-23 05:00:00,0,617E2950,0,,38.24,1,0,1
B034,2023-05-23 05:00:00,1,61711890,0,,23.22,1,0,1
B034,2023-05-23 06:00:00,0,617E2950,0,,38.28,1,0,1
B034,2023-05-23 06:00:00,1,61711890,0,,23.22,1,0,1
B034,2023-05-23 07:00:00,0,617E2950,0,,38.29,1,0,1
B034,2023-05-23 07:00:00,1,61711890,0,,23.22,1,0,1
B034,2023-05-23 08:00:00,0,617E2950,0,,38.29,1,0,1
B034,2023-05-23 08:00:00,1,61711890,0,,23.23,1,0,1
B034,2023-05-23 09:00:00,0,617E2950,0,,38.29,1,0,1
B034,2023-05-23 09:00:00,1,61711890,0,,23.26,1,0,1
B034,2023-05-23 10:00:00,0,617E2950,0,,38.29,1,0,1
B034,2023-05-23 10:00:00,1,61711890,0,,23.29,1,0,1
B034,2023-05-23 11:00:00,0,617E2950,0,,38.28,1,0,1
B034,2023-05-23 11:00:00,1,61711890,0,,23.3,1,0,1
B034,2023-05-23 12:00:00,0,617E2950,0.01681116888,,38.28,1,0,1
B034,2023-05-23 12:00:00,1,61711890,0.03109183483,,23.31,1,0,1
B034,2023-05-23 13:00:00,0,617E2950,0,,38.28,1,0,1
B034,2023-05-23 13:00:00,1,61711890,0,,23.31,1,0,1
B034,2023-05-23 14:00:00,0,617E2950,0.01518644089,,38.27,1,0,1
B034,2023-05-23 14:00:00,1,61711890,0.007662231919,,23.3,1,0,1
B034,2023-05-23 15:00:00,0,617E2950,0,,38.27,1,0,1
B034,2023-05-23 15:00:00,1,61711890,0,,23.29,1,0,1
B034,2023-05-23 16:00:00,0,617E2950,0,,38.27,1,0,1
B034,2023-05-23 16:00:00,1,61711890,0,,23.28,1,0,1
B034,2023-05-23 17:00:00,0,617E2950,0.09599282931,,38.26,1,0,1
B034,2023-05-23 17:00:00,1,61711890,0.06876710378,,23.27,1,0,1
B034,2023-05-23 18:00:00,0,617E2950,0.03215653767,,38.25,1,0,1
B034,2023-05-23 18:00:00,1,61711890,0.02292236793,,23.27,1,0,1
B034,2023-05-23 19:00:00,0,617E2950,0,,38.24,1,0,1
B034,2023-05-23 19:00:00,1,61711890,0.01583169883,,23.27,1,0,1
B034,2023-05-23 20:00:00,0,617E2950,0,,38.23,1,0,1
B034,2023-05-23 20:00:00,1,61711890,0.03166339765,,23.26,1,0,1
B034,2023-05-23 21:00:00,0,617E2950,0.01681116888,,38.23,1,0,1
B034,2023-05-23 21:00:00,1,61711890,0.01526013601,,23.26,1,0,1
B034,2023-05-23 22:00:00,0,617E2950,0.01534536879,,38.23,1,0,1
B034,2023-05-23 22:00:00,1,61711890,0.007662231919,,23.26,1,0,1
B034,2023-05-23 23:00:00,0,617E2950,0.01681116888,,38.23,1,0,1
B034,2023-05-23 23:00:00,1,61711890,0.03109183483,,23.26,1,0,1
B034,2023-05-24 00:00:00,0,617E2950,0,,38.23,1,0,1
B034,2023-05-24 00:00:00,1,61711890,0,,23.25,1,0,1
B034,2023-05-24 01:00:00,0,617E2950,0,,38.23,1,0,1
B034,2023-05-24 01:00:00,1,61711890,0,,23.25,1,0,1
B034,2023-05-24 02:00:00,0,617E2950,0,,38.23,1,0,1
B034,2023-05-24 02:00:00,1,61711890,0,,23.25,1,0,1
B034,2023-05-24 03:00:00,0,617E2950,0,,38.23,1,0,1
B034,2023-05-24 03:00:00,1,61711890,0.0139894406,,23.25,1,0,1
B034,2023-05-24 04:00:00,0,617E2950,0,,38.23,1,0,1
B034,2023-05-24 04:00:00,1,61711890,0,,23.25,1,0,1
B034,2023-05-24 05:00:00,0,617E2950,0,,38.23,1,0,1
B034,2023-05-24 05:00:00,1,61711890,0,,23.25,1,0,1
B034,2023-05-24 06:00:00,0,617E2950,0,,38.23,1,0,1
B034,2023-05-24 06:00:00,1,61711890,0,,23.25,1,0,1
B034,2023-05-24 07:00:00,0,617E2950,0.1176781821,,38.23,1,0,1
B034,2023-05-24 07:00:00,1,61711890,0.1859794462,,23.25,1,0,1
B034,2023-05-24 08:00:00,0,617E2950,0,,38.23,1,0,1
B034,2023-05-24 08:00:00,1,61711890,0,,23.25,1,0,1
B034,2023-07-06 07:00:00,0,617E2950,0,,38.1,1,0,1
B034,2023-07-06 07:00:00,1,61711890,0.019581457,,23.57,1,0,1
B034,2023-07-06 08:00:00,0,617E2950,0,,38.1,1,0,1
B034,2023-07-06 08:00:00,1,61711890,0.0139894406,,23.57,1,0,1
B034,2023-07-06 09:00:00,0,617E2950,0,,38.1,1,0,1
B034,2023-07-06 09:00:00,1,61711890,0,,23.57,1,0,1
B034,2023-07-06 10:00:00,0,617E2950,0,,38.09,1,0,1
B034,2023-07-06 10:00:00,1,61711890,0,,23.56,1,0,1
B034,2023-07-06 11:00:00,0,617E2950,0,,38.09,1,0,1
B034,2023-07-06 11:00:00,1,61711890,0.0139894406,,23.55,1,0,1
B034,2023-07-06 12:00:00,0,617E2950,0,,38.09,1,0,1
B034,2023-07-06 12:00:00,1,61711890,0.0139894406,,23.57,1,0,1
B034,2023-07-06 13:00:00,0,617E2950,0,,38.09,1,0,1
B034,2023-07-06 13:00:00,1,61711890,0,,23.57,1,0,1
B034,2023-07-06 14:00:00,0,617E2950,0,,38.09,1,0,1
B034,2023-07-06 14:00:00,1,61711890,0,,23.57,1,0,1
B034,2023-07-06 15:00:00,0,617E2950,0,,38.09,1,0,1
B034,2023-07-06 15:00:00,1,61711890,0.0139894406,,23.56,1,0,1
B034,2023-07-06 16:00:00,0,617E2950,0,,38.09,1,0,1
B034,2023-07-06 16:00:00,1,61711890,0.0139894406,,23.59,1,0,1
B034,2023-07-06 17:00:00,0,617E2950,0,,38.1,1,0,1
B034,2023-07-06 17:00:00,1,61711890,0,,23.59,1,0,1
B034,2023-07-06 18:00:00,0,617E2950,0,,38.1,1,0,1
B034,2023-07-06 18:00:00,1,61711890,0,,23.58,1,0,1
B034,2023-07-06 19:00:00,0,617E2950,0,,38.1,1,0,1
B034,2023-07-06 19:00:00,1,61711890,0.0139894406,,23.58,1,0,1
B034,2023-07-06 20:00:00,0,617E2950,0,,38.1,1,0,1
B034,2023-07-06 20:00:00,1,61711890,0.0139894406,,23.59,1,0,1
B034,2023-07-06 21:00:00,0,617E2950,0,,38.1,1,0,1
B034,2023-07-06 21:00:00,1,61711890,0,,23.59,1,0,1
B034,2023-07-06 22:00:00,0,617E2950,0,,38.1,1,0,1
B034,2023-07-06 22:00:00,1,61711890,0,,23.59,1,0,1
B034,2023-07-06 23:00:00,0,617E2950,0,,38.1,1,0,1
B034,2023-07-06 23:00:00,1,61711890,0,,23.59,1,0,1
B034,2023-07-07 00:00:00,0,617E2950,0,,38.1,1,0,1
B034,2023-07-07 00:00:00,1,61711890,0.0139894406,,23.57,1,0,1
B034,2023-07-07 01:00:00,0,617E2950,0,,38.1,1,0,1
B034,2023-07-07 01:00:00,1,61711890,0,,23.58,1,0,1
B034,2023-07-07 02:00:00,0,617E2950,0,,38.1,1,0,1
B034,2023-07-07 02:00:00,1,61711890,0,,23.57,1,0,1
B034,2023-07-07 03:00:00,0,617E2950,0,,38.1,1,0,1
B034,2023-07-07 03:00:00,1,61711890,0.0139894406,,23.56,1,0,1
B034,2023-07-07 04:00:00,0,617E2950,0,,38.1,1,0,1
B034,2023-07-07 04:00:00,1,61711890,0,,23.59,1,0,1
B034,2023-07-07 05:00:00,0,617E2950,0,,38.1,1,0,1
B034,2023-07-07 05:00:00,1,61711890,0,,23.57,1,0,1
B034,2023-07-07 06:00:00,0,617E2950,0,,38.1,1,0,1
B034,2023-07-07 06:00:00,1,61711890,0,,23.57,1,0,1
B034,2023-07-07 07:00:00,0,617E2950,0,,38.1,1,0,1
B034,2023-07-07 07:00:00,1,61711890,0,,23.56,1,0,1
B034,2023-07-07 08:00:00,0,617E2950,0,,38.1,1,0,1
B034,2023-07-07 08:00:00,1,61711890,0,,23.55,1,0,1
B034,2023-07-07 09:00:00,0,617E2950,0,,38.1,1,0,1
B034,2023-07-07 09:00:00,1,61711890,0,,23.55,1,0,1
B034,2023-07-07 10:00:00,0,617E2950,0,,38.1,1,0,1
B034,2023-07-07 10:00:00,1,61711890,0,,23.55,1,0,1
B034,2023-07-07 11:00:00,0,617E2950,0,,38.1,1,0,1
B034,2023-07-07 11:00:00,1,61711890,0,,23.54,1,0,1
B034,2023-07-07 12:00:00,0,617E2950,0,,38.09,1,0,1
B034,2023-07-07 12:00:00,1,61711890,0,,23.56,1,0,1
B034,2023-07-07 13:00:00,0,617E2950,0,,38.09,1,0,1
B034,2023-07-07 13:00:00,1,61711890,0,,23.55,1,0,1
B034,2023-07-07 14:00:00,0,617E2950,0,,38.09,1,0,1
B034,2023-07-07 14:00:00,1,61711890,0,,23.56,1,0,1
B034,2023-07-07 15:00:00,0,617E2950,0,,38.08,1,0,1
B034,2023-07-07 15:00:00,1,61711890,0,,23.56,1,0,1
B034,2023-07-07 16:00:00,0,617E2950,0.07246624028,,38.08,1,0,1
B034,2023-07-07 16:00:00,1,61711890,0.003031880849,,23.58,1,0,1
B034,2023-07-07 17:00:00,0,617E2950,0,,38.08,1,0,1
B034,2023-07-07 17:00:00,1,61711890,0,,23.57,1,0,1
B034,2023-07-07 18:00:00,0,617E2950,0,,38.08,1,0,1
B034,2023-07-07 18:00:00,1,61711890,0,,23.59,1,0,1
B034,2023-07-07 19:00:00,0,617E2950,0,,38.08,1,0,1
B034,2023-07-07 19:00:00,1,61711890,0,,23.61,1,0,1
B034,2023-07-07 20:00:00,0,617E2950,0,,38.08,1,0,1
B034,2023-07-07 20:00:00,1,61711890,0,,23.57,1,0,1
B034,2023-07-07 21:00:00,0,617E2950,0,,38.07,1,0,1
B034,2023-07-07 21:00:00,1,61711890,0,,23.58,1,0,1
B034,2023-07-07 22:00:00,0,617E2950,0,,38.07,1,0,1
B034,2023-07-07 22:00:00,1,61711890,0,,23.59,1,0,1
B034,2023-07-07 23:00:00,0,617E2950,0,,38.07,1,0,1
B034,2023-07-07 23:00:00,1,61711890,0,,23.59,1,0,1
B034,2023-07-08 00:00:00,0,617E2950,0,,38.07,1,0,1
B034,2023-07-08 00:00:00,1,61711890,0,,23.58,1,0,1
B034,2023-07-08 01:00:00,0,617E2950,0,,38.07,1,0,1
B034,2023-07-08 01:00:00,1,61711890,0,,23.56,1,0,1
B034,2023-07-08 02:00:00,0,617E2950,0,,38.07,1,0,1
B034,2023-07-08 02:00:00,1,61711890,0,,23.56,1,0,1
B034,2023-07-08 03:00:00,0,617E2950,0,,38.07,1,0,1
B034,2023-07-08 03:00:00,1,61711890,0,,23.57,1,0,1
B034,2023-07-08 04:00:00,0,617E2950,0,,38.07,1,0,1
B034,2023-07-08 04:00:00,1,61711890,0,,23.57,1,0,1
B034,2023-07-08 05:00:00,0,617E2950,0,,38.07,1,0,1
B034,2023-07-08 05:00:00,1,61711890,0,,23.56,1,0,1
B034,2023-07-08 06:00:00,0,617E2950,0,,38.06,1,0,1
B034,2023-07-08 06:00:00,1,61711890,0,,23.58,1,0,1
B034,2023-07-08 07:00:00,0,617E2950,0.07246624028,,38.06,1,0,1
B034,2023-07-08 07:00:00,1,61711890,0.003031880849,,23.56,1,0,1
B034,2023-07-08 08:00:00,0,617E2950,0.0001589278992,,38.06,1,0,1
B034,2023-07-08 08:00:00,1,61711890,0,,23.57,1,0,1
B034,2023-07-08 09:00:00,0,617E2950,0.004025902238,,38.06,1,0,1
B034,2023-07-08 09:00:00,1,61711890,0.0001684378249,,23.56,1,0,1
B034,2023-07-08 10:00:00,0,617E2950,0.004025902238,,38.06,1,0,1
B034,2023-07-08 10:00:00,1,61711890,0.0001684378249,,23.56,1,0,1
B034,2023-07-08 11:00:00,0,617E2950,0,,38.06,1,0,1
B034,2023-07-08 11:00:00,1,61711890,0,,23.57,1,0,1
B034,2023-07-08 12:00:00,0,617E2950,0,,38.05,1,0,1
B034,2023-07-08 12:00:00,1,61711890,0,,23.57,1,0,1
B034,2023-07-08 13:00:00,0,617E2950,0.01518644089,,38.05,1,0,1
B034,2023-07-08 13:00:00,1,61711890,0.118901377,,23.57,1,0,1
B034,2023-07-08 14:00:00,0,617E2950,0,,38.05,1,0,1
B034,2023-07-08 14:00:00,1,61711890,0,,23.55,1,0,1
B034,2023-07-08 15:00:00,0,617E2950,0.290131656,,38.05,1,0,1
B034,2023-07-08 15:00:00,1,61711890,0.1595718471,,23.59,1,0,1
B034,2023-07-08 16:00:00,0,617E2950,1.136064681,,38.05,1,0,1
B034,2023-07-08 16:00:00,1,61711890,0.739114004,,23.59,1,0,1
B034,2023-07-08 17:00:00,0,617E2950,1.34700145,,38.1,1,0,1
B034,2023-07-08 17:00:00,1,61711890,1.072909275,,23.59,1,0,1
B034,2023-07-08 18:00:00,0,617E2950,4.855172231,,38.13,1,0,1
B034,2023-07-08 18:00:00,1,61711890,3.026455708,,23.61,1,0,1
B034,2023-07-08 19:00:00,0,617E2950,1.159058844,,38.68,1,0,1
B034,2023-07-08 19:00:00,1,61711890,0.6809147884,,23.65,1,0,1
B034,2023-07-08 20:00:00,0,617E2950,0.004025902238,,38.42,1,0,1
B034,2023-07-08 20:00:00,1,61711890,0.0001684378249,,23.56,1,0,1
B034,2023-07-08 21:00:00,0,617E2950,0.02028843909,,38.15,1,0,1
B034,2023-07-08 21:00:00,1,61711890,0.0008421891247,,24.58,1,0,1
B034,2023-07-08 22:00:00,0,617E2950,0.01207770671,,37.94,1,0,1
B034,2023-07-08 22:00:00,1,61711890,0.0005053134748,,25.17,1,0,1
B034,2023-07-08 23:00:00,0,617E2950,0,,37.83,1,0,1
B034,2023-07-08 23:00:00,1,61711890,0,,25.23,1,0,1
B034,2023-07-09 00:00:00,0,617E2950,0,,37.77,1,0,1
B034,2023-07-09 00:00:00,1,61711890,0,,25.18,1,0,1
B034,2023-07-09 01:00:00,0,617E2950,0,,37.73,1,0,1
B034,2023-07-09 01:00:00,1,61711890,0,,25.11,1,0,1
B034,2023-07-09 02:00:00,0,617E2950,0,,37.71,1,0,1
B034,2023-07-09 02:00:00,1,61711890,0,,25.03,1,0,1
B034,2023-07-09 03:00:00,0,617E2950,0,,37.69,1,0,1
B034,2023-07-09 03:00:00,1,61711890,0,,24.91,1,0,1
B034,2023-07-09 04:00:00,0,617E2950,0,,37.67,1,0,1
B034,2023-07-09 04:00:00,1,61711890,0,,24.77,1,0,1
B034,2023-07-09 05:00:00,0,617E2950,0,,37.65,1,0,1
B034,2023-07-09 05:00:00,1,61711890,0,,24.62,1,0,1
B034,2023-07-09 06:00:00,0,617E2950,0.004025902238,,37.62,1,0,1
B034,2023-07-09 06:00:00,1,61711890,0.01415787843,,24.49,1,0,1
B034,2023-07-09 07:00:00,0,617E2950,6.256516946,,37.57,1,0,1
B034,2023-07-09 07:00:00,1,61711890,4.483319386,,24.38,1,0,1
B034,2023-07-09 08:00:00,0,617E2950,0,,37.49,1,0,1
B034,2023-07-09 08:00:00,1,61711890,0,,24.29,1,0,1
B034,2023-07-09 09:00:00,0,617E2950,0,,37.44,1,0,1
B034,2023-07-09 09:00:00,1,61711890,0,,24.21,1,0,1
B034,2023-07-09 10:00:00,0,617E2950,0,,37.4,1,0,1
B034,2023-07-09 10:00:00,1,61711890,0,,24.11,1,0,1
B034,2023-07-09 11:00:00,0,617E2950,0,,37.38,1,0,1
B034,2023-07-09 11:00:00,1,61711890,0,,24.03,1,0,1
B034,2023-07-09 12:00:00,0,617E2950,0,,37.38,1,0,1
B034,2023-07-09 12:00:00,1,61711890,0.0139894406,,23.97,1,0,1
B034,2023-07-09 13:00:00,0,617E2950,0,,37.39,1,0,1
B034,2023-07-09 13:00:00,1,61711890,0,,23.93,1,0,1
B034,2023-07-09 14:00:00,0,617E2950,0,,37.4,1,0,1
B034,2023-07-09 14:00:00,1,61711890,0,,23.94,1,0,1
B034,2023-07-09 15:00:00,0,617E2950,0,,37.4,1,0,1
B034,2023-07-09 15:00:00,1,61711890,0,,23.94,1,0,1
B034,2023-07-09 16:00:00,0,617E2950,0,,37.41,1,0,1
B034,2023-07-09 16:00:00,1,61711890,0,,23.93,1,0,1
B034,2023-07-09 17:00:00,0,617E2950,0.4100339041,,37.51,1,0,1
B034,2023-07-09 17:00:00,1,61711890,0.2208697024,,23.94,1,0,1
B034,2023-07-09 18:00:00,0,617E2950,1.087654419,,,1,0,0
B034,2023-07-09 18:00:00,1,61711890,0.8151097778,,23.93,1,0,1
B034,2023-07-09 19:00:00,0,617E2950,0.07165731989,,37.75,1,0,1
B034,2023-07-09 19:00:00,1,61711890,0.06117603892,,23.89,1,0,1
B034,2023-07-09 20:00:00,0,617E2950,0.1594000426,,37.96,1,0,1
B034,2023-07-09 20:00:00,1,61711890,0.1110660086,,23.94,1,0,1
B034,2023-07-09 21:00:00,0,617E2950,0.01207770671,,38.15,1,0,1
B034,2023-07-09 21:00:00,1,61711890,0.0005053134748,,23.93,1,0,1
B034,2023-07-09 22:00:00,0,617E2950,0,,38.26,1,0,1
B034,2023-07-09 22:00:00,1,61711890,0,,23.95,1,0,1
B034,2023-07-09 23:00:00,0,617E2950,0,,38.3,1,0,1
B034,2023-07-09 23:00:00,1,61711890,0,,24.03,1,0,1
B034,2023-07-10 00:00:00,0,617E2950,0,,38.32,1,0,1
B034,2023-07-10 00:00:00,1,61711890,0,,24.07,1,0,1
B034,2023-07-10 01:00:00,0,617E2950,0,,38.32,1,0,1
B034,2023-07-10 01:00:00,1,61711890,0,,24.1,1,0,1
B034,2023-07-10 02:00:00,0,617E2950,0,,38.32,1,0,1
B034,2023-07-10 02:00:00,1,61711890,0.01523935999,,24.09,1,0,1
B034,2023-07-10 03:00:00,0,617E2950,0,,38.32,1,0,1
B034,2023-07-10 03:00:00,1,61711890,0,,24.08,1,0,1
B034,2023-07-10 04:00:00,0,617E2950,0,,38.32,1,0,1
B034,2023-07-10 04:00:00,1,61711890,0,,24.06,1,0,1
B034,2023-07-10 05:00:00,0,617E2950,0,,38.32,1,0,1
B034,2023-07-10 05:00:00,1,61711890,0,,24.05,1,0,1
B034,2023-07-10 06:00:00,0,617E2950,0,,38.31,1,0,1
B034,2023-07-10 06:00:00,1,61711890,0,,24.04,1,0,1
B034,2023-07-10 07:00:00,0,617E2950,1.266865166,,38.29,1,0,1
B034,2023-07-10 07:00:00,1,61711890,0.9444686899,,24.04,1,0,1
B034,2023-07-10 08:00:00,0,617E2950,0,,38.28,1,0,1
B034,2023-07-10 08:00:00,1,61711890,0,,24.02,1,0,1
B034,2023-07-10 09:00:00,0,617E2950,0,,38.28,1,0,1
B034,2023-07-10 09:00:00,1,61711890,0,,24.02,1,0,1
B034,2023-07-10 10:00:00,0,617E2950,0,,38.27,1,0,1
B034,2023-07-10 10:00:00,1,61711890,0.0139894406,,24,1,0,1
B034,2023-07-10 11:00:00,0,617E2950,0,,38.26,1,0,1
B034,2023-07-10 11:00:00,1,61711890,0,,23.98,1,0,1
B034,2023-07-10 12:00:00,0,617E2950,0,,38.26,1,0,1
B034,2023-07-10 12:00:00,1,61711890,0,,23.99,1,0,1
B034,2023-07-10 13:00:00,0,617E2950,0,,38.26,1,0,1
B034,2023-07-10 13:00:00,1,61711890,0,,23.99,1,0,1
B034,2023-07-10 14:00:00,0,617E2950,0,,38.25,1,0,1
B034,2023-07-10 14:00:00,1,61711890,0,,23.99,1,0,1
B034,2023-07-10 15:00:00,0,617E2950,0,,38.24,1,0,1
B034,2023-07-10 15:00:00,1,61711890,0,,23.99,1,0,1
B034,2023-07-10 16:00:00,0,617E2950,0,,38.24,1,0,1
B034,2023-07-10 16:00:00,1,61711890,0.0139894406,,23.97,1,0,1
B034,2023-07-10 17:00:00,0,617E2950,0,,38.24,1,0,1
B034,2023-07-10 17:00:00,1,61711890,0,,23.99,1,0,1
B034,2023-07-10 18:00:00,0,617E2950,0,,38.23,1,0,1
B034,2023-07-10 18:00:00,1,61711890,0,,23.99,1,0,1
B034,2023-07-10 19:00:00,0,617E2950,0,,38.23,1,0,1
B034,2023-07-10 19:00:00,1,61711890,0,,23.99,1,0,1
B034,2023-07-10 20:00:00,0,617E2950,0,,38.22,1,0,1
B034,2023-07-10 20:00:00,1,61711890,0,,24,1,0,1
B034,2023-07-10 21:00:00,0,617E2950,0,,38.22,1,0,1
B034,2023-07-10 21:00:00,1,61711890,0,,23.99,1,0,1
B034,2023-07-10 22:00:00,0,617E2950,0,,38.22,1,0,1
B034,2023-07-10 22:00:00,1,61711890,0.0139894406,,23.99,1,0,1
B034,2023-07-10 23:00:00,0,617E2950,0,,38.21,1,0,1
B034,2023-07-10 23:00:00,1,61711890,0,,23.99,1,0,1
B034,2023-07-26 07:00:00,0,617E2950,0.7492075429,,38.16,1,0,1
B034,2023-07-26 07:00:00,1,61711890,1.043755442,,24.23,1,0,1
B034,2023-07-26 08:00:00,0,617E2950,0,,38.16,1,0,1
B034,2023-07-26 08:00:00,1,61711890,0,,24.24,1,0,1
B034,2023-07-26 09:00:00,0,617E2950,0,,38.15,1,0,1
B034,2023-07-26 09:00:00,1,61711890,0,,24.24,1,0,1
B034,2023-07-26 10:00:00,0,617E2950,0,,38.15,1,0,1
B034,2023-07-26 10:00:00,1,61711890,0,,24.23,1,0,1
B034,2023-07-26 11:00:00,0,617E2950,0,,38.15,1,0,1
B034,2023-07-26 11:00:00,1,61711890,0,,24.24,1,0,1
B034,2023-07-26 12:00:00,0,617E2950,0,,38.15,1,0,1
B034,2023-07-26 12:00:00,1,61711890,0,,24.24,1,0,1
B034,2023-07-26 13:00:00,0,617E2950,0,,38.15,1,0,1
B034,2023-07-26 13:00:00,1,61711890,0,,24.24,1,0,1
B034,2023-07-26 14:00:00,0,617E2950,0,,38.15,1,0,1
B034,2023-07-26 14:00:00,1,61711890,0,,24.24,1,0,1
B034,2023-07-26 15:00:00,0,617E2950,0,,38.15,1,0,1
B034,2023-07-26 15:00:00,1,61711890,0,,24.24,1,0,1
B034,2023-07-26 16:00:00,0,617E2950,0,,38.15,1,0,1
B034,2023-07-26 16:00:00,1,61711890,0.1266535906,,24.24,1,0,1
B034,2023-07-26 17:00:00,0,617E2950,0,,38.15,1,0,1
B034,2023-07-26 17:00:00,1,61711890,0,,24.23,1,0,1
B034,2023-07-26 18:00:00,0,617E2950,0,,38.15,1,0,1
B034,2023-07-26 18:00:00,1,61711890,0,,24.24,1,0,1
B034,2023-07-26 19:00:00,0,617E2950,0,,38.15,1,0,1
B034,2023-07-26 19:00:00,1,61711890,0,,24.24,1,0,1
B034,2023-07-26 20:00:00,0,617E2950,0,,38.14,1,0,1
B034,2023-07-26 20:00:00,1,61711890,0,,24.21,1,0,1
B034,2023-07-26 21:00:00,0,617E2950,0,,38.14,1,0,1
B034,2023-07-26 21:00:00,1,61711890,0,,24.26,1,0,1
B034,2023-07-26 22:00:00,0,617E2950,0,,38.14,1,0,1
B034,2023-07-26 22:00:00,1,61711890,0,,24.25,1,0,1
B034,2023-07-26 23:00:00,0,617E2950,0,,38.14,1,0,1
B034,2023-07-26 23:00:00,1,61711890,0,,24.25,1,0,1
B034,2023-07-27 00:00:00,0,617E2950,0,,38.14,1,0,1
B034,2023-07-27 00:00:00,1,61711890,0,,24.25,1,0,1
B034,2023-07-27 01:00:00,0,617E2950,0,,38.14,1,0,1
B034,2023-07-27 01:00:00,1,61711890,0,,24.23,1,0,1
B034,2023-07-27 02:00:00,0,617E2950,0,,38.14,1,0,1
B034,2023-07-27 02:00:00,1,61711890,0,,24.24,1,0,1
B034,2023-07-27 03:00:00,0,617E2950,0,,38.13,1,0,1
B034,2023-07-27 03:00:00,1,61711890,0,,24.25,1,0,1
B034,2023-07-27 04:00:00,0,617E2950,0,,38.13,1,0,1
B034,2023-07-27 04:00:00,1,61711890,0,,24.25,1,0,1
B034,2023-07-27 05:00:00,0,617E2950,0,,38.13,1,0,1
B034,2023-07-27 05:00:00,1,61711890,0,,24.25,1,0,1
B034,2023-07-27 06:00:00,0,617E2950,0,,38.13,1,0,1
B034,2023-07-27 06:00:00,1,61711890,0,,24.25,1,0,1
B034,2023-07-27 07:00:00,0,617E2950,0,,38.13,1,0,1
B034,2023-07-27 07:00:00,1,61711890,0.1266535906,,24.25,1,0,1
B034,2023-07-27 08:00:00,0,617E2950,0,,38.13,1,0,1
B034,2023-07-27 08:00:00,1,61711890,0,,24.25,1,0,1
B034,2023-07-27 09:00:00,0,617E2950,0,,38.14,1,0,1
B034,2023-07-27 09:00:00,1,61711890,0,,24.26,1,0,1
B034,2023-07-27 10:00:00,0,617E2950,0,,38.15,1,0,1
B034,2023-07-27 10:00:00,1,61711890,0,,24.26,1,0,1
B034,2023-07-27 11:00:00,0,617E2950,0,,38.15,1,0,1
B034,2023-07-27 11:00:00,1,61711890,0,,24.26,1,0,1
B034,2023-07-27 12:00:00,0,617E2950,0,,38.15,1,0,1
B034,2023-07-27 12:00:00,1,61711890,0,,24.26,1,0,1
B034,2023-07-27 13:00:00,0,617E2950,0,,38.16,1,0,1
B034,2023-07-27 13:00:00,1,61711890,0,,24.27,1,0,1
B034,2023-07-27 14:00:00,0,617E2950,0,,,1,0,0
B034,2023-07-27 14:00:00,1,61711890,0,,24.26,1,0,1
B034,2023-07-27 15:00:00,0,617E2950,0.3677240374,,38.16,1,0,1
B034,2023-07-27 15:00:00,1,61711890,0.1990893742,,24.27,1,0,1
B034,2023-07-27 16:00:00,0,617E2950,1.257621612,,38.16,1,0,1
B034,2023-07-27 16:00:00,1,61711890,0.731340879,,24.28,1,0,1
B034,2023-07-27 17:00:00,0,617E2950,0,,38.34,1,0,1
B034,2023-07-27 17:00:00,1,61711890,0,,24.26,1,0,1
B034,2023-07-27 18:00:00,0,617E2950,0,,38.32,1,0,1
B034,2023-07-27 18:00:00,1,61711890,0,,24.26,1,0,1
B034,2023-07-27 19:00:00,0,617E2950,0,,38.3,1,0,1
B034,2023-07-27 19:00:00,1,61711890,0,,24.26,1,0,1
B034,2023-07-27 20:00:00,0,617E2950,0,,38.28,1,0,1
B034,2023-07-27 20:00:00,1,61711890,0,,24.3,1,0,1
B034,2023-07-27 21:00:00,0,617E2950,0,,38.28,1,0,1
B034,2023-07-27 21:00:00,1,61711890,0,,24.32,1,0,1
B034,2023-07-27 22:00:00,0,617E2950,0,,38.27,1,0,1
B034,2023-07-27 22:00:00,1,61711890,0,,24.28,1,0,1
B034,2023-07-27 23:00:00,0,617E2950,0,,38.27,1,0,1
B034,2023-07-27 23:00:00,1,61711890,0,,24.29,1,0,1
B034,2023-07-28 00:00:00,0,617E2950,0,,38.27,1,0,1
B034,2023-07-28 00:00:00,1,61711890,0,,24.28,1,0,1
B034,2023-07-28 01:00:00,0,617E2950,0,,38.27,1,0,1
B034,2023-07-28 01:00:00,1,61711890,0,,24.27,1,0,1
B034,2023-07-28 02:00:00,0,617E2950,0,,38.27,1,0,1
B034,2023-07-28 02:00:00,1,61711890,0,,24.29,1,0,1
B034,2023-07-28 03:00:00,0,617E2950,0,,38.27,1,0,1
B034,2023-07-28 03:00:00,1,61711890,0,,24.28,1,0,1
B034,2023-07-28 04:00:00,0,617E2950,0,,38.27,1,0,1
B034,2023-07-28 04:00:00,1,61711890,0,,24.27,1,0,1
B034,2023-07-28 05:00:00,0,617E2950,0,,38.27,1,0,1
B034,2023-07-28 05:00:00,1,61711890,0,,24.27,1,0,1
B034,2023-07-28 06:00:00,0,617E2950,0,,38.27,1,0,1
B034,2023-07-28 06:00:00,1,61711890,0,,24.28,1,0,1
B034,2023-07-28 07:00:00,0,617E2950,1.289336815,,38.26,1,0,1
B034,2023-07-28 07:00:00,1,61711890,0.761861151,,24.27,1,0,1
B034,2023-07-28 08:00:00,0,617E2950,0,,38.26,1,0,1
B034,2023-07-28 08:00:00,1,61711890,0,,24.28,1,0,1
B034,2023-07-28 09:00:00,0,617E2950,0,,38.23,1,0,1
B034,2023-07-28 09:00:00,1,61711890,0,,24.29,1,0,1
B034,2023-07-28 10:00:00,0,617E2950,0,,38.2,1,0,1
B034,2023-07-28 10:00:00,1,61711890,0,,24.29,1,0,1
B034,2023-07-28 11:00:00,0,617E2950,0.01681116888,,38.18,1,0,1
B034,2023-07-28 11:00:00,1,61711890,0.01526013601,,24.28,1,0,1
B034,2023-07-28 12:00:00,0,617E2950,0,,38.16,1,0,1
B034,2023-07-28 12:00:00,1,61711890,0,,24.29,1,0,1
B034,2023-07-28 13:00:00,0,617E2950,0,,38.15,1,0,1
B034,2023-07-28 13:00:00,1,61711890,0,,24.29,1,0,1
B034,2023-07-28 14:00:00,0,617E2950,0,,38.14,1,0,1
B034,2023-07-28 14:00:00,1,61711890,0,,24.28,1,0,1
B034,2023-07-28 15:00:00,0,617E2950,0,,38.14,1,0,1
B034,2023-07-28 15:00:00,1,61711890,0,,24.29,1,0,1
B034,2023-07-28 16:00:00,0,617E2950,0.03362233775,,,1,0,0
B034,2023-07-28 16:00:00,1,61711890,0.04259782021,,24.29,1,0,1
B034,2023-07-28 17:00:00,0,617E2950,0.02012951119,,38.13,1,0,1
B034,2023-07-28 17:00:00,1,61711890,0.0008421891247,,24.29,1,0,1
B034,2023-07-28 18:00:00,0,617E2950,0,,38.12,1,0,1
B034,2023-07-28 18:00:00,1,61711890,0,,24.27,1,0,1
B034,2023-07-28 19:00:00,0,617E2950,0,,38.12,1,0,1
B034,2023-07-28 19:00:00,1,61711890,0.0559577624,,24.27,1,0,1
B034,2023-07-28 20:00:00,0,617E2950,0.1321570631,,38.12,1,0,1
B034,2023-07-28 20:00:00,1,61711890,0.1432267247,,24.34,1,0,1
B034,2023-07-28 21:00:00,0,617E2950,0.1624512094,,38.11,1,0,1
B034,2023-07-28 21:00:00,1,61711890,0.1083755716,,24.26,1,0,1
B034,2023-07-28 22:00:00,0,617E2950,0.004025902238,,38.11,1,0,1
B034,2023-07-28 22:00:00,1,61711890,0.2175643054,,24.28,1,0,1
B034,2023-07-28 23:00:00,0,617E2950,0,,38.12,1,0,1
B034,2023-07-28 23:00:00,1,61711890,0,,24.3,1,0,1
B034,2023-07-29 00:00:00,0,617E2950,0,,38.12,1,0,1
B034,2023-07-29 00:00:00,1,61711890,0,,24.27,1,0,1
B034,2023-07-29 01:00:00,0,617E2950,0,,38.11,1,0,1
B034,2023-07-29 01:00:00,1,61711890,0,,24.28,1,0,1
B034,2023-07-29 02:00:00,0,617E2950,0,,38.11,1,0,1
B034,2023-07-29 02:00:00,1,61711890,0.0979260842,,24.27,1,0,1
B034,2023-07-29 03:00:00,0,617E2950,0.01518644089,,38.11,1,0,1
B034,2023-07-29 03:00:00,1,61711890,0.2237792408,,24.27,1,0,1
B034,2023-07-29 04:00:00,0,617E2950,0.03441697725,,38.1,1,0,1
B034,2023-07-29 04:00:00,1,61711890,0.09384706732,,24.29,1,0,1
B034,2023-07-29 05:00:00,0,617E2950,0.2142349005,,38.1,1,0,1
B034,2023-07-29 05:00:00,1,61711890,0.1465325486,,24.27,1,0,1
B034,2023-07-29 06:00:00,0,617E2950,0.07926969036,,38.1,1,0,1
B034,2023-07-29 06:00:00,1,61711890,0.0383111596,,24.3,1,0,1
B034,2023-07-29 07:00:00,0,617E2950,0.1917912817,,38.1,1,0,1
B034,2023-07-29 07:00:00,1,61711890,0.7448244685,,24.28,1,0,1
B034,2023-07-29 08:00:00,0,617E2950,0,,38.09,1,0,1
B034,2023-07-29 08:00:00,1,61711890,0.158244191,,24.29,1,0,1
B034,2023-07-29 09:00:00,0,617E2950,0.04880877865,,38.1,1,0,1
B034,2023-07-29 09:00:00,1,61711890,0.2406024639,,24.3,1,0,1
B034,2023-07-29 10:00:00,0,617E2950,0.1385152532,,38.11,1,0,1
B034,2023-07-29 10:00:00,1,61711890,0.3024262818,,24.29,1,0,1
B034,2023-07-29 11:00:00,0,617E2950,0.2508586751,,38.12,1,0,1
B034,2023-07-29 11:00:00,1,61711890,0.1950692508,,24.3,1,0,1
B034,2023-07-29 12:00:00,0,617E2950,0.2492166656,,38.14,1,0,1
B034,2023-07-29 12:00:00,1,61711890,0.4646963674,,24.32,1,0,1
B034,2023-07-29 13:00:00,0,617E2950,0.9221549821,,38.15,1,0,1
B034,2023-07-29 13:00:00,1,61711890,0.2218281446,,24.32,1,0,1
B034,2023-07-29 14:00:00,0,617E2950,0.004025902238,,38.18,1,0,1
B034,2023-07-29 14:00:00,1,61711890,0.077545523,,24.32,1,0,1
B034,2023-07-29 15:00:00,0,617E2950,0.04619503428,,38.23,1,0,1
B034,2023-07-29 15:00:00,1,61711890,0.111353318,,24.34,1,0,1
B034,2023-07-29 16:00:00,0,617E2950,0.2732884808,,38.26,1,0,1
B034,2023-07-29 16:00:00,1,61711890,0.06903392899,,24.34,1,0,1
B034,2023-07-29 17:00:00,0,617E2950,0.004025902238,,38.31,1,0,1
B034,2023-07-29 17:00:00,1,61711890,0.01415787843,,24.34,1,0,1
B034,2023-07-29 18:00:00,0,617E2950,0,,38.4,1,0,1
B034,2023-07-29 18:00:00,1,61711890,0.0139894406,,24.35,1,0,1
B034,2023-07-29 19:00:00,0,617E2950,0,,,1,0,0
B034,2023-07-29 19:00:00,1,61711890,0,,24.35,1,0,1
B034,2023-07-29 20:00:00,0,617E2950,0,,38.26,1,0,1
B034,2023-07-29 20:00:00,1,61711890,0.0139894406,,24.36,1,0,1
B034,2023-07-29 21:00:00,0,617E2950,0,,38.17,1,0,1
B034,2023-07-29 21:00:00,1,61711890,0.0279788812,,24.41,1,0,1
B034,2023-07-29 22:00:00,0,617E2950,0,,38.3,1,0,1
B034,2023-07-29 22:00:00,1,61711890,0.0139894406,,24.5,1,0,1
B034,2023-07-29 23:00:00,0,617E2950,0,,38.41,1,0,1
B034,2023-07-29 23:00:00,1,61711890,0.0139894406,,24.42,1,0,1
B034,2023-07-30 00:00:00,0,617E2950,0,,38.45,1,0,1
B034,2023-07-30 00:00:00,1,61711890,0.0279788812,,24.35,1,0,1
B034,2023-07-30 01:00:00,0,617E2950,0,,38.45,1,0,1
B034,2023-07-30 01:00:00,1,61711890,0,,24.37,1,0,1
B034,2023-07-30 02:00:00,0,617E2950,0,,38.45,1,0,1
B034,2023-07-30 02:00:00,1,61711890,0.0139894406,,24.39,1,0,1
B034,2023-07-30 03:00:00,0,617E2950,0,,38.43,1,0,1
B034,2023-07-30 03:00:00,1,61711890,0.0139894406,,24.38,1,0,1
B034,2023-07-30 04:00:00,0,617E2950,0,,38.42,1,0,1
B034,2023-07-30 04:00:00,1,61711890,0.0139894406,,24.38,1,0,1
B034,2023-07-30 05:00:00,0,617E2950,0,,38.4,1,0,1
B034,2023-07-30 05:00:00,1,61711890,0,,24.38,1,0,1
B034,2023-07-30 06:00:00,0,617E2950,0,,38.38,1,0,1
B034,2023-07-30 06:00:00,1,61711890,0.0139894406,,24.37,1,0,1
B034,2023-07-30 07:00:00,0,617E2950,1.560536572,,38.32,1,0,1
B034,2023-07-30 07:00:00,1,61711890,1.223401683,,24.36,1,0,1
B034,2023-07-30 08:00:00,0,617E2950,0,,38.27,1,0,1
B034,2023-07-30 08:00:00,1,61711890,0.0139894406,,24.36,1,0,1
B034,2023-07-30 09:00:00,0,617E2950,0,,38.24,1,0,1
B034,2023-07-30 09:00:00,1,61711890,0,,24.36,1,0,1
B034,2023-07-30 10:00:00,0,617E2950,0,,38.22,1,0,1
B034,2023-07-30 10:00:00,1,61711890,0.0139894406,,24.35,1,0,1
B034,2023-07-30 11:00:00,0,617E2950,0,,38.22,1,0,1
B034,2023-07-30 11:00:00,1,61711890,0,,24.34,1,0,1
B034,2023-07-30 12:00:00,0,617E2950,0.08051804476,,38.21,1,0,1
B034,2023-07-30 12:00:00,1,61711890,0.003368756499,,24.34,1,0,1
B034,2023-07-30 13:00:00,0,617E2950,0,,38.21,1,0,1
B034,2023-07-30 13:00:00,1,61711890,0.0139894406,,24.34,1,0,1
B034,2023-07-30 14:00:00,0,617E2950,0,,38.21,1,0,1
B034,2023-07-30 14:00:00,1,61711890,0,,24.34,1,0,1
B034,2023-07-30 15:00:00,0,617E2950,0.004025902238,,38.22,1,0,1
B034,2023-07-30 15:00:00,1,61711890,0.01415787843,,24.34,1,0,1
B034,2023-07-30 16:00:00,0,617E2950,0.01518644089,,38.23,1,0,1
B034,2023-07-30 16:00:00,1,61711890,0.563229449,,24.34,1,0,1
B034,2023-07-30 17:00:00,0,617E2950,0,,38.26,1,0,1
B034,2023-07-30 17:00:00,1,61711890,0.2657060604,,24.34,1,0,1
B034,2023-07-30 18:00:00,0,617E2950,0.01921234313,,38.29,1,0,1
B034,2023-07-30 18:00:00,1,61711890,0.007830669744,,24.32,1,0,1
B034,2023-07-30 19:00:00,0,617E2950,0.07730795011,,38.3,1,0,1
B034,2023-07-30 19:00:00,1,61711890,0.08875538023,,24.29,1,0,1
B034,2023-07-30 20:00:00,0,617E2950,0.004025902238,,38.3,1,0,1
B034,2023-07-30 20:00:00,1,61711890,0.0001684378249,,24.36,1,0,1
B034,2023-07-30 21:00:00,0,617E2950,0,,38.31,1,0,1
B034,2023-07-30 21:00:00,1,61711890,0.0139894406,,24.32,1,0,1
B034,2023-07-30 22:00:00,0,617E2950,0,,38.31,1,0,1
B034,2023-07-30 22:00:00,1,61711890,0,,24.34,1,0,1
B034,2023-07-30 23:00:00,0,617E2950,0,,38.3,1,0,1
B034,2023-07-30 23:00:00,1,61711890,0,,24.36,1,0,1
B034,2023-07-31 00:00:00,0,617E2950,0,,,1,0,0
B034,2023-07-31 00:00:00,1,61711890,0,,24.35,1,0,1
B034,2023-07-31 01:00:00,0,617E2950,0,,38.3,1,0,1
B034,2023-07-31 01:00:00,1,61711890,0,,24.34,1,0,1
B034,2023-07-31 02:00:00,0,617E2950,0,,38.3,1,0,1
B034,2023-07-31 02:00:00,1,61711890,0.0139894406,,24.35,1,0,1
B034,2023-07-31 03:00:00,0,617E2950,0,,38.3,1,0,1
B034,2023-07-31 03:00:00,1,61711890,0,,24.35,1,0,1
B034,2023-07-31 04:00:00,0,617E2950,0,,38.3,1,0,1
B034,2023-07-31 04:00:00,1,61711890,0.0139894406,,24.36,1,0,1
B034,2023-07-31 05:00:00,0,617E2950,0,,38.3,1,0,1
B034,2023-07-31 05:00:00,1,61711890,0,,24.35,1,0,1
B034,2023-07-31 06:00:00,0,617E2950,0,,38.3,1,0,1
B034,2023-07-31 06:00:00,1,61711890,0,,24.35,1,0,1
B034,2023-07-31 07:00:00,0,617E2950,0.1543994049,,38.27,1,0,1
B034,2023-07-31 07:00:00,1,61711890,0.8922510552,,24.35,1,0,1
B034,2023-07-31 08:00:00,0,617E2950,0,,38.24,1,0,1
B034,2023-07-31 08:00:00,1,61711890,0.0139894406,,24.35,1,0,1
B034,2023-07-31 09:00:00,0,617E2950,0,,38.22,1,0,1
B034,2023-07-31 09:00:00,1,61711890,0,,24.34,1,0,1
B034,2023-07-31 10:00:00,0,617E2950,0,,38.2,1,0,1
B034,2023-07-31 10:00:00,1,61711890,0,,24.34,1,0,1
B034,2023-07-31 11:00:00,0,617E2950,0,,38.19,1,0,1
B034,2023-07-31 11:00:00,1,61711890,0,,24.34,1,0,1
B034,2023-07-31 12:00:00,0,617E2950,0,,38.19,1,0,1
B034,2023-07-31 12:00:00,1,61711890,0,,24.34,1,0,1
B034,2023-07-31 13:00:00,0,617E2950,0,,38.19,1,0,1
B034,2023-07-31 13:00:00,1,61711890,0.0139894406,,24.34,1,0,1
B034,2023-07-31 14:00:00,0,617E2950,0,,38.19,1,0,1
B034,2023-07-31 14:00:00,1,61711890,0,,24.34,1,0,1
B034,2023-07-31 15:00:00,0,617E2950,0,,38.19,1,0,1
B034,2023-07-31 15:00:00,1,61711890,0,,24.33,1,0,1
B034,2023-07-31 16:00:00,0,617E2950,0,,38.19,1,0,1
B034,2023-07-31 16:00:00,1,61711890,0,,24.34,1,0,1
B034,2023-07-31 17:00:00,0,617E2950,0,,38.19,1,0,1
B034,2023-07-31 17:00:00,1,61711890,0,,24.34,1,0,1
B034,2023-07-31 18:00:00,0,617E2950,0,,38.19,1,0,1
B034,2023-07-31 18:00:00,1,61711890,0,,24.34,1,0,1
B034,2023-07-31 19:00:00,0,617E2950,0,,38.19,1,0,1
B034,2023-07-31 19:00:00,1,61711890,0,,24.34,1,0,1
B034,2023-07-31 20:00:00,0,617E2950,0,,38.19,1,0,1
B034,2023-07-31 20:00:00,1,61711890,0.0139894406,,24.34,1,0,1
B034,2023-07-31 21:00:00,0,617E2950,0,,38.19,1,0,1
B034,2023-07-31 21:00:00,1,61711890,0,,24.34,1,0,1
B034,2023-07-31 22:00:00,0,617E2950,0,,38.19,1,0,1
B034,2023-07-31 22:00:00,1,61711890,0,,24.34,1,0,1
B034,2023-07-31 23:00:00,0,617E2950,0,,38.19,1,0,1
B034,2023-07-31 23:00:00,1,61711890,0,,24.34,1,0,1
B034,2023-08-01 00:00:00,0,617E2950,0,,38.19,1,0,1
B034,2023-08-01 00:00:00,1,61711890,0,,24.34,1,0,1
B034,2023-08-01 01:00:00,0,617E2950,0,,38.19,1,0,1
B034,2023-08-01 01:00:00,1,61711890,0.0139894406,,24.34,1,0,1
B034,2023-08-01 02:00:00,0,617E2950,0,,38.19,1,0,1
B034,2023-08-01 02:00:00,1,61711890,0,,24.34,1,0,1
B034,2023-08-01 03:00:00,0,617E2950,0,,38.18,1,0,1
B034,2023-08-01 03:00:00,1,61711890,0,,24.34,1,0,1
B034,2023-08-01 04:00:00,0,617E2950,0,,38.18,1,0,1
B034,2023-08-01 04:00:00,1,61711890,0,,24.34,1,0,1
B034,2023-08-01 05:00:00,0,617E2950,0,,38.18,1,0,1
B034,2023-08-01 05:00:00,1,61711890,0,,24.34,1,0,1
B034,2023-08-01 06:00:00,0,617E2950,0,,38.18,1,0,1
B034,2023-08-01 06:00:00,1,61711890,0,,24.34,1,0,1
B034,2023-08-01 07:00:00,0,617E2950,0,,38.18,1,0,1
B034,2023-08-01 07:00:00,1,61711890,0,,24.34,1,0,1
B034,2023-08-01 08:00:00,0,617E2950,0,,38.18,1,0,1
B034,2023-08-01 08:00:00,1,61711890,0,,24.34,1,0,1
B034,2023-08-01 09:00:00,0,617E2950,0,,38.19,1,0,1
B034,2023-08-01 09:00:00,1,61711890,0,,24.35,1,0,1
B034,2023-08-01 10:00:00,0,617E2950,1.885522247,,38.24,1,0,1
B034,2023-08-01 10:00:00,1,61711890,1.698860988,,24.34,1,0,1
B034,2023-08-01 11:00:00,0,617E2950,3.489505527,,38.3,1,0,1
B034,2023-08-01 11:00:00,1,61711890,2.423479573,,24.34,1,0,1
B034,2023-08-01 12:00:00,0,617E2950,0.09378009509,,38.76,1,0,1
B034,2023-08-01 12:00:00,1,61711890,0.1492828971,,24.36,1,0,1
B034,2023-08-01 13:00:00,0,617E2950,0.07628253439,,38.42,1,0,1
B034,2023-08-01 13:00:00,1,61711890,0.0564341892,,24.31,1,0,1
B034,2023-08-01 14:00:00,0,617E2950,0.008051804476,,38.15,1,0,1
B034,2023-08-01 14:00:00,1,61711890,0.02449197205,,24.9,1,0,1
B034,2023-08-01 15:00:00,0,617E2950,0,,38,1,0,1
B034,2023-08-01 15:00:00,1,61711890,0,,24.95,1,0,1
B034,2023-08-01 16:00:00,0,617E2950,0,,37.93,1,0,1
B034,2023-08-01 16:00:00,1,61711890,0.0139894406,,24.85,1,0,1
B034,2023-08-01 17:00:00,0,617E2950,0,,37.87,1,0,1
B034,2023-08-01 17:00:00,1,61711890,0.001249919391,,24.8,1,0,1
B034,2023-08-01 18:00:00,0,617E2950,0,,37.82,1,0,1
B034,2023-08-01 18:00:00,1,61711890,0,,24.77,1,0,1
B034,2023-08-01 19:00:00,0,617E2950,0,,37.92,1,0,1
B034,2023-08-01 19:00:00,1,61711890,0,,24.71,1,0,1
B034,2023-08-01 20:00:00,0,617E2950,0,,38.25,1,0,1
B034,2023-08-01 20:00:00,1,61711890,0,,24.59,1,0,1
B034,2023-08-01 21:00:00,0,617E2950,0,,38.46,1,0,1
B034,2023-08-01 21:00:00,1,61711890,0.0139894406,,24.52,1,0,1
B034,2023-08-01 22:00:00,0,617E2950,0,,38.53,1,0,1
B034,2023-08-01 22:00:00,1,61711890,0,,24.52,1,0,1
B034,2023-08-01 23:00:00,0,617E2950,0,,38.47,1,0,1
B034,2023-08-01 23:00:00,1,61711890,0,,24.58,1,0,1
B034,2023-08-02 00:00:00,0,617E2950,0,,38.44,1,0,1
B034,2023-08-02 00:00:00,1,61711890,0,,24.59,1,0,1
B034,2023-08-02 01:00:00,0,617E2950,0,,38.42,1,0,1
B034,2023-08-02 01:00:00,1,61711890,0,,24.57,1,0,1
B034,2023-08-02 02:00:00,0,617E2950,0,,38.4,1,0,1
B034,2023-08-02 02:00:00,1,61711890,0,,24.55,1,0,1
B034,2023-08-02 03:00:00,0,617E2950,0,,38.39,1,0,1
B034,2023-08-02 03:00:00,1,61711890,0.0139894406,,24.54,1,0,1
B034,2023-08-02 04:00:00,0,617E2950,0,,38.37,1,0,1
B034,2023-08-02 04:00:00,1,61711890,0,,24.54,1,0,1
B034,2023-08-02 05:00:00,0,617E2950,0,,38.36,1,0,1
B034,2023-08-02 05:00:00,1,61711890,0.0139894406,,24.54,1,0,1
B034,2023-08-02 06:00:00,0,617E2950,0,,38.35,1,0,1
B034,2023-08-02 06:00:00,1,61711890,0,,24.53,1,0,1
B034,2023-08-02 07:00:00,0,617E2950,4.45932997,,,1,0,0
B034,2023-08-02 07:00:00,1,61711890,3.809781072,,24.53,1,0,1
B034,2023-08-02 08:00:00,0,617E2950,0,,38.32,1,0,1
B034,2023-08-02 08:00:00,1,61711890,0.0139894406,,24.53,1,0,1
B034,2023-08-02 09:00:00,0,617E2950,0,,38.33,1,0,1
B034,2023-08-02 09:00:00,1,61711890,0,,24.53,1,0,1
B034,2023-08-02 10:00:00,0,617E2950,0,,38.34,1,0,1
B034,2023-08-02 10:00:00,1,61711890,0.0139894406,,24.53,1,0,1
B034,2023-08-02 11:00:00,0,617E2950,0.01518644089,,38.2,1,0,1
B034,2023-08-02 11:00:00,1,61711890,0.007662231919,,24.53,1,0,1
B034,2023-08-02 12:00:00,0,617E2950,0.9449711233,,38.12,1,0,1
B034,2023-08-02 12:00:00,1,61711890,0.4917730894,,24.53,1,0,1
B034,2023-08-02 13:00:00,0,617E2950,0.02083707111,,38.14,1,0,1
B034,2023-08-02 13:00:00,1,61711890,0.6064506372,,24.55,1,0,1
B034,2023-08-02 14:00:00,0,617E2950,0,,38.2,1,0,1
B034,2023-08-02 14:00:00,1,61711890,0,,24.53,1,0,1
B034,2023-08-02 15:00:00,0,617E2950,0,,38.22,1,0,1
B034,2023-08-02 15:00:00,1,61711890,0.0139894406,,24.5,1,0,1
B034,2023-08-02 16:00:00,0,617E2950,0,,38.22,1,0,1
B034,2023-08-02 16:00:00,1,61711890,0.0120775482,,24.53,1,0,1
B034,2023-08-02 17:00:00,0,617E2950,0,,,1,0,0
B034,2023-08-02 17:00:00,1,61711890,0,,24.53,1,0,1
B034,2023-08-02 18:00:00,0,617E2950,0.02818131567,,38.23,1,0,1
B034,2023-08-02 18:00:00,1,61711890,0.001179064775,,24.51,1,0,1
B034,2023-08-02 19:00:00,0,617E2950,0,,38.23,1,0,1
B034,2023-08-02 19:00:00,1,61711890,0,,24.51,1,0,1
B034,2023-08-02 20:00:00,0,617E2950,0,,38.23,1,0,1
B034,2023-08-02 20:00:00,1,61711890,0.0139894406,,24.5,1,0,1
B034,2023-08-02 21:00:00,0,617E2950,0,,38.23,1,0,1
B034,2023-08-02 21:00:00,1,61711890,0,,24.49,1,0,1
B034,2023-08-02 22:00:00,0,617E2950,0,,,1,0,0
B034,2023-08-02 22:00:00,1,61711890,0.0139894406,,24.5,1,0,1
B034,2023-08-02 23:00:00,0,617E2950,0,,38.23,1,0,1
B034,2023-08-02 23:00:00,1,61711890,0,,24.49,1,0,1
B034,2023-08-03 00:00:00,0,617E2950,0,,38.23,1,0,1
B034,2023-08-03 00:00:00,1,61711890,0,,24.49,1,0,1
B034,2023-08-03 01:00:00,0,617E2950,0,,38.23,1,0,1
B034,2023-08-03 01:00:00,1,61711890,0,,24.48,1,0,1
B034,2023-08-03 02:00:00,0,617E2950,0,,38.22,1,0,1
B034,2023-08-03 02:00:00,1,61711890,0.0139894406,,24.48,1,0,1
B034,2023-08-10 14:00:00,0,617E2950,0,,38.12,1,0,1
B034,2023-08-10 14:00:00,1,61711890,0,,23.33,1,0,1
B034,2023-08-10 15:00:00,0,617E2950,0,,38.12,1,0,1
B034,2023-08-10 15:00:00,1,61711890,0,,23.33,1,0,1
B034,2023-08-10 16:00:00,0,617E2950,0,,38.12,1,0,1
B034,2023-08-10 16:00:00,1,61711890,0,,23.34,1,0,1
B034,2023-08-10 17:00:00,0,617E2950,0,,38.13,1,0,1
B034,2023-08-10 17:00:00,1,61711890,0,,23.33,1,0,1
B034,2023-08-10 18:00:00,0,617E2950,0,,38.13,1,0,1
B034,2023-08-10 18:00:00,1,61711890,0,,23.33,1,0,1
B034,2023-08-10 19:00:00,0,617E2950,0,,38.12,1,0,1
B034,2023-08-10 19:00:00,1,61711890,0,,23.3,1,0,1
B034,2023-08-10 20:00:00,0,617E2950,0,,38.12,1,0,1
B034,2023-08-10 20:00:00,1,61711890,0,,23.3,1,0,1
B034,2023-08-10 21:00:00,0,617E2950,0,,38.12,1,0,1
B034,2023-08-10 21:00:00,1,61711890,0,,23.29,1,0,1
B034,2023-08-10 22:00:00,0,617E2950,0,,38.12,1,0,1
B034,2023-08-10 22:00:00,1,61711890,0,,23.28,1,0,1
B034,2023-08-10 23:00:00,0,617E2950,0,,38.12,1,0,1
B034,2023-08-10 23:00:00,1,61711890,0,,23.27,1,0,1
B034,2023-08-11 00:00:00,0,617E2950,0,,38.12,1,0,1
B034,2023-08-11 00:00:00,1,61711890,0,,23.27,1,0,1
B034,2023-08-11 01:00:00,0,617E2950,0,,38.12,1,0,1
B034,2023-08-11 01:00:00,1,61711890,0,,23.26,1,0,1
B034,2023-08-11 02:00:00,0,617E2950,0,,38.12,1,0,1
B034,2023-08-11 02:00:00,1,61711890,0,,23.25,1,0,1
B034,2023-08-11 03:00:00,0,617E2950,0,,38.12,1,0,1
B034,2023-08-11 03:00:00,1,61711890,0,,23.25,1,0,1
B034,2023-08-11 04:00:00,0,617E2950,0,,38.12,1,0,1
B034,2023-08-11 04:00:00,1,61711890,0,,23.24,1,0,1
B034,2023-08-11 05:00:00,0,617E2950,0,,38.12,1,0,1
B034,2023-08-11 05:00:00,1,61711890,0,,23.24,1,0,1
B034,2023-08-11 06:00:00,0,617E2950,0,,38.12,1,0,1
B034,2023-08-11 06:00:00,1,61711890,0,,23.23,1,0,1
B034,2023-08-11 07:00:00,0,617E2950,0,,38.12,1,0,1
B034,2023-08-11 07:00:00,1,61711890,0,,23.22,1,0,1
B034,2023-08-11 08:00:00,0,617E2950,0,,38.11,1,0,1
B034,2023-08-11 08:00:00,1,61711890,0,,23.22,1,0,1
B034,2023-08-11 09:00:00,0,617E2950,0,,38.11,1,0,1
B034,2023-08-11 09:00:00,1,61711890,0,,23.21,1,0,1
B034,2023-08-11 10:00:00,0,617E2950,0,,38.11,1,0,1
B034,2023-08-11 10:00:00,1,61711890,0,,23.21,1,0,1
B034,2023-08-11 11:00:00,0,617E2950,0,,38.11,1,0,1
B034,2023-08-11 11:00:00,1,61711890,0,,23.22,1,0,1
B034,2023-08-11 12:00:00,0,617E2950,0,,38.11,1,0,1
B034,2023-08-11 12:00:00,1,61711890,0,,23.22,1,0,1
B034,2023-08-11 13:00:00,0,617E2950,0,,38.11,1,0,1
B034,2023-08-11 13:00:00,1,61711890,0,,23.22,1,0,1
B034,2023-08-11 14:00:00,0,617E2950,0,,38.11,1,0,1
B034,2023-08-11 14:00:00,1,61711890,0,,23.22,1,0,1
B034,2023-08-11 15:00:00,0,617E2950,0,,38.1,1,0,1
B034,2023-08-11 15:00:00,1,61711890,0,,23.22,1,0,1
B034,2023-08-11 16:00:00,0,617E2950,0,,38.1,1,0,1
B034,2023-08-11 16:00:00,1,61711890,0,,23.22,1,0,1
B034,2023-08-11 17:00:00,0,617E2950,0,,38.1,1,0,1
B034,2023-08-11 17:00:00,1,61711890,0,,23.22,1,0,1
B034,2023-08-11 18:00:00,0,617E2950,0,,38.1,1,0,1
B034,2023-08-11 18:00:00,1,61711890,0,,23.22,1,0,1
B034,2023-08-11 19:00:00,0,617E2950,0,,38.1,1,0,1
B034,2023-08-11 19:00:00,1,61711890,0,,23.22,1,0,1
B034,2023-08-11 20:00:00,0,617E2950,0,,38.1,1,0,1
B034,2023-08-11 20:00:00,1,61711890,0,,23.22,1,0,1
B034,2023-08-11 21:00:00,0,617E2950,0,,38.1,1,0,1
B034,2023-08-11 21:00:00,1,61711890,0,,23.22,1,0,1
B034,2023-08-11 22:00:00,0,617E2950,0,,38.1,1,0,1
B034,2023-08-11 22:00:00,1,61711890,0,,23.21,1,0,1
B034,2023-08-11 23:00:00,0,617E2950,0,,38.1,1,0,1
B034,2023-08-11 23:00:00,1,61711890,0,,23.21,1,0,1
B034,2023-08-12 00:00:00,0,617E2950,0,,38.1,1,0,1
B034,2023-08-12 00:00:00,1,61711890,0,,23.21,1,0,1
B034,2023-08-12 01:00:00,0,617E2950,0,,38.09,1,0,1
B034,2023-08-12 01:00:00,1,61711890,0,,23.21,1,0,1
B034,2023-08-12 02:00:00,0,617E2950,0,,38.09,1,0,1
B034,2023-08-12 02:00:00,1,61711890,0,,23.22,1,0,1
B034,2023-08-12 03:00:00,0,617E2950,0,,38.09,1,0,1
B034,2023-08-12 03:00:00,1,61711890,0,,23.21,1,0,1
B034,2023-08-12 04:00:00,0,617E2950,0,,38.09,1,0,1
B034,2023-08-12 04:00:00,1,61711890,0,,23.21,1,0,1
B034,2023-08-12 05:00:00,0,617E2950,0,,38.09,1,0,1
B034,2023-08-12 05:00:00,1,61711890,0,,23.21,1,0,1
B034,2023-08-12 06:00:00,0,617E2950,0,,38.09,1,0,1
B034,2023-08-12 06:00:00,1,61711890,0,,23.21,1,0,1
B034,2023-08-12 07:00:00,0,617E2950,0,,38.09,1,0,1
B034,2023-08-12 07:00:00,1,61711890,0,,23.21,1,0,1
B034,2023-08-12 08:00:00,0,617E2950,0,,38.09,1,0,1
B034,2023-08-12 08:00:00,1,61711890,0,,23.21,1,0,1
B034,2023-08-12 09:00:00,0,617E2950,0,,38.09,1,0,1
B034,2023-08-12 09:00:00,1,61711890,0,,23.21,1,0,1
B034,2023-08-12 10:00:00,0,617E2950,0,,38.09,1,0,1
B034,2023-08-12 10:00:00,1,61711890,0,,23.21,1,0,1
B034,2023-08-12 11:00:00,0,617E2950,0,,38.09,1,0,1
B034,2023-08-12 11:00:00,1,61711890,0,,23.21,1,0,1
B034,2023-08-12 12:00:00,0,617E2950,0,,38.09,1,0,1
B034,2023-08-12 12:00:00,1,61711890,0,,23.22,1,0,1
B034,2023-08-12 13:00:00,0,617E2950,0,,,1,0,0
B034,2023-08-12 13:00:00,1,61711890,0,,,1,0,0
B034,2023-08-12 14:00:00,0,617E2950,0.03362233775,,38.09,1,0,1
B034,2023-08-12 14:00:00,1,61711890,0.03052027201,,23.22,1,0,1
B034,2023-08-12 15:00:00,0,617E2950,0,,38.09,1,0,1
B034,2023-08-12 15:00:00,1,61711890,0,,23.21,1,0,1
B034,2023-08-12 16:00:00,0,617E2950,0,,38.09,1,0,1
B034,2023-08-12 16:00:00,1,61711890,0,,23.22,1,0,1
B034,2023-08-12 17:00:00,0,617E2950,0,,38.09,1,0,1
B034,2023-08-12 17:00:00,1,61711890,0,,23.22,1,0,1
B034,2023-08-12 18:00:00,0,617E2950,0,,38.09,1,0,1
B034,2023-08-12 18:00:00,1,61711890,0,,23.21,1,0,1
B034,2023-08-12 19:00:00,0,617E2950,0,,38.09,1,0,1
B034,2023-08-12 19:00:00,1,61711890,0.7971181811,,23.21,1,0,1
B034,2023-08-12 20:00:00,0,617E2950,0.2420033728,,38.09,1,0,1
B034,2023-08-12 20:00:00,1,61711890,0.0120775482,,23.21,1,0,1
B034,2023-08-12 21:00:00,0,617E2950,0.1122717826,,38.09,1,0,1
B034,2023-08-12 21:00:00,1,61711890,0.0005053134748,,23.2,1,0,1
B034,2023-08-12 22:00:00,0,617E2950,0,,38.08,1,0,1
B034,2023-08-12 22:00:00,1,61711890,0,,23.16,1,0,1
B034,2023-08-12 23:00:00,0,617E2950,0,,38.08,1,0,1
B034,2023-08-12 23:00:00,1,61711890,0,,23.27,1,0,1
B034,2023-08-13 00:00:00,0,617E2950,0,,38.08,1,0,1
B034,2023-08-13 00:00:00,1,61711890,0,,23.19,1,0,1
B034,2023-08-13 01:00:00,0,617E2950,0,,38.08,1,0,1
B034,2023-08-13 01:00:00,1,61711890,0,,23.19,1,0,1
B034,2023-08-13 02:00:00,0,617E2950,0,,38.08,1,0,1
B034,2023-08-13 02:00:00,1,61711890,0,,23.22,1,0,1
B034,2023-08-13 03:00:00,0,617E2950,0,,38.08,1,0,1
B034,2023-08-13 03:00:00,1,61711890,0,,23.21,1,0,1
B034,2023-08-13 04:00:00,0,617E2950,0.5618983131,,38.08,1,0,1
B034,2023-08-13 04:00:00,1,61711890,0.283502581,,23.22,1,0,1
B034,2023-08-13 05:00:00,0,617E2950,1.688663838,,38.07,1,0,1
B034,2023-08-13 05:00:00,1,61711890,1.034294852,,23.2,1,0,1
B034,2023-08-13 06:00:00,0,617E2950,3.532093795,,38.07,1,0,1
B034,2023-08-13 06:00:00,1,61711890,1.904610016,,23.2,1,0,1
B034,2023-08-13 07:00:00,0,617E2950,2.084150684,,38.35,1,0,1
B034,2023-08-13 07:00:00,1,61711890,2.291648528,,23.22,1,0,1
B034,2023-08-13 08:00:00,0,617E2950,0.0171225619,,37.97,1,0,1
B034,2023-08-13 08:00:00,1,61711890,0.002499838783,,23.21,1,0,1
B034,2023-08-13 09:00:00,0,617E2950,0,,37.77,1,0,1
B034,2023-08-13 09:00:00,1,61711890,0.5917998617,,23.2,1,0,1
B034,2023-08-13 10:00:00,0,617E2950,0,,37.77,1,0,1
B034,2023-08-13 10:00:00,1,61711890,0.1216154555,,23.83,1,0,1
B034,2023-08-13 11:00:00,0,617E2950,0.01518644089,,37.89,1,0,1
B034,2023-08-13 11:00:00,1,61711890,0.007662231919,,23.75,1,0,1
B034,2023-08-13 12:00:00,0,617E2950,0,,38,1,0,1
B034,2023-08-13 12:00:00,1,61711890,0,,23.54,1,0,1
B034,2023-08-13 13:00:00,0,617E2950,0,,38.09,1,0,1
B034,2023-08-13 13:00:00,1,61711890,0,,23.4,1,0,1
B034,2023-08-13 14:00:00,0,617E2950,0,,38.15,1,0,1
B034,2023-08-13 14:00:00,1,61711890,0,,23.3,1,0,1
B034,2023-08-13 15:00:00,0,617E2950,0,,38.19,1,0,1
B034,2023-08-13 15:00:00,1,61711890,0,,23.29,1,0,1
B034,2023-08-13 16:00:00,0,617E2950,0,,38.19,1,0,1
B034,2023-08-13 16:00:00,1,61711890,0,,23.27,1,0,1
B034,2023-08-13 17:00:00,0,617E2950,0,,38.16,1,0,1
B034,2023-08-13 17:00:00,1,61711890,0,,23.28,1,0,1
B034,2023-08-13 18:00:00,0,617E2950,0,,38.15,1,0,1
B034,2023-08-13 18:00:00,1,61711890,0,,23.27,1,0,1
B034,2023-08-13 19:00:00,0,617E2950,0,,38.15,1,0,1
B034,2023-08-13 19:00:00,1,61711890,0,,23.27,1,0,1
B034,2023-08-13 20:00:00,0,617E2950,0,,38.17,1,0,1
B034,2023-08-13 20:00:00,1,61711890,0,,23.28,1,0,1
B034,2023-08-13 21:00:00,0,617E2950,0,,38.19,1,0,1
B034,2023-08-13 21:00:00,1,61711890,0,,23.28,1,0,1
B034,2023-08-13 22:00:00,0,617E2950,0,,38.2,1,0,1
B034,2023-08-13 22:00:00,1,61711890,0,,23.26,1,0,1
B034,2023-08-13 23:00:00,0,617E2950,0,,38.21,1,0,1
B034,2023-08-13 23:00:00,1,61711890,0,,23.27,1,0,1
B034,2023-08-14 00:00:00,0,617E2950,0,,38.21,1,0,1
B034,2023-08-14 00:00:00,1,61711890,0,,23.25,1,0,1
B034,2023-08-14 01:00:00,0,617E2950,0,,38.21,1,0,1
B034,2023-08-14 01:00:00,1,61711890,0,,23.27,1,0,1
B034,2023-08-14 02:00:00,0,617E2950,0,,38.21,1,0,1
B034,2023-08-14 02:00:00,1,61711890,0,,23.27,1,0,1
B034,2023-08-14 03:00:00,0,617E2950,0,,38.2,1,0,1
B034,2023-08-14 03:00:00,1,61711890,0,,23.27,1,0,1
B034,2023-08-14 04:00:00,0,617E2950,0,,38.2,1,0,1
B034,2023-08-14 04:00:00,1,61711890,0,,23.27,1,0,1
B034,2023-08-14 05:00:00,0,617E2950,0,,38.2,1,0,1
B034,2023-08-14 05:00:00,1,61711890,0,,23.27,1,0,1
B034,2023-08-14 06:00:00,0,617E2950,0,,38.19,1,0,1
B034,2023-08-14 06:00:00,1,61711890,0,,23.27,1,0,1
B034,2023-08-14 07:00:00,0,617E2950,0,,38.19,1,0,1
B034,2023-08-14 07:00:00,1,61711890,0.7150751825,,23.27,1,0,1
B034,2023-08-14 08:00:00,0,617E2950,0.07593220447,,38.19,1,0,1
B034,2023-08-14 08:00:00,1,61711890,0.0383111596,,23.27,1,0,1
B034,2023-08-14 09:00:00,0,617E2950,0,,38.18,1,0,1
B034,2023-08-14 09:00:00,1,61711890,0,,23.27,1,0,1
B034,2023-08-14 10:00:00,0,617E2950,0.02479182191,,38.18,1,0,1
B034,2023-08-14 10:00:00,1,61711890,0.0241550964,,23.27,1,0,1
B034,2023-08-14 11:00:00,0,617E2950,0.06770207087,,38.17,1,0,1
B034,2023-08-14 11:00:00,1,61711890,0.3477258113,,23.27,1,0,1
B034,2023-08-14 12:00:00,0,617E2950,0.2450263638,,38.17,1,0,1
B034,2023-08-14 12:00:00,1,61711890,0.1239580698,,23.28,1,0,1
B034,2023-08-14 13:00:00,0,617E2950,0,,38.17,1,0,1
B034,2023-08-14 13:00:00,1,61711890,0.1570081266,,23.26,1,0,1
B034,2023-08-14 14:00:00,0,617E2950,0,,38.16,1,0,1
B034,2023-08-14 14:00:00,1,61711890,0,,23.27,1,0,1
B034,2023-08-14 15:00:00,0,617E2950,0,,38.16,1,0,1
B034,2023-08-14 15:00:00,1,61711890,0.04933095803,,23.27,1,0,1
B034,2023-08-14 16:00:00,0,617E2950,0,,38.16,1,0,1
B034,2023-08-14 16:00:00,1,61711890,0.005039841292,,23.29,1,0,1
B034,2023-08-14 17:00:00,0,617E2950,0,,38.16,1,0,1
B034,2023-08-14 17:00:00,1,61711890,0,,23.37,1,0,1
B034,2023-08-14 18:00:00,0,617E2950,0,,38.15,1,0,1
B034,2023-08-14 18:00:00,1,61711890,0,,23.38,1,0,1
B034,2023-08-14 19:00:00,0,617E2950,0,,38.15,1,0,1
B034,2023-08-14 19:00:00,1,61711890,0,,23.35,1,0,1
B034,2023-08-14 20:00:00,0,617E2950,0,,38.15,1,0,1
B034,2023-08-14 20:00:00,1,61711890,0,,23.32,1,0,1
B034,2023-08-14 21:00:00,0,617E2950,0,,38.15,1,0,1
B034,2023-08-14 21:00:00,1,61711890,0,,23.3,1,0,1
B034,2023-08-14 22:00:00,0,617E2950,0,,38.15,1,0,1
B034,2023-08-14 22:00:00,1,61711890,0,,23.3,1,0,1
B034,2023-08-14 23:00:00,0,617E2950,0,,38.15,1,0,1
B034,2023-08-14 23:00:00,1,61711890,0,,23.29,1,0,1
B034,2023-08-15 00:00:00,0,617E2950,0,,38.15,1,0,1
B034,2023-08-15 00:00:00,1,61711890,0,,23.29,1,0,1
B034,2023-08-15 01:00:00,0,617E2950,0,,38.15,1,0,1
B034,2023-08-15 01:00:00,1,61711890,0,,23.29,1,0,1
B034,2023-08-15 02:00:00,0,617E2950,0,,38.15,1,0,1
B034,2023-08-15 02:00:00,1,61711890,0,,23.28,1,0,1
B034,2023-08-15 03:00:00,0,617E2950,0,,38.15,1,0,1
B034,2023-08-15 03:00:00,1,61711890,0,,23.29,1,0,1
B034,2023-08-15 04:00:00,0,617E2950,0,,38.15,1,0,1
B034,2023-08-15 04:00:00,1,61711890,0,,23.28,1,0,1
B034,2023-08-15 05:00:00,0,617E2950,0,,38.15,1,0,1
B034,2023-08-15 05:00:00,1,61711890,0,,23.28,1,0,1
B034,2023-08-15 06:00:00,0,617E2950,0,,38.15,1,0,1
B034,2023-08-15 06:00:00,1,61711890,0,,23.27,1,0,1
B034,2023-08-15 07:00:00,0,617E2950,0.03362233775,,38.15,1,0,1
B034,2023-08-15 07:00:00,1,61711890,0.6528471041,,23.27,1,0,1
B034,2023-08-15 08:00:00,0,617E2950,0,,38.15,1,0,1
B034,2023-08-15 08:00:00,1,61711890,0,,23.25,1,0,1
B034,2023-08-15 09:00:00,0,617E2950,0,,38.15,1,0,1
B034,2023-08-15 09:00:00,1,61711890,0,,23.26,1,0,1
B034,2023-08-15 10:00:00,0,617E2950,0.3868877559,,38.15,1,0,1
B034,2023-08-15 10:00:00,1,61711890,0,,23.25,1,0,1
B034,2023-08-15 11:00:00,0,617E2950,0.149073879,,38.15,1,0,1
B034,2023-08-15 11:00:00,1,61711890,0.08294952788,,23.25,1,0,1
B034,2023-08-15 12:00:00,0,617E2950,0,,38.14,1,0,1
B034,2023-08-15 12:00:00,1,61711890,0.03220554976,,23.24,1,0,1
B034,2023-08-19 01:00:00,0,617E2950,0,,38.07,1,0,1
B034,2023-08-19 01:00:00,1,61711890,0,,23.22,1,0,1
B034,2023-08-19 02:00:00,0,617E2950,0,,38.07,1,0,1
B034,2023-08-19 02:00:00,1,61711890,0,,23.22,1,0,1
B034,2023-08-19 03:00:00,0,617E2950,0,,38.07,1,0,1
B034,2023-08-19 03:00:00,1,61711890,0,,23.22,1,0,1
B034,2023-08-19 04:00:00,0,617E2950,0,,38.07,1,0,1
B034,2023-08-19 04:00:00,1,61711890,0,,23.22,1,0,1
B034,2023-08-19 05:00:00,0,617E2950,0,,38.07,1,0,1
B034,2023-08-19 05:00:00,1,61711890,0,,23.22,1,0,1
B034,2023-08-19 06:00:00,0,617E2950,0,,38.07,1,0,1
B034,2023-08-19 06:00:00,1,61711890,0,,23.22,1,0,1
B034,2023-08-19 07:00:00,0,617E2950,0,,38.07,1,0,1
B034,2023-08-19 07:00:00,1,61711890,0,,23.22,1,0,1
B034,2023-08-19 08:00:00,0,617E2950,0,,38.06,1,0,1
B034,2023-08-19 08:00:00,1,61711890,0,,23.22,1,0,1
B034,2023-08-19 09:00:00,0,617E2950,0,,38.06,1,0,1
B034,2023-08-19 09:00:00,1,61711890,0,,23.22,1,0,1
B034,2023-08-19 10:00:00,0,617E2950,0,,38.06,1,0,1
B034,2023-08-19 10:00:00,1,61711890,0,,23.22,1,0,1
B034,2023-08-19 11:00:00,0,617E2950,0,,38.06,1,0,1
B034,2023-08-19 11:00:00,1,61711890,0,,23.23,1,0,1
B034,2023-08-19 12:00:00,0,617E2950,0,,38.06,1,0,1
B034,2023-08-19 12:00:00,1,61711890,0,,23.23,1,0,1
B034,2023-08-19 13:00:00,0,617E2950,0,,38.06,1,0,1
B034,2023-08-19 13:00:00,1,61711890,0,,23.22,1,0,1
B034,2023-08-19 14:00:00,0,617E2950,0,,38.06,1,0,1
B034,2023-08-19 14:00:00,1,61711890,0,,23.23,1,0,1
B034,2023-08-19 15:00:00,0,617E2950,0,,38.06,1,0,1
B034,2023-08-19 15:00:00,1,61711890,0,,23.23,1,0,1
B034,2023-08-19 16:00:00,0,617E2950,0,,38.06,1,0,1
B034,2023-08-19 16:00:00,1,61711890,0,,23.24,1,0,1
B034,2023-08-19 17:00:00,0,617E2950,0,,38.06,1,0,1
B034,2023-08-19 17:00:00,1,61711890,0,,23.24,1,0,1
B034,2023-08-19 18:00:00,0,617E2950,0,,38.05,1,0,1
B034,2023-08-19 18:00:00,1,61711890,0,,23.23,1,0,1
B034,2023-08-19 19:00:00,0,617E2950,0,,38.05,1,0,1
B034,2023-08-19 19:00:00,1,61711890,0,,23.23,1,0,1
B034,2023-08-19 20:00:00,0,617E2950,0,,38.05,1,0,1
B034,2023-08-19 20:00:00,1,61711890,0,,23.21,1,0,1
B034,2023-08-19 21:00:00,0,617E2950,0,,38.05,1,0,1
B034,2023-08-19 21:00:00,1,61711890,0,,23.22,1,0,1
B034,2023-08-19 22:00:00,0,617E2950,0,,38.05,1,0,1
B034,2023-08-19 22:00:00,1,61711890,0,,23.21,1,0,1
B034,2023-08-19 23:00:00,0,617E2950,0,,38.05,1,0,1
B034,2023-08-19 23:00:00,1,61711890,0,,23.21,1,0,1
B034,2023-08-20 00:00:00,0,617E2950,0,,38.05,1,0,1
B034,2023-08-20 00:00:00,1,61711890,0,,23.22,1,0,1
B034,2023-08-20 01:00:00,0,617E2950,0,,38.05,1,0,1
B034,2023-08-20 01:00:00,1,61711890,0,,23.21,1,0,1
B034,2023-08-20 02:00:00,0,617E2950,0,,38.04,1,0,1
B034,2023-08-20 02:00:00,1,61711890,0,,23.21,1,0,1
B034,2023-08-20 03:00:00,0,617E2950,0,,38.04,1,0,1
B034,2023-08-20 03:00:00,1,61711890,0,,23.22,1,0,1
B034,2023-08-20 04:00:00,0,617E2950,0,,38.04,1,0,1
B034,2023-08-20 04:00:00,1,61711890,0,,23.21,1,0,1
B034,2023-08-20 05:00:00,0,617E2950,0,,38.04,1,0,1
B034,2023-08-20 05:00:00,1,61711890,0,,23.21,1,0,1
B034,2023-08-20 06:00:00,0,617E2950,0,,38.03,1,0,1
B034,2023-08-20 06:00:00,1,61711890,0,,23.21,1,0,1
B034,2023-08-20 07:00:00,0,617E2950,0,,38.03,1,0,1
B034,2023-08-20 07:00:00,1,61711890,0,,23.21,1,0,1
B034,2023-08-20 08:00:00,0,617E2950,0,,38.03,1,0,1
B034,2023-08-20 08:00:00,1,61711890,0,,23.21,1,0,1
B034,2023-08-20 09:00:00,0,617E2950,0,,38.03,1,0,1
B034,2023-08-20 09:00:00,1,61711890,0,,23.21,1,0,1
B034,2023-08-20 10:00:00,0,617E2950,0,,38.03,1,0,1
B034,2023-08-20 10:00:00,1,61711890,0,,23.22,1,0,1
B034,2023-08-20 11:00:00,0,617E2950,0,,38.03,1,0,1
B034,2023-08-20 11:00:00,1,61711890,0,,23.21,1,0,1
B034,2023-08-20 12:00:00,0,617E2950,0,,38.03,1,0,1
B034,2023-08-20 12:00:00,1,61711890,0,,23.22,1,0,1
B034,2023-08-20 13:00:00,0,617E2950,0,,38.03,1,0,1
B034,2023-08-20 13:00:00,1,61711890,0,,23.22,1,0,1
B034,2023-08-20 14:00:00,0,617E2950,0,,38.02,1,0,1
B034,2023-08-20 14:00:00,1,61711890,0,,23.21,1,0,1
B034,2023-08-20 15:00:00,0,617E2950,0,,38.02,1,0,1
B034,2023-08-20 15:00:00,1,61711890,0,,23.21,1,0,1
B034,2023-08-20 16:00:00,0,617E2950,0,,38.02,1,0,1
B034,2023-08-20 16:00:00,1,61711890,0,,23.21,1,0,1
B034,2023-08-20 17:00:00,0,617E2950,0,,38.02,1,0,1
B034,2023-08-20 17:00:00,1,61711890,0,,23.21,1,0,1
B034,2023-08-20 18:00:00,0,617E2950,0,,38.02,1,0,1
B034,2023-08-20 18:00:00,1,61711890,0,,23.21,1,0,1
B034,2023-08-20 19:00:00,0,617E2950,0,,38.02,1,0,1
B034,2023-08-20 19:00:00,1,61711890,0,,23.21,1,0,1
B034,2023-08-20 20:00:00,0,617E2950,0,,38.02,1,0,1
B034,2023-08-20 20:00:00,1,61711890,0,,23.2,1,0,1
B034,2023-08-20 21:00:00,0,617E2950,0,,38.02,1,0,1
B034,2023-08-20 21:00:00,1,61711890,0,,23.21,1,0,1
B034,2023-08-20 22:00:00,0,617E2950,0,,38.02,1,0,1
B034,2023-08-20 22:00:00,1,61711890,0,,23.2,1,0,1
B034,2023-08-20 23:00:00,0,617E2950,0,,38.01,1,0,1
B034,2023-08-20 23:00:00,1,61711890,0,,23.2,1,0,1
B034,2023-08-21 00:00:00,0,617E2950,0,,38.01,1,0,1
B034,2023-08-21 00:00:00,1,61711890,0,,23.2,1,0,1
B034,2023-08-21 01:00:00,0,617E2950,0,,38.01,1,0,1
B034,2023-08-21 01:00:00,1,61711890,0.0241550964,,23.2,1,0,1
B034,2023-08-21 02:00:00,0,617E2950,0,,38.01,1,0,1
B034,2023-08-21 02:00:00,1,61711890,0,,23.2,1,0,1
B034,2023-08-21 03:00:00,0,617E2950,0,,38.01,1,0,1
B034,2023-08-21 03:00:00,1,61711890,0,,23.2,1,0,1
B034,2023-08-21 04:00:00,0,617E2950,0,,,1,0,0
B034,2023-08-21 04:00:00,1,61711890,0,,23.2,1,0,1
B034,2023-08-21 05:00:00,0,617E2950,0,,38.01,1,0,1
B034,2023-08-21 05:00:00,1,61711890,0,,23.2,1,0,1
B034,2023-08-21 06:00:00,0,617E2950,0.01681116888,,38.01,1,0,1
B034,2023-08-21 06:00:00,1,61711890,0.0273376842,,23.21,1,0,1
B034,2023-08-21 07:00:00,0,617E2950,0.03761877935,,38.01,1,0,1
B034,2023-08-21 07:00:00,1,61711890,0.0514927806,,23.18,1,0,1
B034,2023-08-21 08:00:00,0,617E2950,0.02080761048,,38,1,0,1
B034,2023-08-21 08:00:00,1,61711890,0.3121976718,,23.2,1,0,1
B034,2023-08-21 09:00:00,0,617E2950,0.2597942232,,38,1,0,1
B034,2023-08-21 09:00:00,1,61711890,0.6930589386,,23.19,1,0,1
B034,2023-08-21 10:00:00,0,617E2950,0.2855743289,,38,1,0,1
B034,2023-08-21 10:00:00,1,61711890,0.5755045695,,23.21,1,0,1
B034,2023-08-21 11:00:00,0,617E2950,0.1713090768,,38.02,1,0,1
B034,2023-08-21 11:00:00,1,61711890,0.03055341145,,23.15,1,0,1
B034,2023-08-21 12:00:00,0,617E2950,0.1693611116,,,1,0,0
B034,2023-08-21 12:00:00,1,61711890,0.1308548709,,,1,0,0
B034,2023-08-21 13:00:00,0,617E2950,0.4088738127,,38.03,1,0,1
B034,2023-08-21 13:00:00,1,61711890,0.178066784,,23.2,1,0,1
B034,2023-08-21 14:00:00,0,617E2950,0.05458241335,,38.03,1,0,1
B034,2023-08-21 14:00:00,1,61711890,0.0598410554,,23.2,1,0,1
B034,2023-08-21 15:00:00,0,617E2950,0,,38.03,1,0,1
B034,2023-08-21 15:00:00,1,61711890,0,,23.27,1,0,1
B034,2023-08-21 16:00:00,0,617E2950,0,,38.04,1,0,1
B034,2023-08-21 16:00:00,1,61711890,0,,23.21,1,0,1
B034,2023-08-21 17:00:00,0,617E2950,0,,38.04,1,0,1
B034,2023-08-21 17:00:00,1,61711890,0,,23.24,1,0,1
B034,2023-08-21 18:00:00,0,617E2950,0.5618983131,,38.04,1,0,1
B034,2023-08-21 18:00:00,1,61711890,0.5493019524,,23.25,1,0,1
B034,2023-08-21 19:00:00,0,617E2950,1.223017078,,38.04,1,0,1
B034,2023-08-21 19:00:00,1,61711890,1.089403664,,23.25,1,0,1
B034,2023-08-21 20:00:00,0,617E2950,2.983071057,,38.2,1,0,1
B034,2023-08-21 20:00:00,1,61711890,1.011045095,,23.32,1,0,1
B034,2023-08-21 21:00:00,0,617E2950,0.1875431968,,38.12,1,0,1
B034,2023-08-21 21:00:00,1,61711890,0.25783666,,23.23,1,0,1
B034,2023-08-21 22:00:00,0,617E2950,0.03777124448,,37.93,1,0,1
B034,2023-08-21 22:00:00,1,61711890,0.01291752175,,23.3,1,0,1
B034,2023-08-21 23:00:00,0,617E2950,0.01239591095,,37.93,1,0,1
B034,2023-08-21 23:00:00,1,61711890,0,,23.27,1,0,1
B034,2023-08-22 00:00:00,0,617E2950,0,,38,1,0,1
B034,2023-08-22 00:00:00,1,61711890,0,,23.66,1,0,1
B034,2023-08-22 01:00:00,0,617E2950,0.01518644089,,38.07,1,0,1
B034,2023-08-22 01:00:00,1,61711890,0.007662231919,,23.63,1,0,1
B034,2023-08-22 02:00:00,0,617E2950,0.0003178557985,,38.14,1,0,1
B034,2023-08-22 02:00:00,1,61711890,0.01583169883,,23.51,1,0,1
B034,2023-08-22 03:00:00,0,617E2950,0.09192907411,,38.21,1,0,1
B034,2023-08-22 03:00:00,1,61711890,0.1427934884,,23.43,1,0,1
B034,2023-08-22 04:00:00,0,617E2950,0.02080761048,,38.26,1,0,1
B034,2023-08-22 04:00:00,1,61711890,0.0486300496,,23.37,1,0,1
B034,2023-08-22 05:00:00,0,617E2950,0,,38.28,1,0,1
B034,2023-08-22 05:00:00,1,61711890,0,,23.36,1,0,1
B034,2023-08-22 06:00:00,0,617E2950,0,,38.29,1,0,1
B034,2023-08-22 06:00:00,1,61711890,0,,23.36,1,0,1
B034,2023-08-22 07:00:00,0,617E2950,1.322981916,,38.29,1,0,1
B034,2023-08-22 07:00:00,1,61711890,3.934517262,,23.38,1,0,1
B034,2023-08-22 08:00:00,0,617E2950,0,,38.28,1,0,1
B034,2023-08-22 08:00:00,1,61711890,0,,23.4,1,0,1
B034,2023-08-22 09:00:00,0,617E2950,0,,38.27,1,0,1
B034,2023-08-22 09:00:00,1,61711890,0,,23.4,1,0,1
B034,2023-08-22 10:00:00,0,617E2950,0,,38.26,1,0,1
B034,2023-08-22 10:00:00,1,61711890,0,,23.41,1,0,1
B034,2023-08-22 11:00:00,0,617E2950,0,,38.25,1,0,1
B034,2023-08-22 11:00:00,1,61711890,0,,23.4,1,0,1
B034,2023-08-22 12:00:00,0,617E2950,0,,38.24,1,0,1
B034,2023-08-22 12:00:00,1,61711890,0,,23.4,1,0,1
B034,2023-08-22 13:00:00,0,617E2950,0,,38.24,1,0,1
B034,2023-08-22 13:00:00,1,61711890,0,,23.38,1,0,1
B034,2023-08-22 14:00:00,0,617E2950,0,,38.23,1,0,1
B034,2023-08-22 14:00:00,1,61711890,0,,23.37,1,0,1
B034,2023-08-22 15:00:00,0,617E2950,0,,38.23,1,0,1
B034,2023-08-22 15:00:00,1,61711890,0,,23.37,1,0,1
B034,2023-08-22 16:00:00,0,617E2950,0,,38.22,1,0,1
B034,2023-08-22 16:00:00,1,61711890,0,,23.36,1,0,1
B034,2023-08-22 17:00:00,0,617E2950,0,,38.21,1,0,1
B034,2023-08-22 17:00:00,1,61711890,0,,23.35,1,0,1
B034,2023-08-22 18:00:00,0,617E2950,0,,38.21,1,0,1
B034,2023-08-22 18:00:00,1,61711890,0,,23.35,1,0,1
B034,2023-08-22 19:00:00,0,617E2950,0,,38.21,1,0,1
B034,2023-08-22 19:00:00,1,61711890,0,,23.34,1,0,1
B034,2023-08-22 20:00:00,0,617E2950,0,,38.2,1,0,1
B034,2023-08-22 20:00:00,1,61711890,0,,23.34,1,0,1
B034,2023-08-22 21:00:00,0,617E2950,0,,38.2,1,0,1
B034,2023-08-22 21:00:00,1,61711890,0,,23.33,1,0,1
B034,2023-08-22 22:00:00,0,617E2950,0,,38.19,1,0,1
B034,2023-08-22 22:00:00,1,61711890,0,,23.33,1,0,1
B034,2023-08-22 23:00:00,0,617E2950,0,,38.19,1,0,1
B034,2023-08-22 23:00:00,1,61711890,0,,23.33,1,0,1
B034,2023-08-23 00:00:00,0,617E2950,0,,,1,0,0
B034,2023-08-23 00:00:00,1,61711890,0,,23.32,1,0,1
B034,2023-08-23 01:00:00,0,617E2950,0,,38.18,1,0,1
B034,2023-08-23 01:00:00,1,61711890,0,,23.33,1,0,1
B034,2023-08-23 02:00:00,0,617E2950,0,,38.18,1,0,1
B034,2023-08-23 02:00:00,1,61711890,0,,23.32,1,0,1
B034,2023-08-23 03:00:00,0,617E2950,0,,,1,0,0
B034,2023-08-23 03:00:00,1,61711890,0,,23.32,1,0,1
B034,2023-08-23 04:00:00,0,617E2950,0,,38.17,1,0,1
B034,2023-08-23 04:00:00,1,61711890,0,,23.32,1,0,1
B034,2023-08-23 05:00:00,0,617E2950,0,,38.17,1,0,1
B034,2023-08-23 05:00:00,1,61711890,0,,23.32,1,0,1
B034,2023-08-23 06:00:00,0,617E2950,0,,38.17,1,0,1
B034,2023-08-23 06:00:00,1,61711890,0,,23.31,1,0,1
B034,2023-08-23 07:00:00,0,617E2950,0,,38.17,1,0,1
B034,2023-08-23 07:00:00,1,61711890,0,,23.31,1,0,1
B034,2023-08-23 08:00:00,0,617E2950,0,,38.17,1,0,1
B034,2023-08-23 08:00:00,1,61711890,0,,23.31,1,0,1
B034,2023-08-23 09:00:00,0,617E2950,0,,38.16,1,0,1
B034,2023-08-23 09:00:00,1,61711890,0,,23.31,1,0,1
B034,2023-08-23 10:00:00,0,617E2950,0,,38.16,1,0,1
B034,2023-08-23 10:00:00,1,61711890,0,,23.32,1,0,1
B034,2023-08-23 11:00:00,0,617E2950,0,,38.16,1,0,1
B034,2023-08-23 11:00:00,1,61711890,0,,23.32,1,0,1
B034,2023-08-23 12:00:00,0,617E2950,0,,38.16,1,0,1
B034,2023-08-23 12:00:00,1,61711890,0,,23.31,1,0,1
B034,2023-08-23 13:00:00,0,617E2950,0,,38.16,1,0,1
B034,2023-08-23 13:00:00,1,61711890,0,,23.32,1,0,1
B034,2023-08-23 14:00:00,0,617E2950,0,,,1,0,0
B034,2023-08-23 14:00:00,1,61711890,0,,23.32,1,0,1
B034,2023-08-23 15:00:00,0,617E2950,0,,38.15,1,0,1
B034,2023-08-23 15:00:00,1,61711890,0,,23.33,1,0,1
B034,2023-08-23 16:00:00,0,617E2950,0,,38.15,1,0,1
B034,2023-08-23 16:00:00,1,61711890,0,,23.33,1,0,1
B034,2023-08-23 17:00:00,0,617E2950,0,,38.15,1,0,1
B034,2023-08-23 17:00:00,1,61711890,0,,23.33,1,0,1
B034,2023-08-23 18:00:00,0,617E2950,0,,38.15,1,0,1
B034,2023-08-23 18:00:00,1,61711890,0,,23.33,1,0,1
B034,2023-08-23 19:00:00,0,617E2950,0,,38.15,1,0,1
B034,2023-08-23 19:00:00,1,61711890,0,,23.31,1,0,1
B034,2023-08-23 20:00:00,0,617E2950,0,,38.15,1,0,1
B034,2023-08-23 20:00:00,1,61711890,0,,23.31,1,0,1
B034,2023-08-23 21:00:00,0,617E2950,0,,38.15,1,0,1
B034,2023-08-23 21:00:00,1,61711890,0,,23.31,1,0,1
B034,2023-08-23 22:00:00,0,617E2950,0,,38.15,1,0,1
B034,2023-08-23 22:00:00,1,61711890,0,,23.31,1,0,1
B034,2023-08-23 23:00:00,0,617E2950,0,,38.15,1,0,1
B034,2023-08-23 23:00:00,1,61711890,0,,23.31,1,0,1
B034,2023-08-24 00:00:00,0,617E2950,0,,38.16,1,0,1
B034,2023-08-24 00:00:00,1,61711890,0,,23.31,1,0,1
B034,2023-08-24 01:00:00,0,617E2950,0,,38.16,1,0,1
B034,2023-08-24 01:00:00,1,61711890,0,,23.31,1,0,1
B034,2023-08-24 02:00:00,0,617E2950,0,,38.15,1,0,1
B034,2023-08-24 02:00:00,1,61711890,0,,23.3,1,0,1
B034,2023-08-24 03:00:00,0,617E2950,0,,38.15,1,0,1
B034,2023-08-24 03:00:00,1,61711890,0,,23.31,1,0,1
B034,2023-08-24 04:00:00,0,617E2950,0,,38.15,1,0,1
B034,2023-08-24 04:00:00,1,61711890,0,,23.3,1,0,1
B034,2023-08-24 05:00:00,0,617E2950,0,,38.15,1,0,1
B034,2023-08-24 05:00:00,1,61711890,0,,23.31,1,0,1
B034,2023-08-24 06:00:00,0,617E2950,0,,38.14,1,0,1
B034,2023-08-24 06:00:00,1,61711890,0,,23.3,1,0,1
B034,2023-08-24 07:00:00,0,617E2950,0,,38.14,1,0,1
B034,2023-08-24 07:00:00,1,61711890,0,,23.31,1,0,1
B034,2023-08-24 08:00:00,0,617E2950,0,,38.14,1,0,1
B034,2023-08-24 08:00:00,1,61711890,0,,23.3,1,0,1
B034,2024-02-12 20:00:00,0,617E2950,0,,38.44,1,0,1
B034,2024-02-12 20:00:00,1,61711890,0,,23.15,1,0,1
B034,2024-02-12 21:00:00,0,617E2950,0,,38.44,1,0,1
B034,2024-02-12 21:00:00,1,61711890,0,,23.15,1,0,1
B034,2024-02-12 22:00:00,0,617E2950,0,,38.44,1,0,1
B034,2024-02-12 22:00:00,1,61711890,0,,23.15,1,0,1
B034,2024-02-12 23:00:00,0,617E2950,0,,38.43,1,0,1
B034,2024-02-12 23:00:00,1,61711890,0,,23.15,1,0,1
B034,2024-02-13 00:00:00,0,617E2950,0,,38.43,1,0,1
B034,2024-02-13 00:00:00,1,61711890,0,,23.15,1,0,1
B034,2024-02-13 01:00:00,0,617E2950,0,,38.43,1,0,1
B034,2024-02-13 01:00:00,1,61711890,0,,23.14,1,0,1
B034,2024-02-13 02:00:00,0,617E2950,0,,38.43,1,0,1
B034,2024-02-13 02:00:00,1,61711890,0,,23.14,1,0,1
B034,2024-02-13 03:00:00,0,617E2950,0,,38.43,1,0,1
B034,2024-02-13 03:00:00,1,61711890,0,,23.14,1,0,1
B034,2024-02-13 04:00:00,0,617E2950,0,,38.42,1,0,1
B034,2024-02-13 04:00:00,1,61711890,0,,23.14,1,0,1
B034,2024-02-13 05:00:00,0,617E2950,0,,38.42,1,0,1
B034,2024-02-13 05:00:00,1,61711890,0,,23.14,1,0,1
B034,2024-02-13 06:00:00,0,617E2950,0,,38.42,1,0,1
B034,2024-02-13 06:00:00,1,61711890,0,,23.14,1,0,1
B034,2024-02-13 07:00:00,0,617E2950,0,,38.42,1,0,1
B034,2024-02-13 07:00:00,1,61711890,0,,23.14,1,0,1
B034,2024-02-13 08:00:00,0,617E2950,0,,38.42,1,0,1
B034,2024-02-13 08:00:00,1,61711890,0,,23.13,1,0,1
B034,2024-02-13 09:00:00,0,617E2950,0,,38.42,1,0,1
B034,2024-02-13 09:00:00,1,61711890,0,,23.13,1,0,1
B034,2024-02-13 10:00:00,0,617E2950,0,,38.42,1,0,1
B034,2024-02-13 10:00:00,1,61711890,0,,23.13,1,0,1
B034,2024-02-13 11:00:00,0,617E2950,0,,38.41,1,0,1
B034,2024-02-13 11:00:00,1,61711890,0,,23.12,1,0,1
B034,2024-02-13 12:00:00,0,617E2950,0,,38.41,1,0,1
B034,2024-02-13 12:00:00,1,61711890,0,,23.12,1,0,1
B034,2024-02-13 13:00:00,0,617E2950,0,,38.41,1,0,1
B034,2024-02-13 13:00:00,1,61711890,0,,23.12,1,0,1
B034,2024-02-13 14:00:00,0,617E2950,0,,38.41,1,0,1
B034,2024-02-13 14:00:00,1,61711890,0,,23.12,1,0,1
B034,2024-02-13 15:00:00,0,617E2950,0,,38.41,1,0,1
B034,2024-02-13 15:00:00,1,61711890,0,,23.12,1,0,1
B034,2024-02-13 16:00:00,0,617E2950,0,,38.41,1,0,1
B034,2024-02-13 16:00:00,1,61711890,0,,23.12,1,0,1
B034,2024-02-13 17:00:00,0,617E2950,0,,38.4,1,0,1
B034,2024-02-13 17:00:00,1,61711890,0,,23.12,1,0,1
B034,2024-02-13 18:00:00,0,617E2950,0,,38.4,1,0,1
B034,2024-02-13 18:00:00,1,61711890,0,,23.12,1,0,1
B034,2024-02-13 19:00:00,0,617E2950,0,,38.4,1,0,1
B034,2024-02-13 19:00:00,1,61711890,0,,23.12,1,0,1
B034,2024-02-13 20:00:00,0,617E2950,0,,38.4,1,0,1
B034,2024-02-13 20:00:00,1,61711890,0,,23.12,1,0,1
B034,2024-02-13 21:00:00,0,617E2950,0,,38.4,1,0,1
B034,2024-02-13 21:00:00,1,61711890,0,,23.12,1,0,1
B034,2024-02-13 22:00:00,0,617E2950,0,,38.39,1,0,1
B034,2024-02-13 22:00:00,1,61711890,0,,23.11,1,0,1
B034,2024-02-13 23:00:00,0,617E2950,0,,38.39,1,0,1
B034,2024-02-13 23:00:00,1,61711890,0,,23.11,1,0,1
B034,2024-02-14 00:00:00,0,617E2950,0,,38.39,1,0,1
B034,2024-02-14 00:00:00,1,61711890,0,,23.11,1,0,1
B034,2024-02-14 01:00:00,0,617E2950,0,,38.39,1,0,1
B034,2024-02-14 01:00:00,1,61711890,0,,23.11,1,0,1
B034,2024-02-14 02:00:00,0,617E2950,0,,38.39,1,0,1
B034,2024-02-14 02:00:00,1,61711890,0,,23.11,1,0,1
B034,2024-02-14 03:00:00,0,617E2950,0,,38.39,1,0,1
B034,2024-02-14 03:00:00,1,61711890,0,,23.11,1,0,1
B034,2024-02-14 04:00:00,0,617E2950,0,,38.38,1,0,1
B034,2024-02-14 04:00:00,1,61711890,0,,23.11,1,0,1
B034,2024-02-14 05:00:00,0,617E2950,0,,38.38,1,0,1
B034,2024-02-14 05:00:00,1,61711890,0,,23.1,1,0,1
B034,2024-02-14 06:00:00,0,617E2950,0,,38.38,1,0,1
B034,2024-02-14 06:00:00,1,61711890,0,,23.1,1,0,1
B034,2024-02-14 07:00:00,0,617E2950,0,,38.38,1,0,1
B034,2024-02-14 07:00:00,1,61711890,0,,23.1,1,0,1
B034,2024-02-14 08:00:00,0,617E2950,0,,38.37,1,0,1
B034,2024-02-14 08:00:00,1,61711890,0,,23.1,1,0,1
B034,2024-02-14 09:00:00,0,617E2950,0,,38.37,1,0,1
B034,2024-02-14 09:00:00,1,61711890,0,,23.09,1,0,1
B034,2024-02-14 10:00:00,0,617E2950,0,,38.36,1,0,1
B034,2024-02-14 10:00:00,1,61711890,0,,23.09,1,0,1
B034,2024-02-14 11:00:00,0,617E2950,0,,38.35,1,0,1
B034,2024-02-14 11:00:00,1,61711890,0,,23.09,1,0,1
B034,2024-02-14 12:00:00,0,617E2950,0,,38.35,1,0,1
B034,2024-02-14 12:00:00,1,61711890,0,,23.09,1,0,1
B034,2024-02-14 13:00:00,0,617E2950,0,,38.35,1,0,1
B034,2024-02-14 13:00:00,1,61711890,0,,23.09,1,0,1
B034,2024-02-14 14:00:00,0,617E2950,0,,38.34,1,0,1
B034,2024-02-14 14:00:00,1,61711890,0,,23.09,1,0,1
B034,2024-02-14 15:00:00,0,617E2950,0,,38.34,1,0,1
B034,2024-02-14 15:00:00,1,61711890,0,,23.09,1,0,1
B034,2024-02-14 16:00:00,0,617E2950,0,,38.34,1,0,1
B034,2024-02-14 16:00:00,1,61711890,0,,23.09,1,0,1
B034,2024-02-14 17:00:00,0,617E2950,0,,38.34,1,0,1
B034,2024-02-14 17:00:00,1,61711890,0,,23.09,1,0,1
B034,2024-02-14 18:00:00,0,617E2950,0,,38.33,1,0,1
B034,2024-02-14 18:00:00,1,61711890,0,,23.09,1,0,1
B034,2024-02-14 19:00:00,0,617E2950,0,,38.33,1,0,1
B034,2024-02-14 19:00:00,1,61711890,0,,23.09,1,0,1
B034,2024-02-14 20:00:00,0,617E2950,0,,38.33,1,0,1
B034,2024-02-14 20:00:00,1,61711890,0.0120775482,,23.08,1,0,1
B034,2024-02-14 21:00:00,0,617E2950,0.03084966549,,38.33,1,0,1
B034,2024-02-14 21:00:00,1,61711890,0.01532446384,,23.08,1,0,1
B034,2024-02-14 22:00:00,0,617E2950,0.0447045653,,38.33,1,0,1
B034,2024-02-14 22:00:00,1,61711890,0.01775695468,,23.08,1,0,1
B034,2024-02-14 23:00:00,0,617E2950,0.4913170763,,38.33,1,0,1
B034,2024-02-14 23:00:00,1,61711890,0.2871566448,,23.08,1,0,1
B034,2024-02-15 00:00:00,0,617E2950,1.262678371,,38.33,1,0,1
B034,2024-02-15 00:00:00,1,61711890,0.8869110837,,23.08,1,0,1
B034,2024-02-15 01:00:00,0,617E2950,1.374884747,,38.34,1,0,1
B034,2024-02-15 01:00:00,1,61711890,0.8702315087,,23.1,1,0,1
B034,2024-02-15 02:00:00,0,617E2950,0.3952770968,,38.26,1,0,1
B034,2024-02-15 02:00:00,1,61711890,0.2353641575,,23.11,1,0,1
B034,2024-02-15 03:00:00,0,617E2950,0.07032612726,,38.01,1,0,1
B034,2024-02-15 03:00:00,1,61711890,0.1224849503,,23.12,1,0,1
B034,2024-02-15 04:00:00,0,617E2950,0.08250561886,,38.07,1,0,1
B034,2024-02-15 04:00:00,1,61711890,0.02727059163,,23.15,1,0,1
B034,2024-02-15 05:00:00,0,617E2950,0.09674987436,,38.13,1,0,1
B034,2024-02-15 05:00:00,1,61711890,0.09269543052,,23.54,1,0,1
B034,2024-02-15 06:00:00,0,617E2950,0.04041795028,,38.18,1,0,1
B034,2024-02-15 06:00:00,1,61711890,0.03043359882,,23.56,1,0,1
B034,2024-02-15 07:00:00,0,617E2950,2.223572986,,38.23,1,0,1
B034,2024-02-15 07:00:00,1,61711890,2.216275174,,23.47,1,0,1
B034,2024-02-15 08:00:00,0,617E2950,0.01610360895,,38.27,1,0,1
B034,2024-02-15 08:00:00,1,61711890,0.0006737512998,,23.41,1,0,1
B034,2024-02-15 09:00:00,0,617E2950,0.01642181319,,38.32,1,0,1
B034,2024-02-15 09:00:00,1,61711890,0.0001684378249,,23.38,1,0,1
B034,2024-02-15 10:00:00,0,617E2950,0,,38.37,1,0,1
B034,2024-02-15 10:00:00,1,61711890,0,,23.36,1,0,1
B034,2024-02-15 11:00:00,0,617E2950,0,,38.41,1,0,1
B034,2024-02-15 11:00:00,1,61711890,0,,23.35,1,0,1
B034,2024-02-15 12:00:00,0,617E2950,0,,38.44,1,0,1
B034,2024-02-15 12:00:00,1,61711890,0,,23.31,1,0,1
B034,2024-02-15 13:00:00,0,617E2950,0,,38.47,1,0,1
B034,2024-02-15 13:00:00,1,61711890,0,,,1,0,0
B034,2024-02-15 14:00:00,0,617E2950,0,,38.49,1,0,1
B034,2024-02-15 14:00:00,1,61711890,0,,23.3,1,0,1
B034,2024-02-15 15:00:00,0,617E2950,0,,38.5,1,0,1
B034,2024-02-15 15:00:00,1,61711890,0,,23.3,1,0,1
B034,2024-02-15 16:00:00,0,617E2950,0.01518644089,,38.51,1,0,1
B034,2024-02-15 16:00:00,1,61711890,0.007662231919,,23.29,1,0,1
B034,2024-02-15 17:00:00,0,617E2950,0.02099599901,,38.51,1,0,1
B034,2024-02-15 17:00:00,1,61711890,0.03958367023,,23.29,1,0,1
B034,2024-02-15 18:00:00,0,617E2950,0.0967268765,,38.52,1,0,1
B034,2024-02-15 18:00:00,1,61711890,0.07001965875,,23.27,1,0,1
B034,2024-02-15 19:00:00,0,617E2950,0.07832547324,,38.52,1,0,1
B034,2024-02-15 19:00:00,1,61711890,0.0139281487,,23.27,1,0,1
B034,2024-02-15 20:00:00,0,617E2950,0.01610360895,,38.52,1,0,1
B034,2024-02-15 20:00:00,1,61711890,0.0006737512998,,23.26,1,0,1
B034,2024-02-15 21:00:00,0,617E2950,0.04810121872,,38.52,1,0,1
B034,2024-02-15 21:00:00,1,61711890,0.03567366742,,23.26,1,0,1
B034,2024-02-15 22:00:00,0,617E2950,0.008051804476,,38.51,1,0,1
B034,2024-02-15 22:00:00,1,61711890,0.01866841326,,23.26,1,0,1
B034,2024-02-15 23:00:00,0,617E2950,0.008210732375,,38.51,1,0,1
B034,2024-02-15 23:00:00,1,61711890,0.003266742138,,23.25,1,0,1
B034,2024-02-16 00:00:00,0,617E2950,0.004025902238,,38.51,1,0,1
B034,2024-02-16 00:00:00,1,61711890,0.0001684378249,,23.25,1,0,1
B034,2024-02-16 01:00:00,0,617E2950,0.004025902238,,38.51,1,0,1
B034,2024-02-16 01:00:00,1,61711890,0.0001684378249,,23.25,1,0,1
B034,2024-02-16 02:00:00,0,617E2950,0,,38.5,1,0,1
B034,2024-02-16 02:00:00,1,61711890,0,,23.25,1,0,1
B034,2024-02-16 03:00:00,0,617E2950,0,,38.5,1,0,1
B034,2024-02-16 03:00:00,1,61711890,0,,23.24,1,0,1
B034,2024-02-16 04:00:00,0,617E2950,0,,38.5,1,0,1
B034,2024-02-16 04:00:00,1,61711890,0,,23.24,1,0,1
B034,2024-02-16 05:00:00,0,617E2950,0,,38.49,1,0,1
B034,2024-02-16 05:00:00,1,61711890,0,,23.24,1,0,1
B034,2024-02-16 06:00:00,0,617E2950,0,,38.49,1,0,1
B034,2024-02-16 06:00:00,1,61711890,0,,23.23,1,0,1
B034,2024-02-16 07:00:00,0,617E2950,0.1799699382,,38.48,1,0,1
B034,2024-02-16 07:00:00,1,61711890,0.1711310169,,23.22,1,0,1
B034,2024-02-16 08:00:00,0,617E2950,0.004025902238,,38.48,1,0,1
B034,2024-02-16 08:00:00,1,61711890,0.0001684378249,,23.22,1,0,1
B034,2024-02-16 09:00:00,0,617E2950,0.01239591095,,38.48,1,0,1
B034,2024-02-16 09:00:00,1,61711890,0,,23.21,1,0,1
B034,2024-02-16 10:00:00,0,617E2950,0,,38.47,1,0,1
B034,2024-02-16 10:00:00,1,61711890,0,,23.21,1,0,1
B034,2024-02-16 11:00:00,0,617E2950,0,,38.47,1,0,1
B034,2024-02-16 11:00:00,1,61711890,0,,23.2,1,0,1
B034,2024-02-16 12:00:00,0,617E2950,0,,38.47,1,0,1
B034,2024-02-16 12:00:00,1,61711890,0,,23.2,1,0,1
B034,2024-02-16 13:00:00,0,617E2950,0,,38.47,1,0,1
B034,2024-02-16 13:00:00,1,61711890,0,,23.2,1,0,1
B034,2024-02-16 14:00:00,0,617E2950,0,,38.46,1,0,1
B034,2024-02-16 14:00:00,1,61711890,0,,23.2,1,0,1
B034,2024-02-16 15:00:00,0,617E2950,0,,38.46,1,0,1
B034,2024-02-16 15:00:00,1,61711890,0,,23.2,1,0,1
B034,2024-02-16 16:00:00,0,617E2950,0,,38.45,1,0,1
B034,2024-02-16 16:00:00,1,61711890,0,,23.2,1,0,1
B034,2024-02-16 17:00:00,0,617E2950,0.01239591095,,38.45,1,0,1
B034,2024-02-16 17:00:00,1,61711890,0,,23.2,1,0,1
B034,2024-02-16 18:00:00,0,617E2950,0,,38.45,1,0,1
B034,2024-02-16 18:00:00,1,61711890,0,,23.19,1,0,1
B034,2024-02-16 19:00:00,0,617E2950,0,,38.45,1,0,1
B034,2024-02-16 19:00:00,1,61711890,0,,23.19,1,0,1
B034,2024-02-16 20:00:00,0,617E2950,0,,38.45,1,0,1
B034,2024-02-16 20:00:00,1,61711890,0,,23.18,1,0,1
B034,2024-02-16 21:00:00,0,617E2950,0,,38.45,1,0,1
B034,2024-02-16 21:00:00,1,61711890,0,,23.18,1,0,1
B034,2024-02-16 22:00:00,0,617E2950,0,,38.44,1,0,1
B034,2024-02-16 22:00:00,1,61711890,0,,23.18,1,0,1
B034,2024-02-16 23:00:00,0,617E2950,0,,38.44,1,0,1
B034,2024-02-16 23:00:00,1,61711890,0,,23.18,1,0,1
B034,2024-02-17 00:00:00,0,617E2950,0,,38.44,1,0,1
B034,2024-02-17 00:00:00,1,61711890,0,,23.17,1,0,1
B034,2024-02-17 01:00:00,0,617E2950,0,,38.44,1,0,1
B034,2024-02-17 01:00:00,1,61711890,0,,23.17,1,0,1
B034,2024-02-17 02:00:00,0,617E2950,0,,38.44,1,0,1
B034,2024-02-17 02:00:00,1,61711890,0,,23.17,1,0,1
B034,2024-02-17 03:00:00,0,617E2950,0,,38.44,1,0,1
B034,2024-02-17 03:00:00,1,61711890,0,,23.17,1,0,1
B034,2024-02-17 04:00:00,0,617E2950,0,,38.43,1,0,1
B034,2024-02-17 04:00:00,1,61711890,0,,23.17,1,0,1
B034,2024-02-17 05:00:00,0,617E2950,0,,38.43,1,0,1
B034,2024-02-17 05:00:00,1,61711890,0,,23.17,1,0,1
B034,2024-02-17 06:00:00,0,617E2950,0,,38.43,1,0,1
B034,2024-02-17 06:00:00,1,61711890,0,,23.16,1,0,1
B034,2024-02-17 07:00:00,0,617E2950,0.004025902238,,38.43,1,0,1
B034,2024-02-17 07:00:00,1,61711890,0.0001684378249,,23.16,1,0,1
B034,2024-02-17 08:00:00,0,617E2950,0,,38.43,1,0,1
B034,2024-02-17 08:00:00,1,61711890,0,,23.15,1,0,1
B034,2024-02-17 09:00:00,0,617E2950,0,,38.43,1,0,1
B034,2024-02-17 09:00:00,1,61711890,0,,23.15,1,0,1
B034,2024-02-17 10:00:00,0,617E2950,0,,38.43,1,0,1
B034,2024-02-17 10:00:00,1,61711890,0,,23.15,1,0,1
B034,2024-02-17 11:00:00,0,617E2950,0,,38.43,1,0,1
B034,2024-02-17 11:00:00,1,61711890,0,,23.15,1,0,1
B034,2024-02-17 12:00:00,0,617E2950,0,,38.44,1,0,1
B034,2024-02-17 12:00:00,1,61711890,0,,23.15,1,0,1
B034,2024-02-17 13:00:00,0,617E2950,0,,38.44,1,0,1
B034,2024-02-17 13:00:00,1,61711890,0,,23.15,1,0,1
B034,2024-02-17 14:00:00,0,617E2950,0,,38.44,1,0,1
B034,2024-02-17 14:00:00,1,61711890,0,,23.15,1,0,1
B034,2024-02-17 15:00:00,0,617E2950,0,,38.44,1,0,1
B034,2024-02-17 15:00:00,1,61711890,0,,23.15,1,0,1
B034,2024-02-17 16:00:00,0,617E2950,0,,38.44,1,0,1
B034,2024-02-17 16:00:00,1,61711890,0,,23.15,1,0,1
B034,2024-02-17 17:00:00,0,617E2950,0,,38.44,1,0,1
B034,2024-02-17 17:00:00,1,61711890,0,,23.15,1,0,1
B034,2024-02-17 18:00:00,0,617E2950,0,,38.44,1,0,1
B034,2024-02-17 18:00:00,1,61711890,0,,23.15,1,0,1
B034,2024-02-17 19:00:00,0,617E2950,0,,38.43,1,0,1
B034,2024-02-17 19:00:00,1,61711890,0,,23.15,1,0,1
B034,2024-02-17 20:00:00,0,617E2950,0,,38.43,1,0,1
B034,2024-02-17 20:00:00,1,61711890,0,,23.15,1,0,1
B034,2024-02-17 21:00:00,0,617E2950,0,,38.42,1,0,1
B034,2024-02-17 21:00:00,1,61711890,0,,23.14,1,0,1
B034,2024-02-17 22:00:00,0,617E2950,0,,38.41,1,0,1
B034,2024-02-17 22:00:00,1,61711890,0,,23.14,1,0,1
B034,2024-02-17 23:00:00,0,617E2950,0,,38.41,1,0,1
B034,2024-02-17 23:00:00,1,61711890,0,,23.14,1,0,1
B034,2024-02-18 00:00:00,0,617E2950,0,,38.4,1,0,1
B034,2024-02-18 00:00:00,1,61711890,0,,23.14,1,0,1
B034,2024-02-18 01:00:00,0,617E2950,0.01239591095,,38.4,1,0,1
B034,2024-02-18 01:00:00,1,61711890,0,,23.14,1,0,1
B034,2024-02-18 02:00:00,0,617E2950,0,,38.4,1,0,1
B034,2024-02-18 02:00:00,1,61711890,0,,23.13,1,0,1
B034,2024-02-18 03:00:00,0,617E2950,0,,,1,0,0
B034,2024-02-18 03:00:00,1,61711890,0,,23.13,1,0,1
B034,2024-02-18 04:00:00,0,617E2950,0,,38.39,1,0,1
B034,2024-02-18 04:00:00,1,61711890,0,,23.13,1,0,1
B034,2024-02-18 05:00:00,0,617E2950,0,,38.39,1,0,1
B034,2024-02-18 05:00:00,1,61711890,0,,23.13,1,0,1
B034,2024-02-18 06:00:00,0,617E2950,0,,38.38,1,0,1
B034,2024-02-18 06:00:00,1,61711890,0,,23.12,1,0,1
B034,2024-02-18 07:00:00,0,617E2950,0.01239591095,,38.38,1,0,1
B034,2024-02-18 07:00:00,1,61711890,0,,23.12,1,0,1
B034,2024-02-18 08:00:00,0,617E2950,0.01518644089,,38.38,1,0,1
B034,2024-02-18 08:00:00,1,61711890,0.007662231919,,23.12,1,0,1
B034,2024-02-18 09:00:00,0,617E2950,0,,38.38,1,0,1
B034,2024-02-18 09:00:00,1,61711890,0,,23.11,1,0,1
B034,2024-02-18 10:00:00,0,617E2950,0,,38.37,1,0,1
B034,2024-02-18 10:00:00,1,61711890,0,,23.11,1,0,1
B034,2024-03-21 13:00:00,0,617E2950,0,,38.04,1,0,1
B034,2024-03-21 13:00:00,1,61711890,0,,23.22,1,0,1
B034,2024-03-21 14:00:00,0,617E2950,0,,38.06,1,0,1
B034,2024-03-21 14:00:00,1,61711890,0,,23.16,1,0,1
B034,2024-03-21 15:00:00,0,617E2950,0,,38.08,1,0,1
B034,2024-03-21 15:00:00,1,61711890,0,,23.1,1,0,1
B034,2024-03-21 16:00:00,0,617E2950,0,,38.1,1,0,1
B034,2024-03-21 16:00:00,1,61711890,0,,23.06,1,0,1
B034,2024-03-21 17:00:00,0,617E2950,0,,38.12,1,0,1
B034,2024-03-21 17:00:00,1,61711890,0,,23.04,1,0,1
B034,2024-03-21 18:00:00,0,617E2950,0,,38.13,1,0,1
B034,2024-03-21 18:00:00,1,61711890,0,,23.03,1,0,1
B034,2024-03-21 19:00:00,0,617E2950,0,,38.15,1,0,1
B034,2024-03-21 19:00:00,1,61711890,0,,23.02,1,0,1
B034,2024-03-21 20:00:00,0,617E2950,0.01518644089,,38.15,1,0,1
B034,2024-03-21 20:00:00,1,61711890,0.007662231919,,23.02,1,0,1
B034,2024-03-21 21:00:00,0,617E2950,0,,38.16,1,0,1
B034,2024-03-21 21:00:00,1,61711890,0,,23.02,1,0,1
B034,2024-03-21 22:00:00,0,617E2950,0,,38.16,1,0,1
B034,2024-03-21 22:00:00,1,61711890,0,,23.02,1,0,1
B034,2024-03-21 23:00:00,0,617E2950,0,,38.16,1,0,1
B034,2024-03-21 23:00:00,1,61711890,0,,23.02,1,0,1
B034,2024-03-22 00:00:00,0,617E2950,0,,38.16,1,0,1
B034,2024-03-22 00:00:00,1,61711890,0,,23.02,1,0,1
B034,2024-03-22 01:00:00,0,617E2950,0,,38.17,1,0,1
B034,2024-03-22 01:00:00,1,61711890,0,,23.02,1,0,1
B034,2024-03-22 02:00:00,0,617E2950,0,,38.17,1,0,1
B034,2024-03-22 02:00:00,1,61711890,0,,23.03,1,0,1
B034,2024-03-22 03:00:00,0,617E2950,0,,38.17,1,0,1
B034,2024-03-22 03:00:00,1,61711890,0,,23.03,1,0,1
B034,2024-03-22 04:00:00,0,617E2950,0,,38.17,1,0,1
B034,2024-03-22 04:00:00,1,61711890,0,,23.04,1,0,1
B034,2024-03-22 05:00:00,0,617E2950,0,,38.17,1,0,1
B034,2024-03-22 05:00:00,1,61711890,0,,23.04,1,0,1
B034,2024-03-22 06:00:00,0,617E2950,0,,38.17,1,0,1
B034,2024-03-22 06:00:00,1,61711890,0,,23.04,1,0,1
B034,2024-03-22 07:00:00,0,617E2950,0,,,1,0,0
B034,2024-03-22 07:00:00,1,61711890,0.0120775482,,23.04,1,0,1
B034,2024-03-22 08:00:00,0,617E2950,0,,38.17,1,0,1
B034,2024-03-22 08:00:00,1,61711890,0,,23.04,1,0,1
B034,2024-03-22 09:00:00,0,617E2950,0,,38.17,1,0,1
B034,2024-03-22 09:00:00,1,61711890,0.01829795769,,23.04,1,0,1
B034,2024-03-22 10:00:00,0,617E2950,0,,38.17,1,0,1
B034,2024-03-22 10:00:00,1,61711890,0,,23.04,1,0,1
B034,2024-03-22 11:00:00,0,617E2950,0,,38.17,1,0,1
B034,2024-03-22 11:00:00,1,61711890,0,,23.04,1,0,1
B034,2024-03-22 12:00:00,0,617E2950,0,,38.17,1,0,1
B034,2024-03-22 12:00:00,1,61711890,0,,23.03,1,0,1
B034,2024-03-22 13:00:00,0,617E2950,0,,38.17,1,0,1
B034,2024-03-22 13:00:00,1,61711890,0,,23.04,1,0,1
B034,2024-03-22 14:00:00,0,617E2950,0,,38.17,1,0,1
B034,2024-03-22 14:00:00,1,61711890,0,,23.04,1,0,1
B034,2024-03-22 15:00:00,0,617E2950,0,,38.17,1,0,1
B034,2024-03-22 15:00:00,1,61711890,0,,23.04,1,0,1
B034,2024-03-22 16:00:00,0,617E2950,0,,38.17,1,0,1
B034,2024-03-22 16:00:00,1,61711890,0,,23.04,1,0,1
B034,2024-03-22 17:00:00,0,617E2950,0,,38.17,1,0,1
B034,2024-03-22 17:00:00,1,61711890,0,,23.04,1,0,1
B034,2024-03-22 18:00:00,0,617E2950,0,,38.17,1,0,1
B034,2024-03-22 18:00:00,1,61711890,0,,23.04,1,0,1
B034,2024-03-22 19:00:00,0,617E2950,0,,38.17,1,0,1
B034,2024-03-22 19:00:00,1,61711890,0,,23.04,1,0,1
B034,2024-03-22 20:00:00,0,617E2950,0,,38.17,1,0,1
B034,2024-03-22 20:00:00,1,61711890,0,,23.04,1,0,1
B034,2024-03-22 21:00:00,0,617E2950,0,,38.17,1,0,1
B034,2024-03-22 21:00:00,1,61711890,0,,23.04,1,0,1
B034,2024-03-22 22:00:00,0,617E2950,0,,38.17,1,0,1
B034,2024-03-22 22:00:00,1,61711890,0,,23.04,1,0,1
B034,2024-03-22 23:00:00,0,617E2950,0,,38.17,1,0,1
B034,2024-03-22 23:00:00,1,61711890,0,,23.04,1,0,1
B034,2024-03-23 00:00:00,0,617E2950,0,,38.17,1,0,1
B034,2024-03-23 00:00:00,1,61711890,0,,23.04,1,0,1
B034,2024-03-23 01:00:00,0,617E2950,0,,38.17,1,0,1
B034,2024-03-23 01:00:00,1,61711890,0,,23.04,1,0,1
B034,2024-03-23 02:00:00,0,617E2950,0,,38.17,1,0,1
B034,2024-03-23 02:00:00,1,61711890,0,,23.04,1,0,1
B034,2024-03-23 03:00:00,0,617E2950,0,,38.17,1,0,1
B034,2024-03-23 03:00:00,1,61711890,0,,23.03,1,0,1
B034,2024-03-23 04:00:00,0,617E2950,0,,38.17,1,0,1
B034,2024-03-23 04:00:00,1,61711890,0,,23.04,1,0,1
B034,2024-03-23 05:00:00,0,617E2950,0,,38.17,1,0,1
B034,2024-03-23 05:00:00,1,61711890,0,,23.04,1,0,1
B034,2024-03-23 06:00:00,0,617E2950,0,,38.17,1,0,1
B034,2024-03-23 06:00:00,1,61711890,0,,23.04,1,0,1
B034,2024-03-23 07:00:00,0,617E2950,0,,38.17,1,0,1
B034,2024-03-23 07:00:00,1,61711890,0,,23.04,1,0,1
B034,2024-03-23 08:00:00,0,617E2950,0,,38.17,1,0,1
B034,2024-03-23 08:00:00,1,61711890,0,,23.04,1,0,1
B034,2024-03-23 09:00:00,0,617E2950,0,,38.17,1,0,1
B034,2024-03-23 09:00:00,1,61711890,0,,23.04,1,0,1
B034,2024-03-23 10:00:00,0,617E2950,0,,38.17,1,0,1
B034,2024-03-23 10:00:00,1,61711890,0,,23.04,1,0,1
B034,2024-03-23 11:00:00,0,617E2950,0,,38.17,1,0,1
B034,2024-03-23 11:00:00,1,61711890,0,,23.03,1,0,1
B034,2024-03-23 12:00:00,0,617E2950,0,,38.17,1,0,1
B034,2024-03-23 12:00:00,1,61711890,0,,23.03,1,0,1
B034,2024-03-23 13:00:00,0,617E2950,0,,38.16,1,0,1
B034,2024-03-23 13:00:00,1,61711890,0.04486422656,,23.03,1,0,1
B034,2024-03-23 14:00:00,0,617E2950,0,,38.16,1,0,1
B034,2024-03-23 14:00:00,1,61711890,0,,23.02,1,0,1
B034,2024-03-23 15:00:00,0,617E2950,0,,38.17,1,0,1
B034,2024-03-23 15:00:00,1,61711890,0,,23.02,1,0,1
B034,2024-03-23 16:00:00,0,617E2950,0,,38.17,1,0,1
B034,2024-03-23 16:00:00,1,61711890,0,,23.03,1,0,1
B034,2024-03-23 17:00:00,0,617E2950,0,,38.17,1,0,1
B034,2024-03-23 17:00:00,1,61711890,0,,23.03,1,0,1
B034,2024-03-23 18:00:00,0,617E2950,0,,38.17,1,0,1
B034,2024-03-23 18:00:00,1,61711890,0,,23.03,1,0,1
B034,2024-03-23 19:00:00,0,617E2950,0.8701570055,,38.17,1,0,1
B034,2024-03-23 19:00:00,1,61711890,0.3510990793,,23.03,1,0,1
B034,2024-03-23 20:00:00,0,617E2950,0.2842989353,,38.17,1,0,1
B034,2024-03-23 20:00:00,1,61711890,0.680623356,,23.04,1,0,1
B034,2024-03-23 21:00:00,0,617E2950,2.202043132,,38.41,1,0,1
B034,2024-03-23 21:00:00,1,61711890,1.622394525,,23.04,1,0,1
B034,2024-03-23 22:00:00,0,617E2950,4.561252081,,,1,0,0
B034,2024-03-23 22:00:00,1,61711890,2.512215538,,23.04,1,0,1
B034,2024-03-23 23:00:00,0,617E2950,1.406260708,,38.29,1,0,1
B034,2024-03-23 23:00:00,1,61711890,1.869926068,,23.04,1,0,1
B034,2024-03-24 00:00:00,0,617E2950,0.2304026366,,38.07,1,0,1
B034,2024-03-24 00:00:00,1,61711890,0.6727979524,,23.06,1,0,1
B034,2024-03-24 01:00:00,0,617E2950,0.05842638983,,38.06,1,0,1
B034,2024-03-24 01:00:00,1,61711890,0.07895906962,,24.43,1,0,1
B034,2024-03-24 02:00:00,0,617E2950,0.05058597175,,38.17,1,0,1
B034,2024-03-24 02:00:00,1,61711890,0.03052027201,,24.93,1,0,1
B034,2024-03-24 03:00:00,0,617E2950,0.01239591095,,38.2,1,0,1
B034,2024-03-24 03:00:00,1,61711890,0.0008399735487,,25.16,1,0,1
B034,2024-03-24 04:00:00,0,617E2950,0,,38.15,1,0,1
B034,2024-03-24 04:00:00,1,61711890,0,,25.26,1,0,1
B034,2024-03-24 05:00:00,0,617E2950,0,,38.09,1,0,1
B034,2024-03-24 05:00:00,1,61711890,0,,25.3,1,0,1
B034,2024-03-24 06:00:00,0,617E2950,0,,38.02,1,0,1
B034,2024-03-24 06:00:00,1,61711890,0,,25.27,1,0,1
B034,2024-03-24 07:00:00,0,617E2950,3.51215173,,37.9,1,0,1
B034,2024-03-24 07:00:00,1,61711890,4.605912298,,25.17,1,0,1
B034,2024-03-24 08:00:00,0,617E2950,0,,37.79,1,0,1
B034,2024-03-24 08:00:00,1,61711890,0,,25.02,1,0,1
B034,2024-03-24 09:00:00,0,617E2950,0,,37.73,1,0,1
B034,2024-03-24 09:00:00,1,61711890,0,,24.82,1,0,1
B034,2024-03-24 10:00:00,0,617E2950,0,,37.71,1,0,1
B034,2024-03-24 10:00:00,1,61711890,0,,24.59,1,0,1
B034,2024-03-24 11:00:00,0,617E2950,0,,37.68,1,0,1
B034,2024-03-24 11:00:00,1,61711890,0,,24.4,1,0,1
B034,2024-03-24 12:00:00,0,617E2950,0,,37.65,1,0,1
B034,2024-03-24 12:00:00,1,61711890,0,,24.23,1,0,1
B034,2024-03-24 13:00:00,0,617E2950,0,,37.61,1,0,1
B034,2024-03-24 13:00:00,1,61711890,0,,24.11,1,0,1
B034,2024-03-24 14:00:00,0,617E2950,0,,,1,0,0
B034,2024-03-24 14:00:00,1,61711890,0,,23.99,1,0,1
B034,2024-03-24 15:00:00,0,617E2950,0,,37.59,1,0,1
B034,2024-03-24 15:00:00,1,61711890,0,,23.89,1,0,1
B034,2024-03-24 16:00:00,0,617E2950,0,,37.58,1,0,1
B034,2024-03-24 16:00:00,1,61711890,0,,23.79,1,0,1
B034,2024-03-24 17:00:00,0,617E2950,0,,37.68,1,0,1
B034,2024-03-24 17:00:00,1,61711890,0,,23.65,1,0,1
B034,2024-03-24 18:00:00,0,617E2950,0,,37.91,1,0,1
B034,2024-03-24 18:00:00,1,61711890,0,,23.55,1,0,1
B034,2024-03-24 19:00:00,0,617E2950,0,,38.12,1,0,1
B034,2024-03-24 19:00:00,1,61711890,0,,23.49,1,0,1
B034,2024-03-24 20:00:00,0,617E2950,0,,38.25,1,0,1
B034,2024-03-24 20:00:00,1,61711890,0,,23.47,1,0,1
B034,2024-03-24 21:00:00,0,617E2950,0,,38.17,1,0,1
B034,2024-03-24 21:00:00,1,61711890,0,,23.46,1,0,1
B034,2024-03-24 22:00:00,0,617E2950,0.02758235185,,38,1,0,1
B034,2024-03-24 22:00:00,1,61711890,0.007662231919,,23.46,1,0,1
B034,2024-03-24 23:00:00,0,617E2950,0,,37.84,1,0,1
B034,2024-03-24 23:00:00,1,61711890,0.01829795769,,23.52,1,0,1
B034,2024-03-25 00:00:00,0,617E2950,0.04455244862,,37.71,1,0,1
B034,2024-03-25 00:00:00,1,61711890,0.1347708144,,23.62,1,0,1
B034,2024-03-25 01:00:00,0,617E2950,0.01239591095,,37.63,1,0,1
B034,2024-03-25 01:00:00,1,61711890,0,,23.65,1,0,1
B034,2024-03-25 02:00:00,0,617E2950,0.03215653767,,37.56,1,0,1
B034,2024-03-25 02:00:00,1,61711890,0.05722993001,,23.63,1,0,1
B034,2024-03-25 03:00:00,0,617E2950,0.05696058975,,37.52,1,0,1
B034,2024-03-25 03:00:00,1,61711890,0.06697791858,,23.61,1,0,1
B034,2024-03-25 04:00:00,0,617E2950,0.01681116888,,37.49,1,0,1
B034,2024-03-25 04:00:00,1,61711890,0.1187129949,,23.59,1,0,1
B034,2024-03-25 05:00:00,0,617E2950,0,,37.46,1,0,1
B034,2024-03-25 05:00:00,1,61711890,0,,23.57,1,0,1
B034,2024-03-25 06:00:00,0,617E2950,0.07593220447,,37.45,1,0,1
B034,2024-03-25 06:00:00,1,61711890,0.06109553995,,23.54,1,0,1
B034,2024-03-25 07:00:00,0,617E2950,0.3843857195,,37.44,1,0,1
B034,2024-03-25 07:00:00,1,61711890,0.416273187,,23.52,1,0,1
B034,2024-03-25 08:00:00,0,617E2950,1.501712812,,37.43,1,0,1
B034,2024-03-25 08:00:00,1,61711890,1.23370727,,23.51,1,0,1
B034,2024-03-25 09:00:00,0,617E2950,0.7151717077,,37.46,1,0,1
B034,2024-03-25 09:00:00,1,61711890,0.5270216962,,23.49,1,0,1
B034,2024-03-25 10:00:00,0,617E2950,0.07554895173,,37.43,1,0,1
B034,2024-03-25 10:00:00,1,61711890,0.07600567414,,23.46,1,0,1
B034,2024-03-25 11:00:00,0,617E2950,0,,37.39,1,0,1
B034,2024-03-25 11:00:00,1,61711890,0.01829795769,,23.41,1,0,1
B034,2024-03-25 12:00:00,0,617E2950,0.01239591095,,37.39,1,0,1
B034,2024-03-25 12:00:00,1,61711890,0,,23.42,1,0,1
B034,2024-03-25 13:00:00,0,617E2950,0,,37.41,1,0,1
B034,2024-03-25 13:00:00,1,61711890,0.02278438035,,23.51,1,0,1
B034,2024-03-25 14:00:00,0,617E2950,0.02479182191,,37.43,1,0,1
B034,2024-03-25 14:00:00,1,61711890,0,,23.53,1,0,1
B034,2024-03-25 15:00:00,0,617E2950,0,,37.45,1,0,1
B034,2024-03-25 15:00:00,1,61711890,0.0139894406,,23.5,1,0,1
B034,2024-03-25 16:00:00,0,617E2950,0,,37.51,1,0,1
B034,2024-03-25 16:00:00,1,61711890,0,,23.47,1,0,1
B034,2024-03-25 17:00:00,0,617E2950,0,,37.68,1,0,1
B034,2024-03-25 17:00:00,1,61711890,0,,23.45,1,0,1
B034,2024-03-25 18:00:00,0,617E2950,0,,37.94,1,0,1
B034,2024-03-25 18:00:00,1,61711890,0,,23.42,1,0,1
B034,2024-03-25 19:00:00,0,617E2950,0,,38.15,1,0,1
B034,2024-03-25 19:00:00,1,61711890,0,,23.4,1,0,1
B034,2024-03-25 20:00:00,0,617E2950,0,,38.28,1,0,1
B034,2024-03-25 20:00:00,1,61711890,0,,23.38,1,0,1
B034,2024-03-25 21:00:00,0,617E2950,0,,38.33,1,0,1
B034,2024-03-25 21:00:00,1,61711890,0,,23.37,1,0,1
B034,2024-03-25 22:00:00,0,617E2950,0,,38.34,1,0,1
B034,2024-03-25 22:00:00,1,61711890,0,,23.36,1,0,1
B034,2024-03-25 23:00:00,0,617E2950,0,,38.34,1,0,1
B034,2024-03-25 23:00:00,1,61711890,0,,23.4,1,0,1
B034,2024-03-26 00:00:00,0,617E2950,0,,38.34,1,0,1
B034,2024-03-26 00:00:00,1,61711890,0,,23.44,1,0,1
B034,2024-03-26 01:00:00,0,617E2950,0,,38.33,1,0,1
B034,2024-03-26 01:00:00,1,61711890,0,,23.46,1,0,1
B034,2024-03-26 02:00:00,0,617E2950,0,,38.33,1,0,1
B034,2024-03-26 02:00:00,1,61711890,0,,23.46,1,0,1
B034,2024-03-26 03:00:00,0,617E2950,0,,38.33,1,0,1
B034,2024-03-26 03:00:00,1,61711890,0,,23.45,1,0,1
B034,2024-03-26 04:00:00,0,617E2950,0,,38.33,1,0,1
B034,2024-03-26 04:00:00,1,61711890,0,,23.44,1,0,1
B034,2024-03-26 05:00:00,0,617E2950,0,,38.32,1,0,1
B034,2024-03-26 05:00:00,1,61711890,0,,23.44,1,0,1
B034,2024-03-26 06:00:00,0,617E2950,0,,38.32,1,0,1
B034,2024-03-26 06:00:00,1,61711890,0,,23.42,1,0,1
B034,2024-03-26 07:00:00,0,617E2950,0.3866568842,,38.32,1,0,1
B034,2024-03-26 07:00:00,1,61711890,1.044960153,,23.41,1,0,1
B034,2024-03-26 08:00:00,0,617E2950,0,,38.31,1,0,1
B034,2024-03-26 08:00:00,1,61711890,0,,23.4,1,0,1
B034,2024-03-26 09:00:00,0,617E2950,0,,38.31,1,0,1
B034,2024-03-26 09:00:00,1,61711890,0,,23.4,1,0,1
B034,2024-03-26 10:00:00,0,617E2950,0,,38.31,1,0,1
B034,2024-03-26 10:00:00,1,61711890,0,,23.39,1,0,1
B034,2024-03-26 11:00:00,0,617E2950,0,,38.3,1,0,1
B034,2024-03-26 11:00:00,1,61711890,0,,23.38,1,0,1
B034,2024-03-26 12:00:00,0,617E2950,0.01239591095,,38.3,1,0,1
B034,2024-03-26 12:00:00,1,61711890,0,,23.38,1,0,1
B034,2024-03-26 13:00:00,0,617E2950,0,,38.29,1,0,1
B034,2024-03-26 13:00:00,1,61711890,0,,23.37,1,0,1
B034,2024-03-26 14:00:00,0,617E2950,0,,38.29,1,0,1
B034,2024-03-26 14:00:00,1,61711890,0,,23.36,1,0,1
B034,2024-03-26 15:00:00,0,617E2950,0,,38.29,1,0,1
B034,2024-03-26 15:00:00,1,61711890,0,,23.36,1,0,1
B034,2024-03-26 16:00:00,0,617E2950,0,,38.28,1,0,1
B034,2024-03-26 16:00:00,1,61711890,0,,23.35,1,0,1
B034,2024-03-26 17:00:00,0,617E2950,0,,38.28,1,0,1
B034,2024-03-26 17:00:00,1,61711890,0,,23.34,1,0,1
B034,2024-03-26 18:00:00,0,617E2950,0,,38.28,1,0,1
B034,2024-03-26 18:00:00,1,61711890,0,,23.33,1,0,1
B034,2024-03-26 19:00:00,0,617E2950,0,,38.26,1,0,1
B034,2024-03-26 19:00:00,1,61711890,0,,23.31,1,0,1
B034,2024-03-26 20:00:00,0,617E2950,0,,38.23,1,0,1
B034,2024-03-26 20:00:00,1,61711890,0,,23.31,1,0,1
B034,2024-03-26 21:00:00,0,617E2950,0,,38.23,1,0,1
B034,2024-03-26 21:00:00,1,61711890,0,,23.3,1,0,1
B034,2024-03-26 22:00:00,0,617E2950,0,,38.24,1,0,1
B034,2024-03-26 22:00:00,1,61711890,0,,23.3,1,0,1
B034,2024-03-26 23:00:00,0,617E2950,0,,38.25,1,0,1
B034,2024-03-26 23:00:00,1,61711890,0,,23.28,1,0,1
B034,2024-03-27 00:00:00,0,617E2950,0,,38.26,1,0,1
B034,2024-03-27 00:00:00,1,61711890,0,,23.26,1,0,1
B034,2024-03-27 01:00:00,0,617E2950,0,,38.26,1,0,1
B034,2024-03-27 01:00:00,1,61711890,0,,23.25,1,0,1
B034,2024-03-27 02:00:00,0,617E2950,0,,38.26,1,0,1
B034,2024-03-27 02:00:00,1,61711890,0,,23.25,1,0,1
B034,2024-03-27 03:00:00,0,617E2950,0,,38.26,1,0,1
B034,2024-03-27 03:00:00,1,61711890,0,,23.25,1,0,1
B034,2024-03-27 04:00:00,0,617E2950,0,,38.26,1,0,1
B034,2024-03-27 04:00:00,1,61711890,0,,23.26,1,0,1
B034,2024-03-27 05:00:00,0,617E2950,0,,38.26,1,0,1
B034,2024-03-27 05:00:00,1,61711890,0,,23.26,1,0,1
B034,2024-03-27 06:00:00,0,617E2950,0.0001589278992,,38.26,1,0,1
B034,2024-03-27 06:00:00,1,61711890,0,,23.26,1,0,1
B034,2024-03-27 07:00:00,0,617E2950,0,,38.26,1,0,1
B034,2024-03-27 07:00:00,1,61711890,0,,23.25,1,0,1
B034,2024-03-27 08:00:00,0,617E2950,0.01518644089,,38.26,1,0,1
B034,2024-03-27 08:00:00,1,61711890,0.007662231919,,23.25,1,0,1
B034,2024-03-27 09:00:00,0,617E2950,0,,38.26,1,0,1
B034,2024-03-27 09:00:00,1,61711890,0.04189868762,,23.25,1,0,1
B034,2024-03-27 10:00:00,0,617E2950,0,,38.26,1,0,1
B034,2024-03-27 10:00:00,1,61711890,0.0008399735487,,23.24,1,0,1
B034,2024-03-27 11:00:00,0,617E2950,0,,38.26,1,0,1
B034,2024-03-27 11:00:00,1,61711890,0,,23.24,1,0,1
B034,2024-03-27 12:00:00,0,617E2950,0,,38.25,1,0,1
B034,2024-03-27 12:00:00,1,61711890,0,,23.24,1,0,1
B034,2024-03-27 13:00:00,0,617E2950,0,,38.25,1,0,1
B034,2024-03-27 13:00:00,1,61711890,0,,23.25,1,0,1
B034,2024-03-27 14:00:00,0,617E2950,0,,38.25,1,0,1
B034,2024-03-27 14:00:00,1,61711890,0,,23.25,1,0,1
B034,2024-03-27 15:00:00,0,617E2950,0,,38.25,1,0,1
B034,2024-03-27 15:00:00,1,61711890,0,,23.25,1,0,1
B034,2024-03-27 16:00:00,0,617E2950,0,,38.25,1,0,1
B034,2024-03-27 16:00:00,1,61711890,0,,23.24,1,0,1
B034,2024-03-27 17:00:00,0,617E2950,0,,38.25,1,0,1
B034,2024-03-27 17:00:00,1,61711890,0,,23.24,1,0,1
B034,2024-03-27 18:00:00,0,617E2950,0.06074576358,,38.24,1,0,1
B034,2024-03-27 18:00:00,1,61711890,0.03064892768,,23.24,1,0,1
B034,2024-03-27 19:00:00,0,617E2950,0.0004767836977,,38.24,1,0,1
B034,2024-03-27 19:00:00,1,61711890,0.06982098928,,23.23,1,0,1
B034,2024-03-27 20:00:00,0,617E2950,0,,38.15,1,0,1
B034,2024-03-27 20:00:00,1,61711890,0.0241550964,,23.22,1,0,1
B034,2024-03-27 21:00:00,0,617E2950,0.1670508498,,37.76,1,0,1
B034,2024-03-27 21:00:00,1,61711890,0.08428455111,,23.22,1,0,1
B034,2024-03-27 22:00:00,0,617E2950,0.2468682219,,37.72,1,0,1
B034,2024-03-27 22:00:00,1,61711890,0.180244573,,23.22,1,0,1
B034,2024-03-27 23:00:00,0,617E2950,1.464079024,,37.75,1,0,1
B034,2024-03-27 23:00:00,1,61711890,1.579215328,,23.46,1,0,1
B034,2024-03-28 00:00:00,0,617E2950,1.693666776,,37.87,1,0,1
B034,2024-03-28 00:00:00,1,61711890,1.450747303,,23.44,1,0,1
B034,2024-03-28 01:00:00,0,617E2950,0.2667829645,,37.74,1,0,1
B034,2024-03-28 01:00:00,1,61711890,0.2137013999,,23.34,1,0,1
B034,2024-03-28 02:00:00,0,617E2950,0,,37.69,1,0,1
B034,2024-03-28 02:00:00,1,61711890,0,,23.29,1,0,1
B034,2024-03-28 03:00:00,0,617E2950,0,,37.61,1,0,1
B034,2024-03-28 03:00:00,1,61711890,0,,23.86,1,0,1
B034,2024-03-28 04:00:00,0,617E2950,0,,37.57,1,0,1
B034,2024-03-28 04:00:00,1,61711890,0,,24.05,1,0,1
B034,2024-03-28 05:00:00,0,617E2950,0,,37.55,1,0,1
B034,2024-03-28 05:00:00,1,61711890,0,,23.95,1,0,1
B034,2024-03-28 06:00:00,0,617E2950,0,,37.54,1,0,1
B034,2024-03-28 06:00:00,1,61711890,0,,23.81,1,0,1
B034,2024-03-28 07:00:00,0,617E2950,2.803907402,,37.51,1,0,1
B034,2024-03-28 07:00:00,1,61711890,2.623530228,,23.73,1,0,1
B034,2024-03-28 08:00:00,0,617E2950,0,,,1,0,0
B034,2024-03-28 08:00:00,1,61711890,0,,23.68,1,0,1
B034,2024-03-28 09:00:00,0,617E2950,0.01239591095,,37.48,1,0,1
B034,2024-03-28 09:00:00,1,61711890,0.01829795769,,23.63,1,0,1
B034,2024-03-28 10:00:00,0,617E2950,0,,37.47,1,0,1
B034,2024-03-28 10:00:00,1,61711890,0,,23.55,1,0,1
B034,2024-03-28 11:00:00,0,617E2950,0,,37.52,1,0,1
B034,2024-03-28 11:00:00,1,61711890,0,,23.45,1,0,1
B034,2024-03-28 12:00:00,0,617E2950,0,,37.67,1,0,1
B034,2024-03-28 12:00:00,1,61711890,0.01829795769,,23.38,1,0,1
B034,2024-03-28 13:00:00,0,617E2950,0,,37.9,1,0,1
B034,2024-03-28 13:00:00,1,61711890,0,,23.35,1,0,1
B034,2024-03-28 14:00:00,0,617E2950,0,,38.04,1,0,1
B034,2024-03-28 14:00:00,1,61711890,0,,23.33,1,0,1
B034,2024-03-28 15:00:00,0,617E2950,0,,38.18,1,0,1
B034,2024-03-28 15:00:00,1,61711890,0,,23.31,1,0,1
B034,2024-03-28 16:00:00,0,617E2950,0,,38.27,1,0,1
B034,2024-03-28 16:00:00,1,61711890,0,,23.3,1,0,1
B034,2024-03-28 17:00:00,0,617E2950,0,,38.3,1,0,1
B034,2024-03-28 17:00:00,1,61711890,0,,23.3,1,0,1
B034,2024-03-28 18:00:00,0,617E2950,0,,38.31,1,0,1
B034,2024-03-28 18:00:00,1,61711890,0,,23.29,1,0,1
B034,2024-03-28 19:00:00,0,617E2950,0,,38.32,1,0,1
B034,2024-03-28 19:00:00,1,61711890,0,,23.31,1,0,1
B034,2024-03-28 20:00:00,0,617E2950,0,,38.23,1,0,1
B034,2024-03-28 20:00:00,1,61711890,0,,23.35,1,0,1
B034,2024-03-28 21:00:00,0,617E2950,0.01518644089,,38.19,1,0,1
B034,2024-03-28 21:00:00,1,61711890,0.007662231919,,23.38,1,0,1
B034,2024-03-28 22:00:00,0,617E2950,0,,38.17,1,0,1
B034,2024-03-28 22:00:00,1,61711890,0,,23.38,1,0,1
B034,2024-03-28 23:00:00,0,617E2950,0,,38.17,1,0,1
B034,2024-03-28 23:00:00,1,61711890,0,,23.36,1,0,1
B034,2024-03-29 00:00:00,0,617E2950,0,,38.22,1,0,1
B034,2024-03-29 00:00:00,1,61711890,0,,23.31,1,0,1
B034,2024-03-29 01:00:00,0,617E2950,0,,38.26,1,0,1
B034,2024-03-29 01:00:00,1,61711890,0.03659591538,,23.28,1,0,1
B034,2024-03-29 02:00:00,0,617E2950,0,,38.28,1,0,1
B034,2024-03-29 02:00:00,1,61711890,0.03659591538,,23.25,1,0,1
B034,2024-03-29 03:00:00,0,617E2950,0,,38.28,1,0,1
B034,2024-03-29 03:00:00,1,61711890,0,,23.25,1,0,1
B034,2024-03-29 04:00:00,0,617E2950,0,,38.28,1,0,1
B034,2024-03-29 04:00:00,1,61711890,0,,23.25,1,0,1
B034,2024-03-29 05:00:00,0,617E2950,0,,38.28,1,0,1
B034,2024-03-29 05:00:00,1,61711890,0,,23.28,1,0,1
B034,2024-03-29 06:00:00,0,617E2950,0,,38.28,1,0,1
B034,2024-03-29 06:00:00,1,61711890,0,,23.3,1,0,1
B034,2024-03-29 07:00:00,0,617E2950,0,,38.28,1,0,1
B034,2024-03-29 07:00:00,1,61711890,0.07319183077,,23.3,1,0,1
B034,2024-03-29 08:00:00,0,617E2950,0,,38.28,1,0,1
B034,2024-03-29 08:00:00,1,61711890,0,,23.3,1,0,1
B034,2024-03-29 09:00:00,0,617E2950,0,,38.28,1,0,1
B034,2024-03-29 09:00:00,1,61711890,0.004486422656,,23.3,1,0,1
B034,2024-03-29 10:00:00,0,617E2950,0,,38.27,1,0,1
B034,2024-03-29 10:00:00,1,61711890,0,,23.29,1,0,1
B034,2024-03-29 11:00:00,0,617E2950,0,,38.27,1,0,1
B034,2024-03-29 11:00:00,1,61711890,0,,23.29,1,0,1
B034,2024-03-29 12:00:00,0,617E2950,0.01239591095,,38.27,1,0,1
B034,2024-03-29 12:00:00,1,61711890,0,,23.29,1,0,1
B034,2024-03-29 13:00:00,0,617E2950,0,,38.26,1,0,1
B034,2024-03-29 13:00:00,1,61711890,0,,23.28,1,0,1
B034,2024-03-29 14:00:00,0,617E2950,0.01239591095,,38.26,1,0,1
B034,2024-03-29 14:00:00,1,61711890,0,,23.28,1,0,1
B034,2024-03-29 15:00:00,0,617E2950,0,,38.25,1,0,1
B034,2024-03-29 15:00:00,1,61711890,0,,23.29,1,0,1
B034,2024-03-29 16:00:00,0,617E2950,0,,38.25,1,0,1
B034,2024-03-29 16:00:00,1,61711890,0,,23.28,1,0,1
B034,2024-03-29 17:00:00,0,617E2950,0,,38.25,1,0,1
B034,2024-03-29 17:00:00,1,61711890,0,,23.27,1,0,1
B034,2024-03-29 18:00:00,0,617E2950,0,,38.25,1,0,1
B034,2024-03-29 18:00:00,1,61711890,0,,23.25,1,0,1
B034,2024-03-29 19:00:00,0,617E2950,0,,38.24,1,0,1
B034,2024-03-29 19:00:00,1,61711890,0,,23.24,1,0,1
B034,2024-03-29 20:00:00,0,617E2950,0,,38.24,1,0,1
B034,2024-03-29 20:00:00,1,61711890,0,,23.24,1,0,1
B034,2024-03-29 21:00:00,0,617E2950,0,,38.24,1,0,1
B034,2024-03-29 21:00:00,1,61711890,0,,23.23,1,0,1
B034,2024-03-29 22:00:00,0,617E2950,0,,38.24,1,0,1
B034,2024-03-29 22:00:00,1,61711890,0,,23.22,1,0,1
B034,2024-03-29 23:00:00,0,617E2950,0,,38.24,1,0,1
B034,2024-03-29 23:00:00,1,61711890,0,,23.22,1,0,1
B034,2024-03-30 00:00:00,0,617E2950,0,,38.24,1,0,1
B034,2024-03-30 00:00:00,1,61711890,0,,23.22,1,0,1
B034,2024-03-30 01:00:00,0,617E2950,0,,38.24,1,0,1
B034,2024-03-30 01:00:00,1,61711890,0,,23.21,1,0,1
B034,2024-03-30 02:00:00,0,617E2950,0,,38.24,1,0,1
B034,2024-03-30 02:00:00,1,61711890,0,,23.2,1,0,1
B034,2024-03-30 03:00:00,0,617E2950,0,,38.23,1,0,1
B034,2024-03-30 03:00:00,1,61711890,0,,23.2,1,0,1
B034,2024-03-30 04:00:00,0,617E2950,0,,38.23,1,0,1
B034,2024-03-30 04:00:00,1,61711890,0,,23.2,1,0,1
B034,2024-03-30 05:00:00,0,617E2950,0,,38.23,1,0,1
B034,2024-03-30 05:00:00,1,61711890,0,,23.2,1,0,1
B034,2024-03-30 06:00:00,0,617E2950,0,,38.23,1,0,1
B034,2024-03-30 06:00:00,1,61711890,0,,23.2,1,0,1
B034,2024-03-30 07:00:00,0,617E2950,0,,38.23,1,0,1
B034,2024-03-30 07:00:00,1,61711890,0,,23.2,1,0,1
B034,2024-03-30 08:00:00,0,617E2950,0,,38.23,1,0,1
B034,2024-03-30 08:00:00,1,61711890,0,,23.19,1,0,1
B034,2024-03-30 09:00:00,0,617E2950,0,,38.23,1,0,1
B034,2024-03-30 09:00:00,1,61711890,0,,23.19,1,0,1
B034,2024-03-30 10:00:00,0,617E2950,0,,38.23,1,0,1
B034,2024-03-30 10:00:00,1,61711890,0,,23.18,1,0,1
B034,2024-03-30 11:00:00,0,617E2950,0,,38.23,1,0,1
B034,2024-03-30 11:00:00,1,61711890,0,,23.18,1,0,1
B034,2024-03-30 12:00:00,0,617E2950,0,,38.23,1,0,1
B034,2024-03-30 12:00:00,1,61711890,0,,23.18,1,0,1
B034,2024-03-30 13:00:00,0,617E2950,0,,38.23,1,0,1
B034,2024-03-30 13:00:00,1,61711890,0,,23.17,1,0,1
B034,2024-03-30 14:00:00,0,617E2950,0,,38.23,1,0,1
B034,2024-03-30 14:00:00,1,61711890,0,,23.18,1,0,1
B034,2024-03-30 15:00:00,0,617E2950,0,,38.23,1,0,1
B034,2024-03-30 15:00:00,1,61711890,0,,23.18,1,0,1
B034,2024-03-30 16:00:00,0,617E2950,0,,38.23,1,0,1
B034,2024-03-30 16:00:00,1,61711890,0,,23.17,1,0,1
B034,2024-03-30 17:00:00,0,617E2950,0,,38.23,1,0,1
B034,2024-03-30 17:00:00,1,61711890,0,,23.17,1,0,1
B034,2024-03-30 18:00:00,0,617E2950,0,,38.23,1,0,1
B034,2024-03-30 18:00:00,1,61711890,0,,23.17,1,0,1
B034,2024-03-30 19:00:00,0,617E2950,0,,38.23,1,0,1
B034,2024-03-30 19:00:00,1,61711890,0,,23.17,1,0,1
B034,2024-03-30 20:00:00,0,617E2950,0,,38.23,1,0,1
B034,2024-03-30 20:00:00,1,61711890,0,,23.16,1,0,1
B034,2024-03-30 21:00:00,0,617E2950,0.1822372907,,38.23,1,0,1
B034,2024-03-30 21:00:00,1,61711890,0.09194678303,,23.16,1,0,1
B034,2024-03-30 22:00:00,0,617E2950,1.446618724,,38.23,1,0,1
B034,2024-03-30 22:00:00,1,61711890,0.8382584174,,23.15,1,0,1
B034,2024-03-30 23:00:00,0,617E2950,2.531074797,,38.01,1,0,1
B034,2024-03-30 23:00:00,1,61711890,5.199964454,,23.16,1,0,1
B034,2024-03-31 00:00:00,0,617E2950,1.269009664,,37.86,1,0,1
B034,2024-03-31 00:00:00,1,61711890,1.541347507,,23.18,1,0,1
B034,2024-03-31 01:00:00,0,617E2950,0.2003946146,,37.78,1,0,1
B034,2024-03-31 01:00:00,1,61711890,0.1174221854,,23.21,1,0,1
B034,2024-03-31 02:00:00,0,617E2950,0,,37.67,1,0,1
B034,2024-03-31 02:00:00,1,61711890,0,,23.94,1,0,1
B034,2024-03-31 03:00:00,0,617E2950,0,,37.69,1,0,1
B034,2024-03-31 03:00:00,1,61711890,0.03755465907,,24.26,1,0,1
B034,2024-03-31 04:00:00,0,617E2950,0,,37.77,1,0,1
B034,2024-03-31 04:00:00,1,61711890,0,,24.25,1,0,1
B034,2024-03-31 05:00:00,0,617E2950,0,,37.8,1,0,1
B034,2024-03-31 05:00:00,1,61711890,0,,24.16,1,0,1
B034,2024-03-31 06:00:00,0,617E2950,0,,37.8,1,0,1
B034,2024-03-31 06:00:00,1,61711890,0,,24.16,1,0,1
B034,2024-03-31 07:00:00,0,617E2950,2.743158624,,37.77,1,0,1
B034,2024-03-31 07:00:00,1,61711890,4.115947432,,24.18,1,0,1
B034,2024-03-31 08:00:00,0,617E2950,0.01239591095,,37.75,1,0,1
B034,2024-03-31 08:00:00,1,61711890,0,,24.16,1,0,1
B034,2024-03-31 09:00:00,0,617E2950,0,,37.73,1,0,1
B034,2024-03-31 09:00:00,1,61711890,0,,24.12,1,0,1
B034,2024-03-31 10:00:00,0,617E2950,0.01518644089,,37.71,1,0,1
B034,2024-03-31 10:00:00,1,61711890,0.007662231919,,24.07,1,0,1
B034,2024-03-31 11:00:00,0,617E2950,0,,37.68,1,0,1
B034,2024-03-31 11:00:00,1,61711890,0,,23.98,1,0,1
B034,2024-03-31 12:00:00,0,617E2950,0,,37.65,1,0,1
B034,2024-03-31 12:00:00,1,61711890,0,,23.88,1,0,1
B034,2024-03-31 13:00:00,0,617E2950,0,,37.63,1,0,1
B034,2024-03-31 13:00:00,1,61711890,0,,23.85,1,0,1
B034,2024-03-31 14:00:00,0,617E2950,0,,37.61,1,0,1
B034,2024-03-31 14:00:00,1,61711890,0,,23.84,1,0,1
B034,2024-03-31 15:00:00,0,617E2950,0,,37.59,1,0,1
B034,2024-03-31 15:00:00,1,61711890,0,,23.81,1,0,1
B034,2024-03-31 16:00:00,0,617E2950,0,,37.58,1,0,1
B034,2024-03-31 16:00:00,1,61711890,0,,23.78,1,0,1
B034,2024-03-31 17:00:00,0,617E2950,0,,37.55,1,0,1
B034,2024-03-31 17:00:00,1,61711890,0,,23.74,1,0,1
B034,2024-03-31 18:00:00,0,617E2950,0,,37.54,1,0,1
B034,2024-03-31 18:00:00,1,61711890,0,,23.69,1,0,1
B034,2024-03-31 19:00:00,0,617E2950,0,,37.52,1,0,1
B034,2024-03-31 19:00:00,1,61711890,0,,23.64,1,0,1
B034,2024-03-31 20:00:00,0,617E2950,0,,37.51,1,0,1
B034,2024-03-31 20:00:00,1,61711890,0,,23.61,1,0,1
B034,2024-03-31 21:00:00,0,617E2950,0,,37.49,1,0,1
B034,2024-03-31 21:00:00,1,61711890,0,,23.59,1,0,1
B034,2024-03-31 22:00:00,0,617E2950,0,,37.48,1,0,1
B034,2024-03-31 22:00:00,1,61711890,0,,23.57,1,0,1
B034,2024-03-31 23:00:00,0,617E2950,0,,37.48,1,0,1
B034,2024-03-31 23:00:00,1,61711890,0,,23.56,1,0,1
B034,2024-04-01 00:00:00,0,617E2950,0,,37.47,1,0,1
B034,2024-04-01 00:00:00,1,61711890,0,,23.54,1,0,1
B034,2024-04-01 01:00:00,0,617E2950,0,,37.46,1,0,1
B034,2024-04-01 01:00:00,1,61711890,0,,23.52,1,0,1
B034,2024-04-01 02:00:00,0,617E2950,0,,37.45,1,0,1
B034,2024-04-01 02:00:00,1,61711890,0,,23.5,1,0,1
B034,2024-04-01 03:00:00,0,617E2950,0,,37.44,1,0,1
B034,2024-04-01 03:00:00,1,61711890,0,,23.47,1,0,1
B034,2024-04-01 04:00:00,0,617E2950,0,,37.43,1,0,1
B034,2024-04-01 04:00:00,1,61711890,0,,23.46,1,0,1
B034,2024-04-01 05:00:00,0,617E2950,0,,37.43,1,0,1
B034,2024-04-01 05:00:00,1,61711890,0,,23.45,1,0,1
B034,2024-04-01 06:00:00,0,617E2950,0,,37.42,1,0,1
B034,2024-04-01 06:00:00,1,61711890,0,,23.44,1,0,1
B034,2024-04-01 07:00:00,0,617E2950,0,,37.42,1,0,1
B034,2024-04-01 07:00:00,1,61711890,0,,23.42,1,0,1
B034,2024-04-01 08:00:00,0,617E2950,0,,37.41,1,0,1
B034,2024-04-01 08:00:00,1,61711890,0,,23.41,1,0,1
B034,2024-04-01 09:00:00,0,617E2950,0,,37.41,1,0,1
B034,2024-04-01 09:00:00,1,61711890,0,,23.4,1,0,1
B034,2024-04-01 10:00:00,0,617E2950,0.01697009678,,37.41,1,0,1
B034,2024-04-01 10:00:00,1,61711890,0.07260274393,,23.39,1,0,1
B034,2024-04-01 11:00:00,0,617E2950,0.2277966134,,37.4,1,0,1
B034,2024-04-01 11:00:00,1,61711890,0.1340122746,,23.39,1,0,1
B034,2024-04-01 12:00:00,0,617E2950,0.4057378878,,37.4,1,0,1
B034,2024-04-01 12:00:00,1,61711890,0.5630511651,,23.39,1,0,1
B034,2024-04-01 13:00:00,0,617E2950,0.07097476591,,37.4,1,0,1
B034,2024-04-01 13:00:00,1,61711890,0.04186317616,,23.41,1,0,1
B034,2024-04-01 14:00:00,0,617E2950,0.01518644089,,37.4,1,0,1
B034,2024-04-01 14:00:00,1,61711890,0.007662231919,,23.45,1,0,1
B034,2024-04-01 15:00:00,0,617E2950,0,,37.4,1,0,1
B034,2024-04-01 15:00:00,1,61711890,0,,23.46,1,0,1
B034,2024-04-01 16:00:00,0,617E2950,0,,37.4,1,0,1
B034,2024-04-01 16:00:00,1,61711890,0,,23.46,1,0,1
B034,2024-04-01 17:00:00,0,617E2950,0,,37.4,1,0,1
B034,2024-04-01 17:00:00,1,61711890,0,,23.46,1,0,1
B034,2024-04-01 18:00:00,0,617E2950,0,,37.4,1,0,1
B034,2024-04-01 18:00:00,1,61711890,0,,23.45,1,0,1
B034,2024-04-01 19:00:00,0,617E2950,0,,37.4,1,0,1
B034,2024-04-01 19:00:00,1,61711890,0,,23.42,1,0,1
B034,2024-04-01 20:00:00,0,617E2950,0,,37.39,1,0,1
B034,2024-04-01 20:00:00,1,61711890,0,,23.41,1,0,1
B034,2024-04-01 21:00:00,0,617E2950,0,,37.37,1,0,1
B034,2024-04-01 21:00:00,1,61711890,0.1932407712,,23.39,1,0,1
B034,2024-04-01 22:00:00,0,617E2950,0.1934796299,,,1,0,0
B034,2024-04-01 22:00:00,1,61711890,0.1370100602,,23.38,1,0,1
B034,2024-04-01 23:00:00,0,617E2950,1.907698043,,37.37,1,0,1
B034,2024-04-01 23:00:00,1,61711890,1.0066617,,23.38,1,0,1
B034,2024-04-02 00:00:00,0,617E2950,2.420443316,,37.57,1,0,1
B034,2024-04-02 00:00:00,1,61711890,2.34149738,,23.36,1,0,1
B034,2024-04-02 01:00:00,0,617E2950,0.7949893926,,37.5,1,0,1
B034,2024-04-02 01:00:00,1,61711890,2.41960312,,23.38,1,0,1
B034,2024-04-02 02:00:00,0,617E2950,3.277020783,,37.51,1,0,1
B034,2024-04-02 02:00:00,1,61711890,4.144844042,,23.49,1,0,1
B034,2024-04-02 03:00:00,0,617E2950,0.4568411079,,37.65,1,0,1
B034,2024-04-02 03:00:00,1,61711890,0.6526578589,,23.92,1,0,1
B034,2024-04-02 04:00:00,0,617E2950,0.09274337335,,37.69,1,0,1
B034,2024-04-02 04:00:00,1,61711890,0.1843908364,,24.43,1,0,1
B034,2024-04-02 05:00:00,0,617E2950,0.3756431071,,37.86,1,0,1
B034,2024-04-02 05:00:00,1,61711890,0.2489421847,,24.85,1,0,1
B034,2024-04-02 06:00:00,0,617E2950,0.5330913081,,37.98,1,0,1
B034,2024-04-02 06:00:00,1,61711890,0.4333651916,,25.11,1,0,1
B034,2024-04-02 07:00:00,0,617E2950,0.2574832091,,38.05,1,0,1
B034,2024-04-02 07:00:00,1,61711890,2.513693248,,,1,0,0
B034,2024-04-02 08:00:00,0,617E2950,0.5241859542,,38.23,1,0,1
B034,2024-04-02 08:00:00,1,61711890,0.3973209918,,,1,0,0
B034,2024-04-02 09:00:00,0,617E2950,0.3069709386,,38.14,1,0,1
B034,2024-04-02 09:00:00,1,61711890,0.2893605037,,25.12,1,0,1
B034,2024-04-02 10:00:00,0,617E2950,0.9762461631,,38.07,1,0,1
B034,2024-04-02 10:00:00,1,61711890,0.7740932847,,25.15,1,0,1
B034,2024-04-02 11:00:00,0,617E2950,0.2297419294,,38.05,1,0,1
B034,2024-04-02 11:00:00,1,61711890,0.3162629662,,25.12,1,0,1
B034,2024-04-02 12:00:00,0,617E2950,0.01239591095,,38.01,1,0,1
B034,2024-04-02 12:00:00,1,61711890,0.01847586326,,25.07,1,0,1
B034,2024-04-02 13:00:00,0,617E2950,0,,37.99,1,0,1
B034,2024-04-02 13:00:00,1,61711890,0.0260669888,,25.02,1,0,1
B034,2024-04-02 14:00:00,0,617E2950,0,,37.96,1,0,1
B034,2024-04-02 14:00:00,1,61711890,0.120775482,,24.96,1,0,1
B034,2024-04-02 15:00:00,0,617E2950,0,,37.93,1,0,1
B034,2024-04-02 15:00:00,1,61711890,0,,24.89,1,0,1
B034,2024-04-02 16:00:00,0,617E2950,0,,37.88,1,0,1
B034,2024-04-02 16:00:00,1,61711890,0.0362326446,,24.81,1,0,1
B034,2024-04-02 17:00:00,0,617E2950,0,,37.85,1,0,1
B034,2024-04-02 17:00:00,1,61711890,0,,24.71,1,0,1
B034,2024-04-02 18:00:00,0,617E2950,0,,37.81,1,0,1
B034,2024-04-02 18:00:00,1,61711890,0.0139894406,,24.6,1,0,1
B034,2024-04-02 19:00:00,0,617E2950,0,,37.78,1,0,1
B034,2024-04-02 19:00:00,1,61711890,0.1449305784,,24.51,1,0,1
B034,2024-04-02 20:00:00,0,617E2950,0.01681116888,,37.75,1,0,1
B034,2024-04-02 20:00:00,1,61711890,0.02058653221,,24.43,1,0,1
B034,2024-04-02 21:00:00,0,617E2950,0.01518644089,,37.72,1,0,1
B034,2024-04-02 21:00:00,1,61711890,0.02680016316,,24.35,1,0,1
B034,2024-04-02 22:00:00,0,617E2950,0.0001589278992,,37.7,1,0,1
B034,2024-04-02 22:00:00,1,61711890,0.02356521847,,24.27,1,0,1
B034,2024-04-02 23:00:00,0,617E2950,0,,37.68,1,0,1
B034,2024-04-02 23:00:00,1,61711890,0.03228739829,,24.21,1,0,1
B034,2024-04-03 00:00:00,0,617E2950,0,,37.65,1,0,1
B034,2024-04-03 00:00:00,1,61711890,0.01667167237,,24.15,1,0,1
B034,2024-04-03 01:00:00,0,617E2950,0,,37.64,1,0,1
B034,2024-04-03 01:00:00,1,61711890,0,,24.09,1,0,1
B034,2024-04-03 02:00:00,0,617E2950,0.01681116888,,37.63,1,0,1
B034,2024-04-03 02:00:00,1,61711890,0.01526013601,,24.03,1,0,1
B034,2024-04-03 03:00:00,0,617E2950,0,,37.61,1,0,1
B034,2024-04-03 03:00:00,1,61711890,0.004486422656,,23.98,1,0,1
B034,2024-04-03 04:00:00,0,617E2950,0,,,1,0,0
B034,2024-04-03 04:00:00,1,61711890,0,,23.94,1,0,1
B034,2024-04-03 05:00:00,0,617E2950,0,,37.58,1,0,1
B034,2024-04-03 05:00:00,1,61711890,0,,23.89,1,0,1
B034,2024-04-03 06:00:00,0,617E2950,0,,37.57,1,0,1
B034,2024-04-03 06:00:00,1,61711890,0,,23.86,1,0,1
B034,2024-04-03 07:00:00,0,617E2950,0.3866568842,,37.55,1,0,1
B034,2024-04-03 07:00:00,1,61711890,1.27306676,,23.82,1,0,1
B034,2024-04-03 08:00:00,0,617E2950,0,,37.54,1,0,1
B034,2024-04-03 08:00:00,1,61711890,0.0139894406,,23.79,1,0,1
B034,2024-04-03 09:00:00,0,617E2950,0,,37.51,1,0,1
B034,2024-04-03 09:00:00,1,61711890,0,,23.76,1,0,1
B034,2024-04-03 10:00:00,0,617E2950,0.01239591095,,37.38,1,0,1
B034,2024-04-03 10:00:00,1,61711890,0,,23.73,1,0,1
B034,2024-04-03 11:00:00,0,617E2950,0,,,1,0,0
B034,2024-04-03 11:00:00,1,61711890,0,,23.69,1,0,1
B034,2024-04-03 12:00:00,0,617E2950,0,,37.36,1,0,1
B034,2024-04-03 12:00:00,1,61711890,0,,23.61,1,0,1
B034,2024-04-03 13:00:00,0,617E2950,0,,37.34,1,0,1
B034,2024-04-03 13:00:00,1,61711890,0,,23.49,1,0,1
B034,2024-04-03 14:00:00,0,617E2950,0,,37.33,1,0,1
B034,2024-04-03 14:00:00,1,61711890,0,,23.43,1,0,1
B034,2024-04-03 15:00:00,0,617E2950,0,,37.36,1,0,1
B034,2024-04-03 15:00:00,1,61711890,0,,23.4,1,0,1
B034,2024-04-03 16:00:00,0,617E2950,0.05857885495,,37.41,1,0,1
B034,2024-04-03 16:00:00,1,61711890,0,,23.38,1,0,1
B034,2024-04-03 17:00:00,0,617E2950,0,,37.46,1,0,1
B034,2024-04-03 17:00:00,1,61711890,0,,23.37,1,0,1
B034,2024-04-03 18:00:00,0,617E2950,0,,37.57,1,0,1
B034,2024-04-03 18:00:00,1,61711890,0.0120775482,,23.36,1,0,1
B034,2024-04-03 19:00:00,0,617E2950,0,,37.81,1,0,1
B034,2024-04-03 19:00:00,1,61711890,0.0120775482,,23.35,1,0,1
B034,2024-04-03 20:00:00,0,617E2950,0,,38.03,1,0,1
B034,2024-04-03 20:00:00,1,61711890,0,,23.34,1,0,1
B034,2024-04-03 21:00:00,0,617E2950,0,,38.19,1,0,1
B034,2024-04-03 21:00:00,1,61711890,0,,23.33,1,0,1
B034,2024-04-03 22:00:00,0,617E2950,0,,38.28,1,0,1
B034,2024-04-03 22:00:00,1,61711890,0,,23.32,1,0,1
B034,2024-04-03 23:00:00,0,617E2950,0,,38.3,1,0,1
B034,2024-04-03 23:00:00,1,61711890,0,,23.32,1,0,1
B034,2024-04-04 00:00:00,0,617E2950,0,,38.31,1,0,1
B034,2024-04-04 00:00:00,1,61711890,0,,23.33,1,0,1
B034,2024-04-04 01:00:00,0,617E2950,0,,38.31,1,0,1
B034,2024-04-04 01:00:00,1,61711890,0,,23.38,1,0,1
B034,2024-04-04 02:00:00,0,617E2950,0,,38.31,1,0,1
B034,2024-04-04 02:00:00,1,61711890,0.01291752175,,23.42,1,0,1
B034,2024-04-04 03:00:00,0,617E2950,0,,38.31,1,0,1
B034,2024-04-04 03:00:00,1,61711890,0,,23.44,1,0,1
B034,2024-04-04 04:00:00,0,617E2950,0.01518644089,,38.31,1,0,1
B034,2024-04-04 04:00:00,1,61711890,0.007662231919,,23.44,1,0,1
B034,2024-04-04 05:00:00,0,617E2950,0,,38.3,1,0,1
B034,2024-04-04 05:00:00,1,61711890,0.01907879582,,23.44,1,0,1
B034,2024-04-04 06:00:00,0,617E2950,0,,38.3,1,0,1
B034,2024-04-04 06:00:00,1,61711890,0,,23.42,1,0,1
B034,2024-04-04 07:00:00,0,617E2950,0,,38.3,1,0,1
B034,2024-04-04 07:00:00,1,61711890,0.05615141396,,23.42,1,0,1
B034,2024-04-04 08:00:00,0,617E2950,0.1063050863,,38.29,1,0,1
B034,2024-04-04 08:00:00,1,61711890,0.05363562344,,23.41,1,0,1
B034,2024-04-04 09:00:00,0,617E2950,0.3867929967,,38.29,1,0,1
B034,2024-04-04 09:00:00,1,61711890,0.3537363779,,23.4,1,0,1
B034,2024-04-04 10:00:00,0,617E2950,0.9150847127,,38.29,1,0,1
B034,2024-04-04 10:00:00,1,61711890,0.7367695981,,23.4,1,0,1
B034,2024-04-04 11:00:00,0,617E2950,0.4005817666,,38.03,1,0,1
B034,2024-04-04 11:00:00,1,61711890,0.4022436699,,23.4,1,0,1
B034,2024-04-04 12:00:00,0,617E2950,0.05417005981,,37.69,1,0,1
B034,2024-04-04 12:00:00,1,61711890,0.09160308495,,23.4,1,0,1
B034,2024-04-04 13:00:00,0,617E2950,0.016963634,,37.61,1,0,1
B034,2024-04-04 13:00:00,1,61711890,0,,23.74,1,0,1
B034,2024-04-04 14:00:00,0,617E2950,0.04161522096,,37.6,1,0,1
B034,2024-04-04 14:00:00,1,61711890,0.01583169883,,23.83,1,0,1
B034,2024-04-04 15:00:00,0,617E2950,0,,37.78,1,0,1
B034,2024-04-04 15:00:00,1,61711890,0,,23.63,1,0,1
B034,2024-04-04 16:00:00,0,617E2950,0,,38.09,1,0,1
B034,2024-04-04 16:00:00,1,61711890,0,,23.47,1,0,1
B034,2024-04-04 17:00:00,0,617E2950,0,,38.29,1,0,1
B034,2024-04-04 17:00:00,1,61711890,0.0120775482,,23.4,1,0,1
B034,2024-04-04 18:00:00,0,617E2950,0,,38.35,1,0,1
B034,2024-04-04 18:00:00,1,61711890,0,,23.37,1,0,1
B034,2024-04-04 19:00:00,0,617E2950,0,,38.35,1,0,1
B034,2024-04-04 19:00:00,1,61711890,0,,23.35,1,0,1
B034,2024-04-04 20:00:00,0,617E2950,0,,38.35,1,0,1
B034,2024-04-04 20:00:00,1,61711890,0,,23.38,1,0,1
B034,2024-04-04 21:00:00,0,617E2950,0,,38.34,1,0,1
B034,2024-04-04 21:00:00,1,61711890,0.0139894406,,23.45,1,0,1
B034,2024-04-04 22:00:00,0,617E2950,0,,38.34,1,0,1
B034,2024-04-04 22:00:00,1,61711890,0,,23.48,1,0,1
B034,2024-04-04 23:00:00,0,617E2950,0,,38.33,1,0,1
B034,2024-04-04 23:00:00,1,61711890,0,,23.48,1,0,1
B034,2024-04-05 00:00:00,0,617E2950,0,,38.32,1,0,1
B034,2024-04-05 00:00:00,1,61711890,0,,23.47,1,0,1
B034,2024-04-05 01:00:00,0,617E2950,0,,38.32,1,0,1
B034,2024-04-05 01:00:00,1,61711890,0,,23.45,1,0,1
B034,2024-04-05 02:00:00,0,617E2950,0,,38.31,1,0,1
B034,2024-04-05 02:00:00,1,61711890,0,,23.44,1,0,1
B034,2024-04-05 03:00:00,0,617E2950,0,,38.3,1,0,1
B034,2024-04-05 03:00:00,1,61711890,0,,23.42,1,0,1
B034,2024-04-05 04:00:00,0,617E2950,0,,38.3,1,0,1
B034,2024-04-05 04:00:00,1,61711890,0,,23.41,1,0,1
B034,2024-04-05 05:00:00,0,617E2950,0,,38.29,1,0,1
B034,2024-04-05 05:00:00,1,61711890,0,,23.4,1,0,1
B034,2024-04-05 06:00:00,0,617E2950,0,,38.29,1,0,1
B034,2024-04-05 06:00:00,1,61711890,0,,23.39,1,0,1
B034,2024-04-05 07:00:00,0,617E2950,0.3530345464,,38.25,1,0,1
B034,2024-04-05 07:00:00,1,61711890,0.8477994953,,23.38,1,0,1
B034,2024-04-05 08:00:00,0,617E2950,0,,38.19,1,0,1
B034,2024-04-05 08:00:00,1,61711890,0,,23.37,1,0,1
B034,2024-04-05 09:00:00,0,617E2950,0,,38.16,1,0,1
B034,2024-04-05 09:00:00,1,61711890,0,,23.36,1,0,1
B034,2024-04-05 10:00:00,0,617E2950,0,,38.15,1,0,1
B034,2024-04-05 10:00:00,1,61711890,0,,23.35,1,0,1
B034,2024-04-05 11:00:00,0,617E2950,0,,38.19,1,0,1
B034,2024-04-05 11:00:00,1,61711890,0,,23.32,1,0,1
B034,2024-04-05 12:00:00,0,617E2950,0,,38.23,1,0,1
B034,2024-04-05 12:00:00,1,61711890,0,,23.29,1,0,1
B034,2024-04-05 13:00:00,0,617E2950,0,,38.24,1,0,1
B034,2024-04-05 13:00:00,1,61711890,0,,23.26,1,0,1
B034,2024-04-05 14:00:00,0,617E2950,0,,38.25,1,0,1
B034,2024-04-05 14:00:00,1,61711890,0,,23.25,1,0,1
B034,2024-04-05 15:00:00,0,617E2950,0,,38.25,1,0,1
B034,2024-04-05 15:00:00,1,61711890,0,,23.26,1,0,1
B034,2024-04-05 16:00:00,0,617E2950,0,,38.25,1,0,1
B034,2024-04-05 16:00:00,1,61711890,0,,23.28,1,0,1
B034,2024-04-05 17:00:00,0,617E2950,0,,38.25,1,0,1
B034,2024-04-05 17:00:00,1,61711890,0,,23.29,1,0,1
B034,2024-04-05 18:00:00,0,617E2950,0,,38.25,1,0,1
B034,2024-04-05 18:00:00,1,61711890,0.01829795769,,23.3,1,0,1
B034,2024-04-05 19:00:00,0,617E2950,0,,38.25,1,0,1
B034,2024-04-05 19:00:00,1,61711890,0,,23.3,1,0,1
B034,2024-04-05 20:00:00,0,617E2950,0,,38.25,1,0,1
B034,2024-04-05 20:00:00,1,61711890,0,,23.3,1,0,1
B034,2024-04-05 21:00:00,0,617E2950,0,,38.24,1,0,1
B034,2024-04-05 21:00:00,1,61711890,0,,23.29,1,0,1
B034,2024-04-05 22:00:00,0,617E2950,0,,38.24,1,0,1
B034,2024-04-05 22:00:00,1,61711890,0,,23.29,1,0,1
B034,2024-04-05 23:00:00,0,617E2950,0,,38.24,1,0,1
B034,2024-04-05 23:00:00,1,61711890,0,,23.29,1,0,1
B034,2024-04-06 00:00:00,0,617E2950,0,,38.24,1,0,1
B034,2024-04-06 00:00:00,1,61711890,0,,23.28,1,0,1
B034,2024-04-06 01:00:00,0,617E2950,0,,38.24,1,0,1
B034,2024-04-06 01:00:00,1,61711890,0,,23.27,1,0,1
B034,2024-04-06 02:00:00,0,617E2950,0,,38.24,1,0,1
B034,2024-04-06 02:00:00,1,61711890,0,,23.27,1,0,1
B034,2024-04-06 03:00:00,0,617E2950,0,,38.24,1,0,1
B034,2024-04-06 03:00:00,1,61711890,0,,23.27,1,0,1
B034,2024-04-06 04:00:00,0,617E2950,0,,38.24,1,0,1
B034,2024-04-06 04:00:00,1,61711890,0,,23.27,1,0,1
B034,2024-04-06 05:00:00,0,617E2950,0,,38.24,1,0,1
B034,2024-04-06 05:00:00,1,61711890,0,,23.27,1,0,1
B034,2024-04-06 06:00:00,0,617E2950,0,,38.24,1,0,1
B034,2024-04-06 06:00:00,1,61711890,0,,23.26,1,0,1
B034,2024-04-06 07:00:00,0,617E2950,0,,38.24,1,0,1
B034,2024-04-06 07:00:00,1,61711890,0,,23.26,1,0,1
B034,2024-04-06 08:00:00,0,617E2950,0.01239591095,,38.24,1,0,1
B034,2024-04-06 08:00:00,1,61711890,0,,23.26,1,0,1
B034,2024-04-06 09:00:00,0,617E2950,0,,38.24,1,0,1
B034,2024-04-06 09:00:00,1,61711890,0,,23.25,1,0,1
B034,2024-04-06 10:00:00,0,617E2950,0,,38.24,1,0,1
B034,2024-04-06 10:00:00,1,61711890,0,,23.25,1,0,1
B034,2024-04-06 11:00:00,0,617E2950,0.04718405066,,38.24,1,0,1
B034,2024-04-06 11:00:00,1,61711890,0.03058459985,,23.25,1,0,1
B034,2024-04-06 12:00:00,0,617E2950,0.03215653767,,38.24,1,0,1
B034,2024-04-06 12:00:00,1,61711890,0.1049502449,,23.25,1,0,1
B034,2024-04-06 13:00:00,0,617E2950,0.01681116888,,38.24,1,0,1
B034,2024-04-06 13:00:00,1,61711890,0.1228860155,,23.25,1,0,1
B034,2024-04-06 14:00:00,0,617E2950,0,,38.24,1,0,1
B034,2024-04-06 14:00:00,1,61711890,0,,23.25,1,0,1
B034,2024-04-06 15:00:00,0,617E2950,0,,38.24,1,0,1
B034,2024-04-06 15:00:00,1,61711890,0,,23.25,1,0,1
B034,2024-04-06 16:00:00,0,617E2950,0,,38.24,1,0,1
B034,2024-04-06 16:00:00,1,61711890,0,,23.25,1,0,1
B034,2024-04-06 17:00:00,0,617E2950,0,,38.24,1,0,1
B034,2024-04-06 17:00:00,1,61711890,0,,23.25,1,0,1
B034,2024-04-06 18:00:00,0,617E2950,0,,38.24,1,0,1
B034,2024-04-06 18:00:00,1,61711890,0,,23.25,1,0,1
B034,2024-04-06 19:00:00,0,617E2950,0,,38.24,1,0,1
B034,2024-04-06 19:00:00,1,61711890,0,,23.25,1,0,1
B034,2024-04-06 20:00:00,0,617E2950,0,,38.24,1,0,1
B034,2024-04-06 20:00:00,1,61711890,0,,23.25,1,0,1
B034,2024-04-06 21:00:00,0,617E2950,0,,38.23,1,0,1
B034,2024-04-06 21:00:00,1,61711890,0,,23.25,1,0,1
B034,2024-04-06 22:00:00,0,617E2950,0,,38.24,1,0,1
B034,2024-04-06 22:00:00,1,61711890,0,,23.24,1,0,1
B034,2024-05-24 19:00:00,0,617E2950,0,,38.15,1,0,1
B034,2024-05-24 19:00:00,1,61711890,0,,23,1,0,1
B034,2024-05-24 20:00:00,0,617E2950,0,,38.15,1,0,1
B034,2024-05-24 20:00:00,1,61711890,0,,22.99,1,0,1
B034,2024-05-24 21:00:00,0,617E2950,0,,38.15,1,0,1
B034,2024-05-24 21:00:00,1,61711890,0,,22.99,1,0,1
B034,2024-05-24 22:00:00,0,617E2950,0,,38.15,1,0,1
B034,2024-05-24 22:00:00,1,61711890,0,,,1,0,0
B034,2024-05-24 23:00:00,0,617E2950,0,,38.15,1,0,1
B034,2024-05-24 23:00:00,1,61711890,0,,22.99,1,0,1
B034,2024-05-25 00:00:00,0,617E2950,0,,38.15,1,0,1
B034,2024-05-25 00:00:00,1,61711890,0,,22.99,1,0,1
B034,2024-05-25 01:00:00,0,617E2950,0,,38.15,1,0,1
B034,2024-05-25 01:00:00,1,61711890,0,,22.99,1,0,1
B034,2024-05-25 02:00:00,0,617E2950,0,,38.15,1,0,1
B034,2024-05-25 02:00:00,1,61711890,0,,,1,0,0
B034,2024-05-25 03:00:00,0,617E2950,0,,38.15,1,0,1
B034,2024-05-25 03:00:00,1,61711890,0,,,1,0,0
B034,2024-05-25 04:00:00,0,617E2950,0,,38.15,1,0,1
B034,2024-05-25 04:00:00,1,61711890,0,,22.99,1,0,1
B034,2024-05-25 05:00:00,0,617E2950,0,,38.15,1,0,1
B034,2024-05-25 05:00:00,1,61711890,0,,,1,0,0
B034,2024-05-25 06:00:00,0,617E2950,0,,38.15,1,0,1
B034,2024-05-25 06:00:00,1,61711890,0,,,1,0,0
B034,2024-05-25 07:00:00,0,617E2950,0,,38.15,1,0,1
B034,2024-05-25 07:00:00,1,61711890,0,,,1,0,0
B034,2024-05-25 08:00:00,0,617E2950,0,,38.15,1,0,1
B034,2024-05-25 08:00:00,1,61711890,0,,22.99,1,0,1
B034,2024-05-25 09:00:00,0,617E2950,0,,38.15,1,0,1
B034,2024-05-25 09:00:00,1,61711890,0,,22.99,1,0,1
B034,2024-05-25 10:00:00,0,617E2950,0,,38.15,1,0,1
B034,2024-05-25 10:00:00,1,61711890,0,,22.99,1,0,1
B034,2024-05-25 11:00:00,0,617E2950,0,,38.15,1,0,1
B034,2024-05-25 11:00:00,1,61711890,0,,22.98,1,0,1
B034,2024-05-25 12:00:00,0,617E2950,0,,38.15,1,0,1
B034,2024-05-25 12:00:00,1,61711890,0,,22.98,1,0,1
B034,2024-05-25 13:00:00,0,617E2950,0,,38.15,1,0,1
B034,2024-05-25 13:00:00,1,61711890,0,,22.98,1,0,1
B034,2024-05-25 14:00:00,0,617E2950,0,,38.15,1,0,1
B034,2024-05-25 14:00:00,1,61711890,0,,22.98,1,0,1
B034,2024-05-25 15:00:00,0,617E2950,0,,38.15,1,0,1
B034,2024-05-25 15:00:00,1,61711890,0,,22.98,1,0,1
B034,2024-05-25 16:00:00,0,617E2950,0,,38.14,1,0,1
B034,2024-05-25 16:00:00,1,61711890,0,,22.99,1,0,1
B034,2024-05-25 17:00:00,0,617E2950,0,,38.14,1,0,1
B034,2024-05-25 17:00:00,1,61711890,0,,22.99,1,0,1
B034,2024-05-25 18:00:00,0,617E2950,0,,38.14,1,0,1
B034,2024-05-25 18:00:00,1,61711890,0,,22.99,1,0,1
B034,2024-05-25 19:00:00,0,617E2950,0,,38.14,1,0,1
B034,2024-05-25 19:00:00,1,61711890,0,,22.98,1,0,1
B034,2024-05-25 20:00:00,0,617E2950,0,,38.14,1,0,1
B034,2024-05-25 20:00:00,1,61711890,0,,22.98,1,0,1
B034,2024-05-25 21:00:00,0,617E2950,0,,38.14,1,0,1
B034,2024-05-25 21:00:00,1,61711890,0,,22.98,1,0,1
B034,2024-05-25 22:00:00,0,617E2950,0,,38.14,1,0,1
B034,2024-05-25 22:00:00,1,61711890,0,,22.98,1,0,1
B034,2024-05-25 23:00:00,0,617E2950,0,,38.15,1,0,1
B034,2024-05-25 23:00:00,1,61711890,0,,22.98,1,0,1
B034,2024-05-26 00:00:00,0,617E2950,0,,38.15,1,0,1
B034,2024-05-26 00:00:00,1,61711890,0,,22.99,1,0,1
B034,2024-05-26 01:00:00,0,617E2950,0,,38.15,1,0,1
B034,2024-05-26 01:00:00,1,61711890,0,,22.99,1,0,1
B034,2024-05-26 02:00:00,0,617E2950,0,,38.14,1,0,1
B034,2024-05-26 02:00:00,1,61711890,0,,22.99,1,0,1
B034,2024-05-26 03:00:00,0,617E2950,0,,38.15,1,0,1
B034,2024-05-26 03:00:00,1,61711890,0,,22.99,1,0,1
B034,2024-05-26 04:00:00,0,617E2950,0,,38.15,1,0,1
B034,2024-05-26 04:00:00,1,61711890,0,,22.99,1,0,1
B034,2024-05-26 05:00:00,0,617E2950,0,,38.14,1,0,1
B034,2024-05-26 05:00:00,1,61711890,0,,22.99,1,0,1
B034,2024-05-26 06:00:00,0,617E2950,0,,38.14,1,0,1
B034,2024-05-26 06:00:00,1,61711890,0,,22.99,1,0,1
B034,2024-05-26 07:00:00,0,617E2950,0,,38.14,1,0,1
B034,2024-05-26 07:00:00,1,61711890,0,,22.99,1,0,1
B034,2024-05-26 08:00:00,0,617E2950,0,,38.14,1,0,1
B034,2024-05-26 08:00:00,1,61711890,0,,22.98,1,0,1
B034,2024-05-26 09:00:00,0,617E2950,0,,38.14,1,0,1
B034,2024-05-26 09:00:00,1,61711890,0,,22.98,1,0,1
B034,2024-05-26 10:00:00,0,617E2950,0,,38.14,1,0,1
B034,2024-05-26 10:00:00,1,61711890,0.01829795769,,22.98,1,0,1
B034,2024-05-26 11:00:00,0,617E2950,0,,38.14,1,0,1
B034,2024-05-26 11:00:00,1,61711890,0,,22.98,1,0,1
B034,2024-05-26 12:00:00,0,617E2950,0,,38.14,1,0,1
B034,2024-05-26 12:00:00,1,61711890,0,,22.98,1,0,1
B034,2024-05-26 13:00:00,0,617E2950,0,,38.14,1,0,1
B034,2024-05-26 13:00:00,1,61711890,0,,22.98,1,0,1
B034,2024-05-26 14:00:00,0,617E2950,0,,38.14,1,0,1
B034,2024-05-26 14:00:00,1,61711890,0,,22.97,1,0,1
B034,2024-05-26 15:00:00,0,617E2950,0,,38.14,1,0,1
B034,2024-05-26 15:00:00,1,61711890,0,,22.97,1,0,1
B034,2024-05-26 16:00:00,0,617E2950,0,,38.14,1,0,1
B034,2024-05-26 16:00:00,1,61711890,0,,22.97,1,0,1
B034,2024-05-26 17:00:00,0,617E2950,0,,38.14,1,0,1
B034,2024-05-26 17:00:00,1,61711890,0,,,1,0,0
B034,2024-05-26 18:00:00,0,617E2950,0,,38.14,1,0,1
B034,2024-05-26 18:00:00,1,61711890,0,,,1,0,0
B034,2024-05-26 19:00:00,0,617E2950,0.5079898122,,38.14,1,0,1
B034,2024-05-26 19:00:00,1,61711890,0,,22.98,1,0,1
B034,2024-05-26 20:00:00,0,617E2950,0,,38.14,1,0,1
B034,2024-05-26 20:00:00,1,61711890,0,,22.98,1,0,1
B034,2024-05-26 21:00:00,0,617E2950,0.04733651579,,38.14,1,0,1
B034,2024-05-26 21:00:00,1,61711890,0.05155710843,,22.98,1,0,1
B034,2024-05-26 22:00:00,0,617E2950,0.6566785614,,38.14,1,0,1
B034,2024-05-26 22:00:00,1,61711890,0.5844450998,,22.98,1,0,1
B034,2024-05-26 23:00:00,0,617E2950,1.414177567,,38.13,1,0,1
B034,2024-05-26 23:00:00,1,61711890,2.869207143,,22.98,1,0,1
B034,2024-05-27 00:00:00,0,617E2950,0.5768150424,,38.12,1,0,1
B034,2024-05-27 00:00:00,1,61711890,0.3855580982,,23.08,1,0,1
B034,2024-05-27 01:00:00,0,617E2950,0.3516210414,,38.12,1,0,1
B034,2024-05-27 01:00:00,1,61711890,0.1285909515,,23.07,1,0,1
B034,2024-05-27 02:00:00,0,617E2950,0.09181183702,,37.91,1,0,1
B034,2024-05-27 02:00:00,1,61711890,0.1740472537,,23.09,1,0,1
B034,2024-05-27 03:00:00,0,617E2950,0.01658074109,,37.91,1,0,1
B034,2024-05-27 03:00:00,1,61711890,0.03676435321,,23.1,1,0,1
B034,2024-05-27 04:00:00,0,617E2950,0,,37.92,1,0,1
B034,2024-05-27 04:00:00,1,61711890,0.01829795769,,23.09,1,0,1
B034,2024-05-27 05:00:00,0,617E2950,0,,37.94,1,0,1
B034,2024-05-27 05:00:00,1,61711890,0.01829795769,,23.1,1,0,1
B034,2024-05-27 06:00:00,0,617E2950,0,,37.96,1,0,1
B034,2024-05-27 06:00:00,1,61711890,0.03659591538,,23.19,1,0,1
B034,2024-05-27 07:00:00,0,617E2950,1.446320377,,37.98,1,0,1
B034,2024-05-27 07:00:00,1,61711890,3.203142183,,23.17,1,0,1
B034,2024-05-27 08:00:00,0,617E2950,0,,38.02,1,0,1
B034,2024-05-27 08:00:00,1,61711890,0,,23.14,1,0,1
B034,2024-05-27 09:00:00,0,617E2950,0,,38.06,1,0,1
B034,2024-05-27 09:00:00,1,61711890,0.0236243539,,23.11,1,0,1
B034,2024-05-27 10:00:00,0,617E2950,0.008051804476,,38.1,1,0,1
B034,2024-05-27 10:00:00,1,61711890,0.0003368756499,,23.08,1,0,1
B034,2024-05-27 11:00:00,0,617E2950,0,,38.14,1,0,1
B034,2024-05-27 11:00:00,1,61711890,0,,23.07,1,0,1
B034,2024-05-27 12:00:00,0,617E2950,0,,38.18,1,0,1
B034,2024-05-27 12:00:00,1,61711890,0.01833153761,,23.06,1,0,1
B034,2024-05-27 13:00:00,0,617E2950,0,,38.2,1,0,1
B034,2024-05-27 13:00:00,1,61711890,0.03306823642,,23.05,1,0,1
B034,2024-05-27 14:00:00,0,617E2950,0.0001589278992,,38.21,1,0,1
B034,2024-05-27 14:00:00,1,61711890,0,,23.05,1,0,1
B034,2024-05-27 15:00:00,0,617E2950,0.02920707983,,38.22,1,0,1
B034,2024-05-27 15:00:00,1,61711890,0.01526013601,,23.05,1,0,1
B034,2024-05-27 16:00:00,0,617E2950,0,,38.22,1,0,1
B034,2024-05-27 16:00:00,1,61711890,0,,23.05,1,0,1
B034,2024-05-27 17:00:00,0,617E2950,0,,38.22,1,0,1
B034,2024-05-27 17:00:00,1,61711890,0.01829795769,,23.06,1,0,1
B034,2024-05-27 18:00:00,0,617E2950,0,,38.22,1,0,1
B034,2024-05-27 18:00:00,1,61711890,0,,23.07,1,0,1
B034,2024-05-27 19:00:00,0,617E2950,0,,38.21,1,0,1
B034,2024-05-27 19:00:00,1,61711890,0,,23.08,1,0,1
B034,2024-05-27 20:00:00,0,617E2950,0,,38.21,1,0,1
B034,2024-05-27 20:00:00,1,61711890,0,,23.09,1,0,1
B034,2024-05-27 21:00:00,0,617E2950,0,,38.21,1,0,1
B034,2024-05-27 21:00:00,1,61711890,0,,23.09,1,0,1
B034,2024-05-27 22:00:00,0,617E2950,0,,38.21,1,0,1
B034,2024-05-27 22:00:00,1,61711890,0,,23.08,1,0,1
B034,2024-05-27 23:00:00,0,617E2950,0,,38.2,1,0,1
B034,2024-05-27 23:00:00,1,61711890,0.0139894406,,23.08,1,0,1
B034,2024-05-28 00:00:00,0,617E2950,0,,38.2,1,0,1
B034,2024-05-28 00:00:00,1,61711890,0.01829795769,,23.08,1,0,1
B034,2024-05-28 01:00:00,0,617E2950,0,,38.2,1,0,1
B034,2024-05-28 01:00:00,1,61711890,0,,23.08,1,0,1
B034,2024-05-28 02:00:00,0,617E2950,0,,38.2,1,0,1
B034,2024-05-28 02:00:00,1,61711890,0,,23.07,1,0,1
B034,2024-05-28 03:00:00,0,617E2950,0,,38.19,1,0,1
B034,2024-05-28 03:00:00,1,61711890,0,,23.07,1,0,1
B034,2024-05-28 04:00:00,0,617E2950,0,,38.19,1,0,1
B034,2024-05-28 04:00:00,1,61711890,0.01829795769,,23.07,1,0,1
B034,2024-05-28 05:00:00,0,617E2950,0,,38.19,1,0,1
B034,2024-05-28 05:00:00,1,61711890,0,,23.06,1,0,1
B034,2024-05-28 06:00:00,0,617E2950,0,,38.19,1,0,1
B034,2024-05-28 06:00:00,1,61711890,0,,23.06,1,0,1
B034,2024-05-28 07:00:00,0,617E2950,0.02486297335,,38.19,1,0,1
B034,2024-05-28 07:00:00,1,61711890,0.07052446465,,23.06,1,0,1
B034,2024-05-28 08:00:00,0,617E2950,0,,38.19,1,0,1
B034,2024-05-28 08:00:00,1,61711890,0.01829795769,,23.05,1,0,1
B034,2024-05-28 09:00:00,0,617E2950,0,,38.19,1,0,1
B034,2024-05-28 09:00:00,1,61711890,0,,23.05,1,0,1
B034,2024-05-28 10:00:00,0,617E2950,0,,38.19,1,0,1
B034,2024-05-28 10:00:00,1,61711890,0.01829795769,,23.04,1,0,1
B034,2024-05-28 11:00:00,0,617E2950,0,,38.19,1,0,1
B034,2024-05-28 11:00:00,1,61711890,0.001249919391,,23.04,1,0,1
B034,2024-05-28 12:00:00,0,617E2950,0,,38.19,1,0,1
B034,2024-05-28 12:00:00,1,61711890,0,,23.04,1,0,1
B034,2024-05-28 13:00:00,0,617E2950,0,,38.19,1,0,1
B034,2024-05-28 13:00:00,1,61711890,0.01829795769,,23.03,1,0,1
B034,2024-05-28 14:00:00,0,617E2950,0.01239591095,,38.18,1,0,1
B034,2024-05-28 14:00:00,1,61711890,0,,23.03,1,0,1
B034,2024-05-28 15:00:00,0,617E2950,0,,38.18,1,0,1
B034,2024-05-28 15:00:00,1,61711890,0,,23.03,1,0,1
B034,2024-05-28 16:00:00,0,617E2950,0,,38.18,1,0,1
B034,2024-05-28 16:00:00,1,61711890,0,,23.03,1,0,1
B034,2024-05-28 17:00:00,0,617E2950,0,,38.18,1,0,1
B034,2024-05-28 17:00:00,1,61711890,0,,23.03,1,0,1
B034,2024-05-28 18:00:00,0,617E2950,0,,38.18,1,0,1
B034,2024-05-28 18:00:00,1,61711890,0,,23.02,1,0,1
B034,2024-05-28 19:00:00,0,617E2950,0,,38.18,1,0,1
B034,2024-05-28 19:00:00,1,61711890,0,,23.02,1,0,1
B034,2024-05-28 20:00:00,0,617E2950,0,,38.18,1,0,1
B034,2024-05-28 20:00:00,1,61711890,0,,23.02,1,0,1
B034,2024-05-28 21:00:00,0,617E2950,0,,38.17,1,0,1
B034,2024-05-28 21:00:00,1,61711890,0,,23.02,1,0,1
B034,2024-05-28 22:00:00,0,617E2950,0,,38.17,1,0,1
B034,2024-05-28 22:00:00,1,61711890,0,,23.01,1,0,1
B034,2024-05-28 23:00:00,0,617E2950,0,,38.17,1,0,1
B034,2024-05-28 23:00:00,1,61711890,0,,23.01,1,0,1
B034,2024-05-29 00:00:00,0,617E2950,0,,38.17,1,0,1
B034,2024-05-29 00:00:00,1,61711890,0,,23.01,1,0,1
B034,2024-05-29 01:00:00,0,617E2950,0,,38.17,1,0,1
B034,2024-05-29 01:00:00,1,61711890,0,,23.01,1,0,1
B034,2024-05-29 02:00:00,0,617E2950,0,,38.17,1,0,1
B034,2024-05-29 02:00:00,1,61711890,0,,23.01,1,0,1
B034,2024-05-29 03:00:00,0,617E2950,0,,38.17,1,0,1
B034,2024-05-29 03:00:00,1,61711890,0,,23.01,1,0,1
B034,2024-05-29 04:00:00,0,617E2950,0,,38.17,1,0,1
B034,2024-05-29 04:00:00,1,61711890,0,,23.01,1,0,1
B034,2024-05-29 05:00:00,0,617E2950,0,,38.17,1,0,1
B034,2024-05-29 05:00:00,1,61711890,0,,23.01,1,0,1
B034,2024-05-29 06:00:00,0,617E2950,0,,38.17,1,0,1
B034,2024-05-29 06:00:00,1,61711890,0,,23.01,1,0,1
B034,2024-05-29 07:00:00,0,617E2950,0,,38.17,1,0,1
B034,2024-05-29 07:00:00,1,61711890,0.001249919391,,23.01,1,0,1
B034,2024-05-29 08:00:00,0,617E2950,0,,38.17,1,0,1
B034,2024-05-29 08:00:00,1,61711890,0,,23.01,1,0,1
B034,2024-05-29 09:00:00,0,617E2950,0,,38.17,1,0,1
B034,2024-05-29 09:00:00,1,61711890,0,,23.01,1,0,1
B034,2024-05-29 10:00:00,0,617E2950,0,,38.17,1,0,1
B034,2024-05-29 10:00:00,1,61711890,0,,23.01,1,0,1
B034,2024-05-29 11:00:00,0,617E2950,0,,38.17,1,0,1
B034,2024-05-29 11:00:00,1,61711890,0,,23,1,0,1
B034,2024-05-29 12:00:00,0,617E2950,0,,38.17,1,0,1
B034,2024-05-29 12:00:00,1,61711890,0.01829795769,,23,1,0,1
B034,2024-05-29 13:00:00,0,617E2950,0,,38.17,1,0,1
B034,2024-05-29 13:00:00,1,61711890,0,,23,1,0,1
B034,2024-05-29 14:00:00,0,617E2950,0,,38.17,1,0,1
B034,2024-05-29 14:00:00,1,61711890,0,,23,1,0,1
B034,2024-05-29 15:00:00,0,617E2950,0,,38.17,1,0,1
B034,2024-05-29 15:00:00,1,61711890,0,,23,1,0,1
B034,2024-05-29 16:00:00,0,617E2950,0,,38.16,1,0,1
B034,2024-05-29 16:00:00,1,61711890,0,,23.01,1,0,1
B034,2024-05-29 17:00:00,0,617E2950,0.01518644089,,38.16,1,0,1
B034,2024-05-29 17:00:00,1,61711890,0.007662231919,,23.01,1,0,1
B034,2024-05-29 18:00:00,0,617E2950,0.04974415282,,38.15,1,0,1
B034,2024-05-29 18:00:00,1,61711890,0.04398650997,,23.01,1,0,1
B034,2024-05-29 19:00:00,0,617E2950,0.1352087058,,38.14,1,0,1
B034,2024-05-29 19:00:00,1,61711890,0.111507315,,23.01,1,0,1
B034,2024-05-29 20:00:00,0,617E2950,0.2520208889,,38.13,1,0,1
B034,2024-05-29 20:00:00,1,61711890,0.2012843683,,23.01,1,0,1
B034,2024-05-29 21:00:00,0,617E2950,0.5065085734,,38.13,1,0,1
B034,2024-05-29 21:00:00,1,61711890,0.447780898,,23.01,1,0,1
B034,2024-05-29 22:00:00,0,617E2950,0.8507276312,,38.13,1,0,1
B034,2024-05-29 22:00:00,1,61711890,0.603450371,,23.01,1,0,1
B034,2024-05-29 23:00:00,0,617E2950,0.3710186633,,38.14,1,0,1
B034,2024-05-29 23:00:00,1,61711890,0.4533339544,,23.01,1,0,1
B034,2024-05-30 00:00:00,0,617E2950,0.3385373073,,38.16,1,0,1
B034,2024-05-30 00:00:00,1,61711890,0.3982132314,,23.01,1,0,1
B034,2024-05-30 01:00:00,0,617E2950,0.2084619899,,38.17,1,0,1
B034,2024-05-30 01:00:00,1,61711890,0.3875869997,,23.03,1,0,1
B034,2024-05-30 02:00:00,0,617E2950,0.1702374355,,38.18,1,0,1
B034,2024-05-30 02:00:00,1,61711890,0.1728577805,,23.06,1,0,1
B034,2024-05-30 03:00:00,0,617E2950,0.197843272,,38.18,1,0,1
B034,2024-05-30 03:00:00,1,61711890,0.2903941212,,,1,0,0
B034,2024-05-30 04:00:00,0,617E2950,0.1020933092,,38.18,1,0,1
B034,2024-05-30 04:00:00,1,61711890,0.1761593478,,23.12,1,0,1
B034,2024-05-30 05:00:00,0,617E2950,0.1963929242,,38.18,1,0,1
B034,2024-05-30 05:00:00,1,61711890,0.2019867361,,23.17,1,0,1
B034,2024-05-30 06:00:00,0,617E2950,0.4516481653,,38.18,1,0,1
B034,2024-05-30 06:00:00,1,61711890,0.3401876028,,23.2,1,0,1
B034,2024-05-30 07:00:00,0,617E2950,0.5959899008,,38.19,1,0,1
B034,2024-05-30 07:00:00,1,61711890,0.7999523293,,23.21,1,0,1
B034,2024-05-30 08:00:00,0,617E2950,0.49555616,,38.2,1,0,1
B034,2024-05-30 08:00:00,1,61711890,0.6180406168,,23.21,1,0,1
B034,2024-05-30 09:00:00,0,617E2950,0.1449223345,,38.23,1,0,1
B034,2024-05-30 09:00:00,1,61711890,0.4579679591,,23.21,1,0,1
B034,2024-05-30 10:00:00,0,617E2950,0.03439878403,,37.99,1,0,1
B034,2024-05-30 10:00:00,1,61711890,0.156823121,,23.23,1,0,1
B034,2024-05-30 11:00:00,0,617E2950,0.1166498044,,37.99,1,0,1
B034,2024-05-30 11:00:00,1,61711890,0.1339206212,,23.25,1,0,1
B034,2024-05-30 12:00:00,0,617E2950,0.1204997455,,38.07,1,0,1
B034,2024-05-30 12:00:00,1,61711890,0.2612506861,,23.37,1,0,1
B034,2024-05-30 13:00:00,0,617E2950,0.04017888151,,38.15,1,0,1
B034,2024-05-30 13:00:00,1,61711890,0.06702309884,,23.51,1,0,1
B034,2024-05-30 14:00:00,0,617E2950,0.02888887559,,38.21,1,0,1
B034,2024-05-30 14:00:00,1,61711890,0.01701536887,,23.45,1,0,1
B034,2024-05-30 15:00:00,0,617E2950,0.01921234313,,38.24,1,0,1
B034,2024-05-30 15:00:00,1,61711890,0.01356701179,,23.37,1,0,1
B034,2024-06-06 16:00:00,0,617E2950,0,,38.2,1,0,1
B034,2024-06-06 16:00:00,1,61711890,0,,23.08,1,0,1
B034,2024-06-06 17:00:00,0,617E2950,0,,38.2,1,0,1
B034,2024-06-06 17:00:00,1,61711890,0,,23.08,1,0,1
B034,2024-06-06 18:00:00,0,617E2950,0,,38.2,1,0,1
B034,2024-06-06 18:00:00,1,61711890,0,,23.08,1,0,1
B034,2024-06-06 19:00:00,0,617E2950,0,,38.2,1,0,1
B034,2024-06-06 19:00:00,1,61711890,0,,23.08,1,0,1
B034,2024-06-06 20:00:00,0,617E2950,0,,38.19,1,0,1
B034,2024-06-06 20:00:00,1,61711890,0,,23.08,1,0,1
B034,2024-06-06 21:00:00,0,617E2950,0,,38.19,1,0,1
B034,2024-06-06 21:00:00,1,61711890,0,,23.08,1,0,1
B034,2024-06-06 22:00:00,0,617E2950,0,,38.19,1,0,1
B034,2024-06-06 22:00:00,1,61711890,0,,23.08,1,0,1
B034,2024-06-06 23:00:00,0,617E2950,0,,38.19,1,0,1
B034,2024-06-06 23:00:00,1,61711890,0,,23.08,1,0,1
B034,2024-06-07 00:00:00,0,617E2950,0,,38.19,1,0,1
B034,2024-06-07 00:00:00,1,61711890,0,,23.08,1,0,1
B034,2024-06-07 01:00:00,0,617E2950,0,,38.19,1,0,1
B034,2024-06-07 01:00:00,1,61711890,0,,23.08,1,0,1
B034,2024-06-07 02:00:00,0,617E2950,0,,38.19,1,0,1
B034,2024-06-07 02:00:00,1,61711890,0,,23.08,1,0,1
B034,2024-06-07 03:00:00,0,617E2950,0,,38.19,1,0,1
B034,2024-06-07 03:00:00,1,61711890,0,,23.08,1,0,1
B034,2024-06-07 04:00:00,0,617E2950,0,,38.19,1,0,1
B034,2024-06-07 04:00:00,1,61711890,0,,23.08,1,0,1
B034,2024-06-07 05:00:00,0,617E2950,0,,38.19,1,0,1
B034,2024-06-07 05:00:00,1,61711890,0,,23.08,1,0,1
B034,2024-06-07 06:00:00,0,617E2950,0,,38.19,1,0,1
B034,2024-06-07 06:00:00,1,61711890,0,,23.08,1,0,1
B034,2024-06-07 07:00:00,0,617E2950,0,,38.19,1,0,1
B034,2024-06-07 07:00:00,1,61711890,0.01829795769,,23.08,1,0,1
B034,2024-06-07 08:00:00,0,617E2950,0,,38.19,1,0,1
B034,2024-06-07 08:00:00,1,61711890,0,,23.07,1,0,1
B034,2024-06-07 09:00:00,0,617E2950,0,,38.19,1,0,1
B034,2024-06-07 09:00:00,1,61711890,0,,23.07,1,0,1
B034,2024-06-07 10:00:00,0,617E2950,0,,38.19,1,0,1
B034,2024-06-07 10:00:00,1,61711890,0,,23.07,1,0,1
B034,2024-06-07 11:00:00,0,617E2950,0,,38.19,1,0,1
B034,2024-06-07 11:00:00,1,61711890,0,,23.07,1,0,1
B034,2024-06-07 12:00:00,0,617E2950,0,,38.19,1,0,1
B034,2024-06-07 12:00:00,1,61711890,0,,23.07,1,0,1
B034,2024-06-07 13:00:00,0,617E2950,0,,38.19,1,0,1
B034,2024-06-07 13:00:00,1,61711890,0,,23.07,1,0,1
B034,2024-06-07 14:00:00,0,617E2950,0,,38.19,1,0,1
B034,2024-06-07 14:00:00,1,61711890,0,,23.07,1,0,1
B034,2024-06-07 15:00:00,0,617E2950,0,,38.19,1,0,1
B034,2024-06-07 15:00:00,1,61711890,0,,23.07,1,0,1
B034,2024-06-07 16:00:00,0,617E2950,0,,38.19,1,0,1
B034,2024-06-07 16:00:00,1,61711890,0,,23.07,1,0,1
B034,2024-06-07 17:00:00,0,617E2950,0,,38.19,1,0,1
B034,2024-06-07 17:00:00,1,61711890,0,,23.06,1,0,1
B034,2024-06-07 18:00:00,0,617E2950,0.03777124448,,38.19,1,0,1
B034,2024-06-07 18:00:00,1,61711890,0.0241550964,,23.06,1,0,1
B034,2024-06-07 19:00:00,0,617E2950,0,,38.19,1,0,1
B034,2024-06-07 19:00:00,1,61711890,0,,23.06,1,0,1
B034,2024-06-07 20:00:00,0,617E2950,0,,38.19,1,0,1
B034,2024-06-07 20:00:00,1,61711890,0,,23.06,1,0,1
B034,2024-06-07 21:00:00,0,617E2950,0,,38.19,1,0,1
B034,2024-06-07 21:00:00,1,61711890,0,,23.06,1,0,1
B034,2024-06-07 22:00:00,0,617E2950,0,,38.19,1,0,1
B034,2024-06-07 22:00:00,1,61711890,0,,23.06,1,0,1
B034,2024-06-07 23:00:00,0,617E2950,0,,38.19,1,0,1
B034,2024-06-07 23:00:00,1,61711890,0,,23.06,1,0,1
B034,2024-06-08 00:00:00,0,617E2950,0,,38.19,1,0,1
B034,2024-06-08 00:00:00,1,61711890,0,,23.06,1,0,1
B034,2024-06-08 01:00:00,0,617E2950,0,,38.19,1,0,1
B034,2024-06-08 01:00:00,1,61711890,0,,23.06,1,0,1
B034,2024-06-08 02:00:00,0,617E2950,0.02044771543,,38.19,1,0,1
B034,2024-06-08 02:00:00,1,61711890,0.0003368756499,,23.06,1,0,1
B034,2024-06-08 03:00:00,0,617E2950,0,,38.19,1,0,1
B034,2024-06-08 03:00:00,1,61711890,0,,23.06,1,0,1
B034,2024-06-08 04:00:00,0,617E2950,0,,38.19,1,0,1
B034,2024-06-08 04:00:00,1,61711890,0,,23.06,1,0,1
B034,2024-06-08 05:00:00,0,617E2950,0.01642181319,,38.19,1,0,1
B034,2024-06-08 05:00:00,1,61711890,0.01846639552,,23.06,1,0,1
B034,2024-06-08 06:00:00,0,617E2950,0,,38.19,1,0,1
B034,2024-06-08 06:00:00,1,61711890,0,,23.06,1,0,1
B034,2024-06-08 07:00:00,0,617E2950,0.03686952862,,38.19,1,0,1
B034,2024-06-08 07:00:00,1,61711890,0.04295836756,,23.06,1,0,1
B034,2024-06-08 08:00:00,0,617E2950,0,,38.19,1,0,1
B034,2024-06-08 08:00:00,1,61711890,0,,23.06,1,0,1
B034,2024-06-08 09:00:00,0,617E2950,0,,38.19,1,0,1
B034,2024-06-08 09:00:00,1,61711890,0,,23.06,1,0,1
B034,2024-06-08 10:00:00,0,617E2950,0,,38.19,1,0,1
B034,2024-06-08 10:00:00,1,61711890,0,,23.05,1,0,1
B034,2024-06-08 11:00:00,0,617E2950,0,,38.19,1,0,1
B034,2024-06-08 11:00:00,1,61711890,0,,23.05,1,0,1
B034,2024-06-08 12:00:00,0,617E2950,0,,38.19,1,0,1
B034,2024-06-08 12:00:00,1,61711890,0,,23.05,1,0,1
B034,2024-06-08 13:00:00,0,617E2950,0,,38.19,1,0,1
B034,2024-06-08 13:00:00,1,61711890,0,,23.05,1,0,1
B034,2024-06-08 14:00:00,0,617E2950,0,,38.19,1,0,1
B034,2024-06-08 14:00:00,1,61711890,0,,23.05,1,0,1
B034,2024-06-08 15:00:00,0,617E2950,0,,38.19,1,0,1
B034,2024-06-08 15:00:00,1,61711890,0,,23.05,1,0,1
B034,2024-06-08 16:00:00,0,617E2950,0,,38.19,1,0,1
B034,2024-06-08 16:00:00,1,61711890,0.0362326446,,23.05,1,0,1
B034,2024-06-08 17:00:00,0,617E2950,0,,38.19,1,0,1
B034,2024-06-08 17:00:00,1,61711890,0,,23.05,1,0,1
B034,2024-06-08 18:00:00,0,617E2950,0.2146522608,,38.19,1,0,1
B034,2024-06-08 18:00:00,1,61711890,0,,23.05,1,0,1
B034,2024-06-08 19:00:00,0,617E2950,0.3407385374,,38.19,1,0,1
B034,2024-06-08 19:00:00,1,61711890,0.01990821794,,23.05,1,0,1
B034,2024-06-08 20:00:00,0,617E2950,0.156646262,,38.19,1,0,1
B034,2024-06-08 20:00:00,1,61711890,0.06141555886,,23.04,1,0,1
B034,2024-06-08 21:00:00,0,617E2950,0.264479559,,38.19,1,0,1
B034,2024-06-08 21:00:00,1,61711890,0.1550648389,,23.04,1,0,1
B034,2024-06-08 22:00:00,0,617E2950,0.2197143999,,38.19,1,0,1
B034,2024-06-08 22:00:00,1,61711890,0.2551400364,,23.04,1,0,1
B034,2024-06-08 23:00:00,0,617E2950,0.2077726232,,38.19,1,0,1
B034,2024-06-08 23:00:00,1,61711890,0.3868646692,,23.04,1,0,1
B034,2024-06-09 00:00:00,0,617E2950,0.1582709899,,38.18,1,0,1
B034,2024-06-09 00:00:00,1,61711890,0.2125887001,,23.04,1,0,1
B034,2024-06-09 01:00:00,0,617E2950,0,,,1,0,0
B034,2024-06-09 01:00:00,1,61711890,0,,23.05,1,0,1
B034,2024-06-09 02:00:00,0,617E2950,0.01610360895,,38.17,1,0,1
B034,2024-06-09 02:00:00,1,61711890,0.03873107156,,23.05,1,0,1
B034,2024-06-09 03:00:00,0,617E2950,0.016963634,,,1,0,0
B034,2024-06-09 03:00:00,1,61711890,0.09662038559,,23.06,1,0,1
B034,2024-06-09 04:00:00,0,617E2950,0.1001750345,,38.17,1,0,1
B034,2024-06-09 04:00:00,1,61711890,0.07319959999,,,1,0,0
B034,2024-06-09 05:00:00,0,617E2950,0.02483351272,,38.16,1,0,1
B034,2024-06-09 05:00:00,1,61711890,0.07453252428,,23.09,1,0,1
B034,2024-06-09 06:00:00,0,617E2950,0.183215277,,38.17,1,0,1
B034,2024-06-09 06:00:00,1,61711890,0.1630974986,,23.1,1,0,1
B034,2024-06-09 07:00:00,0,617E2950,0.1961473926,,38.17,1,0,1
B034,2024-06-09 07:00:00,1,61711890,0.4068086548,,23.11,1,0,1
B034,2024-06-09 08:00:00,0,617E2950,0.309927969,,38.17,1,0,1
B034,2024-06-09 08:00:00,1,61711890,0.2213108175,,,1,0,0
B034,2024-06-09 09:00:00,0,617E2950,0.7592347665,,38.17,1,0,1
B034,2024-06-09 09:00:00,1,61711890,0.7911101417,,23.1,1,0,1
B034,2024-06-09 10:00:00,0,617E2950,0.7894545663,,38.19,1,0,1
B034,2024-06-09 10:00:00,1,61711890,0.8938383743,,23.09,1,0,1
B034,2024-06-09 11:00:00,0,617E2950,0.7042792513,,37.93,1,0,1
B034,2024-06-09 11:00:00,1,61711890,1.010095408,,23.1,1,0,1
B034,2024-06-09 12:00:00,0,617E2950,0.1339025305,,37.89,1,0,1
B034,2024-06-09 12:00:00,1,61711890,0.2379262749,,23.12,1,0,1
B034,2024-06-09 13:00:00,0,617E2950,0.1073962746,,38,1,0,1
B034,2024-06-09 13:00:00,1,61711890,0.1606994343,,23.15,1,0,1
B034,2024-06-09 14:00:00,0,617E2950,0.1132538479,,38.1,1,0,1
B034,2024-06-09 14:00:00,1,61711890,0.126533688,,23.43,1,0,1
B034,2024-06-09 15:00:00,0,617E2950,0.1843183198,,38.19,1,0,1
B034,2024-06-09 15:00:00,1,61711890,0.1863541468,,23.43,1,0,1
B034,2024-06-09 16:00:00,0,617E2950,0.3246618448,,38.25,1,0,1
B034,2024-06-09 16:00:00,1,61711890,0.4291836087,,23.4,1,0,1
B034,2024-06-09 17:00:00,0,617E2950,0.09161086987,,38.29,1,0,1
B034,2024-06-09 17:00:00,1,61711890,0.140408243,,23.37,1,0,1
B034,2024-06-09 18:00:00,0,617E2950,0,,38.31,1,0,1
B034,2024-06-09 18:00:00,1,61711890,0.003749758174,,23.35,1,0,1
B034,2024-06-09 19:00:00,0,617E2950,0.004025902238,,38.32,1,0,1
B034,2024-06-09 19:00:00,1,61711890,0.001418357216,,23.36,1,0,1
B034,2024-06-09 20:00:00,0,617E2950,0.01239591095,,38.32,1,0,1
B034,2024-06-09 20:00:00,1,61711890,0.0008399735487,,23.39,1,0,1
B034,2024-06-09 21:00:00,0,617E2950,0.01697009678,,38.32,1,0,1
B034,2024-06-09 21:00:00,1,61711890,0.06279950236,,23.42,1,0,1
B034,2024-06-09 22:00:00,0,617E2950,0,,38.34,1,0,1
B034,2024-06-09 22:00:00,1,61711890,0.0120775482,,23.43,1,0,1
B034,2024-06-09 23:00:00,0,617E2950,0.03777770725,,38.34,1,0,1
B034,2024-06-09 23:00:00,1,61711890,0.0413271248,,23.42,1,0,1
B034,2024-06-10 00:00:00,0,617E2950,0.4839309812,,38.32,1,0,1
B034,2024-06-10 00:00:00,1,61711890,0.9746598385,,23.41,1,0,1
B034,2024-06-10 01:00:00,0,617E2950,0.3485139139,,38.16,1,0,1
B034,2024-06-10 01:00:00,1,61711890,0.7338435532,,23.41,1,0,1
B034,2024-06-10 02:00:00,0,617E2950,0.3482346371,,37.75,1,0,1
B034,2024-06-10 02:00:00,1,61711890,0.3294835584,,23.43,1,0,1
B034,2024-06-10 03:00:00,0,617E2950,0.2344628129,,37.67,1,0,1
B034,2024-06-10 03:00:00,1,61711890,0.4070038618,,23.91,1,0,1
B034,2024-06-10 04:00:00,0,617E2950,0.02935954495,,37.63,1,0,1
B034,2024-06-10 04:00:00,1,61711890,0.03688209234,,23.89,1,0,1
B034,2024-06-10 05:00:00,0,617E2950,0.05474134125,,37.61,1,0,1
B034,2024-06-10 05:00:00,1,61711890,0.09567677858,,23.77,1,0,1
B034,2024-06-10 06:00:00,0,617E2950,0.1003407736,,37.59,1,0,1
B034,2024-06-10 06:00:00,1,61711890,0.1338349401,,,1,0,0
B034,2024-06-10 07:00:00,0,617E2950,1.906176373,,37.56,1,0,1
B034,2024-06-10 07:00:00,1,61711890,3.735454896,,23.75,1,0,1
B034,2024-06-10 08:00:00,0,617E2950,0,,37.55,1,0,1
B034,2024-06-10 08:00:00,1,61711890,0,,23.73,1,0,1
B034,2024-06-10 09:00:00,0,617E2950,0.01518644089,,37.58,1,0,1
B034,2024-06-10 09:00:00,1,61711890,0.007662231919,,23.71,1,0,1
B034,2024-06-10 10:00:00,0,617E2950,0.06074576358,,37.81,1,0,1
B034,2024-06-10 10:00:00,1,61711890,0.05963740097,,23.63,1,0,1
B034,2024-06-10 11:00:00,0,617E2950,0.07702037931,,38.1,1,0,1
B034,2024-06-10 11:00:00,1,61711890,0.0622479975,,23.52,1,0,1
B034,2024-06-10 12:00:00,0,617E2950,0.2701858271,,38.3,1,0,1
B034,2024-06-10 12:00:00,1,61711890,0.3466205901,,23.44,1,0,1
B034,2024-06-10 13:00:00,0,617E2950,0.07995844226,,38.37,1,0,1
B034,2024-06-10 13:00:00,1,61711890,0.2009912769,,23.41,1,0,1
B034,2024-06-10 14:00:00,0,617E2950,0,,38.39,1,0,1
B034,2024-06-10 14:00:00,1,61711890,0.03150108652,,23.4,1,0,1
B034,2024-06-10 15:00:00,0,617E2950,0,,38.39,1,0,1
B034,2024-06-10 15:00:00,1,61711890,0.0120775482,,23.54,1,0,1
B034,2024-06-10 16:00:00,0,617E2950,0,,38.39,1,0,1
B034,2024-06-10 16:00:00,1,61711890,0,,23.58,1,0,1
B034,2024-06-10 17:00:00,0,617E2950,0,,38.39,1,0,1
B034,2024-06-10 17:00:00,1,61711890,0.0139894406,,,1,0,0
B034,2024-06-10 18:00:00,0,617E2950,0,,38.38,1,0,1
B034,2024-06-10 18:00:00,1,61711890,0,,23.59,1,0,1
B034,2024-06-10 19:00:00,0,617E2950,0,,38.37,1,0,1
B034,2024-06-10 19:00:00,1,61711890,0,,23.58,1,0,1
B034,2024-06-10 20:00:00,0,617E2950,0,,38.37,1,0,1
B034,2024-06-10 20:00:00,1,61711890,0.03115634401,,,1,0,0
B034,2024-06-10 21:00:00,0,617E2950,0,,38.36,1,0,1
B034,2024-06-10 21:00:00,1,61711890,0.01954787708,,23.53,1,0,1
B034,2024-06-10 22:00:00,0,617E2950,0.004025902238,,38.35,1,0,1
B034,2024-06-10 22:00:00,1,61711890,0.0001684378249,,,1,0,0
B034,2024-06-10 23:00:00,0,617E2950,0.01239591095,,38.35,1,0,1
B034,2024-06-10 23:00:00,1,61711890,0,,23.49,1,0,1
B034,2024-06-11 00:00:00,0,617E2950,0,,38.34,1,0,1
B034,2024-06-11 00:00:00,1,61711890,0,,23.47,1,0,1
B034,2024-06-11 01:00:00,0,617E2950,0,,38.34,1,0,1
B034,2024-06-11 01:00:00,1,61711890,0,,,1,0,0
B034,2024-06-11 02:00:00,0,617E2950,0,,38.33,1,0,1
B034,2024-06-11 02:00:00,1,61711890,0,,23.46,1,0,1
B034,2024-06-11 03:00:00,0,617E2950,0,,38.33,1,0,1
B034,2024-06-11 03:00:00,1,61711890,0,,23.45,1,0,1
B034,2024-06-11 04:00:00,0,617E2950,0,,38.32,1,0,1
B034,2024-06-11 04:00:00,1,61711890,0.01829795769,,23.44,1,0,1
B034,2024-06-11 05:00:00,0,617E2950,0,,38.32,1,0,1
B034,2024-06-11 05:00:00,1,61711890,0,,23.42,1,0,1
B034,2024-06-11 06:00:00,0,617E2950,0,,38.32,1,0,1
B034,2024-06-11 06:00:00,1,61711890,0,,23.41,1,0,1
B034,2024-06-11 07:00:00,0,617E2950,0.172137591,,38.31,1,0,1
B034,2024-06-11 07:00:00,1,61711890,0.3493746692,,23.4,1,0,1
B034,2024-06-11 08:00:00,0,617E2950,0,,38.3,1,0,1
B034,2024-06-11 08:00:00,1,61711890,0.01829795769,,23.39,1,0,1
B034,2024-06-11 09:00:00,0,617E2950,0,,38.3,1,0,1
B034,2024-06-11 09:00:00,1,61711890,0,,23.38,1,0,1
B034,2024-06-11 10:00:00,0,617E2950,0,,38.29,1,0,1
B034,2024-06-11 10:00:00,1,61711890,0,,23.37,1,0,1
B034,2024-06-11 11:00:00,0,617E2950,0,,38.29,1,0,1
B034,2024-06-11 11:00:00,1,61711890,0,,23.36,1,0,1
B034,2024-06-11 12:00:00,0,617E2950,0,,38.3,1,0,1
B034,2024-06-11 12:00:00,1,61711890,0,,23.36,1,0,1
B034,2024-06-11 13:00:00,0,617E2950,0,,38.3,1,0,1
B034,2024-06-11 13:00:00,1,61711890,0.01829795769,,23.34,1,0,1
B034,2024-06-11 14:00:00,0,617E2950,0,,38.3,1,0,1
B034,2024-06-11 14:00:00,1,61711890,0.03659591538,,23.33,1,0,1
B034,2024-06-11 15:00:00,0,617E2950,0,,38.29,1,0,1
B034,2024-06-11 15:00:00,1,61711890,0.01829795769,,23.32,1,0,1
B034,2024-06-11 16:00:00,0,617E2950,0,,38.29,1,0,1
B034,2024-06-11 16:00:00,1,61711890,0,,23.31,1,0,1
B034,2024-06-11 17:00:00,0,617E2950,0,,38.29,1,0,1
B034,2024-06-11 17:00:00,1,61711890,0.03659591538,,23.3,1,0,1
B034,2024-06-11 18:00:00,0,617E2950,0,,38.29,1,0,1
B034,2024-06-11 18:00:00,1,61711890,0,,23.29,1,0,1
B034,2024-06-11 19:00:00,0,617E2950,0,,38.28,1,0,1
B034,2024-06-11 19:00:00,1,61711890,0.03228739829,,23.28,1,0,1
B034,2024-06-11 20:00:00,0,617E2950,0,,38.28,1,0,1
B034,2024-06-11 20:00:00,1,61711890,0.01829795769,,23.27,1,0,1
B034,2024-06-11 21:00:00,0,617E2950,0,,38.28,1,0,1
B034,2024-06-11 21:00:00,1,61711890,0,,23.26,1,0,1
B034,2024-06-11 22:00:00,0,617E2950,0,,38.27,1,0,1
B034,2024-06-11 22:00:00,1,61711890,0.01829795769,,23.25,1,0,1
B034,2024-06-11 23:00:00,0,617E2950,0,,38.26,1,0,1
B034,2024-06-11 23:00:00,1,61711890,0.01829795769,,23.25,1,0,1
B034,2024-06-12 00:00:00,0,617E2950,0,,38.26,1,0,1
B034,2024-06-12 00:00:00,1,61711890,0,,23.25,1,0,1
B034,2024-06-12 01:00:00,0,617E2950,0,,38.24,1,0,1
B034,2024-06-12 01:00:00,1,61711890,0.02204771587,,23.24,1,0,1
B034,2024-06-12 02:00:00,0,617E2950,0.004184830137,,38.23,1,0,1
B034,2024-06-12 02:00:00,1,61711890,0.001418357216,,23.24,1,0,1
B034,2024-06-12 03:00:00,0,617E2950,0,,38.23,1,0,1
B034,2024-06-12 03:00:00,1,61711890,0,,23.23,1,0,1
B034,2024-06-12 04:00:00,0,617E2950,0,,38.22,1,0,1
B034,2024-06-12 04:00:00,1,61711890,0.0120775482,,23.22,1,0,1
B034,2024-06-12 05:00:00,0,617E2950,0,,38.22,1,0,1
B034,2024-06-12 05:00:00,1,61711890,0.01829795769,,23.22,1,0,1
B034,2024-06-12 06:00:00,0,617E2950,0,,38.21,1,0,1
B034,2024-06-12 06:00:00,1,61711890,0,,23.21,1,0,1
B034,2024-06-12 07:00:00,0,617E2950,0,,38.21,1,0,1
B034,2024-06-12 07:00:00,1,61711890,0.04867346358,,23.2,1,0,1
B034,2024-06-12 08:00:00,0,617E2950,0,,38.21,1,0,1
B034,2024-06-12 08:00:00,1,61711890,0,,23.2,1,0,1
B034,2024-06-12 09:00:00,0,617E2950,0,,38.21,1,0,1
B034,2024-06-12 09:00:00,1,61711890,0.01829795769,,23.19,1,0,1
B034,2024-06-12 10:00:00,0,617E2950,0,,38.21,1,0,1
B034,2024-06-12 10:00:00,1,61711890,0,,23.19,1,0,1
B034,2024-06-12 11:00:00,0,617E2950,0.016963634,,38.21,1,0,1
B034,2024-06-12 11:00:00,1,61711890,0,,23.18,1,0,1
B034,2024-06-12 12:00:00,0,617E2950,0,,38.21,1,0,1
B034,2024-06-12 12:00:00,1,61711890,0.01829795769,,23.18,1,0,1
B034,2024-06-12 13:00:00,0,617E2950,0,,38.21,1,0,1
B034,2024-06-12 13:00:00,1,61711890,0,,23.18,1,0,1
B034,2024-06-12 14:00:00,0,617E2950,0,,38.21,1,0,1
B034,2024-06-12 14:00:00,1,61711890,0,,23.18,1,0,1
B034,2024-06-12 15:00:00,0,617E2950,0,,38.21,1,0,1
B034,2024-06-12 15:00:00,1,61711890,0.01829795769,,23.17,1,0,1
B034,2024-06-12 16:00:00,0,617E2950,0,,38.21,1,0,1
B034,2024-06-12 16:00:00,1,61711890,0.03659591538,,23.17,1,0,1
B034,2024-06-12 17:00:00,0,617E2950,0,,38.21,1,0,1
B034,2024-06-12 17:00:00,1,61711890,0.01829795769,,23.17,1,0,1
B034,2024-06-12 18:00:00,0,617E2950,0,,38.21,1,0,1
B034,2024-06-12 18:00:00,1,61711890,0.01829795769,,23.17,1,0,1
B034,2024-06-12 19:00:00,0,617E2950,0,,38.21,1,0,1
B034,2024-06-12 19:00:00,1,61711890,0.01829795769,,23.16,1,0,1
B034,2024-06-12 20:00:00,0,617E2950,0,,38.21,1,0,1
B034,2024-06-12 20:00:00,1,61711890,0.03659591538,,23.16,1,0,1
B034,2024-06-12 21:00:00,0,617E2950,0,,38.2,1,0,1
B034,2024-06-12 21:00:00,1,61711890,0.03659591538,,23.15,1,0,1
B034,2024-06-12 22:00:00,0,617E2950,0,,38.2,1,0,1
B034,2024-06-12 22:00:00,1,61711890,0.01829795769,,23.15,1,0,1
B034,2024-06-12 23:00:00,0,617E2950,0,,38.2,1,0,1
B034,2024-06-12 23:00:00,1,61711890,0.01829795769,,23.15,1,0,1
B034,2024-06-13 00:00:00,0,617E2950,0,,38.2,1,0,1
B034,2024-06-13 00:00:00,1,61711890,0.01829795769,,23.15,1,0,1
B034,2024-06-13 01:00:00,0,617E2950,0,,38.19,1,0,1
B034,2024-06-13 01:00:00,1,61711890,0.01829795769,,23.14,1,0,1
B034,2024-06-13 02:00:00,0,617E2950,0,,38.19,1,0,1
B034,2024-06-13 02:00:00,1,61711890,0.01829795769,,23.14,1,0,1
B034,2024-06-13 03:00:00,0,617E2950,0,,38.19,1,0,1
B034,2024-06-13 03:00:00,1,61711890,0.01829795769,,23.14,1,0,1
B034,2024-06-13 04:00:00,0,617E2950,0,,38.19,1,0,1
B034,2024-06-13 04:00:00,1,61711890,0.01829795769,,23.14,1,0,1
B034,2024-06-13 05:00:00,0,617E2950,0,,38.19,1,0,1
B034,2024-06-13 05:00:00,1,61711890,0.01829795769,,23.14,1,0,1
B034,2024-06-13 06:00:00,0,617E2950,0,,38.19,1,0,1
B034,2024-06-13 06:00:00,1,61711890,0,,23.13,1,0,1
B034,2024-06-13 07:00:00,0,617E2950,0,,38.19,1,0,1
B034,2024-06-13 07:00:00,1,61711890,0.01829795769,,23.13,1,0,1
B034,2024-06-13 08:00:00,0,617E2950,0,,38.19,1,0,1
B034,2024-06-13 08:00:00,1,61711890,0.01829795769,,23.12,1,0,1
B034,2024-06-13 09:00:00,0,617E2950,0,,38.19,1,0,1
B034,2024-06-13 09:00:00,1,61711890,0.01829795769,,23.12,1,0,1
B034,2024-06-13 10:00:00,0,617E2950,0,,38.19,1,0,1
B034,2024-06-13 10:00:00,1,61711890,0.01829795769,,23.12,1,0,1
B034,2024-06-13 11:00:00,0,617E2950,0,,38.19,1,0,1
B034,2024-06-13 11:00:00,1,61711890,0.01829795769,,23.12,1,0,1
B034,2024-06-13 12:00:00,0,617E2950,0,,38.19,1,0,1
B034,2024-06-13 12:00:00,1,61711890,0.01829795769,,23.12,1,0,1
B034,2024-06-13 13:00:00,0,617E2950,0,,38.19,1,0,1
B034,2024-06-13 13:00:00,1,61711890,0.01829795769,,23.11,1,0,1
B034,2024-06-13 14:00:00,0,617E2950,0,,38.18,1,0,1
B034,2024-06-13 14:00:00,1,61711890,0.01829795769,,23.11,1,0,1
B034,2024-06-13 15:00:00,0,617E2950,0,,38.18,1,0,1
B034,2024-06-13 15:00:00,1,61711890,0.01829795769,,23.11,1,0,1
B034,2024-06-13 16:00:00,0,617E2950,0,,38.18,1,0,1
B034,2024-06-13 16:00:00,1,61711890,0.03659591538,,23.11,1,0,1
B034,2024-06-13 17:00:00,0,617E2950,0,,38.19,1,0,1
B034,2024-06-13 17:00:00,1,61711890,0.01829795769,,23.11,1,0,1
B034,2024-06-13 18:00:00,0,617E2950,0,,38.2,1,0,1
B034,2024-06-13 18:00:00,1,61711890,0.03659591538,,23.1,1,0,1
B034,2024-06-13 19:00:00,0,617E2950,0,,38.21,1,0,1
B034,2024-06-13 19:00:00,1,61711890,0.01829795769,,23.1,1,0,1
B034,2024-06-13 20:00:00,0,617E2950,0,,38.21,1,0,1
B034,2024-06-13 20:00:00,1,61711890,0.01829795769,,23.1,1,0,1
B034,2024-06-13 21:00:00,0,617E2950,0,,38.21,1,0,1
B034,2024-06-13 21:00:00,1,61711890,0.03659591538,,23.1,1,0,1
B034,2024-06-13 22:00:00,0,617E2950,0,,38.21,1,0,1
B034,2024-06-13 22:00:00,1,61711890,0.01829795769,,23.09,1,0,1
B034,2024-06-13 23:00:00,0,617E2950,0,,38.21,1,0,1
B034,2024-06-13 23:00:00,1,61711890,0,,23.09,1,0,1
B034,2024-06-14 00:00:00,0,617E2950,0,,38.2,1,0,1
B034,2024-06-14 00:00:00,1,61711890,0.01829795769,,23.09,1,0,1
B034,2024-06-14 01:00:00,0,617E2950,0,,38.2,1,0,1
B034,2024-06-14 01:00:00,1,61711890,0.01829795769,,23.09,1,0,1
B034,2024-06-14 02:00:00,0,617E2950,0,,38.2,1,0,1
B034,2024-06-14 02:00:00,1,61711890,0,,23.09,1,0,1
B034,2024-06-14 03:00:00,0,617E2950,0,,38.2,1,0,1
B034,2024-06-14 03:00:00,1,61711890,0.01829795769,,23.09,1,0,1
B034,2024-06-14 04:00:00,0,617E2950,0,,38.2,1,0,1
B034,2024-06-14 04:00:00,1,61711890,0,,23.09,1,0,1
B034,2024-06-14 05:00:00,0,617E2950,0,,38.2,1,0,1
B034,2024-06-14 05:00:00,1,61711890,0.01829795769,,23.09,1,0,1
B034,2024-06-14 06:00:00,0,617E2950,0,,38.19,1,0,1
B034,2024-06-14 06:00:00,1,61711890,0.01829795769,,23.09,1,0,1
B034,2024-06-14 07:00:00,0,617E2950,0,,38.19,1,0,1
B034,2024-06-14 07:00:00,1,61711890,0.01829795769,,23.09,1,0,1
B034,2024-06-14 08:00:00,0,617E2950,0,,38.19,1,0,1
B034,2024-06-14 08:00:00,1,61711890,0.04143213202,,23.08,1,0,1
B034,2024-06-14 09:00:00,0,617E2950,0,,38.19,1,0,1
B034,2024-06-14 09:00:00,1,61711890,0.01829795769,,23.08,1,0,1
B034,2024-06-14 10:00:00,0,617E2950,0,,38.19,1,0,1
B034,2024-06-14 10:00:00,1,61711890,0.01829795769,,23.08,1,0,1
B034,2024-06-14 11:00:00,0,617E2950,0,,38.19,1,0,1
B034,2024-06-14 11:00:00,1,61711890,0.01829795769,,23.07,1,0,1
B034,2024-06-14 12:00:00,0,617E2950,0,,38.2,1,0,1
B034,2024-06-14 12:00:00,1,61711890,0.01829795769,,23.07,1,0,1
B034,2024-06-14 13:00:00,0,617E2950,0,,38.2,1,0,1
B034,2024-06-14 13:00:00,1,61711890,0.01829795769,,23.08,1,0,1
B034,2024-06-14 14:00:00,0,617E2950,0,,38.2,1,0,1
B034,2024-06-14 14:00:00,1,61711890,0.01913793124,,23.08,1,0,1
B034,2024-06-14 15:00:00,0,617E2950,0,,38.2,1,0,1
B034,2024-06-14 15:00:00,1,61711890,0.01829795769,,23.08,1,0,1
B034,2024-06-14 16:00:00,0,617E2950,0,,38.2,1,0,1
B034,2024-06-14 16:00:00,1,61711890,0.01829795769,,23.08,1,0,1
B034,2024-06-14 17:00:00,0,617E2950,0,,38.2,1,0,1
B034,2024-06-14 17:00:00,1,61711890,0.01829795769,,23.08,1,0,1
B034,2024-06-14 18:00:00,0,617E2950,0,,,1,0,0
B034,2024-06-14 18:00:00,1,61711890,0,,,1,0,0
B034,2024-06-14 19:00:00,0,617E2950,0,,38.2,1,0,1
B034,2024-06-14 19:00:00,1,61711890,0.01829795769,,23.08,1,0,1
B034,2024-06-14 20:00:00,0,617E2950,0,,38.2,1,0,1
B034,2024-06-14 20:00:00,1,61711890,0.01829795769,,23.07,1,0,1
B034,2024-06-14 21:00:00,0,617E2950,0,,38.2,1,0,1
B034,2024-06-14 21:00:00,1,61711890,0,,23.07,1,0,1
B034,2024-06-14 22:00:00,0,617E2950,0,,38.2,1,0,1
B034,2024-06-14 22:00:00,1,61711890,0.01829795769,,23.08,1,0,1
B034,2024-06-14 23:00:00,0,617E2950,0,,38.2,1,0,1
B034,2024-06-14 23:00:00,1,61711890,0,,23.08,1,0,1
B034,2024-06-15 00:00:00,0,617E2950,0,,38.2,1,0,1
B034,2024-06-15 00:00:00,1,61711890,0.01829795769,,23.08,1,0,1
B034,2024-06-15 01:00:00,0,617E2950,0,,38.2,1,0,1
B034,2024-06-15 01:00:00,1,61711890,0,,23.08,1,0,1
B034,2024-06-15 02:00:00,0,617E2950,0,,38.2,1,0,1
B034,2024-06-15 02:00:00,1,61711890,0,,23.08,1,0,1
B034,2024-06-15 03:00:00,0,617E2950,0,,38.2,1,0,1
B034,2024-06-15 03:00:00,1,61711890,0.01829795769,,23.09,1,0,1
B034,2024-06-15 04:00:00,0,617E2950,0,,38.19,1,0,1
B034,2024-06-15 04:00:00,1,61711890,0,,23.09,1,0,1
B034,2024-06-15 05:00:00,0,617E2950,0,,38.19,1,0,1
B034,2024-06-15 05:00:00,1,61711890,0,,23.09,1,0,1
B034,2024-06-15 06:00:00,0,617E2950,0,,38.19,1,0,1
B034,2024-06-15 06:00:00,1,61711890,0,,23.09,1,0,1
B034,2024-06-15 07:00:00,0,617E2950,0,,,1,0,0
B034,2024-06-15 07:00:00,1,61711890,0.03659591538,,,1,0,0
B034,2024-06-15 08:00:00,0,617E2950,0,,38.19,1,0,1
B034,2024-06-15 08:00:00,1,61711890,0,,23.08,1,0,1
B034,2024-06-15 09:00:00,0,617E2950,0,,38.19,1,0,1
B034,2024-06-15 09:00:00,1,61711890,0.01829795769,,23.08,1,0,1
B034,2024-06-15 10:00:00,0,617E2950,0,,38.19,1,0,1
B034,2024-06-15 10:00:00,1,61711890,0,,23.07,1,0,1
B034,2024-06-15 11:00:00,0,617E2950,0.01239591095,,38.19,1,0,1
B034,2024-06-15 11:00:00,1,61711890,0,,23.07,1,0,1
B034,2024-06-15 12:00:00,0,617E2950,0,,38.19,1,0,1
B034,2024-06-15 12:00:00,1,61711890,0,,23.07,1,0,1
B034,2024-06-15 13:00:00,0,617E2950,0,,38.2,1,0,1
B034,2024-06-15 13:00:00,1,61711890,0.01829795769,,23.07,1,0,1
B034,2024-06-15 14:00:00,0,617E2950,0,,38.19,1,0,1
B034,2024-06-15 14:00:00,1,61711890,0,,23.07,1,0,1
B034,2024-06-15 15:00:00,0,617E2950,0,,38.19,1,0,1
B034,2024-06-15 15:00:00,1,61711890,0,,23.07,1,0,1
B034,2024-06-15 16:00:00,0,617E2950,0,,38.19,1,0,1
B034,2024-06-15 16:00:00,1,61711890,0,,23.07,1,0,1
B034,2024-06-15 17:00:00,0,617E2950,0,,38.19,1,0,1
B034,2024-06-15 17:00:00,1,61711890,0,,23.06,1,0,1
B034,2024-06-15 18:00:00,0,617E2950,0,,38.19,1,0,1
B034,2024-06-15 18:00:00,1,61711890,0,,23.06,1,0,1
B034,2024-06-15 19:00:00,0,617E2950,0,,38.19,1,0,1
B034,2024-06-15 19:00:00,1,61711890,0,,23.06,1,0,1
B034,2024-06-15 20:00:00,0,617E2950,0,,38.19,1,0,1
B034,2024-06-15 20:00:00,1,61711890,0,,23.06,1,0,1
B034,2024-06-15 21:00:00,0,617E2950,0,,38.19,1,0,1
B034,2024-06-15 21:00:00,1,61711890,0,,23.06,1,0,1
B034,2024-06-15 22:00:00,0,617E2950,0,,38.19,1,0,1
B034,2024-06-15 22:00:00,1,61711890,0,,23.06,1,0,1
B034,2024-06-15 23:00:00,0,617E2950,0,,38.19,1,0,1
B034,2024-06-15 23:00:00,1,61711890,0,,23.06,1,0,1
B034,2024-06-16 00:00:00,0,617E2950,0,,38.19,1,0,1
B034,2024-06-16 00:00:00,1,61711890,0,,23.06,1,0,1
B034,2024-06-16 01:00:00,0,617E2950,0,,38.19,1,0,1
B034,2024-06-16 01:00:00,1,61711890,0,,23.06,1,0,1
B034,2024-06-16 02:00:00,0,617E2950,0,,38.18,1,0,1
B034,2024-06-16 02:00:00,1,61711890,0,,23.06,1,0,1
B034,2024-06-16 03:00:00,0,617E2950,0,,38.18,1,0,1
B034,2024-06-16 03:00:00,1,61711890,0,,23.06,1,0,1
B034,2024-06-16 04:00:00,0,617E2950,0,,38.18,1,0,1
B034,2024-06-16 04:00:00,1,61711890,0,,23.06,1,0,1
B034,2024-06-16 05:00:00,0,617E2950,0,,38.18,1,0,1
B034,2024-06-16 05:00:00,1,61711890,0,,23.06,1,0,1
B034,2024-06-16 06:00:00,0,617E2950,0,,38.18,1,0,1
B034,2024-06-16 06:00:00,1,61711890,0,,23.05,1,0,1
B034,2024-06-16 07:00:00,0,617E2950,0,,38.18,1,0,1
B034,2024-06-16 07:00:00,1,61711890,0,,23.05,1,0,1
B034,2024-06-16 08:00:00,0,617E2950,0,,38.18,1,0,1
B034,2024-06-16 08:00:00,1,61711890,0,,23.05,1,0,1
B034,2024-06-16 09:00:00,0,617E2950,0,,38.18,1,0,1
B034,2024-06-16 09:00:00,1,61711890,0.01829795769,,23.04,1,0,1
B034,2024-06-16 10:00:00,0,617E2950,0,,38.18,1,0,1
B034,2024-06-16 10:00:00,1,61711890,0,,23.04,1,0,1
B034,2024-06-16 11:00:00,0,617E2950,0,,38.18,1,0,1
B034,2024-06-16 11:00:00,1,61711890,0,,23.04,1,0,1
B034,2024-06-16 12:00:00,0,617E2950,0,,38.18,1,0,1
B034,2024-06-16 12:00:00,1,61711890,0,,23.03,1,0,1
B034,2024-06-16 13:00:00,0,617E2950,0,,38.18,1,0,1
B034,2024-06-16 13:00:00,1,61711890,0,,23.03,1,0,1
B034,2024-06-16 14:00:00,0,617E2950,0,,,1,0,0
B034,2024-06-16 14:00:00,1,61711890,0,,,1,0,0
B034,2024-06-16 15:00:00,0,617E2950,0,,38.18,1,0,1
B034,2024-06-16 15:00:00,1,61711890,0,,23.03,1,0,1
B034,2024-06-16 16:00:00,0,617E2950,0,,38.18,1,0,1
B034,2024-06-16 16:00:00,1,61711890,0,,23.04,1,0,1
B034,2024-06-16 17:00:00,0,617E2950,0,,38.18,1,0,1
B034,2024-06-16 17:00:00,1,61711890,0,,23.04,1,0,1
B034,2024-06-16 18:00:00,0,617E2950,0,,38.17,1,0,1
B034,2024-06-16 18:00:00,1,61711890,0,,23.04,1,0,1
B034,2024-06-16 19:00:00,0,617E2950,0,,38.16,1,0,1
B034,2024-06-16 19:00:00,1,61711890,0.181163223,,23.04,1,0,1
B034,2024-06-16 20:00:00,0,617E2950,0,,38.15,1,0,1
B034,2024-06-16 20:00:00,1,61711890,0.07246528919,,23.03,1,0,1
B034,2024-06-16 21:00:00,0,617E2950,0,,38.14,1,0,1
B034,2024-06-16 21:00:00,1,61711890,0.0139894406,,23.03,1,0,1
B034,2024-06-16 22:00:00,0,617E2950,0.02080761048,,38.14,1,0,1
B034,2024-06-16 22:00:00,1,61711890,0.01829795769,,23.04,1,0,1
B034,2024-06-16 23:00:00,0,617E2950,0.016963634,,38.14,1,0,1
B034,2024-06-16 23:00:00,1,61711890,0.001249919391,,23.04,1,0,1
B034,2024-06-17 00:00:00,0,617E2950,0,,38.15,1,0,1
B034,2024-06-17 00:00:00,1,61711890,0.01833153761,,23.05,1,0,1
B034,2024-06-17 01:00:00,0,617E2950,0.03617597713,,38.16,1,0,1
B034,2024-06-17 01:00:00,1,61711890,0.01033050853,,23.05,1,0,1
B034,2024-06-17 02:00:00,0,617E2950,0,,38.16,1,0,1
B034,2024-06-17 02:00:00,1,61711890,0.004486422656,,23.05,1,0,1
B034,2024-06-17 03:00:00,0,617E2950,0.0512099529,,38.16,1,0,1
B034,2024-06-17 03:00:00,1,61711890,0.07482690343,,23.05,1,0,1
B034,2024-06-17 04:00:00,0,617E2950,0.1881027854,,38.16,1,0,1
B034,2024-06-17 04:00:00,1,61711890,0.1059883516,,23.05,1,0,1
B034,2024-06-17 05:00:00,0,617E2950,0.2940832702,,38.15,1,0,1
B034,2024-06-17 05:00:00,1,61711890,0.195923679,,23.06,1,0,1
B034,2024-06-17 06:00:00,0,617E2950,0.1524474234,,38.15,1,0,1
B034,2024-06-17 06:00:00,1,61711890,0.03718894597,,23.06,1,0,1
B034,2024-06-17 07:00:00,0,617E2950,0.4603108563,,38.15,1,0,1
B034,2024-06-17 07:00:00,1,61711890,0.5099592785,,23.06,1,0,1
B034,2024-06-17 08:00:00,0,617E2950,0.02080761048,,38.15,1,0,1
B034,2024-06-17 08:00:00,1,61711890,0.0120775482,,23.06,1,0,1
B034,2024-06-17 09:00:00,0,617E2950,0.004025902238,,38.15,1,0,1
B034,2024-06-17 09:00:00,1,61711890,0.0001684378249,,23.06,1,0,1
B034,2024-06-17 10:00:00,0,617E2950,0.01239591095,,38.15,1,0,1
B034,2024-06-17 10:00:00,1,61711890,0,,23.06,1,0,1
B034,2024-06-17 11:00:00,0,617E2950,0,,38.15,1,0,1
B034,2024-06-17 11:00:00,1,61711890,0.01829795769,,23.06,1,0,1
B034,2024-06-17 12:00:00,0,617E2950,0,,38.15,1,0,1
B034,2024-06-17 12:00:00,1,61711890,0,,23.06,1,0,1
B034,2024-06-17 13:00:00,0,617E2950,0,,38.15,1,0,1
B034,2024-06-17 13:00:00,1,61711890,0,,23.06,1,0,1
B034,2024-06-17 14:00:00,0,617E2950,0,,38.15,1,0,1
B034,2024-06-17 14:00:00,1,61711890,0,,23.06,1,0,1
B034,2024-08-22 14:00:00,0,617E2950,0,,38,1,0,1
B034,2024-08-22 14:00:00,1,61711890,0,,24.39,1,0,1
B034,2024-08-22 15:00:00,0,617E2950,0,,38,1,0,1
B034,2024-08-22 15:00:00,1,61711890,0,,24.38,1,0,1
B034,2024-08-22 16:00:00,0,617E2950,0,,38,1,0,1
B034,2024-08-22 16:00:00,1,61711890,0,,24.38,1,0,1
B034,2024-08-22 17:00:00,0,617E2950,0,,38,1,0,1
B034,2024-08-22 17:00:00,1,61711890,0.02313417433,,24.39,1,0,1
B034,2024-08-22 18:00:00,0,617E2950,0,,38.01,1,0,1
B034,2024-08-22 18:00:00,1,61711890,0,,24.38,1,0,1
B034,2024-08-22 19:00:00,0,617E2950,0,,38.01,1,0,1
B034,2024-08-22 19:00:00,1,61711890,0,,24.4,1,0,1
B034,2024-08-22 20:00:00,0,617E2950,0,,38.01,1,0,1
B034,2024-08-22 20:00:00,1,61711890,0,,24.39,1,0,1
B034,2024-08-22 21:00:00,0,617E2950,0,,38.02,1,0,1
B034,2024-08-22 21:00:00,1,61711890,0.02313417433,,24.38,1,0,1
B034,2024-08-22 22:00:00,0,617E2950,0,,38.02,1,0,1
B034,2024-08-22 22:00:00,1,61711890,0,,24.39,1,0,1
B034,2024-08-22 23:00:00,0,617E2950,0,,38.02,1,0,1
B034,2024-08-22 23:00:00,1,61711890,0,,24.38,1,0,1
B034,2024-08-23 00:00:00,0,617E2950,0,,38.02,1,0,1
B034,2024-08-23 00:00:00,1,61711890,0,,24.38,1,0,1
B034,2024-08-23 01:00:00,0,617E2950,0,,38.02,1,0,1
B034,2024-08-23 01:00:00,1,61711890,0.02313417433,,24.39,1,0,1
B034,2024-08-23 02:00:00,0,617E2950,0,,38.03,1,0,1
B034,2024-08-23 02:00:00,1,61711890,0,,24.38,1,0,1
B034,2024-08-23 03:00:00,0,617E2950,0,,38.03,1,0,1
B034,2024-08-23 03:00:00,1,61711890,0,,24.37,1,0,1
B034,2024-08-23 04:00:00,0,617E2950,0,,38.03,1,0,1
B034,2024-08-23 04:00:00,1,61711890,0,,24.38,1,0,1
B034,2024-08-23 05:00:00,0,617E2950,0,,38.03,1,0,1
B034,2024-08-23 05:00:00,1,61711890,0.02313417433,,24.38,1,0,1
B034,2024-08-23 06:00:00,0,617E2950,0,,38.04,1,0,1
B034,2024-08-23 06:00:00,1,61711890,0,,24.38,1,0,1
B034,2024-08-23 07:00:00,0,617E2950,0,,38.04,1,0,1
B034,2024-08-23 07:00:00,1,61711890,0.04626834867,,24.38,1,0,1
B034,2024-08-23 08:00:00,0,617E2950,0,,38.04,1,0,1
B034,2024-08-23 08:00:00,1,61711890,0,,24.37,1,0,1
B034,2024-08-23 09:00:00,0,617E2950,0,,38.04,1,0,1
B034,2024-08-23 09:00:00,1,61711890,0,,24.37,1,0,1
B034,2024-08-23 10:00:00,0,617E2950,0,,38.04,1,0,1
B034,2024-08-23 10:00:00,1,61711890,0.02313417433,,24.35,1,0,1
B034,2024-08-23 11:00:00,0,617E2950,0,,,1,0,0
B034,2024-08-23 11:00:00,1,61711890,0,,24.34,1,0,1
B034,2024-08-23 12:00:00,0,617E2950,0,,,1,0,0
B034,2024-08-23 12:00:00,1,61711890,0,,24.34,1,0,1
B034,2024-08-23 13:00:00,0,617E2950,0,,38.05,1,0,1
B034,2024-08-23 13:00:00,1,61711890,0,,24.34,1,0,1
B034,2024-08-23 14:00:00,0,617E2950,0,,38.05,1,0,1
B034,2024-08-23 14:00:00,1,61711890,0.02313417433,,24.34,1,0,1
B034,2024-08-23 15:00:00,0,617E2950,0,,38.06,1,0,1
B034,2024-08-23 15:00:00,1,61711890,0,,24.33,1,0,1
B034,2024-08-23 16:00:00,0,617E2950,0,,38.06,1,0,1
B034,2024-08-23 16:00:00,1,61711890,0,,24.32,1,0,1
B034,2024-08-23 17:00:00,0,617E2950,0,,38.06,1,0,1
B034,2024-08-23 17:00:00,1,61711890,0,,24.32,1,0,1
B034,2024-08-23 18:00:00,0,617E2950,0,,38.06,1,0,1
B034,2024-08-23 18:00:00,1,61711890,0,,24.31,1,0,1
B034,2024-08-23 19:00:00,0,617E2950,0,,38.06,1,0,1
B034,2024-08-23 19:00:00,1,61711890,0,,24.3,1,0,1
B034,2024-08-23 20:00:00,0,617E2950,0,,38.07,1,0,1
B034,2024-08-23 20:00:00,1,61711890,0,,24.29,1,0,1
B034,2024-08-23 21:00:00,0,617E2950,0,,38.07,1,0,1
B034,2024-08-23 21:00:00,1,61711890,0,,24.29,1,0,1
B034,2024-08-23 22:00:00,0,617E2950,0,,38.07,1,0,1
B034,2024-08-23 22:00:00,1,61711890,0,,24.27,1,0,1
B034,2024-08-23 23:00:00,0,617E2950,0,,38.07,1,0,1
B034,2024-08-23 23:00:00,1,61711890,0,,24.27,1,0,1
B034,2024-08-24 00:00:00,0,617E2950,0,,38.07,1,0,1
B034,2024-08-24 00:00:00,1,61711890,0,,24.25,1,0,1
B034,2024-08-24 01:00:00,0,617E2950,0,,38.08,1,0,1
B034,2024-08-24 01:00:00,1,61711890,0,,24.25,1,0,1
B034,2024-08-24 02:00:00,0,617E2950,0,,38.08,1,0,1
B034,2024-08-24 02:00:00,1,61711890,0,,24.24,1,0,1
B034,2024-08-24 03:00:00,0,617E2950,0,,38.08,1,0,1
B034,2024-08-24 03:00:00,1,61711890,0,,24.23,1,0,1
B034,2024-08-24 04:00:00,0,617E2950,0,,38.08,1,0,1
B034,2024-08-24 04:00:00,1,61711890,0,,24.22,1,0,1
B034,2024-08-24 05:00:00,0,617E2950,0,,38.08,1,0,1
B034,2024-08-24 05:00:00,1,61711890,0,,24.22,1,0,1
B034,2024-08-24 06:00:00,0,617E2950,0,,38.09,1,0,1
B034,2024-08-24 06:00:00,1,61711890,0,,24.21,1,0,1
B034,2024-08-24 07:00:00,0,617E2950,0,,38.09,1,0,1
B034,2024-08-24 07:00:00,1,61711890,0,,24.2,1,0,1
B034,2024-08-24 08:00:00,0,617E2950,0,,38.09,1,0,1
B034,2024-08-24 08:00:00,1,61711890,0,,24.19,1,0,1
B034,2024-08-24 09:00:00,0,617E2950,0,,38.09,1,0,1
B034,2024-08-24 09:00:00,1,61711890,0,,24.19,1,0,1
B034,2024-08-24 10:00:00,0,617E2950,0,,38.1,1,0,1
B034,2024-08-24 10:00:00,1,61711890,0,,24.17,1,0,1
B034,2024-08-24 11:00:00,0,617E2950,0,,38.11,1,0,1
B034,2024-08-24 11:00:00,1,61711890,0,,24.16,1,0,1
B034,2024-08-24 12:00:00,0,617E2950,0,,38.11,1,0,1
B034,2024-08-24 12:00:00,1,61711890,0,,24.16,1,0,1
B034,2024-08-24 13:00:00,0,617E2950,0,,38.11,1,0,1
B034,2024-08-24 13:00:00,1,61711890,0,,24.15,1,0,1
B034,2024-08-24 14:00:00,0,617E2950,0,,38.11,1,0,1
B034,2024-08-24 14:00:00,1,61711890,0.02859848303,,24.16,1,0,1
B034,2024-08-24 15:00:00,0,617E2950,0,,38.12,1,0,1
B034,2024-08-24 15:00:00,1,61711890,0.009506182085,,24.11,1,0,1
B034,2024-08-24 16:00:00,0,617E2950,3.238094173,,38.12,1,0,1
B034,2024-08-24 16:00:00,1,61711890,2.642666111,,24.13,1,0,1
B034,2024-08-24 17:00:00,0,617E2950,2.370477117,,38.79,1,0,1
B034,2024-08-24 17:00:00,1,61711890,1.269869104,,24.2,1,0,1
B034,2024-08-24 18:00:00,0,617E2950,0.01642181319,,38.07,1,0,1
B034,2024-08-24 18:00:00,1,61711890,0.002668276608,,24.06,1,0,1
B034,2024-08-24 19:00:00,0,617E2950,0,,37.83,1,0,1
B034,2024-08-24 19:00:00,1,61711890,0,,24.34,1,0,1
B034,2024-08-24 20:00:00,0,617E2950,0,,38.08,1,0,1
B034,2024-08-24 20:00:00,1,61711890,0.001249919391,,24.41,1,0,1
B034,2024-08-24 21:00:00,0,617E2950,0.02098953624,,38.24,1,0,1
B034,2024-08-24 21:00:00,1,61711890,0.001418357216,,24.16,1,0,1
B034,2024-08-24 22:00:00,0,617E2950,0,,38.28,1,0,1
B034,2024-08-24 22:00:00,1,61711890,0,,24.11,1,0,1
B034,2024-08-24 23:00:00,0,617E2950,0,,38.29,1,0,1
B034,2024-08-24 23:00:00,1,61711890,0.001249919391,,24.09,1,0,1
B034,2024-08-25 00:00:00,0,617E2950,0,,38.28,1,0,1
B034,2024-08-25 00:00:00,1,61711890,0,,24.09,1,0,1
B034,2024-08-25 01:00:00,0,617E2950,0,,38.28,1,0,1
B034,2024-08-25 01:00:00,1,61711890,0.001249919391,,24.1,1,0,1
B034,2024-08-25 02:00:00,0,617E2950,0.004025902238,,38.27,1,0,1
B034,2024-08-25 02:00:00,1,61711890,0.001418357216,,24.08,1,0,1
B034,2024-08-25 03:00:00,0,617E2950,0,,38.27,1,0,1
B034,2024-08-25 03:00:00,1,61711890,0,,24.07,1,0,1
B034,2024-08-25 04:00:00,0,617E2950,0,,38.26,1,0,1
B034,2024-08-25 04:00:00,1,61711890,0,,24.07,1,0,1
B034,2024-08-25 05:00:00,0,617E2950,0,,38.26,1,0,1
B034,2024-08-25 05:00:00,1,61711890,0.001249919391,,24.04,1,0,1
B034,2024-08-25 06:00:00,0,617E2950,0,,38.25,1,0,1
B034,2024-08-25 06:00:00,1,61711890,0.001249919391,,24.05,1,0,1
B034,2024-08-25 07:00:00,0,617E2950,2.026433352,,38.24,1,0,1
B034,2024-08-25 07:00:00,1,61711890,0.645013316,,24.03,1,0,1
B034,2024-08-25 08:00:00,0,617E2950,0,,38.24,1,0,1
B034,2024-08-25 08:00:00,1,61711890,0.003749758174,,24.03,1,0,1
B034,2024-08-25 09:00:00,0,617E2950,0.004025902238,,38.24,1,0,1
B034,2024-08-25 09:00:00,1,61711890,0.00516811539,,24.03,1,0,1
B034,2024-08-25 10:00:00,0,617E2950,0,,38.2,1,0,1
B034,2024-08-25 10:00:00,1,61711890,0.007499516348,,24,1,0,1
B034,2024-08-25 11:00:00,0,617E2950,0.008051804476,,38.18,1,0,1
B034,2024-08-25 11:00:00,1,61711890,0.005336553215,,24,1,0,1
B034,2024-08-25 12:00:00,0,617E2950,0.004025902238,,38.16,1,0,1
B034,2024-08-25 12:00:00,1,61711890,0.001418357216,,23.99,1,0,1
B034,2024-08-25 13:00:00,0,617E2950,0.004025902238,,38.15,1,0,1
B034,2024-08-25 13:00:00,1,61711890,0.0001684378249,,23.98,1,0,1
B034,2024-08-25 14:00:00,0,617E2950,0.004025902238,,38.15,1,0,1
B034,2024-08-25 14:00:00,1,61711890,0.1341880077,,24,1,0,1
B034,2024-08-25 15:00:00,0,617E2950,0,,38.14,1,0,1
B034,2024-08-25 15:00:00,1,61711890,0.05916346808,,23.96,1,0,1
B034,2024-08-25 16:00:00,0,617E2950,0.004025902238,,38.14,1,0,1
B034,2024-08-25 16:00:00,1,61711890,0.0001684378249,,23.96,1,0,1
B034,2024-08-25 17:00:00,0,617E2950,0,,38.14,1,0,1
B034,2024-08-25 17:00:00,1,61711890,0,,23.95,1,0,1
B034,2024-08-25 18:00:00,0,617E2950,0,,38.14,1,0,1
B034,2024-08-25 18:00:00,1,61711890,0,,23.95,1,0,1
B034,2024-08-25 19:00:00,0,617E2950,0,,38.14,1,0,1
B034,2024-08-25 19:00:00,1,61711890,0,,23.94,1,0,1
B034,2024-08-25 20:00:00,0,617E2950,0,,38.14,1,0,1
B034,2024-08-25 20:00:00,1,61711890,0,,23.92,1,0,1
B034,2024-08-25 21:00:00,0,617E2950,0,,38.13,1,0,1
B034,2024-08-25 21:00:00,1,61711890,0,,23.91,1,0,1
B034,2024-08-25 22:00:00,0,617E2950,0,,38.13,1,0,1
B034,2024-08-25 22:00:00,1,61711890,0,,23.9,1,0,1
B034,2024-08-25 23:00:00,0,617E2950,0.004025902238,,38.13,1,0,1
B034,2024-08-25 23:00:00,1,61711890,0.0001684378249,,23.89,1,0,1
B034,2024-08-26 00:00:00,0,617E2950,0,,38.13,1,0,1
B034,2024-08-26 00:00:00,1,61711890,0,,23.89,1,0,1
B034,2024-08-26 01:00:00,0,617E2950,0.004025902238,,38.13,1,0,1
B034,2024-08-26 01:00:00,1,61711890,0.0001684378249,,23.87,1,0,1
B034,2024-08-26 02:00:00,0,617E2950,0,,38.13,1,0,1
B034,2024-08-26 02:00:00,1,61711890,0,,23.87,1,0,1
B034,2024-08-26 03:00:00,0,617E2950,0,,38.13,1,0,1
B034,2024-08-26 03:00:00,1,61711890,0,,23.86,1,0,1
B034,2024-08-26 04:00:00,0,617E2950,0,,38.13,1,0,1
B034,2024-08-26 04:00:00,1,61711890,0,,23.84,1,0,1
B034,2024-08-26 05:00:00,0,617E2950,0,,38.13,1,0,1
B034,2024-08-26 05:00:00,1,61711890,0,,23.85,1,0,1
B034,2024-08-26 06:00:00,0,617E2950,0,,38.14,1,0,1
B034,2024-08-26 06:00:00,1,61711890,0,,23.82,1,0,1
B034,2024-08-26 07:00:00,0,617E2950,0.03623312014,,38.15,1,0,1
B034,2024-08-26 07:00:00,1,61711890,0.02401448947,,23.82,1,0,1
B034,2024-08-26 08:00:00,0,617E2950,0,,38.15,1,0,1
B034,2024-08-26 08:00:00,1,61711890,0,,23.81,1,0,1
B034,2024-08-26 09:00:00,0,617E2950,0,,38.18,1,0,1
B034,2024-08-26 09:00:00,1,61711890,0,,23.79,1,0,1
B034,2024-08-26 10:00:00,0,617E2950,0,,38.19,1,0,1
B034,2024-08-26 10:00:00,1,61711890,0,,23.79,1,0,1
B034,2024-08-26 11:00:00,0,617E2950,0.004025902238,,38.18,1,0,1
B034,2024-08-26 11:00:00,1,61711890,0.0001684378249,,23.77,1,0,1
B034,2024-08-26 12:00:00,0,617E2950,0,,38.18,1,0,1
B034,2024-08-26 12:00:00,1,61711890,0,,23.77,1,0,1
B034,2024-08-26 13:00:00,0,617E2950,0,,38.18,1,0,1
B034,2024-08-26 13:00:00,1,61711890,0,,23.76,1,0,1
B034,2024-08-26 14:00:00,0,617E2950,0,,38.18,1,0,1
B034,2024-08-26 14:00:00,1,61711890,0,,23.75,1,0,1
B034,2024-08-26 15:00:00,0,617E2950,0,,38.18,1,0,1
B034,2024-08-26 15:00:00,1,61711890,0,,23.74,1,0,1
B034,2024-08-26 16:00:00,0,617E2950,0,,38.18,1,0,1
B034,2024-08-26 16:00:00,1,61711890,0,,23.74,1,0,1
B034,2024-08-26 17:00:00,0,617E2950,0,,38.18,1,0,1
B034,2024-08-26 17:00:00,1,61711890,0,,23.72,1,0,1
B034,2024-08-26 18:00:00,0,617E2950,0,,38.18,1,0,1
B034,2024-08-26 18:00:00,1,61711890,0,,23.72,1,0,1
B034,2024-08-26 19:00:00,0,617E2950,0,,38.18,1,0,1
B034,2024-08-26 19:00:00,1,61711890,0,,23.71,1,0,1
B034,2024-08-26 20:00:00,0,617E2950,0,,38.18,1,0,1
B034,2024-08-26 20:00:00,1,61711890,0,,23.7,1,0,1
B034,2024-08-26 21:00:00,0,617E2950,0,,38.18,1,0,1
B034,2024-08-26 21:00:00,1,61711890,0,,23.69,1,0,1
B034,2024-08-26 22:00:00,0,617E2950,0,,38.18,1,0,1
B034,2024-08-26 22:00:00,1,61711890,0,,23.68,1,0,1
B034,2024-08-26 23:00:00,0,617E2950,0,,38.18,1,0,1
B034,2024-08-26 23:00:00,1,61711890,0,,23.66,1,0,1
B034,2024-08-27 00:00:00,0,617E2950,0,,38.18,1,0,1
B034,2024-08-27 00:00:00,1,61711890,0,,23.65,1,0,1
B034,2024-08-27 01:00:00,0,617E2950,0,,38.18,1,0,1
B034,2024-08-27 01:00:00,1,61711890,0,,23.65,1,0,1
B034,2024-08-27 02:00:00,0,617E2950,0,,38.18,1,0,1
B034,2024-08-27 02:00:00,1,61711890,0,,23.63,1,0,1
B034,2024-08-27 03:00:00,0,617E2950,0.004025902238,,38.18,1,0,1
B034,2024-08-27 03:00:00,1,61711890,0.0001684378249,,23.62,1,0,1
B034,2024-08-27 04:00:00,0,617E2950,0,,38.18,1,0,1
B034,2024-08-27 04:00:00,1,61711890,0,,23.62,1,0,1
B034,2024-08-27 05:00:00,0,617E2950,0,,38.18,1,0,1
B034,2024-08-27 05:00:00,1,61711890,0,,23.62,1,0,1
B034,2024-08-27 06:00:00,0,617E2950,0,,38.18,1,0,1
B034,2024-08-27 06:00:00,1,61711890,0,,23.62,1,0,1
B034,2024-08-27 07:00:00,0,617E2950,0.008051804476,,38.18,1,0,1
B034,2024-08-27 07:00:00,1,61711890,0.0003368756499,,23.59,1,0,1
B034,2024-08-27 08:00:00,0,617E2950,0,,38.18,1,0,1
B034,2024-08-27 08:00:00,1,61711890,0,,23.63,1,0,1
B034,2024-08-27 09:00:00,0,617E2950,0,,38.18,1,0,1
B034,2024-08-27 09:00:00,1,61711890,0,,23.58,1,0,1
B034,2024-08-27 10:00:00,0,617E2950,0.01239591095,,38.18,1,0,1
B034,2024-08-27 10:00:00,1,61711890,0,,23.59,1,0,1
B034,2024-08-27 11:00:00,0,617E2950,0,,38.18,1,0,1
B034,2024-08-27 11:00:00,1,61711890,0,,23.57,1,0,1
B034,2024-08-27 12:00:00,0,617E2950,0,,38.18,1,0,1
B034,2024-08-27 12:00:00,1,61711890,0,,23.57,1,0,1
B034,2024-08-27 13:00:00,0,617E2950,0,,38.17,1,0,1
B034,2024-08-27 13:00:00,1,61711890,0,,23.52,1,0,1
B034,2024-08-27 14:00:00,0,617E2950,0,,,1,0,0
B034,2024-08-27 14:00:00,1,61711890,0,,,1,0,0
B034,2024-08-27 15:00:00,0,617E2950,0,,38.17,1,0,1
B034,2024-08-27 15:00:00,1,61711890,0,,23.53,1,0,1
B034,2024-08-27 16:00:00,0,617E2950,0,,38.17,1,0,1
B034,2024-08-27 16:00:00,1,61711890,0,,23.49,1,0,1
B034,2024-08-27 17:00:00,0,617E2950,0,,38.18,1,0,1
B034,2024-08-27 17:00:00,1,61711890,0,,23.51,1,0,1
B034,2024-08-27 18:00:00,0,617E2950,0,,38.18,1,0,1
B034,2024-08-27 18:00:00,1,61711890,0,,23.46,1,0,1
B034,2024-08-27 19:00:00,0,617E2950,0,,38.17,1,0,1
B034,2024-08-27 19:00:00,1,61711890,0,,23.46,1,0,1
B034,2024-08-27 20:00:00,0,617E2950,0,,38.17,1,0,1
B034,2024-08-27 20:00:00,1,61711890,0,,23.46,1,0,1
B034,2024-08-27 21:00:00,0,617E2950,0,,38.17,1,0,1
B034,2024-08-27 21:00:00,1,61711890,0,,23.43,1,0,1
B034,2024-08-27 22:00:00,0,617E2950,0,,38.17,1,0,1
B034,2024-08-27 22:00:00,1,61711890,0,,23.44,1,0,1
B034,2024-08-27 23:00:00,0,617E2950,0,,38.17,1,0,1
B034,2024-08-27 23:00:00,1,61711890,0,,23.42,1,0,1
B034,2024-08-28 00:00:00,0,617E2950,0,,38.17,1,0,1
B034,2024-08-28 00:00:00,1,61711890,0,,23.42,1,0,1
B034,2024-08-28 01:00:00,0,617E2950,0,,38.17,1,0,1
B034,2024-08-28 01:00:00,1,61711890,0,,23.43,1,0,1
B034,2024-08-28 02:00:00,0,617E2950,0,,38.17,1,0,1
B034,2024-08-28 02:00:00,1,61711890,0,,23.4,1,0,1
B034,2024-08-28 03:00:00,0,617E2950,0.004025902238,,38.17,1,0,1
B034,2024-08-28 03:00:00,1,61711890,0.0001684378249,,23.39,1,0,1
B034,2024-08-28 04:00:00,0,617E2950,0,,38.17,1,0,1
B034,2024-08-28 04:00:00,1,61711890,0,,23.38,1,0,1
B034,2024-08-28 05:00:00,0,617E2950,0,,38.17,1,0,1
B034,2024-08-28 05:00:00,1,61711890,0,,23.39,1,0,1
B034,2024-08-28 06:00:00,0,617E2950,0,,38.17,1,0,1
B034,2024-08-28 06:00:00,1,61711890,0,,23.32,1,0,1
B034,2024-08-28 07:00:00,0,617E2950,0.004025902238,,38.17,1,0,1
B034,2024-08-28 07:00:00,1,61711890,0.0001684378249,,23.35,1,0,1
B034,2024-08-28 08:00:00,0,617E2950,0,,38.17,1,0,1
B034,2024-08-28 08:00:00,1,61711890,0,,23.36,1,0,1
B034,2024-08-28 09:00:00,0,617E2950,0,,38.17,1,0,1
B034,2024-08-28 09:00:00,1,61711890,0,,23.3,1,0,1
B034,2024-08-28 10:00:00,0,617E2950,0,,38.17,1,0,1
B034,2024-08-28 10:00:00,1,61711890,0,,23.32,1,0,1
B034,2024-08-28 11:00:00,0,617E2950,0,,38.17,1,0,1
B034,2024-08-28 11:00:00,1,61711890,0,,23.31,1,0,1
B034,2024-08-28 12:00:00,0,617E2950,0,,38.17,1,0,1
B034,2024-08-28 12:00:00,1,61711890,0,,23.3,1,0,1
B034,2025-04-19 06:00:00,0,617E2950,0,,38.14,1,0,1
B034,2025-04-19 06:00:00,1,61711890,0,,22.93,1,0,1
B034,2025-04-19 07:00:00,0,617E2950,0,,38.14,1,0,1
B034,2025-04-19 07:00:00,1,61711890,0,,22.94,1,0,1
B034,2025-04-19 08:00:00,0,617E2950,0,,38.14,1,0,1
B034,2025-04-19 08:00:00,1,61711890,0,,22.94,1,0,1
B034,2025-04-19 09:00:00,0,617E2950,0,,38.14,1,0,1
B034,2025-04-19 09:00:00,1,61711890,0,,,1,0,0
B034,2025-04-19 10:00:00,0,617E2950,0,,38.14,1,0,1
B034,2025-04-19 10:00:00,1,61711890,0,,,1,0,0
B034,2025-04-19 11:00:00,0,617E2950,0,,38.14,1,0,1
B034,2025-04-19 11:00:00,1,61711890,0,,,1,0,0
B034,2025-04-19 12:00:00,0,617E2950,0,,38.14,1,0,1
B034,2025-04-19 12:00:00,1,61711890,0,,22.94,1,0,1
B034,2025-04-19 13:00:00,0,617E2950,0,,38.14,1,0,1
B034,2025-04-19 13:00:00,1,61711890,0,,22.93,1,0,1
B034,2025-04-19 14:00:00,0,617E2950,0,,38.14,1,0,1
B034,2025-04-19 14:00:00,1,61711890,0,,22.93,1,0,1
B034,2025-04-19 15:00:00,0,617E2950,0,,38.14,1,0,1
B034,2025-04-19 15:00:00,1,61711890,0,,22.93,1,0,1
B034,2025-04-19 16:00:00,0,617E2950,0,,38.14,1,0,1
B034,2025-04-19 16:00:00,1,61711890,0,,22.93,1,0,1
B034,2025-04-19 17:00:00,0,617E2950,0,,38.14,1,0,1
B034,2025-04-19 17:00:00,1,61711890,0,,,1,0,0
B034,2025-04-19 18:00:00,0,617E2950,0,,38.14,1,0,1
B034,2025-04-19 18:00:00,1,61711890,0,,22.94,1,0,1
B034,2025-04-19 19:00:00,0,617E2950,0,,38.14,1,0,1
B034,2025-04-19 19:00:00,1,61711890,0,,22.95,1,0,1
B034,2025-04-19 20:00:00,0,617E2950,0,,38.14,1,0,1
B034,2025-04-19 20:00:00,1,61711890,0,,,1,0,0
B034,2025-04-19 21:00:00,0,617E2950,0,,38.14,1,0,1
B034,2025-04-19 21:00:00,1,61711890,0,,22.95,1,0,1
B034,2025-04-19 22:00:00,0,617E2950,0,,38.14,1,0,1
B034,2025-04-19 22:00:00,1,61711890,0,,22.95,1,0,1
B034,2025-04-19 23:00:00,0,617E2950,0,,38.14,1,0,1
B034,2025-04-19 23:00:00,1,61711890,0,,22.95,1,0,1
B034,2025-04-20 00:00:00,0,617E2950,0,,38.14,1,0,1
B034,2025-04-20 00:00:00,1,61711890,0,,22.95,1,0,1
B034,2025-04-20 01:00:00,0,617E2950,0,,38.14,1,0,1
B034,2025-04-20 01:00:00,1,61711890,0,,22.95,1,0,1
B034,2025-04-20 02:00:00,0,617E2950,0,,38.14,1,0,1
B034,2025-04-20 02:00:00,1,61711890,0,,22.95,1,0,1
B034,2025-04-20 03:00:00,0,617E2950,0,,38.14,1,0,1
B034,2025-04-20 03:00:00,1,61711890,0,,22.94,1,0,1
B034,2025-04-20 04:00:00,0,617E2950,0,,38.14,1,0,1
B034,2025-04-20 04:00:00,1,61711890,0,,22.94,1,0,1
B034,2025-04-20 05:00:00,0,617E2950,0,,38.14,1,0,1
B034,2025-04-20 05:00:00,1,61711890,0,,22.93,1,0,1
B034,2025-04-20 06:00:00,0,617E2950,0,,38.14,1,0,1
B034,2025-04-20 06:00:00,1,61711890,0,,22.93,1,0,1
B034,2025-04-20 07:00:00,0,617E2950,0,,38.14,1,0,1
B034,2025-04-20 07:00:00,1,61711890,0,,22.93,1,0,1
B034,2025-04-20 08:00:00,0,617E2950,0,,38.14,1,0,1
B034,2025-04-20 08:00:00,1,61711890,0,,22.93,1,0,1
B034,2025-04-20 09:00:00,0,617E2950,0,,38.14,1,0,1
B034,2025-04-20 09:00:00,1,61711890,0,,22.93,1,0,1
B034,2025-04-20 10:00:00,0,617E2950,0,,38.14,1,0,1
B034,2025-04-20 10:00:00,1,61711890,0,,,1,0,0
B034,2025-04-20 11:00:00,0,617E2950,0,,38.14,1,0,1
B034,2025-04-20 11:00:00,1,61711890,0,,,1,0,0
B034,2025-04-20 12:00:00,0,617E2950,0,,,1,0,0
B034,2025-04-20 12:00:00,1,61711890,0,,,1,0,0
B034,2025-04-20 13:00:00,0,617E2950,0,,38.14,1,0,1
B034,2025-04-20 13:00:00,1,61711890,0,,22.93,1,0,1
B034,2025-04-20 14:00:00,0,617E2950,0,,38.14,1,0,1
B034,2025-04-20 14:00:00,1,61711890,0,,22.93,1,0,1
B034,2025-04-20 15:00:00,0,617E2950,0,,38.14,1,0,1
B034,2025-04-20 15:00:00,1,61711890,0,,22.93,1,0,1
B034,2025-04-20 16:00:00,0,617E2950,0,,38.14,1,0,1
B034,2025-04-20 16:00:00,1,61711890,0,,22.93,1,0,1
B034,2025-04-20 17:00:00,0,617E2950,0,,38.14,1,0,1
B034,2025-04-20 17:00:00,1,61711890,0,,22.93,1,0,1
B034,2025-04-20 18:00:00,0,617E2950,0,,38.14,1,0,1
B034,2025-04-20 18:00:00,1,61711890,0,,,1,0,0
B034,2025-04-20 19:00:00,0,617E2950,0,,38.14,1,0,1
B034,2025-04-20 19:00:00,1,61711890,0,,22.94,1,0,1
B034,2025-04-20 20:00:00,0,617E2950,0,,38.14,1,0,1
B034,2025-04-20 20:00:00,1,61711890,0,,22.94,1,0,1
B034,2025-04-20 21:00:00,0,617E2950,0,,38.14,1,0,1
B034,2025-04-20 21:00:00,1,61711890,0,,22.95,1,0,1
B034,2025-04-20 22:00:00,0,617E2950,0,,38.14,1,0,1
B034,2025-04-20 22:00:00,1,61711890,0,,22.95,1,0,1
B034,2025-04-20 23:00:00,0,617E2950,0,,38.14,1,0,1
B034,2025-04-20 23:00:00,1,61711890,0,,,1,0,0
B034,2025-04-21 00:00:00,0,617E2950,0,,38.14,1,0,1
B034,2025-04-21 00:00:00,1,61711890,0,,22.95,1,0,1
B034,2025-04-21 01:00:00,0,617E2950,0,,38.14,1,0,1
B034,2025-04-21 01:00:00,1,61711890,0,,22.95,1,0,1
B034,2025-04-21 02:00:00,0,617E2950,0,,38.14,1,0,1
B034,2025-04-21 02:00:00,1,61711890,0,,22.95,1,0,1
B034,2025-04-21 03:00:00,0,617E2950,0,,38.14,1,0,1
B034,2025-04-21 03:00:00,1,61711890,0,,22.95,1,0,1
B034,2025-04-21 04:00:00,0,617E2950,0,,38.14,1,0,1
B034,2025-04-21 04:00:00,1,61711890,0,,22.95,1,0,1
B034,2025-04-21 05:00:00,0,617E2950,0,,,1,0,0
B034,2025-04-21 05:00:00,1,61711890,0,,22.95,1,0,1
B034,2025-04-21 06:00:00,0,617E2950,0.8614097494,,38.14,1,0,1
B034,2025-04-21 06:00:00,1,61711890,0.9007131525,,22.95,1,0,1
B034,2025-04-21 07:00:00,0,617E2950,2.114935547,,38.17,1,0,1
B034,2025-04-21 07:00:00,1,61711890,2.829508077,,22.95,1,0,1
B034,2025-04-21 08:00:00,0,617E2950,2.973432013,,38.15,1,0,1
B034,2025-04-21 08:00:00,1,61711890,3.569170688,,22.98,1,0,1
B034,2025-04-21 09:00:00,0,617E2950,0.113121854,,38.41,1,0,1
B034,2025-04-21 09:00:00,1,61711890,0.2751012587,,23.05,1,0,1
B034,2025-04-21 10:00:00,0,617E2950,0.03199760977,,38.12,1,0,1
B034,2025-04-21 10:00:00,1,61711890,0.1403646674,,24.64,1,0,1
B034,2025-04-21 11:00:00,0,617E2950,0,,38.13,1,0,1
B034,2025-04-21 11:00:00,1,61711890,0,,,1,0,0
B034,2025-04-21 12:00:00,0,617E2950,0,,38.15,1,0,1
B034,2025-04-21 12:00:00,1,61711890,0,,25.36,1,0,1
B034,2025-04-21 13:00:00,0,617E2950,0,,38.07,1,0,1
B034,2025-04-21 13:00:00,1,61711890,0,,25.49,1,0,1
B034,2025-04-21 14:00:00,0,617E2950,0,,37.98,1,0,1
B034,2025-04-21 14:00:00,1,61711890,0,,25.48,1,0,1
B034,2025-04-21 15:00:00,0,617E2950,0,,37.82,1,0,1
B034,2025-04-21 15:00:00,1,61711890,0,,25.38,1,0,1
B034,2025-04-21 16:00:00,0,617E2950,0,,37.74,1,0,1
B034,2025-04-21 16:00:00,1,61711890,0,,25.19,1,0,1
B034,2025-04-21 17:00:00,0,617E2950,0,,37.71,1,0,1
B034,2025-04-21 17:00:00,1,61711890,0,,24.93,1,0,1
B034,2025-04-21 18:00:00,0,617E2950,0,,37.68,1,0,1
B034,2025-04-21 18:00:00,1,61711890,0.01583169883,,24.63,1,0,1
B034,2025-04-21 19:00:00,0,617E2950,0,,37.65,1,0,1
B034,2025-04-21 19:00:00,1,61711890,0,,24.38,1,0,1
B034,2025-04-21 20:00:00,0,617E2950,0,,37.59,1,0,1
B034,2025-04-21 20:00:00,1,61711890,0,,24.19,1,0,1
B034,2025-04-21 21:00:00,0,617E2950,0,,37.58,1,0,1
B034,2025-04-21 21:00:00,1,61711890,0,,24.05,1,0,1
B034,2025-04-21 22:00:00,0,617E2950,0,,37.57,1,0,1
B034,2025-04-21 22:00:00,1,61711890,0,,23.91,1,0,1
B034,2025-04-21 23:00:00,0,617E2950,0,,37.55,1,0,1
B034,2025-04-21 23:00:00,1,61711890,0,,23.79,1,0,1
B034,2025-04-22 00:00:00,0,617E2950,0.3091516081,,37.54,1,0,1
B034,2025-04-22 00:00:00,1,61711890,0.2367572555,,23.73,1,0,1
B034,2025-04-22 01:00:00,0,617E2950,0.09662854091,,37.53,1,0,1
B034,2025-04-22 01:00:00,1,61711890,0.0966763508,,23.68,1,0,1
B034,2025-04-22 02:00:00,0,617E2950,0.04766083436,,37.51,1,0,1
B034,2025-04-22 02:00:00,1,61711890,0.04266214804,,23.65,1,0,1
B034,2025-04-22 03:00:00,0,617E2950,0.01518644089,,37.5,1,0,1
B034,2025-04-22 03:00:00,1,61711890,0.02349393075,,23.61,1,0,1
B034,2025-04-22 04:00:00,0,617E2950,0.03199760977,,37.49,1,0,1
B034,2025-04-22 04:00:00,1,61711890,0.05458576558,,23.6,1,0,1
B034,2025-04-22 05:00:00,0,617E2950,0.01534536879,,37.48,1,0,1
B034,2025-04-22 05:00:00,1,61711890,0.02349393075,,23.61,1,0,1
B034,2025-04-22 06:00:00,0,617E2950,0.04766083436,,37.48,1,0,1
B034,2025-04-22 06:00:00,1,61711890,0.07807969632,,23.59,1,0,1
B034,2025-04-22 07:00:00,0,617E2950,0.1080887421,,37.47,1,0,1
B034,2025-04-22 07:00:00,1,61711890,0.7688896868,,23.57,1,0,1
B034,2025-04-22 08:00:00,0,617E2950,0.01681116888,,37.46,1,0,1
B034,2025-04-22 08:00:00,1,61711890,0.01526013601,,23.54,1,0,1
B034,2025-04-22 09:00:00,0,617E2950,0.0003178557985,,37.46,1,0,1
B034,2025-04-22 09:00:00,1,61711890,0,,23.52,1,0,1
B034,2025-04-22 10:00:00,0,617E2950,0,,37.45,1,0,1
B034,2025-04-22 10:00:00,1,61711890,0,,23.46,1,0,1
B034,2025-04-22 11:00:00,0,617E2950,0,,37.45,1,0,1
B034,2025-04-22 11:00:00,1,61711890,0,,23.39,1,0,1
B034,2025-04-22 12:00:00,0,617E2950,0,,37.52,1,0,1
B034,2025-04-22 12:00:00,1,61711890,0,,23.35,1,0,1
B034,2025-04-22 13:00:00,0,617E2950,0,,37.65,1,0,1
B034,2025-04-22 13:00:00,1,61711890,0,,23.33,1,0,1
B034,2025-04-22 14:00:00,0,617E2950,0,,37.85,1,0,1
B034,2025-04-22 14:00:00,1,61711890,0,,23.31,1,0,1
B034,2025-04-22 15:00:00,0,617E2950,0,,38,1,0,1
B034,2025-04-22 15:00:00,1,61711890,0,,23.32,1,0,1
B034,2025-04-22 16:00:00,0,617E2950,0,,38.13,1,0,1
B034,2025-04-22 16:00:00,1,61711890,0,,23.27,1,0,1
B034,2025-04-22 17:00:00,0,617E2950,0,,38.22,1,0,1
B034,2025-04-22 17:00:00,1,61711890,0,,23.26,1,0,1
B034,2025-04-22 18:00:00,0,617E2950,0,,38.25,1,0,1
B034,2025-04-22 18:00:00,1,61711890,0,,23.24,1,0,1
B034,2025-04-22 19:00:00,0,617E2950,0,,38.26,1,0,1
B034,2025-04-22 19:00:00,1,61711890,0,,,1,0,0
B034,2025-04-22 20:00:00,0,617E2950,0,,38.26,1,0,1
B034,2025-04-22 20:00:00,1,61711890,0,,23.24,1,0,1
B034,2025-04-22 21:00:00,0,617E2950,0.03215653767,,38.26,1,0,1
B034,2025-04-22 21:00:00,1,61711890,0.02292236793,,23.27,1,0,1
B034,2025-04-22 22:00:00,0,617E2950,0.06415414744,,38.26,1,0,1
B034,2025-04-22 22:00:00,1,61711890,0.06167643468,,23.3,1,0,1
B034,2025-04-22 23:00:00,0,617E2950,0,,38.26,1,0,1
B034,2025-04-22 23:00:00,1,61711890,0.01583169883,,23.3,1,0,1
B034,2025-04-23 00:00:00,0,617E2950,0,,38.26,1,0,1
B034,2025-04-23 00:00:00,1,61711890,0,,23.3,1,0,1
B034,2025-04-23 01:00:00,0,617E2950,0,,38.26,1,0,1
B034,2025-04-23 01:00:00,1,61711890,0,,23.3,1,0,1
B034,2025-04-23 02:00:00,0,617E2950,0,,38.25,1,0,1
B034,2025-04-23 02:00:00,1,61711890,0,,23.3,1,0,1
B034,2025-04-23 03:00:00,0,617E2950,0.03199760977,,38.25,1,0,1
B034,2025-04-23 03:00:00,1,61711890,0.02292236793,,23.3,1,0,1
B034,2025-04-23 04:00:00,0,617E2950,0,,38.24,1,0,1
B034,2025-04-23 04:00:00,1,61711890,0,,23.29,1,0,1
B034,2025-04-23 05:00:00,0,617E2950,0,,38.24,1,0,1
B034,2025-04-23 05:00:00,1,61711890,0,,23.28,1,0,1
B034,2025-04-23 06:00:00,0,617E2950,0,,38.25,1,0,1
B034,2025-04-23 06:00:00,1,61711890,0,,23.27,1,0,1
B034,2025-04-23 07:00:00,0,617E2950,0.1449605359,,38.26,1,0,1
B034,2025-04-23 07:00:00,1,61711890,0.1386130054,,23.26,1,0,1
B034,2025-04-23 08:00:00,0,617E2950,0,,38.26,1,0,1
B034,2025-04-23 08:00:00,1,61711890,0,,23.25,1,0,1
B034,2025-04-23 09:00:00,0,617E2950,0,,38.26,1,0,1
B034,2025-04-23 09:00:00,1,61711890,0,,23.25,1,0,1
B034,2025-04-23 10:00:00,0,617E2950,0,,38.24,1,0,1
B034,2025-04-23 10:00:00,1,61711890,0,,23.25,1,0,1
B034,2025-04-23 11:00:00,0,617E2950,0,,38.19,1,0,1
B034,2025-04-23 11:00:00,1,61711890,0,,23.24,1,0,1
B034,2025-05-20 07:00:00,0,617E2950,0,,38.16,1,0,1
B034,2025-05-20 07:00:00,1,61711890,0,,22.99,1,0,1
B034,2025-05-20 08:00:00,0,617E2950,0,,38.16,1,0,1
B034,2025-05-20 08:00:00,1,61711890,0,,,1,0,0
B034,2025-05-20 09:00:00,0,617E2950,0,,38.16,1,0,1
B034,2025-05-20 09:00:00,1,61711890,0,,22.99,1,0,1
B034,2025-05-20 10:00:00,0,617E2950,0,,38.16,1,0,1
B034,2025-05-20 10:00:00,1,61711890,0,,22.99,1,0,1
B034,2025-05-20 11:00:00,0,617E2950,0,,38.16,1,0,1
B034,2025-05-20 11:00:00,1,61711890,0,,22.98,1,0,1
B034,2025-05-20 12:00:00,0,617E2950,0,,38.15,1,0,1
B034,2025-05-20 12:00:00,1,61711890,0,,22.98,1,0,1
B034,2025-05-20 13:00:00,0,617E2950,0,,38.15,1,0,1
B034,2025-05-20 13:00:00,1,61711890,0,,22.98,1,0,1
B034,2025-05-20 14:00:00,0,617E2950,0,,38.15,1,0,1
B034,2025-05-20 14:00:00,1,61711890,0,,22.98,1,0,1
B034,2025-05-20 15:00:00,0,617E2950,0,,38.14,1,0,1
B034,2025-05-20 15:00:00,1,61711890,0.0139894406,,22.98,1,0,1
B034,2025-05-20 16:00:00,0,617E2950,0,,38.13,1,0,1
B034,2025-05-20 16:00:00,1,61711890,0,,22.99,1,0,1
B034,2025-05-20 17:00:00,0,617E2950,0.03199760977,,38.12,1,0,1
B034,2025-05-20 17:00:00,1,61711890,0.02292236793,,22.99,1,0,1
B034,2025-05-20 18:00:00,0,617E2950,0.01681116888,,38.12,1,0,1
B034,2025-05-20 18:00:00,1,61711890,0.01526013601,,22.99,1,0,1
B034,2025-05-20 19:00:00,0,617E2950,0,,,1,0,0
B034,2025-05-20 19:00:00,1,61711890,0,,,1,0,0
B034,2025-05-20 20:00:00,0,617E2950,0,,38.12,1,0,1
B034,2025-05-20 20:00:00,1,61711890,0,,22.99,1,0,1
B034,2025-05-20 21:00:00,0,617E2950,0,,38.12,1,0,1
B034,2025-05-20 21:00:00,1,61711890,0,,23,1,0,1
B034,2025-05-20 22:00:00,0,617E2950,0,,38.13,1,0,1
B034,2025-05-20 22:00:00,1,61711890,0,,23.01,1,0,1
B034,2025-05-20 23:00:00,0,617E2950,0,,,1,0,0
B034,2025-05-20 23:00:00,1,61711890,0,,23.01,1,0,1
B034,2025-05-21 00:00:00,0,617E2950,0,,38.13,1,0,1
B034,2025-05-21 00:00:00,1,61711890,0,,23.01,1,0,1
B034,2025-05-21 01:00:00,0,617E2950,0,,38.13,1,0,1
B034,2025-05-21 01:00:00,1,61711890,0,,23.01,1,0,1
B034,2025-05-21 02:00:00,0,617E2950,0,,38.13,1,0,1
B034,2025-05-21 02:00:00,1,61711890,0,,23,1,0,1
B034,2025-05-21 03:00:00,0,617E2950,0,,38.13,1,0,1
B034,2025-05-21 03:00:00,1,61711890,0,,23,1,0,1
B034,2025-05-21 04:00:00,0,617E2950,0,,38.13,1,0,1
B034,2025-05-21 04:00:00,1,61711890,0,,23.01,1,0,1
B034,2025-05-21 05:00:00,0,617E2950,0,,38.13,1,0,1
B034,2025-05-21 05:00:00,1,61711890,0,,23.01,1,0,1
B034,2025-05-21 06:00:00,0,617E2950,0,,38.13,1,0,1
B034,2025-05-21 06:00:00,1,61711890,0,,23.01,1,0,1
B034,2025-05-21 07:00:00,0,617E2950,0.04880877865,,38.13,1,0,1
B034,2025-05-21 07:00:00,1,61711890,0.05217194453,,23.01,1,0,1
B034,2025-05-21 08:00:00,0,617E2950,0,,38.13,1,0,1
B034,2025-05-21 08:00:00,1,61711890,0,,23.01,1,0,1
B034,2025-05-21 09:00:00,0,617E2950,0,,38.13,1,0,1
B034,2025-05-21 09:00:00,1,61711890,0,,23.01,1,0,1
B034,2025-05-21 10:00:00,0,617E2950,0,,38.13,1,0,1
B034,2025-05-21 10:00:00,1,61711890,0.2777836086,,23,1,0,1
B034,2025-05-21 11:00:00,0,617E2950,0,,38.13,1,0,1
B034,2025-05-21 11:00:00,1,61711890,0.0120775482,,22.99,1,0,1
B034,2025-05-21 12:00:00,0,617E2950,0,,38.13,1,0,1
B034,2025-05-21 12:00:00,1,61711890,0,,22.99,1,0,1
B034,2025-05-21 13:00:00,0,617E2950,0,,38.13,1,0,1
B034,2025-05-21 13:00:00,1,61711890,0,,22.99,1,0,1
B034,2025-05-21 14:00:00,0,617E2950,0,,38.13,1,0,1
B034,2025-05-21 14:00:00,1,61711890,0,,22.99,1,0,1
B034,2025-05-21 15:00:00,0,617E2950,0,,38.13,1,0,1
B034,2025-05-21 15:00:00,1,61711890,0,,22.99,1,0,1
B034,2025-05-21 16:00:00,0,617E2950,0,,38.13,1,0,1
B034,2025-05-21 16:00:00,1,61711890,0,,22.99,1,0,1
B034,2025-05-21 17:00:00,0,617E2950,0,,,1,0,0
B034,2025-05-21 17:00:00,1,61711890,0,,,1,0,0
B034,2025-05-21 18:00:00,0,617E2950,0,,38.13,1,0,1
B034,2025-05-21 18:00:00,1,61711890,0,,22.99,1,0,1
B034,2025-05-21 19:00:00,0,617E2950,0,,38.13,1,0,1
B034,2025-05-21 19:00:00,1,61711890,0,,22.99,1,0,1
B034,2025-05-21 20:00:00,0,617E2950,0,,38.13,1,0,1
B034,2025-05-21 20:00:00,1,61711890,0,,23,1,0,1
B034,2025-05-21 21:00:00,0,617E2950,0,,38.13,1,0,1
B034,2025-05-21 21:00:00,1,61711890,0,,23,1,0,1
B034,2025-05-21 22:00:00,0,617E2950,0,,38.13,1,0,1
B034,2025-05-21 22:00:00,1,61711890,0,,23,1,0,1
B034,2025-05-21 23:00:00,0,617E2950,0,,38.13,1,0,1
B034,2025-05-21 23:00:00,1,61711890,0,,23,1,0,1
B034,2025-05-22 00:00:00,0,617E2950,0,,38.12,1,0,1
B034,2025-05-22 00:00:00,1,61711890,0,,23,1,0,1
B034,2025-05-22 01:00:00,0,617E2950,0,,37.77,1,0,1
B034,2025-05-22 01:00:00,1,61711890,0,,23,1,0,1
B034,2025-05-22 02:00:00,0,617E2950,0,,37.71,1,0,1
B034,2025-05-22 02:00:00,1,61711890,0,,23,1,0,1
B034,2025-05-22 03:00:00,0,617E2950,0,,37.71,1,0,1
B034,2025-05-22 03:00:00,1,61711890,0,,23,1,0,1
B034,2025-05-22 04:00:00,0,617E2950,0,,37.71,1,0,1
B034,2025-05-22 04:00:00,1,61711890,0,,23.18,1,0,1
B034,2025-05-22 05:00:00,0,617E2950,0,,37.73,1,0,1
B034,2025-05-22 05:00:00,1,61711890,0,,23.21,1,0,1
B034,2025-05-22 06:00:00,0,617E2950,0,,37.75,1,0,1
B034,2025-05-22 06:00:00,1,61711890,0,,23.14,1,0,1
B034,2025-05-22 07:00:00,0,617E2950,0,,37.77,1,0,1
B034,2025-05-22 07:00:00,1,61711890,0.2898611568,,23.08,1,0,1
B034,2025-05-22 08:00:00,0,617E2950,0,,37.79,1,0,1
B034,2025-05-22 08:00:00,1,61711890,0,,23.04,1,0,1
B034,2025-05-22 09:00:00,0,617E2950,0,,37.81,1,0,1
B034,2025-05-22 09:00:00,1,61711890,0,,23,1,0,1
B034,2025-05-22 10:00:00,0,617E2950,0,,37.83,1,0,1
B034,2025-05-22 10:00:00,1,61711890,0,,22.97,1,0,1
B034,2025-05-22 11:00:00,0,617E2950,0.7883574887,,38.03,1,0,1
B034,2025-05-22 11:00:00,1,61711890,0.8207551068,,,1,0,0
B034,2025-05-22 12:00:00,0,617E2950,0.1270014227,,37.93,1,0,1
B034,2025-05-22 12:00:00,1,61711890,1.091916971,,22.97,1,0,1
B034,2025-05-22 13:00:00,0,617E2950,0.3057432242,,37.64,1,0,1
B034,2025-05-22 13:00:00,1,61711890,0.55661168,,22.97,1,0,1
B034,2025-05-22 14:00:00,0,617E2950,0.03084966549,,37.57,1,0,1
B034,2025-05-22 14:00:00,1,61711890,0.03115616266,,23.64,1,0,1
B034,2025-05-22 15:00:00,0,617E2950,0.2626903744,,37.45,1,0,1
B034,2025-05-22 15:00:00,1,61711890,1.304554766,,23.79,1,0,1
B034,2025-05-22 16:00:00,0,617E2950,2.297470527,,,1,0,0
B034,2025-05-22 16:00:00,1,61711890,4.255682462,,23.72,1,0,1
B034,2025-05-22 17:00:00,0,617E2950,0,,37.65,1,0,1
B034,2025-05-22 17:00:00,1,61711890,1.016425941,,23.75,1,0,1
B034,2025-05-22 18:00:00,0,617E2950,0,,37.61,1,0,1
B034,2025-05-22 18:00:00,1,61711890,0,,23.89,1,0,1
B034,2025-05-22 19:00:00,0,617E2950,0,,37.74,1,0,1
B034,2025-05-22 19:00:00,1,61711890,0,,24.18,1,0,1
B034,2025-05-22 20:00:00,0,617E2950,0,,,1,0,0
B034,2025-05-22 20:00:00,1,61711890,0.0120775482,,24.57,1,0,1
B034,2025-05-22 21:00:00,0,617E2950,0,,37.82,1,0,1
B034,2025-05-22 21:00:00,1,61711890,0,,24.59,1,0,1
B034,2025-05-22 22:00:00,0,617E2950,0.0001589278992,,37.79,1,0,1
B034,2025-05-22 22:00:00,1,61711890,0.0260669888,,24.55,1,0,1
B034,2025-05-22 23:00:00,0,617E2950,0.0001589278992,,37.75,1,0,1
B034,2025-05-22 23:00:00,1,61711890,0.02790924702,,24.45,1,0,1
B034,2025-05-23 00:00:00,0,617E2950,0.03362233775,,37.71,1,0,1
B034,2025-05-23 00:00:00,1,61711890,0.04259782021,,,1,0,0
B034,2025-05-23 01:00:00,0,617E2950,0,,37.68,1,0,1
B034,2025-05-23 01:00:00,1,61711890,0,,24.31,1,0,1
B034,2025-05-23 02:00:00,0,617E2950,0,,37.64,1,0,1
B034,2025-05-23 02:00:00,1,61711890,0,,24.18,1,0,1
B034,2025-05-23 03:00:00,0,617E2950,0,,37.61,1,0,1
B034,2025-05-23 03:00:00,1,61711890,0.0120775482,,24.05,1,0,1
B034,2025-05-23 04:00:00,0,617E2950,0,,37.59,1,0,1
B034,2025-05-23 04:00:00,1,61711890,0,,23.95,1,0,1
B034,2025-05-23 05:00:00,0,617E2950,0,,37.57,1,0,1
B034,2025-05-23 05:00:00,1,61711890,0,,23.86,1,0,1
B034,2025-05-23 06:00:00,0,617E2950,0,,37.48,1,0,1
B034,2025-05-23 06:00:00,1,61711890,0,,23.79,1,0,1
B034,2025-05-23 07:00:00,0,617E2950,0,,37.41,1,0,1
B034,2025-05-23 07:00:00,1,61711890,2.149803579,,23.73,1,0,1
B034,2025-05-23 08:00:00,0,617E2950,0.0001589278992,,37.41,1,0,1
B034,2025-05-23 08:00:00,1,61711890,0,,23.68,1,0,1
B034,2025-05-23 09:00:00,0,617E2950,0,,37.43,1,0,1
B034,2025-05-23 09:00:00,1,61711890,0,,23.59,1,0,1
B034,2025-05-23 10:00:00,0,617E2950,0,,37.43,1,0,1
B034,2025-05-23 10:00:00,1,61711890,0,,23.49,1,0,1
B034,2025-05-23 11:00:00,0,617E2950,0,,37.42,1,0,1
B034,2025-05-23 11:00:00,1,61711890,0,,23.43,1,0,1
B034,2025-05-23 12:00:00,0,617E2950,0,,37.41,1,0,1
B034,2025-05-23 12:00:00,1,61711890,0,,23.37,1,0,1
B034,2025-05-23 13:00:00,0,617E2950,0,,37.42,1,0,1
B034,2025-05-23 13:00:00,1,61711890,0,,23.32,1,0,1
B034,2025-05-23 14:00:00,0,617E2950,0,,37.47,1,0,1
B034,2025-05-23 14:00:00,1,61711890,0,,23.29,1,0,1
B034,2025-05-23 15:00:00,0,617E2950,0,,37.55,1,0,1
B034,2025-05-23 15:00:00,1,61711890,0,,23.27,1,0,1
B034,2025-05-23 16:00:00,0,617E2950,0,,37.64,1,0,1
B034,2025-05-23 16:00:00,1,61711890,0,,23.25,1,0,1
B034,2025-05-23 17:00:00,0,617E2950,0,,37.72,1,0,1
B034,2025-05-23 17:00:00,1,61711890,0,,23.24,1,0,1
B034,2025-05-23 18:00:00,0,617E2950,0,,37.79,1,0,1
B034,2025-05-23 18:00:00,1,61711890,0,,23.22,1,0,1
B034,2025-05-23 19:00:00,0,617E2950,0,,37.81,1,0,1
B034,2025-05-23 19:00:00,1,61711890,0,,23.2,1,0,1
B034,2025-05-23 20:00:00,0,617E2950,0,,37.83,1,0,1
B034,2025-05-23 20:00:00,1,61711890,0,,23.19,1,0,1
B034,2025-05-23 21:00:00,0,617E2950,0,,37.83,1,0,1
B034,2025-05-23 21:00:00,1,61711890,0,,23.19,1,0,1
B034,2025-05-23 22:00:00,0,617E2950,0,,37.84,1,0,1
B034,2025-05-23 22:00:00,1,61711890,0,,23.18,1,0,1
B034,2025-05-23 23:00:00,0,617E2950,0,,37.85,1,0,1
B034,2025-05-23 23:00:00,1,61711890,0,,23.17,1,0,1
B034,2025-05-24 00:00:00,0,617E2950,0,,37.87,1,0,1
B034,2025-05-24 00:00:00,1,61711890,0,,23.17,1,0,1
B034,2025-05-24 01:00:00,0,617E2950,0,,37.89,1,0,1
B034,2025-05-24 01:00:00,1,61711890,0,,23.16,1,0,1
B034,2025-05-24 02:00:00,0,617E2950,0,,37.94,1,0,1
B034,2025-05-24 02:00:00,1,61711890,0,,23.15,1,0,1
B034,2025-05-24 03:00:00,0,617E2950,0,,38,1,0,1
B034,2025-05-24 03:00:00,1,61711890,0,,23.15,1,0,1
B034,2025-05-24 04:00:00,0,617E2950,0,,38.06,1,0,1
B034,2025-05-24 04:00:00,1,61711890,0,,23.14,1,0,1
B034,2025-05-24 05:00:00,0,617E2950,0,,38.13,1,0,1
B034,2025-05-24 05:00:00,1,61711890,0,,23.14,1,0,1
B034,2025-05-24 06:00:00,0,617E2950,0,,38.18,1,0,1
B034,2025-05-24 06:00:00,1,61711890,0,,23.14,1,0,1
B034,2025-05-24 07:00:00,0,617E2950,0.0001589278992,,38.2,1,0,1
B034,2025-05-24 07:00:00,1,61711890,0,,23.13,1,0,1
B034,2025-05-24 08:00:00,0,617E2950,0,,38.21,1,0,1
B034,2025-05-24 08:00:00,1,61711890,0,,23.13,1,0,1
B034,2025-05-24 09:00:00,0,617E2950,0,,38.22,1,0,1
B034,2025-05-24 09:00:00,1,61711890,0,,23.13,1,0,1
B034,2025-05-24 10:00:00,0,617E2950,0,,38.22,1,0,1
B034,2025-05-24 10:00:00,1,61711890,0,,23.13,1,0,1
B034,2025-05-24 11:00:00,0,617E2950,0,,38.22,1,0,1
B034,2025-05-24 11:00:00,1,61711890,0,,23.14,1,0,1
B034,2025-05-24 12:00:00,0,617E2950,0,,38.22,1,0,1
B034,2025-05-24 12:00:00,1,61711890,0,,23.15,1,0,1
B034,2025-05-24 13:00:00,0,617E2950,0,,38.22,1,0,1
B034,2025-05-24 13:00:00,1,61711890,0,,23.16,1,0,1
B034,2025-05-24 14:00:00,0,617E2950,0,,38.22,1,0,1
B034,2025-05-24 14:00:00,1,61711890,0,,23.16,1,0,1
B034,2025-05-24 15:00:00,0,617E2950,0,,38.22,1,0,1
B034,2025-05-24 15:00:00,1,61711890,0,,23.15,1,0,1
B034,2025-05-24 16:00:00,0,617E2950,0,,38.22,1,0,1
B034,2025-05-24 16:00:00,1,61711890,0,,23.15,1,0,1
B034,2025-05-24 17:00:00,0,617E2950,0,,38.22,1,0,1
B034,2025-05-24 17:00:00,1,61711890,0,,23.14,1,0,1
B034,2025-05-24 18:00:00,0,617E2950,0,,38.21,1,0,1
B034,2025-05-24 18:00:00,1,61711890,0,,23.14,1,0,1
B034,2025-05-24 19:00:00,0,617E2950,0,,38.21,1,0,1
B034,2025-05-24 19:00:00,1,61711890,0,,23.14,1,0,1
B034,2025-05-24 20:00:00,0,617E2950,0,,38.21,1,0,1
B034,2025-05-24 20:00:00,1,61711890,0,,23.13,1,0,1
B034,2025-05-24 21:00:00,0,617E2950,0,,38.21,1,0,1
B034,2025-05-24 21:00:00,1,61711890,0,,23.13,1,0,1
B034,2025-05-24 22:00:00,0,617E2950,0,,38.21,1,0,1
B034,2025-05-24 22:00:00,1,61711890,0,,23.12,1,0,1
B034,2025-05-24 23:00:00,0,617E2950,0,,38.21,1,0,1
B034,2025-05-24 23:00:00,1,61711890,0,,23.12,1,0,1
B034,2025-05-25 00:00:00,0,617E2950,0,,38.22,1,0,1
B034,2025-05-25 00:00:00,1,61711890,0,,23.12,1,0,1
B034,2025-05-25 01:00:00,0,617E2950,0,,38.22,1,0,1
B034,2025-05-25 01:00:00,1,61711890,0,,23.12,1,0,1
B034,2025-05-25 02:00:00,0,617E2950,0,,38.21,1,0,1
B034,2025-05-25 02:00:00,1,61711890,0,,23.12,1,0,1
B034,2025-05-25 03:00:00,0,617E2950,0,,38.21,1,0,1
B034,2025-05-25 03:00:00,1,61711890,0,,23.11,1,0,1
B034,2025-05-25 04:00:00,0,617E2950,0,,38.21,1,0,1
B034,2025-05-25 04:00:00,1,61711890,0,,23.11,1,0,1
B034,2025-05-25 05:00:00,0,617E2950,0,,38.21,1,0,1
B034,2025-05-25 05:00:00,1,61711890,0,,23.11,1,0,1
B034,2025-05-25 06:00:00,0,617E2950,0,,38.21,1,0,1
B034,2025-05-25 06:00:00,1,61711890,0,,23.11,1,0,1
B034,2025-05-25 07:00:00,0,617E2950,0,,38.21,1,0,1
B034,2025-05-25 07:00:00,1,61711890,0,,23.11,1,0,1
B034,2025-05-25 08:00:00,0,617E2950,0,,38.21,1,0,1
B034,2025-05-25 08:00:00,1,61711890,0,,23.1,1,0,1
B034,2025-05-25 09:00:00,0,617E2950,0,,38.21,1,0,1
B034,2025-05-25 09:00:00,1,61711890,0,,23.1,1,0,1
B034,2025-06-12 22:00:00,0,617E2950,0,,38.12,1,0,1
B034,2025-06-12 22:00:00,1,61711890,0,,23,1,0,1
B034,2025-06-12 23:00:00,0,617E2950,0,,38.12,1,0,1
B034,2025-06-12 23:00:00,1,61711890,0,,23,1,0,1
B034,2025-06-13 00:00:00,0,617E2950,0,,38.12,1,0,1
B034,2025-06-13 00:00:00,1,61711890,0,,22.99,1,0,1
B034,2025-06-13 01:00:00,0,617E2950,0,,38.12,1,0,1
B034,2025-06-13 01:00:00,1,61711890,0,,22.99,1,0,1
B034,2025-06-13 02:00:00,0,617E2950,0,,38.12,1,0,1
B034,2025-06-13 02:00:00,1,61711890,0,,22.99,1,0,1
B034,2025-06-13 03:00:00,0,617E2950,0,,38.12,1,0,1
B034,2025-06-13 03:00:00,1,61711890,0,,22.99,1,0,1
B034,2025-06-13 04:00:00,0,617E2950,0,,38.12,1,0,1
B034,2025-06-13 04:00:00,1,61711890,0,,23,1,0,1
B034,2025-06-13 05:00:00,0,617E2950,0,,38.12,1,0,1
B034,2025-06-13 05:00:00,1,61711890,0,,23,1,0,1
B034,2025-06-13 06:00:00,0,617E2950,0,,38.12,1,0,1
B034,2025-06-13 06:00:00,1,61711890,0,,23,1,0,1
B034,2025-06-13 07:00:00,0,617E2950,0,,38.13,1,0,1
B034,2025-06-13 07:00:00,1,61711890,0,,23,1,0,1
B034,2025-06-13 08:00:00,0,617E2950,0,,38.12,1,0,1
B034,2025-06-13 08:00:00,1,61711890,0,,22.99,1,0,1
B034,2025-06-13 09:00:00,0,617E2950,0,,38.13,1,0,1
B034,2025-06-13 09:00:00,1,61711890,0,,22.99,1,0,1
B034,2025-06-13 10:00:00,0,617E2950,0,,38.13,1,0,1
B034,2025-06-13 10:00:00,1,61711890,0,,22.99,1,0,1
B034,2025-06-13 11:00:00,0,617E2950,0,,38.13,1,0,1
B034,2025-06-13 11:00:00,1,61711890,0,,22.99,1,0,1
B034,2025-06-13 12:00:00,0,617E2950,0,,38.14,1,0,1
B034,2025-06-13 12:00:00,1,61711890,0,,22.99,1,0,1
B034,2025-06-13 13:00:00,0,617E2950,0,,38.15,1,0,1
B034,2025-06-13 13:00:00,1,61711890,0,,22.98,1,0,1
B034,2025-06-13 14:00:00,0,617E2950,0,,38.16,1,0,1
B034,2025-06-13 14:00:00,1,61711890,0,,22.98,1,0,1
B034,2025-06-13 15:00:00,0,617E2950,0,,38.17,1,0,1
B034,2025-06-13 15:00:00,1,61711890,0,,22.98,1,0,1
B034,2025-06-13 16:00:00,0,617E2950,0,,38.17,1,0,1
B034,2025-06-13 16:00:00,1,61711890,0,,22.98,1,0,1
B034,2025-06-13 17:00:00,0,617E2950,0,,38.18,1,0,1
B034,2025-06-13 17:00:00,1,61711890,0,,22.98,1,0,1
B034,2025-06-13 18:00:00,0,617E2950,0,,38.18,1,0,1
B034,2025-06-13 18:00:00,1,61711890,0,,22.98,1,0,1
B034,2025-06-13 19:00:00,0,617E2950,0,,38.18,1,0,1
B034,2025-06-13 19:00:00,1,61711890,0,,22.99,1,0,1
B034,2025-06-13 20:00:00,0,617E2950,0,,38.18,1,0,1
B034,2025-06-13 20:00:00,1,61711890,0,,22.99,1,0,1
B034,2025-06-13 21:00:00,0,617E2950,0,,38.18,1,0,1
B034,2025-06-13 21:00:00,1,61711890,0,,22.99,1,0,1
B034,2025-06-13 22:00:00,0,617E2950,0,,38.18,1,0,1
B034,2025-06-13 22:00:00,1,61711890,0,,23,1,0,1
B034,2025-06-13 23:00:00,0,617E2950,0,,38.18,1,0,1
B034,2025-06-13 23:00:00,1,61711890,0,,23.01,1,0,1
B034,2025-06-14 00:00:00,0,617E2950,0,,38.18,1,0,1
B034,2025-06-14 00:00:00,1,61711890,0,,23.01,1,0,1
B034,2025-06-14 01:00:00,0,617E2950,0,,38.18,1,0,1
B034,2025-06-14 01:00:00,1,61711890,0,,23.01,1,0,1
B034,2025-06-14 02:00:00,0,617E2950,0,,38.18,1,0,1
B034,2025-06-14 02:00:00,1,61711890,0,,23.02,1,0,1
B034,2025-06-14 03:00:00,0,617E2950,0,,38.18,1,0,1
B034,2025-06-14 03:00:00,1,61711890,0,,23.02,1,0,1
B034,2025-06-14 04:00:00,0,617E2950,0,,38.18,1,0,1
B034,2025-06-14 04:00:00,1,61711890,0,,23.02,1,0,1
B034,2025-06-14 05:00:00,0,617E2950,0,,38.18,1,0,1
B034,2025-06-14 05:00:00,1,61711890,0,,23.02,1,0,1
B034,2025-06-14 06:00:00,0,617E2950,0,,38.18,1,0,1
B034,2025-06-14 06:00:00,1,61711890,0,,23.02,1,0,1
B034,2025-06-14 07:00:00,0,617E2950,0,,38.18,1,0,1
B034,2025-06-14 07:00:00,1,61711890,0,,23.02,1,0,1
B034,2025-06-14 08:00:00,0,617E2950,0,,38.18,1,0,1
B034,2025-06-14 08:00:00,1,61711890,0,,23.01,1,0,1
B034,2025-06-14 09:00:00,0,617E2950,0,,38.18,1,0,1
B034,2025-06-14 09:00:00,1,61711890,0,,23.01,1,0,1
B034,2025-06-14 10:00:00,0,617E2950,0,,38.17,1,0,1
B034,2025-06-14 10:00:00,1,61711890,0,,23.01,1,0,1
B034,2025-06-14 11:00:00,0,617E2950,0,,38.17,1,0,1
B034,2025-06-14 11:00:00,1,61711890,0,,23.01,1,0,1
B034,2025-06-14 12:00:00,0,617E2950,0,,38.17,1,0,1
B034,2025-06-14 12:00:00,1,61711890,0,,23.01,1,0,1
B034,2025-06-14 13:00:00,0,617E2950,0,,38.17,1,0,1
B034,2025-06-14 13:00:00,1,61711890,0,,23.01,1,0,1
B034,2025-06-14 14:00:00,0,617E2950,0,,38.17,1,0,1
B034,2025-06-14 14:00:00,1,61711890,0,,23.01,1,0,1
B034,2025-06-14 15:00:00,0,617E2950,0,,38.17,1,0,1
B034,2025-06-14 15:00:00,1,61711890,0,,23.01,1,0,1
B034,2025-06-14 16:00:00,0,617E2950,0,,38.17,1,0,1
B034,2025-06-14 16:00:00,1,61711890,0,,23.01,1,0,1
B034,2025-06-14 17:00:00,0,617E2950,0,,38.17,1,0,1
B034,2025-06-14 17:00:00,1,61711890,0,,23.01,1,0,1
B034,2025-06-14 18:00:00,0,617E2950,0,,38.17,1,0,1
B034,2025-06-14 18:00:00,1,61711890,0,,23.01,1,0,1
B034,2025-06-14 19:00:00,0,617E2950,0,,38.17,1,0,1
B034,2025-06-14 19:00:00,1,61711890,0,,23.01,1,0,1
B034,2025-06-14 20:00:00,0,617E2950,0,,38.17,1,0,1
B034,2025-06-14 20:00:00,1,61711890,0,,23.01,1,0,1
B034,2025-06-14 21:00:00,0,617E2950,0,,38.17,1,0,1
B034,2025-06-14 21:00:00,1,61711890,0,,23.01,1,0,1
B034,2025-06-14 22:00:00,0,617E2950,0.09111864537,,38.17,1,0,1
B034,2025-06-14 22:00:00,1,61711890,0.1494262504,,23.01,1,0,1
B034,2025-06-14 23:00:00,0,617E2950,0.6122648805,,37.89,1,0,1
B034,2025-06-14 23:00:00,1,61711890,1.26825061,,23.01,1,0,1
B034,2025-06-15 00:00:00,0,617E2950,0.4224678389,,37.66,1,0,1
B034,2025-06-15 00:00:00,1,61711890,0.7481237499,,23.02,1,0,1
B034,2025-06-15 01:00:00,0,617E2950,0.1095545422,,37.55,1,0,1
B034,2025-06-15 01:00:00,1,61711890,0.5900650639,,23.02,1,0,1
B034,2025-06-15 02:00:00,0,617E2950,0.1719250338,,37.48,1,0,1
B034,2025-06-15 02:00:00,1,61711890,0.6149064525,,23.54,1,0,1
B034,2025-06-15 03:00:00,0,617E2950,0,,37.43,1,0,1
B034,2025-06-15 03:00:00,1,61711890,0.0751225333,,23.57,1,0,1
B034,2025-06-15 04:00:00,0,617E2950,0,,37.39,1,0,1
B034,2025-06-15 04:00:00,1,61711890,0,,23.44,1,0,1
B034,2025-06-15 05:00:00,0,617E2950,0,,37.38,1,0,1
B034,2025-06-15 05:00:00,1,61711890,0,,23.33,1,0,1
B034,2025-06-15 06:00:00,0,617E2950,0,,37.37,1,0,1
B034,2025-06-15 06:00:00,1,61711890,0,,23.27,1,0,1
B034,2025-06-15 07:00:00,0,617E2950,1.407330941,,37.36,1,0,1
B034,2025-06-15 07:00:00,1,61711890,3.033014637,,23.23,1,0,1
B034,2025-06-15 08:00:00,0,617E2950,0,,37.36,1,0,1
B034,2025-06-15 08:00:00,1,61711890,0,,23.21,1,0,1
B034,2025-06-15 09:00:00,0,617E2950,0,,37.36,1,0,1
B034,2025-06-15 09:00:00,1,61711890,0,,23.19,1,0,1
B034,2025-06-15 10:00:00,0,617E2950,0,,37.37,1,0,1
B034,2025-06-15 10:00:00,1,61711890,0,,23.17,1,0,1
B034,2025-06-15 11:00:00,0,617E2950,0,,37.38,1,0,1
B034,2025-06-15 11:00:00,1,61711890,0,,23.15,1,0,1
B034,2025-06-15 12:00:00,0,617E2950,0,,37.41,1,0,1
B034,2025-06-15 12:00:00,1,61711890,0,,23.14,1,0,1
B034,2025-06-15 13:00:00,0,617E2950,0,,37.44,1,0,1
B034,2025-06-15 13:00:00,1,61711890,0.0120775482,,23.12,1,0,1
B034,2025-06-15 14:00:00,0,617E2950,0,,37.46,1,0,1
B034,2025-06-15 14:00:00,1,61711890,0,,23.12,1,0,1
B034,2025-06-15 15:00:00,0,617E2950,0,,37.48,1,0,1
B034,2025-06-15 15:00:00,1,61711890,0,,23.1,1,0,1
B034,2025-06-15 16:00:00,0,617E2950,0,,37.5,1,0,1
B034,2025-06-15 16:00:00,1,61711890,0,,23.1,1,0,1
B034,2025-06-15 17:00:00,0,617E2950,0,,37.51,1,0,1
B034,2025-06-15 17:00:00,1,61711890,0,,23.09,1,0,1
B034,2025-06-15 18:00:00,0,617E2950,0,,37.52,1,0,1
B034,2025-06-15 18:00:00,1,61711890,0,,23.08,1,0,1
B034,2025-06-15 19:00:00,0,617E2950,0,,37.53,1,0,1
B034,2025-06-15 19:00:00,1,61711890,0,,23.07,1,0,1
B034,2025-06-15 20:00:00,0,617E2950,0,,37.54,1,0,1
B034,2025-06-15 20:00:00,1,61711890,0,,23.06,1,0,1
B034,2025-06-15 21:00:00,0,617E2950,0,,37.55,1,0,1
B034,2025-06-15 21:00:00,1,61711890,0,,23.06,1,0,1
B034,2025-06-15 22:00:00,0,617E2950,0,,37.56,1,0,1
B034,2025-06-15 22:00:00,1,61711890,0,,23.05,1,0,1
B034,2025-06-15 23:00:00,0,617E2950,0,,37.57,1,0,1
B034,2025-06-15 23:00:00,1,61711890,0,,23.04,1,0,1
B034,2025-06-16 00:00:00,0,617E2950,0,,37.59,1,0,1
B034,2025-06-16 00:00:00,1,61711890,0,,23.04,1,0,1
B034,2025-06-16 01:00:00,0,617E2950,0,,37.6,1,0,1
B034,2025-06-16 01:00:00,1,61711890,0,,23.04,1,0,1
B034,2025-06-16 02:00:00,0,617E2950,0,,37.62,1,0,1
B034,2025-06-16 02:00:00,1,61711890,0,,23.03,1,0,1
B034,2025-06-16 03:00:00,0,617E2950,0,,37.65,1,0,1
B034,2025-06-16 03:00:00,1,61711890,0,,23.03,1,0,1
B034,2025-06-16 04:00:00,0,617E2950,0,,37.68,1,0,1
B034,2025-06-16 04:00:00,1,61711890,0,,23.03,1,0,1
B034,2025-06-16 05:00:00,0,617E2950,0,,37.71,1,0,1
B034,2025-06-16 05:00:00,1,61711890,0,,23.03,1,0,1
B034,2025-06-16 06:00:00,0,617E2950,0,,37.73,1,0,1
B034,2025-06-16 06:00:00,1,61711890,0,,23.03,1,0,1
B034,2025-06-16 07:00:00,0,617E2950,0,,37.76,1,0,1
B034,2025-06-16 07:00:00,1,61711890,0.0120775482,,23.03,1,0,1
B034,2025-06-16 08:00:00,0,617E2950,0,,37.79,1,0,1
B034,2025-06-16 08:00:00,1,61711890,0,,23.02,1,0,1
B034,2025-06-16 09:00:00,0,617E2950,0,,37.82,1,0,1
B034,2025-06-16 09:00:00,1,61711890,0,,23.02,1,0,1
B034,2025-06-16 10:00:00,0,617E2950,0,,37.84,1,0,1
B034,2025-06-16 10:00:00,1,61711890,0,,23.01,1,0,1
B034,2025-06-16 11:00:00,0,617E2950,0,,37.86,1,0,1
B034,2025-06-16 11:00:00,1,61711890,0,,23.02,1,0,1
B034,2025-06-16 12:00:00,0,617E2950,0,,37.87,1,0,1
B034,2025-06-16 12:00:00,1,61711890,0,,23.01,1,0,1
B034,2025-06-16 13:00:00,0,617E2950,0,,37.88,1,0,1
B034,2025-06-16 13:00:00,1,61711890,0,,23.01,1,0,1
B034,2025-06-16 14:00:00,0,617E2950,0,,37.89,1,0,1
B034,2025-06-16 14:00:00,1,61711890,0,,23.02,1,0,1
B034,2025-06-16 15:00:00,0,617E2950,0,,,1,0,0
B034,2025-06-16 15:00:00,1,61711890,0,,,1,0,0
B034,2025-06-16 16:00:00,0,617E2950,0,,37.9,1,0,1
B034,2025-06-16 16:00:00,1,61711890,0,,23.02,1,0,1
B034,2025-06-16 17:00:00,0,617E2950,0,,37.9,1,0,1
B034,2025-06-16 17:00:00,1,61711890,0,,23.01,1,0,1
B034,2025-06-16 18:00:00,0,617E2950,0,,37.9,1,0,1
B034,2025-06-16 18:00:00,1,61711890,0,,23.01,1,0,1
B034,2025-06-16 19:00:00,0,617E2950,0,,37.9,1,0,1
B034,2025-06-16 19:00:00,1,61711890,0,,23.01,1,0,1
B034,2025-06-16 20:00:00,0,617E2950,0,,37.91,1,0,1
B034,2025-06-16 20:00:00,1,61711890,0,,23.01,1,0,1
B034,2025-06-16 21:00:00,0,617E2950,0,,37.91,1,0,1
B034,2025-06-16 21:00:00,1,61711890,0,,23.01,1,0,1
B034,2025-06-16 22:00:00,0,617E2950,0,,37.91,1,0,1
B034,2025-06-16 22:00:00,1,61711890,0,,23.01,1,0,1
B034,2025-06-16 23:00:00,0,617E2950,0,,37.91,1,0,1
B034,2025-06-16 23:00:00,1,61711890,0,,23.01,1,0,1
B034,2025-06-17 00:00:00,0,617E2950,0,,37.91,1,0,1
B034,2025-06-17 00:00:00,1,61711890,0,,23.01,1,0,1
B034,2025-06-17 01:00:00,0,617E2950,0,,37.91,1,0,1
B034,2025-06-17 01:00:00,1,61711890,0,,23.01,1,0,1
B034,2025-06-17 02:00:00,0,617E2950,0,,37.91,1,0,1
B034,2025-06-17 02:00:00,1,61711890,0,,23.01,1,0,1
B034,2025-06-17 03:00:00,0,617E2950,0,,37.91,1,0,1
B034,2025-06-17 03:00:00,1,61711890,0,,23.01,1,0,1
B034,2025-06-17 04:00:00,0,617E2950,0,,37.91,1,0,1
B034,2025-06-17 04:00:00,1,61711890,0,,23.01,1,0,1
B034,2025-06-17 05:00:00,0,617E2950,0,,37.91,1,0,1
B034,2025-06-17 05:00:00,1,61711890,0,,23.01,1,0,1
B034,2025-06-17 06:00:00,0,617E2950,0,,37.91,1,0,1
B034,2025-06-17 06:00:00,1,61711890,0,,23.01,1,0,1
B034,2025-06-17 07:00:00,0,617E2950,0,,37.91,1,0,1
B034,2025-06-17 07:00:00,1,61711890,0,,23.01,1,0,1
B034,2025-06-17 08:00:00,0,617E2950,0,,37.91,1,0,1
B034,2025-06-17 08:00:00,1,61711890,0,,23,1,0,1
B034,2025-06-17 09:00:00,0,617E2950,0,,37.91,1,0,1
B034,2025-06-17 09:00:00,1,61711890,0,,22.99,1,0,1
B034,2025-06-17 10:00:00,0,617E2950,0,,37.91,1,0,1
B034,2025-06-17 10:00:00,1,61711890,0,,22.99,1,0,1
B034,2025-06-17 11:00:00,0,617E2950,0,,37.91,1,0,1
B034,2025-06-17 11:00:00,1,61711890,0,,22.99,1,0,1
B034,2025-06-17 12:00:00,0,617E2950,0,,37.93,1,0,1
B034,2025-06-17 12:00:00,1,61711890,0,,22.99,1,0,1
B034,2025-06-17 13:00:00,0,617E2950,0,,37.95,1,0,1
B034,2025-06-17 13:00:00,1,61711890,0,,22.99,1,0,1
B034,2025-06-17 14:00:00,0,617E2950,0,,37.96,1,0,1
B034,2025-06-17 14:00:00,1,61711890,0,,22.99,1,0,1
B034,2025-06-18 01:00:00,0,617E2950,0,,38.06,1,0,1
B034,2025-06-18 01:00:00,1,61711890,0,,23,1,0,1
B034,2025-06-18 02:00:00,0,617E2950,0,,38.07,1,0,1
B034,2025-06-18 02:00:00,1,61711890,0,,23,1,0,1
B034,2025-06-18 03:00:00,0,617E2950,0,,38.07,1,0,1
B034,2025-06-18 03:00:00,1,61711890,0,,23,1,0,1
B034,2025-06-18 04:00:00,0,617E2950,0,,38.08,1,0,1
B034,2025-06-18 04:00:00,1,61711890,0,,23.01,1,0,1
B034,2025-06-18 05:00:00,0,617E2950,0,,38.08,1,0,1
B034,2025-06-18 05:00:00,1,61711890,0,,23.01,1,0,1
B034,2025-06-18 06:00:00,0,617E2950,0,,38.09,1,0,1
B034,2025-06-18 06:00:00,1,61711890,0,,23.01,1,0,1
B034,2025-06-18 07:00:00,0,617E2950,0,,38.09,1,0,1
B034,2025-06-18 07:00:00,1,61711890,0,,23.01,1,0,1
B034,2025-06-18 08:00:00,0,617E2950,0,,38.1,1,0,1
B034,2025-06-18 08:00:00,1,61711890,0,,23.01,1,0,1
B034,2025-06-18 09:00:00,0,617E2950,0,,38.1,1,0,1
B034,2025-06-18 09:00:00,1,61711890,0,,23.01,1,0,1
B034,2025-06-18 10:00:00,0,617E2950,0,,38.1,1,0,1
B034,2025-06-18 10:00:00,1,61711890,0,,23.01,1,0,1
B034,2025-06-18 11:00:00,0,617E2950,0,,38.1,1,0,1
B034,2025-06-18 11:00:00,1,61711890,0,,23,1,0,1
B034,2025-06-18 12:00:00,0,617E2950,0,,38.11,1,0,1
B034,2025-06-18 12:00:00,1,61711890,0,,23,1,0,1
B034,2025-06-18 13:00:00,0,617E2950,0,,38.11,1,0,1
B034,2025-06-18 13:00:00,1,61711890,0,,23,1,0,1
B034,2025-06-18 14:00:00,0,617E2950,0,,38.11,1,0,1
B034,2025-06-18 14:00:00,1,61711890,0,,23,1,0,1
B034,2025-06-18 15:00:00,0,617E2950,0,,38.11,1,0,1
B034,2025-06-18 15:00:00,1,61711890,0,,,1,0,0
B034,2025-06-18 16:00:00,0,617E2950,0,,38.12,1,0,1
B034,2025-06-18 16:00:00,1,61711890,0,,23,1,0,1
B034,2025-06-18 17:00:00,0,617E2950,0,,38.12,1,0,1
B034,2025-06-18 17:00:00,1,61711890,0,,23,1,0,1
B034,2025-06-18 18:00:00,0,617E2950,0,,38.12,1,0,1
B034,2025-06-18 18:00:00,1,61711890,0.01369884764,,23,1,0,1
B034,2025-06-18 19:00:00,0,617E2950,0,,37.77,1,0,1
B034,2025-06-18 19:00:00,1,61711890,0,,23,1,0,1
B034,2025-06-18 20:00:00,0,617E2950,0,,37.58,1,0,1
B034,2025-06-18 20:00:00,1,61711890,0,,23,1,0,1
B034,2025-06-18 21:00:00,0,617E2950,0.01518644089,,37.49,1,0,1
B034,2025-06-18 21:00:00,1,61711890,0.007662231919,,23,1,0,1
B034,2025-06-18 22:00:00,0,617E2950,0,,37.46,1,0,1
B034,2025-06-18 22:00:00,1,61711890,0.0139894406,,23.35,1,0,1
B034,2025-06-18 23:00:00,0,617E2950,0,,37.48,1,0,1
B034,2025-06-18 23:00:00,1,61711890,0,,23.31,1,0,1
B034,2025-06-19 00:00:00,0,617E2950,0.01518644089,,37.51,1,0,1
B034,2025-06-19 00:00:00,1,61711890,0.01973978012,,23.19,1,0,1
B034,2025-06-19 01:00:00,0,617E2950,0.01681116888,,37.55,1,0,1
B034,2025-06-19 01:00:00,1,61711890,0.04508127543,,23.1,1,0,1
B034,2025-06-19 02:00:00,0,617E2950,0.01518644089,,37.6,1,0,1
B034,2025-06-19 02:00:00,1,61711890,0.06325976718,,23.05,1,0,1
B034,2025-06-19 03:00:00,0,617E2950,0.421407,,37.66,1,0,1
B034,2025-06-19 03:00:00,1,61711890,0.5776507686,,23.01,1,0,1
B034,2025-06-19 04:00:00,0,617E2950,0.419218383,,37.72,1,0,1
B034,2025-06-19 04:00:00,1,61711890,0.8222560311,,22.99,1,0,1
B034,2025-06-19 05:00:00,0,617E2950,0.04880877865,,37.8,1,0,1
B034,2025-06-19 05:00:00,1,61711890,0.2832763496,,22.99,1,0,1
B034,2025-06-19 06:00:00,0,617E2950,0.01681116888,,37.91,1,0,1
B034,2025-06-19 06:00:00,1,61711890,0.1764037088,,22.99,1,0,1
B034,2025-06-19 07:00:00,0,617E2950,0.4522768317,,37.94,1,0,1
B034,2025-06-19 07:00:00,1,61711890,1.38173369,,22.99,1,0,1
B034,2025-06-19 08:00:00,0,617E2950,0.04718405066,,37.96,1,0,1
B034,2025-06-19 08:00:00,1,61711890,0.05849384687,,22.99,1,0,1
B034,2025-06-19 09:00:00,0,617E2950,0,,37.97,1,0,1
B034,2025-06-19 09:00:00,1,61711890,0.05346468407,,22.99,1,0,1
B034,2025-06-19 10:00:00,0,617E2950,0,,37.98,1,0,1
B034,2025-06-19 10:00:00,1,61711890,0.04109654291,,23.04,1,0,1
B034,2025-06-19 11:00:00,0,617E2950,0,,38,1,0,1
B034,2025-06-19 11:00:00,1,61711890,0,,23.1,1,0,1
B034,2025-06-19 12:00:00,0,617E2950,0,,,1,0,0
B034,2025-06-19 12:00:00,1,61711890,0,,23.11,1,0,1
B034,2025-06-19 13:00:00,0,617E2950,0,,38.02,1,0,1
B034,2025-06-19 13:00:00,1,61711890,0,,23.09,1,0,1
B034,2025-06-19 14:00:00,0,617E2950,0,,38.03,1,0,1
B034,2025-06-19 14:00:00,1,61711890,0.0120775482,,23.08,1,0,1
B034,2025-06-19 15:00:00,0,617E2950,0,,38.04,1,0,1
B034,2025-06-19 15:00:00,1,61711890,0,,23.07,1,0,1
B034,2025-06-19 16:00:00,0,617E2950,0.01681116888,,38.05,1,0,1
B034,2025-06-19 16:00:00,1,61711890,0.01526013601,,23.07,1,0,1
B034,2025-06-19 17:00:00,0,617E2950,0,,38.07,1,0,1
B034,2025-06-19 17:00:00,1,61711890,0,,23.06,1,0,1
B034,2025-06-19 18:00:00,0,617E2950,0,,38.08,1,0,1
B034,2025-06-19 18:00:00,1,61711890,0,,23.06,1,0,1
B034,2025-06-19 19:00:00,0,617E2950,0,,38.09,1,0,1
B034,2025-06-19 19:00:00,1,61711890,0,,23.05,1,0,1
B034,2025-06-19 20:00:00,0,617E2950,0,,38.1,1,0,1
B034,2025-06-19 20:00:00,1,61711890,0,,23.05,1,0,1
B034,2025-06-19 21:00:00,0,617E2950,0,,38.1,1,0,1
B034,2025-06-19 21:00:00,1,61711890,0,,23.04,1,0,1
B034,2025-06-19 22:00:00,0,617E2950,0,,38.07,1,0,1
B034,2025-06-19 22:00:00,1,61711890,0,3.4,23.04,1,1,1
B034,2025-06-19 23:00:00,0,617E2950,0,,37.65,1,0,1
B034,2025-06-19 23:00:00,1,61711890,0,3.4,23.04,1,1,1
B034,2025-06-20 00:00:00,0,617E2950,0,,37.51,1,0,1
B034,2025-06-20 00:00:00,1,61711890,0,3.4,23.04,1,1,1
B034,2025-06-20 01:00:00,0,617E2950,0.01681116888,,37.43,1,0,1
B034,2025-06-20 01:00:00,1,61711890,0.01526013601,16,23.46,1,1,1
B034,2025-06-20 02:00:00,0,617E2950,0,,37.38,1,0,1
B034,2025-06-20 02:00:00,1,61711890,0.01369884764,21.6,23.58,1,1,1
B034,2025-06-20 03:00:00,0,617E2950,0.03037288179,,37.36,1,0,1
B034,2025-06-20 03:00:00,1,61711890,0.01532446384,13.7,23.41,1,1,1
B034,2025-06-20 04:00:00,0,617E2950,0.01518644089,,37.34,1,0,1
B034,2025-06-20 04:00:00,1,61711890,0.02165167252,8.51,23.27,1,1,1
B034,2025-06-20 05:00:00,0,617E2950,0.09436810133,,37.33,1,0,1
B034,2025-06-20 05:00:00,1,61711890,0.1430546825,5.54,23.17,1,1,1
B034,2025-06-20 06:00:00,0,617E2950,0.1279904391,,37.33,1,0,1
B034,2025-06-20 06:00:00,1,61711890,0.1838102445,4.44,23.12,1,1,1
B034,2025-06-20 07:00:00,0,617E2950,0.06237049156,,37.32,1,0,1
B034,2025-06-20 07:00:00,1,61711890,0.1322098628,3.8,23.08,1,1,1
B034,2025-06-20 08:00:00,0,617E2950,0.01518644089,,37.31,1,0,1
B034,2025-06-20 08:00:00,1,61711890,0.1040657171,3.6,23.06,1,1,1
B034,2025-06-20 09:00:00,0,617E2950,0.04718405066,,37.31,1,0,1
B034,2025-06-20 09:00:00,1,61711890,0.05636099568,3.5,23.05,1,1,1
B034,2025-06-20 10:00:00,0,617E2950,0,,37.3,1,0,1
B034,2025-06-20 10:00:00,1,61711890,0,3.5,23.05,1,1,1
B034,2025-06-20 11:00:00,0,617E2950,0.07918166044,,37.3,1,0,1
B034,2025-06-20 11:00:00,1,61711890,0.08517036542,3.4,23.04,1,1,1
B034,2025-06-20 12:00:00,0,617E2950,0.06399521954,,37.29,1,0,1
B034,2025-06-20 12:00:00,1,61711890,0.2906740318,3.4,23.04,1,1,1
B034,2025-06-20 13:00:00,0,617E2950,0.06561994752,,37.29,1,0,1
B034,2025-06-20 13:00:00,1,61711890,0.1759797073,3.5,23.05,1,1,1
B034,2025-06-20 14:00:00,0,617E2950,0,,37.28,1,0,1
B034,2025-06-20 14:00:00,1,61711890,0.06827023853,3.6,23.06,1,1,1
B034,2025-06-20 15:00:00,0,617E2950,0,,37.28,1,0,1
B034,2025-06-20 15:00:00,1,61711890,0.01369884764,3.6,23.06,1,1,1
B034,2025-06-20 16:00:00,0,617E2950,0,,37.27,1,0,1
B034,2025-06-20 16:00:00,1,61711890,0,3.6,23.06,1,1,1
B034,2025-06-20 17:00:00,0,617E2950,0,,37.27,1,0,1
B034,2025-06-20 17:00:00,1,61711890,0,3.6,23.06,1,1,1
B034,2025-06-20 18:00:00,0,617E2950,0,,37.27,1,0,1
B034,2025-06-20 18:00:00,1,61711890,0,3.7,23.07,1,1,1
B034,2025-06-20 19:00:00,0,617E2950,0,,37.26,1,0,1
B034,2025-06-20 19:00:00,1,61711890,0,3.8,23.08,1,1,1
B034,2025-06-20 20:00:00,0,617E2950,0,,37.26,1,0,1
B034,2025-06-20 20:00:00,1,61711890,0,3.9,23.09,1,1,1
B034,2025-06-20 21:00:00,0,617E2950,0.04718405066,,37.26,1,0,1
B034,2025-06-20 21:00:00,1,61711890,0.03058459985,3.9,23.09,1,1,1
B034,2025-06-20 22:00:00,0,617E2950,0.06399521954,,37.25,1,0,1
B034,2025-06-20 22:00:00,1,61711890,0.1054870147,3.8,23.08,1,1,1
B034,2025-06-20 23:00:00,0,617E2950,0,,37.25,1,0,1
B034,2025-06-20 23:00:00,1,61711890,0.04351998706,3.8,23.08,1,1,1
B034,2025-06-21 00:00:00,0,617E2950,0.04880877865,,37.25,1,0,1
B034,2025-06-21 00:00:00,1,61711890,0.05188135157,3.69,23.07,1,1,1
B034,2025-06-21 01:00:00,0,617E2950,0.06399521954,,37.25,1,0,1
B034,2025-06-21 01:00:00,1,61711890,0.1213187135,3.69,23.07,1,1,1
B034,2025-06-21 02:00:00,0,617E2950,0.08080638842,,37.25,1,0,1
B034,2025-06-21 02:00:00,1,61711890,0.1848182802,3.69,23.07,1,1,1
B034,2025-06-21 03:00:00,0,617E2950,0.04880877865,,37.24,1,0,1
B034,2025-06-21 03:00:00,1,61711890,0.1365644749,3.69,23.07,1,1,1
B034,2025-06-21 04:00:00,0,617E2950,0,,37.24,1,0,1
B034,2025-06-21 04:00:00,1,61711890,0.0572188347,3.69,23.07,1,1,1
B034,2025-06-21 05:00:00,0,617E2950,0,,37.24,1,0,1
B034,2025-06-21 05:00:00,1,61711890,0.01369884764,3.8,23.08,1,1,1
B034,2025-06-21 06:00:00,0,617E2950,0,,37.23,1,0,1
B034,2025-06-21 06:00:00,1,61711890,0,3.8,23.08,1,1,1
B034,2025-06-21 07:00:00,0,617E2950,0.3514098184,,37.23,1,0,1
B034,2025-06-21 07:00:00,1,61711890,1.054649198,3.8,23.08,1,1,1
B034,2025-06-21 08:00:00,0,617E2950,0,,37.23,1,0,1
B034,2025-06-21 08:00:00,1,61711890,0,3.8,23.08,1,1,1
B034,2025-06-21 09:00:00,0,617E2950,0,,37.23,1,0,1
B034,2025-06-21 09:00:00,1,61711890,0.04565283825,3.9,23.09,1,1,1
B034,2025-06-21 10:00:00,0,617E2950,0.1670508498,,37.23,1,0,1
B034,2025-06-21 10:00:00,1,61711890,0.4560580307,3.9,23.09,1,1,1
B034,2025-06-21 11:00:00,0,617E2950,0.3319130826,,37.23,1,0,1
B034,2025-06-21 11:00:00,1,61711890,0.9399186985,4,23.1,1,1,1
B034,2025-06-21 12:00:00,0,617E2950,0.849876801,,,1,0,0
B034,2025-06-21 12:00:00,1,61711890,1.972809336,4.88,23.14,1,1,1
B034,2025-06-21 13:00:00,0,617E2950,0.4799641466,,37.23,1,0,1
B034,2025-06-21 13:00:00,1,61711890,1.489508975,6.53,23.21,1,1,1
B034,2025-06-21 14:00:00,0,617E2950,0.144801608,,37.25,1,0,1
B034,2025-06-21 14:00:00,1,61711890,0.4265583303,10.6,23.33,1,1,1
B034,2025-06-21 15:00:00,0,617E2950,0.3774724053,,37.27,1,0,1
B034,2025-06-21 15:00:00,1,61711890,0.6125577547,18.3,23.51,1,1,1
B034,2025-06-21 16:00:00,0,617E2950,0.3552231634,,37.3,1,0,1
B034,2025-06-21 16:00:00,1,61711890,1.062876279,30.3,23.76,1,1,1
B034,2025-06-21 17:00:00,0,617E2950,0.5455840941,,37.36,1,0,1
B034,2025-06-21 17:00:00,1,61711890,0.9386432123,41,23.98,1,1,1
B034,2025-06-21 18:00:00,0,617E2950,0.4024072141,,37.47,1,0,1
B034,2025-06-21 18:00:00,1,61711890,1.053081844,46.9,24.1,1,1,1
B034,2025-06-21 19:00:00,0,617E2950,0.03215653767,,37.56,1,0,1
B034,2025-06-21 19:00:00,1,61711890,0.1760300952,53.5,24.23,1,1,1
B034,2025-06-21 20:00:00,0,617E2950,0.04734297856,,37.57,1,0,1
B034,2025-06-21 20:00:00,1,61711890,0.1550335596,63.2,24.41,1,1,1
B034,2025-06-21 21:00:00,0,617E2950,0.08112424422,,37.58,1,0,1
B034,2025-06-21 21:00:00,1,61711890,0.1571299919,72,24.56,1,1,1
B034,2025-06-21 22:00:00,0,617E2950,0,,37.59,1,0,1
B034,2025-06-21 22:00:00,1,61711890,0.02577639583,73.2,24.58,1,1,1
B034,2025-06-21 23:00:00,0,617E2950,0.04766083436,,37.61,1,0,1
B034,2025-06-21 23:00:00,1,61711890,0.07248328747,70.1,24.53,1,1,1
B034,2025-06-22 00:00:00,0,617E2950,0.04880877865,,37.62,1,0,1
B034,2025-06-22 00:00:00,1,61711890,0.1062287428,65.5,24.45,1,1,1
B034,2025-06-22 01:00:00,0,617E2950,0.06431307534,,37.61,1,0,1
B034,2025-06-22 01:00:00,1,61711890,0.09908542027,61.5,24.38,1,1,1
B034,2025-06-22 02:00:00,0,617E2950,0.03247439347,,37.59,1,0,1
B034,2025-06-22 02:00:00,1,61711890,0.1465661421,57,24.3,1,1,1
B034,2025-06-22 03:00:00,0,617E2950,0.113121854,,37.57,1,0,1
B034,2025-06-22 03:00:00,1,61711890,0.2489136951,53,24.22,1,1,1
B034,2025-06-22 04:00:00,0,617E2950,0.2420658605,,37.55,1,0,1
B034,2025-06-22 04:00:00,1,61711890,0.5773581831,49.4,24.15,1,1,1
B034,2025-06-22 05:00:00,0,617E2950,0.1620895605,,37.54,1,0,1
B034,2025-06-22 05:00:00,1,61711890,0.5205574549,45.9,24.08,1,1,1
B034,2025-06-22 06:00:00,0,617E2950,0.01697009678,,37.54,1,0,1
B034,2025-06-22 06:00:00,1,61711890,0.2372322394,43.5,24.03,1,1,1
B034,2025-06-22 07:00:00,0,617E2950,2.567638802,,37.54,1,0,1
B034,2025-06-22 07:00:00,1,61711890,5.646117344,42,24,1,1,1
B034,2025-06-22 08:00:00,0,617E2950,0,,37.54,1,0,1
B034,2025-06-22 08:00:00,1,61711890,0.02739769527,42,24,1,1,1
B034,2025-06-22 09:00:00,0,617E2950,0.01534536879,,37.54,1,0,1
B034,2025-06-22 09:00:00,1,61711890,0.007662231919,42,24,1,1,1
B034,2025-06-22 10:00:00,0,617E2950,0.04880877865,,37.54,1,0,1
B034,2025-06-22 10:00:00,1,61711890,0.06535619955,41,23.98,1,1,1
B034,2025-06-22 11:00:00,0,617E2950,0.0001589278992,,37.54,1,0,1
B034,2025-06-22 11:00:00,1,61711890,0.02504084443,39.6,23.95,1,1,1
B034,2025-06-22 12:00:00,0,617E2950,0,,37.53,1,0,1
B034,2025-06-22 12:00:00,1,61711890,0.04138713587,38.1,23.92,1,1,1
B034,2025-06-22 13:00:00,0,617E2950,0,,37.52,1,0,1
B034,2025-06-22 13:00:00,1,61711890,0,36.6,23.89,1,1,1
B034,2025-06-22 14:00:00,0,617E2950,0,,37.52,1,0,1
B034,2025-06-22 14:00:00,1,61711890,0,34.7,23.85,1,1,1
B034,2025-06-22 15:00:00,0,617E2950,0,,37.52,1,0,1
B034,2025-06-22 15:00:00,1,61711890,0,33.2,23.82,1,1,1
B034,2025-06-22 16:00:00,0,617E2950,0,,37.51,1,0,1
B034,2025-06-22 16:00:00,1,61711890,0.0120775482,31.7,23.79,1,1,1
B034,2025-06-22 17:00:00,0,617E2950,0,,37.51,1,0,1
B034,2025-06-22 17:00:00,1,61711890,0,30.8,23.77,1,1,1
B034,2025-06-22 18:00:00,0,617E2950,0,,37.5,1,0,1
B034,2025-06-22 18:00:00,1,61711890,0,29.3,23.74,1,1,1
B034,2025-06-22 19:00:00,0,617E2950,0,,37.49,1,0,1
B034,2025-06-22 19:00:00,1,61711890,0,27.9,23.71,1,1,1
B034,2025-06-22 20:00:00,0,617E2950,0,,37.48,1,0,1
B034,2025-06-22 20:00:00,1,61711890,0,26.4,23.68,1,1,1
B034,2025-06-22 21:00:00,0,617E2950,0,,37.47,1,0,1
B034,2025-06-22 21:00:00,1,61711890,0,25,23.65,1,1,1
B034,2025-06-22 22:00:00,0,617E2950,0,,37.46,1,0,1
B034,2025-06-22 22:00:00,1,61711890,0,23.6,23.62,1,1,1
B034,2025-06-22 23:00:00,0,617E2950,0,,37.45,1,0,1
B034,2025-06-22 23:00:00,1,61711890,0,22.1,23.59,1,1,1
B034,2025-06-23 00:00:00,0,617E2950,0,,37.45,1,0,1
B034,2025-06-23 00:00:00,1,61711890,0,21.2,23.57,1,1,1
B034,2025-06-23 01:00:00,0,617E2950,0,,37.44,1,0,1
B034,2025-06-23 01:00:00,1,61711890,0,20.2,23.55,1,1,1
B034,2025-06-23 02:00:00,0,617E2950,0,,37.43,1,0,1
B034,2025-06-23 02:00:00,1,61711890,0,17.8,23.5,1,1,1
B034,2025-06-23 03:00:00,0,617E2950,0.03215653767,,37.42,1,0,1
B034,2025-06-23 03:00:00,1,61711890,0.05083161495,,,1,0,0
B034,2025-06-23 04:00:00,0,617E2950,0.03215653767,,37.42,1,0,1
B034,2025-06-23 04:00:00,1,61711890,0.09177379238,17.3,23.49,1,1,1
B034,2025-06-23 05:00:00,0,617E2950,0.1589635835,,37.41,1,0,1
B034,2025-06-23 05:00:00,1,61711890,0.6184638782,16.4,23.47,1,1,1
B034,2025-06-23 06:00:00,0,617E2950,0.3569713703,,37.41,1,0,1
B034,2025-06-23 06:00:00,1,61711890,0.6431033959,16.4,23.47,1,1,1
B034,2025-06-23 07:00:00,0,617E2950,0.3692262111,,37.4,1,0,1
B034,2025-06-23 07:00:00,1,61711890,0.5306448404,16.4,23.47,1,1,1
B034,2025-06-23 08:00:00,0,617E2950,0.3218832325,,37.41,1,0,1
B034,2025-06-23 08:00:00,1,61711890,0.715612056,16.9,23.48,1,1,1
B034,2025-06-23 09:00:00,0,617E2950,0.2419069326,,37.42,1,0,1
B034,2025-06-23 09:00:00,1,61711890,0.7715469059,18.3,23.51,1,1,1
B034,2025-06-23 10:00:00,0,617E2950,0.2097503949,,37.44,1,0,1
B034,2025-06-23 10:00:00,1,61711890,0.6783898933,23.1,23.61,1,1,1
B034,2025-06-23 11:00:00,0,617E2950,0.1927802981,,37.47,1,0,1
B034,2025-06-23 11:00:00,1,61711890,0.4858101406,29.3,23.74,1,1,1
B034,2025-06-23 12:00:00,0,617E2950,0.04896770655,,37.51,1,0,1
B034,2025-06-23 12:00:00,1,61711890,0.4971720574,,,1,0,0
B034,2025-06-23 13:00:00,0,617E2950,0.01518644089,,37.55,1,0,1
B034,2025-06-23 13:00:00,1,61711890,0.08638871921,41,23.98,1,1,1
B034,2025-06-23 14:00:00,0,617E2950,0,,37.59,1,0,1
B034,2025-06-23 14:00:00,1,61711890,0,45.4,24.07,1,1,1
B034,2025-06-23 15:00:00,0,617E2950,0,,37.63,1,0,1
B034,2025-06-23 15:00:00,1,61711890,0,48.9,24.14,1,1,1
B034,2025-06-23 16:00:00,0,617E2950,0,,37.66,1,0,1
B034,2025-06-23 16:00:00,1,61711890,0,51,24.18,1,1,1
B034,2025-06-23 17:00:00,0,617E2950,0,,37.92,1,0,1
B034,2025-06-23 17:00:00,1,61711890,0,49.4,24.15,1,1,1
B034,2025-06-23 18:00:00,0,617E2950,0,,38.36,1,0,1
B034,2025-06-23 18:00:00,1,61711890,0,42.5,24.01,1,1,1
B034,2025-06-23 19:00:00,0,617E2950,0,,38.52,1,0,1
B034,2025-06-23 19:00:00,1,61711890,0,35.1,23.86,1,1,1
B034,2025-06-23 20:00:00,0,617E2950,0,,38.53,1,0,1
B034,2025-06-23 20:00:00,1,61711890,0,32.2,23.8,1,1,1
B034,2025-06-23 21:00:00,0,617E2950,0,,38.51,1,0,1
B034,2025-06-23 21:00:00,1,61711890,0,36.6,23.89,1,1,1
B034,2025-06-23 22:00:00,0,617E2950,0,,38.5,1,0,1
B034,2025-06-23 22:00:00,1,61711890,0,40,23.96,1,1,1
B034,2025-06-23 23:00:00,0,617E2950,0,,38.48,1,0,1
B034,2025-06-23 23:00:00,1,61711890,0,39.6,23.95,1,1,1
B034,2025-06-24 00:00:00,0,617E2950,0,,38.47,1,0,1
B034,2025-06-24 00:00:00,1,61711890,0,37.6,23.91,1,1,1
B034,2025-06-24 01:00:00,0,617E2950,0,,38.45,1,0,1
B034,2025-06-24 01:00:00,1,61711890,0,35.6,23.87,1,1,1
B034,2025-06-24 02:00:00,0,617E2950,0,,38.44,1,0,1
B034,2025-06-24 02:00:00,1,61711890,0,33.7,23.83,1,1,1
B034,2025-06-24 03:00:00,0,617E2950,0,,38.43,1,0,1
B034,2025-06-24 03:00:00,1,61711890,0,31.2,23.78,1,1,1
B034,2025-06-24 04:00:00,0,617E2950,0,,38.42,1,0,1
B034,2025-06-24 04:00:00,1,61711890,0,29.8,23.75,1,1,1
B034,2025-06-24 05:00:00,0,617E2950,0,,38.41,1,0,1
B034,2025-06-24 05:00:00,1,61711890,0,27.9,23.71,1,1,1
B034,2025-06-24 06:00:00,0,617E2950,0,,38.4,1,0,1
B034,2025-06-24 06:00:00,1,61711890,0,26.4,23.68,1,1,1
B034,2025-06-24 07:00:00,0,617E2950,0,,38.39,1,0,1
B034,2025-06-24 07:00:00,1,61711890,1.0151315,25,23.65,1,1,1
B034,2025-06-24 08:00:00,0,617E2950,0,,38.38,1,0,1
B034,2025-06-24 08:00:00,1,61711890,0,23.6,23.62,1,1,1
B034,2025-06-24 09:00:00,0,617E2950,0,,38.37,1,0,1
B034,2025-06-24 09:00:00,1,61711890,0,22.1,23.59,1,1,1
B034,2025-06-24 10:00:00,0,617E2950,0,,38.36,1,0,1
B034,2025-06-24 10:00:00,1,61711890,0,21.2,23.57,1,1,1
B034,2025-06-24 11:00:00,0,617E2950,0,,38.36,1,0,1
B034,2025-06-24 11:00:00,1,61711890,0.0120775482,20.2,23.55,1,1,1
B034,2025-06-24 12:00:00,0,617E2950,0,,38.3,1,0,1
B034,2025-06-24 12:00:00,1,61711890,0,19.2,23.53,1,1,1
B034,2025-06-24 13:00:00,0,617E2950,0,,38.23,1,0,1
B034,2025-06-24 13:00:00,1,61711890,0,18.3,23.51,1,1,1
B034,2025-06-24 14:00:00,0,617E2950,0,,38.19,1,0,1
B034,2025-06-24 14:00:00,1,61711890,0,17.3,23.49,1,1,1
B034,2025-06-24 15:00:00,0,617E2950,0,,38.2,1,0,1
B034,2025-06-24 15:00:00,1,61711890,0,16,23.46,1,1,1
B034,2025-06-24 16:00:00,0,617E2950,0,,38.25,1,0,1
B034,2025-06-24 16:00:00,1,61711890,0,13.2,23.4,1,1,1
B034,2025-06-24 17:00:00,0,617E2950,0,,38.29,1,0,1
B034,2025-06-24 17:00:00,1,61711890,0,11.3,23.35,1,1,1
B034,2025-06-25 02:00:00,0,617E2950,0.03199760977,,38.27,1,0,1
B034,2025-06-25 02:00:00,1,61711890,0.07616305235,10.6,23.33,1,1,1
B034,2025-06-25 03:00:00,0,617E2950,0,,38.27,1,0,1
B034,2025-06-25 03:00:00,1,61711890,0.02953054646,10.2,23.32,1,1,1
B034,2025-06-25 04:00:00,0,617E2950,0,,38.27,1,0,1
B034,2025-06-25 04:00:00,1,61711890,0,9.87,23.31,1,1,1
B034,2025-06-25 05:00:00,0,617E2950,0,,38.27,1,0,1
B034,2025-06-25 05:00:00,1,61711890,0,9.83,23.31,1,1,1
B034,2025-06-25 06:00:00,0,617E2950,0,,38.27,1,0,1
B034,2025-06-25 06:00:00,1,61711890,0,9.5,23.3,1,1,1
B034,2025-06-25 07:00:00,0,617E2950,0.04896770655,,38.27,1,0,1
B034,2025-06-25 07:00:00,1,61711890,0.5858254068,9.5,23.3,1,1,1
B034,2025-06-25 08:00:00,0,617E2950,0,,38.27,1,0,1
B034,2025-06-25 08:00:00,1,61711890,0,9.17,23.29,1,1,1
B034,2025-06-25 09:00:00,0,617E2950,0.0001589278992,,38.27,1,0,1
B034,2025-06-25 09:00:00,1,61711890,0.0113419968,9.17,23.29,1,1,1
B034,2025-06-25 10:00:00,0,617E2950,0,,38.27,1,0,1
B034,2025-06-25 10:00:00,1,61711890,0,9.14,23.29,1,1,1
B034,2025-06-25 11:00:00,0,617E2950,0,,38.29,1,0,1
B034,2025-06-25 11:00:00,1,61711890,0,9.17,23.29,1,1,1
B034,2025-06-25 12:00:00,0,617E2950,0,,38.25,1,0,1
B034,2025-06-25 12:00:00,1,61711890,0,8.81,23.28,1,1,1
B034,2025-06-25 13:00:00,0,617E2950,0,,38.24,1,0,1
B034,2025-06-25 13:00:00,1,61711890,0,8.51,23.27,1,1,1
B034,2025-06-25 14:00:00,0,617E2950,0,,38.24,1,0,1
B034,2025-06-25 14:00:00,1,61711890,0,8.51,23.27,1,1,1
B034,2025-06-25 15:00:00,0,617E2950,0,,38.24,1,0,1
B034,2025-06-25 15:00:00,1,61711890,0,8.51,23.27,1,1,1
B034,2025-06-25 16:00:00,0,617E2950,0,,38.24,1,0,1
B034,2025-06-25 16:00:00,1,61711890,0,7.85,23.25,1,1,1
B034,2025-06-25 17:00:00,0,617E2950,0,,38.23,1,0,1
B034,2025-06-25 17:00:00,1,61711890,0,7.52,23.24,1,1,1
B034,2025-06-25 18:00:00,0,617E2950,0,,38.23,1,0,1
B034,2025-06-25 18:00:00,1,61711890,0,7.52,23.24,1,1,1
B034,2025-06-25 19:00:00,0,617E2950,0,,38.23,1,0,1
B034,2025-06-25 19:00:00,1,61711890,0.150687324,7.19,23.23,1,1,1
B034,2025-06-25 20:00:00,0,617E2950,0,,38.22,1,0,1
B034,2025-06-25 20:00:00,1,61711890,0,6.86,23.22,1,1,1
B034,2025-06-25 21:00:00,0,617E2950,0,,38.22,1,0,1
B034,2025-06-25 21:00:00,1,61711890,0,6.86,23.22,1,1,1
B034,2025-06-25 22:00:00,0,617E2950,0,,38.22,1,0,1
B034,2025-06-25 22:00:00,1,61711890,0,6.53,23.21,1,1,1
B034,2025-06-25 23:00:00,0,617E2950,0,,38.22,1,0,1
B034,2025-06-25 23:00:00,1,61711890,0,6.53,23.21,1,1,1
B034,2025-06-26 00:00:00,0,617E2950,0,,38.22,1,0,1
B034,2025-06-26 00:00:00,1,61711890,0,6.2,23.2,1,1,1
B034,2025-06-26 01:00:00,0,617E2950,0,,38.21,1,0,1
B034,2025-06-26 01:00:00,1,61711890,0,6.2,23.2,1,1,1
B034,2025-06-26 02:00:00,0,617E2950,0,,38.21,1,0,1
B034,2025-06-26 02:00:00,1,61711890,0,6.2,23.2,1,1,1
B034,2025-06-26 03:00:00,0,617E2950,0,,38.21,1,0,1
B034,2025-06-26 03:00:00,1,61711890,0,5.98,23.19,1,1,1
B034,2025-06-26 04:00:00,0,617E2950,0,,38.21,1,0,1
B034,2025-06-26 04:00:00,1,61711890,0,5.98,23.19,1,1,1
B034,2025-06-26 05:00:00,0,617E2950,0,,38.21,1,0,1
B034,2025-06-26 05:00:00,1,61711890,0,5.98,23.19,1,1,1
B034,2025-06-26 06:00:00,0,617E2950,0,,38.21,1,0,1
B034,2025-06-26 06:00:00,1,61711890,0,5.76,23.18,1,1,1
B034,2025-06-26 07:00:00,0,617E2950,0.0001589278992,,38.21,1,0,1
B034,2025-06-26 07:00:00,1,61711890,0.02504084443,5.76,23.18,1,1,1
B034,2025-06-26 08:00:00,0,617E2950,0,,38.21,1,0,1
B034,2025-06-26 08:00:00,1,61711890,0.0139894406,5.54,23.17,1,1,1
B034,2025-06-26 09:00:00,0,617E2950,0,,38.21,1,0,1
B034,2025-06-26 09:00:00,1,61711890,0,5.54,23.17,1,1,1
B034,2025-06-26 10:00:00,0,617E2950,0,,38.21,1,0,1
B034,2025-06-26 10:00:00,1,61711890,0,5.54,23.17,1,1,1
B034,2025-06-26 11:00:00,0,617E2950,0,,38.2,1,0,1
B034,2025-06-26 11:00:00,1,61711890,0,5.54,23.17,1,1,1
B034,2025-06-26 12:00:00,0,617E2950,0,,38.2,1,0,1
B034,2025-06-26 12:00:00,1,61711890,0,5.54,23.17,1,1,1
B034,2025-06-26 13:00:00,0,617E2950,0,,38.2,1,0,1
B034,2025-06-26 13:00:00,1,61711890,0,5.32,23.16,1,1,1
B034,2025-06-26 14:00:00,0,617E2950,0,,38.2,1,0,1
B034,2025-06-26 14:00:00,1,61711890,0,5.32,23.16,1,1,1
B034,2025-06-26 15:00:00,0,617E2950,0,,38.2,1,0,1
B034,2025-06-26 15:00:00,1,61711890,0,5.32,23.16,1,1,1
B034,2025-06-26 16:00:00,0,617E2950,0,,38.19,1,0,1
B034,2025-06-26 16:00:00,1,61711890,0,5.32,23.16,1,1,1
B034,2025-06-26 17:00:00,0,617E2950,0,,38.19,1,0,1
B034,2025-06-26 17:00:00,1,61711890,0,5.1,23.15,1,1,1
B034,2025-06-26 18:00:00,0,617E2950,0,,38.19,1,0,1
B034,2025-06-26 18:00:00,1,61711890,0,5.1,23.15,1,1,1
B034,2025-06-26 19:00:00,0,617E2950,0,,38.19,1,0,1
B034,2025-06-26 19:00:00,1,61711890,0,5.1,23.15,1,1,1
B034,2025-06-26 20:00:00,0,617E2950,0,,38.19,1,0,1
B034,2025-06-26 20:00:00,1,61711890,0,4.88,23.14,1,1,1
B034,2025-06-26 21:00:00,0,617E2950,0,,38.19,1,0,1
B034,2025-06-26 21:00:00,1,61711890,0,4.88,23.14,1,1,1
B034,2025-06-26 22:00:00,0,617E2950,0,,38.19,1,0,1
B034,2025-06-26 22:00:00,1,61711890,0,4.88,23.14,1,1,1
B034,2025-06-26 23:00:00,0,617E2950,0,,38.19,1,0,1
B034,2025-06-26 23:00:00,1,61711890,0,4.66,23.13,1,1,1
B034,2025-06-27 00:00:00,0,617E2950,0,,38.18,1,0,1
B034,2025-06-27 00:00:00,1,61711890,0,4.66,23.13,1,1,1
B034,2025-06-27 01:00:00,0,617E2950,0,,38.18,1,0,1
B034,2025-06-27 01:00:00,1,61711890,0,4.66,23.13,1,1,1
B034,2025-06-27 02:00:00,0,617E2950,0.3126116483,,38.18,1,0,1
B034,2025-06-27 02:00:00,1,61711890,0.5562279937,4.66,23.13,1,1,1
B034,2025-06-27 03:00:00,0,617E2950,1.273195819,,,1,0,0
B034,2025-06-27 03:00:00,1,61711890,1.63845558,,,1,0,0
B034,2025-06-27 04:00:00,0,617E2950,0.01681116888,,38.12,1,0,1
B034,2025-06-27 04:00:00,1,61711890,0.9218102252,6.53,23.21,1,1,1
B034,2025-06-27 05:00:00,0,617E2950,0.06561994752,,37.68,1,0,1
B034,2025-06-27 05:00:00,1,61711890,0.2072011873,,,1,0,0
B034,2025-06-27 06:00:00,0,617E2950,0,,37.6,1,0,1
B034,2025-06-27 06:00:00,1,61711890,0.04109654291,52.5,24.21,1,1,1
B034,2025-06-27 07:00:00,0,617E2950,1.668238584,,37.65,1,0,1
B034,2025-06-27 07:00:00,1,61711890,2.404248194,,,1,0,0
B034,2025-06-27 08:00:00,0,617E2950,0,,37.64,1,0,1
B034,2025-06-27 08:00:00,1,61711890,0,46.4,24.09,1,1,1
B034,2025-06-27 09:00:00,0,617E2950,0,,37.63,1,0,1
B034,2025-06-27 09:00:00,1,61711890,0.0139894406,41,23.98,1,1,1
B034,2025-06-27 10:00:00,0,617E2950,0,,37.79,1,0,1
B034,2025-06-27 10:00:00,1,61711890,0,38.1,23.92,1,1,1
B034,2025-06-27 11:00:00,0,617E2950,0.0001589278992,,38.19,1,0,1
B034,2025-06-27 11:00:00,1,61711890,0,31.2,23.78,1,1,1
B034,2025-06-27 12:00:00,0,617E2950,0,,38.4,1,0,1
B034,2025-06-27 12:00:00,1,61711890,0,25,23.65,1,1,1
B034,2025-06-27 13:00:00,0,617E2950,0,,38.43,1,0,1
B034,2025-06-27 13:00:00,1,61711890,0,21.2,23.57,1,1,1
B034,2025-06-27 14:00:00,0,617E2950,0,,38.43,1,0,1
B034,2025-06-27 14:00:00,1,61711890,0,20.7,23.56,1,1,1
B034,2025-06-27 15:00:00,0,617E2950,0,,38.42,1,0,1
B034,2025-06-27 15:00:00,1,61711890,0,24,23.63,1,1,1
B034,2025-06-27 16:00:00,0,617E2950,0,,38.41,1,0,1
B034,2025-06-27 16:00:00,1,61711890,0.0241550964,26.4,23.68,1,1,1
B034,2025-06-27 17:00:00,0,617E2950,0,,38.41,1,0,1
B034,2025-06-27 17:00:00,1,61711890,0,26,23.67,1,1,1
B034,2025-06-27 18:00:00,0,617E2950,0,,38.17,1,0,1
B034,2025-06-27 18:00:00,1,61711890,0.1570081266,24.5,23.64,1,1,1
B034,2025-06-27 19:00:00,0,617E2950,0.06268834736,,37.72,1,0,1
B034,2025-06-27 19:00:00,1,61711890,0.2691782883,23.1,23.61,1,1,1
B034,2025-06-27 20:00:00,0,617E2950,0,,37.64,1,0,1
B034,2025-06-27 20:00:00,1,61711890,0.06849423818,34.7,23.85,1,1,1
B034,2025-06-27 21:00:00,0,617E2950,0,,37.6,1,0,1
B034,2025-06-27 21:00:00,1,61711890,0.01369884764,40.5,23.97,1,1,1
B034,2025-06-27 22:00:00,0,617E2950,0,,37.57,1,0,1
B034,2025-06-27 22:00:00,1,61711890,0,31.7,23.79,1,1,1
B034,2025-06-27 23:00:00,0,617E2950,0,,37.54,1,0,1
B034,2025-06-27 23:00:00,1,61711890,0,24,23.63,1,1,1
B034,2025-06-28 00:00:00,0,617E2950,0,,37.51,1,0,1
B034,2025-06-28 00:00:00,1,61711890,0,20.7,23.56,1,1,1
B034,2025-06-28 01:00:00,0,617E2950,0,,37.49,1,0,1
B034,2025-06-28 01:00:00,1,61711890,0,18.3,23.51,1,1,1
B034,2025-06-28 02:00:00,0,617E2950,0,,37.48,1,0,1
B034,2025-06-28 02:00:00,1,61711890,0,16.9,23.48,1,1,1
B034,2025-06-28 03:00:00,0,617E2950,0,,37.46,1,0,1
B034,2025-06-28 03:00:00,1,61711890,0,16,23.46,1,1,1
B034,2025-06-28 04:00:00,0,617E2950,0,,37.45,1,0,1
B034,2025-06-28 04:00:00,1,61711890,0,15,23.44,1,1,1
B034,2025-06-28 05:00:00,0,617E2950,0,,37.44,1,0,1
B034,2025-06-28 05:00:00,1,61711890,0,14.1,23.42,1,1,1
B034,2025-06-28 06:00:00,0,617E2950,0,,37.43,1,0,1
B034,2025-06-28 06:00:00,1,61711890,0,13.7,23.41,1,1,1
B034,2025-06-28 07:00:00,0,617E2950,0.06284727526,,37.42,1,0,1
B034,2025-06-28 07:00:00,1,61711890,1.303638715,13.2,23.4,1,1,1
B034,2025-06-28 08:00:00,0,617E2950,0,,37.41,1,0,1
B034,2025-06-28 08:00:00,1,61711890,0,12.5,23.38,1,1,1
B034,2025-06-28 09:00:00,0,617E2950,0,,37.41,1,0,1
B034,2025-06-28 09:00:00,1,61711890,0,12.1,23.37,1,1,1
B034,2025-06-28 10:00:00,0,617E2950,0,,37.4,1,0,1
B034,2025-06-28 10:00:00,1,61711890,0,11.7,23.36,1,1,1
B034,2025-06-28 11:00:00,0,617E2950,0,,37.39,1,0,1
B034,2025-06-28 11:00:00,1,61711890,0,11.4,23.35,1,1,1
B034,2025-06-28 12:00:00,0,617E2950,0,,37.39,1,0,1
B034,2025-06-28 12:00:00,1,61711890,0,11,23.34,1,1,1
B034,2025-06-28 13:00:00,0,617E2950,0,,37.38,1,0,1
B034,2025-06-28 13:00:00,1,61711890,0,10.6,23.33,1,1,1
B034,2025-06-28 14:00:00,0,617E2950,0,,37.38,1,0,1
B034,2025-06-28 14:00:00,1,61711890,0,10.6,23.33,1,1,1
B034,2025-06-28 15:00:00,0,617E2950,0,,37.37,1,0,1
B034,2025-06-28 15:00:00,1,61711890,0,9.87,23.31,1,1,1
B034,2025-06-28 16:00:00,0,617E2950,0.3194122087,,37.37,1,0,1
B034,2025-06-28 16:00:00,1,61711890,0.2899425841,9.5,23.3,1,1,1
B034,2025-06-28 17:00:00,0,617E2950,0.7406612053,,37.36,1,0,1
B034,2025-06-28 17:00:00,1,61711890,1.157046231,9.5,23.3,1,1,1
B034,2025-06-28 18:00:00,0,617E2950,0.03362233775,,37.46,1,0,1
B034,2025-06-28 18:00:00,1,61711890,0.7348719395,9.17,23.29,1,1,1
B034,2025-06-28 19:00:00,0,617E2950,0,,37.43,1,0,1
B034,2025-06-28 19:00:00,1,61711890,0.07983623498,9.5,23.3,1,1,1
B034,2025-06-28 20:00:00,0,617E2950,0,,37.42,1,0,1
B034,2025-06-28 20:00:00,1,61711890,0.02739769527,11,23.34,1,1,1
B034,2025-06-28 21:00:00,0,617E2950,0,,37.43,1,0,1
B034,2025-06-28 21:00:00,1,61711890,0,18.8,23.52,1,1,1
B034,2025-06-28 22:00:00,0,617E2950,0,,37.44,1,0,1
B034,2025-06-28 22:00:00,1,61711890,0,26,23.67,1,1,1
B034,2025-06-28 23:00:00,0,617E2950,0,,37.46,1,0,1
B034,2025-06-28 23:00:00,1,61711890,0.06038774099,25,23.65,1,1,1
B034,2025-06-29 00:00:00,0,617E2950,0.08112424422,,37.47,1,0,1
B034,2025-06-29 00:00:00,1,61711890,0.1893886551,23.6,23.62,1,1,1
B034,2025-06-29 01:00:00,0,617E2950,0.1129629261,,37.47,1,0,1
B034,2025-06-29 01:00:00,1,61711890,0.3456686246,22.1,23.59,1,1,1
B034,2025-06-29 02:00:00,0,617E2950,0.03378126565,,37.48,1,0,1
B034,2025-06-29 02:00:00,1,61711890,0.1236811583,21.2,23.57,1,1,1
B034,2025-06-29 03:00:00,0,617E2950,0.0001589278992,,37.48,1,0,1
B034,2025-06-29 03:00:00,1,61711890,0.02739769527,21.2,23.57,1,1,1
B034,2025-06-29 04:00:00,0,617E2950,0.1084065979,,37.47,1,0,1
B034,2025-06-29 04:00:00,1,61711890,0.1208758064,20.7,23.56,1,1,1
B034,2025-06-29 05:00:00,0,617E2950,0.1268424948,,37.47,1,0,1
B034,2025-06-29 05:00:00,1,61711890,0.6111034801,21.2,23.57,1,1,1
B034,2025-06-29 06:00:00,0,617E2950,0.1593168883,,37.47,1,0,1
B034,2025-06-29 06:00:00,1,61711890,0.6248475626,21.2,23.57,1,1,1
B034,2025-06-29 07:00:00,0,617E2950,0.4510216159,,37.47,1,0,1
B034,2025-06-29 07:00:00,1,61711890,0.8930593979,21.2,23.57,1,1,1
B034,2025-06-29 08:00:00,0,617E2950,0.8920133816,,37.47,1,0,1
B034,2025-06-29 08:00:00,1,61711890,1.541600724,22.1,23.59,1,1,1
B034,2025-06-29 09:00:00,0,617E2950,0.3197817208,,37.54,1,0,1
B034,2025-06-29 09:00:00,1,61711890,1.431796617,24,23.63,1,1,1
B034,2025-06-29 10:00:00,0,617E2950,1.418065291,,37.55,1,0,1
B034,2025-06-29 10:00:00,1,61711890,2.175862928,29.8,23.75,1,1,1
B034,2025-06-29 11:00:00,0,617E2950,0.1010259412,,37.6,1,0,1
B034,2025-06-29 11:00:00,1,61711890,0.8149218714,44.4,24.05,1,1,1
B034,2025-06-29 12:00:00,0,617E2950,0,,37.94,1,0,1
B034,2025-06-29 12:00:00,1,61711890,0.5890504484,,,1,0,0
B034,2025-06-29 13:00:00,0,617E2950,0,,38.05,1,0,1
B034,2025-06-29 13:00:00,1,61711890,0,79.4,24.68,1,1,1
B034,2025-06-29 14:00:00,0,617E2950,0,,38.15,1,0,1
B034,2025-06-29 14:00:00,1,61711890,0,106,25.07,1,1,1
B034,2025-06-29 15:00:00,0,617E2950,0,,38.18,1,0,1
B034,2025-06-29 15:00:00,1,61711890,0,118,25.24,1,1,1
B034,2025-06-29 16:00:00,0,617E2950,0,,38.1,1,0,1
B034,2025-06-29 16:00:00,1,61711890,0,122,25.29,1,1,1
B034,2025-06-29 17:00:00,0,617E2950,0,,38.03,1,0,1
B034,2025-06-29 17:00:00,1,61711890,0,123,25.3,1,1,1
B034,2025-06-29 18:00:00,0,617E2950,0,,37.94,1,0,1
B034,2025-06-29 18:00:00,1,61711890,0,120,25.26,1,1,1
B034,2025-06-29 19:00:00,0,617E2950,0,,37.87,1,0,1
B034,2025-06-29 19:00:00,1,61711890,0,112,25.16,1,1,1
B034,2025-06-29 20:00:00,0,617E2950,0,,37.8,1,0,1
B034,2025-06-29 20:00:00,1,61711890,0,,25.01,1,0,1
B034,2025-06-29 21:00:00,0,617E2950,0,,37.76,1,0,1
B034,2025-06-29 21:00:00,1,61711890,0,89.8,24.84,1,1,1
B034,2025-06-29 22:00:00,0,617E2950,0,,37.72,1,0,1
B034,2025-06-29 22:00:00,1,61711890,0,78.7,24.67,1,1,1
B034,2025-08-08 17:00:00,0,617E2950,0,,37.28,1,0,1
B034,2025-08-08 17:00:00,1,61711890,0,7.19,23.23,1,1,1
B034,2025-08-08 18:00:00,0,617E2950,0,,37.28,1,0,1
B034,2025-08-08 18:00:00,1,61711890,0,6.86,23.22,1,1,1
B034,2025-08-08 19:00:00,0,617E2950,0,,37.28,1,0,1
B034,2025-08-08 19:00:00,1,61711890,0,7.19,23.23,1,1,1
B034,2025-08-08 20:00:00,0,617E2950,0,,37.28,1,0,1
B034,2025-08-08 20:00:00,1,61711890,0,7.52,23.24,1,1,1
B034,2025-08-08 21:00:00,0,617E2950,0,,37.28,1,0,1
B034,2025-08-08 21:00:00,1,61711890,0,6.86,23.22,1,1,1
B034,2025-08-08 22:00:00,0,617E2950,0,,37.28,1,0,1
B034,2025-08-08 22:00:00,1,61711890,0,7.52,23.24,1,1,1
B034,2025-08-08 23:00:00,0,617E2950,0,,37.27,1,0,1
B034,2025-08-08 23:00:00,1,61711890,0,7.19,23.23,1,1,1
B034,2025-08-09 00:00:00,0,617E2950,0,,37.27,1,0,1
B034,2025-08-09 00:00:00,1,61711890,0,6.86,23.22,1,1,1
B034,2025-08-09 01:00:00,0,617E2950,0,,37.27,1,0,1
B034,2025-08-09 01:00:00,1,61711890,0,6.86,23.22,1,1,1
B034,2025-08-09 02:00:00,0,617E2950,0,,37.27,1,0,1
B034,2025-08-09 02:00:00,1,61711890,0,7.19,23.23,1,1,1
B034,2025-08-09 03:00:00,0,617E2950,0,,37.27,1,0,1
B034,2025-08-09 03:00:00,1,61711890,0,6.86,23.22,1,1,1
B034,2025-08-09 04:00:00,0,617E2950,0,,37.27,1,0,1
B034,2025-08-09 04:00:00,1,61711890,0,6.86,23.22,1,1,1
B034,2025-08-09 05:00:00,0,617E2950,0,,37.27,1,0,1
B034,2025-08-09 05:00:00,1,61711890,0,6.53,23.21,1,1,1
B034,2025-08-09 06:00:00,0,617E2950,0,,37.27,1,0,1
B034,2025-08-09 06:00:00,1,61711890,0,6.2,23.2,1,1,1
B034,2025-08-09 07:00:00,0,617E2950,0,,37.27,1,0,1
B034,2025-08-09 07:00:00,1,61711890,0,6.2,23.2,1,1,1
B034,2025-08-09 08:00:00,0,617E2950,0,,37.27,1,0,1
B034,2025-08-09 08:00:00,1,61711890,0,5.98,23.19,1,1,1
B034,2025-08-09 09:00:00,0,617E2950,0,,37.26,1,0,1
B034,2025-08-09 09:00:00,1,61711890,0,5.98,23.19,1,1,1
B034,2025-08-09 10:00:00,0,617E2950,0,,37.26,1,0,1
B034,2025-08-09 10:00:00,1,61711890,0,5.76,23.18,1,1,1
B034,2025-08-09 11:00:00,0,617E2950,0,,37.26,1,0,1
B034,2025-08-09 11:00:00,1,61711890,0,6.2,23.2,1,1,1
B034,2025-08-09 12:00:00,0,617E2950,0,,37.26,1,0,1
B034,2025-08-09 12:00:00,1,61711890,0,6.2,23.2,1,1,1
B034,2025-08-09 13:00:00,0,617E2950,0,,37.26,1,0,1
B034,2025-08-09 13:00:00,1,61711890,0,5.99,23.19,1,1,1
B034,2025-08-09 14:00:00,0,617E2950,0,,37.26,1,0,1
B034,2025-08-09 14:00:00,1,61711890,0,6.21,23.2,1,1,1
B034,2025-08-09 15:00:00,0,617E2950,0,,37.26,1,0,1
B034,2025-08-09 15:00:00,1,61711890,0,5.98,23.19,1,1,1
B034,2025-08-09 16:00:00,0,617E2950,0,,37.25,1,0,1
B034,2025-08-09 16:00:00,1,61711890,0,6.2,23.2,1,1,1
B034,2025-08-09 17:00:00,0,617E2950,0,,37.25,1,0,1
B034,2025-08-09 17:00:00,1,61711890,0,6.2,23.2,1,1,1
B034,2025-08-09 18:00:00,0,617E2950,0,,37.25,1,0,1
B034,2025-08-09 18:00:00,1,61711890,0,6.53,23.21,1,1,1
B034,2025-08-09 19:00:00,0,617E2950,0,,37.25,1,0,1
B034,2025-08-09 19:00:00,1,61711890,0,7.19,23.23,1,1,1
B034,2025-08-09 20:00:00,0,617E2950,0,,37.25,1,0,1
B034,2025-08-09 20:00:00,1,61711890,0,6.86,23.22,1,1,1
B034,2025-08-09 21:00:00,0,617E2950,0,,37.25,1,0,1
B034,2025-08-09 21:00:00,1,61711890,0,6.53,23.21,1,1,1
B034,2025-08-09 22:00:00,0,617E2950,0,,37.25,1,0,1
B034,2025-08-09 22:00:00,1,61711890,0,6.86,23.22,1,1,1
B034,2025-08-09 23:00:00,0,617E2950,0,,37.25,1,0,1
B034,2025-08-09 23:00:00,1,61711890,0,6.86,23.22,1,1,1
B034,2025-08-10 00:00:00,0,617E2950,0,,37.25,1,0,1
B034,2025-08-10 00:00:00,1,61711890,0,6.86,23.22,1,1,1
B034,2025-08-10 01:00:00,0,617E2950,0,,37.25,1,0,1
B034,2025-08-10 01:00:00,1,61711890,0,6.53,23.21,1,1,1
B034,2025-08-10 02:00:00,0,617E2950,0,,37.25,1,0,1
B034,2025-08-10 02:00:00,1,61711890,0,6.53,23.21,1,1,1
B034,2025-08-10 03:00:00,0,617E2950,0,,37.25,1,0,1
B034,2025-08-10 03:00:00,1,61711890,0,6.53,23.21,1,1,1
B034,2025-08-10 04:00:00,0,617E2950,0,,37.25,1,0,1
B034,2025-08-10 04:00:00,1,61711890,0,6.53,23.21,1,1,1
B034,2025-08-10 05:00:00,0,617E2950,0,,37.24,1,0,1
B034,2025-08-10 05:00:00,1,61711890,0,6.86,23.22,1,1,1
B034,2025-08-10 06:00:00,0,617E2950,0,,37.24,1,0,1
B034,2025-08-10 06:00:00,1,61711890,0,6.86,23.22,1,1,1
B034,2025-08-10 07:00:00,0,617E2950,0,,37.25,1,0,1
B034,2025-08-10 07:00:00,1,61711890,0,6.86,23.22,1,1,1
B034,2025-08-10 08:00:00,0,617E2950,0,,37.25,1,0,1
B034,2025-08-10 08:00:00,1,61711890,0,6.53,23.21,1,1,1
B034,2025-08-10 09:00:00,0,617E2950,0,,37.25,1,0,1
B034,2025-08-10 09:00:00,1,61711890,0,6.53,23.21,1,1,1
B034,2025-08-10 10:00:00,0,617E2950,0,,37.24,1,0,1
B034,2025-08-10 10:00:00,1,61711890,0,6.86,23.22,1,1,1
B034,2025-08-10 11:00:00,0,617E2950,0,,37.24,1,0,1
B034,2025-08-10 11:00:00,1,61711890,0,6.21,23.2,1,1,1
B034,2025-08-10 12:00:00,0,617E2950,0,,37.24,1,0,1
B034,2025-08-10 12:00:00,1,61711890,0,6.2,23.2,1,1,1
B034,2025-08-10 13:00:00,0,617E2950,0,,37.24,1,0,1
B034,2025-08-10 13:00:00,1,61711890,0,6.86,23.22,1,1,1
B034,2025-08-10 14:00:00,0,617E2950,0,,37.24,1,0,1
B034,2025-08-10 14:00:00,1,61711890,0,6.2,23.2,1,1,1
B034,2025-08-10 15:00:00,0,617E2950,0,,37.23,1,0,1
B034,2025-08-10 15:00:00,1,61711890,0,6.2,23.2,1,1,1
B034,2025-08-10 16:00:00,0,617E2950,0,,37.23,1,0,1
B034,2025-08-10 16:00:00,1,61711890,0,6.53,23.21,1,1,1
B034,2025-08-10 17:00:00,0,617E2950,0.01681116888,,37.23,1,0,1
B034,2025-08-10 17:00:00,1,61711890,0.01526013601,6.53,23.21,1,1,1
B034,2025-08-10 18:00:00,0,617E2950,0,,37.23,1,0,1
B034,2025-08-10 18:00:00,1,61711890,0,6.86,23.22,1,1,1
B034,2025-08-10 19:00:00,0,617E2950,0,,37.23,1,0,1
B034,2025-08-10 19:00:00,1,61711890,0,6.53,23.21,1,1,1
B034,2025-08-10 20:00:00,0,617E2950,0,,37.22,1,0,1
B034,2025-08-10 20:00:00,1,61711890,0.0120775482,6.86,23.22,1,1,1
B034,2025-08-10 21:00:00,0,617E2950,0,,37.22,1,0,1
B034,2025-08-10 21:00:00,1,61711890,0,7.18,23.23,1,1,1
B034,2025-08-10 22:00:00,0,617E2950,0,,37.22,1,0,1
B034,2025-08-10 22:00:00,1,61711890,0.0279788812,6.86,23.22,1,1,1
B034,2025-08-10 23:00:00,0,617E2950,0.705163223,,37.22,1,0,1
B034,2025-08-10 23:00:00,1,61711890,0.712616342,6.86,23.22,1,1,1
B034,2025-08-11 00:00:00,0,617E2950,0.09924228528,,37.21,1,0,1
B034,2025-08-11 00:00:00,1,61711890,0.5721546921,7.85,23.25,1,1,1
B034,2025-08-11 01:00:00,0,617E2950,0.2386220276,,37.21,1,0,1
B034,2025-08-11 01:00:00,1,61711890,0.3207962864,10.6,23.33,1,1,1
B034,2025-08-11 02:00:00,0,617E2950,0.811595747,,37.21,1,0,1
B034,2025-08-11 02:00:00,1,61711890,2.257978365,7.19,23.23,1,1,1
B034,2025-08-11 03:00:00,0,617E2950,0.2078078111,,37.22,1,0,1
B034,2025-08-11 03:00:00,1,61711890,1.091085561,9.87,23.31,1,1,1
B034,2025-08-11 04:00:00,0,617E2950,0.03199760977,,37.24,1,0,1
B034,2025-08-11 04:00:00,1,61711890,0.1540873949,9.17,23.29,1,1,1
B034,2025-08-11 05:00:00,0,617E2950,0,,37.26,1,0,1
B034,2025-08-11 05:00:00,1,61711890,0.02739769527,11.4,23.35,1,1,1
B034,2025-08-11 06:00:00,0,617E2950,0,,37.27,1,0,1
B034,2025-08-11 06:00:00,1,61711890,0.0139894406,12.5,23.38,1,1,1
B034,2025-08-11 07:00:00,0,617E2950,1.25387026,,37.28,1,0,1
B034,2025-08-11 07:00:00,1,61711890,3.851803806,16.4,23.47,1,1,1
B034,2025-08-11 08:00:00,0,617E2950,0,,37.29,1,0,1
B034,2025-08-11 08:00:00,1,61711890,0.0253314374,19.2,23.53,1,1,1
B034,2025-08-11 09:00:00,0,617E2950,0,,37.3,1,0,1
B034,2025-08-11 09:00:00,1,61711890,0.01369884764,17.8,23.5,1,1,1
B034,2025-08-11 10:00:00,0,617E2950,0,,37.3,1,0,1
B034,2025-08-11 10:00:00,1,61711890,0,16.4,23.47,1,1,1
B034,2025-08-11 11:00:00,0,617E2950,0,,37.3,1,0,1
B034,2025-08-11 11:00:00,1,61711890,0,15,23.44,1,1,1
B034,2025-08-11 12:00:00,0,617E2950,0,,37.3,1,0,1
B034,2025-08-11 12:00:00,1,61711890,0,14.1,23.42,1,1,1
B034,2025-08-11 13:00:00,0,617E2950,0,,37.3,1,0,1
B034,2025-08-11 13:00:00,1,61711890,0,14.6,23.43,1,1,1
B034,2025-08-11 14:00:00,0,617E2950,0,,37.3,1,0,1
B034,2025-08-11 14:00:00,1,61711890,0,13.7,23.41,1,1,1
B034,2025-08-11 15:00:00,0,617E2950,0,,37.3,1,0,1
B034,2025-08-11 15:00:00,1,61711890,0,13.7,23.41,1,1,1
B034,2025-08-11 16:00:00,0,617E2950,0,,37.3,1,0,1
B034,2025-08-11 16:00:00,1,61711890,0,13.2,23.4,1,1,1
B034,2025-08-11 17:00:00,0,617E2950,0,,37.3,1,0,1
B034,2025-08-11 17:00:00,1,61711890,0,13.2,23.4,1,1,1
B034,2025-08-11 18:00:00,0,617E2950,0,,37.3,1,0,1
B034,2025-08-11 18:00:00,1,61711890,0,13.2,23.4,1,1,1
B034,2025-08-11 19:00:00,0,617E2950,0,,37.3,1,0,1
B034,2025-08-11 19:00:00,1,61711890,0,13.2,23.4,1,1,1
B034,2025-08-11 20:00:00,0,617E2950,0,,37.31,1,0,1
B034,2025-08-11 20:00:00,1,61711890,0,13.2,23.4,1,1,1
B034,2025-08-11 21:00:00,0,617E2950,0,,37.31,1,0,1
B034,2025-08-11 21:00:00,1,61711890,0,12.8,23.39,1,1,1
B034,2025-08-11 22:00:00,0,617E2950,0,,37.31,1,0,1
B034,2025-08-11 22:00:00,1,61711890,0,13.2,23.4,1,1,1
B034,2025-08-11 23:00:00,0,617E2950,0,,37.3,1,0,1
B034,2025-08-11 23:00:00,1,61711890,0,13.2,23.4,1,1,1
B034,2025-08-12 00:00:00,0,617E2950,0,,37.3,1,0,1
B034,2025-08-12 00:00:00,1,61711890,0,13.2,23.4,1,1,1
B034,2025-08-12 01:00:00,0,617E2950,0,,37.3,1,0,1
B034,2025-08-12 01:00:00,1,61711890,0,13.2,23.4,1,1,1
B034,2025-08-12 02:00:00,0,617E2950,0,,37.3,1,0,1
B034,2025-08-12 02:00:00,1,61711890,0,13.2,23.4,1,1,1
B034,2025-08-12 03:00:00,0,617E2950,0,,37.3,1,0,1
B034,2025-08-12 03:00:00,1,61711890,0,13.2,23.4,1,1,1
B034,2025-08-12 04:00:00,0,617E2950,0,,37.3,1,0,1
B034,2025-08-12 04:00:00,1,61711890,0,13.2,23.4,1,1,1
B034,2025-08-12 05:00:00,0,617E2950,0,,37.3,1,0,1
B034,2025-08-12 05:00:00,1,61711890,0,13.7,23.41,1,1,1
B034,2025-08-12 06:00:00,0,617E2950,0,,37.3,1,0,1
B034,2025-08-12 06:00:00,1,61711890,0,12.8,23.39,1,1,1
B034,2025-08-12 07:00:00,0,617E2950,0,,37.3,1,0,1
B034,2025-08-12 07:00:00,1,61711890,0.6945092483,13.2,23.4,1,1,1
B034,2025-08-12 08:00:00,0,617E2950,0,,37.3,1,0,1
B034,2025-08-12 08:00:00,1,61711890,0,13.2,23.4,1,1,1
B034,2025-08-12 09:00:00,0,617E2950,0,,37.29,1,0,1
B034,2025-08-12 09:00:00,1,61711890,0,13.2,23.4,1,1,1
B034,2025-08-12 10:00:00,0,617E2950,0,,37.29,1,0,1
B034,2025-08-12 10:00:00,1,61711890,0,13.7,23.41,1,1,1
B034,2025-08-12 11:00:00,0,617E2950,0,,37.29,1,0,1
B034,2025-08-12 11:00:00,1,61711890,0,13.2,23.4,1,1,1
B034,2025-08-12 12:00:00,0,617E2950,0,,37.29,1,0,1
B034,2025-08-12 12:00:00,1,61711890,0,13.7,23.41,1,1,1
B034,2025-08-12 13:00:00,0,617E2950,0,,37.29,1,0,1
B034,2025-08-12 13:00:00,1,61711890,0,13.7,23.41,1,1,1
B034,2025-08-12 14:00:00,0,617E2950,0,,37.29,1,0,1
B034,2025-08-12 14:00:00,1,61711890,0,14.6,23.43,1,1,1
B034,2025-08-12 15:00:00,0,617E2950,0,,37.28,1,0,1
B034,2025-08-12 15:00:00,1,61711890,0,13.7,23.41,1,1,1
B034,2025-08-12 16:00:00,0,617E2950,0,,37.28,1,0,1
B034,2025-08-12 16:00:00,1,61711890,0,14.6,23.43,1,1,1
B034,2025-08-12 17:00:00,0,617E2950,0,,37.28,1,0,1
B034,2025-08-12 17:00:00,1,61711890,0,13.7,23.41,1,1,1
B034,2025-08-12 18:00:00,0,617E2950,0,,37.28,1,0,1
B034,2025-08-12 18:00:00,1,61711890,0,13.7,23.41,1,1,1
B034,2025-08-12 19:00:00,0,617E2950,0,,37.28,1,0,1
B034,2025-08-12 19:00:00,1,61711890,0,14.6,23.43,1,1,1
B034,2025-08-12 20:00:00,0,617E2950,0,,37.27,1,0,1
B034,2025-08-12 20:00:00,1,61711890,0,13.7,23.41,1,1,1
B034,2025-08-12 21:00:00,0,617E2950,0,,37.26,1,0,1
B034,2025-08-12 21:00:00,1,61711890,0,14.1,23.42,1,1,1
B034,2025-08-12 22:00:00,0,617E2950,0,,37.25,1,0,1
B034,2025-08-12 22:00:00,1,61711890,0,13.7,23.41,1,1,1
B034,2025-08-12 23:00:00,0,617E2950,0,,37.25,1,0,1
B034,2025-08-12 23:00:00,1,61711890,0,13.7,23.41,1,1,1
B034,2025-08-13 00:00:00,0,617E2950,0,,37.24,1,0,1
B034,2025-08-13 00:00:00,1,61711890,0,13.7,23.41,1,1,1
B034,2025-08-13 01:00:00,0,617E2950,0,,37.24,1,0,1
B034,2025-08-13 01:00:00,1,61711890,0,13.7,23.41,1,1,1
B034,2025-08-13 02:00:00,0,617E2950,0,,37.24,1,0,1
B034,2025-08-13 02:00:00,1,61711890,0,14.1,23.42,1,1,1
B034,2025-08-13 03:00:00,0,617E2950,0,,37.23,1,0,1
B034,2025-08-13 03:00:00,1,61711890,0,14.1,23.42,1,1,1
B034,2025-08-13 04:00:00,0,617E2950,0,,37.23,1,0,1
B034,2025-08-13 04:00:00,1,61711890,0,13.7,23.41,1,1,1
B034,2025-08-13 05:00:00,0,617E2950,0,,37.23,1,0,1
B034,2025-08-13 05:00:00,1,61711890,0,13.7,23.41,1,1,1
B034,2025-08-13 06:00:00,0,617E2950,0,,37.23,1,0,1
B034,2025-08-13 06:00:00,1,61711890,0,14.1,23.42,1,1,1
B034,2025-08-13 07:00:00,0,617E2950,0,,37.22,1,0,1
B034,2025-08-13 07:00:00,1,61711890,0.0113419968,14.1,23.42,1,1,1
B034,2025-08-13 08:00:00,0,617E2950,0,,37.22,1,0,1
B034,2025-08-13 08:00:00,1,61711890,0,14.1,23.42,1,1,1
B034,2025-08-13 09:00:00,0,617E2950,0,,37.22,1,0,1
B034,2025-08-13 09:00:00,1,61711890,0,13.7,23.41,1,1,1
B034,2025-08-13 10:00:00,0,617E2950,0,,37.22,1,0,1
B034,2025-08-13 10:00:00,1,61711890,0,14.1,23.42,1,1,1
