GRAPH_ID,TIMESTAMP,NODE_INDEX,STATION_ID,RAIN_MM,FLOW,WATER_LEVEL,RAIN_MASK,FLOW_MASK,WATER_LEVEL_MASK
B031,2021-04-21 17:00:00,0,614E1950,0.5741989101,,538.08,1,0,1
B031,2021-04-21 17:00:00,1,614G2040,1.743726333,,335.67,1,0,1
B031,2021-04-21 17:00:00,2,61402050,1.496556346,,307.6,1,0,1
B031,2021-04-21 18:00:00,0,614E1950,0.02449461555,,538.07,1,0,1
B031,2021-04-21 18:00:00,1,614G2040,0.01311753703,,335.67,1,0,1
B031,2021-04-21 18:00:00,2,61402050,0.04323387723,,307.56,1,0,1
B031,2021-04-21 19:00:00,0,614E1950,0,,538.03,1,0,1
B031,2021-04-21 19:00:00,1,614G2040,0.002883790284,,335.66,1,0,1
B031,2021-04-21 19:00:00,2,61402050,0.03441217649,,307.49,1,0,1
B031,2021-04-21 20:00:00,0,614E1950,0,,537.99,1,0,1
B031,2021-04-21 20:00:00,1,614G2040,0,,335.65,1,0,1
B031,2021-04-21 20:00:00,2,61402050,0,,307.42,1,0,1
B031,2021-04-21 21:00:00,0,614E1950,0.02231370952,,537.94,1,0,1
B031,2021-04-21 21:00:00,1,614G2040,0,,335.65,1,0,1
B031,2021-04-21 21:00:00,2,61402050,0,,307.36,1,0,1
B031,2021-04-21 22:00:00,0,614E1950,0,,537.89,1,0,1
B031,2021-04-21 22:00:00,1,614G2040,0.09927351888,,335.64,1,0,1
B031,2021-04-21 22:00:00,2,61402050,0.04497689837,,307.31,1,0,1
B031,2021-04-21 23:00:00,0,614E1950,0,,537.84,1,0,1
B031,2021-04-21 23:00:00,1,614G2040,0.01232074968,,335.65,1,0,1
B031,2021-04-21 23:00:00,2,61402050,0.0004341390214,,307.27,1,0,1
B031,2021-04-22 00:00:00,0,614E1950,0.02449461555,,537.81,1,0,1
B031,2021-04-22 00:00:00,1,614G2040,0.1565137958,,335.64,1,0,1
B031,2021-04-22 00:00:00,2,61402050,0.02466434696,,307.23,1,0,1
B031,2021-04-22 01:00:00,0,614E1950,0.08028995763,,537.76,1,0,1
B031,2021-04-22 01:00:00,1,614G2040,0.04585604206,,335.64,1,0,1
B031,2021-04-22 01:00:00,2,61402050,0.1055329498,,307.2,1,0,1
B031,2021-04-22 02:00:00,0,614E1950,0,,537.72,1,0,1
B031,2021-04-22 02:00:00,1,614G2040,0.0004129397303,,335.64,1,0,1
B031,2021-04-22 02:00:00,2,61402050,0.0004457131451,,307.17,1,0,1
B031,2021-04-22 03:00:00,0,614E1950,0,,537.69,1,0,1
B031,2021-04-22 03:00:00,1,614G2040,0,,335.64,1,0,1
B031,2021-04-22 03:00:00,2,61402050,0,,307.14,1,0,1
B031,2021-04-22 04:00:00,0,614E1950,0.02231370952,,537.66,1,0,1
B031,2021-04-22 04:00:00,1,614G2040,0,,335.64,1,0,1
B031,2021-04-22 04:00:00,2,61402050,0,,307.11,1,0,1
B031,2021-04-22 05:00:00,0,614E1950,0,,537.64,1,0,1
B031,2021-04-22 05:00:00,1,614G2040,0,,335.64,1,0,1
B031,2021-04-22 05:00:00,2,61402050,0,,307.09,1,0,1
B031,2021-04-22 06:00:00,0,614E1950,0,,537.62,1,0,1
B031,2021-04-22 06:00:00,1,614G2040,0.02255800546,,335.64,1,0,1
B031,2021-04-22 06:00:00,2,61402050,0,,307.07,1,0,1
B031,2021-04-22 07:00:00,0,614E1950,50.04987986,,537.6,1,0,1
B031,2021-04-22 07:00:00,1,614G2040,65.5530177,,335.64,1,0,1
B031,2021-04-22 07:00:00,2,61402050,63.44454274,,307.06,1,0,1
B031,2021-04-22 08:00:00,0,614E1950,0,,537.58,1,0,1
B031,2021-04-22 08:00:00,1,614G2040,0,,335.64,1,0,1
B031,2021-04-22 08:00:00,2,61402050,0,19.4,307.04,1,1,1
B031,2021-04-22 09:00:00,0,614E1950,0,,537.54,1,0,1
B031,2021-04-22 09:00:00,1,614G2040,0.002883790284,,335.63,1,0,1
B031,2021-04-22 09:00:00,2,61402050,0.03441217649,,307.02,1,0,1
B031,2021-04-22 10:00:00,0,614E1950,0,,537.52,1,0,1
B031,2021-04-22 10:00:00,1,614G2040,0,,335.63,1,0,1
B031,2021-04-22 10:00:00,2,61402050,0,,307.01,1,0,1
B031,2021-04-22 11:00:00,0,614E1950,0,,537.5,1,0,1
B031,2021-04-22 11:00:00,1,614G2040,0,,335.61,1,0,1
B031,2021-04-22 11:00:00,2,61402050,0,,307,1,0,1
B031,2021-04-22 12:00:00,0,614E1950,0,,537.49,1,0,1
B031,2021-04-22 12:00:00,1,614G2040,0,,335.59,1,0,1
B031,2021-04-22 12:00:00,2,61402050,0,,306.99,1,0,1
B031,2021-04-22 13:00:00,0,614E1950,0,,537.48,1,0,1
B031,2021-04-22 13:00:00,1,614G2040,0,,335.59,1,0,1
B031,2021-04-22 13:00:00,2,61402050,0,,306.98,1,0,1
B031,2021-04-22 14:00:00,0,614E1950,0,,537.46,1,0,1
B031,2021-04-22 14:00:00,1,614G2040,0,,335.63,1,0,1
B031,2021-04-22 14:00:00,2,61402050,0,,306.98,1,0,1
B031,2021-04-22 15:00:00,0,614E1950,0,,537.46,1,0,1
B031,2021-04-22 15:00:00,1,614G2040,0,,335.64,1,0,1
B031,2021-04-22 15:00:00,2,61402050,0,,306.97,1,0,1
B031,2021-04-22 16:00:00,0,614E1950,0,,537.45,1,0,1
B031,2021-04-22 16:00:00,1,614G2040,0,,335.56,1,0,1
B031,2021-04-22 16:00:00,2,61402050,0,,306.98,1,0,1
B031,2021-04-22 17:00:00,0,614E1950,0,,537.44,1,0,1
B031,2021-04-22 17:00:00,1,614G2040,0,,335.6,1,0,1
B031,2021-04-22 17:00:00,2,61402050,0,,306.94,1,0,1
B031,2021-04-22 18:00:00,0,614E1950,0,,537.43,1,0,1
B031,2021-04-22 18:00:00,1,614G2040,0,,335.64,1,0,1
B031,2021-04-22 18:00:00,2,61402050,0,,306.95,1,0,1
B031,2021-04-22 19:00:00,0,614E1950,0,,537.42,1,0,1
B031,2021-04-22 19:00:00,1,614G2040,0,,335.68,1,0,1
B031,2021-04-22 19:00:00,2,61402050,0,,306.95,1,0,1
B031,2021-04-22 20:00:00,0,614E1950,0.004361812061,,537.41,1,0,1
B031,2021-04-22 20:00:00,1,614G2040,0.02540919459,,335.7,1,0,1
B031,2021-04-22 20:00:00,2,61402050,0.04843726763,,306.96,1,0,1
B031,2021-04-22 21:00:00,0,614E1950,0.002180906031,,537.4,1,0,1
B031,2021-04-22 21:00:00,1,614G2040,0.1589846463,,335.72,1,0,1
B031,2021-04-22 21:00:00,2,61402050,0.0586308103,,306.97,1,0,1
B031,2021-04-22 22:00:00,0,614E1950,0.004361812061,,537.4,1,0,1
B031,2021-04-22 22:00:00,1,614G2040,0.02540919459,,335.73,1,0,1
B031,2021-04-22 22:00:00,2,61402050,0.04843726763,,306.98,1,0,1
B031,2021-04-22 23:00:00,0,614E1950,0,,537.39,1,0,1
B031,2021-04-22 23:00:00,1,614G2040,0,,335.74,1,0,1
B031,2021-04-22 23:00:00,2,61402050,0,,306.98,1,0,1
B031,2021-04-23 00:00:00,0,614E1950,0,,537.38,1,0,1
B031,2021-04-23 00:00:00,1,614G2040,0,,335.75,1,0,1
B031,2021-04-23 00:00:00,2,61402050,0,,306.97,1,0,1
B031,2021-04-23 01:00:00,0,614E1950,0,,537.38,1,0,1
B031,2021-04-23 01:00:00,1,614G2040,0,,335.75,1,0,1
B031,2021-04-23 01:00:00,2,61402050,0,,306.98,1,0,1
B031,2021-04-23 02:00:00,0,614E1950,0,,537.37,1,0,1
B031,2021-04-23 02:00:00,1,614G2040,0,,335.75,1,0,1
B031,2021-04-23 02:00:00,2,61402050,0,,306.97,1,0,1
B031,2021-04-23 03:00:00,0,614E1950,0,,537.36,1,0,1
B031,2021-04-23 03:00:00,1,614G2040,0,,335.75,1,0,1
B031,2021-04-23 03:00:00,2,61402050,0,,306.97,1,0,1
B031,2021-04-23 04:00:00,0,614E1950,0,,537.35,1,0,1
B031,2021-04-23 04:00:00,1,614G2040,0,,335.76,1,0,1
B031,2021-04-23 04:00:00,2,61402050,0,,306.97,1,0,1
B031,2021-04-23 05:00:00,0,614E1950,0,,537.35,1,0,1
B031,2021-04-23 05:00:00,1,614G2040,0,,335.75,1,0,1
B031,2021-04-23 05:00:00,2,61402050,0,,306.96,1,0,1
B031,2021-04-23 06:00:00,0,614E1950,0,,537.34,1,0,1
B031,2021-04-23 06:00:00,1,614G2040,0,,335.75,1,0,1
B031,2021-04-23 06:00:00,2,61402050,0,,306.96,1,0,1
B031,2021-04-23 07:00:00,0,614E1950,0.01090453015,,537.34,1,0,1
B031,2021-04-23 07:00:00,1,614G2040,0.2569858597,,335.74,1,0,1
B031,2021-04-23 07:00:00,2,61402050,0.2193907867,,306.95,1,0,1
B031,2021-04-23 08:00:00,0,614E1950,0,,537.33,1,0,1
B031,2021-04-23 08:00:00,1,614G2040,0,,335.74,1,0,1
B031,2021-04-23 08:00:00,2,61402050,0,14.3,306.94,1,1,1
B031,2021-04-23 09:00:00,0,614E1950,0,,537.33,1,0,1
B031,2021-04-23 09:00:00,1,614G2040,0,,335.73,1,0,1
B031,2021-04-23 09:00:00,2,61402050,0,,306.93,1,0,1
B031,2021-04-23 10:00:00,0,614E1950,0,,537.32,1,0,1
B031,2021-04-23 10:00:00,1,614G2040,0,,335.72,1,0,1
B031,2021-04-23 10:00:00,2,61402050,0,,306.93,1,0,1
B031,2021-04-23 11:00:00,0,614E1950,0,,537.31,1,0,1
B031,2021-04-23 11:00:00,1,614G2040,0,,335.72,1,0,1
B031,2021-04-23 11:00:00,2,61402050,0,,306.92,1,0,1
B031,2021-04-23 12:00:00,0,614E1950,0,,537.31,1,0,1
B031,2021-04-23 12:00:00,1,614G2040,0,,335.71,1,0,1
B031,2021-04-23 12:00:00,2,61402050,0,,306.92,1,0,1
B031,2021-04-23 13:00:00,0,614E1950,0,,537.31,1,0,1
B031,2021-04-23 13:00:00,1,614G2040,0,,335.7,1,0,1
B031,2021-04-23 13:00:00,2,61402050,0,,306.91,1,0,1
B031,2021-04-23 14:00:00,0,614E1950,0,,537.3,1,0,1
B031,2021-04-23 14:00:00,1,614G2040,0,,335.7,1,0,1
B031,2021-04-23 14:00:00,2,61402050,0,,306.9,1,0,1
B031,2021-04-23 15:00:00,0,614E1950,0,,537.3,1,0,1
B031,2021-04-23 15:00:00,1,614G2040,0,,335.69,1,0,1
B031,2021-04-23 15:00:00,2,61402050,0,,306.9,1,0,1
B031,2021-04-23 16:00:00,0,614E1950,0,,537.3,1,0,1
B031,2021-04-23 16:00:00,1,614G2040,0,,335.69,1,0,1
B031,2021-04-23 16:00:00,2,61402050,0,,306.9,1,0,1
B031,2021-04-23 17:00:00,0,614E1950,0.002180906031,,537.29,1,0,1
B031,2021-04-23 17:00:00,1,614G2040,0.0127045973,,335.68,1,0,1
B031,2021-04-23 17:00:00,2,61402050,0.02421863381,,306.9,1,0,1
B031,2021-04-23 18:00:00,0,614E1950,0.01090453015,,537.29,1,0,1
B031,2021-04-23 18:00:00,1,614G2040,0.2069192452,,335.68,1,0,1
B031,2021-04-23 18:00:00,2,61402050,0.1210931691,,306.88,1,0,1
B031,2021-04-23 19:00:00,0,614E1950,0.1203247094,,537.28,1,0,1
B031,2021-04-23 19:00:00,1,614G2040,0.5563859628,,335.67,1,0,1
B031,2021-04-23 19:00:00,2,61402050,0.2927495844,,306.88,1,0,1
B031,2021-04-23 20:00:00,0,614E1950,0.05257593912,,537.28,1,0,1
B031,2021-04-23 20:00:00,1,614G2040,0.334119296,,335.6,1,0,1
B031,2021-04-23 20:00:00,2,61402050,0.2019448726,,306.88,1,0,1
B031,2021-04-23 21:00:00,0,614E1950,0.1855079183,,537.27,1,0,1
B031,2021-04-23 21:00:00,1,614G2040,0.4148663817,,335.35,1,0,1
B031,2021-04-23 21:00:00,2,61402050,0.2619410555,,306.82,1,0,1
B031,2021-04-23 22:00:00,0,614E1950,0.1724546523,,537.27,1,0,1
B031,2021-04-23 22:00:00,1,614G2040,0.2674224451,,335.34,1,0,1
B031,2021-04-23 22:00:00,2,61402050,0.1513827501,,306.74,1,0,1
B031,2021-04-23 23:00:00,0,614E1950,0.02554399596,,537.27,1,0,1
B031,2021-04-23 23:00:00,1,614G2040,0.07731170537,,335.34,1,0,1
B031,2021-04-23 23:00:00,2,61402050,0.09687453525,,306.73,1,0,1
B031,2021-04-24 00:00:00,0,614E1950,0.1635468088,,537.27,1,0,1
B031,2021-04-24 00:00:00,1,614G2040,0.6864318053,,335.34,1,0,1
B031,2021-04-24 00:00:00,2,61402050,0.458484549,,306.73,1,0,1
B031,2021-04-24 01:00:00,0,614E1950,0.5386691008,,537.26,1,0,1
B031,2021-04-24 01:00:00,1,614G2040,1.081254874,,335.35,1,0,1
B031,2021-04-24 01:00:00,2,61402050,0.6749978465,,306.73,1,0,1
B031,2021-04-24 02:00:00,0,614E1950,0.2283103706,,537.26,1,0,1
B031,2021-04-24 02:00:00,1,614G2040,0.3605963461,,335.35,1,0,1
B031,2021-04-24 02:00:00,2,61402050,0.2758313006,,306.73,1,0,1
B031,2021-04-24 03:00:00,0,614E1950,7.674893433,,537.25,1,0,1
B031,2021-04-24 03:00:00,1,614G2040,11.37450947,,335.35,1,0,1
B031,2021-04-24 03:00:00,2,61402050,11.11062775,,306.73,1,0,1
B031,2021-04-24 04:00:00,0,614E1950,2.189202816,,537.28,1,0,1
B031,2021-04-24 04:00:00,1,614G2040,4.99392251,,335.37,1,0,1
B031,2021-04-24 04:00:00,2,61402050,5.62943997,,306.79,1,0,1
B031,2021-04-24 05:00:00,0,614E1950,4.412713502,,537.33,1,0,1
B031,2021-04-24 05:00:00,1,614G2040,6.964454614,,335.37,1,0,1
B031,2021-04-24 05:00:00,2,61402050,5.023276183,,306.86,1,0,1
B031,2021-04-24 06:00:00,0,614E1950,0.9343024482,,537.39,1,0,1
B031,2021-04-24 06:00:00,1,614G2040,1.62756642,,335.4,1,0,1
B031,2021-04-24 06:00:00,2,61402050,2.297700702,,306.96,1,0,1
B031,2021-04-24 07:00:00,0,614E1950,1.998883598,,537.44,1,0,1
B031,2021-04-24 07:00:00,1,614G2040,4.936902114,,335.41,1,0,1
B031,2021-04-24 07:00:00,2,61402050,4.028768659,,307.02,1,0,1
B031,2021-04-24 08:00:00,0,614E1950,1.174294661,,537.46,1,0,1
B031,2021-04-24 08:00:00,1,614G2040,1.897866824,,335.89,1,0,1
B031,2021-04-24 08:00:00,2,61402050,2.586847534,20.6,307.06,1,1,1
B031,2021-04-24 09:00:00,0,614E1950,2.591214313,,537.49,1,0,1
B031,2021-04-24 09:00:00,1,614G2040,3.036578308,,335.94,1,0,1
B031,2021-04-24 09:00:00,2,61402050,3.519149431,,307.28,1,0,1
B031,2021-04-24 10:00:00,0,614E1950,2.585993836,,537.52,1,0,1
B031,2021-04-24 10:00:00,1,614G2040,3.326848481,,336.04,1,0,1
B031,2021-04-24 10:00:00,2,61402050,2.293079454,,307.31,1,0,1
B031,2021-04-24 11:00:00,0,614E1950,3.723408469,,537.6,1,0,1
B031,2021-04-24 11:00:00,1,614G2040,6.03761576,,336.05,1,0,1
B031,2021-04-24 11:00:00,2,61402050,6.11763871,,307.38,1,0,1
B031,2021-04-24 12:00:00,0,614E1950,1.49157222,,537.66,1,0,1
B031,2021-04-24 12:00:00,1,614G2040,2.642152565,,336.07,1,0,1
B031,2021-04-24 12:00:00,2,61402050,1.75592084,,307.46,1,0,1
B031,2021-04-24 13:00:00,0,614E1950,2.524521684,,537.72,1,0,1
B031,2021-04-24 13:00:00,1,614G2040,3.922914191,,336.11,1,0,1
B031,2021-04-24 13:00:00,2,61402050,2.15898191,,307.51,1,0,1
B031,2021-04-24 14:00:00,0,614E1950,0.9895887926,,537.76,1,0,1
B031,2021-04-24 14:00:00,1,614G2040,1.095209823,,336.16,1,0,1
B031,2021-04-24 14:00:00,2,61402050,1.783172751,,307.56,1,0,1
B031,2021-04-24 15:00:00,0,614E1950,0.2425938971,,537.8,1,0,1
B031,2021-04-24 15:00:00,1,614G2040,0.9839646484,,336.21,1,0,1
B031,2021-04-24 15:00:00,2,61402050,0.4057894529,,307.62,1,0,1
B031,2021-04-24 16:00:00,0,614E1950,0,,537.81,1,0,1
B031,2021-04-24 16:00:00,1,614G2040,0.03716264197,,336.26,1,0,1
B031,2021-04-24 16:00:00,2,61402050,0.04733627848,,307.66,1,0,1
B031,2021-04-24 17:00:00,0,614E1950,0.01682037184,,537.81,1,0,1
B031,2021-04-24 17:00:00,1,614G2040,0.006819101009,,336.29,1,0,1
B031,2021-04-24 17:00:00,2,61402050,0.03441217649,,307.68,1,0,1
B031,2021-04-24 18:00:00,0,614E1950,0,,537.8,1,0,1
B031,2021-04-24 18:00:00,1,614G2040,0.1433962588,,336.3,1,0,1
B031,2021-04-24 18:00:00,2,61402050,0,,307.68,1,0,1
B031,2021-04-24 19:00:00,0,614E1950,0.02231370952,,537.78,1,0,1
B031,2021-04-24 19:00:00,1,614G2040,0,,336.3,1,0,1
B031,2021-04-24 19:00:00,2,61402050,0,,307.67,1,0,1
B031,2021-04-24 20:00:00,0,614E1950,0,,537.76,1,0,1
B031,2021-04-24 20:00:00,1,614G2040,0,,336.3,1,0,1
B031,2021-04-24 20:00:00,2,61402050,0,,307.65,1,0,1
B031,2021-04-24 21:00:00,0,614E1950,0,,537.73,1,0,1
B031,2021-04-24 21:00:00,1,614G2040,0,,336.29,1,0,1
B031,2021-04-24 21:00:00,2,61402050,0,,307.63,1,0,1
B031,2021-04-24 22:00:00,0,614E1950,0,,537.7,1,0,1
B031,2021-04-24 22:00:00,1,614G2040,0,,336.26,1,0,1
B031,2021-04-24 22:00:00,2,61402050,0,,307.6,1,0,1
B031,2021-04-24 23:00:00,0,614E1950,0,,537.68,1,0,1
B031,2021-04-24 23:00:00,1,614G2040,0,,336.26,1,0,1
B031,2021-04-24 23:00:00,2,61402050,0,,307.57,1,0,1
B031,2021-04-25 00:00:00,0,614E1950,0,,537.65,1,0,1
B031,2021-04-25 00:00:00,1,614G2040,0,,336.24,1,0,1
B031,2021-04-25 00:00:00,2,61402050,0,,307.54,1,0,1
B031,2021-04-25 01:00:00,0,614E1950,0.06330826707,,537.63,1,0,1
B031,2021-04-25 01:00:00,1,614G2040,0.01311753703,,336.2,1,0,1
B031,2021-04-25 01:00:00,2,61402050,0.02634461242,,307.5,1,0,1
B031,2021-04-25 02:00:00,0,614E1950,0,,537.62,1,0,1
B031,2021-04-25 02:00:00,1,614G2040,0,,336.19,1,0,1
B031,2021-04-25 02:00:00,2,61402050,0,,307.47,1,0,1
B031,2021-04-25 03:00:00,0,614E1950,0.02885642761,,537.6,1,0,1
B031,2021-04-25 03:00:00,1,614G2040,0.06067179734,,336.16,1,0,1
B031,2021-04-25 03:00:00,2,61402050,0.07265590144,,307.44,1,0,1
B031,2021-04-25 04:00:00,0,614E1950,0.2020900055,,537.58,1,0,1
B031,2021-04-25 04:00:00,1,614G2040,0.1129804875,,336.13,1,0,1
B031,2021-04-25 04:00:00,2,61402050,0.0743361669,,307.41,1,0,1
B031,2021-04-25 05:00:00,0,614E1950,0.04567679945,,537.56,1,0,1
B031,2021-04-25 05:00:00,1,614G2040,0.08716511353,,336.11,1,0,1
B031,2021-04-25 05:00:00,2,61402050,0.07265590144,,307.38,1,0,1
B031,2021-04-25 06:00:00,0,614E1950,0.002180906031,,537.52,1,0,1
B031,2021-04-25 06:00:00,1,614G2040,0.03526260275,,336.09,1,0,1
B031,2021-04-25 06:00:00,2,61402050,0.02421863381,,307.35,1,0,1
B031,2021-04-25 07:00:00,0,614E1950,11.65072475,,537.51,1,0,1
B031,2021-04-25 07:00:00,1,614G2040,15.89508835,,336.07,1,0,1
B031,2021-04-25 07:00:00,2,61402050,22.09024449,,307.33,1,0,1
B031,2021-04-25 08:00:00,0,614E1950,0.02231370952,,537.49,1,0,1
B031,2021-04-25 08:00:00,1,614G2040,0,,336.04,1,0,1
B031,2021-04-25 08:00:00,2,61402050,0,37.5,307.31,1,1,1
B031,2021-04-25 09:00:00,0,614E1950,0,,537.49,1,0,1
B031,2021-04-25 09:00:00,1,614G2040,0,,336.02,1,0,1
B031,2021-04-25 09:00:00,2,61402050,0,,307.3,1,0,1
B031,2021-04-25 10:00:00,0,614E1950,0,,537.47,1,0,1
B031,2021-04-25 10:00:00,1,614G2040,0,,335.99,1,0,1
B031,2021-04-25 10:00:00,2,61402050,0,,307.28,1,0,1
B031,2021-04-25 11:00:00,0,614E1950,0,,537.46,1,0,1
B031,2021-04-25 11:00:00,1,614G2040,0,,335.97,1,0,1
B031,2021-04-25 11:00:00,2,61402050,0,,307.26,1,0,1
B031,2021-04-25 12:00:00,0,614E1950,0,,537.45,1,0,1
B031,2021-04-25 12:00:00,1,614G2040,0,,335.95,1,0,1
B031,2021-04-25 12:00:00,2,61402050,0,,307.24,1,0,1
B031,2021-04-25 13:00:00,0,614E1950,0,,537.44,1,0,1
B031,2021-04-25 13:00:00,1,614G2040,0,,335.93,1,0,1
B031,2021-04-25 13:00:00,2,61402050,0,,307.23,1,0,1
B031,2021-04-25 14:00:00,0,614E1950,0,,537.44,1,0,1
B031,2021-04-25 14:00:00,1,614G2040,0,,335.9,1,0,1
B031,2021-04-25 14:00:00,2,61402050,0,,307.21,1,0,1
B031,2021-04-25 15:00:00,0,614E1950,0,,537.43,1,0,1
B031,2021-04-25 15:00:00,1,614G2040,0,,335.89,1,0,1
B031,2021-04-25 15:00:00,2,61402050,0,,307.19,1,0,1
B031,2021-04-25 16:00:00,0,614E1950,0,,537.42,1,0,1
B031,2021-04-25 16:00:00,1,614G2040,0,,335.87,1,0,1
B031,2021-04-25 16:00:00,2,61402050,0,,307.17,1,0,1
B031,2021-04-25 17:00:00,0,614E1950,0,,537.41,1,0,1
B031,2021-04-25 17:00:00,1,614G2040,0,,335.86,1,0,1
B031,2021-04-25 17:00:00,2,61402050,0,,307.16,1,0,1
B031,2021-04-25 18:00:00,0,614E1950,0,,537.4,1,0,1
B031,2021-04-25 18:00:00,1,614G2040,0,,335.83,1,0,1
B031,2021-04-25 18:00:00,2,61402050,0,,307.14,1,0,1
B031,2021-04-25 19:00:00,0,614E1950,0,,537.4,1,0,1
B031,2021-04-25 19:00:00,1,614G2040,0,,335.81,1,0,1
B031,2021-04-25 19:00:00,2,61402050,0,,307.13,1,0,1
B031,2021-04-25 20:00:00,0,614E1950,0,,537.39,1,0,1
B031,2021-04-25 20:00:00,1,614G2040,0.03654218927,,335.81,1,0,1
B031,2021-04-25 20:00:00,2,61402050,0,,307.12,1,0,1
B031,2021-04-25 21:00:00,0,614E1950,0,,537.38,1,0,1
B031,2021-04-25 21:00:00,1,614G2040,0,,335.8,1,0,1
B031,2021-04-25 21:00:00,2,61402050,0,,307.1,1,0,1
B031,2021-04-25 22:00:00,0,614E1950,0,,537.38,1,0,1
B031,2021-04-25 22:00:00,1,614G2040,0,,335.78,1,0,1
B031,2021-04-25 22:00:00,2,61402050,0,,307.08,1,0,1
B031,2021-04-25 23:00:00,0,614E1950,0,,537.37,1,0,1
B031,2021-04-25 23:00:00,1,614G2040,0,,335.77,1,0,1
B031,2021-04-25 23:00:00,2,61402050,0,,307.07,1,0,1
B031,2021-04-26 00:00:00,0,614E1950,0.2753946973,,537.37,1,0,1
B031,2021-04-26 00:00:00,1,614G2040,0.3512270247,,335.76,1,0,1
B031,2021-04-26 00:00:00,2,61402050,0.2196479698,,307.05,1,0,1
B031,2021-04-26 01:00:00,0,614E1950,0.02449461555,,537.36,1,0,1
B031,2021-04-26 01:00:00,1,614G2040,0.1590472836,,335.75,1,0,1
B031,2021-04-26 01:00:00,2,61402050,0.1193062907,,307.03,1,0,1
B031,2021-04-26 02:00:00,0,614E1950,0,,537.35,1,0,1
B031,2021-04-26 02:00:00,1,614G2040,0,,335.74,1,0,1
B031,2021-04-26 02:00:00,2,61402050,0.04690213946,,307.02,1,0,1
B031,2021-04-26 03:00:00,0,614E1950,0,,537.35,1,0,1
B031,2021-04-26 03:00:00,1,614G2040,0,,335.73,1,0,1
B031,2021-04-26 03:00:00,2,61402050,0,,307.01,1,0,1
B031,2021-04-26 04:00:00,0,614E1950,0,,537.34,1,0,1
B031,2021-04-26 04:00:00,1,614G2040,0,,335.72,1,0,1
B031,2021-04-26 04:00:00,2,61402050,0,,307.01,1,0,1
B031,2021-04-26 05:00:00,0,614E1950,0.02231370952,,537.33,1,0,1
B031,2021-04-26 05:00:00,1,614G2040,0,,335.7,1,0,1
B031,2021-04-26 05:00:00,2,61402050,0,,307,1,0,1
B031,2021-04-26 06:00:00,0,614E1950,0,,537.33,1,0,1
B031,2021-04-26 06:00:00,1,614G2040,0,,335.7,1,0,1
B031,2021-04-26 06:00:00,2,61402050,0,,306.99,1,0,1
B031,2021-04-26 07:00:00,0,614E1950,0.3445167319,,537.33,1,0,1
B031,2021-04-26 07:00:00,1,614G2040,0.6501809101,,335.69,1,0,1
B031,2021-04-26 07:00:00,2,61402050,0.4251025924,,306.98,1,0,1
B031,2021-04-26 08:00:00,0,614E1950,0,,537.32,1,0,1
B031,2021-04-26 08:00:00,1,614G2040,0,,335.69,1,0,1
B031,2021-04-26 08:00:00,2,61402050,0,15.8,306.97,1,1,1
B031,2021-04-26 09:00:00,0,614E1950,0.002180906031,,537.32,1,0,1
B031,2021-04-26 09:00:00,1,614G2040,0.0127045973,,335.55,1,0,1
B031,2021-04-26 09:00:00,2,61402050,0.02421863381,,306.97,1,0,1
B031,2021-04-26 10:00:00,0,614E1950,0,,537.31,1,0,1
B031,2021-04-26 10:00:00,1,614G2040,0,,335.54,1,0,1
B031,2021-04-26 10:00:00,2,61402050,0,,306.89,1,0,1
B031,2021-04-26 11:00:00,0,614E1950,0,,537.31,1,0,1
B031,2021-04-26 11:00:00,1,614G2040,0,,335.55,1,0,1
B031,2021-04-26 11:00:00,2,61402050,0,,306.88,1,0,1
B031,2021-04-26 12:00:00,0,614E1950,0,,537.3,1,0,1
B031,2021-04-26 12:00:00,1,614G2040,0,,335.55,1,0,1
B031,2021-04-26 12:00:00,2,61402050,0,,306.89,1,0,1
B031,2021-04-26 13:00:00,0,614E1950,0,,537.3,1,0,1
B031,2021-04-26 13:00:00,1,614G2040,0,,335.55,1,0,1
B031,2021-04-26 13:00:00,2,61402050,0,,306.89,1,0,1
B031,2021-04-26 14:00:00,0,614E1950,0,,537.3,1,0,1
B031,2021-04-26 14:00:00,1,614G2040,0,,335.55,1,0,1
B031,2021-04-26 14:00:00,2,61402050,0,,306.89,1,0,1
B031,2021-04-26 15:00:00,0,614E1950,0,,537.29,1,0,1
B031,2021-04-26 15:00:00,1,614G2040,0,,335.55,1,0,1
B031,2021-04-26 15:00:00,2,61402050,0,,306.88,1,0,1
B031,2021-04-26 16:00:00,0,614E1950,0,,537.29,1,0,1
B031,2021-04-26 16:00:00,1,614G2040,0,,335.55,1,0,1
B031,2021-04-26 16:00:00,2,61402050,0,,306.89,1,0,1
B031,2021-04-26 17:00:00,0,614E1950,0,,537.29,1,0,1
B031,2021-04-26 17:00:00,1,614G2040,0,,335.55,1,0,1
B031,2021-04-26 17:00:00,2,61402050,0,,306.88,1,0,1
B031,2021-04-26 18:00:00,0,614E1950,0,,537.28,1,0,1
B031,2021-04-26 18:00:00,1,614G2040,0,,335.55,1,0,1
B031,2021-04-26 18:00:00,2,61402050,0,,306.88,1,0,1
B031,2021-04-26 19:00:00,0,614E1950,0,,537.27,1,0,1
B031,2021-04-26 19:00:00,1,614G2040,0,,335.55,1,0,1
B031,2021-04-26 19:00:00,2,61402050,0,,306.87,1,0,1
B031,2021-04-26 20:00:00,0,614E1950,0,,537.27,1,0,1
B031,2021-04-26 20:00:00,1,614G2040,0,,335.55,1,0,1
B031,2021-04-26 20:00:00,2,61402050,0,,306.87,1,0,1
B031,2021-04-26 21:00:00,0,614E1950,0,,537.27,1,0,1
B031,2021-04-26 21:00:00,1,614G2040,0,,335.55,1,0,1
B031,2021-04-26 21:00:00,2,61402050,0,,306.87,1,0,1
B031,2021-04-26 22:00:00,0,614E1950,0,,537.27,1,0,1
B031,2021-04-26 22:00:00,1,614G2040,0,,335.54,1,0,1
B031,2021-04-26 22:00:00,2,61402050,0,,306.86,1,0,1
B031,2021-04-26 23:00:00,0,614E1950,0,,537.26,1,0,1
B031,2021-04-26 23:00:00,1,614G2040,0,,335.54,1,0,1
B031,2021-04-26 23:00:00,2,61402050,0,,306.86,1,0,1
B031,2021-04-27 00:00:00,0,614E1950,0,,537.26,1,0,1
B031,2021-04-27 00:00:00,1,614G2040,0,,335.53,1,0,1
B031,2021-04-27 00:00:00,2,61402050,0,,306.85,1,0,1
B031,2021-04-27 01:00:00,0,614E1950,0,,537.25,1,0,1
B031,2021-04-27 01:00:00,1,614G2040,0,,335.53,1,0,1
B031,2021-04-27 01:00:00,2,61402050,0,,306.85,1,0,1
B031,2021-04-27 02:00:00,0,614E1950,0,,537.25,1,0,1
B031,2021-04-27 02:00:00,1,614G2040,0,,335.53,1,0,1
B031,2021-04-27 02:00:00,2,61402050,0,,306.85,1,0,1
B031,2021-04-27 03:00:00,0,614E1950,0,,537.25,1,0,1
B031,2021-04-27 03:00:00,1,614G2040,0,,335.52,1,0,1
B031,2021-04-27 03:00:00,2,61402050,0,,306.85,1,0,1
B031,2021-04-27 04:00:00,0,614E1950,0,,537.25,1,0,1
B031,2021-04-27 04:00:00,1,614G2040,0,,335.52,1,0,1
B031,2021-04-27 04:00:00,2,61402050,0,,306.84,1,0,1
B031,2021-04-27 05:00:00,0,614E1950,0,,537.24,1,0,1
B031,2021-04-27 05:00:00,1,614G2040,0,,335.52,1,0,1
B031,2021-04-27 05:00:00,2,61402050,0,,306.84,1,0,1
B031,2021-04-27 06:00:00,0,614E1950,0,,537.24,1,0,1
B031,2021-04-27 06:00:00,1,614G2040,0,,335.51,1,0,1
B031,2021-04-27 06:00:00,2,61402050,0,,306.84,1,0,1
B031,2021-04-27 07:00:00,0,614E1950,0,,537.24,1,0,1
B031,2021-04-27 07:00:00,1,614G2040,0,,335.51,1,0,1
B031,2021-04-27 07:00:00,2,61402050,0,,306.83,1,0,1
B031,2021-04-27 08:00:00,0,614E1950,0,,537.24,1,0,1
B031,2021-04-27 08:00:00,1,614G2040,0,,335.48,1,0,1
B031,2021-04-27 08:00:00,2,61402050,0,10,306.83,1,1,1
B031,2021-04-27 09:00:00,0,614E1950,0,,537.23,1,0,1
B031,2021-04-27 09:00:00,1,614G2040,0,,335.45,1,0,1
B031,2021-04-27 09:00:00,2,61402050,0,,306.8,1,0,1
B031,2021-05-04 00:00:00,0,614E1950,0,,537.46,1,0,1
B031,2021-05-04 00:00:00,1,614G2040,0,,336.04,1,0,1
B031,2021-05-04 00:00:00,2,61402050,0,,307.16,1,0,1
B031,2021-05-04 01:00:00,0,614E1950,0,,537.45,1,0,1
B031,2021-05-04 01:00:00,1,614G2040,0,,336.03,1,0,1
B031,2021-05-04 01:00:00,2,61402050,0,,307.14,1,0,1
B031,2021-05-04 02:00:00,0,614E1950,0,,537.44,1,0,1
B031,2021-05-04 02:00:00,1,614G2040,0,,336.02,1,0,1
B031,2021-05-04 02:00:00,2,61402050,0,,307.13,1,0,1
B031,2021-05-04 03:00:00,0,614E1950,0,,537.42,1,0,1
B031,2021-05-04 03:00:00,1,614G2040,0,,336.01,1,0,1
B031,2021-05-04 03:00:00,2,61402050,0,,307.12,1,0,1
B031,2021-05-04 04:00:00,0,614E1950,0,,537.41,1,0,1
B031,2021-05-04 04:00:00,1,614G2040,0,,336,1,0,1
B031,2021-05-04 04:00:00,2,61402050,0,,307.1,1,0,1
B031,2021-05-04 05:00:00,0,614E1950,0,,537.4,1,0,1
B031,2021-05-04 05:00:00,1,614G2040,0,,335.98,1,0,1
B031,2021-05-04 05:00:00,2,61402050,0,,307.09,1,0,1
B031,2021-05-04 06:00:00,0,614E1950,0,,537.4,1,0,1
B031,2021-05-04 06:00:00,1,614G2040,0,,335.97,1,0,1
B031,2021-05-04 06:00:00,2,61402050,0,,307.08,1,0,1
B031,2021-05-04 07:00:00,0,614E1950,31.5921978,,537.39,1,0,1
B031,2021-05-04 07:00:00,1,614G2040,38.73619431,,335.96,1,0,1
B031,2021-05-04 07:00:00,2,61402050,36.25840757,,307.06,1,0,1
B031,2021-05-04 08:00:00,0,614E1950,0,,537.38,1,0,1
B031,2021-05-04 08:00:00,1,614G2040,0,,335.96,1,0,1
B031,2021-05-04 08:00:00,2,61402050,0,20.6,307.06,1,1,1
B031,2021-05-04 09:00:00,0,614E1950,0,,537.37,1,0,1
B031,2021-05-04 09:00:00,1,614G2040,0.0004129397303,,335.93,1,0,1
B031,2021-05-04 09:00:00,2,61402050,0.0004457131451,,307.03,1,0,1
B031,2021-05-04 10:00:00,0,614E1950,0,,537.36,1,0,1
B031,2021-05-04 10:00:00,1,614G2040,0,,335.91,1,0,1
B031,2021-05-04 10:00:00,2,61402050,0,,307.01,1,0,1
B031,2021-05-04 11:00:00,0,614E1950,0,,537.36,1,0,1
B031,2021-05-04 11:00:00,1,614G2040,0,,335.87,1,0,1
B031,2021-05-04 11:00:00,2,61402050,0,,307,1,0,1
B031,2021-05-04 12:00:00,0,614E1950,0.0162061042,,537.35,1,0,1
B031,2021-05-04 12:00:00,1,614G2040,0,,335.86,1,0,1
B031,2021-05-04 12:00:00,2,61402050,0,,306.99,1,0,1
B031,2021-05-04 13:00:00,0,614E1950,0,,537.34,1,0,1
B031,2021-05-04 13:00:00,1,614G2040,0,,335.86,1,0,1
B031,2021-05-04 13:00:00,2,61402050,0,,306.98,1,0,1
B031,2021-05-04 14:00:00,0,614E1950,0,,537.33,1,0,1
B031,2021-05-04 14:00:00,1,614G2040,0,,335.84,1,0,1
B031,2021-05-04 14:00:00,2,61402050,0,,306.98,1,0,1
B031,2021-05-04 15:00:00,0,614E1950,0.002180906031,,537.33,1,0,1
B031,2021-05-04 15:00:00,1,614G2040,0.0127045973,,335.84,1,0,1
B031,2021-05-04 15:00:00,2,61402050,0.02421863381,,306.96,1,0,1
B031,2021-05-04 16:00:00,0,614E1950,0,,537.32,1,0,1
B031,2021-05-04 16:00:00,1,614G2040,0,,335.82,1,0,1
B031,2021-05-04 16:00:00,2,61402050,0,,306.95,1,0,1
B031,2021-05-04 17:00:00,0,614E1950,0,,537.31,1,0,1
B031,2021-05-04 17:00:00,1,614G2040,0,,335.81,1,0,1
B031,2021-05-04 17:00:00,2,61402050,0,,306.94,1,0,1
B031,2021-05-04 18:00:00,0,614E1950,0,,537.31,1,0,1
B031,2021-05-04 18:00:00,1,614G2040,0,,335.8,1,0,1
B031,2021-05-04 18:00:00,2,61402050,0,,306.93,1,0,1
B031,2021-05-04 19:00:00,0,614E1950,0,,537.3,1,0,1
B031,2021-05-04 19:00:00,1,614G2040,0,,335.8,1,0,1
B031,2021-05-04 19:00:00,2,61402050,0,,306.93,1,0,1
B031,2021-05-04 20:00:00,0,614E1950,0,,537.3,1,0,1
B031,2021-05-04 20:00:00,1,614G2040,0,,335.79,1,0,1
B031,2021-05-04 20:00:00,2,61402050,0,,306.92,1,0,1
B031,2021-05-04 21:00:00,0,614E1950,0,,537.3,1,0,1
B031,2021-05-04 21:00:00,1,614G2040,0,,335.77,1,0,1
B031,2021-05-04 21:00:00,2,61402050,0,,306.91,1,0,1
B031,2021-05-04 22:00:00,0,614E1950,0,,537.29,1,0,1
B031,2021-05-04 22:00:00,1,614G2040,0,,335.78,1,0,1
B031,2021-05-04 22:00:00,2,61402050,0,,306.9,1,0,1
B031,2021-05-04 23:00:00,0,614E1950,0,,537.28,1,0,1
B031,2021-05-04 23:00:00,1,614G2040,0,,335.77,1,0,1
B031,2021-05-04 23:00:00,2,61402050,0,,306.9,1,0,1
B031,2021-05-05 00:00:00,0,614E1950,0,,537.27,1,0,1
B031,2021-05-05 00:00:00,1,614G2040,0,,335.75,1,0,1
B031,2021-05-05 00:00:00,2,61402050,0,,306.89,1,0,1
B031,2021-05-05 01:00:00,0,614E1950,0,,537.27,1,0,1
B031,2021-05-05 01:00:00,1,614G2040,0,,335.74,1,0,1
B031,2021-05-05 01:00:00,2,61402050,0,,306.89,1,0,1
B031,2021-05-05 02:00:00,0,614E1950,0,,537.27,1,0,1
B031,2021-05-05 02:00:00,1,614G2040,0,,335.74,1,0,1
B031,2021-05-05 02:00:00,2,61402050,0,,306.88,1,0,1
B031,2021-05-05 03:00:00,0,614E1950,0,,537.26,1,0,1
B031,2021-05-05 03:00:00,1,614G2040,0,,335.73,1,0,1
B031,2021-05-05 03:00:00,2,61402050,0,,306.87,1,0,1
B031,2021-05-05 04:00:00,0,614E1950,0,,537.26,1,0,1
B031,2021-05-05 04:00:00,1,614G2040,0,,335.73,1,0,1
B031,2021-05-05 04:00:00,2,61402050,0,,306.87,1,0,1
B031,2021-05-05 05:00:00,0,614E1950,0,,537.25,1,0,1
B031,2021-05-05 05:00:00,1,614G2040,0,,335.72,1,0,1
B031,2021-05-05 05:00:00,2,61402050,0,,306.86,1,0,1
B031,2021-05-05 06:00:00,0,614E1950,0,,537.25,1,0,1
B031,2021-05-05 06:00:00,1,614G2040,0,,335.7,1,0,1
B031,2021-05-05 06:00:00,2,61402050,0,,306.85,1,0,1
B031,2021-05-05 07:00:00,0,614E1950,0.01838701023,,537.25,1,0,1
B031,2021-05-05 07:00:00,1,614G2040,0.01311753703,,335.7,1,0,1
B031,2021-05-05 07:00:00,2,61402050,0.02466434696,,306.85,1,0,1
B031,2021-05-05 08:00:00,0,614E1950,0,,537.24,1,0,1
B031,2021-05-05 08:00:00,1,614G2040,0,,335.67,1,0,1
B031,2021-05-05 08:00:00,2,61402050,0,10.7,306.85,1,1,1
B031,2021-05-05 09:00:00,0,614E1950,0,,537.24,1,0,1
B031,2021-05-05 09:00:00,1,614G2040,0,,335.66,1,0,1
B031,2021-05-05 09:00:00,2,61402050,0,,306.83,1,0,1
B031,2021-05-05 10:00:00,0,614E1950,0.004361812061,,537.24,1,0,1
B031,2021-05-05 10:00:00,1,614G2040,0.02540919459,,335.66,1,0,1
B031,2021-05-05 10:00:00,2,61402050,0.04843726763,,306.83,1,0,1
B031,2021-05-05 11:00:00,0,614E1950,0.01717679341,,537.23,1,0,1
B031,2021-05-05 11:00:00,1,614G2040,0.01810572492,,335.64,1,0,1
B031,2021-05-05 11:00:00,2,61402050,0,,306.83,1,0,1
B031,2021-05-05 12:00:00,0,614E1950,0,,537.23,1,0,1
B031,2021-05-05 12:00:00,1,614G2040,0,,335.64,1,0,1
B031,2021-05-05 12:00:00,2,61402050,0,,306.82,1,0,1
B031,2021-05-05 13:00:00,0,614E1950,0,,537.22,1,0,1
B031,2021-05-05 13:00:00,1,614G2040,0,,335.64,1,0,1
B031,2021-05-05 13:00:00,2,61402050,0,,306.82,1,0,1
B031,2021-05-05 14:00:00,0,614E1950,0,,537.22,1,0,1
B031,2021-05-05 14:00:00,1,614G2040,0,,335.63,1,0,1
B031,2021-05-05 14:00:00,2,61402050,0,,306.82,1,0,1
B031,2021-05-05 15:00:00,0,614E1950,0,,537.22,1,0,1
B031,2021-05-05 15:00:00,1,614G2040,0,,335.63,1,0,1
B031,2021-05-05 15:00:00,2,61402050,0,,306.81,1,0,1
B031,2021-05-05 16:00:00,0,614E1950,0,,537.22,1,0,1
B031,2021-05-05 16:00:00,1,614G2040,0,,335.63,1,0,1
B031,2021-05-05 16:00:00,2,61402050,0,,306.81,1,0,1
B031,2021-05-05 17:00:00,0,614E1950,0,,537.21,1,0,1
B031,2021-05-05 17:00:00,1,614G2040,0,,335.61,1,0,1
B031,2021-05-05 17:00:00,2,61402050,0,,306.8,1,0,1
B031,2021-05-05 18:00:00,0,614E1950,0,,537.21,1,0,1
B031,2021-05-05 18:00:00,1,614G2040,0,,335.62,1,0,1
B031,2021-05-05 18:00:00,2,61402050,0,,306.8,1,0,1
B031,2021-05-05 19:00:00,0,614E1950,0,,537.21,1,0,1
B031,2021-05-05 19:00:00,1,614G2040,0,,335.62,1,0,1
B031,2021-05-05 19:00:00,2,61402050,0,,306.8,1,0,1
B031,2021-05-05 20:00:00,0,614E1950,0,,537.21,1,0,1
B031,2021-05-05 20:00:00,1,614G2040,0,,335.62,1,0,1
B031,2021-05-05 20:00:00,2,61402050,0,,306.8,1,0,1
B031,2021-05-05 21:00:00,0,614E1950,0,,537.2,1,0,1
B031,2021-05-05 21:00:00,1,614G2040,0,,335.62,1,0,1
B031,2021-05-05 21:00:00,2,61402050,0,,306.8,1,0,1
B031,2021-05-05 22:00:00,0,614E1950,0,,537.2,1,0,1
B031,2021-05-05 22:00:00,1,614G2040,0,,335.61,1,0,1
B031,2021-05-05 22:00:00,2,61402050,0,,306.79,1,0,1
B031,2021-05-05 23:00:00,0,614E1950,0,,537.2,1,0,1
B031,2021-05-05 23:00:00,1,614G2040,0,,335.61,1,0,1
B031,2021-05-05 23:00:00,2,61402050,0,,306.79,1,0,1
B031,2021-05-06 00:00:00,0,614E1950,0,,537.2,1,0,1
B031,2021-05-06 00:00:00,1,614G2040,0.02055498147,,335.62,1,0,1
B031,2021-05-06 00:00:00,2,61402050,0,,306.79,1,0,1
B031,2021-05-06 01:00:00,0,614E1950,1.328094561,,537.19,1,0,1
B031,2021-05-06 01:00:00,1,614G2040,1.654502119,,335.62,1,0,1
B031,2021-05-06 01:00:00,2,61402050,1.05136993,,306.79,1,0,1
B031,2021-05-06 02:00:00,0,614E1950,0.02231370952,,537.19,1,0,1
B031,2021-05-06 02:00:00,1,614G2040,0.04511601091,,335.63,1,0,1
B031,2021-05-06 02:00:00,2,61402050,0,,306.79,1,0,1
B031,2021-05-06 03:00:00,0,614E1950,0.01682037184,,537.19,1,0,1
B031,2021-05-06 03:00:00,1,614G2040,0.02937710647,,335.63,1,0,1
B031,2021-05-06 03:00:00,2,61402050,0.03441217649,,306.79,1,0,1
B031,2021-05-06 04:00:00,0,614E1950,0.6006227839,,537.19,1,0,1
B031,2021-05-06 04:00:00,1,614G2040,0.09790863646,,335.63,1,0,1
B031,2021-05-06 04:00:00,2,61402050,0.1166762215,,306.79,1,0,1
B031,2021-05-06 05:00:00,0,614E1950,6.589259373,,537.19,1,0,1
B031,2021-05-06 05:00:00,1,614G2040,8.0896071,,335.63,1,0,1
B031,2021-05-06 05:00:00,2,61402050,5.279155912,,306.79,1,0,1
B031,2021-05-06 06:00:00,0,614E1950,2.290377502,,537.21,1,0,1
B031,2021-05-06 06:00:00,1,614G2040,3.231961329,,335.64,1,0,1
B031,2021-05-06 06:00:00,2,61402050,3.836808429,,306.81,1,0,1
B031,2021-05-06 07:00:00,0,614E1950,2.290209121,,537.23,1,0,1
B031,2021-05-06 07:00:00,1,614G2040,4.488822962,,335.63,1,0,1
B031,2021-05-06 07:00:00,2,61402050,3.241884375,,306.82,1,0,1
B031,2021-05-06 08:00:00,0,614E1950,3.009007246,,537.26,1,0,1
B031,2021-05-06 08:00:00,1,614G2040,4.077527594,,335.63,1,0,1
B031,2021-05-06 08:00:00,2,61402050,3.838704553,9.68,306.82,1,1,1
B031,2021-05-06 09:00:00,0,614E1950,1.249539881,,537.29,1,0,1
B031,2021-05-06 09:00:00,1,614G2040,1.641416866,,335.63,1,0,1
B031,2021-05-06 09:00:00,2,61402050,1.562527187,,306.85,1,0,1
B031,2021-05-06 10:00:00,0,614E1950,0.8120772732,,537.31,1,0,1
B031,2021-05-06 10:00:00,1,614G2040,0.6336457698,,335.64,1,0,1
B031,2021-05-06 10:00:00,2,61402050,0.6912317956,,306.87,1,0,1
B031,2021-05-06 11:00:00,0,614E1950,0.8960542877,,537.32,1,0,1
B031,2021-05-06 11:00:00,1,614G2040,0.9335319786,,335.63,1,0,1
B031,2021-05-06 11:00:00,2,61402050,0.9054123367,,306.89,1,0,1
B031,2021-05-06 12:00:00,0,614E1950,0.2412240869,,537.33,1,0,1
B031,2021-05-06 12:00:00,1,614G2040,0.4243272276,,335.63,1,0,1
B031,2021-05-06 12:00:00,2,61402050,0.3143494092,,306.9,1,0,1
B031,2021-05-06 13:00:00,0,614E1950,0.08812331246,,537.34,1,0,1
B031,2021-05-06 13:00:00,1,614G2040,0.2090020905,,335.63,1,0,1
B031,2021-05-06 13:00:00,2,61402050,0.0670067979,,306.9,1,0,1
B031,2021-05-06 14:00:00,0,614E1950,0,,537.35,1,0,1
B031,2021-05-06 14:00:00,1,614G2040,0.006851660489,,335.63,1,0,1
B031,2021-05-06 14:00:00,2,61402050,0,,306.9,1,0,1
B031,2021-05-06 15:00:00,0,614E1950,0.02231370952,,537.35,1,0,1
B031,2021-05-06 15:00:00,1,614G2040,0,,335.63,1,0,1
B031,2021-05-06 15:00:00,2,61402050,0,,306.89,1,0,1
B031,2021-05-06 16:00:00,0,614E1950,0,,537.34,1,0,1
B031,2021-05-06 16:00:00,1,614G2040,0,,335.63,1,0,1
B031,2021-05-06 16:00:00,2,61402050,0,,306.89,1,0,1
B031,2021-05-06 17:00:00,0,614E1950,0,,537.35,1,0,1
B031,2021-05-06 17:00:00,1,614G2040,0,,335.63,1,0,1
B031,2021-05-06 17:00:00,2,61402050,0,,306.88,1,0,1
B031,2021-05-06 18:00:00,0,614E1950,0,,537.34,1,0,1
B031,2021-05-06 18:00:00,1,614G2040,0,,335.63,1,0,1
B031,2021-05-06 18:00:00,2,61402050,0,,306.88,1,0,1
B031,2021-05-06 19:00:00,0,614E1950,0,,537.34,1,0,1
B031,2021-05-06 19:00:00,1,614G2040,0,,335.62,1,0,1
B031,2021-05-06 19:00:00,2,61402050,0,,306.87,1,0,1
B031,2021-05-06 20:00:00,0,614E1950,0,,537.34,1,0,1
B031,2021-05-06 20:00:00,1,614G2040,0,,335.63,1,0,1
B031,2021-05-06 20:00:00,2,61402050,0,,306.87,1,0,1
B031,2021-05-06 21:00:00,0,614E1950,0,,537.34,1,0,1
B031,2021-05-06 21:00:00,1,614G2040,0,,335.63,1,0,1
B031,2021-05-06 21:00:00,2,61402050,0,,306.87,1,0,1
B031,2021-05-06 22:00:00,0,614E1950,0,,537.33,1,0,1
B031,2021-05-06 22:00:00,1,614G2040,0.002883790284,,335.64,1,0,1
B031,2021-05-06 22:00:00,2,61402050,0.03441217649,,306.86,1,0,1
B031,2021-05-06 23:00:00,0,614E1950,0,,537.33,1,0,1
B031,2021-05-06 23:00:00,1,614G2040,0,,335.65,1,0,1
B031,2021-05-06 23:00:00,2,61402050,0,,306.86,1,0,1
B031,2021-05-07 00:00:00,0,614E1950,0,,537.33,1,0,1
B031,2021-05-07 00:00:00,1,614G2040,0,,335.65,1,0,1
B031,2021-05-07 00:00:00,2,61402050,0,,306.86,1,0,1
B031,2021-05-07 01:00:00,0,614E1950,0,,537.33,1,0,1
B031,2021-05-07 01:00:00,1,614G2040,0,,335.66,1,0,1
B031,2021-05-07 01:00:00,2,61402050,0,,306.86,1,0,1
B031,2021-05-07 02:00:00,0,614E1950,0,,537.32,1,0,1
B031,2021-05-07 02:00:00,1,614G2040,0,,335.66,1,0,1
B031,2021-05-07 02:00:00,2,61402050,0,,306.86,1,0,1
B031,2021-05-07 03:00:00,0,614E1950,0,,537.32,1,0,1
B031,2021-05-07 03:00:00,1,614G2040,0,,335.66,1,0,1
B031,2021-05-07 03:00:00,2,61402050,0,,306.85,1,0,1
B031,2021-05-07 04:00:00,0,614E1950,0,,537.31,1,0,1
B031,2021-05-07 04:00:00,1,614G2040,0,,335.67,1,0,1
B031,2021-05-07 04:00:00,2,61402050,0,,306.85,1,0,1
B031,2021-05-07 05:00:00,0,614E1950,0,,537.31,1,0,1
B031,2021-05-07 05:00:00,1,614G2040,0,,335.67,1,0,1
B031,2021-05-07 05:00:00,2,61402050,0,,306.85,1,0,1
B031,2021-05-07 06:00:00,0,614E1950,0.06112736104,,537.31,1,0,1
B031,2021-05-07 06:00:00,1,614G2040,0,,335.67,1,0,1
B031,2021-05-07 06:00:00,2,61402050,0.00168026546,,306.85,1,0,1
B031,2021-05-07 07:00:00,0,614E1950,6.379467158,,537.3,1,0,1
B031,2021-05-07 07:00:00,1,614G2040,8.017785045,,335.67,1,0,1
B031,2021-05-07 07:00:00,2,61402050,7.811893055,,306.85,1,0,1
B031,2021-05-07 08:00:00,0,614E1950,0,,537.3,1,0,1
B031,2021-05-07 08:00:00,1,614G2040,0,,335.67,1,0,1
B031,2021-05-07 08:00:00,2,61402050,0,10.7,306.85,1,1,1
B031,2021-05-07 09:00:00,0,614E1950,0,,537.3,1,0,1
B031,2021-05-07 09:00:00,1,614G2040,0,,335.67,1,0,1
B031,2021-05-07 09:00:00,2,61402050,0,,306.85,1,0,1
B031,2021-05-07 10:00:00,0,614E1950,0,,537.3,1,0,1
B031,2021-05-07 10:00:00,1,614G2040,0,,335.67,1,0,1
B031,2021-05-07 10:00:00,2,61402050,0,,306.84,1,0,1
B031,2021-05-07 11:00:00,0,614E1950,0,,537.29,1,0,1
B031,2021-05-07 11:00:00,1,614G2040,0,,335.67,1,0,1
B031,2021-05-07 11:00:00,2,61402050,0,,306.84,1,0,1
B031,2021-05-07 12:00:00,0,614E1950,0,,537.29,1,0,1
B031,2021-05-07 12:00:00,1,614G2040,0,,335.67,1,0,1
B031,2021-05-07 12:00:00,2,61402050,0,,306.84,1,0,1
B031,2021-05-07 13:00:00,0,614E1950,0,,537.29,1,0,1
B031,2021-05-07 13:00:00,1,614G2040,0,,335.65,1,0,1
B031,2021-05-07 13:00:00,2,61402050,0,,306.84,1,0,1
B031,2021-05-07 14:00:00,0,614E1950,0,,537.28,1,0,1
B031,2021-05-07 14:00:00,1,614G2040,0,,335.65,1,0,1
B031,2021-05-07 14:00:00,2,61402050,0,,306.83,1,0,1
B031,2021-05-07 15:00:00,0,614E1950,0,,537.28,1,0,1
B031,2021-05-07 15:00:00,1,614G2040,0,,335.65,1,0,1
B031,2021-05-07 15:00:00,2,61402050,0,,306.83,1,0,1
B031,2021-05-07 16:00:00,0,614E1950,0,,537.27,1,0,1
B031,2021-05-07 16:00:00,1,614G2040,0,,335.66,1,0,1
B031,2021-05-07 16:00:00,2,61402050,0,,306.83,1,0,1
B031,2021-05-07 17:00:00,0,614E1950,0,,537.27,1,0,1
B031,2021-05-07 17:00:00,1,614G2040,0,,335.65,1,0,1
B031,2021-05-07 17:00:00,2,61402050,0,,306.83,1,0,1
B031,2021-05-07 18:00:00,0,614E1950,0,,537.27,1,0,1
B031,2021-05-07 18:00:00,1,614G2040,0,,335.65,1,0,1
B031,2021-05-07 18:00:00,2,61402050,0,,306.83,1,0,1
B031,2021-05-07 19:00:00,0,614E1950,0,,537.27,1,0,1
B031,2021-05-07 19:00:00,1,614G2040,0,,335.65,1,0,1
B031,2021-05-07 19:00:00,2,61402050,0,,306.82,1,0,1
B031,2021-05-07 20:00:00,0,614E1950,0,,537.26,1,0,1
B031,2021-05-07 20:00:00,1,614G2040,0,,335.65,1,0,1
B031,2021-05-07 20:00:00,2,61402050,0,,306.82,1,0,1
B031,2021-05-07 21:00:00,0,614E1950,0,,537.26,1,0,1
B031,2021-05-07 21:00:00,1,614G2040,0,,335.65,1,0,1
B031,2021-05-07 21:00:00,2,61402050,0,,306.82,1,0,1
B031,2021-05-07 22:00:00,0,614E1950,0,,537.26,1,0,1
B031,2021-05-07 22:00:00,1,614G2040,0,,335.64,1,0,1
B031,2021-05-07 22:00:00,2,61402050,0,,306.82,1,0,1
B031,2021-05-07 23:00:00,0,614E1950,0,,537.26,1,0,1
B031,2021-05-07 23:00:00,1,614G2040,0,,335.64,1,0,1
B031,2021-05-07 23:00:00,2,61402050,0,,306.82,1,0,1
B031,2021-05-08 00:00:00,0,614E1950,0,,537.25,1,0,1
B031,2021-05-08 00:00:00,1,614G2040,0,,335.64,1,0,1
B031,2021-05-08 00:00:00,2,61402050,0,,306.82,1,0,1
B031,2021-05-08 01:00:00,0,614E1950,0,,537.25,1,0,1
B031,2021-05-08 01:00:00,1,614G2040,0,,335.64,1,0,1
B031,2021-05-08 01:00:00,2,61402050,0,,306.81,1,0,1
B031,2021-05-08 02:00:00,0,614E1950,0,,537.25,1,0,1
B031,2021-05-08 02:00:00,1,614G2040,0,,335.63,1,0,1
B031,2021-05-08 02:00:00,2,61402050,0,,306.81,1,0,1
B031,2021-05-08 03:00:00,0,614E1950,0,,537.25,1,0,1
B031,2021-05-08 03:00:00,1,614G2040,0,,335.63,1,0,1
B031,2021-05-08 03:00:00,2,61402050,0,,306.81,1,0,1
B031,2021-05-08 04:00:00,0,614E1950,0,,537.25,1,0,1
B031,2021-05-08 04:00:00,1,614G2040,0,,335.63,1,0,1
B031,2021-05-08 04:00:00,2,61402050,0,,306.81,1,0,1
B031,2021-05-08 05:00:00,0,614E1950,0,,537.24,1,0,1
B031,2021-05-08 05:00:00,1,614G2040,0,,335.63,1,0,1
B031,2021-05-08 05:00:00,2,61402050,0,,306.8,1,0,1
B031,2021-05-08 06:00:00,0,614E1950,0,,537.24,1,0,1
B031,2021-05-08 06:00:00,1,614G2040,0,,335.62,1,0,1
B031,2021-05-08 06:00:00,2,61402050,0,,306.8,1,0,1
B031,2021-05-08 07:00:00,0,614E1950,0,,537.24,1,0,1
B031,2021-05-08 07:00:00,1,614G2040,0,,335.63,1,0,1
B031,2021-05-08 07:00:00,2,61402050,0,,306.8,1,0,1
B031,2021-05-08 08:00:00,0,614E1950,0,,537.24,1,0,1
B031,2021-05-08 08:00:00,1,614G2040,0,,335.63,1,0,1
B031,2021-05-08 08:00:00,2,61402050,0,9.01,306.8,1,1,1
B031,2021-05-08 09:00:00,0,614E1950,0,,537.24,1,0,1
B031,2021-05-08 09:00:00,1,614G2040,0,,335.47,1,0,1
B031,2021-05-08 09:00:00,2,61402050,0,,306.8,1,0,1
B031,2021-05-08 10:00:00,0,614E1950,0,,537.23,1,0,1
B031,2021-05-08 10:00:00,1,614G2040,0,,335.36,1,0,1
B031,2021-05-08 10:00:00,2,61402050,0,,306.76,1,0,1
B031,2021-05-08 11:00:00,0,614E1950,0,,537.23,1,0,1
B031,2021-05-08 11:00:00,1,614G2040,0,,335.36,1,0,1
B031,2021-05-08 11:00:00,2,61402050,0,,306.71,1,0,1
B031,2021-05-08 12:00:00,0,614E1950,0,,537.23,1,0,1
B031,2021-05-08 12:00:00,1,614G2040,0,,335.36,1,0,1
B031,2021-05-08 12:00:00,2,61402050,0,,306.71,1,0,1
B031,2021-05-08 13:00:00,0,614E1950,0,,537.22,1,0,1
B031,2021-05-08 13:00:00,1,614G2040,0,,335.36,1,0,1
B031,2021-05-08 13:00:00,2,61402050,0,,306.7,1,0,1
B031,2021-05-08 14:00:00,0,614E1950,0,,537.22,1,0,1
B031,2021-05-08 14:00:00,1,614G2040,0,,335.37,1,0,1
B031,2021-05-08 14:00:00,2,61402050,0,,306.7,1,0,1
B031,2021-05-08 15:00:00,0,614E1950,0,,537.22,1,0,1
B031,2021-05-08 15:00:00,1,614G2040,0,,335.37,1,0,1
B031,2021-05-08 15:00:00,2,61402050,0,,306.7,1,0,1
B031,2021-05-08 16:00:00,0,614E1950,0,,537.22,1,0,1
B031,2021-05-08 16:00:00,1,614G2040,0,,335.38,1,0,1
B031,2021-05-08 16:00:00,2,61402050,0,,306.7,1,0,1
B031,2021-05-08 17:00:00,0,614E1950,0,,537.22,1,0,1
B031,2021-05-08 17:00:00,1,614G2040,0,,335.38,1,0,1
B031,2021-05-08 17:00:00,2,61402050,0,,306.7,1,0,1
B031,2021-05-08 18:00:00,0,614E1950,0,,537.21,1,0,1
B031,2021-05-08 18:00:00,1,614G2040,0,,335.38,1,0,1
B031,2021-05-08 18:00:00,2,61402050,0,,306.71,1,0,1
B031,2021-05-08 19:00:00,0,614E1950,0,,537.21,1,0,1
B031,2021-05-08 19:00:00,1,614G2040,0,,335.4,1,0,1
B031,2021-05-08 19:00:00,2,61402050,0,,306.7,1,0,1
B031,2021-05-08 20:00:00,0,614E1950,0,,537.21,1,0,1
B031,2021-05-08 20:00:00,1,614G2040,0,,335.4,1,0,1
B031,2021-05-08 20:00:00,2,61402050,0,,306.7,1,0,1
B031,2021-05-08 21:00:00,0,614E1950,0,,537.2,1,0,1
B031,2021-05-08 21:00:00,1,614G2040,0,,335.41,1,0,1
B031,2021-05-08 21:00:00,2,61402050,0,,306.7,1,0,1
B031,2021-05-08 22:00:00,0,614E1950,0,,537.2,1,0,1
B031,2021-05-08 22:00:00,1,614G2040,0,,335.41,1,0,1
B031,2021-05-08 22:00:00,2,61402050,0,,306.71,1,0,1
B031,2021-05-08 23:00:00,0,614E1950,0,,537.2,1,0,1
B031,2021-05-08 23:00:00,1,614G2040,0,,335.42,1,0,1
B031,2021-05-08 23:00:00,2,61402050,0,,306.71,1,0,1
B031,2021-05-09 06:00:00,0,614E1950,0,,537.18,1,0,1
B031,2021-05-09 06:00:00,1,614G2040,0,,335.43,1,0,1
B031,2021-05-09 06:00:00,2,61402050,0,,306.7,1,0,1
B031,2021-05-09 07:00:00,0,614E1950,0,,537.18,1,0,1
B031,2021-05-09 07:00:00,1,614G2040,0,,335.42,1,0,1
B031,2021-05-09 07:00:00,2,61402050,0,,306.7,1,0,1
B031,2021-05-09 08:00:00,0,614E1950,0,,537.18,1,0,1
B031,2021-05-09 08:00:00,1,614G2040,0,,335.42,1,0,1
B031,2021-05-09 08:00:00,2,61402050,0,5.95,306.7,1,1,1
B031,2021-05-09 09:00:00,0,614E1950,0,,537.18,1,0,1
B031,2021-05-09 09:00:00,1,614G2040,0,,335.41,1,0,1
B031,2021-05-09 09:00:00,2,61402050,0,,306.7,1,0,1
B031,2021-05-09 10:00:00,0,614E1950,0,,537.17,1,0,1
B031,2021-05-09 10:00:00,1,614G2040,0,,335.41,1,0,1
B031,2021-05-09 10:00:00,2,61402050,0,,306.7,1,0,1
B031,2021-05-09 11:00:00,0,614E1950,0,,537.17,1,0,1
B031,2021-05-09 11:00:00,1,614G2040,0,,335.4,1,0,1
B031,2021-05-09 11:00:00,2,61402050,0,,306.69,1,0,1
B031,2021-05-09 12:00:00,0,614E1950,0,,537.17,1,0,1
B031,2021-05-09 12:00:00,1,614G2040,0,,335.4,1,0,1
B031,2021-05-09 12:00:00,2,61402050,0,,306.69,1,0,1
B031,2021-05-09 13:00:00,0,614E1950,0,,537.17,1,0,1
B031,2021-05-09 13:00:00,1,614G2040,0,,335.4,1,0,1
B031,2021-05-09 13:00:00,2,61402050,0,,306.7,1,0,1
B031,2021-05-09 14:00:00,0,614E1950,0,,537.17,1,0,1
B031,2021-05-09 14:00:00,1,614G2040,0,,335.4,1,0,1
B031,2021-05-09 14:00:00,2,61402050,0,,306.7,1,0,1
B031,2021-05-09 15:00:00,0,614E1950,0,,537.16,1,0,1
B031,2021-05-09 15:00:00,1,614G2040,0,,335.4,1,0,1
B031,2021-05-09 15:00:00,2,61402050,0,,306.69,1,0,1
B031,2021-05-09 16:00:00,0,614E1950,0,,537.16,1,0,1
B031,2021-05-09 16:00:00,1,614G2040,0,,335.39,1,0,1
B031,2021-05-09 16:00:00,2,61402050,0,,306.69,1,0,1
B031,2021-05-09 17:00:00,0,614E1950,0,,537.15,1,0,1
B031,2021-05-09 17:00:00,1,614G2040,0,,335.39,1,0,1
B031,2021-05-09 17:00:00,2,61402050,0,,306.69,1,0,1
B031,2021-05-09 18:00:00,0,614E1950,0,,537.16,1,0,1
B031,2021-05-09 18:00:00,1,614G2040,0,,335.39,1,0,1
B031,2021-05-09 18:00:00,2,61402050,0,,306.68,1,0,1
B031,2021-05-09 19:00:00,0,614E1950,0,,537.15,1,0,1
B031,2021-05-09 19:00:00,1,614G2040,0,,335.27,1,0,1
B031,2021-05-09 19:00:00,2,61402050,0,,306.68,1,0,1
B031,2021-05-09 20:00:00,0,614E1950,0,,537.16,1,0,1
B031,2021-05-09 20:00:00,1,614G2040,0,,335.05,1,0,1
B031,2021-05-09 20:00:00,2,61402050,0,,306.67,1,0,1
B031,2021-05-09 21:00:00,0,614E1950,0,,537.15,1,0,1
B031,2021-05-09 21:00:00,1,614G2040,0,,335.04,1,0,1
B031,2021-05-09 21:00:00,2,61402050,0,,306.6,1,0,1
B031,2021-05-09 22:00:00,0,614E1950,0,,537.15,1,0,1
B031,2021-05-09 22:00:00,1,614G2040,0,,335.06,1,0,1
B031,2021-05-09 22:00:00,2,61402050,0,,306.58,1,0,1
B031,2021-05-09 23:00:00,0,614E1950,0,,537.15,1,0,1
B031,2021-05-09 23:00:00,1,614G2040,0,,335.08,1,0,1
B031,2021-05-09 23:00:00,2,61402050,0,,306.57,1,0,1
B031,2021-05-10 00:00:00,0,614E1950,0,,537.15,1,0,1
B031,2021-05-10 00:00:00,1,614G2040,0,,335.1,1,0,1
B031,2021-05-10 00:00:00,2,61402050,0,,306.58,1,0,1
B031,2021-05-10 01:00:00,0,614E1950,0,,537.15,1,0,1
B031,2021-05-10 01:00:00,1,614G2040,0,,335.12,1,0,1
B031,2021-05-10 01:00:00,2,61402050,0,,306.6,1,0,1
B031,2021-05-10 02:00:00,0,614E1950,0,,537.15,1,0,1
B031,2021-05-10 02:00:00,1,614G2040,0,,335.13,1,0,1
B031,2021-05-10 02:00:00,2,61402050,0,,306.61,1,0,1
B031,2021-05-10 03:00:00,0,614E1950,0,,537.14,1,0,1
B031,2021-05-10 03:00:00,1,614G2040,0,,335.15,1,0,1
B031,2021-05-10 03:00:00,2,61402050,0,,306.62,1,0,1
B031,2021-05-10 04:00:00,0,614E1950,0,,537.14,1,0,1
B031,2021-05-10 04:00:00,1,614G2040,0,,335.16,1,0,1
B031,2021-05-10 04:00:00,2,61402050,0,,306.62,1,0,1
B031,2021-05-10 05:00:00,0,614E1950,4.924870075,,537.14,1,0,1
B031,2021-05-10 05:00:00,1,614G2040,2.285178985,,335.18,1,0,1
B031,2021-05-10 05:00:00,2,61402050,0.04437942299,,306.62,1,0,1
B031,2021-05-10 06:00:00,0,614E1950,4.651679143,,537.15,1,0,1
B031,2021-05-10 06:00:00,1,614G2040,2.449560202,,335.19,1,0,1
B031,2021-05-10 06:00:00,2,61402050,0.2238849187,,306.63,1,0,1
B031,2021-05-10 07:00:00,0,614E1950,3.073515939,,537.17,1,0,1
B031,2021-05-10 07:00:00,1,614G2040,4.005612372,,335.24,1,0,1
B031,2021-05-10 07:00:00,2,61402050,0.9529701584,,306.63,1,0,1
B031,2021-05-10 08:00:00,0,614E1950,0.7826631571,,537.22,1,0,1
B031,2021-05-10 08:00:00,1,614G2040,1.216390507,,335.27,1,0,1
B031,2021-05-10 08:00:00,2,61402050,0.3044979815,4.39,306.64,1,1,1
B031,2021-05-10 09:00:00,0,614E1950,0,,537.24,1,0,1
B031,2021-05-10 09:00:00,1,614G2040,0,,335.28,1,0,1
B031,2021-05-10 09:00:00,2,61402050,0.04606834784,,306.66,1,0,1
B031,2021-05-10 10:00:00,0,614E1950,0.02617087237,,537.24,1,0,1
B031,2021-05-10 10:00:00,1,614G2040,0.1697579093,,335.27,1,0,1
B031,2021-05-10 10:00:00,2,61402050,0.4970966647,,306.68,1,0,1
B031,2021-05-10 11:00:00,0,614E1950,0,,537.24,1,0,1
B031,2021-05-10 11:00:00,1,614G2040,0.02595411256,,335.29,1,0,1
B031,2021-05-10 11:00:00,2,61402050,0.3097095884,,306.69,1,0,1
B031,2021-05-10 12:00:00,0,614E1950,0,,537.24,1,0,1
B031,2021-05-10 12:00:00,1,614G2040,0,,335.29,1,0,1
B031,2021-05-10 12:00:00,2,61402050,0,,306.69,1,0,1
B031,2021-05-10 13:00:00,0,614E1950,0,,537.23,1,0,1
B031,2021-05-10 13:00:00,1,614G2040,0,,335.29,1,0,1
B031,2021-05-10 13:00:00,2,61402050,0,,306.68,1,0,1
B031,2021-05-10 14:00:00,0,614E1950,0,,537.22,1,0,1
B031,2021-05-10 14:00:00,1,614G2040,0,,335.3,1,0,1
B031,2021-05-10 14:00:00,2,61402050,0,,306.67,1,0,1
B031,2021-05-10 15:00:00,0,614E1950,0,,537.22,1,0,1
B031,2021-05-10 15:00:00,1,614G2040,0,,335.32,1,0,1
B031,2021-05-10 15:00:00,2,61402050,0,,306.67,1,0,1
B031,2021-05-10 16:00:00,0,614E1950,0,,537.21,1,0,1
B031,2021-05-10 16:00:00,1,614G2040,0,,335.34,1,0,1
B031,2021-05-10 16:00:00,2,61402050,0,,306.68,1,0,1
B031,2021-05-10 17:00:00,0,614E1950,0,,537.21,1,0,1
B031,2021-05-10 17:00:00,1,614G2040,0,,335.35,1,0,1
B031,2021-05-10 17:00:00,2,61402050,0,,306.68,1,0,1
B031,2021-05-10 18:00:00,0,614E1950,0,,537.21,1,0,1
B031,2021-05-10 18:00:00,1,614G2040,0,,335.35,1,0,1
B031,2021-05-10 18:00:00,2,61402050,0,,306.69,1,0,1
B031,2021-05-10 19:00:00,0,614E1950,0,,537.2,1,0,1
B031,2021-05-10 19:00:00,1,614G2040,0,,335.37,1,0,1
B031,2021-05-10 19:00:00,2,61402050,0,,306.67,1,0,1
B031,2021-05-10 20:00:00,0,614E1950,0,,537.2,1,0,1
B031,2021-05-10 20:00:00,1,614G2040,0,,335.38,1,0,1
B031,2021-05-10 20:00:00,2,61402050,0,,306.67,1,0,1
B031,2021-05-10 21:00:00,0,614E1950,0,,537.19,1,0,1
B031,2021-05-10 21:00:00,1,614G2040,0,,335.39,1,0,1
B031,2021-05-10 21:00:00,2,61402050,0,,306.66,1,0,1
B031,2021-05-10 22:00:00,0,614E1950,0,,537.19,1,0,1
B031,2021-05-10 22:00:00,1,614G2040,0,,335.39,1,0,1
B031,2021-05-10 22:00:00,2,61402050,0,,306.66,1,0,1
B031,2021-05-10 23:00:00,0,614E1950,0,,537.19,1,0,1
B031,2021-05-10 23:00:00,1,614G2040,0,,335.4,1,0,1
B031,2021-05-10 23:00:00,2,61402050,0,,306.66,1,0,1
B031,2021-05-11 00:00:00,0,614E1950,0,,537.19,1,0,1
B031,2021-05-11 00:00:00,1,614G2040,0,,335.41,1,0,1
B031,2021-05-11 00:00:00,2,61402050,0,,306.67,1,0,1
B031,2021-05-11 01:00:00,0,614E1950,0,,537.18,1,0,1
B031,2021-05-11 01:00:00,1,614G2040,0,,335.41,1,0,1
B031,2021-05-11 01:00:00,2,61402050,0,,306.67,1,0,1
B031,2021-05-11 02:00:00,0,614E1950,0,,537.18,1,0,1
B031,2021-05-11 02:00:00,1,614G2040,0,,335.41,1,0,1
B031,2021-05-11 02:00:00,2,61402050,0,,306.66,1,0,1
B031,2021-05-11 03:00:00,0,614E1950,0,,537.18,1,0,1
B031,2021-05-11 03:00:00,1,614G2040,0,,335.41,1,0,1
B031,2021-05-11 03:00:00,2,61402050,0,,306.66,1,0,1
B031,2021-05-11 04:00:00,0,614E1950,0,,537.18,1,0,1
B031,2021-05-11 04:00:00,1,614G2040,0,,335.41,1,0,1
B031,2021-05-11 04:00:00,2,61402050,0,,306.66,1,0,1
B031,2021-05-11 05:00:00,0,614E1950,0,,537.17,1,0,1
B031,2021-05-11 05:00:00,1,614G2040,0,,335.41,1,0,1
B031,2021-05-11 05:00:00,2,61402050,0,,306.66,1,0,1
B031,2021-05-11 06:00:00,0,614E1950,0.2027397826,,537.17,1,0,1
B031,2021-05-11 06:00:00,1,614G2040,0.05364919051,,335.4,1,0,1
B031,2021-05-11 06:00:00,2,61402050,0.1035375513,,306.66,1,0,1
B031,2021-05-11 07:00:00,0,614E1950,4.688989468,,537.17,1,0,1
B031,2021-05-11 07:00:00,1,614G2040,1.562420502,,335.4,1,0,1
B031,2021-05-11 07:00:00,2,61402050,1.064306219,,306.66,1,0,1
B031,2021-05-11 08:00:00,0,614E1950,2.377472247,,537.17,1,0,1
B031,2021-05-11 08:00:00,1,614G2040,1.947972653,,335.4,1,0,1
B031,2021-05-11 08:00:00,2,61402050,1.32148617,4.88,306.66,1,1,1
B031,2021-05-11 09:00:00,0,614E1950,1.140313191,,537.17,1,0,1
B031,2021-05-11 09:00:00,1,614G2040,1.454665003,,335.76,1,0,1
B031,2021-05-11 09:00:00,2,61402050,0.7442559502,,306.66,1,0,1
B031,2021-05-11 10:00:00,0,614E1950,0.7423593507,,537.25,1,0,1
B031,2021-05-11 10:00:00,1,614G2040,0.9414904183,,335.74,1,0,1
B031,2021-05-11 10:00:00,2,61402050,0.2018773809,,306.82,1,0,1
B031,2021-05-11 11:00:00,0,614E1950,0.1026036672,,537.25,1,0,1
B031,2021-05-11 11:00:00,1,614G2040,0.06594319697,,335.72,1,0,1
B031,2021-05-11 11:00:00,2,61402050,0.0707326948,,306.82,1,0,1
B031,2021-05-11 12:00:00,0,614E1950,0.03364074367,,537.25,1,0,1
B031,2021-05-11 12:00:00,1,614G2040,0.1967958308,,335.71,1,0,1
B031,2021-05-11 12:00:00,2,61402050,0.0004457131451,,306.81,1,0,1
B031,2021-05-11 13:00:00,0,614E1950,0,,537.25,1,0,1
B031,2021-05-11 13:00:00,1,614G2040,0,,335.7,1,0,1
B031,2021-05-11 13:00:00,2,61402050,0,,306.8,1,0,1
B031,2021-05-11 14:00:00,0,614E1950,0,,537.24,1,0,1
B031,2021-05-11 14:00:00,1,614G2040,0,,335.66,1,0,1
B031,2021-05-11 14:00:00,2,61402050,0,,306.8,1,0,1
B031,2021-05-11 15:00:00,0,614E1950,0,,537.24,1,0,1
B031,2021-05-11 15:00:00,1,614G2040,0,,335.65,1,0,1
B031,2021-05-11 15:00:00,2,61402050,0,,306.79,1,0,1
B031,2021-05-11 16:00:00,0,614E1950,0,,537.24,1,0,1
B031,2021-05-11 16:00:00,1,614G2040,0,,335.64,1,0,1
B031,2021-05-11 16:00:00,2,61402050,0,,306.78,1,0,1
B031,2021-05-11 17:00:00,0,614E1950,0,,537.23,1,0,1
B031,2021-05-11 17:00:00,1,614G2040,0,,335.64,1,0,1
B031,2021-05-11 17:00:00,2,61402050,0,,306.78,1,0,1
B031,2021-05-11 18:00:00,0,614E1950,0,,537.23,1,0,1
B031,2021-05-11 18:00:00,1,614G2040,0,,335.65,1,0,1
B031,2021-05-11 18:00:00,2,61402050,0,,306.77,1,0,1
B031,2021-05-11 19:00:00,0,614E1950,0,,537.23,1,0,1
B031,2021-05-11 19:00:00,1,614G2040,0,,335.65,1,0,1
B031,2021-05-11 19:00:00,2,61402050,0,,306.77,1,0,1
B031,2021-05-11 20:00:00,0,614E1950,0,,537.22,1,0,1
B031,2021-05-11 20:00:00,1,614G2040,0,,335.64,1,0,1
B031,2021-05-11 20:00:00,2,61402050,0,,306.77,1,0,1
B031,2021-05-11 21:00:00,0,614E1950,0,,537.22,1,0,1
B031,2021-05-11 21:00:00,1,614G2040,0,,335.64,1,0,1
B031,2021-05-11 21:00:00,2,61402050,0,,306.76,1,0,1
B031,2021-05-11 22:00:00,0,614E1950,0,,537.22,1,0,1
B031,2021-05-11 22:00:00,1,614G2040,0,,335.64,1,0,1
B031,2021-05-11 22:00:00,2,61402050,0,,306.76,1,0,1
B031,2021-05-11 23:00:00,0,614E1950,0,,537.22,1,0,1
B031,2021-05-11 23:00:00,1,614G2040,0,,335.64,1,0,1
B031,2021-05-11 23:00:00,2,61402050,0,,306.76,1,0,1
B031,2021-05-12 00:00:00,0,614E1950,0,,537.22,1,0,1
B031,2021-05-12 00:00:00,1,614G2040,0,,335.64,1,0,1
B031,2021-05-12 00:00:00,2,61402050,0,,306.76,1,0,1
B031,2021-05-12 01:00:00,0,614E1950,0,,537.22,1,0,1
B031,2021-05-12 01:00:00,1,614G2040,0.02255800546,,335.64,1,0,1
B031,2021-05-12 01:00:00,2,61402050,0,,306.76,1,0,1
B031,2021-05-12 02:00:00,0,614E1950,0,,537.21,1,0,1
B031,2021-05-12 02:00:00,1,614G2040,0,,335.64,1,0,1
B031,2021-05-12 02:00:00,2,61402050,0,,306.76,1,0,1
B031,2021-05-12 03:00:00,0,614E1950,0,,537.21,1,0,1
B031,2021-05-12 03:00:00,1,614G2040,0,,335.64,1,0,1
B031,2021-05-12 03:00:00,2,61402050,0,,306.75,1,0,1
B031,2021-05-12 04:00:00,0,614E1950,0,,537.21,1,0,1
B031,2021-05-12 04:00:00,1,614G2040,0,,335.65,1,0,1
B031,2021-05-12 04:00:00,2,61402050,0,,306.75,1,0,1
B031,2021-05-12 05:00:00,0,614E1950,0,,537.21,1,0,1
B031,2021-05-12 05:00:00,1,614G2040,0,,335.65,1,0,1
B031,2021-05-12 05:00:00,2,61402050,0,,306.75,1,0,1
B031,2021-05-12 06:00:00,0,614E1950,0,,537.2,1,0,1
B031,2021-05-12 06:00:00,1,614G2040,0,,335.65,1,0,1
B031,2021-05-12 06:00:00,2,61402050,0,,306.75,1,0,1
B031,2021-05-12 07:00:00,0,614E1950,4.3963892,,537.2,1,0,1
B031,2021-05-12 07:00:00,1,614G2040,3.787743465,,335.64,1,0,1
B031,2021-05-12 07:00:00,2,61402050,2.334032237,,306.75,1,0,1
B031,2021-05-12 08:00:00,0,614E1950,0,,537.2,1,0,1
B031,2021-05-12 08:00:00,1,614G2040,0,,335.64,1,0,1
B031,2021-05-12 08:00:00,2,61402050,0,7.4,306.75,1,1,1
B031,2021-05-12 09:00:00,0,614E1950,0,,537.2,1,0,1
B031,2021-05-12 09:00:00,1,614G2040,0,,335.64,1,0,1
B031,2021-05-12 09:00:00,2,61402050,0,,306.75,1,0,1
B031,2021-05-12 10:00:00,0,614E1950,0,,537.19,1,0,1
B031,2021-05-12 10:00:00,1,614G2040,0,,335.63,1,0,1
B031,2021-05-12 10:00:00,2,61402050,0,,306.75,1,0,1
B031,2021-05-12 11:00:00,0,614E1950,0,,537.19,1,0,1
B031,2021-05-12 11:00:00,1,614G2040,0,,335.62,1,0,1
B031,2021-05-12 11:00:00,2,61402050,0,,306.75,1,0,1
B031,2021-05-12 12:00:00,0,614E1950,0.6932290228,,537.19,1,0,1
B031,2021-05-12 12:00:00,1,614G2040,0.6893111793,,335.62,1,0,1
B031,2021-05-12 12:00:00,2,61402050,0.6014819247,,306.75,1,0,1
B031,2021-05-12 13:00:00,0,614E1950,0.100922231,,537.19,1,0,1
B031,2021-05-12 13:00:00,1,614G2040,0.2129500135,,335.62,1,0,1
B031,2021-05-12 13:00:00,2,61402050,0.0008914262901,,306.75,1,0,1
B031,2021-05-12 14:00:00,0,614E1950,0,,537.19,1,0,1
B031,2021-05-12 14:00:00,1,614G2040,0,,335.63,1,0,1
B031,2021-05-12 14:00:00,2,61402050,0,,306.75,1,0,1
B031,2021-05-12 15:00:00,0,614E1950,0,,537.18,1,0,1
B031,2021-05-12 15:00:00,1,614G2040,0,,335.63,1,0,1
B031,2021-05-12 15:00:00,2,61402050,0,,306.75,1,0,1
B031,2021-05-12 16:00:00,0,614E1950,0,,537.19,1,0,1
B031,2021-05-12 16:00:00,1,614G2040,0,,335.64,1,0,1
B031,2021-05-12 16:00:00,2,61402050,0,,306.75,1,0,1
B031,2021-05-12 17:00:00,0,614E1950,0,,537.19,1,0,1
B031,2021-05-12 17:00:00,1,614G2040,0,,335.64,1,0,1
B031,2021-05-12 17:00:00,2,61402050,0,,306.75,1,0,1
B031,2021-05-12 18:00:00,0,614E1950,0,,537.18,1,0,1
B031,2021-05-12 18:00:00,1,614G2040,0,,335.64,1,0,1
B031,2021-05-12 18:00:00,2,61402050,0,,306.75,1,0,1
B031,2021-05-12 19:00:00,0,614E1950,0,,537.18,1,0,1
B031,2021-05-12 19:00:00,1,614G2040,0,,335.64,1,0,1
B031,2021-05-12 19:00:00,2,61402050,0,,306.76,1,0,1
B031,2021-05-12 20:00:00,0,614E1950,0,,537.18,1,0,1
B031,2021-05-12 20:00:00,1,614G2040,0,,335.64,1,0,1
B031,2021-05-12 20:00:00,2,61402050,0,,306.76,1,0,1
B031,2021-05-12 21:00:00,0,614E1950,0,,537.18,1,0,1
B031,2021-05-12 21:00:00,1,614G2040,0,,335.64,1,0,1
B031,2021-05-12 21:00:00,2,61402050,0,,306.75,1,0,1
B031,2021-05-12 22:00:00,0,614E1950,0,,537.18,1,0,1
B031,2021-05-12 22:00:00,1,614G2040,0,,335.64,1,0,1
B031,2021-05-12 22:00:00,2,61402050,0,,306.75,1,0,1
B031,2021-05-12 23:00:00,0,614E1950,0,,537.18,1,0,1
B031,2021-05-12 23:00:00,1,614G2040,0,,335.64,1,0,1
B031,2021-05-12 23:00:00,2,61402050,0,,306.75,1,0,1
B031,2021-05-13 00:00:00,0,614E1950,0,,537.17,1,0,1
B031,2021-05-13 00:00:00,1,614G2040,0,,335.64,1,0,1
B031,2021-05-13 00:00:00,2,61402050,0,,306.75,1,0,1
B031,2021-05-13 01:00:00,0,614E1950,0,,537.17,1,0,1
B031,2021-05-13 01:00:00,1,614G2040,0,,335.64,1,0,1
B031,2021-05-13 01:00:00,2,61402050,0,,306.75,1,0,1
B031,2021-05-13 02:00:00,0,614E1950,0,,537.17,1,0,1
B031,2021-05-13 02:00:00,1,614G2040,0,,335.64,1,0,1
B031,2021-05-13 02:00:00,2,61402050,0,,306.75,1,0,1
B031,2021-05-13 03:00:00,0,614E1950,0,,537.17,1,0,1
B031,2021-05-13 03:00:00,1,614G2040,0,,335.64,1,0,1
B031,2021-05-13 03:00:00,2,61402050,0,,306.75,1,0,1
B031,2021-05-13 04:00:00,0,614E1950,0.02231370952,,537.17,1,0,1
B031,2021-05-13 04:00:00,1,614G2040,0,,335.64,1,0,1
B031,2021-05-13 04:00:00,2,61402050,0,,306.75,1,0,1
B031,2021-05-13 05:00:00,0,614E1950,0,,537.17,1,0,1
B031,2021-05-13 05:00:00,1,614G2040,0,,335.64,1,0,1
B031,2021-05-13 05:00:00,2,61402050,0,,306.74,1,0,1
B031,2021-05-13 06:00:00,0,614E1950,4.261427944,,537.17,1,0,1
B031,2021-05-13 06:00:00,1,614G2040,2.710171622,,335.64,1,0,1
B031,2021-05-13 06:00:00,2,61402050,1.785618573,,306.74,1,0,1
B031,2021-05-13 07:00:00,0,614E1950,9.719079722,,537.17,1,0,1
B031,2021-05-13 07:00:00,1,614G2040,11.87057772,,335.64,1,0,1
B031,2021-05-13 07:00:00,2,61402050,6.817722468,,306.75,1,0,1
B031,2021-05-13 08:00:00,0,614E1950,0.7123557557,,537.25,1,0,1
B031,2021-05-13 08:00:00,1,614G2040,1.131931982,,335.64,1,0,1
B031,2021-05-13 08:00:00,2,61402050,0.5321058185,8.68,306.79,1,1,1
B031,2021-05-13 09:00:00,0,614E1950,0,,537.38,1,0,1
B031,2021-05-13 09:00:00,1,614G2040,0.02255800546,,335.64,1,0,1
B031,2021-05-13 09:00:00,2,61402050,0,,306.78,1,0,1
B031,2021-05-13 10:00:00,0,614E1950,0.2322370699,,537.38,1,0,1
B031,2021-05-13 10:00:00,1,614G2040,0.3765036756,,335.65,1,0,1
B031,2021-05-13 10:00:00,2,61402050,0.6023710841,,306.8,1,0,1
B031,2021-05-13 11:00:00,0,614E1950,0.03913408136,,537.37,1,0,1
B031,2021-05-13 11:00:00,1,614G2040,0.009702891293,,335.64,1,0,1
B031,2021-05-13 11:00:00,2,61402050,0.06882435298,,306.83,1,0,1
B031,2021-05-13 12:00:00,0,614E1950,0.0162061042,,537.36,1,0,1
B031,2021-05-13 12:00:00,1,614G2040,0,,335.64,1,0,1
B031,2021-05-13 12:00:00,2,61402050,0,,306.82,1,0,1
B031,2021-05-13 13:00:00,0,614E1950,0,,537.36,1,0,1
B031,2021-05-13 13:00:00,1,614G2040,0.03197441562,,335.64,1,0,1
B031,2021-05-13 13:00:00,2,61402050,0.05521670689,,306.82,1,0,1
B031,2021-07-03 03:00:00,0,614E1950,0.002180906031,,537.24,1,0,1
B031,2021-07-03 03:00:00,1,614G2040,0.02502534698,,334.98,1,0,1
B031,2021-07-03 03:00:00,2,61402050,0.02465277283,,306.63,1,0,1
B031,2021-07-03 04:00:00,0,614E1950,0.0634695858,,537.23,1,0,1
B031,2021-07-03 04:00:00,1,614G2040,0.06159494651,,334.98,1,0,1
B031,2021-07-03 04:00:00,2,61402050,0.04278816409,,306.63,1,0,1
B031,2021-07-03 05:00:00,0,614E1950,0.01900127787,,537.23,1,0,1
B031,2021-07-03 05:00:00,1,614G2040,0.03961085321,,334.98,1,0,1
B031,2021-07-03 05:00:00,2,61402050,0.04323387723,,306.63,1,0,1
B031,2021-07-03 06:00:00,0,614E1950,0.02554399596,,537.23,1,0,1
B031,2021-07-03 06:00:00,1,614G2040,0.4135102348,,334.98,1,0,1
B031,2021-07-03 06:00:00,2,61402050,0.1858576823,,306.62,1,0,1
B031,2021-07-03 07:00:00,0,614E1950,0.7358907696,,537.22,1,0,1
B031,2021-07-03 07:00:00,1,614G2040,0.9875024876,,334.98,1,0,1
B031,2021-07-03 07:00:00,2,61402050,0.7117088085,,306.62,1,0,1
B031,2021-07-03 08:00:00,0,614E1950,0.02554399596,,537.22,1,0,1
B031,2021-07-03 08:00:00,1,614G2040,0.265823975,,334.98,1,0,1
B031,2021-07-03 08:00:00,2,61402050,0.09687453525,3.96,306.62,1,1,1
B031,2021-07-03 09:00:00,0,614E1950,0.01900127787,,537.22,1,0,1
B031,2021-07-03 09:00:00,1,614G2040,0.06403980576,,334.99,1,0,1
B031,2021-07-03 09:00:00,2,61402050,0.06135769436,,306.61,1,0,1
B031,2021-07-03 10:00:00,0,614E1950,0.01717679341,,537.21,1,0,1
B031,2021-07-03 10:00:00,1,614G2040,0.1615019837,,334.98,1,0,1
B031,2021-07-03 10:00:00,2,61402050,0.03713906055,,306.61,1,0,1
B031,2021-07-03 11:00:00,0,614E1950,0,,537.21,1,0,1
B031,2021-07-03 11:00:00,1,614G2040,0,,334.97,1,0,1
B031,2021-07-03 11:00:00,2,61402050,0,,306.61,1,0,1
B031,2021-07-03 12:00:00,0,614E1950,0.002180906031,,537.21,1,0,1
B031,2021-07-03 12:00:00,1,614G2040,0.05782060821,,334.97,1,0,1
B031,2021-07-03 12:00:00,2,61402050,0.02421863381,,306.61,1,0,1
B031,2021-07-03 13:00:00,0,614E1950,0.401626576,,537.2,1,0,1
B031,2021-07-03 13:00:00,1,614G2040,0.4825670709,,334.97,1,0,1
B031,2021-07-03 13:00:00,2,61402050,0.05011753309,,306.61,1,0,1
B031,2021-07-03 14:00:00,0,614E1950,0.200505531,,537.2,1,0,1
B031,2021-07-03 14:00:00,1,614G2040,0.4014693106,,334.98,1,0,1
B031,2021-07-03 14:00:00,2,61402050,0.3538068785,,306.61,1,0,1
B031,2021-07-03 15:00:00,0,614E1950,0.3249660258,,537.2,1,0,1
B031,2021-07-03 15:00:00,1,614G2040,0.8461648658,,334.98,1,0,1
B031,2021-07-03 15:00:00,2,61402050,0.4994658976,,306.61,1,0,1
B031,2021-07-03 16:00:00,0,614E1950,0,,537.2,1,0,1
B031,2021-07-03 16:00:00,1,614G2040,0.0680869561,,334.98,1,0,1
B031,2021-07-03 16:00:00,2,61402050,0.009594072192,,306.61,1,0,1
B031,2021-07-03 17:00:00,0,614E1950,0.002180906031,,537.2,1,0,1
B031,2021-07-03 17:00:00,1,614G2040,0.0127045973,,334.98,1,0,1
B031,2021-07-03 17:00:00,2,61402050,0.02421863381,,306.61,1,0,1
B031,2021-07-03 18:00:00,0,614E1950,0.01682037184,,537.2,1,0,1
B031,2021-07-03 18:00:00,1,614G2040,0.02649331618,,334.98,1,0,1
B031,2021-07-03 18:00:00,2,61402050,0,,306.61,1,0,1
B031,2021-07-03 19:00:00,0,614E1950,0,,537.2,1,0,1
B031,2021-07-03 19:00:00,1,614G2040,0,,334.98,1,0,1
B031,2021-07-03 19:00:00,2,61402050,0,,306.61,1,0,1
B031,2021-07-03 20:00:00,0,614E1950,0,,537.2,1,0,1
B031,2021-07-03 20:00:00,1,614G2040,0,,334.98,1,0,1
B031,2021-07-03 20:00:00,2,61402050,0.04606834784,,306.6,1,0,1
B031,2021-07-03 21:00:00,0,614E1950,0,,537.19,1,0,1
B031,2021-07-03 21:00:00,1,614G2040,0,,334.98,1,0,1
B031,2021-07-03 21:00:00,2,61402050,0,,306.6,1,0,1
B031,2021-07-03 22:00:00,0,614E1950,0.02231370952,,537.19,1,0,1
B031,2021-07-03 22:00:00,1,614G2040,0,,334.98,1,0,1
B031,2021-07-03 22:00:00,2,61402050,0,,306.6,1,0,1
B031,2021-07-03 23:00:00,0,614E1950,0,,537.19,1,0,1
B031,2021-07-03 23:00:00,1,614G2040,0,,334.98,1,0,1
B031,2021-07-03 23:00:00,2,61402050,0,,306.6,1,0,1
B031,2021-07-04 00:00:00,0,614E1950,0,,537.19,1,0,1
B031,2021-07-04 00:00:00,1,614G2040,0,,334.98,1,0,1
B031,2021-07-04 00:00:00,2,61402050,0,,306.6,1,0,1
B031,2021-07-04 01:00:00,0,614E1950,0,,537.18,1,0,1
B031,2021-07-04 01:00:00,1,614G2040,0,,334.98,1,0,1
B031,2021-07-04 01:00:00,2,61402050,0,,306.59,1,0,1
B031,2021-07-04 02:00:00,0,614E1950,0.002180906031,,537.18,1,0,1
B031,2021-07-04 02:00:00,1,614G2040,0.0127045973,,334.98,1,0,1
B031,2021-07-04 02:00:00,2,61402050,0.02421863381,,306.59,1,0,1
B031,2021-07-04 03:00:00,0,614E1950,0.02231370952,,537.18,1,0,1
B031,2021-07-04 03:00:00,1,614G2040,0,,334.98,1,0,1
B031,2021-07-04 03:00:00,2,61402050,0,,306.59,1,0,1
B031,2021-07-04 04:00:00,0,614E1950,0,,537.18,1,0,1
B031,2021-07-04 04:00:00,1,614G2040,0.02255800546,,334.98,1,0,1
B031,2021-07-04 04:00:00,2,61402050,0,,306.59,1,0,1
B031,2021-07-04 05:00:00,0,614E1950,0.01682037184,,537.18,1,0,1
B031,2021-07-04 05:00:00,1,614G2040,0.003935310725,,334.98,1,0,1
B031,2021-07-04 05:00:00,2,61402050,0,,306.59,1,0,1
B031,2021-07-04 06:00:00,0,614E1950,0,,537.17,1,0,1
B031,2021-07-04 06:00:00,1,614G2040,0,,334.98,1,0,1
B031,2021-07-04 06:00:00,2,61402050,0,,306.59,1,0,1
B031,2021-07-04 07:00:00,0,614E1950,1.073631081,,537.17,1,0,1
B031,2021-07-04 07:00:00,1,614G2040,2.632599228,,334.98,1,0,1
B031,2021-07-04 07:00:00,2,61402050,1.329367312,,306.59,1,0,1
B031,2021-07-04 08:00:00,0,614E1950,0,,537.17,1,0,1
B031,2021-07-04 08:00:00,1,614G2040,0,,334.98,1,0,1
B031,2021-07-04 08:00:00,2,61402050,0,3.32,306.59,1,1,1
B031,2021-07-04 09:00:00,0,614E1950,0,,537.17,1,0,1
B031,2021-07-04 09:00:00,1,614G2040,0,,334.98,1,0,1
B031,2021-07-04 09:00:00,2,61402050,0,,306.58,1,0,1
B031,2021-07-04 10:00:00,0,614E1950,0,,537.17,1,0,1
B031,2021-07-04 10:00:00,1,614G2040,0.002883790284,,334.98,1,0,1
B031,2021-07-04 10:00:00,2,61402050,0.03441217649,,306.58,1,0,1
B031,2021-07-04 11:00:00,0,614E1950,0,,537.17,1,0,1
B031,2021-07-04 11:00:00,1,614G2040,0.00228388683,,334.95,1,0,1
B031,2021-07-04 11:00:00,2,61402050,0,,306.58,1,0,1
B031,2021-07-04 12:00:00,0,614E1950,0,,537.16,1,0,1
B031,2021-07-04 12:00:00,1,614G2040,0,,334.95,1,0,1
B031,2021-07-04 12:00:00,2,61402050,0,,306.58,1,0,1
B031,2021-07-04 13:00:00,0,614E1950,0,,537.16,1,0,1
B031,2021-07-04 13:00:00,1,614G2040,0,,334.94,1,0,1
B031,2021-07-04 13:00:00,2,61402050,0,,306.58,1,0,1
B031,2021-07-04 14:00:00,0,614E1950,0,,537.16,1,0,1
B031,2021-07-04 14:00:00,1,614G2040,0,,334.95,1,0,1
B031,2021-07-04 14:00:00,2,61402050,0,,306.58,1,0,1
B031,2021-07-04 15:00:00,0,614E1950,0,,537.16,1,0,1
B031,2021-07-04 15:00:00,1,614G2040,0,,334.92,1,0,1
B031,2021-07-04 15:00:00,2,61402050,0,,306.58,1,0,1
B031,2021-07-04 16:00:00,0,614E1950,0,,537.16,1,0,1
B031,2021-07-04 16:00:00,1,614G2040,0,,334.93,1,0,1
B031,2021-07-04 16:00:00,2,61402050,0,,306.58,1,0,1
B031,2021-07-04 17:00:00,0,614E1950,0,,537.15,1,0,1
B031,2021-07-04 17:00:00,1,614G2040,0,,334.93,1,0,1
B031,2021-07-04 17:00:00,2,61402050,0,,306.58,1,0,1
B031,2021-07-04 18:00:00,0,614E1950,0,,537.15,1,0,1
B031,2021-07-04 18:00:00,1,614G2040,0,,334.93,1,0,1
B031,2021-07-04 18:00:00,2,61402050,0,,306.58,1,0,1
B031,2021-07-04 19:00:00,0,614E1950,0,,537.15,1,0,1
B031,2021-07-04 19:00:00,1,614G2040,0,,334.94,1,0,1
B031,2021-07-04 19:00:00,2,61402050,0,,306.58,1,0,1
B031,2021-07-04 20:00:00,0,614E1950,0,,537.15,1,0,1
B031,2021-07-04 20:00:00,1,614G2040,0,,334.96,1,0,1
B031,2021-07-04 20:00:00,2,61402050,0,,306.57,1,0,1
B031,2021-07-04 21:00:00,0,614E1950,0,,537.15,1,0,1
B031,2021-07-04 21:00:00,1,614G2040,0,,334.96,1,0,1
B031,2021-07-04 21:00:00,2,61402050,0,,306.56,1,0,1
B031,2021-07-04 22:00:00,0,614E1950,0,,537.15,1,0,1
B031,2021-07-04 22:00:00,1,614G2040,0,,334.97,1,0,1
B031,2021-07-04 22:00:00,2,61402050,0,,306.56,1,0,1
B031,2021-07-04 23:00:00,0,614E1950,0,,537.14,1,0,1
B031,2021-07-04 23:00:00,1,614G2040,0,,334.98,1,0,1
B031,2021-07-04 23:00:00,2,61402050,0,,306.55,1,0,1
B031,2021-07-05 00:00:00,0,614E1950,0,,537.15,1,0,1
B031,2021-07-05 00:00:00,1,614G2040,0,,334.98,1,0,1
B031,2021-07-05 00:00:00,2,61402050,0,,306.55,1,0,1
B031,2021-07-05 01:00:00,0,614E1950,0,,537.14,1,0,1
B031,2021-07-05 01:00:00,1,614G2040,0,,334.98,1,0,1
B031,2021-07-05 01:00:00,2,61402050,0,,306.55,1,0,1
B031,2021-07-05 02:00:00,0,614E1950,0,,537.15,1,0,1
B031,2021-07-05 02:00:00,1,614G2040,0,,334.98,1,0,1
B031,2021-07-05 02:00:00,2,61402050,0,,306.55,1,0,1
B031,2021-07-05 03:00:00,0,614E1950,0.002180906031,,537.14,1,0,1
B031,2021-07-05 03:00:00,1,614G2040,0.01353047676,,334.98,1,0,1
B031,2021-07-05 03:00:00,2,61402050,0.0251100601,,306.55,1,0,1
B031,2021-07-05 04:00:00,0,614E1950,0.615387674,,537.14,1,0,1
B031,2021-07-05 04:00:00,1,614G2040,0.5914112709,,334.98,1,0,1
B031,2021-07-05 04:00:00,2,61402050,0.3003636019,,306.55,1,0,1
B031,2021-07-05 05:00:00,0,614E1950,1.142645102,,537.14,1,0,1
B031,2021-07-05 05:00:00,1,614G2040,1.291479814,,334.98,1,0,1
B031,2021-07-05 05:00:00,2,61402050,0.5960950597,,306.55,1,0,1
B031,2021-07-05 06:00:00,0,614E1950,9.093853516,,537.14,1,0,1
B031,2021-07-05 06:00:00,1,614G2040,4.707198853,,334.98,1,0,1
B031,2021-07-05 06:00:00,2,61402050,2.523522592,,306.54,1,0,1
B031,2021-07-05 07:00:00,0,614E1950,5.773702746,,537.15,1,0,1
B031,2021-07-05 07:00:00,1,614G2040,4.844688755,,334.99,1,0,1
B031,2021-07-05 07:00:00,2,61402050,2.578873504,,306.54,1,0,1
B031,2021-07-05 08:00:00,0,614E1950,0.02231370952,,537.19,1,0,1
B031,2021-07-05 08:00:00,1,614G2040,0.07424466287,,334.99,1,0,1
B031,2021-07-05 08:00:00,2,61402050,0.01101043502,2.56,306.55,1,1,1
B031,2021-07-05 09:00:00,0,614E1950,0,,537.29,1,0,1
B031,2021-07-05 09:00:00,1,614G2040,0,,334.98,1,0,1
B031,2021-07-05 09:00:00,2,61402050,0,,306.55,1,0,1
B031,2021-07-05 10:00:00,0,614E1950,0,,537.27,1,0,1
B031,2021-07-05 10:00:00,1,614G2040,0,,334.98,1,0,1
B031,2021-07-05 10:00:00,2,61402050,0,,306.57,1,0,1
B031,2021-07-05 11:00:00,0,614E1950,0.0162061042,,537.26,1,0,1
B031,2021-07-05 11:00:00,1,614G2040,0,,334.94,1,0,1
B031,2021-07-05 11:00:00,2,61402050,0,,306.58,1,0,1
B031,2021-07-05 12:00:00,0,614E1950,0,,537.25,1,0,1
B031,2021-07-05 12:00:00,1,614G2040,0,,334.93,1,0,1
B031,2021-07-05 12:00:00,2,61402050,0,,306.59,1,0,1
B031,2021-07-05 13:00:00,0,614E1950,0,,537.25,1,0,1
B031,2021-07-05 13:00:00,1,614G2040,0.00228388683,,334.93,1,0,1
B031,2021-07-05 13:00:00,2,61402050,0,,306.59,1,0,1
B031,2021-07-05 14:00:00,0,614E1950,0,,537.25,1,0,1
B031,2021-07-05 14:00:00,1,614G2040,0,,334.93,1,0,1
B031,2021-07-05 14:00:00,2,61402050,0,,306.58,1,0,1
B031,2021-07-05 15:00:00,0,614E1950,0,,537.25,1,0,1
B031,2021-07-05 15:00:00,1,614G2040,0,,334.93,1,0,1
B031,2021-07-05 15:00:00,2,61402050,0,,306.58,1,0,1
B031,2021-07-05 16:00:00,0,614E1950,0,,537.24,1,0,1
B031,2021-07-05 16:00:00,1,614G2040,0,,334.93,1,0,1
B031,2021-07-05 16:00:00,2,61402050,0,,306.58,1,0,1
B031,2021-07-05 17:00:00,0,614E1950,0,,537.24,1,0,1
B031,2021-07-05 17:00:00,1,614G2040,0,,334.92,1,0,1
B031,2021-07-05 17:00:00,2,61402050,0,,306.58,1,0,1
B031,2021-07-05 18:00:00,0,614E1950,0.4456554745,,537.24,1,0,1
B031,2021-07-05 18:00:00,1,614G2040,0.1394223078,,334.93,1,0,1
B031,2021-07-05 18:00:00,2,61402050,0.1030032663,,306.58,1,0,1
B031,2021-07-05 19:00:00,0,614E1950,16.99761965,,537.24,1,0,1
B031,2021-07-05 19:00:00,1,614G2040,15.25813929,,334.94,1,0,1
B031,2021-07-05 19:00:00,2,61402050,11.60150222,,306.58,1,0,1
B031,2021-07-05 20:00:00,0,614E1950,0.03851981372,,537.44,1,0,1
B031,2021-07-05 20:00:00,1,614G2040,0.318893932,,335.02,1,0,1
B031,2021-07-05 20:00:00,2,61402050,1.030987798,,306.66,1,0,1
B031,2021-07-05 21:00:00,0,614E1950,0.02231370952,,537.66,1,0,1
B031,2021-07-05 21:00:00,1,614G2040,0,,335.02,1,0,1
B031,2021-07-05 21:00:00,2,61402050,0.04606834784,,306.73,1,0,1
B031,2021-07-05 22:00:00,0,614E1950,0,,537.68,1,0,1
B031,2021-07-05 22:00:00,1,614G2040,0,,335.02,1,0,1
B031,2021-07-05 22:00:00,2,61402050,0,,306.87,1,0,1
B031,2021-07-05 23:00:00,0,614E1950,0.01682037184,,537.69,1,0,1
B031,2021-07-05 23:00:00,1,614G2040,0.003935310725,,335.01,1,0,1
B031,2021-07-05 23:00:00,2,61402050,0,,306.83,1,0,1
B031,2021-07-06 00:00:00,0,614E1950,0.02231370952,,537.7,1,0,1
B031,2021-07-06 00:00:00,1,614G2040,0.002883790284,,335.01,1,0,1
B031,2021-07-06 00:00:00,2,61402050,0.03441217649,,306.79,1,0,1
B031,2021-07-06 01:00:00,0,614E1950,0,,537.67,1,0,1
B031,2021-07-06 01:00:00,1,614G2040,0,,335.01,1,0,1
B031,2021-07-06 01:00:00,2,61402050,0,,306.77,1,0,1
B031,2021-07-06 02:00:00,0,614E1950,0,,537.66,1,0,1
B031,2021-07-06 02:00:00,1,614G2040,0,,335,1,0,1
B031,2021-07-06 02:00:00,2,61402050,0,,306.75,1,0,1
B031,2021-07-06 03:00:00,0,614E1950,0,,537.63,1,0,1
B031,2021-07-06 03:00:00,1,614G2040,0,,335,1,0,1
B031,2021-07-06 03:00:00,2,61402050,0.009148359047,,306.74,1,0,1
B031,2021-07-06 04:00:00,0,614E1950,0,,537.62,1,0,1
B031,2021-07-06 04:00:00,1,614G2040,0,,335,1,0,1
B031,2021-07-06 04:00:00,2,61402050,0,,306.72,1,0,1
B031,2021-07-06 05:00:00,0,614E1950,0,,537.59,1,0,1
B031,2021-07-06 05:00:00,1,614G2040,0,,335,1,0,1
B031,2021-07-06 05:00:00,2,61402050,0,,306.71,1,0,1
B031,2021-07-06 06:00:00,0,614E1950,0,,537.55,1,0,1
B031,2021-07-06 06:00:00,1,614G2040,0,,335,1,0,1
B031,2021-07-06 06:00:00,2,61402050,0,,306.7,1,0,1
B031,2021-07-06 07:00:00,0,614E1950,17.58176254,,537.51,1,0,1
B031,2021-07-06 07:00:00,1,614G2040,15.06148595,,335,1,0,1
B031,2021-07-06 07:00:00,2,61402050,13.40865022,,306.7,1,0,1
B031,2021-07-06 08:00:00,0,614E1950,0,,537.49,1,0,1
B031,2021-07-06 08:00:00,1,614G2040,0,,335,1,0,1
B031,2021-07-06 08:00:00,2,61402050,0,5.68,306.69,1,1,1
B031,2021-07-06 09:00:00,0,614E1950,0,,537.47,1,0,1
B031,2021-07-06 09:00:00,1,614G2040,0,,335,1,0,1
B031,2021-07-06 09:00:00,2,61402050,0,,306.69,1,0,1
B031,2021-07-06 10:00:00,0,614E1950,0,,537.46,1,0,1
B031,2021-07-06 10:00:00,1,614G2040,0,,334.98,1,0,1
B031,2021-07-06 10:00:00,2,61402050,0,,306.68,1,0,1
B031,2021-07-06 11:00:00,0,614E1950,0,,537.45,1,0,1
B031,2021-07-06 11:00:00,1,614G2040,0,,334.98,1,0,1
B031,2021-07-06 11:00:00,2,61402050,0,,306.68,1,0,1
B031,2021-07-06 12:00:00,0,614E1950,0,,537.43,1,0,1
B031,2021-07-06 12:00:00,1,614G2040,0,,334.96,1,0,1
B031,2021-07-06 12:00:00,2,61402050,0,,306.68,1,0,1
B031,2021-07-06 13:00:00,0,614E1950,0,,537.42,1,0,1
B031,2021-07-06 13:00:00,1,614G2040,0.01232074968,,334.95,1,0,1
B031,2021-07-06 13:00:00,2,61402050,0.0004341390214,,306.67,1,0,1
B031,2021-07-06 14:00:00,0,614E1950,0,,537.41,1,0,1
B031,2021-07-06 14:00:00,1,614G2040,0,,334.95,1,0,1
B031,2021-07-06 14:00:00,2,61402050,0,,306.66,1,0,1
B031,2021-07-06 15:00:00,0,614E1950,0.002180906031,,537.4,1,0,1
B031,2021-07-06 15:00:00,1,614G2040,0.0127045973,,334.94,1,0,1
B031,2021-07-06 15:00:00,2,61402050,0.02421863381,,306.66,1,0,1
B031,2021-07-06 16:00:00,0,614E1950,0,,537.39,1,0,1
B031,2021-07-06 16:00:00,1,614G2040,0,,334.94,1,0,1
B031,2021-07-06 16:00:00,2,61402050,0,,306.66,1,0,1
B031,2021-07-06 17:00:00,0,614E1950,0,,537.38,1,0,1
B031,2021-07-06 17:00:00,1,614G2040,0,,334.94,1,0,1
B031,2021-07-06 17:00:00,2,61402050,0,,306.65,1,0,1
B031,2021-07-06 18:00:00,0,614E1950,0,,537.37,1,0,1
B031,2021-07-06 18:00:00,1,614G2040,0,,334.94,1,0,1
B031,2021-07-06 18:00:00,2,61402050,0,,306.64,1,0,1
B031,2021-07-06 19:00:00,0,614E1950,0,,537.36,1,0,1
B031,2021-07-06 19:00:00,1,614G2040,0,,334.95,1,0,1
B031,2021-07-06 19:00:00,2,61402050,0,,306.64,1,0,1
B031,2021-07-06 20:00:00,0,614E1950,0,,537.35,1,0,1
B031,2021-07-06 20:00:00,1,614G2040,0,,334.95,1,0,1
B031,2021-07-06 20:00:00,2,61402050,0,,306.63,1,0,1
B031,2021-07-06 21:00:00,0,614E1950,0,,537.34,1,0,1
B031,2021-07-06 21:00:00,1,614G2040,0,,334.96,1,0,1
B031,2021-07-06 21:00:00,2,61402050,0,,306.63,1,0,1
B031,2021-07-06 22:00:00,0,614E1950,0,,537.34,1,0,1
B031,2021-07-06 22:00:00,1,614G2040,0,,334.97,1,0,1
B031,2021-07-06 22:00:00,2,61402050,0,,306.62,1,0,1
B031,2021-07-06 23:00:00,0,614E1950,0,,537.33,1,0,1
B031,2021-07-06 23:00:00,1,614G2040,0,,334.97,1,0,1
B031,2021-07-06 23:00:00,2,61402050,0,,306.62,1,0,1
B031,2021-07-07 00:00:00,0,614E1950,0,,537.32,1,0,1
B031,2021-07-07 00:00:00,1,614G2040,0,,334.98,1,0,1
B031,2021-07-07 00:00:00,2,61402050,0,,306.61,1,0,1
B031,2021-07-07 01:00:00,0,614E1950,0,,537.31,1,0,1
B031,2021-07-07 01:00:00,1,614G2040,0,,334.98,1,0,1
B031,2021-07-07 01:00:00,2,61402050,0,,306.61,1,0,1
B031,2021-07-07 02:00:00,0,614E1950,0,,537.31,1,0,1
B031,2021-07-07 02:00:00,1,614G2040,0,,334.98,1,0,1
B031,2021-07-07 02:00:00,2,61402050,0,,306.61,1,0,1
B031,2021-07-07 03:00:00,0,614E1950,0,,537.31,1,0,1
B031,2021-07-07 03:00:00,1,614G2040,0,,334.98,1,0,1
B031,2021-07-07 03:00:00,2,61402050,0,,306.61,1,0,1
B031,2021-07-07 04:00:00,0,614E1950,0,,537.3,1,0,1
B031,2021-07-07 04:00:00,1,614G2040,0,,334.98,1,0,1
B031,2021-07-07 04:00:00,2,61402050,0,,306.61,1,0,1
B031,2021-07-07 05:00:00,0,614E1950,0,,537.3,1,0,1
B031,2021-07-07 05:00:00,1,614G2040,0,,334.98,1,0,1
B031,2021-07-07 05:00:00,2,61402050,0,,306.6,1,0,1
B031,2021-07-07 06:00:00,0,614E1950,0,,537.29,1,0,1
B031,2021-07-07 06:00:00,1,614G2040,0,,334.98,1,0,1
B031,2021-07-07 06:00:00,2,61402050,0,,306.6,1,0,1
B031,2021-07-07 07:00:00,0,614E1950,0.002180906031,,537.28,1,0,1
B031,2021-07-07 07:00:00,1,614G2040,0.02502534698,,334.97,1,0,1
B031,2021-07-07 07:00:00,2,61402050,0.02465277283,,306.6,1,0,1
B031,2021-07-07 08:00:00,0,614E1950,0,,537.28,1,0,1
B031,2021-07-07 08:00:00,1,614G2040,0,,334.94,1,0,1
B031,2021-07-07 08:00:00,2,61402050,0,3.53,306.6,1,1,1
B031,2021-07-07 09:00:00,0,614E1950,0,,537.27,1,0,1
B031,2021-07-07 09:00:00,1,614G2040,0,,334.94,1,0,1
B031,2021-07-07 09:00:00,2,61402050,0,,306.6,1,0,1
B031,2021-07-07 10:00:00,0,614E1950,0,,537.26,1,0,1
B031,2021-07-07 10:00:00,1,614G2040,0,,334.94,1,0,1
B031,2021-07-07 10:00:00,2,61402050,0,,306.6,1,0,1
B031,2021-07-07 11:00:00,0,614E1950,0,,537.26,1,0,1
B031,2021-07-07 11:00:00,1,614G2040,0,,334.94,1,0,1
B031,2021-07-07 11:00:00,2,61402050,0,,306.6,1,0,1
B031,2021-07-07 12:00:00,0,614E1950,0,,537.25,1,0,1
B031,2021-07-07 12:00:00,1,614G2040,0,,334.94,1,0,1
B031,2021-07-07 12:00:00,2,61402050,0,,306.6,1,0,1
B031,2021-07-07 13:00:00,0,614E1950,0,,537.25,1,0,1
B031,2021-07-07 13:00:00,1,614G2040,0,,334.93,1,0,1
B031,2021-07-07 13:00:00,2,61402050,0,,306.6,1,0,1
B031,2021-07-07 14:00:00,0,614E1950,0,,537.25,1,0,1
B031,2021-07-07 14:00:00,1,614G2040,0,,334.93,1,0,1
B031,2021-07-07 14:00:00,2,61402050,0,,306.6,1,0,1
B031,2021-07-07 15:00:00,0,614E1950,0,,537.24,1,0,1
B031,2021-07-07 15:00:00,1,614G2040,0,,334.91,1,0,1
B031,2021-07-07 15:00:00,2,61402050,0,,306.59,1,0,1
B031,2021-07-07 16:00:00,0,614E1950,0,,537.24,1,0,1
B031,2021-07-07 16:00:00,1,614G2040,0,,334.9,1,0,1
B031,2021-07-07 16:00:00,2,61402050,0,,306.59,1,0,1
B031,2021-07-07 17:00:00,0,614E1950,0,,537.24,1,0,1
B031,2021-07-07 17:00:00,1,614G2040,0,,334.9,1,0,1
B031,2021-07-07 17:00:00,2,61402050,0,,306.59,1,0,1
B031,2021-07-07 18:00:00,0,614E1950,0,,537.23,1,0,1
B031,2021-07-07 18:00:00,1,614G2040,0.004567773659,,334.9,1,0,1
B031,2021-07-07 18:00:00,2,61402050,0,,306.58,1,0,1
B031,2021-07-07 19:00:00,0,614E1950,0.0162061042,,537.22,1,0,1
B031,2021-07-07 19:00:00,1,614G2040,0,,334.92,1,0,1
B031,2021-07-07 19:00:00,2,61402050,0,,306.58,1,0,1
B031,2021-07-07 20:00:00,0,614E1950,0,,537.22,1,0,1
B031,2021-07-07 20:00:00,1,614G2040,0,,334.92,1,0,1
B031,2021-07-07 20:00:00,2,61402050,0,,306.58,1,0,1
B031,2021-07-07 21:00:00,0,614E1950,0,,537.22,1,0,1
B031,2021-07-07 21:00:00,1,614G2040,0,,334.93,1,0,1
B031,2021-07-07 21:00:00,2,61402050,0,,306.58,1,0,1
B031,2021-07-07 22:00:00,0,614E1950,0,,537.22,1,0,1
B031,2021-07-07 22:00:00,1,614G2040,0,,334.95,1,0,1
B031,2021-07-07 22:00:00,2,61402050,0,,306.57,1,0,1
B031,2021-07-07 23:00:00,0,614E1950,0.1311074947,,537.21,1,0,1
B031,2021-07-07 23:00:00,1,614G2040,0.1507388752,,334.96,1,0,1
B031,2021-07-07 23:00:00,2,61402050,0.02466434696,,306.57,1,0,1
B031,2021-07-08 00:00:00,0,614E1950,0.2315581329,,537.21,1,0,1
B031,2021-07-08 00:00:00,1,614G2040,0.08468138482,,334.97,1,0,1
B031,2021-07-08 00:00:00,2,61402050,0.05338949212,,306.57,1,0,1
B031,2021-07-08 01:00:00,0,614E1950,0.02231370952,,537.21,1,0,1
B031,2021-07-08 01:00:00,1,614G2040,0,,334.97,1,0,1
B031,2021-07-08 01:00:00,2,61402050,0,,306.57,1,0,1
B031,2021-07-08 02:00:00,0,614E1950,0,,537.21,1,0,1
B031,2021-07-08 02:00:00,1,614G2040,0,,334.98,1,0,1
B031,2021-07-08 02:00:00,2,61402050,0,,306.57,1,0,1
B031,2021-07-08 03:00:00,0,614E1950,0.01682037184,,537.2,1,0,1
B031,2021-07-08 03:00:00,1,614G2040,0.003935310725,,334.98,1,0,1
B031,2021-07-08 03:00:00,2,61402050,0,,306.57,1,0,1
B031,2021-07-08 04:00:00,0,614E1950,0.002180906031,,537.2,1,0,1
B031,2021-07-08 04:00:00,1,614G2040,0.0127045973,,334.98,1,0,1
B031,2021-07-08 04:00:00,2,61402050,0.02421863381,,306.56,1,0,1
B031,2021-07-08 05:00:00,0,614E1950,0,,537.2,1,0,1
B031,2021-07-08 05:00:00,1,614G2040,0,,334.98,1,0,1
B031,2021-07-08 05:00:00,2,61402050,0,,306.56,1,0,1
B031,2021-07-08 06:00:00,0,614E1950,0,,537.2,1,0,1
B031,2021-07-08 06:00:00,1,614G2040,0,,334.98,1,0,1
B031,2021-07-08 06:00:00,2,61402050,0,,306.56,1,0,1
B031,2021-07-08 07:00:00,0,614E1950,0.4201867192,,537.19,1,0,1
B031,2021-07-08 07:00:00,1,614G2040,0.3304596649,,334.99,1,0,1
B031,2021-07-08 07:00:00,2,61402050,0.1128371948,,306.56,1,0,1
B031,2021-07-08 08:00:00,0,614E1950,0,,537.19,1,0,1
B031,2021-07-08 08:00:00,1,614G2040,0,,334.96,1,0,1
B031,2021-07-08 08:00:00,2,61402050,0,2.73,306.56,1,1,1
B031,2021-07-08 09:00:00,0,614E1950,0,,537.18,1,0,1
B031,2021-07-08 09:00:00,1,614G2040,0,,334.93,1,0,1
B031,2021-07-08 09:00:00,2,61402050,0,,306.56,1,0,1
B031,2021-07-08 10:00:00,0,614E1950,0,,537.18,1,0,1
B031,2021-07-08 10:00:00,1,614G2040,0,,334.92,1,0,1
B031,2021-07-08 10:00:00,2,61402050,0,,306.57,1,0,1
B031,2021-07-08 11:00:00,0,614E1950,0,,537.17,1,0,1
B031,2021-07-08 11:00:00,1,614G2040,0,,334.93,1,0,1
B031,2021-07-08 11:00:00,2,61402050,0,,306.57,1,0,1
B031,2021-07-08 12:00:00,0,614E1950,0,,537.17,1,0,1
B031,2021-07-08 12:00:00,1,614G2040,0,,334.92,1,0,1
B031,2021-07-08 12:00:00,2,61402050,0,,306.57,1,0,1
B031,2021-07-08 13:00:00,0,614E1950,0,,537.17,1,0,1
B031,2021-07-08 13:00:00,1,614G2040,0,,334.92,1,0,1
B031,2021-07-08 13:00:00,2,61402050,0,,306.57,1,0,1
B031,2021-07-08 14:00:00,0,614E1950,1.679839004,,537.17,1,0,1
B031,2021-07-08 14:00:00,1,614G2040,0.2695436985,,334.91,1,0,1
B031,2021-07-08 14:00:00,2,61402050,0.03713906055,,306.57,1,0,1
B031,2021-07-08 15:00:00,0,614E1950,1.49127374,,537.17,1,0,1
B031,2021-07-08 15:00:00,1,614G2040,2.911384074,,334.92,1,0,1
B031,2021-07-08 15:00:00,2,61402050,4.866961509,,306.56,1,0,1
B031,2021-07-08 16:00:00,0,614E1950,0,,537.18,1,0,1
B031,2021-07-08 16:00:00,1,614G2040,0.5316208897,,334.97,1,0,1
B031,2021-07-08 16:00:00,2,61402050,0,,306.58,1,0,1
B031,2021-07-14 23:00:00,0,614E1950,0,,537.23,1,0,1
B031,2021-07-14 23:00:00,1,614G2040,0,,335.19,1,0,1
B031,2021-07-14 23:00:00,2,61402050,0,,306.7,1,0,1
B031,2021-07-15 00:00:00,0,614E1950,0,,537.22,1,0,1
B031,2021-07-15 00:00:00,1,614G2040,0,,335.19,1,0,1
B031,2021-07-15 00:00:00,2,61402050,0,,306.7,1,0,1
B031,2021-07-15 01:00:00,0,614E1950,0,,537.22,1,0,1
B031,2021-07-15 01:00:00,1,614G2040,0,,335.19,1,0,1
B031,2021-07-15 01:00:00,2,61402050,0,,306.69,1,0,1
B031,2021-07-15 02:00:00,0,614E1950,0,,537.22,1,0,1
B031,2021-07-15 02:00:00,1,614G2040,0,,335.21,1,0,1
B031,2021-07-15 02:00:00,2,61402050,0,,306.69,1,0,1
B031,2021-07-15 03:00:00,0,614E1950,0,,537.21,1,0,1
B031,2021-07-15 03:00:00,1,614G2040,0,,335.2,1,0,1
B031,2021-07-15 03:00:00,2,61402050,0,,306.69,1,0,1
B031,2021-07-15 04:00:00,0,614E1950,0,,537.21,1,0,1
B031,2021-07-15 04:00:00,1,614G2040,0,,335.21,1,0,1
B031,2021-07-15 04:00:00,2,61402050,0,,306.69,1,0,1
B031,2021-07-15 05:00:00,0,614E1950,0,,537.21,1,0,1
B031,2021-07-15 05:00:00,1,614G2040,0,,335.21,1,0,1
B031,2021-07-15 05:00:00,2,61402050,0,,306.69,1,0,1
B031,2021-07-15 06:00:00,0,614E1950,0,,537.2,1,0,1
B031,2021-07-15 06:00:00,1,614G2040,0,,335.21,1,0,1
B031,2021-07-15 06:00:00,2,61402050,0,,306.69,1,0,1
B031,2021-07-15 07:00:00,0,614E1950,0,,537.2,1,0,1
B031,2021-07-15 07:00:00,1,614G2040,0,,335.19,1,0,1
B031,2021-07-15 07:00:00,2,61402050,0,,306.69,1,0,1
B031,2021-07-15 08:00:00,0,614E1950,0,,537.2,1,0,1
B031,2021-07-15 08:00:00,1,614G2040,0,,335.17,1,0,1
B031,2021-07-15 08:00:00,2,61402050,0,5.68,306.69,1,1,1
B031,2021-07-15 09:00:00,0,614E1950,0,,537.19,1,0,1
B031,2021-07-15 09:00:00,1,614G2040,0,,335.17,1,0,1
B031,2021-07-15 09:00:00,2,61402050,0,,306.69,1,0,1
B031,2021-07-15 10:00:00,0,614E1950,0,,537.19,1,0,1
B031,2021-07-15 10:00:00,1,614G2040,0,,335.17,1,0,1
B031,2021-07-15 10:00:00,2,61402050,0,,306.69,1,0,1
B031,2021-07-15 11:00:00,0,614E1950,0,,537.18,1,0,1
B031,2021-07-15 11:00:00,1,614G2040,0,,335.17,1,0,1
B031,2021-07-15 11:00:00,2,61402050,0,,306.69,1,0,1
B031,2021-07-15 12:00:00,0,614E1950,0,,537.18,1,0,1
B031,2021-07-15 12:00:00,1,614G2040,0,,335.16,1,0,1
B031,2021-07-15 12:00:00,2,61402050,0,,306.69,1,0,1
B031,2021-07-15 13:00:00,0,614E1950,0,,537.18,1,0,1
B031,2021-07-15 13:00:00,1,614G2040,0,,335.16,1,0,1
B031,2021-07-15 13:00:00,2,61402050,0,,306.69,1,0,1
B031,2021-07-15 14:00:00,0,614E1950,0,,537.18,1,0,1
B031,2021-07-15 14:00:00,1,614G2040,0,,335.16,1,0,1
B031,2021-07-15 14:00:00,2,61402050,0,,306.69,1,0,1
B031,2021-07-15 15:00:00,0,614E1950,0,,537.17,1,0,1
B031,2021-07-15 15:00:00,1,614G2040,0,,335.16,1,0,1
B031,2021-07-15 15:00:00,2,61402050,0,,306.69,1,0,1
B031,2021-07-15 16:00:00,0,614E1950,0,,537.17,1,0,1
B031,2021-07-15 16:00:00,1,614G2040,0,,335.16,1,0,1
B031,2021-07-15 16:00:00,2,61402050,0,,306.69,1,0,1
B031,2021-07-15 17:00:00,0,614E1950,0,,537.17,1,0,1
B031,2021-07-15 17:00:00,1,614G2040,0,,335.16,1,0,1
B031,2021-07-15 17:00:00,2,61402050,0,,306.69,1,0,1
B031,2021-07-15 18:00:00,0,614E1950,0,,537.17,1,0,1
B031,2021-07-15 18:00:00,1,614G2040,0,,335.16,1,0,1
B031,2021-07-15 18:00:00,2,61402050,0,,306.68,1,0,1
B031,2021-07-15 19:00:00,0,614E1950,0,,537.17,1,0,1
B031,2021-07-15 19:00:00,1,614G2040,0,,335.19,1,0,1
B031,2021-07-15 19:00:00,2,61402050,0,,306.68,1,0,1
B031,2021-07-15 20:00:00,0,614E1950,0,,537.17,1,0,1
B031,2021-07-15 20:00:00,1,614G2040,0,,335.19,1,0,1
B031,2021-07-15 20:00:00,2,61402050,0,,306.68,1,0,1
B031,2021-07-15 21:00:00,0,614E1950,0,,537.16,1,0,1
B031,2021-07-15 21:00:00,1,614G2040,0,,335.2,1,0,1
B031,2021-07-15 21:00:00,2,61402050,0,,306.68,1,0,1
B031,2021-07-15 22:00:00,0,614E1950,0,,537.16,1,0,1
B031,2021-07-15 22:00:00,1,614G2040,0,,335.19,1,0,1
B031,2021-07-15 22:00:00,2,61402050,0,,306.67,1,0,1
B031,2021-07-15 23:00:00,0,614E1950,0,,537.16,1,0,1
B031,2021-07-15 23:00:00,1,614G2040,0,,335.2,1,0,1
B031,2021-07-15 23:00:00,2,61402050,0,,306.67,1,0,1
B031,2021-07-16 00:00:00,0,614E1950,0,,537.16,1,0,1
B031,2021-07-16 00:00:00,1,614G2040,0,,335.2,1,0,1
B031,2021-07-16 00:00:00,2,61402050,0,,306.67,1,0,1
B031,2021-07-16 01:00:00,0,614E1950,0,,537.15,1,0,1
B031,2021-07-16 01:00:00,1,614G2040,0,,335.2,1,0,1
B031,2021-07-16 01:00:00,2,61402050,0,,306.67,1,0,1
B031,2021-07-16 02:00:00,0,614E1950,0,,537.15,1,0,1
B031,2021-07-16 02:00:00,1,614G2040,0,,335.2,1,0,1
B031,2021-07-16 02:00:00,2,61402050,0,,306.67,1,0,1
B031,2021-07-16 03:00:00,0,614E1950,0,,537.15,1,0,1
B031,2021-07-16 03:00:00,1,614G2040,0,,335.21,1,0,1
B031,2021-07-16 03:00:00,2,61402050,0,,306.67,1,0,1
B031,2021-07-16 04:00:00,0,614E1950,0,,537.15,1,0,1
B031,2021-07-16 04:00:00,1,614G2040,0,,335.21,1,0,1
B031,2021-07-16 04:00:00,2,61402050,0,,306.67,1,0,1
B031,2021-07-16 05:00:00,0,614E1950,0,,537.15,1,0,1
B031,2021-07-16 05:00:00,1,614G2040,0,,335.21,1,0,1
B031,2021-07-16 05:00:00,2,61402050,0,,306.67,1,0,1
B031,2021-07-16 06:00:00,0,614E1950,0,,537.15,1,0,1
B031,2021-07-16 06:00:00,1,614G2040,0,,335.21,1,0,1
B031,2021-07-16 06:00:00,2,61402050,0,,306.67,1,0,1
B031,2021-07-16 07:00:00,0,614E1950,0,,537.14,1,0,1
B031,2021-07-16 07:00:00,1,614G2040,0,,335.19,1,0,1
B031,2021-07-16 07:00:00,2,61402050,0,,306.67,1,0,1
B031,2021-07-16 08:00:00,0,614E1950,0,,537.14,1,0,1
B031,2021-07-16 08:00:00,1,614G2040,0,,335.16,1,0,1
B031,2021-07-16 08:00:00,2,61402050,0,5.13,306.67,1,1,1
B031,2021-07-16 09:00:00,0,614E1950,0,,537.14,1,0,1
B031,2021-07-16 09:00:00,1,614G2040,0,,335.17,1,0,1
B031,2021-07-16 09:00:00,2,61402050,0,,306.67,1,0,1
B031,2021-07-16 10:00:00,0,614E1950,0,,537.14,1,0,1
B031,2021-07-16 10:00:00,1,614G2040,0,,335.16,1,0,1
B031,2021-07-16 10:00:00,2,61402050,0,,306.67,1,0,1
B031,2021-07-16 11:00:00,0,614E1950,0,,537.14,1,0,1
B031,2021-07-16 11:00:00,1,614G2040,0,,335.16,1,0,1
B031,2021-07-16 11:00:00,2,61402050,0,,306.67,1,0,1
B031,2021-07-16 12:00:00,0,614E1950,0,,537.13,1,0,1
B031,2021-07-16 12:00:00,1,614G2040,0,,335.16,1,0,1
B031,2021-07-16 12:00:00,2,61402050,0,,306.67,1,0,1
B031,2021-07-16 13:00:00,0,614E1950,0,,537.13,1,0,1
B031,2021-07-16 13:00:00,1,614G2040,0,,335.16,1,0,1
B031,2021-07-16 13:00:00,2,61402050,0,,306.67,1,0,1
B031,2021-07-16 14:00:00,0,614E1950,0,,537.13,1,0,1
B031,2021-07-16 14:00:00,1,614G2040,0,,335.16,1,0,1
B031,2021-07-16 14:00:00,2,61402050,0,,306.67,1,0,1
B031,2021-07-16 15:00:00,0,614E1950,0,,537.13,1,0,1
B031,2021-07-16 15:00:00,1,614G2040,0,,335.16,1,0,1
B031,2021-07-16 15:00:00,2,61402050,0,,306.67,1,0,1
B031,2021-07-16 16:00:00,0,614E1950,0,,537.13,1,0,1
B031,2021-07-16 16:00:00,1,614G2040,0,,335.16,1,0,1
B031,2021-07-16 16:00:00,2,61402050,0,,306.67,1,0,1
B031,2021-07-16 17:00:00,0,614E1950,0,,537.12,1,0,1
B031,2021-07-16 17:00:00,1,614G2040,0,,335.16,1,0,1
B031,2021-07-16 17:00:00,2,61402050,0,,306.67,1,0,1
B031,2021-07-16 18:00:00,0,614E1950,0,,537.13,1,0,1
B031,2021-07-16 18:00:00,1,614G2040,0,,335.16,1,0,1
B031,2021-07-16 18:00:00,2,61402050,0,,306.67,1,0,1
B031,2021-07-16 19:00:00,0,614E1950,0,,537.12,1,0,1
B031,2021-07-16 19:00:00,1,614G2040,0,,335.18,1,0,1
B031,2021-07-16 19:00:00,2,61402050,0,,306.67,1,0,1
B031,2021-07-16 20:00:00,0,614E1950,0,,537.12,1,0,1
B031,2021-07-16 20:00:00,1,614G2040,0,,335.19,1,0,1
B031,2021-07-16 20:00:00,2,61402050,0,,306.67,1,0,1
B031,2021-07-16 21:00:00,0,614E1950,0,,537.12,1,0,1
B031,2021-07-16 21:00:00,1,614G2040,0,,335.19,1,0,1
B031,2021-07-16 21:00:00,2,61402050,0,,306.67,1,0,1
B031,2021-07-16 22:00:00,0,614E1950,0,,537.12,1,0,1
B031,2021-07-16 22:00:00,1,614G2040,0,,335.2,1,0,1
B031,2021-07-16 22:00:00,2,61402050,0,,306.66,1,0,1
B031,2021-07-16 23:00:00,0,614E1950,0,,537.12,1,0,1
B031,2021-07-16 23:00:00,1,614G2040,0.3144774108,,335.2,1,0,1
B031,2021-07-16 23:00:00,2,61402050,0.7090800838,,306.66,1,0,1
B031,2021-07-17 00:00:00,0,614E1950,0,,537.12,1,0,1
B031,2021-07-17 00:00:00,1,614G2040,0.2745316799,,335.25,1,0,1
B031,2021-07-17 00:00:00,2,61402050,0.0569838554,,306.66,1,0,1
B031,2021-07-17 01:00:00,0,614E1950,0,,537.11,1,0,1
B031,2021-07-17 01:00:00,1,614G2040,0,,335.25,1,0,1
B031,2021-07-17 01:00:00,2,61402050,0,,306.67,1,0,1
B031,2021-07-17 02:00:00,0,614E1950,0.1074649491,,537.12,1,0,1
B031,2021-07-17 02:00:00,1,614G2040,0.1817802837,,335.25,1,0,1
B031,2021-07-17 02:00:00,2,61402050,0.09167114486,,306.67,1,0,1
B031,2021-07-17 03:00:00,0,614E1950,0.1822776319,,537.11,1,0,1
B031,2021-07-17 03:00:00,1,614G2040,0.1571591143,,335.25,1,0,1
B031,2021-07-17 03:00:00,2,61402050,0.1433885962,,306.66,1,0,1
B031,2021-07-17 04:00:00,0,614E1950,0,,537.11,1,0,1
B031,2021-07-17 04:00:00,1,614G2040,0.002883790284,,335.25,1,0,1
B031,2021-07-17 04:00:00,2,61402050,0.03441217649,,306.66,1,0,1
B031,2021-07-17 05:00:00,0,614E1950,0.01682037184,,537.1,1,0,1
B031,2021-07-17 05:00:00,1,614G2040,0.04134755373,,335.24,1,0,1
B031,2021-07-17 05:00:00,2,61402050,0.02128984558,,306.66,1,0,1
B031,2021-07-17 06:00:00,0,614E1950,1.05326125,,537.11,1,0,1
B031,2021-07-17 06:00:00,1,614G2040,1.947768915,,335.24,1,0,1
B031,2021-07-17 06:00:00,2,61402050,2.005790804,,306.66,1,0,1
B031,2021-07-17 07:00:00,0,614E1950,24.2950721,,537.12,1,0,1
B031,2021-07-17 07:00:00,1,614G2040,32.87244401,,,1,0,0
B031,2021-07-17 07:00:00,2,61402050,19.59360425,,306.66,1,0,1
B031,2021-07-17 08:00:00,0,614E1950,2.033284619,,537.67,1,0,1
B031,2021-07-17 08:00:00,1,614G2040,2.395333725,,335.29,1,0,1
B031,2021-07-17 08:00:00,2,61402050,1.126032753,8.02,306.77,1,1,1
B031,2021-07-17 09:00:00,0,614E1950,0.78724999,,537.72,1,0,1
B031,2021-07-17 09:00:00,1,614G2040,0.8644617048,,335.25,1,0,1
B031,2021-07-17 09:00:00,2,61402050,0.4409824121,,306.81,1,0,1
B031,2021-07-17 10:00:00,0,614E1950,0.06685898335,,537.69,1,0,1
B031,2021-07-17 10:00:00,1,614G2040,0.4120161445,,335.25,1,0,1
B031,2021-07-17 10:00:00,2,61402050,0.2664356486,,307.07,1,0,1
B031,2021-07-17 11:00:00,0,614E1950,0.0324122084,,537.66,1,0,1
B031,2021-07-17 11:00:00,1,614G2040,0,,335.25,1,0,1
B031,2021-07-17 11:00:00,2,61402050,0,,307,1,0,1
B031,2021-07-17 12:00:00,0,614E1950,0.1920536081,,537.63,1,0,1
B031,2021-07-17 12:00:00,1,614G2040,0.03309420905,,335.25,1,0,1
B031,2021-07-17 12:00:00,2,61402050,0.02589889927,,306.95,1,0,1
B031,2021-07-17 13:00:00,0,614E1950,0.09196529865,,537.6,1,0,1
B031,2021-07-17 13:00:00,1,614G2040,0.1561008561,,335.24,1,0,1
B031,2021-07-17 13:00:00,2,61402050,0.05126351352,,306.92,1,0,1
B031,2021-07-17 14:00:00,0,614E1950,0,,537.58,1,0,1
B031,2021-07-17 14:00:00,1,614G2040,0,,335.18,1,0,1
B031,2021-07-17 14:00:00,2,61402050,0,,306.89,1,0,1
B031,2021-07-17 15:00:00,0,614E1950,0,,537.51,1,0,1
B031,2021-07-17 15:00:00,1,614G2040,0,,335.16,1,0,1
B031,2021-07-17 15:00:00,2,61402050,0,,306.86,1,0,1
B031,2021-07-17 16:00:00,0,614E1950,0,,537.49,1,0,1
B031,2021-07-17 16:00:00,1,614G2040,0,,335.16,1,0,1
B031,2021-07-17 16:00:00,2,61402050,0,,306.84,1,0,1
B031,2021-07-17 17:00:00,0,614E1950,0,,537.47,1,0,1
B031,2021-07-17 17:00:00,1,614G2040,0,,335.16,1,0,1
B031,2021-07-17 17:00:00,2,61402050,0,,306.83,1,0,1
B031,2021-07-17 18:00:00,0,614E1950,0,,537.45,1,0,1
B031,2021-07-17 18:00:00,1,614G2040,0,,335.17,1,0,1
B031,2021-07-17 18:00:00,2,61402050,0,,306.82,1,0,1
B031,2021-07-17 19:00:00,0,614E1950,0,,537.44,1,0,1
B031,2021-07-17 19:00:00,1,614G2040,0,,335.25,1,0,1
B031,2021-07-17 19:00:00,2,61402050,0,,306.81,1,0,1
B031,2021-07-17 20:00:00,0,614E1950,0,,537.42,1,0,1
B031,2021-07-17 20:00:00,1,614G2040,0,,335.36,1,0,1
B031,2021-07-17 20:00:00,2,61402050,0,,306.8,1,0,1
B031,2021-07-17 21:00:00,0,614E1950,0,,537.41,1,0,1
B031,2021-07-17 21:00:00,1,614G2040,0,,335.38,1,0,1
B031,2021-07-17 21:00:00,2,61402050,0,,306.82,1,0,1
B031,2021-07-17 22:00:00,0,614E1950,0,,537.4,1,0,1
B031,2021-07-17 22:00:00,1,614G2040,0,,335.45,1,0,1
B031,2021-07-17 22:00:00,2,61402050,0,,306.82,1,0,1
B031,2021-07-17 23:00:00,0,614E1950,0,,537.38,1,0,1
B031,2021-07-17 23:00:00,1,614G2040,0,,335.47,1,0,1
B031,2021-07-17 23:00:00,2,61402050,0,,306.83,1,0,1
B031,2021-07-18 00:00:00,0,614E1950,0,,537.37,1,0,1
B031,2021-07-18 00:00:00,1,614G2040,0,,335.52,1,0,1
B031,2021-07-18 00:00:00,2,61402050,0,,306.84,1,0,1
B031,2021-07-18 01:00:00,0,614E1950,0,,537.36,1,0,1
B031,2021-07-18 01:00:00,1,614G2040,0,,335.56,1,0,1
B031,2021-07-18 01:00:00,2,61402050,0,,306.85,1,0,1
B031,2021-07-18 02:00:00,0,614E1950,0,,537.35,1,0,1
B031,2021-07-18 02:00:00,1,614G2040,0,,335.57,1,0,1
B031,2021-07-18 02:00:00,2,61402050,0,,306.86,1,0,1
B031,2021-07-18 03:00:00,0,614E1950,0,,537.34,1,0,1
B031,2021-07-18 03:00:00,1,614G2040,0,,335.62,1,0,1
B031,2021-07-18 03:00:00,2,61402050,0,,306.86,1,0,1
B031,2021-07-18 04:00:00,0,614E1950,0,,537.33,1,0,1
B031,2021-07-18 04:00:00,1,614G2040,0,,335.63,1,0,1
B031,2021-07-18 04:00:00,2,61402050,0,,306.88,1,0,1
B031,2021-07-18 05:00:00,0,614E1950,0,,537.33,1,0,1
B031,2021-07-18 05:00:00,1,614G2040,0,,335.62,1,0,1
B031,2021-07-18 05:00:00,2,61402050,0,,306.88,1,0,1
B031,2021-07-18 06:00:00,0,614E1950,0.06128867977,,537.32,1,0,1
B031,2021-07-18 06:00:00,1,614G2040,0.02633234376,,335.63,1,0,1
B031,2021-07-18 06:00:00,2,61402050,0,,306.88,1,0,1
B031,2021-07-18 07:00:00,0,614E1950,3.265113387,,537.31,1,0,1
B031,2021-07-18 07:00:00,1,614G2040,4.226964909,,335.56,1,0,1
B031,2021-07-18 07:00:00,2,61402050,2.009414658,,306.88,1,0,1
B031,2021-07-18 08:00:00,0,614E1950,0,,537.31,1,0,1
B031,2021-07-18 08:00:00,1,614G2040,0,,335.53,1,0,1
B031,2021-07-18 08:00:00,2,61402050,0,11.7,306.88,1,1,1
B031,2021-07-18 09:00:00,0,614E1950,0,,537.3,1,0,1
B031,2021-07-18 09:00:00,1,614G2040,0,,335.3,1,0,1
B031,2021-07-18 09:00:00,2,61402050,0,,306.88,1,0,1
B031,2021-07-18 10:00:00,0,614E1950,0,,537.3,1,0,1
B031,2021-07-18 10:00:00,1,614G2040,0,,335.22,1,0,1
B031,2021-07-18 10:00:00,2,61402050,0,,306.87,1,0,1
B031,2021-07-18 11:00:00,0,614E1950,0.2061215209,,537.29,1,0,1
B031,2021-07-18 11:00:00,1,614G2040,0.217268699,,335.22,1,0,1
B031,2021-07-18 11:00:00,2,61402050,0.01856953027,,306.87,1,0,1
B031,2021-07-18 12:00:00,0,614E1950,0.08287442916,,537.29,1,0,1
B031,2021-07-18 12:00:00,1,614G2040,0.4827746972,,335.21,1,0,1
B031,2021-07-18 12:00:00,2,61402050,0.994586206,,306.86,1,0,1
B031,2021-07-18 13:00:00,0,614E1950,0.0757908014,,537.28,1,0,1
B031,2021-07-18 13:00:00,1,614G2040,0.4429251197,,335.21,1,0,1
B031,2021-07-18 13:00:00,2,61402050,0.5072024392,,306.86,1,0,1
B031,2021-07-18 14:00:00,0,614E1950,0.2005808557,,537.27,1,0,1
B031,2021-07-18 14:00:00,1,614G2040,0,,335.16,1,0,1
B031,2021-07-18 14:00:00,2,61402050,0,,306.86,1,0,1
B031,2021-07-18 15:00:00,0,614E1950,1.913710488,,537.27,1,0,1
B031,2021-07-18 15:00:00,1,614G2040,7.953366173,,335.11,1,0,1
B031,2021-07-18 15:00:00,2,61402050,11.85869628,,306.85,1,0,1
B031,2021-07-18 16:00:00,0,614E1950,1.981785644,,537.27,1,0,1
B031,2021-07-18 16:00:00,1,614G2040,2.807329542,,335.58,1,0,1
B031,2021-07-18 16:00:00,2,61402050,0.5720025095,,307.04,1,0,1
B031,2021-07-18 17:00:00,0,614E1950,0.8287317994,,537.26,1,0,1
B031,2021-07-18 17:00:00,1,614G2040,1.074979893,,335.58,1,0,1
B031,2021-07-18 17:00:00,2,61402050,1.122349992,,306.94,1,0,1
B031,2021-07-18 18:00:00,0,614E1950,0.275053544,,537.26,1,0,1
B031,2021-07-18 18:00:00,1,614G2040,0.0691080807,,335.59,1,0,1
B031,2021-07-18 18:00:00,2,61402050,0.6550668533,,306.95,1,0,1
B031,2021-07-18 19:00:00,0,614E1950,0.04131498739,,537.26,1,0,1
B031,2021-07-18 19:00:00,1,614G2040,0.3276970455,,335.61,1,0,1
B031,2021-07-18 19:00:00,2,61402050,1.150338332,,306.94,1,0,1
B031,2021-07-18 20:00:00,0,614E1950,6.60361413,,537.25,1,0,1
B031,2021-07-18 20:00:00,1,614G2040,3.341824839,,335.62,1,0,1
B031,2021-07-18 20:00:00,2,61402050,4.914134988,,306.92,1,0,1
B031,2021-07-18 21:00:00,0,614E1950,0.6196990569,,537.3,1,0,1
B031,2021-07-18 21:00:00,1,614G2040,0.6876369165,,335.63,1,0,1
B031,2021-07-18 21:00:00,2,61402050,0.2190006315,,306.92,1,0,1
B031,2021-07-18 22:00:00,0,614E1950,0.06083352324,,537.59,1,0,1
B031,2021-07-18 22:00:00,1,614G2040,0.2867925175,,335.64,1,0,1
B031,2021-07-18 22:00:00,2,61402050,0,,306.93,1,0,1
B031,2021-07-18 23:00:00,0,614E1950,0,,537.49,1,0,1
B031,2021-07-18 23:00:00,1,614G2040,0.1433962588,,335.63,1,0,1
B031,2021-07-18 23:00:00,2,61402050,0,,307.08,1,0,1
B031,2021-07-19 00:00:00,0,614E1950,0.07794773288,,537.47,1,0,1
B031,2021-07-19 00:00:00,1,614G2040,0.02731919564,,335.66,1,0,1
B031,2021-07-19 00:00:00,2,61402050,0.00257169175,,307.05,1,0,1
B031,2021-07-19 01:00:00,0,614E1950,0,,537.46,1,0,1
B031,2021-07-19 01:00:00,1,614G2040,0.146280049,,335.71,1,0,1
B031,2021-07-19 01:00:00,2,61402050,0.03441217649,,307.06,1,0,1
B031,2021-07-19 02:00:00,0,614E1950,0,,537.46,1,0,1
B031,2021-07-19 02:00:00,1,614G2040,0,,335.73,1,0,1
B031,2021-07-19 02:00:00,2,61402050,0,,307.07,1,0,1
B031,2021-07-19 03:00:00,0,614E1950,0.02231370952,,537.44,1,0,1
B031,2021-07-19 03:00:00,1,614G2040,0,,335.73,1,0,1
B031,2021-07-19 03:00:00,2,61402050,0,,307.06,1,0,1
B031,2021-07-19 04:00:00,0,614E1950,1.912966775,,537.44,1,0,1
B031,2021-07-19 04:00:00,1,614G2040,1.104897625,,335.73,1,0,1
B031,2021-07-19 04:00:00,2,61402050,0.6049257487,,307.06,1,0,1
B031,2021-07-19 05:00:00,0,614E1950,4.808193202,,537.44,1,0,1
B031,2021-07-19 05:00:00,1,614G2040,6.296207925,,335.73,1,0,1
B031,2021-07-19 05:00:00,2,61402050,5.561823072,,307.05,1,0,1
B031,2021-07-19 06:00:00,0,614E1950,37.06984989,,537.44,1,0,1
B031,2021-07-19 06:00:00,1,614G2040,32.55612059,,335.74,1,0,1
B031,2021-07-19 06:00:00,2,61402050,15.49766388,,307.3,1,0,1
B031,2021-07-19 07:00:00,0,614E1950,8.508843503,,538.03,1,0,1
B031,2021-07-19 07:00:00,1,614G2040,30.63194165,,335.85,1,0,1
B031,2021-07-19 07:00:00,2,61402050,26.86277186,,,1,0,0
B031,2021-07-19 08:00:00,0,614E1950,1.870842639,,538.32,1,0,1
B031,2021-07-19 08:00:00,1,614G2040,3.190449145,,336.27,1,0,1
B031,2021-07-19 08:00:00,2,61402050,2.302474719,143,308.4,1,1,1
B031,2021-07-19 09:00:00,0,614E1950,0.9738453392,,,1,0,0
B031,2021-07-19 09:00:00,1,614G2040,1.591484189,,336.89,1,0,1
B031,2021-07-19 09:00:00,2,61402050,0.6878821462,,308.62,1,0,1
B031,2021-07-19 10:00:00,0,614E1950,0.5552168102,,538.39,1,0,1
B031,2021-07-19 10:00:00,1,614G2040,0.4244928288,,337.17,1,0,1
B031,2021-07-19 10:00:00,2,61402050,0.7252614854,,308.74,1,0,1
B031,2021-07-19 11:00:00,0,614E1950,0.9774099507,,538.26,1,0,1
B031,2021-07-19 11:00:00,1,614G2040,1.493613586,,337.24,1,0,1
B031,2021-07-19 11:00:00,2,61402050,1.403895204,,308.74,1,0,1
B031,2021-07-19 12:00:00,0,614E1950,0.07983480111,,538.17,1,0,1
B031,2021-07-19 12:00:00,1,614G2040,0.3535291498,,337.23,1,0,1
B031,2021-07-19 12:00:00,2,61402050,0.04323387723,,308.68,1,0,1
B031,2021-07-19 13:00:00,0,614E1950,0.1225773595,,538.02,1,0,1
B031,2021-07-19 13:00:00,1,614G2040,0.05266468752,,337.15,1,0,1
B031,2021-07-19 13:00:00,2,61402050,0,,308.55,1,0,1
B031,2021-07-19 14:00:00,0,614E1950,0,,,1,0,0
B031,2021-07-19 14:00:00,1,614G2040,0,,336.7,1,0,1
B031,2021-07-19 14:00:00,2,61402050,0,,308.42,1,0,1
B031,2021-07-20 06:00:00,0,614E1950,0,,537.47,1,0,1
B031,2021-07-20 06:00:00,1,614G2040,0,,336,1,0,1
B031,2021-07-20 06:00:00,2,61402050,0,,307.3,1,0,1
B031,2021-07-20 07:00:00,0,614E1950,4.595933004,,537.46,1,0,1
B031,2021-07-20 07:00:00,1,614G2040,7.194831654,,335.96,1,0,1
B031,2021-07-20 07:00:00,2,61402050,5.183352,,307.29,1,0,1
B031,2021-07-20 08:00:00,0,614E1950,0.06870717364,,537.44,1,0,1
B031,2021-07-20 08:00:00,1,614G2040,0.07242289968,,335.87,1,0,1
B031,2021-07-20 08:00:00,2,61402050,0,34.6,307.27,1,1,1
B031,2021-07-20 09:00:00,0,614E1950,0,,537.43,1,0,1
B031,2021-07-20 09:00:00,1,614G2040,0,,335.67,1,0,1
B031,2021-07-20 09:00:00,2,61402050,0,,307.24,1,0,1
B031,2021-07-20 10:00:00,0,614E1950,0,,537.41,1,0,1
B031,2021-07-20 10:00:00,1,614G2040,0,,335.66,1,0,1
B031,2021-07-20 10:00:00,2,61402050,0,,307.21,1,0,1
B031,2021-07-20 11:00:00,0,614E1950,0,,537.41,1,0,1
B031,2021-07-20 11:00:00,1,614G2040,0,,335.64,1,0,1
B031,2021-07-20 11:00:00,2,61402050,0,,307.18,1,0,1
B031,2021-07-20 12:00:00,0,614E1950,0,,537.4,1,0,1
B031,2021-07-20 12:00:00,1,614G2040,0.08907158636,,335.62,1,0,1
B031,2021-07-20 12:00:00,2,61402050,0,,307.17,1,0,1
B031,2021-07-20 13:00:00,0,614E1950,0.05153038023,,537.38,1,0,1
B031,2021-07-20 13:00:00,1,614G2040,0.05431717476,,335.6,1,0,1
B031,2021-07-20 13:00:00,2,61402050,0,,307.15,1,0,1
B031,2021-07-20 14:00:00,0,614E1950,0,,537.38,1,0,1
B031,2021-07-20 14:00:00,1,614G2040,0,,335.57,1,0,1
B031,2021-07-20 14:00:00,2,61402050,0,,307.13,1,0,1
B031,2021-07-20 15:00:00,0,614E1950,0.08410185919,,537.37,1,0,1
B031,2021-07-20 15:00:00,1,614G2040,0.01967655363,,335.5,1,0,1
B031,2021-07-20 15:00:00,2,61402050,0,,307.12,1,0,1
B031,2021-07-20 16:00:00,0,614E1950,0,,537.36,1,0,1
B031,2021-07-20 16:00:00,1,614G2040,0,,335.47,1,0,1
B031,2021-07-20 16:00:00,2,61402050,0,,307.09,1,0,1
B031,2021-07-20 17:00:00,0,614E1950,0,,537.35,1,0,1
B031,2021-07-20 17:00:00,1,614G2040,0,,335.44,1,0,1
B031,2021-07-20 17:00:00,2,61402050,0,,307.08,1,0,1
B031,2021-07-20 18:00:00,0,614E1950,0,,537.34,1,0,1
B031,2021-07-20 18:00:00,1,614G2040,0,,335.43,1,0,1
B031,2021-07-20 18:00:00,2,61402050,0,,307.07,1,0,1
B031,2021-07-20 19:00:00,0,614E1950,0,,537.34,1,0,1
B031,2021-07-20 19:00:00,1,614G2040,0,,335.46,1,0,1
B031,2021-07-20 19:00:00,2,61402050,0,,307.05,1,0,1
B031,2021-07-20 20:00:00,0,614E1950,0,,537.33,1,0,1
B031,2021-07-20 20:00:00,1,614G2040,0,,335.62,1,0,1
B031,2021-07-20 20:00:00,2,61402050,0,,307.03,1,0,1
B031,2021-07-20 21:00:00,0,614E1950,0,,537.33,1,0,1
B031,2021-07-20 21:00:00,1,614G2040,0,,335.55,1,0,1
B031,2021-07-20 21:00:00,2,61402050,0,,307.02,1,0,1
B031,2021-07-20 22:00:00,0,614E1950,0,,537.32,1,0,1
B031,2021-07-20 22:00:00,1,614G2040,0,,335.56,1,0,1
B031,2021-07-20 22:00:00,2,61402050,0,,307.01,1,0,1
B031,2021-07-20 23:00:00,0,614E1950,0,,537.31,1,0,1
B031,2021-07-20 23:00:00,1,614G2040,0,,335.61,1,0,1
B031,2021-07-20 23:00:00,2,61402050,0,,307,1,0,1
B031,2021-07-21 00:00:00,0,614E1950,0,,537.31,1,0,1
B031,2021-07-21 00:00:00,1,614G2040,0,,335.6,1,0,1
B031,2021-07-21 00:00:00,2,61402050,0,,306.99,1,0,1
B031,2021-07-21 01:00:00,0,614E1950,0,,537.3,1,0,1
B031,2021-07-21 01:00:00,1,614G2040,0,,335.6,1,0,1
B031,2021-07-21 01:00:00,2,61402050,0,,306.98,1,0,1
B031,2021-07-21 02:00:00,0,614E1950,0,,537.3,1,0,1
B031,2021-07-21 02:00:00,1,614G2040,0,,335.6,1,0,1
B031,2021-07-21 02:00:00,2,61402050,0,,306.97,1,0,1
B031,2021-07-21 03:00:00,0,614E1950,0,,537.29,1,0,1
B031,2021-07-21 03:00:00,1,614G2040,0,,335.6,1,0,1
B031,2021-07-21 03:00:00,2,61402050,0,,306.96,1,0,1
B031,2021-07-21 04:00:00,0,614E1950,0,,537.29,1,0,1
B031,2021-07-21 04:00:00,1,614G2040,0,,335.58,1,0,1
B031,2021-07-21 04:00:00,2,61402050,0,,306.95,1,0,1
B031,2021-07-21 05:00:00,0,614E1950,0,,537.28,1,0,1
B031,2021-07-21 05:00:00,1,614G2040,0,,335.57,1,0,1
B031,2021-07-21 05:00:00,2,61402050,0,,306.94,1,0,1
B031,2021-07-21 06:00:00,0,614E1950,0,,537.27,1,0,1
B031,2021-07-21 06:00:00,1,614G2040,0,,335.56,1,0,1
B031,2021-07-21 06:00:00,2,61402050,0,,306.93,1,0,1
B031,2021-07-21 07:00:00,0,614E1950,0.1202375539,,537.27,1,0,1
B031,2021-07-21 07:00:00,1,614G2040,0.2744035207,,335.56,1,0,1
B031,2021-07-21 07:00:00,2,61402050,0.02112944376,,306.93,1,0,1
B031,2021-07-21 08:00:00,0,614E1950,0,,537.26,1,0,1
B031,2021-07-21 08:00:00,1,614G2040,0,,335.41,1,0,1
B031,2021-07-21 08:00:00,2,61402050,0,13.9,306.93,1,1,1
B031,2021-07-21 09:00:00,0,614E1950,0,,537.26,1,0,1
B031,2021-07-21 09:00:00,1,614G2040,0,,335.38,1,0,1
B031,2021-07-21 09:00:00,2,61402050,0,,306.91,1,0,1
B031,2021-07-21 10:00:00,0,614E1950,0,,537.25,1,0,1
B031,2021-07-21 10:00:00,1,614G2040,0,,335.38,1,0,1
B031,2021-07-21 10:00:00,2,61402050,0,,306.9,1,0,1
B031,2021-07-21 11:00:00,0,614E1950,0.1030607605,,537.25,1,0,1
B031,2021-07-21 11:00:00,1,614G2040,0.1086343495,,335.37,1,0,1
B031,2021-07-21 11:00:00,2,61402050,0,,306.9,1,0,1
B031,2021-07-21 12:00:00,0,614E1950,0.05153038023,,537.25,1,0,1
B031,2021-07-21 12:00:00,1,614G2040,0.05431717476,,335.37,1,0,1
B031,2021-07-21 12:00:00,2,61402050,0,,306.89,1,0,1
B031,2021-07-21 13:00:00,0,614E1950,0,,537.25,1,0,1
B031,2021-07-21 13:00:00,1,614G2040,0,,335.36,1,0,1
B031,2021-07-21 13:00:00,2,61402050,0,,306.88,1,0,1
B031,2021-07-21 14:00:00,0,614E1950,0,,537.24,1,0,1
B031,2021-07-21 14:00:00,1,614G2040,0,,335.37,1,0,1
B031,2021-07-21 14:00:00,2,61402050,0,,306.88,1,0,1
B031,2021-07-21 15:00:00,0,614E1950,0.05153038023,,537.24,1,0,1
B031,2021-07-21 15:00:00,1,614G2040,0.1984120937,,335.35,1,0,1
B031,2021-07-21 15:00:00,2,61402050,1.766698284,,306.87,1,0,1
B031,2021-07-21 16:00:00,0,614E1950,0.7737371045,,537.24,1,0,1
B031,2021-07-21 16:00:00,1,614G2040,2.917848613,,335.6,1,0,1
B031,2021-07-21 16:00:00,2,61402050,2.43536639,,306.86,1,0,1
B031,2021-07-21 17:00:00,0,614E1950,0,,537.24,1,0,1
B031,2021-07-21 17:00:00,1,614G2040,0,,335.61,1,0,1
B031,2021-07-21 17:00:00,2,61402050,0,,306.98,1,0,1
B031,2021-07-21 18:00:00,0,614E1950,0,,537.23,1,0,1
B031,2021-07-21 18:00:00,1,614G2040,0,,335.6,1,0,1
B031,2021-07-21 18:00:00,2,61402050,0,,306.9,1,0,1
B031,2021-07-21 19:00:00,0,614E1950,0,,537.22,1,0,1
B031,2021-07-21 19:00:00,1,614G2040,0,,335.59,1,0,1
B031,2021-07-21 19:00:00,2,61402050,0,,306.88,1,0,1
B031,2021-07-21 20:00:00,0,614E1950,0,,537.22,1,0,1
B031,2021-07-21 20:00:00,1,614G2040,0,,335.58,1,0,1
B031,2021-07-21 20:00:00,2,61402050,0,,306.86,1,0,1
B031,2021-07-21 21:00:00,0,614E1950,0.01682037184,,537.22,1,0,1
B031,2021-07-21 21:00:00,1,614G2040,0.003935310725,,335.58,1,0,1
B031,2021-07-21 21:00:00,2,61402050,0,,306.85,1,0,1
B031,2021-07-21 22:00:00,0,614E1950,0,,537.22,1,0,1
B031,2021-07-21 22:00:00,1,614G2040,0,,335.56,1,0,1
B031,2021-07-21 22:00:00,2,61402050,0,,306.85,1,0,1
B031,2021-07-21 23:00:00,0,614E1950,0,,537.22,1,0,1
B031,2021-07-21 23:00:00,1,614G2040,0,,335.55,1,0,1
B031,2021-07-21 23:00:00,2,61402050,0,,306.84,1,0,1
B031,2021-07-22 00:00:00,0,614E1950,0,,537.21,1,0,1
B031,2021-07-22 00:00:00,1,614G2040,0,,335.55,1,0,1
B031,2021-07-22 00:00:00,2,61402050,0,,306.83,1,0,1
B031,2021-07-22 01:00:00,0,614E1950,0,,537.21,1,0,1
B031,2021-07-22 01:00:00,1,614G2040,0,,335.54,1,0,1
B031,2021-07-22 01:00:00,2,61402050,0,,306.83,1,0,1
B031,2021-07-22 02:00:00,0,614E1950,0,,537.21,1,0,1
B031,2021-07-22 02:00:00,1,614G2040,0,,335.53,1,0,1
B031,2021-07-22 02:00:00,2,61402050,0,,306.83,1,0,1
B031,2021-07-22 03:00:00,0,614E1950,0,,537.2,1,0,1
B031,2021-07-22 03:00:00,1,614G2040,0,,335.52,1,0,1
B031,2021-07-22 03:00:00,2,61402050,0,,306.82,1,0,1
B031,2021-07-22 04:00:00,0,614E1950,0,,537.2,1,0,1
B031,2021-07-22 04:00:00,1,614G2040,0,,335.51,1,0,1
B031,2021-07-22 04:00:00,2,61402050,0,,306.82,1,0,1
B031,2021-07-22 05:00:00,0,614E1950,0,,537.2,1,0,1
B031,2021-07-22 05:00:00,1,614G2040,0,,335.5,1,0,1
B031,2021-07-22 05:00:00,2,61402050,0,,306.81,1,0,1
B031,2021-07-22 06:00:00,0,614E1950,0.1717679341,,537.2,1,0,1
B031,2021-07-22 06:00:00,1,614G2040,0.1810572492,,335.51,1,0,1
B031,2021-07-22 06:00:00,2,61402050,0,,306.81,1,0,1
B031,2021-07-22 07:00:00,0,614E1950,1.168446931,,537.19,1,0,1
B031,2021-07-22 07:00:00,1,614G2040,3.464204791,,335.5,1,0,1
B031,2021-07-22 07:00:00,2,61402050,4.202064674,,306.81,1,0,1
B031,2021-07-22 08:00:00,0,614E1950,0.01717679341,,537.19,1,0,1
B031,2021-07-22 08:00:00,1,614G2040,0.01810572492,,335.5,1,0,1
B031,2021-07-22 08:00:00,2,61402050,0,9.34,306.81,1,1,1
B031,2021-07-22 09:00:00,0,614E1950,0,,537.19,1,0,1
B031,2021-07-22 09:00:00,1,614G2040,0,,335.5,1,0,1
B031,2021-07-22 09:00:00,2,61402050,0,,306.81,1,0,1
B031,2021-07-22 10:00:00,0,614E1950,0,,537.19,1,0,1
B031,2021-07-22 10:00:00,1,614G2040,0,,335.47,1,0,1
B031,2021-07-22 10:00:00,2,61402050,0,,306.81,1,0,1
B031,2021-07-22 11:00:00,0,614E1950,0,,537.18,1,0,1
B031,2021-07-22 11:00:00,1,614G2040,0,,335.31,1,0,1
B031,2021-07-22 11:00:00,2,61402050,0,,306.8,1,0,1
B031,2021-07-22 12:00:00,0,614E1950,0,,537.18,1,0,1
B031,2021-07-22 12:00:00,1,614G2040,0,,335.3,1,0,1
B031,2021-07-22 12:00:00,2,61402050,0,,306.8,1,0,1
B031,2021-07-22 13:00:00,0,614E1950,0,,537.17,1,0,1
B031,2021-07-22 13:00:00,1,614G2040,0,,335.3,1,0,1
B031,2021-07-22 13:00:00,2,61402050,0.1382050435,,306.8,1,0,1
B031,2021-07-22 14:00:00,0,614E1950,0.8257966829,,537.17,1,0,1
B031,2021-07-22 14:00:00,1,614G2040,6.63890447,,335.33,1,0,1
B031,2021-07-22 14:00:00,2,61402050,6.022200266,,306.8,1,0,1
B031,2021-07-22 15:00:00,0,614E1950,0,,537.17,1,0,1
B031,2021-07-22 15:00:00,1,614G2040,0.01314662914,,335.49,1,0,1
B031,2021-07-22 15:00:00,2,61402050,0.001325565312,,306.85,1,0,1
B031,2021-07-22 16:00:00,0,614E1950,0,,537.17,1,0,1
B031,2021-07-22 16:00:00,1,614G2040,0,,335.49,1,0,1
B031,2021-07-22 16:00:00,2,61402050,0,,306.91,1,0,1
B031,2021-07-22 17:00:00,0,614E1950,0,,537.17,1,0,1
B031,2021-07-22 17:00:00,1,614G2040,0,,335.49,1,0,1
B031,2021-07-22 17:00:00,2,61402050,0,,306.9,1,0,1
B031,2021-07-22 18:00:00,0,614E1950,0,,537.17,1,0,1
B031,2021-07-22 18:00:00,1,614G2040,0,,335.45,1,0,1
B031,2021-07-22 18:00:00,2,61402050,0,,306.88,1,0,1
B031,2021-07-22 19:00:00,0,614E1950,0,,537.17,1,0,1
B031,2021-07-22 19:00:00,1,614G2040,0,,335.41,1,0,1
B031,2021-07-22 19:00:00,2,61402050,0,,306.86,1,0,1
B031,2021-07-22 20:00:00,0,614E1950,0,,537.17,1,0,1
B031,2021-07-22 20:00:00,1,614G2040,0,,335.45,1,0,1
B031,2021-07-22 20:00:00,2,61402050,0,,306.85,1,0,1
B031,2021-07-22 21:00:00,0,614E1950,0,,537.16,1,0,1
B031,2021-07-22 21:00:00,1,614G2040,0,,335.46,1,0,1
B031,2021-07-22 21:00:00,2,61402050,0,,306.84,1,0,1
B031,2021-07-22 22:00:00,0,614E1950,0,,537.16,1,0,1
B031,2021-07-22 22:00:00,1,614G2040,0,,335.46,1,0,1
B031,2021-07-22 22:00:00,2,61402050,0,,306.83,1,0,1
B031,2021-07-22 23:00:00,0,614E1950,0,,537.16,1,0,1
B031,2021-07-22 23:00:00,1,614G2040,0,,335.46,1,0,1
B031,2021-07-22 23:00:00,2,61402050,0,,306.83,1,0,1
B031,2021-07-23 00:00:00,0,614E1950,0,,537.16,1,0,1
B031,2021-07-23 00:00:00,1,614G2040,0.49627612,,335.46,1,0,1
B031,2021-07-23 00:00:00,2,61402050,0,,306.82,1,0,1
B031,2021-07-23 01:00:00,0,614E1950,0,,537.15,1,0,1
B031,2021-07-23 01:00:00,1,614G2040,0.1810257693,,335.46,1,0,1
B031,2021-07-23 01:00:00,2,61402050,0,,306.82,1,0,1
B031,2021-07-23 02:00:00,0,614E1950,0,,537.15,1,0,1
B031,2021-07-23 02:00:00,1,614G2040,0,,335.46,1,0,1
B031,2021-07-23 02:00:00,2,61402050,0,,306.82,1,0,1
B031,2021-07-23 03:00:00,0,614E1950,0,,537.15,1,0,1
B031,2021-07-23 03:00:00,1,614G2040,0,,335.46,1,0,1
B031,2021-07-23 03:00:00,2,61402050,0,,306.82,1,0,1
B031,2021-07-23 04:00:00,0,614E1950,0,,537.15,1,0,1
B031,2021-07-23 04:00:00,1,614G2040,0,,335.46,1,0,1
B031,2021-07-23 04:00:00,2,61402050,0,,306.82,1,0,1
B031,2021-07-23 05:00:00,0,614E1950,0,,537.15,1,0,1
B031,2021-07-23 05:00:00,1,614G2040,0,,335.47,1,0,1
B031,2021-07-23 05:00:00,2,61402050,0,,306.81,1,0,1
B031,2021-07-23 06:00:00,0,614E1950,0.05153038023,,537.15,1,0,1
B031,2021-07-23 06:00:00,1,614G2040,0.05660106159,,335.46,1,0,1
B031,2021-07-23 06:00:00,2,61402050,0,,306.81,1,0,1
B031,2021-07-23 07:00:00,0,614E1950,0.8945038565,,537.14,1,0,1
B031,2021-07-23 07:00:00,1,614G2040,7.448358809,,335.45,1,0,1
B031,2021-07-23 07:00:00,2,61402050,6.168069708,,306.81,1,0,1
B031,2021-07-23 08:00:00,0,614E1950,0,,537.15,1,0,1
B031,2021-07-23 08:00:00,1,614G2040,0,,335.42,1,0,1
B031,2021-07-23 08:00:00,2,61402050,0,9.34,306.81,1,1,1
B031,2021-07-23 09:00:00,0,614E1950,0,,537.14,1,0,1
B031,2021-07-23 09:00:00,1,614G2040,0,,335.13,1,0,1
B031,2021-07-23 09:00:00,2,61402050,0,,306.81,1,0,1
B031,2021-07-23 10:00:00,0,614E1950,0,,537.14,1,0,1
B031,2021-07-23 10:00:00,1,614G2040,0,,334.91,1,0,1
B031,2021-07-23 10:00:00,2,61402050,0,,306.73,1,0,1
B031,2021-07-23 11:00:00,0,614E1950,0,,537.14,1,0,1
B031,2021-07-23 11:00:00,1,614G2040,0,,334.9,1,0,1
B031,2021-07-23 11:00:00,2,61402050,0,,306.67,1,0,1
B031,2021-07-23 12:00:00,0,614E1950,0,,537.14,1,0,1
B031,2021-07-23 12:00:00,1,614G2040,0,,334.89,1,0,1
B031,2021-07-23 12:00:00,2,61402050,0,,306.66,1,0,1
B031,2021-07-23 13:00:00,0,614E1950,0,,537.14,1,0,1
B031,2021-07-23 13:00:00,1,614G2040,0,,334.89,1,0,1
B031,2021-07-23 13:00:00,2,61402050,0,,306.65,1,0,1
B031,2021-07-23 14:00:00,0,614E1950,0.002180906031,,537.14,1,0,1
B031,2021-07-23 14:00:00,1,614G2040,0.0127045973,,334.89,1,0,1
B031,2021-07-23 14:00:00,2,61402050,0.02421863381,,306.65,1,0,1
B031,2021-07-23 15:00:00,0,614E1950,0,,537.13,1,0,1
B031,2021-07-23 15:00:00,1,614G2040,0,,334.88,1,0,1
B031,2021-07-23 15:00:00,2,61402050,0,,306.64,1,0,1
B031,2021-07-23 16:00:00,0,614E1950,0,,537.14,1,0,1
B031,2021-07-23 16:00:00,1,614G2040,0,,334.88,1,0,1
B031,2021-07-23 16:00:00,2,61402050,0,,306.64,1,0,1
B031,2021-07-23 17:00:00,0,614E1950,0,,537.13,1,0,1
B031,2021-07-23 17:00:00,1,614G2040,0,,334.88,1,0,1
B031,2021-07-23 17:00:00,2,61402050,0,,306.64,1,0,1
B031,2021-07-23 18:00:00,0,614E1950,0,,537.13,1,0,1
B031,2021-07-23 18:00:00,1,614G2040,0,,334.89,1,0,1
B031,2021-07-23 18:00:00,2,61402050,0,,306.63,1,0,1
B031,2021-07-23 19:00:00,0,614E1950,0,,537.13,1,0,1
B031,2021-07-23 19:00:00,1,614G2040,0,,334.92,1,0,1
B031,2021-07-23 19:00:00,2,61402050,0,,306.63,1,0,1
B031,2021-07-23 20:00:00,0,614E1950,0,,537.13,1,0,1
B031,2021-07-23 20:00:00,1,614G2040,0,,334.94,1,0,1
B031,2021-07-23 20:00:00,2,61402050,0,,306.63,1,0,1
B031,2021-07-23 21:00:00,0,614E1950,0,,537.12,1,0,1
B031,2021-07-23 21:00:00,1,614G2040,0,,334.96,1,0,1
B031,2021-07-23 21:00:00,2,61402050,0,,306.62,1,0,1
B031,2021-07-23 22:00:00,0,614E1950,0,,537.13,1,0,1
B031,2021-07-23 22:00:00,1,614G2040,0,,334.99,1,0,1
B031,2021-07-23 22:00:00,2,61402050,0,,306.61,1,0,1
B031,2021-07-23 23:00:00,0,614E1950,0,,537.12,1,0,1
B031,2021-07-23 23:00:00,1,614G2040,0,,335.01,1,0,1
B031,2021-07-23 23:00:00,2,61402050,0,,306.61,1,0,1
B031,2021-07-24 00:00:00,0,614E1950,0,,537.12,1,0,1
B031,2021-07-24 00:00:00,1,614G2040,0,,335.04,1,0,1
B031,2021-07-24 00:00:00,2,61402050,0,,306.61,1,0,1
B031,2021-07-24 01:00:00,0,614E1950,0,,537.12,1,0,1
B031,2021-07-24 01:00:00,1,614G2040,0,,335.04,1,0,1
B031,2021-07-24 01:00:00,2,61402050,0,,306.61,1,0,1
B031,2021-07-24 02:00:00,0,614E1950,0,,,1,0,0
B031,2021-07-24 02:00:00,1,614G2040,0,,,1,0,0
B031,2021-07-24 02:00:00,2,61402050,0,,,1,0,0
B031,2021-07-24 03:00:00,0,614E1950,0,,,1,0,0
B031,2021-07-24 03:00:00,1,614G2040,0,,,1,0,0
B031,2021-07-24 03:00:00,2,61402050,0,,,1,0,0
B031,2021-07-24 04:00:00,0,614E1950,0,,,1,0,0
B031,2021-07-24 04:00:00,1,614G2040,0,,,1,0,0
B031,2021-07-24 04:00:00,2,61402050,0,,,1,0,0
B031,2021-07-24 05:00:00,0,614E1950,0,,,1,0,0
B031,2021-07-24 05:00:00,1,614G2040,0,,,1,0,0
B031,2021-07-24 05:00:00,2,61402050,0,,,1,0,0
B031,2021-07-24 06:00:00,0,614E1950,0,,,1,0,0
B031,2021-07-24 06:00:00,1,614G2040,0,,,1,0,0
B031,2021-07-24 06:00:00,2,61402050,0,,,1,0,0
B031,2021-07-24 07:00:00,0,614E1950,0,,537.12,1,0,1
B031,2021-07-24 07:00:00,1,614G2040,0,,335.04,1,0,1
B031,2021-07-24 07:00:00,2,61402050,0,,306.6,1,0,1
B031,2021-07-24 08:00:00,0,614E1950,0,,537.12,1,0,1
B031,2021-07-24 08:00:00,1,614G2040,0.6585930867,,335.04,1,0,1
B031,2021-07-24 08:00:00,2,61402050,0.3424074732,3.74,306.61,1,1,1
B031,2021-07-24 09:00:00,0,614E1950,0,,537.12,1,0,1
B031,2021-07-24 09:00:00,1,614G2040,0.01232074968,,335.08,1,0,1
B031,2021-07-24 09:00:00,2,61402050,0.06507201714,,306.62,1,0,1
B031,2021-07-24 10:00:00,0,614E1950,0,,537.12,1,0,1
B031,2021-07-24 10:00:00,1,614G2040,0,,335.07,1,0,1
B031,2021-07-24 10:00:00,2,61402050,0,,306.62,1,0,1
B031,2021-07-24 11:00:00,0,614E1950,0.08588396705,,537.11,1,0,1
B031,2021-07-24 11:00:00,1,614G2040,0.0905286246,,334.99,1,0,1
B031,2021-07-24 11:00:00,2,61402050,0,,306.62,1,0,1
B031,2021-07-24 12:00:00,0,614E1950,0,,537.11,1,0,1
B031,2021-07-24 12:00:00,1,614G2040,0,,334.91,1,0,1
B031,2021-07-24 12:00:00,2,61402050,0,,306.61,1,0,1
B031,2021-07-24 13:00:00,0,614E1950,0,,537.11,1,0,1
B031,2021-07-24 13:00:00,1,614G2040,0,,334.9,1,0,1
B031,2021-07-24 13:00:00,2,61402050,0,,306.61,1,0,1
B031,2021-07-24 14:00:00,0,614E1950,0,,537.11,1,0,1
B031,2021-07-24 14:00:00,1,614G2040,0,,334.9,1,0,1
B031,2021-07-24 14:00:00,2,61402050,0,,306.61,1,0,1
B031,2021-07-24 15:00:00,0,614E1950,0,,537.1,1,0,1
B031,2021-07-24 15:00:00,1,614G2040,0,,334.9,1,0,1
B031,2021-07-24 15:00:00,2,61402050,0,,306.61,1,0,1
B031,2021-07-24 16:00:00,0,614E1950,0,,537.11,1,0,1
B031,2021-07-24 16:00:00,1,614G2040,0,,334.9,1,0,1
B031,2021-07-24 16:00:00,2,61402050,0,,306.61,1,0,1
B031,2021-07-24 17:00:00,0,614E1950,0,,537.11,1,0,1
B031,2021-07-24 17:00:00,1,614G2040,0,,334.9,1,0,1
B031,2021-07-24 17:00:00,2,61402050,0,,306.61,1,0,1
B031,2021-07-24 18:00:00,0,614E1950,0,,537.11,1,0,1
B031,2021-07-24 18:00:00,1,614G2040,0,,334.91,1,0,1
B031,2021-07-24 18:00:00,2,61402050,0,,306.61,1,0,1
B031,2021-07-24 19:00:00,0,614E1950,0,,537.1,1,0,1
B031,2021-07-24 19:00:00,1,614G2040,0,,334.94,1,0,1
B031,2021-07-24 19:00:00,2,61402050,0,,306.61,1,0,1
B031,2021-07-24 20:00:00,0,614E1950,0,,537.11,1,0,1
B031,2021-07-24 20:00:00,1,614G2040,0,,334.96,1,0,1
B031,2021-07-24 20:00:00,2,61402050,0,,306.6,1,0,1
B031,2021-07-24 21:00:00,0,614E1950,0,,537.1,1,0,1
B031,2021-07-24 21:00:00,1,614G2040,0,,334.99,1,0,1
B031,2021-07-24 21:00:00,2,61402050,0,,306.6,1,0,1
B031,2021-07-24 22:00:00,0,614E1950,0,,537.1,1,0,1
B031,2021-07-24 22:00:00,1,614G2040,0,,335,1,0,1
B031,2021-07-24 22:00:00,2,61402050,0,,306.59,1,0,1
B031,2021-07-24 23:00:00,0,614E1950,0,,537.1,1,0,1
B031,2021-07-24 23:00:00,1,614G2040,0,,335,1,0,1
B031,2021-07-24 23:00:00,2,61402050,0,,306.59,1,0,1
B031,2021-07-25 00:00:00,0,614E1950,0,,537.1,1,0,1
B031,2021-07-25 00:00:00,1,614G2040,0,,335.01,1,0,1
B031,2021-07-25 00:00:00,2,61402050,0,,306.59,1,0,1
B031,2021-07-25 01:00:00,0,614E1950,0,,537.1,1,0,1
B031,2021-07-25 01:00:00,1,614G2040,0,,335.02,1,0,1
B031,2021-07-25 01:00:00,2,61402050,0,,306.59,1,0,1
B031,2021-07-25 02:00:00,0,614E1950,0,,537.1,1,0,1
B031,2021-07-25 02:00:00,1,614G2040,0,,335.02,1,0,1
B031,2021-07-25 02:00:00,2,61402050,0,,306.58,1,0,1
B031,2021-07-25 03:00:00,0,614E1950,0,,537.09,1,0,1
B031,2021-07-25 03:00:00,1,614G2040,0,,335.01,1,0,1
B031,2021-07-25 03:00:00,2,61402050,0,,306.58,1,0,1
B031,2021-07-25 04:00:00,0,614E1950,0,,537.1,1,0,1
B031,2021-07-25 04:00:00,1,614G2040,0,,335.02,1,0,1
B031,2021-07-25 04:00:00,2,61402050,0,,306.58,1,0,1
B031,2021-07-25 05:00:00,0,614E1950,0,,537.09,1,0,1
B031,2021-07-25 05:00:00,1,614G2040,0,,335.01,1,0,1
B031,2021-07-25 05:00:00,2,61402050,0,,306.58,1,0,1
B031,2021-07-25 06:00:00,0,614E1950,0,,537.09,1,0,1
B031,2021-07-25 06:00:00,1,614G2040,0,,335.01,1,0,1
B031,2021-07-25 06:00:00,2,61402050,0,,306.58,1,0,1
B031,2021-07-25 07:00:00,0,614E1950,0.08588396705,,537.09,1,0,1
B031,2021-07-25 07:00:00,1,614G2040,0.4661155684,,335.02,1,0,1
B031,2021-07-25 07:00:00,2,61402050,0.3652206028,,306.58,1,0,1
B031,2021-07-25 08:00:00,0,614E1950,0,,537.09,1,0,1
B031,2021-07-25 08:00:00,1,614G2040,0,,334.93,1,0,1
B031,2021-07-25 08:00:00,2,61402050,0,3.12,306.58,1,1,1
B031,2021-07-25 09:00:00,0,614E1950,0,,537.09,1,0,1
B031,2021-07-25 09:00:00,1,614G2040,0,,334.9,1,0,1
B031,2021-07-25 09:00:00,2,61402050,0,,306.59,1,0,1
B031,2021-07-25 10:00:00,0,614E1950,0,,537.09,1,0,1
B031,2021-07-25 10:00:00,1,614G2040,0,,334.9,1,0,1
B031,2021-07-25 10:00:00,2,61402050,0,,306.59,1,0,1
B031,2021-07-25 11:00:00,0,614E1950,0,,537.09,1,0,1
B031,2021-07-25 11:00:00,1,614G2040,0,,334.9,1,0,1
B031,2021-07-25 11:00:00,2,61402050,0,,306.59,1,0,1
B031,2021-07-25 12:00:00,0,614E1950,0,,537.09,1,0,1
B031,2021-07-25 12:00:00,1,614G2040,0,,334.89,1,0,1
B031,2021-07-25 12:00:00,2,61402050,0,,306.59,1,0,1
B031,2021-07-25 13:00:00,0,614E1950,0,,537.09,1,0,1
B031,2021-07-25 13:00:00,1,614G2040,0,,334.89,1,0,1
B031,2021-07-25 13:00:00,2,61402050,0,,306.59,1,0,1
B031,2021-07-25 14:00:00,0,614E1950,0,,537.09,1,0,1
B031,2021-07-25 14:00:00,1,614G2040,0,,334.88,1,0,1
B031,2021-07-25 14:00:00,2,61402050,0,,306.59,1,0,1
B031,2021-07-25 15:00:00,0,614E1950,0,,537.09,1,0,1
B031,2021-07-25 15:00:00,1,614G2040,0,,334.88,1,0,1
B031,2021-07-25 15:00:00,2,61402050,0,,306.59,1,0,1
B031,2021-07-25 16:00:00,0,614E1950,0,,537.09,1,0,1
B031,2021-07-25 16:00:00,1,614G2040,0,,334.87,1,0,1
B031,2021-07-25 16:00:00,2,61402050,0,,306.59,1,0,1
B031,2021-07-25 17:00:00,0,614E1950,0,,537.08,1,0,1
B031,2021-07-25 17:00:00,1,614G2040,0,,334.87,1,0,1
B031,2021-07-25 17:00:00,2,61402050,0,,306.59,1,0,1
B031,2021-07-25 18:00:00,0,614E1950,0,,537.08,1,0,1
B031,2021-07-25 18:00:00,1,614G2040,0,,334.88,1,0,1
B031,2021-07-25 18:00:00,2,61402050,0,,306.59,1,0,1
B031,2021-07-25 19:00:00,0,614E1950,0,,537.08,1,0,1
B031,2021-07-25 19:00:00,1,614G2040,0,,334.91,1,0,1
B031,2021-07-25 19:00:00,2,61402050,0,,306.59,1,0,1
B031,2021-07-25 20:00:00,0,614E1950,0,,537.08,1,0,1
B031,2021-07-25 20:00:00,1,614G2040,0,,334.94,1,0,1
B031,2021-07-25 20:00:00,2,61402050,0,,306.58,1,0,1
B031,2021-07-25 21:00:00,0,614E1950,0,,537.08,1,0,1
B031,2021-07-25 21:00:00,1,614G2040,0,,334.95,1,0,1
B031,2021-07-25 21:00:00,2,61402050,0,,306.58,1,0,1
B031,2021-07-25 22:00:00,0,614E1950,0,,537.08,1,0,1
B031,2021-07-25 22:00:00,1,614G2040,0,,334.96,1,0,1
B031,2021-07-25 22:00:00,2,61402050,0,,306.57,1,0,1
B031,2021-07-25 23:00:00,0,614E1950,0,,537.08,1,0,1
B031,2021-07-25 23:00:00,1,614G2040,0,,334.97,1,0,1
B031,2021-07-25 23:00:00,2,61402050,0,,306.57,1,0,1
B031,2021-07-26 00:00:00,0,614E1950,0,,537.08,1,0,1
B031,2021-07-26 00:00:00,1,614G2040,0,,334.97,1,0,1
B031,2021-07-26 00:00:00,2,61402050,0,,306.57,1,0,1
B031,2021-07-26 01:00:00,0,614E1950,0,,537.08,1,0,1
B031,2021-07-26 01:00:00,1,614G2040,0,,334.98,1,0,1
B031,2021-07-26 01:00:00,2,61402050,0,,306.57,1,0,1
B031,2021-07-26 02:00:00,0,614E1950,0,,537.08,1,0,1
B031,2021-07-26 02:00:00,1,614G2040,0,,334.98,1,0,1
B031,2021-07-26 02:00:00,2,61402050,0,,306.57,1,0,1
B031,2021-07-26 03:00:00,0,614E1950,0,,537.08,1,0,1
B031,2021-07-26 03:00:00,1,614G2040,0,,334.98,1,0,1
B031,2021-07-26 03:00:00,2,61402050,0,,306.57,1,0,1
B031,2021-07-26 04:00:00,0,614E1950,0,,537.08,1,0,1
B031,2021-07-26 04:00:00,1,614G2040,0,,334.99,1,0,1
B031,2021-07-26 04:00:00,2,61402050,0,,306.57,1,0,1
B031,2021-07-26 05:00:00,0,614E1950,0,,537.08,1,0,1
B031,2021-07-26 05:00:00,1,614G2040,0,,334.99,1,0,1
B031,2021-07-26 05:00:00,2,61402050,0,,306.57,1,0,1
B031,2021-07-26 06:00:00,0,614E1950,0,,537.08,1,0,1
B031,2021-07-26 06:00:00,1,614G2040,0,,334.99,1,0,1
B031,2021-07-26 06:00:00,2,61402050,0,,306.56,1,0,1
B031,2021-07-26 07:00:00,0,614E1950,0,,537.08,1,0,1
B031,2021-07-26 07:00:00,1,614G2040,0,,334.98,1,0,1
B031,2021-07-26 07:00:00,2,61402050,0,,306.56,1,0,1
B031,2021-07-26 08:00:00,0,614E1950,0,,537.08,1,0,1
B031,2021-07-26 08:00:00,1,614G2040,0,,334.95,1,0,1
B031,2021-07-26 08:00:00,2,61402050,0,2.73,306.56,1,1,1
B031,2021-07-26 09:00:00,0,614E1950,0,,537.08,1,0,1
B031,2021-07-26 09:00:00,1,614G2040,0,,334.91,1,0,1
B031,2021-07-26 09:00:00,2,61402050,0,,306.56,1,0,1
B031,2021-07-26 10:00:00,0,614E1950,0,,537.08,1,0,1
B031,2021-07-26 10:00:00,1,614G2040,0,,334.9,1,0,1
B031,2021-07-26 10:00:00,2,61402050,0,,306.56,1,0,1
B031,2021-07-26 11:00:00,0,614E1950,0,,537.08,1,0,1
B031,2021-07-26 11:00:00,1,614G2040,0,,334.89,1,0,1
B031,2021-07-26 11:00:00,2,61402050,0,,306.56,1,0,1
B031,2021-07-26 12:00:00,0,614E1950,0,,537.08,1,0,1
B031,2021-07-26 12:00:00,1,614G2040,0,,334.87,1,0,1
B031,2021-07-26 12:00:00,2,61402050,0,,306.56,1,0,1
B031,2021-07-26 13:00:00,0,614E1950,0,,537.07,1,0,1
B031,2021-07-26 13:00:00,1,614G2040,0,,334.85,1,0,1
B031,2021-07-26 13:00:00,2,61402050,0,,306.56,1,0,1
B031,2021-07-26 14:00:00,0,614E1950,0,,537.08,1,0,1
B031,2021-07-26 14:00:00,1,614G2040,0,,334.82,1,0,1
B031,2021-07-26 14:00:00,2,61402050,0,,306.57,1,0,1
B031,2021-07-26 15:00:00,0,614E1950,0,,537.07,1,0,1
B031,2021-07-26 15:00:00,1,614G2040,0.06851660489,,334.83,1,0,1
B031,2021-07-26 15:00:00,2,61402050,0.2814128368,,306.56,1,0,1
B031,2021-07-26 16:00:00,0,614E1950,0.6921539002,,537.07,1,0,1
B031,2021-07-26 16:00:00,1,614G2040,4.396609751,,334.79,1,0,1
B031,2021-07-26 16:00:00,2,61402050,7.470898719,,306.56,1,0,1
B031,2021-07-26 17:00:00,0,614E1950,1.505436441,,537.07,1,0,1
B031,2021-07-26 17:00:00,1,614G2040,2.535977315,,334.82,1,0,1
B031,2021-07-26 17:00:00,2,61402050,0.6724726432,,306.63,1,0,1
B031,2021-07-26 18:00:00,0,614E1950,0,,537.07,1,0,1
B031,2021-07-26 18:00:00,1,614G2040,0,,334.83,1,0,1
B031,2021-07-26 18:00:00,2,61402050,0,,306.59,1,0,1
B031,2021-07-26 19:00:00,0,614E1950,0,,537.07,1,0,1
B031,2021-07-26 19:00:00,1,614G2040,0,,334.92,1,0,1
B031,2021-07-26 19:00:00,2,61402050,0,,306.62,1,0,1
B031,2021-07-26 20:00:00,0,614E1950,0,,537.07,1,0,1
B031,2021-07-26 20:00:00,1,614G2040,0,,334.94,1,0,1
B031,2021-07-26 20:00:00,2,61402050,0,,306.64,1,0,1
B031,2021-07-26 21:00:00,0,614E1950,0,,537.07,1,0,1
B031,2021-07-26 21:00:00,1,614G2040,0,,334.95,1,0,1
B031,2021-07-26 21:00:00,2,61402050,0,,306.62,1,0,1
B031,2021-07-26 22:00:00,0,614E1950,0,,537.06,1,0,1
B031,2021-07-26 22:00:00,1,614G2040,0,,334.96,1,0,1
B031,2021-07-26 22:00:00,2,61402050,0,,306.61,1,0,1
B031,2021-07-26 23:00:00,0,614E1950,0,,537.07,1,0,1
B031,2021-07-26 23:00:00,1,614G2040,0,,334.96,1,0,1
B031,2021-07-26 23:00:00,2,61402050,0,,306.61,1,0,1
B031,2021-07-27 00:00:00,0,614E1950,0,,537.06,1,0,1
B031,2021-07-27 00:00:00,1,614G2040,0,,334.98,1,0,1
B031,2021-07-27 00:00:00,2,61402050,0,,306.6,1,0,1
B031,2021-07-27 01:00:00,0,614E1950,0,,537.06,1,0,1
B031,2021-07-27 01:00:00,1,614G2040,0,,334.99,1,0,1
B031,2021-07-27 01:00:00,2,61402050,0,,306.6,1,0,1
B031,2021-07-27 02:00:00,0,614E1950,0,,537.06,1,0,1
B031,2021-07-27 02:00:00,1,614G2040,0,,334.99,1,0,1
B031,2021-07-27 02:00:00,2,61402050,0,,306.6,1,0,1
B031,2021-07-27 03:00:00,0,614E1950,0,,537.06,1,0,1
B031,2021-07-27 03:00:00,1,614G2040,0,,334.99,1,0,1
B031,2021-07-27 03:00:00,2,61402050,0,,306.6,1,0,1
B031,2021-07-27 04:00:00,0,614E1950,0.01682037184,,537.06,1,0,1
B031,2021-07-27 04:00:00,1,614G2040,0.003935310725,,335,1,0,1
B031,2021-07-27 04:00:00,2,61402050,0,,306.6,1,0,1
B031,2021-07-27 05:00:00,0,614E1950,0,,537.06,1,0,1
B031,2021-07-27 05:00:00,1,614G2040,0,,334.99,1,0,1
B031,2021-07-27 05:00:00,2,61402050,0,,306.59,1,0,1
B031,2021-07-27 06:00:00,0,614E1950,0,,537.06,1,0,1
B031,2021-07-27 06:00:00,1,614G2040,0,,335,1,0,1
B031,2021-07-27 06:00:00,2,61402050,0,,306.59,1,0,1
B031,2021-07-27 07:00:00,0,614E1950,2.214410713,,537.06,1,0,1
B031,2021-07-27 07:00:00,1,614G2040,8.62933689,,334.99,1,0,1
B031,2021-07-27 07:00:00,2,61402050,4.858134784,,306.59,1,0,1
B031,2021-07-27 08:00:00,0,614E1950,0.002180906031,,537.06,1,0,1
B031,2021-07-27 08:00:00,1,614G2040,0.0127045973,,334.96,1,0,1
B031,2021-07-27 08:00:00,2,61402050,0.02421863381,3.32,306.59,1,1,1
B031,2021-07-27 09:00:00,0,614E1950,0,,537.06,1,0,1
B031,2021-07-27 09:00:00,1,614G2040,0,,334.9,1,0,1
B031,2021-07-27 09:00:00,2,61402050,0,,306.58,1,0,1
B031,2021-07-27 10:00:00,0,614E1950,0,,537.06,1,0,1
B031,2021-07-27 10:00:00,1,614G2040,0,,334.89,1,0,1
B031,2021-07-27 10:00:00,2,61402050,0,,306.58,1,0,1
B031,2021-07-27 11:00:00,0,614E1950,0,,537.06,1,0,1
B031,2021-07-27 11:00:00,1,614G2040,0,,334.88,1,0,1
B031,2021-07-27 11:00:00,2,61402050,0,,306.59,1,0,1
B031,2021-07-27 12:00:00,0,614E1950,0,,537.06,1,0,1
B031,2021-07-27 12:00:00,1,614G2040,0,,334.86,1,0,1
B031,2021-07-27 12:00:00,2,61402050,0,,306.59,1,0,1
B031,2021-07-27 13:00:00,0,614E1950,0,,537.06,1,0,1
B031,2021-07-27 13:00:00,1,614G2040,0,,334.8,1,0,1
B031,2021-07-27 13:00:00,2,61402050,0,,306.59,1,0,1
B031,2021-07-27 14:00:00,0,614E1950,0,,537.06,1,0,1
B031,2021-07-27 14:00:00,1,614G2040,0,,334.8,1,0,1
B031,2021-07-27 14:00:00,2,61402050,0,,306.59,1,0,1
B031,2021-07-27 15:00:00,0,614E1950,0,,537.06,1,0,1
B031,2021-07-27 15:00:00,1,614G2040,0,,334.76,1,0,1
B031,2021-07-27 15:00:00,2,61402050,0,,306.59,1,0,1
B031,2021-07-27 16:00:00,0,614E1950,0,,537.06,1,0,1
B031,2021-07-27 16:00:00,1,614G2040,0,,,1,0,0
B031,2021-07-27 16:00:00,2,61402050,0,,306.59,1,0,1
B031,2021-07-27 17:00:00,0,614E1950,0,,537.06,1,0,1
B031,2021-07-27 17:00:00,1,614G2040,0,,,1,0,0
B031,2021-07-27 17:00:00,2,61402050,0,,306.59,1,0,1
B031,2021-07-27 18:00:00,0,614E1950,0,,537.06,1,0,1
B031,2021-07-27 18:00:00,1,614G2040,0,,,1,0,0
B031,2021-07-27 18:00:00,2,61402050,0,,306.58,1,0,1
B031,2021-07-27 19:00:00,0,614E1950,0,,537.06,1,0,1
B031,2021-07-27 19:00:00,1,614G2040,0,,334.87,1,0,1
B031,2021-07-27 19:00:00,2,61402050,0,,306.58,1,0,1
B031,2021-07-27 20:00:00,0,614E1950,0,,537.06,1,0,1
B031,2021-07-27 20:00:00,1,614G2040,0,,334.9,1,0,1
B031,2021-07-27 20:00:00,2,61402050,0,,306.58,1,0,1
B031,2021-07-27 21:00:00,0,614E1950,0,,537.06,1,0,1
B031,2021-07-27 21:00:00,1,614G2040,0,,334.94,1,0,1
B031,2021-07-27 21:00:00,2,61402050,0,,306.58,1,0,1
B031,2021-07-27 22:00:00,0,614E1950,0,,537.06,1,0,1
B031,2021-07-27 22:00:00,1,614G2040,0,,334.95,1,0,1
B031,2021-07-27 22:00:00,2,61402050,0,,306.58,1,0,1
B031,2021-07-27 23:00:00,0,614E1950,0,,537.06,1,0,1
B031,2021-07-27 23:00:00,1,614G2040,0,,334.95,1,0,1
B031,2021-07-27 23:00:00,2,61402050,0,,306.57,1,0,1
B031,2021-07-28 00:00:00,0,614E1950,0,,537.06,1,0,1
B031,2021-07-28 00:00:00,1,614G2040,0,,334.96,1,0,1
B031,2021-07-28 00:00:00,2,61402050,0,,306.57,1,0,1
B031,2021-07-28 01:00:00,0,614E1950,0,,537.06,1,0,1
B031,2021-07-28 01:00:00,1,614G2040,0,,334.96,1,0,1
B031,2021-07-28 01:00:00,2,61402050,0,,306.57,1,0,1
B031,2021-07-28 02:00:00,0,614E1950,0,,537.05,1,0,1
B031,2021-07-28 02:00:00,1,614G2040,0,,334.96,1,0,1
B031,2021-07-28 02:00:00,2,61402050,0,,306.57,1,0,1
B031,2021-07-28 03:00:00,0,614E1950,0,,537.06,1,0,1
B031,2021-07-28 03:00:00,1,614G2040,0,,334.96,1,0,1
B031,2021-07-28 03:00:00,2,61402050,0,,306.57,1,0,1
B031,2021-07-28 04:00:00,0,614E1950,0,,537.05,1,0,1
B031,2021-07-28 04:00:00,1,614G2040,0,,334.97,1,0,1
B031,2021-07-28 04:00:00,2,61402050,0,,306.57,1,0,1
B031,2021-07-28 05:00:00,0,614E1950,0,,537.05,1,0,1
B031,2021-07-28 05:00:00,1,614G2040,0,,334.97,1,0,1
B031,2021-07-28 05:00:00,2,61402050,0,,306.56,1,0,1
B031,2021-07-28 06:00:00,0,614E1950,0,,537.05,1,0,1
B031,2021-07-28 06:00:00,1,614G2040,0,,334.97,1,0,1
B031,2021-07-28 06:00:00,2,61402050,0,,306.56,1,0,1
B031,2021-07-28 07:00:00,0,614E1950,0.002180906031,,537.05,1,0,1
B031,2021-07-28 07:00:00,1,614G2040,0.0127045973,,334.96,1,0,1
B031,2021-07-28 07:00:00,2,61402050,0.02421863381,,306.56,1,0,1
B031,2021-07-28 08:00:00,0,614E1950,0,,537.05,1,0,1
B031,2021-07-28 08:00:00,1,614G2040,0,,334.93,1,0,1
B031,2021-07-28 08:00:00,2,61402050,0,2.73,306.56,1,1,1
B031,2021-07-28 09:00:00,0,614E1950,0,,537.05,1,0,1
B031,2021-07-28 09:00:00,1,614G2040,0,,334.91,1,0,1
B031,2021-07-28 09:00:00,2,61402050,0,,306.56,1,0,1
B031,2021-07-28 10:00:00,0,614E1950,0,,537.05,1,0,1
B031,2021-07-28 10:00:00,1,614G2040,0,,334.9,1,0,1
B031,2021-07-28 10:00:00,2,61402050,0,,306.56,1,0,1
B031,2021-07-28 11:00:00,0,614E1950,0,,537.05,1,0,1
B031,2021-07-28 11:00:00,1,614G2040,0,,334.88,1,0,1
B031,2021-07-28 11:00:00,2,61402050,0,,306.56,1,0,1
B031,2021-07-28 12:00:00,0,614E1950,0,,537.05,1,0,1
B031,2021-07-28 12:00:00,1,614G2040,0,,334.88,1,0,1
B031,2021-07-28 12:00:00,2,61402050,0,,306.56,1,0,1
B031,2021-07-28 13:00:00,0,614E1950,0,,537.05,1,0,1
B031,2021-07-28 13:00:00,1,614G2040,0.04037306398,,334.87,1,0,1
B031,2021-07-28 13:00:00,2,61402050,0.4909188299,,306.56,1,0,1
B031,2021-07-28 14:00:00,0,614E1950,0.06128867977,,537.05,1,0,1
B031,2021-07-28 14:00:00,1,614G2040,0.1751703464,,334.77,1,0,1
B031,2021-07-28 14:00:00,2,61402050,0.4473582944,,306.56,1,0,1
B031,2021-07-28 15:00:00,0,614E1950,0,,537.05,1,0,1
B031,2021-07-28 15:00:00,1,614G2040,0,,334.77,1,0,1
B031,2021-07-28 15:00:00,2,61402050,0,,306.56,1,0,1
B031,2021-07-28 16:00:00,0,614E1950,0.1345629747,,537.04,1,0,1
B031,2021-07-28 16:00:00,1,614G2040,0.03436627608,,334.76,1,0,1
B031,2021-07-28 16:00:00,2,61402050,0.03441217649,,306.56,1,0,1
B031,2021-07-28 17:00:00,0,614E1950,0.4466801683,,537.05,1,0,1
B031,2021-07-28 17:00:00,1,614G2040,1.279088068,,334.77,1,0,1
B031,2021-07-28 17:00:00,2,61402050,0.2906236058,,306.56,1,0,1
B031,2021-07-28 18:00:00,0,614E1950,0.0211821839,,537.04,1,0,1
B031,2021-07-28 18:00:00,1,614G2040,0.1491181188,,334.77,1,0,1
B031,2021-07-28 18:00:00,2,61402050,0.0598934158,,306.56,1,0,1
B031,2021-07-28 19:00:00,0,614E1950,0,,537.05,1,0,1
B031,2021-07-28 19:00:00,1,614G2040,0,,334.9,1,0,1
B031,2021-07-28 19:00:00,2,61402050,0,,306.56,1,0,1
B031,2021-07-28 20:00:00,0,614E1950,0.01682037184,,537.04,1,0,1
B031,2021-07-28 20:00:00,1,614G2040,0.003935310725,,334.93,1,0,1
B031,2021-07-28 20:00:00,2,61402050,0,,306.56,1,0,1
B031,2021-07-28 21:00:00,0,614E1950,0,,537.04,1,0,1
B031,2021-07-28 21:00:00,1,614G2040,0.146280049,,334.96,1,0,1
B031,2021-07-28 21:00:00,2,61402050,0.03441217649,,306.56,1,0,1
B031,2021-07-28 22:00:00,0,614E1950,0,,537.04,1,0,1
B031,2021-07-28 22:00:00,1,614G2040,0,,334.98,1,0,1
B031,2021-07-28 22:00:00,2,61402050,0,,306.56,1,0,1
B031,2021-07-28 23:00:00,0,614E1950,0,,537.04,1,0,1
B031,2021-07-28 23:00:00,1,614G2040,0,,334.97,1,0,1
B031,2021-07-28 23:00:00,2,61402050,0,,306.56,1,0,1
B031,2021-07-29 00:00:00,0,614E1950,0.04733787961,,537.04,1,0,1
B031,2021-07-29 00:00:00,1,614G2040,0.0127045973,,334.97,1,0,1
B031,2021-07-29 00:00:00,2,61402050,0.05126351352,,306.56,1,0,1
B031,2021-07-29 01:00:00,0,614E1950,0,,537.04,1,0,1
B031,2021-07-29 01:00:00,1,614G2040,0,,334.97,1,0,1
B031,2021-07-29 01:00:00,2,61402050,0.1017769387,,306.56,1,0,1
B031,2021-07-29 02:00:00,0,614E1950,0,,537.04,1,0,1
B031,2021-07-29 02:00:00,1,614G2040,0,,334.98,1,0,1
B031,2021-07-29 02:00:00,2,61402050,0,,306.55,1,0,1
B031,2021-07-29 03:00:00,0,614E1950,0,,537.04,1,0,1
B031,2021-07-29 03:00:00,1,614G2040,0,,334.98,1,0,1
B031,2021-07-29 03:00:00,2,61402050,0,,306.55,1,0,1
B031,2021-07-29 04:00:00,0,614E1950,0.0211821839,,537.04,1,0,1
B031,2021-07-29 04:00:00,1,614G2040,2.041575261,,334.98,1,0,1
B031,2021-07-29 04:00:00,2,61402050,4.390981891,,306.56,1,0,1
B031,2021-07-29 05:00:00,0,614E1950,3.334627674,,537.04,1,0,1
B031,2021-07-29 05:00:00,1,614G2040,7.385366614,,335.08,1,0,1
B031,2021-07-29 05:00:00,2,61402050,11.94184307,,306.6,1,0,1
B031,2021-07-29 06:00:00,0,614E1950,8.890068285,,537.04,1,0,1
B031,2021-07-29 06:00:00,1,614G2040,8.526884673,,335.11,1,0,1
B031,2021-07-29 06:00:00,2,61402050,11.08296857,,306.74,1,0,1
B031,2021-07-29 07:00:00,0,614E1950,2.888365899,,537.06,1,0,1
B031,2021-07-29 07:00:00,1,614G2040,3.328654232,,335.09,1,0,1
B031,2021-07-29 07:00:00,2,61402050,2.950744169,,306.85,1,0,1
B031,2021-07-29 08:00:00,0,614E1950,0.1225751519,,537.06,1,0,1
B031,2021-07-29 08:00:00,1,614G2040,0.05038951792,,335.09,1,0,1
B031,2021-07-29 08:00:00,2,61402050,0.3796460423,11.1,306.86,1,1,1
B031,2021-07-29 09:00:00,0,614E1950,0.04515697358,,537.07,1,0,1
B031,2021-07-29 09:00:00,1,614G2040,0,,335.07,1,0,1
B031,2021-07-29 09:00:00,2,61402050,0.02704487971,,306.94,1,0,1
B031,2021-07-29 10:00:00,0,614E1950,0,,537.06,1,0,1
B031,2021-07-29 10:00:00,1,614G2040,0.005767580568,,335.03,1,0,1
B031,2021-07-29 10:00:00,2,61402050,0.06882435298,,306.9,1,0,1
B031,2021-07-29 11:00:00,0,614E1950,0,,537.12,1,0,1
B031,2021-07-29 11:00:00,1,614G2040,0,,334.9,1,0,1
B031,2021-07-29 11:00:00,2,61402050,0,,306.87,1,0,1
B031,2021-07-29 12:00:00,0,614E1950,0.03338289761,,537.11,1,0,1
B031,2021-07-29 12:00:00,1,614G2040,0.01810572492,,334.89,1,0,1
B031,2021-07-29 12:00:00,2,61402050,0,,306.83,1,0,1
B031,2021-07-29 13:00:00,0,614E1950,0,,537.09,1,0,1
B031,2021-07-29 13:00:00,1,614G2040,0,,334.87,1,0,1
B031,2021-07-29 13:00:00,2,61402050,0,,306.81,1,0,1
B031,2021-07-29 14:00:00,0,614E1950,0,,537.09,1,0,1
B031,2021-07-29 14:00:00,1,614G2040,0,,334.88,1,0,1
B031,2021-07-29 14:00:00,2,61402050,0,,306.8,1,0,1
B031,2021-07-29 15:00:00,0,614E1950,0,,537.09,1,0,1
B031,2021-07-29 15:00:00,1,614G2040,0,,334.85,1,0,1
B031,2021-07-29 15:00:00,2,61402050,0.009148359047,,306.78,1,0,1
B031,2021-07-29 16:00:00,0,614E1950,1.707777264,,537.08,1,0,1
B031,2021-07-29 16:00:00,1,614G2040,4.64474933,,334.84,1,0,1
B031,2021-07-29 16:00:00,2,61402050,5.8779472,,306.77,1,0,1
B031,2021-07-29 17:00:00,0,614E1950,0.6850484542,,537.08,1,0,1
B031,2021-07-29 17:00:00,1,614G2040,0.02540919459,,335.05,1,0,1
B031,2021-07-29 17:00:00,2,61402050,0.3015428918,,306.8,1,0,1
B031,2021-07-29 18:00:00,0,614E1950,0,,537.08,1,0,1
B031,2021-07-29 18:00:00,1,614G2040,0,,335.04,1,0,1
B031,2021-07-29 18:00:00,2,61402050,0,,306.83,1,0,1
B031,2021-07-29 19:00:00,0,614E1950,0,,537.08,1,0,1
B031,2021-07-29 19:00:00,1,614G2040,0,,335.01,1,0,1
B031,2021-07-29 19:00:00,2,61402050,0,,306.93,1,0,1
B031,2021-07-29 20:00:00,0,614E1950,0,,537.11,1,0,1
B031,2021-07-29 20:00:00,1,614G2040,0,,335.05,1,0,1
B031,2021-07-29 20:00:00,2,61402050,0,,306.88,1,0,1
B031,2021-07-29 21:00:00,0,614E1950,0,,537.1,1,0,1
B031,2021-07-29 21:00:00,1,614G2040,0,,335.03,1,0,1
B031,2021-07-29 21:00:00,2,61402050,0,,306.86,1,0,1
B031,2021-07-29 22:00:00,0,614E1950,0,,537.1,1,0,1
B031,2021-07-29 22:00:00,1,614G2040,0,,335.03,1,0,1
B031,2021-07-29 22:00:00,2,61402050,0,,306.84,1,0,1
B031,2021-07-29 23:00:00,0,614E1950,0,,537.09,1,0,1
B031,2021-07-29 23:00:00,1,614G2040,0,,335.03,1,0,1
B031,2021-07-29 23:00:00,2,61402050,0,,306.82,1,0,1
B031,2021-07-30 00:00:00,0,614E1950,0,,537.09,1,0,1
B031,2021-07-30 00:00:00,1,614G2040,0,,335.02,1,0,1
B031,2021-07-30 00:00:00,2,61402050,0,,306.82,1,0,1
B031,2021-07-30 01:00:00,0,614E1950,0.0162061042,,537.08,1,0,1
B031,2021-07-30 01:00:00,1,614G2040,0,,335.03,1,0,1
B031,2021-07-30 01:00:00,2,61402050,0,,306.8,1,0,1
B031,2021-07-30 02:00:00,0,614E1950,0.02231370952,,537.08,1,0,1
B031,2021-07-30 02:00:00,1,614G2040,0,,335.04,1,0,1
B031,2021-07-30 02:00:00,2,61402050,0,,306.8,1,0,1
B031,2021-07-30 03:00:00,0,614E1950,0,,537.08,1,0,1
B031,2021-07-30 03:00:00,1,614G2040,0,,335.04,1,0,1
B031,2021-07-30 03:00:00,2,61402050,0,,306.79,1,0,1
B031,2021-07-30 04:00:00,0,614E1950,0.01682037184,,537.08,1,0,1
B031,2021-07-30 04:00:00,1,614G2040,0.003935310725,,335.04,1,0,1
B031,2021-07-30 04:00:00,2,61402050,0,,306.78,1,0,1
B031,2021-07-30 05:00:00,0,614E1950,0,,537.08,1,0,1
B031,2021-07-30 05:00:00,1,614G2040,0,,335.04,1,0,1
B031,2021-07-30 05:00:00,2,61402050,0,,306.77,1,0,1
B031,2021-07-30 06:00:00,0,614E1950,0,,537.08,1,0,1
B031,2021-07-30 06:00:00,1,614G2040,0,,335.04,1,0,1
B031,2021-07-30 06:00:00,2,61402050,0,,306.76,1,0,1
B031,2021-07-30 07:00:00,0,614E1950,2.649280927,,537.08,1,0,1
B031,2021-07-30 07:00:00,1,614G2040,4.467796111,,335.03,1,0,1
B031,2021-07-30 07:00:00,2,61402050,6.626650084,,306.76,1,0,1
B031,2021-07-30 08:00:00,0,614E1950,0,,537.08,1,0,1
B031,2021-07-30 08:00:00,1,614G2040,0,,335.03,1,0,1
B031,2021-07-30 08:00:00,2,61402050,0,7.4,306.75,1,1,1
B031,2021-07-30 09:00:00,0,614E1950,0,,537.08,1,0,1
B031,2021-07-30 09:00:00,1,614G2040,0,,334.92,1,0,1
B031,2021-07-30 09:00:00,2,61402050,0,,306.74,1,0,1
B031,2021-07-30 10:00:00,0,614E1950,0,,537.08,1,0,1
B031,2021-07-30 10:00:00,1,614G2040,0,,334.9,1,0,1
B031,2021-07-30 10:00:00,2,61402050,0,,306.74,1,0,1
B031,2021-07-30 11:00:00,0,614E1950,0,,537.07,1,0,1
B031,2021-07-30 11:00:00,1,614G2040,0,,334.9,1,0,1
B031,2021-07-30 11:00:00,2,61402050,0,,306.73,1,0,1
B031,2021-07-30 12:00:00,0,614E1950,0,,537.07,1,0,1
B031,2021-07-30 12:00:00,1,614G2040,0,,334.89,1,0,1
B031,2021-07-30 12:00:00,2,61402050,0,,306.72,1,0,1
B031,2021-07-30 13:00:00,0,614E1950,0,,537.07,1,0,1
B031,2021-07-30 13:00:00,1,614G2040,0,,334.86,1,0,1
B031,2021-07-30 13:00:00,2,61402050,0,,306.72,1,0,1
B031,2021-07-30 14:00:00,0,614E1950,0,,537.07,1,0,1
B031,2021-07-30 14:00:00,1,614G2040,0,,334.8,1,0,1
B031,2021-07-30 14:00:00,2,61402050,0,,306.71,1,0,1
B031,2021-07-30 15:00:00,0,614E1950,0,,537.07,1,0,1
B031,2021-07-30 15:00:00,1,614G2040,0,,334.8,1,0,1
B031,2021-07-30 15:00:00,2,61402050,0,,306.71,1,0,1
B031,2021-07-30 16:00:00,0,614E1950,0,,537.07,1,0,1
B031,2021-07-30 16:00:00,1,614G2040,0.00228388683,,334.77,1,0,1
B031,2021-07-30 16:00:00,2,61402050,0,,306.7,1,0,1
B031,2021-07-30 17:00:00,0,614E1950,0,,537.06,1,0,1
B031,2021-07-30 17:00:00,1,614G2040,0.2826114478,,334.78,1,0,1
B031,2021-07-30 17:00:00,2,61402050,3.418135091,,306.69,1,0,1
B031,2021-07-30 18:00:00,0,614E1950,0,,537.06,1,0,1
B031,2021-07-30 18:00:00,1,614G2040,0,,334.78,1,0,1
B031,2021-07-30 18:00:00,2,61402050,0,,306.69,1,0,1
B031,2021-07-30 19:00:00,0,614E1950,0,,537.06,1,0,1
B031,2021-07-30 19:00:00,1,614G2040,0,,334.91,1,0,1
B031,2021-07-30 19:00:00,2,61402050,0,,306.69,1,0,1
B031,2021-07-30 20:00:00,0,614E1950,15.93628406,,537.06,1,0,1
B031,2021-07-30 20:00:00,1,614G2040,14.38726877,,334.96,1,0,1
B031,2021-07-30 20:00:00,2,61402050,6.965495719,,306.68,1,0,1
B031,2021-07-30 21:00:00,0,614E1950,1.391468481,,537.12,1,0,1
B031,2021-07-30 21:00:00,1,614G2040,0.9713898979,,334.95,1,0,1
B031,2021-07-30 21:00:00,2,61402050,0.746354221,,306.68,1,0,1
B031,2021-07-30 22:00:00,0,614E1950,0.4347436723,,537.13,1,0,1
B031,2021-07-30 22:00:00,1,614G2040,0.1877415305,,335.02,1,0,1
B031,2021-07-30 22:00:00,2,61402050,0.0984638325,,306.67,1,0,1
B031,2021-07-30 23:00:00,0,614E1950,0.01682037184,,537.24,1,0,1
B031,2021-07-30 23:00:00,1,614G2040,0.006219197555,,335.03,1,0,1
B031,2021-07-30 23:00:00,2,61402050,0,,306.67,1,0,1
B031,2021-07-31 00:00:00,0,614E1950,0.02231370952,,537.22,1,0,1
B031,2021-07-31 00:00:00,1,614G2040,0.002883790284,,335.01,1,0,1
B031,2021-07-31 00:00:00,2,61402050,0.03441217649,,306.8,1,0,1
B031,2021-07-31 01:00:00,0,614E1950,0,,537.21,1,0,1
B031,2021-07-31 01:00:00,1,614G2040,0,,335.01,1,0,1
B031,2021-07-31 01:00:00,2,61402050,0,,306.77,1,0,1
B031,2021-07-31 02:00:00,0,614E1950,0,,537.19,1,0,1
B031,2021-07-31 02:00:00,1,614G2040,0,,334.99,1,0,1
B031,2021-07-31 02:00:00,2,61402050,0,,306.75,1,0,1
B031,2021-07-31 03:00:00,0,614E1950,0,,537.17,1,0,1
B031,2021-07-31 03:00:00,1,614G2040,0,,335,1,0,1
B031,2021-07-31 03:00:00,2,61402050,0,,306.73,1,0,1
B031,2021-07-31 04:00:00,0,614E1950,0.002180906031,,537.17,1,0,1
B031,2021-07-31 04:00:00,1,614G2040,0.0127045973,,335,1,0,1
B031,2021-07-31 04:00:00,2,61402050,0.02421863381,,306.72,1,0,1
B031,2021-07-31 05:00:00,0,614E1950,0.02231370952,,537.15,1,0,1
B031,2021-07-31 05:00:00,1,614G2040,0,,335.01,1,0,1
B031,2021-07-31 05:00:00,2,61402050,0,,306.71,1,0,1
B031,2021-07-31 06:00:00,0,614E1950,0,,537.15,1,0,1
B031,2021-07-31 06:00:00,1,614G2040,0.1456801456,,335.02,1,0,1
B031,2021-07-31 06:00:00,2,61402050,0,,306.7,1,0,1
B031,2021-07-31 07:00:00,0,614E1950,17.82612491,,537.14,1,0,1
B031,2021-07-31 07:00:00,1,614G2040,18.42046378,,335.02,1,0,1
B031,2021-07-31 07:00:00,2,61402050,11.63360255,,306.69,1,0,1
B031,2021-07-31 08:00:00,0,614E1950,0.01682037184,,537.14,1,0,1
B031,2021-07-31 08:00:00,1,614G2040,0.003935310725,,334.99,1,0,1
B031,2021-07-31 08:00:00,2,61402050,0,5.68,306.69,1,1,1
B031,2021-07-31 09:00:00,0,614E1950,0,,537.14,1,0,1
B031,2021-07-31 09:00:00,1,614G2040,0,,334.93,1,0,1
B031,2021-07-31 09:00:00,2,61402050,0,,306.68,1,0,1
B031,2021-07-31 10:00:00,0,614E1950,0,,537.13,1,0,1
B031,2021-07-31 10:00:00,1,614G2040,0,,334.94,1,0,1
B031,2021-07-31 10:00:00,2,61402050,0,,306.68,1,0,1
B031,2021-07-31 11:00:00,0,614E1950,0,,537.13,1,0,1
B031,2021-07-31 11:00:00,1,614G2040,0,,334.97,1,0,1
B031,2021-07-31 11:00:00,2,61402050,0,,306.67,1,0,1
B031,2021-07-31 12:00:00,0,614E1950,0,,537.12,1,0,1
B031,2021-07-31 12:00:00,1,614G2040,0,,334.96,1,0,1
B031,2021-07-31 12:00:00,2,61402050,0,,306.68,1,0,1
B031,2021-07-31 13:00:00,0,614E1950,0,,537.12,1,0,1
B031,2021-07-31 13:00:00,1,614G2040,0,,334.94,1,0,1
B031,2021-07-31 13:00:00,2,61402050,0,,306.68,1,0,1
B031,2021-07-31 14:00:00,0,614E1950,0.04515697358,,537.12,1,0,1
B031,2021-07-31 14:00:00,1,614G2040,0,,334.89,1,0,1
B031,2021-07-31 14:00:00,2,61402050,0.02704487971,,306.68,1,0,1
B031,2021-07-31 15:00:00,0,614E1950,0,,537.12,1,0,1
B031,2021-07-31 15:00:00,1,614G2040,0,,334.83,1,0,1
B031,2021-07-31 15:00:00,2,61402050,0,,306.68,1,0,1
B031,2021-07-31 16:00:00,0,614E1950,0,,537.12,1,0,1
B031,2021-07-31 16:00:00,1,614G2040,0,,334.83,1,0,1
B031,2021-07-31 16:00:00,2,61402050,0,,306.68,1,0,1
B031,2021-07-31 17:00:00,0,614E1950,0,,537.11,1,0,1
B031,2021-07-31 17:00:00,1,614G2040,0,,334.85,1,0,1
B031,2021-07-31 17:00:00,2,61402050,0,,306.68,1,0,1
B031,2021-07-31 18:00:00,0,614E1950,0,,537.11,1,0,1
B031,2021-07-31 18:00:00,1,614G2040,0,,334.84,1,0,1
B031,2021-07-31 18:00:00,2,61402050,0,,306.68,1,0,1
B031,2021-08-15 05:00:00,0,614E1950,0.2400540016,,537.31,1,0,1
B031,2021-08-15 05:00:00,1,614G2040,0.3862976906,,335.66,1,0,1
B031,2021-08-15 05:00:00,2,61402050,0.2640332111,,307.04,1,0,1
B031,2021-08-15 06:00:00,0,614E1950,0.16806067,,537.3,1,0,1
B031,2021-08-15 06:00:00,1,614G2040,0.4249117746,,335.66,1,0,1
B031,2021-08-15 06:00:00,2,61402050,0.09281652467,,307.03,1,0,1
B031,2021-08-15 07:00:00,0,614E1950,4.679828606,,537.3,1,0,1
B031,2021-08-15 07:00:00,1,614G2040,4.764545391,,335.66,1,0,1
B031,2021-08-15 07:00:00,2,61402050,3.47915196,,307.03,1,0,1
B031,2021-08-15 08:00:00,0,614E1950,1.256904798,,537.3,1,0,1
B031,2021-08-15 08:00:00,1,614G2040,1.294637015,,335.66,1,0,1
B031,2021-08-15 08:00:00,2,61402050,0.5492111028,18.9,307.03,1,1,1
B031,2021-08-15 09:00:00,0,614E1950,0.3018582141,,537.31,1,0,1
B031,2021-08-15 09:00:00,1,614G2040,0.5017865472,,335.65,1,0,1
B031,2021-08-15 09:00:00,2,61402050,0.4408830767,,307.03,1,0,1
B031,2021-08-15 10:00:00,0,614E1950,0,,537.3,1,0,1
B031,2021-08-15 10:00:00,1,614G2040,0.07507054233,,335.63,1,0,1
B031,2021-08-15 10:00:00,2,61402050,0.01190186132,,307.03,1,0,1
B031,2021-08-15 11:00:00,0,614E1950,0,,537.31,1,0,1
B031,2021-08-15 11:00:00,1,614G2040,0.0008258794606,,335.62,1,0,1
B031,2021-08-15 11:00:00,2,61402050,0.0008914262901,,307.03,1,0,1
B031,2021-08-15 12:00:00,0,614E1950,0,,537.31,1,0,1
B031,2021-08-15 12:00:00,1,614G2040,0,,335.62,1,0,1
B031,2021-08-15 12:00:00,2,61402050,0.01856953027,,307.02,1,0,1
B031,2021-08-15 13:00:00,0,614E1950,0,,537.31,1,0,1
B031,2021-08-15 13:00:00,1,614G2040,0,,335.61,1,0,1
B031,2021-08-15 13:00:00,2,61402050,0,,307.02,1,0,1
B031,2021-08-15 14:00:00,0,614E1950,0,,537.3,1,0,1
B031,2021-08-15 14:00:00,1,614G2040,0,,335.58,1,0,1
B031,2021-08-15 14:00:00,2,61402050,0,,307.02,1,0,1
B031,2021-08-15 15:00:00,0,614E1950,0.02231370952,,537.3,1,0,1
B031,2021-08-15 15:00:00,1,614G2040,0,,335.58,1,0,1
B031,2021-08-15 15:00:00,2,61402050,0.01856953027,,307.01,1,0,1
B031,2021-08-15 16:00:00,0,614E1950,0.1349193963,,537.3,1,0,1
B031,2021-08-15 16:00:00,1,614G2040,0.158855867,,335.59,1,0,1
B031,2021-08-15 16:00:00,2,61402050,0.01901524342,,307.01,1,0,1
B031,2021-08-15 17:00:00,0,614E1950,0.3677033264,,537.3,1,0,1
B031,2021-08-15 17:00:00,1,614G2040,0.1937628804,,335.62,1,0,1
B031,2021-08-15 17:00:00,2,61402050,0.1177992939,,307.01,1,0,1
B031,2021-08-15 18:00:00,0,614E1950,0.0162061042,,537.3,1,0,1
B031,2021-08-15 18:00:00,1,614G2040,0.01444129781,,335.6,1,0,1
B031,2021-08-15 18:00:00,2,61402050,0.07606083932,,307,1,0,1
B031,2021-08-15 19:00:00,0,614E1950,0.01717679341,,537.3,1,0,1
B031,2021-08-15 19:00:00,1,614G2040,0.09193744806,,335.63,1,0,1
B031,2021-08-15 19:00:00,2,61402050,0.01056472188,,307,1,0,1
B031,2021-08-15 20:00:00,0,614E1950,0.1285701671,,537.29,1,0,1
B031,2021-08-15 20:00:00,1,614G2040,0.344300673,,335.64,1,0,1
B031,2021-08-15 20:00:00,2,61402050,0.1118893786,,306.99,1,0,1
B031,2021-08-15 21:00:00,0,614E1950,0.1012786526,,537.29,1,0,1
B031,2021-08-15 21:00:00,1,614G2040,0.08289828946,,335.65,1,0,1
B031,2021-08-15 21:00:00,2,61402050,0.009148359047,,306.99,1,0,1
B031,2021-08-15 22:00:00,0,614E1950,0.03913408136,,537.29,1,0,1
B031,2021-08-15 22:00:00,1,614G2040,0.03514468703,,335.66,1,0,1
B031,2021-08-15 22:00:00,2,61402050,0.1032365295,,306.99,1,0,1
B031,2021-08-15 23:00:00,0,614E1950,0.09492942344,,537.28,1,0,1
B031,2021-08-15 23:00:00,1,614G2040,0.2884302504,,335.65,1,0,1
B031,2021-08-15 23:00:00,2,61402050,0.0866255612,,306.98,1,0,1
B031,2021-08-16 00:00:00,0,614E1950,0.1174382358,,537.28,1,0,1
B031,2021-08-16 00:00:00,1,614G2040,0.04976671822,,335.64,1,0,1
B031,2021-08-16 00:00:00,2,61402050,0.03609244195,,306.98,1,0,1
B031,2021-08-16 01:00:00,0,614E1950,0.1011114268,,537.27,1,0,1
B031,2021-08-16 01:00:00,1,614G2040,0.2657449391,,335.63,1,0,1
B031,2021-08-16 01:00:00,2,61402050,0.1068680936,,306.97,1,0,1
B031,2021-08-16 02:00:00,0,614E1950,0.1622269736,,537.27,1,0,1
B031,2021-08-16 02:00:00,1,614G2040,0.2690157666,,335.63,1,0,1
B031,2021-08-16 02:00:00,2,61402050,0.119460048,,306.97,1,0,1
B031,2021-08-16 03:00:00,0,614E1950,0.412832423,,537.27,1,0,1
B031,2021-08-16 03:00:00,1,614G2040,0.4662215946,,335.63,1,0,1
B031,2021-08-16 03:00:00,2,61402050,0.443629825,,306.96,1,0,1
B031,2021-08-16 04:00:00,0,614E1950,0.1393955238,,537.26,1,0,1
B031,2021-08-16 04:00:00,1,614G2040,0.09651675836,,335.65,1,0,1
B031,2021-08-16 04:00:00,2,61402050,0.1605676408,,306.95,1,0,1
B031,2021-08-16 05:00:00,0,614E1950,0.03913408136,,537.26,1,0,1
B031,2021-08-16 05:00:00,1,614G2040,0.111260297,,335.62,1,0,1
B031,2021-08-16 05:00:00,2,61402050,0.1138012513,,306.95,1,0,1
B031,2021-08-16 06:00:00,0,614E1950,0.02231370952,,537.26,1,0,1
B031,2021-08-16 06:00:00,1,614G2040,0.1433962588,,335.63,1,0,1
B031,2021-08-16 06:00:00,2,61402050,0,,306.95,1,0,1
B031,2021-08-16 07:00:00,0,614E1950,2.408643581,,537.26,1,0,1
B031,2021-08-16 07:00:00,1,614G2040,4.110052038,,335.61,1,0,1
B031,2021-08-16 07:00:00,2,61402050,2.399490625,,306.94,1,0,1
B031,2021-08-16 08:00:00,0,614E1950,0.0162061042,,537.26,1,0,1
B031,2021-08-16 08:00:00,1,614G2040,0,,335.61,1,0,1
B031,2021-08-16 08:00:00,2,61402050,0,14.3,306.94,1,1,1
B031,2021-08-16 09:00:00,0,614E1950,0,,537.25,1,0,1
B031,2021-08-16 09:00:00,1,614G2040,0,,335.56,1,0,1
B031,2021-08-16 09:00:00,2,61402050,0,,306.93,1,0,1
B031,2021-08-16 10:00:00,0,614E1950,0,,537.25,1,0,1
B031,2021-08-16 10:00:00,1,614G2040,0,,335.56,1,0,1
B031,2021-08-16 10:00:00,2,61402050,0,,306.93,1,0,1
B031,2021-08-16 11:00:00,0,614E1950,0,,537.25,1,0,1
B031,2021-08-16 11:00:00,1,614G2040,0,,335.56,1,0,1
B031,2021-08-16 11:00:00,2,61402050,0,,306.92,1,0,1
B031,2021-08-16 12:00:00,0,614E1950,0,,537.24,1,0,1
B031,2021-08-16 12:00:00,1,614G2040,0,,335.54,1,0,1
B031,2021-08-16 12:00:00,2,61402050,0,,306.92,1,0,1
B031,2021-08-16 13:00:00,0,614E1950,0,,537.24,1,0,1
B031,2021-08-16 13:00:00,1,614G2040,0,,335.49,1,0,1
B031,2021-08-16 13:00:00,2,61402050,0,,306.9,1,0,1
B031,2021-08-16 14:00:00,0,614E1950,0,,537.24,1,0,1
B031,2021-08-16 14:00:00,1,614G2040,0,,335.48,1,0,1
B031,2021-08-16 14:00:00,2,61402050,0,,306.9,1,0,1
B031,2021-08-16 15:00:00,0,614E1950,0,,537.24,1,0,1
B031,2021-08-16 15:00:00,1,614G2040,0,,335.49,1,0,1
B031,2021-08-16 15:00:00,2,61402050,0,,306.89,1,0,1
B031,2021-08-16 16:00:00,0,614E1950,0,,537.23,1,0,1
B031,2021-08-16 16:00:00,1,614G2040,0,,335.46,1,0,1
B031,2021-08-16 16:00:00,2,61402050,0,,306.88,1,0,1
B031,2021-08-16 17:00:00,0,614E1950,0,,537.23,1,0,1
B031,2021-08-16 17:00:00,1,614G2040,0,,335.46,1,0,1
B031,2021-08-16 17:00:00,2,61402050,0,,306.88,1,0,1
B031,2021-08-16 18:00:00,0,614E1950,0,,537.22,1,0,1
B031,2021-08-16 18:00:00,1,614G2040,0,,335.46,1,0,1
B031,2021-08-16 18:00:00,2,61402050,0,,306.87,1,0,1
B031,2021-08-16 19:00:00,0,614E1950,0,,537.22,1,0,1
B031,2021-08-16 19:00:00,1,614G2040,0,,335.46,1,0,1
B031,2021-08-16 19:00:00,2,61402050,0,,306.86,1,0,1
B031,2021-08-16 20:00:00,0,614E1950,0,,537.22,1,0,1
B031,2021-08-16 20:00:00,1,614G2040,0,,335.48,1,0,1
B031,2021-08-16 20:00:00,2,61402050,0,,306.86,1,0,1
B031,2021-08-16 21:00:00,0,614E1950,0,,537.22,1,0,1
B031,2021-08-16 21:00:00,1,614G2040,0,,335.48,1,0,1
B031,2021-08-16 21:00:00,2,61402050,0,,306.85,1,0,1
B031,2021-08-16 22:00:00,0,614E1950,0,,537.22,1,0,1
B031,2021-08-16 22:00:00,1,614G2040,0,,335.47,1,0,1
B031,2021-08-16 22:00:00,2,61402050,0,,306.85,1,0,1
B031,2021-08-16 23:00:00,0,614E1950,0,,537.21,1,0,1
B031,2021-08-16 23:00:00,1,614G2040,0,,335.46,1,0,1
B031,2021-08-16 23:00:00,2,61402050,0,,306.84,1,0,1
B031,2021-08-17 00:00:00,0,614E1950,0,,537.21,1,0,1
B031,2021-08-17 00:00:00,1,614G2040,0,,335.46,1,0,1
B031,2021-08-17 00:00:00,2,61402050,0,,306.83,1,0,1
B031,2021-08-17 01:00:00,0,614E1950,0,,537.2,1,0,1
B031,2021-08-17 01:00:00,1,614G2040,0,,335.45,1,0,1
B031,2021-08-17 01:00:00,2,61402050,0,,306.83,1,0,1
B031,2021-08-17 02:00:00,0,614E1950,0,,537.2,1,0,1
B031,2021-08-17 02:00:00,1,614G2040,0,,335.45,1,0,1
B031,2021-08-17 02:00:00,2,61402050,0,,306.83,1,0,1
B031,2021-08-17 03:00:00,0,614E1950,0,,537.2,1,0,1
B031,2021-08-17 03:00:00,1,614G2040,0,,335.44,1,0,1
B031,2021-08-17 03:00:00,2,61402050,0,,306.83,1,0,1
B031,2021-08-17 04:00:00,0,614E1950,0,,537.2,1,0,1
B031,2021-08-17 04:00:00,1,614G2040,0,,335.43,1,0,1
B031,2021-08-17 04:00:00,2,61402050,0,,306.82,1,0,1
B031,2021-08-17 05:00:00,0,614E1950,0,,537.2,1,0,1
B031,2021-08-17 05:00:00,1,614G2040,0.00228388683,,335.42,1,0,1
B031,2021-08-17 05:00:00,2,61402050,0,,306.82,1,0,1
B031,2021-08-17 06:00:00,0,614E1950,0,,537.19,1,0,1
B031,2021-08-17 06:00:00,1,614G2040,0,,335.41,1,0,1
B031,2021-08-17 06:00:00,2,61402050,0,,306.82,1,0,1
B031,2021-08-17 07:00:00,0,614E1950,0.0162061042,,537.19,1,0,1
B031,2021-08-17 07:00:00,1,614G2040,0.00228388683,,335.41,1,0,1
B031,2021-08-17 07:00:00,2,61402050,0,,306.81,1,0,1
B031,2021-08-17 08:00:00,0,614E1950,0.03399716525,,537.19,1,0,1
B031,2021-08-17 08:00:00,1,614G2040,0.0445990411,,335.41,1,0,1
B031,2021-08-17 08:00:00,2,61402050,0,9.34,306.81,1,1,1
B031,2021-08-17 09:00:00,0,614E1950,0,,537.19,1,0,1
B031,2021-08-17 09:00:00,1,614G2040,0.1600265863,,335.39,1,0,1
B031,2021-08-17 09:00:00,2,61402050,0.0756267003,,306.8,1,0,1
B031,2021-08-17 10:00:00,0,614E1950,0.03913408136,,537.18,1,0,1
B031,2021-08-17 10:00:00,1,614G2040,0.4015411949,,335.39,1,0,1
B031,2021-08-17 10:00:00,2,61402050,0.5345988437,,306.8,1,0,1
B031,2021-08-17 11:00:00,0,614E1950,0.01682037184,,537.18,1,0,1
B031,2021-08-17 11:00:00,1,614G2040,0.0297900462,,335.39,1,0,1
B031,2021-08-17 11:00:00,2,61402050,0.07199695018,,306.8,1,0,1
B031,2021-08-17 12:00:00,0,614E1950,0.2734750914,,537.18,1,0,1
B031,2021-08-17 12:00:00,1,614G2040,0.2622021637,,335.37,1,0,1
B031,2021-08-17 12:00:00,2,61402050,0.433880605,,306.8,1,0,1
B031,2021-08-17 13:00:00,0,614E1950,0.1005818722,,537.18,1,0,1
B031,2021-08-17 13:00:00,1,614G2040,0.2634642936,,335.38,1,0,1
B031,2021-08-17 13:00:00,2,61402050,0.1949349865,,306.8,1,0,1
B031,2021-08-17 14:00:00,0,614E1950,0.03399716525,,537.18,1,0,1
B031,2021-08-17 14:00:00,1,614G2040,0.02492482593,,335.37,1,0,1
B031,2021-08-17 14:00:00,2,61402050,0.08048052433,,306.8,1,0,1
B031,2021-08-17 15:00:00,0,614E1950,0,,537.17,1,0,1
B031,2021-08-17 15:00:00,1,614G2040,0,,335.36,1,0,1
B031,2021-08-17 15:00:00,2,61402050,0,,306.79,1,0,1
B031,2021-08-17 16:00:00,0,614E1950,0,,537.17,1,0,1
B031,2021-08-17 16:00:00,1,614G2040,0,,335.34,1,0,1
B031,2021-08-17 16:00:00,2,61402050,0,,306.79,1,0,1
B031,2021-08-17 17:00:00,0,614E1950,0,,537.17,1,0,1
B031,2021-08-17 17:00:00,1,614G2040,0,,335.33,1,0,1
B031,2021-08-17 17:00:00,2,61402050,0,,306.78,1,0,1
B031,2021-08-17 18:00:00,0,614E1950,0,,537.17,1,0,1
B031,2021-08-17 18:00:00,1,614G2040,0,,335.33,1,0,1
B031,2021-08-17 18:00:00,2,61402050,0,,306.78,1,0,1
B031,2021-08-17 19:00:00,0,614E1950,0,,537.17,1,0,1
B031,2021-08-17 19:00:00,1,614G2040,0,,335.34,1,0,1
B031,2021-08-17 19:00:00,2,61402050,0,,306.78,1,0,1
B031,2021-08-17 20:00:00,0,614E1950,0,,537.17,1,0,1
B031,2021-08-17 20:00:00,1,614G2040,0.04325685426,,335.35,1,0,1
B031,2021-08-17 20:00:00,2,61402050,0.5436277245,,306.77,1,0,1
B031,2021-08-17 21:00:00,0,614E1950,0,,537.17,1,0,1
B031,2021-08-17 21:00:00,1,614G2040,2.442319504,,335.34,1,0,1
B031,2021-08-17 21:00:00,2,61402050,7.890719813,,306.77,1,0,1
B031,2021-08-17 22:00:00,0,614E1950,0,,537.17,1,0,1
B031,2021-08-17 22:00:00,1,614G2040,2.461940536,,335.38,1,0,1
B031,2021-08-17 22:00:00,2,61402050,0.498612001,,306.81,1,0,1
B031,2021-08-17 23:00:00,0,614E1950,0.9355057671,,537.16,1,0,1
B031,2021-08-17 23:00:00,1,614G2040,4.470001113,,335.39,1,0,1
B031,2021-08-17 23:00:00,2,61402050,3.220350459,,306.79,1,0,1
B031,2021-08-18 00:00:00,0,614E1950,1.394049628,,537.17,1,0,1
B031,2021-08-18 00:00:00,1,614G2040,2.540978729,,335.42,1,0,1
B031,2021-08-18 00:00:00,2,61402050,1.262457605,,306.8,1,0,1
B031,2021-08-18 01:00:00,0,614E1950,0.8718225862,,537.16,1,0,1
B031,2021-08-18 01:00:00,1,614G2040,0.777614027,,335.51,1,0,1
B031,2021-08-18 01:00:00,2,61402050,1.37295647,,306.93,1,0,1
B031,2021-08-18 02:00:00,0,614E1950,0.6698472636,,537.17,1,0,1
B031,2021-08-18 02:00:00,1,614G2040,0.2560731704,,335.56,1,0,1
B031,2021-08-18 02:00:00,2,61402050,0.195568576,,306.95,1,0,1
B031,2021-08-18 03:00:00,0,614E1950,0.0559544532,,537.17,1,0,1
B031,2021-08-18 03:00:00,1,614G2040,0.2469276291,,335.58,1,0,1
B031,2021-08-18 03:00:00,2,61402050,0.875770443,,306.95,1,0,1
B031,2021-08-18 04:00:00,0,614E1950,1.546716893,,537.17,1,0,1
B031,2021-08-18 04:00:00,1,614G2040,2.371099952,,335.6,1,0,1
B031,2021-08-18 04:00:00,2,61402050,0.2705121853,,306.98,1,0,1
B031,2021-08-18 05:00:00,0,614E1950,0.1004971591,,537.17,1,0,1
B031,2021-08-18 05:00:00,1,614G2040,0.008503084384,,335.62,1,0,1
B031,2021-08-18 05:00:00,2,61402050,0.1652499232,,306.98,1,0,1
B031,2021-08-18 06:00:00,0,614E1950,0,,537.17,1,0,1
B031,2021-08-18 06:00:00,1,614G2040,0,,335.64,1,0,1
B031,2021-08-18 06:00:00,2,61402050,0,,306.99,1,0,1
B031,2021-08-18 07:00:00,0,614E1950,4.934400312,,537.16,1,0,1
B031,2021-08-18 07:00:00,1,614G2040,7.604560642,,335.64,1,0,1
B031,2021-08-18 07:00:00,2,61402050,15.80422654,,306.99,1,0,1
B031,2021-08-18 08:00:00,0,614E1950,0.02231370952,,537.16,1,0,1
B031,2021-08-18 08:00:00,1,614G2040,0,,335.64,1,0,1
B031,2021-08-18 08:00:00,2,61402050,0,16.8,306.99,1,1,1
B031,2021-08-18 09:00:00,0,614E1950,0,,537.16,1,0,1
B031,2021-08-18 09:00:00,1,614G2040,0,,335.67,1,0,1
B031,2021-08-18 09:00:00,2,61402050,0,,306.98,1,0,1
B031,2021-08-18 10:00:00,0,614E1950,0.1224160408,,,1,0,0
B031,2021-08-18 10:00:00,1,614G2040,0.02674528349,,335.65,1,0,1
B031,2021-08-18 10:00:00,2,61402050,0.002125978605,,,1,0,0
B031,2021-08-18 11:00:00,0,614E1950,0,,537.15,1,0,1
B031,2021-08-18 11:00:00,1,614G2040,0,,335.65,1,0,1
B031,2021-08-18 11:00:00,2,61402050,0,,306.98,1,0,1
B031,2021-08-18 12:00:00,0,614E1950,0,,537.15,1,0,1
B031,2021-08-18 12:00:00,1,614G2040,0.03172169313,,335.64,1,0,1
B031,2021-08-18 12:00:00,2,61402050,0.3785339414,,306.97,1,0,1
B031,2021-08-18 13:00:00,0,614E1950,1.428077409,,537.15,1,0,1
B031,2021-08-18 13:00:00,1,614G2040,0,,335.59,1,0,1
B031,2021-08-18 13:00:00,2,61402050,0,,306.97,1,0,1
B031,2021-08-18 14:00:00,0,614E1950,0.02231370952,,537.15,1,0,1
B031,2021-08-18 14:00:00,1,614G2040,0.3729449903,,335.59,1,0,1
B031,2021-08-18 14:00:00,2,61402050,0.0109988609,,306.96,1,0,1
B031,2021-08-18 15:00:00,0,614E1950,0,,537.15,1,0,1
B031,2021-08-18 15:00:00,1,614G2040,0.005767580568,,335.56,1,0,1
B031,2021-08-18 15:00:00,2,61402050,0.08739388325,,306.95,1,0,1
B031,2021-08-18 16:00:00,0,614E1950,0.2182196261,,537.15,1,0,1
B031,2021-08-18 16:00:00,1,614G2040,0.1152084811,,335.58,1,0,1
B031,2021-08-18 16:00:00,2,61402050,0,,306.95,1,0,1
B031,2021-08-18 17:00:00,0,614E1950,0,,537.15,1,0,1
B031,2021-08-18 17:00:00,1,614G2040,0,,335.61,1,0,1
B031,2021-08-18 17:00:00,2,61402050,0,,306.94,1,0,1
B031,2021-08-18 18:00:00,0,614E1950,0,,537.15,1,0,1
B031,2021-08-18 18:00:00,1,614G2040,0.113441545,,335.59,1,0,1
B031,2021-08-18 18:00:00,2,61402050,0.5335497165,,306.93,1,0,1
B031,2021-08-18 19:00:00,0,614E1950,0.01682037184,,537.15,1,0,1
B031,2021-08-18 19:00:00,1,614G2040,0.01913985069,,335.57,1,0,1
B031,2021-08-18 19:00:00,2,61402050,0.03484631551,,306.93,1,0,1
B031,2021-08-18 20:00:00,0,614E1950,0,,537.15,1,0,1
B031,2021-08-18 20:00:00,1,614G2040,0,,335.6,1,0,1
B031,2021-08-18 20:00:00,2,61402050,0,,306.93,1,0,1
B031,2021-08-18 21:00:00,0,614E1950,0,,537.15,1,0,1
B031,2021-08-18 21:00:00,1,614G2040,0,,335.6,1,0,1
B031,2021-08-18 21:00:00,2,61402050,0,,306.92,1,0,1
B031,2021-08-18 22:00:00,0,614E1950,0,,537.15,1,0,1
B031,2021-08-18 22:00:00,1,614G2040,0,,335.61,1,0,1
B031,2021-08-18 22:00:00,2,61402050,0,,306.91,1,0,1
B031,2021-08-18 23:00:00,0,614E1950,0,,537.15,1,0,1
B031,2021-08-18 23:00:00,1,614G2040,0.002883790284,,335.59,1,0,1
B031,2021-08-18 23:00:00,2,61402050,0.03441217649,,306.9,1,0,1
B031,2021-08-19 00:00:00,0,614E1950,0,,537.15,1,0,1
B031,2021-08-19 00:00:00,1,614G2040,0,,335.58,1,0,1
B031,2021-08-19 00:00:00,2,61402050,0,,306.9,1,0,1
B031,2021-08-19 01:00:00,0,614E1950,0,,537.14,1,0,1
B031,2021-08-19 01:00:00,1,614G2040,0,,335.57,1,0,1
B031,2021-08-19 01:00:00,2,61402050,0,,306.89,1,0,1
B031,2021-08-19 02:00:00,0,614E1950,0,,537.14,1,0,1
B031,2021-08-19 02:00:00,1,614G2040,0,,335.58,1,0,1
B031,2021-08-19 02:00:00,2,61402050,0,,306.88,1,0,1
B031,2021-08-19 03:00:00,0,614E1950,0,,537.14,1,0,1
B031,2021-08-19 03:00:00,1,614G2040,0,,335.55,1,0,1
B031,2021-08-19 03:00:00,2,61402050,0,,306.88,1,0,1
B031,2021-08-19 04:00:00,0,614E1950,0,,537.14,1,0,1
B031,2021-08-19 04:00:00,1,614G2040,0,,335.55,1,0,1
B031,2021-08-19 04:00:00,2,61402050,0,,306.87,1,0,1
B031,2021-08-19 05:00:00,0,614E1950,0.01682037184,,537.14,1,0,1
B031,2021-08-19 05:00:00,1,614G2040,0.02649331618,,335.54,1,0,1
B031,2021-08-19 05:00:00,2,61402050,0,,306.86,1,0,1
B031,2021-08-19 06:00:00,0,614E1950,0,,537.14,1,0,1
B031,2021-08-19 06:00:00,1,614G2040,0,,335.53,1,0,1
B031,2021-08-19 06:00:00,2,61402050,0,,306.86,1,0,1
B031,2021-08-19 07:00:00,0,614E1950,1.863187343,,537.14,1,0,1
B031,2021-08-19 07:00:00,1,614G2040,0.8029445985,,335.51,1,0,1
B031,2021-08-19 07:00:00,2,61402050,1.094538539,,306.85,1,0,1
B031,2021-08-19 08:00:00,0,614E1950,0,,537.14,1,0,1
B031,2021-08-19 08:00:00,1,614G2040,0,,335.48,1,0,1
B031,2021-08-19 08:00:00,2,61402050,0,10.7,306.85,1,1,1
B031,2021-08-19 09:00:00,0,614E1950,0,,537.14,1,0,1
B031,2021-08-19 09:00:00,1,614G2040,0,,335.42,1,0,1
B031,2021-08-19 09:00:00,2,61402050,0,,306.83,1,0,1
B031,2021-08-19 10:00:00,0,614E1950,0,,537.14,1,0,1
B031,2021-08-19 10:00:00,1,614G2040,0,,335.42,1,0,1
B031,2021-08-19 10:00:00,2,61402050,0,,306.82,1,0,1
B031,2021-08-19 11:00:00,0,614E1950,0,,537.13,1,0,1
B031,2021-08-19 11:00:00,1,614G2040,0,,335.4,1,0,1
B031,2021-08-19 11:00:00,2,61402050,0,,306.82,1,0,1
B031,2021-08-19 12:00:00,0,614E1950,0,,537.14,1,0,1
B031,2021-08-19 12:00:00,1,614G2040,0,,335.38,1,0,1
B031,2021-08-19 12:00:00,2,61402050,0,,306.81,1,0,1
B031,2021-08-19 13:00:00,0,614E1950,0,,537.13,1,0,1
B031,2021-08-19 13:00:00,1,614G2040,0,,335.37,1,0,1
B031,2021-08-19 13:00:00,2,61402050,0,,306.8,1,0,1
B031,2021-08-19 14:00:00,0,614E1950,0.04515697358,,537.13,1,0,1
B031,2021-08-19 14:00:00,1,614G2040,0,,335.35,1,0,1
B031,2021-08-19 14:00:00,2,61402050,0.02704487971,,306.8,1,0,1
B031,2021-08-19 15:00:00,0,614E1950,0.0162061042,,537.13,1,0,1
B031,2021-08-19 15:00:00,1,614G2040,0.06344338625,,335.36,1,0,1
B031,2021-08-19 15:00:00,2,61402050,0.7570678828,,306.8,1,0,1
B031,2021-08-19 16:00:00,0,614E1950,0,,537.13,1,0,1
B031,2021-08-19 16:00:00,1,614G2040,0,,335.34,1,0,1
B031,2021-08-19 16:00:00,2,61402050,0,,306.79,1,0,1
B031,2021-08-19 17:00:00,0,614E1950,0,,537.13,1,0,1
B031,2021-08-19 17:00:00,1,614G2040,0,,335.33,1,0,1
B031,2021-08-19 17:00:00,2,61402050,0,,306.78,1,0,1
B031,2021-08-19 18:00:00,0,614E1950,0,,537.13,1,0,1
B031,2021-08-19 18:00:00,1,614G2040,0,,335.32,1,0,1
B031,2021-08-19 18:00:00,2,61402050,0,,306.78,1,0,1
B031,2021-08-19 19:00:00,0,614E1950,0,,537.12,1,0,1
B031,2021-08-19 19:00:00,1,614G2040,0,,335.32,1,0,1
B031,2021-08-19 19:00:00,2,61402050,0,,306.77,1,0,1
B031,2021-08-19 20:00:00,0,614E1950,0,,537.13,1,0,1
B031,2021-08-19 20:00:00,1,614G2040,0,,335.32,1,0,1
B031,2021-08-19 20:00:00,2,61402050,0,,306.77,1,0,1
B031,2021-08-19 21:00:00,0,614E1950,0,,537.12,1,0,1
B031,2021-08-19 21:00:00,1,614G2040,0,,335.32,1,0,1
B031,2021-08-19 21:00:00,2,61402050,0,,306.77,1,0,1
B031,2021-08-19 22:00:00,0,614E1950,0,,537.12,1,0,1
B031,2021-08-19 22:00:00,1,614G2040,0,,335.33,1,0,1
B031,2021-08-19 22:00:00,2,61402050,0,,306.76,1,0,1
B031,2021-08-19 23:00:00,0,614E1950,0,,537.12,1,0,1
B031,2021-08-19 23:00:00,1,614G2040,0,,335.31,1,0,1
B031,2021-08-19 23:00:00,2,61402050,0,,306.76,1,0,1
B031,2021-08-20 00:00:00,0,614E1950,0,,537.12,1,0,1
B031,2021-08-20 00:00:00,1,614G2040,0,,335.32,1,0,1
B031,2021-08-20 00:00:00,2,61402050,0,,306.75,1,0,1
B031,2021-08-20 01:00:00,0,614E1950,0,,537.12,1,0,1
B031,2021-08-20 01:00:00,1,614G2040,0,,,1,0,0
B031,2021-08-20 01:00:00,2,61402050,0,,306.75,1,0,1
B031,2021-08-20 02:00:00,0,614E1950,0,,537.12,1,0,1
B031,2021-08-20 02:00:00,1,614G2040,0,,335.29,1,0,1
B031,2021-08-20 02:00:00,2,61402050,0,,306.74,1,0,1
B031,2021-08-20 03:00:00,0,614E1950,0,,537.12,1,0,1
B031,2021-08-20 03:00:00,1,614G2040,0,,335.3,1,0,1
B031,2021-08-20 03:00:00,2,61402050,0,,306.74,1,0,1
B031,2021-08-20 04:00:00,0,614E1950,0,,537.12,1,0,1
B031,2021-08-20 04:00:00,1,614G2040,0,,335.29,1,0,1
B031,2021-08-20 04:00:00,2,61402050,0,,306.74,1,0,1
B031,2021-08-20 05:00:00,0,614E1950,0,,537.12,1,0,1
B031,2021-08-20 05:00:00,1,614G2040,0,,335.28,1,0,1
B031,2021-08-20 05:00:00,2,61402050,0,,306.73,1,0,1
B031,2021-08-20 06:00:00,0,614E1950,0,,537.12,1,0,1
B031,2021-08-20 06:00:00,1,614G2040,0,,335.28,1,0,1
B031,2021-08-20 06:00:00,2,61402050,0,,306.73,1,0,1
B031,2021-08-20 07:00:00,0,614E1950,0.06136307778,,537.12,1,0,1
B031,2021-08-20 07:00:00,1,614G2040,0.06344338625,,335.28,1,0,1
B031,2021-08-20 07:00:00,2,61402050,0.7841127625,,306.73,1,0,1
B031,2021-08-20 08:00:00,0,614E1950,0,,537.12,1,0,1
B031,2021-08-20 08:00:00,1,614G2040,0,,335.24,1,0,1
B031,2021-08-20 08:00:00,2,61402050,0,6.51,306.72,1,1,1
B031,2021-08-20 09:00:00,0,614E1950,0,,537.11,1,0,1
B031,2021-08-20 09:00:00,1,614G2040,0,,335.21,1,0,1
B031,2021-08-20 09:00:00,2,61402050,0,,306.72,1,0,1
B031,2021-08-20 10:00:00,0,614E1950,0,,537.12,1,0,1
B031,2021-08-20 10:00:00,1,614G2040,0,,335.2,1,0,1
B031,2021-08-20 10:00:00,2,61402050,0,,306.72,1,0,1
B031,2021-08-20 11:00:00,0,614E1950,0,,537.11,1,0,1
B031,2021-08-20 11:00:00,1,614G2040,0,,335.21,1,0,1
B031,2021-08-20 11:00:00,2,61402050,0,,306.72,1,0,1
B031,2021-08-20 12:00:00,0,614E1950,0,,537.11,1,0,1
B031,2021-08-20 12:00:00,1,614G2040,0,,335.2,1,0,1
B031,2021-08-20 12:00:00,2,61402050,0,,306.71,1,0,1
B031,2021-08-20 13:00:00,0,614E1950,0,,537.11,1,0,1
B031,2021-08-20 13:00:00,1,614G2040,0,,335.19,1,0,1
B031,2021-08-20 13:00:00,2,61402050,0,,306.71,1,0,1
B031,2021-08-20 14:00:00,0,614E1950,0.0162061042,,537.11,1,0,1
B031,2021-08-20 14:00:00,1,614G2040,0,,335.17,1,0,1
B031,2021-08-20 14:00:00,2,61402050,0,,306.71,1,0,1
B031,2021-08-20 15:00:00,0,614E1950,0,,537.1,1,0,1
B031,2021-08-20 15:00:00,1,614G2040,0,,335.17,1,0,1
B031,2021-08-20 15:00:00,2,61402050,0,,306.7,1,0,1
B031,2021-08-20 16:00:00,0,614E1950,0,,537.11,1,0,1
B031,2021-08-20 16:00:00,1,614G2040,0,,335.15,1,0,1
B031,2021-08-20 16:00:00,2,61402050,0,,306.7,1,0,1
B031,2021-08-20 17:00:00,0,614E1950,0,,537.1,1,0,1
B031,2021-08-20 17:00:00,1,614G2040,0,,335.14,1,0,1
B031,2021-08-20 17:00:00,2,61402050,0,,306.69,1,0,1
B031,2021-08-20 18:00:00,0,614E1950,0,,537.1,1,0,1
B031,2021-08-20 18:00:00,1,614G2040,0,,335.17,1,0,1
B031,2021-08-20 18:00:00,2,61402050,0,,306.69,1,0,1
B031,2021-08-20 19:00:00,0,614E1950,0,,537.1,1,0,1
B031,2021-08-20 19:00:00,1,614G2040,0,,335.16,1,0,1
B031,2021-08-20 19:00:00,2,61402050,0,,306.69,1,0,1
B031,2021-08-20 20:00:00,0,614E1950,0,,537.1,1,0,1
B031,2021-08-20 20:00:00,1,614G2040,0,,335.16,1,0,1
B031,2021-08-20 20:00:00,2,61402050,0,,306.69,1,0,1
B031,2021-08-20 21:00:00,0,614E1950,1.00607249,,537.1,1,0,1
B031,2021-08-20 21:00:00,1,614G2040,1.336699916,,335.17,1,0,1
B031,2021-08-20 21:00:00,2,61402050,0.9917825764,,306.69,1,0,1
B031,2021-08-20 22:00:00,0,614E1950,0.2466610768,,537.1,1,0,1
B031,2021-08-20 22:00:00,1,614G2040,0.07422702325,,335.27,1,0,1
B031,2021-08-20 22:00:00,2,61402050,0.323146822,,306.69,1,0,1
B031,2021-08-20 23:00:00,0,614E1950,0,,537.1,1,0,1
B031,2021-08-20 23:00:00,1,614G2040,0,,335.26,1,0,1
B031,2021-08-20 23:00:00,2,61402050,0,,306.69,1,0,1
B031,2021-08-21 00:00:00,0,614E1950,0.02231370952,,537.1,1,0,1
B031,2021-08-21 00:00:00,1,614G2040,0.01141943415,,335.26,1,0,1
B031,2021-08-21 00:00:00,2,61402050,0,,306.68,1,0,1
B031,2021-08-21 01:00:00,0,614E1950,0.5358184181,,537.1,1,0,1
B031,2021-08-21 01:00:00,1,614G2040,0.1661964868,,335.25,1,0,1
B031,2021-08-21 01:00:00,2,61402050,0.03040541063,,306.68,1,0,1
B031,2021-08-21 02:00:00,0,614E1950,0.02231370952,,537.1,1,0,1
B031,2021-08-21 02:00:00,1,614G2040,0.00228388683,,335.24,1,0,1
B031,2021-08-21 02:00:00,2,61402050,0,,306.68,1,0,1
B031,2021-08-21 03:00:00,0,614E1950,0,,537.09,1,0,1
B031,2021-08-21 03:00:00,1,614G2040,0.002883790284,,335.26,1,0,1
B031,2021-08-21 03:00:00,2,61402050,0.03441217649,,306.67,1,0,1
B031,2021-08-21 04:00:00,0,614E1950,0,,537.1,1,0,1
B031,2021-08-21 04:00:00,1,614G2040,0,,335.25,1,0,1
B031,2021-08-21 04:00:00,2,61402050,0,,306.67,1,0,1
B031,2021-08-21 05:00:00,0,614E1950,0.02231370952,,537.09,1,0,1
B031,2021-08-21 05:00:00,1,614G2040,0,,335.25,1,0,1
B031,2021-08-21 05:00:00,2,61402050,0,,306.67,1,0,1
B031,2021-08-21 06:00:00,0,614E1950,0,,537.1,1,0,1
B031,2021-08-21 06:00:00,1,614G2040,0.02255800546,,335.23,1,0,1
B031,2021-08-21 06:00:00,2,61402050,0,,306.67,1,0,1
B031,2021-08-21 07:00:00,0,614E1950,1.871699217,,537.09,1,0,1
B031,2021-08-21 07:00:00,1,614G2040,1.557203164,,335.24,1,0,1
B031,2021-08-21 07:00:00,2,61402050,1.372616358,,306.67,1,0,1
B031,2021-08-21 08:00:00,0,614E1950,0,,537.09,1,0,1
B031,2021-08-21 08:00:00,1,614G2040,0,,335.21,1,0,1
B031,2021-08-21 08:00:00,2,61402050,0,5.13,306.67,1,1,1
B031,2021-08-21 09:00:00,0,614E1950,0,,537.09,1,0,1
B031,2021-08-21 09:00:00,1,614G2040,0,,335.22,1,0,1
B031,2021-08-21 09:00:00,2,61402050,0,,306.67,1,0,1
B031,2021-08-21 10:00:00,0,614E1950,0.01717679341,,537.09,1,0,1
B031,2021-08-21 10:00:00,1,614G2040,0.01810572492,,335.15,1,0,1
B031,2021-08-21 10:00:00,2,61402050,0,,306.67,1,0,1
B031,2021-08-21 11:00:00,0,614E1950,0.01682037184,,537.09,1,0,1
B031,2021-08-21 11:00:00,1,614G2040,0.003935310725,,335.12,1,0,1
B031,2021-08-21 11:00:00,2,61402050,0,,306.66,1,0,1
B031,2021-08-21 12:00:00,0,614E1950,0.03364074367,,537.09,1,0,1
B031,2021-08-21 12:00:00,1,614G2040,0.02019137113,,335.11,1,0,1
B031,2021-08-21 12:00:00,2,61402050,0.0004341390214,,306.66,1,0,1
B031,2021-08-21 13:00:00,0,614E1950,0,,537.09,1,0,1
B031,2021-08-21 13:00:00,1,614G2040,0,,335.1,1,0,1
B031,2021-08-21 13:00:00,2,61402050,0,,306.66,1,0,1
B031,2021-08-21 14:00:00,0,614E1950,0,,537.09,1,0,1
B031,2021-08-21 14:00:00,1,614G2040,0.1433962588,,335.09,1,0,1
B031,2021-08-21 14:00:00,2,61402050,0,,306.66,1,0,1
B031,2021-08-21 15:00:00,0,614E1950,3.61580434,,537.09,1,0,1
B031,2021-08-21 15:00:00,1,614G2040,1.751981435,,335.09,1,0,1
B031,2021-08-21 15:00:00,2,61402050,0,,306.67,1,0,1
B031,2021-08-21 16:00:00,0,614E1950,0,,537.11,1,0,1
B031,2021-08-21 16:00:00,1,614G2040,0.09284079461,,335.09,1,0,1
B031,2021-08-21 16:00:00,2,61402050,0.03140885431,,306.67,1,0,1
B031,2021-09-26 19:00:00,0,614E1950,0,,536.95,1,0,1
B031,2021-09-26 19:00:00,1,614G2040,0,,334.71,1,0,1
B031,2021-09-26 19:00:00,2,61402050,0,,306.41,1,0,1
B031,2021-09-26 20:00:00,0,614E1950,0,,536.95,1,0,1
B031,2021-09-26 20:00:00,1,614G2040,0,,334.75,1,0,1
B031,2021-09-26 20:00:00,2,61402050,0,,306.41,1,0,1
B031,2021-09-26 21:00:00,0,614E1950,0,,536.95,1,0,1
B031,2021-09-26 21:00:00,1,614G2040,0,,334.75,1,0,1
B031,2021-09-26 21:00:00,2,61402050,0,,306.41,1,0,1
B031,2021-09-26 22:00:00,0,614E1950,0,,536.95,1,0,1
B031,2021-09-26 22:00:00,1,614G2040,0,,334.76,1,0,1
B031,2021-09-26 22:00:00,2,61402050,0,,306.41,1,0,1
B031,2021-09-26 23:00:00,0,614E1950,0,,536.95,1,0,1
B031,2021-09-26 23:00:00,1,614G2040,0,,334.76,1,0,1
B031,2021-09-26 23:00:00,2,61402050,0,,306.41,1,0,1
B031,2021-09-27 00:00:00,0,614E1950,0,,536.95,1,0,1
B031,2021-09-27 00:00:00,1,614G2040,0,,334.76,1,0,1
B031,2021-09-27 00:00:00,2,61402050,0,,306.41,1,0,1
B031,2021-09-27 01:00:00,0,614E1950,0,,536.96,1,0,1
B031,2021-09-27 01:00:00,1,614G2040,0,,334.76,1,0,1
B031,2021-09-27 01:00:00,2,61402050,0,,306.41,1,0,1
B031,2021-09-27 02:00:00,0,614E1950,0,,536.95,1,0,1
B031,2021-09-27 02:00:00,1,614G2040,0,,334.76,1,0,1
B031,2021-09-27 02:00:00,2,61402050,0,,306.41,1,0,1
B031,2021-09-27 03:00:00,0,614E1950,0,,536.95,1,0,1
B031,2021-09-27 03:00:00,1,614G2040,0,,334.77,1,0,1
B031,2021-09-27 03:00:00,2,61402050,0,,306.4,1,0,1
B031,2021-09-27 04:00:00,0,614E1950,0,,536.95,1,0,1
B031,2021-09-27 04:00:00,1,614G2040,0,,334.76,1,0,1
B031,2021-09-27 04:00:00,2,61402050,0,,306.4,1,0,1
B031,2021-09-27 05:00:00,0,614E1950,0,,536.96,1,0,1
B031,2021-09-27 05:00:00,1,614G2040,0,,334.76,1,0,1
B031,2021-09-27 05:00:00,2,61402050,0,,306.4,1,0,1
B031,2021-09-27 06:00:00,0,614E1950,0,,536.96,1,0,1
B031,2021-09-27 06:00:00,1,614G2040,0,,334.77,1,0,1
B031,2021-09-27 06:00:00,2,61402050,0,,306.4,1,0,1
B031,2021-09-27 07:00:00,0,614E1950,0,,536.96,1,0,1
B031,2021-09-27 07:00:00,1,614G2040,0,,334.76,1,0,1
B031,2021-09-27 07:00:00,2,61402050,0,,306.4,1,0,1
B031,2021-09-27 08:00:00,0,614E1950,0,,536.96,1,0,1
B031,2021-09-27 08:00:00,1,614G2040,0,,334.76,1,0,1
B031,2021-09-27 08:00:00,2,61402050,0,0.775,306.4,1,1,1
B031,2021-09-27 09:00:00,0,614E1950,0,,536.96,1,0,1
B031,2021-09-27 09:00:00,1,614G2040,0.003296730014,,334.76,1,0,1
B031,2021-09-27 09:00:00,2,61402050,0.03485788963,,306.4,1,0,1
B031,2021-09-27 10:00:00,0,614E1950,0,,536.96,1,0,1
B031,2021-09-27 10:00:00,1,614G2040,0,,334.74,1,0,1
B031,2021-09-27 10:00:00,2,61402050,0,,306.4,1,0,1
B031,2021-09-27 11:00:00,0,614E1950,0,,536.96,1,0,1
B031,2021-09-27 11:00:00,1,614G2040,0,,334.73,1,0,1
B031,2021-09-27 11:00:00,2,61402050,0,,306.4,1,0,1
B031,2021-09-27 12:00:00,0,614E1950,0,,536.95,1,0,1
B031,2021-09-27 12:00:00,1,614G2040,0,,334.73,1,0,1
B031,2021-09-27 12:00:00,2,61402050,0.01856953027,,306.41,1,0,1
B031,2021-09-27 13:00:00,0,614E1950,0,,536.96,1,0,1
B031,2021-09-27 13:00:00,1,614G2040,0.002883790284,,334.73,1,0,1
B031,2021-09-27 13:00:00,2,61402050,0.03441217649,,306.41,1,0,1
B031,2021-09-27 14:00:00,0,614E1950,0,,536.96,1,0,1
B031,2021-09-27 14:00:00,1,614G2040,0,,334.72,1,0,1
B031,2021-09-27 14:00:00,2,61402050,0,,306.41,1,0,1
B031,2021-09-27 15:00:00,0,614E1950,0,,536.96,1,0,1
B031,2021-09-27 15:00:00,1,614G2040,0,,334.73,1,0,1
B031,2021-09-27 15:00:00,2,61402050,0,,306.41,1,0,1
B031,2021-09-27 16:00:00,0,614E1950,0,,536.96,1,0,1
B031,2021-09-27 16:00:00,1,614G2040,0,,334.71,1,0,1
B031,2021-09-27 16:00:00,2,61402050,0,,306.41,1,0,1
B031,2021-09-27 17:00:00,0,614E1950,0,,536.95,1,0,1
B031,2021-09-27 17:00:00,1,614G2040,0,,334.72,1,0,1
B031,2021-09-27 17:00:00,2,61402050,0,,306.41,1,0,1
B031,2021-09-27 18:00:00,0,614E1950,0,,536.95,1,0,1
B031,2021-09-27 18:00:00,1,614G2040,0,,334.75,1,0,1
B031,2021-09-27 18:00:00,2,61402050,0,,306.41,1,0,1
B031,2021-09-27 19:00:00,0,614E1950,0,,536.96,1,0,1
B031,2021-09-27 19:00:00,1,614G2040,0,,334.76,1,0,1
B031,2021-09-27 19:00:00,2,61402050,0,,306.41,1,0,1
B031,2021-09-27 20:00:00,0,614E1950,0,,536.96,1,0,1
B031,2021-09-27 20:00:00,1,614G2040,0,,334.76,1,0,1
B031,2021-09-27 20:00:00,2,61402050,0,,306.41,1,0,1
B031,2021-09-27 21:00:00,0,614E1950,0,,536.96,1,0,1
B031,2021-09-27 21:00:00,1,614G2040,0,,334.76,1,0,1
B031,2021-09-27 21:00:00,2,61402050,0,,306.41,1,0,1
B031,2021-09-27 22:00:00,0,614E1950,0,,536.96,1,0,1
B031,2021-09-27 22:00:00,1,614G2040,0,,334.76,1,0,1
B031,2021-09-27 22:00:00,2,61402050,0,,306.4,1,0,1
B031,2021-09-27 23:00:00,0,614E1950,0,,536.96,1,0,1
B031,2021-09-27 23:00:00,1,614G2040,0,,334.77,1,0,1
B031,2021-09-27 23:00:00,2,61402050,0,,306.4,1,0,1
B031,2021-09-28 00:00:00,0,614E1950,0,,536.96,1,0,1
B031,2021-09-28 00:00:00,1,614G2040,0,,334.78,1,0,1
B031,2021-09-28 00:00:00,2,61402050,0,,306.41,1,0,1
B031,2021-09-28 01:00:00,0,614E1950,0,,536.96,1,0,1
B031,2021-09-28 01:00:00,1,614G2040,0,,334.77,1,0,1
B031,2021-09-28 01:00:00,2,61402050,0,,306.41,1,0,1
B031,2021-09-28 02:00:00,0,614E1950,0,,536.96,1,0,1
B031,2021-09-28 02:00:00,1,614G2040,0,,334.77,1,0,1
B031,2021-09-28 02:00:00,2,61402050,0,,306.4,1,0,1
B031,2021-09-28 03:00:00,0,614E1950,0,,536.96,1,0,1
B031,2021-09-28 03:00:00,1,614G2040,0,,334.77,1,0,1
B031,2021-09-28 03:00:00,2,61402050,0,,306.4,1,0,1
B031,2021-09-28 04:00:00,0,614E1950,0,,536.96,1,0,1
B031,2021-09-28 04:00:00,1,614G2040,0,,334.77,1,0,1
B031,2021-09-28 04:00:00,2,61402050,0,,306.4,1,0,1
B031,2021-09-28 05:00:00,0,614E1950,0,,536.96,1,0,1
B031,2021-09-28 05:00:00,1,614G2040,0,,334.78,1,0,1
B031,2021-09-28 05:00:00,2,61402050,0,,306.4,1,0,1
B031,2021-09-28 06:00:00,0,614E1950,0,,536.96,1,0,1
B031,2021-09-28 06:00:00,1,614G2040,0,,334.78,1,0,1
B031,2021-09-28 06:00:00,2,61402050,0,,306.4,1,0,1
B031,2021-09-28 07:00:00,0,614E1950,0,,536.96,1,0,1
B031,2021-09-28 07:00:00,1,614G2040,0.006180520299,,334.77,1,0,1
B031,2021-09-28 07:00:00,2,61402050,0.0878395964,,306.4,1,0,1
B031,2021-09-28 08:00:00,0,614E1950,0,,536.96,1,0,1
B031,2021-09-28 08:00:00,1,614G2040,0,,334.74,1,0,1
B031,2021-09-28 08:00:00,2,61402050,0,0.775,306.4,1,1,1
B031,2021-09-28 09:00:00,0,614E1950,0,,536.96,1,0,1
B031,2021-09-28 09:00:00,1,614G2040,0,,334.73,1,0,1
B031,2021-09-28 09:00:00,2,61402050,0,,306.4,1,0,1
B031,2021-09-28 10:00:00,0,614E1950,0,,536.96,1,0,1
B031,2021-09-28 10:00:00,1,614G2040,0,,334.73,1,0,1
B031,2021-09-28 10:00:00,2,61402050,0,,306.4,1,0,1
B031,2021-09-28 11:00:00,0,614E1950,0,,536.96,1,0,1
B031,2021-09-28 11:00:00,1,614G2040,0,,334.72,1,0,1
B031,2021-09-28 11:00:00,2,61402050,0,,306.4,1,0,1
B031,2021-09-28 12:00:00,0,614E1950,0,,536.96,1,0,1
B031,2021-09-28 12:00:00,1,614G2040,0,,334.72,1,0,1
B031,2021-09-28 12:00:00,2,61402050,0,,306.4,1,0,1
B031,2021-09-28 13:00:00,0,614E1950,0,,536.96,1,0,1
B031,2021-09-28 13:00:00,1,614G2040,0,,334.72,1,0,1
B031,2021-09-28 13:00:00,2,61402050,0,,306.41,1,0,1
B031,2021-09-28 14:00:00,0,614E1950,0,,536.96,1,0,1
B031,2021-09-28 14:00:00,1,614G2040,0,,334.72,1,0,1
B031,2021-09-28 14:00:00,2,61402050,0,,306.41,1,0,1
B031,2021-09-28 15:00:00,0,614E1950,0,,536.96,1,0,1
B031,2021-09-28 15:00:00,1,614G2040,0,,334.7,1,0,1
B031,2021-09-28 15:00:00,2,61402050,0,,306.41,1,0,1
B031,2021-09-28 16:00:00,0,614E1950,0,,536.95,1,0,1
B031,2021-09-28 16:00:00,1,614G2040,0,,334.69,1,0,1
B031,2021-09-28 16:00:00,2,61402050,0,,306.4,1,0,1
B031,2021-09-28 17:00:00,0,614E1950,0,,536.96,1,0,1
B031,2021-09-28 17:00:00,1,614G2040,0,,334.7,1,0,1
B031,2021-09-28 17:00:00,2,61402050,0,,306.4,1,0,1
B031,2021-09-28 18:00:00,0,614E1950,0,,536.95,1,0,1
B031,2021-09-28 18:00:00,1,614G2040,0,,334.72,1,0,1
B031,2021-09-28 18:00:00,2,61402050,0,,306.4,1,0,1
B031,2021-09-28 19:00:00,0,614E1950,0.5748722346,,536.96,1,0,1
B031,2021-09-28 19:00:00,1,614G2040,0,,334.73,1,0,1
B031,2021-09-28 19:00:00,2,61402050,0.02872514517,,306.4,1,0,1
B031,2021-09-28 20:00:00,0,614E1950,0.3253098386,,536.96,1,0,1
B031,2021-09-28 20:00:00,1,614G2040,0.2480705814,,334.74,1,0,1
B031,2021-09-28 20:00:00,2,61402050,0.0004457131451,,306.4,1,0,1
B031,2021-09-28 21:00:00,0,614E1950,0.01682037184,,536.96,1,0,1
B031,2021-09-28 21:00:00,1,614G2040,0.003935310725,,334.75,1,0,1
B031,2021-09-28 21:00:00,2,61402050,0,,306.4,1,0,1
B031,2021-09-28 22:00:00,0,614E1950,0.06112736104,,536.96,1,0,1
B031,2021-09-28 22:00:00,1,614G2040,0,,334.75,1,0,1
B031,2021-09-28 22:00:00,2,61402050,0.00168026546,,306.4,1,0,1
B031,2021-09-28 23:00:00,0,614E1950,0.02231370952,,536.96,1,0,1
B031,2021-09-28 23:00:00,1,614G2040,0,,334.75,1,0,1
B031,2021-09-28 23:00:00,2,61402050,0,,306.4,1,0,1
B031,2021-09-29 00:00:00,0,614E1950,0.1225773595,,536.96,1,0,1
B031,2021-09-29 00:00:00,1,614G2040,0.4843562824,,334.74,1,0,1
B031,2021-09-29 00:00:00,2,61402050,0,,306.41,1,0,1
B031,2021-09-29 01:00:00,0,614E1950,0.7391234729,,536.96,1,0,1
B031,2021-09-29 01:00:00,1,614G2040,5.766884166,,334.76,1,0,1
B031,2021-09-29 01:00:00,2,61402050,4.225209284,,306.41,1,0,1
B031,2021-09-29 02:00:00,0,614E1950,4.263513818,,536.96,1,0,1
B031,2021-09-29 02:00:00,1,614G2040,7.849935263,,334.88,1,0,1
B031,2021-09-29 02:00:00,2,61402050,1.582174101,,306.45,1,0,1
B031,2021-09-29 03:00:00,0,614E1950,0.496919345,,536.97,1,0,1
B031,2021-09-29 03:00:00,1,614G2040,0.5299540491,,334.91,1,0,1
B031,2021-09-29 03:00:00,2,61402050,0.4382770985,,306.51,1,0,1
B031,2021-09-29 04:00:00,0,614E1950,0.1004227611,,536.97,1,0,1
B031,2021-09-29 04:00:00,1,614G2040,0.03026765448,,334.88,1,0,1
B031,2021-09-29 04:00:00,2,61402050,0,,306.52,1,0,1
B031,2021-09-29 05:00:00,0,614E1950,0,,536.97,1,0,1
B031,2021-09-29 05:00:00,1,614G2040,0.02255800546,,334.88,1,0,1
B031,2021-09-29 05:00:00,2,61402050,0,,306.49,1,0,1
B031,2021-09-29 06:00:00,0,614E1950,0,,536.96,1,0,1
B031,2021-09-29 06:00:00,1,614G2040,0.002883790284,,334.87,1,0,1
B031,2021-09-29 06:00:00,2,61402050,0.03441217649,,306.48,1,0,1
B031,2021-09-29 07:00:00,0,614E1950,6.723000272,,536.96,1,0,1
B031,2021-09-29 07:00:00,1,614G2040,13.1521174,,334.86,1,0,1
B031,2021-09-29 07:00:00,2,61402050,6.055257515,,306.47,1,0,1
B031,2021-09-29 08:00:00,0,614E1950,0,,536.96,1,0,1
B031,2021-09-29 08:00:00,1,614G2040,0,,334.86,1,0,1
B031,2021-09-29 08:00:00,2,61402050,0,1.54,306.47,1,1,1
B031,2021-09-29 09:00:00,0,614E1950,0,,536.96,1,0,1
B031,2021-09-29 09:00:00,1,614G2040,0,,334.77,1,0,1
B031,2021-09-29 09:00:00,2,61402050,0,,306.45,1,0,1
B031,2021-09-29 10:00:00,0,614E1950,0,,536.97,1,0,1
B031,2021-09-29 10:00:00,1,614G2040,0,,334.73,1,0,1
B031,2021-09-29 10:00:00,2,61402050,0,,306.44,1,0,1
B031,2021-09-29 11:00:00,0,614E1950,0,,536.97,1,0,1
B031,2021-09-29 11:00:00,1,614G2040,0,,334.73,1,0,1
B031,2021-09-29 11:00:00,2,61402050,0,,306.44,1,0,1
B031,2021-09-29 12:00:00,0,614E1950,0,,536.97,1,0,1
B031,2021-09-29 12:00:00,1,614G2040,0,,334.73,1,0,1
B031,2021-09-29 12:00:00,2,61402050,0,,306.43,1,0,1
B031,2021-09-29 13:00:00,0,614E1950,0,,536.97,1,0,1
B031,2021-09-29 13:00:00,1,614G2040,0,,334.72,1,0,1
B031,2021-09-29 13:00:00,2,61402050,0,,306.43,1,0,1
B031,2021-09-29 14:00:00,0,614E1950,0,,536.97,1,0,1
B031,2021-09-29 14:00:00,1,614G2040,0,,334.72,1,0,1
B031,2021-09-29 14:00:00,2,61402050,0,,306.43,1,0,1
B031,2021-09-29 15:00:00,0,614E1950,0,,536.97,1,0,1
B031,2021-09-29 15:00:00,1,614G2040,0,,334.7,1,0,1
B031,2021-09-29 15:00:00,2,61402050,0,,306.42,1,0,1
B031,2021-09-29 16:00:00,0,614E1950,0,,536.97,1,0,1
B031,2021-09-29 16:00:00,1,614G2040,0,,334.69,1,0,1
B031,2021-09-29 16:00:00,2,61402050,0,,306.42,1,0,1
B031,2021-09-29 17:00:00,0,614E1950,0,,536.97,1,0,1
B031,2021-09-29 17:00:00,1,614G2040,0,,334.69,1,0,1
B031,2021-09-29 17:00:00,2,61402050,0,,306.42,1,0,1
B031,2021-09-29 18:00:00,0,614E1950,0,,536.97,1,0,1
B031,2021-09-29 18:00:00,1,614G2040,0,,334.73,1,0,1
B031,2021-09-29 18:00:00,2,61402050,0,,306.42,1,0,1
B031,2021-09-29 19:00:00,0,614E1950,0,,536.97,1,0,1
B031,2021-09-29 19:00:00,1,614G2040,0,,334.74,1,0,1
B031,2021-09-29 19:00:00,2,61402050,0,,306.42,1,0,1
B031,2021-09-29 20:00:00,0,614E1950,0,,536.97,1,0,1
B031,2021-09-29 20:00:00,1,614G2040,0,,334.75,1,0,1
B031,2021-09-29 20:00:00,2,61402050,0,,306.42,1,0,1
B031,2021-09-29 21:00:00,0,614E1950,0,,536.96,1,0,1
B031,2021-09-29 21:00:00,1,614G2040,0,,334.75,1,0,1
B031,2021-09-29 21:00:00,2,61402050,0,,306.42,1,0,1
B031,2021-09-29 22:00:00,0,614E1950,0,,536.96,1,0,1
B031,2021-09-29 22:00:00,1,614G2040,0,,334.77,1,0,1
B031,2021-09-29 22:00:00,2,61402050,0,,306.42,1,0,1
B031,2021-09-29 23:00:00,0,614E1950,0,,536.96,1,0,1
B031,2021-09-29 23:00:00,1,614G2040,0,,334.77,1,0,1
B031,2021-09-29 23:00:00,2,61402050,0,,306.42,1,0,1
B031,2021-09-30 00:00:00,0,614E1950,0,,536.96,1,0,1
B031,2021-09-30 00:00:00,1,614G2040,0,,334.76,1,0,1
B031,2021-09-30 00:00:00,2,61402050,0,,306.42,1,0,1
B031,2021-09-30 01:00:00,0,614E1950,0,,536.96,1,0,1
B031,2021-09-30 01:00:00,1,614G2040,0,,334.77,1,0,1
B031,2021-09-30 01:00:00,2,61402050,0,,306.41,1,0,1
B031,2021-09-30 02:00:00,0,614E1950,0,,536.96,1,0,1
B031,2021-09-30 02:00:00,1,614G2040,0,,334.77,1,0,1
B031,2021-09-30 02:00:00,2,61402050,0,,306.41,1,0,1
B031,2021-09-30 03:00:00,0,614E1950,0,,536.96,1,0,1
B031,2021-09-30 03:00:00,1,614G2040,0,,334.78,1,0,1
B031,2021-09-30 03:00:00,2,61402050,0,,306.41,1,0,1
B031,2021-09-30 04:00:00,0,614E1950,0,,536.96,1,0,1
B031,2021-09-30 04:00:00,1,614G2040,0,,334.78,1,0,1
B031,2021-09-30 04:00:00,2,61402050,0,,306.41,1,0,1
B031,2021-09-30 05:00:00,0,614E1950,0,,536.96,1,0,1
B031,2021-09-30 05:00:00,1,614G2040,0,,334.77,1,0,1
B031,2021-09-30 05:00:00,2,61402050,0,,306.41,1,0,1
B031,2021-09-30 06:00:00,0,614E1950,0,,536.96,1,0,1
B031,2021-09-30 06:00:00,1,614G2040,0,,334.78,1,0,1
B031,2021-09-30 06:00:00,2,61402050,0,,306.41,1,0,1
B031,2021-09-30 07:00:00,0,614E1950,0,,536.96,1,0,1
B031,2021-09-30 07:00:00,1,614G2040,0,,334.77,1,0,1
B031,2021-09-30 07:00:00,2,61402050,0,,306.41,1,0,1
B031,2021-09-30 08:00:00,0,614E1950,0,,536.96,1,0,1
B031,2021-09-30 08:00:00,1,614G2040,0,,334.77,1,0,1
B031,2021-09-30 08:00:00,2,61402050,0,0.817,306.41,1,1,1
B031,2021-09-30 09:00:00,0,614E1950,0,,536.96,1,0,1
B031,2021-09-30 09:00:00,1,614G2040,0,,334.77,1,0,1
B031,2021-09-30 09:00:00,2,61402050,0,,306.41,1,0,1
B031,2021-09-30 10:00:00,0,614E1950,0,,536.96,1,0,1
B031,2021-09-30 10:00:00,1,614G2040,0,,334.74,1,0,1
B031,2021-09-30 10:00:00,2,61402050,0,,306.41,1,0,1
B031,2021-09-30 11:00:00,0,614E1950,0,,536.96,1,0,1
B031,2021-09-30 11:00:00,1,614G2040,0,,334.73,1,0,1
B031,2021-09-30 11:00:00,2,61402050,0,,306.41,1,0,1
B031,2021-09-30 12:00:00,0,614E1950,0,,536.96,1,0,1
B031,2021-09-30 12:00:00,1,614G2040,0,,334.73,1,0,1
B031,2021-09-30 12:00:00,2,61402050,0,,306.41,1,0,1
B031,2021-09-30 13:00:00,0,614E1950,0,,536.96,1,0,1
B031,2021-09-30 13:00:00,1,614G2040,0,,334.72,1,0,1
B031,2021-09-30 13:00:00,2,61402050,0,,306.41,1,0,1
B031,2021-09-30 14:00:00,0,614E1950,0,,536.96,1,0,1
B031,2021-09-30 14:00:00,1,614G2040,0,,334.71,1,0,1
B031,2021-09-30 14:00:00,2,61402050,0,,306.41,1,0,1
B031,2021-09-30 15:00:00,0,614E1950,0,,536.96,1,0,1
B031,2021-09-30 15:00:00,1,614G2040,0,,334.71,1,0,1
B031,2021-09-30 15:00:00,2,61402050,0,,306.41,1,0,1
B031,2021-09-30 16:00:00,0,614E1950,0,,536.96,1,0,1
B031,2021-09-30 16:00:00,1,614G2040,0,,334.69,1,0,1
B031,2021-09-30 16:00:00,2,61402050,0,,306.41,1,0,1
B031,2021-09-30 17:00:00,0,614E1950,0,,536.96,1,0,1
B031,2021-09-30 17:00:00,1,614G2040,0,,334.68,1,0,1
B031,2021-09-30 17:00:00,2,61402050,0,,306.41,1,0,1
B031,2021-09-30 18:00:00,0,614E1950,0,,536.96,1,0,1
B031,2021-09-30 18:00:00,1,614G2040,0,,334.72,1,0,1
B031,2021-09-30 18:00:00,2,61402050,0,,306.41,1,0,1
B031,2021-09-30 19:00:00,0,614E1950,0,,536.96,1,0,1
B031,2021-09-30 19:00:00,1,614G2040,0,,334.75,1,0,1
B031,2021-09-30 19:00:00,2,61402050,0,,306.41,1,0,1
B031,2021-09-30 20:00:00,0,614E1950,0,,536.96,1,0,1
B031,2021-09-30 20:00:00,1,614G2040,0,,334.76,1,0,1
B031,2021-09-30 20:00:00,2,61402050,0,,306.41,1,0,1
B031,2021-09-30 21:00:00,0,614E1950,0,,536.96,1,0,1
B031,2021-09-30 21:00:00,1,614G2040,0,,334.76,1,0,1
B031,2021-09-30 21:00:00,2,61402050,0,,306.4,1,0,1
B031,2021-09-30 22:00:00,0,614E1950,0,,536.96,1,0,1
B031,2021-09-30 22:00:00,1,614G2040,0,,334.77,1,0,1
B031,2021-09-30 22:00:00,2,61402050,0,,306.4,1,0,1
B031,2021-09-30 23:00:00,0,614E1950,0,,536.96,1,0,1
B031,2021-09-30 23:00:00,1,614G2040,0,,334.76,1,0,1
B031,2021-09-30 23:00:00,2,61402050,0,,306.4,1,0,1
B031,2021-10-01 00:00:00,0,614E1950,0,,536.96,1,0,1
B031,2021-10-01 00:00:00,1,614G2040,0,,334.76,1,0,1
B031,2021-10-01 00:00:00,2,61402050,0,,306.4,1,0,1
B031,2021-10-01 01:00:00,0,614E1950,0,,536.96,1,0,1
B031,2021-10-01 01:00:00,1,614G2040,0,,334.76,1,0,1
B031,2021-10-01 01:00:00,2,61402050,0,,306.4,1,0,1
B031,2021-10-01 02:00:00,0,614E1950,0,,536.96,1,0,1
B031,2021-10-01 02:00:00,1,614G2040,0,,334.76,1,0,1
B031,2021-10-01 02:00:00,2,61402050,0,,306.4,1,0,1
B031,2021-10-01 03:00:00,0,614E1950,0,,536.96,1,0,1
B031,2021-10-01 03:00:00,1,614G2040,0,,334.77,1,0,1
B031,2021-10-01 03:00:00,2,61402050,0,,306.4,1,0,1
B031,2021-10-01 04:00:00,0,614E1950,0,,536.96,1,0,1
B031,2021-10-01 04:00:00,1,614G2040,0,,334.77,1,0,1
B031,2021-10-01 04:00:00,2,61402050,0,,306.4,1,0,1
B031,2021-10-01 05:00:00,0,614E1950,0,,536.96,1,0,1
B031,2021-10-01 05:00:00,1,614G2040,0,,334.77,1,0,1
B031,2021-10-01 05:00:00,2,61402050,0,,306.4,1,0,1
B031,2021-10-01 06:00:00,0,614E1950,0,,536.96,1,0,1
B031,2021-10-01 06:00:00,1,614G2040,0,,,1,0,0
B031,2021-10-01 06:00:00,2,61402050,0,,306.4,1,0,1
B031,2021-10-01 07:00:00,0,614E1950,0,,536.96,1,0,1
B031,2021-10-01 07:00:00,1,614G2040,0,,334.77,1,0,1
B031,2021-10-01 07:00:00,2,61402050,0,,306.4,1,0,1
B031,2021-10-01 08:00:00,0,614E1950,0,,,1,0,0
B031,2021-10-01 08:00:00,1,614G2040,0,,334.77,1,0,1
B031,2021-10-01 08:00:00,2,61402050,0,0.775,306.4,1,1,1
B031,2022-03-14 09:00:00,0,614E1950,0,,536.99,1,0,1
B031,2022-03-14 09:00:00,1,614G2040,0,,335.04,1,0,1
B031,2022-03-14 09:00:00,2,61402050,0,,306.68,1,0,1
B031,2022-03-14 10:00:00,0,614E1950,0,,536.99,1,0,1
B031,2022-03-14 10:00:00,1,614G2040,0,,335.04,1,0,1
B031,2022-03-14 10:00:00,2,61402050,0,,306.68,1,0,1
B031,2022-03-14 11:00:00,0,614E1950,0,,536.99,1,0,1
B031,2022-03-14 11:00:00,1,614G2040,0,,335.04,1,0,1
B031,2022-03-14 11:00:00,2,61402050,0,,306.68,1,0,1
B031,2022-03-14 12:00:00,0,614E1950,0,,536.99,1,0,1
B031,2022-03-14 12:00:00,1,614G2040,0,,335.05,1,0,1
B031,2022-03-14 12:00:00,2,61402050,0,,306.68,1,0,1
B031,2022-03-14 13:00:00,0,614E1950,0,,536.99,1,0,1
B031,2022-03-14 13:00:00,1,614G2040,0,,335.06,1,0,1
B031,2022-03-14 13:00:00,2,61402050,0,,306.68,1,0,1
B031,2022-03-14 14:00:00,0,614E1950,0,,536.99,1,0,1
B031,2022-03-14 14:00:00,1,614G2040,0,,335.08,1,0,1
B031,2022-03-14 14:00:00,2,61402050,0,,306.68,1,0,1
B031,2022-03-14 15:00:00,0,614E1950,0,,536.99,1,0,1
B031,2022-03-14 15:00:00,1,614G2040,0,,335.07,1,0,1
B031,2022-03-14 15:00:00,2,61402050,0,,306.68,1,0,1
B031,2022-03-14 16:00:00,0,614E1950,0,,536.99,1,0,1
B031,2022-03-14 16:00:00,1,614G2040,0,,335.06,1,0,1
B031,2022-03-14 16:00:00,2,61402050,0,,306.68,1,0,1
B031,2022-03-14 17:00:00,0,614E1950,0,,536.99,1,0,1
B031,2022-03-14 17:00:00,1,614G2040,0,,335.07,1,0,1
B031,2022-03-14 17:00:00,2,61402050,0,,306.68,1,0,1
B031,2022-03-14 18:00:00,0,614E1950,0,,536.99,1,0,1
B031,2022-03-14 18:00:00,1,614G2040,0,,335.09,1,0,1
B031,2022-03-14 18:00:00,2,61402050,0,,306.68,1,0,1
B031,2022-03-14 19:00:00,0,614E1950,0,,536.99,1,0,1
B031,2022-03-14 19:00:00,1,614G2040,0,,335.06,1,0,1
B031,2022-03-14 19:00:00,2,61402050,0,,306.68,1,0,1
B031,2022-03-14 20:00:00,0,614E1950,0,,536.99,1,0,1
B031,2022-03-14 20:00:00,1,614G2040,0,,335.07,1,0,1
B031,2022-03-14 20:00:00,2,61402050,0,,306.68,1,0,1
B031,2022-03-14 21:00:00,0,614E1950,0,,536.99,1,0,1
B031,2022-03-14 21:00:00,1,614G2040,0,,335.05,1,0,1
B031,2022-03-14 21:00:00,2,61402050,0,,306.68,1,0,1
B031,2022-03-14 22:00:00,0,614E1950,0,,536.99,1,0,1
B031,2022-03-14 22:00:00,1,614G2040,0,,335.05,1,0,1
B031,2022-03-14 22:00:00,2,61402050,0,,306.68,1,0,1
B031,2022-03-14 23:00:00,0,614E1950,0,,536.99,1,0,1
B031,2022-03-14 23:00:00,1,614G2040,0,,335.04,1,0,1
B031,2022-03-14 23:00:00,2,61402050,0,,306.68,1,0,1
B031,2022-03-15 00:00:00,0,614E1950,0,,536.99,1,0,1
B031,2022-03-15 00:00:00,1,614G2040,0,,335.05,1,0,1
B031,2022-03-15 00:00:00,2,61402050,0,,306.68,1,0,1
B031,2022-03-15 01:00:00,0,614E1950,0,,536.99,1,0,1
B031,2022-03-15 01:00:00,1,614G2040,0,,335.04,1,0,1
B031,2022-03-15 01:00:00,2,61402050,0,,306.68,1,0,1
B031,2022-03-15 02:00:00,0,614E1950,0,,536.99,1,0,1
B031,2022-03-15 02:00:00,1,614G2040,0,,335.05,1,0,1
B031,2022-03-15 02:00:00,2,61402050,0,,306.68,1,0,1
B031,2022-03-15 03:00:00,0,614E1950,0,,536.99,1,0,1
B031,2022-03-15 03:00:00,1,614G2040,0,,335.04,1,0,1
B031,2022-03-15 03:00:00,2,61402050,0,,306.68,1,0,1
B031,2022-03-15 04:00:00,0,614E1950,0,,536.99,1,0,1
B031,2022-03-15 04:00:00,1,614G2040,0,,335.04,1,0,1
B031,2022-03-15 04:00:00,2,61402050,0,,306.68,1,0,1
B031,2022-03-15 05:00:00,0,614E1950,0,,536.99,1,0,1
B031,2022-03-15 05:00:00,1,614G2040,0,,335.04,1,0,1
B031,2022-03-15 05:00:00,2,61402050,0,,306.68,1,0,1
B031,2022-03-15 06:00:00,0,614E1950,0,,536.99,1,0,1
B031,2022-03-15 06:00:00,1,614G2040,0,,335.04,1,0,1
B031,2022-03-15 06:00:00,2,61402050,0,,306.68,1,0,1
B031,2022-03-15 07:00:00,0,614E1950,0,,536.98,1,0,1
B031,2022-03-15 07:00:00,1,614G2040,0,,335.04,1,0,1
B031,2022-03-15 07:00:00,2,61402050,0,,306.68,1,0,1
B031,2022-03-15 08:00:00,0,614E1950,0,,536.99,1,0,1
B031,2022-03-15 08:00:00,1,614G2040,0,,335.05,1,0,1
B031,2022-03-15 08:00:00,2,61402050,0,,306.68,1,0,1
B031,2022-03-15 09:00:00,0,614E1950,0,,536.98,1,0,1
B031,2022-03-15 09:00:00,1,614G2040,0,,335.05,1,0,1
B031,2022-03-15 09:00:00,2,61402050,0,,306.68,1,0,1
B031,2022-03-15 10:00:00,0,614E1950,0,,,1,0,0
B031,2022-03-15 10:00:00,1,614G2040,0,,335.03,1,0,1
B031,2022-03-15 10:00:00,2,61402050,0,,306.68,1,0,1
B031,2022-03-15 11:00:00,0,614E1950,0,,,1,0,0
B031,2022-03-15 11:00:00,1,614G2040,0,,335.04,1,0,1
B031,2022-03-15 11:00:00,2,61402050,0,,306.68,1,0,1
B031,2022-03-15 12:00:00,0,614E1950,0,,536.99,1,0,1
B031,2022-03-15 12:00:00,1,614G2040,0,,335.04,1,0,1
B031,2022-03-15 12:00:00,2,61402050,0,,306.68,1,0,1
B031,2022-03-15 13:00:00,0,614E1950,0,,536.98,1,0,1
B031,2022-03-15 13:00:00,1,614G2040,0,,335.05,1,0,1
B031,2022-03-15 13:00:00,2,61402050,0,,306.68,1,0,1
B031,2022-03-15 14:00:00,0,614E1950,0,,536.99,1,0,1
B031,2022-03-15 14:00:00,1,614G2040,0,,335.05,1,0,1
B031,2022-03-15 14:00:00,2,61402050,0,,306.68,1,0,1
B031,2022-03-15 15:00:00,0,614E1950,0,,536.98,1,0,1
B031,2022-03-15 15:00:00,1,614G2040,0,,335.08,1,0,1
B031,2022-03-15 15:00:00,2,61402050,0,,306.68,1,0,1
B031,2022-03-15 16:00:00,0,614E1950,0,,,1,0,0
B031,2022-03-15 16:00:00,1,614G2040,0,,335.07,1,0,1
B031,2022-03-15 16:00:00,2,61402050,0,,306.68,1,0,1
B031,2022-03-15 17:00:00,0,614E1950,0,,,1,0,0
B031,2022-03-15 17:00:00,1,614G2040,0,,335.06,1,0,1
B031,2022-03-15 17:00:00,2,61402050,0,,306.68,1,0,1
B031,2022-03-15 18:00:00,0,614E1950,0,,,1,0,0
B031,2022-03-15 18:00:00,1,614G2040,0,,335.06,1,0,1
B031,2022-03-15 18:00:00,2,61402050,0,,306.68,1,0,1
B031,2022-03-15 19:00:00,0,614E1950,0,,536.98,1,0,1
B031,2022-03-15 19:00:00,1,614G2040,0,,335.06,1,0,1
B031,2022-03-15 19:00:00,2,61402050,0,,306.68,1,0,1
B031,2022-03-15 20:00:00,0,614E1950,0,,536.98,1,0,1
B031,2022-03-15 20:00:00,1,614G2040,0,,335.05,1,0,1
B031,2022-03-15 20:00:00,2,61402050,0,,306.68,1,0,1
B031,2022-03-15 21:00:00,0,614E1950,0,,536.98,1,0,1
B031,2022-03-15 21:00:00,1,614G2040,0,,335.05,1,0,1
B031,2022-03-15 21:00:00,2,61402050,0,,306.68,1,0,1
B031,2022-03-15 22:00:00,0,614E1950,0,,536.98,1,0,1
B031,2022-03-15 22:00:00,1,614G2040,0,,335.07,1,0,1
B031,2022-03-15 22:00:00,2,61402050,0,,306.68,1,0,1
B031,2022-03-15 23:00:00,0,614E1950,0,,536.98,1,0,1
B031,2022-03-15 23:00:00,1,614G2040,0,,335.06,1,0,1
B031,2022-03-15 23:00:00,2,61402050,0,,306.68,1,0,1
B031,2022-03-16 00:00:00,0,614E1950,0,,536.98,1,0,1
B031,2022-03-16 00:00:00,1,614G2040,0,,335.05,1,0,1
B031,2022-03-16 00:00:00,2,61402050,0,,306.68,1,0,1
B031,2022-03-16 01:00:00,0,614E1950,0,,536.98,1,0,1
B031,2022-03-16 01:00:00,1,614G2040,0,,335.05,1,0,1
B031,2022-03-16 01:00:00,2,61402050,0,,306.68,1,0,1
B031,2022-03-16 02:00:00,0,614E1950,0,,536.98,1,0,1
B031,2022-03-16 02:00:00,1,614G2040,0,,335.06,1,0,1
B031,2022-03-16 02:00:00,2,61402050,0,,306.68,1,0,1
B031,2022-03-16 03:00:00,0,614E1950,0,,536.98,1,0,1
B031,2022-03-16 03:00:00,1,614G2040,0,,335.04,1,0,1
B031,2022-03-16 03:00:00,2,61402050,0,,306.68,1,0,1
B031,2022-03-16 04:00:00,0,614E1950,0,,536.98,1,0,1
B031,2022-03-16 04:00:00,1,614G2040,0,,335.04,1,0,1
B031,2022-03-16 04:00:00,2,61402050,0,,306.68,1,0,1
B031,2022-03-16 05:00:00,0,614E1950,0,,536.98,1,0,1
B031,2022-03-16 05:00:00,1,614G2040,0,,335.06,1,0,1
B031,2022-03-16 05:00:00,2,61402050,0,,306.68,1,0,1
B031,2022-03-16 06:00:00,0,614E1950,0,,536.98,1,0,1
B031,2022-03-16 06:00:00,1,614G2040,0,,335.04,1,0,1
B031,2022-03-16 06:00:00,2,61402050,0,,306.68,1,0,1
B031,2022-03-16 07:00:00,0,614E1950,0,,536.98,1,0,1
B031,2022-03-16 07:00:00,1,614G2040,0,,335.04,1,0,1
B031,2022-03-16 07:00:00,2,61402050,0,,306.68,1,0,1
B031,2022-03-16 08:00:00,0,614E1950,0,,536.98,1,0,1
B031,2022-03-16 08:00:00,1,614G2040,0,,335.05,1,0,1
B031,2022-03-16 08:00:00,2,61402050,0,,306.68,1,0,1
B031,2022-03-16 09:00:00,0,614E1950,0.5856909426,,536.98,1,0,1
B031,2022-03-16 09:00:00,1,614G2040,0.5662262909,,335.04,1,0,1
B031,2022-03-16 09:00:00,2,61402050,1.05999841,,306.68,1,0,1
B031,2022-03-16 10:00:00,0,614E1950,0.3856187991,,536.98,1,0,1
B031,2022-03-16 10:00:00,1,614G2040,0.6140636724,,335.05,1,0,1
B031,2022-03-16 10:00:00,2,61402050,0.4152061656,,306.68,1,0,1
B031,2022-03-16 11:00:00,0,614E1950,0.1395928342,,536.99,1,0,1
B031,2022-03-16 11:00:00,1,614G2040,0.3665009175,,,1,0,0
B031,2022-03-16 11:00:00,2,61402050,0.6794205633,,306.68,1,0,1
B031,2022-03-16 12:00:00,0,614E1950,0,,536.99,1,0,1
B031,2022-03-16 12:00:00,1,614G2040,0,,335.05,1,0,1
B031,2022-03-16 12:00:00,2,61402050,0.1021188464,,306.68,1,0,1
B031,2022-03-16 13:00:00,0,614E1950,0,,536.99,1,0,1
B031,2022-03-16 13:00:00,1,614G2040,0,,335.05,1,0,1
B031,2022-03-16 13:00:00,2,61402050,0,,306.68,1,0,1
B031,2022-03-16 14:00:00,0,614E1950,0,,536.99,1,0,1
B031,2022-03-16 14:00:00,1,614G2040,0,,335.05,1,0,1
B031,2022-03-16 14:00:00,2,61402050,0,,306.68,1,0,1
B031,2022-03-16 15:00:00,0,614E1950,0,,536.99,1,0,1
B031,2022-03-16 15:00:00,1,614G2040,0,,335.05,1,0,1
B031,2022-03-16 15:00:00,2,61402050,0,,306.68,1,0,1
B031,2022-03-16 16:00:00,0,614E1950,0,,536.99,1,0,1
B031,2022-03-16 16:00:00,1,614G2040,0,,335.05,1,0,1
B031,2022-03-16 16:00:00,2,61402050,0,,306.68,1,0,1
B031,2022-03-16 17:00:00,0,614E1950,0,,536.98,1,0,1
B031,2022-03-16 17:00:00,1,614G2040,0,,335.06,1,0,1
B031,2022-03-16 17:00:00,2,61402050,0,,306.68,1,0,1
B031,2022-03-16 18:00:00,0,614E1950,0,,536.99,1,0,1
B031,2022-03-16 18:00:00,1,614G2040,0,,335.05,1,0,1
B031,2022-03-16 18:00:00,2,61402050,0,,306.68,1,0,1
B031,2022-03-16 19:00:00,0,614E1950,6.848148108,,536.98,1,0,1
B031,2022-03-16 19:00:00,1,614G2040,6.272531873,,335.05,1,0,1
B031,2022-03-16 19:00:00,2,61402050,4.063630412,,306.68,1,0,1
B031,2022-03-16 20:00:00,0,614E1950,1.794750738,,,1,0,0
B031,2022-03-16 20:00:00,1,614G2040,2.724238027,,335.08,1,0,1
B031,2022-03-16 20:00:00,2,61402050,1.32310832,,306.68,1,0,1
B031,2022-03-16 21:00:00,0,614E1950,2.053596608,,537.08,1,0,1
B031,2022-03-16 21:00:00,1,614G2040,2.972178488,,335.07,1,0,1
B031,2022-03-16 21:00:00,2,61402050,2.141423842,,306.76,1,0,1
B031,2022-03-16 22:00:00,0,614E1950,0.490048676,,537.12,1,0,1
B031,2022-03-16 22:00:00,1,614G2040,0.8910687854,,335.08,1,0,1
B031,2022-03-16 22:00:00,2,61402050,0.663155505,,306.76,1,0,1
B031,2022-03-16 23:00:00,0,614E1950,0.06128867977,,,1,0,0
B031,2022-03-16 23:00:00,1,614G2040,0.1146053647,,335.07,1,0,1
B031,2022-03-16 23:00:00,2,61402050,0.1335277007,,306.77,1,0,1
B031,2022-03-17 00:00:00,0,614E1950,0,,,1,0,0
B031,2022-03-17 00:00:00,1,614G2040,0,,335.06,1,0,1
B031,2022-03-17 00:00:00,2,61402050,0.01856953027,,306.79,1,0,1
B031,2022-03-17 01:00:00,0,614E1950,0,,,1,0,0
B031,2022-03-17 01:00:00,1,614G2040,0,,335.06,1,0,1
B031,2022-03-17 01:00:00,2,61402050,0,,306.82,1,0,1
B031,2022-03-17 02:00:00,0,614E1950,0,,,1,0,0
B031,2022-03-17 02:00:00,1,614G2040,0,,335.06,1,0,1
B031,2022-03-17 02:00:00,2,61402050,0,,306.83,1,0,1
B031,2022-03-17 03:00:00,0,614E1950,0,,,1,0,0
B031,2022-03-17 03:00:00,1,614G2040,0,,335.05,1,0,1
B031,2022-03-17 03:00:00,2,61402050,0.009148359047,,306.83,1,0,1
B031,2022-03-17 04:00:00,0,614E1950,0,,,1,0,0
B031,2022-03-17 04:00:00,1,614G2040,0,,335.05,1,0,1
B031,2022-03-17 04:00:00,2,61402050,0,,306.83,1,0,1
B031,2022-03-17 05:00:00,0,614E1950,0,,,1,0,0
B031,2022-03-17 05:00:00,1,614G2040,0,,335.05,1,0,1
B031,2022-03-17 05:00:00,2,61402050,0,,306.83,1,0,1
B031,2022-03-17 06:00:00,0,614E1950,0,,,1,0,0
B031,2022-03-17 06:00:00,1,614G2040,0,,335.06,1,0,1
B031,2022-03-17 06:00:00,2,61402050,0,,306.83,1,0,1
B031,2022-03-17 07:00:00,0,614E1950,12.48131275,,,1,0,0
B031,2022-03-17 07:00:00,1,614G2040,15.28188751,,335.07,1,0,1
B031,2022-03-17 07:00:00,2,61402050,10.8868034,,306.82,1,0,1
B031,2022-03-17 08:00:00,0,614E1950,0,,537.12,1,0,1
B031,2022-03-17 08:00:00,1,614G2040,0,,335.05,1,0,1
B031,2022-03-17 08:00:00,2,61402050,0,,306.81,1,0,1
B031,2022-03-17 09:00:00,0,614E1950,0,,,1,0,0
B031,2022-03-17 09:00:00,1,614G2040,0,,335.05,1,0,1
B031,2022-03-17 09:00:00,2,61402050,0,,306.81,1,0,1
B031,2022-03-17 10:00:00,0,614E1950,0,,,1,0,0
B031,2022-03-17 10:00:00,1,614G2040,0,,335.07,1,0,1
B031,2022-03-17 10:00:00,2,61402050,0,,306.8,1,0,1
B031,2022-03-17 11:00:00,0,614E1950,0,,,1,0,0
B031,2022-03-17 11:00:00,1,614G2040,0,,335.05,1,0,1
B031,2022-03-17 11:00:00,2,61402050,0,,306.8,1,0,1
B031,2022-03-17 12:00:00,0,614E1950,0.05153038023,,,1,0,0
B031,2022-03-17 12:00:00,1,614G2040,0.05431717476,,335.06,1,0,1
B031,2022-03-17 12:00:00,2,61402050,0,,306.8,1,0,1
B031,2022-03-17 13:00:00,0,614E1950,0,,537.17,1,0,1
B031,2022-03-17 13:00:00,1,614G2040,0,,,1,0,0
B031,2022-03-17 13:00:00,2,61402050,0,,306.8,1,0,1
B031,2022-03-17 14:00:00,0,614E1950,0,,537.17,1,0,1
B031,2022-03-17 14:00:00,1,614G2040,0,,335.05,1,0,1
B031,2022-03-17 14:00:00,2,61402050,0,,306.8,1,0,1
B031,2022-03-17 15:00:00,0,614E1950,0,,537.17,1,0,1
B031,2022-03-17 15:00:00,1,614G2040,0,,335.06,1,0,1
B031,2022-03-17 15:00:00,2,61402050,0,,306.8,1,0,1
B031,2022-03-17 16:00:00,0,614E1950,0,,537.17,1,0,1
B031,2022-03-17 16:00:00,1,614G2040,0,,335.07,1,0,1
B031,2022-03-17 16:00:00,2,61402050,0,,306.79,1,0,1
B031,2022-03-17 17:00:00,0,614E1950,0,,537.16,1,0,1
B031,2022-03-17 17:00:00,1,614G2040,0,,335.06,1,0,1
B031,2022-03-17 17:00:00,2,61402050,0,,306.79,1,0,1
B031,2022-03-17 18:00:00,0,614E1950,0,,537.16,1,0,1
B031,2022-03-17 18:00:00,1,614G2040,0,,335.07,1,0,1
B031,2022-03-17 18:00:00,2,61402050,0,,306.79,1,0,1
B031,2022-03-17 19:00:00,0,614E1950,0,,537.16,1,0,1
B031,2022-03-17 19:00:00,1,614G2040,0,,335.07,1,0,1
B031,2022-03-17 19:00:00,2,61402050,0,,306.78,1,0,1
B031,2022-03-17 20:00:00,0,614E1950,0,,537.16,1,0,1
B031,2022-03-17 20:00:00,1,614G2040,0,,335.06,1,0,1
B031,2022-03-17 20:00:00,2,61402050,0,,306.77,1,0,1
B031,2022-03-17 21:00:00,0,614E1950,0,,537.15,1,0,1
B031,2022-03-17 21:00:00,1,614G2040,0,,335.06,1,0,1
B031,2022-03-17 21:00:00,2,61402050,0,,306.77,1,0,1
B031,2022-03-17 22:00:00,0,614E1950,0,,537.15,1,0,1
B031,2022-03-17 22:00:00,1,614G2040,0,,335.06,1,0,1
B031,2022-03-17 22:00:00,2,61402050,0,,306.76,1,0,1
B031,2022-03-17 23:00:00,0,614E1950,0.002180906031,,537.15,1,0,1
B031,2022-03-17 23:00:00,1,614G2040,0.0127045973,,335.05,1,0,1
B031,2022-03-17 23:00:00,2,61402050,0.02421863381,,306.76,1,0,1
B031,2022-03-18 00:00:00,0,614E1950,0,,537.15,1,0,1
B031,2022-03-18 00:00:00,1,614G2040,0.1659542642,,335.05,1,0,1
B031,2022-03-18 00:00:00,2,61402050,0,,306.76,1,0,1
B031,2022-03-18 01:00:00,0,614E1950,0,,537.14,1,0,1
B031,2022-03-18 01:00:00,1,614G2040,0,,335.05,1,0,1
B031,2022-03-18 01:00:00,2,61402050,0,,306.76,1,0,1
B031,2022-03-18 02:00:00,0,614E1950,0,,537.14,1,0,1
B031,2022-03-18 02:00:00,1,614G2040,0,,335.05,1,0,1
B031,2022-03-18 02:00:00,2,61402050,0,,306.75,1,0,1
B031,2022-03-18 03:00:00,0,614E1950,0.06112736104,,537.14,1,0,1
B031,2022-03-18 03:00:00,1,614G2040,0,,335.05,1,0,1
B031,2022-03-18 03:00:00,2,61402050,0.00168026546,,306.75,1,0,1
B031,2022-03-18 04:00:00,0,614E1950,0,,537.14,1,0,1
B031,2022-03-18 04:00:00,1,614G2040,0,,335.05,1,0,1
B031,2022-03-18 04:00:00,2,61402050,0,,306.75,1,0,1
B031,2022-03-18 05:00:00,0,614E1950,0,,537.14,1,0,1
B031,2022-03-18 05:00:00,1,614G2040,0,,335.06,1,0,1
B031,2022-03-18 05:00:00,2,61402050,0,,306.75,1,0,1
B031,2022-03-18 06:00:00,0,614E1950,0,,537.14,1,0,1
B031,2022-03-18 06:00:00,1,614G2040,0,,335.05,1,0,1
B031,2022-03-18 06:00:00,2,61402050,0,,306.74,1,0,1
B031,2022-03-18 07:00:00,0,614E1950,0.1148386473,,537.14,1,0,1
B031,2022-03-18 07:00:00,1,614G2040,0.3511067933,,335.04,1,0,1
B031,2022-03-18 07:00:00,2,61402050,0.04280245428,,306.74,1,0,1
B031,2022-03-18 08:00:00,0,614E1950,0,,537.14,1,0,1
B031,2022-03-18 08:00:00,1,614G2040,0,,335.04,1,0,1
B031,2022-03-18 08:00:00,2,61402050,0,,306.74,1,0,1
B031,2022-03-18 09:00:00,0,614E1950,0,,537.13,1,0,1
B031,2022-03-18 09:00:00,1,614G2040,0,,335.04,1,0,1
B031,2022-03-18 09:00:00,2,61402050,0,,306.74,1,0,1
B031,2022-03-18 10:00:00,0,614E1950,0.06128867977,,537.13,1,0,1
B031,2022-03-18 10:00:00,1,614G2040,0.02633234376,,335.05,1,0,1
B031,2022-03-18 10:00:00,2,61402050,0,,306.74,1,0,1
B031,2022-03-18 11:00:00,0,614E1950,0,,537.13,1,0,1
B031,2022-03-18 11:00:00,1,614G2040,0,,335.04,1,0,1
B031,2022-03-18 11:00:00,2,61402050,0,,306.74,1,0,1
B031,2022-03-18 12:00:00,0,614E1950,0,,537.13,1,0,1
B031,2022-03-18 12:00:00,1,614G2040,0,,335.05,1,0,1
B031,2022-03-18 12:00:00,2,61402050,0,,306.74,1,0,1
B031,2022-03-18 13:00:00,0,614E1950,0.002180906031,,537.12,1,0,1
B031,2022-03-18 13:00:00,1,614G2040,0.0127045973,,335.04,1,0,1
B031,2022-03-18 13:00:00,2,61402050,0.02421863381,,306.74,1,0,1
B031,2022-03-18 14:00:00,0,614E1950,0,,537.13,1,0,1
B031,2022-03-18 14:00:00,1,614G2040,0,,335.06,1,0,1
B031,2022-03-18 14:00:00,2,61402050,0,,306.74,1,0,1
B031,2022-03-18 15:00:00,0,614E1950,0,,537.12,1,0,1
B031,2022-03-18 15:00:00,1,614G2040,0,,335.05,1,0,1
B031,2022-03-18 15:00:00,2,61402050,0,,306.74,1,0,1
B031,2022-03-18 16:00:00,0,614E1950,0,,537.12,1,0,1
B031,2022-03-18 16:00:00,1,614G2040,0,,335.05,1,0,1
B031,2022-03-18 16:00:00,2,61402050,0,,306.74,1,0,1
B031,2022-03-18 17:00:00,0,614E1950,0,,537.12,1,0,1
B031,2022-03-18 17:00:00,1,614G2040,0,,335.05,1,0,1
B031,2022-03-18 17:00:00,2,61402050,0,,306.74,1,0,1
B031,2022-03-18 18:00:00,0,614E1950,0,,537.12,1,0,1
B031,2022-03-18 18:00:00,1,614G2040,0,,335.07,1,0,1
B031,2022-03-18 18:00:00,2,61402050,0,,306.74,1,0,1
B031,2022-03-18 19:00:00,0,614E1950,0,,537.12,1,0,1
B031,2022-03-18 19:00:00,1,614G2040,0,,335.06,1,0,1
B031,2022-03-18 19:00:00,2,61402050,0,,306.74,1,0,1
B031,2022-03-18 20:00:00,0,614E1950,0,,537.12,1,0,1
B031,2022-03-18 20:00:00,1,614G2040,0,,335.05,1,0,1
B031,2022-03-18 20:00:00,2,61402050,0,,306.74,1,0,1
B031,2022-03-18 21:00:00,0,614E1950,0.0162061042,,537.12,1,0,1
B031,2022-03-18 21:00:00,1,614G2040,0,,335.06,1,0,1
B031,2022-03-18 21:00:00,2,61402050,0,,306.74,1,0,1
B031,2022-03-18 22:00:00,0,614E1950,0,,537.11,1,0,1
B031,2022-03-18 22:00:00,1,614G2040,0,,335.05,1,0,1
B031,2022-03-18 22:00:00,2,61402050,0,,306.73,1,0,1
B031,2022-03-18 23:00:00,0,614E1950,0,,537.11,1,0,1
B031,2022-03-18 23:00:00,1,614G2040,0,,335.04,1,0,1
B031,2022-03-18 23:00:00,2,61402050,0,,306.73,1,0,1
B031,2022-03-19 00:00:00,0,614E1950,0,,537.12,1,0,1
B031,2022-03-19 00:00:00,1,614G2040,0,,335.04,1,0,1
B031,2022-03-19 00:00:00,2,61402050,0,,306.73,1,0,1
B031,2022-03-19 01:00:00,0,614E1950,0,,537.11,1,0,1
B031,2022-03-19 01:00:00,1,614G2040,0,,335.05,1,0,1
B031,2022-03-19 01:00:00,2,61402050,0,,306.73,1,0,1
B031,2022-03-19 02:00:00,0,614E1950,0,,537.11,1,0,1
B031,2022-03-19 02:00:00,1,614G2040,0,,335.04,1,0,1
B031,2022-03-19 02:00:00,2,61402050,0,,306.73,1,0,1
B031,2022-03-19 03:00:00,0,614E1950,0,,537.11,1,0,1
B031,2022-03-19 03:00:00,1,614G2040,0,,335.05,1,0,1
B031,2022-03-19 03:00:00,2,61402050,0,,306.73,1,0,1
B031,2022-03-19 04:00:00,0,614E1950,0,,537.11,1,0,1
B031,2022-03-19 04:00:00,1,614G2040,0,,335.04,1,0,1
B031,2022-03-19 04:00:00,2,61402050,0,,306.73,1,0,1
B031,2022-03-19 05:00:00,0,614E1950,0,,537.1,1,0,1
B031,2022-03-19 05:00:00,1,614G2040,0,,335.05,1,0,1
B031,2022-03-19 05:00:00,2,61402050,0,,306.73,1,0,1
B031,2022-03-19 06:00:00,0,614E1950,0,,537.1,1,0,1
B031,2022-03-19 06:00:00,1,614G2040,0,,335.05,1,0,1
B031,2022-03-19 06:00:00,2,61402050,0,,306.72,1,0,1
B031,2022-03-19 07:00:00,0,614E1950,0.07967569,,537.1,1,0,1
B031,2022-03-19 07:00:00,1,614G2040,0.05380328568,,335.05,1,0,1
B031,2022-03-19 07:00:00,2,61402050,0.02633157819,,306.72,1,0,1
B031,2022-03-19 08:00:00,0,614E1950,0,,537.1,1,0,1
B031,2022-03-19 08:00:00,1,614G2040,0,,335.04,1,0,1
B031,2022-03-19 08:00:00,2,61402050,0,,306.72,1,0,1
B031,2022-03-19 09:00:00,0,614E1950,0,,537.1,1,0,1
B031,2022-03-19 09:00:00,1,614G2040,0,,335.05,1,0,1
B031,2022-03-19 09:00:00,2,61402050,0,,306.72,1,0,1
B031,2022-03-19 10:00:00,0,614E1950,0,,537.1,1,0,1
B031,2022-03-19 10:00:00,1,614G2040,0,,335.04,1,0,1
B031,2022-03-19 10:00:00,2,61402050,0,,306.72,1,0,1
B031,2022-03-19 11:00:00,0,614E1950,0,,537.09,1,0,1
B031,2022-03-19 11:00:00,1,614G2040,0.02544179574,,,1,0,0
B031,2022-03-19 11:00:00,2,61402050,0.08131431595,,306.72,1,0,1
B031,2022-03-19 12:00:00,0,614E1950,0.1208217263,,537.09,1,0,1
B031,2022-03-19 12:00:00,1,614G2040,0.107882501,,335.04,1,0,1
B031,2022-03-19 12:00:00,2,61402050,0.3080821819,,306.72,1,0,1
B031,2022-03-19 13:00:00,0,614E1950,0.02231370952,,537.09,1,0,1
B031,2022-03-19 13:00:00,1,614G2040,0.005417278147,,335.05,1,0,1
B031,2022-03-19 13:00:00,2,61402050,0.1021700225,,306.72,1,0,1
B031,2022-03-28 07:00:00,0,614E1950,0,,537.08,1,0,1
B031,2022-03-28 07:00:00,1,614G2040,0.003709669745,,335.53,1,0,1
B031,2022-03-28 07:00:00,2,61402050,0.08220574224,,306.93,1,0,1
B031,2022-03-28 08:00:00,0,614E1950,0,,537.09,1,0,1
B031,2022-03-28 08:00:00,1,614G2040,0,,335.53,1,0,1
B031,2022-03-28 08:00:00,2,61402050,0,,306.93,1,0,1
B031,2022-03-28 09:00:00,0,614E1950,0,,537.08,1,0,1
B031,2022-03-28 09:00:00,1,614G2040,0,,335.11,1,0,1
B031,2022-03-28 09:00:00,2,61402050,0,,306.93,1,0,1
B031,2022-03-28 10:00:00,0,614E1950,0,,537.08,1,0,1
B031,2022-03-28 10:00:00,1,614G2040,0,,335.05,1,0,1
B031,2022-03-28 10:00:00,2,61402050,0,,306.84,1,0,1
B031,2022-03-28 11:00:00,0,614E1950,0,,537.08,1,0,1
B031,2022-03-28 11:00:00,1,614G2040,0,,335.01,1,0,1
B031,2022-03-28 11:00:00,2,61402050,0,,306.8,1,0,1
B031,2022-03-28 12:00:00,0,614E1950,0,,537.08,1,0,1
B031,2022-03-28 12:00:00,1,614G2040,0,,335.01,1,0,1
B031,2022-03-28 12:00:00,2,61402050,0,,306.79,1,0,1
B031,2022-03-28 13:00:00,0,614E1950,0,,537.08,1,0,1
B031,2022-03-28 13:00:00,1,614G2040,0,,335.02,1,0,1
B031,2022-03-28 13:00:00,2,61402050,0,,306.77,1,0,1
B031,2022-03-28 14:00:00,0,614E1950,0,,537.08,1,0,1
B031,2022-03-28 14:00:00,1,614G2040,0,,335.04,1,0,1
B031,2022-03-28 14:00:00,2,61402050,0,,306.76,1,0,1
B031,2022-03-28 15:00:00,0,614E1950,0,,537.08,1,0,1
B031,2022-03-28 15:00:00,1,614G2040,0,,335.05,1,0,1
B031,2022-03-28 15:00:00,2,61402050,0,,306.76,1,0,1
B031,2022-03-28 16:00:00,0,614E1950,0,,537.08,1,0,1
B031,2022-03-28 16:00:00,1,614G2040,0,,335.06,1,0,1
B031,2022-03-28 16:00:00,2,61402050,0,,306.75,1,0,1
B031,2022-03-28 17:00:00,0,614E1950,0,,537.08,1,0,1
B031,2022-03-28 17:00:00,1,614G2040,0,,335.03,1,0,1
B031,2022-03-28 17:00:00,2,61402050,0,,306.74,1,0,1
B031,2022-03-28 18:00:00,0,614E1950,0,,537.08,1,0,1
B031,2022-03-28 18:00:00,1,614G2040,0,,335.03,1,0,1
B031,2022-03-28 18:00:00,2,61402050,0,,306.74,1,0,1
B031,2022-03-28 19:00:00,0,614E1950,0,,537.08,1,0,1
B031,2022-03-28 19:00:00,1,614G2040,0,,335.04,1,0,1
B031,2022-03-28 19:00:00,2,61402050,0,,306.74,1,0,1
B031,2022-03-28 20:00:00,0,614E1950,0,,537.08,1,0,1
B031,2022-03-28 20:00:00,1,614G2040,0,,335.02,1,0,1
B031,2022-03-28 20:00:00,2,61402050,0,,306.74,1,0,1
B031,2022-03-28 21:00:00,0,614E1950,0,,537.08,1,0,1
B031,2022-03-28 21:00:00,1,614G2040,0,,335.57,1,0,1
B031,2022-03-28 21:00:00,2,61402050,0,,306.74,1,0,1
B031,2022-03-28 22:00:00,0,614E1950,0,,537.08,1,0,1
B031,2022-03-28 22:00:00,1,614G2040,0,,335.59,1,0,1
B031,2022-03-28 22:00:00,2,61402050,0,,306.74,1,0,1
B031,2022-03-28 23:00:00,0,614E1950,0,,537.08,1,0,1
B031,2022-03-28 23:00:00,1,614G2040,0,,335.59,1,0,1
B031,2022-03-28 23:00:00,2,61402050,0,,306.9,1,0,1
B031,2022-03-29 00:00:00,0,614E1950,0,,537.08,1,0,1
B031,2022-03-29 00:00:00,1,614G2040,0,,335.59,1,0,1
B031,2022-03-29 00:00:00,2,61402050,0,,306.92,1,0,1
B031,2022-03-29 01:00:00,0,614E1950,0,,537.08,1,0,1
B031,2022-03-29 01:00:00,1,614G2040,0,,335.59,1,0,1
B031,2022-03-29 01:00:00,2,61402050,0,,306.92,1,0,1
B031,2022-03-29 02:00:00,0,614E1950,0,,537.08,1,0,1
B031,2022-03-29 02:00:00,1,614G2040,0,,335.59,1,0,1
B031,2022-03-29 02:00:00,2,61402050,0,,306.93,1,0,1
B031,2022-03-29 03:00:00,0,614E1950,0,,537.07,1,0,1
B031,2022-03-29 03:00:00,1,614G2040,0,,335.58,1,0,1
B031,2022-03-29 03:00:00,2,61402050,0,,306.93,1,0,1
B031,2022-03-29 04:00:00,0,614E1950,0,,537.07,1,0,1
B031,2022-03-29 04:00:00,1,614G2040,0,,335.59,1,0,1
B031,2022-03-29 04:00:00,2,61402050,0,,306.93,1,0,1
B031,2022-03-29 05:00:00,0,614E1950,0,,537.07,1,0,1
B031,2022-03-29 05:00:00,1,614G2040,0,,335.59,1,0,1
B031,2022-03-29 05:00:00,2,61402050,0,,306.93,1,0,1
B031,2022-03-29 06:00:00,0,614E1950,0,,537.07,1,0,1
B031,2022-03-29 06:00:00,1,614G2040,0,,335.59,1,0,1
B031,2022-03-29 06:00:00,2,61402050,0,,306.93,1,0,1
B031,2022-03-29 07:00:00,0,614E1950,0,,537.07,1,0,1
B031,2022-03-29 07:00:00,1,614G2040,0,,335.58,1,0,1
B031,2022-03-29 07:00:00,2,61402050,0,,306.93,1,0,1
B031,2022-03-29 08:00:00,0,614E1950,0,,537.07,1,0,1
B031,2022-03-29 08:00:00,1,614G2040,0,,335.1,1,0,1
B031,2022-03-29 08:00:00,2,61402050,0,,306.93,1,0,1
B031,2022-03-29 09:00:00,0,614E1950,0,,537.07,1,0,1
B031,2022-03-29 09:00:00,1,614G2040,0,,335.04,1,0,1
B031,2022-03-29 09:00:00,2,61402050,0,,306.83,1,0,1
B031,2022-03-29 10:00:00,0,614E1950,0,,537.07,1,0,1
B031,2022-03-29 10:00:00,1,614G2040,0,,335.01,1,0,1
B031,2022-03-29 10:00:00,2,61402050,0,,306.79,1,0,1
B031,2022-03-29 11:00:00,0,614E1950,0,,537.07,1,0,1
B031,2022-03-29 11:00:00,1,614G2040,0,,335,1,0,1
B031,2022-03-29 11:00:00,2,61402050,0,,306.77,1,0,1
B031,2022-03-29 12:00:00,0,614E1950,0,,537.07,1,0,1
B031,2022-03-29 12:00:00,1,614G2040,0,,335.02,1,0,1
B031,2022-03-29 12:00:00,2,61402050,0,,306.76,1,0,1
B031,2022-03-29 13:00:00,0,614E1950,0,,537.07,1,0,1
B031,2022-03-29 13:00:00,1,614G2040,0,,335.01,1,0,1
B031,2022-03-29 13:00:00,2,61402050,0,,306.75,1,0,1
B031,2022-03-29 14:00:00,0,614E1950,0,,537.07,1,0,1
B031,2022-03-29 14:00:00,1,614G2040,0,,335.03,1,0,1
B031,2022-03-29 14:00:00,2,61402050,0.01856953027,,306.74,1,0,1
B031,2022-03-29 15:00:00,0,614E1950,0,,537.07,1,0,1
B031,2022-03-29 15:00:00,1,614G2040,0,,335.02,1,0,1
B031,2022-03-29 15:00:00,2,61402050,0,,306.74,1,0,1
B031,2022-03-29 16:00:00,0,614E1950,0,,537.07,1,0,1
B031,2022-03-29 16:00:00,1,614G2040,0,,335.02,1,0,1
B031,2022-03-29 16:00:00,2,61402050,0,,306.73,1,0,1
B031,2022-03-29 17:00:00,0,614E1950,0,,537.07,1,0,1
B031,2022-03-29 17:00:00,1,614G2040,0,,335.02,1,0,1
B031,2022-03-29 17:00:00,2,61402050,0,,306.73,1,0,1
B031,2022-03-29 18:00:00,0,614E1950,0,,537.07,1,0,1
B031,2022-03-29 18:00:00,1,614G2040,0,,335.02,1,0,1
B031,2022-03-29 18:00:00,2,61402050,0,,306.73,1,0,1
B031,2022-03-29 19:00:00,0,614E1950,0,,537.07,1,0,1
B031,2022-03-29 19:00:00,1,614G2040,0,,335.02,1,0,1
B031,2022-03-29 19:00:00,2,61402050,0,,306.73,1,0,1
B031,2022-03-29 20:00:00,0,614E1950,0,,537.06,1,0,1
B031,2022-03-29 20:00:00,1,614G2040,0,,335.5,1,0,1
B031,2022-03-29 20:00:00,2,61402050,0,,306.72,1,0,1
B031,2022-03-29 21:00:00,0,614E1950,0,,537.06,1,0,1
B031,2022-03-29 21:00:00,1,614G2040,0,,335.52,1,0,1
B031,2022-03-29 21:00:00,2,61402050,0,,306.72,1,0,1
B031,2022-03-29 22:00:00,0,614E1950,0,,537.06,1,0,1
B031,2022-03-29 22:00:00,1,614G2040,0,,335.51,1,0,1
B031,2022-03-29 22:00:00,2,61402050,0,,306.87,1,0,1
B031,2022-03-29 23:00:00,0,614E1950,0,,537.06,1,0,1
B031,2022-03-29 23:00:00,1,614G2040,0,,335.51,1,0,1
B031,2022-03-29 23:00:00,2,61402050,0,,306.88,1,0,1
B031,2022-03-30 00:00:00,0,614E1950,0,,537.06,1,0,1
B031,2022-03-30 00:00:00,1,614G2040,0,,335.51,1,0,1
B031,2022-03-30 00:00:00,2,61402050,0,,306.89,1,0,1
B031,2022-03-30 01:00:00,0,614E1950,0,,537.06,1,0,1
B031,2022-03-30 01:00:00,1,614G2040,0,,335.5,1,0,1
B031,2022-03-30 01:00:00,2,61402050,0,,306.89,1,0,1
B031,2022-03-30 02:00:00,0,614E1950,0,,537.06,1,0,1
B031,2022-03-30 02:00:00,1,614G2040,0,,335.5,1,0,1
B031,2022-03-30 02:00:00,2,61402050,0,,306.89,1,0,1
B031,2022-03-30 03:00:00,0,614E1950,0,,537.06,1,0,1
B031,2022-03-30 03:00:00,1,614G2040,0,,335.51,1,0,1
B031,2022-03-30 03:00:00,2,61402050,0,,306.89,1,0,1
B031,2022-03-30 04:00:00,0,614E1950,0,,537.06,1,0,1
B031,2022-03-30 04:00:00,1,614G2040,0,,335.51,1,0,1
B031,2022-03-30 04:00:00,2,61402050,0,,306.89,1,0,1
B031,2022-03-30 05:00:00,0,614E1950,0,,537.06,1,0,1
B031,2022-03-30 05:00:00,1,614G2040,0,,335.5,1,0,1
B031,2022-03-30 05:00:00,2,61402050,0,,306.9,1,0,1
B031,2022-03-30 06:00:00,0,614E1950,0,,537.06,1,0,1
B031,2022-03-30 06:00:00,1,614G2040,0,,335.51,1,0,1
B031,2022-03-30 06:00:00,2,61402050,0,,306.9,1,0,1
B031,2022-03-30 07:00:00,0,614E1950,0.1345629747,,537.06,1,0,1
B031,2022-03-30 07:00:00,1,614G2040,0.0314824858,,335.5,1,0,1
B031,2022-03-30 07:00:00,2,61402050,0.01856953027,,306.9,1,0,1
B031,2022-03-30 08:00:00,0,614E1950,0.6870283502,,537.06,1,0,1
B031,2022-03-30 08:00:00,1,614G2040,0.5461574588,,335.1,1,0,1
B031,2022-03-30 08:00:00,2,61402050,0.1822221291,,306.9,1,0,1
B031,2022-03-30 09:00:00,0,614E1950,1.604304193,,537.06,1,0,1
B031,2022-03-30 09:00:00,1,614G2040,2.064505351,,335.06,1,0,1
B031,2022-03-30 09:00:00,2,61402050,1.427665483,,306.83,1,0,1
B031,2022-03-30 10:00:00,0,614E1950,0.315754746,,537.06,1,0,1
B031,2022-03-30 10:00:00,1,614G2040,0.5878709413,,335.04,1,0,1
B031,2022-03-30 10:00:00,2,61402050,0.5675588893,,306.79,1,0,1
B031,2022-03-30 11:00:00,0,614E1950,0.002180906031,,537.06,1,0,1
B031,2022-03-30 11:00:00,1,614G2040,0.0127045973,,335.04,1,0,1
B031,2022-03-30 11:00:00,2,61402050,0.02421863381,,306.77,1,0,1
B031,2022-03-30 12:00:00,0,614E1950,0,,537.06,1,0,1
B031,2022-03-30 12:00:00,1,614G2040,0.02297094519,,335.04,1,0,1
B031,2022-03-30 12:00:00,2,61402050,0.0004457131451,,306.76,1,0,1
B031,2022-03-30 13:00:00,0,614E1950,0.3970801236,,537.06,1,0,1
B031,2022-03-30 13:00:00,1,614G2040,0.3994983325,,335.03,1,0,1
B031,2022-03-30 13:00:00,2,61402050,0.2051782607,,306.76,1,0,1
B031,2022-03-30 14:00:00,0,614E1950,1.283392158,,537.06,1,0,1
B031,2022-03-30 14:00:00,1,614G2040,1.848664613,,335.03,1,0,1
B031,2022-03-30 14:00:00,2,61402050,2.156232084,,306.75,1,0,1
B031,2022-03-30 15:00:00,0,614E1950,0.1406062229,,537.06,1,0,1
B031,2022-03-30 15:00:00,1,614G2040,0.1418029331,,335.03,1,0,1
B031,2022-03-30 15:00:00,2,61402050,0.1288036367,,306.75,1,0,1
B031,2022-03-30 16:00:00,0,614E1950,0.6718719939,,537.06,1,0,1
B031,2022-03-30 16:00:00,1,614G2040,0.8666122866,,335.04,1,0,1
B031,2022-03-30 16:00:00,2,61402050,0.6815021721,,306.75,1,0,1
B031,2022-03-30 17:00:00,0,614E1950,0.1361783284,,537.06,1,0,1
B031,2022-03-30 17:00:00,1,614G2040,0.5738023873,,335.04,1,0,1
B031,2022-03-30 17:00:00,2,61402050,0.3483031585,,306.75,1,0,1
B031,2022-03-30 18:00:00,0,614E1950,1.299140603,,537.06,1,0,1
B031,2022-03-30 18:00:00,1,614G2040,2.690925473,,335.05,1,0,1
B031,2022-03-30 18:00:00,2,61402050,2.001732753,,306.75,1,0,1
B031,2022-03-30 19:00:00,0,614E1950,1.132362683,,537.07,1,0,1
B031,2022-03-30 19:00:00,1,614G2040,1.97658165,,335.05,1,0,1
B031,2022-03-30 19:00:00,2,61402050,1.814178301,,306.75,1,0,1
B031,2022-03-30 20:00:00,0,614E1950,0.1548231847,,537.07,1,0,1
B031,2022-03-30 20:00:00,1,614G2040,0.5780950798,,335.04,1,0,1
B031,2022-03-30 20:00:00,2,61402050,0.4957055185,,306.75,1,0,1
B031,2022-03-30 21:00:00,0,614E1950,0.1174382358,,537.07,1,0,1
B031,2022-03-30 21:00:00,1,614G2040,0.02432492247,,335.63,1,0,1
B031,2022-03-30 21:00:00,2,61402050,0.0477486133,,306.75,1,0,1
B031,2022-03-30 22:00:00,0,614E1950,0.1233306945,,537.07,1,0,1
B031,2022-03-30 22:00:00,1,614G2040,0.1897936118,,335.62,1,0,1
B031,2022-03-30 22:00:00,2,61402050,0.07310161458,,306.88,1,0,1
B031,2022-03-30 23:00:00,0,614E1950,0.3683502466,,537.07,1,0,1
B031,2022-03-30 23:00:00,1,614G2040,0.4003804961,,335.62,1,0,1
B031,2022-03-30 23:00:00,2,61402050,0.3082395728,,306.93,1,0,1
B031,2022-03-31 00:00:00,0,614E1950,0.3163515378,,537.07,1,0,1
B031,2022-03-31 00:00:00,1,614G2040,0.7188186508,,335.62,1,0,1
B031,2022-03-31 00:00:00,2,61402050,0.5282278753,,306.93,1,0,1
B031,2022-03-31 01:00:00,0,614E1950,0.1191661929,,537.07,1,0,1
B031,2022-03-31 01:00:00,1,614G2040,0.2602595722,,335.63,1,0,1
B031,2022-03-31 01:00:00,2,61402050,0.02465277283,,306.94,1,0,1
B031,2022-03-31 02:00:00,0,614E1950,0.1091420921,,537.08,1,0,1
B031,2022-03-31 02:00:00,1,614G2040,0.05336832767,,335.63,1,0,1
B031,2022-03-31 02:00:00,2,61402050,0.06983304379,,306.94,1,0,1
B031,2022-03-31 03:00:00,0,614E1950,0.9868598101,,537.07,1,0,1
B031,2022-03-31 03:00:00,1,614G2040,1.883724947,,335.63,1,0,1
B031,2022-03-31 03:00:00,2,61402050,1.277761342,,306.94,1,0,1
B031,2022-03-31 04:00:00,0,614E1950,3.549256455,,537.08,1,0,1
B031,2022-03-31 04:00:00,1,614G2040,4.850780595,,335.63,1,0,1
B031,2022-03-31 04:00:00,2,61402050,3.731253716,,306.95,1,0,1
B031,2022-03-31 05:00:00,0,614E1950,3.129023061,,537.08,1,0,1
B031,2022-03-31 05:00:00,1,614G2040,4.149578407,,335.63,1,0,1
B031,2022-03-31 05:00:00,2,61402050,3.490465404,,306.95,1,0,1
B031,2022-03-31 06:00:00,0,614E1950,1.287191939,,537.09,1,0,1
B031,2022-03-31 06:00:00,1,614G2040,1.175446836,,335.64,1,0,1
B031,2022-03-31 06:00:00,2,61402050,0.7967099631,,306.97,1,0,1
B031,2022-03-31 07:00:00,0,614E1950,12.48628863,,537.1,1,0,1
B031,2022-03-31 07:00:00,1,614G2040,18.5954203,,335.55,1,0,1
B031,2022-03-31 07:00:00,2,61402050,9.802057022,,306.98,1,0,1
B031,2022-03-31 08:00:00,0,614E1950,0.0559544532,,537.11,1,0,1
B031,2022-03-31 08:00:00,1,614G2040,0.00787062145,,335.12,1,0,1
B031,2022-03-31 08:00:00,2,61402050,0,,306.97,1,0,1
B031,2022-03-31 09:00:00,0,614E1950,0.1263226963,,537.15,1,0,1
B031,2022-03-31 09:00:00,1,614G2040,0.1189379464,,335.09,1,0,1
B031,2022-03-31 09:00:00,2,61402050,0.08497542272,,306.92,1,0,1
B031,2022-03-31 10:00:00,0,614E1950,0.04515697358,,537.16,1,0,1
B031,2022-03-31 10:00:00,1,614G2040,0.02585473547,,335.07,1,0,1
B031,2022-03-31 10:00:00,2,61402050,0.06190276934,,306.9,1,0,1
B031,2022-03-31 11:00:00,0,614E1950,0,,537.16,1,0,1
B031,2022-03-31 11:00:00,1,614G2040,0,,335.06,1,0,1
B031,2022-03-31 11:00:00,2,61402050,0,,306.9,1,0,1
B031,2022-03-31 12:00:00,0,614E1950,0.2434049929,,537.16,1,0,1
B031,2022-03-31 12:00:00,1,614G2040,0.4048332304,,335.07,1,0,1
B031,2022-03-31 12:00:00,2,61402050,0.2457017216,,306.9,1,0,1
B031,2022-03-31 13:00:00,0,614E1950,0,,537.17,1,0,1
B031,2022-03-31 13:00:00,1,614G2040,0.0004129397303,,335.06,1,0,1
B031,2022-03-31 13:00:00,2,61402050,0.04651406099,,306.89,1,0,1
B031,2022-03-31 14:00:00,0,614E1950,0,,537.17,1,0,1
B031,2022-03-31 14:00:00,1,614G2040,0.0004129397303,,335.06,1,0,1
B031,2022-03-31 14:00:00,2,61402050,0.0004457131451,,306.88,1,0,1
B031,2022-03-31 15:00:00,0,614E1950,0,,537.17,1,0,1
B031,2022-03-31 15:00:00,1,614G2040,0,,335.08,1,0,1
B031,2022-03-31 15:00:00,2,61402050,0,,306.87,1,0,1
B031,2022-03-31 16:00:00,0,614E1950,0,,537.16,1,0,1
B031,2022-03-31 16:00:00,1,614G2040,0,,335.07,1,0,1
B031,2022-03-31 16:00:00,2,61402050,0,,306.87,1,0,1
B031,2022-03-31 17:00:00,0,614E1950,0,,537.16,1,0,1
B031,2022-03-31 17:00:00,1,614G2040,0,,335.06,1,0,1
B031,2022-03-31 17:00:00,2,61402050,0,,306.86,1,0,1
B031,2022-03-31 18:00:00,0,614E1950,0,,537.16,1,0,1
B031,2022-03-31 18:00:00,1,614G2040,0,,335.06,1,0,1
B031,2022-03-31 18:00:00,2,61402050,0,,306.86,1,0,1
B031,2022-03-31 19:00:00,0,614E1950,0,,537.16,1,0,1
B031,2022-03-31 19:00:00,1,614G2040,0,,335.07,1,0,1
B031,2022-03-31 19:00:00,2,61402050,0,,306.85,1,0,1
B031,2022-03-31 20:00:00,0,614E1950,0.05970199762,,537.17,1,0,1
B031,2022-03-31 20:00:00,1,614G2040,0.041665255,,335.57,1,0,1
B031,2022-03-31 20:00:00,2,61402050,0.0580197657,,306.85,1,0,1
B031,2022-03-31 21:00:00,0,614E1950,0.02231370952,,537.16,1,0,1
B031,2022-03-31 21:00:00,1,614G2040,0.02544179574,,335.59,1,0,1
B031,2022-03-31 21:00:00,2,61402050,0.03441217649,,306.93,1,0,1
B031,2022-03-31 22:00:00,0,614E1950,0,,537.17,1,0,1
B031,2022-03-31 22:00:00,1,614G2040,0,,335.56,1,0,1
B031,2022-03-31 22:00:00,2,61402050,0,,306.95,1,0,1
B031,2022-03-31 23:00:00,0,614E1950,0,,537.16,1,0,1
B031,2022-03-31 23:00:00,1,614G2040,0,,335.56,1,0,1
B031,2022-03-31 23:00:00,2,61402050,0,,306.96,1,0,1
B031,2022-04-01 00:00:00,0,614E1950,0,,537.16,1,0,1
B031,2022-04-01 00:00:00,1,614G2040,0,,335.57,1,0,1
B031,2022-04-01 00:00:00,2,61402050,0,,306.96,1,0,1
B031,2022-04-01 01:00:00,0,614E1950,0.07052783658,,537.16,1,0,1
B031,2022-04-01 01:00:00,1,614G2040,0.1190208384,,335.56,1,0,1
B031,2022-04-01 01:00:00,2,61402050,0.1158897787,,306.96,1,0,1
B031,2022-04-01 02:00:00,0,614E1950,0.3570697334,,537.16,1,0,1
B031,2022-04-01 02:00:00,1,614G2040,0.4747489473,,335.56,1,0,1
B031,2022-04-01 02:00:00,2,61402050,0.3327029769,,306.96,1,0,1
B031,2022-04-01 03:00:00,0,614E1950,0.5344678129,,537.15,1,0,1
B031,2022-04-01 03:00:00,1,614G2040,0.633084285,,335.56,1,0,1
B031,2022-04-01 03:00:00,2,61402050,0.6381442558,,306.96,1,0,1
B031,2022-04-01 04:00:00,0,614E1950,0.7506414666,,537.15,1,0,1
B031,2022-04-01 04:00:00,1,614G2040,0.7072774306,,335.57,1,0,1
B031,2022-04-01 04:00:00,2,61402050,0.6104630883,,306.96,1,0,1
B031,2022-04-01 05:00:00,0,614E1950,0.5331245947,,537.15,1,0,1
B031,2022-04-01 05:00:00,1,614G2040,0.4276922939,,335.57,1,0,1
B031,2022-04-01 05:00:00,2,61402050,0.482012038,,306.96,1,0,1
B031,2022-04-01 06:00:00,0,614E1950,1.012913011,,537.15,1,0,1
B031,2022-04-01 06:00:00,1,614G2040,1.183205987,,335.56,1,0,1
B031,2022-04-01 06:00:00,2,61402050,1.102046422,,306.96,1,0,1
B031,2022-04-01 07:00:00,0,614E1950,0.9407811249,,537.16,1,0,1
B031,2022-04-01 07:00:00,1,614G2040,1.534653248,,335.56,1,0,1
B031,2022-04-01 07:00:00,2,61402050,1.374704764,,306.96,1,0,1
B031,2022-04-01 08:00:00,0,614E1950,0.2067717651,,537.16,1,0,1
B031,2022-04-01 08:00:00,1,614G2040,0.1302369415,,335.49,1,0,1
B031,2022-04-01 08:00:00,2,61402050,0.273939858,6.89,306.96,1,1,1
B031,2022-04-01 09:00:00,0,614E1950,0.02231370952,,537.16,1,0,1
B031,2022-04-01 09:00:00,1,614G2040,0.00228388683,,335.15,1,0,1
B031,2022-04-01 09:00:00,2,61402050,0,,306.94,1,0,1
B031,2022-04-01 10:00:00,0,614E1950,0,,537.17,1,0,1
B031,2022-04-01 10:00:00,1,614G2040,0,,335.14,1,0,1
B031,2022-04-01 10:00:00,2,61402050,0,,306.87,1,0,1
B031,2022-04-01 11:00:00,0,614E1950,0,,537.16,1,0,1
B031,2022-04-01 11:00:00,1,614G2040,0,,335.14,1,0,1
B031,2022-04-01 11:00:00,2,61402050,0,,306.85,1,0,1
B031,2022-04-01 12:00:00,0,614E1950,0,,537.16,1,0,1
B031,2022-04-01 12:00:00,1,614G2040,0,,335.14,1,0,1
B031,2022-04-01 12:00:00,2,61402050,0,,306.85,1,0,1
B031,2022-04-01 13:00:00,0,614E1950,0,,537.16,1,0,1
B031,2022-04-01 13:00:00,1,614G2040,0,,335.14,1,0,1
B031,2022-04-01 13:00:00,2,61402050,0,,306.85,1,0,1
B031,2022-04-01 14:00:00,0,614E1950,0.06965158913,,537.16,1,0,1
B031,2022-04-01 14:00:00,1,614G2040,0.0127045973,,335.14,1,0,1
B031,2022-04-01 14:00:00,2,61402050,0.05126351352,,306.85,1,0,1
B031,2022-04-01 15:00:00,0,614E1950,0.0162061042,,537.16,1,0,1
B031,2022-04-01 15:00:00,1,614G2040,0.1433962588,,335.14,1,0,1
B031,2022-04-01 15:00:00,2,61402050,0,,306.85,1,0,1
B031,2022-04-01 16:00:00,0,614E1950,0,,537.16,1,0,1
B031,2022-04-01 16:00:00,1,614G2040,0,,335.14,1,0,1
B031,2022-04-01 16:00:00,2,61402050,0,,306.85,1,0,1
B031,2022-04-01 17:00:00,0,614E1950,0,,537.16,1,0,1
B031,2022-04-01 17:00:00,1,614G2040,0,,335.14,1,0,1
B031,2022-04-01 17:00:00,2,61402050,0,,306.85,1,0,1
B031,2022-04-01 18:00:00,0,614E1950,0,,537.16,1,0,1
B031,2022-04-01 18:00:00,1,614G2040,0,,335.13,1,0,1
B031,2022-04-01 18:00:00,2,61402050,0,,306.85,1,0,1
B031,2022-04-01 19:00:00,0,614E1950,0,,537.15,1,0,1
B031,2022-04-01 19:00:00,1,614G2040,0,,335.14,1,0,1
B031,2022-04-01 19:00:00,2,61402050,0,,306.85,1,0,1
B031,2022-04-01 20:00:00,0,614E1950,0,,537.15,1,0,1
B031,2022-04-01 20:00:00,1,614G2040,0,,335.61,1,0,1
B031,2022-04-01 20:00:00,2,61402050,0,,306.85,1,0,1
B031,2022-04-01 21:00:00,0,614E1950,0,,537.15,1,0,1
B031,2022-04-01 21:00:00,1,614G2040,0,,335.61,1,0,1
B031,2022-04-01 21:00:00,2,61402050,0,,306.94,1,0,1
B031,2022-04-01 22:00:00,0,614E1950,0,,537.15,1,0,1
B031,2022-04-01 22:00:00,1,614G2040,0,,335.61,1,0,1
B031,2022-04-01 22:00:00,2,61402050,0,,306.96,1,0,1
B031,2022-04-01 23:00:00,0,614E1950,0,,537.15,1,0,1
B031,2022-04-01 23:00:00,1,614G2040,0,,335.61,1,0,1
B031,2022-04-01 23:00:00,2,61402050,0,,306.97,1,0,1
B031,2022-04-02 00:00:00,0,614E1950,0,,537.15,1,0,1
B031,2022-04-02 00:00:00,1,614G2040,0,,335.6,1,0,1
B031,2022-04-02 00:00:00,2,61402050,0,,306.97,1,0,1
B031,2022-04-02 01:00:00,0,614E1950,0,,537.15,1,0,1
B031,2022-04-02 01:00:00,1,614G2040,0,,335.61,1,0,1
B031,2022-04-02 01:00:00,2,61402050,0,,306.97,1,0,1
B031,2022-04-02 02:00:00,0,614E1950,0,,537.15,1,0,1
B031,2022-04-02 02:00:00,1,614G2040,0,,335.61,1,0,1
B031,2022-04-02 02:00:00,2,61402050,0,,306.97,1,0,1
B031,2022-04-02 03:00:00,0,614E1950,0,,537.15,1,0,1
B031,2022-04-02 03:00:00,1,614G2040,0,,335.6,1,0,1
B031,2022-04-02 03:00:00,2,61402050,0,,306.97,1,0,1
B031,2022-04-02 04:00:00,0,614E1950,0,,537.15,1,0,1
B031,2022-04-02 04:00:00,1,614G2040,0,,335.61,1,0,1
B031,2022-04-02 04:00:00,2,61402050,0,,306.97,1,0,1
B031,2022-04-02 05:00:00,0,614E1950,0,,537.15,1,0,1
B031,2022-04-02 05:00:00,1,614G2040,0,,335.61,1,0,1
B031,2022-04-02 05:00:00,2,61402050,0,,306.97,1,0,1
B031,2022-04-02 06:00:00,0,614E1950,0,,537.15,1,0,1
B031,2022-04-02 06:00:00,1,614G2040,0,,335.61,1,0,1
B031,2022-04-02 06:00:00,2,61402050,0,,306.97,1,0,1
B031,2022-04-02 07:00:00,0,614E1950,0.3149431679,,537.14,1,0,1
B031,2022-04-02 07:00:00,1,614G2040,0.3476870629,,335.61,1,0,1
B031,2022-04-02 07:00:00,2,61402050,0.333655149,,306.97,1,0,1
B031,2022-04-02 08:00:00,0,614E1950,0,,537.15,1,0,1
B031,2022-04-02 08:00:00,1,614G2040,0,,335.21,1,0,1
B031,2022-04-02 08:00:00,2,61402050,0,6.89,306.96,1,1,1
B031,2022-04-02 09:00:00,0,614E1950,0,,537.14,1,0,1
B031,2022-04-02 09:00:00,1,614G2040,0,,335.15,1,0,1
B031,2022-04-02 09:00:00,2,61402050,0,,306.89,1,0,1
B031,2022-04-02 10:00:00,0,614E1950,0,,537.15,1,0,1
B031,2022-04-02 10:00:00,1,614G2040,0,,335.15,1,0,1
B031,2022-04-02 10:00:00,2,61402050,0,,306.85,1,0,1
B031,2022-04-02 11:00:00,0,614E1950,0,,537.14,1,0,1
B031,2022-04-02 11:00:00,1,614G2040,0,,335.16,1,0,1
B031,2022-04-02 11:00:00,2,61402050,0,,306.84,1,0,1
B031,2022-04-02 12:00:00,0,614E1950,0,,537.14,1,0,1
B031,2022-04-02 12:00:00,1,614G2040,0,,335.15,1,0,1
B031,2022-04-02 12:00:00,2,61402050,0,,306.84,1,0,1
B031,2022-04-02 13:00:00,0,614E1950,0,,537.14,1,0,1
B031,2022-04-02 13:00:00,1,614G2040,0,,335.16,1,0,1
B031,2022-04-02 13:00:00,2,61402050,0,,306.83,1,0,1
B031,2022-04-02 14:00:00,0,614E1950,0,,537.14,1,0,1
B031,2022-04-02 14:00:00,1,614G2040,0,,335.17,1,0,1
B031,2022-04-02 14:00:00,2,61402050,0,,306.83,1,0,1
B031,2022-04-02 15:00:00,0,614E1950,0,,537.14,1,0,1
B031,2022-04-02 15:00:00,1,614G2040,0,,335.18,1,0,1
B031,2022-04-02 15:00:00,2,61402050,0,,306.83,1,0,1
B031,2022-04-02 16:00:00,0,614E1950,0,,537.14,1,0,1
B031,2022-04-02 16:00:00,1,614G2040,0,,335.18,1,0,1
B031,2022-04-02 16:00:00,2,61402050,0,,306.83,1,0,1
B031,2022-04-02 17:00:00,0,614E1950,0,,537.14,1,0,1
B031,2022-04-02 17:00:00,1,614G2040,0,,335.17,1,0,1
B031,2022-04-02 17:00:00,2,61402050,0,,306.83,1,0,1
B031,2022-04-02 18:00:00,0,614E1950,0,,537.14,1,0,1
B031,2022-04-02 18:00:00,1,614G2040,0,,335.16,1,0,1
B031,2022-04-02 18:00:00,2,61402050,0,,306.83,1,0,1
B031,2022-04-02 19:00:00,0,614E1950,0,,537.14,1,0,1
B031,2022-04-02 19:00:00,1,614G2040,0,,335.16,1,0,1
B031,2022-04-02 19:00:00,2,61402050,0,,306.83,1,0,1
B031,2022-04-02 20:00:00,0,614E1950,0,,537.14,1,0,1
B031,2022-04-02 20:00:00,1,614G2040,0,,335.15,1,0,1
B031,2022-04-02 20:00:00,2,61402050,0,,306.83,1,0,1
B031,2022-04-02 21:00:00,0,614E1950,0,,537.14,1,0,1
B031,2022-04-02 21:00:00,1,614G2040,0,,335.16,1,0,1
B031,2022-04-02 21:00:00,2,61402050,0,,306.83,1,0,1
B031,2022-04-02 22:00:00,0,614E1950,0,,537.14,1,0,1
B031,2022-04-02 22:00:00,1,614G2040,0,,335.16,1,0,1
B031,2022-04-02 22:00:00,2,61402050,0,,306.83,1,0,1
B031,2022-04-02 23:00:00,0,614E1950,0,,537.13,1,0,1
B031,2022-04-02 23:00:00,1,614G2040,0,,335.16,1,0,1
B031,2022-04-02 23:00:00,2,61402050,0,,306.82,1,0,1
B031,2022-04-03 00:00:00,0,614E1950,0,,537.13,1,0,1
B031,2022-04-03 00:00:00,1,614G2040,0,,335.16,1,0,1
B031,2022-04-03 00:00:00,2,61402050,0,,306.82,1,0,1
B031,2022-04-03 01:00:00,0,614E1950,0,,537.13,1,0,1
B031,2022-04-03 01:00:00,1,614G2040,0,,335.16,1,0,1
B031,2022-04-03 01:00:00,2,61402050,0,,306.82,1,0,1
B031,2022-04-03 02:00:00,0,614E1950,0,,537.13,1,0,1
B031,2022-04-03 02:00:00,1,614G2040,0,,335.16,1,0,1
B031,2022-04-03 02:00:00,2,61402050,0,,306.82,1,0,1
B031,2022-04-03 03:00:00,0,614E1950,0,,537.13,1,0,1
B031,2022-04-03 03:00:00,1,614G2040,0,,335.16,1,0,1
B031,2022-04-03 03:00:00,2,61402050,0,,306.82,1,0,1
B031,2022-04-03 04:00:00,0,614E1950,0,,537.13,1,0,1
B031,2022-04-03 04:00:00,1,614G2040,0,,335.16,1,0,1
B031,2022-04-03 04:00:00,2,61402050,0,,306.82,1,0,1
B031,2022-04-03 05:00:00,0,614E1950,0,,537.13,1,0,1
B031,2022-04-03 05:00:00,1,614G2040,0,,335.15,1,0,1
B031,2022-04-03 05:00:00,2,61402050,0,,306.82,1,0,1
B031,2022-04-03 06:00:00,0,614E1950,0,,537.13,1,0,1
B031,2022-04-03 06:00:00,1,614G2040,0,,335.15,1,0,1
B031,2022-04-03 06:00:00,2,61402050,0,,306.82,1,0,1
B031,2022-04-03 07:00:00,0,614E1950,0,,537.12,1,0,1
B031,2022-04-03 07:00:00,1,614G2040,0,,335.15,1,0,1
B031,2022-04-03 07:00:00,2,61402050,0,,306.82,1,0,1
B031,2022-04-03 08:00:00,0,614E1950,0,,537.12,1,0,1
B031,2022-04-03 08:00:00,1,614G2040,0,,335.14,1,0,1
B031,2022-04-03 08:00:00,2,61402050,0,2.79,306.82,1,1,1
B031,2022-04-03 09:00:00,0,614E1950,0,,537.12,1,0,1
B031,2022-04-03 09:00:00,1,614G2040,0,,335.14,1,0,1
B031,2022-04-03 09:00:00,2,61402050,0,,306.82,1,0,1
B031,2022-04-03 10:00:00,0,614E1950,0,,537.12,1,0,1
B031,2022-04-03 10:00:00,1,614G2040,0,,335.14,1,0,1
B031,2022-04-03 10:00:00,2,61402050,0,,306.81,1,0,1
B031,2022-04-03 11:00:00,0,614E1950,0,,537.12,1,0,1
B031,2022-04-03 11:00:00,1,614G2040,0,,335.14,1,0,1
B031,2022-04-03 11:00:00,2,61402050,0,,306.81,1,0,1
B031,2022-04-03 12:00:00,0,614E1950,0,,537.12,1,0,1
B031,2022-04-03 12:00:00,1,614G2040,0,,335.15,1,0,1
B031,2022-04-03 12:00:00,2,61402050,0,,306.81,1,0,1
B031,2022-04-03 13:00:00,0,614E1950,0,,537.13,1,0,1
B031,2022-04-03 13:00:00,1,614G2040,0,,335.15,1,0,1
B031,2022-04-03 13:00:00,2,61402050,0,,306.81,1,0,1
B031,2022-04-03 14:00:00,0,614E1950,0,,537.13,1,0,1
B031,2022-04-03 14:00:00,1,614G2040,0,,335.16,1,0,1
B031,2022-04-03 14:00:00,2,61402050,0,,306.81,1,0,1
B031,2022-04-03 15:00:00,0,614E1950,0,,537.12,1,0,1
B031,2022-04-03 15:00:00,1,614G2040,0,,335.16,1,0,1
B031,2022-04-03 15:00:00,2,61402050,0,,306.81,1,0,1
B031,2022-04-03 16:00:00,0,614E1950,0,,537.12,1,0,1
B031,2022-04-03 16:00:00,1,614G2040,0,,335.16,1,0,1
B031,2022-04-03 16:00:00,2,61402050,0,,306.82,1,0,1
B031,2022-04-12 05:00:00,0,614E1950,0,,537.01,1,0,1
B031,2022-04-12 05:00:00,1,614G2040,0,,335.21,1,0,1
B031,2022-04-12 05:00:00,2,61402050,0,,306.79,1,0,1
B031,2022-04-12 06:00:00,0,614E1950,0,,537,1,0,1
B031,2022-04-12 06:00:00,1,614G2040,0,,335.21,1,0,1
B031,2022-04-12 06:00:00,2,61402050,0,,306.79,1,0,1
B031,2022-04-12 07:00:00,0,614E1950,0,,537.01,1,0,1
B031,2022-04-12 07:00:00,1,614G2040,0,,335.21,1,0,1
B031,2022-04-12 07:00:00,2,61402050,0,,306.79,1,0,1
B031,2022-04-12 08:00:00,0,614E1950,0,,537,1,0,1
B031,2022-04-12 08:00:00,1,614G2040,0,,335.23,1,0,1
B031,2022-04-12 08:00:00,2,61402050,0,2.19,306.79,1,1,1
B031,2022-04-12 09:00:00,0,614E1950,0,,537,1,0,1
B031,2022-04-12 09:00:00,1,614G2040,0,,335.21,1,0,1
B031,2022-04-12 09:00:00,2,61402050,0,,306.79,1,0,1
B031,2022-04-12 10:00:00,0,614E1950,3.685893255,,537,1,0,1
B031,2022-04-12 10:00:00,1,614G2040,1.331643642,,335.21,1,0,1
B031,2022-04-12 10:00:00,2,61402050,0.4104248381,,306.79,1,0,1
B031,2022-04-12 11:00:00,0,614E1950,8.128231219,,537.01,1,0,1
B031,2022-04-12 11:00:00,1,614G2040,5.693277482,,335.21,1,0,1
B031,2022-04-12 11:00:00,2,61402050,6.310337219,,306.79,1,0,1
B031,2022-04-12 12:00:00,0,614E1950,0.8253973861,,537.03,1,0,1
B031,2022-04-12 12:00:00,1,614G2040,0.8458056088,,335.23,1,0,1
B031,2022-04-12 12:00:00,2,61402050,1.507443519,,306.79,1,0,1
B031,2022-04-12 13:00:00,0,614E1950,0.9713614194,,537.03,1,0,1
B031,2022-04-12 13:00:00,1,614G2040,1.421909252,,335.22,1,0,1
B031,2022-04-12 13:00:00,2,61402050,1.301788856,,306.81,1,0,1
B031,2022-04-12 14:00:00,0,614E1950,4.542281256,,537.05,1,0,1
B031,2022-04-12 14:00:00,1,614G2040,3.807279557,,335.22,1,0,1
B031,2022-04-12 14:00:00,2,61402050,3.89541905,,306.81,1,0,1
B031,2022-04-12 15:00:00,0,614E1950,4.226310056,,537.06,1,0,1
B031,2022-04-12 15:00:00,1,614G2040,2.484390907,,335.23,1,0,1
B031,2022-04-12 15:00:00,2,61402050,1.945562775,,306.81,1,0,1
B031,2022-04-12 16:00:00,0,614E1950,4.295321,,537.08,1,0,1
B031,2022-04-12 16:00:00,1,614G2040,6.355005069,,335.22,1,0,1
B031,2022-04-12 16:00:00,2,61402050,6.671974598,,306.82,1,0,1
B031,2022-04-12 17:00:00,0,614E1950,4.522259041,,537.11,1,0,1
B031,2022-04-12 17:00:00,1,614G2040,3.32281528,,335.24,1,0,1
B031,2022-04-12 17:00:00,2,61402050,3.121525709,,306.84,1,0,1
B031,2022-04-12 18:00:00,0,614E1950,3.21790393,,537.14,1,0,1
B031,2022-04-12 18:00:00,1,614G2040,2.982294522,,335.24,1,0,1
B031,2022-04-12 18:00:00,2,61402050,4.775725687,,306.86,1,0,1
B031,2022-04-12 19:00:00,0,614E1950,2.061325732,,537.25,1,0,1
B031,2022-04-12 19:00:00,1,614G2040,1.137506129,,335.25,1,0,1
B031,2022-04-12 19:00:00,2,61402050,1.63687884,,306.92,1,0,1
B031,2022-04-12 20:00:00,0,614E1950,2.519105098,,537.29,1,0,1
B031,2022-04-12 20:00:00,1,614G2040,2.067001477,,335.25,1,0,1
B031,2022-04-12 20:00:00,2,61402050,3.245621985,,306.99,1,0,1
B031,2022-04-12 21:00:00,0,614E1950,0.55332987,,537.31,1,0,1
B031,2022-04-12 21:00:00,1,614G2040,0.7368541236,,335.25,1,0,1
B031,2022-04-12 21:00:00,2,61402050,0.9812744418,,307.05,1,0,1
B031,2022-04-12 22:00:00,0,614E1950,0.6472153319,,537.33,1,0,1
B031,2022-04-12 22:00:00,1,614G2040,1.118274741,,335.25,1,0,1
B031,2022-04-12 22:00:00,2,61402050,0.8122210085,,307.06,1,0,1
B031,2022-04-12 23:00:00,0,614E1950,0.3361030697,,537.33,1,0,1
B031,2022-04-12 23:00:00,1,614G2040,0.1891179798,,335.25,1,0,1
B031,2022-04-12 23:00:00,2,61402050,0.4069310829,,307.06,1,0,1
B031,2022-04-13 00:00:00,0,614E1950,0.2663967968,,537.33,1,0,1
B031,2022-04-13 00:00:00,1,614G2040,0.1932732232,,335.25,1,0,1
B031,2022-04-13 00:00:00,2,61402050,0.1056215664,,307.06,1,0,1
B031,2022-04-13 01:00:00,0,614E1950,0.1237815579,,537.35,1,0,1
B031,2022-04-13 01:00:00,1,614G2040,0.2545764857,,335.25,1,0,1
B031,2022-04-13 01:00:00,2,61402050,0.2712373907,,307.06,1,0,1
B031,2022-04-13 02:00:00,0,614E1950,0.1334492372,,537.35,1,0,1
B031,2022-04-13 02:00:00,1,614G2040,0.05498812202,,335.24,1,0,1
B031,2022-04-13 02:00:00,2,61402050,0.1166063446,,307.04,1,0,1
B031,2022-04-13 03:00:00,0,614E1950,0.4462675346,,537.35,1,0,1
B031,2022-04-13 03:00:00,1,614G2040,0.4458538591,,335.25,1,0,1
B031,2022-04-13 03:00:00,2,61402050,0.7175909453,,307.03,1,0,1
B031,2022-04-13 04:00:00,0,614E1950,0.03913408136,,537.34,1,0,1
B031,2022-04-13 04:00:00,1,614G2040,0.09722933599,,335.25,1,0,1
B031,2022-04-13 04:00:00,2,61402050,0.1791089197,,307.01,1,0,1
B031,2022-04-13 05:00:00,0,614E1950,0,,537.35,1,0,1
B031,2022-04-13 05:00:00,1,614G2040,0.0004129397303,,335.25,1,0,1
B031,2022-04-13 05:00:00,2,61402050,0.0004457131451,,307.01,1,0,1
B031,2022-04-13 06:00:00,0,614E1950,0.02231370952,,537.35,1,0,1
B031,2022-04-13 06:00:00,1,614G2040,0.1485639359,,335.24,1,0,1
B031,2022-04-13 06:00:00,2,61402050,0.03441217649,,306.99,1,0,1
B031,2022-04-13 07:00:00,0,614E1950,41.56338058,,537.34,1,0,1
B031,2022-04-13 07:00:00,1,614G2040,32.81596914,,335.26,1,0,1
B031,2022-04-13 07:00:00,2,61402050,41.18119884,,306.99,1,0,1
B031,2022-04-13 08:00:00,0,614E1950,0,,537.33,1,0,1
B031,2022-04-13 08:00:00,1,614G2040,0,,335.24,1,0,1
B031,2022-04-13 08:00:00,2,61402050,0,8.13,306.99,1,1,1
B031,2022-04-13 09:00:00,0,614E1950,0,,537.33,1,0,1
B031,2022-04-13 09:00:00,1,614G2040,0,,335.6,1,0,1
B031,2022-04-13 09:00:00,2,61402050,0,,306.97,1,0,1
B031,2022-04-13 10:00:00,0,614E1950,0,,537.31,1,0,1
B031,2022-04-13 10:00:00,1,614G2040,0.1804640437,,335.62,1,0,1
B031,2022-04-13 10:00:00,2,61402050,0,,306.98,1,0,1
B031,2022-04-13 11:00:00,0,614E1950,0,,537.31,1,0,1
B031,2022-04-13 11:00:00,1,614G2040,0,,335.62,1,0,1
B031,2022-04-13 11:00:00,2,61402050,0,,307.01,1,0,1
B031,2022-04-13 12:00:00,0,614E1950,0.03271359046,,537.3,1,0,1
B031,2022-04-13 12:00:00,1,614G2040,0.1905689594,,335.62,1,0,1
B031,2022-04-13 12:00:00,2,61402050,0.3632795072,,307.01,1,0,1
B031,2022-04-13 13:00:00,0,614E1950,0,,537.29,1,0,1
B031,2022-04-13 13:00:00,1,614G2040,0,,335.62,1,0,1
B031,2022-04-13 13:00:00,2,61402050,0,,307.01,1,0,1
B031,2022-04-13 14:00:00,0,614E1950,0,,537.28,1,0,1
B031,2022-04-13 14:00:00,1,614G2040,0,,335.62,1,0,1
B031,2022-04-13 14:00:00,2,61402050,0,,307.01,1,0,1
B031,2022-04-13 15:00:00,0,614E1950,0,,537.27,1,0,1
B031,2022-04-13 15:00:00,1,614G2040,0,,335.62,1,0,1
B031,2022-04-13 15:00:00,2,61402050,0,,307.01,1,0,1
B031,2022-04-13 16:00:00,0,614E1950,0,,537.25,1,0,1
B031,2022-04-13 16:00:00,1,614G2040,0,,335.62,1,0,1
B031,2022-04-13 16:00:00,2,61402050,0,,307.01,1,0,1
B031,2022-04-13 17:00:00,0,614E1950,0,,537.25,1,0,1
B031,2022-04-13 17:00:00,1,614G2040,0,,335.62,1,0,1
B031,2022-04-13 17:00:00,2,61402050,0,,307.01,1,0,1
B031,2022-04-13 18:00:00,0,614E1950,0,,537.25,1,0,1
B031,2022-04-13 18:00:00,1,614G2040,0,,335.62,1,0,1
B031,2022-04-13 18:00:00,2,61402050,0,,307.01,1,0,1
B031,2022-04-13 19:00:00,0,614E1950,0,,537.25,1,0,1
B031,2022-04-13 19:00:00,1,614G2040,0,,335.62,1,0,1
B031,2022-04-13 19:00:00,2,61402050,0,,307.01,1,0,1
B031,2022-04-13 20:00:00,0,614E1950,0,,537.25,1,0,1
B031,2022-04-13 20:00:00,1,614G2040,0,,335.62,1,0,1
B031,2022-04-13 20:00:00,2,61402050,0,,307.01,1,0,1
B031,2022-04-13 21:00:00,0,614E1950,0,,537.24,1,0,1
B031,2022-04-13 21:00:00,1,614G2040,0,,335.61,1,0,1
B031,2022-04-13 21:00:00,2,61402050,0,,307.01,1,0,1
B031,2022-04-13 22:00:00,0,614E1950,0,,537.23,1,0,1
B031,2022-04-13 22:00:00,1,614G2040,0,,335.62,1,0,1
B031,2022-04-13 22:00:00,2,61402050,0,,307.01,1,0,1
B031,2022-04-13 23:00:00,0,614E1950,0,,537.23,1,0,1
B031,2022-04-13 23:00:00,1,614G2040,0,,335.61,1,0,1
B031,2022-04-13 23:00:00,2,61402050,0,,307.01,1,0,1
B031,2022-04-14 00:00:00,0,614E1950,0,,537.22,1,0,1
B031,2022-04-14 00:00:00,1,614G2040,0,,335.61,1,0,1
B031,2022-04-14 00:00:00,2,61402050,0,,307,1,0,1
B031,2022-04-14 01:00:00,0,614E1950,0,,537.22,1,0,1
B031,2022-04-14 01:00:00,1,614G2040,0,,335.62,1,0,1
B031,2022-04-14 01:00:00,2,61402050,0,,307,1,0,1
B031,2022-04-14 02:00:00,0,614E1950,0,,537.21,1,0,1
B031,2022-04-14 02:00:00,1,614G2040,0,,335.61,1,0,1
B031,2022-04-14 02:00:00,2,61402050,0,,307,1,0,1
B031,2022-04-14 03:00:00,0,614E1950,0,,537.21,1,0,1
B031,2022-04-14 03:00:00,1,614G2040,0,,335.61,1,0,1
B031,2022-04-14 03:00:00,2,61402050,0,,307,1,0,1
B031,2022-04-14 04:00:00,0,614E1950,0,,537.21,1,0,1
B031,2022-04-14 04:00:00,1,614G2040,0,,335.61,1,0,1
B031,2022-04-14 04:00:00,2,61402050,0,,306.99,1,0,1
B031,2022-04-14 05:00:00,0,614E1950,0.2538718424,,537.2,1,0,1
B031,2022-04-14 05:00:00,1,614G2040,0.2063259454,,335.61,1,0,1
B031,2022-04-14 05:00:00,2,61402050,0.1759399447,,306.99,1,0,1
B031,2022-04-14 06:00:00,0,614E1950,2.002415464,,537.2,1,0,1
B031,2022-04-14 06:00:00,1,614G2040,3.465476167,,335.61,1,0,1
B031,2022-04-14 06:00:00,2,61402050,2.82362219,,306.99,1,0,1
B031,2022-04-14 07:00:00,0,614E1950,0.8417187969,,537.2,1,0,1
B031,2022-04-14 07:00:00,1,614G2040,1.647454825,,335.61,1,0,1
B031,2022-04-14 07:00:00,2,61402050,1.554530973,,306.99,1,0,1
B031,2022-04-14 08:00:00,0,614E1950,0.3343674321,,537.2,1,0,1
B031,2022-04-14 08:00:00,1,614G2040,0.2659492531,,335.62,1,0,1
B031,2022-04-14 08:00:00,2,61402050,0.1098943238,8.13,306.99,1,1,1
B031,2022-04-14 09:00:00,0,614E1950,0.5033483341,,537.2,1,0,1
B031,2022-04-14 09:00:00,1,614G2040,0.5339161664,,335.61,1,0,1
B031,2022-04-14 09:00:00,2,61402050,0.8178537009,,,1,0,0
B031,2022-04-14 10:00:00,0,614E1950,0.07870327549,,537.2,1,0,1
B031,2022-04-14 10:00:00,1,614G2040,0.04928114335,,335.61,1,0,1
B031,2022-04-14 10:00:00,2,61402050,0.1075137911,,306.99,1,0,1
B031,2022-04-14 11:00:00,0,614E1950,0.02449461555,,537.19,1,0,1
B031,2022-04-14 11:00:00,1,614G2040,0.01558838758,,335.61,1,0,1
B031,2022-04-14 11:00:00,2,61402050,0.0586308103,,306.99,1,0,1
B031,2022-04-14 12:00:00,0,614E1950,0.01717679341,,537.19,1,0,1
B031,2022-04-14 12:00:00,1,614G2040,0.04066373038,,335.61,1,0,1
B031,2022-04-14 12:00:00,2,61402050,0,,306.99,1,0,1
B031,2022-04-14 13:00:00,0,614E1950,0.9750757012,,537.19,1,0,1
B031,2022-04-14 13:00:00,1,614G2040,0.6419278589,,335.61,1,0,1
B031,2022-04-14 13:00:00,2,61402050,0.7936963203,,306.99,1,0,1
B031,2022-04-14 14:00:00,0,614E1950,0.82855185,,537.19,1,0,1
B031,2022-04-14 14:00:00,1,614G2040,1.054111594,,335.61,1,0,1
B031,2022-04-14 14:00:00,2,61402050,1.131274992,,306.99,1,0,1
B031,2022-04-14 15:00:00,0,614E1950,1.904296483,,537.18,1,0,1
B031,2022-04-14 15:00:00,1,614G2040,3.219732036,,335.61,1,0,1
B031,2022-04-14 15:00:00,2,61402050,2.208572509,,306.99,1,0,1
B031,2022-04-14 16:00:00,0,614E1950,1.898442475,,537.19,1,0,1
B031,2022-04-14 16:00:00,1,614G2040,2.925617671,,335.61,1,0,1
B031,2022-04-14 16:00:00,2,61402050,2.528639274,,306.99,1,0,1
B031,2022-04-14 17:00:00,0,614E1950,1.052740357,,537.19,1,0,1
B031,2022-04-14 17:00:00,1,614G2040,1.580280649,,335.61,1,0,1
B031,2022-04-14 17:00:00,2,61402050,1.674756897,,306.99,1,0,1
B031,2022-04-14 18:00:00,0,614E1950,0.3113128743,,537.21,1,0,1
B031,2022-04-14 18:00:00,1,614G2040,0.5966068705,,335.61,1,0,1
B031,2022-04-14 18:00:00,2,61402050,0.7497901064,,306.99,1,0,1
B031,2022-04-14 19:00:00,0,614E1950,0.3397786246,,537.22,1,0,1
B031,2022-04-14 19:00:00,1,614G2040,0.3895876544,,335.61,1,0,1
B031,2022-04-14 19:00:00,2,61402050,0.2844149128,,306.99,1,0,1
B031,2022-04-14 20:00:00,0,614E1950,0.1906448344,,537.22,1,0,1
B031,2022-04-14 20:00:00,1,614G2040,0.6997045011,,335.62,1,0,1
B031,2022-04-14 20:00:00,2,61402050,0.8258525767,,306.99,1,0,1
B031,2022-04-14 21:00:00,0,614E1950,1.025039566,,537.23,1,0,1
B031,2022-04-14 21:00:00,1,614G2040,1.332904692,,335.62,1,0,1
B031,2022-04-14 21:00:00,2,61402050,1.335775911,,307,1,0,1
B031,2022-04-14 22:00:00,0,614E1950,0.4681213906,,537.23,1,0,1
B031,2022-04-14 22:00:00,1,614G2040,1.032954274,,335.63,1,0,1
B031,2022-04-14 22:00:00,2,61402050,1.143065308,,307.01,1,0,1
B031,2022-04-14 23:00:00,0,614E1950,0.4082424385,,537.24,1,0,1
B031,2022-04-14 23:00:00,1,614G2040,0.5825624666,,335.62,1,0,1
B031,2022-04-14 23:00:00,2,61402050,0.6931640068,,307.01,1,0,1
B031,2022-04-15 00:00:00,0,614E1950,0.8994140769,,537.24,1,0,1
B031,2022-04-15 00:00:00,1,614G2040,1.481511326,,335.62,1,0,1
B031,2022-04-15 00:00:00,2,61402050,1.117720052,,307.01,1,0,1
B031,2022-04-15 01:00:00,0,614E1950,0.1236245323,,537.24,1,0,1
B031,2022-04-15 01:00:00,1,614G2040,0.4396046321,,335.62,1,0,1
B031,2022-04-15 01:00:00,2,61402050,0.6537293991,,307.02,1,0,1
B031,2022-04-15 02:00:00,0,614E1950,0.6293776749,,537.24,1,0,1
B031,2022-04-15 02:00:00,1,614G2040,0.7842929453,,335.62,1,0,1
B031,2022-04-15 02:00:00,2,61402050,0.5598401022,,307.02,1,0,1
B031,2022-04-15 03:00:00,0,614E1950,2.393689407,,537.24,1,0,1
B031,2022-04-15 03:00:00,1,614G2040,2.881631452,,335.62,1,0,1
B031,2022-04-15 03:00:00,2,61402050,2.527167081,,307.03,1,0,1
B031,2022-04-15 04:00:00,0,614E1950,3.121329549,,537.25,1,0,1
B031,2022-04-15 04:00:00,1,614G2040,4.0173173,,335.62,1,0,1
B031,2022-04-15 04:00:00,2,61402050,3.712296854,,307.03,1,0,1
B031,2022-04-15 05:00:00,0,614E1950,2.737328534,,537.26,1,0,1
B031,2022-04-15 05:00:00,1,614G2040,3.663108053,,335.62,1,0,1
B031,2022-04-15 05:00:00,2,61402050,3.951892899,,307.04,1,0,1
B031,2022-04-15 06:00:00,0,614E1950,0.8898201185,,537.29,1,0,1
B031,2022-04-15 06:00:00,1,614G2040,0.696981015,,335.63,1,0,1
B031,2022-04-15 06:00:00,2,61402050,0.4662658292,,307.06,1,0,1
B031,2022-04-15 07:00:00,0,614E1950,2.6432311,,537.33,1,0,1
B031,2022-04-15 07:00:00,1,614G2040,3.38213064,,335.63,1,0,1
B031,2022-04-15 07:00:00,2,61402050,3.918620221,,307.08,1,0,1
B031,2022-04-15 08:00:00,0,614E1950,0.9875894946,,537.33,1,0,1
B031,2022-04-15 08:00:00,1,614G2040,1.559269113,,335.63,1,0,1
B031,2022-04-15 08:00:00,2,61402050,1.762626051,14.4,307.13,1,1,1
B031,2022-04-15 09:00:00,0,614E1950,0.8886928861,,,1,0,0
B031,2022-04-15 09:00:00,1,614G2040,1.017626687,,335.64,1,0,1
B031,2022-04-15 09:00:00,2,61402050,0.8105685488,,307.14,1,0,1
B031,2022-04-15 10:00:00,0,614E1950,0.6432221123,,,1,0,0
B031,2022-04-15 10:00:00,1,614G2040,1.298642804,,335.64,1,0,1
B031,2022-04-15 10:00:00,2,61402050,0.7981873325,,307.15,1,0,1
B031,2022-04-15 11:00:00,0,614E1950,0.4183692967,,537.41,1,0,1
B031,2022-04-15 11:00:00,1,614G2040,0.9923949621,,335.64,1,0,1
B031,2022-04-15 11:00:00,2,61402050,0.8658300029,,307.16,1,0,1
B031,2022-04-15 12:00:00,0,614E1950,0.8114723784,,537.42,1,0,1
B031,2022-04-15 12:00:00,1,614G2040,1.130031353,,335.64,1,0,1
B031,2022-04-15 12:00:00,2,61402050,0.9601893449,,307.17,1,0,1
B031,2022-04-15 13:00:00,0,614E1950,0.301712072,,537.42,1,0,1
B031,2022-04-15 13:00:00,1,614G2040,0.5988452054,,335.63,1,0,1
B031,2022-04-15 13:00:00,2,61402050,0.5826794169,,307.16,1,0,1
B031,2022-04-15 14:00:00,0,614E1950,0.473580816,,537.43,1,0,1
B031,2022-04-15 14:00:00,1,614G2040,1.141892529,,335.64,1,0,1
B031,2022-04-15 14:00:00,2,61402050,0.8929260032,,307.16,1,0,1
B031,2022-04-15 15:00:00,0,614E1950,0.6628596678,,537.44,1,0,1
B031,2022-04-15 15:00:00,1,614G2040,0.7741368818,,335.63,1,0,1
B031,2022-04-15 15:00:00,2,61402050,0.5921591075,,307.16,1,0,1
B031,2022-04-15 16:00:00,0,614E1950,0.5452296683,,537.44,1,0,1
B031,2022-04-15 16:00:00,1,614G2040,1.041716218,,335.64,1,0,1
B031,2022-04-15 16:00:00,2,61402050,0.5671252064,,307.15,1,0,1
B031,2022-04-15 17:00:00,0,614E1950,0.8067988792,,537.44,1,0,1
B031,2022-04-15 17:00:00,1,614G2040,1.298865095,,335.64,1,0,1
B031,2022-04-15 17:00:00,2,61402050,1.455089545,,307.15,1,0,1
B031,2022-04-15 18:00:00,0,614E1950,1.19155254,,537.44,1,0,1
B031,2022-04-15 18:00:00,1,614G2040,1.79439779,,335.65,1,0,1
B031,2022-04-15 18:00:00,2,61402050,1.908951506,,307.15,1,0,1
B031,2022-04-15 19:00:00,0,614E1950,0.1559547103,,537.44,1,0,1
B031,2022-04-15 19:00:00,1,614G2040,0.5935703584,,335.64,1,0,1
B031,2022-04-15 19:00:00,2,61402050,0.5272700094,,307.15,1,0,1
B031,2022-04-15 20:00:00,0,614E1950,0.7475007549,,537.44,1,0,1
B031,2022-04-15 20:00:00,1,614G2040,0.8425230215,,335.64,1,0,1
B031,2022-04-15 20:00:00,2,61402050,0.8480069944,,307.15,1,0,1
B031,2022-04-15 21:00:00,0,614E1950,0.5957500151,,537.44,1,0,1
B031,2022-04-15 21:00:00,1,614G2040,1.045430619,,335.64,1,0,1
B031,2022-04-15 21:00:00,2,61402050,1.100890131,,307.15,1,0,1
B031,2022-04-15 22:00:00,0,614E1950,0.1574544718,,537.44,1,0,1
B031,2022-04-15 22:00:00,1,614G2040,0.2443640894,,335.65,1,0,1
B031,2022-04-15 22:00:00,2,61402050,0.250053556,,307.15,1,0,1
B031,2022-04-15 23:00:00,0,614E1950,0.05813535923,,537.44,1,0,1
B031,2022-04-15 23:00:00,1,614G2040,0.04354616393,,335.64,1,0,1
B031,2022-04-15 23:00:00,2,61402050,0.02466434696,,307.15,1,0,1
B031,2022-04-16 00:00:00,0,614E1950,1.524276742,,537.44,1,0,1
B031,2022-04-16 00:00:00,1,614G2040,2.194937104,,335.64,1,0,1
B031,2022-04-16 00:00:00,2,61402050,1.70036967,,307.14,1,0,1
B031,2022-04-16 01:00:00,0,614E1950,1.816096816,,537.44,1,0,1
B031,2022-04-16 01:00:00,1,614G2040,2.407662725,,335.64,1,0,1
B031,2022-04-16 01:00:00,2,61402050,2.484534436,,307.14,1,0,1
B031,2022-04-16 02:00:00,0,614E1950,0.5306667948,,537.44,1,0,1
B031,2022-04-16 02:00:00,1,614G2040,0.9084947813,,335.63,1,0,1
B031,2022-04-16 02:00:00,2,61402050,1.278077968,,307.14,1,0,1
B031,2022-04-16 03:00:00,0,614E1950,0.08149844916,,537.44,1,0,1
B031,2022-04-16 03:00:00,1,614G2040,0.2237390358,,335.64,1,0,1
B031,2022-04-16 03:00:00,2,61402050,0.1998346266,,307.14,1,0,1
B031,2022-04-16 04:00:00,0,614E1950,0.07183249516,,537.44,1,0,1
B031,2022-04-16 04:00:00,1,614G2040,0.1998278659,,335.63,1,0,1
B031,2022-04-16 04:00:00,2,61402050,0.1916543529,,307.15,1,0,1
B031,2022-04-16 05:00:00,0,614E1950,0.04567679945,,537.44,1,0,1
B031,2022-04-16 05:00:00,1,614G2040,0.0668909949,,335.64,1,0,1
B031,2022-04-16 05:00:00,2,61402050,0.07265590144,,307.15,1,0,1
B031,2022-04-16 06:00:00,0,614E1950,2.015829218,,537.44,1,0,1
B031,2022-04-16 06:00:00,1,614G2040,2.559592591,,335.65,1,0,1
B031,2022-04-16 06:00:00,2,61402050,2.695794167,,307.15,1,0,1
B031,2022-04-16 07:00:00,0,614E1950,0.5356124296,,537.44,1,0,1
B031,2022-04-16 07:00:00,1,614G2040,3.966496181,,335.65,1,0,1
B031,2022-04-16 07:00:00,2,61402050,2.570515007,,307.14,1,0,1
B031,2022-04-16 08:00:00,0,614E1950,0.1584920379,,537.44,1,0,1
B031,2022-04-16 08:00:00,1,614G2040,0.5435377077,,335.64,1,0,1
B031,2022-04-16 08:00:00,2,61402050,0.4162665976,16.5,307.15,1,1,1
B031,2022-04-16 09:00:00,0,614E1950,0.006542718092,,537.44,1,0,1
B031,2022-04-16 09:00:00,1,614G2040,0.1171131921,,335.64,1,0,1
B031,2022-04-16 09:00:00,2,61402050,0.1176327998,,307.15,1,0,1
B031,2022-04-16 10:00:00,0,614E1950,0.002180906031,,537.44,1,0,1
B031,2022-04-16 10:00:00,1,614G2040,0.1786588615,,335.64,1,0,1
B031,2022-04-16 10:00:00,2,61402050,0.07112077328,,307.15,1,0,1
B031,2022-04-16 11:00:00,0,614E1950,0.06763790892,,537.43,1,0,1
B031,2022-04-16 11:00:00,1,614G2040,0.05823724312,,335.64,1,0,1
B031,2022-04-16 11:00:00,2,61402050,0.06882435298,,307.15,1,0,1
B031,2022-04-16 12:00:00,0,614E1950,0.02492972832,,537.42,1,0,1
B031,2022-04-16 12:00:00,1,614G2040,0.1189053453,,335.64,1,0,1
B031,2022-04-16 12:00:00,2,61402050,0.0973202484,,307.15,1,0,1
B031,2022-04-16 13:00:00,0,614E1950,0,,537.42,1,0,1
B031,2022-04-16 13:00:00,1,614G2040,0.02255800546,,335.64,1,0,1
B031,2022-04-16 13:00:00,2,61402050,0,,307.14,1,0,1
B031,2022-04-16 14:00:00,0,614E1950,0.01682037184,,537.41,1,0,1
B031,2022-04-16 14:00:00,1,614G2040,0.003935310725,,335.64,1,0,1
B031,2022-04-16 14:00:00,2,61402050,0,,307.14,1,0,1
B031,2022-04-16 15:00:00,0,614E1950,0,,537.41,1,0,1
B031,2022-04-16 15:00:00,1,614G2040,0,,335.64,1,0,1
B031,2022-04-16 15:00:00,2,61402050,0,,307.14,1,0,1
B031,2022-04-16 16:00:00,0,614E1950,0,,537.41,1,0,1
B031,2022-04-16 16:00:00,1,614G2040,0,,335.64,1,0,1
B031,2022-04-16 16:00:00,2,61402050,0,,307.13,1,0,1
B031,2022-04-16 17:00:00,0,614E1950,0,,537.4,1,0,1
B031,2022-04-16 17:00:00,1,614G2040,0,,335.64,1,0,1
B031,2022-04-16 17:00:00,2,61402050,0,,307.12,1,0,1
B031,2022-04-16 18:00:00,0,614E1950,0,,537.4,1,0,1
B031,2022-04-16 18:00:00,1,614G2040,0,,335.64,1,0,1
B031,2022-04-16 18:00:00,2,61402050,0,,307.12,1,0,1
B031,2022-04-16 19:00:00,0,614E1950,0,,537.39,1,0,1
B031,2022-04-16 19:00:00,1,614G2040,0,,335.64,1,0,1
B031,2022-04-16 19:00:00,2,61402050,0,,307.12,1,0,1
B031,2022-04-16 20:00:00,0,614E1950,0,,537.38,1,0,1
B031,2022-04-16 20:00:00,1,614G2040,0,,335.65,1,0,1
B031,2022-04-16 20:00:00,2,61402050,0,,307.11,1,0,1
B031,2022-04-16 21:00:00,0,614E1950,0,,537.38,1,0,1
B031,2022-04-16 21:00:00,1,614G2040,0,,335.64,1,0,1
B031,2022-04-16 21:00:00,2,61402050,0,,307.1,1,0,1
B031,2022-04-16 22:00:00,0,614E1950,0,,537.37,1,0,1
B031,2022-04-16 22:00:00,1,614G2040,0,,335.64,1,0,1
B031,2022-04-16 22:00:00,2,61402050,0,,307.09,1,0,1
B031,2022-04-16 23:00:00,0,614E1950,0,,537.36,1,0,1
B031,2022-04-16 23:00:00,1,614G2040,0,,335.66,1,0,1
B031,2022-04-16 23:00:00,2,61402050,0,,307.09,1,0,1
B031,2022-04-17 00:00:00,0,614E1950,0,,537.36,1,0,1
B031,2022-04-17 00:00:00,1,614G2040,0,,335.65,1,0,1
B031,2022-04-17 00:00:00,2,61402050,0,,307.09,1,0,1
B031,2022-04-17 01:00:00,0,614E1950,0.2025170036,,537.35,1,0,1
B031,2022-04-17 01:00:00,1,614G2040,0.09066888159,,335.64,1,0,1
B031,2022-04-17 01:00:00,2,61402050,0.2595189586,,307.08,1,0,1
B031,2022-04-17 02:00:00,0,614E1950,0.161870552,,537.34,1,0,1
B031,2022-04-17 02:00:00,1,614G2040,0.2005701692,,335.64,1,0,1
B031,2022-04-17 02:00:00,2,61402050,0.01901524342,,307.08,1,0,1
B031,2022-04-17 03:00:00,0,614E1950,0.9150119354,,537.34,1,0,1
B031,2022-04-17 03:00:00,1,614G2040,1.193636127,,335.64,1,0,1
B031,2022-04-17 03:00:00,2,61402050,1.244851148,,307.07,1,0,1
B031,2022-04-17 04:00:00,0,614E1950,0.455974945,,537.33,1,0,1
B031,2022-04-17 04:00:00,1,614G2040,0.9592347038,,335.64,1,0,1
B031,2022-04-17 04:00:00,2,61402050,0.7721367211,,307.07,1,0,1
B031,2022-04-17 05:00:00,0,614E1950,0.4189509118,,537.33,1,0,1
B031,2022-04-17 05:00:00,1,614G2040,0.7120692844,,335.64,1,0,1
B031,2022-04-17 05:00:00,2,61402050,0.6201772718,,307.07,1,0,1
B031,2022-04-17 06:00:00,0,614E1950,0.02231370952,,537.33,1,0,1
B031,2022-04-17 06:00:00,1,614G2040,0.03143535232,,335.64,1,0,1
B031,2022-04-17 06:00:00,2,61402050,0.1157841271,,307.07,1,0,1
B031,2022-04-17 07:00:00,0,614E1950,1.956701998,,537.32,1,0,1
B031,2022-04-17 07:00:00,1,614G2040,2.269332772,,335.65,1,0,1
B031,2022-04-17 07:00:00,2,61402050,1.274263919,,307.06,1,0,1
B031,2022-04-17 08:00:00,0,614E1950,0,,537.31,1,0,1
B031,2022-04-17 08:00:00,1,614G2040,0.002883790284,,335.63,1,0,1
B031,2022-04-17 08:00:00,2,61402050,0.03441217649,11.7,307.07,1,1,1
B031,2022-04-17 09:00:00,0,614E1950,0,,537.31,1,0,1
B031,2022-04-17 09:00:00,1,614G2040,0.00269682656,,335.64,1,0,1
B031,2022-04-17 09:00:00,2,61402050,0.0004457131451,,307.06,1,0,1
B031,2022-04-17 10:00:00,0,614E1950,0,,537.3,1,0,1
B031,2022-04-17 10:00:00,1,614G2040,0.04511601091,,335.64,1,0,1
B031,2022-04-17 10:00:00,2,61402050,0,,307.06,1,0,1
B031,2022-04-17 11:00:00,0,614E1950,0,,537.3,1,0,1
B031,2022-04-17 11:00:00,1,614G2040,0,,335.63,1,0,1
B031,2022-04-17 11:00:00,2,61402050,0,,307.05,1,0,1
B031,2022-04-17 12:00:00,0,614E1950,0,,537.3,1,0,1
B031,2022-04-17 12:00:00,1,614G2040,0,,335.64,1,0,1
B031,2022-04-17 12:00:00,2,61402050,0,,307.05,1,0,1
B031,2022-04-17 13:00:00,0,614E1950,0,,537.29,1,0,1
B031,2022-04-17 13:00:00,1,614G2040,0,,335.64,1,0,1
B031,2022-04-17 13:00:00,2,61402050,0,,307.04,1,0,1
B031,2022-04-17 14:00:00,0,614E1950,0,,537.28,1,0,1
B031,2022-04-17 14:00:00,1,614G2040,0,,335.63,1,0,1
B031,2022-04-17 14:00:00,2,61402050,0,,307.04,1,0,1
B031,2022-04-17 15:00:00,0,614E1950,0,,537.28,1,0,1
B031,2022-04-17 15:00:00,1,614G2040,0,,335.64,1,0,1
B031,2022-04-17 15:00:00,2,61402050,0,,307.04,1,0,1
B031,2022-04-17 16:00:00,0,614E1950,0,,537.27,1,0,1
B031,2022-04-17 16:00:00,1,614G2040,0,,335.65,1,0,1
B031,2022-04-17 16:00:00,2,61402050,0,,307.03,1,0,1
B031,2022-04-17 17:00:00,0,614E1950,0,,537.27,1,0,1
B031,2022-04-17 17:00:00,1,614G2040,0,,335.65,1,0,1
B031,2022-04-17 17:00:00,2,61402050,0,,307.03,1,0,1
B031,2022-04-17 18:00:00,0,614E1950,0,,537.27,1,0,1
B031,2022-04-17 18:00:00,1,614G2040,0,,335.66,1,0,1
B031,2022-04-17 18:00:00,2,61402050,0,,307.03,1,0,1
B031,2022-04-17 19:00:00,0,614E1950,0,,537.26,1,0,1
B031,2022-04-17 19:00:00,1,614G2040,0,,335.67,1,0,1
B031,2022-04-17 19:00:00,2,61402050,0,,307.03,1,0,1
B031,2022-04-17 20:00:00,0,614E1950,0,,537.26,1,0,1
B031,2022-04-17 20:00:00,1,614G2040,0,,335.67,1,0,1
B031,2022-04-17 20:00:00,2,61402050,0,,307.03,1,0,1
B031,2022-04-17 21:00:00,0,614E1950,0,,537.25,1,0,1
B031,2022-04-17 21:00:00,1,614G2040,0,,335.67,1,0,1
B031,2022-04-17 21:00:00,2,61402050,0,,307.03,1,0,1
B031,2022-04-17 22:00:00,0,614E1950,0,,537.25,1,0,1
B031,2022-04-17 22:00:00,1,614G2040,0,,335.68,1,0,1
B031,2022-04-17 22:00:00,2,61402050,0,,307.03,1,0,1
B031,2022-04-17 23:00:00,0,614E1950,0.02231370952,,537.25,1,0,1
B031,2022-04-17 23:00:00,1,614G2040,0,,335.68,1,0,1
B031,2022-04-17 23:00:00,2,61402050,0,,307.03,1,0,1
B031,2022-04-18 00:00:00,0,614E1950,0,,537.25,1,0,1
B031,2022-04-18 00:00:00,1,614G2040,0,,335.68,1,0,1
B031,2022-04-18 00:00:00,2,61402050,0,,307.03,1,0,1
B031,2022-04-18 01:00:00,0,614E1950,0,,537.24,1,0,1
B031,2022-04-18 01:00:00,1,614G2040,0,,335.67,1,0,1
B031,2022-04-18 01:00:00,2,61402050,0,,307.03,1,0,1
B031,2022-04-18 02:00:00,0,614E1950,0.06128867977,,537.24,1,0,1
B031,2022-04-18 02:00:00,1,614G2040,0.05345812288,,335.68,1,0,1
B031,2022-04-18 02:00:00,2,61402050,0,,307.02,1,0,1
B031,2022-04-18 03:00:00,0,614E1950,0.02667552158,,537.24,1,0,1
B031,2022-04-18 03:00:00,1,614G2040,0.1946601888,,335.68,1,0,1
B031,2022-04-18 03:00:00,2,61402050,0.09244351631,,307.02,1,0,1
B031,2022-04-18 04:00:00,0,614E1950,0,,537.23,1,0,1
B031,2022-04-18 04:00:00,1,614G2040,0,,335.68,1,0,1
B031,2022-04-18 04:00:00,2,61402050,0,,307.02,1,0,1
B031,2022-04-18 05:00:00,0,614E1950,0.06330826707,,537.23,1,0,1
B031,2022-04-18 05:00:00,1,614G2040,0.0127045973,,335.68,1,0,1
B031,2022-04-18 05:00:00,2,61402050,0.02589889927,,307.02,1,0,1
B031,2022-04-18 06:00:00,0,614E1950,0,,537.22,1,0,1
B031,2022-04-18 06:00:00,1,614G2040,0,,335.67,1,0,1
B031,2022-04-18 06:00:00,2,61402050,0,,307.02,1,0,1
B031,2022-04-18 07:00:00,0,614E1950,0.1735861779,,537.22,1,0,1
B031,2022-04-18 07:00:00,1,614G2040,0.3681376897,,335.68,1,0,1
B031,2022-04-18 07:00:00,2,61402050,0.1820620761,,307.01,1,0,1
B031,2022-04-18 08:00:00,0,614E1950,0,,537.22,1,0,1
B031,2022-04-18 08:00:00,1,614G2040,0,,335.67,1,0,1
B031,2022-04-18 08:00:00,2,61402050,0,9.22,307.02,1,1,1
B031,2022-04-18 09:00:00,0,614E1950,0,,537.22,1,0,1
B031,2022-04-18 09:00:00,1,614G2040,0,,335.67,1,0,1
B031,2022-04-18 09:00:00,2,61402050,0,,307.01,1,0,1
B031,2022-04-18 10:00:00,0,614E1950,0,,537.22,1,0,1
B031,2022-04-18 10:00:00,1,614G2040,0,,335.66,1,0,1
B031,2022-04-18 10:00:00,2,61402050,0,,307,1,0,1
B031,2022-04-18 11:00:00,0,614E1950,0,,537.21,1,0,1
B031,2022-04-18 11:00:00,1,614G2040,0,,335.66,1,0,1
B031,2022-04-18 11:00:00,2,61402050,0,,307,1,0,1
B031,2022-04-18 12:00:00,0,614E1950,0.002180906031,,537.21,1,0,1
B031,2022-04-18 12:00:00,1,614G2040,0.0127045973,,335.67,1,0,1
B031,2022-04-18 12:00:00,2,61402050,0.02421863381,,307,1,0,1
B031,2022-04-18 13:00:00,0,614E1950,0,,537.21,1,0,1
B031,2022-04-18 13:00:00,1,614G2040,0,,335.66,1,0,1
B031,2022-04-18 13:00:00,2,61402050,0,,307,1,0,1
B031,2022-04-18 14:00:00,0,614E1950,0,,537.2,1,0,1
B031,2022-04-18 14:00:00,1,614G2040,0,,335.66,1,0,1
B031,2022-04-18 14:00:00,2,61402050,0,,307,1,0,1
B031,2022-04-18 15:00:00,0,614E1950,0,,537.2,1,0,1
B031,2022-04-18 15:00:00,1,614G2040,0,,335.65,1,0,1
B031,2022-04-18 15:00:00,2,61402050,0,,307,1,0,1
B031,2022-05-06 04:00:00,0,614E1950,0,,537.08,1,0,1
B031,2022-05-06 04:00:00,1,614G2040,0,,335.33,1,0,1
B031,2022-05-06 04:00:00,2,61402050,0,,306.83,1,0,1
B031,2022-05-06 05:00:00,0,614E1950,0,,537.07,1,0,1
B031,2022-05-06 05:00:00,1,614G2040,0,,335.35,1,0,1
B031,2022-05-06 05:00:00,2,61402050,0,,306.83,1,0,1
B031,2022-05-06 06:00:00,0,614E1950,0,,537.08,1,0,1
B031,2022-05-06 06:00:00,1,614G2040,0,,335.33,1,0,1
B031,2022-05-06 06:00:00,2,61402050,0,,306.83,1,0,1
B031,2022-05-06 07:00:00,0,614E1950,0.002180906031,,537.07,1,0,1
B031,2022-05-06 07:00:00,1,614G2040,0.0127045973,,335.33,1,0,1
B031,2022-05-06 07:00:00,2,61402050,0.02421863381,,306.83,1,0,1
B031,2022-05-06 08:00:00,0,614E1950,0,,537.08,1,0,1
B031,2022-05-06 08:00:00,1,614G2040,0,,335.33,1,0,1
B031,2022-05-06 08:00:00,2,61402050,0,3.26,306.84,1,1,1
B031,2022-05-06 09:00:00,0,614E1950,0,,537.07,1,0,1
B031,2022-05-06 09:00:00,1,614G2040,0,,335.33,1,0,1
B031,2022-05-06 09:00:00,2,61402050,0,,306.83,1,0,1
B031,2022-05-06 10:00:00,0,614E1950,0,,537.08,1,0,1
B031,2022-05-06 10:00:00,1,614G2040,0,,335.33,1,0,1
B031,2022-05-06 10:00:00,2,61402050,0,,306.83,1,0,1
B031,2022-05-06 11:00:00,0,614E1950,0,,537.07,1,0,1
B031,2022-05-06 11:00:00,1,614G2040,0,,335.34,1,0,1
B031,2022-05-06 11:00:00,2,61402050,0,,306.83,1,0,1
B031,2022-05-06 12:00:00,0,614E1950,0,,537.07,1,0,1
B031,2022-05-06 12:00:00,1,614G2040,0,,335.35,1,0,1
B031,2022-05-06 12:00:00,2,61402050,0,,306.83,1,0,1
B031,2022-05-06 13:00:00,0,614E1950,0,,537.07,1,0,1
B031,2022-05-06 13:00:00,1,614G2040,0,,335.35,1,0,1
B031,2022-05-06 13:00:00,2,61402050,0,,306.83,1,0,1
B031,2022-05-06 14:00:00,0,614E1950,0,,537.07,1,0,1
B031,2022-05-06 14:00:00,1,614G2040,0,,335.34,1,0,1
B031,2022-05-06 14:00:00,2,61402050,0,,306.83,1,0,1
B031,2022-05-06 15:00:00,0,614E1950,0,,537.06,1,0,1
B031,2022-05-06 15:00:00,1,614G2040,0,,335.34,1,0,1
B031,2022-05-06 15:00:00,2,61402050,0,,306.83,1,0,1
B031,2022-05-06 16:00:00,0,614E1950,0,,537.07,1,0,1
B031,2022-05-06 16:00:00,1,614G2040,0,,335.34,1,0,1
B031,2022-05-06 16:00:00,2,61402050,0,,306.83,1,0,1
B031,2022-05-06 17:00:00,0,614E1950,0,,537.06,1,0,1
B031,2022-05-06 17:00:00,1,614G2040,0,,335.34,1,0,1
B031,2022-05-06 17:00:00,2,61402050,0,,306.83,1,0,1
B031,2022-05-06 18:00:00,0,614E1950,0,,537.07,1,0,1
B031,2022-05-06 18:00:00,1,614G2040,0,,335.34,1,0,1
B031,2022-05-06 18:00:00,2,61402050,0,,306.83,1,0,1
B031,2022-05-06 19:00:00,0,614E1950,0,,537.06,1,0,1
B031,2022-05-06 19:00:00,1,614G2040,0,,335.33,1,0,1
B031,2022-05-06 19:00:00,2,61402050,0,,306.83,1,0,1
B031,2022-05-06 20:00:00,0,614E1950,0,,537.06,1,0,1
B031,2022-05-06 20:00:00,1,614G2040,0,,335.34,1,0,1
B031,2022-05-06 20:00:00,2,61402050,0,,306.83,1,0,1
B031,2022-05-06 21:00:00,0,614E1950,0,,537.06,1,0,1
B031,2022-05-06 21:00:00,1,614G2040,0,,335.33,1,0,1
B031,2022-05-06 21:00:00,2,61402050,0,,306.83,1,0,1
B031,2022-05-06 22:00:00,0,614E1950,0,,537.06,1,0,1
B031,2022-05-06 22:00:00,1,614G2040,0,,335.34,1,0,1
B031,2022-05-06 22:00:00,2,61402050,0,,306.83,1,0,1
B031,2022-05-06 23:00:00,0,614E1950,0,,537.06,1,0,1
B031,2022-05-06 23:00:00,1,614G2040,0,,335.37,1,0,1
B031,2022-05-06 23:00:00,2,61402050,0,,306.83,1,0,1
B031,2022-05-07 00:00:00,0,614E1950,0,,537.06,1,0,1
B031,2022-05-07 00:00:00,1,614G2040,0,,335.34,1,0,1
B031,2022-05-07 00:00:00,2,61402050,0,,306.83,1,0,1
B031,2022-05-07 01:00:00,0,614E1950,0,,537.06,1,0,1
B031,2022-05-07 01:00:00,1,614G2040,0,,335.34,1,0,1
B031,2022-05-07 01:00:00,2,61402050,0,,306.83,1,0,1
B031,2022-05-07 02:00:00,0,614E1950,0,,537.06,1,0,1
B031,2022-05-07 02:00:00,1,614G2040,0,,335.34,1,0,1
B031,2022-05-07 02:00:00,2,61402050,0,,306.83,1,0,1
B031,2022-05-07 03:00:00,0,614E1950,0,,537.06,1,0,1
B031,2022-05-07 03:00:00,1,614G2040,0,,335.33,1,0,1
B031,2022-05-07 03:00:00,2,61402050,0,,306.83,1,0,1
B031,2022-05-07 04:00:00,0,614E1950,0,,537.06,1,0,1
B031,2022-05-07 04:00:00,1,614G2040,0,,335.33,1,0,1
B031,2022-05-07 04:00:00,2,61402050,0,,306.83,1,0,1
B031,2022-05-07 05:00:00,0,614E1950,0,,537.06,1,0,1
B031,2022-05-07 05:00:00,1,614G2040,0,,335.33,1,0,1
B031,2022-05-07 05:00:00,2,61402050,0,,306.83,1,0,1
B031,2022-05-07 06:00:00,0,614E1950,0,,537.06,1,0,1
B031,2022-05-07 06:00:00,1,614G2040,0,,335.33,1,0,1
B031,2022-05-07 06:00:00,2,61402050,0,,306.83,1,0,1
B031,2022-05-07 07:00:00,0,614E1950,0,,537.06,1,0,1
B031,2022-05-07 07:00:00,1,614G2040,0,,335.34,1,0,1
B031,2022-05-07 07:00:00,2,61402050,0,,306.83,1,0,1
B031,2022-05-07 08:00:00,0,614E1950,0,,537.06,1,0,1
B031,2022-05-07 08:00:00,1,614G2040,0,,335.33,1,0,1
B031,2022-05-07 08:00:00,2,61402050,0,3.03,306.83,1,1,1
B031,2022-05-07 09:00:00,0,614E1950,0,,537.06,1,0,1
B031,2022-05-07 09:00:00,1,614G2040,0,,335.33,1,0,1
B031,2022-05-07 09:00:00,2,61402050,0,,306.83,1,0,1
B031,2022-05-07 10:00:00,0,614E1950,0,,537.06,1,0,1
B031,2022-05-07 10:00:00,1,614G2040,0,,335.33,1,0,1
B031,2022-05-07 10:00:00,2,61402050,0,,306.83,1,0,1
B031,2022-05-07 11:00:00,0,614E1950,0,,537.06,1,0,1
B031,2022-05-07 11:00:00,1,614G2040,0,,335.33,1,0,1
B031,2022-05-07 11:00:00,2,61402050,0,,306.83,1,0,1
B031,2022-05-07 12:00:00,0,614E1950,0,,537.06,1,0,1
B031,2022-05-07 12:00:00,1,614G2040,0,,335.33,1,0,1
B031,2022-05-07 12:00:00,2,61402050,0,,306.83,1,0,1
B031,2022-05-07 13:00:00,0,614E1950,0,,537.06,1,0,1
B031,2022-05-07 13:00:00,1,614G2040,0,,335.33,1,0,1
B031,2022-05-07 13:00:00,2,61402050,0,,306.83,1,0,1
B031,2022-05-07 14:00:00,0,614E1950,0,,537.06,1,0,1
B031,2022-05-07 14:00:00,1,614G2040,0,,335.34,1,0,1
B031,2022-05-07 14:00:00,2,61402050,0,,306.83,1,0,1
B031,2022-05-07 15:00:00,0,614E1950,0,,537.06,1,0,1
B031,2022-05-07 15:00:00,1,614G2040,0,,335.33,1,0,1
B031,2022-05-07 15:00:00,2,61402050,0,,306.83,1,0,1
B031,2022-05-07 16:00:00,0,614E1950,0,,537.05,1,0,1
B031,2022-05-07 16:00:00,1,614G2040,0,,335.33,1,0,1
B031,2022-05-07 16:00:00,2,61402050,0,,306.83,1,0,1
B031,2022-05-07 17:00:00,0,614E1950,0,,537.05,1,0,1
B031,2022-05-07 17:00:00,1,614G2040,0,,335.33,1,0,1
B031,2022-05-07 17:00:00,2,61402050,0,,306.83,1,0,1
B031,2022-05-07 18:00:00,0,614E1950,0,,537.05,1,0,1
B031,2022-05-07 18:00:00,1,614G2040,0,,335.33,1,0,1
B031,2022-05-07 18:00:00,2,61402050,0,,306.83,1,0,1
B031,2022-05-07 19:00:00,0,614E1950,0,,537.05,1,0,1
B031,2022-05-07 19:00:00,1,614G2040,0,,335.32,1,0,1
B031,2022-05-07 19:00:00,2,61402050,0,,306.83,1,0,1
B031,2022-05-07 20:00:00,0,614E1950,0,,537.05,1,0,1
B031,2022-05-07 20:00:00,1,614G2040,0,,335.33,1,0,1
B031,2022-05-07 20:00:00,2,61402050,0,,306.83,1,0,1
B031,2022-05-07 21:00:00,0,614E1950,0,,537.05,1,0,1
B031,2022-05-07 21:00:00,1,614G2040,0,,335.32,1,0,1
B031,2022-05-07 21:00:00,2,61402050,0,,306.83,1,0,1
B031,2022-05-07 22:00:00,0,614E1950,0,,537.05,1,0,1
B031,2022-05-07 22:00:00,1,614G2040,0,,335.33,1,0,1
B031,2022-05-07 22:00:00,2,61402050,0,,306.83,1,0,1
B031,2022-05-07 23:00:00,0,614E1950,0,,537.05,1,0,1
B031,2022-05-07 23:00:00,1,614G2040,0,,335.32,1,0,1
B031,2022-05-07 23:00:00,2,61402050,0,,306.83,1,0,1
B031,2022-05-08 00:00:00,0,614E1950,0,,537.05,1,0,1
B031,2022-05-08 00:00:00,1,614G2040,0,,335.33,1,0,1
B031,2022-05-08 00:00:00,2,61402050,0,,306.83,1,0,1
B031,2022-05-08 01:00:00,0,614E1950,0,,537.05,1,0,1
B031,2022-05-08 01:00:00,1,614G2040,0,,335.33,1,0,1
B031,2022-05-08 01:00:00,2,61402050,0,,306.83,1,0,1
B031,2022-05-08 02:00:00,0,614E1950,0,,537.05,1,0,1
B031,2022-05-08 02:00:00,1,614G2040,0,,335.33,1,0,1
B031,2022-05-08 02:00:00,2,61402050,0,,306.83,1,0,1
B031,2022-05-08 03:00:00,0,614E1950,0,,537.05,1,0,1
B031,2022-05-08 03:00:00,1,614G2040,0,,335.33,1,0,1
B031,2022-05-08 03:00:00,2,61402050,0,,306.83,1,0,1
B031,2022-05-08 04:00:00,0,614E1950,0,,537.05,1,0,1
B031,2022-05-08 04:00:00,1,614G2040,0.004567773659,,335.33,1,0,1
B031,2022-05-08 04:00:00,2,61402050,0.01856953027,,306.83,1,0,1
B031,2022-05-08 05:00:00,0,614E1950,0,,537.05,1,0,1
B031,2022-05-08 05:00:00,1,614G2040,0.04739989774,,335.32,1,0,1
B031,2022-05-08 05:00:00,2,61402050,0,,306.83,1,0,1
B031,2022-05-08 06:00:00,0,614E1950,0,,537.05,1,0,1
B031,2022-05-08 06:00:00,1,614G2040,0,,335.32,1,0,1
B031,2022-05-08 06:00:00,2,61402050,0,,306.83,1,0,1
B031,2022-05-08 07:00:00,0,614E1950,0,,537.05,1,0,1
B031,2022-05-08 07:00:00,1,614G2040,0.0519676714,,335.33,1,0,1
B031,2022-05-08 07:00:00,2,61402050,0.01856953027,,306.83,1,0,1
B031,2022-05-08 08:00:00,0,614E1950,0,,537.04,1,0,1
B031,2022-05-08 08:00:00,1,614G2040,0,,335.32,1,0,1
B031,2022-05-08 08:00:00,2,61402050,0,3.03,306.83,1,1,1
B031,2022-05-08 09:00:00,0,614E1950,0.1287292782,,537.05,1,0,1
B031,2022-05-08 09:00:00,1,614G2040,0.01967655363,,335.32,1,0,1
B031,2022-05-08 09:00:00,2,61402050,0,,306.83,1,0,1
B031,2022-05-08 10:00:00,0,614E1950,0.2959700485,,537.04,1,0,1
B031,2022-05-08 10:00:00,1,614G2040,0.414484873,,335.33,1,0,1
B031,2022-05-08 10:00:00,2,61402050,0.03881932601,,306.83,1,0,1
B031,2022-05-08 11:00:00,0,614E1950,0.03949050293,,537.05,1,0,1
B031,2022-05-08 11:00:00,1,614G2040,0.2288805989,,335.32,1,0,1
B031,2022-05-08 11:00:00,2,61402050,0.1044150614,,306.83,1,0,1
B031,2022-05-08 12:00:00,0,614E1950,0,,537.04,1,0,1
B031,2022-05-08 12:00:00,1,614G2040,0,,335.32,1,0,1
B031,2022-05-08 12:00:00,2,61402050,0,,306.83,1,0,1
B031,2022-05-08 13:00:00,0,614E1950,0,,537.04,1,0,1
B031,2022-05-08 13:00:00,1,614G2040,0,,335.32,1,0,1
B031,2022-05-08 13:00:00,2,61402050,0,,306.83,1,0,1
B031,2022-05-08 14:00:00,0,614E1950,0,,537.04,1,0,1
B031,2022-05-08 14:00:00,1,614G2040,0,,335.32,1,0,1
B031,2022-05-08 14:00:00,2,61402050,0,,306.83,1,0,1
B031,2022-05-08 15:00:00,0,614E1950,0,,537.04,1,0,1
B031,2022-05-08 15:00:00,1,614G2040,0,,335.33,1,0,1
B031,2022-05-08 15:00:00,2,61402050,0,,306.83,1,0,1
B031,2022-05-08 16:00:00,0,614E1950,0,,537.04,1,0,1
B031,2022-05-08 16:00:00,1,614G2040,0,,335.32,1,0,1
B031,2022-05-08 16:00:00,2,61402050,0,,306.83,1,0,1
B031,2022-05-08 17:00:00,0,614E1950,0.002180906031,,537.04,1,0,1
B031,2022-05-08 17:00:00,1,614G2040,0.0127045973,,335.32,1,0,1
B031,2022-05-08 17:00:00,2,61402050,0.02421863381,,306.83,1,0,1
B031,2022-05-08 18:00:00,0,614E1950,0,,537.04,1,0,1
B031,2022-05-08 18:00:00,1,614G2040,0,,335.32,1,0,1
B031,2022-05-08 18:00:00,2,61402050,0,,306.83,1,0,1
B031,2022-05-08 19:00:00,0,614E1950,0,,537.04,1,0,1
B031,2022-05-08 19:00:00,1,614G2040,0,,335.34,1,0,1
B031,2022-05-08 19:00:00,2,61402050,0,,306.83,1,0,1
B031,2022-05-08 20:00:00,0,614E1950,0.04462741904,,537.03,1,0,1
B031,2022-05-08 20:00:00,1,614G2040,0.09581263867,,335.32,1,0,1
B031,2022-05-08 20:00:00,2,61402050,0.03485788963,,306.83,1,0,1
B031,2022-05-08 21:00:00,0,614E1950,0.08360238929,,537.04,1,0,1
B031,2022-05-08 21:00:00,1,614G2040,0.3080983478,,335.32,1,0,1
B031,2022-05-08 21:00:00,2,61402050,0.143394585,,306.83,1,0,1
B031,2022-05-08 22:00:00,0,614E1950,0,,537.03,1,0,1
B031,2022-05-08 22:00:00,1,614G2040,0.05094622879,,335.32,1,0,1
B031,2022-05-08 22:00:00,2,61402050,0.05571359619,,306.83,1,0,1
B031,2022-05-08 23:00:00,0,614E1950,0.02231370952,,537.03,1,0,1
B031,2022-05-08 23:00:00,1,614G2040,0.0004129397303,,335.32,1,0,1
B031,2022-05-08 23:00:00,2,61402050,0.0004457131451,,306.83,1,0,1
B031,2022-05-09 00:00:00,0,614E1950,0,,537.03,1,0,1
B031,2022-05-09 00:00:00,1,614G2040,0.02255800546,,335.32,1,0,1
B031,2022-05-09 00:00:00,2,61402050,0,,306.83,1,0,1
B031,2022-05-09 01:00:00,0,614E1950,0,,537.03,1,0,1
B031,2022-05-09 01:00:00,1,614G2040,0,,335.32,1,0,1
B031,2022-05-09 01:00:00,2,61402050,0,,306.82,1,0,1
B031,2022-05-09 02:00:00,0,614E1950,0,,537.03,1,0,1
B031,2022-05-09 02:00:00,1,614G2040,0.0746576026,,335.33,1,0,1
B031,2022-05-09 02:00:00,2,61402050,0.02060450722,,306.82,1,0,1
B031,2022-05-09 03:00:00,0,614E1950,0,,537.03,1,0,1
B031,2022-05-09 03:00:00,1,614G2040,0.1433962588,,335.33,1,0,1
B031,2022-05-09 03:00:00,2,61402050,0,,306.82,1,0,1
B031,2022-05-09 04:00:00,0,614E1950,0,,537.03,1,0,1
B031,2022-05-09 04:00:00,1,614G2040,0.04511601091,,335.33,1,0,1
B031,2022-05-09 04:00:00,2,61402050,0,,306.82,1,0,1
B031,2022-05-09 05:00:00,0,614E1950,0,,537.03,1,0,1
B031,2022-05-09 05:00:00,1,614G2040,0,,335.33,1,0,1
B031,2022-05-09 05:00:00,2,61402050,0,,306.82,1,0,1
B031,2022-05-09 06:00:00,0,614E1950,0,,537.03,1,0,1
B031,2022-05-09 06:00:00,1,614G2040,0.03487875514,,335.33,1,0,1
B031,2022-05-09 06:00:00,2,61402050,0.0004341390214,,306.82,1,0,1
B031,2022-05-09 07:00:00,0,614E1950,0.6169142536,,537.03,1,0,1
B031,2022-05-09 07:00:00,1,614G2040,1.422090721,,335.33,1,0,1
B031,2022-05-09 07:00:00,2,61402050,0.4649464257,,306.82,1,0,1
B031,2022-05-09 08:00:00,0,614E1950,0.01935769944,,537.02,1,0,1
B031,2022-05-09 08:00:00,1,614G2040,0.05336832767,,335.32,1,0,1
B031,2022-05-09 08:00:00,2,61402050,0.02421863381,2.82,306.82,1,1,1
B031,2022-05-09 09:00:00,0,614E1950,0,,537.03,1,0,1
B031,2022-05-09 09:00:00,1,614G2040,0,,335.32,1,0,1
B031,2022-05-09 09:00:00,2,61402050,0,,306.82,1,0,1
B031,2022-05-09 10:00:00,0,614E1950,0,,537.02,1,0,1
B031,2022-05-09 10:00:00,1,614G2040,0.1433962588,,335.32,1,0,1
B031,2022-05-09 10:00:00,2,61402050,0.04690213946,,306.82,1,0,1
B031,2022-05-09 11:00:00,0,614E1950,0,,537.02,1,0,1
B031,2022-05-09 11:00:00,1,614G2040,0.002883790284,,335.33,1,0,1
B031,2022-05-09 11:00:00,2,61402050,0.03441217649,,306.82,1,0,1
B031,2022-05-09 12:00:00,0,614E1950,0.004361812061,,537.02,1,0,1
B031,2022-05-09 12:00:00,1,614G2040,0.2229857748,,335.32,1,0,1
B031,2022-05-09 12:00:00,2,61402050,0.291992137,,306.82,1,0,1
B031,2022-05-09 13:00:00,0,614E1950,0.004361812061,,537.02,1,0,1
B031,2022-05-09 13:00:00,1,614G2040,0.05703151063,,335.32,1,0,1
B031,2022-05-09 13:00:00,2,61402050,0.1706890405,,306.82,1,0,1
B031,2022-05-09 14:00:00,0,614E1950,0.004361812061,,537.02,1,0,1
B031,2022-05-09 14:00:00,1,614G2040,0.2139214643,,335.33,1,0,1
B031,2022-05-09 14:00:00,2,61402050,0.04843726763,,306.82,1,0,1
B031,2022-05-09 15:00:00,0,614E1950,1.842648773,,537.02,1,0,1
B031,2022-05-09 15:00:00,1,614G2040,0.9345268581,,335.33,1,0,1
B031,2022-05-09 15:00:00,2,61402050,0.6297848024,,306.82,1,0,1
B031,2022-05-09 16:00:00,0,614E1950,2.566715437,,537.02,1,0,1
B031,2022-05-09 16:00:00,1,614G2040,5.6661061,,335.33,1,0,1
B031,2022-05-09 16:00:00,2,61402050,6.465118826,,306.82,1,0,1
B031,2022-05-09 17:00:00,0,614E1950,3.443116694,,537.03,1,0,1
B031,2022-05-09 17:00:00,1,614G2040,2.806549748,,335.33,1,0,1
B031,2022-05-09 17:00:00,2,61402050,3.847831841,,306.82,1,0,1
B031,2022-05-09 18:00:00,0,614E1950,5.142883887,,537.03,1,0,1
B031,2022-05-09 18:00:00,1,614G2040,9.176641332,,335.33,1,0,1
B031,2022-05-09 18:00:00,2,61402050,9.179157423,,,1,0,0
B031,2022-05-09 19:00:00,0,614E1950,5.001593032,,537.06,1,0,1
B031,2022-05-09 19:00:00,1,614G2040,6.822427524,,335.34,1,0,1
B031,2022-05-09 19:00:00,2,61402050,8.474504662,,306.83,1,0,1
B031,2022-05-09 20:00:00,0,614E1950,5.671642811,,537.08,1,0,1
B031,2022-05-09 20:00:00,1,614G2040,7.211434433,,335.34,1,0,1
B031,2022-05-09 20:00:00,2,61402050,8.209662807,,306.86,1,0,1
B031,2022-05-09 21:00:00,0,614E1950,5.715592951,,537.1,1,0,1
B031,2022-05-09 21:00:00,1,614G2040,5.748146069,,335.36,1,0,1
B031,2022-05-09 21:00:00,2,61402050,5.903979128,,306.92,1,0,1
B031,2022-05-09 22:00:00,0,614E1950,4.488173461,,537.13,1,0,1
B031,2022-05-09 22:00:00,1,614G2040,4.5697633,,335.35,1,0,1
B031,2022-05-09 22:00:00,2,61402050,5.282698201,,306.99,1,0,1
B031,2022-05-09 23:00:00,0,614E1950,4.042120873,,537.3,1,0,1
B031,2022-05-09 23:00:00,1,614G2040,4.184642121,,335.37,1,0,1
B031,2022-05-09 23:00:00,2,61402050,3.954553008,,307.08,1,0,1
B031,2022-05-10 00:00:00,0,614E1950,3.89224348,,537.38,1,0,1
B031,2022-05-10 00:00:00,1,614G2040,5.71961311,,335.36,1,0,1
B031,2022-05-10 00:00:00,2,61402050,5.927402187,,307.13,1,0,1
B031,2022-05-10 01:00:00,0,614E1950,2.491839413,,537.45,1,0,1
B031,2022-05-10 01:00:00,1,614G2040,2.493833573,,335.36,1,0,1
B031,2022-05-10 01:00:00,2,61402050,2.430548677,,307.15,1,0,1
B031,2022-05-10 02:00:00,0,614E1950,0.6006803584,,537.5,1,0,1
B031,2022-05-10 02:00:00,1,614G2040,0.8673017117,,335.37,1,0,1
B031,2022-05-10 02:00:00,2,61402050,1.289605255,,307.19,1,0,1
B031,2022-05-10 03:00:00,0,614E1950,0.08578329532,,537.51,1,0,1
B031,2022-05-10 03:00:00,1,614G2040,0.1973087899,,335.37,1,0,1
B031,2022-05-10 03:00:00,2,61402050,0.5001226932,,307.21,1,0,1
B031,2022-05-10 04:00:00,0,614E1950,0.12911787,,537.52,1,0,1
B031,2022-05-10 04:00:00,1,614G2040,0.1218971959,,335.37,1,0,1
B031,2022-05-10 04:00:00,2,61402050,0.1880581948,,307.22,1,0,1
B031,2022-05-10 05:00:00,0,614E1950,0.0520277539,,537.51,1,0,1
B031,2022-05-10 05:00:00,1,614G2040,0.2886867921,,335.37,1,0,1
B031,2022-05-10 05:00:00,2,61402050,0.1407467692,,307.22,1,0,1
B031,2022-05-10 06:00:00,0,614E1950,0.04131498739,,537.52,1,0,1
B031,2022-05-10 06:00:00,1,614G2040,0.01917339588,,335.37,1,0,1
B031,2022-05-10 06:00:00,2,61402050,0.04507434037,,307.21,1,0,1
B031,2022-05-10 07:00:00,0,614E1950,45.23993821,,537.51,1,0,1
B031,2022-05-10 07:00:00,1,614G2040,57.44780746,,335.36,1,0,1
B031,2022-05-10 07:00:00,2,61402050,66.59198675,,307.18,1,0,1
B031,2022-05-10 08:00:00,0,614E1950,0,,537.49,1,0,1
B031,2022-05-10 08:00:00,1,614G2040,0,,335.36,1,0,1
B031,2022-05-10 08:00:00,2,61402050,0,17,307.16,1,1,1
B031,2022-05-10 09:00:00,0,614E1950,0,,537.47,1,0,1
B031,2022-05-10 09:00:00,1,614G2040,0.00228388683,,335.36,1,0,1
B031,2022-05-10 09:00:00,2,61402050,0,,307.14,1,0,1
B031,2022-05-10 10:00:00,0,614E1950,0,,537.46,1,0,1
B031,2022-05-10 10:00:00,1,614G2040,0,,335.36,1,0,1
B031,2022-05-10 10:00:00,2,61402050,0.04690213946,,307.12,1,0,1
B031,2022-05-10 11:00:00,0,614E1950,0,,537.45,1,0,1
B031,2022-05-10 11:00:00,1,614G2040,0,,335.36,1,0,1
B031,2022-05-10 11:00:00,2,61402050,0,,307.1,1,0,1
B031,2022-05-10 12:00:00,0,614E1950,0,,537.42,1,0,1
B031,2022-05-10 12:00:00,1,614G2040,0,,335.36,1,0,1
B031,2022-05-10 12:00:00,2,61402050,0,,307.08,1,0,1
B031,2022-05-10 13:00:00,0,614E1950,0,,537.41,1,0,1
B031,2022-05-10 13:00:00,1,614G2040,0,,335.35,1,0,1
B031,2022-05-10 13:00:00,2,61402050,0,,307.07,1,0,1
B031,2022-05-10 14:00:00,0,614E1950,0,,537.4,1,0,1
B031,2022-05-10 14:00:00,1,614G2040,0,,335.35,1,0,1
B031,2022-05-10 14:00:00,2,61402050,0,,307.06,1,0,1
B031,2022-05-10 15:00:00,0,614E1950,0,,537.38,1,0,1
B031,2022-05-10 15:00:00,1,614G2040,0,,335.35,1,0,1
B031,2022-05-10 15:00:00,2,61402050,0,,307.05,1,0,1
B031,2022-05-10 16:00:00,0,614E1950,0,,537.37,1,0,1
B031,2022-05-10 16:00:00,1,614G2040,0,,335.35,1,0,1
B031,2022-05-10 16:00:00,2,61402050,0,,307.03,1,0,1
B031,2022-05-10 17:00:00,0,614E1950,0,,537.36,1,0,1
B031,2022-05-10 17:00:00,1,614G2040,0,,335.35,1,0,1
B031,2022-05-10 17:00:00,2,61402050,0,,307.03,1,0,1
B031,2022-05-10 18:00:00,0,614E1950,0,,537.35,1,0,1
B031,2022-05-10 18:00:00,1,614G2040,0,,335.35,1,0,1
B031,2022-05-10 18:00:00,2,61402050,0,,307.02,1,0,1
B031,2022-05-10 19:00:00,0,614E1950,0,,537.34,1,0,1
B031,2022-05-10 19:00:00,1,614G2040,0,,335.35,1,0,1
B031,2022-05-10 19:00:00,2,61402050,0,,307.01,1,0,1
B031,2022-05-10 20:00:00,0,614E1950,0,,537.33,1,0,1
B031,2022-05-10 20:00:00,1,614G2040,0,,335.35,1,0,1
B031,2022-05-10 20:00:00,2,61402050,0,,307,1,0,1
B031,2022-05-10 21:00:00,0,614E1950,0,,537.33,1,0,1
B031,2022-05-10 21:00:00,1,614G2040,0,,335.36,1,0,1
B031,2022-05-10 21:00:00,2,61402050,0,,306.99,1,0,1
B031,2022-05-10 22:00:00,0,614E1950,0,,537.31,1,0,1
B031,2022-05-10 22:00:00,1,614G2040,0,,335.34,1,0,1
B031,2022-05-10 22:00:00,2,61402050,0,,306.99,1,0,1
B031,2022-05-10 23:00:00,0,614E1950,0,,537.31,1,0,1
B031,2022-05-10 23:00:00,1,614G2040,0,,335.35,1,0,1
B031,2022-05-10 23:00:00,2,61402050,0,,306.98,1,0,1
B031,2022-05-11 00:00:00,0,614E1950,0,,537.3,1,0,1
B031,2022-05-11 00:00:00,1,614G2040,0,,335.35,1,0,1
B031,2022-05-11 00:00:00,2,61402050,0,,306.98,1,0,1
B031,2022-05-11 01:00:00,0,614E1950,0,,537.3,1,0,1
B031,2022-05-11 01:00:00,1,614G2040,0,,335.34,1,0,1
B031,2022-05-11 01:00:00,2,61402050,0,,306.98,1,0,1
B031,2022-05-11 02:00:00,0,614E1950,0,,537.29,1,0,1
B031,2022-05-11 02:00:00,1,614G2040,0,,335.34,1,0,1
B031,2022-05-11 02:00:00,2,61402050,0,,306.97,1,0,1
B031,2022-05-11 03:00:00,0,614E1950,0,,537.28,1,0,1
B031,2022-05-11 03:00:00,1,614G2040,0,,335.34,1,0,1
B031,2022-05-11 03:00:00,2,61402050,0,,306.96,1,0,1
B031,2022-05-11 04:00:00,0,614E1950,0,,537.28,1,0,1
B031,2022-05-11 04:00:00,1,614G2040,0,,335.35,1,0,1
B031,2022-05-11 04:00:00,2,61402050,0,,306.96,1,0,1
B031,2022-05-11 05:00:00,0,614E1950,0,,537.27,1,0,1
B031,2022-05-11 05:00:00,1,614G2040,0,,335.34,1,0,1
B031,2022-05-11 05:00:00,2,61402050,0,,306.95,1,0,1
B031,2022-05-11 06:00:00,0,614E1950,0,,537.27,1,0,1
B031,2022-05-11 06:00:00,1,614G2040,0,,335.35,1,0,1
B031,2022-05-11 06:00:00,2,61402050,0,,306.95,1,0,1
B031,2022-05-11 07:00:00,0,614E1950,0,,537.26,1,0,1
B031,2022-05-11 07:00:00,1,614G2040,0.00228388683,,335.35,1,0,1
B031,2022-05-11 07:00:00,2,61402050,0.07003657097,,306.95,1,0,1
B031,2022-05-11 08:00:00,0,614E1950,0,,537.26,1,0,1
B031,2022-05-11 08:00:00,1,614G2040,0,,335.34,1,0,1
B031,2022-05-11 08:00:00,2,61402050,0,6.61,306.95,1,1,1
B031,2022-05-11 09:00:00,0,614E1950,0,,537.25,1,0,1
B031,2022-05-11 09:00:00,1,614G2040,0,,335.34,1,0,1
B031,2022-05-11 09:00:00,2,61402050,0,,306.94,1,0,1
B031,2022-05-11 10:00:00,0,614E1950,0,,537.25,1,0,1
B031,2022-05-11 10:00:00,1,614G2040,0,,335.34,1,0,1
B031,2022-05-11 10:00:00,2,61402050,0,,306.94,1,0,1
B031,2022-05-11 11:00:00,0,614E1950,0,,537.24,1,0,1
B031,2022-05-11 11:00:00,1,614G2040,0,,335.34,1,0,1
B031,2022-05-11 11:00:00,2,61402050,0,,306.93,1,0,1
B031,2022-05-11 12:00:00,0,614E1950,0,,537.24,1,0,1
B031,2022-05-11 12:00:00,1,614G2040,0,,335.34,1,0,1
B031,2022-05-11 12:00:00,2,61402050,0,,306.93,1,0,1
B031,2022-05-11 13:00:00,0,614E1950,0,,537.24,1,0,1
B031,2022-05-11 13:00:00,1,614G2040,0,,335.34,1,0,1
B031,2022-05-11 13:00:00,2,61402050,0,,306.93,1,0,1
B031,2022-05-11 14:00:00,0,614E1950,0,,,1,0,0
B031,2022-05-11 14:00:00,1,614G2040,0,,335.34,1,0,1
B031,2022-05-11 14:00:00,2,61402050,0,,306.93,1,0,1
B031,2022-05-11 15:00:00,0,614E1950,0,,537.23,1,0,1
B031,2022-05-11 15:00:00,1,614G2040,0,,335.34,1,0,1
B031,2022-05-11 15:00:00,2,61402050,0,,306.92,1,0,1
B031,2022-05-11 16:00:00,0,614E1950,0,,537.22,1,0,1
B031,2022-05-11 16:00:00,1,614G2040,0,,335.34,1,0,1
B031,2022-05-11 16:00:00,2,61402050,0,,306.92,1,0,1
B031,2022-05-11 17:00:00,0,614E1950,0.2523055776,,,1,0,0
B031,2022-05-11 17:00:00,1,614G2040,0.05902966088,,335.34,1,0,1
B031,2022-05-11 17:00:00,2,61402050,0,,306.92,1,0,1
B031,2022-05-11 18:00:00,0,614E1950,0,,,1,0,0
B031,2022-05-11 18:00:00,1,614G2040,0,,335.34,1,0,1
B031,2022-05-11 18:00:00,2,61402050,0,,306.92,1,0,1
B031,2022-05-11 19:00:00,0,614E1950,0,,,1,0,0
B031,2022-05-11 19:00:00,1,614G2040,0,,335.34,1,0,1
B031,2022-05-11 19:00:00,2,61402050,0,,306.92,1,0,1
B031,2022-05-11 20:00:00,0,614E1950,0,,537.21,1,0,1
B031,2022-05-11 20:00:00,1,614G2040,0,,335.35,1,0,1
B031,2022-05-11 20:00:00,2,61402050,0,,306.91,1,0,1
B031,2022-05-11 21:00:00,0,614E1950,0,,537.21,1,0,1
B031,2022-05-11 21:00:00,1,614G2040,0,,335.34,1,0,1
B031,2022-05-11 21:00:00,2,61402050,0,,306.91,1,0,1
B031,2022-05-11 22:00:00,0,614E1950,0,,537.21,1,0,1
B031,2022-05-11 22:00:00,1,614G2040,0,,335.34,1,0,1
B031,2022-05-11 22:00:00,2,61402050,0,,306.91,1,0,1
B031,2022-05-11 23:00:00,0,614E1950,0,,537.2,1,0,1
B031,2022-05-11 23:00:00,1,614G2040,0,,335.34,1,0,1
B031,2022-05-11 23:00:00,2,61402050,0,,306.91,1,0,1
B031,2022-05-12 00:00:00,0,614E1950,0,,537.2,1,0,1
B031,2022-05-12 00:00:00,1,614G2040,0,,335.34,1,0,1
B031,2022-05-12 00:00:00,2,61402050,0,,306.9,1,0,1
B031,2022-05-12 01:00:00,0,614E1950,0,,537.2,1,0,1
B031,2022-05-12 01:00:00,1,614G2040,0,,335.34,1,0,1
B031,2022-05-12 01:00:00,2,61402050,0,,306.9,1,0,1
B031,2022-05-12 02:00:00,0,614E1950,0,,537.2,1,0,1
B031,2022-05-12 02:00:00,1,614G2040,0,,335.34,1,0,1
B031,2022-05-12 02:00:00,2,61402050,0,,306.9,1,0,1
B031,2022-05-12 03:00:00,0,614E1950,0,,537.19,1,0,1
B031,2022-05-12 03:00:00,1,614G2040,0,,335.34,1,0,1
B031,2022-05-12 03:00:00,2,61402050,0,,306.9,1,0,1
B031,2022-05-12 04:00:00,0,614E1950,0,,537.19,1,0,1
B031,2022-05-12 04:00:00,1,614G2040,0,,335.34,1,0,1
B031,2022-05-12 04:00:00,2,61402050,0,,306.9,1,0,1
B031,2022-05-12 05:00:00,0,614E1950,0,,537.19,1,0,1
B031,2022-05-12 05:00:00,1,614G2040,0,,335.34,1,0,1
B031,2022-05-12 05:00:00,2,61402050,0,,306.9,1,0,1
B031,2022-05-12 06:00:00,0,614E1950,0,,537.19,1,0,1
B031,2022-05-12 06:00:00,1,614G2040,0,,335.34,1,0,1
B031,2022-05-12 06:00:00,2,61402050,0,,306.9,1,0,1
B031,2022-05-12 07:00:00,0,614E1950,0.2523055776,,537.18,1,0,1
B031,2022-05-12 07:00:00,1,614G2040,0.2805248303,,335.34,1,0,1
B031,2022-05-12 07:00:00,2,61402050,0.03169416564,,306.9,1,0,1
B031,2022-05-12 08:00:00,0,614E1950,0,,537.18,1,0,1
B031,2022-05-12 08:00:00,1,614G2040,0,,335.34,1,0,1
B031,2022-05-12 08:00:00,2,61402050,0,4.89,306.9,1,1,1
B031,2022-05-12 09:00:00,0,614E1950,0,,537.18,1,0,1
B031,2022-05-12 09:00:00,1,614G2040,0,,335.34,1,0,1
B031,2022-05-12 09:00:00,2,61402050,0,,306.89,1,0,1
B031,2022-05-12 10:00:00,0,614E1950,0,,537.18,1,0,1
B031,2022-05-12 10:00:00,1,614G2040,0,,335.34,1,0,1
B031,2022-05-12 10:00:00,2,61402050,0,,306.89,1,0,1
B031,2022-05-12 11:00:00,0,614E1950,0,,537.17,1,0,1
B031,2022-05-12 11:00:00,1,614G2040,0,,335.35,1,0,1
B031,2022-05-12 11:00:00,2,61402050,0,,306.89,1,0,1
B031,2022-06-15 16:00:00,0,614E1950,0,,537,1,0,1
B031,2022-06-15 16:00:00,1,614G2040,0,,335.11,1,0,1
B031,2022-06-15 16:00:00,2,61402050,0,,306.68,1,0,1
B031,2022-06-15 17:00:00,0,614E1950,0,,537,1,0,1
B031,2022-06-15 17:00:00,1,614G2040,0,,335.09,1,0,1
B031,2022-06-15 17:00:00,2,61402050,0,,306.68,1,0,1
B031,2022-06-15 18:00:00,0,614E1950,0,,537,1,0,1
B031,2022-06-15 18:00:00,1,614G2040,0,,335.09,1,0,1
B031,2022-06-15 18:00:00,2,61402050,0,,306.68,1,0,1
B031,2022-06-15 19:00:00,0,614E1950,0,,537,1,0,1
B031,2022-06-15 19:00:00,1,614G2040,0,,335.08,1,0,1
B031,2022-06-15 19:00:00,2,61402050,0,,306.68,1,0,1
B031,2022-06-15 20:00:00,0,614E1950,0,,537,1,0,1
B031,2022-06-15 20:00:00,1,614G2040,0,,335.08,1,0,1
B031,2022-06-15 20:00:00,2,61402050,0,,306.68,1,0,1
B031,2022-06-15 21:00:00,0,614E1950,0,,537,1,0,1
B031,2022-06-15 21:00:00,1,614G2040,0,,335.08,1,0,1
B031,2022-06-15 21:00:00,2,61402050,0,,306.68,1,0,1
B031,2022-06-15 22:00:00,0,614E1950,0,,537,1,0,1
B031,2022-06-15 22:00:00,1,614G2040,0,,335.07,1,0,1
B031,2022-06-15 22:00:00,2,61402050,0,,306.68,1,0,1
B031,2022-06-15 23:00:00,0,614E1950,0,,536.99,1,0,1
B031,2022-06-15 23:00:00,1,614G2040,0,,335.07,1,0,1
B031,2022-06-15 23:00:00,2,61402050,0,,306.68,1,0,1
B031,2022-06-16 00:00:00,0,614E1950,0,,536.99,1,0,1
B031,2022-06-16 00:00:00,1,614G2040,0,,335.07,1,0,1
B031,2022-06-16 00:00:00,2,61402050,0,,306.68,1,0,1
B031,2022-06-16 01:00:00,0,614E1950,0,,536.99,1,0,1
B031,2022-06-16 01:00:00,1,614G2040,0,,335.07,1,0,1
B031,2022-06-16 01:00:00,2,61402050,0,,306.68,1,0,1
B031,2022-06-16 02:00:00,0,614E1950,0,,536.99,1,0,1
B031,2022-06-16 02:00:00,1,614G2040,0,,335.07,1,0,1
B031,2022-06-16 02:00:00,2,61402050,0,,306.68,1,0,1
B031,2022-06-16 03:00:00,0,614E1950,0,,536.99,1,0,1
B031,2022-06-16 03:00:00,1,614G2040,0,,335.07,1,0,1
B031,2022-06-16 03:00:00,2,61402050,0,,306.68,1,0,1
B031,2022-06-16 04:00:00,0,614E1950,0,,536.99,1,0,1
B031,2022-06-16 04:00:00,1,614G2040,0,,335.06,1,0,1
B031,2022-06-16 04:00:00,2,61402050,0,,306.68,1,0,1
B031,2022-06-16 05:00:00,0,614E1950,0,,536.99,1,0,1
B031,2022-06-16 05:00:00,1,614G2040,0,,335.06,1,0,1
B031,2022-06-16 05:00:00,2,61402050,0,,306.68,1,0,1
B031,2022-06-16 06:00:00,0,614E1950,0,,,1,0,0
B031,2022-06-16 06:00:00,1,614G2040,0,,335.07,1,0,1
B031,2022-06-16 06:00:00,2,61402050,0,,306.68,1,0,1
B031,2022-06-16 07:00:00,0,614E1950,0,,536.99,1,0,1
B031,2022-06-16 07:00:00,1,614G2040,0,,335.06,1,0,1
B031,2022-06-16 07:00:00,2,61402050,0,,306.68,1,0,1
B031,2022-06-16 08:00:00,0,614E1950,0,,536.99,1,0,1
B031,2022-06-16 08:00:00,1,614G2040,0,,335.05,1,0,1
B031,2022-06-16 08:00:00,2,61402050,0,1.01,306.68,1,1,1
B031,2022-06-16 09:00:00,0,614E1950,0,,536.99,1,0,1
B031,2022-06-16 09:00:00,1,614G2040,0,,335.06,1,0,1
B031,2022-06-16 09:00:00,2,61402050,0,,306.67,1,0,1
B031,2022-06-16 10:00:00,0,614E1950,0,,536.99,1,0,1
B031,2022-06-16 10:00:00,1,614G2040,0,,335.06,1,0,1
B031,2022-06-16 10:00:00,2,61402050,0,,306.67,1,0,1
B031,2022-06-16 11:00:00,0,614E1950,0,,536.99,1,0,1
B031,2022-06-16 11:00:00,1,614G2040,0,,335.08,1,0,1
B031,2022-06-16 11:00:00,2,61402050,0,,306.67,1,0,1
B031,2022-06-16 12:00:00,0,614E1950,0,,536.99,1,0,1
B031,2022-06-16 12:00:00,1,614G2040,0,,335.07,1,0,1
B031,2022-06-16 12:00:00,2,61402050,0,,306.67,1,0,1
B031,2022-06-16 13:00:00,0,614E1950,0,,536.99,1,0,1
B031,2022-06-16 13:00:00,1,614G2040,0,,335.08,1,0,1
B031,2022-06-16 13:00:00,2,61402050,0,,306.67,1,0,1
B031,2022-06-16 14:00:00,0,614E1950,0,,536.99,1,0,1
B031,2022-06-16 14:00:00,1,614G2040,0,,335.08,1,0,1
B031,2022-06-16 14:00:00,2,61402050,0,,306.67,1,0,1
B031,2022-06-16 15:00:00,0,614E1950,0,,536.98,1,0,1
B031,2022-06-16 15:00:00,1,614G2040,0,,335.1,1,0,1
B031,2022-06-16 15:00:00,2,61402050,0,,306.67,1,0,1
B031,2022-06-16 16:00:00,0,614E1950,0,,536.99,1,0,1
B031,2022-06-16 16:00:00,1,614G2040,0,,335.12,1,0,1
B031,2022-06-16 16:00:00,2,61402050,0,,306.67,1,0,1
B031,2022-06-16 17:00:00,0,614E1950,0,,536.98,1,0,1
B031,2022-06-16 17:00:00,1,614G2040,0,,335.08,1,0,1
B031,2022-06-16 17:00:00,2,61402050,0,,306.67,1,0,1
B031,2022-06-16 18:00:00,0,614E1950,0,,536.98,1,0,1
B031,2022-06-16 18:00:00,1,614G2040,0,,335.08,1,0,1
B031,2022-06-16 18:00:00,2,61402050,0,,306.67,1,0,1
B031,2022-06-16 19:00:00,0,614E1950,0,,536.98,1,0,1
B031,2022-06-16 19:00:00,1,614G2040,0,,335.08,1,0,1
B031,2022-06-16 19:00:00,2,61402050,0,,306.67,1,0,1
B031,2022-06-16 20:00:00,0,614E1950,0,,536.98,1,0,1
B031,2022-06-16 20:00:00,1,614G2040,0,,335.07,1,0,1
B031,2022-06-16 20:00:00,2,61402050,0,,306.67,1,0,1
B031,2022-06-16 21:00:00,0,614E1950,0,,536.98,1,0,1
B031,2022-06-16 21:00:00,1,614G2040,0,,335.07,1,0,1
B031,2022-06-16 21:00:00,2,61402050,0,,306.67,1,0,1
B031,2022-06-16 22:00:00,0,614E1950,0,,536.98,1,0,1
B031,2022-06-16 22:00:00,1,614G2040,0,,335.08,1,0,1
B031,2022-06-16 22:00:00,2,61402050,0,,306.67,1,0,1
B031,2022-06-16 23:00:00,0,614E1950,0,,536.98,1,0,1
B031,2022-06-16 23:00:00,1,614G2040,0,,335.08,1,0,1
B031,2022-06-16 23:00:00,2,61402050,0,,306.67,1,0,1
B031,2022-06-17 00:00:00,0,614E1950,0,,536.98,1,0,1
B031,2022-06-17 00:00:00,1,614G2040,0,,335.06,1,0,1
B031,2022-06-17 00:00:00,2,61402050,0,,306.67,1,0,1
B031,2022-06-17 01:00:00,0,614E1950,0,,536.98,1,0,1
B031,2022-06-17 01:00:00,1,614G2040,0,,335.07,1,0,1
B031,2022-06-17 01:00:00,2,61402050,0,,306.67,1,0,1
B031,2022-06-17 02:00:00,0,614E1950,0,,536.98,1,0,1
B031,2022-06-17 02:00:00,1,614G2040,0,,335.06,1,0,1
B031,2022-06-17 02:00:00,2,61402050,0,,306.67,1,0,1
B031,2022-06-17 03:00:00,0,614E1950,0,,536.98,1,0,1
B031,2022-06-17 03:00:00,1,614G2040,0,,335.07,1,0,1
B031,2022-06-17 03:00:00,2,61402050,0,,306.67,1,0,1
B031,2022-06-17 04:00:00,0,614E1950,0,,536.98,1,0,1
B031,2022-06-17 04:00:00,1,614G2040,0,,335.06,1,0,1
B031,2022-06-17 04:00:00,2,61402050,0,,306.67,1,0,1
B031,2022-06-17 05:00:00,0,614E1950,0,,536.98,1,0,1
B031,2022-06-17 05:00:00,1,614G2040,0,,335.06,1,0,1
B031,2022-06-17 05:00:00,2,61402050,0,,306.67,1,0,1
B031,2022-06-17 06:00:00,0,614E1950,0,,536.98,1,0,1
B031,2022-06-17 06:00:00,1,614G2040,0,,335.06,1,0,1
B031,2022-06-17 06:00:00,2,61402050,0,,306.67,1,0,1
B031,2022-06-17 07:00:00,0,614E1950,0,,536.98,1,0,1
B031,2022-06-17 07:00:00,1,614G2040,0,,335.05,1,0,1
B031,2022-06-17 07:00:00,2,61402050,0,,306.67,1,0,1
B031,2022-06-17 08:00:00,0,614E1950,0,,536.98,1,0,1
B031,2022-06-17 08:00:00,1,614G2040,0,,335.05,1,0,1
B031,2022-06-17 08:00:00,2,61402050,0,0.941,306.67,1,1,1
B031,2022-06-17 09:00:00,0,614E1950,0,,536.98,1,0,1
B031,2022-06-17 09:00:00,1,614G2040,0,,335.06,1,0,1
B031,2022-06-17 09:00:00,2,61402050,0,,306.67,1,0,1
B031,2022-06-17 10:00:00,0,614E1950,0,,536.98,1,0,1
B031,2022-06-17 10:00:00,1,614G2040,0,,335.05,1,0,1
B031,2022-06-17 10:00:00,2,61402050,0,,306.66,1,0,1
B031,2022-06-17 11:00:00,0,614E1950,0,,536.98,1,0,1
B031,2022-06-17 11:00:00,1,614G2040,0,,335.06,1,0,1
B031,2022-06-17 11:00:00,2,61402050,0,,306.66,1,0,1
B031,2022-06-17 12:00:00,0,614E1950,0,,536.98,1,0,1
B031,2022-06-17 12:00:00,1,614G2040,0,,335.06,1,0,1
B031,2022-06-17 12:00:00,2,61402050,0,,306.66,1,0,1
B031,2022-06-17 13:00:00,0,614E1950,0,,536.98,1,0,1
B031,2022-06-17 13:00:00,1,614G2040,0,,335.07,1,0,1
B031,2022-06-17 13:00:00,2,61402050,0,,306.66,1,0,1
B031,2022-06-17 14:00:00,0,614E1950,0,,536.98,1,0,1
B031,2022-06-17 14:00:00,1,614G2040,0,,335.07,1,0,1
B031,2022-06-17 14:00:00,2,61402050,0,,306.66,1,0,1
B031,2022-06-17 15:00:00,0,614E1950,0,,536.98,1,0,1
B031,2022-06-17 15:00:00,1,614G2040,0,,335.08,1,0,1
B031,2022-06-17 15:00:00,2,61402050,0,,306.66,1,0,1
B031,2022-06-17 16:00:00,0,614E1950,0.1029600887,,536.98,1,0,1
B031,2022-06-17 16:00:00,1,614G2040,0.05714266598,,335.08,1,0,1
B031,2022-06-17 16:00:00,2,61402050,0.02421863381,,306.66,1,0,1
B031,2022-06-17 17:00:00,0,614E1950,0.08044906875,,536.98,1,0,1
B031,2022-06-17 17:00:00,1,614G2040,0.02140109821,,335.09,1,0,1
B031,2022-06-17 17:00:00,2,61402050,0.07201219957,,306.66,1,0,1
B031,2022-06-17 18:00:00,0,614E1950,0.1101165921,,536.98,1,0,1
B031,2022-06-17 18:00:00,1,614G2040,0.07052520551,,335.07,1,0,1
B031,2022-06-17 18:00:00,2,61402050,0.05011753309,,306.66,1,0,1
B031,2022-06-17 19:00:00,0,614E1950,0.06197734541,,536.98,1,0,1
B031,2022-06-17 19:00:00,1,614G2040,0.09778894852,,335.07,1,0,1
B031,2022-06-17 19:00:00,2,61402050,0.1118811539,,306.66,1,0,1
B031,2022-06-17 20:00:00,0,614E1950,0.01682037184,,536.98,1,0,1
B031,2022-06-17 20:00:00,1,614G2040,0.02877720301,,335.07,1,0,1
B031,2022-06-17 20:00:00,2,61402050,0,,306.66,1,0,1
B031,2022-06-17 21:00:00,0,614E1950,0.0162061042,,536.98,1,0,1
B031,2022-06-17 21:00:00,1,614G2040,0,,335.06,1,0,1
B031,2022-06-17 21:00:00,2,61402050,0.01856953027,,306.66,1,0,1
B031,2022-06-17 22:00:00,0,614E1950,0.2118925738,,536.98,1,0,1
B031,2022-06-17 22:00:00,1,614G2040,0.1664826971,,335.06,1,0,1
B031,2022-06-17 22:00:00,2,61402050,0.0004457131451,,306.66,1,0,1
B031,2022-06-17 23:00:00,0,614E1950,0.1026036672,,536.98,1,0,1
B031,2022-06-17 23:00:00,1,614G2040,0.06781414407,,335.08,1,0,1
B031,2022-06-17 23:00:00,2,61402050,0.02421863381,,306.66,1,0,1
B031,2022-06-18 00:00:00,0,614E1950,0,,536.98,1,0,1
B031,2022-06-18 00:00:00,1,614G2040,0.00228388683,,335.07,1,0,1
B031,2022-06-18 00:00:00,2,61402050,0,,306.66,1,0,1
B031,2022-06-18 01:00:00,0,614E1950,0,,536.98,1,0,1
B031,2022-06-18 01:00:00,1,614G2040,0,,335.06,1,0,1
B031,2022-06-18 01:00:00,2,61402050,0,,306.66,1,0,1
B031,2022-06-18 02:00:00,0,614E1950,0,,536.98,1,0,1
B031,2022-06-18 02:00:00,1,614G2040,0,,335.06,1,0,1
B031,2022-06-18 02:00:00,2,61402050,0,,306.66,1,0,1
B031,2022-06-18 03:00:00,0,614E1950,0,,536.98,1,0,1
B031,2022-06-18 03:00:00,1,614G2040,0,,335.06,1,0,1
B031,2022-06-18 03:00:00,2,61402050,0,,306.66,1,0,1
B031,2022-06-18 04:00:00,0,614E1950,0.2441574853,,536.98,1,0,1
B031,2022-06-18 04:00:00,1,614G2040,0,,335.06,1,0,1
B031,2022-06-18 04:00:00,2,61402050,0.02872514517,,306.66,1,0,1
B031,2022-06-18 05:00:00,0,614E1950,1.970760943,,536.98,1,0,1
B031,2022-06-18 05:00:00,1,614G2040,1.95908201,,335.07,1,0,1
B031,2022-06-18 05:00:00,2,61402050,0.8758182982,,306.66,1,0,1
B031,2022-06-18 06:00:00,0,614E1950,0.04131498739,,536.98,1,0,1
B031,2022-06-18 06:00:00,1,614G2040,0.1955125072,,335.06,1,0,1
B031,2022-06-18 06:00:00,2,61402050,1.142136182,,306.66,1,0,1
B031,2022-06-18 07:00:00,0,614E1950,2.959259228,,536.98,1,0,1
B031,2022-06-18 07:00:00,1,614G2040,2.658138632,,335.06,1,0,1
B031,2022-06-18 07:00:00,2,61402050,2.4409962,,306.66,1,0,1
B031,2022-06-18 08:00:00,0,614E1950,0,,536.98,1,0,1
B031,2022-06-18 08:00:00,1,614G2040,0.00228388683,,335.05,1,0,1
B031,2022-06-18 08:00:00,2,61402050,0,0.882,306.66,1,1,1
B031,2022-06-18 09:00:00,0,614E1950,0,,536.98,1,0,1
B031,2022-06-18 09:00:00,1,614G2040,0,,335.1,1,0,1
B031,2022-06-18 09:00:00,2,61402050,0,,306.66,1,0,1
B031,2022-06-18 10:00:00,0,614E1950,0,,536.98,1,0,1
B031,2022-06-18 10:00:00,1,614G2040,0,,335.13,1,0,1
B031,2022-06-18 10:00:00,2,61402050,0,,306.66,1,0,1
B031,2022-06-18 11:00:00,0,614E1950,0,,536.98,1,0,1
B031,2022-06-18 11:00:00,1,614G2040,0,,335.14,1,0,1
B031,2022-06-18 11:00:00,2,61402050,0,,306.66,1,0,1
B031,2022-06-18 12:00:00,0,614E1950,0,,536.98,1,0,1
B031,2022-06-18 12:00:00,1,614G2040,0,,335.15,1,0,1
B031,2022-06-18 12:00:00,2,61402050,0,,306.66,1,0,1
B031,2022-06-18 13:00:00,0,614E1950,0,,536.98,1,0,1
B031,2022-06-18 13:00:00,1,614G2040,0,,335.15,1,0,1
B031,2022-06-18 13:00:00,2,61402050,0.01856953027,,306.66,1,0,1
B031,2022-06-18 14:00:00,0,614E1950,0.01682037184,,536.98,1,0,1
B031,2022-06-18 14:00:00,1,614G2040,0.003935310725,,335.16,1,0,1
B031,2022-06-18 14:00:00,2,61402050,0,,306.67,1,0,1
B031,2022-06-18 15:00:00,0,614E1950,0.01717679341,,536.98,1,0,1
B031,2022-06-18 15:00:00,1,614G2040,0.01810572492,,335.16,1,0,1
B031,2022-06-18 15:00:00,2,61402050,0,,306.67,1,0,1
B031,2022-06-18 16:00:00,0,614E1950,0,,536.98,1,0,1
B031,2022-06-18 16:00:00,1,614G2040,0.00228388683,,335.16,1,0,1
B031,2022-06-18 16:00:00,2,61402050,0,,306.67,1,0,1
B031,2022-06-18 17:00:00,0,614E1950,0,,536.98,1,0,1
B031,2022-06-18 17:00:00,1,614G2040,0,,335.15,1,0,1
B031,2022-06-18 17:00:00,2,61402050,0,,306.67,1,0,1
B031,2022-06-18 18:00:00,0,614E1950,0.7491611539,,536.98,1,0,1
B031,2022-06-18 18:00:00,1,614G2040,0.01847217786,,335.16,1,0,1
B031,2022-06-18 18:00:00,2,61402050,0.4588282518,,306.67,1,0,1
B031,2022-06-18 19:00:00,0,614E1950,0.6740917486,,536.98,1,0,1
B031,2022-06-18 19:00:00,1,614G2040,0.5627095301,,335.16,1,0,1
B031,2022-06-18 19:00:00,2,61402050,8.089820607,,306.67,1,0,1
B031,2022-06-18 20:00:00,0,614E1950,0.6475157179,,536.98,1,0,1
B031,2022-06-18 20:00:00,1,614G2040,0.1918351381,,335.16,1,0,1
B031,2022-06-18 20:00:00,2,61402050,0.9920165856,,306.67,1,0,1
B031,2022-06-18 21:00:00,0,614E1950,0.2659539368,,536.98,1,0,1
B031,2022-06-18 21:00:00,1,614G2040,0.2527916848,,335.15,1,0,1
B031,2022-06-18 21:00:00,2,61402050,0.08772713467,,306.69,1,0,1
B031,2022-06-18 22:00:00,0,614E1950,0.04462741904,,536.98,1,0,1
B031,2022-06-18 22:00:00,1,614G2040,0.00228388683,,335.16,1,0,1
B031,2022-06-18 22:00:00,2,61402050,0.01856953027,,306.69,1,0,1
B031,2022-06-18 23:00:00,0,614E1950,0.4230499014,,536.98,1,0,1
B031,2022-06-18 23:00:00,1,614G2040,0.09096854395,,335.17,1,0,1
B031,2022-06-18 23:00:00,2,61402050,0.1782003722,,306.69,1,0,1
B031,2022-06-19 00:00:00,0,614E1950,0.751338674,,536.99,1,0,1
B031,2022-06-19 00:00:00,1,614G2040,0.8063514013,,335.16,1,0,1
B031,2022-06-19 00:00:00,2,61402050,0.3815692637,,306.69,1,0,1
B031,2022-06-19 01:00:00,0,614E1950,0.4260809513,,536.99,1,0,1
B031,2022-06-19 01:00:00,1,614G2040,0.7178952423,,335.16,1,0,1
B031,2022-06-19 01:00:00,2,61402050,1.234276958,,306.69,1,0,1
B031,2022-06-19 02:00:00,0,614E1950,0.02231370952,,536.99,1,0,1
B031,2022-06-19 02:00:00,1,614G2040,0.01134819741,,335.15,1,0,1
B031,2022-06-19 02:00:00,2,61402050,0.1222517729,,306.69,1,0,1
B031,2022-06-19 03:00:00,0,614E1950,0.03949050293,,536.99,1,0,1
B031,2022-06-19 03:00:00,1,614G2040,0.05436705135,,335.15,1,0,1
B031,2022-06-19 03:00:00,2,61402050,0.009148359047,,306.69,1,0,1
B031,2022-06-19 04:00:00,0,614E1950,0.002180906031,,536.99,1,0,1
B031,2022-06-19 04:00:00,1,614G2040,0.01828521414,,335.16,1,0,1
B031,2022-06-19 04:00:00,2,61402050,0.1059786629,,306.69,1,0,1
B031,2022-06-19 05:00:00,0,614E1950,0.01682037184,,536.98,1,0,1
B031,2022-06-19 05:00:00,1,614G2040,0.02649331618,,335.15,1,0,1
B031,2022-06-19 05:00:00,2,61402050,0,,306.69,1,0,1
B031,2022-06-19 06:00:00,0,614E1950,0,,536.99,1,0,1
B031,2022-06-19 06:00:00,1,614G2040,0,,335.15,1,0,1
B031,2022-06-19 06:00:00,2,61402050,0,,306.69,1,0,1
B031,2022-06-19 07:00:00,0,614E1950,4.096622159,,536.98,1,0,1
B031,2022-06-19 07:00:00,1,614G2040,3.059434199,,335.15,1,0,1
B031,2022-06-19 07:00:00,2,61402050,11.75493402,,306.69,1,0,1
B031,2022-06-19 08:00:00,0,614E1950,0,,536.99,1,0,1
B031,2022-06-19 08:00:00,1,614G2040,0,,335.14,1,0,1
B031,2022-06-19 08:00:00,2,61402050,0,1.08,306.69,1,1,1
B031,2022-06-19 09:00:00,0,614E1950,0.0162061042,,536.98,1,0,1
B031,2022-06-19 09:00:00,1,614G2040,0,,335.15,1,0,1
B031,2022-06-19 09:00:00,2,61402050,0,,306.69,1,0,1
B031,2022-06-19 10:00:00,0,614E1950,0,,536.99,1,0,1
B031,2022-06-19 10:00:00,1,614G2040,0.005767580568,,335.14,1,0,1
B031,2022-06-19 10:00:00,2,61402050,0.1157264924,,306.69,1,0,1
B031,2022-06-19 11:00:00,0,614E1950,0,,536.98,1,0,1
B031,2022-06-19 11:00:00,1,614G2040,0.005767580568,,335.14,1,0,1
B031,2022-06-19 11:00:00,2,61402050,0.1617948403,,306.69,1,0,1
B031,2022-06-19 12:00:00,0,614E1950,1.070412041,,536.99,1,0,1
B031,2022-06-19 12:00:00,1,614G2040,0.002883790284,,335.14,1,0,1
B031,2022-06-19 12:00:00,2,61402050,0.8380656427,,306.69,1,0,1
B031,2022-06-19 13:00:00,0,614E1950,10.23461589,,536.98,1,0,1
B031,2022-06-19 13:00:00,1,614G2040,14.64289397,,335.14,1,0,1
B031,2022-06-19 13:00:00,2,61402050,19.74358364,,306.7,1,0,1
B031,2022-06-19 14:00:00,0,614E1950,3.882491908,,537.02,1,0,1
B031,2022-06-19 14:00:00,1,614G2040,4.659637442,,335.18,1,0,1
B031,2022-06-19 14:00:00,2,61402050,4.065976041,,,1,0,0
B031,2022-06-19 15:00:00,0,614E1950,0.2145404506,,537.08,1,0,1
B031,2022-06-19 15:00:00,1,614G2040,0.05095905062,,335.15,1,0,1
B031,2022-06-19 15:00:00,2,61402050,0.2122884416,,306.82,1,0,1
B031,2022-06-19 16:00:00,0,614E1950,0.0162061042,,537.09,1,0,1
B031,2022-06-19 16:00:00,1,614G2040,0,,335.15,1,0,1
B031,2022-06-19 16:00:00,2,61402050,0,,306.88,1,0,1
B031,2022-06-19 17:00:00,0,614E1950,0,,537.08,1,0,1
B031,2022-06-19 17:00:00,1,614G2040,0,,335.15,1,0,1
B031,2022-06-19 17:00:00,2,61402050,0,,306.9,1,0,1
B031,2022-06-19 18:00:00,0,614E1950,0,,537.1,1,0,1
B031,2022-06-19 18:00:00,1,614G2040,0,,335.15,1,0,1
B031,2022-06-19 18:00:00,2,61402050,0,,306.9,1,0,1
B031,2022-06-19 19:00:00,0,614E1950,0.01900127787,,537.13,1,0,1
B031,2022-06-19 19:00:00,1,614G2040,0.01892379485,,335.16,1,0,1
B031,2022-06-19 19:00:00,2,61402050,0.02421863381,,306.89,1,0,1
B031,2022-06-19 20:00:00,0,614E1950,0.05081753708,,537.15,1,0,1
B031,2022-06-19 20:00:00,1,614G2040,0.7178032092,,335.16,1,0,1
B031,2022-06-19 20:00:00,2,61402050,0.04497689837,,306.89,1,0,1
B031,2022-06-19 21:00:00,0,614E1950,0.2230001207,,537.17,1,0,1
B031,2022-06-19 21:00:00,1,614G2040,2.637678184,,335.15,1,0,1
B031,2022-06-19 21:00:00,2,61402050,0,,306.88,1,0,1
B031,2022-06-19 22:00:00,0,614E1950,0,,537.18,1,0,1
B031,2022-06-19 22:00:00,1,614G2040,0.08691977642,,335.09,1,0,1
B031,2022-06-19 22:00:00,2,61402050,0.0004457131451,,306.86,1,0,1
B031,2022-06-19 23:00:00,0,614E1950,0.06128867977,,537.18,1,0,1
B031,2022-06-19 23:00:00,1,614G2040,0.07629699117,,335.06,1,0,1
B031,2022-06-19 23:00:00,2,61402050,0,,306.85,1,0,1
B031,2022-06-20 00:00:00,0,614E1950,0.0781090516,,537.17,1,0,1
B031,2022-06-20 00:00:00,1,614G2040,0.03255154131,,335.06,1,0,1
B031,2022-06-20 00:00:00,2,61402050,0,,306.83,1,0,1
B031,2022-06-20 01:00:00,0,614E1950,0.02231370952,,537.17,1,0,1
B031,2022-06-20 01:00:00,1,614G2040,0.04511601091,,335.06,1,0,1
B031,2022-06-20 01:00:00,2,61402050,0,,306.82,1,0,1
B031,2022-06-20 02:00:00,0,614E1950,0.2587996338,,537.17,1,0,1
B031,2022-06-20 02:00:00,1,614G2040,0.2223344358,,335.06,1,0,1
B031,2022-06-20 02:00:00,2,61402050,0.03566320786,,306.82,1,0,1
B031,2022-06-20 03:00:00,0,614E1950,0.0856219766,,537.16,1,0,1
B031,2022-06-20 03:00:00,1,614G2040,0.02040576227,,335.07,1,0,1
B031,2022-06-20 03:00:00,2,61402050,0.1183058429,,306.81,1,0,1
B031,2022-06-20 04:00:00,0,614E1950,0,,537.16,1,0,1
B031,2022-06-20 04:00:00,1,614G2040,0.02484189229,,335.06,1,0,1
B031,2022-06-20 04:00:00,2,61402050,0,,306.81,1,0,1
B031,2022-06-20 05:00:00,0,614E1950,0,,537.15,1,0,1
B031,2022-06-20 05:00:00,1,614G2040,0.1018325898,,335.07,1,0,1
B031,2022-06-20 05:00:00,2,61402050,0.03318013277,,306.8,1,0,1
B031,2022-06-20 06:00:00,0,614E1950,0.08360238929,,537.15,1,0,1
B031,2022-06-20 06:00:00,1,614G2040,0.2439732654,,335.08,1,0,1
B031,2022-06-20 06:00:00,2,61402050,0.01101043502,,306.8,1,0,1
B031,2022-06-20 07:00:00,0,614E1950,16.31702687,,537.15,1,0,1
B031,2022-06-20 07:00:00,1,614G2040,20.07590406,,335.06,1,0,1
B031,2022-06-20 07:00:00,2,61402050,26.09159894,,306.8,1,0,1
B031,2022-06-20 08:00:00,0,614E1950,0,,537.14,1,0,1
B031,2022-06-20 08:00:00,1,614G2040,0,,335.05,1,0,1
B031,2022-06-20 08:00:00,2,61402050,0,2.43,306.8,1,1,1
B031,2022-06-20 09:00:00,0,614E1950,0,,537.14,1,0,1
B031,2022-06-20 09:00:00,1,614G2040,0,,335.1,1,0,1
B031,2022-06-20 09:00:00,2,61402050,0,,306.8,1,0,1
B031,2022-06-20 10:00:00,0,614E1950,0,,537.14,1,0,1
B031,2022-06-20 10:00:00,1,614G2040,0.3039863691,,335.13,1,0,1
B031,2022-06-20 10:00:00,2,61402050,0.03344229585,,306.8,1,0,1
B031,2022-06-20 11:00:00,0,614E1950,0.1697539204,,537.14,1,0,1
B031,2022-06-20 11:00:00,1,614G2040,0.1477474193,,335.14,1,0,1
B031,2022-06-20 11:00:00,2,61402050,0.06394263988,,306.8,1,0,1
B031,2022-06-20 12:00:00,0,614E1950,0.002180906031,,537.13,1,0,1
B031,2022-06-20 12:00:00,1,614G2040,0.0127045973,,335.15,1,0,1
B031,2022-06-20 12:00:00,2,61402050,0.02421863381,,306.8,1,0,1
B031,2022-06-20 13:00:00,0,614E1950,0,,537.13,1,0,1
B031,2022-06-20 13:00:00,1,614G2040,0,,335.15,1,0,1
B031,2022-06-20 13:00:00,2,61402050,0,,306.8,1,0,1
B031,2022-06-20 14:00:00,0,614E1950,0.04515697358,,537.13,1,0,1
B031,2022-06-20 14:00:00,1,614G2040,0,,335.15,1,0,1
B031,2022-06-20 14:00:00,2,61402050,0.02704487971,,306.8,1,0,1
B031,2022-06-20 15:00:00,0,614E1950,0,,537.12,1,0,1
B031,2022-06-20 15:00:00,1,614G2040,0.146280049,,335.16,1,0,1
B031,2022-06-20 15:00:00,2,61402050,0.03441217649,,306.8,1,0,1
B031,2022-06-20 16:00:00,0,614E1950,0,,537.12,1,0,1
B031,2022-06-20 16:00:00,1,614G2040,0.004567773659,,335.16,1,0,1
B031,2022-06-20 16:00:00,2,61402050,0,,306.8,1,0,1
B031,2022-06-20 17:00:00,0,614E1950,0,,537.12,1,0,1
B031,2022-06-20 17:00:00,1,614G2040,0.00228388683,,335.16,1,0,1
B031,2022-06-20 17:00:00,2,61402050,0.07427812109,,306.8,1,0,1
B031,2022-06-20 18:00:00,0,614E1950,0,,537.12,1,0,1
B031,2022-06-20 18:00:00,1,614G2040,0,,335.16,1,0,1
B031,2022-06-20 18:00:00,2,61402050,0,,306.8,1,0,1
B031,2022-06-20 19:00:00,0,614E1950,0,,537.11,1,0,1
B031,2022-06-20 19:00:00,1,614G2040,0,,335.16,1,0,1
B031,2022-06-20 19:00:00,2,61402050,0,,306.8,1,0,1
B031,2022-06-20 20:00:00,0,614E1950,0,,537.11,1,0,1
B031,2022-06-20 20:00:00,1,614G2040,0.008051467398,,335.17,1,0,1
B031,2022-06-20 20:00:00,2,61402050,0.06882435298,,306.8,1,0,1
B031,2022-06-20 21:00:00,0,614E1950,0.1311844606,,537.1,1,0,1
B031,2022-06-20 21:00:00,1,614G2040,1.817525961,,335.16,1,0,1
B031,2022-06-20 21:00:00,2,61402050,0.1453118029,,306.8,1,0,1
B031,2022-06-20 22:00:00,0,614E1950,0,,537.1,1,0,1
B031,2022-06-20 22:00:00,1,614G2040,0,,335.16,1,0,1
B031,2022-06-20 22:00:00,2,61402050,0,,306.8,1,0,1
B031,2022-06-20 23:00:00,0,614E1950,0,,537.1,1,0,1
B031,2022-06-20 23:00:00,1,614G2040,0,,335.15,1,0,1
B031,2022-06-20 23:00:00,2,61402050,0,,306.79,1,0,1
B031,2022-06-21 00:00:00,0,614E1950,0,,537.1,1,0,1
B031,2022-06-21 00:00:00,1,614G2040,0,,335.16,1,0,1
B031,2022-06-21 00:00:00,2,61402050,0,,306.79,1,0,1
B031,2022-06-21 01:00:00,0,614E1950,0,,537.09,1,0,1
B031,2022-06-21 01:00:00,1,614G2040,0,,335.16,1,0,1
B031,2022-06-21 01:00:00,2,61402050,0,,306.79,1,0,1
B031,2022-06-21 02:00:00,0,614E1950,0,,537.09,1,0,1
B031,2022-06-21 02:00:00,1,614G2040,0.02255800546,,335.16,1,0,1
B031,2022-06-21 02:00:00,2,61402050,0,,306.79,1,0,1
B031,2022-06-21 03:00:00,0,614E1950,0,,537.09,1,0,1
B031,2022-06-21 03:00:00,1,614G2040,0,,335.16,1,0,1
B031,2022-06-21 03:00:00,2,61402050,0,,306.79,1,0,1
B031,2022-06-21 04:00:00,0,614E1950,0,,537.09,1,0,1
B031,2022-06-21 04:00:00,1,614G2040,0,,335.16,1,0,1
B031,2022-06-21 04:00:00,2,61402050,0,,306.79,1,0,1
B031,2022-06-21 05:00:00,0,614E1950,0,,537.09,1,0,1
B031,2022-06-21 05:00:00,1,614G2040,0,,335.17,1,0,1
B031,2022-06-21 05:00:00,2,61402050,0,,306.79,1,0,1
B031,2022-06-21 06:00:00,0,614E1950,0,,537.09,1,0,1
B031,2022-06-21 06:00:00,1,614G2040,0,,335.17,1,0,1
B031,2022-06-21 06:00:00,2,61402050,0,,306.79,1,0,1
B031,2022-06-21 07:00:00,0,614E1950,0.3987373762,,537.08,1,0,1
B031,2022-06-21 07:00:00,1,614G2040,2.289816169,,335.16,1,0,1
B031,2022-06-21 07:00:00,2,61402050,0.4651360696,,306.79,1,0,1
B031,2022-06-21 08:00:00,0,614E1950,0,,537.08,1,0,1
B031,2022-06-21 08:00:00,1,614G2040,0,,335.16,1,0,1
B031,2022-06-21 08:00:00,2,61402050,0,2.26,306.79,1,1,1
B031,2022-06-21 09:00:00,0,614E1950,0.01682037184,,537.08,1,0,1
B031,2022-06-21 09:00:00,1,614G2040,0.003935310725,,335.16,1,0,1
B031,2022-06-21 09:00:00,2,61402050,0,,306.79,1,0,1
B031,2022-06-21 10:00:00,0,614E1950,0,,537.08,1,0,1
B031,2022-06-21 10:00:00,1,614G2040,0,,335.15,1,0,1
B031,2022-06-21 10:00:00,2,61402050,0,,306.79,1,0,1
B031,2022-06-21 11:00:00,0,614E1950,0.002180906031,,537.08,1,0,1
B031,2022-06-21 11:00:00,1,614G2040,0.0127045973,,335.15,1,0,1
B031,2022-06-21 11:00:00,2,61402050,0.02421863381,,306.79,1,0,1
B031,2022-06-21 12:00:00,0,614E1950,0,,537.08,1,0,1
B031,2022-06-21 12:00:00,1,614G2040,0,,335.16,1,0,1
B031,2022-06-21 12:00:00,2,61402050,0,,306.79,1,0,1
B031,2022-06-21 13:00:00,0,614E1950,0,,537.08,1,0,1
B031,2022-06-21 13:00:00,1,614G2040,0,,335.16,1,0,1
B031,2022-06-21 13:00:00,2,61402050,0,,306.79,1,0,1
B031,2022-06-21 14:00:00,0,614E1950,0.06128867977,,537.07,1,0,1
B031,2022-06-21 14:00:00,1,614G2040,0.02633234376,,335.17,1,0,1
B031,2022-06-21 14:00:00,2,61402050,0,,306.79,1,0,1
B031,2022-06-21 15:00:00,0,614E1950,0.1838660393,,537.07,1,0,1
B031,2022-06-21 15:00:00,1,614G2040,0.07899703128,,335.17,1,0,1
B031,2022-06-21 15:00:00,2,61402050,0,,306.79,1,0,1
B031,2022-06-21 16:00:00,0,614E1950,0,,537.07,1,0,1
B031,2022-06-21 16:00:00,1,614G2040,0,,335.17,1,0,1
B031,2022-06-21 16:00:00,2,61402050,0.04574179524,,306.78,1,0,1
B031,2022-06-21 17:00:00,0,614E1950,0,,537.07,1,0,1
B031,2022-06-21 17:00:00,1,614G2040,0,,335.18,1,0,1
B031,2022-06-21 17:00:00,2,61402050,0.009148359047,,306.78,1,0,1
B031,2022-06-21 18:00:00,0,614E1950,0.01900127787,,537.07,1,0,1
B031,2022-06-21 18:00:00,1,614G2040,0.558032039,,335.18,1,0,1
B031,2022-06-21 18:00:00,2,61402050,0.02421863381,,306.78,1,0,1
B031,2022-06-21 19:00:00,0,614E1950,1.321547303,,537.06,1,0,1
B031,2022-06-21 19:00:00,1,614G2040,0.8102331263,,335.17,1,0,1
B031,2022-06-21 19:00:00,2,61402050,0,,306.78,1,0,1
B031,2022-06-21 20:00:00,0,614E1950,0.3027666931,,537.07,1,0,1
B031,2022-06-21 20:00:00,1,614G2040,0.07083559305,,335.18,1,0,1
B031,2022-06-21 20:00:00,2,61402050,0.1842733914,,306.78,1,0,1
B031,2022-06-21 21:00:00,0,614E1950,0.01682037184,,537.07,1,0,1
B031,2022-06-21 21:00:00,1,614G2040,0.1235769985,,335.19,1,0,1
B031,2022-06-21 21:00:00,2,61402050,0,,306.78,1,0,1
B031,2022-06-21 22:00:00,0,614E1950,0,,537.06,1,0,1
B031,2022-06-21 22:00:00,1,614G2040,0,,335.17,1,0,1
B031,2022-06-21 22:00:00,2,61402050,0,,306.77,1,0,1
B031,2022-06-21 23:00:00,0,614E1950,0.01682037184,,537.07,1,0,1
B031,2022-06-21 23:00:00,1,614G2040,0.02649331618,,335.17,1,0,1
B031,2022-06-21 23:00:00,2,61402050,0,,306.77,1,0,1
B031,2022-06-22 00:00:00,0,614E1950,0,,537.07,1,0,1
B031,2022-06-22 00:00:00,1,614G2040,0,,335.17,1,0,1
B031,2022-06-22 00:00:00,2,61402050,0,,306.77,1,0,1
B031,2022-06-22 01:00:00,0,614E1950,0,,537.07,1,0,1
B031,2022-06-22 01:00:00,1,614G2040,0,,335.17,1,0,1
B031,2022-06-22 01:00:00,2,61402050,0,,306.77,1,0,1
B031,2022-06-22 02:00:00,0,614E1950,0,,537.07,1,0,1
B031,2022-06-22 02:00:00,1,614G2040,0,,335.17,1,0,1
B031,2022-06-22 02:00:00,2,61402050,0,,306.77,1,0,1
B031,2022-06-22 03:00:00,0,614E1950,0,,537.07,1,0,1
B031,2022-06-22 03:00:00,1,614G2040,0,,335.16,1,0,1
B031,2022-06-22 03:00:00,2,61402050,0,,306.77,1,0,1
B031,2022-06-22 04:00:00,0,614E1950,0,,537.07,1,0,1
B031,2022-06-22 04:00:00,1,614G2040,0,,335.16,1,0,1
B031,2022-06-22 04:00:00,2,61402050,0,,306.77,1,0,1
B031,2022-06-22 05:00:00,0,614E1950,0,,537.07,1,0,1
B031,2022-06-22 05:00:00,1,614G2040,0,,335.17,1,0,1
B031,2022-06-22 05:00:00,2,61402050,0,,306.77,1,0,1
B031,2022-06-22 06:00:00,0,614E1950,0,,537.06,1,0,1
B031,2022-06-22 06:00:00,1,614G2040,0,,335.17,1,0,1
B031,2022-06-22 06:00:00,2,61402050,0,,306.77,1,0,1
B031,2022-06-22 07:00:00,0,614E1950,1.941112015,,537.06,1,0,1
B031,2022-06-22 07:00:00,1,614G2040,3.424036333,,335.15,1,0,1
B031,2022-06-22 07:00:00,2,61402050,0.5327023609,,306.77,1,0,1
B031,2022-06-22 08:00:00,0,614E1950,0,,537.06,1,0,1
B031,2022-06-22 08:00:00,1,614G2040,0,,335.15,1,0,1
B031,2022-06-22 08:00:00,2,61402050,0,1.94,306.77,1,1,1
B031,2022-06-22 09:00:00,0,614E1950,0,,537.06,1,0,1
B031,2022-06-22 09:00:00,1,614G2040,0,,335.15,1,0,1
B031,2022-06-22 09:00:00,2,61402050,0,,306.77,1,0,1
B031,2022-06-22 10:00:00,0,614E1950,0,,537.06,1,0,1
B031,2022-06-22 10:00:00,1,614G2040,0,,335.15,1,0,1
B031,2022-06-22 10:00:00,2,61402050,0,,306.77,1,0,1
B031,2022-06-22 11:00:00,0,614E1950,0.01682037184,,537.06,1,0,1
B031,2022-06-22 11:00:00,1,614G2040,0.003935310725,,335.15,1,0,1
B031,2022-06-22 11:00:00,2,61402050,0,,306.77,1,0,1
B031,2022-06-22 12:00:00,0,614E1950,0,,537.06,1,0,1
B031,2022-06-22 12:00:00,1,614G2040,0,,335.15,1,0,1
B031,2022-06-22 12:00:00,2,61402050,0,,306.77,1,0,1
B031,2022-06-22 13:00:00,0,614E1950,0,,537.06,1,0,1
B031,2022-06-22 13:00:00,1,614G2040,0.00228388683,,335.15,1,0,1
B031,2022-06-22 13:00:00,2,61402050,0,,306.77,1,0,1
B031,2022-06-22 14:00:00,0,614E1950,0,,537.06,1,0,1
B031,2022-06-22 14:00:00,1,614G2040,0,,335.15,1,0,1
B031,2022-06-22 14:00:00,2,61402050,0,,306.77,1,0,1
B031,2022-06-22 15:00:00,0,614E1950,0.002180906031,,537.06,1,0,1
B031,2022-06-22 15:00:00,1,614G2040,0.0127045973,,335.15,1,0,1
B031,2022-06-22 15:00:00,2,61402050,0.02421863381,,306.77,1,0,1
B031,2022-06-22 16:00:00,0,614E1950,0,,537.06,1,0,1
B031,2022-06-22 16:00:00,1,614G2040,0,,335.15,1,0,1
B031,2022-06-22 16:00:00,2,61402050,0,,306.77,1,0,1
B031,2022-06-22 17:00:00,0,614E1950,0,,537.06,1,0,1
B031,2022-06-22 17:00:00,1,614G2040,0,,335.15,1,0,1
B031,2022-06-22 17:00:00,2,61402050,0,,306.77,1,0,1
B031,2022-06-22 18:00:00,0,614E1950,0,,537.05,1,0,1
B031,2022-06-22 18:00:00,1,614G2040,0,,335.15,1,0,1
B031,2022-06-22 18:00:00,2,61402050,0,,306.77,1,0,1
B031,2022-06-22 19:00:00,0,614E1950,0,,537.06,1,0,1
B031,2022-06-22 19:00:00,1,614G2040,0.02255800546,,335.16,1,0,1
B031,2022-06-22 19:00:00,2,61402050,0,,306.77,1,0,1
B031,2022-06-22 20:00:00,0,614E1950,0,,537.05,1,0,1
B031,2022-06-22 20:00:00,1,614G2040,0,,335.16,1,0,1
B031,2022-06-22 20:00:00,2,61402050,0,,306.77,1,0,1
B031,2022-06-22 21:00:00,0,614E1950,0,,537.05,1,0,1
B031,2022-06-22 21:00:00,1,614G2040,0,,335.16,1,0,1
B031,2022-06-22 21:00:00,2,61402050,0,,306.77,1,0,1
B031,2022-06-22 22:00:00,0,614E1950,0,,537.05,1,0,1
B031,2022-06-22 22:00:00,1,614G2040,0,,335.16,1,0,1
B031,2022-06-22 22:00:00,2,61402050,0,,306.76,1,0,1
B031,2022-06-22 23:00:00,0,614E1950,0,,537.05,1,0,1
B031,2022-06-22 23:00:00,1,614G2040,0,,335.15,1,0,1
B031,2022-06-22 23:00:00,2,61402050,0,,306.76,1,0,1
B031,2022-06-23 00:00:00,0,614E1950,0,,537.05,1,0,1
B031,2022-06-23 00:00:00,1,614G2040,0,,335.16,1,0,1
B031,2022-06-23 00:00:00,2,61402050,0,,306.76,1,0,1
B031,2022-06-23 01:00:00,0,614E1950,0,,537.05,1,0,1
B031,2022-06-23 01:00:00,1,614G2040,0,,335.16,1,0,1
B031,2022-06-23 01:00:00,2,61402050,0,,306.76,1,0,1
B031,2022-06-23 02:00:00,0,614E1950,0,,537.05,1,0,1
B031,2022-06-23 02:00:00,1,614G2040,0,,335.16,1,0,1
B031,2022-06-23 02:00:00,2,61402050,0,,306.76,1,0,1
B031,2022-06-23 03:00:00,0,614E1950,0,,537.05,1,0,1
B031,2022-06-23 03:00:00,1,614G2040,0,,335.16,1,0,1
B031,2022-06-23 03:00:00,2,61402050,0,,306.76,1,0,1
B031,2022-06-23 04:00:00,0,614E1950,0,,537.04,1,0,1
B031,2022-06-23 04:00:00,1,614G2040,0,,335.16,1,0,1
B031,2022-06-23 04:00:00,2,61402050,0,,306.76,1,0,1
B031,2022-06-23 05:00:00,0,614E1950,0,,537.04,1,0,1
B031,2022-06-23 05:00:00,1,614G2040,0,,335.16,1,0,1
B031,2022-06-23 05:00:00,2,61402050,0,,306.76,1,0,1
B031,2022-06-23 06:00:00,0,614E1950,0,,537.04,1,0,1
B031,2022-06-23 06:00:00,1,614G2040,0,,335.15,1,0,1
B031,2022-06-23 06:00:00,2,61402050,0,,306.76,1,0,1
B031,2022-06-23 07:00:00,0,614E1950,0.01900127787,,537.04,1,0,1
B031,2022-06-23 07:00:00,1,614G2040,0.05624814494,,335.15,1,0,1
B031,2022-06-23 07:00:00,2,61402050,0.02633157819,,306.76,1,0,1
B031,2022-06-23 08:00:00,0,614E1950,0,,537.04,1,0,1
B031,2022-06-23 08:00:00,1,614G2040,0,,335.15,1,0,1
B031,2022-06-23 08:00:00,2,61402050,0,1.8,306.76,1,1,1
B031,2022-06-23 09:00:00,0,614E1950,0,,537.04,1,0,1
B031,2022-06-23 09:00:00,1,614G2040,0,,335.15,1,0,1
B031,2022-06-23 09:00:00,2,61402050,0,,306.76,1,0,1
B031,2022-06-23 10:00:00,0,614E1950,0,,537.04,1,0,1
B031,2022-06-23 10:00:00,1,614G2040,0,,335.15,1,0,1
B031,2022-06-23 10:00:00,2,61402050,0,,306.76,1,0,1
B031,2022-06-23 11:00:00,0,614E1950,0,,537.04,1,0,1
B031,2022-06-23 11:00:00,1,614G2040,0,,335.15,1,0,1
B031,2022-06-23 11:00:00,2,61402050,0,,306.76,1,0,1
B031,2022-06-23 12:00:00,0,614E1950,0,,537.03,1,0,1
B031,2022-06-23 12:00:00,1,614G2040,0,,335.16,1,0,1
B031,2022-06-23 12:00:00,2,61402050,0,,306.76,1,0,1
B031,2022-06-23 13:00:00,0,614E1950,1.981403779,,537.03,1,0,1
B031,2022-06-23 13:00:00,1,614G2040,6.198423691,,335.16,1,0,1
B031,2022-06-23 13:00:00,2,61402050,1.623849402,,306.76,1,0,1
B031,2022-06-23 14:00:00,0,614E1950,0.01682037184,,537.03,1,0,1
B031,2022-06-23 14:00:00,1,614G2040,0.1399081459,,335.18,1,0,1
B031,2022-06-23 14:00:00,2,61402050,0.3420077134,,306.76,1,0,1
B031,2022-06-23 15:00:00,0,614E1950,0,,537.03,1,0,1
B031,2022-06-23 15:00:00,1,614G2040,0,,335.16,1,0,1
B031,2022-06-23 15:00:00,2,61402050,0,,306.76,1,0,1
B031,2022-06-23 16:00:00,0,614E1950,0,,537.03,1,0,1
B031,2022-06-23 16:00:00,1,614G2040,0,,335.17,1,0,1
B031,2022-06-23 16:00:00,2,61402050,0,,306.76,1,0,1
B031,2022-06-23 17:00:00,0,614E1950,0,,537.04,1,0,1
B031,2022-06-23 17:00:00,1,614G2040,0,,335.17,1,0,1
B031,2022-06-23 17:00:00,2,61402050,0,,306.76,1,0,1
B031,2022-06-23 18:00:00,0,614E1950,0,,537.04,1,0,1
B031,2022-06-23 18:00:00,1,614G2040,0,,335.16,1,0,1
B031,2022-06-23 18:00:00,2,61402050,0,,306.76,1,0,1
B031,2022-06-23 19:00:00,0,614E1950,0,,537.04,1,0,1
B031,2022-06-23 19:00:00,1,614G2040,0,,335.17,1,0,1
B031,2022-06-23 19:00:00,2,61402050,0,,306.76,1,0,1
B031,2022-06-23 20:00:00,0,614E1950,0.03949050293,,537.03,1,0,1
B031,2022-06-23 20:00:00,1,614G2040,0.2295258127,,335.17,1,0,1
B031,2022-06-23 20:00:00,2,61402050,0.2486981696,,306.76,1,0,1
B031,2022-06-23 21:00:00,0,614E1950,0.06128867977,,537.04,1,0,1
B031,2022-06-23 21:00:00,1,614G2040,0.02674528349,,335.17,1,0,1
B031,2022-06-23 21:00:00,2,61402050,0.0004457131451,,306.76,1,0,1
B031,2022-06-23 22:00:00,0,614E1950,0,,537.03,1,0,1
B031,2022-06-23 22:00:00,1,614G2040,0,,335.17,1,0,1
B031,2022-06-23 22:00:00,2,61402050,0,,306.76,1,0,1
B031,2022-06-23 23:00:00,0,614E1950,0,,537.03,1,0,1
B031,2022-06-23 23:00:00,1,614G2040,0,,335.17,1,0,1
B031,2022-06-23 23:00:00,2,61402050,0,,306.76,1,0,1
B031,2022-06-24 00:00:00,0,614E1950,0.1910807185,,537.03,1,0,1
B031,2022-06-24 00:00:00,1,614G2040,0.1712933214,,335.17,1,0,1
B031,2022-06-24 00:00:00,2,61402050,0.4016812781,,306.76,1,0,1
B031,2023-03-14 05:00:00,0,614E1950,0,,536.83,1,0,1
B031,2023-03-14 05:00:00,1,614G2040,0,,334.55,1,0,1
B031,2023-03-14 05:00:00,2,61402050,0,,306.58,1,0,1
B031,2023-03-14 06:00:00,0,614E1950,0,,536.83,1,0,1
B031,2023-03-14 06:00:00,1,614G2040,0,,334.55,1,0,1
B031,2023-03-14 06:00:00,2,61402050,0,,306.58,1,0,1
B031,2023-03-14 07:00:00,0,614E1950,0.6128867977,,536.83,1,0,1
B031,2023-03-14 07:00:00,1,614G2040,0.2633234376,,334.84,1,0,1
B031,2023-03-14 07:00:00,2,61402050,0,,306.58,1,0,1
B031,2023-03-14 08:00:00,0,614E1950,0,,536.83,1,0,1
B031,2023-03-14 08:00:00,1,614G2040,0,,334.84,1,0,1
B031,2023-03-14 08:00:00,2,61402050,0,0.83,306.58,1,1,1
B031,2023-03-14 09:00:00,0,614E1950,0,,536.83,1,0,1
B031,2023-03-14 09:00:00,1,614G2040,0,,334.55,1,0,1
B031,2023-03-14 09:00:00,2,61402050,0,,306.58,1,0,1
B031,2023-03-14 10:00:00,0,614E1950,0,,536.83,1,0,1
B031,2023-03-14 10:00:00,1,614G2040,0,,334.55,1,0,1
B031,2023-03-14 10:00:00,2,61402050,0,,306.58,1,0,1
B031,2023-03-14 11:00:00,0,614E1950,0,,536.83,1,0,1
B031,2023-03-14 11:00:00,1,614G2040,0,,334.84,1,0,1
B031,2023-03-14 11:00:00,2,61402050,0,,306.58,1,0,1
B031,2023-03-14 12:00:00,0,614E1950,0,,536.83,1,0,1
B031,2023-03-14 12:00:00,1,614G2040,0,,334.85,1,0,1
B031,2023-03-14 12:00:00,2,61402050,0,,306.58,1,0,1
B031,2023-03-14 13:00:00,0,614E1950,0,,536.83,1,0,1
B031,2023-03-14 13:00:00,1,614G2040,0,,334.85,1,0,1
B031,2023-03-14 13:00:00,2,61402050,0,,306.58,1,0,1
B031,2023-03-14 14:00:00,0,614E1950,0,,536.82,1,0,1
B031,2023-03-14 14:00:00,1,614G2040,0,,334.86,1,0,1
B031,2023-03-14 14:00:00,2,61402050,0,,306.58,1,0,1
B031,2023-03-14 15:00:00,0,614E1950,0,,536.82,1,0,1
B031,2023-03-14 15:00:00,1,614G2040,0,,334.86,1,0,1
B031,2023-03-14 15:00:00,2,61402050,0,,306.58,1,0,1
B031,2023-03-14 16:00:00,0,614E1950,0,,536.82,1,0,1
B031,2023-03-14 16:00:00,1,614G2040,0,,334.87,1,0,1
B031,2023-03-14 16:00:00,2,61402050,0,,306.58,1,0,1
B031,2023-03-14 17:00:00,0,614E1950,0,,536.82,1,0,1
B031,2023-03-14 17:00:00,1,614G2040,0,,334.87,1,0,1
B031,2023-03-14 17:00:00,2,61402050,0,,306.58,1,0,1
B031,2023-03-14 18:00:00,0,614E1950,0,,536.82,1,0,1
B031,2023-03-14 18:00:00,1,614G2040,0,,334.87,1,0,1
B031,2023-03-14 18:00:00,2,61402050,0,,306.58,1,0,1
B031,2023-03-14 19:00:00,0,614E1950,0,,536.82,1,0,1
B031,2023-03-14 19:00:00,1,614G2040,0,,334.87,1,0,1
B031,2023-03-14 19:00:00,2,61402050,0,,306.58,1,0,1
B031,2023-03-14 20:00:00,0,614E1950,0,,536.82,1,0,1
B031,2023-03-14 20:00:00,1,614G2040,0,,334.87,1,0,1
B031,2023-03-14 20:00:00,2,61402050,0,,306.58,1,0,1
B031,2023-03-14 21:00:00,0,614E1950,0,,536.82,1,0,1
B031,2023-03-14 21:00:00,1,614G2040,0,,334.87,1,0,1
B031,2023-03-14 21:00:00,2,61402050,0,,306.58,1,0,1
B031,2023-03-14 22:00:00,0,614E1950,0,,536.82,1,0,1
B031,2023-03-14 22:00:00,1,614G2040,0,,334.86,1,0,1
B031,2023-03-14 22:00:00,2,61402050,0,,306.58,1,0,1
B031,2023-03-14 23:00:00,0,614E1950,0,,536.82,1,0,1
B031,2023-03-14 23:00:00,1,614G2040,0,,334.86,1,0,1
B031,2023-03-14 23:00:00,2,61402050,0,,306.58,1,0,1
B031,2023-03-15 00:00:00,0,614E1950,0,,536.82,1,0,1
B031,2023-03-15 00:00:00,1,614G2040,0,,334.86,1,0,1
B031,2023-03-15 00:00:00,2,61402050,0,,306.58,1,0,1
B031,2023-03-15 01:00:00,0,614E1950,0,,536.82,1,0,1
B031,2023-03-15 01:00:00,1,614G2040,0,,334.86,1,0,1
B031,2023-03-15 01:00:00,2,61402050,0,,306.58,1,0,1
B031,2023-03-15 02:00:00,0,614E1950,0,,536.82,1,0,1
B031,2023-03-15 02:00:00,1,614G2040,0,,334.86,1,0,1
B031,2023-03-15 02:00:00,2,61402050,0,,306.58,1,0,1
B031,2023-03-15 03:00:00,0,614E1950,0,,536.82,1,0,1
B031,2023-03-15 03:00:00,1,614G2040,0,,334.86,1,0,1
B031,2023-03-15 03:00:00,2,61402050,0,,306.58,1,0,1
B031,2023-03-15 04:00:00,0,614E1950,0,,536.82,1,0,1
B031,2023-03-15 04:00:00,1,614G2040,0,,334.86,1,0,1
B031,2023-03-15 04:00:00,2,61402050,0,,306.58,1,0,1
B031,2023-03-15 05:00:00,0,614E1950,0,,536.82,1,0,1
B031,2023-03-15 05:00:00,1,614G2040,0,,334.55,1,0,1
B031,2023-03-15 05:00:00,2,61402050,0,,306.58,1,0,1
B031,2023-03-15 06:00:00,0,614E1950,0,,536.82,1,0,1
B031,2023-03-15 06:00:00,1,614G2040,0,,334.55,1,0,1
B031,2023-03-15 06:00:00,2,61402050,0,,306.58,1,0,1
B031,2023-03-15 07:00:00,0,614E1950,0,,536.82,1,0,1
B031,2023-03-15 07:00:00,1,614G2040,0,,334.86,1,0,1
B031,2023-03-15 07:00:00,2,61402050,0,,306.58,1,0,1
B031,2023-03-15 08:00:00,0,614E1950,0,,536.82,1,0,1
B031,2023-03-15 08:00:00,1,614G2040,0,,334.55,1,0,1
B031,2023-03-15 08:00:00,2,61402050,0,0.83,306.58,1,1,1
B031,2023-03-15 09:00:00,0,614E1950,0,,536.82,1,0,1
B031,2023-03-15 09:00:00,1,614G2040,0,,334.55,1,0,1
B031,2023-03-15 09:00:00,2,61402050,0,,306.58,1,0,1
B031,2023-03-15 10:00:00,0,614E1950,0,,536.82,1,0,1
B031,2023-03-15 10:00:00,1,614G2040,0,,335.06,1,0,1
B031,2023-03-15 10:00:00,2,61402050,0,,306.58,1,0,1
B031,2023-03-15 11:00:00,0,614E1950,0,,536.82,1,0,1
B031,2023-03-15 11:00:00,1,614G2040,0,,334.85,1,0,1
B031,2023-03-15 11:00:00,2,61402050,0,,306.58,1,0,1
B031,2023-03-15 12:00:00,0,614E1950,0,,536.82,1,0,1
B031,2023-03-15 12:00:00,1,614G2040,0,,334.86,1,0,1
B031,2023-03-15 12:00:00,2,61402050,0,,306.58,1,0,1
B031,2023-03-15 13:00:00,0,614E1950,0,,536.82,1,0,1
B031,2023-03-15 13:00:00,1,614G2040,0,,334.87,1,0,1
B031,2023-03-15 13:00:00,2,61402050,0,,306.58,1,0,1
B031,2023-03-15 14:00:00,0,614E1950,0.01682037184,,536.82,1,0,1
B031,2023-03-15 14:00:00,1,614G2040,0.003935310725,,334.87,1,0,1
B031,2023-03-15 14:00:00,2,61402050,0,,306.58,1,0,1
B031,2023-03-15 15:00:00,0,614E1950,0,,536.82,1,0,1
B031,2023-03-15 15:00:00,1,614G2040,0,,334.87,1,0,1
B031,2023-03-15 15:00:00,2,61402050,0,,306.58,1,0,1
B031,2023-03-15 16:00:00,0,614E1950,0,,536.82,1,0,1
B031,2023-03-15 16:00:00,1,614G2040,0,,334.87,1,0,1
B031,2023-03-15 16:00:00,2,61402050,0,,306.58,1,0,1
B031,2023-03-15 17:00:00,0,614E1950,0,,536.82,1,0,1
B031,2023-03-15 17:00:00,1,614G2040,0,,334.88,1,0,1
B031,2023-03-15 17:00:00,2,61402050,0,,306.58,1,0,1
B031,2023-03-15 18:00:00,0,614E1950,0,,536.82,1,0,1
B031,2023-03-15 18:00:00,1,614G2040,0,,334.88,1,0,1
B031,2023-03-15 18:00:00,2,61402050,0,,306.58,1,0,1
B031,2023-03-15 19:00:00,0,614E1950,0,,536.82,1,0,1
B031,2023-03-15 19:00:00,1,614G2040,0,,334.88,1,0,1
B031,2023-03-15 19:00:00,2,61402050,0,,306.58,1,0,1
B031,2023-03-15 20:00:00,0,614E1950,0,,536.82,1,0,1
B031,2023-03-15 20:00:00,1,614G2040,0,,334.88,1,0,1
B031,2023-03-15 20:00:00,2,61402050,0,,306.58,1,0,1
B031,2023-03-15 21:00:00,0,614E1950,0,,536.82,1,0,1
B031,2023-03-15 21:00:00,1,614G2040,0,,334.87,1,0,1
B031,2023-03-15 21:00:00,2,61402050,0,,306.58,1,0,1
B031,2023-03-15 22:00:00,0,614E1950,0,,536.82,1,0,1
B031,2023-03-15 22:00:00,1,614G2040,0,,334.87,1,0,1
B031,2023-03-15 22:00:00,2,61402050,0,,306.58,1,0,1
B031,2023-03-15 23:00:00,0,614E1950,0,,536.82,1,0,1
B031,2023-03-15 23:00:00,1,614G2040,0,,334.87,1,0,1
B031,2023-03-15 23:00:00,2,61402050,0,,306.58,1,0,1
B031,2023-03-16 00:00:00,0,614E1950,0,,536.82,1,0,1
B031,2023-03-16 00:00:00,1,614G2040,0,,334.87,1,0,1
B031,2023-03-16 00:00:00,2,61402050,0,,306.58,1,0,1
B031,2023-03-16 01:00:00,0,614E1950,0,,536.82,1,0,1
B031,2023-03-16 01:00:00,1,614G2040,0,,334.87,1,0,1
B031,2023-03-16 01:00:00,2,61402050,0,,306.58,1,0,1
B031,2023-03-16 02:00:00,0,614E1950,0,,536.82,1,0,1
B031,2023-03-16 02:00:00,1,614G2040,0,,334.87,1,0,1
B031,2023-03-16 02:00:00,2,61402050,0,,306.58,1,0,1
B031,2023-03-16 03:00:00,0,614E1950,0,,536.82,1,0,1
B031,2023-03-16 03:00:00,1,614G2040,0,,334.88,1,0,1
B031,2023-03-16 03:00:00,2,61402050,0,,306.58,1,0,1
B031,2023-03-16 04:00:00,0,614E1950,0,,536.82,1,0,1
B031,2023-03-16 04:00:00,1,614G2040,0,,334.88,1,0,1
B031,2023-03-16 04:00:00,2,61402050,0,,306.58,1,0,1
B031,2023-03-16 05:00:00,0,614E1950,0.01900127787,,536.82,1,0,1
B031,2023-03-16 05:00:00,1,614G2040,0.01663990802,,334.87,1,0,1
B031,2023-03-16 05:00:00,2,61402050,0.02421863381,,306.58,1,0,1
B031,2023-03-16 06:00:00,0,614E1950,0.02449461555,,536.82,1,0,1
B031,2023-03-16 06:00:00,1,614G2040,0.0127045973,,334.55,1,0,1
B031,2023-03-16 06:00:00,2,61402050,0.02421863381,,306.58,1,0,1
B031,2023-03-16 07:00:00,0,614E1950,0.05813535923,,536.82,1,0,1
B031,2023-03-16 07:00:00,1,614G2040,0.02634279931,,334.55,1,0,1
B031,2023-03-16 07:00:00,2,61402050,0.09304298679,,306.58,1,0,1
B031,2023-03-16 08:00:00,0,614E1950,0,,536.82,1,0,1
B031,2023-03-16 08:00:00,1,614G2040,0.0765285497,,334.87,1,0,1
B031,2023-03-16 08:00:00,2,61402050,0.01101043502,0.83,306.58,1,1,1
B031,2023-03-16 09:00:00,0,614E1950,0.02449461555,,536.82,1,0,1
B031,2023-03-16 09:00:00,1,614G2040,0.1561008561,,334.86,1,0,1
B031,2023-03-16 09:00:00,2,61402050,0.02421863381,,306.58,1,0,1
B031,2023-03-16 10:00:00,0,614E1950,0.01900127787,,536.82,1,0,1
B031,2023-03-16 10:00:00,1,614G2040,0.01663990802,,334.86,1,0,1
B031,2023-03-16 10:00:00,2,61402050,0.02421863381,,306.58,1,0,1
B031,2023-03-16 11:00:00,0,614E1950,0.2194276353,,536.82,1,0,1
B031,2023-03-16 11:00:00,1,614G2040,0.1084778744,,334.86,1,0,1
B031,2023-03-16 11:00:00,2,61402050,0.07280103874,,306.58,1,0,1
B031,2023-03-16 12:00:00,0,614E1950,0,,536.82,1,0,1
B031,2023-03-16 12:00:00,1,614G2040,0,,334.85,1,0,1
B031,2023-03-16 12:00:00,2,61402050,0.04690213946,,306.58,1,0,1
B031,2023-03-16 13:00:00,0,614E1950,0.002180906031,,536.82,1,0,1
B031,2023-03-16 13:00:00,1,614G2040,0.03526260275,,334.85,1,0,1
B031,2023-03-16 13:00:00,2,61402050,0.07112077328,,306.58,1,0,1
B031,2023-03-16 14:00:00,0,614E1950,0.0162061042,,536.82,1,0,1
B031,2023-03-16 14:00:00,1,614G2040,0.02255800546,,334.85,1,0,1
B031,2023-03-16 14:00:00,2,61402050,0.09380427893,,306.58,1,0,1
B031,2023-03-16 15:00:00,0,614E1950,0.02667552158,,536.82,1,0,1
B031,2023-03-16 15:00:00,1,614G2040,0.02769308142,,334.55,1,0,1
B031,2023-03-16 15:00:00,2,61402050,0.1422415466,,306.58,1,0,1
B031,2023-03-16 16:00:00,0,614E1950,0.3102558615,,536.82,1,0,1
B031,2023-03-16 16:00:00,1,614G2040,0.3124133787,,334.85,1,0,1
B031,2023-03-16 16:00:00,2,61402050,1.134888471,,306.58,1,0,1
B031,2023-03-16 17:00:00,0,614E1950,0.7796628644,,536.82,1,0,1
B031,2023-03-16 17:00:00,1,614G2040,1.171705904,,334.84,1,0,1
B031,2023-03-16 17:00:00,2,61402050,1.510016634,,306.58,1,0,1
B031,2023-03-16 18:00:00,0,614E1950,0.3765908372,,536.82,1,0,1
B031,2023-03-16 18:00:00,1,614G2040,0.7266521913,,334.85,1,0,1
B031,2023-03-16 18:00:00,2,61402050,0.6190459715,,306.58,1,0,1
B031,2023-03-16 19:00:00,0,614E1950,2.740216415,,536.82,1,0,1
B031,2023-03-16 19:00:00,1,614G2040,2.999850066,,334.84,1,0,1
B031,2023-03-16 19:00:00,2,61402050,1.516704899,,306.58,1,0,1
B031,2023-03-16 20:00:00,0,614E1950,6.642183724,,536.82,1,0,1
B031,2023-03-16 20:00:00,1,614G2040,9.56590805,,334.84,1,0,1
B031,2023-03-16 20:00:00,2,61402050,6.72464469,,306.58,1,0,1
B031,2023-03-16 21:00:00,0,614E1950,10.09120432,,536.88,1,0,1
B031,2023-03-16 21:00:00,1,614G2040,9.796607573,,334.85,1,0,1
B031,2023-03-16 21:00:00,2,61402050,10.26274122,,306.64,1,0,1
B031,2023-03-16 22:00:00,0,614E1950,0.4613365663,,536.92,1,0,1
B031,2023-03-16 22:00:00,1,614G2040,0.4573748887,,334.85,1,0,1
B031,2023-03-16 22:00:00,2,61402050,1.530966004,,306.7,1,0,1
B031,2023-03-16 23:00:00,0,614E1950,0.1117581109,,536.93,1,0,1
B031,2023-03-16 23:00:00,1,614G2040,0.3079210039,,334.84,1,0,1
B031,2023-03-16 23:00:00,2,61402050,0.3270228914,,306.72,1,0,1
B031,2023-03-17 00:00:00,0,614E1950,0,,536.93,1,0,1
B031,2023-03-17 00:00:00,1,614G2040,0,,334.84,1,0,1
B031,2023-03-17 00:00:00,2,61402050,0,,306.69,1,0,1
B031,2023-03-17 01:00:00,0,614E1950,0.004361812061,,536.94,1,0,1
B031,2023-03-17 01:00:00,1,614G2040,0.02540919459,,334.84,1,0,1
B031,2023-03-17 01:00:00,2,61402050,0.04843726763,,306.67,1,0,1
B031,2023-03-17 02:00:00,0,614E1950,0.01682037184,,,1,0,0
B031,2023-03-17 02:00:00,1,614G2040,0.0716093271,,334.84,1,0,1
B031,2023-03-17 02:00:00,2,61402050,0.04606834784,,306.67,1,0,1
B031,2023-03-17 03:00:00,0,614E1950,0,,,1,0,0
B031,2023-03-17 03:00:00,1,614G2040,0.002883790284,,334.84,1,0,1
B031,2023-03-17 03:00:00,2,61402050,0.03441217649,,306.67,1,0,1
B031,2023-03-17 04:00:00,0,614E1950,0,,,1,0,0
B031,2023-03-17 04:00:00,1,614G2040,0.02255800546,,334.84,1,0,1
B031,2023-03-17 04:00:00,2,61402050,0.06547166974,,306.69,1,0,1
B031,2023-03-17 05:00:00,0,614E1950,0,,,1,0,0
B031,2023-03-17 05:00:00,1,614G2040,0.00228388683,,334.83,1,0,1
B031,2023-03-17 05:00:00,2,61402050,0,,306.7,1,0,1
B031,2023-03-17 06:00:00,0,614E1950,0.08360238929,,,1,0,0
B031,2023-03-17 06:00:00,1,614G2040,0.02633234376,,334.83,1,0,1
B031,2023-03-17 06:00:00,2,61402050,0,,306.69,1,0,1
B031,2023-03-17 07:00:00,0,614E1950,13.32046062,,536.99,1,0,1
B031,2023-03-17 07:00:00,1,614G2040,14.17497913,,334.82,1,0,1
B031,2023-03-17 07:00:00,2,61402050,6.671162615,,306.69,1,0,1
B031,2023-03-17 08:00:00,0,614E1950,0,,536.99,1,0,1
B031,2023-03-17 08:00:00,1,614G2040,0,,334.82,1,0,1
B031,2023-03-17 08:00:00,2,61402050,0,1.9,306.68,1,1,1
B031,2023-03-17 09:00:00,0,614E1950,0,,,1,0,0
B031,2023-03-17 09:00:00,1,614G2040,0.002883790284,,334.82,1,0,1
B031,2023-03-17 09:00:00,2,61402050,0.03441217649,,306.67,1,0,1
B031,2023-03-17 10:00:00,0,614E1950,0,,,1,0,0
B031,2023-03-17 10:00:00,1,614G2040,0,,334.82,1,0,1
B031,2023-03-17 10:00:00,2,61402050,0,,306.67,1,0,1
B031,2023-03-17 11:00:00,0,614E1950,0,,536.99,1,0,1
B031,2023-03-17 11:00:00,1,614G2040,0,,334.82,1,0,1
B031,2023-03-17 11:00:00,2,61402050,0,,306.67,1,0,1
B031,2023-03-17 12:00:00,0,614E1950,0,,536.98,1,0,1
B031,2023-03-17 12:00:00,1,614G2040,0,,334.54,1,0,1
B031,2023-03-17 12:00:00,2,61402050,0,,306.66,1,0,1
B031,2023-03-17 13:00:00,0,614E1950,0,,536.99,1,0,1
B031,2023-03-17 13:00:00,1,614G2040,0,,334.82,1,0,1
B031,2023-03-17 13:00:00,2,61402050,0,,306.66,1,0,1
B031,2023-03-17 14:00:00,0,614E1950,0,,536.98,1,0,1
B031,2023-03-17 14:00:00,1,614G2040,0,,334.82,1,0,1
B031,2023-03-17 14:00:00,2,61402050,0,,306.66,1,0,1
B031,2023-03-17 15:00:00,0,614E1950,0,,,1,0,0
B031,2023-03-17 15:00:00,1,614G2040,0,,334.83,1,0,1
B031,2023-03-17 15:00:00,2,61402050,0,,306.65,1,0,1
B031,2023-03-17 16:00:00,0,614E1950,0,,,1,0,0
B031,2023-03-17 16:00:00,1,614G2040,0,,334.84,1,0,1
B031,2023-03-17 16:00:00,2,61402050,0,,306.65,1,0,1
B031,2023-03-17 17:00:00,0,614E1950,0,,536.98,1,0,1
B031,2023-03-17 17:00:00,1,614G2040,0,,334.84,1,0,1
B031,2023-03-17 17:00:00,2,61402050,0,,306.65,1,0,1
B031,2023-03-17 18:00:00,0,614E1950,0,,,1,0,0
B031,2023-03-17 18:00:00,1,614G2040,0,,334.84,1,0,1
B031,2023-03-17 18:00:00,2,61402050,0,,306.64,1,0,1
B031,2023-03-17 19:00:00,0,614E1950,0,,536.98,1,0,1
B031,2023-03-17 19:00:00,1,614G2040,0,,334.85,1,0,1
B031,2023-03-17 19:00:00,2,61402050,0,,306.64,1,0,1
B031,2023-03-17 20:00:00,0,614E1950,0,,,1,0,0
B031,2023-03-17 20:00:00,1,614G2040,0,,334.85,1,0,1
B031,2023-03-17 20:00:00,2,61402050,0,,306.64,1,0,1
B031,2023-03-17 21:00:00,0,614E1950,0,,,1,0,0
B031,2023-03-17 21:00:00,1,614G2040,0,,334.85,1,0,1
B031,2023-03-17 21:00:00,2,61402050,0,,306.63,1,0,1
B031,2023-03-17 22:00:00,0,614E1950,0,,,1,0,0
B031,2023-03-17 22:00:00,1,614G2040,0,,334.85,1,0,1
B031,2023-03-17 22:00:00,2,61402050,0,,306.63,1,0,1
B031,2023-03-17 23:00:00,0,614E1950,0,,536.98,1,0,1
B031,2023-03-17 23:00:00,1,614G2040,0,,334.85,1,0,1
B031,2023-03-17 23:00:00,2,61402050,0,,306.63,1,0,1
B031,2023-03-18 00:00:00,0,614E1950,0,,,1,0,0
B031,2023-03-18 00:00:00,1,614G2040,0,,334.84,1,0,1
B031,2023-03-18 00:00:00,2,61402050,0,,306.63,1,0,1
B031,2023-03-18 01:00:00,0,614E1950,0,,,1,0,0
B031,2023-03-18 01:00:00,1,614G2040,0,,334.84,1,0,1
B031,2023-03-18 01:00:00,2,61402050,0,,306.63,1,0,1
B031,2023-03-18 02:00:00,0,614E1950,0,,,1,0,0
B031,2023-03-18 02:00:00,1,614G2040,0,,334.55,1,0,1
B031,2023-03-18 02:00:00,2,61402050,0.09380427893,,306.63,1,0,1
B031,2023-03-18 03:00:00,0,614E1950,0,,536.97,1,0,1
B031,2023-03-18 03:00:00,1,614G2040,0,,334.55,1,0,1
B031,2023-03-18 03:00:00,2,61402050,0.2814128368,,306.62,1,0,1
B031,2023-03-18 04:00:00,0,614E1950,0,,,1,0,0
B031,2023-03-18 04:00:00,1,614G2040,0,,334.83,1,0,1
B031,2023-03-18 04:00:00,2,61402050,0.1407064184,,306.62,1,0,1
B031,2023-03-18 05:00:00,0,614E1950,0.03851981372,,536.97,1,0,1
B031,2023-03-18 05:00:00,1,614G2040,0,,334.83,1,0,1
B031,2023-03-18 05:00:00,2,61402050,0.3752171157,,306.62,1,0,1
B031,2023-03-18 06:00:00,0,614E1950,2.121854462,,,1,0,0
B031,2023-03-18 06:00:00,1,614G2040,1.114818226,,334.83,1,0,1
B031,2023-03-18 06:00:00,2,61402050,1.508171086,,306.62,1,0,1
B031,2023-03-18 07:00:00,0,614E1950,1.809346632,,,1,0,0
B031,2023-03-18 07:00:00,1,614G2040,2.301112334,,334.83,1,0,1
B031,2023-03-18 07:00:00,2,61402050,2.667231429,,306.62,1,0,1
B031,2023-03-18 08:00:00,0,614E1950,0.8242040045,,536.97,1,0,1
B031,2023-03-18 08:00:00,1,614G2040,1.006302992,,334.83,1,0,1
B031,2023-03-18 08:00:00,2,61402050,1.194733608,1.3,306.63,1,1,1
B031,2023-03-18 09:00:00,0,614E1950,2.809037256,,,1,0,0
B031,2023-03-18 09:00:00,1,614G2040,3.100916065,,334.82,1,0,1
B031,2023-03-18 09:00:00,2,61402050,3.149261712,,306.63,1,0,1
B031,2023-03-18 10:00:00,0,614E1950,2.39682386,,,1,0,0
B031,2023-03-18 10:00:00,1,614G2040,2.345996243,,334.82,1,0,1
B031,2023-03-18 10:00:00,2,61402050,3.069963458,,306.63,1,0,1
B031,2023-03-18 11:00:00,0,614E1950,1.357524656,,,1,0,0
B031,2023-03-18 11:00:00,1,614G2040,2.007989589,,334.82,1,0,1
B031,2023-03-18 11:00:00,2,61402050,1.487841567,,306.65,1,0,1
B031,2023-03-18 12:00:00,0,614E1950,1.178599788,,,1,0,0
B031,2023-03-18 12:00:00,1,614G2040,1.46644963,,334.82,1,0,1
B031,2023-03-18 12:00:00,2,61402050,1.920118592,,306.66,1,0,1
B031,2023-03-18 13:00:00,0,614E1950,0.06112736104,,,1,0,0
B031,2023-03-18 13:00:00,1,614G2040,0.02832558603,,334.82,1,0,1
B031,2023-03-18 13:00:00,2,61402050,0.07050461844,,306.67,1,0,1
B031,2023-03-18 14:00:00,0,614E1950,0,,,1,0,0
B031,2023-03-18 14:00:00,1,614G2040,0,,334.81,1,0,1
B031,2023-03-18 14:00:00,2,61402050,0,,306.67,1,0,1
B031,2023-03-18 15:00:00,0,614E1950,0.08028995763,,,1,0,0
B031,2023-03-18 15:00:00,1,614G2040,0.0464949578,,334.81,1,0,1
B031,2023-03-18 15:00:00,2,61402050,0.09019365137,,306.72,1,0,1
B031,2023-03-18 16:00:00,0,614E1950,0.1315344928,,,1,0,0
B031,2023-03-18 16:00:00,1,614G2040,0.3487826461,,334.81,1,0,1
B031,2023-03-18 16:00:00,2,61402050,0.252773512,,306.76,1,0,1
B031,2023-03-18 17:00:00,0,614E1950,0.3716092107,,,1,0,0
B031,2023-03-18 17:00:00,1,614G2040,0.642840747,,334.54,1,0,1
B031,2023-03-18 17:00:00,2,61402050,0.4057876534,,306.76,1,0,1
B031,2023-03-18 18:00:00,0,614E1950,0.0781090516,,,1,0,0
B031,2023-03-18 18:00:00,1,614G2040,0.06179786856,,334.54,1,0,1
B031,2023-03-18 18:00:00,2,61402050,0.02955835246,,306.76,1,0,1
B031,2023-03-18 19:00:00,0,614E1950,0.02231370952,,,1,0,0
B031,2023-03-18 19:00:00,1,614G2040,0.02525483202,,334.54,1,0,1
B031,2023-03-18 19:00:00,2,61402050,0.04651406099,,306.75,1,0,1
B031,2023-03-18 20:00:00,0,614E1950,0,,,1,0,0
B031,2023-03-18 20:00:00,1,614G2040,0,,334.54,1,0,1
B031,2023-03-18 20:00:00,2,61402050,0,,306.74,1,0,1
B031,2023-03-18 21:00:00,0,614E1950,0,,,1,0,0
B031,2023-03-18 21:00:00,1,614G2040,0,,334.54,1,0,1
B031,2023-03-18 21:00:00,2,61402050,0.04690213946,,306.73,1,0,1
B031,2023-03-18 22:00:00,0,614E1950,0,,,1,0,0
B031,2023-03-18 22:00:00,1,614G2040,0,,334.54,1,0,1
B031,2023-03-18 22:00:00,2,61402050,0,,306.73,1,0,1
B031,2023-03-18 23:00:00,0,614E1950,0,,,1,0,0
B031,2023-03-18 23:00:00,1,614G2040,0,,334.54,1,0,1
B031,2023-03-18 23:00:00,2,61402050,0,,306.72,1,0,1
B031,2023-03-19 00:00:00,0,614E1950,0,,,1,0,0
B031,2023-03-19 00:00:00,1,614G2040,0.002883790284,,334.54,1,0,1
B031,2023-03-19 00:00:00,2,61402050,0.03441217649,,306.71,1,0,1
B031,2023-03-19 01:00:00,0,614E1950,0,,,1,0,0
B031,2023-03-19 01:00:00,1,614G2040,0,,334.78,1,0,1
B031,2023-03-19 01:00:00,2,61402050,0.2999823671,,306.71,1,0,1
B031,2023-03-19 02:00:00,0,614E1950,0,,,1,0,0
B031,2023-03-19 02:00:00,1,614G2040,0,,334.54,1,0,1
B031,2023-03-19 02:00:00,2,61402050,0.1407064184,,306.7,1,0,1
B031,2023-03-19 03:00:00,0,614E1950,0.002180906031,,,1,0,0
B031,2023-03-19 03:00:00,1,614G2040,0.03526260275,,334.54,1,0,1
B031,2023-03-19 03:00:00,2,61402050,0.1649250522,,306.7,1,0,1
B031,2023-03-19 04:00:00,0,614E1950,0.01838701023,,,1,0,0
B031,2023-03-19 04:00:00,1,614G2040,0.0127045973,,334.79,1,0,1
B031,2023-03-19 04:00:00,2,61402050,0.07112077328,,306.69,1,0,1
B031,2023-03-19 05:00:00,0,614E1950,1.342073667,,,1,0,0
B031,2023-03-19 05:00:00,1,614G2040,1.769049332,,334.54,1,0,1
B031,2023-03-19 05:00:00,2,61402050,1.762702273,,306.69,1,0,1
B031,2023-03-19 06:00:00,0,614E1950,1.024350906,,,1,0,0
B031,2023-03-19 06:00:00,1,614G2040,1.294289972,,334.54,1,0,1
B031,2023-03-19 06:00:00,2,61402050,1.197467772,,306.69,1,0,1
B031,2023-03-19 07:00:00,0,614E1950,0.8394703467,,,1,0,0
B031,2023-03-19 07:00:00,1,614G2040,1.295600351,,334.54,1,0,1
B031,2023-03-19 07:00:00,2,61402050,2.081657662,,306.69,1,0,1
B031,2023-03-19 08:00:00,0,614E1950,0.5525649663,,,1,0,0
B031,2023-03-19 08:00:00,1,614G2040,0.657726743,,334.54,1,0,1
B031,2023-03-19 08:00:00,2,61402050,0.4231450774,2.05,306.69,1,1,1
B031,2023-03-19 09:00:00,0,614E1950,0.01682037184,,,1,0,0
B031,2023-03-19 09:00:00,1,614G2040,0.01198677812,,334.54,1,0,1
B031,2023-03-19 09:00:00,2,61402050,0.06882435298,,306.69,1,0,1
B031,2023-03-19 10:00:00,0,614E1950,0,,,1,0,0
B031,2023-03-19 10:00:00,1,614G2040,0.04511601091,,334.54,1,0,1
B031,2023-03-19 10:00:00,2,61402050,0.03713906055,,306.69,1,0,1
B031,2023-03-19 11:00:00,0,614E1950,0,,,1,0,0
B031,2023-03-19 11:00:00,1,614G2040,0,,334.78,1,0,1
B031,2023-03-19 11:00:00,2,61402050,0,,306.68,1,0,1
B031,2023-03-19 12:00:00,0,614E1950,0,,,1,0,0
B031,2023-03-19 12:00:00,1,614G2040,0,,334.54,1,0,1
B031,2023-03-19 12:00:00,2,61402050,0,,306.68,1,0,1
B031,2023-03-19 13:00:00,0,614E1950,0,,,1,0,0
B031,2023-03-19 13:00:00,1,614G2040,0,,334.79,1,0,1
B031,2023-03-19 13:00:00,2,61402050,0,,306.68,1,0,1
B031,2023-03-19 14:00:00,0,614E1950,0,,,1,0,0
B031,2023-03-19 14:00:00,1,614G2040,0,,334.8,1,0,1
B031,2023-03-19 14:00:00,2,61402050,0,,306.68,1,0,1
B031,2023-03-19 15:00:00,0,614E1950,0,,,1,0,0
B031,2023-03-19 15:00:00,1,614G2040,0,,334.81,1,0,1
B031,2023-03-19 15:00:00,2,61402050,0.01856953027,,306.68,1,0,1
B031,2023-03-19 16:00:00,0,614E1950,0,,,1,0,0
B031,2023-03-19 16:00:00,1,614G2040,0,,334.82,1,0,1
B031,2023-03-19 16:00:00,2,61402050,0,,306.68,1,0,1
B031,2023-03-19 17:00:00,0,614E1950,0,,,1,0,0
B031,2023-03-19 17:00:00,1,614G2040,0,,334.83,1,0,1
B031,2023-03-19 17:00:00,2,61402050,0,,306.68,1,0,1
B031,2023-03-19 18:00:00,0,614E1950,0,,,1,0,0
B031,2023-03-19 18:00:00,1,614G2040,0,,334.83,1,0,1
B031,2023-03-19 18:00:00,2,61402050,0,,306.67,1,0,1
B031,2023-03-19 19:00:00,0,614E1950,0,,,1,0,0
B031,2023-03-19 19:00:00,1,614G2040,0.02255800546,,334.83,1,0,1
B031,2023-03-19 19:00:00,2,61402050,0,,306.67,1,0,1
B031,2023-03-19 20:00:00,0,614E1950,0,,,1,0,0
B031,2023-03-19 20:00:00,1,614G2040,0,,334.83,1,0,1
B031,2023-03-19 20:00:00,2,61402050,0,,306.67,1,0,1
B031,2023-03-19 21:00:00,0,614E1950,0,,,1,0,0
B031,2023-03-19 21:00:00,1,614G2040,0,,334.83,1,0,1
B031,2023-03-19 21:00:00,2,61402050,0,,306.67,1,0,1
B031,2023-03-19 22:00:00,0,614E1950,0.002180906031,,,1,0,0
B031,2023-03-19 22:00:00,1,614G2040,0.0127045973,,334.84,1,0,1
B031,2023-03-19 22:00:00,2,61402050,0.02421863381,,306.67,1,0,1
B031,2023-03-19 23:00:00,0,614E1950,0,,,1,0,0
B031,2023-03-19 23:00:00,1,614G2040,0,,334.84,1,0,1
B031,2023-03-19 23:00:00,2,61402050,0,,306.67,1,0,1
B031,2023-03-20 00:00:00,0,614E1950,0,,,1,0,0
B031,2023-03-20 00:00:00,1,614G2040,0.02255800546,,334.84,1,0,1
B031,2023-03-20 00:00:00,2,61402050,0,,306.67,1,0,1
B031,2023-03-20 01:00:00,0,614E1950,0,,,1,0,0
B031,2023-03-20 01:00:00,1,614G2040,0,,334.84,1,0,1
B031,2023-03-20 01:00:00,2,61402050,0,,306.67,1,0,1
B031,2023-03-20 02:00:00,0,614E1950,0.06128867977,,,1,0,0
B031,2023-03-20 02:00:00,1,614G2040,0.02633234376,,334.84,1,0,1
B031,2023-03-20 02:00:00,2,61402050,0,,306.66,1,0,1
B031,2023-03-20 03:00:00,0,614E1950,0,,,1,0,0
B031,2023-03-20 03:00:00,1,614G2040,0,,334.84,1,0,1
B031,2023-03-20 03:00:00,2,61402050,0,,306.66,1,0,1
B031,2023-03-20 04:00:00,0,614E1950,0,,,1,0,0
B031,2023-03-20 04:00:00,1,614G2040,0,,334.84,1,0,1
B031,2023-03-20 04:00:00,2,61402050,0,,306.66,1,0,1
B031,2023-03-20 05:00:00,0,614E1950,0,,,1,0,0
B031,2023-03-20 05:00:00,1,614G2040,0,,334.84,1,0,1
B031,2023-03-20 05:00:00,2,61402050,0,,306.66,1,0,1
B031,2023-03-20 06:00:00,0,614E1950,0,,,1,0,0
B031,2023-03-20 06:00:00,1,614G2040,0,,334.84,1,0,1
B031,2023-03-20 06:00:00,2,61402050,0.04690213946,,306.66,1,0,1
B031,2023-03-20 07:00:00,0,614E1950,0.632854924,,,1,0,0
B031,2023-03-20 07:00:00,1,614G2040,0.798982484,,334.84,1,0,1
B031,2023-03-20 07:00:00,2,61402050,0.5758601059,,306.66,1,0,1
B031,2023-03-20 08:00:00,0,614E1950,0,,,1,0,0
B031,2023-03-20 08:00:00,1,614G2040,0,,334.84,1,0,1
B031,2023-03-20 08:00:00,2,61402050,0,1.65,306.66,1,1,1
B031,2023-03-20 09:00:00,0,614E1950,0.02231370952,,,1,0,0
B031,2023-03-20 09:00:00,1,614G2040,0.02255800546,,334.84,1,0,1
B031,2023-03-20 09:00:00,2,61402050,0,,306.66,1,0,1
B031,2023-03-20 10:00:00,0,614E1950,0.02056791626,,,1,0,0
B031,2023-03-20 10:00:00,1,614G2040,0.1688054533,,334.84,1,0,1
B031,2023-03-20 10:00:00,2,61402050,0.04843726763,,306.66,1,0,1
B031,2023-03-20 11:00:00,0,614E1950,0.06112736104,,,1,0,0
B031,2023-03-20 11:00:00,1,614G2040,0,,334.84,1,0,1
B031,2023-03-20 11:00:00,2,61402050,0.00168026546,,306.65,1,0,1
B031,2023-03-20 12:00:00,0,614E1950,0.002180906031,,,1,0,0
B031,2023-03-20 12:00:00,1,614G2040,0.0127045973,,334.84,1,0,1
B031,2023-03-20 12:00:00,2,61402050,0.02421863381,,306.65,1,0,1
B031,2023-03-20 13:00:00,0,614E1950,0,,537.01,1,0,1
B031,2023-03-20 13:00:00,1,614G2040,0,,334.84,1,0,1
B031,2023-03-20 13:00:00,2,61402050,0,,306.65,1,0,1
B031,2023-03-20 14:00:00,0,614E1950,0,,,1,0,0
B031,2023-03-20 14:00:00,1,614G2040,0,,334.84,1,0,1
B031,2023-03-20 14:00:00,2,61402050,0,,306.65,1,0,1
B031,2023-03-20 15:00:00,0,614E1950,0,,537.01,1,0,1
B031,2023-03-20 15:00:00,1,614G2040,0,,334.84,1,0,1
B031,2023-03-20 15:00:00,2,61402050,0,,306.65,1,0,1
B031,2023-03-20 16:00:00,0,614E1950,0,,537.01,1,0,1
B031,2023-03-20 16:00:00,1,614G2040,0.0004129397303,,334.84,1,0,1
B031,2023-03-20 16:00:00,2,61402050,0.0004457131451,,306.65,1,0,1
B031,2023-03-20 17:00:00,0,614E1950,0,,537.01,1,0,1
B031,2023-03-20 17:00:00,1,614G2040,0,,334.85,1,0,1
B031,2023-03-20 17:00:00,2,61402050,0,,306.65,1,0,1
B031,2023-03-20 18:00:00,0,614E1950,0,,537.01,1,0,1
B031,2023-03-20 18:00:00,1,614G2040,0,,334.85,1,0,1
B031,2023-03-20 18:00:00,2,61402050,0,,306.65,1,0,1
B031,2023-03-20 19:00:00,0,614E1950,0,,537.01,1,0,1
B031,2023-03-20 19:00:00,1,614G2040,0,,334.85,1,0,1
B031,2023-03-20 19:00:00,2,61402050,0,,306.64,1,0,1
B031,2023-03-20 20:00:00,0,614E1950,0,,537,1,0,1
B031,2023-03-20 20:00:00,1,614G2040,0,,334.85,1,0,1
B031,2023-03-20 20:00:00,2,61402050,0,,306.64,1,0,1
B031,2023-03-20 21:00:00,0,614E1950,0,,537.01,1,0,1
B031,2023-03-20 21:00:00,1,614G2040,0,,334.85,1,0,1
B031,2023-03-20 21:00:00,2,61402050,0,,306.64,1,0,1
B031,2023-03-20 22:00:00,0,614E1950,0,,537,1,0,1
B031,2023-03-20 22:00:00,1,614G2040,0,,334.85,1,0,1
B031,2023-03-20 22:00:00,2,61402050,0,,306.64,1,0,1
B031,2023-03-20 23:00:00,0,614E1950,0,,537,1,0,1
B031,2023-03-20 23:00:00,1,614G2040,0,,334.85,1,0,1
B031,2023-03-20 23:00:00,2,61402050,0,,306.64,1,0,1
B031,2023-03-21 00:00:00,0,614E1950,0,,537,1,0,1
B031,2023-03-21 00:00:00,1,614G2040,0,,334.85,1,0,1
B031,2023-03-21 00:00:00,2,61402050,0,,306.64,1,0,1
B031,2023-03-21 01:00:00,0,614E1950,0,,537,1,0,1
B031,2023-03-21 01:00:00,1,614G2040,0,,334.85,1,0,1
B031,2023-03-21 01:00:00,2,61402050,0,,306.64,1,0,1
B031,2023-03-21 02:00:00,0,614E1950,0,,536.99,1,0,1
B031,2023-03-21 02:00:00,1,614G2040,0,,334.85,1,0,1
B031,2023-03-21 02:00:00,2,61402050,0,,306.63,1,0,1
B031,2023-03-21 03:00:00,0,614E1950,0,,536.99,1,0,1
B031,2023-03-21 03:00:00,1,614G2040,0.02255800546,,334.85,1,0,1
B031,2023-03-21 03:00:00,2,61402050,0,,306.63,1,0,1
B031,2023-03-21 04:00:00,0,614E1950,0.002180906031,,536.99,1,0,1
B031,2023-03-21 04:00:00,1,614G2040,0.0127045973,,334.85,1,0,1
B031,2023-03-21 04:00:00,2,61402050,0.02421863381,,306.63,1,0,1
B031,2023-03-21 05:00:00,0,614E1950,0.01900127787,,536.99,1,0,1
B031,2023-03-21 05:00:00,1,614G2040,0.03919791348,,334.86,1,0,1
B031,2023-03-21 05:00:00,2,61402050,0.02421863381,,306.63,1,0,1
B031,2023-03-21 06:00:00,0,614E1950,0.03338289761,,536.99,1,0,1
B031,2023-03-21 06:00:00,1,614G2040,0.02539395017,,334.86,1,0,1
B031,2023-03-21 06:00:00,2,61402050,0.0548221699,,306.63,1,0,1
B031,2023-03-21 07:00:00,0,614E1950,0.1563931623,,536.99,1,0,1
B031,2023-03-21 07:00:00,1,614G2040,0.2567812019,,334.85,1,0,1
B031,2023-03-21 07:00:00,2,61402050,0.1391981221,,306.63,1,0,1
B031,2023-03-21 08:00:00,0,614E1950,0.1675730144,,536.99,1,0,1
B031,2023-03-21 08:00:00,1,614G2040,0.1256058626,,334.85,1,0,1
B031,2023-03-21 08:00:00,2,61402050,0.09227157381,1.3,306.63,1,1,1
B031,2023-03-21 09:00:00,0,614E1950,0.01900127787,,536.99,1,0,1
B031,2023-03-21 09:00:00,1,614G2040,0.04148180031,,334.85,1,0,1
B031,2023-03-21 09:00:00,2,61402050,0.07028698166,,306.63,1,0,1
B031,2023-03-21 10:00:00,0,614E1950,0.01900127787,,536.98,1,0,1
B031,2023-03-21 10:00:00,1,614G2040,0.183007112,,334.85,1,0,1
B031,2023-03-21 10:00:00,2,61402050,0.02466434696,,306.63,1,0,1
B031,2023-03-21 11:00:00,0,614E1950,0,,536.99,1,0,1
B031,2023-03-21 11:00:00,1,614G2040,0,,334.85,1,0,1
B031,2023-03-21 11:00:00,2,61402050,0,,306.63,1,0,1
B031,2023-03-21 12:00:00,0,614E1950,0,,536.98,1,0,1
B031,2023-03-21 12:00:00,1,614G2040,0,,334.85,1,0,1
B031,2023-03-21 12:00:00,2,61402050,0,,306.63,1,0,1
B031,2023-03-21 13:00:00,0,614E1950,0,,536.98,1,0,1
B031,2023-03-21 13:00:00,1,614G2040,0,,334.86,1,0,1
B031,2023-03-21 13:00:00,2,61402050,0,,306.63,1,0,1
B031,2023-03-21 14:00:00,0,614E1950,0,,536.98,1,0,1
B031,2023-03-21 14:00:00,1,614G2040,0,,334.86,1,0,1
B031,2023-03-21 14:00:00,2,61402050,0,,306.63,1,0,1
B031,2023-03-21 15:00:00,0,614E1950,0,,536.98,1,0,1
B031,2023-03-21 15:00:00,1,614G2040,0,,334.87,1,0,1
B031,2023-03-21 15:00:00,2,61402050,0,,306.63,1,0,1
B031,2023-03-21 16:00:00,0,614E1950,0,,536.98,1,0,1
B031,2023-03-21 16:00:00,1,614G2040,0,,334.87,1,0,1
B031,2023-03-21 16:00:00,2,61402050,0,,306.63,1,0,1
B031,2023-03-21 17:00:00,0,614E1950,0,,536.98,1,0,1
B031,2023-03-21 17:00:00,1,614G2040,0,,334.86,1,0,1
B031,2023-03-21 17:00:00,2,61402050,0,,306.63,1,0,1
B031,2023-03-21 18:00:00,0,614E1950,0,,536.98,1,0,1
B031,2023-03-21 18:00:00,1,614G2040,0,,334.86,1,0,1
B031,2023-03-21 18:00:00,2,61402050,0,,306.63,1,0,1
B031,2023-03-21 19:00:00,0,614E1950,0,,536.98,1,0,1
B031,2023-03-21 19:00:00,1,614G2040,0,,334.86,1,0,1
B031,2023-03-21 19:00:00,2,61402050,0.04690213946,,306.63,1,0,1
B031,2023-03-21 20:00:00,0,614E1950,0,,536.98,1,0,1
B031,2023-03-21 20:00:00,1,614G2040,0,,334.86,1,0,1
B031,2023-03-21 20:00:00,2,61402050,1.266357766,,306.63,1,0,1
B031,2023-03-21 21:00:00,0,614E1950,0,,536.98,1,0,1
B031,2023-03-21 21:00:00,1,614G2040,0,,334.86,1,0,1
B031,2023-03-21 21:00:00,2,61402050,1.969889857,,306.62,1,0,1
B031,2023-03-21 22:00:00,0,614E1950,0,,536.97,1,0,1
B031,2023-03-21 22:00:00,1,614G2040,0,,334.86,1,0,1
B031,2023-03-21 22:00:00,2,61402050,0.609727813,,306.62,1,0,1
B031,2023-03-21 23:00:00,0,614E1950,0.4459116439,,536.98,1,0,1
B031,2023-03-21 23:00:00,1,614G2040,0.4077476792,,334.86,1,0,1
B031,2023-03-21 23:00:00,2,61402050,0.8019012422,,306.62,1,0,1
B031,2023-03-22 00:00:00,0,614E1950,11.49462121,,536.98,1,0,1
B031,2023-03-22 00:00:00,1,614G2040,12.21673759,,334.86,1,0,1
B031,2023-03-22 00:00:00,2,61402050,12.37784653,,306.62,1,0,1
B031,2023-03-22 01:00:00,0,614E1950,18.41764274,,537.01,1,0,1
B031,2023-03-22 01:00:00,1,614G2040,23.60896321,,334.88,1,0,1
B031,2023-03-22 01:00:00,2,61402050,19.54037181,,306.66,1,0,1
B031,2023-03-22 02:00:00,0,614E1950,8.822505741,,537.22,1,0,1
B031,2023-03-22 02:00:00,1,614G2040,8.106085658,,334.94,1,0,1
B031,2023-03-22 02:00:00,2,61402050,7.064973763,,306.93,1,0,1
B031,2023-03-22 03:00:00,0,614E1950,7.297779249,,537.54,1,0,1
B031,2023-03-22 03:00:00,1,614G2040,9.114377029,,334.99,1,0,1
B031,2023-03-22 03:00:00,2,61402050,5.900784805,,307.17,1,0,1
B031,2023-03-22 04:00:00,0,614E1950,1.917837914,,537.81,1,0,1
B031,2023-03-22 04:00:00,1,614G2040,2.581887992,,335.01,1,0,1
B031,2023-03-22 04:00:00,2,61402050,2.327358079,,307.3,1,0,1
B031,2023-03-22 05:00:00,0,614E1950,0.8840812313,,537.88,1,0,1
B031,2023-03-22 05:00:00,1,614G2040,1.546224268,,335.02,1,0,1
B031,2023-03-22 05:00:00,2,61402050,2.253565316,,307.3,1,0,1
B031,2023-03-22 06:00:00,0,614E1950,0.6785750661,,537.86,1,0,1
B031,2023-03-22 06:00:00,1,614G2040,0.5170669629,,335.02,1,0,1
B031,2023-03-22 06:00:00,2,61402050,0.8326374921,,307.27,1,0,1
B031,2023-03-22 07:00:00,0,614E1950,9.524982729,,537.83,1,0,1
B031,2023-03-22 07:00:00,1,614G2040,10.92007075,,334.99,1,0,1
B031,2023-03-22 07:00:00,2,61402050,7.527822778,,307.22,1,0,1
B031,2023-03-22 08:00:00,0,614E1950,0.480400428,,537.78,1,0,1
B031,2023-03-22 08:00:00,1,614G2040,0.5737109186,,334.99,1,0,1
B031,2023-03-22 08:00:00,2,61402050,1.190570174,22.6,307.18,1,1,1
B031,2023-03-22 09:00:00,0,614E1950,0,,537.73,1,0,1
B031,2023-03-22 09:00:00,1,614G2040,0.1433962588,,334.94,1,0,1
B031,2023-03-22 09:00:00,2,61402050,0.009148359047,,307.14,1,0,1
B031,2023-03-22 10:00:00,0,614E1950,0.01682037184,,537.67,1,0,1
B031,2023-03-22 10:00:00,1,614G2040,0.003935310725,,334.91,1,0,1
B031,2023-03-22 10:00:00,2,61402050,0,,307.1,1,0,1
B031,2023-03-22 11:00:00,0,614E1950,0,,537.58,1,0,1
B031,2023-03-22 11:00:00,1,614G2040,0,,334.87,1,0,1
B031,2023-03-22 11:00:00,2,61402050,0,,307.07,1,0,1
B031,2023-03-22 12:00:00,0,614E1950,0,,537.53,1,0,1
B031,2023-03-22 12:00:00,1,614G2040,0.00228388683,,334.88,1,0,1
B031,2023-03-22 12:00:00,2,61402050,0,,307.04,1,0,1
B031,2023-03-22 13:00:00,0,614E1950,0,,537.48,1,0,1
B031,2023-03-22 13:00:00,1,614G2040,0,,334.88,1,0,1
B031,2023-03-22 13:00:00,2,61402050,0,,307.01,1,0,1
B031,2023-03-22 14:00:00,0,614E1950,0,,537.44,1,0,1
B031,2023-03-22 14:00:00,1,614G2040,0,,334.88,1,0,1
B031,2023-03-22 14:00:00,2,61402050,0,,306.99,1,0,1
B031,2023-03-22 15:00:00,0,614E1950,0,,537.41,1,0,1
B031,2023-03-22 15:00:00,1,614G2040,0,,334.89,1,0,1
B031,2023-03-22 15:00:00,2,61402050,0,,306.97,1,0,1
B031,2023-03-22 16:00:00,0,614E1950,0,,537.38,1,0,1
B031,2023-03-22 16:00:00,1,614G2040,0,,334.89,1,0,1
B031,2023-03-22 16:00:00,2,61402050,0,,306.95,1,0,1
B031,2023-03-22 17:00:00,0,614E1950,0,,537.35,1,0,1
B031,2023-03-22 17:00:00,1,614G2040,0,,334.89,1,0,1
B031,2023-03-22 17:00:00,2,61402050,0,,306.93,1,0,1
B031,2023-03-22 18:00:00,0,614E1950,0,,537.33,1,0,1
B031,2023-03-22 18:00:00,1,614G2040,0,,334.89,1,0,1
B031,2023-03-22 18:00:00,2,61402050,0,,306.92,1,0,1
B031,2023-03-22 19:00:00,0,614E1950,0,,537.31,1,0,1
B031,2023-03-22 19:00:00,1,614G2040,0,,334.89,1,0,1
B031,2023-03-22 19:00:00,2,61402050,0,,306.9,1,0,1
B031,2023-03-22 20:00:00,0,614E1950,0,,537.3,1,0,1
B031,2023-03-22 20:00:00,1,614G2040,0,,334.89,1,0,1
B031,2023-03-22 20:00:00,2,61402050,0,,306.89,1,0,1
B031,2023-03-22 21:00:00,0,614E1950,0,,537.28,1,0,1
B031,2023-03-22 21:00:00,1,614G2040,0,,334.89,1,0,1
B031,2023-03-22 21:00:00,2,61402050,0,,306.87,1,0,1
B031,2023-03-22 22:00:00,0,614E1950,0,,537.26,1,0,1
B031,2023-03-22 22:00:00,1,614G2040,0,,334.88,1,0,1
B031,2023-03-22 22:00:00,2,61402050,0.1876085579,,306.86,1,0,1
B031,2023-03-22 23:00:00,0,614E1950,0,,537.25,1,0,1
B031,2023-03-22 23:00:00,1,614G2040,0,,334.88,1,0,1
B031,2023-03-22 23:00:00,2,61402050,0.1407064184,,306.85,1,0,1
B031,2023-03-23 00:00:00,0,614E1950,0,,537.24,1,0,1
B031,2023-03-23 00:00:00,1,614G2040,0,,334.88,1,0,1
B031,2023-03-23 00:00:00,2,61402050,0.1407064184,,306.84,1,0,1
B031,2023-03-23 01:00:00,0,614E1950,0,,537.23,1,0,1
B031,2023-03-23 01:00:00,1,614G2040,0,,334.88,1,0,1
B031,2023-03-23 01:00:00,2,61402050,0.2814128368,,306.83,1,0,1
B031,2023-03-23 02:00:00,0,614E1950,1.65044528,,537.22,1,0,1
B031,2023-03-23 02:00:00,1,614G2040,1.586572505,,334.88,1,0,1
B031,2023-03-23 02:00:00,2,61402050,1.864707897,,306.82,1,0,1
B031,2023-03-23 03:00:00,0,614E1950,1.217619035,,537.21,1,0,1
B031,2023-03-23 03:00:00,1,614G2040,1.666853724,,334.88,1,0,1
B031,2023-03-23 03:00:00,2,61402050,1.367075056,,306.82,1,0,1
B031,2023-03-23 04:00:00,0,614E1950,1.384111943,,537.2,1,0,1
B031,2023-03-23 04:00:00,1,614G2040,1.005495242,,334.89,1,0,1
B031,2023-03-23 04:00:00,2,61402050,1.405866998,,306.82,1,0,1
B031,2023-03-23 05:00:00,0,614E1950,2.075273344,,537.22,1,0,1
B031,2023-03-23 05:00:00,1,614G2040,3.423270305,,334.89,1,0,1
B031,2023-03-23 05:00:00,2,61402050,2.633912622,,306.82,1,0,1
B031,2023-03-23 06:00:00,0,614E1950,1.651280271,,537.22,1,0,1
B031,2023-03-23 06:00:00,1,614G2040,2.540624299,,334.89,1,0,1
B031,2023-03-23 06:00:00,2,61402050,1.706537785,,306.83,1,0,1
B031,2023-03-23 07:00:00,0,614E1950,2.249131719,,537.22,1,0,1
B031,2023-03-23 07:00:00,1,614G2040,1.206440014,,334.88,1,0,1
B031,2023-03-23 07:00:00,2,61402050,1.508216772,,306.83,1,0,1
B031,2023-03-23 08:00:00,0,614E1950,0.2889179057,,537.22,1,0,1
B031,2023-03-23 08:00:00,1,614G2040,0.140291492,,334.88,1,0,1
B031,2023-03-23 08:00:00,2,61402050,0.393959864,6.18,306.83,1,1,1
B031,2023-03-23 09:00:00,0,614E1950,0.05264202154,,537.22,1,0,1
B031,2023-03-23 09:00:00,1,614G2040,0.04748147466,,334.87,1,0,1
B031,2023-03-23 09:00:00,2,61402050,0.02466434696,,306.83,1,0,1
B031,2023-03-23 10:00:00,0,614E1950,0.08247086366,,537.22,1,0,1
B031,2023-03-23 10:00:00,1,614G2040,0.2954628364,,334.87,1,0,1
B031,2023-03-23 10:00:00,2,61402050,0.05900198951,,306.84,1,0,1
B031,2023-03-23 11:00:00,0,614E1950,0.02231370952,,537.22,1,0,1
B031,2023-03-23 11:00:00,1,614G2040,0,,334.87,1,0,1
B031,2023-03-23 11:00:00,2,61402050,0,,306.85,1,0,1
B031,2023-03-23 12:00:00,0,614E1950,0,,537.22,1,0,1
B031,2023-03-23 12:00:00,1,614G2040,0,,334.88,1,0,1
B031,2023-03-23 12:00:00,2,61402050,0,,306.85,1,0,1
B031,2023-03-23 13:00:00,0,614E1950,0.004361812061,,537.22,1,0,1
B031,2023-03-23 13:00:00,1,614G2040,0.02540919459,,334.88,1,0,1
B031,2023-03-23 13:00:00,2,61402050,0.09533940709,,306.84,1,0,1
B031,2023-03-23 14:00:00,0,614E1950,0.004361812061,,537.22,1,0,1
B031,2023-03-23 14:00:00,1,614G2040,0.02540919459,,334.88,1,0,1
B031,2023-03-23 14:00:00,2,61402050,0.04843726763,,306.84,1,0,1
B031,2023-03-23 15:00:00,0,614E1950,0.02449461555,,537.22,1,0,1
B031,2023-03-23 15:00:00,1,614G2040,0.0127045973,,334.88,1,0,1
B031,2023-03-23 15:00:00,2,61402050,0.02421863381,,306.83,1,0,1
B031,2023-03-23 16:00:00,0,614E1950,0.04454527383,,537.21,1,0,1
B031,2023-03-23 16:00:00,1,614G2040,0.2373478721,,334.88,1,0,1
B031,2023-03-23 16:00:00,2,61402050,0.1679953085,,306.83,1,0,1
B031,2023-03-23 17:00:00,0,614E1950,0.2456628648,,537.21,1,0,1
B031,2023-03-23 17:00:00,1,614G2040,0.490744167,,334.88,1,0,1
B031,2023-03-23 17:00:00,2,61402050,0.3644637679,,306.82,1,0,1
B031,2023-03-23 18:00:00,0,614E1950,0.3779445846,,537.2,1,0,1
B031,2023-03-23 18:00:00,1,614G2040,0.6057887904,,334.88,1,0,1
B031,2023-03-23 18:00:00,2,61402050,0.3756714773,,306.82,1,0,1
B031,2023-03-23 19:00:00,0,614E1950,0.3547765975,,537.2,1,0,1
B031,2023-03-23 19:00:00,1,614G2040,0.5326149886,,334.88,1,0,1
B031,2023-03-23 19:00:00,2,61402050,0.3816885,,306.81,1,0,1
B031,2023-03-23 20:00:00,0,614E1950,0.159446182,,537.19,1,0,1
B031,2023-03-23 20:00:00,1,614G2040,0.2347977831,,334.88,1,0,1
B031,2023-03-23 20:00:00,2,61402050,0.09855480071,,306.81,1,0,1
B031,2023-03-23 21:00:00,0,614E1950,0.07164329941,,537.19,1,0,1
B031,2023-03-23 21:00:00,1,614G2040,0.06659223323,,334.88,1,0,1
B031,2023-03-23 21:00:00,2,61402050,0.09199780316,,306.81,1,0,1
B031,2023-03-23 22:00:00,0,614E1950,0.3512974224,,537.19,1,0,1
B031,2023-03-23 22:00:00,1,614G2040,0.7140267041,,334.88,1,0,1
B031,2023-03-23 22:00:00,2,61402050,0.4843339976,,306.8,1,0,1
B031,2023-03-23 23:00:00,0,614E1950,0.3295030564,,537.18,1,0,1
B031,2023-03-23 23:00:00,1,614G2040,0.9345351225,,334.88,1,0,1
B031,2023-03-23 23:00:00,2,61402050,0.5929692361,,306.8,1,0,1
B031,2023-03-24 00:00:00,0,614E1950,0.1687815059,,537.18,1,0,1
B031,2023-03-24 00:00:00,1,614G2040,0.07183914881,,334.88,1,0,1
B031,2023-03-24 00:00:00,2,61402050,0.2300432152,,306.8,1,0,1
B031,2023-03-24 01:00:00,0,614E1950,0.06031626526,,537.17,1,0,1
B031,2023-03-24 01:00:00,1,614G2040,0.1766760748,,334.88,1,0,1
B031,2023-03-24 01:00:00,2,61402050,0.04843726763,,306.79,1,0,1
B031,2023-03-24 02:00:00,0,614E1950,0.0211821839,,537.17,1,0,1
B031,2023-03-24 02:00:00,1,614G2040,0.05190251077,,334.88,1,0,1
B031,2023-03-24 02:00:00,2,61402050,0.04843726763,,306.79,1,0,1
B031,2023-03-24 03:00:00,0,614E1950,0.2351164815,,537.17,1,0,1
B031,2023-03-24 03:00:00,1,614G2040,0.2969863231,,334.89,1,0,1
B031,2023-03-24 03:00:00,2,61402050,0.1208502279,,306.78,1,0,1
B031,2023-03-24 04:00:00,0,614E1950,0.6146718205,,537.17,1,0,1
B031,2023-03-24 04:00:00,1,614G2040,1.022618892,,334.89,1,0,1
B031,2023-03-24 04:00:00,2,61402050,0.6539714544,,306.78,1,0,1
B031,2023-03-24 05:00:00,0,614E1950,0.2767797758,,537.16,1,0,1
B031,2023-03-24 05:00:00,1,614G2040,0.3883935583,,334.89,1,0,1
B031,2023-03-24 05:00:00,2,61402050,0.3484907717,,306.78,1,0,1
B031,2023-03-24 06:00:00,0,614E1950,0.1735861779,,537.16,1,0,1
B031,2023-03-24 06:00:00,1,614G2040,0.1095621466,,334.89,1,0,1
B031,2023-03-24 06:00:00,2,61402050,0.0743361669,,306.79,1,0,1
B031,2023-03-24 07:00:00,0,614E1950,2.551904998,,537.16,1,0,1
B031,2023-03-24 07:00:00,1,614G2040,6.070682965,,334.88,1,0,1
B031,2023-03-24 07:00:00,2,61402050,4.733147373,,306.78,1,0,1
B031,2023-03-24 08:00:00,0,614E1950,0,,537.15,1,0,1
B031,2023-03-24 08:00:00,1,614G2040,0,,334.88,1,0,1
B031,2023-03-24 08:00:00,2,61402050,0,8.41,306.78,1,1,1
B031,2023-03-24 09:00:00,0,614E1950,0,,537.15,1,0,1
B031,2023-03-24 09:00:00,1,614G2040,0,,334.88,1,0,1
B031,2023-03-24 09:00:00,2,61402050,0,,306.77,1,0,1
B031,2023-03-24 10:00:00,0,614E1950,0.0162061042,,537.15,1,0,1
B031,2023-03-24 10:00:00,1,614G2040,0,,334.88,1,0,1
B031,2023-03-24 10:00:00,2,61402050,0,,306.77,1,0,1
B031,2023-03-24 11:00:00,0,614E1950,0,,537.14,1,0,1
B031,2023-03-24 11:00:00,1,614G2040,0.02255800546,,334.88,1,0,1
B031,2023-03-24 11:00:00,2,61402050,0,,306.77,1,0,1
B031,2023-03-24 12:00:00,0,614E1950,0.002180906031,,537.14,1,0,1
B031,2023-03-24 12:00:00,1,614G2040,0.0127045973,,334.88,1,0,1
B031,2023-03-24 12:00:00,2,61402050,0.02421863381,,306.77,1,0,1
B031,2023-03-24 13:00:00,0,614E1950,0,,537.14,1,0,1
B031,2023-03-24 13:00:00,1,614G2040,0,,334.89,1,0,1
B031,2023-03-24 13:00:00,2,61402050,0,,306.77,1,0,1
B031,2023-05-23 23:00:00,0,614E1950,0,,536.94,1,0,1
B031,2023-05-23 23:00:00,1,614G2040,0,,,1,0,0
B031,2023-05-23 23:00:00,2,61402050,0,,306.69,1,0,1
B031,2023-05-24 00:00:00,0,614E1950,0,,536.94,1,0,1
B031,2023-05-24 00:00:00,1,614G2040,0,,,1,0,0
B031,2023-05-24 00:00:00,2,61402050,0,,306.69,1,0,1
B031,2023-05-24 01:00:00,0,614E1950,0,,536.94,1,0,1
B031,2023-05-24 01:00:00,1,614G2040,0,,,1,0,0
B031,2023-05-24 01:00:00,2,61402050,0,,306.69,1,0,1
B031,2023-05-24 02:00:00,0,614E1950,0,,536.94,1,0,1
B031,2023-05-24 02:00:00,1,614G2040,0,,,1,0,0
B031,2023-05-24 02:00:00,2,61402050,0,,306.69,1,0,1
B031,2023-05-24 03:00:00,0,614E1950,0,,536.94,1,0,1
B031,2023-05-24 03:00:00,1,614G2040,0,,,1,0,0
B031,2023-05-24 03:00:00,2,61402050,0,,306.69,1,0,1
B031,2023-05-24 04:00:00,0,614E1950,0,,536.94,1,0,1
B031,2023-05-24 04:00:00,1,614G2040,0,,,1,0,0
B031,2023-05-24 04:00:00,2,61402050,0,,306.68,1,0,1
B031,2023-05-24 05:00:00,0,614E1950,0,,536.94,1,0,1
B031,2023-05-24 05:00:00,1,614G2040,0,,,1,0,0
B031,2023-05-24 05:00:00,2,61402050,0,,306.68,1,0,1
B031,2023-05-24 06:00:00,0,614E1950,0,,536.94,1,0,1
B031,2023-05-24 06:00:00,1,614G2040,0,,,1,0,0
B031,2023-05-24 06:00:00,2,61402050,0,,306.68,1,0,1
B031,2023-05-24 07:00:00,0,614E1950,0.4018249033,,536.94,1,0,1
B031,2023-05-24 07:00:00,1,614G2040,0.3395658133,,,1,0,0
B031,2023-05-24 07:00:00,2,61402050,0.4148746624,,306.68,1,0,1
B031,2023-05-24 08:00:00,0,614E1950,0,,536.94,1,0,1
B031,2023-05-24 08:00:00,1,614G2040,0,,,1,0,0
B031,2023-05-24 08:00:00,2,61402050,0,1.67,306.68,1,1,1
B031,2023-05-24 09:00:00,0,614E1950,0,,536.94,1,0,1
B031,2023-05-24 09:00:00,1,614G2040,0,,,1,0,0
B031,2023-05-24 09:00:00,2,61402050,0,,306.69,1,0,1
B031,2023-05-24 10:00:00,0,614E1950,0,,536.94,1,0,1
B031,2023-05-24 10:00:00,1,614G2040,0,,,1,0,0
B031,2023-05-24 10:00:00,2,61402050,0,,306.69,1,0,1
B031,2023-05-24 11:00:00,0,614E1950,0,,536.93,1,0,1
B031,2023-05-24 11:00:00,1,614G2040,0,,,1,0,0
B031,2023-05-24 11:00:00,2,61402050,0,,306.69,1,0,1
B031,2023-05-24 12:00:00,0,614E1950,0.01717679341,,536.93,1,0,1
B031,2023-05-24 12:00:00,1,614G2040,0.01810572492,,,1,0,0
B031,2023-05-24 12:00:00,2,61402050,0,,306.69,1,0,1
B031,2023-05-24 13:00:00,0,614E1950,0,,536.93,1,0,1
B031,2023-05-24 13:00:00,1,614G2040,0,,,1,0,0
B031,2023-05-24 13:00:00,2,61402050,0,,306.69,1,0,1
B031,2023-05-24 14:00:00,0,614E1950,0,,536.93,1,0,1
B031,2023-05-24 14:00:00,1,614G2040,0,,,1,0,0
B031,2023-05-24 14:00:00,2,61402050,0,,306.69,1,0,1
B031,2023-05-24 15:00:00,0,614E1950,0,,536.93,1,0,1
B031,2023-05-24 15:00:00,1,614G2040,0,,,1,0,0
B031,2023-05-24 15:00:00,2,61402050,0,,306.69,1,0,1
B031,2023-05-24 16:00:00,0,614E1950,0,,536.93,1,0,1
B031,2023-05-24 16:00:00,1,614G2040,0,,,1,0,0
B031,2023-05-24 16:00:00,2,61402050,0,,306.69,1,0,1
B031,2023-05-24 17:00:00,0,614E1950,0,,536.93,1,0,1
B031,2023-05-24 17:00:00,1,614G2040,0,,,1,0,0
B031,2023-05-24 17:00:00,2,61402050,0,,306.69,1,0,1
B031,2023-05-24 18:00:00,0,614E1950,0,,536.93,1,0,1
B031,2023-05-24 18:00:00,1,614G2040,0,,,1,0,0
B031,2023-05-24 18:00:00,2,61402050,0,,306.69,1,0,1
B031,2023-05-24 19:00:00,0,614E1950,0,,536.93,1,0,1
B031,2023-05-24 19:00:00,1,614G2040,0,,,1,0,0
B031,2023-05-24 19:00:00,2,61402050,0,,306.69,1,0,1
B031,2023-05-24 20:00:00,0,614E1950,0,,536.93,1,0,1
B031,2023-05-24 20:00:00,1,614G2040,0,,,1,0,0
B031,2023-05-24 20:00:00,2,61402050,0,,306.69,1,0,1
B031,2023-05-24 21:00:00,0,614E1950,0,,536.93,1,0,1
B031,2023-05-24 21:00:00,1,614G2040,0,,,1,0,0
B031,2023-05-24 21:00:00,2,61402050,0,,306.69,1,0,1
B031,2023-05-24 22:00:00,0,614E1950,0,,536.93,1,0,1
B031,2023-05-24 22:00:00,1,614G2040,0,,,1,0,0
B031,2023-05-24 22:00:00,2,61402050,0,,306.68,1,0,1
B031,2023-05-24 23:00:00,0,614E1950,0,,536.93,1,0,1
B031,2023-05-24 23:00:00,1,614G2040,0,,,1,0,0
B031,2023-05-24 23:00:00,2,61402050,0,,306.68,1,0,1
B031,2023-05-25 00:00:00,0,614E1950,0,,536.93,1,0,1
B031,2023-05-25 00:00:00,1,614G2040,0,,,1,0,0
B031,2023-05-25 00:00:00,2,61402050,0,,306.68,1,0,1
B031,2023-05-25 01:00:00,0,614E1950,0,,536.93,1,0,1
B031,2023-05-25 01:00:00,1,614G2040,0,,,1,0,0
B031,2023-05-25 01:00:00,2,61402050,0,,306.68,1,0,1
B031,2023-05-25 02:00:00,0,614E1950,0,,536.93,1,0,1
B031,2023-05-25 02:00:00,1,614G2040,0,,,1,0,0
B031,2023-05-25 02:00:00,2,61402050,0,,306.68,1,0,1
B031,2023-05-25 03:00:00,0,614E1950,0,,536.93,1,0,1
B031,2023-05-25 03:00:00,1,614G2040,0,,,1,0,0
B031,2023-05-25 03:00:00,2,61402050,0,,306.68,1,0,1
B031,2023-05-25 04:00:00,0,614E1950,0,,536.93,1,0,1
B031,2023-05-25 04:00:00,1,614G2040,0,,,1,0,0
B031,2023-05-25 04:00:00,2,61402050,0,,306.68,1,0,1
B031,2023-05-25 05:00:00,0,614E1950,0,,536.93,1,0,1
B031,2023-05-25 05:00:00,1,614G2040,0,,,1,0,0
B031,2023-05-25 05:00:00,2,61402050,0,,306.68,1,0,1
B031,2023-05-25 06:00:00,0,614E1950,0,,536.93,1,0,1
B031,2023-05-25 06:00:00,1,614G2040,0,,,1,0,0
B031,2023-05-25 06:00:00,2,61402050,0,,306.68,1,0,1
B031,2023-05-25 07:00:00,0,614E1950,0.01717679341,,536.93,1,0,1
B031,2023-05-25 07:00:00,1,614G2040,0.01810572492,,,1,0,0
B031,2023-05-25 07:00:00,2,61402050,0,,306.68,1,0,1
B031,2023-05-25 08:00:00,0,614E1950,0,,536.93,1,0,1
B031,2023-05-25 08:00:00,1,614G2040,0,,,1,0,0
B031,2023-05-25 08:00:00,2,61402050,0,1.67,306.68,1,1,1
B031,2023-05-25 09:00:00,0,614E1950,0,,536.93,1,0,1
B031,2023-05-25 09:00:00,1,614G2040,0,,,1,0,0
B031,2023-05-25 09:00:00,2,61402050,0,,306.68,1,0,1
B031,2023-05-25 10:00:00,0,614E1950,0,,536.93,1,0,1
B031,2023-05-25 10:00:00,1,614G2040,0,,,1,0,0
B031,2023-05-25 10:00:00,2,61402050,0,,306.68,1,0,1
B031,2023-05-25 11:00:00,0,614E1950,0,,536.93,1,0,1
B031,2023-05-25 11:00:00,1,614G2040,0,,,1,0,0
B031,2023-05-25 11:00:00,2,61402050,0,,306.68,1,0,1
B031,2023-05-25 12:00:00,0,614E1950,0,,536.93,1,0,1
B031,2023-05-25 12:00:00,1,614G2040,0,,,1,0,0
B031,2023-05-25 12:00:00,2,61402050,0,,306.68,1,0,1
B031,2023-05-25 13:00:00,0,614E1950,0,,536.93,1,0,1
B031,2023-05-25 13:00:00,1,614G2040,0,,,1,0,0
B031,2023-05-25 13:00:00,2,61402050,0,,306.68,1,0,1
B031,2023-05-25 14:00:00,0,614E1950,0,,536.93,1,0,1
B031,2023-05-25 14:00:00,1,614G2040,0,,,1,0,0
B031,2023-05-25 14:00:00,2,61402050,0,,306.68,1,0,1
B031,2023-05-25 15:00:00,0,614E1950,0,,536.93,1,0,1
B031,2023-05-25 15:00:00,1,614G2040,0,,,1,0,0
B031,2023-05-25 15:00:00,2,61402050,0,,306.68,1,0,1
B031,2023-05-25 16:00:00,0,614E1950,0,,536.93,1,0,1
B031,2023-05-25 16:00:00,1,614G2040,0,,,1,0,0
B031,2023-05-25 16:00:00,2,61402050,0,,306.68,1,0,1
B031,2023-05-25 17:00:00,0,614E1950,0,,536.93,1,0,1
B031,2023-05-25 17:00:00,1,614G2040,0,,,1,0,0
B031,2023-05-25 17:00:00,2,61402050,0,,306.68,1,0,1
B031,2023-05-25 18:00:00,0,614E1950,0,,536.93,1,0,1
B031,2023-05-25 18:00:00,1,614G2040,0,,,1,0,0
B031,2023-05-25 18:00:00,2,61402050,0,,306.68,1,0,1
B031,2023-05-25 19:00:00,0,614E1950,0,,536.93,1,0,1
B031,2023-05-25 19:00:00,1,614G2040,0,,,1,0,0
B031,2023-05-25 19:00:00,2,61402050,0,,306.68,1,0,1
B031,2023-05-25 20:00:00,0,614E1950,0,,536.93,1,0,1
B031,2023-05-25 20:00:00,1,614G2040,0,,,1,0,0
B031,2023-05-25 20:00:00,2,61402050,0,,306.68,1,0,1
B031,2023-05-25 21:00:00,0,614E1950,0,,536.93,1,0,1
B031,2023-05-25 21:00:00,1,614G2040,0,,,1,0,0
B031,2023-05-25 21:00:00,2,61402050,0,,306.68,1,0,1
B031,2023-05-25 22:00:00,0,614E1950,0,,536.93,1,0,1
B031,2023-05-25 22:00:00,1,614G2040,0,,,1,0,0
B031,2023-05-25 22:00:00,2,61402050,0,,306.68,1,0,1
B031,2023-05-25 23:00:00,0,614E1950,0,,536.92,1,0,1
B031,2023-05-25 23:00:00,1,614G2040,0.2576827632,,,1,0,0
B031,2023-05-25 23:00:00,2,61402050,1.345557889,,306.68,1,0,1
B031,2023-05-26 00:00:00,0,614E1950,0.0162061042,,536.93,1,0,1
B031,2023-05-26 00:00:00,1,614G2040,0.002883790284,,,1,0,0
B031,2023-05-26 00:00:00,2,61402050,0.09012076731,,306.68,1,0,1
B031,2023-05-26 01:00:00,0,614E1950,0,,536.92,1,0,1
B031,2023-05-26 01:00:00,1,614G2040,0.01273368941,,,1,0,0
B031,2023-05-26 01:00:00,2,61402050,0.0008798521665,,306.68,1,0,1
B031,2023-05-26 02:00:00,0,614E1950,0,,536.92,1,0,1
B031,2023-05-26 02:00:00,1,614G2040,0,,,1,0,0
B031,2023-05-26 02:00:00,2,61402050,0,,306.68,1,0,1
B031,2023-05-26 03:00:00,0,614E1950,0,,536.92,1,0,1
B031,2023-05-26 03:00:00,1,614G2040,0.06581485972,,,1,0,0
B031,2023-05-26 03:00:00,2,61402050,0.5253310064,,306.68,1,0,1
B031,2023-05-26 04:00:00,0,614E1950,0,,536.92,1,0,1
B031,2023-05-26 04:00:00,1,614G2040,0.005767580568,,,1,0,0
B031,2023-05-26 04:00:00,2,61402050,0.06882435298,,306.68,1,0,1
B031,2023-05-26 05:00:00,0,614E1950,0,,536.92,1,0,1
B031,2023-05-26 05:00:00,1,614G2040,0,,,1,0,0
B031,2023-05-26 05:00:00,2,61402050,0,,306.68,1,0,1
B031,2023-05-26 06:00:00,0,614E1950,0.9547333934,,536.92,1,0,1
B031,2023-05-26 06:00:00,1,614G2040,1.479737578,,,1,0,0
B031,2023-05-26 06:00:00,2,61402050,2.39765316,,306.68,1,0,1
B031,2023-05-26 07:00:00,0,614E1950,0.8172353719,,536.92,1,0,1
B031,2023-05-26 07:00:00,1,614G2040,1.409466011,,,1,0,0
B031,2023-05-26 07:00:00,2,61402050,1.276922947,,306.68,1,0,1
B031,2023-05-26 08:00:00,0,614E1950,9.572951415,,536.93,1,0,1
B031,2023-05-26 08:00:00,1,614G2040,12.43520234,,,1,0,0
B031,2023-05-26 08:00:00,2,61402050,11.1854564,1.67,306.68,1,1,1
B031,2023-05-26 09:00:00,0,614E1950,0.7363554507,,536.94,1,0,1
B031,2023-05-26 09:00:00,1,614G2040,1.705604502,,,1,0,0
B031,2023-05-26 09:00:00,2,61402050,0.8890353686,,306.76,1,0,1
B031,2023-05-26 10:00:00,0,614E1950,0.9602184463,,536.94,1,0,1
B031,2023-05-26 10:00:00,1,614G2040,1.463237907,,,1,0,0
B031,2023-05-26 10:00:00,2,61402050,2.771036492,,306.77,1,0,1
B031,2023-05-26 11:00:00,0,614E1950,0.5081230435,,536.94,1,0,1
B031,2023-05-26 11:00:00,1,614G2040,1.021789055,,,1,0,0
B031,2023-05-26 11:00:00,2,61402050,0.5340347957,,306.74,1,0,1
B031,2023-05-26 12:00:00,0,614E1950,1.323967593,,536.95,1,0,1
B031,2023-05-26 12:00:00,1,614G2040,1.410783089,,,1,0,0
B031,2023-05-26 12:00:00,2,61402050,0.6185907568,,306.74,1,0,1
B031,2023-05-26 13:00:00,0,614E1950,0.3888804458,,536.97,1,0,1
B031,2023-05-26 13:00:00,1,614G2040,0.6235566865,,,1,0,0
B031,2023-05-26 13:00:00,2,61402050,1.909191799,,306.74,1,0,1
B031,2023-05-26 14:00:00,0,614E1950,0.01682037184,,536.97,1,0,1
B031,2023-05-26 14:00:00,1,614G2040,0.003935310725,,,1,0,0
B031,2023-05-26 14:00:00,2,61402050,0.01856953027,,306.74,1,0,1
B031,2023-05-26 15:00:00,0,614E1950,0,,536.98,1,0,1
B031,2023-05-26 15:00:00,1,614G2040,0.07383172314,,,1,0,0
B031,2023-05-26 15:00:00,2,61402050,0.01056472188,,306.75,1,0,1
B031,2023-05-26 16:00:00,0,614E1950,0,,536.98,1,0,1
B031,2023-05-26 16:00:00,1,614G2040,0.002533487862,,,1,0,0
B031,2023-05-26 16:00:00,2,61402050,0.02085570656,,306.75,1,0,1
B031,2023-05-26 17:00:00,0,614E1950,0,,536.98,1,0,1
B031,2023-05-26 17:00:00,1,614G2040,0,,,1,0,0
B031,2023-05-26 17:00:00,2,61402050,0,,306.76,1,0,1
B031,2023-05-26 18:00:00,0,614E1950,0,,536.98,1,0,1
B031,2023-05-26 18:00:00,1,614G2040,0,,,1,0,0
B031,2023-05-26 18:00:00,2,61402050,0,,306.76,1,0,1
B031,2023-05-26 19:00:00,0,614E1950,0,,536.98,1,0,1
B031,2023-05-26 19:00:00,1,614G2040,0,,,1,0,0
B031,2023-05-26 19:00:00,2,61402050,0,,306.76,1,0,1
B031,2023-05-26 20:00:00,0,614E1950,0,,536.98,1,0,1
B031,2023-05-26 20:00:00,1,614G2040,0,,,1,0,0
B031,2023-05-26 20:00:00,2,61402050,0,,306.76,1,0,1
B031,2023-05-26 21:00:00,0,614E1950,0,,536.99,1,0,1
B031,2023-05-26 21:00:00,1,614G2040,0,,,1,0,0
B031,2023-05-26 21:00:00,2,61402050,0,,306.76,1,0,1
B031,2023-05-26 22:00:00,0,614E1950,0,,536.99,1,0,1
B031,2023-05-26 22:00:00,1,614G2040,0,,,1,0,0
B031,2023-05-26 22:00:00,2,61402050,0,,306.75,1,0,1
B031,2023-05-26 23:00:00,0,614E1950,0,,536.99,1,0,1
B031,2023-05-26 23:00:00,1,614G2040,0,,,1,0,0
B031,2023-05-26 23:00:00,2,61402050,0,,306.75,1,0,1
B031,2023-05-27 00:00:00,0,614E1950,0,,536.99,1,0,1
B031,2023-05-27 00:00:00,1,614G2040,0.0004129397303,,,1,0,0
B031,2023-05-27 00:00:00,2,61402050,0.0004457131451,,306.75,1,0,1
B031,2023-05-27 01:00:00,0,614E1950,0,,536.99,1,0,1
B031,2023-05-27 01:00:00,1,614G2040,0,,,1,0,0
B031,2023-05-27 01:00:00,2,61402050,0,,306.74,1,0,1
B031,2023-05-27 02:00:00,0,614E1950,0,,536.99,1,0,1
B031,2023-05-27 02:00:00,1,614G2040,0,,,1,0,0
B031,2023-05-27 02:00:00,2,61402050,0,,306.74,1,0,1
B031,2023-05-27 03:00:00,0,614E1950,0,,536.99,1,0,1
B031,2023-05-27 03:00:00,1,614G2040,0,,,1,0,0
B031,2023-05-27 03:00:00,2,61402050,0.04690213946,,306.74,1,0,1
B031,2023-05-27 04:00:00,0,614E1950,0,,536.99,1,0,1
B031,2023-05-27 04:00:00,1,614G2040,0,,,1,0,0
B031,2023-05-27 04:00:00,2,61402050,0,,306.74,1,0,1
B031,2023-05-27 05:00:00,0,614E1950,0,,536.99,1,0,1
B031,2023-05-27 05:00:00,1,614G2040,0.002883790284,,,1,0,0
B031,2023-05-27 05:00:00,2,61402050,0.03441217649,,306.74,1,0,1
B031,2023-05-27 06:00:00,0,614E1950,0.002180906031,,536.99,1,0,1
B031,2023-05-27 06:00:00,1,614G2040,0.0127045973,,,1,0,0
B031,2023-05-27 06:00:00,2,61402050,0.02421863381,,306.74,1,0,1
B031,2023-05-27 07:00:00,0,614E1950,13.50949767,,536.99,1,0,1
B031,2023-05-27 07:00:00,1,614G2040,18.75647543,,,1,0,0
B031,2023-05-27 07:00:00,2,61402050,18.46279467,,306.74,1,0,1
B031,2023-05-27 08:00:00,0,614E1950,0,,536.99,1,0,1
B031,2023-05-27 08:00:00,1,614G2040,0,,,1,0,0
B031,2023-05-27 08:00:00,2,61402050,0,2.76,306.74,1,1,1
B031,2023-05-27 09:00:00,0,614E1950,0.002180906031,,537,1,0,1
B031,2023-05-27 09:00:00,1,614G2040,0.0127045973,,,1,0,0
B031,2023-05-27 09:00:00,2,61402050,0.02421863381,,306.74,1,0,1
B031,2023-05-27 10:00:00,0,614E1950,0,,536.99,1,0,1
B031,2023-05-27 10:00:00,1,614G2040,0,,,1,0,0
B031,2023-05-27 10:00:00,2,61402050,0,,306.74,1,0,1
B031,2023-05-27 11:00:00,0,614E1950,0,,537,1,0,1
B031,2023-05-27 11:00:00,1,614G2040,0,,,1,0,0
B031,2023-05-27 11:00:00,2,61402050,0,,306.74,1,0,1
B031,2023-05-27 12:00:00,0,614E1950,0,,536.99,1,0,1
B031,2023-05-27 12:00:00,1,614G2040,0,,,1,0,0
B031,2023-05-27 12:00:00,2,61402050,0,,306.74,1,0,1
B031,2023-05-27 13:00:00,0,614E1950,0,,536.99,1,0,1
B031,2023-05-27 13:00:00,1,614G2040,0,,,1,0,0
B031,2023-05-27 13:00:00,2,61402050,0,,306.74,1,0,1
B031,2023-05-27 14:00:00,0,614E1950,0,,536.99,1,0,1
B031,2023-05-27 14:00:00,1,614G2040,0,,,1,0,0
B031,2023-05-27 14:00:00,2,61402050,0,,306.74,1,0,1
B031,2023-05-27 15:00:00,0,614E1950,0,,536.99,1,0,1
B031,2023-05-27 15:00:00,1,614G2040,0,,,1,0,0
B031,2023-05-27 15:00:00,2,61402050,0,,306.73,1,0,1
B031,2023-05-27 16:00:00,0,614E1950,0.002180906031,,536.99,1,0,1
B031,2023-05-27 16:00:00,1,614G2040,0.0127045973,,,1,0,0
B031,2023-05-27 16:00:00,2,61402050,0.02421863381,,306.73,1,0,1
B031,2023-05-27 17:00:00,0,614E1950,0,,536.99,1,0,1
B031,2023-05-27 17:00:00,1,614G2040,0,,,1,0,0
B031,2023-05-27 17:00:00,2,61402050,0,,306.73,1,0,1
B031,2023-05-27 18:00:00,0,614E1950,0,,536.99,1,0,1
B031,2023-05-27 18:00:00,1,614G2040,0,,,1,0,0
B031,2023-05-27 18:00:00,2,61402050,0,,306.73,1,0,1
B031,2023-05-27 19:00:00,0,614E1950,0,,536.99,1,0,1
B031,2023-05-27 19:00:00,1,614G2040,0,,,1,0,0
B031,2023-05-27 19:00:00,2,61402050,0,,306.73,1,0,1
B031,2023-05-27 20:00:00,0,614E1950,0,,536.99,1,0,1
B031,2023-05-27 20:00:00,1,614G2040,0,,,1,0,0
B031,2023-05-27 20:00:00,2,61402050,0,,306.73,1,0,1
B031,2023-05-27 21:00:00,0,614E1950,0,,536.99,1,0,1
B031,2023-05-27 21:00:00,1,614G2040,0,,,1,0,0
B031,2023-05-27 21:00:00,2,61402050,0,,306.72,1,0,1
B031,2023-05-27 22:00:00,0,614E1950,0,,536.99,1,0,1
B031,2023-05-27 22:00:00,1,614G2040,0,,,1,0,0
B031,2023-05-27 22:00:00,2,61402050,0,,306.72,1,0,1
B031,2023-05-27 23:00:00,0,614E1950,0.002180906031,,536.99,1,0,1
B031,2023-05-27 23:00:00,1,614G2040,0.0127045973,,,1,0,0
B031,2023-05-27 23:00:00,2,61402050,0.02421863381,,306.72,1,0,1
B031,2023-05-28 00:00:00,0,614E1950,0,,536.99,1,0,1
B031,2023-05-28 00:00:00,1,614G2040,0,,,1,0,0
B031,2023-05-28 00:00:00,2,61402050,0,,306.72,1,0,1
B031,2023-05-28 01:00:00,0,614E1950,0,,536.99,1,0,1
B031,2023-05-28 01:00:00,1,614G2040,0,,,1,0,0
B031,2023-05-28 01:00:00,2,61402050,0,,306.72,1,0,1
B031,2023-05-28 02:00:00,0,614E1950,0,,536.98,1,0,1
B031,2023-05-28 02:00:00,1,614G2040,0,,,1,0,0
B031,2023-05-28 02:00:00,2,61402050,0,,306.72,1,0,1
B031,2023-05-28 03:00:00,0,614E1950,0,,536.98,1,0,1
B031,2023-05-28 03:00:00,1,614G2040,0,,,1,0,0
B031,2023-05-28 03:00:00,2,61402050,0,,306.72,1,0,1
B031,2023-05-28 04:00:00,0,614E1950,0,,536.98,1,0,1
B031,2023-05-28 04:00:00,1,614G2040,0,,,1,0,0
B031,2023-05-28 04:00:00,2,61402050,0,,306.72,1,0,1
B031,2023-05-28 05:00:00,0,614E1950,0,,536.98,1,0,1
B031,2023-05-28 05:00:00,1,614G2040,0,,,1,0,0
B031,2023-05-28 05:00:00,2,61402050,0,,306.72,1,0,1
B031,2023-05-28 06:00:00,0,614E1950,0,,536.98,1,0,1
B031,2023-05-28 06:00:00,1,614G2040,0,,,1,0,0
B031,2023-05-28 06:00:00,2,61402050,0,,306.72,1,0,1
B031,2023-05-28 07:00:00,0,614E1950,0.006542718092,,536.98,1,0,1
B031,2023-05-28 07:00:00,1,614G2040,0.03811379189,,,1,0,0
B031,2023-05-28 07:00:00,2,61402050,0.07265590144,,306.71,1,0,1
B031,2023-05-28 08:00:00,0,614E1950,0,,536.98,1,0,1
B031,2023-05-28 08:00:00,1,614G2040,0,,,1,0,0
B031,2023-05-28 08:00:00,2,61402050,0,2.17,306.71,1,1,1
B031,2023-05-28 09:00:00,0,614E1950,0,,536.98,1,0,1
B031,2023-05-28 09:00:00,1,614G2040,0,,,1,0,0
B031,2023-05-28 09:00:00,2,61402050,0,,306.73,1,0,1
B031,2023-05-28 10:00:00,0,614E1950,0,,536.98,1,0,1
B031,2023-05-28 10:00:00,1,614G2040,0,,,1,0,0
B031,2023-05-28 10:00:00,2,61402050,0,,306.72,1,0,1
B031,2023-05-28 11:00:00,0,614E1950,0,,536.98,1,0,1
B031,2023-05-28 11:00:00,1,614G2040,0,,,1,0,0
B031,2023-05-28 11:00:00,2,61402050,0,,306.72,1,0,1
B031,2023-05-28 12:00:00,0,614E1950,0,,536.98,1,0,1
B031,2023-05-28 12:00:00,1,614G2040,0,,,1,0,0
B031,2023-05-28 12:00:00,2,61402050,0,,306.72,1,0,1
B031,2023-05-28 13:00:00,0,614E1950,0,,536.98,1,0,1
B031,2023-05-28 13:00:00,1,614G2040,0,,,1,0,0
B031,2023-05-28 13:00:00,2,61402050,0,,306.72,1,0,1
B031,2023-05-28 14:00:00,0,614E1950,0,,536.97,1,0,1
B031,2023-05-28 14:00:00,1,614G2040,0.01273368941,,,1,0,0
B031,2023-05-28 14:00:00,2,61402050,0.01002821121,,306.71,1,0,1
B031,2023-05-28 15:00:00,0,614E1950,0,,536.98,1,0,1
B031,2023-05-28 15:00:00,1,614G2040,0,,,1,0,0
B031,2023-05-28 15:00:00,2,61402050,0,,306.71,1,0,1
B031,2023-05-28 16:00:00,0,614E1950,0,,536.97,1,0,1
B031,2023-05-28 16:00:00,1,614G2040,0,,,1,0,0
B031,2023-05-28 16:00:00,2,61402050,0,,306.71,1,0,1
B031,2023-05-28 17:00:00,0,614E1950,0,,536.97,1,0,1
B031,2023-05-28 17:00:00,1,614G2040,0,,,1,0,0
B031,2023-05-28 17:00:00,2,61402050,0,,306.71,1,0,1
B031,2023-06-02 23:00:00,0,614E1950,0,,536.92,1,0,1
B031,2023-06-02 23:00:00,1,614G2040,0,,,1,0,0
B031,2023-06-02 23:00:00,2,61402050,0,,306.67,1,0,1
B031,2023-06-03 00:00:00,0,614E1950,0,,,1,0,0
B031,2023-06-03 00:00:00,1,614G2040,0,,,1,0,0
B031,2023-06-03 00:00:00,2,61402050,0,,306.67,1,0,1
B031,2023-06-03 01:00:00,0,614E1950,0,,536.92,1,0,1
B031,2023-06-03 01:00:00,1,614G2040,0,,,1,0,0
B031,2023-06-03 01:00:00,2,61402050,0,,306.66,1,0,1
B031,2023-06-03 02:00:00,0,614E1950,0,,536.92,1,0,1
B031,2023-06-03 02:00:00,1,614G2040,0,,,1,0,0
B031,2023-06-03 02:00:00,2,61402050,0,,306.66,1,0,1
B031,2023-06-03 03:00:00,0,614E1950,0,,536.92,1,0,1
B031,2023-06-03 03:00:00,1,614G2040,0.0004129397303,,,1,0,0
B031,2023-06-03 03:00:00,2,61402050,0.0004457131451,,306.66,1,0,1
B031,2023-06-03 04:00:00,0,614E1950,0,,536.92,1,0,1
B031,2023-06-03 04:00:00,1,614G2040,0,,,1,0,0
B031,2023-06-03 04:00:00,2,61402050,0,,306.66,1,0,1
B031,2023-06-03 05:00:00,0,614E1950,0,,536.92,1,0,1
B031,2023-06-03 05:00:00,1,614G2040,0,,,1,0,0
B031,2023-06-03 05:00:00,2,61402050,0,,306.66,1,0,1
B031,2023-06-03 06:00:00,0,614E1950,0,,536.92,1,0,1
B031,2023-06-03 06:00:00,1,614G2040,0,,,1,0,0
B031,2023-06-03 06:00:00,2,61402050,0,,306.66,1,0,1
B031,2023-06-03 07:00:00,0,614E1950,2.277018254,,536.92,1,0,1
B031,2023-06-03 07:00:00,1,614G2040,1.752107415,,,1,0,0
B031,2023-06-03 07:00:00,2,61402050,1.998171927,,306.66,1,0,1
B031,2023-06-03 08:00:00,0,614E1950,0,,536.92,1,0,1
B031,2023-06-03 08:00:00,1,614G2040,0,,,1,0,0
B031,2023-06-03 08:00:00,2,61402050,0,1.42,306.66,1,1,1
B031,2023-06-03 09:00:00,0,614E1950,0,,536.92,1,0,1
B031,2023-06-03 09:00:00,1,614G2040,0,,,1,0,0
B031,2023-06-03 09:00:00,2,61402050,0,,306.66,1,0,1
B031,2023-06-03 10:00:00,0,614E1950,0,,536.92,1,0,1
B031,2023-06-03 10:00:00,1,614G2040,0,,,1,0,0
B031,2023-06-03 10:00:00,2,61402050,0,,306.66,1,0,1
B031,2023-06-03 11:00:00,0,614E1950,0,,536.92,1,0,1
B031,2023-06-03 11:00:00,1,614G2040,0,,,1,0,0
B031,2023-06-03 11:00:00,2,61402050,0,,306.67,1,0,1
B031,2023-06-03 12:00:00,0,614E1950,0,,536.92,1,0,1
B031,2023-06-03 12:00:00,1,614G2040,0,,,1,0,0
B031,2023-06-03 12:00:00,2,61402050,0,,306.67,1,0,1
B031,2023-06-03 13:00:00,0,614E1950,0,,536.92,1,0,1
B031,2023-06-03 13:00:00,1,614G2040,0,,,1,0,0
B031,2023-06-03 13:00:00,2,61402050,0,,306.67,1,0,1
B031,2023-06-03 14:00:00,0,614E1950,0,,536.92,1,0,1
B031,2023-06-03 14:00:00,1,614G2040,0,,,1,0,0
B031,2023-06-03 14:00:00,2,61402050,0,,306.67,1,0,1
B031,2023-06-03 15:00:00,0,614E1950,0,,536.92,1,0,1
B031,2023-06-03 15:00:00,1,614G2040,0,,,1,0,0
B031,2023-06-03 15:00:00,2,61402050,0,,306.67,1,0,1
B031,2023-06-03 16:00:00,0,614E1950,0,,536.92,1,0,1
B031,2023-06-03 16:00:00,1,614G2040,0,,,1,0,0
B031,2023-06-03 16:00:00,2,61402050,0,,,1,0,0
B031,2023-06-03 17:00:00,0,614E1950,0,,536.92,1,0,1
B031,2023-06-03 17:00:00,1,614G2040,0,,,1,0,0
B031,2023-06-03 17:00:00,2,61402050,0,,306.67,1,0,1
B031,2023-06-03 18:00:00,0,614E1950,0,,536.92,1,0,1
B031,2023-06-03 18:00:00,1,614G2040,0,,,1,0,0
B031,2023-06-03 18:00:00,2,61402050,0,,306.67,1,0,1
B031,2023-06-03 19:00:00,0,614E1950,0,,536.91,1,0,1
B031,2023-06-03 19:00:00,1,614G2040,0,,,1,0,0
B031,2023-06-03 19:00:00,2,61402050,0,,306.67,1,0,1
B031,2023-06-03 20:00:00,0,614E1950,0,,536.92,1,0,1
B031,2023-06-03 20:00:00,1,614G2040,0,,,1,0,0
B031,2023-06-03 20:00:00,2,61402050,0,,306.67,1,0,1
B031,2023-06-03 21:00:00,0,614E1950,0,,536.91,1,0,1
B031,2023-06-03 21:00:00,1,614G2040,0,,,1,0,0
B031,2023-06-03 21:00:00,2,61402050,0,,306.67,1,0,1
B031,2023-06-03 22:00:00,0,614E1950,0,,536.92,1,0,1
B031,2023-06-03 22:00:00,1,614G2040,0,,,1,0,0
B031,2023-06-03 22:00:00,2,61402050,0,,306.66,1,0,1
B031,2023-06-03 23:00:00,0,614E1950,0,,536.91,1,0,1
B031,2023-06-03 23:00:00,1,614G2040,0,,,1,0,0
B031,2023-06-03 23:00:00,2,61402050,0,,306.66,1,0,1
B031,2023-06-04 00:00:00,0,614E1950,0,,536.92,1,0,1
B031,2023-06-04 00:00:00,1,614G2040,0,,,1,0,0
B031,2023-06-04 00:00:00,2,61402050,0,,306.66,1,0,1
B031,2023-06-04 01:00:00,0,614E1950,0,,536.91,1,0,1
B031,2023-06-04 01:00:00,1,614G2040,0,,,1,0,0
B031,2023-06-04 01:00:00,2,61402050,0,,306.66,1,0,1
B031,2023-06-04 02:00:00,0,614E1950,0,,536.92,1,0,1
B031,2023-06-04 02:00:00,1,614G2040,0,,,1,0,0
B031,2023-06-04 02:00:00,2,61402050,0,,306.66,1,0,1
B031,2023-06-04 03:00:00,0,614E1950,0,,536.91,1,0,1
B031,2023-06-04 03:00:00,1,614G2040,0,,,1,0,0
B031,2023-06-04 03:00:00,2,61402050,0,,306.66,1,0,1
B031,2023-06-04 04:00:00,0,614E1950,0,,536.91,1,0,1
B031,2023-06-04 04:00:00,1,614G2040,0,,,1,0,0
B031,2023-06-04 04:00:00,2,61402050,0,,306.66,1,0,1
B031,2023-06-04 05:00:00,0,614E1950,0,,536.91,1,0,1
B031,2023-06-04 05:00:00,1,614G2040,0,,,1,0,0
B031,2023-06-04 05:00:00,2,61402050,0,,306.66,1,0,1
B031,2023-06-04 06:00:00,0,614E1950,0,,536.91,1,0,1
B031,2023-06-04 06:00:00,1,614G2040,0,,,1,0,0
B031,2023-06-04 06:00:00,2,61402050,0,,306.66,1,0,1
B031,2023-06-04 07:00:00,0,614E1950,0.1062843346,,536.91,1,0,1
B031,2023-06-04 07:00:00,1,614G2040,0.1433962588,,,1,0,0
B031,2023-06-04 07:00:00,2,61402050,0.02872514517,,306.66,1,0,1
B031,2023-06-04 08:00:00,0,614E1950,0.06112736104,,536.91,1,0,1
B031,2023-06-04 08:00:00,1,614G2040,0,,,1,0,0
B031,2023-06-04 08:00:00,2,61402050,0.00168026546,1.42,306.66,1,1,1
B031,2023-06-04 09:00:00,0,614E1950,0,,536.91,1,0,1
B031,2023-06-04 09:00:00,1,614G2040,0,,,1,0,0
B031,2023-06-04 09:00:00,2,61402050,0,,306.66,1,0,1
B031,2023-06-04 10:00:00,0,614E1950,0,,536.91,1,0,1
B031,2023-06-04 10:00:00,1,614G2040,0,,,1,0,0
B031,2023-06-04 10:00:00,2,61402050,0,,306.66,1,0,1
B031,2023-06-04 11:00:00,0,614E1950,0,,536.91,1,0,1
B031,2023-06-04 11:00:00,1,614G2040,0,,,1,0,0
B031,2023-06-04 11:00:00,2,61402050,0,,306.66,1,0,1
B031,2023-06-04 12:00:00,0,614E1950,0,,536.91,1,0,1
B031,2023-06-04 12:00:00,1,614G2040,0,,,1,0,0
B031,2023-06-04 12:00:00,2,61402050,0,,306.66,1,0,1
B031,2023-06-04 13:00:00,0,614E1950,0,,536.91,1,0,1
B031,2023-06-04 13:00:00,1,614G2040,0,,,1,0,0
B031,2023-06-04 13:00:00,2,61402050,0,,306.66,1,0,1
B031,2023-06-04 14:00:00,0,614E1950,0,,536.91,1,0,1
B031,2023-06-04 14:00:00,1,614G2040,0,,,1,0,0
B031,2023-06-04 14:00:00,2,61402050,0,,306.66,1,0,1
B031,2023-06-04 15:00:00,0,614E1950,0,,536.91,1,0,1
B031,2023-06-04 15:00:00,1,614G2040,0,,,1,0,0
B031,2023-06-04 15:00:00,2,61402050,0,,306.66,1,0,1
B031,2023-06-04 16:00:00,0,614E1950,0,,536.91,1,0,1
B031,2023-06-04 16:00:00,1,614G2040,0,,,1,0,0
B031,2023-06-04 16:00:00,2,61402050,0,,306.66,1,0,1
B031,2023-06-04 17:00:00,0,614E1950,0,,536.91,1,0,1
B031,2023-06-04 17:00:00,1,614G2040,0,,,1,0,0
B031,2023-06-04 17:00:00,2,61402050,0,,306.66,1,0,1
B031,2023-06-04 18:00:00,0,614E1950,0,,536.91,1,0,1
B031,2023-06-04 18:00:00,1,614G2040,0,,,1,0,0
B031,2023-06-04 18:00:00,2,61402050,0,,306.66,1,0,1
B031,2023-06-04 19:00:00,0,614E1950,0,,536.91,1,0,1
B031,2023-06-04 19:00:00,1,614G2040,0,,,1,0,0
B031,2023-06-04 19:00:00,2,61402050,0,,306.66,1,0,1
B031,2023-06-04 20:00:00,0,614E1950,0,,536.91,1,0,1
B031,2023-06-04 20:00:00,1,614G2040,0,,,1,0,0
B031,2023-06-04 20:00:00,2,61402050,0,,306.66,1,0,1
B031,2023-06-04 21:00:00,0,614E1950,0,,536.91,1,0,1
B031,2023-06-04 21:00:00,1,614G2040,0,,,1,0,0
B031,2023-06-04 21:00:00,2,61402050,0,,306.66,1,0,1
B031,2023-06-04 22:00:00,0,614E1950,0,,536.91,1,0,1
B031,2023-06-04 22:00:00,1,614G2040,0,,,1,0,0
B031,2023-06-04 22:00:00,2,61402050,0,,306.66,1,0,1
B031,2023-06-04 23:00:00,0,614E1950,0.002180906031,,536.91,1,0,1
B031,2023-06-04 23:00:00,1,614G2040,0.0127045973,,,1,0,0
B031,2023-06-04 23:00:00,2,61402050,0.02421863381,,306.66,1,0,1
B031,2023-06-05 00:00:00,0,614E1950,0.002180906031,,536.91,1,0,1
B031,2023-06-05 00:00:00,1,614G2040,0.0127045973,,,1,0,0
B031,2023-06-05 00:00:00,2,61402050,0.02421863381,,306.66,1,0,1
B031,2023-06-05 01:00:00,0,614E1950,0.004361812061,,536.91,1,0,1
B031,2023-06-05 01:00:00,1,614G2040,0.02540919459,,,1,0,0
B031,2023-06-05 01:00:00,2,61402050,0.04843726763,,306.66,1,0,1
B031,2023-06-05 02:00:00,0,614E1950,1.06544182,,536.91,1,0,1
B031,2023-06-05 02:00:00,1,614G2040,0.5580187118,,,1,0,0
B031,2023-06-05 02:00:00,2,61402050,0.5776313581,,306.66,1,0,1
B031,2023-06-05 03:00:00,0,614E1950,3.957065452,,536.91,1,0,1
B031,2023-06-05 03:00:00,1,614G2040,3.04490247,,,1,0,0
B031,2023-06-05 03:00:00,2,61402050,2.373952245,,306.66,1,0,1
B031,2023-06-05 04:00:00,0,614E1950,6.972578688,,536.92,1,0,1
B031,2023-06-05 04:00:00,1,614G2040,6.616909823,,,1,0,0
B031,2023-06-05 04:00:00,2,61402050,7.436051511,,306.66,1,0,1
B031,2023-06-05 05:00:00,0,614E1950,8.60099893,,536.94,1,0,1
B031,2023-06-05 05:00:00,1,614G2040,8.073421196,,,1,0,0
B031,2023-06-05 05:00:00,2,61402050,7.300036542,,306.68,1,0,1
B031,2023-06-05 06:00:00,0,614E1950,8.900316988,,536.99,1,0,1
B031,2023-06-05 06:00:00,1,614G2040,8.420854611,,,1,0,0
B031,2023-06-05 06:00:00,2,61402050,10.59756734,,306.74,1,0,1
B031,2023-06-05 07:00:00,0,614E1950,10.62739528,,537.07,1,0,1
B031,2023-06-05 07:00:00,1,614G2040,13.1465461,,,1,0,0
B031,2023-06-05 07:00:00,2,61402050,17.95397827,,306.86,1,0,1
B031,2023-06-05 08:00:00,0,614E1950,0.6881700033,,537.14,1,0,1
B031,2023-06-05 08:00:00,1,614G2040,1.033401092,,,1,0,0
B031,2023-06-05 08:00:00,2,61402050,3.710799276,8.33,306.93,1,1,1
B031,2023-06-05 09:00:00,0,614E1950,0.770784311,,537.42,1,0,1
B031,2023-06-05 09:00:00,1,614G2040,0.4658436058,,,1,0,0
B031,2023-06-05 09:00:00,2,61402050,0.4269934332,,307.15,1,0,1
B031,2023-06-05 10:00:00,0,614E1950,1.895824622,,537.38,1,0,1
B031,2023-06-05 10:00:00,1,614G2040,2.02257598,,,1,0,0
B031,2023-06-05 10:00:00,2,61402050,2.933828529,,307.22,1,0,1
B031,2023-06-05 11:00:00,0,614E1950,1.113621862,,537.36,1,0,1
B031,2023-06-05 11:00:00,1,614G2040,1.602173173,,,1,0,0
B031,2023-06-05 11:00:00,2,61402050,1.509175863,,307.17,1,0,1
B031,2023-06-05 12:00:00,0,614E1950,0.2847217056,,537.37,1,0,1
B031,2023-06-05 12:00:00,1,614G2040,0.4833230086,,,1,0,0
B031,2023-06-05 12:00:00,2,61402050,0.2228202272,,307.14,1,0,1
B031,2023-06-05 13:00:00,0,614E1950,0.2554106038,,537.36,1,0,1
B031,2023-06-05 13:00:00,1,614G2040,0.4012396101,,,1,0,0
B031,2023-06-05 13:00:00,2,61402050,0.0670067979,,307.12,1,0,1
B031,2023-06-05 14:00:00,0,614E1950,0.238232085,,537.36,1,0,1
B031,2023-06-05 14:00:00,1,614G2040,0.2376159984,,,1,0,0
B031,2023-06-05 14:00:00,2,61402050,0.1100903878,,307.1,1,0,1
B031,2023-06-05 15:00:00,0,614E1950,0,,537.37,1,0,1
B031,2023-06-05 15:00:00,1,614G2040,0.0004129397303,,,1,0,0
B031,2023-06-05 15:00:00,2,61402050,0.0004457131451,,307.08,1,0,1
B031,2023-06-05 16:00:00,0,614E1950,0,,537.36,1,0,1
B031,2023-06-05 16:00:00,1,614G2040,0,,,1,0,0
B031,2023-06-05 16:00:00,2,61402050,0,,307.06,1,0,1
B031,2023-06-05 17:00:00,0,614E1950,0,,,1,0,0
B031,2023-06-05 17:00:00,1,614G2040,0.00228388683,,,1,0,0
B031,2023-06-05 17:00:00,2,61402050,0,,307.04,1,0,1
B031,2023-06-05 18:00:00,0,614E1950,0.0162061042,,537.34,1,0,1
B031,2023-06-05 18:00:00,1,614G2040,0,,,1,0,0
B031,2023-06-05 18:00:00,2,61402050,0,,307.02,1,0,1
B031,2023-06-05 19:00:00,0,614E1950,0,,537.33,1,0,1
B031,2023-06-05 19:00:00,1,614G2040,0,,,1,0,0
B031,2023-06-05 19:00:00,2,61402050,0,,307.01,1,0,1
B031,2023-06-05 20:00:00,0,614E1950,0,,537.31,1,0,1
B031,2023-06-05 20:00:00,1,614G2040,0,,,1,0,0
B031,2023-06-05 20:00:00,2,61402050,0,,306.99,1,0,1
B031,2023-06-05 21:00:00,0,614E1950,0.02667552158,,537.3,1,0,1
B031,2023-06-05 21:00:00,1,614G2040,0.02540919459,,,1,0,0
B031,2023-06-05 21:00:00,2,61402050,0.04843726763,,306.98,1,0,1
B031,2023-06-05 22:00:00,0,614E1950,0,,537.29,1,0,1
B031,2023-06-05 22:00:00,1,614G2040,0.002883790284,,,1,0,0
B031,2023-06-05 22:00:00,2,61402050,0.03441217649,,306.96,1,0,1
B031,2023-06-05 23:00:00,0,614E1950,0,,537.28,1,0,1
B031,2023-06-05 23:00:00,1,614G2040,0,,,1,0,0
B031,2023-06-05 23:00:00,2,61402050,0,,306.95,1,0,1
B031,2023-06-06 00:00:00,0,614E1950,0,,537.27,1,0,1
B031,2023-06-06 00:00:00,1,614G2040,0,,,1,0,0
B031,2023-06-06 00:00:00,2,61402050,0,,306.93,1,0,1
B031,2023-06-06 01:00:00,0,614E1950,0.01682037184,,537.26,1,0,1
B031,2023-06-06 01:00:00,1,614G2040,0.003935310725,,,1,0,0
B031,2023-06-06 01:00:00,2,61402050,0,,306.93,1,0,1
B031,2023-06-06 02:00:00,0,614E1950,0.06112736104,,537.25,1,0,1
B031,2023-06-06 02:00:00,1,614G2040,0.02255800546,,,1,0,0
B031,2023-06-06 02:00:00,2,61402050,0.00168026546,,306.92,1,0,1
B031,2023-06-06 03:00:00,0,614E1950,0,,537.25,1,0,1
B031,2023-06-06 03:00:00,1,614G2040,0,,,1,0,0
B031,2023-06-06 03:00:00,2,61402050,0,,306.91,1,0,1
B031,2023-06-06 04:00:00,0,614E1950,0,,537.24,1,0,1
B031,2023-06-06 04:00:00,1,614G2040,0,,,1,0,0
B031,2023-06-06 04:00:00,2,61402050,0,,306.9,1,0,1
B031,2023-06-06 05:00:00,0,614E1950,0.02231370952,,537.23,1,0,1
B031,2023-06-06 05:00:00,1,614G2040,0,,,1,0,0
B031,2023-06-06 05:00:00,2,61402050,0,,306.89,1,0,1
B031,2023-06-06 06:00:00,0,614E1950,0,,537.22,1,0,1
B031,2023-06-06 06:00:00,1,614G2040,0,,,1,0,0
B031,2023-06-06 06:00:00,2,61402050,0,,306.88,1,0,1
B031,2023-06-06 07:00:00,0,614E1950,5.389908262,,537.21,1,0,1
B031,2023-06-06 07:00:00,1,614G2040,6.303655596,,,1,0,0
B031,2023-06-06 07:00:00,2,61402050,9.39020395,,306.87,1,0,1
B031,2023-06-06 08:00:00,0,614E1950,0.002180906031,,537.2,1,0,1
B031,2023-06-06 08:00:00,1,614G2040,0.0127045973,,,1,0,0
B031,2023-06-06 08:00:00,2,61402050,0.02421863381,6.22,306.87,1,1,1
B031,2023-06-06 09:00:00,0,614E1950,0,,537.2,1,0,1
B031,2023-06-06 09:00:00,1,614G2040,0,,,1,0,0
B031,2023-06-06 09:00:00,2,61402050,0,,306.88,1,0,1
B031,2023-06-06 10:00:00,0,614E1950,0.03435358682,,537.19,1,0,1
B031,2023-06-06 10:00:00,1,614G2040,0.03621144984,,,1,0,0
B031,2023-06-06 10:00:00,2,61402050,0,,306.86,1,0,1
B031,2023-06-06 11:00:00,0,614E1950,0,,537.18,1,0,1
B031,2023-06-06 11:00:00,1,614G2040,0,,,1,0,0
B031,2023-06-06 11:00:00,2,61402050,0,,306.85,1,0,1
B031,2023-06-06 12:00:00,0,614E1950,0,,537.18,1,0,1
B031,2023-06-06 12:00:00,1,614G2040,0,,,1,0,0
B031,2023-06-06 12:00:00,2,61402050,0,,306.85,1,0,1
B031,2023-06-06 13:00:00,0,614E1950,0,,537.17,1,0,1
B031,2023-06-06 13:00:00,1,614G2040,0,,,1,0,0
B031,2023-06-06 13:00:00,2,61402050,0,,306.84,1,0,1
B031,2023-06-06 14:00:00,0,614E1950,0,,537.17,1,0,1
B031,2023-06-06 14:00:00,1,614G2040,0,,,1,0,0
B031,2023-06-06 14:00:00,2,61402050,0,,306.84,1,0,1
B031,2023-06-06 15:00:00,0,614E1950,0,,537.16,1,0,1
B031,2023-06-06 15:00:00,1,614G2040,0,,,1,0,0
B031,2023-06-06 15:00:00,2,61402050,0,,306.83,1,0,1
B031,2023-06-06 16:00:00,0,614E1950,0,,537.16,1,0,1
B031,2023-06-06 16:00:00,1,614G2040,0,,,1,0,0
B031,2023-06-06 16:00:00,2,61402050,0,,306.83,1,0,1
B031,2023-06-06 17:00:00,0,614E1950,0,,537.15,1,0,1
B031,2023-06-06 17:00:00,1,614G2040,0,,,1,0,0
B031,2023-06-06 17:00:00,2,61402050,0,,306.82,1,0,1
B031,2023-06-06 18:00:00,0,614E1950,0,,537.15,1,0,1
B031,2023-06-06 18:00:00,1,614G2040,0,,,1,0,0
B031,2023-06-06 18:00:00,2,61402050,0,,306.82,1,0,1
B031,2023-06-06 19:00:00,0,614E1950,0,,537.14,1,0,1
B031,2023-06-06 19:00:00,1,614G2040,0,,,1,0,0
B031,2023-06-06 19:00:00,2,61402050,0,,306.82,1,0,1
B031,2023-06-06 20:00:00,0,614E1950,0,,537.14,1,0,1
B031,2023-06-06 20:00:00,1,614G2040,0,,,1,0,0
B031,2023-06-06 20:00:00,2,61402050,0,,306.81,1,0,1
B031,2023-06-06 21:00:00,0,614E1950,0,,537.14,1,0,1
B031,2023-06-06 21:00:00,1,614G2040,0,,,1,0,0
B031,2023-06-06 21:00:00,2,61402050,0,,306.81,1,0,1
B031,2023-06-06 22:00:00,0,614E1950,0,,537.14,1,0,1
B031,2023-06-06 22:00:00,1,614G2040,0,,,1,0,0
B031,2023-06-06 22:00:00,2,61402050,0,,306.8,1,0,1
B031,2023-06-06 23:00:00,0,614E1950,0,,537.13,1,0,1
B031,2023-06-06 23:00:00,1,614G2040,0,,,1,0,0
B031,2023-06-06 23:00:00,2,61402050,0,,306.8,1,0,1
B031,2023-06-07 00:00:00,0,614E1950,0,,537.13,1,0,1
B031,2023-06-07 00:00:00,1,614G2040,0,,,1,0,0
B031,2023-06-07 00:00:00,2,61402050,0,,306.8,1,0,1
B031,2023-06-07 01:00:00,0,614E1950,0,,537.12,1,0,1
B031,2023-06-07 01:00:00,1,614G2040,0,,,1,0,0
B031,2023-06-07 01:00:00,2,61402050,0,,306.8,1,0,1
B031,2023-06-07 02:00:00,0,614E1950,0.002180906031,,537.12,1,0,1
B031,2023-06-07 02:00:00,1,614G2040,0.0127045973,,,1,0,0
B031,2023-06-07 02:00:00,2,61402050,0.02421863381,,306.79,1,0,1
B031,2023-06-07 03:00:00,0,614E1950,0,,537.12,1,0,1
B031,2023-06-07 03:00:00,1,614G2040,0,,,1,0,0
B031,2023-06-07 03:00:00,2,61402050,0,,306.79,1,0,1
B031,2023-06-07 04:00:00,0,614E1950,0,,537.12,1,0,1
B031,2023-06-07 04:00:00,1,614G2040,0,,,1,0,0
B031,2023-06-07 04:00:00,2,61402050,0,,306.78,1,0,1
B031,2023-06-07 05:00:00,0,614E1950,0,,537.11,1,0,1
B031,2023-06-07 05:00:00,1,614G2040,0,,,1,0,0
B031,2023-06-07 05:00:00,2,61402050,0,,306.78,1,0,1
B031,2023-06-07 06:00:00,0,614E1950,0,,537.11,1,0,1
B031,2023-06-07 06:00:00,1,614G2040,0,,,1,0,0
B031,2023-06-07 06:00:00,2,61402050,0,,306.78,1,0,1
B031,2023-06-07 07:00:00,0,614E1950,0.03653449285,,537.11,1,0,1
B031,2023-06-07 07:00:00,1,614G2040,0.04891604714,,,1,0,0
B031,2023-06-07 07:00:00,2,61402050,0.02421863381,,306.77,1,0,1
B031,2023-06-07 08:00:00,0,614E1950,0,,537.1,1,0,1
B031,2023-06-07 08:00:00,1,614G2040,0,,,1,0,0
B031,2023-06-07 08:00:00,2,61402050,0,3.43,306.77,1,1,1
B031,2023-06-07 09:00:00,0,614E1950,0,,537.1,1,0,1
B031,2023-06-07 09:00:00,1,614G2040,0,,,1,0,0
B031,2023-06-07 09:00:00,2,61402050,0,,306.77,1,0,1
B031,2023-06-07 10:00:00,0,614E1950,0,,537.1,1,0,1
B031,2023-06-07 10:00:00,1,614G2040,0,,,1,0,0
B031,2023-06-07 10:00:00,2,61402050,0,,306.77,1,0,1
B031,2023-06-07 11:00:00,0,614E1950,0,,537.1,1,0,1
B031,2023-06-07 11:00:00,1,614G2040,0,,,1,0,0
B031,2023-06-07 11:00:00,2,61402050,0,,306.77,1,0,1
B031,2023-06-07 12:00:00,0,614E1950,0,,537.09,1,0,1
B031,2023-06-07 12:00:00,1,614G2040,0,,,1,0,0
B031,2023-06-07 12:00:00,2,61402050,0,,306.77,1,0,1
B031,2023-06-07 13:00:00,0,614E1950,0,,537.09,1,0,1
B031,2023-06-07 13:00:00,1,614G2040,0,,,1,0,0
B031,2023-06-07 13:00:00,2,61402050,0,,306.76,1,0,1
B031,2023-06-07 14:00:00,0,614E1950,0,,537.09,1,0,1
B031,2023-06-07 14:00:00,1,614G2040,0,,,1,0,0
B031,2023-06-07 14:00:00,2,61402050,0,,306.76,1,0,1
B031,2023-06-07 15:00:00,0,614E1950,0,,537.09,1,0,1
B031,2023-06-07 15:00:00,1,614G2040,0,,,1,0,0
B031,2023-06-07 15:00:00,2,61402050,0,,306.76,1,0,1
B031,2023-06-07 16:00:00,0,614E1950,0,,537.08,1,0,1
B031,2023-06-07 16:00:00,1,614G2040,0,,,1,0,0
B031,2023-06-07 16:00:00,2,61402050,0,,306.76,1,0,1
B031,2023-06-07 17:00:00,0,614E1950,0,,537.08,1,0,1
B031,2023-06-07 17:00:00,1,614G2040,0,,,1,0,0
B031,2023-06-07 17:00:00,2,61402050,0,,306.75,1,0,1
B031,2023-06-07 18:00:00,0,614E1950,0,,537.08,1,0,1
B031,2023-06-07 18:00:00,1,614G2040,0,,,1,0,0
B031,2023-06-07 18:00:00,2,61402050,0,,306.75,1,0,1
B031,2023-06-07 19:00:00,0,614E1950,0,,537.08,1,0,1
B031,2023-06-07 19:00:00,1,614G2040,0,,,1,0,0
B031,2023-06-07 19:00:00,2,61402050,0,,306.75,1,0,1
B031,2023-06-07 20:00:00,0,614E1950,0,,537.08,1,0,1
B031,2023-06-07 20:00:00,1,614G2040,0,,,1,0,0
B031,2023-06-07 20:00:00,2,61402050,0,,306.75,1,0,1
B031,2023-06-07 21:00:00,0,614E1950,0,,537.08,1,0,1
B031,2023-06-07 21:00:00,1,614G2040,0,,,1,0,0
B031,2023-06-07 21:00:00,2,61402050,0,,306.74,1,0,1
B031,2023-06-07 22:00:00,0,614E1950,0,,537.08,1,0,1
B031,2023-06-07 22:00:00,1,614G2040,0,,,1,0,0
B031,2023-06-07 22:00:00,2,61402050,0,,306.74,1,0,1
B031,2023-06-07 23:00:00,0,614E1950,0,,537.07,1,0,1
B031,2023-06-07 23:00:00,1,614G2040,0,,,1,0,0
B031,2023-06-07 23:00:00,2,61402050,0,,306.74,1,0,1
B031,2023-06-08 00:00:00,0,614E1950,0,,537.07,1,0,1
B031,2023-06-08 00:00:00,1,614G2040,0,,,1,0,0
B031,2023-06-08 00:00:00,2,61402050,0,,306.74,1,0,1
B031,2023-06-08 01:00:00,0,614E1950,0,,537.06,1,0,1
B031,2023-06-08 01:00:00,1,614G2040,0,,,1,0,0
B031,2023-06-08 01:00:00,2,61402050,0,,306.74,1,0,1
B031,2023-06-08 02:00:00,0,614E1950,0,,537.07,1,0,1
B031,2023-06-08 02:00:00,1,614G2040,0,,,1,0,0
B031,2023-06-08 02:00:00,2,61402050,0,,306.74,1,0,1
B031,2023-06-08 03:00:00,0,614E1950,0,,537.06,1,0,1
B031,2023-06-08 03:00:00,1,614G2040,0,,,1,0,0
B031,2023-06-08 03:00:00,2,61402050,0,,306.74,1,0,1
B031,2023-06-08 04:00:00,0,614E1950,0,,537.06,1,0,1
B031,2023-06-08 04:00:00,1,614G2040,0,,,1,0,0
B031,2023-06-08 04:00:00,2,61402050,0,,306.74,1,0,1
B031,2023-06-08 05:00:00,0,614E1950,0,,537.06,1,0,1
B031,2023-06-08 05:00:00,1,614G2040,0,,,1,0,0
B031,2023-06-08 05:00:00,2,61402050,0,,306.73,1,0,1
B031,2023-06-08 06:00:00,0,614E1950,0,,537.06,1,0,1
B031,2023-06-08 06:00:00,1,614G2040,0,,,1,0,0
B031,2023-06-08 06:00:00,2,61402050,0,,306.73,1,0,1
B031,2023-06-08 07:00:00,0,614E1950,0,,537.06,1,0,1
B031,2023-06-08 07:00:00,1,614G2040,0,,,1,0,0
B031,2023-06-08 07:00:00,2,61402050,0,,306.73,1,0,1
B031,2023-06-08 08:00:00,0,614E1950,0,,537.06,1,0,1
B031,2023-06-08 08:00:00,1,614G2040,0,,,1,0,0
B031,2023-06-08 08:00:00,2,61402050,0,2.56,306.73,1,1,1
B031,2023-06-08 09:00:00,0,614E1950,0,,537.06,1,0,1
B031,2023-06-08 09:00:00,1,614G2040,0,,,1,0,0
B031,2023-06-08 09:00:00,2,61402050,0,,306.73,1,0,1
B031,2023-06-08 10:00:00,0,614E1950,0,,537.06,1,0,1
B031,2023-06-08 10:00:00,1,614G2040,0,,,1,0,0
B031,2023-06-08 10:00:00,2,61402050,0,,306.73,1,0,1
B031,2023-06-08 11:00:00,0,614E1950,0,,537.06,1,0,1
B031,2023-06-08 11:00:00,1,614G2040,0,,,1,0,0
B031,2023-06-08 11:00:00,2,61402050,0,,306.73,1,0,1
B031,2023-07-30 06:00:00,0,614E1950,5.026510593,,537.07,1,0,1
B031,2023-07-30 06:00:00,1,614G2040,7.93555658,,,1,0,0
B031,2023-07-30 06:00:00,2,61402050,3.404175022,,306.8,1,0,1
B031,2023-07-30 07:00:00,0,614E1950,0.39585294,,537.08,1,0,1
B031,2023-07-30 07:00:00,1,614G2040,1.923872411,,,1,0,0
B031,2023-07-30 07:00:00,2,61402050,1.207071891,,306.83,1,0,1
B031,2023-07-30 08:00:00,0,614E1950,0.7153896178,,537.09,1,0,1
B031,2023-07-30 08:00:00,1,614G2040,0.5342927638,,,1,0,0
B031,2023-07-30 08:00:00,2,61402050,0.02961657146,4.72,306.82,1,1,1
B031,2023-07-30 09:00:00,0,614E1950,0.002180906031,,537.1,1,0,1
B031,2023-07-30 09:00:00,1,614G2040,0.02502534698,,,1,0,0
B031,2023-07-30 09:00:00,2,61402050,0.02465277283,,306.81,1,0,1
B031,2023-07-30 10:00:00,0,614E1950,0.004361812061,,,1,0,0
B031,2023-07-30 10:00:00,1,614G2040,0.02540919459,,,1,0,0
B031,2023-07-30 10:00:00,2,61402050,0.04843726763,,306.8,1,0,1
B031,2023-07-30 11:00:00,0,614E1950,0,,,1,0,0
B031,2023-07-30 11:00:00,1,614G2040,0,,,1,0,0
B031,2023-07-30 11:00:00,2,61402050,0,,306.81,1,0,1
B031,2023-07-30 12:00:00,0,614E1950,0.06128867977,,,1,0,0
B031,2023-07-30 12:00:00,1,614G2040,0.02633234376,,,1,0,0
B031,2023-07-30 12:00:00,2,61402050,0,,306.81,1,0,1
B031,2023-07-30 13:00:00,0,614E1950,0,,,1,0,0
B031,2023-07-30 13:00:00,1,614G2040,0,,,1,0,0
B031,2023-07-30 13:00:00,2,61402050,0,,306.81,1,0,1
B031,2023-07-30 14:00:00,0,614E1950,0,,,1,0,0
B031,2023-07-30 14:00:00,1,614G2040,0,,,1,0,0
B031,2023-07-30 14:00:00,2,61402050,0,,306.81,1,0,1
B031,2023-07-30 15:00:00,0,614E1950,0.06128867977,,,1,0,0
B031,2023-07-30 15:00:00,1,614G2040,0.02633234376,,,1,0,0
B031,2023-07-30 15:00:00,2,61402050,0,,306.81,1,0,1
B031,2023-07-30 16:00:00,0,614E1950,0,,,1,0,0
B031,2023-07-30 16:00:00,1,614G2040,0,,,1,0,0
B031,2023-07-30 16:00:00,2,61402050,0,,306.8,1,0,1
B031,2023-07-30 17:00:00,0,614E1950,0,,537.07,1,0,1
B031,2023-07-30 17:00:00,1,614G2040,0,,,1,0,0
B031,2023-07-30 17:00:00,2,61402050,0,,306.8,1,0,1
B031,2023-07-30 18:00:00,0,614E1950,0,,537.07,1,0,1
B031,2023-07-30 18:00:00,1,614G2040,0,,,1,0,0
B031,2023-07-30 18:00:00,2,61402050,0,,306.8,1,0,1
B031,2023-07-30 19:00:00,0,614E1950,0,,537.06,1,0,1
B031,2023-07-30 19:00:00,1,614G2040,0,,,1,0,0
B031,2023-07-30 19:00:00,2,61402050,0,,306.8,1,0,1
B031,2023-07-30 20:00:00,0,614E1950,0,,537.06,1,0,1
B031,2023-07-30 20:00:00,1,614G2040,0,,,1,0,0
B031,2023-07-30 20:00:00,2,61402050,0,,306.8,1,0,1
B031,2023-07-30 21:00:00,0,614E1950,0,,537.06,1,0,1
B031,2023-07-30 21:00:00,1,614G2040,0,,,1,0,0
B031,2023-07-30 21:00:00,2,61402050,0,,306.8,1,0,1
B031,2023-07-30 22:00:00,0,614E1950,0,,537.06,1,0,1
B031,2023-07-30 22:00:00,1,614G2040,0,,,1,0,0
B031,2023-07-30 22:00:00,2,61402050,0,,306.8,1,0,1
B031,2023-07-30 23:00:00,0,614E1950,0,,537.06,1,0,1
B031,2023-07-30 23:00:00,1,614G2040,0,,,1,0,0
B031,2023-07-30 23:00:00,2,61402050,0,,306.8,1,0,1
B031,2023-07-31 00:00:00,0,614E1950,0,,537.06,1,0,1
B031,2023-07-31 00:00:00,1,614G2040,0,,,1,0,0
B031,2023-07-31 00:00:00,2,61402050,0,,306.8,1,0,1
B031,2023-07-31 01:00:00,0,614E1950,0,,537.05,1,0,1
B031,2023-07-31 01:00:00,1,614G2040,0,,,1,0,0
B031,2023-07-31 01:00:00,2,61402050,0,,306.8,1,0,1
B031,2023-07-31 02:00:00,0,614E1950,0,,537.06,1,0,1
B031,2023-07-31 02:00:00,1,614G2040,0,,,1,0,0
B031,2023-07-31 02:00:00,2,61402050,0,,306.8,1,0,1
B031,2023-07-31 03:00:00,0,614E1950,0,,537.05,1,0,1
B031,2023-07-31 03:00:00,1,614G2040,0,,,1,0,0
B031,2023-07-31 03:00:00,2,61402050,0,,306.8,1,0,1
B031,2023-07-31 04:00:00,0,614E1950,0,,537.06,1,0,1
B031,2023-07-31 04:00:00,1,614G2040,0,,,1,0,0
B031,2023-07-31 04:00:00,2,61402050,0,,306.8,1,0,1
B031,2023-07-31 05:00:00,0,614E1950,0,,537.05,1,0,1
B031,2023-07-31 05:00:00,1,614G2040,0,,,1,0,0
B031,2023-07-31 05:00:00,2,61402050,0,,306.79,1,0,1
B031,2023-07-31 06:00:00,0,614E1950,0,,537.05,1,0,1
B031,2023-07-31 06:00:00,1,614G2040,0,,,1,0,0
B031,2023-07-31 06:00:00,2,61402050,0,,306.79,1,0,1
B031,2023-07-31 07:00:00,0,614E1950,0.8445096954,,537.05,1,0,1
B031,2023-07-31 07:00:00,1,614G2040,0.7407564053,,,1,0,0
B031,2023-07-31 07:00:00,2,61402050,0.1174972225,,306.79,1,0,1
B031,2023-07-31 08:00:00,0,614E1950,0,,537.05,1,0,1
B031,2023-07-31 08:00:00,1,614G2040,0,,,1,0,0
B031,2023-07-31 08:00:00,2,61402050,0,3.91,306.79,1,1,1
B031,2023-07-31 09:00:00,0,614E1950,0,,537.04,1,0,1
B031,2023-07-31 09:00:00,1,614G2040,0,,,1,0,0
B031,2023-07-31 09:00:00,2,61402050,0,,306.79,1,0,1
B031,2023-07-31 10:00:00,0,614E1950,0,,,1,0,0
B031,2023-07-31 10:00:00,1,614G2040,0,,,1,0,0
B031,2023-07-31 10:00:00,2,61402050,0,,306.79,1,0,1
B031,2023-07-31 11:00:00,0,614E1950,0,,,1,0,0
B031,2023-07-31 11:00:00,1,614G2040,0,,,1,0,0
B031,2023-07-31 11:00:00,2,61402050,0,,306.79,1,0,1
B031,2023-07-31 12:00:00,0,614E1950,0,,,1,0,0
B031,2023-07-31 12:00:00,1,614G2040,0,,,1,0,0
B031,2023-07-31 12:00:00,2,61402050,0,,306.79,1,0,1
B031,2023-07-31 13:00:00,0,614E1950,0,,,1,0,0
B031,2023-07-31 13:00:00,1,614G2040,0,,,1,0,0
B031,2023-07-31 13:00:00,2,61402050,0,,306.79,1,0,1
B031,2023-07-31 14:00:00,0,614E1950,0,,,1,0,0
B031,2023-07-31 14:00:00,1,614G2040,0,,,1,0,0
B031,2023-07-31 14:00:00,2,61402050,0,,306.79,1,0,1
B031,2023-07-31 15:00:00,0,614E1950,0,,,1,0,0
B031,2023-07-31 15:00:00,1,614G2040,0,,,1,0,0
B031,2023-07-31 15:00:00,2,61402050,0,,306.79,1,0,1
B031,2023-07-31 16:00:00,0,614E1950,0,,,1,0,0
B031,2023-07-31 16:00:00,1,614G2040,0,,,1,0,0
B031,2023-07-31 16:00:00,2,61402050,0,,306.79,1,0,1
B031,2023-07-31 17:00:00,0,614E1950,0,,537.03,1,0,1
B031,2023-07-31 17:00:00,1,614G2040,0,,,1,0,0
B031,2023-07-31 17:00:00,2,61402050,0,,306.79,1,0,1
B031,2023-07-31 18:00:00,0,614E1950,0,,537.04,1,0,1
B031,2023-07-31 18:00:00,1,614G2040,0.02969052879,,,1,0,0
B031,2023-07-31 18:00:00,2,61402050,0,,306.79,1,0,1
B031,2023-07-31 19:00:00,0,614E1950,0,,537.03,1,0,1
B031,2023-07-31 19:00:00,1,614G2040,0,,,1,0,0
B031,2023-07-31 19:00:00,2,61402050,0,,306.79,1,0,1
B031,2023-07-31 20:00:00,0,614E1950,0,,537.03,1,0,1
B031,2023-07-31 20:00:00,1,614G2040,0,,,1,0,0
B031,2023-07-31 20:00:00,2,61402050,0,,306.79,1,0,1
B031,2023-07-31 21:00:00,0,614E1950,0,,537.03,1,0,1
B031,2023-07-31 21:00:00,1,614G2040,0,,,1,0,0
B031,2023-07-31 21:00:00,2,61402050,0,,306.79,1,0,1
B031,2023-07-31 22:00:00,0,614E1950,0,,537.03,1,0,1
B031,2023-07-31 22:00:00,1,614G2040,0.00269682656,,,1,0,0
B031,2023-07-31 22:00:00,2,61402050,0.2332888272,,306.79,1,0,1
B031,2023-07-31 23:00:00,0,614E1950,0,,537.03,1,0,1
B031,2023-07-31 23:00:00,1,614G2040,0,,,1,0,0
B031,2023-07-31 23:00:00,2,61402050,0,,306.79,1,0,1
B031,2023-08-01 00:00:00,0,614E1950,0,,537.03,1,0,1
B031,2023-08-01 00:00:00,1,614G2040,0,,,1,0,0
B031,2023-08-01 00:00:00,2,61402050,0,,306.79,1,0,1
B031,2023-08-01 01:00:00,0,614E1950,0,,537.03,1,0,1
B031,2023-08-01 01:00:00,1,614G2040,0,,,1,0,0
B031,2023-08-01 01:00:00,2,61402050,0,,306.78,1,0,1
B031,2023-08-01 02:00:00,0,614E1950,0,,537.03,1,0,1
B031,2023-08-01 02:00:00,1,614G2040,0,,,1,0,0
B031,2023-08-01 02:00:00,2,61402050,0,,306.78,1,0,1
B031,2023-08-01 03:00:00,0,614E1950,0,,537.03,1,0,1
B031,2023-08-01 03:00:00,1,614G2040,0,,,1,0,0
B031,2023-08-01 03:00:00,2,61402050,0,,306.78,1,0,1
B031,2023-08-01 04:00:00,0,614E1950,0,,537.03,1,0,1
B031,2023-08-01 04:00:00,1,614G2040,0,,,1,0,0
B031,2023-08-01 04:00:00,2,61402050,0,,306.78,1,0,1
B031,2023-08-01 05:00:00,0,614E1950,0,,537.02,1,0,1
B031,2023-08-01 05:00:00,1,614G2040,0,,,1,0,0
B031,2023-08-01 05:00:00,2,61402050,0,,306.78,1,0,1
B031,2023-08-01 06:00:00,0,614E1950,0,,537.03,1,0,1
B031,2023-08-01 06:00:00,1,614G2040,0,,,1,0,0
B031,2023-08-01 06:00:00,2,61402050,0.04606834784,,306.78,1,0,1
B031,2023-08-01 07:00:00,0,614E1950,0.01717679341,,537.02,1,0,1
B031,2023-08-01 07:00:00,1,614G2040,0.0526136284,,,1,0,0
B031,2023-08-01 07:00:00,2,61402050,0.2997671685,,306.78,1,0,1
B031,2023-08-01 08:00:00,0,614E1950,0,,537.02,1,0,1
B031,2023-08-01 08:00:00,1,614G2040,0,,,1,0,0
B031,2023-08-01 08:00:00,2,61402050,0,3.66,306.78,1,1,1
B031,2023-08-01 09:00:00,0,614E1950,0,,537.02,1,0,1
B031,2023-08-01 09:00:00,1,614G2040,0,,,1,0,0
B031,2023-08-01 09:00:00,2,61402050,0,,306.78,1,0,1
B031,2023-08-01 10:00:00,0,614E1950,1.295168631,,,1,0,0
B031,2023-08-01 10:00:00,1,614G2040,0.6188310022,,,1,0,0
B031,2023-08-01 10:00:00,2,61402050,0.2797452535,,306.78,1,0,1
B031,2023-08-01 11:00:00,0,614E1950,0.1342226159,,,1,0,0
B031,2023-08-01 11:00:00,1,614G2040,0.8300695468,,,1,0,0
B031,2023-08-01 11:00:00,2,61402050,9.467732269,,306.78,1,0,1
B031,2023-08-01 12:00:00,0,614E1950,0,,,1,0,0
B031,2023-08-01 12:00:00,1,614G2040,0.4226187145,,,1,0,0
B031,2023-08-01 12:00:00,2,61402050,0.542894459,,306.8,1,0,1
B031,2023-08-01 13:00:00,0,614E1950,0,,,1,0,0
B031,2023-08-01 13:00:00,1,614G2040,0,,,1,0,0
B031,2023-08-01 13:00:00,2,61402050,0,,306.83,1,0,1
B031,2023-08-01 14:00:00,0,614E1950,0,,,1,0,0
B031,2023-08-01 14:00:00,1,614G2040,0,,,1,0,0
B031,2023-08-01 14:00:00,2,61402050,0.09380427893,,306.81,1,0,1
B031,2023-08-01 15:00:00,0,614E1950,0.1806278943,,,1,0,0
B031,2023-08-01 15:00:00,1,614G2040,0.2570257848,,,1,0,0
B031,2023-08-01 15:00:00,2,61402050,2.929977991,,306.8,1,0,1
B031,2023-08-01 16:00:00,0,614E1950,6.442242823,,,1,0,0
B031,2023-08-01 16:00:00,1,614G2040,0.6456494968,,,1,0,0
B031,2023-08-01 16:00:00,2,61402050,2.868150001,,306.8,1,0,1
B031,2023-08-01 17:00:00,0,614E1950,0.8077342697,,537.02,1,0,1
B031,2023-08-01 17:00:00,1,614G2040,7.722700754,,,1,0,0
B031,2023-08-01 17:00:00,2,61402050,3.678619882,,306.8,1,0,1
B031,2023-08-01 18:00:00,0,614E1950,5.479687488,,537.02,1,0,1
B031,2023-08-01 18:00:00,1,614G2040,3.749317866,,,1,0,0
B031,2023-08-01 18:00:00,2,61402050,1.499568217,,306.88,1,0,1
B031,2023-08-01 19:00:00,0,614E1950,1.541394823,,537.04,1,0,1
B031,2023-08-01 19:00:00,1,614G2040,1.51595734,,,1,0,0
B031,2023-08-01 19:00:00,2,61402050,0.9285716244,,306.85,1,0,1
B031,2023-08-01 20:00:00,0,614E1950,0.1680885471,,537.07,1,0,1
B031,2023-08-01 20:00:00,1,614G2040,0.1892276662,,,1,0,0
B031,2023-08-01 20:00:00,2,61402050,0.1002763822,,306.84,1,0,1
B031,2023-08-01 21:00:00,0,614E1950,0,,537.08,1,0,1
B031,2023-08-01 21:00:00,1,614G2040,0,,,1,0,0
B031,2023-08-01 21:00:00,2,61402050,0,,306.86,1,0,1
B031,2023-08-01 22:00:00,0,614E1950,0.01682037184,,537.09,1,0,1
B031,2023-08-01 22:00:00,1,614G2040,0.003935310725,,,1,0,0
B031,2023-08-01 22:00:00,2,61402050,0,,306.86,1,0,1
B031,2023-08-01 23:00:00,0,614E1950,0,,537.08,1,0,1
B031,2023-08-01 23:00:00,1,614G2040,0,,,1,0,0
B031,2023-08-01 23:00:00,2,61402050,0,,306.87,1,0,1
B031,2023-08-02 00:00:00,0,614E1950,0,,537.08,1,0,1
B031,2023-08-02 00:00:00,1,614G2040,0,,,1,0,0
B031,2023-08-02 00:00:00,2,61402050,0,,306.87,1,0,1
B031,2023-08-02 01:00:00,0,614E1950,0,,537.08,1,0,1
B031,2023-08-02 01:00:00,1,614G2040,0,,,1,0,0
B031,2023-08-02 01:00:00,2,61402050,0,,306.87,1,0,1
B031,2023-08-02 02:00:00,0,614E1950,0,,537.08,1,0,1
B031,2023-08-02 02:00:00,1,614G2040,0,,,1,0,0
B031,2023-08-02 02:00:00,2,61402050,0,,306.86,1,0,1
B031,2023-08-02 03:00:00,0,614E1950,0,,537.07,1,0,1
B031,2023-08-02 03:00:00,1,614G2040,0,,,1,0,0
B031,2023-08-02 03:00:00,2,61402050,0,,306.85,1,0,1
B031,2023-08-02 04:00:00,0,614E1950,0,,537.07,1,0,1
B031,2023-08-02 04:00:00,1,614G2040,0,,,1,0,0
B031,2023-08-02 04:00:00,2,61402050,0,,306.85,1,0,1
B031,2023-08-02 05:00:00,0,614E1950,0,,537.06,1,0,1
B031,2023-08-02 05:00:00,1,614G2040,0,,,1,0,0
B031,2023-08-02 05:00:00,2,61402050,0,,306.85,1,0,1
B031,2023-08-02 06:00:00,0,614E1950,0,,537.06,1,0,1
B031,2023-08-02 06:00:00,1,614G2040,0,,,1,0,0
B031,2023-08-02 06:00:00,2,61402050,0,,306.85,1,0,1
B031,2023-08-02 07:00:00,0,614E1950,16.06598746,,537.06,1,0,1
B031,2023-08-02 07:00:00,1,614G2040,15.95533348,,,1,0,0
B031,2023-08-02 07:00:00,2,61402050,22.627951,,306.84,1,0,1
B031,2023-08-02 08:00:00,0,614E1950,0,,537.06,1,0,1
B031,2023-08-02 08:00:00,1,614G2040,0,,,1,0,0
B031,2023-08-02 08:00:00,2,61402050,0.04606834784,5.29,306.84,1,1,1
B031,2023-08-02 09:00:00,0,614E1950,0,,537.06,1,0,1
B031,2023-08-02 09:00:00,1,614G2040,0,,,1,0,0
B031,2023-08-02 09:00:00,2,61402050,0,,306.83,1,0,1
B031,2023-08-02 10:00:00,0,614E1950,0.03758005174,,,1,0,0
B031,2023-08-02 10:00:00,1,614G2040,0.08893218107,,,1,0,0
B031,2023-08-02 10:00:00,2,61402050,0.1695304367,,306.83,1,0,1
B031,2023-08-02 11:00:00,0,614E1950,0.02398996634,,,1,0,0
B031,2023-08-02 11:00:00,1,614G2040,0.1397505703,,,1,0,0
B031,2023-08-02 11:00:00,2,61402050,0.2664049719,,306.82,1,0,1
B031,2023-08-02 12:00:00,0,614E1950,0.01308543618,,,1,0,0
B031,2023-08-02 12:00:00,1,614G2040,0.07622758378,,,1,0,0
B031,2023-08-02 12:00:00,2,61402050,0.1453118029,,306.82,1,0,1
B031,2023-08-02 13:00:00,0,614E1950,0.6029235466,,,1,0,0
B031,2023-08-02 13:00:00,1,614G2040,2.562267743,,,1,0,0
B031,2023-08-02 13:00:00,2,61402050,4.922585495,,306.82,1,0,1
B031,2023-08-02 14:00:00,0,614E1950,0.1195831501,,537.06,1,0,1
B031,2023-08-02 14:00:00,1,614G2040,0.1908777334,,,1,0,0
B031,2023-08-02 14:00:00,2,61402050,0.02466434696,,306.85,1,0,1
B031,2023-08-02 15:00:00,0,614E1950,0,,,1,0,0
B031,2023-08-02 15:00:00,1,614G2040,0,,,1,0,0
B031,2023-08-02 15:00:00,2,61402050,0,,306.85,1,0,1
B031,2023-08-02 16:00:00,0,614E1950,0,,,1,0,0
B031,2023-08-02 16:00:00,1,614G2040,0,,,1,0,0
B031,2023-08-02 16:00:00,2,61402050,0,,306.83,1,0,1
B031,2023-08-02 17:00:00,0,614E1950,0.03435358682,,,1,0,0
B031,2023-08-02 17:00:00,1,614G2040,0.03621144984,,,1,0,0
B031,2023-08-02 17:00:00,2,61402050,0,,306.83,1,0,1
B031,2023-08-02 18:00:00,0,614E1950,0,,537.06,1,0,1
B031,2023-08-02 18:00:00,1,614G2040,0,,,1,0,0
B031,2023-08-02 18:00:00,2,61402050,0,,306.82,1,0,1
B031,2023-08-02 19:00:00,0,614E1950,0,,537.06,1,0,1
B031,2023-08-02 19:00:00,1,614G2040,0,,,1,0,0
B031,2023-08-02 19:00:00,2,61402050,0,,306.82,1,0,1
B031,2023-08-02 20:00:00,0,614E1950,0.0162061042,,537.06,1,0,1
B031,2023-08-02 20:00:00,1,614G2040,0,,,1,0,0
B031,2023-08-02 20:00:00,2,61402050,0,,306.82,1,0,1
B031,2023-08-02 21:00:00,0,614E1950,0,,537.06,1,0,1
B031,2023-08-02 21:00:00,1,614G2040,0,,,1,0,0
B031,2023-08-02 21:00:00,2,61402050,0,,306.82,1,0,1
B031,2023-08-02 22:00:00,0,614E1950,0,,537.06,1,0,1
B031,2023-08-02 22:00:00,1,614G2040,0,,,1,0,0
B031,2023-08-02 22:00:00,2,61402050,0,,306.82,1,0,1
B031,2023-08-02 23:00:00,0,614E1950,0,,537.05,1,0,1
B031,2023-08-02 23:00:00,1,614G2040,0,,,1,0,0
B031,2023-08-02 23:00:00,2,61402050,0,,306.82,1,0,1
B031,2023-08-03 00:00:00,0,614E1950,0,,537.06,1,0,1
B031,2023-08-03 00:00:00,1,614G2040,0,,,1,0,0
B031,2023-08-03 00:00:00,2,61402050,0,,306.81,1,0,1
B031,2023-08-03 01:00:00,0,614E1950,0,,537.05,1,0,1
B031,2023-08-03 01:00:00,1,614G2040,0,,,1,0,0
B031,2023-08-03 01:00:00,2,61402050,0,,306.81,1,0,1
B031,2023-08-03 02:00:00,0,614E1950,0,,537.06,1,0,1
B031,2023-08-03 02:00:00,1,614G2040,0,,,1,0,0
B031,2023-08-03 02:00:00,2,61402050,0,,306.81,1,0,1
B031,2023-08-03 03:00:00,0,614E1950,0,,537.05,1,0,1
B031,2023-08-03 03:00:00,1,614G2040,0,,,1,0,0
B031,2023-08-03 03:00:00,2,61402050,0,,306.81,1,0,1
B031,2023-08-03 04:00:00,0,614E1950,0,,537.05,1,0,1
B031,2023-08-03 04:00:00,1,614G2040,0,,,1,0,0
B031,2023-08-03 04:00:00,2,61402050,0,,306.81,1,0,1
B031,2023-08-03 05:00:00,0,614E1950,0,,537.04,1,0,1
B031,2023-08-03 05:00:00,1,614G2040,0,,,1,0,0
B031,2023-08-03 05:00:00,2,61402050,0,,306.81,1,0,1
B031,2023-08-03 06:00:00,0,614E1950,0,,537.05,1,0,1
B031,2023-08-03 06:00:00,1,614G2040,0,,,1,0,0
B031,2023-08-03 06:00:00,2,61402050,0,,306.8,1,0,1
B031,2023-08-03 07:00:00,0,614E1950,0.847721842,,537.04,1,0,1
B031,2023-08-03 07:00:00,1,614G2040,3.094267261,,,1,0,0
B031,2023-08-03 07:00:00,2,61402050,5.620834264,,306.8,1,0,1
B031,2023-08-03 08:00:00,0,614E1950,0.006542718092,,537.05,1,0,1
B031,2023-08-03 08:00:00,1,614G2040,0.03811379189,,,1,0,0
B031,2023-08-03 08:00:00,2,61402050,0.07265590144,4.17,306.8,1,1,1
B031,2023-08-03 09:00:00,0,614E1950,0.004361812061,,537.04,1,0,1
B031,2023-08-03 09:00:00,1,614G2040,0.02540919459,,,1,0,0
B031,2023-08-03 09:00:00,2,61402050,0.04843726763,,306.8,1,0,1
B031,2023-08-03 10:00:00,0,614E1950,0,,,1,0,0
B031,2023-08-03 10:00:00,1,614G2040,0,,,1,0,0
B031,2023-08-03 10:00:00,2,61402050,0,,306.8,1,0,1
B031,2023-08-03 11:00:00,0,614E1950,0,,,1,0,0
B031,2023-08-03 11:00:00,1,614G2040,0,,,1,0,0
B031,2023-08-03 11:00:00,2,61402050,0,,306.8,1,0,1
B031,2023-08-03 12:00:00,0,614E1950,0,,,1,0,0
B031,2023-08-03 12:00:00,1,614G2040,0,,,1,0,0
B031,2023-08-03 12:00:00,2,61402050,0,,306.8,1,0,1
B031,2023-08-03 13:00:00,0,614E1950,0,,,1,0,0
B031,2023-08-03 13:00:00,1,614G2040,0,,,1,0,0
B031,2023-08-03 13:00:00,2,61402050,0,,306.8,1,0,1
B031,2023-08-03 14:00:00,0,614E1950,0,,,1,0,0
B031,2023-08-03 14:00:00,1,614G2040,0,,,1,0,0
B031,2023-08-03 14:00:00,2,61402050,0,,306.8,1,0,1
B031,2023-08-03 15:00:00,0,614E1950,0,,,1,0,0
B031,2023-08-03 15:00:00,1,614G2040,0,,,1,0,0
B031,2023-08-03 15:00:00,2,61402050,0,,306.8,1,0,1
B031,2023-08-03 16:00:00,0,614E1950,0,,,1,0,0
B031,2023-08-03 16:00:00,1,614G2040,0,,,1,0,0
B031,2023-08-03 16:00:00,2,61402050,0,,306.8,1,0,1
B031,2023-08-03 17:00:00,0,614E1950,0,,537.03,1,0,1
B031,2023-08-03 17:00:00,1,614G2040,0,,,1,0,0
B031,2023-08-03 17:00:00,2,61402050,0,,306.8,1,0,1
B031,2023-08-03 18:00:00,0,614E1950,0,,537.03,1,0,1
B031,2023-08-03 18:00:00,1,614G2040,0,,,1,0,0
B031,2023-08-03 18:00:00,2,61402050,0,,306.8,1,0,1
B031,2023-08-03 19:00:00,0,614E1950,0,,537.03,1,0,1
B031,2023-08-03 19:00:00,1,614G2040,0,,,1,0,0
B031,2023-08-03 19:00:00,2,61402050,0,,306.8,1,0,1
B031,2023-08-03 20:00:00,0,614E1950,0,,537.03,1,0,1
B031,2023-08-03 20:00:00,1,614G2040,0,,,1,0,0
B031,2023-08-03 20:00:00,2,61402050,0,,306.8,1,0,1
B031,2023-08-03 21:00:00,0,614E1950,0,,537.03,1,0,1
B031,2023-08-03 21:00:00,1,614G2040,0,,,1,0,0
B031,2023-08-03 21:00:00,2,61402050,0,,306.8,1,0,1
B031,2023-08-03 22:00:00,0,614E1950,0,,537.03,1,0,1
B031,2023-08-03 22:00:00,1,614G2040,0,,,1,0,0
B031,2023-08-03 22:00:00,2,61402050,0,,306.8,1,0,1
B031,2023-08-03 23:00:00,0,614E1950,0,,537.03,1,0,1
B031,2023-08-03 23:00:00,1,614G2040,0,,,1,0,0
B031,2023-08-03 23:00:00,2,61402050,0,,306.8,1,0,1
B031,2023-10-22 21:00:00,0,614E1950,0,,536.92,1,0,1
B031,2023-10-22 21:00:00,1,614G2040,0,,,1,0,0
B031,2023-10-22 21:00:00,2,61402050,0,,306.66,1,0,1
B031,2023-10-22 22:00:00,0,614E1950,0,,536.92,1,0,1
B031,2023-10-22 22:00:00,1,614G2040,0,,,1,0,0
B031,2023-10-22 22:00:00,2,61402050,0,,306.66,1,0,1
B031,2023-10-22 23:00:00,0,614E1950,0,,536.92,1,0,1
B031,2023-10-22 23:00:00,1,614G2040,0,,,1,0,0
B031,2023-10-22 23:00:00,2,61402050,0,,306.66,1,0,1
B031,2023-10-23 00:00:00,0,614E1950,0,,536.92,1,0,1
B031,2023-10-23 00:00:00,1,614G2040,0,,,1,0,0
B031,2023-10-23 00:00:00,2,61402050,0,,306.66,1,0,1
B031,2023-10-23 01:00:00,0,614E1950,0,,536.92,1,0,1
B031,2023-10-23 01:00:00,1,614G2040,0,,,1,0,0
B031,2023-10-23 01:00:00,2,61402050,0,,306.66,1,0,1
B031,2023-10-23 02:00:00,0,614E1950,0,,536.92,1,0,1
B031,2023-10-23 02:00:00,1,614G2040,0,,,1,0,0
B031,2023-10-23 02:00:00,2,61402050,0,,306.66,1,0,1
B031,2023-10-23 03:00:00,0,614E1950,0,,536.92,1,0,1
B031,2023-10-23 03:00:00,1,614G2040,0,,,1,0,0
B031,2023-10-23 03:00:00,2,61402050,0,,306.66,1,0,1
B031,2023-10-23 04:00:00,0,614E1950,0,,536.92,1,0,1
B031,2023-10-23 04:00:00,1,614G2040,0,,,1,0,0
B031,2023-10-23 04:00:00,2,61402050,0,,306.66,1,0,1
B031,2023-10-23 05:00:00,0,614E1950,0,,536.92,1,0,1
B031,2023-10-23 05:00:00,1,614G2040,0,,,1,0,0
B031,2023-10-23 05:00:00,2,61402050,0,,306.66,1,0,1
B031,2023-10-23 06:00:00,0,614E1950,0,,536.92,1,0,1
B031,2023-10-23 06:00:00,1,614G2040,0,,,1,0,0
B031,2023-10-23 06:00:00,2,61402050,0,,306.66,1,0,1
B031,2023-10-23 07:00:00,0,614E1950,0,,536.92,1,0,1
B031,2023-10-23 07:00:00,1,614G2040,0,,,1,0,0
B031,2023-10-23 07:00:00,2,61402050,0,,306.66,1,0,1
B031,2023-10-23 08:00:00,0,614E1950,0,,536.92,1,0,1
B031,2023-10-23 08:00:00,1,614G2040,0,,,1,0,0
B031,2023-10-23 08:00:00,2,61402050,0,1.42,306.66,1,1,1
B031,2023-10-23 09:00:00,0,614E1950,0,,536.92,1,0,1
B031,2023-10-23 09:00:00,1,614G2040,0,,,1,0,0
B031,2023-10-23 09:00:00,2,61402050,0,,306.66,1,0,1
B031,2023-10-23 10:00:00,0,614E1950,0,,536.92,1,0,1
B031,2023-10-23 10:00:00,1,614G2040,0,,,1,0,0
B031,2023-10-23 10:00:00,2,61402050,0,,306.66,1,0,1
B031,2023-10-23 11:00:00,0,614E1950,0,,536.92,1,0,1
B031,2023-10-23 11:00:00,1,614G2040,0,,,1,0,0
B031,2023-10-23 11:00:00,2,61402050,0,,306.66,1,0,1
B031,2023-10-23 12:00:00,0,614E1950,0,,536.92,1,0,1
B031,2023-10-23 12:00:00,1,614G2040,0,,,1,0,0
B031,2023-10-23 12:00:00,2,61402050,0,,306.66,1,0,1
B031,2023-10-23 13:00:00,0,614E1950,0,,536.92,1,0,1
B031,2023-10-23 13:00:00,1,614G2040,0,,,1,0,0
B031,2023-10-23 13:00:00,2,61402050,0,,306.66,1,0,1
B031,2023-10-23 14:00:00,0,614E1950,0,,536.92,1,0,1
B031,2023-10-23 14:00:00,1,614G2040,0,,,1,0,0
B031,2023-10-23 14:00:00,2,61402050,0,,306.66,1,0,1
B031,2023-10-23 15:00:00,0,614E1950,0,,536.92,1,0,1
B031,2023-10-23 15:00:00,1,614G2040,0,,,1,0,0
B031,2023-10-23 15:00:00,2,61402050,0,,306.66,1,0,1
B031,2023-10-23 16:00:00,0,614E1950,0,,536.92,1,0,1
B031,2023-10-23 16:00:00,1,614G2040,0,,,1,0,0
B031,2023-10-23 16:00:00,2,61402050,0,,306.66,1,0,1
B031,2023-10-23 17:00:00,0,614E1950,0,,536.9,1,0,1
B031,2023-10-23 17:00:00,1,614G2040,0,,,1,0,0
B031,2023-10-23 17:00:00,2,61402050,0,,306.66,1,0,1
B031,2023-10-23 18:00:00,0,614E1950,0,,,1,0,0
B031,2023-10-23 18:00:00,1,614G2040,0,,,1,0,0
B031,2023-10-23 18:00:00,2,61402050,0,,,1,0,0
B031,2023-10-23 19:00:00,0,614E1950,0,,536.9,1,0,1
B031,2023-10-23 19:00:00,1,614G2040,0,,,1,0,0
B031,2023-10-23 19:00:00,2,61402050,0,,306.66,1,0,1
B031,2023-10-23 20:00:00,0,614E1950,0,,536.9,1,0,1
B031,2023-10-23 20:00:00,1,614G2040,0,,,1,0,0
B031,2023-10-23 20:00:00,2,61402050,0,,306.66,1,0,1
B031,2023-10-23 21:00:00,0,614E1950,0,,536.9,1,0,1
B031,2023-10-23 21:00:00,1,614G2040,0,,,1,0,0
B031,2023-10-23 21:00:00,2,61402050,0,,306.66,1,0,1
B031,2023-10-23 22:00:00,0,614E1950,0,,536.9,1,0,1
B031,2023-10-23 22:00:00,1,614G2040,0,,,1,0,0
B031,2023-10-23 22:00:00,2,61402050,0,,306.66,1,0,1
B031,2023-10-23 23:00:00,0,614E1950,0,,536.9,1,0,1
B031,2023-10-23 23:00:00,1,614G2040,0,,,1,0,0
B031,2023-10-23 23:00:00,2,61402050,0,,306.66,1,0,1
B031,2023-10-24 00:00:00,0,614E1950,0,,536.9,1,0,1
B031,2023-10-24 00:00:00,1,614G2040,0,,,1,0,0
B031,2023-10-24 00:00:00,2,61402050,0,,306.66,1,0,1
B031,2023-10-24 01:00:00,0,614E1950,0,,536.9,1,0,1
B031,2023-10-24 01:00:00,1,614G2040,0,,,1,0,0
B031,2023-10-24 01:00:00,2,61402050,0,,306.66,1,0,1
B031,2023-10-24 02:00:00,0,614E1950,0,,536.9,1,0,1
B031,2023-10-24 02:00:00,1,614G2040,0,,,1,0,0
B031,2023-10-24 02:00:00,2,61402050,0,,306.66,1,0,1
B031,2023-10-24 03:00:00,0,614E1950,0,,536.9,1,0,1
B031,2023-10-24 03:00:00,1,614G2040,0,,,1,0,0
B031,2023-10-24 03:00:00,2,61402050,0,,306.66,1,0,1
B031,2023-10-24 04:00:00,0,614E1950,0,,536.9,1,0,1
B031,2023-10-24 04:00:00,1,614G2040,0,,,1,0,0
B031,2023-10-24 04:00:00,2,61402050,0,,306.66,1,0,1
B031,2023-10-24 05:00:00,0,614E1950,0,,536.9,1,0,1
B031,2023-10-24 05:00:00,1,614G2040,0,,,1,0,0
B031,2023-10-24 05:00:00,2,61402050,0,,306.66,1,0,1
B031,2023-10-24 06:00:00,0,614E1950,0,,536.9,1,0,1
B031,2023-10-24 06:00:00,1,614G2040,0,,,1,0,0
B031,2023-10-24 06:00:00,2,61402050,0,,306.66,1,0,1
B031,2023-10-24 07:00:00,0,614E1950,0,,536.9,1,0,1
B031,2023-10-24 07:00:00,1,614G2040,0,,,1,0,0
B031,2023-10-24 07:00:00,2,61402050,0,,306.66,1,0,1
B031,2023-10-24 08:00:00,0,614E1950,0,,536.9,1,0,1
B031,2023-10-24 08:00:00,1,614G2040,0,,,1,0,0
B031,2023-10-24 08:00:00,2,61402050,0,1.42,306.66,1,1,1
B031,2023-10-24 09:00:00,0,614E1950,0,,536.9,1,0,1
B031,2023-10-24 09:00:00,1,614G2040,0,,,1,0,0
B031,2023-10-24 09:00:00,2,61402050,0,,306.66,1,0,1
B031,2023-10-24 10:00:00,0,614E1950,0,,536.9,1,0,1
B031,2023-10-24 10:00:00,1,614G2040,0,,,1,0,0
B031,2023-10-24 10:00:00,2,61402050,0,,306.66,1,0,1
B031,2023-10-24 11:00:00,0,614E1950,0,,536.9,1,0,1
B031,2023-10-24 11:00:00,1,614G2040,0,,,1,0,0
B031,2023-10-24 11:00:00,2,61402050,0,,306.66,1,0,1
B031,2023-10-24 12:00:00,0,614E1950,0,,536.9,1,0,1
B031,2023-10-24 12:00:00,1,614G2040,0,,,1,0,0
B031,2023-10-24 12:00:00,2,61402050,0,,306.66,1,0,1
B031,2023-10-24 13:00:00,0,614E1950,0,,536.9,1,0,1
B031,2023-10-24 13:00:00,1,614G2040,0,,,1,0,0
B031,2023-10-24 13:00:00,2,61402050,0,,306.66,1,0,1
B031,2023-10-24 14:00:00,0,614E1950,0,,536.9,1,0,1
B031,2023-10-24 14:00:00,1,614G2040,0,,,1,0,0
B031,2023-10-24 14:00:00,2,61402050,0,,306.66,1,0,1
B031,2023-10-24 15:00:00,0,614E1950,0,,536.9,1,0,1
B031,2023-10-24 15:00:00,1,614G2040,0,,,1,0,0
B031,2023-10-24 15:00:00,2,61402050,0,,306.66,1,0,1
B031,2023-10-24 16:00:00,0,614E1950,0,,536.89,1,0,1
B031,2023-10-24 16:00:00,1,614G2040,0,,,1,0,0
B031,2023-10-24 16:00:00,2,61402050,0,,306.66,1,0,1
B031,2023-10-24 17:00:00,0,614E1950,0,,536.9,1,0,1
B031,2023-10-24 17:00:00,1,614G2040,0,,,1,0,0
B031,2023-10-24 17:00:00,2,61402050,0,,306.66,1,0,1
B031,2023-10-24 18:00:00,0,614E1950,0,,536.89,1,0,1
B031,2023-10-24 18:00:00,1,614G2040,0,,,1,0,0
B031,2023-10-24 18:00:00,2,61402050,0,,306.66,1,0,1
B031,2023-10-24 19:00:00,0,614E1950,0,,536.9,1,0,1
B031,2023-10-24 19:00:00,1,614G2040,0,,,1,0,0
B031,2023-10-24 19:00:00,2,61402050,0,,306.66,1,0,1
B031,2023-10-24 20:00:00,0,614E1950,0,,536.89,1,0,1
B031,2023-10-24 20:00:00,1,614G2040,0,,,1,0,0
B031,2023-10-24 20:00:00,2,61402050,0,,306.66,1,0,1
B031,2023-10-24 21:00:00,0,614E1950,0.2297961538,,536.9,1,0,1
B031,2023-10-24 21:00:00,1,614G2040,0.1433962588,,,1,0,0
B031,2023-10-24 21:00:00,2,61402050,0.02872514517,,306.66,1,0,1
B031,2023-10-24 22:00:00,0,614E1950,0.5380940103,,536.9,1,0,1
B031,2023-10-24 22:00:00,1,614G2040,0.4923945677,,,1,0,0
B031,2023-10-24 22:00:00,2,61402050,0.2107732645,,306.66,1,0,1
B031,2023-10-24 23:00:00,0,614E1950,0.2468985492,,536.9,1,0,1
B031,2023-10-24 23:00:00,1,614G2040,0.1305905415,,,1,0,0
B031,2023-10-24 23:00:00,2,61402050,0.01267912636,,306.66,1,0,1
B031,2023-10-25 00:00:00,0,614E1950,0.1224904388,,536.9,1,0,1
B031,2023-10-25 00:00:00,1,614G2040,0.002120548132,,,1,0,0
B031,2023-10-25 00:00:00,2,61402050,0.1146068083,,306.66,1,0,1
B031,2023-10-25 01:00:00,0,614E1950,0.2920555227,,536.9,1,0,1
B031,2023-10-25 01:00:00,1,614G2040,0.2616660506,,,1,0,0
B031,2023-10-25 01:00:00,2,61402050,0.1130761042,,306.66,1,0,1
B031,2023-10-25 02:00:00,0,614E1950,0.6989859549,,536.9,1,0,1
B031,2023-10-25 02:00:00,1,614G2040,0.04077364157,,,1,0,0
B031,2023-10-25 02:00:00,2,61402050,0.02084413243,,306.66,1,0,1
B031,2023-10-25 03:00:00,0,614E1950,4.120673022,,536.9,1,0,1
B031,2023-10-25 03:00:00,1,614G2040,1.344928409,,,1,0,0
B031,2023-10-25 03:00:00,2,61402050,0.5973255916,,306.66,1,0,1
B031,2023-10-25 04:00:00,0,614E1950,3.35621965,,,1,0,0
B031,2023-10-25 04:00:00,1,614G2040,2.907531409,,,1,0,0
B031,2023-10-25 04:00:00,2,61402050,2.492147574,,306.66,1,0,1
B031,2023-10-25 05:00:00,0,614E1950,0.4327803649,,536.92,1,0,1
B031,2023-10-25 05:00:00,1,614G2040,0.7876401052,,,1,0,0
B031,2023-10-25 05:00:00,2,61402050,0.3871422351,,306.67,1,0,1
B031,2023-10-25 06:00:00,0,614E1950,0.2920555227,,536.92,1,0,1
B031,2023-10-25 06:00:00,1,614G2040,0.3499390715,,,1,0,0
B031,2023-10-25 06:00:00,2,61402050,0.1536333176,,306.68,1,0,1
B031,2023-10-25 07:00:00,0,614E1950,0.6130382079,,536.92,1,0,1
B031,2023-10-25 07:00:00,1,614G2040,1.807527047,,,1,0,0
B031,2023-10-25 07:00:00,2,61402050,0.6668547589,,306.68,1,0,1
B031,2023-10-25 08:00:00,0,614E1950,0.7247489669,,536.92,1,0,1
B031,2023-10-25 08:00:00,1,614G2040,0.8200954263,,,1,0,0
B031,2023-10-25 08:00:00,2,61402050,0.3371228318,1.54,306.67,1,1,1
B031,2023-10-25 09:00:00,0,614E1950,0.8873077293,,536.92,1,0,1
B031,2023-10-25 09:00:00,1,614G2040,0.8080957721,,,1,0,0
B031,2023-10-25 09:00:00,2,61402050,0.5867437327,,306.67,1,0,1
B031,2023-10-25 10:00:00,0,614E1950,1.276946384,,536.92,1,0,1
B031,2023-10-25 10:00:00,1,614G2040,1.118870691,,,1,0,0
B031,2023-10-25 10:00:00,2,61402050,0.7939423694,,306.68,1,0,1
B031,2023-10-25 11:00:00,0,614E1950,0.9545451206,,536.93,1,0,1
B031,2023-10-25 11:00:00,1,614G2040,0.8056541285,,,1,0,0
B031,2023-10-25 11:00:00,2,61402050,0.4467807832,,306.67,1,0,1
B031,2023-10-25 12:00:00,0,614E1950,0.5065418635,,536.93,1,0,1
B031,2023-10-25 12:00:00,1,614G2040,0.7100522534,,,1,0,0
B031,2023-10-25 12:00:00,2,61402050,0.4858954605,,306.67,1,0,1
B031,2023-10-25 13:00:00,0,614E1950,0.7201826041,,536.94,1,0,1
B031,2023-10-25 13:00:00,1,614G2040,0.519667674,,,1,0,0
B031,2023-10-25 13:00:00,2,61402050,0.2868716424,,306.67,1,0,1
B031,2023-10-25 14:00:00,0,614E1950,1.400010314,,536.94,1,0,1
B031,2023-10-25 14:00:00,1,614G2040,1.036382646,,,1,0,0
B031,2023-10-25 14:00:00,2,61402050,0.6570739366,,306.66,1,0,1
B031,2023-10-25 15:00:00,0,614E1950,1.143488626,,536.94,1,0,1
B031,2023-10-25 15:00:00,1,614G2040,1.602930032,,,1,0,0
B031,2023-10-25 15:00:00,2,61402050,0.7840965135,,306.66,1,0,1
B031,2023-10-25 16:00:00,0,614E1950,1.87852931,,536.96,1,0,1
B031,2023-10-25 16:00:00,1,614G2040,3.249453356,,,1,0,0
B031,2023-10-25 16:00:00,2,61402050,2.031560739,,306.67,1,0,1
B031,2023-10-25 17:00:00,0,614E1950,0.9434908802,,536.98,1,0,1
B031,2023-10-25 17:00:00,1,614G2040,1.497600657,,,1,0,0
B031,2023-10-25 17:00:00,2,61402050,0.9589866797,,306.7,1,0,1
B031,2023-10-25 18:00:00,0,614E1950,0.6802012012,,536.99,1,0,1
B031,2023-10-25 18:00:00,1,614G2040,0.8283220452,,,1,0,0
B031,2023-10-25 18:00:00,2,61402050,0.8063759804,,306.73,1,0,1
B031,2023-10-25 19:00:00,0,614E1950,0.3847350306,,537.01,1,0,1
B031,2023-10-25 19:00:00,1,614G2040,0.4458359509,,,1,0,0
B031,2023-10-25 19:00:00,2,61402050,0.2550011492,,306.72,1,0,1
B031,2023-10-25 20:00:00,0,614E1950,0.2181327054,,537.02,1,0,1
B031,2023-10-25 20:00:00,1,614G2040,0.6018346243,,,1,0,0
B031,2023-10-25 20:00:00,2,61402050,0.5323186301,,306.73,1,0,1
B031,2023-10-25 21:00:00,0,614E1950,0.06233376699,,537.05,1,0,1
B031,2023-10-25 21:00:00,1,614G2040,0.01810572492,,,1,0,0
B031,2023-10-25 21:00:00,2,61402050,0.02704487971,,306.8,1,0,1
B031,2023-10-25 22:00:00,0,614E1950,0.06128867977,,537.06,1,0,1
B031,2023-10-25 22:00:00,1,614G2040,0.2558810753,,,1,0,0
B031,2023-10-25 22:00:00,2,61402050,0.06621556779,,306.82,1,0,1
B031,2023-10-25 23:00:00,0,614E1950,0,,537.05,1,0,1
B031,2023-10-25 23:00:00,1,614G2040,0,,,1,0,0
B031,2023-10-25 23:00:00,2,61402050,0.04690213946,,306.81,1,0,1
B031,2023-10-26 00:00:00,0,614E1950,0,,537.05,1,0,1
B031,2023-10-26 00:00:00,1,614G2040,0,,,1,0,0
B031,2023-10-26 00:00:00,2,61402050,0,,306.8,1,0,1
B031,2023-10-26 01:00:00,0,614E1950,0,,537.04,1,0,1
B031,2023-10-26 01:00:00,1,614G2040,0,,,1,0,0
B031,2023-10-26 01:00:00,2,61402050,0,,306.79,1,0,1
B031,2023-10-26 02:00:00,0,614E1950,0,,537.04,1,0,1
B031,2023-10-26 02:00:00,1,614G2040,0.01232074968,,,1,0,0
B031,2023-10-26 02:00:00,2,61402050,0.0004341390214,,306.79,1,0,1
B031,2023-10-26 03:00:00,0,614E1950,0,,537.04,1,0,1
B031,2023-10-26 03:00:00,1,614G2040,0,,,1,0,0
B031,2023-10-26 03:00:00,2,61402050,0,,306.78,1,0,1
B031,2023-10-26 04:00:00,0,614E1950,0,,537.03,1,0,1
B031,2023-10-26 04:00:00,1,614G2040,0,,,1,0,0
B031,2023-10-26 04:00:00,2,61402050,0,,306.78,1,0,1
B031,2023-10-26 05:00:00,0,614E1950,0,,537.03,1,0,1
B031,2023-10-26 05:00:00,1,614G2040,0,,,1,0,0
B031,2023-10-26 05:00:00,2,61402050,0,,306.77,1,0,1
B031,2023-10-26 06:00:00,0,614E1950,0,,537.03,1,0,1
B031,2023-10-26 06:00:00,1,614G2040,0.002120548132,,,1,0,0
B031,2023-10-26 06:00:00,2,61402050,0.02040999341,,306.77,1,0,1
B031,2023-10-26 07:00:00,0,614E1950,9.473893304,,537.03,1,0,1
B031,2023-10-26 07:00:00,1,614G2040,13.21098116,,,1,0,0
B031,2023-10-26 07:00:00,2,61402050,8.996222153,,306.77,1,0,1
B031,2023-10-26 08:00:00,0,614E1950,0,,537.02,1,0,1
B031,2023-10-26 08:00:00,1,614G2040,0,,,1,0,0
B031,2023-10-26 08:00:00,2,61402050,0.04606834784,3.2,306.76,1,1,1
B031,2023-10-26 09:00:00,0,614E1950,0,,537.02,1,0,1
B031,2023-10-26 09:00:00,1,614G2040,0,,,1,0,0
B031,2023-10-26 09:00:00,2,61402050,0,,306.76,1,0,1
B031,2023-10-26 10:00:00,0,614E1950,0,,537.02,1,0,1
B031,2023-10-26 10:00:00,1,614G2040,0,,,1,0,0
B031,2023-10-26 10:00:00,2,61402050,0,,306.76,1,0,1
B031,2023-10-26 11:00:00,0,614E1950,0,,537.02,1,0,1
B031,2023-10-26 11:00:00,1,614G2040,0,,,1,0,0
B031,2023-10-26 11:00:00,2,61402050,0,,306.76,1,0,1
B031,2023-10-26 12:00:00,0,614E1950,0,,537.01,1,0,1
B031,2023-10-26 12:00:00,1,614G2040,0,,,1,0,0
B031,2023-10-26 12:00:00,2,61402050,0,,306.75,1,0,1
B031,2023-10-26 13:00:00,0,614E1950,0.01717679341,,537.02,1,0,1
B031,2023-10-26 13:00:00,1,614G2040,0.01810572492,,,1,0,0
B031,2023-10-26 13:00:00,2,61402050,0,,306.75,1,0,1
B031,2023-10-26 14:00:00,0,614E1950,0.09109961073,,537.01,1,0,1
B031,2023-10-26 14:00:00,1,614G2040,0,,,1,0,0
B031,2023-10-26 14:00:00,2,61402050,0,,306.74,1,0,1
B031,2023-10-26 15:00:00,0,614E1950,0.2910104355,,537.01,1,0,1
B031,2023-10-26 15:00:00,1,614G2040,0.1960609463,,,1,0,0
B031,2023-10-26 15:00:00,2,61402050,0.00168026546,,306.72,1,0,1
B031,2023-10-26 16:00:00,0,614E1950,0.3876977893,,537.01,1,0,1
B031,2023-10-26 16:00:00,1,614G2040,0.4269241629,,,1,0,0
B031,2023-10-26 16:00:00,2,61402050,0.1192607431,,306.71,1,0,1
B031,2023-10-26 17:00:00,0,614E1950,0,,537.01,1,0,1
B031,2023-10-26 17:00:00,1,614G2040,0,,,1,0,0
B031,2023-10-26 17:00:00,2,61402050,0.01856953027,,306.71,1,0,1
B031,2023-10-26 18:00:00,0,614E1950,0,,537.01,1,0,1
B031,2023-10-26 18:00:00,1,614G2040,0,,,1,0,0
B031,2023-10-26 18:00:00,2,61402050,0,,306.71,1,0,1
B031,2023-10-26 19:00:00,0,614E1950,0,,537.01,1,0,1
B031,2023-10-26 19:00:00,1,614G2040,0,,,1,0,0
B031,2023-10-26 19:00:00,2,61402050,0,,306.7,1,0,1
B031,2023-10-26 20:00:00,0,614E1950,0,,537.01,1,0,1
B031,2023-10-26 20:00:00,1,614G2040,0.1433962588,,,1,0,0
B031,2023-10-26 20:00:00,2,61402050,0,,306.7,1,0,1
B031,2023-10-26 21:00:00,0,614E1950,0,,537.01,1,0,1
B031,2023-10-26 21:00:00,1,614G2040,0,,,1,0,0
B031,2023-10-26 21:00:00,2,61402050,0.09380427893,,306.7,1,0,1
B031,2023-10-26 22:00:00,0,614E1950,0,,537,1,0,1
B031,2023-10-26 22:00:00,1,614G2040,0,,,1,0,0
B031,2023-10-26 22:00:00,2,61402050,0,,306.69,1,0,1
B031,2023-10-26 23:00:00,0,614E1950,0,,537.01,1,0,1
B031,2023-10-26 23:00:00,1,614G2040,0,,,1,0,0
B031,2023-10-26 23:00:00,2,61402050,0,,306.69,1,0,1
B031,2023-10-27 00:00:00,0,614E1950,0.06128867977,,537,1,0,1
B031,2023-10-27 00:00:00,1,614G2040,0.02633234376,,,1,0,0
B031,2023-10-27 00:00:00,2,61402050,0,,306.69,1,0,1
B031,2023-10-27 01:00:00,0,614E1950,0.01717679341,,537,1,0,1
B031,2023-10-27 01:00:00,1,614G2040,0.01810572492,,,1,0,0
B031,2023-10-27 01:00:00,2,61402050,0.04606834784,,306.69,1,0,1
B031,2023-10-27 02:00:00,0,614E1950,0,,537,1,0,1
B031,2023-10-27 02:00:00,1,614G2040,0,,,1,0,0
B031,2023-10-27 02:00:00,2,61402050,0,,306.69,1,0,1
B031,2023-10-27 03:00:00,0,614E1950,0,,537,1,0,1
B031,2023-10-27 03:00:00,1,614G2040,0,,,1,0,0
B031,2023-10-27 03:00:00,2,61402050,0,,306.69,1,0,1
B031,2023-10-27 04:00:00,0,614E1950,0.1062843346,,536.99,1,0,1
B031,2023-10-27 04:00:00,1,614G2040,0.08615247282,,,1,0,0
B031,2023-10-27 04:00:00,2,61402050,0.04887236511,,306.69,1,0,1
B031,2023-10-27 05:00:00,0,614E1950,0,,536.99,1,0,1
B031,2023-10-27 05:00:00,1,614G2040,0,,,1,0,0
B031,2023-10-27 05:00:00,2,61402050,0,,306.69,1,0,1
B031,2023-10-27 06:00:00,0,614E1950,0.09109961073,,536.99,1,0,1
B031,2023-10-27 06:00:00,1,614G2040,0,,,1,0,0
B031,2023-10-27 06:00:00,2,61402050,0,,306.69,1,0,1
B031,2023-10-27 07:00:00,0,614E1950,0.6984356046,,536.99,1,0,1
B031,2023-10-27 07:00:00,1,614G2040,0.9150776344,,,1,0,0
B031,2023-10-27 07:00:00,2,61402050,0.376305604,,306.69,1,0,1
B031,2023-10-27 08:00:00,0,614E1950,0,,536.99,1,0,1
B031,2023-10-27 08:00:00,1,614G2040,0,,,1,0,0
B031,2023-10-27 08:00:00,2,61402050,0,1.82,306.69,1,1,1
B031,2023-10-27 09:00:00,0,614E1950,0,,536.99,1,0,1
B031,2023-10-27 09:00:00,1,614G2040,0,,,1,0,0
B031,2023-10-27 09:00:00,2,61402050,0,,306.69,1,0,1
B031,2023-10-27 10:00:00,0,614E1950,0,,536.99,1,0,1
B031,2023-10-27 10:00:00,1,614G2040,0,,,1,0,0
B031,2023-10-27 10:00:00,2,61402050,0,,306.68,1,0,1
B031,2023-10-27 11:00:00,0,614E1950,0,,536.99,1,0,1
B031,2023-10-27 11:00:00,1,614G2040,0,,,1,0,0
B031,2023-10-27 11:00:00,2,61402050,0,,306.68,1,0,1
B031,2023-10-27 12:00:00,0,614E1950,0,,536.99,1,0,1
B031,2023-10-27 12:00:00,1,614G2040,0,,,1,0,0
B031,2023-10-27 12:00:00,2,61402050,0,,306.68,1,0,1
B031,2023-10-27 13:00:00,0,614E1950,0,,536.99,1,0,1
B031,2023-10-27 13:00:00,1,614G2040,0,,,1,0,0
B031,2023-10-27 13:00:00,2,61402050,0,,306.68,1,0,1
B031,2023-10-27 14:00:00,0,614E1950,0,,536.99,1,0,1
B031,2023-10-27 14:00:00,1,614G2040,0,,,1,0,0
B031,2023-10-27 14:00:00,2,61402050,0,,306.68,1,0,1
B031,2023-10-27 15:00:00,0,614E1950,0,,536.99,1,0,1
B031,2023-10-27 15:00:00,1,614G2040,0,,,1,0,0
B031,2023-10-27 15:00:00,2,61402050,0,,306.68,1,0,1
B031,2023-10-27 16:00:00,0,614E1950,0,,536.99,1,0,1
B031,2023-10-27 16:00:00,1,614G2040,0,,,1,0,0
B031,2023-10-27 16:00:00,2,61402050,0,,306.68,1,0,1
B031,2023-10-27 17:00:00,0,614E1950,0,,536.99,1,0,1
B031,2023-10-27 17:00:00,1,614G2040,0,,,1,0,0
B031,2023-10-27 17:00:00,2,61402050,0,,306.68,1,0,1
B031,2023-10-27 18:00:00,0,614E1950,0.06128867977,,536.99,1,0,1
B031,2023-10-27 18:00:00,1,614G2040,0.1697286025,,,1,0,0
B031,2023-10-27 18:00:00,2,61402050,0,,306.68,1,0,1
B031,2023-10-27 19:00:00,0,614E1950,0,,536.99,1,0,1
B031,2023-10-27 19:00:00,1,614G2040,0,,,1,0,0
B031,2023-10-27 19:00:00,2,61402050,0,,306.68,1,0,1
B031,2023-10-27 20:00:00,0,614E1950,0,,536.99,1,0,1
B031,2023-10-27 20:00:00,1,614G2040,0,,,1,0,0
B031,2023-10-27 20:00:00,2,61402050,0,,306.67,1,0,1
B031,2023-10-27 21:00:00,0,614E1950,0,,536.99,1,0,1
B031,2023-10-27 21:00:00,1,614G2040,0,,,1,0,0
B031,2023-10-27 21:00:00,2,61402050,0,,306.67,1,0,1
B031,2023-10-27 22:00:00,0,614E1950,0,,536.99,1,0,1
B031,2023-10-27 22:00:00,1,614G2040,0,,,1,0,0
B031,2023-10-27 22:00:00,2,61402050,0,,306.67,1,0,1
B031,2023-10-27 23:00:00,0,614E1950,0,,536.99,1,0,1
B031,2023-10-27 23:00:00,1,614G2040,0,,,1,0,0
B031,2023-10-27 23:00:00,2,61402050,0,,306.67,1,0,1
B031,2023-10-28 00:00:00,0,614E1950,0,,536.99,1,0,1
B031,2023-10-28 00:00:00,1,614G2040,0,,,1,0,0
B031,2023-10-28 00:00:00,2,61402050,0,,306.67,1,0,1
B031,2023-10-28 01:00:00,0,614E1950,0,,536.99,1,0,1
B031,2023-10-28 01:00:00,1,614G2040,0,,,1,0,0
B031,2023-10-28 01:00:00,2,61402050,0,,306.67,1,0,1
B031,2023-10-28 02:00:00,0,614E1950,0,,536.99,1,0,1
B031,2023-10-28 02:00:00,1,614G2040,0,,,1,0,0
B031,2023-10-28 02:00:00,2,61402050,0,,306.67,1,0,1
B031,2023-10-28 03:00:00,0,614E1950,0,,536.99,1,0,1
B031,2023-10-28 03:00:00,1,614G2040,0,,,1,0,0
B031,2023-10-28 03:00:00,2,61402050,0,,306.67,1,0,1
B031,2023-10-28 04:00:00,0,614E1950,0,,536.99,1,0,1
B031,2023-10-28 04:00:00,1,614G2040,0,,,1,0,0
B031,2023-10-28 04:00:00,2,61402050,0,,306.67,1,0,1
B031,2023-10-28 05:00:00,0,614E1950,0,,536.99,1,0,1
B031,2023-10-28 05:00:00,1,614G2040,0,,,1,0,0
B031,2023-10-28 05:00:00,2,61402050,0,,306.67,1,0,1
B031,2023-10-28 06:00:00,0,614E1950,0,,536.99,1,0,1
B031,2023-10-28 06:00:00,1,614G2040,0,,,1,0,0
B031,2023-10-28 06:00:00,2,61402050,0,,306.67,1,0,1
B031,2023-10-28 07:00:00,0,614E1950,0.06128867977,,536.99,1,0,1
B031,2023-10-28 07:00:00,1,614G2040,0.1697286025,,,1,0,0
B031,2023-10-28 07:00:00,2,61402050,0,,306.67,1,0,1
B031,2023-10-28 08:00:00,0,614E1950,0,,536.99,1,0,1
B031,2023-10-28 08:00:00,1,614G2040,0,,,1,0,0
B031,2023-10-28 08:00:00,2,61402050,0,1.54,306.67,1,1,1
B031,2023-10-28 09:00:00,0,614E1950,0,,536.99,1,0,1
B031,2023-10-28 09:00:00,1,614G2040,0,,,1,0,0
B031,2023-10-28 09:00:00,2,61402050,0,,306.67,1,0,1
B031,2023-10-28 10:00:00,0,614E1950,0,,536.99,1,0,1
B031,2023-10-28 10:00:00,1,614G2040,0,,,1,0,0
B031,2023-10-28 10:00:00,2,61402050,0,,306.67,1,0,1
B031,2023-10-28 11:00:00,0,614E1950,0,,536.98,1,0,1
B031,2023-10-28 11:00:00,1,614G2040,0,,,1,0,0
B031,2023-10-28 11:00:00,2,61402050,0,,306.67,1,0,1
B031,2023-10-28 12:00:00,0,614E1950,0,,536.98,1,0,1
B031,2023-10-28 12:00:00,1,614G2040,0,,,1,0,0
B031,2023-10-28 12:00:00,2,61402050,0,,306.67,1,0,1
B031,2023-10-28 13:00:00,0,614E1950,0,,536.98,1,0,1
B031,2023-10-28 13:00:00,1,614G2040,0,,,1,0,0
B031,2023-10-28 13:00:00,2,61402050,0,,306.67,1,0,1
B031,2023-10-28 14:00:00,0,614E1950,0,,536.98,1,0,1
B031,2023-10-28 14:00:00,1,614G2040,0,,,1,0,0
B031,2023-10-28 14:00:00,2,61402050,0,,306.67,1,0,1
B031,2023-10-28 15:00:00,0,614E1950,0,,536.98,1,0,1
B031,2023-10-28 15:00:00,1,614G2040,0,,,1,0,0
B031,2023-10-28 15:00:00,2,61402050,0,,306.67,1,0,1
B031,2023-10-28 16:00:00,0,614E1950,0,,536.98,1,0,1
B031,2023-10-28 16:00:00,1,614G2040,0,,,1,0,0
B031,2023-10-28 16:00:00,2,61402050,0,,306.67,1,0,1
B031,2023-10-28 17:00:00,0,614E1950,0,,536.98,1,0,1
B031,2023-10-28 17:00:00,1,614G2040,0,,,1,0,0
B031,2023-10-28 17:00:00,2,61402050,0,,306.67,1,0,1
B031,2023-10-28 18:00:00,0,614E1950,0,,536.98,1,0,1
B031,2023-10-28 18:00:00,1,614G2040,0,,,1,0,0
B031,2023-10-28 18:00:00,2,61402050,0,,306.67,1,0,1
B031,2023-10-28 19:00:00,0,614E1950,0,,536.98,1,0,1
B031,2023-10-28 19:00:00,1,614G2040,0,,,1,0,0
B031,2023-10-28 19:00:00,2,61402050,0,,306.67,1,0,1
B031,2023-10-28 20:00:00,0,614E1950,0,,536.98,1,0,1
B031,2023-10-28 20:00:00,1,614G2040,0,,,1,0,0
B031,2023-10-28 20:00:00,2,61402050,0,,306.67,1,0,1
B031,2023-10-28 21:00:00,0,614E1950,0,,536.98,1,0,1
B031,2023-10-28 21:00:00,1,614G2040,0,,,1,0,0
B031,2023-10-28 21:00:00,2,61402050,0,,306.67,1,0,1
B031,2023-10-28 22:00:00,0,614E1950,0,,536.98,1,0,1
B031,2023-10-28 22:00:00,1,614G2040,0,,,1,0,0
B031,2023-10-28 22:00:00,2,61402050,0,,306.67,1,0,1
B031,2023-10-28 23:00:00,0,614E1950,0,,536.98,1,0,1
B031,2023-10-28 23:00:00,1,614G2040,0,,,1,0,0
B031,2023-10-28 23:00:00,2,61402050,0,,306.67,1,0,1
B031,2023-10-29 00:00:00,0,614E1950,0,,536.98,1,0,1
B031,2023-10-29 00:00:00,1,614G2040,0,,,1,0,0
B031,2023-10-29 00:00:00,2,61402050,0,,306.67,1,0,1
B031,2023-10-29 01:00:00,0,614E1950,0,,536.97,1,0,1
B031,2023-10-29 01:00:00,1,614G2040,0,,,1,0,0
B031,2023-10-29 01:00:00,2,61402050,0,,306.67,1,0,1
B031,2023-10-29 02:00:00,0,614E1950,0,,536.97,1,0,1
B031,2023-10-29 02:00:00,1,614G2040,0,,,1,0,0
B031,2023-10-29 02:00:00,2,61402050,0,,306.67,1,0,1
B031,2023-10-29 03:00:00,0,614E1950,0,,536.97,1,0,1
B031,2023-10-29 03:00:00,1,614G2040,0,,,1,0,0
B031,2023-10-29 03:00:00,2,61402050,0,,306.67,1,0,1
B031,2023-10-29 04:00:00,0,614E1950,0,,536.97,1,0,1
B031,2023-10-29 04:00:00,1,614G2040,0,,,1,0,0
B031,2023-10-29 04:00:00,2,61402050,0,,306.66,1,0,1
B031,2023-10-29 05:00:00,0,614E1950,0,,536.97,1,0,1
B031,2023-10-29 05:00:00,1,614G2040,0,,,1,0,0
B031,2023-10-29 05:00:00,2,61402050,0,,306.66,1,0,1
B031,2023-10-29 06:00:00,0,614E1950,0,,536.97,1,0,1
B031,2023-10-29 06:00:00,1,614G2040,0,,,1,0,0
B031,2023-10-29 06:00:00,2,61402050,0,,306.66,1,0,1
B031,2023-10-29 07:00:00,0,614E1950,0,,536.97,1,0,1
B031,2023-10-29 07:00:00,1,614G2040,0,,,1,0,0
B031,2023-10-29 07:00:00,2,61402050,0,,306.66,1,0,1
B031,2023-10-29 08:00:00,0,614E1950,0,,536.97,1,0,1
B031,2023-10-29 08:00:00,1,614G2040,0,,,1,0,0
B031,2023-10-29 08:00:00,2,61402050,0,1.42,306.66,1,1,1
B031,2023-11-01 16:00:00,0,614E1950,0,,536.91,1,0,1
B031,2023-11-01 16:00:00,1,614G2040,0,,,1,0,0
B031,2023-11-01 16:00:00,2,61402050,0,,306.61,1,0,1
B031,2023-11-01 17:00:00,0,614E1950,0,,536.91,1,0,1
B031,2023-11-01 17:00:00,1,614G2040,0,,,1,0,0
B031,2023-11-01 17:00:00,2,61402050,0,,306.61,1,0,1
B031,2023-11-01 18:00:00,0,614E1950,0,,536.91,1,0,1
B031,2023-11-01 18:00:00,1,614G2040,0,,,1,0,0
B031,2023-11-01 18:00:00,2,61402050,0,,306.61,1,0,1
B031,2023-11-01 19:00:00,0,614E1950,0,,536.91,1,0,1
B031,2023-11-01 19:00:00,1,614G2040,0,,,1,0,0
B031,2023-11-01 19:00:00,2,61402050,0,,306.61,1,0,1
B031,2023-11-01 20:00:00,0,614E1950,0,,536.91,1,0,1
B031,2023-11-01 20:00:00,1,614G2040,0,,,1,0,0
B031,2023-11-01 20:00:00,2,61402050,0,,306.61,1,0,1
B031,2023-11-01 21:00:00,0,614E1950,0,,536.91,1,0,1
B031,2023-11-01 21:00:00,1,614G2040,0,,,1,0,0
B031,2023-11-01 21:00:00,2,61402050,0,,306.61,1,0,1
B031,2023-11-01 22:00:00,0,614E1950,0,,536.91,1,0,1
B031,2023-11-01 22:00:00,1,614G2040,0,,,1,0,0
B031,2023-11-01 22:00:00,2,61402050,0,,306.61,1,0,1
B031,2023-11-01 23:00:00,0,614E1950,0,,536.91,1,0,1
B031,2023-11-01 23:00:00,1,614G2040,0,,,1,0,0
B031,2023-11-01 23:00:00,2,61402050,0,,306.61,1,0,1
B031,2023-11-02 00:00:00,0,614E1950,0,,536.91,1,0,1
B031,2023-11-02 00:00:00,1,614G2040,0,,,1,0,0
B031,2023-11-02 00:00:00,2,61402050,0,,306.61,1,0,1
B031,2023-11-02 01:00:00,0,614E1950,0,,536.91,1,0,1
B031,2023-11-02 01:00:00,1,614G2040,0,,,1,0,0
B031,2023-11-02 01:00:00,2,61402050,0,,306.61,1,0,1
B031,2023-11-02 02:00:00,0,614E1950,0,,536.91,1,0,1
B031,2023-11-02 02:00:00,1,614G2040,0,,,1,0,0
B031,2023-11-02 02:00:00,2,61402050,0,,306.61,1,0,1
B031,2023-11-02 03:00:00,0,614E1950,0,,536.91,1,0,1
B031,2023-11-02 03:00:00,1,614G2040,0,,,1,0,0
B031,2023-11-02 03:00:00,2,61402050,0,,306.61,1,0,1
B031,2023-11-02 04:00:00,0,614E1950,0,,536.91,1,0,1
B031,2023-11-02 04:00:00,1,614G2040,0,,,1,0,0
B031,2023-11-02 04:00:00,2,61402050,0,,306.61,1,0,1
B031,2023-11-02 05:00:00,0,614E1950,0,,536.91,1,0,1
B031,2023-11-02 05:00:00,1,614G2040,0,,,1,0,0
B031,2023-11-02 05:00:00,2,61402050,0,,306.61,1,0,1
B031,2023-11-02 06:00:00,0,614E1950,0,,536.91,1,0,1
B031,2023-11-02 06:00:00,1,614G2040,0,,,1,0,0
B031,2023-11-02 06:00:00,2,61402050,0,,306.61,1,0,1
B031,2023-11-02 07:00:00,0,614E1950,0,,536.91,1,0,1
B031,2023-11-02 07:00:00,1,614G2040,0,,,1,0,0
B031,2023-11-02 07:00:00,2,61402050,0,,306.61,1,0,1
B031,2023-11-02 08:00:00,0,614E1950,0,,536.91,1,0,1
B031,2023-11-02 08:00:00,1,614G2040,0,,,1,0,0
B031,2023-11-02 08:00:00,2,61402050,0,0.991,306.61,1,1,1
B031,2023-11-02 09:00:00,0,614E1950,0,,536.91,1,0,1
B031,2023-11-02 09:00:00,1,614G2040,0,,,1,0,0
B031,2023-11-02 09:00:00,2,61402050,0,,306.61,1,0,1
B031,2023-11-02 10:00:00,0,614E1950,0,,536.91,1,0,1
B031,2023-11-02 10:00:00,1,614G2040,0,,,1,0,0
B031,2023-11-02 10:00:00,2,61402050,0,,306.61,1,0,1
B031,2023-11-02 11:00:00,0,614E1950,0,,536.91,1,0,1
B031,2023-11-02 11:00:00,1,614G2040,0,,,1,0,0
B031,2023-11-02 11:00:00,2,61402050,0,,306.61,1,0,1
B031,2023-11-02 12:00:00,0,614E1950,0,,536.91,1,0,1
B031,2023-11-02 12:00:00,1,614G2040,0,,,1,0,0
B031,2023-11-02 12:00:00,2,61402050,0,,306.61,1,0,1
B031,2023-11-02 13:00:00,0,614E1950,0,,536.91,1,0,1
B031,2023-11-02 13:00:00,1,614G2040,0,,,1,0,0
B031,2023-11-02 13:00:00,2,61402050,0,,306.61,1,0,1
B031,2023-11-02 14:00:00,0,614E1950,0,,536.91,1,0,1
B031,2023-11-02 14:00:00,1,614G2040,0,,,1,0,0
B031,2023-11-02 14:00:00,2,61402050,0,,306.61,1,0,1
B031,2023-11-02 15:00:00,0,614E1950,0,,536.91,1,0,1
B031,2023-11-02 15:00:00,1,614G2040,0,,,1,0,0
B031,2023-11-02 15:00:00,2,61402050,0,,306.61,1,0,1
B031,2023-11-02 16:00:00,0,614E1950,0,,536.91,1,0,1
B031,2023-11-02 16:00:00,1,614G2040,0,,,1,0,0
B031,2023-11-02 16:00:00,2,61402050,0,,306.61,1,0,1
B031,2023-11-02 17:00:00,0,614E1950,0,,536.91,1,0,1
B031,2023-11-02 17:00:00,1,614G2040,0,,,1,0,0
B031,2023-11-02 17:00:00,2,61402050,0,,306.61,1,0,1
B031,2023-11-02 18:00:00,0,614E1950,0,,536.91,1,0,1
B031,2023-11-02 18:00:00,1,614G2040,0,,,1,0,0
B031,2023-11-02 18:00:00,2,61402050,0,,306.61,1,0,1
B031,2023-11-02 19:00:00,0,614E1950,0,,536.91,1,0,1
B031,2023-11-02 19:00:00,1,614G2040,0,,,1,0,0
B031,2023-11-02 19:00:00,2,61402050,0,,306.61,1,0,1
B031,2023-11-02 20:00:00,0,614E1950,0,,536.91,1,0,1
B031,2023-11-02 20:00:00,1,614G2040,0,,,1,0,0
B031,2023-11-02 20:00:00,2,61402050,0,,306.61,1,0,1
B031,2023-11-02 21:00:00,0,614E1950,0,,536.91,1,0,1
B031,2023-11-02 21:00:00,1,614G2040,0,,,1,0,0
B031,2023-11-02 21:00:00,2,61402050,0,,306.61,1,0,1
B031,2023-11-02 22:00:00,0,614E1950,0,,536.91,1,0,1
B031,2023-11-02 22:00:00,1,614G2040,0,,,1,0,0
B031,2023-11-02 22:00:00,2,61402050,0,,306.61,1,0,1
B031,2023-11-02 23:00:00,0,614E1950,0,,536.91,1,0,1
B031,2023-11-02 23:00:00,1,614G2040,0,,,1,0,0
B031,2023-11-02 23:00:00,2,61402050,0,,306.61,1,0,1
B031,2023-11-03 00:00:00,0,614E1950,0,,536.91,1,0,1
B031,2023-11-03 00:00:00,1,614G2040,0,,,1,0,0
B031,2023-11-03 00:00:00,2,61402050,0,,306.61,1,0,1
B031,2023-11-03 01:00:00,0,614E1950,0,,536.91,1,0,1
B031,2023-11-03 01:00:00,1,614G2040,0,,,1,0,0
B031,2023-11-03 01:00:00,2,61402050,0,,306.61,1,0,1
B031,2023-11-03 02:00:00,0,614E1950,0,,536.91,1,0,1
B031,2023-11-03 02:00:00,1,614G2040,0,,,1,0,0
B031,2023-11-03 02:00:00,2,61402050,0,,306.61,1,0,1
B031,2023-11-03 03:00:00,0,614E1950,0,,536.91,1,0,1
B031,2023-11-03 03:00:00,1,614G2040,0,,,1,0,0
B031,2023-11-03 03:00:00,2,61402050,0,,306.61,1,0,1
B031,2023-11-03 04:00:00,0,614E1950,0,,536.91,1,0,1
B031,2023-11-03 04:00:00,1,614G2040,0,,,1,0,0
B031,2023-11-03 04:00:00,2,61402050,0,,306.6,1,0,1
B031,2023-11-03 05:00:00,0,614E1950,0,,536.91,1,0,1
B031,2023-11-03 05:00:00,1,614G2040,0,,,1,0,0
B031,2023-11-03 05:00:00,2,61402050,0,,306.61,1,0,1
B031,2023-11-03 06:00:00,0,614E1950,0,,536.91,1,0,1
B031,2023-11-03 06:00:00,1,614G2040,0,,,1,0,0
B031,2023-11-03 06:00:00,2,61402050,0,,306.61,1,0,1
B031,2023-11-03 07:00:00,0,614E1950,0,,536.91,1,0,1
B031,2023-11-03 07:00:00,1,614G2040,0,,,1,0,0
B031,2023-11-03 07:00:00,2,61402050,0,,306.61,1,0,1
B031,2023-11-03 08:00:00,0,614E1950,0,,536.91,1,0,1
B031,2023-11-03 08:00:00,1,614G2040,0,,,1,0,0
B031,2023-11-03 08:00:00,2,61402050,0,0.991,306.61,1,1,1
B031,2023-11-03 09:00:00,0,614E1950,0,,536.91,1,0,1
B031,2023-11-03 09:00:00,1,614G2040,0,,,1,0,0
B031,2023-11-03 09:00:00,2,61402050,0,,306.61,1,0,1
B031,2023-11-03 10:00:00,0,614E1950,0,,536.91,1,0,1
B031,2023-11-03 10:00:00,1,614G2040,0,,,1,0,0
B031,2023-11-03 10:00:00,2,61402050,0,,306.61,1,0,1
B031,2023-11-03 11:00:00,0,614E1950,0,,536.91,1,0,1
B031,2023-11-03 11:00:00,1,614G2040,0,,,1,0,0
B031,2023-11-03 11:00:00,2,61402050,0,,306.61,1,0,1
B031,2023-11-03 12:00:00,0,614E1950,0,,536.91,1,0,1
B031,2023-11-03 12:00:00,1,614G2040,0,,,1,0,0
B031,2023-11-03 12:00:00,2,61402050,0,,306.61,1,0,1
B031,2023-11-03 13:00:00,0,614E1950,0,,536.91,1,0,1
B031,2023-11-03 13:00:00,1,614G2040,0,,,1,0,0
B031,2023-11-03 13:00:00,2,61402050,0,,306.61,1,0,1
B031,2023-11-03 14:00:00,0,614E1950,0,,536.91,1,0,1
B031,2023-11-03 14:00:00,1,614G2040,0,,,1,0,0
B031,2023-11-03 14:00:00,2,61402050,0,,306.6,1,0,1
B031,2023-11-03 15:00:00,0,614E1950,0,,536.91,1,0,1
B031,2023-11-03 15:00:00,1,614G2040,0,,,1,0,0
B031,2023-11-03 15:00:00,2,61402050,0,,306.6,1,0,1
B031,2023-11-03 16:00:00,0,614E1950,0,,536.91,1,0,1
B031,2023-11-03 16:00:00,1,614G2040,0.008651370853,,,1,0,0
B031,2023-11-03 16:00:00,2,61402050,0.1032365295,,306.6,1,0,1
B031,2023-11-03 17:00:00,0,614E1950,0,,536.91,1,0,1
B031,2023-11-03 17:00:00,1,614G2040,0.002883790284,,,1,0,0
B031,2023-11-03 17:00:00,2,61402050,0.04356053554,,306.6,1,0,1
B031,2023-11-03 18:00:00,0,614E1950,0.03364074367,,536.91,1,0,1
B031,2023-11-03 18:00:00,1,614G2040,0.1041011962,,,1,0,0
B031,2023-11-03 18:00:00,2,61402050,0.1866736732,,306.6,1,0,1
B031,2023-11-03 19:00:00,0,614E1950,0.01682037184,,536.91,1,0,1
B031,2023-11-03 19:00:00,1,614G2040,0.09750712304,,,1,0,0
B031,2023-11-03 19:00:00,2,61402050,0.1276744143,,306.61,1,0,1
B031,2023-11-03 20:00:00,0,614E1950,0.3915913456,,536.91,1,0,1
B031,2023-11-03 20:00:00,1,614G2040,0.1862476527,,,1,0,0
B031,2023-11-03 20:00:00,2,61402050,0.282870375,,306.61,1,0,1
B031,2023-11-03 21:00:00,0,614E1950,3.149813055,,536.91,1,0,1
B031,2023-11-03 21:00:00,1,614G2040,3.125824571,,,1,0,0
B031,2023-11-03 21:00:00,2,61402050,1.827049115,,306.61,1,0,1
B031,2023-11-03 22:00:00,0,614E1950,5.969922446,,536.92,1,0,1
B031,2023-11-03 22:00:00,1,614G2040,7.67501228,,,1,0,0
B031,2023-11-03 22:00:00,2,61402050,7.400645541,,306.61,1,0,1
B031,2023-11-03 23:00:00,0,614E1950,7.865847074,,,1,0,0
B031,2023-11-03 23:00:00,1,614G2040,8.453805207,,,1,0,0
B031,2023-11-03 23:00:00,2,61402050,8.788114791,,306.65,1,0,1
B031,2023-11-04 00:00:00,0,614E1950,7.019405912,,536.94,1,0,1
B031,2023-11-04 00:00:00,1,614G2040,8.297081406,,,1,0,0
B031,2023-11-04 00:00:00,2,61402050,9.312089088,,306.72,1,0,1
B031,2023-11-04 01:00:00,0,614E1950,0.548569977,,536.96,1,0,1
B031,2023-11-04 01:00:00,1,614G2040,1.034708593,,,1,0,0
B031,2023-11-04 01:00:00,2,61402050,1.409166663,,306.76,1,0,1
B031,2023-11-04 02:00:00,0,614E1950,0.01900127787,,536.96,1,0,1
B031,2023-11-04 02:00:00,1,614G2040,0.04519147005,,,1,0,0
B031,2023-11-04 02:00:00,2,61402050,0.05952223659,,306.76,1,0,1
B031,2023-11-04 03:00:00,0,614E1950,0,,536.96,1,0,1
B031,2023-11-04 03:00:00,1,614G2040,0,,,1,0,0
B031,2023-11-04 03:00:00,2,61402050,0,,306.72,1,0,1
B031,2023-11-04 04:00:00,0,614E1950,0,,537.03,1,0,1
B031,2023-11-04 04:00:00,1,614G2040,0,,,1,0,0
B031,2023-11-04 04:00:00,2,61402050,0.1407064184,,306.74,1,0,1
B031,2023-11-04 05:00:00,0,614E1950,0.02231370952,,537.03,1,0,1
B031,2023-11-04 05:00:00,1,614G2040,0,,,1,0,0
B031,2023-11-04 05:00:00,2,61402050,0,,306.74,1,0,1
B031,2023-11-04 06:00:00,0,614E1950,0,,537.03,1,0,1
B031,2023-11-04 06:00:00,1,614G2040,0.02484189229,,,1,0,0
B031,2023-11-04 06:00:00,2,61402050,0,,306.74,1,0,1
B031,2023-11-04 07:00:00,0,614E1950,7.876348304,,537.02,1,0,1
B031,2023-11-04 07:00:00,1,614G2040,14.28095031,,,1,0,0
B031,2023-11-04 07:00:00,2,61402050,10.45816226,,306.73,1,0,1
B031,2023-11-04 08:00:00,0,614E1950,0,,537.01,1,0,1
B031,2023-11-04 08:00:00,1,614G2040,0,,,1,0,0
B031,2023-11-04 08:00:00,2,61402050,0,2.56,306.73,1,1,1
B031,2023-11-04 09:00:00,0,614E1950,0,,537.01,1,0,1
B031,2023-11-04 09:00:00,1,614G2040,0,,,1,0,0
B031,2023-11-04 09:00:00,2,61402050,0,,306.72,1,0,1
B031,2023-11-04 10:00:00,0,614E1950,0,,537.01,1,0,1
B031,2023-11-04 10:00:00,1,614G2040,0,,,1,0,0
B031,2023-11-04 10:00:00,2,61402050,0,,306.71,1,0,1
B031,2023-11-04 11:00:00,0,614E1950,0,,537.01,1,0,1
B031,2023-11-04 11:00:00,1,614G2040,0,,,1,0,0
B031,2023-11-04 11:00:00,2,61402050,0,,306.7,1,0,1
B031,2023-11-04 12:00:00,0,614E1950,0,,537,1,0,1
B031,2023-11-04 12:00:00,1,614G2040,0,,,1,0,0
B031,2023-11-04 12:00:00,2,61402050,0,,306.69,1,0,1
B031,2023-11-04 13:00:00,0,614E1950,0,,537.01,1,0,1
B031,2023-11-04 13:00:00,1,614G2040,0,,,1,0,0
B031,2023-11-04 13:00:00,2,61402050,0,,306.69,1,0,1
B031,2023-11-04 14:00:00,0,614E1950,0,,537,1,0,1
B031,2023-11-04 14:00:00,1,614G2040,0,,,1,0,0
B031,2023-11-04 14:00:00,2,61402050,0,,306.69,1,0,1
B031,2023-11-04 15:00:00,0,614E1950,0,,537,1,0,1
B031,2023-11-04 15:00:00,1,614G2040,0,,,1,0,0
B031,2023-11-04 15:00:00,2,61402050,0,,306.68,1,0,1
B031,2023-11-04 16:00:00,0,614E1950,0,,537,1,0,1
B031,2023-11-04 16:00:00,1,614G2040,0,,,1,0,0
B031,2023-11-04 16:00:00,2,61402050,0,,306.68,1,0,1
B031,2023-11-04 17:00:00,0,614E1950,0,,537,1,0,1
B031,2023-11-04 17:00:00,1,614G2040,0,,,1,0,0
B031,2023-11-04 17:00:00,2,61402050,0,,306.67,1,0,1
B031,2023-11-04 18:00:00,0,614E1950,0,,536.99,1,0,1
B031,2023-11-04 18:00:00,1,614G2040,0,,,1,0,0
B031,2023-11-04 18:00:00,2,61402050,0,,306.67,1,0,1
B031,2023-11-04 19:00:00,0,614E1950,0,,537,1,0,1
B031,2023-11-04 19:00:00,1,614G2040,0,,,1,0,0
B031,2023-11-04 19:00:00,2,61402050,0,,306.67,1,0,1
B031,2023-11-04 20:00:00,0,614E1950,0,,536.99,1,0,1
B031,2023-11-04 20:00:00,1,614G2040,0,,,1,0,0
B031,2023-11-04 20:00:00,2,61402050,0,,306.67,1,0,1
B031,2023-11-04 21:00:00,0,614E1950,0,,537,1,0,1
B031,2023-11-04 21:00:00,1,614G2040,0,,,1,0,0
B031,2023-11-04 21:00:00,2,61402050,0,,306.67,1,0,1
B031,2023-11-04 22:00:00,0,614E1950,0,,536.99,1,0,1
B031,2023-11-04 22:00:00,1,614G2040,0.02255800546,,,1,0,0
B031,2023-11-04 22:00:00,2,61402050,0,,306.67,1,0,1
B031,2023-11-04 23:00:00,0,614E1950,0,,537,1,0,1
B031,2023-11-04 23:00:00,1,614G2040,0,,,1,0,0
B031,2023-11-04 23:00:00,2,61402050,0,,306.66,1,0,1
B031,2023-11-05 00:00:00,0,614E1950,0,,536.99,1,0,1
B031,2023-11-05 00:00:00,1,614G2040,0,,,1,0,0
B031,2023-11-05 00:00:00,2,61402050,0,,306.66,1,0,1
B031,2023-11-05 01:00:00,0,614E1950,0,,537,1,0,1
B031,2023-11-05 01:00:00,1,614G2040,0,,,1,0,0
B031,2023-11-05 01:00:00,2,61402050,0,,306.66,1,0,1
B031,2023-11-05 02:00:00,0,614E1950,0,,536.99,1,0,1
B031,2023-11-05 02:00:00,1,614G2040,0,,,1,0,0
B031,2023-11-05 02:00:00,2,61402050,0,,306.66,1,0,1
B031,2023-11-05 03:00:00,0,614E1950,0,,536.99,1,0,1
B031,2023-11-05 03:00:00,1,614G2040,0,,,1,0,0
B031,2023-11-05 03:00:00,2,61402050,0,,306.66,1,0,1
B031,2023-11-05 04:00:00,0,614E1950,0,,536.99,1,0,1
B031,2023-11-05 04:00:00,1,614G2040,0,,,1,0,0
B031,2023-11-05 04:00:00,2,61402050,0,,306.66,1,0,1
B031,2023-11-05 05:00:00,0,614E1950,0,,536.99,1,0,1
B031,2023-11-05 05:00:00,1,614G2040,0,,,1,0,0
B031,2023-11-05 05:00:00,2,61402050,0,,306.65,1,0,1
B031,2023-11-05 06:00:00,0,614E1950,0,,536.99,1,0,1
B031,2023-11-05 06:00:00,1,614G2040,0,,,1,0,0
B031,2023-11-05 06:00:00,2,61402050,0,,306.66,1,0,1
B031,2023-11-05 07:00:00,0,614E1950,0.2091986352,,536.99,1,0,1
B031,2023-11-05 07:00:00,1,614G2040,0.1116754925,,,1,0,0
B031,2023-11-05 07:00:00,2,61402050,0,,306.66,1,0,1
B031,2023-11-05 08:00:00,0,614E1950,1.02182528,,536.99,1,0,1
B031,2023-11-05 08:00:00,1,614G2040,0.7276855909,,,1,0,0
B031,2023-11-05 08:00:00,2,61402050,0.8293706068,1.42,306.66,1,1,1
B031,2023-11-05 09:00:00,0,614E1950,0.1344968923,,536.99,1,0,1
B031,2023-11-05 09:00:00,1,614G2040,0.5021878053,,,1,0,0
B031,2023-11-05 09:00:00,2,61402050,0.5346676343,,306.65,1,0,1
B031,2023-11-05 10:00:00,0,614E1950,0,,536.99,1,0,1
B031,2023-11-05 10:00:00,1,614G2040,0,,,1,0,0
B031,2023-11-05 10:00:00,2,61402050,0.01856953027,,306.65,1,0,1
B031,2023-11-05 11:00:00,0,614E1950,0,,536.99,1,0,1
B031,2023-11-05 11:00:00,1,614G2040,0,,,1,0,0
B031,2023-11-05 11:00:00,2,61402050,0,,306.65,1,0,1
B031,2023-11-05 12:00:00,0,614E1950,0.06112736104,,536.99,1,0,1
B031,2023-11-05 12:00:00,1,614G2040,0,,,1,0,0
B031,2023-11-05 12:00:00,2,61402050,0.00168026546,,306.65,1,0,1
B031,2023-11-05 13:00:00,0,614E1950,0,,536.99,1,0,1
B031,2023-11-05 13:00:00,1,614G2040,0,,,1,0,0
B031,2023-11-05 13:00:00,2,61402050,0,,306.65,1,0,1
B031,2023-11-05 14:00:00,0,614E1950,0,,536.99,1,0,1
B031,2023-11-05 14:00:00,1,614G2040,0,,,1,0,0
B031,2023-11-05 14:00:00,2,61402050,0,,306.65,1,0,1
B031,2023-11-05 15:00:00,0,614E1950,0,,536.99,1,0,1
B031,2023-11-05 15:00:00,1,614G2040,0,,,1,0,0
B031,2023-11-05 15:00:00,2,61402050,0,,306.65,1,0,1
B031,2023-11-05 16:00:00,0,614E1950,0,,536.99,1,0,1
B031,2023-11-05 16:00:00,1,614G2040,0,,,1,0,0
B031,2023-11-05 16:00:00,2,61402050,0,,306.65,1,0,1
B031,2023-11-05 17:00:00,0,614E1950,0,,536.99,1,0,1
B031,2023-11-05 17:00:00,1,614G2040,0,,,1,0,0
B031,2023-11-05 17:00:00,2,61402050,0,,306.64,1,0,1
B031,2023-11-05 18:00:00,0,614E1950,0.09109961073,,536.99,1,0,1
B031,2023-11-05 18:00:00,1,614G2040,0.002883790284,,,1,0,0
B031,2023-11-05 18:00:00,2,61402050,0.03441217649,,306.64,1,0,1
B031,2023-11-05 19:00:00,0,614E1950,0.2656152705,,536.99,1,0,1
B031,2023-11-05 19:00:00,1,614G2040,0.9444567734,,,1,0,0
B031,2023-11-05 19:00:00,2,61402050,1.06604834,,306.64,1,0,1
B031,2023-11-05 20:00:00,0,614E1950,0.01717679341,,536.99,1,0,1
B031,2023-11-05 20:00:00,1,614G2040,0.01851866465,,,1,0,0
B031,2023-11-05 20:00:00,2,61402050,0.1411521315,,306.64,1,0,1
B031,2023-11-05 21:00:00,0,614E1950,0,,536.99,1,0,1
B031,2023-11-05 21:00:00,1,614G2040,0.002883790284,,,1,0,0
B031,2023-11-05 21:00:00,2,61402050,0.03441217649,,306.64,1,0,1
B031,2023-11-05 22:00:00,0,614E1950,0,,536.99,1,0,1
B031,2023-11-05 22:00:00,1,614G2040,0,,,1,0,0
B031,2023-11-05 22:00:00,2,61402050,0,,306.64,1,0,1
B031,2023-11-05 23:00:00,0,614E1950,0,,536.99,1,0,1
B031,2023-11-05 23:00:00,1,614G2040,0,,,1,0,0
B031,2023-11-05 23:00:00,2,61402050,0,,306.64,1,0,1
B031,2023-11-06 00:00:00,0,614E1950,0,,536.99,1,0,1
B031,2023-11-06 00:00:00,1,614G2040,0,,,1,0,0
B031,2023-11-06 00:00:00,2,61402050,0,,306.64,1,0,1
B031,2023-11-06 01:00:00,0,614E1950,0,,536.99,1,0,1
B031,2023-11-06 01:00:00,1,614G2040,0,,,1,0,0
B031,2023-11-06 01:00:00,2,61402050,0,,306.64,1,0,1
B031,2023-11-06 02:00:00,0,614E1950,0,,536.99,1,0,1
B031,2023-11-06 02:00:00,1,614G2040,0,,,1,0,0
B031,2023-11-06 02:00:00,2,61402050,0.06547166974,,306.64,1,0,1
B031,2023-11-06 03:00:00,0,614E1950,0,,536.99,1,0,1
B031,2023-11-06 03:00:00,1,614G2040,0,,,1,0,0
B031,2023-11-06 03:00:00,2,61402050,0,,306.64,1,0,1
B031,2023-11-06 04:00:00,0,614E1950,0,,536.99,1,0,1
B031,2023-11-06 04:00:00,1,614G2040,0.005167677114,,,1,0,0
B031,2023-11-06 04:00:00,2,61402050,0.03441217649,,306.63,1,0,1
B031,2023-11-06 05:00:00,0,614E1950,0,,536.99,1,0,1
B031,2023-11-06 05:00:00,1,614G2040,0,,,1,0,0
B031,2023-11-06 05:00:00,2,61402050,0,,306.63,1,0,1
B031,2023-11-06 06:00:00,0,614E1950,0,,536.99,1,0,1
B031,2023-11-06 06:00:00,1,614G2040,0,,,1,0,0
B031,2023-11-06 06:00:00,2,61402050,0,,306.63,1,0,1
B031,2023-11-06 07:00:00,0,614E1950,1.409141987,,536.99,1,0,1
B031,2023-11-06 07:00:00,1,614G2040,2.203784092,,,1,0,0
B031,2023-11-06 07:00:00,2,61402050,2.760196708,,306.63,1,0,1
B031,2023-11-06 08:00:00,0,614E1950,0,,536.99,1,0,1
B031,2023-11-06 08:00:00,1,614G2040,0,,,1,0,0
B031,2023-11-06 08:00:00,2,61402050,0,1.13,306.63,1,1,1
B031,2024-03-22 21:00:00,0,614E1950,0,,536.92,1,0,1
B031,2024-03-22 21:00:00,1,614G2040,0,,,1,0,0
B031,2024-03-22 21:00:00,2,61402050,0,,306.61,1,0,1
B031,2024-03-22 22:00:00,0,614E1950,0,,536.92,1,0,1
B031,2024-03-22 22:00:00,1,614G2040,0.1433962588,,,1,0,0
B031,2024-03-22 22:00:00,2,61402050,0,,306.61,1,0,1
B031,2024-03-22 23:00:00,0,614E1950,0,,536.92,1,0,1
B031,2024-03-22 23:00:00,1,614G2040,0,,,1,0,0
B031,2024-03-22 23:00:00,2,61402050,0,,306.61,1,0,1
B031,2024-03-23 00:00:00,0,614E1950,0,,536.92,1,0,1
B031,2024-03-23 00:00:00,1,614G2040,0,,,1,0,0
B031,2024-03-23 00:00:00,2,61402050,0,,306.61,1,0,1
B031,2024-03-23 01:00:00,0,614E1950,0,,536.92,1,0,1
B031,2024-03-23 01:00:00,1,614G2040,0,,,1,0,0
B031,2024-03-23 01:00:00,2,61402050,0,,306.61,1,0,1
B031,2024-03-23 02:00:00,0,614E1950,0,,536.92,1,0,1
B031,2024-03-23 02:00:00,1,614G2040,0,,,1,0,0
B031,2024-03-23 02:00:00,2,61402050,0,,306.61,1,0,1
B031,2024-03-23 03:00:00,0,614E1950,0,,536.92,1,0,1
B031,2024-03-23 03:00:00,1,614G2040,0,,,1,0,0
B031,2024-03-23 03:00:00,2,61402050,0,,306.61,1,0,1
B031,2024-03-23 04:00:00,0,614E1950,0,,536.92,1,0,1
B031,2024-03-23 04:00:00,1,614G2040,0,,,1,0,0
B031,2024-03-23 04:00:00,2,61402050,0,,306.6,1,0,1
B031,2024-03-23 05:00:00,0,614E1950,0,,536.92,1,0,1
B031,2024-03-23 05:00:00,1,614G2040,0,,,1,0,0
B031,2024-03-23 05:00:00,2,61402050,0,,306.6,1,0,1
B031,2024-03-23 06:00:00,0,614E1950,0,,536.92,1,0,1
B031,2024-03-23 06:00:00,1,614G2040,0,,,1,0,0
B031,2024-03-23 06:00:00,2,61402050,0.2333503531,,306.6,1,0,1
B031,2024-03-23 07:00:00,0,614E1950,0,,536.92,1,0,1
B031,2024-03-23 07:00:00,1,614G2040,0.2172279819,,,1,0,0
B031,2024-03-23 07:00:00,2,61402050,0.06661522039,,306.61,1,0,1
B031,2024-03-23 08:00:00,0,614E1950,0,,536.92,1,0,1
B031,2024-03-23 08:00:00,1,614G2040,0,,,1,0,0
B031,2024-03-23 08:00:00,2,61402050,0,0.993,306.61,1,1,1
B031,2024-03-23 09:00:00,0,614E1950,0,,536.92,1,0,1
B031,2024-03-23 09:00:00,1,614G2040,0,,,1,0,0
B031,2024-03-23 09:00:00,2,61402050,0,,306.61,1,0,1
B031,2024-03-23 10:00:00,0,614E1950,0,,536.92,1,0,1
B031,2024-03-23 10:00:00,1,614G2040,0,,,1,0,0
B031,2024-03-23 10:00:00,2,61402050,0,,306.6,1,0,1
B031,2024-03-23 11:00:00,0,614E1950,0,,536.92,1,0,1
B031,2024-03-23 11:00:00,1,614G2040,0,,,1,0,0
B031,2024-03-23 11:00:00,2,61402050,0,,306.61,1,0,1
B031,2024-03-23 12:00:00,0,614E1950,0,,536.92,1,0,1
B031,2024-03-23 12:00:00,1,614G2040,0,,,1,0,0
B031,2024-03-23 12:00:00,2,61402050,0,,306.61,1,0,1
B031,2024-03-23 13:00:00,0,614E1950,0,,536.92,1,0,1
B031,2024-03-23 13:00:00,1,614G2040,0,,,1,0,0
B031,2024-03-23 13:00:00,2,61402050,0,,306.61,1,0,1
B031,2024-03-23 14:00:00,0,614E1950,0,,536.92,1,0,1
B031,2024-03-23 14:00:00,1,614G2040,0,,,1,0,0
B031,2024-03-23 14:00:00,2,61402050,0,,306.61,1,0,1
B031,2024-03-23 15:00:00,0,614E1950,0,,536.92,1,0,1
B031,2024-03-23 15:00:00,1,614G2040,0,,,1,0,0
B031,2024-03-23 15:00:00,2,61402050,0,,306.61,1,0,1
B031,2024-03-23 16:00:00,0,614E1950,0,,536.92,1,0,1
B031,2024-03-23 16:00:00,1,614G2040,0,,,1,0,0
B031,2024-03-23 16:00:00,2,61402050,0,,306.61,1,0,1
B031,2024-03-23 17:00:00,0,614E1950,0,,536.92,1,0,1
B031,2024-03-23 17:00:00,1,614G2040,0,,,1,0,0
B031,2024-03-23 17:00:00,2,61402050,0,,306.61,1,0,1
B031,2024-03-23 18:00:00,0,614E1950,0,,536.92,1,0,1
B031,2024-03-23 18:00:00,1,614G2040,0,,,1,0,0
B031,2024-03-23 18:00:00,2,61402050,0,,306.61,1,0,1
B031,2024-03-23 19:00:00,0,614E1950,0.138696543,,536.92,1,0,1
B031,2024-03-23 19:00:00,1,614G2040,0.7667190141,,,1,0,0
B031,2024-03-23 19:00:00,2,61402050,0.1131064366,,306.61,1,0,1
B031,2024-03-23 20:00:00,0,614E1950,0,,536.92,1,0,1
B031,2024-03-23 20:00:00,1,614G2040,0.01232074968,,,1,0,0
B031,2024-03-23 20:00:00,2,61402050,0.0004341390214,,306.61,1,0,1
B031,2024-03-23 21:00:00,0,614E1950,0,,536.92,1,0,1
B031,2024-03-23 21:00:00,1,614G2040,0,,,1,0,0
B031,2024-03-23 21:00:00,2,61402050,0,,306.61,1,0,1
B031,2024-03-23 22:00:00,0,614E1950,0,,536.92,1,0,1
B031,2024-03-23 22:00:00,1,614G2040,0,,,1,0,0
B031,2024-03-23 22:00:00,2,61402050,0,,306.61,1,0,1
B031,2024-03-23 23:00:00,0,614E1950,0,,536.92,1,0,1
B031,2024-03-23 23:00:00,1,614G2040,0,,,1,0,0
B031,2024-03-23 23:00:00,2,61402050,0,,306.61,1,0,1
B031,2024-03-24 00:00:00,0,614E1950,0,,536.92,1,0,1
B031,2024-03-24 00:00:00,1,614G2040,0,,,1,0,0
B031,2024-03-24 00:00:00,2,61402050,0,,306.61,1,0,1
B031,2024-03-24 01:00:00,0,614E1950,0,,536.92,1,0,1
B031,2024-03-24 01:00:00,1,614G2040,0,,,1,0,0
B031,2024-03-24 01:00:00,2,61402050,0,,306.61,1,0,1
B031,2024-03-24 02:00:00,0,614E1950,0,,536.92,1,0,1
B031,2024-03-24 02:00:00,1,614G2040,0,,,1,0,0
B031,2024-03-24 02:00:00,2,61402050,0,,306.6,1,0,1
B031,2024-03-24 03:00:00,0,614E1950,0,,536.92,1,0,1
B031,2024-03-24 03:00:00,1,614G2040,0,,,1,0,0
B031,2024-03-24 03:00:00,2,61402050,0,,306.6,1,0,1
B031,2024-03-24 04:00:00,0,614E1950,0,,536.92,1,0,1
B031,2024-03-24 04:00:00,1,614G2040,0,,,1,0,0
B031,2024-03-24 04:00:00,2,61402050,0,,306.6,1,0,1
B031,2024-03-24 05:00:00,0,614E1950,0,,536.92,1,0,1
B031,2024-03-24 05:00:00,1,614G2040,0,,,1,0,0
B031,2024-03-24 05:00:00,2,61402050,0,,306.6,1,0,1
B031,2024-03-24 06:00:00,0,614E1950,0,,536.92,1,0,1
B031,2024-03-24 06:00:00,1,614G2040,0,,,1,0,0
B031,2024-03-24 06:00:00,2,61402050,0,,306.6,1,0,1
B031,2024-03-24 07:00:00,0,614E1950,0.138696543,,536.92,1,0,1
B031,2024-03-24 07:00:00,1,614G2040,0.4922472463,,,1,0,0
B031,2024-03-24 07:00:00,2,61402050,0.1135405756,,306.6,1,0,1
B031,2024-03-24 08:00:00,0,614E1950,0.03338289761,,536.92,1,0,1
B031,2024-03-24 08:00:00,1,614G2040,0.327847824,,,1,0,0
B031,2024-03-24 08:00:00,2,61402050,0.1479924206,0.92,306.6,1,1,1
B031,2024-03-24 09:00:00,0,614E1950,0,,536.92,1,0,1
B031,2024-03-24 09:00:00,1,614G2040,0,,,1,0,0
B031,2024-03-24 09:00:00,2,61402050,0,,306.6,1,0,1
B031,2024-03-24 10:00:00,0,614E1950,0,,536.92,1,0,1
B031,2024-03-24 10:00:00,1,614G2040,0,,,1,0,0
B031,2024-03-24 10:00:00,2,61402050,0,,306.6,1,0,1
B031,2024-03-24 11:00:00,0,614E1950,0,,536.92,1,0,1
B031,2024-03-24 11:00:00,1,614G2040,0,,,1,0,0
B031,2024-03-24 11:00:00,2,61402050,0,,306.6,1,0,1
B031,2024-03-24 12:00:00,0,614E1950,0,,536.92,1,0,1
B031,2024-03-24 12:00:00,1,614G2040,0,,,1,0,0
B031,2024-03-24 12:00:00,2,61402050,0,,306.6,1,0,1
B031,2024-03-24 13:00:00,0,614E1950,0,,536.92,1,0,1
B031,2024-03-24 13:00:00,1,614G2040,0,,,1,0,0
B031,2024-03-24 13:00:00,2,61402050,0,,306.6,1,0,1
B031,2024-03-24 14:00:00,0,614E1950,0,,536.92,1,0,1
B031,2024-03-24 14:00:00,1,614G2040,0,,,1,0,0
B031,2024-03-24 14:00:00,2,61402050,0,,306.61,1,0,1
B031,2024-03-24 15:00:00,0,614E1950,0,,536.92,1,0,1
B031,2024-03-24 15:00:00,1,614G2040,0,,,1,0,0
B031,2024-03-24 15:00:00,2,61402050,0,,306.61,1,0,1
B031,2024-03-24 16:00:00,0,614E1950,0,,536.92,1,0,1
B031,2024-03-24 16:00:00,1,614G2040,0,,,1,0,0
B031,2024-03-24 16:00:00,2,61402050,0,,306.61,1,0,1
B031,2024-03-24 17:00:00,0,614E1950,0,,536.92,1,0,1
B031,2024-03-24 17:00:00,1,614G2040,0,,,1,0,0
B031,2024-03-24 17:00:00,2,61402050,0,,306.61,1,0,1
B031,2024-03-24 18:00:00,0,614E1950,0,,536.92,1,0,1
B031,2024-03-24 18:00:00,1,614G2040,0,,,1,0,0
B031,2024-03-24 18:00:00,2,61402050,0,,306.61,1,0,1
B031,2024-03-24 19:00:00,0,614E1950,0,,536.92,1,0,1
B031,2024-03-24 19:00:00,1,614G2040,0,,,1,0,0
B031,2024-03-24 19:00:00,2,61402050,0,,306.61,1,0,1
B031,2024-03-24 20:00:00,0,614E1950,0,,536.92,1,0,1
B031,2024-03-24 20:00:00,1,614G2040,0,,,1,0,0
B031,2024-03-24 20:00:00,2,61402050,0,,306.61,1,0,1
B031,2024-03-24 21:00:00,0,614E1950,0,,536.92,1,0,1
B031,2024-03-24 21:00:00,1,614G2040,0,,,1,0,0
B031,2024-03-24 21:00:00,2,61402050,0.01856953027,,306.61,1,0,1
B031,2024-03-24 22:00:00,0,614E1950,0,,536.92,1,0,1
B031,2024-03-24 22:00:00,1,614G2040,0,,,1,0,0
B031,2024-03-24 22:00:00,2,61402050,0,,306.61,1,0,1
B031,2024-03-24 23:00:00,0,614E1950,0,,536.92,1,0,1
B031,2024-03-24 23:00:00,1,614G2040,0,,,1,0,0
B031,2024-03-24 23:00:00,2,61402050,0,,306.61,1,0,1
B031,2024-03-25 00:00:00,0,614E1950,0,,536.92,1,0,1
B031,2024-03-25 00:00:00,1,614G2040,0,,,1,0,0
B031,2024-03-25 00:00:00,2,61402050,0,,306.6,1,0,1
B031,2024-03-25 01:00:00,0,614E1950,0,,536.92,1,0,1
B031,2024-03-25 01:00:00,1,614G2040,0,,,1,0,0
B031,2024-03-25 01:00:00,2,61402050,0,,306.6,1,0,1
B031,2024-03-25 02:00:00,0,614E1950,1.639792993,,536.92,1,0,1
B031,2024-03-25 02:00:00,1,614G2040,0,,,1,0,0
B031,2024-03-25 02:00:00,2,61402050,0.04690213946,,306.6,1,0,1
B031,2024-03-25 03:00:00,0,614E1950,2.331169311,,536.92,1,0,1
B031,2024-03-25 03:00:00,1,614G2040,2.109640568,,,1,0,0
B031,2024-03-25 03:00:00,2,61402050,1.690486725,,306.6,1,0,1
B031,2024-03-25 04:00:00,0,614E1950,1.51170855,,536.92,1,0,1
B031,2024-03-25 04:00:00,1,614G2040,2.219695206,,,1,0,0
B031,2024-03-25 04:00:00,2,61402050,1.39710507,,306.61,1,0,1
B031,2024-03-25 05:00:00,0,614E1950,0.7290940744,,536.93,1,0,1
B031,2024-03-25 05:00:00,1,614G2040,1.017205743,,,1,0,0
B031,2024-03-25 05:00:00,2,61402050,0.5680217319,,306.67,1,0,1
B031,2024-03-25 06:00:00,0,614E1950,0.522661047,,536.93,1,0,1
B031,2024-03-25 06:00:00,1,614G2040,0.6408257199,,,1,0,0
B031,2024-03-25 06:00:00,2,61402050,0.2507783286,,306.66,1,0,1
B031,2024-03-25 07:00:00,0,614E1950,0.2172364142,,536.93,1,0,1
B031,2024-03-25 07:00:00,1,614G2040,1.342484507,,,1,0,0
B031,2024-03-25 07:00:00,2,61402050,0.323441393,,306.66,1,0,1
B031,2024-03-25 08:00:00,0,614E1950,0.1522269718,,536.93,1,0,1
B031,2024-03-25 08:00:00,1,614G2040,0,,,1,0,0
B031,2024-03-25 08:00:00,2,61402050,0.0671519352,1.48,306.66,1,1,1
B031,2024-03-25 09:00:00,0,614E1950,0.0162061042,,536.93,1,0,1
B031,2024-03-25 09:00:00,1,614G2040,0.1433962588,,,1,0,0
B031,2024-03-25 09:00:00,2,61402050,0,,306.66,1,0,1
B031,2024-03-25 10:00:00,0,614E1950,0.4325828165,,536.93,1,0,1
B031,2024-03-25 10:00:00,1,614G2040,0.4112769883,,,1,0,0
B031,2024-03-25 10:00:00,2,61402050,0.1833364332,,306.66,1,0,1
B031,2024-03-25 11:00:00,0,614E1950,0.1558733364,,536.94,1,0,1
B031,2024-03-25 11:00:00,1,614G2040,0.4670029865,,,1,0,0
B031,2024-03-25 11:00:00,2,61402050,0.1922208896,,306.66,1,0,1
B031,2024-03-25 12:00:00,0,614E1950,0.01717679341,,536.95,1,0,1
B031,2024-03-25 12:00:00,1,614G2040,0.01810572492,,,1,0,0
B031,2024-03-25 12:00:00,2,61402050,0,,306.66,1,0,1
B031,2024-03-25 13:00:00,0,614E1950,0,,536.95,1,0,1
B031,2024-03-25 13:00:00,1,614G2040,0,,,1,0,0
B031,2024-03-25 13:00:00,2,61402050,0.01856953027,,306.66,1,0,1
B031,2024-03-25 14:00:00,0,614E1950,0,,536.95,1,0,1
B031,2024-03-25 14:00:00,1,614G2040,0,,,1,0,0
B031,2024-03-25 14:00:00,2,61402050,0,,306.66,1,0,1
B031,2024-03-25 15:00:00,0,614E1950,0,,536.95,1,0,1
B031,2024-03-25 15:00:00,1,614G2040,0,,,1,0,0
B031,2024-03-25 15:00:00,2,61402050,0,,306.66,1,0,1
B031,2024-03-25 16:00:00,0,614E1950,0,,536.95,1,0,1
B031,2024-03-25 16:00:00,1,614G2040,0,,,1,0,0
B031,2024-03-25 16:00:00,2,61402050,0,,306.66,1,0,1
B031,2024-03-25 17:00:00,0,614E1950,0,,536.96,1,0,1
B031,2024-03-25 17:00:00,1,614G2040,0,,,1,0,0
B031,2024-03-25 17:00:00,2,61402050,0,,306.67,1,0,1
B031,2024-03-25 18:00:00,0,614E1950,0,,536.96,1,0,1
B031,2024-03-25 18:00:00,1,614G2040,0,,,1,0,0
B031,2024-03-25 18:00:00,2,61402050,0,,306.67,1,0,1
B031,2024-03-25 19:00:00,0,614E1950,0,,536.96,1,0,1
B031,2024-03-25 19:00:00,1,614G2040,0,,,1,0,0
B031,2024-03-25 19:00:00,2,61402050,0,,306.67,1,0,1
B031,2024-03-25 20:00:00,0,614E1950,0,,536.96,1,0,1
B031,2024-03-25 20:00:00,1,614G2040,0,,,1,0,0
B031,2024-03-25 20:00:00,2,61402050,0,,306.67,1,0,1
B031,2024-03-25 21:00:00,0,614E1950,0,,536.96,1,0,1
B031,2024-03-25 21:00:00,1,614G2040,0,,,1,0,0
B031,2024-03-25 21:00:00,2,61402050,0,,306.67,1,0,1
B031,2024-03-25 22:00:00,0,614E1950,0,,536.96,1,0,1
B031,2024-03-25 22:00:00,1,614G2040,0,,,1,0,0
B031,2024-03-25 22:00:00,2,61402050,0,,306.67,1,0,1
B031,2024-03-25 23:00:00,0,614E1950,0,,536.96,1,0,1
B031,2024-03-25 23:00:00,1,614G2040,0,,,1,0,0
B031,2024-03-25 23:00:00,2,61402050,0,,306.66,1,0,1
B031,2024-03-26 00:00:00,0,614E1950,0,,536.96,1,0,1
B031,2024-03-26 00:00:00,1,614G2040,0,,,1,0,0
B031,2024-03-26 00:00:00,2,61402050,0,,306.66,1,0,1
B031,2024-03-26 01:00:00,0,614E1950,0,,536.96,1,0,1
B031,2024-03-26 01:00:00,1,614G2040,0,,,1,0,0
B031,2024-03-26 01:00:00,2,61402050,0,,306.66,1,0,1
B031,2024-03-26 02:00:00,0,614E1950,0,,536.96,1,0,1
B031,2024-03-26 02:00:00,1,614G2040,0,,,1,0,0
B031,2024-03-26 02:00:00,2,61402050,0,,306.66,1,0,1
B031,2024-03-26 03:00:00,0,614E1950,0,,536.95,1,0,1
B031,2024-03-26 03:00:00,1,614G2040,0,,,1,0,0
B031,2024-03-26 03:00:00,2,61402050,0,,306.66,1,0,1
B031,2024-03-26 04:00:00,0,614E1950,0,,536.95,1,0,1
B031,2024-03-26 04:00:00,1,614G2040,0,,,1,0,0
B031,2024-03-26 04:00:00,2,61402050,0,,306.66,1,0,1
B031,2024-03-26 05:00:00,0,614E1950,0,,536.96,1,0,1
B031,2024-03-26 05:00:00,1,614G2040,0,,,1,0,0
B031,2024-03-26 05:00:00,2,61402050,0,,306.66,1,0,1
B031,2024-03-26 06:00:00,0,614E1950,0,,536.96,1,0,1
B031,2024-03-26 06:00:00,1,614G2040,0,,,1,0,0
B031,2024-03-26 06:00:00,2,61402050,0,,306.66,1,0,1
B031,2024-03-26 07:00:00,0,614E1950,0.5007671902,,536.95,1,0,1
B031,2024-03-26 07:00:00,1,614G2040,1.039781959,,,1,0,0
B031,2024-03-26 07:00:00,2,61402050,0.4678845398,,306.66,1,0,1
B031,2024-03-26 08:00:00,0,614E1950,0,,536.96,1,0,1
B031,2024-03-26 08:00:00,1,614G2040,0,,,1,0,0
B031,2024-03-26 08:00:00,2,61402050,0,1.48,306.66,1,1,1
B031,2024-03-26 09:00:00,0,614E1950,0,,536.95,1,0,1
B031,2024-03-26 09:00:00,1,614G2040,0,,,1,0,0
B031,2024-03-26 09:00:00,2,61402050,0,,306.66,1,0,1
B031,2024-03-26 10:00:00,0,614E1950,0,,536.95,1,0,1
B031,2024-03-26 10:00:00,1,614G2040,0,,,1,0,0
B031,2024-03-26 10:00:00,2,61402050,0,,306.65,1,0,1
B031,2024-03-26 11:00:00,0,614E1950,0,,536.95,1,0,1
B031,2024-03-26 11:00:00,1,614G2040,0,,,1,0,0
B031,2024-03-26 11:00:00,2,61402050,0,,306.65,1,0,1
B031,2024-03-26 12:00:00,0,614E1950,0,,536.95,1,0,1
B031,2024-03-26 12:00:00,1,614G2040,0,,,1,0,0
B031,2024-03-26 12:00:00,2,61402050,0,,306.65,1,0,1
B031,2024-03-26 13:00:00,0,614E1950,0,,536.95,1,0,1
B031,2024-03-26 13:00:00,1,614G2040,0,,,1,0,0
B031,2024-03-26 13:00:00,2,61402050,0,,306.65,1,0,1
B031,2024-03-26 14:00:00,0,614E1950,0.01717679341,,536.95,1,0,1
B031,2024-03-26 14:00:00,1,614G2040,0.01810572492,,,1,0,0
B031,2024-03-26 14:00:00,2,61402050,0,,306.65,1,0,1
B031,2024-03-26 15:00:00,0,614E1950,0,,536.95,1,0,1
B031,2024-03-26 15:00:00,1,614G2040,0,,,1,0,0
B031,2024-03-26 15:00:00,2,61402050,0,,306.65,1,0,1
B031,2024-03-26 16:00:00,0,614E1950,0,,536.95,1,0,1
B031,2024-03-26 16:00:00,1,614G2040,0,,,1,0,0
B031,2024-03-26 16:00:00,2,61402050,0,,306.65,1,0,1
B031,2024-03-26 17:00:00,0,614E1950,0,,536.95,1,0,1
B031,2024-03-26 17:00:00,1,614G2040,0,,,1,0,0
B031,2024-03-26 17:00:00,2,61402050,0,,306.65,1,0,1
B031,2024-03-26 18:00:00,0,614E1950,0,,536.95,1,0,1
B031,2024-03-26 18:00:00,1,614G2040,0,,,1,0,0
B031,2024-03-26 18:00:00,2,61402050,0,,306.65,1,0,1
B031,2024-03-26 19:00:00,0,614E1950,0,,536.95,1,0,1
B031,2024-03-26 19:00:00,1,614G2040,0,,,1,0,0
B031,2024-03-26 19:00:00,2,61402050,0,,306.65,1,0,1
B031,2024-03-26 20:00:00,0,614E1950,0,,536.95,1,0,1
B031,2024-03-26 20:00:00,1,614G2040,0,,,1,0,0
B031,2024-03-26 20:00:00,2,61402050,0,,306.65,1,0,1
B031,2024-03-26 21:00:00,0,614E1950,0,,536.95,1,0,1
B031,2024-03-26 21:00:00,1,614G2040,0,,,1,0,0
B031,2024-03-26 21:00:00,2,61402050,0,,306.64,1,0,1
B031,2024-03-26 22:00:00,0,614E1950,0,,536.95,1,0,1
B031,2024-03-26 22:00:00,1,614G2040,0,,,1,0,0
B031,2024-03-26 22:00:00,2,61402050,0,,306.64,1,0,1
B031,2024-03-26 23:00:00,0,614E1950,0,,536.95,1,0,1
B031,2024-03-26 23:00:00,1,614G2040,0,,,1,0,0
B031,2024-03-26 23:00:00,2,61402050,0,,306.64,1,0,1
B031,2024-03-27 00:00:00,0,614E1950,0,,536.95,1,0,1
B031,2024-03-27 00:00:00,1,614G2040,0,,,1,0,0
B031,2024-03-27 00:00:00,2,61402050,0,,306.64,1,0,1
B031,2024-03-27 01:00:00,0,614E1950,0,,536.95,1,0,1
B031,2024-03-27 01:00:00,1,614G2040,0,,,1,0,0
B031,2024-03-27 01:00:00,2,61402050,0,,306.64,1,0,1
B031,2024-03-27 02:00:00,0,614E1950,0,,536.95,1,0,1
B031,2024-03-27 02:00:00,1,614G2040,0,,,1,0,0
B031,2024-03-27 02:00:00,2,61402050,0,,306.64,1,0,1
B031,2024-03-27 03:00:00,0,614E1950,0,,536.95,1,0,1
B031,2024-03-27 03:00:00,1,614G2040,0,,,1,0,0
B031,2024-03-27 03:00:00,2,61402050,0,,306.63,1,0,1
B031,2024-03-27 04:00:00,0,614E1950,0,,536.95,1,0,1
B031,2024-03-27 04:00:00,1,614G2040,0,,,1,0,0
B031,2024-03-27 04:00:00,2,61402050,0,,306.63,1,0,1
B031,2024-03-27 05:00:00,0,614E1950,0,,536.95,1,0,1
B031,2024-03-27 05:00:00,1,614G2040,0.1433962588,,,1,0,0
B031,2024-03-27 05:00:00,2,61402050,0,,306.63,1,0,1
B031,2024-03-27 06:00:00,0,614E1950,0,,536.95,1,0,1
B031,2024-03-27 06:00:00,1,614G2040,0,,,1,0,0
B031,2024-03-27 06:00:00,2,61402050,0,,306.63,1,0,1
B031,2024-03-27 07:00:00,0,614E1950,0.01717679341,,536.95,1,0,1
B031,2024-03-27 07:00:00,1,614G2040,0.1615019837,,,1,0,0
B031,2024-03-27 07:00:00,2,61402050,0,,306.63,1,0,1
B031,2024-03-27 08:00:00,0,614E1950,0,,536.95,1,0,1
B031,2024-03-27 08:00:00,1,614G2040,0,,,1,0,0
B031,2024-03-27 08:00:00,2,61402050,0,1.15,306.63,1,1,1
B031,2024-03-27 09:00:00,0,614E1950,0.06112736104,,536.95,1,0,1
B031,2024-03-27 09:00:00,1,614G2040,0,,,1,0,0
B031,2024-03-27 09:00:00,2,61402050,0.00168026546,,306.63,1,0,1
B031,2024-03-27 10:00:00,0,614E1950,0,,536.95,1,0,1
B031,2024-03-27 10:00:00,1,614G2040,0,,,1,0,0
B031,2024-03-27 10:00:00,2,61402050,0,,306.63,1,0,1
B031,2024-03-27 11:00:00,0,614E1950,0,,536.95,1,0,1
B031,2024-03-27 11:00:00,1,614G2040,0,,,1,0,0
B031,2024-03-27 11:00:00,2,61402050,0,,306.63,1,0,1
B031,2024-03-27 12:00:00,0,614E1950,0,,536.95,1,0,1
B031,2024-03-27 12:00:00,1,614G2040,0,,,1,0,0
B031,2024-03-27 12:00:00,2,61402050,0,,306.63,1,0,1
B031,2024-03-27 13:00:00,0,614E1950,0,,536.95,1,0,1
B031,2024-03-27 13:00:00,1,614G2040,0,,,1,0,0
B031,2024-03-27 13:00:00,2,61402050,0,,306.63,1,0,1
B031,2024-03-27 14:00:00,0,614E1950,0,,536.95,1,0,1
B031,2024-03-27 14:00:00,1,614G2040,0,,,1,0,0
B031,2024-03-27 14:00:00,2,61402050,0,,306.63,1,0,1
B031,2024-03-27 15:00:00,0,614E1950,0,,536.95,1,0,1
B031,2024-03-27 15:00:00,1,614G2040,0,,,1,0,0
B031,2024-03-27 15:00:00,2,61402050,0,,306.66,1,0,1
B031,2024-03-27 16:00:00,0,614E1950,0,,536.95,1,0,1
B031,2024-03-27 16:00:00,1,614G2040,0,,,1,0,0
B031,2024-03-27 16:00:00,2,61402050,0,,306.7,1,0,1
B031,2024-03-27 17:00:00,0,614E1950,0,,536.95,1,0,1
B031,2024-03-27 17:00:00,1,614G2040,0,,,1,0,0
B031,2024-03-27 17:00:00,2,61402050,0,,306.76,1,0,1
B031,2024-03-27 18:00:00,0,614E1950,0.4717041579,,536.95,1,0,1
B031,2024-03-27 18:00:00,1,614G2040,0,,,1,0,0
B031,2024-03-27 18:00:00,2,61402050,0,,306.76,1,0,1
B031,2024-03-27 19:00:00,0,614E1950,3.268640632,,536.95,1,0,1
B031,2024-03-27 19:00:00,1,614G2040,1.768625214,,,1,0,0
B031,2024-03-27 19:00:00,2,61402050,0.7237870407,,306.76,1,0,1
B031,2024-03-27 20:00:00,0,614E1950,4.628413138,,536.95,1,0,1
B031,2024-03-27 20:00:00,1,614G2040,6.822706588,,,1,0,0
B031,2024-03-27 20:00:00,2,61402050,3.380889303,,306.77,1,0,1
B031,2024-03-27 21:00:00,0,614E1950,1.346450406,,536.99,1,0,1
B031,2024-03-27 21:00:00,1,614G2040,2.420279987,,,1,0,0
B031,2024-03-27 21:00:00,2,61402050,1.290773041,,306.87,1,0,1
B031,2024-03-27 22:00:00,0,614E1950,0.6012009182,,537.01,1,0,1
B031,2024-03-27 22:00:00,1,614G2040,0.823156737,,,1,0,0
B031,2024-03-27 22:00:00,2,61402050,0.4802984764,,306.88,1,0,1
B031,2024-03-27 23:00:00,0,614E1950,0.4477675404,,537.03,1,0,1
B031,2024-03-27 23:00:00,1,614G2040,0.4995500093,,,1,0,0
B031,2024-03-27 23:00:00,2,61402050,0.271188322,,306.86,1,0,1
B031,2024-03-28 00:00:00,0,614E1950,0,,537.11,1,0,1
B031,2024-03-28 00:00:00,1,614G2040,0.1433962588,,,1,0,0
B031,2024-03-28 00:00:00,2,61402050,0.07462002878,,306.92,1,0,1
B031,2024-03-28 01:00:00,0,614E1950,0.1396672322,,537.11,1,0,1
B031,2024-03-28 01:00:00,1,614G2040,0.09405799619,,,1,0,0
B031,2024-03-28 01:00:00,2,61402050,0.115750359,,306.95,1,0,1
B031,2024-03-28 02:00:00,0,614E1950,0,,537.12,1,0,1
B031,2024-03-28 02:00:00,1,614G2040,0.01232074968,,,1,0,0
B031,2024-03-28 02:00:00,2,61402050,0.0004341390214,,306.95,1,0,1
B031,2024-03-28 03:00:00,0,614E1950,0,,537.12,1,0,1
B031,2024-03-28 03:00:00,1,614G2040,0,,,1,0,0
B031,2024-03-28 03:00:00,2,61402050,0,,306.94,1,0,1
B031,2024-03-28 04:00:00,0,614E1950,0,,537.12,1,0,1
B031,2024-03-28 04:00:00,1,614G2040,0,,,1,0,0
B031,2024-03-28 04:00:00,2,61402050,0,,306.93,1,0,1
B031,2024-03-28 05:00:00,0,614E1950,0,,537.12,1,0,1
B031,2024-03-28 05:00:00,1,614G2040,0,,,1,0,0
B031,2024-03-28 05:00:00,2,61402050,0,,306.92,1,0,1
B031,2024-03-28 06:00:00,0,614E1950,0,,537.12,1,0,1
B031,2024-03-28 06:00:00,1,614G2040,0.1433962588,,,1,0,0
B031,2024-03-28 06:00:00,2,61402050,0,,306.92,1,0,1
B031,2024-03-28 07:00:00,0,614E1950,6.956588513,,537.12,1,0,1
B031,2024-03-28 07:00:00,1,614G2040,11.25085534,,,1,0,0
B031,2024-03-28 07:00:00,2,61402050,6.198147503,,306.91,1,0,1
B031,2024-03-28 08:00:00,0,614E1950,0,,537.12,1,0,1
B031,2024-03-28 08:00:00,1,614G2040,0,,,1,0,0
B031,2024-03-28 08:00:00,2,61402050,0,6.86,306.9,1,1,1
B031,2024-03-28 09:00:00,0,614E1950,0,,537.11,1,0,1
B031,2024-03-28 09:00:00,1,614G2040,0,,,1,0,0
B031,2024-03-28 09:00:00,2,61402050,0,,306.9,1,0,1
B031,2024-03-28 10:00:00,0,614E1950,0,,537.11,1,0,1
B031,2024-03-28 10:00:00,1,614G2040,0,,,1,0,0
B031,2024-03-28 10:00:00,2,61402050,0,,306.85,1,0,1
B031,2024-03-28 11:00:00,0,614E1950,0,,537.11,1,0,1
B031,2024-03-28 11:00:00,1,614G2040,0,,,1,0,0
B031,2024-03-28 11:00:00,2,61402050,0,,306.82,1,0,1
B031,2024-03-28 12:00:00,0,614E1950,0,,537.12,1,0,1
B031,2024-03-28 12:00:00,1,614G2040,0,,,1,0,0
B031,2024-03-28 12:00:00,2,61402050,0,,306.81,1,0,1
B031,2024-03-28 13:00:00,0,614E1950,0,,537.12,1,0,1
B031,2024-03-28 13:00:00,1,614G2040,0,,,1,0,0
B031,2024-03-28 13:00:00,2,61402050,0,,306.8,1,0,1
B031,2024-03-28 14:00:00,0,614E1950,0,,537.12,1,0,1
B031,2024-03-28 14:00:00,1,614G2040,0,,,1,0,0
B031,2024-03-28 14:00:00,2,61402050,0,,306.8,1,0,1
B031,2024-03-28 15:00:00,0,614E1950,0,,537.11,1,0,1
B031,2024-03-28 15:00:00,1,614G2040,0,,,1,0,0
B031,2024-03-28 15:00:00,2,61402050,0,,306.8,1,0,1
B031,2024-03-28 16:00:00,0,614E1950,0,,537.12,1,0,1
B031,2024-03-28 16:00:00,1,614G2040,0,,,1,0,0
B031,2024-03-28 16:00:00,2,61402050,0,,306.79,1,0,1
B031,2024-03-28 17:00:00,0,614E1950,0,,537.12,1,0,1
B031,2024-03-28 17:00:00,1,614G2040,0,,,1,0,0
B031,2024-03-28 17:00:00,2,61402050,0,,306.78,1,0,1
B031,2024-03-28 18:00:00,0,614E1950,0,,537.11,1,0,1
B031,2024-03-28 18:00:00,1,614G2040,0,,,1,0,0
B031,2024-03-28 18:00:00,2,61402050,0,,306.78,1,0,1
B031,2024-03-28 19:00:00,0,614E1950,0,,537.11,1,0,1
B031,2024-03-28 19:00:00,1,614G2040,0,,,1,0,0
B031,2024-03-28 19:00:00,2,61402050,0,,306.77,1,0,1
B031,2024-03-28 20:00:00,0,614E1950,0,,537.12,1,0,1
B031,2024-03-28 20:00:00,1,614G2040,0,,,1,0,0
B031,2024-03-28 20:00:00,2,61402050,0,,306.77,1,0,1
B031,2024-03-28 21:00:00,0,614E1950,0,,537.12,1,0,1
B031,2024-03-28 21:00:00,1,614G2040,0,,,1,0,0
B031,2024-03-28 21:00:00,2,61402050,0,,306.77,1,0,1
B031,2024-03-28 22:00:00,0,614E1950,0,,537.11,1,0,1
B031,2024-03-28 22:00:00,1,614G2040,0,,,1,0,0
B031,2024-03-28 22:00:00,2,61402050,0,,306.77,1,0,1
B031,2024-03-28 23:00:00,0,614E1950,0,,537.11,1,0,1
B031,2024-03-28 23:00:00,1,614G2040,0,,,1,0,0
B031,2024-03-28 23:00:00,2,61402050,0,,306.76,1,0,1
B031,2024-03-29 00:00:00,0,614E1950,0,,537.11,1,0,1
B031,2024-03-29 00:00:00,1,614G2040,0,,,1,0,0
B031,2024-03-29 00:00:00,2,61402050,0,,306.76,1,0,1
B031,2024-03-29 01:00:00,0,614E1950,0,,537.11,1,0,1
B031,2024-03-29 01:00:00,1,614G2040,0,,,1,0,0
B031,2024-03-29 01:00:00,2,61402050,0,,306.76,1,0,1
B031,2024-03-29 02:00:00,0,614E1950,0,,537.11,1,0,1
B031,2024-03-29 02:00:00,1,614G2040,0,,,1,0,0
B031,2024-03-29 02:00:00,2,61402050,0,,306.76,1,0,1
B031,2024-03-29 03:00:00,0,614E1950,0,,537.11,1,0,1
B031,2024-03-29 03:00:00,1,614G2040,0,,,1,0,0
B031,2024-03-29 03:00:00,2,61402050,0,,306.75,1,0,1
B031,2024-03-29 04:00:00,0,614E1950,0,,537.11,1,0,1
B031,2024-03-29 04:00:00,1,614G2040,0,,,1,0,0
B031,2024-03-29 04:00:00,2,61402050,0,,306.75,1,0,1
B031,2024-03-29 05:00:00,0,614E1950,0,,537.11,1,0,1
B031,2024-03-29 05:00:00,1,614G2040,0,,,1,0,0
B031,2024-03-29 05:00:00,2,61402050,0,,306.74,1,0,1
B031,2024-03-29 06:00:00,0,614E1950,0,,537.11,1,0,1
B031,2024-03-29 06:00:00,1,614G2040,0,,,1,0,0
B031,2024-03-29 06:00:00,2,61402050,0,,306.74,1,0,1
B031,2024-03-29 07:00:00,0,614E1950,0,,537.1,1,0,1
B031,2024-03-29 07:00:00,1,614G2040,0,,,1,0,0
B031,2024-03-29 07:00:00,2,61402050,0,,306.74,1,0,1
B031,2024-03-29 08:00:00,0,614E1950,0,,537.1,1,0,1
B031,2024-03-29 08:00:00,1,614G2040,0,,,1,0,0
B031,2024-03-29 08:00:00,2,61402050,0,2.87,306.74,1,1,1
B031,2024-03-29 09:00:00,0,614E1950,0,,537.09,1,0,1
B031,2024-03-29 09:00:00,1,614G2040,0,,,1,0,0
B031,2024-03-29 09:00:00,2,61402050,0,,306.74,1,0,1
B031,2024-03-29 10:00:00,0,614E1950,0,,537.09,1,0,1
B031,2024-03-29 10:00:00,1,614G2040,0,,,1,0,0
B031,2024-03-29 10:00:00,2,61402050,0,,306.74,1,0,1
B031,2024-03-29 11:00:00,0,614E1950,0,,537.09,1,0,1
B031,2024-03-29 11:00:00,1,614G2040,0,,,1,0,0
B031,2024-03-29 11:00:00,2,61402050,0,,306.73,1,0,1
B031,2024-03-29 12:00:00,0,614E1950,0,,537.09,1,0,1
B031,2024-03-29 12:00:00,1,614G2040,0,,,1,0,0
B031,2024-03-29 12:00:00,2,61402050,0.09213669569,,306.73,1,0,1
B031,2024-03-29 13:00:00,0,614E1950,0,,537.09,1,0,1
B031,2024-03-29 13:00:00,1,614G2040,0,,,1,0,0
B031,2024-03-29 13:00:00,2,61402050,0,,306.73,1,0,1
B031,2024-03-29 14:00:00,0,614E1950,0,,537.09,1,0,1
B031,2024-03-29 14:00:00,1,614G2040,0,,,1,0,0
B031,2024-03-29 14:00:00,2,61402050,0,,306.73,1,0,1
B031,2024-03-29 15:00:00,0,614E1950,0.1225773595,,537.08,1,0,1
B031,2024-03-29 15:00:00,1,614G2040,0.05266468752,,,1,0,0
B031,2024-03-29 15:00:00,2,61402050,0,,306.72,1,0,1
B031,2024-03-29 16:00:00,0,614E1950,0.06128867977,,537.08,1,0,1
B031,2024-03-29 16:00:00,1,614G2040,0.02633234376,,,1,0,0
B031,2024-03-29 16:00:00,2,61402050,0,,306.72,1,0,1
B031,2024-03-29 17:00:00,0,614E1950,0,,537.08,1,0,1
B031,2024-03-29 17:00:00,1,614G2040,0,,,1,0,0
B031,2024-03-29 17:00:00,2,61402050,0,,306.72,1,0,1
B031,2024-03-29 18:00:00,0,614E1950,0,,537.08,1,0,1
B031,2024-03-29 18:00:00,1,614G2040,0,,,1,0,0
B031,2024-03-29 18:00:00,2,61402050,0,,306.72,1,0,1
B031,2024-03-29 19:00:00,0,614E1950,0,,537.08,1,0,1
B031,2024-03-29 19:00:00,1,614G2040,0,,,1,0,0
B031,2024-03-29 19:00:00,2,61402050,0,,306.72,1,0,1
B031,2024-03-29 20:00:00,0,614E1950,0,,537.08,1,0,1
B031,2024-03-29 20:00:00,1,614G2040,0,,,1,0,0
B031,2024-03-29 20:00:00,2,61402050,0,,306.71,1,0,1
B031,2024-03-29 21:00:00,0,614E1950,0,,537.07,1,0,1
B031,2024-03-29 21:00:00,1,614G2040,0,,,1,0,0
B031,2024-03-29 21:00:00,2,61402050,0,,306.71,1,0,1
B031,2024-03-29 22:00:00,0,614E1950,0,,537.07,1,0,1
B031,2024-03-29 22:00:00,1,614G2040,0,,,1,0,0
B031,2024-03-29 22:00:00,2,61402050,0,,306.71,1,0,1
B031,2024-03-29 23:00:00,0,614E1950,0,,537.07,1,0,1
B031,2024-03-29 23:00:00,1,614G2040,0,,,1,0,0
B031,2024-03-29 23:00:00,2,61402050,0,,306.71,1,0,1
B031,2024-03-30 00:00:00,0,614E1950,0,,537.07,1,0,1
B031,2024-03-30 00:00:00,1,614G2040,0,,,1,0,0
B031,2024-03-30 00:00:00,2,61402050,0,,306.7,1,0,1
B031,2024-03-30 01:00:00,0,614E1950,0,,537.06,1,0,1
B031,2024-03-30 01:00:00,1,614G2040,0,,,1,0,0
B031,2024-03-30 01:00:00,2,61402050,0,,306.7,1,0,1
B031,2024-03-30 02:00:00,0,614E1950,0,,537.06,1,0,1
B031,2024-03-30 02:00:00,1,614G2040,0,,,1,0,0
B031,2024-03-30 02:00:00,2,61402050,0,,306.7,1,0,1
B031,2024-03-30 03:00:00,0,614E1950,0,,537.06,1,0,1
B031,2024-03-30 03:00:00,1,614G2040,0,,,1,0,0
B031,2024-03-30 03:00:00,2,61402050,0,,306.7,1,0,1
B031,2024-03-30 04:00:00,0,614E1950,0,,537.06,1,0,1
B031,2024-03-30 04:00:00,1,614G2040,0,,,1,0,0
B031,2024-03-30 04:00:00,2,61402050,0,,306.7,1,0,1
B031,2024-03-30 05:00:00,0,614E1950,0,,537.06,1,0,1
B031,2024-03-30 05:00:00,1,614G2040,0,,,1,0,0
B031,2024-03-30 05:00:00,2,61402050,0,,306.7,1,0,1
B031,2024-03-30 06:00:00,0,614E1950,0,,537.06,1,0,1
B031,2024-03-30 06:00:00,1,614G2040,0,,,1,0,0
B031,2024-03-30 06:00:00,2,61402050,0,,306.7,1,0,1
B031,2024-03-30 07:00:00,0,614E1950,0.1838660393,,537.06,1,0,1
B031,2024-03-30 07:00:00,1,614G2040,0.07899703128,,,1,0,0
B031,2024-03-30 07:00:00,2,61402050,0.09213669569,,306.69,1,0,1
B031,2024-03-30 08:00:00,0,614E1950,0,,537.06,1,0,1
B031,2024-03-30 08:00:00,1,614G2040,0,,,1,0,0
B031,2024-03-30 08:00:00,2,61402050,0,1.84,306.69,1,1,1
B031,2024-03-30 09:00:00,0,614E1950,0,,537.06,1,0,1
B031,2024-03-30 09:00:00,1,614G2040,0,,,1,0,0
B031,2024-03-30 09:00:00,2,61402050,0,,306.69,1,0,1
B031,2024-03-30 10:00:00,0,614E1950,0,,537.05,1,0,1
B031,2024-03-30 10:00:00,1,614G2040,0,,,1,0,0
B031,2024-03-30 10:00:00,2,61402050,0,,306.69,1,0,1
B031,2024-03-30 11:00:00,0,614E1950,0,,537.05,1,0,1
B031,2024-03-30 11:00:00,1,614G2040,0,,,1,0,0
B031,2024-03-30 11:00:00,2,61402050,0,,306.69,1,0,1
B031,2024-03-30 12:00:00,0,614E1950,0,,537.05,1,0,1
B031,2024-03-30 12:00:00,1,614G2040,0,,,1,0,0
B031,2024-03-30 12:00:00,2,61402050,0,,306.69,1,0,1
B031,2024-03-30 13:00:00,0,614E1950,0,,537.05,1,0,1
B031,2024-03-30 13:00:00,1,614G2040,0,,,1,0,0
B031,2024-03-30 13:00:00,2,61402050,0,,306.69,1,0,1
B031,2024-03-30 14:00:00,0,614E1950,0,,537.05,1,0,1
B031,2024-03-30 14:00:00,1,614G2040,0,,,1,0,0
B031,2024-03-30 14:00:00,2,61402050,0,,306.69,1,0,1
B031,2024-03-30 15:00:00,0,614E1950,0,,537.05,1,0,1
B031,2024-03-30 15:00:00,1,614G2040,0,,,1,0,0
B031,2024-03-30 15:00:00,2,61402050,0,,306.69,1,0,1
B031,2024-03-30 16:00:00,0,614E1950,0.1082764041,,537.04,1,0,1
B031,2024-03-30 16:00:00,1,614G2040,0.01810572492,,,1,0,0
B031,2024-03-30 16:00:00,2,61402050,0,,306.69,1,0,1
B031,2024-03-30 17:00:00,0,614E1950,0.5971573554,,537.04,1,0,1
B031,2024-03-30 17:00:00,1,614G2040,0.1121637211,,,1,0,0
B031,2024-03-30 17:00:00,2,61402050,0.03097471529,,306.69,1,0,1
B031,2024-03-30 18:00:00,0,614E1950,9.168664135,,537.04,1,0,1
B031,2024-03-30 18:00:00,1,614G2040,1.40028577,,,1,0,0
B031,2024-03-30 18:00:00,2,61402050,1.328002057,,306.69,1,0,1
B031,2024-03-30 19:00:00,0,614E1950,11.56140045,,537.05,1,0,1
B031,2024-03-30 19:00:00,1,614G2040,14.98172368,,,1,0,0
B031,2024-03-30 19:00:00,2,61402050,10.92905556,,306.69,1,0,1
B031,2024-03-30 20:00:00,0,614E1950,1.329668762,,537.11,1,0,1
B031,2024-03-30 20:00:00,1,614G2040,1.089722981,,,1,0,0
B031,2024-03-30 20:00:00,2,61402050,1.091406015,,307.03,1,0,1
B031,2024-03-30 21:00:00,0,614E1950,0.2651204298,,537.63,1,0,1
B031,2024-03-30 21:00:00,1,614G2040,0.2881070026,,,1,0,0
B031,2024-03-30 21:00:00,2,61402050,0.2206356914,,307.36,1,0,1
B031,2024-03-30 22:00:00,0,614E1950,0.3063439554,,537.63,1,0,1
B031,2024-03-30 22:00:00,1,614G2040,0.08615247282,,,1,0,0
B031,2024-03-30 22:00:00,2,61402050,0.1515445294,,307.37,1,0,1
B031,2024-03-30 23:00:00,0,614E1950,0.06112736104,,537.57,1,0,1
B031,2024-03-30 23:00:00,1,614G2040,0.1433962588,,,1,0,0
B031,2024-03-30 23:00:00,2,61402050,0.03881932601,,307.31,1,0,1
B031,2024-03-31 00:00:00,0,614E1950,0,,537.53,1,0,1
B031,2024-03-31 00:00:00,1,614G2040,0,,,1,0,0
B031,2024-03-31 00:00:00,2,61402050,0,,307.28,1,0,1
B031,2024-03-31 01:00:00,0,614E1950,0,,537.49,1,0,1
B031,2024-03-31 01:00:00,1,614G2040,0,,,1,0,0
B031,2024-03-31 01:00:00,2,61402050,0,,307.24,1,0,1
B031,2024-03-31 02:00:00,0,614E1950,0,,537.47,1,0,1
B031,2024-03-31 02:00:00,1,614G2040,0,,,1,0,0
B031,2024-03-31 02:00:00,2,61402050,0,,307.21,1,0,1
B031,2024-03-31 03:00:00,0,614E1950,0.0162061042,,537.44,1,0,1
B031,2024-03-31 03:00:00,1,614G2040,0,,,1,0,0
B031,2024-03-31 03:00:00,2,61402050,0,,307.18,1,0,1
B031,2024-03-31 04:00:00,0,614E1950,0,,537.42,1,0,1
B031,2024-03-31 04:00:00,1,614G2040,0,,,1,0,0
B031,2024-03-31 04:00:00,2,61402050,0,,307.15,1,0,1
B031,2024-03-31 05:00:00,0,614E1950,0,,537.4,1,0,1
B031,2024-03-31 05:00:00,1,614G2040,0,,,1,0,0
B031,2024-03-31 05:00:00,2,61402050,0,,307.14,1,0,1
B031,2024-03-31 06:00:00,0,614E1950,0,,537.39,1,0,1
B031,2024-03-31 06:00:00,1,614G2040,0,,,1,0,0
B031,2024-03-31 06:00:00,2,61402050,0,,307.13,1,0,1
B031,2024-03-31 07:00:00,0,614E1950,16.1259961,,537.37,1,0,1
B031,2024-03-31 07:00:00,1,614G2040,18.11965761,,,1,0,0
B031,2024-03-31 07:00:00,2,61402050,13.85913771,,307.14,1,0,1
B031,2024-03-31 08:00:00,0,614E1950,0,,537.35,1,0,1
B031,2024-03-31 08:00:00,1,614G2040,0,,,1,0,0
B031,2024-03-31 08:00:00,2,61402050,0,17.8,307.13,1,1,1
B031,2024-03-31 09:00:00,0,614E1950,0,,537.34,1,0,1
B031,2024-03-31 09:00:00,1,614G2040,0,,,1,0,0
B031,2024-03-31 09:00:00,2,61402050,0,,307.12,1,0,1
B031,2024-03-31 10:00:00,0,614E1950,0,,537.33,1,0,1
B031,2024-03-31 10:00:00,1,614G2040,0,,,1,0,0
B031,2024-03-31 10:00:00,2,61402050,0,,307.12,1,0,1
B031,2024-03-31 11:00:00,0,614E1950,0.09109961073,,537.32,1,0,1
B031,2024-03-31 11:00:00,1,614G2040,0,,,1,0,0
B031,2024-03-31 11:00:00,2,61402050,0,,307.12,1,0,1
B031,2024-03-31 12:00:00,0,614E1950,0,,537.31,1,0,1
B031,2024-03-31 12:00:00,1,614G2040,0,,,1,0,0
B031,2024-03-31 12:00:00,2,61402050,0,,307.11,1,0,1
B031,2024-03-31 13:00:00,0,614E1950,0,,537.3,1,0,1
B031,2024-03-31 13:00:00,1,614G2040,0,,,1,0,0
B031,2024-03-31 13:00:00,2,61402050,0,,307.1,1,0,1
B031,2024-03-31 14:00:00,0,614E1950,0,,537.29,1,0,1
B031,2024-03-31 14:00:00,1,614G2040,0,,,1,0,0
B031,2024-03-31 14:00:00,2,61402050,0,,307.09,1,0,1
B031,2024-03-31 15:00:00,0,614E1950,0,,537.28,1,0,1
B031,2024-03-31 15:00:00,1,614G2040,0,,,1,0,0
B031,2024-03-31 15:00:00,2,61402050,0,,307.09,1,0,1
B031,2024-03-31 16:00:00,0,614E1950,0,,537.27,1,0,1
B031,2024-03-31 16:00:00,1,614G2040,0,,,1,0,0
B031,2024-03-31 16:00:00,2,61402050,0,,307.07,1,0,1
B031,2024-03-31 17:00:00,0,614E1950,0,,537.26,1,0,1
B031,2024-03-31 17:00:00,1,614G2040,0,,,1,0,0
B031,2024-03-31 17:00:00,2,61402050,0,,307.06,1,0,1
B031,2024-03-31 18:00:00,0,614E1950,0,,537.25,1,0,1
B031,2024-03-31 18:00:00,1,614G2040,0,,,1,0,0
B031,2024-03-31 18:00:00,2,61402050,0,,307.06,1,0,1
B031,2024-03-31 19:00:00,0,614E1950,0,,537.25,1,0,1
B031,2024-03-31 19:00:00,1,614G2040,0,,,1,0,0
B031,2024-03-31 19:00:00,2,61402050,0,,307.06,1,0,1
B031,2024-03-31 20:00:00,0,614E1950,0,,537.24,1,0,1
B031,2024-03-31 20:00:00,1,614G2040,0,,,1,0,0
B031,2024-03-31 20:00:00,2,61402050,0,,307.05,1,0,1
B031,2024-03-31 21:00:00,0,614E1950,0,,537.24,1,0,1
B031,2024-03-31 21:00:00,1,614G2040,0,,,1,0,0
B031,2024-03-31 21:00:00,2,61402050,0,,307.05,1,0,1
B031,2024-03-31 22:00:00,0,614E1950,0,,537.23,1,0,1
B031,2024-03-31 22:00:00,1,614G2040,0,,,1,0,0
B031,2024-03-31 22:00:00,2,61402050,0,,307.04,1,0,1
B031,2024-03-31 23:00:00,0,614E1950,0,,537.23,1,0,1
B031,2024-03-31 23:00:00,1,614G2040,0,,,1,0,0
B031,2024-03-31 23:00:00,2,61402050,0,,307.03,1,0,1
B031,2024-04-01 00:00:00,0,614E1950,0,,537.22,1,0,1
B031,2024-04-01 00:00:00,1,614G2040,0,,,1,0,0
B031,2024-04-01 00:00:00,2,61402050,0,,307.03,1,0,1
B031,2024-04-01 01:00:00,0,614E1950,0,,537.21,1,0,1
B031,2024-04-01 01:00:00,1,614G2040,0,,,1,0,0
B031,2024-04-01 01:00:00,2,61402050,0,,307.02,1,0,1
B031,2024-04-01 02:00:00,0,614E1950,0,,537.2,1,0,1
B031,2024-04-01 02:00:00,1,614G2040,0,,,1,0,0
B031,2024-04-01 02:00:00,2,61402050,0,,307.01,1,0,1
B031,2024-04-01 03:00:00,0,614E1950,0,,,1,0,0
B031,2024-04-01 03:00:00,1,614G2040,0,,,1,0,0
B031,2024-04-01 03:00:00,2,61402050,0,,307.01,1,0,1
B031,2024-04-01 04:00:00,0,614E1950,0,,,1,0,0
B031,2024-04-01 04:00:00,1,614G2040,0,,,1,0,0
B031,2024-04-01 04:00:00,2,61402050,0,,307.01,1,0,1
B031,2024-04-01 05:00:00,0,614E1950,0,,,1,0,0
B031,2024-04-01 05:00:00,1,614G2040,0,,,1,0,0
B031,2024-04-01 05:00:00,2,61402050,0,,307,1,0,1
B031,2024-04-01 06:00:00,0,614E1950,0,,,1,0,0
B031,2024-04-01 06:00:00,1,614G2040,0,,,1,0,0
B031,2024-04-01 06:00:00,2,61402050,0,,306.99,1,0,1
B031,2024-04-01 07:00:00,0,614E1950,0,,537.17,1,0,1
B031,2024-04-01 07:00:00,1,614G2040,0,,,1,0,0
B031,2024-04-01 07:00:00,2,61402050,0.04626886301,,306.99,1,0,1
B031,2024-04-01 08:00:00,0,614E1950,0.01717679341,,537.17,1,0,1
B031,2024-04-01 08:00:00,1,614G2040,0.01810572492,,,1,0,0
B031,2024-04-01 08:00:00,2,61402050,0.06547166974,10.1,306.98,1,1,1
B031,2024-04-01 09:00:00,0,614E1950,0.1062843346,,537.17,1,0,1
B031,2024-04-01 09:00:00,1,614G2040,0,,,1,0,0
B031,2024-04-01 09:00:00,2,61402050,0.02872514517,,306.98,1,0,1
B031,2024-04-01 10:00:00,0,614E1950,0.1244825083,,537.16,1,0,1
B031,2024-04-01 10:00:00,1,614G2040,0.1615019837,,,1,0,0
B031,2024-04-01 10:00:00,2,61402050,0,,306.98,1,0,1
B031,2024-04-01 11:00:00,0,614E1950,0.835875454,,537.16,1,0,1
B031,2024-04-01 11:00:00,1,614G2040,0.6881903997,,,1,0,0
B031,2024-04-01 11:00:00,2,61402050,0.1615184343,,306.97,1,0,1
B031,2024-04-01 12:00:00,0,614E1950,0.9099341412,,537.15,1,0,1
B031,2024-04-01 12:00:00,1,614G2040,1.288013084,,,1,0,0
B031,2024-04-01 12:00:00,2,61402050,0.8023761158,,306.96,1,0,1
B031,2024-04-01 13:00:00,0,614E1950,0.1838660393,,537.15,1,0,1
B031,2024-04-01 13:00:00,1,614G2040,0.1528287544,,,1,0,0
B031,2024-04-01 13:00:00,2,61402050,0.1126835682,,306.96,1,0,1
B031,2024-04-01 14:00:00,0,614E1950,0.04515697358,,537.15,1,0,1
B031,2024-04-01 14:00:00,1,614G2040,0.2439900294,,,1,0,0
B031,2024-04-01 14:00:00,2,61402050,0.2627836581,,306.97,1,0,1
B031,2024-04-01 15:00:00,0,614E1950,0,,537.16,1,0,1
B031,2024-04-01 15:00:00,1,614G2040,0.002120548132,,,1,0,0
B031,2024-04-01 15:00:00,2,61402050,0.02040999341,,306.96,1,0,1
B031,2024-04-01 16:00:00,0,614E1950,0,,537.15,1,0,1
B031,2024-04-01 16:00:00,1,614G2040,0,,,1,0,0
B031,2024-04-01 16:00:00,2,61402050,0,,306.96,1,0,1
B031,2024-04-01 17:00:00,0,614E1950,0,,537.15,1,0,1
B031,2024-04-01 17:00:00,1,614G2040,0,,,1,0,0
B031,2024-04-01 17:00:00,2,61402050,0.04606834784,,306.95,1,0,1
B031,2024-04-01 18:00:00,0,614E1950,0.06112736104,,537.15,1,0,1
B031,2024-04-01 18:00:00,1,614G2040,0,,,1,0,0
B031,2024-04-01 18:00:00,2,61402050,0.05773076397,,306.95,1,0,1
B031,2024-04-01 19:00:00,0,614E1950,0.1397541529,,537.15,1,0,1
B031,2024-04-01 19:00:00,1,614G2040,0.07077041244,,,1,0,0
B031,2024-04-01 19:00:00,2,61402050,0,,306.95,1,0,1
B031,2024-04-01 20:00:00,0,614E1950,0.06128867977,,537.14,1,0,1
B031,2024-04-01 20:00:00,1,614G2040,0.02633234376,,,1,0,0
B031,2024-04-01 20:00:00,2,61402050,0,,306.94,1,0,1
B031,2024-04-01 21:00:00,0,614E1950,0,,537.14,1,0,1
B031,2024-04-01 21:00:00,1,614G2040,0,,,1,0,0
B031,2024-04-01 21:00:00,2,61402050,0,,306.94,1,0,1
B031,2024-04-01 22:00:00,0,614E1950,0,,537.14,1,0,1
B031,2024-04-01 22:00:00,1,614G2040,0,,,1,0,0
B031,2024-04-01 22:00:00,2,61402050,0.01856953027,,306.93,1,0,1
B031,2024-04-01 23:00:00,0,614E1950,0,,537.14,1,0,1
B031,2024-04-01 23:00:00,1,614G2040,0,,,1,0,0
B031,2024-04-01 23:00:00,2,61402050,0,,306.93,1,0,1
B031,2024-04-02 00:00:00,0,614E1950,0.2732988322,,537.13,1,0,1
B031,2024-04-02 00:00:00,1,614G2040,0,,,1,0,0
B031,2024-04-02 00:00:00,2,61402050,0,,306.93,1,0,1
B031,2024-04-02 01:00:00,0,614E1950,7.733467351,,537.13,1,0,1
B031,2024-04-02 01:00:00,1,614G2040,0.7006186843,,,1,0,0
B031,2024-04-02 01:00:00,2,61402050,1.108433016,,306.92,1,0,1
B031,2024-04-02 02:00:00,0,614E1950,11.59484572,,537.13,1,0,1
B031,2024-04-02 02:00:00,1,614G2040,10.81956554,,,1,0,0
B031,2024-04-02 02:00:00,2,61402050,6.905658788,,306.92,1,0,1
B031,2024-04-02 03:00:00,0,614E1950,4.522837508,,537.18,1,0,1
B031,2024-04-02 03:00:00,1,614G2040,6.577353721,,,1,0,0
B031,2024-04-02 03:00:00,2,61402050,3.216783875,,307.15,1,0,1
B031,2024-04-02 04:00:00,0,614E1950,1.279051696,,537.93,1,0,1
B031,2024-04-02 04:00:00,1,614G2040,1.736011508,,,1,0,0
B031,2024-04-02 04:00:00,2,61402050,0.8527313294,,307.45,1,0,1
B031,2024-04-02 05:00:00,0,614E1950,2.868284322,,537.97,1,0,1
B031,2024-04-02 05:00:00,1,614G2040,0.831265563,,,1,0,0
B031,2024-04-02 05:00:00,2,61402050,0.6187581298,,307.53,1,0,1
B031,2024-04-02 06:00:00,0,614E1950,2.794068836,,537.98,1,0,1
B031,2024-04-02 06:00:00,1,614G2040,3.05143168,,,1,0,0
B031,2024-04-02 06:00:00,2,61402050,2.050881177,,307.5,1,0,1
B031,2024-04-02 07:00:00,0,614E1950,1.482606271,,538.05,1,0,1
B031,2024-04-02 07:00:00,1,614G2040,9.758914092,,,1,0,0
B031,2024-04-02 07:00:00,2,61402050,2.462078116,,307.58,1,0,1
B031,2024-04-02 08:00:00,0,614E1950,0.1396672322,,538.06,1,0,1
B031,2024-04-02 08:00:00,1,614G2040,0.4546822368,,,1,0,0
B031,2024-04-02 08:00:00,2,61402050,0.1626203498,55.7,307.63,1,1,1
B031,2024-04-02 09:00:00,0,614E1950,0,,538.09,1,0,1
B031,2024-04-02 09:00:00,1,614G2040,0,,,1,0,0
B031,2024-04-02 09:00:00,2,61402050,0.04606834784,,307.64,1,0,1
B031,2024-04-02 10:00:00,0,614E1950,0,,538.05,1,0,1
B031,2024-04-02 10:00:00,1,614G2040,0,,,1,0,0
B031,2024-04-02 10:00:00,2,61402050,0,,307.66,1,0,1
B031,2024-04-02 11:00:00,0,614E1950,0,,538.04,1,0,1
B031,2024-04-02 11:00:00,1,614G2040,0,,,1,0,0
B031,2024-04-02 11:00:00,2,61402050,0,,307.66,1,0,1
B031,2024-04-02 12:00:00,0,614E1950,0,,538,1,0,1
B031,2024-04-02 12:00:00,1,614G2040,0,,,1,0,0
B031,2024-04-02 12:00:00,2,61402050,0,,307.64,1,0,1
B031,2024-04-02 13:00:00,0,614E1950,0.06112736104,,537.93,1,0,1
B031,2024-04-02 13:00:00,1,614G2040,0,,,1,0,0
B031,2024-04-02 13:00:00,2,61402050,0.00168026546,,307.63,1,0,1
B031,2024-04-02 14:00:00,0,614E1950,0,,537.89,1,0,1
B031,2024-04-02 14:00:00,1,614G2040,0,,,1,0,0
B031,2024-04-02 14:00:00,2,61402050,0,,307.61,1,0,1
B031,2024-04-02 15:00:00,0,614E1950,0,,537.82,1,0,1
B031,2024-04-02 15:00:00,1,614G2040,0,,,1,0,0
B031,2024-04-02 15:00:00,2,61402050,0,,307.57,1,0,1
B031,2024-04-02 16:00:00,0,614E1950,0,,537.78,1,0,1
B031,2024-04-02 16:00:00,1,614G2040,0,,,1,0,0
B031,2024-04-02 16:00:00,2,61402050,0.04606834784,,307.55,1,0,1
B031,2024-04-02 17:00:00,0,614E1950,0.06112736104,,537.74,1,0,1
B031,2024-04-02 17:00:00,1,614G2040,0,,,1,0,0
B031,2024-04-02 17:00:00,2,61402050,0.00168026546,,307.53,1,0,1
B031,2024-04-02 18:00:00,0,614E1950,0,,537.7,1,0,1
B031,2024-04-02 18:00:00,1,614G2040,0,,,1,0,0
B031,2024-04-02 18:00:00,2,61402050,0,,307.5,1,0,1
B031,2024-04-02 19:00:00,0,614E1950,1.67414658,,537.67,1,0,1
B031,2024-04-02 19:00:00,1,614G2040,0.03621144984,,,1,0,0
B031,2024-04-02 19:00:00,2,61402050,0,,307.47,1,0,1
B031,2024-04-02 20:00:00,0,614E1950,2.42426923,,537.63,1,0,1
B031,2024-04-02 20:00:00,1,614G2040,1.380005796,,,1,0,0
B031,2024-04-02 20:00:00,2,61402050,1.091992996,,307.42,1,0,1
B031,2024-04-02 21:00:00,0,614E1950,0,,537.63,1,0,1
B031,2024-04-02 21:00:00,1,614G2040,0,,,1,0,0
B031,2024-04-02 21:00:00,2,61402050,0,,307.41,1,0,1
B031,2024-04-02 22:00:00,0,614E1950,0,,537.62,1,0,1
B031,2024-04-02 22:00:00,1,614G2040,0,,,1,0,0
B031,2024-04-02 22:00:00,2,61402050,0,,307.4,1,0,1
B031,2024-04-02 23:00:00,0,614E1950,0,,537.57,1,0,1
B031,2024-04-02 23:00:00,1,614G2040,0,,,1,0,0
B031,2024-04-02 23:00:00,2,61402050,0,,307.37,1,0,1
B031,2024-04-03 00:00:00,0,614E1950,0,,537.54,1,0,1
B031,2024-04-03 00:00:00,1,614G2040,0,,,1,0,0
B031,2024-04-03 00:00:00,2,61402050,0.01856953027,,307.35,1,0,1
B031,2024-04-03 01:00:00,0,614E1950,0,,537.51,1,0,1
B031,2024-04-03 01:00:00,1,614G2040,0.07595227127,,,1,0,0
B031,2024-04-03 01:00:00,2,61402050,0.08619142218,,307.33,1,0,1
B031,2024-04-03 02:00:00,0,614E1950,0.04515697358,,537.49,1,0,1
B031,2024-04-03 02:00:00,1,614G2040,0,,,1,0,0
B031,2024-04-03 02:00:00,2,61402050,0.02704487971,,307.3,1,0,1
B031,2024-04-03 03:00:00,0,614E1950,0,,537.47,1,0,1
B031,2024-04-03 03:00:00,1,614G2040,0.1433962588,,,1,0,0
B031,2024-04-03 03:00:00,2,61402050,0,,307.3,1,0,1
B031,2024-04-03 04:00:00,0,614E1950,0,,537.45,1,0,1
B031,2024-04-03 04:00:00,1,614G2040,0,,,1,0,0
B031,2024-04-03 04:00:00,2,61402050,0,,307.3,1,0,1
B031,2024-04-03 05:00:00,0,614E1950,0,,537.44,1,0,1
B031,2024-04-03 05:00:00,1,614G2040,0,,,1,0,0
B031,2024-04-03 05:00:00,2,61402050,0,,307.28,1,0,1
B031,2024-04-03 06:00:00,0,614E1950,0,,537.42,1,0,1
B031,2024-04-03 06:00:00,1,614G2040,0.07383172314,,,1,0,0
B031,2024-04-03 06:00:00,2,61402050,0.01056472188,,307.26,1,0,1
B031,2024-04-03 07:00:00,0,614E1950,2.856801356,,537.4,1,0,1
B031,2024-04-03 07:00:00,1,614G2040,2.164079736,,,1,0,0
B031,2024-04-03 07:00:00,2,61402050,1.729110043,,307.24,1,0,1
B031,2024-04-03 08:00:00,0,614E1950,1.2486802,,537.39,1,0,1
B031,2024-04-03 08:00:00,1,614G2040,0.1636225318,,,1,0,0
B031,2024-04-03 08:00:00,2,61402050,0.2641323924,24.4,307.22,1,1,1
B031,2024-04-03 09:00:00,0,614E1950,1.167897549,,537.38,1,0,1
B031,2024-04-03 09:00:00,1,614G2040,1.642665236,,,1,0,0
B031,2024-04-03 09:00:00,2,61402050,0.9248452173,,307.22,1,0,1
B031,2024-04-03 10:00:00,0,614E1950,0.8215615725,,537.38,1,0,1
B031,2024-04-03 10:00:00,1,614G2040,1.422604982,,,1,0,0
B031,2024-04-03 10:00:00,2,61402050,0.7457208069,,307.22,1,0,1
B031,2024-04-03 11:00:00,0,614E1950,0.0324122084,,537.4,1,0,1
B031,2024-04-03 11:00:00,1,614G2040,0.07383172314,,,1,0,0
B031,2024-04-03 11:00:00,2,61402050,0.01056472188,,307.22,1,0,1
B031,2024-04-03 12:00:00,0,614E1950,0,,537.4,1,0,1
B031,2024-04-03 12:00:00,1,614G2040,0,,,1,0,0
B031,2024-04-03 12:00:00,2,61402050,0.04606834784,,307.2,1,0,1
B031,2024-04-03 13:00:00,0,614E1950,0,,537.38,1,0,1
B031,2024-04-03 13:00:00,1,614G2040,0,,,1,0,0
B031,2024-04-03 13:00:00,2,61402050,0,,307.2,1,0,1
B031,2024-04-03 14:00:00,0,614E1950,0,,537.37,1,0,1
B031,2024-04-03 14:00:00,1,614G2040,0,,,1,0,0
B031,2024-04-03 14:00:00,2,61402050,0,,307.19,1,0,1
B031,2024-04-03 15:00:00,0,614E1950,0,,537.37,1,0,1
B031,2024-04-03 15:00:00,1,614G2040,0,,,1,0,0
B031,2024-04-03 15:00:00,2,61402050,0,,307.18,1,0,1
B031,2024-04-03 16:00:00,0,614E1950,0,,537.36,1,0,1
B031,2024-04-03 16:00:00,1,614G2040,0,,,1,0,0
B031,2024-04-03 16:00:00,2,61402050,0,,307.17,1,0,1
B031,2024-04-03 17:00:00,0,614E1950,0,,537.35,1,0,1
B031,2024-04-03 17:00:00,1,614G2040,0,,,1,0,0
B031,2024-04-03 17:00:00,2,61402050,0,,307.17,1,0,1
B031,2024-04-03 18:00:00,0,614E1950,0,,537.35,1,0,1
B031,2024-04-03 18:00:00,1,614G2040,0,,,1,0,0
B031,2024-04-03 18:00:00,2,61402050,0,,307.16,1,0,1
B031,2024-04-03 19:00:00,0,614E1950,0,,537.35,1,0,1
B031,2024-04-03 19:00:00,1,614G2040,0,,,1,0,0
B031,2024-04-03 19:00:00,2,61402050,0,,307.15,1,0,1
B031,2024-04-03 20:00:00,0,614E1950,0,,537.34,1,0,1
B031,2024-04-03 20:00:00,1,614G2040,0,,,1,0,0
B031,2024-04-03 20:00:00,2,61402050,0,,307.14,1,0,1
B031,2024-04-03 21:00:00,0,614E1950,0,,537.33,1,0,1
B031,2024-04-03 21:00:00,1,614G2040,0,,,1,0,0
B031,2024-04-03 21:00:00,2,61402050,0,,307.14,1,0,1
B031,2024-04-03 22:00:00,0,614E1950,0,,537.33,1,0,1
B031,2024-04-03 22:00:00,1,614G2040,0,,,1,0,0
B031,2024-04-03 22:00:00,2,61402050,0,,307.13,1,0,1
B031,2024-04-03 23:00:00,0,614E1950,0,,537.32,1,0,1
B031,2024-04-03 23:00:00,1,614G2040,0,,,1,0,0
B031,2024-04-03 23:00:00,2,61402050,0,,307.12,1,0,1
B031,2024-04-04 00:00:00,0,614E1950,0,,537.31,1,0,1
B031,2024-04-04 00:00:00,1,614G2040,0,,,1,0,0
B031,2024-04-04 00:00:00,2,61402050,0,,307.12,1,0,1
B031,2024-04-04 01:00:00,0,614E1950,0,,537.31,1,0,1
B031,2024-04-04 01:00:00,1,614G2040,0,,,1,0,0
B031,2024-04-04 01:00:00,2,61402050,0,,307.11,1,0,1
B031,2024-04-04 02:00:00,0,614E1950,0,,537.3,1,0,1
B031,2024-04-04 02:00:00,1,614G2040,0,,,1,0,0
B031,2024-04-04 02:00:00,2,61402050,0,,307.1,1,0,1
B031,2024-04-04 03:00:00,0,614E1950,0.3643984429,,,1,0,0
B031,2024-04-04 03:00:00,1,614G2040,0,,,1,0,0
B031,2024-04-04 03:00:00,2,61402050,0,,307.09,1,0,1
B031,2024-04-04 04:00:00,0,614E1950,0.6203697811,,537.3,1,0,1
B031,2024-04-04 04:00:00,1,614G2040,0.8940910216,,,1,0,0
B031,2024-04-04 04:00:00,2,61402050,0.207650678,,307.09,1,0,1
B031,2024-04-04 05:00:00,0,614E1950,2.167518983,,537.3,1,0,1
B031,2024-04-04 05:00:00,1,614G2040,0.6385310417,,,1,0,0
B031,2024-04-04 05:00:00,2,61402050,0.4477977992,,307.09,1,0,1
B031,2024-04-04 06:00:00,0,614E1950,3.845915038,,537.3,1,0,1
B031,2024-04-04 06:00:00,1,614G2040,4.010108325,,,1,0,0
B031,2024-04-04 06:00:00,2,61402050,2.053900186,,307.08,1,0,1
B031,2024-04-04 07:00:00,0,614E1950,1.889781862,,537.3,1,0,1
B031,2024-04-04 07:00:00,1,614G2040,6.027346586,,,1,0,0
B031,2024-04-04 07:00:00,2,61402050,2.609613245,,307.12,1,0,1
B031,2024-04-04 08:00:00,0,614E1950,0.09451025865,,537.39,1,0,1
B031,2024-04-04 08:00:00,1,614G2040,0.3112859781,,,1,0,0
B031,2024-04-04 08:00:00,2,61402050,0.1813710057,20.2,307.17,1,1,1
B031,2024-04-04 09:00:00,0,614E1950,0,,537.45,1,0,1
B031,2024-04-04 09:00:00,1,614G2040,0,,,1,0,0
B031,2024-04-04 09:00:00,2,61402050,0.009148359047,,307.2,1,0,1
B031,2024-04-04 10:00:00,0,614E1950,0,,537.45,1,0,1
B031,2024-04-04 10:00:00,1,614G2040,0,,,1,0,0
B031,2024-04-04 10:00:00,2,61402050,0,,307.22,1,0,1
B031,2024-04-04 11:00:00,0,614E1950,0.04515697358,,537.45,1,0,1
B031,2024-04-04 11:00:00,1,614G2040,0,,,1,0,0
B031,2024-04-04 11:00:00,2,61402050,0.02704487971,,307.23,1,0,1
B031,2024-04-04 12:00:00,0,614E1950,0,,537.45,1,0,1
B031,2024-04-04 12:00:00,1,614G2040,0,,,1,0,0
B031,2024-04-04 12:00:00,2,61402050,0,,307.24,1,0,1
B031,2024-04-04 13:00:00,0,614E1950,0,,537.45,1,0,1
B031,2024-04-04 13:00:00,1,614G2040,0,,,1,0,0
B031,2024-04-04 13:00:00,2,61402050,0,,307.24,1,0,1
B031,2024-04-04 14:00:00,0,614E1950,0,,537.45,1,0,1
B031,2024-04-04 14:00:00,1,614G2040,0,,,1,0,0
B031,2024-04-04 14:00:00,2,61402050,0,,307.23,1,0,1
B031,2024-04-04 15:00:00,0,614E1950,0,,537.45,1,0,1
B031,2024-04-04 15:00:00,1,614G2040,0,,,1,0,0
B031,2024-04-04 15:00:00,2,61402050,0,,307.24,1,0,1
B031,2024-04-04 16:00:00,0,614E1950,0,,537.45,1,0,1
B031,2024-04-04 16:00:00,1,614G2040,0,,,1,0,0
B031,2024-04-04 16:00:00,2,61402050,0,,307.23,1,0,1
B031,2024-04-04 17:00:00,0,614E1950,0,,537.45,1,0,1
B031,2024-04-04 17:00:00,1,614G2040,0,,,1,0,0
B031,2024-04-04 17:00:00,2,61402050,0,,307.23,1,0,1
B031,2024-04-04 18:00:00,0,614E1950,0,,537.44,1,0,1
B031,2024-04-04 18:00:00,1,614G2040,0,,,1,0,0
B031,2024-04-04 18:00:00,2,61402050,0,,307.22,1,0,1
B031,2024-04-04 19:00:00,0,614E1950,0,,537.44,1,0,1
B031,2024-04-04 19:00:00,1,614G2040,0,,,1,0,0
B031,2024-04-04 19:00:00,2,61402050,0,,307.22,1,0,1
B031,2024-04-04 20:00:00,0,614E1950,0,,537.42,1,0,1
B031,2024-04-04 20:00:00,1,614G2040,0,,,1,0,0
B031,2024-04-04 20:00:00,2,61402050,0,,307.22,1,0,1
B031,2024-04-04 21:00:00,0,614E1950,0,,537.41,1,0,1
B031,2024-04-04 21:00:00,1,614G2040,0,,,1,0,0
B031,2024-04-04 21:00:00,2,61402050,0,,307.21,1,0,1
B031,2024-04-04 22:00:00,0,614E1950,0,,537.4,1,0,1
B031,2024-04-04 22:00:00,1,614G2040,0,,,1,0,0
B031,2024-04-04 22:00:00,2,61402050,0,,307.21,1,0,1
B031,2024-04-04 23:00:00,0,614E1950,0,,537.39,1,0,1
B031,2024-04-04 23:00:00,1,614G2040,0,,,1,0,0
B031,2024-04-04 23:00:00,2,61402050,0,,307.19,1,0,1
B031,2024-04-05 00:00:00,0,614E1950,0,,537.38,1,0,1
B031,2024-04-05 00:00:00,1,614G2040,0,,,1,0,0
B031,2024-04-05 00:00:00,2,61402050,0,,307.19,1,0,1
B031,2024-04-05 01:00:00,0,614E1950,0,,537.37,1,0,1
B031,2024-04-05 01:00:00,1,614G2040,0,,,1,0,0
B031,2024-04-05 01:00:00,2,61402050,0.04606834784,,307.19,1,0,1
B031,2024-04-05 02:00:00,0,614E1950,0,,537.36,1,0,1
B031,2024-04-05 02:00:00,1,614G2040,0,,,1,0,0
B031,2024-04-05 02:00:00,2,61402050,0,,307.18,1,0,1
B031,2024-04-05 03:00:00,0,614E1950,0,,537.35,1,0,1
B031,2024-04-05 03:00:00,1,614G2040,0,,,1,0,0
B031,2024-04-05 03:00:00,2,61402050,0,,307.17,1,0,1
B031,2024-04-05 04:00:00,0,614E1950,0,,537.34,1,0,1
B031,2024-04-05 04:00:00,1,614G2040,0,,,1,0,0
B031,2024-04-05 04:00:00,2,61402050,0,,307.16,1,0,1
B031,2024-04-05 05:00:00,0,614E1950,0,,537.33,1,0,1
B031,2024-04-05 05:00:00,1,614G2040,0,,,1,0,0
B031,2024-04-05 05:00:00,2,61402050,0,,307.15,1,0,1
B031,2024-04-05 06:00:00,0,614E1950,0,,537.32,1,0,1
B031,2024-04-05 06:00:00,1,614G2040,0,,,1,0,0
B031,2024-04-05 06:00:00,2,61402050,0,,307.14,1,0,1
B031,2024-04-05 07:00:00,0,614E1950,0.1396672322,,,1,0,0
B031,2024-04-05 07:00:00,1,614G2040,0.3112859781,,,1,0,0
B031,2024-04-05 07:00:00,2,61402050,0.2715594941,,307.14,1,0,1
B031,2024-04-05 08:00:00,0,614E1950,0,,537.32,1,0,1
B031,2024-04-05 08:00:00,1,614G2040,0,,,1,0,0
B031,2024-04-05 08:00:00,2,61402050,0,17.8,307.13,1,1,1
B031,2024-04-05 09:00:00,0,614E1950,0,,537.3,1,0,1
B031,2024-04-05 09:00:00,1,614G2040,0,,,1,0,0
B031,2024-04-05 09:00:00,2,61402050,0,,307.12,1,0,1
B031,2024-04-05 10:00:00,0,614E1950,0,,537.3,1,0,1
B031,2024-04-05 10:00:00,1,614G2040,0,,,1,0,0
B031,2024-04-05 10:00:00,2,61402050,0,,307.12,1,0,1
B031,2024-04-05 11:00:00,0,614E1950,0,,537.3,1,0,1
B031,2024-04-05 11:00:00,1,614G2040,0,,,1,0,0
B031,2024-04-05 11:00:00,2,61402050,0,,307.11,1,0,1
B031,2024-04-05 12:00:00,0,614E1950,0,,537.3,1,0,1
B031,2024-04-05 12:00:00,1,614G2040,0,,,1,0,0
B031,2024-04-05 12:00:00,2,61402050,0,,307.1,1,0,1
B031,2024-04-05 13:00:00,0,614E1950,0,,537.29,1,0,1
B031,2024-04-05 13:00:00,1,614G2040,0,,,1,0,0
B031,2024-04-05 13:00:00,2,61402050,0,,307.09,1,0,1
B031,2024-04-05 14:00:00,0,614E1950,0,,537.29,1,0,1
B031,2024-04-05 14:00:00,1,614G2040,0,,,1,0,0
B031,2024-04-05 14:00:00,2,61402050,0,,307.09,1,0,1
B031,2024-04-05 15:00:00,0,614E1950,0,,537.28,1,0,1
B031,2024-04-05 15:00:00,1,614G2040,0,,,1,0,0
B031,2024-04-05 15:00:00,2,61402050,0,,307.08,1,0,1
B031,2024-04-05 16:00:00,0,614E1950,0.07830415445,,537.28,1,0,1
B031,2024-04-05 16:00:00,1,614G2040,0.1615019837,,,1,0,0
B031,2024-04-05 16:00:00,2,61402050,0.02024979573,,307.07,1,0,1
B031,2024-04-05 17:00:00,0,614E1950,0,,537.25,1,0,1
B031,2024-04-05 17:00:00,1,614G2040,0.1433962588,,,1,0,0
B031,2024-04-05 17:00:00,2,61402050,0,,307.06,1,0,1
B031,2024-04-05 18:00:00,0,614E1950,0,,537.25,1,0,1
B031,2024-04-05 18:00:00,1,614G2040,0,,,1,0,0
B031,2024-04-05 18:00:00,2,61402050,0,,307.06,1,0,1
B031,2024-04-05 19:00:00,0,614E1950,0,,537.24,1,0,1
B031,2024-04-05 19:00:00,1,614G2040,0.1433962588,,,1,0,0
B031,2024-04-05 19:00:00,2,61402050,0,,307.05,1,0,1
B031,2024-04-05 20:00:00,0,614E1950,0,,537.24,1,0,1
B031,2024-04-05 20:00:00,1,614G2040,0,,,1,0,0
B031,2024-04-05 20:00:00,2,61402050,0,,307.05,1,0,1
B031,2024-04-05 21:00:00,0,614E1950,0,,537.24,1,0,1
B031,2024-04-05 21:00:00,1,614G2040,0,,,1,0,0
B031,2024-04-05 21:00:00,2,61402050,0,,307.04,1,0,1
B031,2024-04-05 22:00:00,0,614E1950,0,,537.24,1,0,1
B031,2024-04-05 22:00:00,1,614G2040,0,,,1,0,0
B031,2024-04-05 22:00:00,2,61402050,0,,307.03,1,0,1
B031,2024-04-05 23:00:00,0,614E1950,0,,537.23,1,0,1
B031,2024-04-05 23:00:00,1,614G2040,0,,,1,0,0
B031,2024-04-05 23:00:00,2,61402050,0,,307.03,1,0,1
B031,2024-04-06 00:00:00,0,614E1950,0,,537.22,1,0,1
B031,2024-04-06 00:00:00,1,614G2040,0,,,1,0,0
B031,2024-04-06 00:00:00,2,61402050,0,,307.02,1,0,1
B031,2024-04-06 01:00:00,0,614E1950,0,,537.22,1,0,1
B031,2024-04-06 01:00:00,1,614G2040,0,,,1,0,0
B031,2024-04-06 01:00:00,2,61402050,0,,307.01,1,0,1
B031,2024-04-06 02:00:00,0,614E1950,0,,537.2,1,0,1
B031,2024-04-06 02:00:00,1,614G2040,0,,,1,0,0
B031,2024-04-06 02:00:00,2,61402050,0,,307.01,1,0,1
B031,2024-04-06 03:00:00,0,614E1950,0.09109961073,,537.2,1,0,1
B031,2024-04-06 03:00:00,1,614G2040,0,,,1,0,0
B031,2024-04-06 03:00:00,2,61402050,0,,307,1,0,1
B031,2024-04-06 04:00:00,0,614E1950,0,,537.2,1,0,1
B031,2024-04-06 04:00:00,1,614G2040,0,,,1,0,0
B031,2024-04-06 04:00:00,2,61402050,0,,306.99,1,0,1
B031,2024-04-06 05:00:00,0,614E1950,0,,537.19,1,0,1
B031,2024-04-06 05:00:00,1,614G2040,0,,,1,0,0
B031,2024-04-06 05:00:00,2,61402050,0,,306.99,1,0,1
B031,2024-04-06 06:00:00,0,614E1950,0,,537.19,1,0,1
B031,2024-04-06 06:00:00,1,614G2040,0,,,1,0,0
B031,2024-04-06 06:00:00,2,61402050,0,,306.99,1,0,1
B031,2024-04-06 07:00:00,0,614E1950,0.07830415445,,537.18,1,0,1
B031,2024-04-06 07:00:00,1,614G2040,0.4482945012,,,1,0,0
B031,2024-04-06 07:00:00,2,61402050,0.1127875218,,306.98,1,0,1
B031,2024-04-06 08:00:00,0,614E1950,0,,537.18,1,0,1
B031,2024-04-06 08:00:00,1,614G2040,0,,,1,0,0
B031,2024-04-06 08:00:00,2,61402050,0,10.1,306.98,1,1,1
B031,2024-04-06 09:00:00,0,614E1950,0,,537.17,1,0,1
B031,2024-04-06 09:00:00,1,614G2040,0,,,1,0,0
B031,2024-04-06 09:00:00,2,61402050,0,,306.97,1,0,1
B031,2024-04-06 10:00:00,0,614E1950,0,,537.17,1,0,1
B031,2024-04-06 10:00:00,1,614G2040,0,,,1,0,0
B031,2024-04-06 10:00:00,2,61402050,0,,306.97,1,0,1
B031,2024-04-06 11:00:00,0,614E1950,0,,537.17,1,0,1
B031,2024-04-06 11:00:00,1,614G2040,0,,,1,0,0
B031,2024-04-06 11:00:00,2,61402050,0,,306.96,1,0,1
B031,2024-04-06 12:00:00,0,614E1950,0,,537.16,1,0,1
B031,2024-04-06 12:00:00,1,614G2040,0,,,1,0,0
B031,2024-04-06 12:00:00,2,61402050,0,,306.95,1,0,1
B031,2024-07-29 00:00:00,0,614E1950,0.1522269718,,536.98,1,0,1
B031,2024-07-29 00:00:00,1,614G2040,0.005004338416,,,1,0,0
B031,2024-07-29 00:00:00,2,61402050,0.08422032468,,306.65,1,0,1
B031,2024-07-29 01:00:00,0,614E1950,0.8118375151,,536.97,1,0,1
B031,2024-07-29 01:00:00,1,614G2040,0.6376326615,,,1,0,0
B031,2024-07-29 01:00:00,2,61402050,1.683735219,,306.65,1,0,1
B031,2024-07-29 02:00:00,0,614E1950,2.41166891,,536.97,1,0,1
B031,2024-07-29 02:00:00,1,614G2040,3.040766208,,,1,0,0
B031,2024-07-29 02:00:00,2,61402050,3.68520321,,306.65,1,0,1
B031,2024-07-29 03:00:00,0,614E1950,5.520556277,,536.98,1,0,1
B031,2024-07-29 03:00:00,1,614G2040,3.5850266,,,1,0,0
B031,2024-07-29 03:00:00,2,61402050,6.219901762,,306.66,1,0,1
B031,2024-07-29 04:00:00,0,614E1950,5.80577432,,536.99,1,0,1
B031,2024-07-29 04:00:00,1,614G2040,4.25133187,,,1,0,0
B031,2024-07-29 04:00:00,2,61402050,4.457778175,,306.69,1,0,1
B031,2024-07-29 05:00:00,0,614E1950,1.373252758,,537.01,1,0,1
B031,2024-07-29 05:00:00,1,614G2040,0.8995061027,,,1,0,0
B031,2024-07-29 05:00:00,2,61402050,0.7705669015,,306.73,1,0,1
B031,2024-07-29 06:00:00,0,614E1950,1.154225238,,537.01,1,0,1
B031,2024-07-29 06:00:00,1,614G2040,0.1455098995,,,1,0,0
B031,2024-07-29 06:00:00,2,61402050,0.127226872,,306.71,1,0,1
B031,2024-07-29 07:00:00,0,614E1950,15.8677368,,537.02,1,0,1
B031,2024-07-29 07:00:00,1,614G2040,13.64215895,,,1,0,0
B031,2024-07-29 07:00:00,2,61402050,17.03234855,,306.7,1,0,1
B031,2024-07-29 08:00:00,0,614E1950,1.116541952,,537.06,1,0,1
B031,2024-07-29 08:00:00,1,614G2040,0.1976103116,,,1,0,0
B031,2024-07-29 08:00:00,2,61402050,0.148756583,1.62,306.7,1,1,1
B031,2024-07-29 09:00:00,0,614E1950,6.027668715,,537.06,1,0,1
B031,2024-07-29 09:00:00,1,614G2040,3.683212434,,,1,0,0
B031,2024-07-29 09:00:00,2,61402050,6.595726894,,306.7,1,0,1
B031,2024-07-29 10:00:00,0,614E1950,9.775215807,,537.06,1,0,1
B031,2024-07-29 10:00:00,1,614G2040,9.463924007,,,1,0,0
B031,2024-07-29 10:00:00,2,61402050,12.05358648,,306.71,1,0,1
B031,2024-07-29 11:00:00,0,614E1950,0.9085557171,,537.08,1,0,1
B031,2024-07-29 11:00:00,1,614G2040,1.554368268,,,1,0,0
B031,2024-07-29 11:00:00,2,61402050,0.9028625829,,306.8,1,0,1
B031,2024-07-29 12:00:00,0,614E1950,0.164241948,,537.11,1,0,1
B031,2024-07-29 12:00:00,1,614G2040,0.0127045973,,,1,0,0
B031,2024-07-29 12:00:00,2,61402050,0.02421863381,,306.8,1,0,1
B031,2024-07-29 13:00:00,0,614E1950,0.6834191268,,537.19,1,0,1
B031,2024-07-29 13:00:00,1,614G2040,1.91362974,,,1,0,0
B031,2024-07-29 13:00:00,2,61402050,2.080810391,,306.78,1,0,1
B031,2024-07-29 14:00:00,0,614E1950,0.05046111551,,537.18,1,0,1
B031,2024-07-29 14:00:00,1,614G2040,0.09511490563,,,1,0,0
B031,2024-07-29 14:00:00,2,61402050,0.1884789148,,306.81,1,0,1
B031,2024-07-29 15:00:00,0,614E1950,0,,537.18,1,0,1
B031,2024-07-29 15:00:00,1,614G2040,0.002883790284,,,1,0,0
B031,2024-07-29 15:00:00,2,61402050,0.03441217649,,306.8,1,0,1
B031,2024-07-29 16:00:00,0,614E1950,0,,537.17,1,0,1
B031,2024-07-29 16:00:00,1,614G2040,0,,,1,0,0
B031,2024-07-29 16:00:00,2,61402050,0,,306.78,1,0,1
B031,2024-07-29 17:00:00,0,614E1950,0,,537.16,1,0,1
B031,2024-07-29 17:00:00,1,614G2040,0,,,1,0,0
B031,2024-07-29 17:00:00,2,61402050,0,,306.77,1,0,1
B031,2024-07-29 18:00:00,0,614E1950,0,,537.16,1,0,1
B031,2024-07-29 18:00:00,1,614G2040,0,,,1,0,0
B031,2024-07-29 18:00:00,2,61402050,0,,306.76,1,0,1
B031,2024-07-29 19:00:00,0,614E1950,0,,537.17,1,0,1
B031,2024-07-29 19:00:00,1,614G2040,0,,,1,0,0
B031,2024-07-29 19:00:00,2,61402050,0,,306.74,1,0,1
B031,2024-07-29 20:00:00,0,614E1950,0,,537.17,1,0,1
B031,2024-07-29 20:00:00,1,614G2040,0,,,1,0,0
B031,2024-07-29 20:00:00,2,61402050,0,,306.73,1,0,1
B031,2024-07-29 21:00:00,0,614E1950,0,,537.17,1,0,1
B031,2024-07-29 21:00:00,1,614G2040,0,,,1,0,0
B031,2024-07-29 21:00:00,2,61402050,0,,306.72,1,0,1
B031,2024-07-29 22:00:00,0,614E1950,0,,537.16,1,0,1
B031,2024-07-29 22:00:00,1,614G2040,0,,,1,0,0
B031,2024-07-29 22:00:00,2,61402050,0,,306.71,1,0,1
B031,2024-07-29 23:00:00,0,614E1950,0,,537.15,1,0,1
B031,2024-07-29 23:00:00,1,614G2040,0,,,1,0,0
B031,2024-07-29 23:00:00,2,61402050,0,,306.7,1,0,1
B031,2024-07-30 00:00:00,0,614E1950,0,,537.14,1,0,1
B031,2024-07-30 00:00:00,1,614G2040,0,,,1,0,0
B031,2024-07-30 00:00:00,2,61402050,0,,306.7,1,0,1
B031,2024-07-30 01:00:00,0,614E1950,0,,537.13,1,0,1
B031,2024-07-30 01:00:00,1,614G2040,0,,,1,0,0
B031,2024-07-30 01:00:00,2,61402050,0,,306.69,1,0,1
B031,2024-07-30 02:00:00,0,614E1950,0,,537.12,1,0,1
B031,2024-07-30 02:00:00,1,614G2040,0,,,1,0,0
B031,2024-07-30 02:00:00,2,61402050,0,,306.69,1,0,1
B031,2024-07-30 03:00:00,0,614E1950,0,,537.12,1,0,1
B031,2024-07-30 03:00:00,1,614G2040,0,,,1,0,0
B031,2024-07-30 03:00:00,2,61402050,0,,306.68,1,0,1
B031,2024-07-30 04:00:00,0,614E1950,0,,537.11,1,0,1
B031,2024-07-30 04:00:00,1,614G2040,0,,,1,0,0
B031,2024-07-30 04:00:00,2,61402050,0,,306.68,1,0,1
B031,2024-07-30 05:00:00,0,614E1950,0,,537.1,1,0,1
B031,2024-07-30 05:00:00,1,614G2040,0,,,1,0,0
B031,2024-07-30 05:00:00,2,61402050,0,,306.68,1,0,1
B031,2024-07-30 06:00:00,0,614E1950,0,,537.1,1,0,1
B031,2024-07-30 06:00:00,1,614G2040,0,,,1,0,0
B031,2024-07-30 06:00:00,2,61402050,0,,306.68,1,0,1
B031,2024-07-30 07:00:00,0,614E1950,15.71981723,,537.09,1,0,1
B031,2024-07-30 07:00:00,1,614G2040,15.32868283,,,1,0,0
B031,2024-07-30 07:00:00,2,61402050,21.96720541,,306.68,1,0,1
B031,2024-07-30 08:00:00,0,614E1950,0,,537.09,1,0,1
B031,2024-07-30 08:00:00,1,614G2040,0,,,1,0,0
B031,2024-07-30 08:00:00,2,61402050,0,1.77,306.68,1,1,1
B031,2024-07-30 09:00:00,0,614E1950,0,,537.09,1,0,1
B031,2024-07-30 09:00:00,1,614G2040,0,,,1,0,0
B031,2024-07-30 09:00:00,2,61402050,0,,306.67,1,0,1
B031,2024-07-30 10:00:00,0,614E1950,0,,537.08,1,0,1
B031,2024-07-30 10:00:00,1,614G2040,0.006851660489,,,1,0,0
B031,2024-07-30 10:00:00,2,61402050,0,,306.67,1,0,1
B031,2024-07-30 11:00:00,0,614E1950,0,,537.08,1,0,1
B031,2024-07-30 11:00:00,1,614G2040,0,,,1,0,0
B031,2024-07-30 11:00:00,2,61402050,0,,306.67,1,0,1
B031,2024-07-30 12:00:00,0,614E1950,0,,537.08,1,0,1
B031,2024-07-30 12:00:00,1,614G2040,0,,,1,0,0
B031,2024-07-30 12:00:00,2,61402050,0,,306.66,1,0,1
B031,2024-07-30 13:00:00,0,614E1950,0,,537.08,1,0,1
B031,2024-07-30 13:00:00,1,614G2040,0,,,1,0,0
B031,2024-07-30 13:00:00,2,61402050,0,,306.66,1,0,1
B031,2024-07-30 14:00:00,0,614E1950,0,,537.08,1,0,1
B031,2024-07-30 14:00:00,1,614G2040,0,,,1,0,0
B031,2024-07-30 14:00:00,2,61402050,0,,306.66,1,0,1
B031,2024-07-30 15:00:00,0,614E1950,0,,537.07,1,0,1
B031,2024-07-30 15:00:00,1,614G2040,0,,,1,0,0
B031,2024-07-30 15:00:00,2,61402050,0,,306.66,1,0,1
B031,2024-07-30 16:00:00,0,614E1950,0,,537.07,1,0,1
B031,2024-07-30 16:00:00,1,614G2040,0,,,1,0,0
B031,2024-07-30 16:00:00,2,61402050,0,,306.66,1,0,1
B031,2024-07-30 17:00:00,0,614E1950,0,,537.07,1,0,1
B031,2024-07-30 17:00:00,1,614G2040,0,,,1,0,0
B031,2024-07-30 17:00:00,2,61402050,0,,306.66,1,0,1
B031,2024-07-30 18:00:00,0,614E1950,0,,537.06,1,0,1
B031,2024-07-30 18:00:00,1,614G2040,0,,,1,0,0
B031,2024-07-30 18:00:00,2,61402050,0,,306.66,1,0,1
B031,2024-07-30 19:00:00,0,614E1950,0,,537.06,1,0,1
B031,2024-07-30 19:00:00,1,614G2040,0,,,1,0,0
B031,2024-07-30 19:00:00,2,61402050,0,,306.66,1,0,1
B031,2024-07-30 20:00:00,0,614E1950,0,,537.06,1,0,1
B031,2024-07-30 20:00:00,1,614G2040,0,,,1,0,0
B031,2024-07-30 20:00:00,2,61402050,0,,306.65,1,0,1
B031,2024-07-30 21:00:00,0,614E1950,0,,537.06,1,0,1
B031,2024-07-30 21:00:00,1,614G2040,0,,,1,0,0
B031,2024-07-30 21:00:00,2,61402050,0,,306.65,1,0,1
B031,2024-07-30 22:00:00,0,614E1950,0,,537.06,1,0,1
B031,2024-07-30 22:00:00,1,614G2040,0,,,1,0,0
B031,2024-07-30 22:00:00,2,61402050,0,,306.65,1,0,1
B031,2024-07-30 23:00:00,0,614E1950,0,,537.05,1,0,1
B031,2024-07-30 23:00:00,1,614G2040,0,,,1,0,0
B031,2024-07-30 23:00:00,2,61402050,0,,306.65,1,0,1
B031,2024-07-31 00:00:00,0,614E1950,2.095291047,,537.05,1,0,1
B031,2024-07-31 00:00:00,1,614G2040,0,,,1,0,0
B031,2024-07-31 00:00:00,2,61402050,0,,306.65,1,0,1
B031,2024-07-31 01:00:00,0,614E1950,4.467578096,,537.05,1,0,1
B031,2024-07-31 01:00:00,1,614G2040,5.090567565,,,1,0,0
B031,2024-07-31 01:00:00,2,61402050,2.789675704,,306.65,1,0,1
B031,2024-07-31 02:00:00,0,614E1950,2.404582753,,537.06,1,0,1
B031,2024-07-31 02:00:00,1,614G2040,2.938206674,,,1,0,0
B031,2024-07-31 02:00:00,2,61402050,2.252407197,,306.65,1,0,1
B031,2024-07-31 03:00:00,0,614E1950,0,,537.06,1,0,1
B031,2024-07-31 03:00:00,1,614G2040,0.01134819741,,,1,0,0
B031,2024-07-31 03:00:00,2,61402050,0.1036822426,,306.65,1,0,1
B031,2024-07-31 04:00:00,0,614E1950,0.04462741904,,537.06,1,0,1
B031,2024-07-31 04:00:00,1,614G2040,0,,,1,0,0
B031,2024-07-31 04:00:00,2,61402050,0,,306.66,1,0,1
B031,2024-07-31 05:00:00,0,614E1950,0,,537.06,1,0,1
B031,2024-07-31 05:00:00,1,614G2040,0,,,1,0,0
B031,2024-07-31 05:00:00,2,61402050,0,,306.65,1,0,1
B031,2024-07-31 06:00:00,0,614E1950,0.1084652407,,537.06,1,0,1
B031,2024-07-31 06:00:00,1,614G2040,0.0127045973,,,1,0,0
B031,2024-07-31 06:00:00,2,61402050,0.05294377898,,306.65,1,0,1
B031,2024-07-31 07:00:00,0,614E1950,6.934153898,,537.06,1,0,1
B031,2024-07-31 07:00:00,1,614G2040,8.487902688,,,1,0,0
B031,2024-07-31 07:00:00,2,61402050,5.357806637,,306.65,1,0,1
B031,2024-07-31 08:00:00,0,614E1950,0,,537.06,1,0,1
B031,2024-07-31 08:00:00,1,614G2040,0,,,1,0,0
B031,2024-07-31 08:00:00,2,61402050,0,1.36,306.65,1,1,1
B031,2024-07-31 09:00:00,0,614E1950,0,,537.06,1,0,1
B031,2024-07-31 09:00:00,1,614G2040,0,,,1,0,0
B031,2024-07-31 09:00:00,2,61402050,0,,306.65,1,0,1
B031,2024-07-31 10:00:00,0,614E1950,0,,537.06,1,0,1
B031,2024-07-31 10:00:00,1,614G2040,0,,,1,0,0
B031,2024-07-31 10:00:00,2,61402050,0,,306.65,1,0,1
B031,2024-07-31 11:00:00,0,614E1950,0.7287968859,,537.06,1,0,1
B031,2024-07-31 11:00:00,1,614G2040,0,,,1,0,0
B031,2024-07-31 11:00:00,2,61402050,0,,306.65,1,0,1
B031,2024-07-31 12:00:00,0,614E1950,1.24891477,,537.05,1,0,1
B031,2024-07-31 12:00:00,1,614G2040,1.014096247,,,1,0,0
B031,2024-07-31 12:00:00,2,61402050,0.230875543,,306.65,1,0,1
B031,2024-07-31 13:00:00,0,614E1950,1.233650036,,537.05,1,0,1
B031,2024-07-31 13:00:00,1,614G2040,1.530608647,,,1,0,0
B031,2024-07-31 13:00:00,2,61402050,10.18540426,,306.65,1,0,1
B031,2024-07-31 14:00:00,0,614E1950,0.523605415,,537.06,1,0,1
B031,2024-07-31 14:00:00,1,614G2040,0.1884205372,,,1,0,0
B031,2024-07-31 14:00:00,2,61402050,0.187820513,,306.95,1,0,1
B031,2024-07-31 15:00:00,0,614E1950,0.1155942263,,537.07,1,0,1
B031,2024-07-31 15:00:00,1,614G2040,0.02015616124,,,1,0,0
B031,2024-07-31 15:00:00,2,61402050,0.1229958762,,306.78,1,0,1
B031,2024-07-31 16:00:00,0,614E1950,0.1607390264,,537.07,1,0,1
B031,2024-07-31 16:00:00,1,614G2040,0.3859732394,,,1,0,0
B031,2024-07-31 16:00:00,2,61402050,0.1616177252,,306.72,1,0,1
B031,2024-07-31 17:00:00,0,614E1950,0.0584917808,,537.07,1,0,1
B031,2024-07-31 17:00:00,1,614G2040,0.07033581919,,,1,0,0
B031,2024-07-31 17:00:00,2,61402050,0.09348869994,,306.69,1,0,1
B031,2024-07-31 18:00:00,0,614E1950,0.2408798388,,537.07,1,0,1
B031,2024-07-31 18:00:00,1,614G2040,0.0384088159,,,1,0,0
B031,2024-07-31 18:00:00,2,61402050,0.292384673,,306.68,1,0,1
B031,2024-07-31 19:00:00,0,614E1950,0.07765389508,,537.07,1,0,1
B031,2024-07-31 19:00:00,1,614G2040,0.003935310725,,,1,0,0
B031,2024-07-31 19:00:00,2,61402050,0.009148359047,,306.67,1,0,1
B031,2024-07-31 20:00:00,0,614E1950,0.02449461555,,537.06,1,0,1
B031,2024-07-31 20:00:00,1,614G2040,0.0408432196,,,1,0,0
B031,2024-07-31 20:00:00,2,61402050,0.05907652345,,306.67,1,0,1
B031,2024-07-31 21:00:00,0,614E1950,0.1417377485,,537.06,1,0,1
B031,2024-07-31 21:00:00,1,614G2040,0.2625456113,,,1,0,0
B031,2024-07-31 21:00:00,2,61402050,0.02421863381,,306.66,1,0,1
B031,2024-07-31 22:00:00,0,614E1950,0.002180906031,,537.06,1,0,1
B031,2024-07-31 22:00:00,1,614G2040,0.03002968539,,,1,0,0
B031,2024-07-31 22:00:00,2,61402050,0.09804447301,,306.66,1,0,1
B031,2024-07-31 23:00:00,0,614E1950,0.04515697358,,,1,0,0
B031,2024-07-31 23:00:00,1,614G2040,0,,,1,0,0
B031,2024-07-31 23:00:00,2,61402050,0.02704487971,,306.66,1,0,1
B031,2024-08-01 00:00:00,0,614E1950,0,,,1,0,0
B031,2024-08-01 00:00:00,1,614G2040,0.02832558603,,,1,0,0
B031,2024-08-01 00:00:00,2,61402050,0.06882435298,,306.66,1,0,1
B031,2024-08-01 01:00:00,0,614E1950,0.002180906031,,,1,0,0
B031,2024-08-01 01:00:00,1,614G2040,0.01311753703,,,1,0,0
B031,2024-08-01 01:00:00,2,61402050,0.02466434696,,306.66,1,0,1
B031,2024-08-01 02:00:00,0,614E1950,0.1073057149,,,1,0,0
B031,2024-08-01 02:00:00,1,614G2040,0,,,1,0,0
B031,2024-08-01 02:00:00,2,61402050,0,,306.66,1,0,1
B031,2024-08-01 03:00:00,0,614E1950,0,,,1,0,0
B031,2024-08-01 03:00:00,1,614G2040,0,,,1,0,0
B031,2024-08-01 03:00:00,2,61402050,0,,306.65,1,0,1
B031,2024-08-01 04:00:00,0,614E1950,0,,,1,0,0
B031,2024-08-01 04:00:00,1,614G2040,0.005167677114,,,1,0,0
B031,2024-08-01 04:00:00,2,61402050,0.03441217649,,306.65,1,0,1
B031,2024-08-01 05:00:00,0,614E1950,0,,,1,0,0
B031,2024-08-01 05:00:00,1,614G2040,0,,,1,0,0
B031,2024-08-01 05:00:00,2,61402050,0,,306.65,1,0,1
B031,2024-08-01 06:00:00,0,614E1950,0.06144779088,,,1,0,0
B031,2024-08-01 06:00:00,1,614G2040,0.003935310725,,,1,0,0
B031,2024-08-01 06:00:00,2,61402050,0,,306.66,1,0,1
B031,2024-08-01 07:00:00,0,614E1950,3.068415221,,,1,0,0
B031,2024-08-01 07:00:00,1,614G2040,3.673068168,,,1,0,0
B031,2024-08-01 07:00:00,2,61402050,13.04704741,,306.66,1,0,1
B031,2024-08-01 08:00:00,0,614E1950,0.07830415445,,537.06,1,0,1
B031,2024-08-01 08:00:00,1,614G2040,0.01810572492,,,1,0,0
B031,2024-08-01 08:00:00,2,61402050,0.00168026546,1.48,306.66,1,1,1
B031,2024-08-01 09:00:00,0,614E1950,0.01900127787,,537.05,1,0,1
B031,2024-08-01 09:00:00,1,614G2040,0.2597226254,,,1,0,0
B031,2024-08-01 09:00:00,2,61402050,0.1442612741,,306.65,1,0,1
B031,2024-08-01 10:00:00,0,614E1950,0.06362869691,,537.05,1,0,1
B031,2024-08-01 10:00:00,1,614G2040,0.02858800889,,,1,0,0
B031,2024-08-01 10:00:00,2,61402050,0.2083814008,,306.65,1,0,1
B031,2024-08-01 11:00:00,0,614E1950,0.04462741904,,537.05,1,0,1
B031,2024-08-01 11:00:00,1,614G2040,0,,,1,0,0
B031,2024-08-01 11:00:00,2,61402050,0,,306.65,1,0,1
B031,2024-08-01 12:00:00,0,614E1950,0,,537.05,1,0,1
B031,2024-08-01 12:00:00,1,614G2040,0.0078881287,,,1,0,0
B031,2024-08-01 12:00:00,2,61402050,0.08923434639,,306.64,1,0,1
B031,2024-08-01 13:00:00,0,614E1950,0,,537.05,1,0,1
B031,2024-08-01 13:00:00,1,614G2040,0.002883790284,,,1,0,0
B031,2024-08-01 13:00:00,2,61402050,0.03441217649,,306.64,1,0,1
B031,2024-08-01 14:00:00,0,614E1950,0,,537.04,1,0,1
B031,2024-08-01 14:00:00,1,614G2040,0,,,1,0,0
B031,2024-08-01 14:00:00,2,61402050,0,,306.64,1,0,1
B031,2024-08-01 15:00:00,0,614E1950,0,,537.04,1,0,1
B031,2024-08-01 15:00:00,1,614G2040,0,,,1,0,0
B031,2024-08-01 15:00:00,2,61402050,0,,306.64,1,0,1
B031,2024-08-01 16:00:00,0,614E1950,0,,537.04,1,0,1
B031,2024-08-01 16:00:00,1,614G2040,0,,,1,0,0
B031,2024-08-01 16:00:00,2,61402050,0,,306.64,1,0,1
B031,2024-08-01 17:00:00,0,614E1950,0,,537.04,1,0,1
B031,2024-08-01 17:00:00,1,614G2040,0,,,1,0,0
B031,2024-08-01 17:00:00,2,61402050,0,,306.64,1,0,1
B031,2024-08-01 18:00:00,0,614E1950,0,,537.04,1,0,1
B031,2024-08-01 18:00:00,1,614G2040,0,,,1,0,0
B031,2024-08-01 18:00:00,2,61402050,0,,306.64,1,0,1
B031,2024-08-01 19:00:00,0,614E1950,0,,537.04,1,0,1
B031,2024-08-01 19:00:00,1,614G2040,0,,,1,0,0
B031,2024-08-01 19:00:00,2,61402050,0,,306.64,1,0,1
B031,2024-08-01 20:00:00,0,614E1950,0,,537.03,1,0,1
B031,2024-08-01 20:00:00,1,614G2040,0,,,1,0,0
B031,2024-08-01 20:00:00,2,61402050,0,,306.64,1,0,1
B031,2024-08-01 21:00:00,0,614E1950,0,,537.03,1,0,1
B031,2024-08-01 21:00:00,1,614G2040,0,,,1,0,0
B031,2024-08-01 21:00:00,2,61402050,0,,306.64,1,0,1
B031,2024-08-01 22:00:00,0,614E1950,0,,537.03,1,0,1
B031,2024-08-01 22:00:00,1,614G2040,0,,,1,0,0
B031,2024-08-01 22:00:00,2,61402050,0,,306.64,1,0,1
B031,2024-08-01 23:00:00,0,614E1950,0,,537.03,1,0,1
B031,2024-08-01 23:00:00,1,614G2040,0,,,1,0,0
B031,2024-08-01 23:00:00,2,61402050,0,,306.64,1,0,1
B031,2024-08-02 00:00:00,0,614E1950,0,,537.03,1,0,1
B031,2024-08-02 00:00:00,1,614G2040,0,,,1,0,0
B031,2024-08-02 00:00:00,2,61402050,0,,306.64,1,0,1
B031,2024-08-02 01:00:00,0,614E1950,0,,537.03,1,0,1
B031,2024-08-02 01:00:00,1,614G2040,0,,,1,0,0
B031,2024-08-02 01:00:00,2,61402050,0,,306.64,1,0,1
B031,2024-08-02 02:00:00,0,614E1950,0,,537.03,1,0,1
B031,2024-08-02 02:00:00,1,614G2040,0,,,1,0,0
B031,2024-08-02 02:00:00,2,61402050,0,,306.63,1,0,1
B031,2024-08-02 03:00:00,0,614E1950,0,,537.03,1,0,1
B031,2024-08-02 03:00:00,1,614G2040,0,,,1,0,0
B031,2024-08-02 03:00:00,2,61402050,0,,306.63,1,0,1
B031,2024-08-02 04:00:00,0,614E1950,0,,537.03,1,0,1
B031,2024-08-02 04:00:00,1,614G2040,0,,,1,0,0
B031,2024-08-02 04:00:00,2,61402050,0,,306.63,1,0,1
B031,2024-08-02 05:00:00,0,614E1950,0,,537.03,1,0,1
B031,2024-08-02 05:00:00,1,614G2040,0,,,1,0,0
B031,2024-08-02 05:00:00,2,61402050,0,,306.63,1,0,1
B031,2024-08-02 06:00:00,0,614E1950,0,,537.03,1,0,1
B031,2024-08-02 06:00:00,1,614G2040,0,,,1,0,0
B031,2024-08-02 06:00:00,2,61402050,0,,306.63,1,0,1
B031,2024-08-02 07:00:00,0,614E1950,0.2055615483,,537.03,1,0,1
B031,2024-08-02 07:00:00,1,614G2040,0.2876555889,,,1,0,0
B031,2024-08-02 07:00:00,2,61402050,0.9364322046,,306.63,1,0,1
B031,2024-08-02 08:00:00,0,614E1950,0,,537.03,1,0,1
B031,2024-08-02 08:00:00,1,614G2040,0,,,1,0,0
B031,2024-08-02 08:00:00,2,61402050,0,1.15,306.63,1,1,1
B031,2024-08-02 09:00:00,0,614E1950,0,,537.02,1,0,1
B031,2024-08-02 09:00:00,1,614G2040,0,,,1,0,0
B031,2024-08-02 09:00:00,2,61402050,0,,306.63,1,0,1
B031,2024-08-02 10:00:00,0,614E1950,0,,537.02,1,0,1
B031,2024-08-02 10:00:00,1,614G2040,0,,,1,0,0
B031,2024-08-02 10:00:00,2,61402050,0,,306.63,1,0,1
B031,2024-08-02 11:00:00,0,614E1950,0.01717679341,,537.02,1,0,1
B031,2024-08-02 11:00:00,1,614G2040,0.1083377467,,,1,0,0
B031,2024-08-02 11:00:00,2,61402050,0,,306.63,1,0,1
B031,2024-08-02 12:00:00,0,614E1950,0,,537.02,1,0,1
B031,2024-08-02 12:00:00,1,614G2040,0,,,1,0,0
B031,2024-08-02 12:00:00,2,61402050,0,,306.63,1,0,1
B031,2024-08-02 13:00:00,0,614E1950,0,,537.02,1,0,1
B031,2024-08-02 13:00:00,1,614G2040,0.04511601091,,,1,0,0
B031,2024-08-02 13:00:00,2,61402050,0.01856953027,,306.63,1,0,1
B031,2024-08-02 14:00:00,0,614E1950,0.6127445255,,537.02,1,0,1
B031,2024-08-02 14:00:00,1,614G2040,0.03460548341,,,1,0,0
B031,2024-08-02 14:00:00,2,61402050,0.7101688501,,306.64,1,0,1
B031,2024-08-02 15:00:00,0,614E1950,0.4546452145,,537.01,1,0,1
B031,2024-08-02 15:00:00,1,614G2040,0.03868094367,,,1,0,0
B031,2024-08-02 15:00:00,2,61402050,0.02421863381,,306.63,1,0,1
B031,2024-08-02 16:00:00,0,614E1950,0.0162061042,,537.01,1,0,1
B031,2024-08-02 16:00:00,1,614G2040,0,,,1,0,0
B031,2024-08-02 16:00:00,2,61402050,0,,306.64,1,0,1
B031,2024-08-02 17:00:00,0,614E1950,0.02231370952,,537.01,1,0,1
B031,2024-08-02 17:00:00,1,614G2040,0,,,1,0,0
B031,2024-08-02 17:00:00,2,61402050,0,,306.63,1,0,1
B031,2024-08-02 18:00:00,0,614E1950,0,,537.01,1,0,1
B031,2024-08-02 18:00:00,1,614G2040,0,,,1,0,0
B031,2024-08-02 18:00:00,2,61402050,0,,306.63,1,0,1
B031,2024-08-02 19:00:00,0,614E1950,0,,537.01,1,0,1
B031,2024-08-02 19:00:00,1,614G2040,0,,,1,0,0
B031,2024-08-02 19:00:00,2,61402050,0,,306.63,1,0,1
B031,2024-08-02 20:00:00,0,614E1950,0,,537.01,1,0,1
B031,2024-08-02 20:00:00,1,614G2040,0,,,1,0,0
B031,2024-08-02 20:00:00,2,61402050,0,,306.63,1,0,1
B031,2024-08-02 21:00:00,0,614E1950,0,,537.01,1,0,1
B031,2024-08-02 21:00:00,1,614G2040,0,,,1,0,0
B031,2024-08-02 21:00:00,2,61402050,0,,306.63,1,0,1
B031,2024-08-02 22:00:00,0,614E1950,0,,537.01,1,0,1
B031,2024-08-02 22:00:00,1,614G2040,0,,,1,0,0
B031,2024-08-02 22:00:00,2,61402050,0,,306.63,1,0,1
B031,2024-08-02 23:00:00,0,614E1950,0,,537.01,1,0,1
B031,2024-08-02 23:00:00,1,614G2040,0,,,1,0,0
B031,2024-08-02 23:00:00,2,61402050,0,,306.63,1,0,1
B031,2024-08-03 00:00:00,0,614E1950,0,,537.01,1,0,1
B031,2024-08-03 00:00:00,1,614G2040,0,,,1,0,0
B031,2024-08-03 00:00:00,2,61402050,0,,306.63,1,0,1
B031,2024-08-03 01:00:00,0,614E1950,0,,537.01,1,0,1
B031,2024-08-03 01:00:00,1,614G2040,0,,,1,0,0
B031,2024-08-03 01:00:00,2,61402050,0,,306.63,1,0,1
B031,2024-08-03 02:00:00,0,614E1950,0,,537.01,1,0,1
B031,2024-08-03 02:00:00,1,614G2040,0,,,1,0,0
B031,2024-08-03 02:00:00,2,61402050,0,,306.63,1,0,1
B031,2024-08-03 03:00:00,0,614E1950,0,,537.01,1,0,1
B031,2024-08-03 03:00:00,1,614G2040,0,,,1,0,0
B031,2024-08-03 03:00:00,2,61402050,0,,306.63,1,0,1
B031,2024-08-03 04:00:00,0,614E1950,0,,537.01,1,0,1
B031,2024-08-03 04:00:00,1,614G2040,0,,,1,0,0
B031,2024-08-03 04:00:00,2,61402050,0,,306.63,1,0,1
B031,2024-08-03 05:00:00,0,614E1950,0,,537.01,1,0,1
B031,2024-08-03 05:00:00,1,614G2040,0,,,1,0,0
B031,2024-08-03 05:00:00,2,61402050,0,,306.63,1,0,1
B031,2024-08-03 06:00:00,0,614E1950,0,,537,1,0,1
B031,2024-08-03 06:00:00,1,614G2040,0,,,1,0,0
B031,2024-08-03 06:00:00,2,61402050,0,,306.63,1,0,1
B031,2024-08-03 07:00:00,0,614E1950,1.123086347,,537,1,0,1
B031,2024-08-03 07:00:00,1,614G2040,0.3301045971,,,1,0,0
B031,2024-08-03 07:00:00,2,61402050,0.7690687751,,306.63,1,0,1
B031,2024-08-03 08:00:00,0,614E1950,0,,537,1,0,1
B031,2024-08-03 08:00:00,1,614G2040,0,,,1,0,0
B031,2024-08-03 08:00:00,2,61402050,0,1.15,306.63,1,1,1
B031,2024-08-03 09:00:00,0,614E1950,0,,537,1,0,1
B031,2024-08-03 09:00:00,1,614G2040,0,,,1,0,0
B031,2024-08-03 09:00:00,2,61402050,0,,306.63,1,0,1
B031,2024-08-03 10:00:00,0,614E1950,0,,537,1,0,1
B031,2024-08-03 10:00:00,1,614G2040,0,,,1,0,0
B031,2024-08-03 10:00:00,2,61402050,0,,306.63,1,0,1
B031,2024-08-03 11:00:00,0,614E1950,0,,537,1,0,1
B031,2024-08-03 11:00:00,1,614G2040,0,,,1,0,0
B031,2024-08-03 11:00:00,2,61402050,0,,306.63,1,0,1
B031,2024-08-03 12:00:00,0,614E1950,0,,537,1,0,1
B031,2024-08-03 12:00:00,1,614G2040,0,,,1,0,0
B031,2024-08-03 12:00:00,2,61402050,0,,306.63,1,0,1
B031,2024-08-03 13:00:00,0,614E1950,0,,536.99,1,0,1
B031,2024-08-03 13:00:00,1,614G2040,0,,,1,0,0
B031,2024-08-03 13:00:00,2,61402050,0,,306.63,1,0,1
B031,2024-08-03 14:00:00,0,614E1950,0,,536.99,1,0,1
B031,2024-08-03 14:00:00,1,614G2040,0,,,1,0,0
B031,2024-08-03 14:00:00,2,61402050,0,,306.63,1,0,1
B031,2024-08-04 06:00:00,0,614E1950,0,,536.99,1,0,1
B031,2024-08-04 06:00:00,1,614G2040,0,,,1,0,0
B031,2024-08-04 06:00:00,2,61402050,0,,306.62,1,0,1
B031,2024-08-04 07:00:00,0,614E1950,0,,536.99,1,0,1
B031,2024-08-04 07:00:00,1,614G2040,0,,,1,0,0
B031,2024-08-04 07:00:00,2,61402050,0,,306.63,1,0,1
B031,2024-08-04 08:00:00,0,614E1950,0,,536.99,1,0,1
B031,2024-08-04 08:00:00,1,614G2040,0,,,1,0,0
B031,2024-08-04 08:00:00,2,61402050,0,1.15,306.63,1,1,1
B031,2024-08-04 09:00:00,0,614E1950,0,,536.99,1,0,1
B031,2024-08-04 09:00:00,1,614G2040,0,,,1,0,0
B031,2024-08-04 09:00:00,2,61402050,0,,306.63,1,0,1
B031,2024-08-04 10:00:00,0,614E1950,0,,536.99,1,0,1
B031,2024-08-04 10:00:00,1,614G2040,0,,,1,0,0
B031,2024-08-04 10:00:00,2,61402050,0,,306.63,1,0,1
B031,2024-08-04 11:00:00,0,614E1950,0,,536.99,1,0,1
B031,2024-08-04 11:00:00,1,614G2040,0,,,1,0,0
B031,2024-08-04 11:00:00,2,61402050,0,,306.63,1,0,1
B031,2024-08-04 12:00:00,0,614E1950,0,,536.99,1,0,1
B031,2024-08-04 12:00:00,1,614G2040,0,,,1,0,0
B031,2024-08-04 12:00:00,2,61402050,0,,306.63,1,0,1
B031,2024-08-04 13:00:00,0,614E1950,0,,536.99,1,0,1
B031,2024-08-04 13:00:00,1,614G2040,0,,,1,0,0
B031,2024-08-04 13:00:00,2,61402050,0,,306.63,1,0,1
B031,2024-08-04 14:00:00,0,614E1950,0,,536.99,1,0,1
B031,2024-08-04 14:00:00,1,614G2040,0,,,1,0,0
B031,2024-08-04 14:00:00,2,61402050,0,,306.63,1,0,1
B031,2024-08-04 15:00:00,0,614E1950,0,,536.99,1,0,1
B031,2024-08-04 15:00:00,1,614G2040,0,,,1,0,0
B031,2024-08-04 15:00:00,2,61402050,0,,306.63,1,0,1
B031,2024-08-04 16:00:00,0,614E1950,0,,536.99,1,0,1
B031,2024-08-04 16:00:00,1,614G2040,0,,,1,0,0
B031,2024-08-04 16:00:00,2,61402050,0,,306.63,1,0,1
B031,2024-08-04 17:00:00,0,614E1950,0,,536.99,1,0,1
B031,2024-08-04 17:00:00,1,614G2040,0,,,1,0,0
B031,2024-08-04 17:00:00,2,61402050,0,,306.63,1,0,1
B031,2024-08-04 18:00:00,0,614E1950,0,,536.99,1,0,1
B031,2024-08-04 18:00:00,1,614G2040,0,,,1,0,0
B031,2024-08-04 18:00:00,2,61402050,0,,306.63,1,0,1
B031,2024-08-04 19:00:00,0,614E1950,0,,536.99,1,0,1
B031,2024-08-04 19:00:00,1,614G2040,0,,,1,0,0
B031,2024-08-04 19:00:00,2,61402050,0,,306.63,1,0,1
B031,2024-08-04 20:00:00,0,614E1950,0,,536.99,1,0,1
B031,2024-08-04 20:00:00,1,614G2040,0,,,1,0,0
B031,2024-08-04 20:00:00,2,61402050,0,,306.63,1,0,1
B031,2024-08-04 21:00:00,0,614E1950,0,,536.99,1,0,1
B031,2024-08-04 21:00:00,1,614G2040,0,,,1,0,0
B031,2024-08-04 21:00:00,2,61402050,0,,306.63,1,0,1
B031,2024-08-04 22:00:00,0,614E1950,0,,536.99,1,0,1
B031,2024-08-04 22:00:00,1,614G2040,0,,,1,0,0
B031,2024-08-04 22:00:00,2,61402050,0,,306.63,1,0,1
B031,2024-08-04 23:00:00,0,614E1950,0,,536.99,1,0,1
B031,2024-08-04 23:00:00,1,614G2040,0,,,1,0,0
B031,2024-08-04 23:00:00,2,61402050,0,,306.63,1,0,1
B031,2024-08-05 00:00:00,0,614E1950,0,,536.99,1,0,1
B031,2024-08-05 00:00:00,1,614G2040,0,,,1,0,0
B031,2024-08-05 00:00:00,2,61402050,0,,306.63,1,0,1
B031,2024-08-05 01:00:00,0,614E1950,0,,536.99,1,0,1
B031,2024-08-05 01:00:00,1,614G2040,0,,,1,0,0
B031,2024-08-05 01:00:00,2,61402050,0,,306.63,1,0,1
B031,2024-08-05 02:00:00,0,614E1950,0,,536.99,1,0,1
B031,2024-08-05 02:00:00,1,614G2040,0,,,1,0,0
B031,2024-08-05 02:00:00,2,61402050,0,,306.62,1,0,1
B031,2024-08-05 03:00:00,0,614E1950,0,,536.99,1,0,1
B031,2024-08-05 03:00:00,1,614G2040,0,,,1,0,0
B031,2024-08-05 03:00:00,2,61402050,0,,306.62,1,0,1
B031,2024-08-05 04:00:00,0,614E1950,0,,536.99,1,0,1
B031,2024-08-05 04:00:00,1,614G2040,0,,,1,0,0
B031,2024-08-05 04:00:00,2,61402050,0,,306.62,1,0,1
B031,2024-08-05 05:00:00,0,614E1950,0,,536.99,1,0,1
B031,2024-08-05 05:00:00,1,614G2040,0,,,1,0,0
B031,2024-08-05 05:00:00,2,61402050,0,,306.62,1,0,1
B031,2024-08-05 06:00:00,0,614E1950,0,,536.99,1,0,1
B031,2024-08-05 06:00:00,1,614G2040,0,,,1,0,0
B031,2024-08-05 06:00:00,2,61402050,0,,306.62,1,0,1
B031,2024-08-05 07:00:00,0,614E1950,0,,536.99,1,0,1
B031,2024-08-05 07:00:00,1,614G2040,0,,,1,0,0
B031,2024-08-05 07:00:00,2,61402050,0,,306.62,1,0,1
B031,2024-08-05 08:00:00,0,614E1950,0,,536.99,1,0,1
B031,2024-08-05 08:00:00,1,614G2040,0,,,1,0,0
B031,2024-08-05 08:00:00,2,61402050,0,1.07,306.62,1,1,1
B031,2024-08-05 09:00:00,0,614E1950,0,,536.99,1,0,1
B031,2024-08-05 09:00:00,1,614G2040,0,,,1,0,0
B031,2024-08-05 09:00:00,2,61402050,0,,306.62,1,0,1
B031,2024-08-05 10:00:00,0,614E1950,0,,536.99,1,0,1
B031,2024-08-05 10:00:00,1,614G2040,0,,,1,0,0
B031,2024-08-05 10:00:00,2,61402050,0,,306.62,1,0,1
B031,2024-08-05 11:00:00,0,614E1950,0,,536.98,1,0,1
B031,2024-08-05 11:00:00,1,614G2040,0,,,1,0,0
B031,2024-08-05 11:00:00,2,61402050,0,,306.62,1,0,1
B031,2024-08-05 12:00:00,0,614E1950,0,,536.98,1,0,1
B031,2024-08-05 12:00:00,1,614G2040,0,,,1,0,0
B031,2024-08-05 12:00:00,2,61402050,0,,306.62,1,0,1
B031,2024-08-05 13:00:00,0,614E1950,0,,536.98,1,0,1
B031,2024-08-05 13:00:00,1,614G2040,0,,,1,0,0
B031,2024-08-05 13:00:00,2,61402050,0,,306.62,1,0,1
B031,2024-08-05 14:00:00,0,614E1950,0,,536.98,1,0,1
B031,2024-08-05 14:00:00,1,614G2040,0,,,1,0,0
B031,2024-08-05 14:00:00,2,61402050,0,,306.62,1,0,1
B031,2024-08-05 15:00:00,0,614E1950,0,,536.98,1,0,1
B031,2024-08-05 15:00:00,1,614G2040,0,,,1,0,0
B031,2024-08-05 15:00:00,2,61402050,0,,306.62,1,0,1
B031,2024-08-05 16:00:00,0,614E1950,0,,536.98,1,0,1
B031,2024-08-05 16:00:00,1,614G2040,0,,,1,0,0
B031,2024-08-05 16:00:00,2,61402050,0,,306.62,1,0,1
B031,2024-08-05 17:00:00,0,614E1950,0,,536.98,1,0,1
B031,2024-08-05 17:00:00,1,614G2040,0,,,1,0,0
B031,2024-08-05 17:00:00,2,61402050,0,,306.62,1,0,1
B031,2024-08-05 18:00:00,0,614E1950,0,,536.98,1,0,1
B031,2024-08-05 18:00:00,1,614G2040,0,,335.28,1,0,1
B031,2024-08-05 18:00:00,2,61402050,0,,306.63,1,0,1
B031,2024-08-05 19:00:00,0,614E1950,0,,536.98,1,0,1
B031,2024-08-05 19:00:00,1,614G2040,0,,335.27,1,0,1
B031,2024-08-05 19:00:00,2,61402050,0,,306.62,1,0,1
B031,2024-08-05 20:00:00,0,614E1950,0,,536.98,1,0,1
B031,2024-08-05 20:00:00,1,614G2040,0,,335.29,1,0,1
B031,2024-08-05 20:00:00,2,61402050,0,,306.62,1,0,1
B031,2024-08-05 21:00:00,0,614E1950,0,,536.98,1,0,1
B031,2024-08-05 21:00:00,1,614G2040,0,,,1,0,0
B031,2024-08-05 21:00:00,2,61402050,0,,,1,0,0
B031,2024-08-05 22:00:00,0,614E1950,0,,536.98,1,0,1
B031,2024-08-05 22:00:00,1,614G2040,0,,335.28,1,0,1
B031,2024-08-05 22:00:00,2,61402050,0,,306.63,1,0,1
B031,2024-08-05 23:00:00,0,614E1950,0,,536.98,1,0,1
B031,2024-08-05 23:00:00,1,614G2040,0,,335.28,1,0,1
B031,2024-08-05 23:00:00,2,61402050,0,,306.63,1,0,1
B031,2024-08-06 00:00:00,0,614E1950,0,,536.98,1,0,1
B031,2024-08-06 00:00:00,1,614G2040,0,,335.27,1,0,1
B031,2024-08-06 00:00:00,2,61402050,0,,306.63,1,0,1
B031,2024-08-06 01:00:00,0,614E1950,0,,536.98,1,0,1
B031,2024-08-06 01:00:00,1,614G2040,0,,335.27,1,0,1
B031,2024-08-06 01:00:00,2,61402050,0,,306.63,1,0,1
B031,2024-08-06 02:00:00,0,614E1950,0,,536.98,1,0,1
B031,2024-08-06 02:00:00,1,614G2040,0,,335.27,1,0,1
B031,2024-08-06 02:00:00,2,61402050,0,,306.63,1,0,1
B031,2024-08-06 03:00:00,0,614E1950,0,,536.98,1,0,1
B031,2024-08-06 03:00:00,1,614G2040,0,,335.27,1,0,1
B031,2024-08-06 03:00:00,2,61402050,0,,306.63,1,0,1
B031,2024-08-06 04:00:00,0,614E1950,0,,536.98,1,0,1
B031,2024-08-06 04:00:00,1,614G2040,0,,335.28,1,0,1
B031,2024-08-06 04:00:00,2,61402050,0,,306.63,1,0,1
B031,2024-08-06 05:00:00,0,614E1950,0,,536.98,1,0,1
B031,2024-08-06 05:00:00,1,614G2040,0,,335.28,1,0,1
B031,2024-08-06 05:00:00,2,61402050,0,,306.63,1,0,1
B031,2024-08-06 06:00:00,0,614E1950,1.913091825,,536.98,1,0,1
B031,2024-08-06 06:00:00,1,614G2040,0,,335.28,1,0,1
B031,2024-08-06 06:00:00,2,61402050,0,,306.63,1,0,1
B031,2024-08-06 07:00:00,0,614E1950,17.78135462,,536.98,1,0,1
B031,2024-08-06 07:00:00,1,614G2040,15.97850567,,335.27,1,0,1
B031,2024-08-06 07:00:00,2,61402050,8.434650237,,306.63,1,0,1
B031,2024-08-06 08:00:00,0,614E1950,23.89174411,,537.34,1,0,1
B031,2024-08-06 08:00:00,1,614G2040,24.26088321,,335.28,1,0,1
B031,2024-08-06 08:00:00,2,61402050,15.27493442,1.15,306.63,1,1,1
B031,2024-08-06 09:00:00,0,614E1950,9.961457726,,,1,0,0
B031,2024-08-06 09:00:00,1,614G2040,7.941390776,,335.28,1,0,1
B031,2024-08-06 09:00:00,2,61402050,5.141865448,,306.65,1,0,1
B031,2024-08-06 10:00:00,0,614E1950,1.096397783,,537.95,1,0,1
B031,2024-08-06 10:00:00,1,614G2040,0.8340983712,,,1,0,0
B031,2024-08-06 10:00:00,2,61402050,0.3086622746,,306.65,1,0,1
B031,2024-08-06 11:00:00,0,614E1950,0.6879804872,,537.88,1,0,1
B031,2024-08-06 11:00:00,1,614G2040,1.465250235,,335.27,1,0,1
B031,2024-08-06 11:00:00,2,61402050,1.370547911,,306.74,1,0,1
B031,2024-08-06 12:00:00,0,614E1950,0.0781090516,,537.86,1,0,1
B031,2024-08-06 12:00:00,1,614G2040,0.1342029973,,335.28,1,0,1
B031,2024-08-06 12:00:00,2,61402050,0.01856953027,,306.88,1,0,1
B031,2024-08-06 13:00:00,0,614E1950,0.02231370952,,537.8,1,0,1
B031,2024-08-06 13:00:00,1,614G2040,0,,335.29,1,0,1
B031,2024-08-06 13:00:00,2,61402050,0,,306.85,1,0,1
B031,2024-08-06 14:00:00,0,614E1950,0,,537.76,1,0,1
B031,2024-08-06 14:00:00,1,614G2040,0,,335.29,1,0,1
B031,2024-08-06 14:00:00,2,61402050,0,,306.82,1,0,1
B031,2024-08-06 15:00:00,0,614E1950,0,,537.72,1,0,1
B031,2024-08-06 15:00:00,1,614G2040,0,,335.31,1,0,1
B031,2024-08-06 15:00:00,2,61402050,0,,306.79,1,0,1
B031,2024-08-06 16:00:00,0,614E1950,0,,537.67,1,0,1
B031,2024-08-06 16:00:00,1,614G2040,0,,335.31,1,0,1
B031,2024-08-06 16:00:00,2,61402050,0,,306.77,1,0,1
B031,2024-08-06 17:00:00,0,614E1950,0.02231370952,,537.63,1,0,1
B031,2024-08-06 17:00:00,1,614G2040,0,,335.31,1,0,1
B031,2024-08-06 17:00:00,2,61402050,0,,306.76,1,0,1
B031,2024-08-06 18:00:00,0,614E1950,0,,537.57,1,0,1
B031,2024-08-06 18:00:00,1,614G2040,0,,,1,0,0
B031,2024-08-06 18:00:00,2,61402050,0,,306.75,1,0,1
B031,2024-08-06 19:00:00,0,614E1950,0,,537.52,1,0,1
B031,2024-08-06 19:00:00,1,614G2040,0,,335.3,1,0,1
B031,2024-08-06 19:00:00,2,61402050,0,,306.74,1,0,1
B031,2024-08-06 20:00:00,0,614E1950,0,,537.48,1,0,1
B031,2024-08-06 20:00:00,1,614G2040,0,,335.29,1,0,1
B031,2024-08-06 20:00:00,2,61402050,0,,306.73,1,0,1
B031,2024-08-06 21:00:00,0,614E1950,0,,537.46,1,0,1
B031,2024-08-06 21:00:00,1,614G2040,0,,335.29,1,0,1
B031,2024-08-06 21:00:00,2,61402050,0,,,1,0,0
B031,2024-08-06 22:00:00,0,614E1950,0,,537.43,1,0,1
B031,2024-08-06 22:00:00,1,614G2040,0,,,1,0,0
B031,2024-08-06 22:00:00,2,61402050,0,,306.71,1,0,1
B031,2024-08-06 23:00:00,0,614E1950,0,,537.4,1,0,1
B031,2024-08-06 23:00:00,1,614G2040,0,,335.29,1,0,1
B031,2024-08-06 23:00:00,2,61402050,0,,306.71,1,0,1
B031,2024-08-07 00:00:00,0,614E1950,0,,537.38,1,0,1
B031,2024-08-07 00:00:00,1,614G2040,0,,335.29,1,0,1
B031,2024-08-07 00:00:00,2,61402050,0,,306.7,1,0,1
B031,2024-08-07 01:00:00,0,614E1950,0,,537.36,1,0,1
B031,2024-08-07 01:00:00,1,614G2040,0,,335.3,1,0,1
B031,2024-08-07 01:00:00,2,61402050,0,,306.69,1,0,1
B031,2024-08-07 02:00:00,0,614E1950,0,,537.34,1,0,1
B031,2024-08-07 02:00:00,1,614G2040,0,,335.29,1,0,1
B031,2024-08-07 02:00:00,2,61402050,0,,306.69,1,0,1
B031,2024-08-07 03:00:00,0,614E1950,0,,537.33,1,0,1
B031,2024-08-07 03:00:00,1,614G2040,0,,335.29,1,0,1
B031,2024-08-07 03:00:00,2,61402050,0,,306.69,1,0,1
B031,2024-08-07 04:00:00,0,614E1950,0,,537.31,1,0,1
B031,2024-08-07 04:00:00,1,614G2040,0,,335.3,1,0,1
B031,2024-08-07 04:00:00,2,61402050,0,,306.69,1,0,1
B031,2024-08-07 05:00:00,0,614E1950,0,,537.3,1,0,1
B031,2024-08-07 05:00:00,1,614G2040,0,,335.3,1,0,1
B031,2024-08-07 05:00:00,2,61402050,0,,306.68,1,0,1
B031,2024-08-07 06:00:00,0,614E1950,0,,537.3,1,0,1
B031,2024-08-07 06:00:00,1,614G2040,0,,335.3,1,0,1
B031,2024-08-07 06:00:00,2,61402050,0,,306.68,1,0,1
B031,2024-08-07 07:00:00,0,614E1950,30.94383343,,537.3,1,0,1
B031,2024-08-07 07:00:00,1,614G2040,38.34716206,,335.31,1,0,1
B031,2024-08-07 07:00:00,2,61402050,22.64825324,,306.68,1,0,1
B031,2024-08-07 08:00:00,0,614E1950,0,,537.29,1,0,1
B031,2024-08-07 08:00:00,1,614G2040,0,,335.31,1,0,1
B031,2024-08-07 08:00:00,2,61402050,0,1.77,306.68,1,1,1
B031,2024-08-07 09:00:00,0,614E1950,0,,537.28,1,0,1
B031,2024-08-07 09:00:00,1,614G2040,0,,335.31,1,0,1
B031,2024-08-07 09:00:00,2,61402050,0,,306.67,1,0,1
B031,2024-08-07 10:00:00,0,614E1950,0,,537.27,1,0,1
B031,2024-08-07 10:00:00,1,614G2040,0,,335.33,1,0,1
B031,2024-08-07 10:00:00,2,61402050,0,,306.67,1,0,1
B031,2024-08-07 11:00:00,0,614E1950,0,,537.25,1,0,1
B031,2024-08-07 11:00:00,1,614G2040,0,,335.33,1,0,1
B031,2024-08-07 11:00:00,2,61402050,0,,306.67,1,0,1
B031,2024-08-07 12:00:00,0,614E1950,0,,537.24,1,0,1
B031,2024-08-07 12:00:00,1,614G2040,0,,335.34,1,0,1
B031,2024-08-07 12:00:00,2,61402050,0,,306.67,1,0,1
B031,2024-08-07 13:00:00,0,614E1950,0,,537.23,1,0,1
B031,2024-08-07 13:00:00,1,614G2040,0,,335.33,1,0,1
B031,2024-08-07 13:00:00,2,61402050,0,,306.67,1,0,1
B031,2024-08-07 14:00:00,0,614E1950,0.02231370952,,537.22,1,0,1
B031,2024-08-07 14:00:00,1,614G2040,0,,335.34,1,0,1
B031,2024-08-07 14:00:00,2,61402050,0,,306.67,1,0,1
B031,2024-08-07 15:00:00,0,614E1950,0,,537.21,1,0,1
B031,2024-08-07 15:00:00,1,614G2040,0,,335.34,1,0,1
B031,2024-08-07 15:00:00,2,61402050,0,,306.67,1,0,1
B031,2024-08-07 16:00:00,0,614E1950,0,,537.2,1,0,1
B031,2024-08-07 16:00:00,1,614G2040,0,,335.34,1,0,1
B031,2024-08-07 16:00:00,2,61402050,0,,306.66,1,0,1
B031,2024-08-07 17:00:00,0,614E1950,0,,537.2,1,0,1
B031,2024-08-07 17:00:00,1,614G2040,0,,,1,0,0
B031,2024-08-07 17:00:00,2,61402050,0,,306.66,1,0,1
B031,2024-08-07 18:00:00,0,614E1950,0,,537.19,1,0,1
B031,2024-08-07 18:00:00,1,614G2040,0,,,1,0,0
B031,2024-08-07 18:00:00,2,61402050,0,,306.66,1,0,1
B031,2024-08-07 19:00:00,0,614E1950,0,,537.19,1,0,1
B031,2024-08-07 19:00:00,1,614G2040,0,,,1,0,0
B031,2024-08-07 19:00:00,2,61402050,0,,306.66,1,0,1
B031,2024-08-07 20:00:00,0,614E1950,0,,537.18,1,0,1
B031,2024-08-07 20:00:00,1,614G2040,0,,,1,0,0
B031,2024-08-07 20:00:00,2,61402050,0,,306.66,1,0,1
B031,2024-08-07 21:00:00,0,614E1950,0,,537.17,1,0,1
B031,2024-08-07 21:00:00,1,614G2040,0,,,1,0,0
B031,2024-08-07 21:00:00,2,61402050,0,,306.66,1,0,1
B031,2024-08-07 22:00:00,0,614E1950,0,,537.17,1,0,1
B031,2024-08-07 22:00:00,1,614G2040,0,,,1,0,0
B031,2024-08-07 22:00:00,2,61402050,0,,306.66,1,0,1
B031,2024-08-07 23:00:00,0,614E1950,0,,537.17,1,0,1
B031,2024-08-07 23:00:00,1,614G2040,0,,,1,0,0
B031,2024-08-07 23:00:00,2,61402050,0,,306.66,1,0,1
B031,2024-08-08 00:00:00,0,614E1950,0,,537.16,1,0,1
B031,2024-08-08 00:00:00,1,614G2040,0,,,1,0,0
B031,2024-08-08 00:00:00,2,61402050,0,,306.66,1,0,1
B031,2024-08-08 01:00:00,0,614E1950,0,,537.15,1,0,1
B031,2024-08-08 01:00:00,1,614G2040,0,,,1,0,0
B031,2024-08-08 01:00:00,2,61402050,0,,306.66,1,0,1
B031,2024-08-08 02:00:00,0,614E1950,0,,537.15,1,0,1
B031,2024-08-08 02:00:00,1,614G2040,0,,,1,0,0
B031,2024-08-08 02:00:00,2,61402050,0,,306.66,1,0,1
B031,2024-08-08 03:00:00,0,614E1950,0,,537.15,1,0,1
B031,2024-08-08 03:00:00,1,614G2040,0,,,1,0,0
B031,2024-08-08 03:00:00,2,61402050,0,,306.66,1,0,1
B031,2024-08-08 04:00:00,0,614E1950,0,,537.15,1,0,1
B031,2024-08-08 04:00:00,1,614G2040,0,,,1,0,0
B031,2024-08-08 04:00:00,2,61402050,0,,306.65,1,0,1
B031,2024-08-08 05:00:00,0,614E1950,0,,537.14,1,0,1
B031,2024-08-08 05:00:00,1,614G2040,0,,,1,0,0
B031,2024-08-08 05:00:00,2,61402050,0,,306.66,1,0,1
B031,2024-08-08 06:00:00,0,614E1950,0,,537.14,1,0,1
B031,2024-08-08 06:00:00,1,614G2040,0,,,1,0,0
B031,2024-08-08 06:00:00,2,61402050,0,,306.66,1,0,1
B031,2024-08-08 07:00:00,0,614E1950,0.02231370952,,537.14,1,0,1
B031,2024-08-08 07:00:00,1,614G2040,0,,,1,0,0
B031,2024-08-08 07:00:00,2,61402050,0,,306.66,1,0,1
B031,2024-08-08 08:00:00,0,614E1950,0,,537.14,1,0,1
B031,2024-08-08 08:00:00,1,614G2040,0,,,1,0,0
B031,2024-08-08 08:00:00,2,61402050,0,1.48,306.66,1,1,1
B031,2024-08-08 09:00:00,0,614E1950,0,,537.14,1,0,1
B031,2024-08-08 09:00:00,1,614G2040,0,,,1,0,0
B031,2024-08-08 09:00:00,2,61402050,0,,306.66,1,0,1
B031,2024-08-08 10:00:00,0,614E1950,0,,537.13,1,0,1
B031,2024-08-08 10:00:00,1,614G2040,0,,,1,0,0
B031,2024-08-08 10:00:00,2,61402050,0,,306.65,1,0,1
B031,2024-08-08 11:00:00,0,614E1950,0,,537.12,1,0,1
B031,2024-08-08 11:00:00,1,614G2040,0,,,1,0,0
B031,2024-08-08 11:00:00,2,61402050,0,,306.65,1,0,1
B031,2024-08-08 12:00:00,0,614E1950,0,,537.12,1,0,1
B031,2024-08-08 12:00:00,1,614G2040,0,,,1,0,0
B031,2024-08-08 12:00:00,2,61402050,0,,306.65,1,0,1
B031,2024-08-08 13:00:00,0,614E1950,0,,537.12,1,0,1
B031,2024-08-08 13:00:00,1,614G2040,0,,,1,0,0
B031,2024-08-08 13:00:00,2,61402050,0,,306.65,1,0,1
B031,2024-08-08 14:00:00,0,614E1950,0,,537.12,1,0,1
B031,2024-08-08 14:00:00,1,614G2040,0,,,1,0,0
B031,2024-08-08 14:00:00,2,61402050,0,,306.65,1,0,1
B031,2024-08-08 15:00:00,0,614E1950,0,,537.12,1,0,1
B031,2024-08-08 15:00:00,1,614G2040,0,,,1,0,0
B031,2024-08-08 15:00:00,2,61402050,0,,306.65,1,0,1
B031,2024-08-08 16:00:00,0,614E1950,0,,537.11,1,0,1
B031,2024-08-08 16:00:00,1,614G2040,0,,,1,0,0
B031,2024-08-08 16:00:00,2,61402050,0,,306.65,1,0,1
B031,2024-08-08 17:00:00,0,614E1950,0,,537.11,1,0,1
B031,2024-08-08 17:00:00,1,614G2040,0,,,1,0,0
B031,2024-08-08 17:00:00,2,61402050,0,,306.65,1,0,1
B031,2024-08-08 18:00:00,0,614E1950,0,,537.1,1,0,1
B031,2024-08-08 18:00:00,1,614G2040,0,,,1,0,0
B031,2024-08-08 18:00:00,2,61402050,0,,306.65,1,0,1
B031,2024-10-14 20:00:00,0,614E1950,0,,536.95,1,0,1
B031,2024-10-14 20:00:00,1,614G2040,0,,335.48,1,0,1
B031,2024-10-14 20:00:00,2,61402050,0,,306.65,1,0,1
B031,2024-10-14 21:00:00,0,614E1950,0,,536.95,1,0,1
B031,2024-10-14 21:00:00,1,614G2040,0,,335.48,1,0,1
B031,2024-10-14 21:00:00,2,61402050,0,,306.65,1,0,1
B031,2024-10-14 22:00:00,0,614E1950,0,,536.95,1,0,1
B031,2024-10-14 22:00:00,1,614G2040,0,,335.48,1,0,1
B031,2024-10-14 22:00:00,2,61402050,0,,306.65,1,0,1
B031,2024-10-14 23:00:00,0,614E1950,0,,536.94,1,0,1
B031,2024-10-14 23:00:00,1,614G2040,0,,335.48,1,0,1
B031,2024-10-14 23:00:00,2,61402050,0,,306.65,1,0,1
B031,2024-10-15 00:00:00,0,614E1950,0,,536.94,1,0,1
B031,2024-10-15 00:00:00,1,614G2040,0,,335.48,1,0,1
B031,2024-10-15 00:00:00,2,61402050,0,,306.65,1,0,1
B031,2024-10-15 01:00:00,0,614E1950,0,,536.94,1,0,1
B031,2024-10-15 01:00:00,1,614G2040,0,,335.48,1,0,1
B031,2024-10-15 01:00:00,2,61402050,0,,306.65,1,0,1
B031,2024-10-15 02:00:00,0,614E1950,0,,536.93,1,0,1
B031,2024-10-15 02:00:00,1,614G2040,0,,335.48,1,0,1
B031,2024-10-15 02:00:00,2,61402050,0,,306.65,1,0,1
B031,2024-10-15 03:00:00,0,614E1950,0,,536.93,1,0,1
B031,2024-10-15 03:00:00,1,614G2040,0,,335.48,1,0,1
B031,2024-10-15 03:00:00,2,61402050,0,,306.65,1,0,1
B031,2024-10-15 04:00:00,0,614E1950,0,,536.92,1,0,1
B031,2024-10-15 04:00:00,1,614G2040,0,,335.48,1,0,1
B031,2024-10-15 04:00:00,2,61402050,0,,306.65,1,0,1
B031,2024-10-15 05:00:00,0,614E1950,0,,536.92,1,0,1
B031,2024-10-15 05:00:00,1,614G2040,0,,,1,0,0
B031,2024-10-15 05:00:00,2,61402050,0,,306.65,1,0,1
B031,2024-10-15 06:00:00,0,614E1950,0,,536.92,1,0,1
B031,2024-10-15 06:00:00,1,614G2040,0,,335.48,1,0,1
B031,2024-10-15 06:00:00,2,61402050,0,,306.64,1,0,1
B031,2024-10-15 07:00:00,0,614E1950,0.06128867977,,536.92,1,0,1
B031,2024-10-15 07:00:00,1,614G2040,0.02633234376,,335.48,1,0,1
B031,2024-10-15 07:00:00,2,61402050,0,,306.64,1,0,1
B031,2024-10-15 08:00:00,0,614E1950,0,,536.92,1,0,1
B031,2024-10-15 08:00:00,1,614G2040,0,,335.48,1,0,1
B031,2024-10-15 08:00:00,2,61402050,0,1.25,306.64,1,1,1
B031,2024-10-15 09:00:00,0,614E1950,0,,536.92,1,0,1
B031,2024-10-15 09:00:00,1,614G2040,0,,335.48,1,0,1
B031,2024-10-15 09:00:00,2,61402050,0,,306.64,1,0,1
B031,2024-10-15 10:00:00,0,614E1950,0,,536.92,1,0,1
B031,2024-10-15 10:00:00,1,614G2040,0,,335.48,1,0,1
B031,2024-10-15 10:00:00,2,61402050,0,,306.64,1,0,1
B031,2024-10-15 11:00:00,0,614E1950,0,,536.91,1,0,1
B031,2024-10-15 11:00:00,1,614G2040,0,,335.48,1,0,1
B031,2024-10-15 11:00:00,2,61402050,0,,306.64,1,0,1
B031,2024-10-15 12:00:00,0,614E1950,0,,536.91,1,0,1
B031,2024-10-15 12:00:00,1,614G2040,0,,335.48,1,0,1
B031,2024-10-15 12:00:00,2,61402050,0,,306.64,1,0,1
B031,2024-10-15 13:00:00,0,614E1950,0,,536.91,1,0,1
B031,2024-10-15 13:00:00,1,614G2040,0,,,1,0,0
B031,2024-10-15 13:00:00,2,61402050,0,,306.64,1,0,1
B031,2024-10-15 14:00:00,0,614E1950,0,,536.91,1,0,1
B031,2024-10-15 14:00:00,1,614G2040,0,,335.48,1,0,1
B031,2024-10-15 14:00:00,2,61402050,0,,306.64,1,0,1
B031,2024-10-15 15:00:00,0,614E1950,0,,536.91,1,0,1
B031,2024-10-15 15:00:00,1,614G2040,0,,335.48,1,0,1
B031,2024-10-15 15:00:00,2,61402050,0,,306.64,1,0,1
B031,2024-10-15 16:00:00,0,614E1950,0,,536.91,1,0,1
B031,2024-10-15 16:00:00,1,614G2040,0,,,1,0,0
B031,2024-10-15 16:00:00,2,61402050,0,,306.64,1,0,1
B031,2024-10-15 17:00:00,0,614E1950,0,,536.91,1,0,1
B031,2024-10-15 17:00:00,1,614G2040,0,,335.48,1,0,1
B031,2024-10-15 17:00:00,2,61402050,0,,306.64,1,0,1
B031,2024-10-15 18:00:00,0,614E1950,0,,536.91,1,0,1
B031,2024-10-15 18:00:00,1,614G2040,0,,335.48,1,0,1
B031,2024-10-15 18:00:00,2,61402050,0,,306.64,1,0,1
B031,2024-10-15 19:00:00,0,614E1950,0,,536.91,1,0,1
B031,2024-10-15 19:00:00,1,614G2040,0,,335.48,1,0,1
B031,2024-10-15 19:00:00,2,61402050,0,,306.64,1,0,1
B031,2024-10-15 20:00:00,0,614E1950,0,,536.91,1,0,1
B031,2024-10-15 20:00:00,1,614G2040,0,,335.48,1,0,1
B031,2024-10-15 20:00:00,2,61402050,0,,306.64,1,0,1
B031,2024-10-15 21:00:00,0,614E1950,0,,536.9,1,0,1
B031,2024-10-15 21:00:00,1,614G2040,0,,335.48,1,0,1
B031,2024-10-15 21:00:00,2,61402050,0,,306.64,1,0,1
B031,2024-10-15 22:00:00,0,614E1950,0,,536.9,1,0,1
B031,2024-10-15 22:00:00,1,614G2040,0,,335.48,1,0,1
B031,2024-10-15 22:00:00,2,61402050,0,,306.64,1,0,1
B031,2024-10-15 23:00:00,0,614E1950,0,,536.9,1,0,1
B031,2024-10-15 23:00:00,1,614G2040,0,,335.48,1,0,1
B031,2024-10-15 23:00:00,2,61402050,0,,306.64,1,0,1
B031,2024-10-16 00:00:00,0,614E1950,0,,536.9,1,0,1
B031,2024-10-16 00:00:00,1,614G2040,0,,335.48,1,0,1
B031,2024-10-16 00:00:00,2,61402050,0,,306.64,1,0,1
B031,2024-10-16 01:00:00,0,614E1950,0,,536.9,1,0,1
B031,2024-10-16 01:00:00,1,614G2040,0,,335.48,1,0,1
B031,2024-10-16 01:00:00,2,61402050,0,,306.63,1,0,1
B031,2024-10-16 02:00:00,0,614E1950,0,,536.9,1,0,1
B031,2024-10-16 02:00:00,1,614G2040,0,,,1,0,0
B031,2024-10-16 02:00:00,2,61402050,0,,306.63,1,0,1
B031,2024-10-16 03:00:00,0,614E1950,0,,536.89,1,0,1
B031,2024-10-16 03:00:00,1,614G2040,0,,335.48,1,0,1
B031,2024-10-16 03:00:00,2,61402050,0,,306.63,1,0,1
B031,2024-10-16 04:00:00,0,614E1950,0,,536.89,1,0,1
B031,2024-10-16 04:00:00,1,614G2040,0,,,1,0,0
B031,2024-10-16 04:00:00,2,61402050,0,,306.63,1,0,1
B031,2024-10-16 05:00:00,0,614E1950,0,,536.89,1,0,1
B031,2024-10-16 05:00:00,1,614G2040,0,,335.48,1,0,1
B031,2024-10-16 05:00:00,2,61402050,0,,306.63,1,0,1
B031,2024-10-16 06:00:00,0,614E1950,0,,536.89,1,0,1
B031,2024-10-16 06:00:00,1,614G2040,0,,,1,0,0
B031,2024-10-16 06:00:00,2,61402050,0,,306.63,1,0,1
B031,2024-10-16 07:00:00,0,614E1950,0,,536.88,1,0,1
B031,2024-10-16 07:00:00,1,614G2040,0,,335.48,1,0,1
B031,2024-10-16 07:00:00,2,61402050,0,,306.63,1,0,1
B031,2024-10-16 08:00:00,0,614E1950,0,,536.88,1,0,1
B031,2024-10-16 08:00:00,1,614G2040,0,,335.48,1,0,1
B031,2024-10-16 08:00:00,2,61402050,0,1.15,306.63,1,1,1
B031,2024-10-16 09:00:00,0,614E1950,0,,536.88,1,0,1
B031,2024-10-16 09:00:00,1,614G2040,0,,335.47,1,0,1
B031,2024-10-16 09:00:00,2,61402050,0,,306.63,1,0,1
B031,2024-10-16 10:00:00,0,614E1950,0.04515697358,,536.88,1,0,1
B031,2024-10-16 10:00:00,1,614G2040,0,,335.46,1,0,1
B031,2024-10-16 10:00:00,2,61402050,0.02704487971,,306.63,1,0,1
B031,2024-10-16 11:00:00,0,614E1950,0,,536.88,1,0,1
B031,2024-10-16 11:00:00,1,614G2040,0,,335.45,1,0,1
B031,2024-10-16 11:00:00,2,61402050,0,,306.62,1,0,1
B031,2024-10-16 12:00:00,0,614E1950,0,,536.88,1,0,1
B031,2024-10-16 12:00:00,1,614G2040,0,,335.45,1,0,1
B031,2024-10-16 12:00:00,2,61402050,0,,306.6,1,0,1
B031,2024-10-16 13:00:00,0,614E1950,0,,536.88,1,0,1
B031,2024-10-16 13:00:00,1,614G2040,0,,335.44,1,0,1
B031,2024-10-16 13:00:00,2,61402050,0,,306.59,1,0,1
B031,2024-10-16 14:00:00,0,614E1950,0,,536.88,1,0,1
B031,2024-10-16 14:00:00,1,614G2040,0,,335.44,1,0,1
B031,2024-10-16 14:00:00,2,61402050,0,,306.58,1,0,1
B031,2024-10-16 15:00:00,0,614E1950,0,,536.88,1,0,1
B031,2024-10-16 15:00:00,1,614G2040,0,,335.44,1,0,1
B031,2024-10-16 15:00:00,2,61402050,0,,306.58,1,0,1
B031,2024-10-16 16:00:00,0,614E1950,0,,536.87,1,0,1
B031,2024-10-16 16:00:00,1,614G2040,0,,335.43,1,0,1
B031,2024-10-16 16:00:00,2,61402050,0,,306.58,1,0,1
B031,2024-10-16 17:00:00,0,614E1950,0,,536.87,1,0,1
B031,2024-10-16 17:00:00,1,614G2040,0,,335.43,1,0,1
B031,2024-10-16 17:00:00,2,61402050,0,,306.58,1,0,1
B031,2024-10-16 18:00:00,0,614E1950,0,,536.87,1,0,1
B031,2024-10-16 18:00:00,1,614G2040,0,,335.43,1,0,1
B031,2024-10-16 18:00:00,2,61402050,0,,306.58,1,0,1
B031,2024-10-16 19:00:00,0,614E1950,0,,536.87,1,0,1
B031,2024-10-16 19:00:00,1,614G2040,0,,335.42,1,0,1
B031,2024-10-16 19:00:00,2,61402050,0,,306.58,1,0,1
B031,2024-10-16 20:00:00,0,614E1950,0,,536.87,1,0,1
B031,2024-10-16 20:00:00,1,614G2040,0,,335.42,1,0,1
B031,2024-10-16 20:00:00,2,61402050,0.01856953027,,306.58,1,0,1
B031,2024-10-16 21:00:00,0,614E1950,0.0162061042,,536.87,1,0,1
B031,2024-10-16 21:00:00,1,614G2040,0.1455168069,,335.42,1,0,1
B031,2024-10-16 21:00:00,2,61402050,0.1694309792,,306.57,1,0,1
B031,2024-10-16 22:00:00,0,614E1950,0,,536.87,1,0,1
B031,2024-10-16 22:00:00,1,614G2040,0,,335.42,1,0,1
B031,2024-10-16 22:00:00,2,61402050,0,,306.58,1,0,1
B031,2024-10-16 23:00:00,0,614E1950,0,,536.87,1,0,1
B031,2024-10-16 23:00:00,1,614G2040,0,,335.41,1,0,1
B031,2024-10-16 23:00:00,2,61402050,0,,306.58,1,0,1
B031,2024-10-17 00:00:00,0,614E1950,0.2433265825,,536.87,1,0,1
B031,2024-10-17 00:00:00,1,614G2040,0,,335.41,1,0,1
B031,2024-10-17 00:00:00,2,61402050,0.00168026546,,306.58,1,0,1
B031,2024-10-17 01:00:00,0,614E1950,1.009636849,,536.87,1,0,1
B031,2024-10-17 01:00:00,1,614G2040,0.7673221305,,335.41,1,0,1
B031,2024-10-17 01:00:00,2,61402050,0.2540490557,,306.57,1,0,1
B031,2024-10-17 02:00:00,0,614E1950,2.301460294,,536.87,1,0,1
B031,2024-10-17 02:00:00,1,614G2040,2.46678526,,335.41,1,0,1
B031,2024-10-17 02:00:00,2,61402050,1.424575048,,306.58,1,0,1
B031,2024-10-17 03:00:00,0,614E1950,3.635857348,,536.87,1,0,1
B031,2024-10-17 03:00:00,1,614G2040,3.93461781,,335.41,1,0,1
B031,2024-10-17 03:00:00,2,61402050,2.355793675,,306.58,1,0,1
B031,2024-10-17 04:00:00,0,614E1950,3.577493312,,536.91,1,0,1
B031,2024-10-17 04:00:00,1,614G2040,3.671938839,,335.41,1,0,1
B031,2024-10-17 04:00:00,2,61402050,1.869278868,,306.62,1,0,1
B031,2024-10-17 05:00:00,0,614E1950,2.828398007,,536.93,1,0,1
B031,2024-10-17 05:00:00,1,614G2040,3.227447263,,335.41,1,0,1
B031,2024-10-17 05:00:00,2,61402050,3.643688901,,306.65,1,0,1
B031,2024-10-17 06:00:00,0,614E1950,2.092905589,,536.95,1,0,1
B031,2024-10-17 06:00:00,1,614G2040,2.327961895,,335.41,1,0,1
B031,2024-10-17 06:00:00,2,61402050,1.650234808,,306.72,1,0,1
B031,2024-10-17 07:00:00,0,614E1950,0.9247341897,,536.98,1,0,1
B031,2024-10-17 07:00:00,1,614G2040,1.44548141,,335.41,1,0,1
B031,2024-10-17 07:00:00,2,61402050,2.250472982,,306.73,1,0,1
B031,2024-10-17 08:00:00,0,614E1950,0.9644798758,,536.99,1,0,1
B031,2024-10-17 08:00:00,1,614G2040,0.5628174374,,335.41,1,0,1
B031,2024-10-17 08:00:00,2,61402050,0.5802303125,2.67,306.73,1,1,1
B031,2024-10-17 09:00:00,0,614E1950,1.219340299,,537,1,0,1
B031,2024-10-17 09:00:00,1,614G2040,1.70414347,,335.42,1,0,1
B031,2024-10-17 09:00:00,2,61402050,1.146410424,,306.77,1,0,1
B031,2024-10-17 10:00:00,0,614E1950,0.2598790311,,537.07,1,0,1
B031,2024-10-17 10:00:00,1,614G2040,0.304989944,,335.41,1,0,1
B031,2024-10-17 10:00:00,2,61402050,0.443625164,,306.8,1,0,1
B031,2024-10-17 11:00:00,0,614E1950,0.7357795004,,537.07,1,0,1
B031,2024-10-17 11:00:00,1,614G2040,0.2059400524,,335.41,1,0,1
B031,2024-10-17 11:00:00,2,61402050,0.00168026546,,306.82,1,0,1
B031,2024-10-17 12:00:00,0,614E1950,0.8958577183,,537.08,1,0,1
B031,2024-10-17 12:00:00,1,614G2040,0.8960476976,,335.41,1,0,1
B031,2024-10-17 12:00:00,2,61402050,0.5650279282,,306.8,1,0,1
B031,2024-10-17 13:00:00,0,614E1950,0.4003319269,,537.08,1,0,1
B031,2024-10-17 13:00:00,1,614G2040,0.4520506299,,335.41,1,0,1
B031,2024-10-17 13:00:00,2,61402050,0.3319447476,,306.8,1,0,1
B031,2024-10-17 14:00:00,0,614E1950,0.06136307778,,537.08,1,0,1
B031,2024-10-17 14:00:00,1,614G2040,0.08615247282,,335.41,1,0,1
B031,2024-10-17 14:00:00,2,61402050,0.2056342567,,306.79,1,0,1
B031,2024-10-17 15:00:00,0,614E1950,0.200881514,,537.08,1,0,1
B031,2024-10-17 15:00:00,1,614G2040,0.07077041244,,335.41,1,0,1
B031,2024-10-17 15:00:00,2,61402050,0.00168026546,,306.78,1,0,1
B031,2024-10-17 16:00:00,0,614E1950,0,,537.08,1,0,1
B031,2024-10-17 16:00:00,1,614G2040,0,,335.41,1,0,1
B031,2024-10-17 16:00:00,2,61402050,0.05521670689,,306.76,1,0,1
B031,2024-10-17 17:00:00,0,614E1950,0,,537.07,1,0,1
B031,2024-10-17 17:00:00,1,614G2040,0,,335.41,1,0,1
B031,2024-10-17 17:00:00,2,61402050,0,,306.76,1,0,1
B031,2024-10-17 18:00:00,0,614E1950,0,,537.07,1,0,1
B031,2024-10-17 18:00:00,1,614G2040,0,,335.4,1,0,1
B031,2024-10-17 18:00:00,2,61402050,0,,306.74,1,0,1
B031,2024-10-17 19:00:00,0,614E1950,0,,537.07,1,0,1
B031,2024-10-17 19:00:00,1,614G2040,0,,335.4,1,0,1
B031,2024-10-17 19:00:00,2,61402050,0,,306.74,1,0,1
B031,2024-10-17 20:00:00,0,614E1950,0,,537.06,1,0,1
B031,2024-10-17 20:00:00,1,614G2040,0,,335.4,1,0,1
B031,2024-10-17 20:00:00,2,61402050,0,,306.73,1,0,1
B031,2024-10-17 21:00:00,0,614E1950,0,,537.06,1,0,1
B031,2024-10-17 21:00:00,1,614G2040,0,,335.4,1,0,1
B031,2024-10-17 21:00:00,2,61402050,0,,306.72,1,0,1
B031,2024-10-17 22:00:00,0,614E1950,0,,537.06,1,0,1
B031,2024-10-17 22:00:00,1,614G2040,0,,335.4,1,0,1
B031,2024-10-17 22:00:00,2,61402050,0,,306.71,1,0,1
B031,2024-10-17 23:00:00,0,614E1950,0,,537.05,1,0,1
B031,2024-10-17 23:00:00,1,614G2040,0,,335.4,1,0,1
B031,2024-10-17 23:00:00,2,61402050,0,,306.7,1,0,1
B031,2024-10-18 00:00:00,0,614E1950,0,,537.05,1,0,1
B031,2024-10-18 00:00:00,1,614G2040,0,,335.4,1,0,1
B031,2024-10-18 00:00:00,2,61402050,0,,306.69,1,0,1
B031,2024-10-18 01:00:00,0,614E1950,0,,537.04,1,0,1
B031,2024-10-18 01:00:00,1,614G2040,0,,335.4,1,0,1
B031,2024-10-18 01:00:00,2,61402050,0,,306.69,1,0,1
B031,2024-10-18 02:00:00,0,614E1950,0.04515697358,,537.04,1,0,1
B031,2024-10-18 02:00:00,1,614G2040,0,,335.4,1,0,1
B031,2024-10-18 02:00:00,2,61402050,0.07394701917,,306.68,1,0,1
B031,2024-10-18 03:00:00,0,614E1950,0,,537.03,1,0,1
B031,2024-10-18 03:00:00,1,614G2040,0,,335.4,1,0,1
B031,2024-10-18 03:00:00,2,61402050,0,,306.67,1,0,1
B031,2024-10-18 04:00:00,0,614E1950,0,,537.03,1,0,1
B031,2024-10-18 04:00:00,1,614G2040,0,,335.4,1,0,1
B031,2024-10-18 04:00:00,2,61402050,0,,306.67,1,0,1
B031,2024-10-18 05:00:00,0,614E1950,0,,537.03,1,0,1
B031,2024-10-18 05:00:00,1,614G2040,0.002120548132,,335.4,1,0,1
B031,2024-10-18 05:00:00,2,61402050,0.02040999341,,306.66,1,0,1
B031,2024-10-18 06:00:00,0,614E1950,0,,537.03,1,0,1
B031,2024-10-18 06:00:00,1,614G2040,0,,335.39,1,0,1
B031,2024-10-18 06:00:00,2,61402050,0,,306.66,1,0,1
B031,2024-10-18 07:00:00,0,614E1950,3.143276923,,537.03,1,0,1
B031,2024-10-18 07:00:00,1,614G2040,4.285032664,,335.39,1,0,1
B031,2024-10-18 07:00:00,2,61402050,3.43043111,,306.66,1,0,1
B031,2024-10-18 08:00:00,0,614E1950,0,,537.03,1,0,1
B031,2024-10-18 08:00:00,1,614G2040,0,,335.39,1,0,1
B031,2024-10-18 08:00:00,2,61402050,0,1.48,306.66,1,1,1
B031,2024-10-18 09:00:00,0,614E1950,0,,537.02,1,0,1
B031,2024-10-18 09:00:00,1,614G2040,0.1433962588,,335.39,1,0,1
B031,2024-10-18 09:00:00,2,61402050,0,,306.65,1,0,1
B031,2024-10-18 10:00:00,0,614E1950,0,,537.02,1,0,1
B031,2024-10-18 10:00:00,1,614G2040,0,,335.39,1,0,1
B031,2024-10-18 10:00:00,2,61402050,0,,306.65,1,0,1
B031,2024-10-18 11:00:00,0,614E1950,0.01717679341,,537.02,1,0,1
B031,2024-10-18 11:00:00,1,614G2040,0.01810572492,,335.39,1,0,1
B031,2024-10-18 11:00:00,2,61402050,0,,306.64,1,0,1
B031,2024-10-18 12:00:00,0,614E1950,0,,537.01,1,0,1
B031,2024-10-18 12:00:00,1,614G2040,0,,335.39,1,0,1
B031,2024-10-18 12:00:00,2,61402050,0,,306.64,1,0,1
B031,2024-10-18 13:00:00,0,614E1950,0,,537.01,1,0,1
B031,2024-10-18 13:00:00,1,614G2040,0,,335.39,1,0,1
B031,2024-10-18 13:00:00,2,61402050,0,,306.64,1,0,1
B031,2024-10-18 14:00:00,0,614E1950,0,,537.01,1,0,1
B031,2024-10-18 14:00:00,1,614G2040,0,,335.39,1,0,1
B031,2024-10-18 14:00:00,2,61402050,0,,306.63,1,0,1
B031,2024-10-18 15:00:00,0,614E1950,0,,537.01,1,0,1
B031,2024-10-18 15:00:00,1,614G2040,0,,335.39,1,0,1
B031,2024-10-18 15:00:00,2,61402050,0,,306.63,1,0,1
B031,2024-10-18 16:00:00,0,614E1950,0,,537.01,1,0,1
B031,2024-10-18 16:00:00,1,614G2040,0,,335.39,1,0,1
B031,2024-10-18 16:00:00,2,61402050,0,,306.63,1,0,1
B031,2024-10-18 17:00:00,0,614E1950,0,,537.01,1,0,1
B031,2024-10-18 17:00:00,1,614G2040,0,,335.39,1,0,1
B031,2024-10-18 17:00:00,2,61402050,0,,306.63,1,0,1
B031,2024-10-18 18:00:00,0,614E1950,0,,537,1,0,1
B031,2024-10-18 18:00:00,1,614G2040,0,,335.39,1,0,1
B031,2024-10-18 18:00:00,2,61402050,0,,306.62,1,0,1
B031,2024-10-18 19:00:00,0,614E1950,0,,537,1,0,1
B031,2024-10-18 19:00:00,1,614G2040,0,,,1,0,0
B031,2024-10-18 19:00:00,2,61402050,0,,306.62,1,0,1
B031,2024-10-18 20:00:00,0,614E1950,0,,537,1,0,1
B031,2024-10-18 20:00:00,1,614G2040,0,,335.39,1,0,1
B031,2024-10-18 20:00:00,2,61402050,0,,306.62,1,0,1
B031,2024-10-18 21:00:00,0,614E1950,0,,537,1,0,1
B031,2024-10-18 21:00:00,1,614G2040,0,,335.39,1,0,1
B031,2024-10-18 21:00:00,2,61402050,0,,306.62,1,0,1
B031,2024-10-18 22:00:00,0,614E1950,0,,537,1,0,1
B031,2024-10-18 22:00:00,1,614G2040,0,,335.39,1,0,1
B031,2024-10-18 22:00:00,2,61402050,0,,306.61,1,0,1
B031,2024-10-18 23:00:00,0,614E1950,0,,536.99,1,0,1
B031,2024-10-18 23:00:00,1,614G2040,0,,335.39,1,0,1
B031,2024-10-18 23:00:00,2,61402050,0,,306.61,1,0,1
B031,2024-10-19 00:00:00,0,614E1950,0,,536.99,1,0,1
B031,2024-10-19 00:00:00,1,614G2040,0,,335.39,1,0,1
B031,2024-10-19 00:00:00,2,61402050,0,,306.61,1,0,1
B031,2024-10-19 01:00:00,0,614E1950,0,,536.99,1,0,1
B031,2024-10-19 01:00:00,1,614G2040,0,,335.39,1,0,1
B031,2024-10-19 01:00:00,2,61402050,0,,306.61,1,0,1
B031,2024-10-19 02:00:00,0,614E1950,0,,536.99,1,0,1
B031,2024-10-19 02:00:00,1,614G2040,0,,335.39,1,0,1
B031,2024-10-19 02:00:00,2,61402050,0,,306.61,1,0,1
B031,2024-10-19 03:00:00,0,614E1950,0,,536.99,1,0,1
B031,2024-10-19 03:00:00,1,614G2040,0,,335.39,1,0,1
B031,2024-10-19 03:00:00,2,61402050,0,,306.61,1,0,1
B031,2024-10-19 04:00:00,0,614E1950,0,,536.99,1,0,1
B031,2024-10-19 04:00:00,1,614G2040,0,,335.39,1,0,1
B031,2024-10-19 04:00:00,2,61402050,0,,306.61,1,0,1
B031,2024-10-19 05:00:00,0,614E1950,0,,536.99,1,0,1
B031,2024-10-19 05:00:00,1,614G2040,0,,335.39,1,0,1
B031,2024-10-19 05:00:00,2,61402050,0,,306.61,1,0,1
B031,2024-10-19 06:00:00,0,614E1950,0,,536.99,1,0,1
B031,2024-10-19 06:00:00,1,614G2040,0,,335.39,1,0,1
B031,2024-10-19 06:00:00,2,61402050,0,,306.61,1,0,1
B031,2024-10-19 07:00:00,0,614E1950,0.01717679341,,536.99,1,0,1
B031,2024-10-19 07:00:00,1,614G2040,0.1615019837,,335.39,1,0,1
B031,2024-10-19 07:00:00,2,61402050,0,,306.61,1,0,1
B031,2024-10-19 08:00:00,0,614E1950,0,,536.99,1,0,1
B031,2024-10-19 08:00:00,1,614G2040,0,,335.39,1,0,1
B031,2024-10-19 08:00:00,2,61402050,0,0.993,306.61,1,1,1
B031,2024-10-19 09:00:00,0,614E1950,0.1073057149,,536.99,1,0,1
B031,2024-10-19 09:00:00,1,614G2040,0,,335.39,1,0,1
B031,2024-10-19 09:00:00,2,61402050,0,,306.6,1,0,1
B031,2024-10-19 10:00:00,0,614E1950,0.2468985492,,536.99,1,0,1
B031,2024-10-19 10:00:00,1,614G2040,0.2739868003,,335.39,1,0,1
B031,2024-10-19 10:00:00,2,61402050,0.01333970151,,306.6,1,0,1
B031,2024-10-19 11:00:00,0,614E1950,0.123461128,,536.99,1,0,1
B031,2024-10-19 11:00:00,1,614G2040,0.01810572492,,335.39,1,0,1
B031,2024-10-19 11:00:00,2,61402050,0.02872514517,,306.6,1,0,1
B031,2024-10-19 12:00:00,0,614E1950,0.07846547318,,536.99,1,0,1
B031,2024-10-19 12:00:00,1,614G2040,0.2761073484,,335.39,1,0,1
B031,2024-10-19 12:00:00,2,61402050,0.1429488719,,306.6,1,0,1
B031,2024-10-19 13:00:00,0,614E1950,0,,536.99,1,0,1
B031,2024-10-19 13:00:00,1,614G2040,0,,335.39,1,0,1
B031,2024-10-19 13:00:00,2,61402050,0,,306.6,1,0,1
B031,2024-10-19 14:00:00,0,614E1950,0,,536.99,1,0,1
B031,2024-10-19 14:00:00,1,614G2040,0,,335.39,1,0,1
B031,2024-10-19 14:00:00,2,61402050,0,,306.6,1,0,1
B031,2024-10-19 15:00:00,0,614E1950,0,,536.99,1,0,1
B031,2024-10-19 15:00:00,1,614G2040,0,,335.39,1,0,1
B031,2024-10-19 15:00:00,2,61402050,0,,306.6,1,0,1
B031,2024-10-19 16:00:00,0,614E1950,0,,536.99,1,0,1
B031,2024-10-19 16:00:00,1,614G2040,0,,335.39,1,0,1
B031,2024-10-19 16:00:00,2,61402050,0,,306.6,1,0,1
B031,2024-10-19 17:00:00,0,614E1950,0.1685943947,,536.99,1,0,1
B031,2024-10-19 17:00:00,1,614G2040,0.02633234376,,335.39,1,0,1
B031,2024-10-19 17:00:00,2,61402050,0,,306.6,1,0,1
B031,2025-02-28 15:00:00,0,614E1950,0,,536.84,1,0,1
B031,2025-02-28 15:00:00,1,614G2040,0,,335.34,1,0,1
B031,2025-02-28 15:00:00,2,61402050,0,,306.63,1,0,1
B031,2025-02-28 16:00:00,0,614E1950,0,,536.83,1,0,1
B031,2025-02-28 16:00:00,1,614G2040,0,,335.34,1,0,1
B031,2025-02-28 16:00:00,2,61402050,0,,306.63,1,0,1
B031,2025-02-28 17:00:00,0,614E1950,0,,,1,0,0
B031,2025-02-28 17:00:00,1,614G2040,0,,335.34,1,0,1
B031,2025-02-28 17:00:00,2,61402050,0,,,1,0,0
B031,2025-02-28 18:00:00,0,614E1950,0,,536.83,1,0,1
B031,2025-02-28 18:00:00,1,614G2040,0,,335.34,1,0,1
B031,2025-02-28 18:00:00,2,61402050,0,,306.63,1,0,1
B031,2025-02-28 19:00:00,0,614E1950,0,,536.83,1,0,1
B031,2025-02-28 19:00:00,1,614G2040,0,,335.34,1,0,1
B031,2025-02-28 19:00:00,2,61402050,0,,306.63,1,0,1
B031,2025-02-28 20:00:00,0,614E1950,0,,536.83,1,0,1
B031,2025-02-28 20:00:00,1,614G2040,0,,335.34,1,0,1
B031,2025-02-28 20:00:00,2,61402050,0,,306.63,1,0,1
B031,2025-02-28 21:00:00,0,614E1950,0,,536.83,1,0,1
B031,2025-02-28 21:00:00,1,614G2040,0,,335.34,1,0,1
B031,2025-02-28 21:00:00,2,61402050,0,,306.63,1,0,1
B031,2025-02-28 22:00:00,0,614E1950,0,,536.84,1,0,1
B031,2025-02-28 22:00:00,1,614G2040,0,,335.34,1,0,1
B031,2025-02-28 22:00:00,2,61402050,0,,306.63,1,0,1
B031,2025-02-28 23:00:00,0,614E1950,0,,536.84,1,0,1
B031,2025-02-28 23:00:00,1,614G2040,0,,335.34,1,0,1
B031,2025-02-28 23:00:00,2,61402050,0,,306.63,1,0,1
B031,2025-03-01 00:00:00,0,614E1950,0,,536.84,1,0,1
B031,2025-03-01 00:00:00,1,614G2040,0,,335.34,1,0,1
B031,2025-03-01 00:00:00,2,61402050,0,,306.63,1,0,1
B031,2025-03-01 01:00:00,0,614E1950,0,,536.84,1,0,1
B031,2025-03-01 01:00:00,1,614G2040,0,,335.34,1,0,1
B031,2025-03-01 01:00:00,2,61402050,0,,306.63,1,0,1
B031,2025-03-01 02:00:00,0,614E1950,0,,536.84,1,0,1
B031,2025-03-01 02:00:00,1,614G2040,0,,335.34,1,0,1
B031,2025-03-01 02:00:00,2,61402050,0,,306.63,1,0,1
B031,2025-03-01 03:00:00,0,614E1950,0,,536.83,1,0,1
B031,2025-03-01 03:00:00,1,614G2040,0,,335.34,1,0,1
B031,2025-03-01 03:00:00,2,61402050,0,,306.63,1,0,1
B031,2025-03-01 04:00:00,0,614E1950,0,,536.83,1,0,1
B031,2025-03-01 04:00:00,1,614G2040,0,,335.34,1,0,1
B031,2025-03-01 04:00:00,2,61402050,0,,306.63,1,0,1
B031,2025-03-01 05:00:00,0,614E1950,0,,536.83,1,0,1
B031,2025-03-01 05:00:00,1,614G2040,0,,335.34,1,0,1
B031,2025-03-01 05:00:00,2,61402050,0,,306.63,1,0,1
B031,2025-03-01 06:00:00,0,614E1950,0,,536.83,1,0,1
B031,2025-03-01 06:00:00,1,614G2040,0,,335.34,1,0,1
B031,2025-03-01 06:00:00,2,61402050,0,,306.63,1,0,1
B031,2025-03-01 07:00:00,0,614E1950,0,,536.83,1,0,1
B031,2025-03-01 07:00:00,1,614G2040,0,,335.34,1,0,1
B031,2025-03-01 07:00:00,2,61402050,0,,306.63,1,0,1
B031,2025-03-01 08:00:00,0,614E1950,0,,536.83,1,0,1
B031,2025-03-01 08:00:00,1,614G2040,0,,335.34,1,0,1
B031,2025-03-01 08:00:00,2,61402050,0,0.628,306.63,1,1,1
B031,2025-03-01 09:00:00,0,614E1950,0,,536.83,1,0,1
B031,2025-03-01 09:00:00,1,614G2040,0,,335.34,1,0,1
B031,2025-03-01 09:00:00,2,61402050,0,,306.63,1,0,1
B031,2025-03-01 10:00:00,0,614E1950,0,,536.83,1,0,1
B031,2025-03-01 10:00:00,1,614G2040,0,,335.34,1,0,1
B031,2025-03-01 10:00:00,2,61402050,0,,306.63,1,0,1
B031,2025-03-01 11:00:00,0,614E1950,0,,536.83,1,0,1
B031,2025-03-01 11:00:00,1,614G2040,0,,335.34,1,0,1
B031,2025-03-01 11:00:00,2,61402050,0,,306.63,1,0,1
B031,2025-03-01 12:00:00,0,614E1950,0,,536.83,1,0,1
B031,2025-03-01 12:00:00,1,614G2040,0,,335.34,1,0,1
B031,2025-03-01 12:00:00,2,61402050,0,,306.63,1,0,1
B031,2025-03-01 13:00:00,0,614E1950,0,,536.83,1,0,1
B031,2025-03-01 13:00:00,1,614G2040,0,,335.34,1,0,1
B031,2025-03-01 13:00:00,2,61402050,0,,306.63,1,0,1
B031,2025-03-01 14:00:00,0,614E1950,0,,536.83,1,0,1
B031,2025-03-01 14:00:00,1,614G2040,0,,335.34,1,0,1
B031,2025-03-01 14:00:00,2,61402050,0,,306.63,1,0,1
B031,2025-03-01 15:00:00,0,614E1950,0,,536.83,1,0,1
B031,2025-03-01 15:00:00,1,614G2040,0,,335.34,1,0,1
B031,2025-03-01 15:00:00,2,61402050,0,,306.63,1,0,1
B031,2025-03-01 16:00:00,0,614E1950,0,,536.83,1,0,1
B031,2025-03-01 16:00:00,1,614G2040,0,,335.34,1,0,1
B031,2025-03-01 16:00:00,2,61402050,0,,306.63,1,0,1
B031,2025-03-01 17:00:00,0,614E1950,0,,536.83,1,0,1
B031,2025-03-01 17:00:00,1,614G2040,0,,335.34,1,0,1
B031,2025-03-01 17:00:00,2,61402050,0,,306.63,1,0,1
B031,2025-03-01 18:00:00,0,614E1950,0,,536.83,1,0,1
B031,2025-03-01 18:00:00,1,614G2040,0,,335.34,1,0,1
B031,2025-03-01 18:00:00,2,61402050,0,,306.63,1,0,1
B031,2025-03-01 19:00:00,0,614E1950,0,,536.83,1,0,1
B031,2025-03-01 19:00:00,1,614G2040,0,,335.34,1,0,1
B031,2025-03-01 19:00:00,2,61402050,0,,306.63,1,0,1
B031,2025-03-01 20:00:00,0,614E1950,0,,536.83,1,0,1
B031,2025-03-01 20:00:00,1,614G2040,0,,335.34,1,0,1
B031,2025-03-01 20:00:00,2,61402050,0,,306.63,1,0,1
B031,2025-03-01 21:00:00,0,614E1950,0,,536.83,1,0,1
B031,2025-03-01 21:00:00,1,614G2040,0,,335.34,1,0,1
B031,2025-03-01 21:00:00,2,61402050,0,,306.63,1,0,1
B031,2025-03-01 22:00:00,0,614E1950,0,,536.83,1,0,1
B031,2025-03-01 22:00:00,1,614G2040,0,,335.34,1,0,1
B031,2025-03-01 22:00:00,2,61402050,0,,306.63,1,0,1
B031,2025-03-01 23:00:00,0,614E1950,0,,536.83,1,0,1
B031,2025-03-01 23:00:00,1,614G2040,0,,335.34,1,0,1
B031,2025-03-01 23:00:00,2,61402050,0,,306.63,1,0,1
B031,2025-03-02 00:00:00,0,614E1950,0,,536.83,1,0,1
B031,2025-03-02 00:00:00,1,614G2040,0,,335.34,1,0,1
B031,2025-03-02 00:00:00,2,61402050,0,,306.63,1,0,1
B031,2025-03-02 01:00:00,0,614E1950,0,,536.83,1,0,1
B031,2025-03-02 01:00:00,1,614G2040,0,,335.34,1,0,1
B031,2025-03-02 01:00:00,2,61402050,0,,306.63,1,0,1
B031,2025-03-02 02:00:00,0,614E1950,0,,536.83,1,0,1
B031,2025-03-02 02:00:00,1,614G2040,0,,335.34,1,0,1
B031,2025-03-02 02:00:00,2,61402050,0,,306.63,1,0,1
B031,2025-03-02 03:00:00,0,614E1950,0,,536.83,1,0,1
B031,2025-03-02 03:00:00,1,614G2040,0,,335.34,1,0,1
B031,2025-03-02 03:00:00,2,61402050,0,,306.63,1,0,1
B031,2025-03-02 04:00:00,0,614E1950,0,,536.83,1,0,1
B031,2025-03-02 04:00:00,1,614G2040,0,,335.34,1,0,1
B031,2025-03-02 04:00:00,2,61402050,0,,306.63,1,0,1
B031,2025-03-02 05:00:00,0,614E1950,0,,536.83,1,0,1
B031,2025-03-02 05:00:00,1,614G2040,0,,335.34,1,0,1
B031,2025-03-02 05:00:00,2,61402050,0,,306.63,1,0,1
B031,2025-03-02 06:00:00,0,614E1950,0,,536.83,1,0,1
B031,2025-03-02 06:00:00,1,614G2040,0,,335.34,1,0,1
B031,2025-03-02 06:00:00,2,61402050,0,,306.63,1,0,1
B031,2025-03-02 07:00:00,0,614E1950,0,,536.83,1,0,1
B031,2025-03-02 07:00:00,1,614G2040,0,,335.34,1,0,1
B031,2025-03-02 07:00:00,2,61402050,0,,306.63,1,0,1
B031,2025-03-02 08:00:00,0,614E1950,0,,536.83,1,0,1
B031,2025-03-02 08:00:00,1,614G2040,0,,335.34,1,0,1
B031,2025-03-02 08:00:00,2,61402050,0,0.628,306.63,1,1,1
B031,2025-03-02 09:00:00,0,614E1950,0,,536.83,1,0,1
B031,2025-03-02 09:00:00,1,614G2040,0,,335.34,1,0,1
B031,2025-03-02 09:00:00,2,61402050,0,,306.63,1,0,1
B031,2025-03-02 10:00:00,0,614E1950,0,,536.83,1,0,1
B031,2025-03-02 10:00:00,1,614G2040,0,,335.34,1,0,1
B031,2025-03-02 10:00:00,2,61402050,0,,306.63,1,0,1
B031,2025-03-02 11:00:00,0,614E1950,0,,536.83,1,0,1
B031,2025-03-02 11:00:00,1,614G2040,0,,335.34,1,0,1
B031,2025-03-02 11:00:00,2,61402050,0,,306.63,1,0,1
B031,2025-03-02 12:00:00,0,614E1950,0,,536.83,1,0,1
B031,2025-03-02 12:00:00,1,614G2040,0,,335.34,1,0,1
B031,2025-03-02 12:00:00,2,61402050,0,,306.63,1,0,1
B031,2025-03-02 13:00:00,0,614E1950,0,,536.83,1,0,1
B031,2025-03-02 13:00:00,1,614G2040,0,,335.34,1,0,1
B031,2025-03-02 13:00:00,2,61402050,0,,306.63,1,0,1
B031,2025-03-02 14:00:00,0,614E1950,0,,536.83,1,0,1
B031,2025-03-02 14:00:00,1,614G2040,0,,335.34,1,0,1
B031,2025-03-02 14:00:00,2,61402050,0,,306.63,1,0,1
B031,2025-03-02 15:00:00,0,614E1950,0.09109961073,,536.83,1,0,1
B031,2025-03-02 15:00:00,1,614G2040,0,,335.34,1,0,1
B031,2025-03-02 15:00:00,2,61402050,0,,306.63,1,0,1
B031,2025-03-02 16:00:00,0,614E1950,0.3066817298,,536.83,1,0,1
B031,2025-03-02 16:00:00,1,614G2040,0.01810572492,,335.34,1,0,1
B031,2025-03-02 16:00:00,2,61402050,0.01856953027,,306.63,1,0,1
B031,2025-03-02 17:00:00,0,614E1950,0.6039253459,,536.83,1,0,1
B031,2025-03-02 17:00:00,1,614G2040,0.4213126004,,335.34,1,0,1
B031,2025-03-02 17:00:00,2,61402050,0.3484208409,,306.63,1,0,1
B031,2025-03-02 18:00:00,0,614E1950,0,,536.83,1,0,1
B031,2025-03-02 18:00:00,1,614G2040,0,,335.34,1,0,1
B031,2025-03-02 18:00:00,2,61402050,0.09297048731,,306.63,1,0,1
B031,2025-03-02 19:00:00,0,614E1950,0,,536.83,1,0,1
B031,2025-03-02 19:00:00,1,614G2040,0,,335.34,1,0,1
B031,2025-03-02 19:00:00,2,61402050,0,,306.63,1,0,1
B031,2025-03-02 20:00:00,0,614E1950,0,,536.83,1,0,1
B031,2025-03-02 20:00:00,1,614G2040,0,,335.34,1,0,1
B031,2025-03-02 20:00:00,2,61402050,0.01856953027,,306.63,1,0,1
B031,2025-03-02 21:00:00,0,614E1950,0,,536.83,1,0,1
B031,2025-03-02 21:00:00,1,614G2040,0,,335.34,1,0,1
B031,2025-03-02 21:00:00,2,61402050,0,,306.63,1,0,1
B031,2025-03-02 22:00:00,0,614E1950,0,,536.83,1,0,1
B031,2025-03-02 22:00:00,1,614G2040,0,,335.34,1,0,1
B031,2025-03-02 22:00:00,2,61402050,0,,306.63,1,0,1
B031,2025-03-02 23:00:00,0,614E1950,0.1821992215,,536.83,1,0,1
B031,2025-03-02 23:00:00,1,614G2040,0,,335.34,1,0,1
B031,2025-03-02 23:00:00,2,61402050,0.04690213946,,306.63,1,0,1
B031,2025-03-03 00:00:00,0,614E1950,2.48119585,,536.83,1,0,1
B031,2025-03-03 00:00:00,1,614G2040,1.166881486,,335.34,1,0,1
B031,2025-03-03 00:00:00,2,61402050,0.2663507635,,306.63,1,0,1
B031,2025-03-03 01:00:00,0,614E1950,4.687552336,,536.83,1,0,1
B031,2025-03-03 01:00:00,1,614G2040,5.068018788,,335.34,1,0,1
B031,2025-03-03 01:00:00,2,61402050,2.541084239,,306.63,1,0,1
B031,2025-03-03 02:00:00,0,614E1950,3.344808231,,536.87,1,0,1
B031,2025-03-03 02:00:00,1,614G2040,3.860989389,,335.34,1,0,1
B031,2025-03-03 02:00:00,2,61402050,2.72131076,,306.65,1,0,1
B031,2025-03-03 03:00:00,0,614E1950,1.712351733,,536.91,1,0,1
B031,2025-03-03 03:00:00,1,614G2040,2.184646991,,335.34,1,0,1
B031,2025-03-03 03:00:00,2,61402050,1.445988871,,306.69,1,0,1
B031,2025-03-03 04:00:00,0,614E1950,0.2181327054,,536.92,1,0,1
B031,2025-03-03 04:00:00,1,614G2040,0.3107749193,,335.35,1,0,1
B031,2025-03-03 04:00:00,2,61402050,0.49250018,,306.7,1,0,1
B031,2025-03-03 05:00:00,0,614E1950,0.2940475922,,536.93,1,0,1
B031,2025-03-03 05:00:00,1,614G2040,0.2920925252,,335.34,1,0,1
B031,2025-03-03 05:00:00,2,61402050,0.0109988609,,306.7,1,0,1
B031,2025-03-03 06:00:00,0,614E1950,0.1675730144,,536.94,1,0,1
B031,2025-03-03 06:00:00,1,614G2040,0.2601221716,,335.35,1,0,1
B031,2025-03-03 06:00:00,2,61402050,0.1927445856,,306.69,1,0,1
B031,2025-03-03 07:00:00,0,614E1950,9.716786055,,536.95,1,0,1
B031,2025-03-03 07:00:00,1,614G2040,13.5829446,,335.35,1,0,1
B031,2025-03-03 07:00:00,2,61402050,8.189805037,,306.69,1,0,1
B031,2025-03-03 08:00:00,0,614E1950,0,,536.96,1,0,1
B031,2025-03-03 08:00:00,1,614G2040,0,,335.35,1,0,1
B031,2025-03-03 08:00:00,2,61402050,0.009148359047,1.32,306.72,1,1,1
B031,2025-03-03 09:00:00,0,614E1950,0.3184558058,,537,1,0,1
B031,2025-03-03 09:00:00,1,614G2040,0,,335.35,1,0,1
B031,2025-03-03 09:00:00,2,61402050,0.02704487971,,306.74,1,0,1
B031,2025-03-03 10:00:00,0,614E1950,0.499112895,,537.01,1,0,1
B031,2025-03-03 10:00:00,1,614G2040,0.5764433991,,335.35,1,0,1
B031,2025-03-03 10:00:00,2,61402050,0.03483562368,,306.74,1,0,1
B031,2025-03-03 11:00:00,0,614E1950,0.5670955708,,537.01,1,0,1
B031,2025-03-03 11:00:00,1,614G2040,0.4314863547,,335.35,1,0,1
B031,2025-03-03 11:00:00,2,61402050,0.3628996641,,306.74,1,0,1
B031,2025-03-03 12:00:00,0,614E1950,0.5243278648,,537.01,1,0,1
B031,2025-03-03 12:00:00,1,614G2040,0.7978955706,,335.35,1,0,1
B031,2025-03-03 12:00:00,2,61402050,0.4141904135,,306.74,1,0,1
B031,2025-03-03 13:00:00,0,614E1950,0.4318840737,,537.01,1,0,1
B031,2025-03-03 13:00:00,1,614G2040,0.4783829736,,335.35,1,0,1
B031,2025-03-03 13:00:00,2,61402050,0.3321513849,,306.73,1,0,1
B031,2025-03-03 14:00:00,0,614E1950,0,,537.01,1,0,1
B031,2025-03-03 14:00:00,1,614G2040,0,,335.35,1,0,1
B031,2025-03-03 14:00:00,2,61402050,0,,306.73,1,0,1
B031,2025-03-03 15:00:00,0,614E1950,0,,537.01,1,0,1
B031,2025-03-03 15:00:00,1,614G2040,0,,335.35,1,0,1
B031,2025-03-03 15:00:00,2,61402050,0,,306.72,1,0,1
B031,2025-03-03 16:00:00,0,614E1950,0.09467157738,,537.01,1,0,1
B031,2025-03-03 16:00:00,1,614G2040,0.04443806868,,335.35,1,0,1
B031,2025-03-03 16:00:00,2,61402050,0.01856953027,,306.72,1,0,1
B031,2025-03-03 17:00:00,0,614E1950,0,,537.01,1,0,1
B031,2025-03-03 17:00:00,1,614G2040,0.1433962588,,335.35,1,0,1
B031,2025-03-03 17:00:00,2,61402050,0,,306.72,1,0,1
B031,2025-03-03 18:00:00,0,614E1950,0,,537.01,1,0,1
B031,2025-03-03 18:00:00,1,614G2040,0,,335.35,1,0,1
B031,2025-03-03 18:00:00,2,61402050,0,,306.72,1,0,1
B031,2025-03-03 19:00:00,0,614E1950,0,,537.01,1,0,1
B031,2025-03-03 19:00:00,1,614G2040,0,,335.35,1,0,1
B031,2025-03-03 19:00:00,2,61402050,0,,306.72,1,0,1
B031,2025-03-03 20:00:00,0,614E1950,0,,537.01,1,0,1
B031,2025-03-03 20:00:00,1,614G2040,0,,335.35,1,0,1
B031,2025-03-03 20:00:00,2,61402050,0,,306.72,1,0,1
B031,2025-03-03 21:00:00,0,614E1950,0,,537.01,1,0,1
B031,2025-03-03 21:00:00,1,614G2040,0,,335.35,1,0,1
B031,2025-03-03 21:00:00,2,61402050,0,,306.72,1,0,1
B031,2025-03-03 22:00:00,0,614E1950,0,,537.01,1,0,1
B031,2025-03-03 22:00:00,1,614G2040,0,,335.35,1,0,1
B031,2025-03-03 22:00:00,2,61402050,0,,306.71,1,0,1
B031,2025-03-03 23:00:00,0,614E1950,0.06112736104,,537.01,1,0,1
B031,2025-03-03 23:00:00,1,614G2040,0,,335.35,1,0,1
B031,2025-03-03 23:00:00,2,61402050,0.00168026546,,306.71,1,0,1
B031,2025-03-04 00:00:00,0,614E1950,0,,537.01,1,0,1
B031,2025-03-04 00:00:00,1,614G2040,0,,335.35,1,0,1
B031,2025-03-04 00:00:00,2,61402050,0,,306.71,1,0,1
B031,2025-03-04 01:00:00,0,614E1950,0,,537,1,0,1
B031,2025-03-04 01:00:00,1,614G2040,0,,335.35,1,0,1
B031,2025-03-04 01:00:00,2,61402050,0,,306.71,1,0,1
B031,2025-03-04 02:00:00,0,614E1950,0,,537,1,0,1
B031,2025-03-04 02:00:00,1,614G2040,0,,335.35,1,0,1
B031,2025-03-04 02:00:00,2,61402050,0,,306.7,1,0,1
B031,2025-03-04 03:00:00,0,614E1950,0,,537,1,0,1
B031,2025-03-04 03:00:00,1,614G2040,0,,335.35,1,0,1
B031,2025-03-04 03:00:00,2,61402050,0,,306.7,1,0,1
B031,2025-03-04 04:00:00,0,614E1950,0,,537,1,0,1
B031,2025-03-04 04:00:00,1,614G2040,0,,335.35,1,0,1
B031,2025-03-04 04:00:00,2,61402050,0,,306.7,1,0,1
B031,2025-03-04 05:00:00,0,614E1950,0,,537,1,0,1
B031,2025-03-04 05:00:00,1,614G2040,0,,335.35,1,0,1
B031,2025-03-04 05:00:00,2,61402050,0,,306.7,1,0,1
B031,2025-03-04 06:00:00,0,614E1950,0,,537,1,0,1
B031,2025-03-04 06:00:00,1,614G2040,0.08827302096,,335.35,1,0,1
B031,2025-03-04 06:00:00,2,61402050,0.1534183812,,306.69,1,0,1
B031,2025-03-04 07:00:00,0,614E1950,1.630463915,,537,1,0,1
B031,2025-03-04 07:00:00,1,614G2040,1.883711173,,335.35,1,0,1
B031,2025-03-04 07:00:00,2,61402050,0.5858933383,,306.69,1,0,1
B031,2025-03-04 08:00:00,0,614E1950,0.09109961073,,537,1,0,1
B031,2025-03-04 08:00:00,1,614G2040,0.21934853,,335.35,1,0,1
B031,2025-03-04 08:00:00,2,61402050,0.1516630919,1.1,306.7,1,1,1
B031,2025-03-04 09:00:00,0,614E1950,0.2904756256,,537,1,0,1
B031,2025-03-04 09:00:00,1,614G2040,0.1063787459,,335.35,1,0,1
B031,2025-03-04 09:00:00,2,61402050,0.1065162418,,306.7,1,0,1
B031,2025-03-04 10:00:00,0,614E1950,0.443885459,,537,1,0,1
B031,2025-03-04 10:00:00,1,614G2040,0.2497750046,,335.35,1,0,1
B031,2025-03-04 10:00:00,2,61402050,0.1594788679,,306.69,1,0,1
B031,2025-03-04 11:00:00,0,614E1950,0.1082764041,,537,1,0,1
B031,2025-03-04 11:00:00,1,614G2040,0.3910507153,,335.35,1,0,1
B031,2025-03-04 11:00:00,2,61402050,0.07647053064,,306.69,1,0,1
B031,2025-03-04 12:00:00,0,614E1950,0.07830415445,,537,1,0,1
B031,2025-03-04 12:00:00,1,614G2040,0.1759432815,,335.35,1,0,1
B031,2025-03-04 12:00:00,2,61402050,0.06859274574,,306.69,1,0,1
B031,2025-03-04 13:00:00,0,614E1950,0.0486183126,,537,1,0,1
B031,2025-03-04 13:00:00,1,614G2040,0.1433962588,,335.35,1,0,1
B031,2025-03-04 13:00:00,2,61402050,0.06547166974,,306.69,1,0,1
B031,2025-03-04 14:00:00,0,614E1950,0.0162061042,,536.99,1,0,1
B031,2025-03-04 14:00:00,1,614G2040,0,,335.35,1,0,1
B031,2025-03-04 14:00:00,2,61402050,0,,306.69,1,0,1
B031,2025-03-04 15:00:00,0,614E1950,0.2611995045,,537,1,0,1
B031,2025-03-04 15:00:00,1,614G2040,0.22239329,,335.35,1,0,1
B031,2025-03-04 15:00:00,2,61402050,0.00168026546,,306.69,1,0,1
B031,2025-03-04 16:00:00,0,614E1950,0.2257848679,,536.99,1,0,1
B031,2025-03-04 16:00:00,1,614G2040,0,,335.35,1,0,1
B031,2025-03-04 16:00:00,2,61402050,0.1352243985,,306.69,1,0,1
B031,2025-03-04 17:00:00,0,614E1950,0.0162061042,,536.99,1,0,1
B031,2025-03-04 17:00:00,1,614G2040,0,,335.35,1,0,1
B031,2025-03-04 17:00:00,2,61402050,0,,306.69,1,0,1
B031,2025-03-04 18:00:00,0,614E1950,0,,536.99,1,0,1
B031,2025-03-04 18:00:00,1,614G2040,0,,335.35,1,0,1
B031,2025-03-04 18:00:00,2,61402050,0,,306.69,1,0,1
B031,2025-03-04 19:00:00,0,614E1950,0,,536.99,1,0,1
B031,2025-03-04 19:00:00,1,614G2040,0,,335.35,1,0,1
B031,2025-03-04 19:00:00,2,61402050,0,,306.69,1,0,1
B031,2025-03-04 20:00:00,0,614E1950,0,,536.99,1,0,1
B031,2025-03-04 20:00:00,1,614G2040,0,,335.35,1,0,1
B031,2025-03-04 20:00:00,2,61402050,0,,306.68,1,0,1
B031,2025-03-04 21:00:00,0,614E1950,0,,536.99,1,0,1
B031,2025-03-04 21:00:00,1,614G2040,0,,335.35,1,0,1
B031,2025-03-04 21:00:00,2,61402050,0,,306.68,1,0,1
B031,2025-03-04 22:00:00,0,614E1950,0,,536.99,1,0,1
B031,2025-03-04 22:00:00,1,614G2040,0,,335.35,1,0,1
B031,2025-03-04 22:00:00,2,61402050,0,,306.68,1,0,1
B031,2025-03-04 23:00:00,0,614E1950,0,,536.99,1,0,1
B031,2025-03-04 23:00:00,1,614G2040,0,,335.35,1,0,1
B031,2025-03-04 23:00:00,2,61402050,0,,306.68,1,0,1
B031,2025-03-05 00:00:00,0,614E1950,0,,536.98,1,0,1
B031,2025-03-05 00:00:00,1,614G2040,0,,335.34,1,0,1
B031,2025-03-05 00:00:00,2,61402050,0,,306.68,1,0,1
B031,2025-03-05 01:00:00,0,614E1950,0,,536.98,1,0,1
B031,2025-03-05 01:00:00,1,614G2040,0,,335.34,1,0,1
B031,2025-03-05 01:00:00,2,61402050,0,,306.68,1,0,1
B031,2025-03-05 02:00:00,0,614E1950,0,,536.98,1,0,1
B031,2025-03-05 02:00:00,1,614G2040,0,,335.34,1,0,1
B031,2025-03-05 02:00:00,2,61402050,0,,306.67,1,0,1
B031,2025-03-05 03:00:00,0,614E1950,0,,536.98,1,0,1
B031,2025-03-05 03:00:00,1,614G2040,0,,335.34,1,0,1
B031,2025-03-05 03:00:00,2,61402050,0,,306.67,1,0,1
B031,2025-03-05 04:00:00,0,614E1950,0.0162061042,,536.98,1,0,1
B031,2025-03-05 04:00:00,1,614G2040,0,,335.34,1,0,1
B031,2025-03-05 04:00:00,2,61402050,0,,306.67,1,0,1
B031,2025-03-05 05:00:00,0,614E1950,0.3378368412,,536.98,1,0,1
B031,2025-03-05 05:00:00,1,614G2040,0.1615019837,,335.35,1,0,1
B031,2025-03-05 05:00:00,2,61402050,0.04182074177,,306.67,1,0,1
B031,2025-03-05 06:00:00,0,614E1950,0.2351988712,,536.98,1,0,1
B031,2025-03-05 06:00:00,1,614G2040,0.3561537505,,335.35,1,0,1
B031,2025-03-05 06:00:00,2,61402050,0.1958290765,,306.67,1,0,1
B031,2025-03-05 07:00:00,0,614E1950,0.860382579,,536.98,1,0,1
B031,2025-03-05 07:00:00,1,614G2040,0.4990101338,,335.35,1,0,1
B031,2025-03-05 07:00:00,2,61402050,0.6665306315,,306.67,1,0,1
B031,2025-03-05 08:00:00,0,614E1950,0.3712197388,,536.98,1,0,1
B031,2025-03-05 08:00:00,1,614G2040,0.2678807296,,335.35,1,0,1
B031,2025-03-05 08:00:00,2,61402050,0.2322327326,0.881,306.67,1,1,1
B031,2025-03-05 09:00:00,0,614E1950,0.3712197388,,536.98,1,0,1
B031,2025-03-05 09:00:00,1,614G2040,0.6408257199,,335.35,1,0,1
B031,2025-03-05 09:00:00,2,61402050,0.1595090609,,306.67,1,0,1
B031,2025-03-05 10:00:00,0,614E1950,0.280120128,,536.98,1,0,1
B031,2025-03-05 10:00:00,1,614G2040,0.5016705574,,335.35,1,0,1
B031,2025-03-05 10:00:00,2,61402050,0.2938605145,,306.67,1,0,1
B031,2025-03-05 11:00:00,0,614E1950,0.1856098694,,536.98,1,0,1
B031,2025-03-05 11:00:00,1,614G2040,0.3359274775,,335.35,1,0,1
B031,2025-03-05 11:00:00,2,61402050,0.1285169437,,306.68,1,0,1
B031,2025-03-05 12:00:00,0,614E1950,0.5920226316,,536.98,1,0,1
B031,2025-03-05 12:00:00,1,614G2040,0.196772315,,335.35,1,0,1
B031,2025-03-05 12:00:00,2,61402050,0.4880214518,,306.68,1,0,1
B031,2025-03-05 13:00:00,0,614E1950,0.2617097819,,536.98,1,0,1
B031,2025-03-05 13:00:00,1,614G2040,0.2721218258,,335.34,1,0,1
B031,2025-03-05 13:00:00,2,61402050,0.1837026838,,306.68,1,0,1
B031,2025-03-05 14:00:00,0,614E1950,0.2639140238,,536.98,1,0,1
B031,2025-03-05 14:00:00,1,614G2040,0.2127574918,,335.35,1,0,1
B031,2025-03-05 14:00:00,2,61402050,0.1512677777,,306.68,1,0,1
B031,2025-03-05 15:00:00,0,614E1950,0.03338289761,,536.99,1,0,1
B031,2025-03-05 15:00:00,1,614G2040,0.1186994956,,335.35,1,0,1
B031,2025-03-05 15:00:00,2,61402050,0.17298303,,306.69,1,0,1
B031,2025-03-05 16:00:00,0,614E1950,0.142629991,,536.99,1,0,1
B031,2025-03-05 16:00:00,1,614G2040,0.146831292,,335.35,1,0,1
B031,2025-03-05 16:00:00,2,61402050,0.2120477275,,306.69,1,0,1
B031,2025-03-05 17:00:00,0,614E1950,0.03435358682,,536.99,1,0,1
B031,2025-03-05 17:00:00,1,614G2040,0.03833199797,,335.35,1,0,1
B031,2025-03-05 17:00:00,2,61402050,0.08626942612,,306.69,1,0,1
B031,2025-03-05 18:00:00,0,614E1950,0.03435358682,,536.99,1,0,1
B031,2025-03-05 18:00:00,1,614G2040,0.2534394317,,335.35,1,0,1
B031,2025-03-05 18:00:00,2,61402050,0.07603639162,,306.7,1,0,1
B031,2025-03-05 19:00:00,0,614E1950,0.1126577413,,536.99,1,0,1
B031,2025-03-05 19:00:00,1,614G2040,0.05643772289,,335.35,1,0,1
B031,2025-03-05 19:00:00,2,61402050,0.06815860672,,306.71,1,0,1
B031,2025-03-05 20:00:00,0,614E1950,0.03435358682,,536.99,1,0,1
B031,2025-03-05 20:00:00,1,614G2040,0.03621144984,,335.35,1,0,1
B031,2025-03-05 20:00:00,2,61402050,0.2605610034,,306.71,1,0,1
B031,2025-03-05 21:00:00,0,614E1950,0.01717679341,,537,1,0,1
B031,2025-03-05 21:00:00,1,614G2040,0.03466757087,,335.35,1,0,1
B031,2025-03-05 21:00:00,2,61402050,0.1158741546,,306.72,1,0,1
B031,2025-03-05 22:00:00,0,614E1950,0,,537,1,0,1
B031,2025-03-05 22:00:00,1,614G2040,0,,335.35,1,0,1
B031,2025-03-05 22:00:00,2,61402050,0.09380427893,,306.72,1,0,1
B031,2025-03-05 23:00:00,0,614E1950,0,,537,1,0,1
B031,2025-03-05 23:00:00,1,614G2040,0.002120548132,,335.35,1,0,1
B031,2025-03-05 23:00:00,2,61402050,0.07646049192,,306.72,1,0,1
B031,2025-03-06 00:00:00,0,614E1950,0.01717679341,,537,1,0,1
B031,2025-03-06 00:00:00,1,614G2040,0.01810572492,,335.35,1,0,1
B031,2025-03-06 00:00:00,2,61402050,0.04690213946,,306.72,1,0,1
B031,2025-03-06 01:00:00,0,614E1950,0,,537,1,0,1
B031,2025-03-06 01:00:00,1,614G2040,0.01232074968,,335.35,1,0,1
B031,2025-03-06 01:00:00,2,61402050,0.04733627848,,306.71,1,0,1
B031,2025-03-06 02:00:00,0,614E1950,0.09109961073,,537,1,0,1
B031,2025-03-06 02:00:00,1,614G2040,0.01444129781,,335.35,1,0,1
B031,2025-03-06 02:00:00,2,61402050,0.1237967704,,306.71,1,0,1
B031,2025-03-06 03:00:00,0,614E1950,0.09109961073,,537,1,0,1
B031,2025-03-06 03:00:00,1,614G2040,0.01232074968,,335.35,1,0,1
B031,2025-03-06 03:00:00,2,61402050,0.07505416781,,306.71,1,0,1
B031,2025-03-06 04:00:00,0,614E1950,0,,537,1,0,1
B031,2025-03-06 04:00:00,1,614G2040,0.08827302096,,335.35,1,0,1
B031,2025-03-06 04:00:00,2,61402050,0.07831099378,,306.71,1,0,1
B031,2025-03-06 05:00:00,0,614E1950,0,,536.99,1,0,1
B031,2025-03-06 05:00:00,1,614G2040,0.08615247282,,335.35,1,0,1
B031,2025-03-06 05:00:00,2,61402050,0.0109988609,,306.71,1,0,1
B031,2025-03-06 06:00:00,0,614E1950,0.09109961073,,536.99,1,0,1
B031,2025-03-06 06:00:00,1,614G2040,0.07595227127,,335.35,1,0,1
B031,2025-03-06 06:00:00,2,61402050,0.0870252138,,306.71,1,0,1
B031,2025-03-06 07:00:00,0,614E1950,1.932004393,,536.99,1,0,1
B031,2025-03-06 07:00:00,1,614G2040,2.16712262,,335.35,1,0,1
B031,2025-03-06 07:00:00,2,61402050,3.096396755,,306.7,1,0,1
B031,2025-03-06 08:00:00,0,614E1950,0.3806045471,,536.99,1,0,1
B031,2025-03-06 08:00:00,1,614G2040,0.3242094882,,335.35,1,0,1
B031,2025-03-06 08:00:00,2,61402050,0.1120528047,1.2,306.71,1,1,1
B031,2025-03-06 09:00:00,0,614E1950,0.4119209772,,536.99,1,0,1
B031,2025-03-06 09:00:00,1,614G2040,0.2869103104,,335.35,1,0,1
B031,2025-03-06 09:00:00,2,61402050,0.1040165618,,306.7,1,0,1
B031,2025-03-06 10:00:00,0,614E1950,0.309333861,,536.99,1,0,1
B031,2025-03-06 10:00:00,1,614G2040,0.07383172314,,335.35,1,0,1
B031,2025-03-06 10:00:00,2,61402050,0.09552735571,,306.7,1,0,1
B031,2025-03-06 11:00:00,0,614E1950,0.4317499018,,536.99,1,0,1
B031,2025-03-06 11:00:00,1,614G2040,0.45652112,,335.35,1,0,1
B031,2025-03-06 11:00:00,2,61402050,0.06543106842,,306.7,1,0,1
B031,2025-03-06 12:00:00,0,614E1950,0.3998091268,,536.99,1,0,1
B031,2025-03-06 12:00:00,1,614G2040,1.747087449,,335.35,1,0,1
B031,2025-03-06 12:00:00,2,61402050,0.07770008607,,306.69,1,0,1
B031,2025-03-06 13:00:00,0,614E1950,0.1710343534,,536.99,1,0,1
B031,2025-03-06 13:00:00,1,614G2040,0.5999173788,,335.34,1,0,1
B031,2025-03-06 13:00:00,2,61402050,0.00168026546,,306.69,1,0,1
B031,2025-03-06 14:00:00,0,614E1950,0.2613608233,,,1,0,0
B031,2025-03-06 14:00:00,1,614G2040,0.105329375,,335.35,1,0,1
B031,2025-03-06 14:00:00,2,61402050,0,,,1,0,0
B031,2025-03-06 15:00:00,0,614E1950,0,,536.99,1,0,1
B031,2025-03-06 15:00:00,1,614G2040,0,,335.35,1,0,1
B031,2025-03-06 15:00:00,2,61402050,0,,306.69,1,0,1
B031,2025-03-06 16:00:00,0,614E1950,0,,536.99,1,0,1
B031,2025-03-06 16:00:00,1,614G2040,0,,335.34,1,0,1
B031,2025-03-06 16:00:00,2,61402050,0,,306.7,1,0,1
B031,2025-03-06 17:00:00,0,614E1950,0,,536.99,1,0,1
B031,2025-03-06 17:00:00,1,614G2040,0,,335.35,1,0,1
B031,2025-03-06 17:00:00,2,61402050,0,,306.7,1,0,1
B031,2025-03-06 18:00:00,0,614E1950,0.06112736104,,536.99,1,0,1
B031,2025-03-06 18:00:00,1,614G2040,0,,335.35,1,0,1
B031,2025-03-06 18:00:00,2,61402050,0.00168026546,,306.7,1,0,1
B031,2025-03-11 05:00:00,0,614E1950,0,,536.92,1,0,1
B031,2025-03-11 05:00:00,1,614G2040,0,,335.34,1,0,1
B031,2025-03-11 05:00:00,2,61402050,0,,306.65,1,0,1
B031,2025-03-11 06:00:00,0,614E1950,0,,536.92,1,0,1
B031,2025-03-11 06:00:00,1,614G2040,0,,335.34,1,0,1
B031,2025-03-11 06:00:00,2,61402050,0,,306.65,1,0,1
B031,2025-03-11 07:00:00,0,614E1950,0,,536.92,1,0,1
B031,2025-03-11 07:00:00,1,614G2040,0,,335.34,1,0,1
B031,2025-03-11 07:00:00,2,61402050,0,,306.65,1,0,1
B031,2025-03-11 08:00:00,0,614E1950,0,,536.92,1,0,1
B031,2025-03-11 08:00:00,1,614G2040,0,,335.34,1,0,1
B031,2025-03-11 08:00:00,2,61402050,0,0.747,306.65,1,1,1
B031,2025-03-11 09:00:00,0,614E1950,0,,536.92,1,0,1
B031,2025-03-11 09:00:00,1,614G2040,0,,335.34,1,0,1
B031,2025-03-11 09:00:00,2,61402050,0,,306.65,1,0,1
B031,2025-03-11 10:00:00,0,614E1950,0,,536.92,1,0,1
B031,2025-03-11 10:00:00,1,614G2040,0,,335.34,1,0,1
B031,2025-03-11 10:00:00,2,61402050,0,,306.65,1,0,1
B031,2025-03-11 11:00:00,0,614E1950,0,,536.92,1,0,1
B031,2025-03-11 11:00:00,1,614G2040,0,,335.34,1,0,1
B031,2025-03-11 11:00:00,2,61402050,0,,306.65,1,0,1
B031,2025-03-11 12:00:00,0,614E1950,0,,536.92,1,0,1
B031,2025-03-11 12:00:00,1,614G2040,0,,335.34,1,0,1
B031,2025-03-11 12:00:00,2,61402050,0,,306.65,1,0,1
B031,2025-03-11 13:00:00,0,614E1950,0,,536.92,1,0,1
B031,2025-03-11 13:00:00,1,614G2040,0,,335.34,1,0,1
B031,2025-03-11 13:00:00,2,61402050,0,,306.65,1,0,1
B031,2025-03-11 14:00:00,0,614E1950,0,,536.92,1,0,1
B031,2025-03-11 14:00:00,1,614G2040,0,,335.34,1,0,1
B031,2025-03-11 14:00:00,2,61402050,0,,306.65,1,0,1
B031,2025-03-11 15:00:00,0,614E1950,0,,536.91,1,0,1
B031,2025-03-11 15:00:00,1,614G2040,0,,335.34,1,0,1
B031,2025-03-11 15:00:00,2,61402050,0,,306.65,1,0,1
B031,2025-03-11 16:00:00,0,614E1950,0,,536.91,1,0,1
B031,2025-03-11 16:00:00,1,614G2040,0,,335.34,1,0,1
B031,2025-03-11 16:00:00,2,61402050,0,,306.65,1,0,1
B031,2025-03-11 17:00:00,0,614E1950,0,,536.91,1,0,1
B031,2025-03-11 17:00:00,1,614G2040,0,,335.34,1,0,1
B031,2025-03-11 17:00:00,2,61402050,0,,306.65,1,0,1
B031,2025-03-11 18:00:00,0,614E1950,0.06128867977,,536.92,1,0,1
B031,2025-03-11 18:00:00,1,614G2040,0.02633234376,,335.34,1,0,1
B031,2025-03-11 18:00:00,2,61402050,0,,306.65,1,0,1
B031,2025-03-11 19:00:00,0,614E1950,0,,536.91,1,0,1
B031,2025-03-11 19:00:00,1,614G2040,0.1433962588,,335.34,1,0,1
B031,2025-03-11 19:00:00,2,61402050,0,,306.65,1,0,1
B031,2025-03-11 20:00:00,0,614E1950,0,,536.91,1,0,1
B031,2025-03-11 20:00:00,1,614G2040,0,,335.34,1,0,1
B031,2025-03-11 20:00:00,2,61402050,0,,306.65,1,0,1
B031,2025-03-11 21:00:00,0,614E1950,0,,536.91,1,0,1
B031,2025-03-11 21:00:00,1,614G2040,0,,335.34,1,0,1
B031,2025-03-11 21:00:00,2,61402050,0,,306.65,1,0,1
B031,2025-03-11 22:00:00,0,614E1950,0,,536.91,1,0,1
B031,2025-03-11 22:00:00,1,614G2040,0,,335.34,1,0,1
B031,2025-03-11 22:00:00,2,61402050,0,,306.65,1,0,1
B031,2025-03-11 23:00:00,0,614E1950,0,,536.91,1,0,1
B031,2025-03-11 23:00:00,1,614G2040,0,,335.34,1,0,1
B031,2025-03-11 23:00:00,2,61402050,0,,306.65,1,0,1
B031,2025-03-12 00:00:00,0,614E1950,0,,536.91,1,0,1
B031,2025-03-12 00:00:00,1,614G2040,0,,335.34,1,0,1
B031,2025-03-12 00:00:00,2,61402050,0,,306.65,1,0,1
B031,2025-03-12 01:00:00,0,614E1950,0,,536.91,1,0,1
B031,2025-03-12 01:00:00,1,614G2040,0,,335.34,1,0,1
B031,2025-03-12 01:00:00,2,61402050,0,,306.65,1,0,1
B031,2025-03-12 02:00:00,0,614E1950,0,,536.91,1,0,1
B031,2025-03-12 02:00:00,1,614G2040,0,,335.34,1,0,1
B031,2025-03-12 02:00:00,2,61402050,0,,306.65,1,0,1
B031,2025-03-12 03:00:00,0,614E1950,0,,536.9,1,0,1
B031,2025-03-12 03:00:00,1,614G2040,0,,335.34,1,0,1
B031,2025-03-12 03:00:00,2,61402050,0,,306.65,1,0,1
B031,2025-03-12 04:00:00,0,614E1950,0,,536.9,1,0,1
B031,2025-03-12 04:00:00,1,614G2040,0,,335.34,1,0,1
B031,2025-03-12 04:00:00,2,61402050,0.01923010542,,306.65,1,0,1
B031,2025-03-12 05:00:00,0,614E1950,0,,536.9,1,0,1
B031,2025-03-12 05:00:00,1,614G2040,0,,335.34,1,0,1
B031,2025-03-12 05:00:00,2,61402050,0,,306.65,1,0,1
B031,2025-03-12 06:00:00,0,614E1950,0,,536.9,1,0,1
B031,2025-03-12 06:00:00,1,614G2040,0,,335.34,1,0,1
B031,2025-03-12 06:00:00,2,61402050,0,,306.65,1,0,1
B031,2025-03-12 07:00:00,0,614E1950,0.06128867977,,536.9,1,0,1
B031,2025-03-12 07:00:00,1,614G2040,0.1697286025,,335.34,1,0,1
B031,2025-03-12 07:00:00,2,61402050,0.06943512063,,306.65,1,0,1
B031,2025-03-12 08:00:00,0,614E1950,0.1224160408,,536.9,1,0,1
B031,2025-03-12 08:00:00,1,614G2040,0.02633234376,,335.34,1,0,1
B031,2025-03-12 08:00:00,2,61402050,0.03005872993,0.747,306.65,1,1,1
B031,2025-03-12 09:00:00,0,614E1950,0.09451025865,,536.9,1,0,1
B031,2025-03-12 09:00:00,1,614G2040,0.2374542549,,335.34,1,0,1
B031,2025-03-12 09:00:00,2,61402050,0.05188508618,,306.65,1,0,1
B031,2025-03-12 10:00:00,0,614E1950,0,,536.9,1,0,1
B031,2025-03-12 10:00:00,1,614G2040,0.01232074968,,335.34,1,0,1
B031,2025-03-12 10:00:00,2,61402050,0.0004341390214,,306.65,1,0,1
B031,2025-03-12 11:00:00,0,614E1950,0,,536.9,1,0,1
B031,2025-03-12 11:00:00,1,614G2040,0,,335.34,1,0,1
B031,2025-03-12 11:00:00,2,61402050,0,,306.65,1,0,1
B031,2025-03-12 12:00:00,0,614E1950,0,,536.9,1,0,1
B031,2025-03-12 12:00:00,1,614G2040,0,,335.34,1,0,1
B031,2025-03-12 12:00:00,2,61402050,0,,306.65,1,0,1
B031,2025-03-12 13:00:00,0,614E1950,0,,536.9,1,0,1
B031,2025-03-12 13:00:00,1,614G2040,0,,335.34,1,0,1
B031,2025-03-12 13:00:00,2,61402050,0,,306.65,1,0,1
B031,2025-03-12 14:00:00,0,614E1950,0,,536.9,1,0,1
B031,2025-03-12 14:00:00,1,614G2040,0,,335.34,1,0,1
B031,2025-03-12 14:00:00,2,61402050,0,,306.65,1,0,1
B031,2025-03-12 15:00:00,0,614E1950,0,,536.9,1,0,1
B031,2025-03-12 15:00:00,1,614G2040,0,,335.34,1,0,1
B031,2025-03-12 15:00:00,2,61402050,0,,306.65,1,0,1
B031,2025-03-12 16:00:00,0,614E1950,0,,536.9,1,0,1
B031,2025-03-12 16:00:00,1,614G2040,0,,335.34,1,0,1
B031,2025-03-12 16:00:00,2,61402050,0,,306.65,1,0,1
B031,2025-03-12 17:00:00,0,614E1950,0,,536.9,1,0,1
B031,2025-03-12 17:00:00,1,614G2040,0,,335.34,1,0,1
B031,2025-03-12 17:00:00,2,61402050,0,,306.65,1,0,1
B031,2025-03-12 18:00:00,0,614E1950,0,,536.9,1,0,1
B031,2025-03-12 18:00:00,1,614G2040,0,,335.34,1,0,1
B031,2025-03-12 18:00:00,2,61402050,0,,306.65,1,0,1
B031,2025-03-12 19:00:00,0,614E1950,0,,536.9,1,0,1
B031,2025-03-12 19:00:00,1,614G2040,0,,335.34,1,0,1
B031,2025-03-12 19:00:00,2,61402050,0,,306.65,1,0,1
B031,2025-03-12 20:00:00,0,614E1950,0,,536.9,1,0,1
B031,2025-03-12 20:00:00,1,614G2040,0,,335.34,1,0,1
B031,2025-03-12 20:00:00,2,61402050,0,,306.65,1,0,1
B031,2025-03-12 21:00:00,0,614E1950,0,,536.9,1,0,1
B031,2025-03-12 21:00:00,1,614G2040,0,,335.34,1,0,1
B031,2025-03-12 21:00:00,2,61402050,0,,306.65,1,0,1
B031,2025-03-12 22:00:00,0,614E1950,0,,536.9,1,0,1
B031,2025-03-12 22:00:00,1,614G2040,0,,335.34,1,0,1
B031,2025-03-12 22:00:00,2,61402050,0,,306.65,1,0,1
B031,2025-03-12 23:00:00,0,614E1950,0,,536.9,1,0,1
B031,2025-03-12 23:00:00,1,614G2040,0,,335.34,1,0,1
B031,2025-03-12 23:00:00,2,61402050,0,,306.65,1,0,1
B031,2025-03-13 00:00:00,0,614E1950,0,,536.9,1,0,1
B031,2025-03-13 00:00:00,1,614G2040,0,,335.34,1,0,1
B031,2025-03-13 00:00:00,2,61402050,0,,306.65,1,0,1
B031,2025-03-13 01:00:00,0,614E1950,0,,536.9,1,0,1
B031,2025-03-13 01:00:00,1,614G2040,0,,335.34,1,0,1
B031,2025-03-13 01:00:00,2,61402050,0,,306.64,1,0,1
B031,2025-03-13 02:00:00,0,614E1950,0,,536.9,1,0,1
B031,2025-03-13 02:00:00,1,614G2040,0,,335.34,1,0,1
B031,2025-03-13 02:00:00,2,61402050,0,,306.64,1,0,1
B031,2025-03-13 03:00:00,0,614E1950,0,,536.89,1,0,1
B031,2025-03-13 03:00:00,1,614G2040,0,,335.34,1,0,1
B031,2025-03-13 03:00:00,2,61402050,0,,306.64,1,0,1
B031,2025-03-13 04:00:00,0,614E1950,0,,536.89,1,0,1
B031,2025-03-13 04:00:00,1,614G2040,0,,335.34,1,0,1
B031,2025-03-13 04:00:00,2,61402050,0,,306.64,1,0,1
B031,2025-03-13 05:00:00,0,614E1950,0.1821992215,,536.89,1,0,1
B031,2025-03-13 05:00:00,1,614G2040,0,,335.34,1,0,1
B031,2025-03-13 05:00:00,2,61402050,0,,306.64,1,0,1
B031,2025-03-13 06:00:00,0,614E1950,0.2972969214,,536.89,1,0,1
B031,2025-03-13 06:00:00,1,614G2040,0.6321693973,,335.34,1,0,1
B031,2025-03-13 06:00:00,2,61402050,0.04278669277,,306.64,1,0,1
B031,2025-03-13 07:00:00,0,614E1950,0.3715932299,,536.9,1,0,1
B031,2025-03-13 07:00:00,1,614G2040,0.4424531888,,335.34,1,0,1
B031,2025-03-13 07:00:00,2,61402050,0.3409198077,,306.64,1,0,1
B031,2025-03-13 08:00:00,0,614E1950,0,,536.9,1,0,1
B031,2025-03-13 08:00:00,1,614G2040,0.1433962588,,335.34,1,0,1
B031,2025-03-13 08:00:00,2,61402050,0.0006605751495,0.747,306.65,1,1,1
B031,2025-03-13 09:00:00,0,614E1950,0.09109961073,,536.9,1,0,1
B031,2025-03-13 09:00:00,1,614G2040,0,,335.34,1,0,1
B031,2025-03-13 09:00:00,2,61402050,0.04690213946,,306.65,1,0,1
B031,2025-03-13 10:00:00,0,614E1950,0,,536.89,1,0,1
B031,2025-03-13 10:00:00,1,614G2040,0,,335.34,1,0,1
B031,2025-03-13 10:00:00,2,61402050,0.0006605751495,,306.65,1,0,1
B031,2025-03-13 11:00:00,0,614E1950,0,,536.89,1,0,1
B031,2025-03-13 11:00:00,1,614G2040,0,,335.34,1,0,1
B031,2025-03-13 11:00:00,2,61402050,0.0006605751495,,306.65,1,0,1
B031,2025-03-13 12:00:00,0,614E1950,0,,536.89,1,0,1
B031,2025-03-13 12:00:00,1,614G2040,0,,335.34,1,0,1
B031,2025-03-13 12:00:00,2,61402050,0,,306.65,1,0,1
B031,2025-03-13 13:00:00,0,614E1950,0,,536.89,1,0,1
B031,2025-03-13 13:00:00,1,614G2040,0,,335.34,1,0,1
B031,2025-03-13 13:00:00,2,61402050,0,,306.64,1,0,1
B031,2025-03-13 14:00:00,0,614E1950,0,,536.89,1,0,1
B031,2025-03-13 14:00:00,1,614G2040,0,,335.34,1,0,1
B031,2025-03-13 14:00:00,2,61402050,0,,306.64,1,0,1
B031,2025-03-13 15:00:00,0,614E1950,0,,536.89,1,0,1
B031,2025-03-13 15:00:00,1,614G2040,0,,335.34,1,0,1
B031,2025-03-13 15:00:00,2,61402050,0,,306.64,1,0,1
B031,2025-03-13 16:00:00,0,614E1950,0.2732988322,,536.89,1,0,1
B031,2025-03-13 16:00:00,1,614G2040,0,,335.34,1,0,1
B031,2025-03-13 16:00:00,2,61402050,0,,306.64,1,0,1
B031,2025-03-13 17:00:00,0,614E1950,0.8001561907,,536.89,1,0,1
B031,2025-03-13 17:00:00,1,614G2040,1.136189897,,335.34,1,0,1
B031,2025-03-13 17:00:00,2,61402050,0.08415702272,,306.64,1,0,1
B031,2025-03-13 18:00:00,0,614E1950,0.7045370649,,536.89,1,0,1
B031,2025-03-13 18:00:00,1,614G2040,1.483359669,,335.34,1,0,1
B031,2025-03-13 18:00:00,2,61402050,1.08330248,,306.65,1,0,1
B031,2025-03-13 19:00:00,0,614E1950,0.1522269718,,536.9,1,0,1
B031,2025-03-13 19:00:00,1,614G2040,0.2461105775,,335.34,1,0,1
B031,2025-03-13 19:00:00,2,61402050,0.175282204,,306.66,1,0,1
B031,2025-03-13 20:00:00,0,614E1950,0.2459278599,,536.9,1,0,1
B031,2025-03-13 20:00:00,1,614G2040,0.02633234376,,335.34,1,0,1
B031,2025-03-13 20:00:00,2,61402050,0.02091037088,,306.66,1,0,1
B031,2025-03-13 21:00:00,0,614E1950,0.07830415445,,536.9,1,0,1
B031,2025-03-13 21:00:00,1,614G2040,0.1615019837,,335.34,1,0,1
B031,2025-03-13 21:00:00,2,61402050,0.1415987475,,306.66,1,0,1
B031,2025-03-13 22:00:00,0,614E1950,0,,536.9,1,0,1
B031,2025-03-13 22:00:00,1,614G2040,0,,335.34,1,0,1
B031,2025-03-13 22:00:00,2,61402050,0.0006605751495,,306.66,1,0,1
B031,2025-03-13 23:00:00,0,614E1950,0,,536.9,1,0,1
B031,2025-03-13 23:00:00,1,614G2040,0.002120548132,,335.34,1,0,1
B031,2025-03-13 23:00:00,2,61402050,0.06797270803,,306.66,1,0,1
B031,2025-03-14 00:00:00,0,614E1950,0,,536.89,1,0,1
B031,2025-03-14 00:00:00,1,614G2040,0,,335.34,1,0,1
B031,2025-03-14 00:00:00,2,61402050,0,,306.65,1,0,1
B031,2025-03-14 01:00:00,0,614E1950,0.09109961073,,536.89,1,0,1
B031,2025-03-14 01:00:00,1,614G2040,0,,335.34,1,0,1
B031,2025-03-14 01:00:00,2,61402050,0.0006605751495,,306.65,1,0,1
B031,2025-03-14 02:00:00,0,614E1950,0.5362421668,,536.89,1,0,1
B031,2025-03-14 02:00:00,1,614G2040,0.4648824384,,335.34,1,0,1
B031,2025-03-14 02:00:00,2,61402050,0.09958999777,,306.65,1,0,1
B031,2025-03-14 03:00:00,0,614E1950,2.442588226,,536.89,1,0,1
B031,2025-03-14 03:00:00,1,614G2040,0.9867796248,,335.34,1,0,1
B031,2025-03-14 03:00:00,2,61402050,0.214501029,,306.65,1,0,1
B031,2025-03-14 04:00:00,0,614E1950,3.420233628,,536.9,1,0,1
B031,2025-03-14 04:00:00,1,614G2040,5.017231341,,335.34,1,0,1
B031,2025-03-14 04:00:00,2,61402050,1.481854991,,306.66,1,0,1
B031,2025-03-14 05:00:00,0,614E1950,1.424033449,,536.93,1,0,1
B031,2025-03-14 05:00:00,1,614G2040,2.0303756,,335.34,1,0,1
B031,2025-03-14 05:00:00,2,61402050,0.9377634882,,306.67,1,0,1
B031,2025-03-14 06:00:00,0,614E1950,0.7788333734,,536.95,1,0,1
B031,2025-03-14 06:00:00,1,614G2040,1.150896309,,335.34,1,0,1
B031,2025-03-14 06:00:00,2,61402050,0.2792179366,,306.72,1,0,1
B031,2025-03-14 07:00:00,0,614E1950,1.168248672,,536.95,1,0,1
B031,2025-03-14 07:00:00,1,614G2040,2.448754686,,335.34,1,0,1
B031,2025-03-14 07:00:00,2,61402050,1.294181373,,306.7,1,0,1
B031,2025-03-14 08:00:00,0,614E1950,0.8585921732,,536.98,1,0,1
B031,2025-03-14 08:00:00,1,614G2040,1.395581156,,335.35,1,0,1
B031,2025-03-14 08:00:00,2,61402050,0.3500033837,1.32,306.72,1,1,1
B031,2025-03-14 09:00:00,0,614E1950,1.54499638,,537.06,1,0,1
B031,2025-03-14 09:00:00,1,614G2040,2.722758393,,335.35,1,0,1
B031,2025-03-14 09:00:00,2,61402050,0.8132144903,,306.74,1,0,1
B031,2025-03-14 10:00:00,0,614E1950,0.2676473092,,537.11,1,0,1
B031,2025-03-14 10:00:00,1,614G2040,0.9212658661,,335.35,1,0,1
B031,2025-03-14 10:00:00,2,61402050,0.6855843604,,306.79,1,0,1
B031,2025-03-14 11:00:00,0,614E1950,0.5147218012,,537.14,1,0,1
B031,2025-03-14 11:00:00,1,614G2040,0.7982335727,,335.35,1,0,1
B031,2025-03-14 11:00:00,2,61402050,0.2188450665,,306.86,1,0,1
B031,2025-03-14 12:00:00,0,614E1950,0.6352180691,,537.19,1,0,1
B031,2025-03-14 12:00:00,1,614G2040,0.948092718,,335.35,1,0,1
B031,2025-03-14 12:00:00,2,61402050,0.1644458337,,306.9,1,0,1
B031,2025-03-14 13:00:00,0,614E1950,0,,537.2,1,0,1
B031,2025-03-14 13:00:00,1,614G2040,0,,335.35,1,0,1
B031,2025-03-14 13:00:00,2,61402050,0.2351712725,,306.93,1,0,1
B031,2025-03-14 14:00:00,0,614E1950,0,,537.22,1,0,1
B031,2025-03-14 14:00:00,1,614G2040,0.01444129781,,335.36,1,0,1
B031,2025-03-14 14:00:00,2,61402050,0.02084413243,,306.93,1,0,1
B031,2025-03-14 15:00:00,0,614E1950,0.1354709207,,,1,0,0
B031,2025-03-14 15:00:00,1,614G2040,0.07383172314,,335.36,1,0,1
B031,2025-03-14 15:00:00,2,61402050,0.0930205113,,,1,0,0
B031,2025-03-14 16:00:00,0,614E1950,0,,537.22,1,0,1
B031,2025-03-14 16:00:00,1,614G2040,0,,335.36,1,0,1
B031,2025-03-14 16:00:00,2,61402050,0.001321150299,,306.91,1,0,1
B031,2025-03-14 17:00:00,0,614E1950,0,,537.21,1,0,1
B031,2025-03-14 17:00:00,1,614G2040,0,,335.36,1,0,1
B031,2025-03-14 17:00:00,2,61402050,0.0006605751495,,306.9,1,0,1
B031,2025-03-14 18:00:00,0,614E1950,0,,537.2,1,0,1
B031,2025-03-14 18:00:00,1,614G2040,0,,335.36,1,0,1
B031,2025-03-14 18:00:00,2,61402050,0,,306.87,1,0,1
B031,2025-03-14 19:00:00,0,614E1950,0,,537.22,1,0,1
B031,2025-03-14 19:00:00,1,614G2040,0,,335.36,1,0,1
B031,2025-03-14 19:00:00,2,61402050,0.01923010542,,306.85,1,0,1
B031,2025-03-14 20:00:00,0,614E1950,0,,537.23,1,0,1
B031,2025-03-14 20:00:00,1,614G2040,0,,335.36,1,0,1
B031,2025-03-14 20:00:00,2,61402050,0.009808934197,,306.85,1,0,1
B031,2025-03-14 21:00:00,0,614E1950,0.07846547318,,537.22,1,0,1
B031,2025-03-14 21:00:00,1,614G2040,0.1878343274,,335.36,1,0,1
B031,2025-03-14 21:00:00,2,61402050,0.01856953027,,306.83,1,0,1
B031,2025-03-14 22:00:00,0,614E1950,0.0162061042,,537.22,1,0,1
B031,2025-03-14 22:00:00,1,614G2040,0,,335.36,1,0,1
B031,2025-03-14 22:00:00,2,61402050,0,,306.82,1,0,1
B031,2025-03-14 23:00:00,0,614E1950,0,,537.2,1,0,1
B031,2025-03-14 23:00:00,1,614G2040,0,,335.36,1,0,1
B031,2025-03-14 23:00:00,2,61402050,0.0006605751495,,306.82,1,0,1
B031,2025-03-15 00:00:00,0,614E1950,0,,537.2,1,0,1
B031,2025-03-15 00:00:00,1,614G2040,0,,335.36,1,0,1
B031,2025-03-15 00:00:00,2,61402050,0,,306.81,1,0,1
B031,2025-03-15 01:00:00,0,614E1950,0,,537.19,1,0,1
B031,2025-03-15 01:00:00,1,614G2040,0,,335.36,1,0,1
B031,2025-03-15 01:00:00,2,61402050,0.0006605751495,,306.8,1,0,1
B031,2025-03-15 02:00:00,0,614E1950,0,,537.18,1,0,1
B031,2025-03-15 02:00:00,1,614G2040,0,,335.36,1,0,1
B031,2025-03-15 02:00:00,2,61402050,0,,306.79,1,0,1
B031,2025-03-15 03:00:00,0,614E1950,0,,537.17,1,0,1
B031,2025-03-15 03:00:00,1,614G2040,0,,335.36,1,0,1
B031,2025-03-15 03:00:00,2,61402050,0,,306.78,1,0,1
B031,2025-03-15 04:00:00,0,614E1950,0,,537.17,1,0,1
B031,2025-03-15 04:00:00,1,614G2040,0,,335.36,1,0,1
B031,2025-03-15 04:00:00,2,61402050,0.0006605751495,,306.77,1,0,1
B031,2025-03-15 05:00:00,0,614E1950,0,,537.16,1,0,1
B031,2025-03-15 05:00:00,1,614G2040,0,,335.36,1,0,1
B031,2025-03-15 05:00:00,2,61402050,0.04690213946,,306.77,1,0,1
B031,2025-03-15 06:00:00,0,614E1950,0,,537.15,1,0,1
B031,2025-03-15 06:00:00,1,614G2040,0,,335.36,1,0,1
B031,2025-03-15 06:00:00,2,61402050,0.0006605751495,,306.76,1,0,1
B031,2025-03-15 07:00:00,0,614E1950,4.05131823,,537.15,1,0,1
B031,2025-03-15 07:00:00,1,614G2040,7.062039054,,335.36,1,0,1
B031,2025-03-15 07:00:00,2,61402050,2.686208962,,306.76,1,0,1
B031,2025-03-15 08:00:00,0,614E1950,0.4511907111,,537.14,1,0,1
B031,2025-03-15 08:00:00,1,614G2040,0.8138807474,,335.36,1,0,1
B031,2025-03-15 08:00:00,2,61402050,0.2098001846,1.92,306.76,1,1,1
B031,2025-03-15 09:00:00,0,614E1950,0.1062843346,,537.14,1,0,1
B031,2025-03-15 09:00:00,1,614G2040,0.01444129781,,335.36,1,0,1
B031,2025-03-15 09:00:00,2,61402050,0.09713199221,,306.75,1,0,1
B031,2025-03-15 10:00:00,0,614E1950,0.04515697358,,537.14,1,0,1
B031,2025-03-15 10:00:00,1,614G2040,0,,335.36,1,0,1
B031,2025-03-15 10:00:00,2,61402050,0.02770545486,,306.75,1,0,1
B031,2025-03-15 11:00:00,0,614E1950,0,,537.13,1,0,1
B031,2025-03-15 11:00:00,1,614G2040,0,,335.36,1,0,1
B031,2025-03-15 11:00:00,2,61402050,0.0006605751495,,306.75,1,0,1
B031,2025-03-15 12:00:00,0,614E1950,0,,537.12,1,0,1
B031,2025-03-15 12:00:00,1,614G2040,0,,335.36,1,0,1
B031,2025-03-15 12:00:00,2,61402050,0.0006605751495,,306.74,1,0,1
B031,2025-03-15 13:00:00,0,614E1950,0,,537.12,1,0,1
B031,2025-03-15 13:00:00,1,614G2040,0,,335.36,1,0,1
B031,2025-03-15 13:00:00,2,61402050,0.0006605751495,,306.74,1,0,1
B031,2025-03-15 14:00:00,0,614E1950,0,,537.12,1,0,1
B031,2025-03-15 14:00:00,1,614G2040,0,,335.36,1,0,1
B031,2025-03-15 14:00:00,2,61402050,0.0006605751495,,306.74,1,0,1
B031,2025-03-15 15:00:00,0,614E1950,0,,537.11,1,0,1
B031,2025-03-15 15:00:00,1,614G2040,0,,335.36,1,0,1
B031,2025-03-15 15:00:00,2,61402050,0,,306.74,1,0,1
B031,2025-03-15 16:00:00,0,614E1950,0,,537.11,1,0,1
B031,2025-03-15 16:00:00,1,614G2040,0,,335.36,1,0,1
B031,2025-03-15 16:00:00,2,61402050,0.0006605751495,,306.73,1,0,1
B031,2025-03-15 17:00:00,0,614E1950,0,,537.1,1,0,1
B031,2025-03-15 17:00:00,1,614G2040,0,,335.36,1,0,1
B031,2025-03-15 17:00:00,2,61402050,0,,306.73,1,0,1
B031,2025-03-15 18:00:00,0,614E1950,0,,537.1,1,0,1
B031,2025-03-15 18:00:00,1,614G2040,0,,335.36,1,0,1
B031,2025-03-15 18:00:00,2,61402050,0,,306.73,1,0,1
B031,2025-03-15 19:00:00,0,614E1950,0,,537.09,1,0,1
B031,2025-03-15 19:00:00,1,614G2040,0,,335.36,1,0,1
B031,2025-03-15 19:00:00,2,61402050,0,,306.72,1,0,1
B031,2025-03-15 20:00:00,0,614E1950,0,,537.09,1,0,1
B031,2025-03-15 20:00:00,1,614G2040,0,,335.36,1,0,1
B031,2025-03-15 20:00:00,2,61402050,0.0006605751495,,306.72,1,0,1
B031,2025-03-15 21:00:00,0,614E1950,0,,537.09,1,0,1
B031,2025-03-15 21:00:00,1,614G2040,0,,335.36,1,0,1
B031,2025-03-15 21:00:00,2,61402050,0,,306.72,1,0,1
B031,2025-03-15 22:00:00,0,614E1950,0,,537.08,1,0,1
B031,2025-03-15 22:00:00,1,614G2040,0,,335.35,1,0,1
B031,2025-03-15 22:00:00,2,61402050,0,,306.72,1,0,1
B031,2025-03-15 23:00:00,0,614E1950,0,,537.08,1,0,1
B031,2025-03-15 23:00:00,1,614G2040,0,,335.35,1,0,1
B031,2025-03-15 23:00:00,2,61402050,0,,306.71,1,0,1
B031,2025-03-16 00:00:00,0,614E1950,0,,537.08,1,0,1
B031,2025-03-16 00:00:00,1,614G2040,0,,335.35,1,0,1
B031,2025-03-16 00:00:00,2,61402050,0,,306.71,1,0,1
B031,2025-03-16 01:00:00,0,614E1950,0,,537.08,1,0,1
B031,2025-03-16 01:00:00,1,614G2040,0,,335.35,1,0,1
B031,2025-03-16 01:00:00,2,61402050,0.0006605751495,,306.71,1,0,1
B031,2025-03-16 02:00:00,0,614E1950,0,,537.07,1,0,1
B031,2025-03-16 02:00:00,1,614G2040,0,,335.35,1,0,1
B031,2025-03-16 02:00:00,2,61402050,0,,306.7,1,0,1
B031,2025-03-16 03:00:00,0,614E1950,0,,537.07,1,0,1
B031,2025-03-16 03:00:00,1,614G2040,0,,335.35,1,0,1
B031,2025-03-16 03:00:00,2,61402050,0,,306.7,1,0,1
B031,2025-03-16 04:00:00,0,614E1950,0,,537.07,1,0,1
B031,2025-03-16 04:00:00,1,614G2040,0,,335.36,1,0,1
B031,2025-03-16 04:00:00,2,61402050,0,,306.7,1,0,1
B031,2025-03-16 05:00:00,0,614E1950,0,,537.06,1,0,1
B031,2025-03-16 05:00:00,1,614G2040,0,,335.36,1,0,1
B031,2025-03-16 05:00:00,2,61402050,0,,306.7,1,0,1
B031,2025-03-16 06:00:00,0,614E1950,0,,537.06,1,0,1
B031,2025-03-16 06:00:00,1,614G2040,0,,335.36,1,0,1
B031,2025-03-16 06:00:00,2,61402050,0.0006605751495,,306.7,1,0,1
B031,2025-03-16 07:00:00,0,614E1950,0.4800546597,,537.06,1,0,1
B031,2025-03-16 07:00:00,1,614G2040,0.7756573577,,335.36,1,0,1
B031,2025-03-16 07:00:00,2,61402050,0.3372799323,,306.7,1,0,1
B031,2025-03-16 08:00:00,0,614E1950,0,,537.06,1,0,1
B031,2025-03-16 08:00:00,1,614G2040,0,,335.36,1,0,1
B031,2025-03-16 08:00:00,2,61402050,0,1.1,306.7,1,1,1
B031,2025-03-16 09:00:00,0,614E1950,0.0162061042,,537.06,1,0,1
B031,2025-03-16 09:00:00,1,614G2040,0,,335.35,1,0,1
B031,2025-03-16 09:00:00,2,61402050,0.01856953027,,306.69,1,0,1
B031,2025-03-16 10:00:00,0,614E1950,0.09109961073,,537.06,1,0,1
B031,2025-03-16 10:00:00,1,614G2040,0,,335.35,1,0,1
B031,2025-03-16 10:00:00,2,61402050,0,,306.69,1,0,1
B031,2025-03-16 11:00:00,0,614E1950,0,,537.05,1,0,1
B031,2025-03-16 11:00:00,1,614G2040,0,,335.35,1,0,1
B031,2025-03-16 11:00:00,2,61402050,0.0006605751495,,306.69,1,0,1
B031,2025-03-16 12:00:00,0,614E1950,0,,537.05,1,0,1
B031,2025-03-16 12:00:00,1,614G2040,0,,335.35,1,0,1
B031,2025-03-16 12:00:00,2,61402050,0,,306.69,1,0,1
B031,2025-03-16 13:00:00,0,614E1950,0,,537.05,1,0,1
B031,2025-03-16 13:00:00,1,614G2040,0,,335.35,1,0,1
B031,2025-03-16 13:00:00,2,61402050,0,,306.69,1,0,1
B031,2025-03-16 14:00:00,0,614E1950,0,,537.05,1,0,1
B031,2025-03-16 14:00:00,1,614G2040,0,,335.35,1,0,1
B031,2025-03-16 14:00:00,2,61402050,0,,306.69,1,0,1
B031,2025-03-16 15:00:00,0,614E1950,0,,537.04,1,0,1
B031,2025-03-16 15:00:00,1,614G2040,0,,335.35,1,0,1
B031,2025-03-16 15:00:00,2,61402050,0,,306.69,1,0,1
B031,2025-03-16 16:00:00,0,614E1950,0,,537.04,1,0,1
B031,2025-03-16 16:00:00,1,614G2040,0,,335.36,1,0,1
B031,2025-03-16 16:00:00,2,61402050,0.0006605751495,,306.69,1,0,1
B031,2025-03-16 17:00:00,0,614E1950,0,,537.04,1,0,1
B031,2025-03-16 17:00:00,1,614G2040,0,,335.36,1,0,1
B031,2025-03-16 17:00:00,2,61402050,0,,306.69,1,0,1
B031,2025-03-16 18:00:00,0,614E1950,0,,537.04,1,0,1
B031,2025-03-16 18:00:00,1,614G2040,0,,335.36,1,0,1
B031,2025-03-16 18:00:00,2,61402050,0,,306.69,1,0,1
B031,2025-03-16 19:00:00,0,614E1950,0,,537.03,1,0,1
B031,2025-03-16 19:00:00,1,614G2040,0,,335.35,1,0,1
B031,2025-03-16 19:00:00,2,61402050,0,,306.68,1,0,1
B031,2025-03-16 20:00:00,0,614E1950,0.01717679341,,537.03,1,0,1
B031,2025-03-16 20:00:00,1,614G2040,0.2497750046,,335.35,1,0,1
B031,2025-03-16 20:00:00,2,61402050,0.03140885431,,306.68,1,0,1
B031,2025-03-16 21:00:00,0,614E1950,0,,537.03,1,0,1
B031,2025-03-16 21:00:00,1,614G2040,0.1433962588,,335.35,1,0,1
B031,2025-03-16 21:00:00,2,61402050,0,,306.68,1,0,1
B031,2025-03-16 22:00:00,0,614E1950,0.1062843346,,537.03,1,0,1
B031,2025-03-16 22:00:00,1,614G2040,0,,335.35,1,0,1
B031,2025-03-16 22:00:00,2,61402050,0.02872514517,,306.68,1,0,1
B031,2025-03-16 23:00:00,0,614E1950,0,,537.03,1,0,1
B031,2025-03-16 23:00:00,1,614G2040,0,,335.35,1,0,1
B031,2025-03-16 23:00:00,2,61402050,0,,306.68,1,0,1
B031,2025-03-17 00:00:00,0,614E1950,0,,537.03,1,0,1
B031,2025-03-17 00:00:00,1,614G2040,0,,335.35,1,0,1
B031,2025-03-17 00:00:00,2,61402050,0.0006605751495,,306.67,1,0,1
B031,2025-03-17 01:00:00,0,614E1950,0,,537.03,1,0,1
B031,2025-03-17 01:00:00,1,614G2040,0,,335.35,1,0,1
B031,2025-03-17 01:00:00,2,61402050,0,,306.67,1,0,1
B031,2025-03-17 02:00:00,0,614E1950,0,,537.03,1,0,1
B031,2025-03-17 02:00:00,1,614G2040,0,,335.35,1,0,1
B031,2025-03-17 02:00:00,2,61402050,0,,306.67,1,0,1
B031,2025-03-17 03:00:00,0,614E1950,0,,537.03,1,0,1
B031,2025-03-17 03:00:00,1,614G2040,0,,335.35,1,0,1
B031,2025-03-17 03:00:00,2,61402050,0,,306.67,1,0,1
B031,2025-03-17 04:00:00,0,614E1950,0,,537.02,1,0,1
B031,2025-03-17 04:00:00,1,614G2040,0,,335.35,1,0,1
B031,2025-03-17 04:00:00,2,61402050,0,,306.67,1,0,1
B031,2025-03-17 05:00:00,0,614E1950,0,,537.02,1,0,1
B031,2025-03-17 05:00:00,1,614G2040,0,,335.35,1,0,1
B031,2025-03-17 05:00:00,2,61402050,0,,306.67,1,0,1
B031,2025-03-17 06:00:00,0,614E1950,0,,537.02,1,0,1
B031,2025-03-17 06:00:00,1,614G2040,0,,335.35,1,0,1
B031,2025-03-17 06:00:00,2,61402050,0,,306.67,1,0,1
B031,2025-03-17 07:00:00,0,614E1950,0.200955912,,537.02,1,0,1
B031,2025-03-17 07:00:00,1,614G2040,0.4195036071,,335.35,1,0,1
B031,2025-03-17 07:00:00,2,61402050,0.07870352975,,306.67,1,0,1
B031,2025-03-17 08:00:00,0,614E1950,0,,537.02,1,0,1
B031,2025-03-17 08:00:00,1,614G2040,0,,335.35,1,0,1
B031,2025-03-17 08:00:00,2,61402050,0,0.881,306.67,1,1,1
B031,2025-03-17 09:00:00,0,614E1950,0,,537.02,1,0,1
B031,2025-03-17 09:00:00,1,614G2040,0,,335.35,1,0,1
B031,2025-03-17 09:00:00,2,61402050,0.0006605751495,,306.67,1,0,1
B031,2025-03-17 10:00:00,0,614E1950,0,,537.01,1,0,1
B031,2025-03-17 10:00:00,1,614G2040,0,,335.35,1,0,1
B031,2025-03-17 10:00:00,2,61402050,0,,306.67,1,0,1
B031,2025-03-17 11:00:00,0,614E1950,0,,537.01,1,0,1
B031,2025-03-17 11:00:00,1,614G2040,0,,335.34,1,0,1
B031,2025-03-17 11:00:00,2,61402050,0,,306.67,1,0,1
B031,2025-03-17 12:00:00,0,614E1950,0,,537.01,1,0,1
B031,2025-03-17 12:00:00,1,614G2040,0,,335.35,1,0,1
B031,2025-03-17 12:00:00,2,61402050,0,,306.67,1,0,1
B031,2025-03-17 13:00:00,0,614E1950,0,,537.01,1,0,1
B031,2025-03-17 13:00:00,1,614G2040,0,,335.35,1,0,1
B031,2025-03-17 13:00:00,2,61402050,0,,306.66,1,0,1
B031,2025-03-17 14:00:00,0,614E1950,0,,537.01,1,0,1
B031,2025-03-17 14:00:00,1,614G2040,0,,335.36,1,0,1
B031,2025-03-17 14:00:00,2,61402050,0,,306.66,1,0,1
B031,2025-03-17 15:00:00,0,614E1950,0,,537.01,1,0,1
B031,2025-03-17 15:00:00,1,614G2040,0,,335.36,1,0,1
B031,2025-03-17 15:00:00,2,61402050,0,,306.67,1,0,1
B031,2025-03-17 16:00:00,0,614E1950,0,,537.01,1,0,1
B031,2025-03-17 16:00:00,1,614G2040,0,,335.36,1,0,1
B031,2025-03-17 16:00:00,2,61402050,0,,306.67,1,0,1
B031,2025-03-17 17:00:00,0,614E1950,0,,537.01,1,0,1
B031,2025-03-17 17:00:00,1,614G2040,0,,335.36,1,0,1
B031,2025-03-17 17:00:00,2,61402050,0.0006605751495,,306.67,1,0,1
B031,2025-03-17 18:00:00,0,614E1950,0,,537.01,1,0,1
B031,2025-03-17 18:00:00,1,614G2040,0,,335.36,1,0,1
B031,2025-03-17 18:00:00,2,61402050,0,,306.67,1,0,1
B031,2025-03-17 19:00:00,0,614E1950,0,,537.01,1,0,1
B031,2025-03-17 19:00:00,1,614G2040,0,,335.37,1,0,1
B031,2025-03-17 19:00:00,2,61402050,0,,306.67,1,0,1
B031,2025-03-17 20:00:00,0,614E1950,0,,537.01,1,0,1
B031,2025-03-17 20:00:00,1,614G2040,0,,335.37,1,0,1
B031,2025-03-17 20:00:00,2,61402050,0,,306.67,1,0,1
B031,2025-03-17 21:00:00,0,614E1950,0,,537.01,1,0,1
B031,2025-03-17 21:00:00,1,614G2040,0,,335.36,1,0,1
B031,2025-03-17 21:00:00,2,61402050,0,,306.67,1,0,1
B031,2025-03-17 22:00:00,0,614E1950,0,,537,1,0,1
B031,2025-03-17 22:00:00,1,614G2040,0,,335.37,1,0,1
B031,2025-03-17 22:00:00,2,61402050,0,,306.67,1,0,1
B031,2025-03-17 23:00:00,0,614E1950,0,,537,1,0,1
B031,2025-03-17 23:00:00,1,614G2040,0,,335.37,1,0,1
B031,2025-03-17 23:00:00,2,61402050,0,,306.67,1,0,1
B031,2025-03-18 00:00:00,0,614E1950,0,,537,1,0,1
B031,2025-03-18 00:00:00,1,614G2040,0,,335.37,1,0,1
B031,2025-03-18 00:00:00,2,61402050,0,,306.67,1,0,1
B031,2025-03-18 01:00:00,0,614E1950,0,,537,1,0,1
B031,2025-03-18 01:00:00,1,614G2040,0,,335.37,1,0,1
B031,2025-03-18 01:00:00,2,61402050,0,,306.67,1,0,1
B031,2025-03-18 02:00:00,0,614E1950,0,,537,1,0,1
B031,2025-03-18 02:00:00,1,614G2040,0,,335.37,1,0,1
B031,2025-03-18 02:00:00,2,61402050,0,,306.67,1,0,1
B031,2025-03-18 03:00:00,0,614E1950,0,,537,1,0,1
B031,2025-03-18 03:00:00,1,614G2040,0,,335.37,1,0,1
B031,2025-03-18 03:00:00,2,61402050,0,,306.67,1,0,1
B031,2025-03-18 04:00:00,0,614E1950,0,,536.99,1,0,1
B031,2025-03-18 04:00:00,1,614G2040,0,,335.37,1,0,1
B031,2025-03-18 04:00:00,2,61402050,0,,306.67,1,0,1
B031,2025-03-18 05:00:00,0,614E1950,0,,536.99,1,0,1
B031,2025-03-18 05:00:00,1,614G2040,0,,335.37,1,0,1
B031,2025-03-18 05:00:00,2,61402050,0,,306.67,1,0,1
B031,2025-03-18 06:00:00,0,614E1950,0,,536.99,1,0,1
B031,2025-03-18 06:00:00,1,614G2040,0,,335.37,1,0,1
B031,2025-03-18 06:00:00,2,61402050,0.0006605751495,,306.67,1,0,1
B031,2025-03-18 07:00:00,0,614E1950,0,,536.99,1,0,1
B031,2025-03-18 07:00:00,1,614G2040,0,,335.37,1,0,1
B031,2025-03-18 07:00:00,2,61402050,0,,306.67,1,0,1
B031,2025-03-18 08:00:00,0,614E1950,0,,536.99,1,0,1
B031,2025-03-18 08:00:00,1,614G2040,0,,335.37,1,0,1
B031,2025-03-18 08:00:00,2,61402050,0,0.949,306.68,1,1,1
B031,2025-03-18 09:00:00,0,614E1950,0,,536.99,1,0,1
B031,2025-03-18 09:00:00,1,614G2040,0,,335.61,1,0,1
B031,2025-03-18 09:00:00,2,61402050,0,,306.67,1,0,1
B031,2025-03-18 10:00:00,0,614E1950,0,,536.99,1,0,1
B031,2025-03-18 10:00:00,1,614G2040,0,,335.8,1,0,1
B031,2025-03-18 10:00:00,2,61402050,0,,306.72,1,0,1
B031,2025-03-18 11:00:00,0,614E1950,0,,536.99,1,0,1
B031,2025-03-18 11:00:00,1,614G2040,0,,335.81,1,0,1
B031,2025-03-18 11:00:00,2,61402050,0,,306.83,1,0,1
B031,2025-03-18 12:00:00,0,614E1950,0,,536.99,1,0,1
B031,2025-03-18 12:00:00,1,614G2040,0,,335.8,1,0,1
B031,2025-03-18 12:00:00,2,61402050,0,,306.83,1,0,1
B031,2025-03-18 13:00:00,0,614E1950,0,,536.99,1,0,1
B031,2025-03-18 13:00:00,1,614G2040,0,,335.8,1,0,1
B031,2025-03-18 13:00:00,2,61402050,0,,306.83,1,0,1
B031,2025-03-18 14:00:00,0,614E1950,0,,536.99,1,0,1
B031,2025-03-18 14:00:00,1,614G2040,0,,335.8,1,0,1
B031,2025-03-18 14:00:00,2,61402050,0,,306.83,1,0,1
B031,2025-03-18 15:00:00,0,614E1950,0,,536.99,1,0,1
B031,2025-03-18 15:00:00,1,614G2040,0,,335.81,1,0,1
B031,2025-03-18 15:00:00,2,61402050,0,,306.83,1,0,1
B031,2025-03-18 16:00:00,0,614E1950,0,,536.98,1,0,1
B031,2025-03-18 16:00:00,1,614G2040,0,,335.8,1,0,1
B031,2025-03-18 16:00:00,2,61402050,0,,306.83,1,0,1
B031,2025-03-18 17:00:00,0,614E1950,0,,536.98,1,0,1
B031,2025-03-18 17:00:00,1,614G2040,0,,335.8,1,0,1
B031,2025-03-18 17:00:00,2,61402050,0.0006605751495,,306.83,1,0,1
B031,2025-03-18 18:00:00,0,614E1950,0,,536.98,1,0,1
B031,2025-03-18 18:00:00,1,614G2040,0,,335.8,1,0,1
B031,2025-03-18 18:00:00,2,61402050,0,,306.83,1,0,1
B031,2025-03-18 19:00:00,0,614E1950,0,,536.98,1,0,1
B031,2025-03-18 19:00:00,1,614G2040,0,,335.8,1,0,1
B031,2025-03-18 19:00:00,2,61402050,0,,306.83,1,0,1
B031,2025-03-18 20:00:00,0,614E1950,0,,536.98,1,0,1
B031,2025-03-18 20:00:00,1,614G2040,0,,335.8,1,0,1
B031,2025-03-18 20:00:00,2,61402050,0,,306.83,1,0,1
B031,2025-03-18 21:00:00,0,614E1950,0,,536.98,1,0,1
B031,2025-03-18 21:00:00,1,614G2040,0,,335.8,1,0,1
B031,2025-03-18 21:00:00,2,61402050,0,,306.83,1,0,1
B031,2025-03-18 22:00:00,0,614E1950,0,,536.98,1,0,1
B031,2025-03-18 22:00:00,1,614G2040,0,,335.81,1,0,1
B031,2025-03-18 22:00:00,2,61402050,0,,306.83,1,0,1
B031,2025-03-18 23:00:00,0,614E1950,0,,536.98,1,0,1
B031,2025-03-18 23:00:00,1,614G2040,0,,335.8,1,0,1
B031,2025-03-18 23:00:00,2,61402050,0,,306.83,1,0,1
B031,2025-03-19 00:00:00,0,614E1950,0,,536.98,1,0,1
B031,2025-03-19 00:00:00,1,614G2040,0,,335.8,1,0,1
B031,2025-03-19 00:00:00,2,61402050,0,,306.83,1,0,1
B031,2025-03-19 01:00:00,0,614E1950,0,,536.98,1,0,1
B031,2025-03-19 01:00:00,1,614G2040,0,,335.8,1,0,1
B031,2025-03-19 01:00:00,2,61402050,0,,306.83,1,0,1
B031,2025-03-19 02:00:00,0,614E1950,0,,536.98,1,0,1
B031,2025-03-19 02:00:00,1,614G2040,0,,335.8,1,0,1
B031,2025-03-19 02:00:00,2,61402050,0,,306.83,1,0,1
B031,2025-03-19 03:00:00,0,614E1950,0,,536.98,1,0,1
B031,2025-03-19 03:00:00,1,614G2040,0,,335.8,1,0,1
B031,2025-03-19 03:00:00,2,61402050,0,,306.83,1,0,1
B031,2025-03-19 04:00:00,0,614E1950,0,,536.97,1,0,1
B031,2025-03-19 04:00:00,1,614G2040,0,,335.8,1,0,1
B031,2025-03-19 04:00:00,2,61402050,0,,306.83,1,0,1
B031,2025-03-19 05:00:00,0,614E1950,0,,536.97,1,0,1
B031,2025-03-19 05:00:00,1,614G2040,0,,335.8,1,0,1
B031,2025-03-19 05:00:00,2,61402050,0,,306.83,1,0,1
B031,2025-03-19 06:00:00,0,614E1950,0,,536.97,1,0,1
B031,2025-03-19 06:00:00,1,614G2040,0,,335.8,1,0,1
B031,2025-03-19 06:00:00,2,61402050,0,,306.83,1,0,1
B031,2025-03-19 07:00:00,0,614E1950,0,,536.97,1,0,1
B031,2025-03-19 07:00:00,1,614G2040,0,,335.8,1,0,1
B031,2025-03-19 07:00:00,2,61402050,0,,306.83,1,0,1
B031,2025-03-19 08:00:00,0,614E1950,0,,536.97,1,0,1
B031,2025-03-19 08:00:00,1,614G2040,0,,335.8,1,0,1
B031,2025-03-19 08:00:00,2,61402050,0,3.16,306.83,1,1,1
B031,2025-03-19 09:00:00,0,614E1950,0,,536.97,1,0,1
B031,2025-03-19 09:00:00,1,614G2040,0,,335.8,1,0,1
B031,2025-03-19 09:00:00,2,61402050,0.0006605751495,,306.83,1,0,1
B031,2025-03-19 10:00:00,0,614E1950,0,,536.97,1,0,1
B031,2025-03-19 10:00:00,1,614G2040,0,,335.8,1,0,1
B031,2025-03-19 10:00:00,2,61402050,0,,306.83,1,0,1
B031,2025-04-09 20:00:00,0,614E1950,0,,536.85,1,0,1
B031,2025-04-09 20:00:00,1,614G2040,0,,335.34,1,0,1
B031,2025-04-09 20:00:00,2,61402050,0,0.628,306.63,1,1,1
B031,2025-04-09 21:00:00,0,614E1950,0,,536.85,1,0,1
B031,2025-04-09 21:00:00,1,614G2040,0,,335.34,1,0,1
B031,2025-04-09 21:00:00,2,61402050,0,0.628,306.63,1,1,1
B031,2025-04-09 22:00:00,0,614E1950,0,,536.85,1,0,1
B031,2025-04-09 22:00:00,1,614G2040,0,,335.34,1,0,1
B031,2025-04-09 22:00:00,2,61402050,0,0.628,306.63,1,1,1
B031,2025-04-09 23:00:00,0,614E1950,0,,536.85,1,0,1
B031,2025-04-09 23:00:00,1,614G2040,0,,335.34,1,0,1
B031,2025-04-09 23:00:00,2,61402050,0,0.628,306.63,1,1,1
B031,2025-04-10 00:00:00,0,614E1950,0,,536.85,1,0,1
B031,2025-04-10 00:00:00,1,614G2040,0,,335.34,1,0,1
B031,2025-04-10 00:00:00,2,61402050,0,0.628,306.63,1,1,1
B031,2025-04-10 01:00:00,0,614E1950,0,,536.85,1,0,1
B031,2025-04-10 01:00:00,1,614G2040,0,,335.34,1,0,1
B031,2025-04-10 01:00:00,2,61402050,0,0.628,306.63,1,1,1
B031,2025-04-10 02:00:00,0,614E1950,0,,536.85,1,0,1
B031,2025-04-10 02:00:00,1,614G2040,0,,335.35,1,0,1
B031,2025-04-10 02:00:00,2,61402050,0,0.628,306.63,1,1,1
B031,2025-04-10 03:00:00,0,614E1950,0,,536.85,1,0,1
B031,2025-04-10 03:00:00,1,614G2040,0,,335.35,1,0,1
B031,2025-04-10 03:00:00,2,61402050,0,0.628,306.63,1,1,1
B031,2025-04-10 04:00:00,0,614E1950,0,,536.85,1,0,1
B031,2025-04-10 04:00:00,1,614G2040,0,,335.35,1,0,1
B031,2025-04-10 04:00:00,2,61402050,0,0.628,306.63,1,1,1
B031,2025-04-10 05:00:00,0,614E1950,0,,536.85,1,0,1
B031,2025-04-10 05:00:00,1,614G2040,0,,335.35,1,0,1
B031,2025-04-10 05:00:00,2,61402050,0,0.628,306.63,1,1,1
B031,2025-04-10 06:00:00,0,614E1950,0,,536.85,1,0,1
B031,2025-04-10 06:00:00,1,614G2040,0,,335.35,1,0,1
B031,2025-04-10 06:00:00,2,61402050,0,0.628,306.63,1,1,1
B031,2025-04-10 07:00:00,0,614E1950,0,,536.85,1,0,1
B031,2025-04-10 07:00:00,1,614G2040,0,,335.35,1,0,1
B031,2025-04-10 07:00:00,2,61402050,0,0.628,306.63,1,1,1
B031,2025-04-10 08:00:00,0,614E1950,0,,536.85,1,0,1
B031,2025-04-10 08:00:00,1,614G2040,0,,335.34,1,0,1
B031,2025-04-10 08:00:00,2,61402050,0,0.628,306.63,1,1,1
B031,2025-04-10 09:00:00,0,614E1950,0,,536.85,1,0,1
B031,2025-04-10 09:00:00,1,614G2040,0,,335.34,1,0,1
B031,2025-04-10 09:00:00,2,61402050,0,0.628,306.63,1,1,1
B031,2025-04-10 10:00:00,0,614E1950,0,,536.85,1,0,1
B031,2025-04-10 10:00:00,1,614G2040,0,,335.34,1,0,1
B031,2025-04-10 10:00:00,2,61402050,0,0.628,306.63,1,1,1
B031,2025-04-10 11:00:00,0,614E1950,0,,536.85,1,0,1
B031,2025-04-10 11:00:00,1,614G2040,0,,335.34,1,0,1
B031,2025-04-10 11:00:00,2,61402050,0,0.628,306.63,1,1,1
B031,2025-04-10 12:00:00,0,614E1950,0,,536.85,1,0,1
B031,2025-04-10 12:00:00,1,614G2040,0,,335.34,1,0,1
B031,2025-04-10 12:00:00,2,61402050,0,0.628,306.63,1,1,1
B031,2025-04-10 13:00:00,0,614E1950,0,,536.85,1,0,1
B031,2025-04-10 13:00:00,1,614G2040,0,,335.34,1,0,1
B031,2025-04-10 13:00:00,2,61402050,0,0.628,306.63,1,1,1
B031,2025-04-10 14:00:00,0,614E1950,0,,536.85,1,0,1
B031,2025-04-10 14:00:00,1,614G2040,0,,335.34,1,0,1
B031,2025-04-10 14:00:00,2,61402050,0,0.628,306.63,1,1,1
B031,2025-04-10 15:00:00,0,614E1950,0,,536.84,1,0,1
B031,2025-04-10 15:00:00,1,614G2040,0,,335.34,1,0,1
B031,2025-04-10 15:00:00,2,61402050,0,0.628,306.63,1,1,1
B031,2025-04-10 16:00:00,0,614E1950,0,,536.84,1,0,1
B031,2025-04-10 16:00:00,1,614G2040,0,,335.34,1,0,1
B031,2025-04-10 16:00:00,2,61402050,0,0.628,306.63,1,1,1
B031,2025-04-10 17:00:00,0,614E1950,0,,536.84,1,0,1
B031,2025-04-10 17:00:00,1,614G2040,0,,335.34,1,0,1
B031,2025-04-10 17:00:00,2,61402050,0,0.628,306.63,1,1,1
B031,2025-04-10 18:00:00,0,614E1950,0,,536.85,1,0,1
B031,2025-04-10 18:00:00,1,614G2040,0,,335.35,1,0,1
B031,2025-04-10 18:00:00,2,61402050,0,0.628,306.63,1,1,1
B031,2025-04-10 19:00:00,0,614E1950,0,,536.84,1,0,1
B031,2025-04-10 19:00:00,1,614G2040,0,,335.34,1,0,1
B031,2025-04-10 19:00:00,2,61402050,0,0.628,306.63,1,1,1
B031,2025-04-10 20:00:00,0,614E1950,0,,536.84,1,0,1
B031,2025-04-10 20:00:00,1,614G2040,0,,335.34,1,0,1
B031,2025-04-10 20:00:00,2,61402050,0,0.628,306.63,1,1,1
B031,2025-04-10 21:00:00,0,614E1950,0,,536.84,1,0,1
B031,2025-04-10 21:00:00,1,614G2040,0,,335.34,1,0,1
B031,2025-04-10 21:00:00,2,61402050,0,0.628,306.63,1,1,1
B031,2025-04-10 22:00:00,0,614E1950,0,,536.84,1,0,1
B031,2025-04-10 22:00:00,1,614G2040,0,,335.34,1,0,1
B031,2025-04-10 22:00:00,2,61402050,0,0.628,306.63,1,1,1
B031,2025-04-10 23:00:00,0,614E1950,0,,536.84,1,0,1
B031,2025-04-10 23:00:00,1,614G2040,0,,335.34,1,0,1
B031,2025-04-10 23:00:00,2,61402050,0,0.628,306.63,1,1,1
B031,2025-04-11 00:00:00,0,614E1950,0,,536.84,1,0,1
B031,2025-04-11 00:00:00,1,614G2040,0,,335.34,1,0,1
B031,2025-04-11 00:00:00,2,61402050,0,0.628,306.63,1,1,1
B031,2025-04-11 01:00:00,0,614E1950,0,,536.84,1,0,1
B031,2025-04-11 01:00:00,1,614G2040,0,,335.34,1,0,1
B031,2025-04-11 01:00:00,2,61402050,0,0.628,306.63,1,1,1
B031,2025-04-11 02:00:00,0,614E1950,0,,536.85,1,0,1
B031,2025-04-11 02:00:00,1,614G2040,0,,335.34,1,0,1
B031,2025-04-11 02:00:00,2,61402050,0,0.628,306.63,1,1,1
B031,2025-04-11 03:00:00,0,614E1950,0,,536.85,1,0,1
B031,2025-04-11 03:00:00,1,614G2040,0,,335.34,1,0,1
B031,2025-04-11 03:00:00,2,61402050,0,0.628,306.63,1,1,1
B031,2025-04-11 04:00:00,0,614E1950,0,,536.85,1,0,1
B031,2025-04-11 04:00:00,1,614G2040,0,,335.34,1,0,1
B031,2025-04-11 04:00:00,2,61402050,0,0.628,306.63,1,1,1
B031,2025-04-11 05:00:00,0,614E1950,0,,536.85,1,0,1
B031,2025-04-11 05:00:00,1,614G2040,0,,335.34,1,0,1
B031,2025-04-11 05:00:00,2,61402050,0,0.628,306.63,1,1,1
B031,2025-04-11 06:00:00,0,614E1950,0,,536.85,1,0,1
B031,2025-04-11 06:00:00,1,614G2040,0,,335.34,1,0,1
B031,2025-04-11 06:00:00,2,61402050,0,0.628,306.63,1,1,1
B031,2025-04-11 07:00:00,0,614E1950,0,,536.85,1,0,1
B031,2025-04-11 07:00:00,1,614G2040,0,,335.34,1,0,1
B031,2025-04-11 07:00:00,2,61402050,0,0.628,306.63,1,1,1
B031,2025-04-11 08:00:00,0,614E1950,0,,536.85,1,0,1
B031,2025-04-11 08:00:00,1,614G2040,0,,335.34,1,0,1
B031,2025-04-11 08:00:00,2,61402050,0,0.628,306.63,1,1,1
B031,2025-04-11 09:00:00,0,614E1950,0,,536.85,1,0,1
B031,2025-04-11 09:00:00,1,614G2040,0,,335.34,1,0,1
B031,2025-04-11 09:00:00,2,61402050,0,0.628,306.63,1,1,1
B031,2025-04-11 10:00:00,0,614E1950,0,,536.85,1,0,1
B031,2025-04-11 10:00:00,1,614G2040,0,,335.34,1,0,1
B031,2025-04-11 10:00:00,2,61402050,0,0.628,306.63,1,1,1
B031,2025-04-11 11:00:00,0,614E1950,0,,536.85,1,0,1
B031,2025-04-11 11:00:00,1,614G2040,0,,335.34,1,0,1
B031,2025-04-11 11:00:00,2,61402050,0,0.628,306.63,1,1,1
B031,2025-04-11 12:00:00,0,614E1950,0,,536.85,1,0,1
B031,2025-04-11 12:00:00,1,614G2040,0,,335.34,1,0,1
B031,2025-04-11 12:00:00,2,61402050,0,0.628,306.63,1,1,1
B031,2025-04-11 13:00:00,0,614E1950,0,,536.85,1,0,1
B031,2025-04-11 13:00:00,1,614G2040,0,,335.34,1,0,1
B031,2025-04-11 13:00:00,2,61402050,0,0.628,306.63,1,1,1
B031,2025-04-11 14:00:00,0,614E1950,0,,536.85,1,0,1
B031,2025-04-11 14:00:00,1,614G2040,0,,335.34,1,0,1
B031,2025-04-11 14:00:00,2,61402050,0,0.628,306.63,1,1,1
B031,2025-04-11 15:00:00,0,614E1950,0,,536.85,1,0,1
B031,2025-04-11 15:00:00,1,614G2040,0,,335.34,1,0,1
B031,2025-04-11 15:00:00,2,61402050,0,0.628,306.63,1,1,1
B031,2025-04-11 16:00:00,0,614E1950,0,,536.85,1,0,1
B031,2025-04-11 16:00:00,1,614G2040,0,,335.34,1,0,1
B031,2025-04-11 16:00:00,2,61402050,0,0.628,306.63,1,1,1
B031,2025-04-11 17:00:00,0,614E1950,0,,536.85,1,0,1
B031,2025-04-11 17:00:00,1,614G2040,0,,335.34,1,0,1
B031,2025-04-11 17:00:00,2,61402050,0,0.628,306.63,1,1,1
B031,2025-04-11 18:00:00,0,614E1950,0,,536.85,1,0,1
B031,2025-04-11 18:00:00,1,614G2040,0,,335.34,1,0,1
B031,2025-04-11 18:00:00,2,61402050,0,0.628,306.63,1,1,1
B031,2025-04-11 19:00:00,0,614E1950,0,,536.85,1,0,1
B031,2025-04-11 19:00:00,1,614G2040,0,,335.34,1,0,1
B031,2025-04-11 19:00:00,2,61402050,0,0.628,306.63,1,1,1
B031,2025-04-11 20:00:00,0,614E1950,0.6564917306,,536.85,1,0,1
B031,2025-04-11 20:00:00,1,614G2040,2.499997216,,335.34,1,0,1
B031,2025-04-11 20:00:00,2,61402050,1.185879479,0.628,306.63,1,1,1
B031,2025-04-11 21:00:00,0,614E1950,9.134531479,,536.85,1,0,1
B031,2025-04-11 21:00:00,1,614G2040,10.02073478,,335.34,1,0,1
B031,2025-04-11 21:00:00,2,61402050,3.88359536,0.728,306.64,1,1,1
B031,2025-04-11 22:00:00,0,614E1950,0.6900304589,,536.91,1,0,1
B031,2025-04-11 22:00:00,1,614G2040,1.351454642,,335.34,1,0,1
B031,2025-04-11 22:00:00,2,61402050,1.653419826,0.99,306.66,1,1,1
B031,2025-04-11 23:00:00,0,614E1950,0.5696461571,,536.93,1,0,1
B031,2025-04-11 23:00:00,1,614G2040,1.099221087,,335.34,1,0,1
B031,2025-04-11 23:00:00,2,61402050,0.7562576471,1.15,306.67,1,1,1
B031,2025-04-12 00:00:00,0,614E1950,0,,537.1,1,0,1
B031,2025-04-12 00:00:00,1,614G2040,0,,335.34,1,0,1
B031,2025-04-12 00:00:00,2,61402050,0.05521670689,1.15,306.67,1,1,1
B031,2025-04-12 01:00:00,0,614E1950,0.2352351008,,537.06,1,0,1
B031,2025-04-12 01:00:00,1,614G2040,0.338651142,,335.34,1,0,1
B031,2025-04-12 01:00:00,2,61402050,0.03308911977,1.15,306.67,1,1,1
B031,2025-04-12 02:00:00,0,614E1950,0.06128867977,,537.04,1,0,1
B031,2025-04-12 02:00:00,1,614G2040,0.2580016235,,335.35,1,0,1
B031,2025-04-12 02:00:00,2,61402050,0.1335277007,1.47,306.69,1,1,1
B031,2025-04-12 03:00:00,0,614E1950,0,,537.03,1,0,1
B031,2025-04-12 03:00:00,1,614G2040,0,,335.35,1,0,1
B031,2025-04-12 03:00:00,2,61402050,0.0006605751495,1.99,306.72,1,1,1
B031,2025-04-12 04:00:00,0,614E1950,0,,537.02,1,0,1
B031,2025-04-12 04:00:00,1,614G2040,0,,335.35,1,0,1
B031,2025-04-12 04:00:00,2,61402050,0.04690213946,1.99,306.72,1,1,1
B031,2025-04-12 05:00:00,0,614E1950,0.3406231442,,537.01,1,0,1
B031,2025-04-12 05:00:00,1,614G2040,0.2797717755,,335.34,1,0,1
B031,2025-04-12 05:00:00,2,61402050,0.08658454249,1.96,306.72,1,1,1
B031,2025-04-12 06:00:00,0,614E1950,1.009211588,,537.01,1,0,1
B031,2025-04-12 06:00:00,1,614G2040,1.295928148,,335.35,1,0,1
B031,2025-04-12 06:00:00,2,61402050,0.4066446453,1.78,306.71,1,1,1
B031,2025-04-12 07:00:00,0,614E1950,1.610459484,,537.01,1,0,1
B031,2025-04-12 07:00:00,1,614G2040,4.975809096,,335.35,1,0,1
B031,2025-04-12 07:00:00,2,61402050,2.205651123,1.81,306.71,1,1,1
B031,2025-04-12 08:00:00,0,614E1950,0.5588427703,,537.01,1,0,1
B031,2025-04-12 08:00:00,1,614G2040,0.8604393642,,335.35,1,0,1
B031,2025-04-12 08:00:00,2,61402050,0.3279815894,1.2,306.71,1,1,1
B031,2025-04-12 09:00:00,0,614E1950,0.1225773595,,537.01,1,0,1
B031,2025-04-12 09:00:00,1,614G2040,0.298775265,,335.35,1,0,1
B031,2025-04-12 09:00:00,2,61402050,0.1543718331,1.2,306.71,1,1,1
B031,2025-04-12 10:00:00,0,614E1950,0.07853987119,,537.02,1,0,1
B031,2025-04-12 10:00:00,1,614G2040,0.01810572492,,335.35,1,0,1
B031,2025-04-12 10:00:00,2,61402050,0.08309537822,1.02,306.7,1,1,1
B031,2025-04-12 11:00:00,0,614E1950,0.06112736104,,537.02,1,0,1
B031,2025-04-12 11:00:00,1,614G2040,0.07383172314,,335.34,1,0,1
B031,2025-04-12 11:00:00,2,61402050,0.03147509276,1.02,306.7,1,1,1
B031,2025-04-12 12:00:00,0,614E1950,0,,537.02,1,0,1
B031,2025-04-12 12:00:00,1,614G2040,0,,335.35,1,0,1
B031,2025-04-12 12:00:00,2,61402050,0,1.02,306.7,1,1,1
B031,2025-04-12 13:00:00,0,614E1950,0,,537.02,1,0,1
B031,2025-04-12 13:00:00,1,614G2040,0.01232074968,,335.34,1,0,1
B031,2025-04-12 13:00:00,2,61402050,0.0004341390214,0.86,306.69,1,1,1
B031,2025-04-12 14:00:00,0,614E1950,0,,537.01,1,0,1
B031,2025-04-12 14:00:00,1,614G2040,0,,335.34,1,0,1
B031,2025-04-12 14:00:00,2,61402050,0,0.86,306.69,1,1,1
B031,2025-04-12 15:00:00,0,614E1950,0,,537.01,1,0,1
B031,2025-04-12 15:00:00,1,614G2040,0,,335.35,1,0,1
B031,2025-04-12 15:00:00,2,61402050,0,0.872,306.69,1,1,1
B031,2025-04-12 16:00:00,0,614E1950,0,,537.01,1,0,1
B031,2025-04-12 16:00:00,1,614G2040,0,,335.34,1,0,1
B031,2025-04-12 16:00:00,2,61402050,0,0.872,306.69,1,1,1
B031,2025-04-12 17:00:00,0,614E1950,0,,537.01,1,0,1
B031,2025-04-12 17:00:00,1,614G2040,0,,335.35,1,0,1
B031,2025-04-12 17:00:00,2,61402050,0,0.86,306.69,1,1,1
B031,2025-04-12 18:00:00,0,614E1950,0,,537.01,1,0,1
B031,2025-04-12 18:00:00,1,614G2040,0,,335.35,1,0,1
B031,2025-04-12 18:00:00,2,61402050,0,0.86,306.69,1,1,1
B031,2025-04-12 19:00:00,0,614E1950,0,,537.01,1,0,1
B031,2025-04-12 19:00:00,1,614G2040,0,,335.34,1,0,1
B031,2025-04-12 19:00:00,2,61402050,0,0.7,306.68,1,1,1
B031,2025-04-12 20:00:00,0,614E1950,0,,537.01,1,0,1
B031,2025-04-12 20:00:00,1,614G2040,0,,335.34,1,0,1
B031,2025-04-12 20:00:00,2,61402050,0,0.7,306.68,1,1,1
B031,2025-04-12 21:00:00,0,614E1950,0,,537.01,1,0,1
B031,2025-04-12 21:00:00,1,614G2040,0,,335.34,1,0,1
B031,2025-04-12 21:00:00,2,61402050,0,0.7,306.68,1,1,1
B031,2025-04-12 22:00:00,0,614E1950,0,,537.01,1,0,1
B031,2025-04-12 22:00:00,1,614G2040,0,,335.35,1,0,1
B031,2025-04-12 22:00:00,2,61402050,0,0.7,306.68,1,1,1
B031,2025-04-12 23:00:00,0,614E1950,0,,537.01,1,0,1
B031,2025-04-12 23:00:00,1,614G2040,0,,335.34,1,0,1
B031,2025-04-12 23:00:00,2,61402050,0,0.541,306.67,1,1,1
B031,2025-04-13 00:00:00,0,614E1950,0,,537.01,1,0,1
B031,2025-04-13 00:00:00,1,614G2040,0,,335.34,1,0,1
B031,2025-04-13 00:00:00,2,61402050,0,0.541,306.67,1,1,1
B031,2025-04-13 01:00:00,0,614E1950,0,,537.01,1,0,1
B031,2025-04-13 01:00:00,1,614G2040,0,,335.34,1,0,1
B031,2025-04-13 01:00:00,2,61402050,0,0.569,306.67,1,1,1
B031,2025-04-13 02:00:00,0,614E1950,0,,537,1,0,1
B031,2025-04-13 02:00:00,1,614G2040,0,,335.34,1,0,1
B031,2025-04-13 02:00:00,2,61402050,0,0.569,306.67,1,1,1
B031,2025-04-13 03:00:00,0,614E1950,0,,537,1,0,1
B031,2025-04-13 03:00:00,1,614G2040,0,,335.34,1,0,1
B031,2025-04-13 03:00:00,2,61402050,0,0.541,306.67,1,1,1
B031,2025-04-13 04:00:00,0,614E1950,0,,537,1,0,1
B031,2025-04-13 04:00:00,1,614G2040,0,,335.34,1,0,1
B031,2025-04-13 04:00:00,2,61402050,0,0.541,306.67,1,1,1
B031,2025-04-13 05:00:00,0,614E1950,0,,537,1,0,1
B031,2025-04-13 05:00:00,1,614G2040,0,,335.34,1,0,1
B031,2025-04-13 05:00:00,2,61402050,0,0.38,306.66,1,1,1
B031,2025-04-13 06:00:00,0,614E1950,0,,537,1,0,1
B031,2025-04-13 06:00:00,1,614G2040,0,,335.34,1,0,1
B031,2025-04-13 06:00:00,2,61402050,0,0.38,306.66,1,1,1
B031,2025-04-13 07:00:00,0,614E1950,0.8210873621,,537,1,0,1
B031,2025-04-13 07:00:00,1,614G2040,1.204407448,,335.34,1,0,1
B031,2025-04-13 07:00:00,2,61402050,0.5902274053,0.38,306.66,1,1,1
B031,2025-04-13 08:00:00,0,614E1950,0,,536.99,1,0,1
B031,2025-04-13 08:00:00,1,614G2040,0,,335.34,1,0,1
B031,2025-04-13 08:00:00,2,61402050,0,0.813,306.66,1,1,1
B031,2025-04-13 09:00:00,0,614E1950,0,,536.99,1,0,1
B031,2025-04-13 09:00:00,1,614G2040,0,,335.34,1,0,1
B031,2025-04-13 09:00:00,2,61402050,0.0006605751495,0.813,306.66,1,1,1
B031,2025-04-13 10:00:00,0,614E1950,0,,536.99,1,0,1
B031,2025-04-13 10:00:00,1,614G2040,0,,335.34,1,0,1
B031,2025-04-13 10:00:00,2,61402050,0,0.813,306.66,1,1,1
B031,2025-04-13 11:00:00,0,614E1950,0,,536.99,1,0,1
B031,2025-04-13 11:00:00,1,614G2040,0,,335.34,1,0,1
B031,2025-04-13 11:00:00,2,61402050,0,0.813,306.66,1,1,1
B031,2025-04-13 12:00:00,0,614E1950,0,,536.99,1,0,1
B031,2025-04-13 12:00:00,1,614G2040,0,,335.34,1,0,1
B031,2025-04-13 12:00:00,2,61402050,0,0.813,306.66,1,1,1
B031,2025-04-13 13:00:00,0,614E1950,0,,536.99,1,0,1
B031,2025-04-13 13:00:00,1,614G2040,0,,335.34,1,0,1
B031,2025-04-13 13:00:00,2,61402050,0,0.813,306.66,1,1,1
B031,2025-04-13 14:00:00,0,614E1950,0,,536.99,1,0,1
B031,2025-04-13 14:00:00,1,614G2040,0,,335.34,1,0,1
B031,2025-04-13 14:00:00,2,61402050,0,0.813,306.66,1,1,1
B031,2025-04-13 15:00:00,0,614E1950,0,,536.99,1,0,1
B031,2025-04-13 15:00:00,1,614G2040,0,,335.34,1,0,1
B031,2025-04-13 15:00:00,2,61402050,0,0.813,306.66,1,1,1
B031,2025-04-13 16:00:00,0,614E1950,0,,536.99,1,0,1
B031,2025-04-13 16:00:00,1,614G2040,0,,335.34,1,0,1
B031,2025-04-13 16:00:00,2,61402050,0,0.813,306.66,1,1,1
B031,2025-04-13 17:00:00,0,614E1950,0,,536.99,1,0,1
B031,2025-04-13 17:00:00,1,614G2040,0,,335.34,1,0,1
B031,2025-04-13 17:00:00,2,61402050,0,0.813,306.66,1,1,1
B031,2025-04-13 18:00:00,0,614E1950,0,,536.98,1,0,1
B031,2025-04-13 18:00:00,1,614G2040,0,,335.34,1,0,1
B031,2025-04-13 18:00:00,2,61402050,0,0.813,306.66,1,1,1
B031,2025-04-13 19:00:00,0,614E1950,0,,536.98,1,0,1
B031,2025-04-13 19:00:00,1,614G2040,0,,335.34,1,0,1
B031,2025-04-13 19:00:00,2,61402050,0,0.813,306.66,1,1,1
B031,2025-04-13 20:00:00,0,614E1950,0,,536.98,1,0,1
B031,2025-04-13 20:00:00,1,614G2040,0,,335.34,1,0,1
B031,2025-04-13 20:00:00,2,61402050,0,0.813,306.66,1,1,1
B031,2025-04-13 21:00:00,0,614E1950,0,,536.98,1,0,1
B031,2025-04-13 21:00:00,1,614G2040,0,,335.34,1,0,1
B031,2025-04-13 21:00:00,2,61402050,0,0.813,306.66,1,1,1
B031,2025-04-13 22:00:00,0,614E1950,0,,536.98,1,0,1
B031,2025-04-13 22:00:00,1,614G2040,0,,335.34,1,0,1
B031,2025-04-13 22:00:00,2,61402050,0,0.813,306.66,1,1,1
B031,2025-04-13 23:00:00,0,614E1950,0,,536.98,1,0,1
B031,2025-04-13 23:00:00,1,614G2040,0,,335.34,1,0,1
B031,2025-04-13 23:00:00,2,61402050,0,0.813,306.66,1,1,1
B031,2025-04-14 00:00:00,0,614E1950,0,,536.98,1,0,1
B031,2025-04-14 00:00:00,1,614G2040,0,,335.34,1,0,1
B031,2025-04-14 00:00:00,2,61402050,0,0.653,306.65,1,1,1
B031,2025-04-14 01:00:00,0,614E1950,0,,536.98,1,0,1
B031,2025-04-14 01:00:00,1,614G2040,0,,335.34,1,0,1
B031,2025-04-14 01:00:00,2,61402050,0,0.653,306.65,1,1,1
B031,2025-04-14 02:00:00,0,614E1950,0,,536.98,1,0,1
B031,2025-04-14 02:00:00,1,614G2040,0,,335.34,1,0,1
B031,2025-04-14 02:00:00,2,61402050,0,0.653,306.65,1,1,1
B031,2025-04-14 03:00:00,0,614E1950,0,,536.98,1,0,1
B031,2025-04-14 03:00:00,1,614G2040,0,,335.34,1,0,1
B031,2025-04-14 03:00:00,2,61402050,0,0.653,306.65,1,1,1
B031,2025-04-14 04:00:00,0,614E1950,0,,536.97,1,0,1
B031,2025-04-14 04:00:00,1,614G2040,0,,335.34,1,0,1
B031,2025-04-14 04:00:00,2,61402050,0,0.653,306.65,1,1,1
B031,2025-04-14 05:00:00,0,614E1950,0,,536.97,1,0,1
B031,2025-04-14 05:00:00,1,614G2040,0,,335.34,1,0,1
B031,2025-04-14 05:00:00,2,61402050,0,0.653,306.65,1,1,1
B031,2025-04-14 06:00:00,0,614E1950,0,,536.97,1,0,1
B031,2025-04-14 06:00:00,1,614G2040,0,,335.34,1,0,1
B031,2025-04-14 06:00:00,2,61402050,0,0.653,306.65,1,1,1
B031,2025-04-14 07:00:00,0,614E1950,0,,536.97,1,0,1
B031,2025-04-14 07:00:00,1,614G2040,0,,335.34,1,0,1
B031,2025-04-14 07:00:00,2,61402050,0,0.653,306.65,1,1,1
B031,2025-04-14 08:00:00,0,614E1950,0,,536.97,1,0,1
B031,2025-04-14 08:00:00,1,614G2040,0,,335.34,1,0,1
B031,2025-04-14 08:00:00,2,61402050,0,0.747,306.65,1,1,1
B031,2025-04-14 09:00:00,0,614E1950,0,,536.97,1,0,1
B031,2025-04-14 09:00:00,1,614G2040,0,,335.34,1,0,1
B031,2025-04-14 09:00:00,2,61402050,0,0.747,306.65,1,1,1
B031,2025-04-14 10:00:00,0,614E1950,0,,536.96,1,0,1
B031,2025-04-14 10:00:00,1,614G2040,0,,335.34,1,0,1
B031,2025-04-14 10:00:00,2,61402050,0.0006605751495,0.747,306.65,1,1,1
B031,2025-04-14 11:00:00,0,614E1950,0,,536.96,1,0,1
B031,2025-04-14 11:00:00,1,614G2040,0,,335.34,1,0,1
B031,2025-04-14 11:00:00,2,61402050,0,0.747,306.65,1,1,1
B031,2025-04-14 12:00:00,0,614E1950,0,,536.96,1,0,1
B031,2025-04-14 12:00:00,1,614G2040,0,,335.34,1,0,1
B031,2025-04-14 12:00:00,2,61402050,0,0.747,306.65,1,1,1
B031,2025-04-14 13:00:00,0,614E1950,0,,536.96,1,0,1
B031,2025-04-14 13:00:00,1,614G2040,0,,335.34,1,0,1
B031,2025-04-14 13:00:00,2,61402050,0,0.747,306.65,1,1,1
B031,2025-04-14 14:00:00,0,614E1950,0,,536.95,1,0,1
B031,2025-04-14 14:00:00,1,614G2040,0,,335.34,1,0,1
B031,2025-04-14 14:00:00,2,61402050,0,0.647,306.64,1,1,1
B031,2025-05-05 19:00:00,0,614E1950,0,,536.99,1,0,1
B031,2025-05-05 19:00:00,1,614G2040,0,,335.43,1,0,1
B031,2025-05-05 19:00:00,2,61402050,0,2.06,306.7,1,1,1
B031,2025-05-05 20:00:00,0,614E1950,0,,536.98,1,0,1
B031,2025-05-05 20:00:00,1,614G2040,0,,335.43,1,0,1
B031,2025-05-05 20:00:00,2,61402050,0,1.9,306.69,1,1,1
B031,2025-05-05 21:00:00,0,614E1950,0,,536.98,1,0,1
B031,2025-05-05 21:00:00,1,614G2040,0,,335.43,1,0,1
B031,2025-05-05 21:00:00,2,61402050,0,1.9,306.69,1,1,1
B031,2025-05-05 22:00:00,0,614E1950,0,,536.98,1,0,1
B031,2025-05-05 22:00:00,1,614G2040,0,,335.43,1,0,1
B031,2025-05-05 22:00:00,2,61402050,0,1.9,306.69,1,1,1
B031,2025-05-05 23:00:00,0,614E1950,0,,536.98,1,0,1
B031,2025-05-05 23:00:00,1,614G2040,0,,335.43,1,0,1
B031,2025-05-05 23:00:00,2,61402050,0,1.9,306.69,1,1,1
B031,2025-05-06 00:00:00,0,614E1950,0,,536.98,1,0,1
B031,2025-05-06 00:00:00,1,614G2040,0,,335.43,1,0,1
B031,2025-05-06 00:00:00,2,61402050,0,1.9,306.69,1,1,1
B031,2025-05-06 01:00:00,0,614E1950,0,,536.98,1,0,1
B031,2025-05-06 01:00:00,1,614G2040,0,,335.43,1,0,1
B031,2025-05-06 01:00:00,2,61402050,0,1.92,306.69,1,1,1
B031,2025-05-06 02:00:00,0,614E1950,0,,536.98,1,0,1
B031,2025-05-06 02:00:00,1,614G2040,0,,335.43,1,0,1
B031,2025-05-06 02:00:00,2,61402050,0,1.92,306.69,1,1,1
B031,2025-05-06 03:00:00,0,614E1950,0,,536.98,1,0,1
B031,2025-05-06 03:00:00,1,614G2040,0,,335.43,1,0,1
B031,2025-05-06 03:00:00,2,61402050,0,1.9,306.69,1,1,1
B031,2025-05-06 04:00:00,0,614E1950,0,,536.98,1,0,1
B031,2025-05-06 04:00:00,1,614G2040,0,,335.43,1,0,1
B031,2025-05-06 04:00:00,2,61402050,0,1.9,306.69,1,1,1
B031,2025-05-06 05:00:00,0,614E1950,0,,536.97,1,0,1
B031,2025-05-06 05:00:00,1,614G2040,0,,335.43,1,0,1
B031,2025-05-06 05:00:00,2,61402050,0,1.9,306.69,1,1,1
B031,2025-05-06 06:00:00,0,614E1950,0,,536.97,1,0,1
B031,2025-05-06 06:00:00,1,614G2040,0,,335.43,1,0,1
B031,2025-05-06 06:00:00,2,61402050,0,1.9,306.69,1,1,1
B031,2025-05-06 07:00:00,0,614E1950,0,,536.97,1,0,1
B031,2025-05-06 07:00:00,1,614G2040,0,,335.43,1,0,1
B031,2025-05-06 07:00:00,2,61402050,0.04606834784,1.9,306.69,1,1,1
B031,2025-05-06 08:00:00,0,614E1950,0,,536.97,1,0,1
B031,2025-05-06 08:00:00,1,614G2040,0,,335.43,1,0,1
B031,2025-05-06 08:00:00,2,61402050,0,1.02,306.69,1,1,1
B031,2025-05-06 09:00:00,0,614E1950,0,,536.97,1,0,1
B031,2025-05-06 09:00:00,1,614G2040,0,,335.42,1,0,1
B031,2025-05-06 09:00:00,2,61402050,0,1.02,306.69,1,1,1
B031,2025-05-06 10:00:00,0,614E1950,0,,536.97,1,0,1
B031,2025-05-06 10:00:00,1,614G2040,0,,335.43,1,0,1
B031,2025-05-06 10:00:00,2,61402050,0,1.02,306.69,1,1,1
B031,2025-05-06 11:00:00,0,614E1950,0,,536.96,1,0,1
B031,2025-05-06 11:00:00,1,614G2040,0,,335.43,1,0,1
B031,2025-05-06 11:00:00,2,61402050,0,1.02,306.69,1,1,1
B031,2025-05-06 12:00:00,0,614E1950,0,,536.96,1,0,1
B031,2025-05-06 12:00:00,1,614G2040,0,,335.42,1,0,1
B031,2025-05-06 12:00:00,2,61402050,0,1.02,306.69,1,1,1
B031,2025-05-06 13:00:00,0,614E1950,0,,536.96,1,0,1
B031,2025-05-06 13:00:00,1,614G2040,0,,335.43,1,0,1
B031,2025-05-06 13:00:00,2,61402050,0,1.02,306.69,1,1,1
B031,2025-05-06 14:00:00,0,614E1950,0,,536.96,1,0,1
B031,2025-05-06 14:00:00,1,614G2040,0,,335.43,1,0,1
B031,2025-05-06 14:00:00,2,61402050,0,1.02,306.69,1,1,1
B031,2025-05-06 15:00:00,0,614E1950,0,,536.96,1,0,1
B031,2025-05-06 15:00:00,1,614G2040,0,,335.43,1,0,1
B031,2025-05-06 15:00:00,2,61402050,0.0006605751495,1.02,306.69,1,1,1
B031,2025-05-06 16:00:00,0,614E1950,0,,536.96,1,0,1
B031,2025-05-06 16:00:00,1,614G2040,0,,335.43,1,0,1
B031,2025-05-06 16:00:00,2,61402050,0,1.02,306.69,1,1,1
B031,2025-05-06 17:00:00,0,614E1950,0.1225773595,,536.95,1,0,1
B031,2025-05-06 17:00:00,1,614G2040,0.1981814944,,335.43,1,0,1
B031,2025-05-06 17:00:00,2,61402050,0.1316771988,,,1,0,0
B031,2025-05-06 18:00:00,0,614E1950,0.07846547318,,536.95,1,0,1
B031,2025-05-06 18:00:00,1,614G2040,0.04443806868,,335.43,1,0,1
B031,2025-05-06 18:00:00,2,61402050,0,1.02,306.69,1,1,1
B031,2025-05-06 19:00:00,0,614E1950,0,,536.95,1,0,1
B031,2025-05-06 19:00:00,1,614G2040,0,,335.43,1,0,1
B031,2025-05-06 19:00:00,2,61402050,0,1.02,306.69,1,1,1
B031,2025-05-06 20:00:00,0,614E1950,0,,536.95,1,0,1
B031,2025-05-06 20:00:00,1,614G2040,0,,335.43,1,0,1
B031,2025-05-06 20:00:00,2,61402050,0,1.02,306.69,1,1,1
B031,2025-05-06 21:00:00,0,614E1950,0,,536.95,1,0,1
B031,2025-05-06 21:00:00,1,614G2040,0,,335.43,1,0,1
B031,2025-05-06 21:00:00,2,61402050,0,1.02,306.69,1,1,1
B031,2025-05-06 22:00:00,0,614E1950,0,,536.95,1,0,1
B031,2025-05-06 22:00:00,1,614G2040,0,,335.43,1,0,1
B031,2025-05-06 22:00:00,2,61402050,0,1.02,306.69,1,1,1
B031,2025-05-06 23:00:00,0,614E1950,0,,536.95,1,0,1
B031,2025-05-06 23:00:00,1,614G2040,0,,335.43,1,0,1
B031,2025-05-06 23:00:00,2,61402050,0,1.02,306.69,1,1,1
B031,2025-05-07 00:00:00,0,614E1950,0,,536.95,1,0,1
B031,2025-05-07 00:00:00,1,614G2040,0,,335.43,1,0,1
B031,2025-05-07 00:00:00,2,61402050,0,1.02,306.69,1,1,1
B031,2025-05-07 01:00:00,0,614E1950,0,,536.95,1,0,1
B031,2025-05-07 01:00:00,1,614G2040,0,,335.43,1,0,1
B031,2025-05-07 01:00:00,2,61402050,0,1.02,306.69,1,1,1
B031,2025-05-07 02:00:00,0,614E1950,0,,536.95,1,0,1
B031,2025-05-07 02:00:00,1,614G2040,0,,335.43,1,0,1
B031,2025-05-07 02:00:00,2,61402050,0,1.02,306.69,1,1,1
B031,2025-05-07 03:00:00,0,614E1950,0,,536.95,1,0,1
B031,2025-05-07 03:00:00,1,614G2040,0,,335.43,1,0,1
B031,2025-05-07 03:00:00,2,61402050,0,1.02,306.69,1,1,1
B031,2025-05-07 04:00:00,0,614E1950,0,,536.95,1,0,1
B031,2025-05-07 04:00:00,1,614G2040,0,,335.43,1,0,1
B031,2025-05-07 04:00:00,2,61402050,0,1.02,306.69,1,1,1
B031,2025-05-07 05:00:00,0,614E1950,0,,536.95,1,0,1
B031,2025-05-07 05:00:00,1,614G2040,0,,335.43,1,0,1
B031,2025-05-07 05:00:00,2,61402050,0,1.02,306.69,1,1,1
B031,2025-05-07 06:00:00,0,614E1950,0,,536.95,1,0,1
B031,2025-05-07 06:00:00,1,614G2040,0,,335.43,1,0,1
B031,2025-05-07 06:00:00,2,61402050,0,1.02,306.69,1,1,1
B031,2025-05-07 07:00:00,0,614E1950,0.2010428327,,536.95,1,0,1
B031,2025-05-07 07:00:00,1,614G2040,0.3164512862,,335.43,1,0,1
B031,2025-05-07 07:00:00,2,61402050,0.1422419207,1.02,306.69,1,1,1
B031,2025-05-07 08:00:00,0,614E1950,0,,536.94,1,0,1
B031,2025-05-07 08:00:00,1,614G2040,0,,335.43,1,0,1
B031,2025-05-07 08:00:00,2,61402050,0,1.02,306.69,1,1,1
B031,2025-05-07 09:00:00,0,614E1950,0,,536.94,1,0,1
B031,2025-05-07 09:00:00,1,614G2040,0,,335.43,1,0,1
B031,2025-05-07 09:00:00,2,61402050,0,1.02,306.69,1,1,1
B031,2025-05-07 10:00:00,0,614E1950,0,,536.94,1,0,1
B031,2025-05-07 10:00:00,1,614G2040,0,,335.43,1,0,1
B031,2025-05-07 10:00:00,2,61402050,0.0006605751495,1.02,306.69,1,1,1
B031,2025-05-07 11:00:00,0,614E1950,0,,536.94,1,0,1
B031,2025-05-07 11:00:00,1,614G2040,0.01232074968,,335.42,1,0,1
B031,2025-05-07 11:00:00,2,61402050,0.0004341390214,1.02,306.69,1,1,1
B031,2025-05-07 12:00:00,0,614E1950,0,,536.94,1,0,1
B031,2025-05-07 12:00:00,1,614G2040,0,,335.43,1,0,1
B031,2025-05-07 12:00:00,2,61402050,0,1.02,306.69,1,1,1
B031,2025-05-07 13:00:00,0,614E1950,0,,536.94,1,0,1
B031,2025-05-07 13:00:00,1,614G2040,0,,335.42,1,0,1
B031,2025-05-07 13:00:00,2,61402050,0,1.02,306.69,1,1,1
B031,2025-05-07 14:00:00,0,614E1950,0,,536.94,1,0,1
B031,2025-05-07 14:00:00,1,614G2040,0,,335.43,1,0,1
B031,2025-05-07 14:00:00,2,61402050,0,1.02,306.69,1,1,1
B031,2025-05-07 15:00:00,0,614E1950,0,,536.94,1,0,1
B031,2025-05-07 15:00:00,1,614G2040,0,,335.43,1,0,1
B031,2025-05-07 15:00:00,2,61402050,0,1.02,306.69,1,1,1
B031,2025-05-07 16:00:00,0,614E1950,0,,536.93,1,0,1
B031,2025-05-07 16:00:00,1,614G2040,0,,335.43,1,0,1
B031,2025-05-07 16:00:00,2,61402050,0,1.02,306.69,1,1,1
B031,2025-05-07 17:00:00,0,614E1950,0,,536.93,1,0,1
B031,2025-05-07 17:00:00,1,614G2040,0,,335.43,1,0,1
B031,2025-05-07 17:00:00,2,61402050,0,1.02,306.69,1,1,1
B031,2025-05-07 18:00:00,0,614E1950,0,,536.93,1,0,1
B031,2025-05-07 18:00:00,1,614G2040,0,,335.43,1,0,1
B031,2025-05-07 18:00:00,2,61402050,0,1.02,306.69,1,1,1
B031,2025-05-07 19:00:00,0,614E1950,0.5136857968,,536.93,1,0,1
B031,2025-05-07 19:00:00,1,614G2040,1.237625451,,335.43,1,0,1
B031,2025-05-07 19:00:00,2,61402050,0.2781355286,1.02,306.69,1,1,1
B031,2025-05-07 20:00:00,0,614E1950,0,,536.93,1,0,1
B031,2025-05-07 20:00:00,1,614G2040,0,,335.43,1,0,1
B031,2025-05-07 20:00:00,2,61402050,0,1.02,306.69,1,1,1
B031,2025-05-07 21:00:00,0,614E1950,0.06112736104,,536.94,1,0,1
B031,2025-05-07 21:00:00,1,614G2040,0.01232074968,,335.43,1,0,1
B031,2025-05-07 21:00:00,2,61402050,0.002114404481,1.02,306.69,1,1,1
B031,2025-05-07 22:00:00,0,614E1950,0,,536.93,1,0,1
B031,2025-05-07 22:00:00,1,614G2040,0,,335.43,1,0,1
B031,2025-05-07 22:00:00,2,61402050,0,1.02,306.69,1,1,1
B031,2025-05-07 23:00:00,0,614E1950,0,,536.93,1,0,1
B031,2025-05-07 23:00:00,1,614G2040,0,,335.43,1,0,1
B031,2025-05-07 23:00:00,2,61402050,0,1.02,306.69,1,1,1
B031,2025-05-08 00:00:00,0,614E1950,0.04515697358,,536.93,1,0,1
B031,2025-05-08 00:00:00,1,614G2040,0,,335.43,1,0,1
B031,2025-05-08 00:00:00,2,61402050,0.02704487971,0.86,306.68,1,1,1
B031,2025-05-08 01:00:00,0,614E1950,1.509730539,,536.93,1,0,1
B031,2025-05-08 01:00:00,1,614G2040,1.840444192,,335.43,1,0,1
B031,2025-05-08 01:00:00,2,61402050,0.7852533864,0.86,306.68,1,1,1
B031,2025-05-08 02:00:00,0,614E1950,2.571540592,,536.94,1,0,1
B031,2025-05-08 02:00:00,1,614G2040,4.027893441,,335.43,1,0,1
B031,2025-05-08 02:00:00,2,61402050,3.056199414,1.02,306.69,1,1,1
B031,2025-05-08 03:00:00,0,614E1950,5.747507834,,536.96,1,0,1
B031,2025-05-08 03:00:00,1,614G2040,8.640318082,,335.43,1,0,1
B031,2025-05-08 03:00:00,2,61402050,4.202423468,1.9,306.74,1,1,1
B031,2025-05-08 04:00:00,0,614E1950,5.374884912,,537.01,1,0,1
B031,2025-05-08 04:00:00,1,614G2040,6.074971944,,335.44,1,0,1
B031,2025-05-08 04:00:00,2,61402050,5.014440775,3.34,306.81,1,1,1
B031,2025-05-08 05:00:00,0,614E1950,4.395890265,,537.08,1,0,1
B031,2025-05-08 05:00:00,1,614G2040,7.29519507,,335.45,1,0,1
B031,2025-05-08 05:00:00,2,61402050,3.413826882,5.88,306.9,1,1,1
B031,2025-05-08 06:00:00,0,614E1950,5.556924306,,537.34,1,0,1
B031,2025-05-08 06:00:00,1,614G2040,6.84249637,,335.45,1,0,1
B031,2025-05-08 06:00:00,2,61402050,6.235175507,8.12,306.97,1,1,1
B031,2025-05-08 07:00:00,0,614E1950,2.112779151,,537.76,1,0,1
B031,2025-05-08 07:00:00,1,614G2040,11.59273946,,335.47,1,0,1
B031,2025-05-08 07:00:00,2,61402050,6.543151358,25.5,307.27,1,1,1
B031,2025-05-08 08:00:00,0,614E1950,1.751498317,,537.88,1,0,1
B031,2025-05-08 08:00:00,1,614G2040,3.818787399,,335.48,1,0,1
B031,2025-05-08 08:00:00,2,61402050,1.72297957,30.8,307.4,1,1,1
B031,2025-05-08 09:00:00,0,614E1950,0.04515697358,,537.95,1,0,1
B031,2025-05-08 09:00:00,1,614G2040,0.01444129781,,335.49,1,0,1
B031,2025-05-08 09:00:00,2,61402050,0.1408594994,29.2,307.38,1,1,1
B031,2025-05-08 10:00:00,0,614E1950,0,,537.94,1,0,1
B031,2025-05-08 10:00:00,1,614G2040,0,,335.5,1,0,1
B031,2025-05-08 10:00:00,2,61402050,0,26.1,307.34,1,1,1
B031,2025-05-08 11:00:00,0,614E1950,0,,537.91,1,0,1
B031,2025-05-08 11:00:00,1,614G2040,0,,335.5,1,0,1
B031,2025-05-08 11:00:00,2,61402050,0,23.8,307.31,1,1,1
B031,2025-05-08 12:00:00,0,614E1950,0,,537.87,1,0,1
B031,2025-05-08 12:00:00,1,614G2040,0,,335.5,1,0,1
B031,2025-05-08 12:00:00,2,61402050,0,20.2,307.26,1,1,1
B031,2025-05-08 13:00:00,0,614E1950,0.0162061042,,537.82,1,0,1
B031,2025-05-08 13:00:00,1,614G2040,0,,335.5,1,0,1
B031,2025-05-08 13:00:00,2,61402050,0.0006605751495,16.7,307.21,1,1,1
B031,2025-05-08 14:00:00,0,614E1950,0,,537.76,1,0,1
B031,2025-05-08 14:00:00,1,614G2040,0.002120548132,,335.5,1,0,1
B031,2025-05-08 14:00:00,2,61402050,0.02040999341,14.1,307.17,1,1,1
B031,2025-05-08 15:00:00,0,614E1950,0,,537.71,1,0,1
B031,2025-05-08 15:00:00,1,614G2040,0,,335.5,1,0,1
B031,2025-05-08 15:00:00,2,61402050,0,12.2,307.14,1,1,1
B031,2025-05-08 16:00:00,0,614E1950,0,,537.52,1,0,1
B031,2025-05-08 16:00:00,1,614G2040,0,,335.49,1,0,1
B031,2025-05-08 16:00:00,2,61402050,0,10.3,307.11,1,1,1
B031,2025-05-08 17:00:00,0,614E1950,0,,537.52,1,0,1
B031,2025-05-08 17:00:00,1,614G2040,0,,335.49,1,0,1
B031,2025-05-08 17:00:00,2,61402050,0,8.66,307.08,1,1,1
B031,2025-05-08 18:00:00,0,614E1950,1.158100371,,537.52,1,0,1
B031,2025-05-08 18:00:00,1,614G2040,1.328969679,,335.49,1,0,1
B031,2025-05-08 18:00:00,2,61402050,0.6342291434,7.62,307.06,1,1,1
B031,2025-05-08 19:00:00,0,614E1950,0.07749478396,,537.52,1,0,1
B031,2025-05-08 19:00:00,1,614G2040,0.118846461,,335.49,1,0,1
B031,2025-05-08 19:00:00,2,61402050,0.2773003255,6.58,307.04,1,1,1
B031,2025-05-08 20:00:00,0,614E1950,0.0324122084,,537.52,1,0,1
B031,2025-05-08 20:00:00,1,614G2040,0,,335.48,1,0,1
B031,2025-05-08 20:00:00,2,61402050,0,5.52,307.02,1,1,1
B031,2025-05-08 21:00:00,0,614E1950,0.7376926531,,537.52,1,0,1
B031,2025-05-08 21:00:00,1,614G2040,0.4199037769,,335.48,1,0,1
B031,2025-05-08 21:00:00,2,61402050,0.08281490458,5,307.01,1,1,1
B031,2025-05-08 22:00:00,0,614E1950,0.1397541529,,537.52,1,0,1
B031,2025-05-08 22:00:00,1,614G2040,0.5009591887,,335.48,1,0,1
B031,2025-05-08 22:00:00,2,61402050,0.09297048731,4.18,306.99,1,1,1
B031,2025-05-08 23:00:00,0,614E1950,0,,537.52,1,0,1
B031,2025-05-08 23:00:00,1,614G2040,0,,335.48,1,0,1
B031,2025-05-08 23:00:00,2,61402050,0,3.86,306.98,1,1,1
B031,2025-05-09 00:00:00,0,614E1950,0,,537.52,1,0,1
B031,2025-05-09 00:00:00,1,614G2040,0,,335.48,1,0,1
B031,2025-05-09 00:00:00,2,61402050,0,3.22,306.96,1,1,1
B031,2025-05-09 01:00:00,0,614E1950,0,,537.52,1,0,1
B031,2025-05-09 01:00:00,1,614G2040,0,,335.48,1,0,1
B031,2025-05-09 01:00:00,2,61402050,0,2.9,306.95,1,1,1
B031,2025-05-09 02:00:00,0,614E1950,0,,537.52,1,0,1
B031,2025-05-09 02:00:00,1,614G2040,0,,335.47,1,0,1
B031,2025-05-09 02:00:00,2,61402050,0,2.58,306.94,1,1,1
B031,2025-05-09 03:00:00,0,614E1950,0,,537.52,1,0,1
B031,2025-05-09 03:00:00,1,614G2040,0,,335.47,1,0,1
B031,2025-05-09 03:00:00,2,61402050,0,2.26,306.93,1,1,1
B031,2025-05-09 04:00:00,0,614E1950,0,,537.52,1,0,1
B031,2025-05-09 04:00:00,1,614G2040,0,,335.47,1,0,1
B031,2025-05-09 04:00:00,2,61402050,0,1.94,306.92,1,1,1
B031,2025-05-09 05:00:00,0,614E1950,0,,537.52,1,0,1
B031,2025-05-09 05:00:00,1,614G2040,0,,335.47,1,0,1
B031,2025-05-09 05:00:00,2,61402050,0,1.62,306.91,1,1,1
B031,2025-05-09 06:00:00,0,614E1950,0.06112736104,,537.52,1,0,1
B031,2025-05-09 06:00:00,1,614G2040,0,,335.47,1,0,1
B031,2025-05-09 06:00:00,2,61402050,0.00168026546,1.28,306.9,1,1,1
B031,2025-05-09 07:00:00,0,614E1950,4.019442925,,537.52,1,0,1
B031,2025-05-09 07:00:00,1,614G2040,6.277860073,,335.46,1,0,1
B031,2025-05-09 07:00:00,2,61402050,3.223080128,0.99,306.89,1,1,1
B031,2025-05-09 08:00:00,0,614E1950,0,,537.52,1,0,1
B031,2025-05-09 08:00:00,1,614G2040,0,,335.46,1,0,1
B031,2025-05-09 08:00:00,2,61402050,0,5.48,306.88,1,1,1
B031,2025-05-09 09:00:00,0,614E1950,0,,537.52,1,0,1
B031,2025-05-09 09:00:00,1,614G2040,0,,335.46,1,0,1
B031,2025-05-09 09:00:00,2,61402050,0,5.48,306.88,1,1,1
B031,2025-05-09 10:00:00,0,614E1950,0,,537.52,1,0,1
B031,2025-05-09 10:00:00,1,614G2040,0,,335.79,1,0,1
B031,2025-05-09 10:00:00,2,61402050,0,5.18,306.87,1,1,1
B031,2025-05-09 11:00:00,0,614E1950,0,,537.52,1,0,1
B031,2025-05-09 11:00:00,1,614G2040,0,,335.8,1,0,1
B031,2025-05-09 11:00:00,2,61402050,0,7.68,306.95,1,1,1
B031,2025-05-09 12:00:00,0,614E1950,0,,537.52,1,0,1
B031,2025-05-09 12:00:00,1,614G2040,0,,335.8,1,0,1
B031,2025-05-09 12:00:00,2,61402050,0,7.68,306.95,1,1,1
B031,2025-05-09 13:00:00,0,614E1950,0,,537.52,1,0,1
B031,2025-05-09 13:00:00,1,614G2040,0,,335.8,1,0,1
B031,2025-05-09 13:00:00,2,61402050,0,7.68,306.95,1,1,1
B031,2025-05-09 14:00:00,0,614E1950,0,,537.52,1,0,1
B031,2025-05-09 14:00:00,1,614G2040,0,,335.8,1,0,1
B031,2025-05-09 14:00:00,2,61402050,0,7.36,306.94,1,1,1
B031,2025-05-09 15:00:00,0,614E1950,0,,537.52,1,0,1
B031,2025-05-09 15:00:00,1,614G2040,0,,335.8,1,0,1
B031,2025-05-09 15:00:00,2,61402050,0,7.04,306.93,1,1,1
B031,2025-05-09 16:00:00,0,614E1950,0,,537.52,1,0,1
B031,2025-05-09 16:00:00,1,614G2040,0,,335.8,1,0,1
B031,2025-05-09 16:00:00,2,61402050,0,7.04,306.93,1,1,1
B031,2025-05-09 17:00:00,0,614E1950,0,,537.52,1,0,1
B031,2025-05-09 17:00:00,1,614G2040,0,,335.8,1,0,1
B031,2025-05-09 17:00:00,2,61402050,0,7.04,306.93,1,1,1
B031,2025-05-09 18:00:00,0,614E1950,0,,537.52,1,0,1
B031,2025-05-09 18:00:00,1,614G2040,0,,335.81,1,0,1
B031,2025-05-09 18:00:00,2,61402050,0,7.01,306.93,1,1,1
B031,2025-05-09 19:00:00,0,614E1950,0,,537.52,1,0,1
B031,2025-05-09 19:00:00,1,614G2040,0,,335.81,1,0,1
B031,2025-05-09 19:00:00,2,61402050,0,6.72,306.92,1,1,1
B031,2025-05-09 20:00:00,0,614E1950,0,,537.52,1,0,1
B031,2025-05-09 20:00:00,1,614G2040,0,,335.8,1,0,1
B031,2025-05-09 20:00:00,2,61402050,0,6.72,306.92,1,1,1
B031,2025-05-09 21:00:00,0,614E1950,0,,537.52,1,0,1
B031,2025-05-09 21:00:00,1,614G2040,0,,335.8,1,0,1
B031,2025-05-09 21:00:00,2,61402050,0,6.72,306.92,1,1,1
B031,2025-05-09 22:00:00,0,614E1950,0,,537.52,1,0,1
B031,2025-05-09 22:00:00,1,614G2040,0,,335.8,1,0,1
B031,2025-05-09 22:00:00,2,61402050,0,6.72,306.92,1,1,1
B031,2025-05-09 23:00:00,0,614E1950,0,,537.52,1,0,1
B031,2025-05-09 23:00:00,1,614G2040,0,,335.8,1,0,1
B031,2025-05-09 23:00:00,2,61402050,0,6.72,306.92,1,1,1
B031,2025-05-10 00:00:00,0,614E1950,0,,537.52,1,0,1
B031,2025-05-10 00:00:00,1,614G2040,0,,335.81,1,0,1
B031,2025-05-10 00:00:00,2,61402050,0,6.4,306.91,1,1,1
B031,2025-05-10 01:00:00,0,614E1950,0,,537.52,1,0,1
B031,2025-05-10 01:00:00,1,614G2040,0,,335.8,1,0,1
B031,2025-05-10 01:00:00,2,61402050,0,6.4,306.91,1,1,1
B031,2025-05-10 02:00:00,0,614E1950,0,,537.52,1,0,1
B031,2025-05-10 02:00:00,1,614G2040,0,,335.8,1,0,1
B031,2025-05-10 02:00:00,2,61402050,0,6.4,306.91,1,1,1
B031,2025-05-10 03:00:00,0,614E1950,0.0162061042,,537.52,1,0,1
B031,2025-05-10 03:00:00,1,614G2040,0,,335.8,1,0,1
B031,2025-05-10 03:00:00,2,61402050,0,6.08,306.9,1,1,1
B031,2025-05-10 04:00:00,0,614E1950,0.1396672322,,537.52,1,0,1
B031,2025-05-10 04:00:00,1,614G2040,0.01810572492,,335.8,1,0,1
B031,2025-05-10 04:00:00,2,61402050,0.04729467544,6.06,306.9,1,1,1
B031,2025-05-10 05:00:00,0,614E1950,0.606329075,,537.52,1,0,1
B031,2025-05-10 05:00:00,1,614G2040,0.7256077264,,335.8,1,0,1
B031,2025-05-10 05:00:00,2,61402050,0.2495103979,6.06,306.9,1,1,1
B031,2025-05-10 06:00:00,0,614E1950,0.9766380611,,537.52,1,0,1
B031,2025-05-10 06:00:00,1,614G2040,1.183443332,,335.8,1,0,1
B031,2025-05-10 06:00:00,2,61402050,0.6581598654,6.08,306.9,1,1,1
B031,2025-05-10 07:00:00,0,614E1950,1.266949754,,537.52,1,0,1
B031,2025-05-10 07:00:00,1,614G2040,2.177564618,,335.8,1,0,1
B031,2025-05-10 07:00:00,2,61402050,1.183394704,6.08,306.9,1,1,1
B031,2025-05-10 08:00:00,0,614E1950,1.283230256,,537.52,1,0,1
B031,2025-05-10 08:00:00,1,614G2040,1.756808157,,335.81,1,0,1
B031,2025-05-10 08:00:00,2,61402050,0.8912612858,6.26,306.91,1,1,1
B031,2025-05-10 09:00:00,0,614E1950,1.049700817,,537.52,1,0,1
B031,2025-05-10 09:00:00,1,614G2040,1.239261031,,335.81,1,0,1
B031,2025-05-10 09:00:00,2,61402050,0.7227982383,6.58,306.92,1,1,1
B031,2025-05-10 10:00:00,0,614E1950,0.5856909426,,537.52,1,0,1
B031,2025-05-10 10:00:00,1,614G2040,0.5908677902,,335.8,1,0,1
B031,2025-05-10 10:00:00,2,61402050,0.4748452364,6.58,306.92,1,1,1
B031,2025-05-10 11:00:00,0,614E1950,0.4181179282,,537.52,1,0,1
B031,2025-05-10 11:00:00,1,614G2040,0.4639416758,,335.81,1,0,1
B031,2025-05-10 11:00:00,2,61402050,0.2186958803,6.58,306.92,1,1,1
B031,2025-05-10 12:00:00,0,614E1950,0.9756673719,,537.52,1,0,1
B031,2025-05-10 12:00:00,1,614G2040,1.110214369,,335.8,1,0,1
B031,2025-05-10 12:00:00,2,61402050,0.62409705,6.58,306.92,1,1,1
B031,2025-05-10 13:00:00,0,614E1950,0.6813332092,,537.52,1,0,1
B031,2025-05-10 13:00:00,1,614G2040,0.7989283907,,335.81,1,0,1
B031,2025-05-10 13:00:00,2,61402050,0.6063033635,6.9,306.93,1,1,1
B031,2025-05-10 14:00:00,0,614E1950,0.1687794203,,537.52,1,0,1
B031,2025-05-10 14:00:00,1,614G2040,0.1182697918,,335.81,1,0,1
B031,2025-05-10 14:00:00,2,61402050,0.08322401157,7.22,306.94,1,1,1
B031,2025-05-10 15:00:00,0,614E1950,0,,537.52,1,0,1
B031,2025-05-10 15:00:00,1,614G2040,0,,335.81,1,0,1
B031,2025-05-10 15:00:00,2,61402050,0,7.21,306.94,1,1,1
B031,2025-05-10 16:00:00,0,614E1950,0,,537.52,1,0,1
B031,2025-05-10 16:00:00,1,614G2040,0,,335.81,1,0,1
B031,2025-05-10 16:00:00,2,61402050,0,7.21,306.94,1,1,1
B031,2025-05-10 17:00:00,0,614E1950,0,,537.52,1,0,1
B031,2025-05-10 17:00:00,1,614G2040,0,,335.8,1,0,1
B031,2025-05-10 17:00:00,2,61402050,0,7.54,306.95,1,1,1
B031,2025-05-10 18:00:00,0,614E1950,0,,537.52,1,0,1
B031,2025-05-10 18:00:00,1,614G2040,0,,335.81,1,0,1
B031,2025-05-10 18:00:00,2,61402050,0,7.54,306.95,1,1,1
B031,2025-05-10 19:00:00,0,614E1950,0,,537.52,1,0,1
B031,2025-05-10 19:00:00,1,614G2040,0,,335.81,1,0,1
B031,2025-05-10 19:00:00,2,61402050,0,7.54,306.95,1,1,1
B031,2025-05-10 20:00:00,0,614E1950,0,,537.52,1,0,1
B031,2025-05-10 20:00:00,1,614G2040,0,,335.8,1,0,1
B031,2025-05-10 20:00:00,2,61402050,0,7.22,306.94,1,1,1
B031,2025-05-10 21:00:00,0,614E1950,0,,537.52,1,0,1
B031,2025-05-10 21:00:00,1,614G2040,0,,335.8,1,0,1
B031,2025-05-10 21:00:00,2,61402050,0.003302875748,7.22,306.94,1,1,1
B031,2025-05-10 22:00:00,0,614E1950,0,,537.52,1,0,1
B031,2025-05-10 22:00:00,1,614G2040,0,,335.81,1,0,1
B031,2025-05-10 22:00:00,2,61402050,0,7.22,306.94,1,1,1
B031,2025-05-10 23:00:00,0,614E1950,0,,537.52,1,0,1
B031,2025-05-10 23:00:00,1,614G2040,0,,335.8,1,0,1
B031,2025-05-10 23:00:00,2,61402050,0,6.9,306.93,1,1,1
B031,2025-05-19 07:00:00,0,614E1950,0,,537.52,1,0,1
B031,2025-05-19 07:00:00,1,614G2040,0,,335.6,1,0,1
B031,2025-05-19 07:00:00,2,61402050,0,2.87,306.77,1,1,1
B031,2025-05-19 08:00:00,0,614E1950,0,,537.52,1,0,1
B031,2025-05-19 08:00:00,1,614G2040,0,,335.6,1,0,1
B031,2025-05-19 08:00:00,2,61402050,0,2.87,306.77,1,1,1
B031,2025-05-19 09:00:00,0,614E1950,0,,537.52,1,0,1
B031,2025-05-19 09:00:00,1,614G2040,0,,335.59,1,0,1
B031,2025-05-19 09:00:00,2,61402050,0.0006605751495,2.67,306.76,1,1,1
B031,2025-05-19 10:00:00,0,614E1950,0,,537.52,1,0,1
B031,2025-05-19 10:00:00,1,614G2040,0,,335.59,1,0,1
B031,2025-05-19 10:00:00,2,61402050,0,2.66,306.76,1,1,1
B031,2025-05-19 11:00:00,0,614E1950,0,,537.52,1,0,1
B031,2025-05-19 11:00:00,1,614G2040,0,,335.59,1,0,1
B031,2025-05-19 11:00:00,2,61402050,0,2.66,306.76,1,1,1
B031,2025-05-19 12:00:00,0,614E1950,0,,537.52,1,0,1
B031,2025-05-19 12:00:00,1,614G2040,0,,335.59,1,0,1
B031,2025-05-19 12:00:00,2,61402050,0,2.66,306.76,1,1,1
B031,2025-05-19 13:00:00,0,614E1950,0,,,1,0,0
B031,2025-05-19 13:00:00,1,614G2040,0,,335.59,1,0,1
B031,2025-05-19 13:00:00,2,61402050,0,,,1,0,0
B031,2025-05-19 14:00:00,0,614E1950,0,,537.52,1,0,1
B031,2025-05-19 14:00:00,1,614G2040,0,,335.59,1,0,1
B031,2025-05-19 14:00:00,2,61402050,0,2.67,306.76,1,1,1
B031,2025-05-19 15:00:00,0,614E1950,0,,537.52,1,0,1
B031,2025-05-19 15:00:00,1,614G2040,0,,335.61,1,0,1
B031,2025-05-19 15:00:00,2,61402050,0,2.67,306.76,1,1,1
B031,2025-05-19 16:00:00,0,614E1950,0,,537.52,1,0,1
B031,2025-05-19 16:00:00,1,614G2040,0,,335.59,1,0,1
B031,2025-05-19 16:00:00,2,61402050,0,2.87,306.77,1,1,1
B031,2025-05-19 17:00:00,0,614E1950,0,,537.52,1,0,1
B031,2025-05-19 17:00:00,1,614G2040,0,,335.59,1,0,1
B031,2025-05-19 17:00:00,2,61402050,0,2.67,306.76,1,1,1
B031,2025-05-19 18:00:00,0,614E1950,0,,537.52,1,0,1
B031,2025-05-19 18:00:00,1,614G2040,0,,335.59,1,0,1
B031,2025-05-19 18:00:00,2,61402050,0,2.67,306.76,1,1,1
B031,2025-05-19 19:00:00,0,614E1950,0,,537.52,1,0,1
B031,2025-05-19 19:00:00,1,614G2040,0,,335.59,1,0,1
B031,2025-05-19 19:00:00,2,61402050,0,2.67,306.76,1,1,1
B031,2025-05-19 20:00:00,0,614E1950,0,,537.52,1,0,1
B031,2025-05-19 20:00:00,1,614G2040,0,,335.59,1,0,1
B031,2025-05-19 20:00:00,2,61402050,0,2.67,306.76,1,1,1
B031,2025-05-19 21:00:00,0,614E1950,0,,537.52,1,0,1
B031,2025-05-19 21:00:00,1,614G2040,0,,335.59,1,0,1
B031,2025-05-19 21:00:00,2,61402050,0,2.67,306.76,1,1,1
B031,2025-05-19 22:00:00,0,614E1950,0,,537.52,1,0,1
B031,2025-05-19 22:00:00,1,614G2040,0,,335.59,1,0,1
B031,2025-05-19 22:00:00,2,61402050,0,2.67,306.76,1,1,1
B031,2025-05-19 23:00:00,0,614E1950,0,,537.52,1,0,1
B031,2025-05-19 23:00:00,1,614G2040,0,,335.59,1,0,1
B031,2025-05-19 23:00:00,2,61402050,0,2.66,306.76,1,1,1
B031,2025-05-20 00:00:00,0,614E1950,0,,537.52,1,0,1
B031,2025-05-20 00:00:00,1,614G2040,0,,335.59,1,0,1
B031,2025-05-20 00:00:00,2,61402050,0,2.66,306.76,1,1,1
B031,2025-05-20 01:00:00,0,614E1950,0,,537.52,1,0,1
B031,2025-05-20 01:00:00,1,614G2040,0,,335.59,1,0,1
B031,2025-05-20 01:00:00,2,61402050,0,2.67,306.76,1,1,1
B031,2025-05-20 02:00:00,0,614E1950,0,,537.52,1,0,1
B031,2025-05-20 02:00:00,1,614G2040,0,,335.59,1,0,1
B031,2025-05-20 02:00:00,2,61402050,0,2.67,306.76,1,1,1
B031,2025-05-20 03:00:00,0,614E1950,0,,537.52,1,0,1
B031,2025-05-20 03:00:00,1,614G2040,0,,335.6,1,0,1
B031,2025-05-20 03:00:00,2,61402050,0,2.67,306.76,1,1,1
B031,2025-05-20 04:00:00,0,614E1950,0,,537.52,1,0,1
B031,2025-05-20 04:00:00,1,614G2040,0,,335.6,1,0,1
B031,2025-05-20 04:00:00,2,61402050,0,2.67,306.76,1,1,1
B031,2025-05-20 05:00:00,0,614E1950,0,,537.52,1,0,1
B031,2025-05-20 05:00:00,1,614G2040,0,,335.59,1,0,1
B031,2025-05-20 05:00:00,2,61402050,0,2.67,306.76,1,1,1
B031,2025-05-20 06:00:00,0,614E1950,0,,537.52,1,0,1
B031,2025-05-20 06:00:00,1,614G2040,0,,335.59,1,0,1
B031,2025-05-20 06:00:00,2,61402050,0,2.67,306.76,1,1,1
B031,2025-05-20 07:00:00,0,614E1950,0,,537.52,1,0,1
B031,2025-05-20 07:00:00,1,614G2040,0,,335.59,1,0,1
B031,2025-05-20 07:00:00,2,61402050,0,2.67,306.76,1,1,1
B031,2025-05-20 08:00:00,0,614E1950,0,,537.52,1,0,1
B031,2025-05-20 08:00:00,1,614G2040,0,,335.59,1,0,1
B031,2025-05-20 08:00:00,2,61402050,0,2.67,306.76,1,1,1
B031,2025-05-20 09:00:00,0,614E1950,0.163378751,,537.52,1,0,1
B031,2025-05-20 09:00:00,1,614G2040,0.1906926915,,335.59,1,0,1
B031,2025-05-20 09:00:00,2,61402050,0.01056472188,2.67,306.76,1,1,1
B031,2025-05-20 10:00:00,0,614E1950,0,,537.52,1,0,1
B031,2025-05-20 10:00:00,1,614G2040,0.01232074968,,335.59,1,0,1
B031,2025-05-20 10:00:00,2,61402050,0.0004341390214,2.67,306.76,1,1,1
B031,2025-05-20 11:00:00,0,614E1950,0,,537.52,1,0,1
B031,2025-05-20 11:00:00,1,614G2040,0,,335.59,1,0,1
B031,2025-05-20 11:00:00,2,61402050,0,2.67,306.76,1,1,1
B031,2025-05-20 12:00:00,0,614E1950,0,,537.52,1,0,1
B031,2025-05-20 12:00:00,1,614G2040,0,,335.59,1,0,1
B031,2025-05-20 12:00:00,2,61402050,0.0006605751495,2.67,306.76,1,1,1
B031,2025-05-20 13:00:00,0,614E1950,0,,537.52,1,0,1
B031,2025-05-20 13:00:00,1,614G2040,0,,335.59,1,0,1
B031,2025-05-20 13:00:00,2,61402050,0,2.67,306.76,1,1,1
B031,2025-05-20 14:00:00,0,614E1950,0,,537.52,1,0,1
B031,2025-05-20 14:00:00,1,614G2040,0,,335.59,1,0,1
B031,2025-05-20 14:00:00,2,61402050,0,2.67,306.76,1,1,1
B031,2025-05-20 15:00:00,0,614E1950,0,,537.52,1,0,1
B031,2025-05-20 15:00:00,1,614G2040,0,,335.58,1,0,1
B031,2025-05-20 15:00:00,2,61402050,0,2.67,306.76,1,1,1
B031,2025-05-20 16:00:00,0,614E1950,0,,537.52,1,0,1
B031,2025-05-20 16:00:00,1,614G2040,0,,335.59,1,0,1
B031,2025-05-20 16:00:00,2,61402050,0,2.67,306.76,1,1,1
B031,2025-05-20 17:00:00,0,614E1950,0,,537.52,1,0,1
B031,2025-05-20 17:00:00,1,614G2040,0,,335.59,1,0,1
B031,2025-05-20 17:00:00,2,61402050,0,2.67,306.76,1,1,1
B031,2025-05-20 18:00:00,0,614E1950,0,,537.52,1,0,1
B031,2025-05-20 18:00:00,1,614G2040,0,,335.59,1,0,1
B031,2025-05-20 18:00:00,2,61402050,0,2.67,306.76,1,1,1
B031,2025-05-20 19:00:00,0,614E1950,0,,537.52,1,0,1
B031,2025-05-20 19:00:00,1,614G2040,0,,335.59,1,0,1
B031,2025-05-20 19:00:00,2,61402050,0,2.67,306.76,1,1,1
B031,2025-05-20 20:00:00,0,614E1950,0,,537.52,1,0,1
B031,2025-05-20 20:00:00,1,614G2040,0,,335.59,1,0,1
B031,2025-05-20 20:00:00,2,61402050,0,2.67,306.76,1,1,1
B031,2025-05-20 21:00:00,0,614E1950,0,,537.52,1,0,1
B031,2025-05-20 21:00:00,1,614G2040,0,,335.58,1,0,1
B031,2025-05-20 21:00:00,2,61402050,0,2.67,306.76,1,1,1
B031,2025-05-20 22:00:00,0,614E1950,0,,537.52,1,0,1
B031,2025-05-20 22:00:00,1,614G2040,0,,335.58,1,0,1
B031,2025-05-20 22:00:00,2,61402050,0,2.67,306.76,1,1,1
B031,2025-05-20 23:00:00,0,614E1950,0,,537.52,1,0,1
B031,2025-05-20 23:00:00,1,614G2040,0,,335.58,1,0,1
B031,2025-05-20 23:00:00,2,61402050,0,2.67,306.76,1,1,1
B031,2025-05-21 00:00:00,0,614E1950,0,,537.52,1,0,1
B031,2025-05-21 00:00:00,1,614G2040,0,,335.58,1,0,1
B031,2025-05-21 00:00:00,2,61402050,0,2.47,306.75,1,1,1
B031,2025-05-21 01:00:00,0,614E1950,0,,537.52,1,0,1
B031,2025-05-21 01:00:00,1,614G2040,0,,335.58,1,0,1
B031,2025-05-21 01:00:00,2,61402050,0,2.47,306.75,1,1,1
B031,2025-05-21 02:00:00,0,614E1950,0,,537.52,1,0,1
B031,2025-05-21 02:00:00,1,614G2040,0,,335.58,1,0,1
B031,2025-05-21 02:00:00,2,61402050,0,2.47,306.75,1,1,1
B031,2025-05-21 03:00:00,0,614E1950,0,,537.52,1,0,1
B031,2025-05-21 03:00:00,1,614G2040,0,,335.58,1,0,1
B031,2025-05-21 03:00:00,2,61402050,0,2.47,306.75,1,1,1
B031,2025-05-21 04:00:00,0,614E1950,0,,537.52,1,0,1
B031,2025-05-21 04:00:00,1,614G2040,0,,335.58,1,0,1
B031,2025-05-21 04:00:00,2,61402050,0,2.47,306.75,1,1,1
B031,2025-05-21 05:00:00,0,614E1950,0,,537.52,1,0,1
B031,2025-05-21 05:00:00,1,614G2040,0,,335.58,1,0,1
B031,2025-05-21 05:00:00,2,61402050,0,2.47,306.75,1,1,1
B031,2025-05-21 06:00:00,0,614E1950,0,,537.52,1,0,1
B031,2025-05-21 06:00:00,1,614G2040,0,,335.58,1,0,1
B031,2025-05-21 06:00:00,2,61402050,0,2.47,306.75,1,1,1
B031,2025-05-21 07:00:00,0,614E1950,0.163378751,,537.52,1,0,1
B031,2025-05-21 07:00:00,1,614G2040,0.129181718,,335.58,1,0,1
B031,2025-05-21 07:00:00,2,61402050,0.0004341390214,2.47,306.75,1,1,1
B031,2025-05-21 08:00:00,0,614E1950,0,,537.52,1,0,1
B031,2025-05-21 08:00:00,1,614G2040,0,,335.58,1,0,1
B031,2025-05-21 08:00:00,2,61402050,0,2.46,306.75,1,1,1
B031,2025-05-21 09:00:00,0,614E1950,0,,537.52,1,0,1
B031,2025-05-21 09:00:00,1,614G2040,0,,335.58,1,0,1
B031,2025-05-21 09:00:00,2,61402050,0,,306.75,1,0,1
B031,2025-05-21 10:00:00,0,614E1950,0,,537.52,1,0,1
B031,2025-05-21 10:00:00,1,614G2040,0,,335.58,1,0,1
B031,2025-05-21 10:00:00,2,61402050,0,,306.75,1,0,1
B031,2025-05-21 11:00:00,0,614E1950,0,,536.95,1,0,1
B031,2025-05-21 11:00:00,1,614G2040,0,,335.58,1,0,1
B031,2025-05-21 11:00:00,2,61402050,0,2.46,306.75,1,1,1
B031,2025-05-21 12:00:00,0,614E1950,0,,536.95,1,0,1
B031,2025-05-21 12:00:00,1,614G2040,0,,,1,0,0
B031,2025-05-21 12:00:00,2,61402050,0,2.46,306.75,1,1,1
B031,2025-05-21 13:00:00,0,614E1950,0,,536.95,1,0,1
B031,2025-05-21 13:00:00,1,614G2040,0,,335.58,1,0,1
B031,2025-05-21 13:00:00,2,61402050,0,2.46,306.75,1,1,1
B031,2025-05-21 14:00:00,0,614E1950,0,,536.95,1,0,1
B031,2025-05-21 14:00:00,1,614G2040,0,,335.58,1,0,1
B031,2025-05-21 14:00:00,2,61402050,0.0006605751495,2.46,306.75,1,1,1
B031,2025-05-21 15:00:00,0,614E1950,0,,536.95,1,0,1
B031,2025-05-21 15:00:00,1,614G2040,0,,335.58,1,0,1
B031,2025-05-21 15:00:00,2,61402050,0,2.46,306.75,1,1,1
B031,2025-05-21 16:00:00,0,614E1950,0,,536.95,1,0,1
B031,2025-05-21 16:00:00,1,614G2040,0,,335.58,1,0,1
B031,2025-05-21 16:00:00,2,61402050,0,2.46,306.75,1,1,1
B031,2025-05-21 17:00:00,0,614E1950,0,,536.95,1,0,1
B031,2025-05-21 17:00:00,1,614G2040,0,,335.58,1,0,1
B031,2025-05-21 17:00:00,2,61402050,0,2.46,306.75,1,1,1
B031,2025-05-21 18:00:00,0,614E1950,0,,536.95,1,0,1
B031,2025-05-21 18:00:00,1,614G2040,0,,335.58,1,0,1
B031,2025-05-21 18:00:00,2,61402050,0,2.46,306.75,1,1,1
B031,2025-05-21 19:00:00,0,614E1950,0,,536.95,1,0,1
B031,2025-05-21 19:00:00,1,614G2040,0,,335.58,1,0,1
B031,2025-05-21 19:00:00,2,61402050,0,2.46,306.75,1,1,1
B031,2025-05-21 20:00:00,0,614E1950,0,,536.95,1,0,1
B031,2025-05-21 20:00:00,1,614G2040,0,,335.58,1,0,1
B031,2025-05-21 20:00:00,2,61402050,0,2.46,306.75,1,1,1
B031,2025-05-21 21:00:00,0,614E1950,0.08588396705,,536.95,1,0,1
B031,2025-05-21 21:00:00,1,614G2040,0.0905286246,,335.58,1,0,1
B031,2025-05-21 21:00:00,2,61402050,0,2.46,306.75,1,1,1
B031,2025-05-21 22:00:00,0,614E1950,0.8192454271,,536.95,1,0,1
B031,2025-05-21 22:00:00,1,614G2040,0.3439729561,,335.58,1,0,1
B031,2025-05-21 22:00:00,2,61402050,0.00168026546,2.46,306.75,1,1,1
B031,2025-05-21 23:00:00,0,614E1950,1.385757708,,536.95,1,0,1
B031,2025-05-21 23:00:00,1,614G2040,1.261322745,,335.58,1,0,1
B031,2025-05-21 23:00:00,2,61402050,0.1776440446,2.46,306.75,1,1,1
B031,2025-05-22 00:00:00,0,614E1950,3.126467937,,536.95,1,0,1
B031,2025-05-22 00:00:00,1,614G2040,12.83839607,,335.58,1,0,1
B031,2025-05-22 00:00:00,2,61402050,11.13720821,2.66,306.76,1,1,1
B031,2025-05-22 01:00:00,0,614E1950,6.049782167,,536.99,1,0,1
B031,2025-05-22 01:00:00,1,614G2040,10.49630536,,335.65,1,0,1
B031,2025-05-22 01:00:00,2,61402050,12.40826343,22.4,307.22,1,1,1
B031,2025-05-22 02:00:00,0,614E1950,3.572467418,,537.03,1,0,1
B031,2025-05-22 02:00:00,1,614G2040,3.524744989,,335.72,1,0,1
B031,2025-05-22 02:00:00,2,61402050,3.62289091,32.6,307.36,1,1,1
B031,2025-05-22 03:00:00,0,614E1950,1.197475528,,537.05,1,0,1
B031,2025-05-22 03:00:00,1,614G2040,0.3592154172,,335.69,1,0,1
B031,2025-05-22 03:00:00,2,61402050,0.5807932925,43.5,307.49,1,1,1
B031,2025-05-22 04:00:00,0,614E1950,5.267120886,,537.27,1,0,1
B031,2025-05-22 04:00:00,1,614G2040,4.354008786,,335.69,1,0,1
B031,2025-05-22 04:00:00,2,61402050,1.796285604,51.2,307.57,1,1,1
B031,2025-05-22 05:00:00,0,614E1950,4.919657064,,537.33,1,0,1
B031,2025-05-22 05:00:00,1,614G2040,5.542901112,,335.68,1,0,1
B031,2025-05-22 05:00:00,2,61402050,1.544702058,50.2,307.56,1,1,1
B031,2025-05-22 06:00:00,0,614E1950,3.686330911,,537.53,1,0,1
B031,2025-05-22 06:00:00,1,614G2040,4.157305837,,335.67,1,0,1
B031,2025-05-22 06:00:00,2,61402050,4.954110572,48.2,307.54,1,1,1
B031,2025-05-22 07:00:00,0,614E1950,0.2461128856,,537.67,1,0,1
B031,2025-05-22 07:00:00,1,614G2040,6.137696072,,335.68,1,0,1
B031,2025-05-22 07:00:00,2,61402050,6.990439452,61.5,307.67,1,1,1
B031,2025-05-22 08:00:00,0,614E1950,0,,537.67,1,0,1
B031,2025-05-22 08:00:00,1,614G2040,0,,335.69,1,0,1
B031,2025-05-22 08:00:00,2,61402050,0,58.7,307.71,1,1,1
B031,2025-05-22 09:00:00,0,614E1950,0.1557989384,,537.67,1,0,1
B031,2025-05-22 09:00:00,1,614G2040,0.2616660506,,335.69,1,0,1
B031,2025-05-22 09:00:00,2,61402050,0.1331524357,49.1,307.62,1,1,1
B031,2025-05-22 10:00:00,0,614E1950,0.6455235852,,537.67,1,0,1
B031,2025-05-22 10:00:00,1,614G2040,2.269826549,,335.68,1,0,1
B031,2025-05-22 10:00:00,2,61402050,1.612650433,41.1,307.54,1,1,1
B031,2025-05-22 11:00:00,0,614E1950,1.148353209,,537.67,1,0,1
B031,2025-05-22 11:00:00,1,614G2040,1.018556925,,335.67,1,0,1
B031,2025-05-22 11:00:00,2,61402050,1.121986095,36.4,307.49,1,1,1
B031,2025-05-22 12:00:00,0,614E1950,0,,537.67,1,0,1
B031,2025-05-22 12:00:00,1,614G2040,0,,335.67,1,0,1
B031,2025-05-22 12:00:00,2,61402050,0.04606834784,31.2,307.43,1,1,1
B031,2025-05-22 13:00:00,0,614E1950,0.01717679341,,537.67,1,0,1
B031,2025-05-22 13:00:00,1,614G2040,0.2353337068,,335.66,1,0,1
B031,2025-05-22 13:00:00,2,61402050,0.02367653182,27.1,307.38,1,1,1
B031,2025-05-22 14:00:00,0,614E1950,0.2622445918,,537.67,1,0,1
B031,2025-05-22 14:00:00,1,614G2040,0.31688099,,335.66,1,0,1
B031,2025-05-22 14:00:00,2,61402050,0.248568648,23.2,307.33,1,1,1
B031,2025-05-22 15:00:00,0,614E1950,0.1557989384,,537.67,1,0,1
B031,2025-05-22 15:00:00,1,614G2040,0.1182697918,,335.65,1,0,1
B031,2025-05-22 15:00:00,2,61402050,0.01224498734,20.8,307.3,1,1,1
B031,2025-05-22 16:00:00,0,614E1950,5.692155915,,537.67,1,0,1
B031,2025-05-22 16:00:00,1,614G2040,3.890274342,,335.65,1,0,1
B031,2025-05-22 16:00:00,2,61402050,1.06279224,18.7,307.27,1,1,1
B031,2025-05-22 17:00:00,0,614E1950,0.8287959119,,537.67,1,0,1
B031,2025-05-22 17:00:00,1,614G2040,0.2771137213,,335.65,1,0,1
B031,2025-05-22 17:00:00,2,61402050,1.263112217,17.3,307.25,1,1,1
B031,2025-05-22 18:00:00,0,614E1950,0,,537.67,1,0,1
B031,2025-05-22 18:00:00,1,614G2040,0,,335.64,1,0,1
B031,2025-05-22 18:00:00,2,61402050,0,15.9,307.23,1,1,1
B031,2025-05-22 19:00:00,0,614E1950,0,,537.67,1,0,1
B031,2025-05-22 19:00:00,1,614G2040,0,,335.64,1,0,1
B031,2025-05-22 19:00:00,2,61402050,0,15.9,307.23,1,1,1
B031,2025-05-22 20:00:00,0,614E1950,0,,537.67,1,0,1
B031,2025-05-22 20:00:00,1,614G2040,0,,335.64,1,0,1
B031,2025-05-22 20:00:00,2,61402050,0.0006605751495,14.5,307.21,1,1,1
B031,2025-05-22 21:00:00,0,614E1950,0,,537.67,1,0,1
B031,2025-05-22 21:00:00,1,614G2040,0,,335.64,1,0,1
B031,2025-05-22 21:00:00,2,61402050,0.04690213946,13.2,307.19,1,1,1
B031,2025-05-22 22:00:00,0,614E1950,0.08588396705,,537.67,1,0,1
B031,2025-05-22 22:00:00,1,614G2040,0.1643603477,,335.63,1,0,1
B031,2025-05-22 22:00:00,2,61402050,0.01971308093,11.9,307.17,1,1,1
B031,2025-05-22 23:00:00,0,614E1950,0.6619793206,,537.67,1,0,1
B031,2025-05-22 23:00:00,1,614G2040,0.2791521084,,335.63,1,0,1
B031,2025-05-22 23:00:00,2,61402050,0.2007711541,10.7,307.15,1,1,1
B031,2025-05-23 00:00:00,0,614E1950,0.06112736104,,537.67,1,0,1
B031,2025-05-23 00:00:00,1,614G2040,0,,335.63,1,0,1
B031,2025-05-23 00:00:00,2,61402050,0.00168026546,10.1,307.14,1,1,1
B031,2025-05-23 01:00:00,0,614E1950,0,,537.67,1,0,1
B031,2025-05-23 01:00:00,1,614G2040,0,,335.63,1,0,1
B031,2025-05-23 01:00:00,2,61402050,0,8.79,307.12,1,1,1
B031,2025-05-23 02:00:00,0,614E1950,0,,537.67,1,0,1
B031,2025-05-23 02:00:00,1,614G2040,0,,335.63,1,0,1
B031,2025-05-23 02:00:00,2,61402050,0,7.53,307.1,1,1,1
B031,2025-05-23 03:00:00,0,614E1950,0,,537.67,1,0,1
B031,2025-05-23 03:00:00,1,614G2040,0,,335.63,1,0,1
B031,2025-05-23 03:00:00,2,61402050,0,6.49,307.08,1,1,1
B031,2025-05-23 04:00:00,0,614E1950,0,,537.67,1,0,1
B031,2025-05-23 04:00:00,1,614G2040,0,,335.62,1,0,1
B031,2025-05-23 04:00:00,2,61402050,0,5.97,307.07,1,1,1
B031,2025-05-23 05:00:00,0,614E1950,0,,537.67,1,0,1
B031,2025-05-23 05:00:00,1,614G2040,0,,335.63,1,0,1
B031,2025-05-23 05:00:00,2,61402050,0,5.44,307.06,1,1,1
B031,2025-05-23 06:00:00,0,614E1950,0,,537.67,1,0,1
B031,2025-05-23 06:00:00,1,614G2040,0,,335.63,1,0,1
B031,2025-05-23 06:00:00,2,61402050,0.009148359047,4.93,307.05,1,1,1
B031,2025-05-23 07:00:00,0,614E1950,4.315135479,,537.67,1,0,1
B031,2025-05-23 07:00:00,1,614G2040,7.486345359,,335.62,1,0,1
B031,2025-05-23 07:00:00,2,61402050,1.963909634,3.89,307.03,1,1,1
B031,2025-05-23 08:00:00,0,614E1950,0,,537.67,1,0,1
B031,2025-05-23 08:00:00,1,614G2040,0,,335.62,1,0,1
B031,2025-05-23 08:00:00,2,61402050,0,10.8,307.02,1,1,1
B031,2025-05-23 09:00:00,0,614E1950,0,,537.67,1,0,1
B031,2025-05-23 09:00:00,1,614G2040,0,,335.62,1,0,1
B031,2025-05-23 09:00:00,2,61402050,0,10.3,307.01,1,1,1
B031,2025-05-23 10:00:00,0,614E1950,0,,537.67,1,0,1
B031,2025-05-23 10:00:00,1,614G2040,0,,335.62,1,0,1
B031,2025-05-23 10:00:00,2,61402050,0,9.76,307,1,1,1
B031,2025-05-23 11:00:00,0,614E1950,0,,537.44,1,0,1
B031,2025-05-23 11:00:00,1,614G2040,0,,335.62,1,0,1
B031,2025-05-23 11:00:00,2,61402050,0,9.44,306.99,1,1,1
B031,2025-05-23 12:00:00,0,614E1950,0,,537.43,1,0,1
B031,2025-05-23 12:00:00,1,614G2040,0,,335.62,1,0,1
B031,2025-05-23 12:00:00,2,61402050,0,9.12,306.98,1,1,1
B031,2025-05-23 13:00:00,0,614E1950,0,,537.41,1,0,1
B031,2025-05-23 13:00:00,1,614G2040,0,,335.62,1,0,1
B031,2025-05-23 13:00:00,2,61402050,0,8.8,306.97,1,1,1
B031,2025-05-23 14:00:00,0,614E1950,0,,537.4,1,0,1
B031,2025-05-23 14:00:00,1,614G2040,0,,335.62,1,0,1
B031,2025-05-23 14:00:00,2,61402050,0,8.78,306.97,1,1,1
B031,2025-05-23 15:00:00,0,614E1950,0,,537.38,1,0,1
B031,2025-05-23 15:00:00,1,614G2040,0,,335.62,1,0,1
B031,2025-05-23 15:00:00,2,61402050,0,8.14,306.95,1,1,1
B031,2025-05-23 16:00:00,0,614E1950,0,,537.37,1,0,1
B031,2025-05-23 16:00:00,1,614G2040,0,,335.62,1,0,1
B031,2025-05-23 16:00:00,2,61402050,0,8.16,306.95,1,1,1
B031,2025-05-23 17:00:00,0,614E1950,0,,537.35,1,0,1
B031,2025-05-23 17:00:00,1,614G2040,0,,335.61,1,0,1
B031,2025-05-23 17:00:00,2,61402050,0,7.84,306.94,1,1,1
B031,2025-05-23 18:00:00,0,614E1950,0,,537.35,1,0,1
B031,2025-05-23 18:00:00,1,614G2040,0,,335.62,1,0,1
B031,2025-05-23 18:00:00,2,61402050,0.0006605751495,7.52,306.93,1,1,1
B031,2025-05-23 19:00:00,0,614E1950,0,,537.33,1,0,1
B031,2025-05-23 19:00:00,1,614G2040,0,,335.62,1,0,1
B031,2025-05-23 19:00:00,2,61402050,0,7.52,306.93,1,1,1
B031,2025-05-23 20:00:00,0,614E1950,0,,537.32,1,0,1
B031,2025-05-23 20:00:00,1,614G2040,0,,335.61,1,0,1
B031,2025-05-23 20:00:00,2,61402050,0,7.2,306.92,1,1,1
B031,2025-05-23 21:00:00,0,614E1950,0,,537.31,1,0,1
B031,2025-05-23 21:00:00,1,614G2040,0,,335.61,1,0,1
B031,2025-05-23 21:00:00,2,61402050,0,6.88,306.91,1,1,1
B031,2025-05-23 22:00:00,0,614E1950,0,,537.31,1,0,1
B031,2025-05-23 22:00:00,1,614G2040,0,,335.61,1,0,1
B031,2025-05-23 22:00:00,2,61402050,0,6.56,306.9,1,1,1
B031,2025-05-23 23:00:00,0,614E1950,0,,537.3,1,0,1
B031,2025-05-23 23:00:00,1,614G2040,0,,335.61,1,0,1
B031,2025-05-23 23:00:00,2,61402050,0,6.56,306.9,1,1,1
B031,2025-05-24 00:00:00,0,614E1950,0,,537.29,1,0,1
B031,2025-05-24 00:00:00,1,614G2040,0,,335.61,1,0,1
B031,2025-05-24 00:00:00,2,61402050,0,6.56,306.9,1,1,1
B031,2025-05-24 01:00:00,0,614E1950,0,,537.28,1,0,1
B031,2025-05-24 01:00:00,1,614G2040,0,,335.61,1,0,1
B031,2025-05-24 01:00:00,2,61402050,0,6.26,306.89,1,1,1
B031,2025-05-24 02:00:00,0,614E1950,0,,537.27,1,0,1
B031,2025-05-24 02:00:00,1,614G2040,0,,335.61,1,0,1
B031,2025-05-24 02:00:00,2,61402050,0,6.26,306.89,1,1,1
B031,2025-05-24 03:00:00,0,614E1950,0,,537.27,1,0,1
B031,2025-05-24 03:00:00,1,614G2040,0,,335.61,1,0,1
B031,2025-05-24 03:00:00,2,61402050,0,5.96,306.88,1,1,1
B031,2025-05-24 04:00:00,0,614E1950,0,,537.26,1,0,1
B031,2025-05-24 04:00:00,1,614G2040,0,,335.61,1,0,1
B031,2025-05-24 04:00:00,2,61402050,0,5.96,306.88,1,1,1
B031,2025-05-24 05:00:00,0,614E1950,0,,537.25,1,0,1
B031,2025-05-24 05:00:00,1,614G2040,0,,335.62,1,0,1
B031,2025-05-24 05:00:00,2,61402050,0,5.66,306.87,1,1,1
B031,2025-05-24 06:00:00,0,614E1950,0,,537.25,1,0,1
B031,2025-05-24 06:00:00,1,614G2040,0,,335.62,1,0,1
B031,2025-05-24 06:00:00,2,61402050,0,5.66,306.87,1,1,1
B031,2025-05-24 07:00:00,0,614E1950,0,,537.24,1,0,1
B031,2025-05-24 07:00:00,1,614G2040,0,,335.61,1,0,1
B031,2025-05-24 07:00:00,2,61402050,0,5.66,306.87,1,1,1
B031,2025-05-24 08:00:00,0,614E1950,0,,537.24,1,0,1
B031,2025-05-24 08:00:00,1,614G2040,0,,335.61,1,0,1
B031,2025-05-24 08:00:00,2,61402050,0,5.59,306.87,1,1,1
B031,2025-05-24 09:00:00,0,614E1950,0,,537.23,1,0,1
B031,2025-05-24 09:00:00,1,614G2040,0,,335.61,1,0,1
B031,2025-05-24 09:00:00,2,61402050,0,5.29,306.86,1,1,1
B031,2025-05-24 10:00:00,0,614E1950,0,,537.22,1,0,1
B031,2025-05-24 10:00:00,1,614G2040,0,,335.53,1,0,1
B031,2025-05-24 10:00:00,2,61402050,0,5.01,306.85,1,1,1
B031,2025-05-24 11:00:00,0,614E1950,0,,537.22,1,0,1
B031,2025-05-24 11:00:00,1,614G2040,0,,335.51,1,0,1
B031,2025-05-24 11:00:00,2,61402050,0,4.21,306.82,1,1,1
B031,2025-05-24 12:00:00,0,614E1950,0,,537.22,1,0,1
B031,2025-05-24 12:00:00,1,614G2040,0,,335.49,1,0,1
B031,2025-05-24 12:00:00,2,61402050,0,3.69,306.8,1,1,1
B031,2025-05-24 13:00:00,0,614E1950,0,,537.21,1,0,1
B031,2025-05-24 13:00:00,1,614G2040,0,,335.47,1,0,1
B031,2025-05-24 13:00:00,2,61402050,0,3.49,306.79,1,1,1
B031,2025-05-24 14:00:00,0,614E1950,0,,537.2,1,0,1
B031,2025-05-24 14:00:00,1,614G2040,0,,335.46,1,0,1
B031,2025-05-24 14:00:00,2,61402050,0.0006605751495,3.29,306.78,1,1,1
B031,2025-05-24 15:00:00,0,614E1950,0,,537.2,1,0,1
B031,2025-05-24 15:00:00,1,614G2040,0,,335.45,1,0,1
B031,2025-05-24 15:00:00,2,61402050,0,3.09,306.77,1,1,1
B031,2025-05-24 16:00:00,0,614E1950,0,,537.19,1,0,1
B031,2025-05-24 16:00:00,1,614G2040,0,,335.44,1,0,1
B031,2025-05-24 16:00:00,2,61402050,0,3.09,306.77,1,1,1
B031,2025-05-24 17:00:00,0,614E1950,0,,537.19,1,0,1
B031,2025-05-24 17:00:00,1,614G2040,0,,335.59,1,0,1
B031,2025-05-24 17:00:00,2,61402050,0,3.09,306.77,1,1,1
B031,2025-05-24 18:00:00,0,614E1950,0,,537.19,1,0,1
B031,2025-05-24 18:00:00,1,614G2040,0,,335.59,1,0,1
B031,2025-05-24 18:00:00,2,61402050,0,3.69,306.8,1,1,1
B031,2025-05-24 19:00:00,0,614E1950,0,,537.18,1,0,1
B031,2025-05-24 19:00:00,1,614G2040,0,,335.59,1,0,1
B031,2025-05-24 19:00:00,2,61402050,0,4.21,306.82,1,1,1
B031,2025-05-24 20:00:00,0,614E1950,0,,537.18,1,0,1
B031,2025-05-24 20:00:00,1,614G2040,0,,335.59,1,0,1
B031,2025-05-24 20:00:00,2,61402050,0,,,1,0,0
B031,2025-05-24 21:00:00,0,614E1950,0,,537.17,1,0,1
B031,2025-05-24 21:00:00,1,614G2040,0,,335.59,1,0,1
B031,2025-05-24 21:00:00,2,61402050,0,4.21,306.82,1,1,1
B031,2025-05-24 22:00:00,0,614E1950,0,,537.17,1,0,1
B031,2025-05-24 22:00:00,1,614G2040,0,,335.59,1,0,1
B031,2025-05-24 22:00:00,2,61402050,0,4.21,306.82,1,1,1
B031,2025-05-24 23:00:00,0,614E1950,0,,537.17,1,0,1
B031,2025-05-24 23:00:00,1,614G2040,0,,335.59,1,0,1
B031,2025-05-24 23:00:00,2,61402050,0,4.21,306.82,1,1,1
B031,2025-05-25 00:00:00,0,614E1950,0,,537.17,1,0,1
B031,2025-05-25 00:00:00,1,614G2040,0,,335.59,1,0,1
B031,2025-05-25 00:00:00,2,61402050,0,4.21,306.82,1,1,1
B031,2025-05-25 01:00:00,0,614E1950,0,,537.16,1,0,1
B031,2025-05-25 01:00:00,1,614G2040,0,,335.59,1,0,1
B031,2025-05-25 01:00:00,2,61402050,0,4.21,306.82,1,1,1
B031,2025-05-25 02:00:00,0,614E1950,0,,537.16,1,0,1
B031,2025-05-25 02:00:00,1,614G2040,0,,335.59,1,0,1
B031,2025-05-25 02:00:00,2,61402050,0,3.95,306.81,1,1,1
B031,2025-05-25 03:00:00,0,614E1950,0,,537.15,1,0,1
B031,2025-05-25 03:00:00,1,614G2040,0,,335.59,1,0,1
B031,2025-05-25 03:00:00,2,61402050,0,3.95,306.81,1,1,1
B031,2025-05-25 04:00:00,0,614E1950,0,,,1,0,0
B031,2025-05-25 04:00:00,1,614G2040,0,,335.59,1,0,1
B031,2025-05-25 04:00:00,2,61402050,0,3.95,306.81,1,1,1
B031,2025-05-25 05:00:00,0,614E1950,0,,,1,0,0
B031,2025-05-25 05:00:00,1,614G2040,0,,335.59,1,0,1
B031,2025-05-25 05:00:00,2,61402050,0,3.95,306.81,1,1,1
B031,2025-05-25 06:00:00,0,614E1950,0,,,1,0,0
B031,2025-05-25 06:00:00,1,614G2040,0,,335.59,1,0,1
B031,2025-05-25 06:00:00,2,61402050,0,3.97,306.81,1,1,1
B031,2025-05-25 07:00:00,0,614E1950,0,,,1,0,0
B031,2025-05-25 07:00:00,1,614G2040,0,,335.59,1,0,1
B031,2025-05-25 07:00:00,2,61402050,0,3.71,306.8,1,1,1
B031,2025-05-25 08:00:00,0,614E1950,0,,537.15,1,0,1
B031,2025-05-25 08:00:00,1,614G2040,0,,335.59,1,0,1
B031,2025-05-25 08:00:00,2,61402050,0,3.49,306.8,1,1,1
B031,2025-08-26 17:00:00,0,614E1950,0,,537.03,1,0,1
B031,2025-08-26 17:00:00,1,614G2040,0,,335.48,1,0,1
B031,2025-08-26 17:00:00,2,61402050,0,1.48,306.66,1,1,1
B031,2025-08-26 18:00:00,0,614E1950,0,,537.03,1,0,1
B031,2025-08-26 18:00:00,1,614G2040,0,,335.48,1,0,1
B031,2025-08-26 18:00:00,2,61402050,0,1.32,306.65,1,1,1
B031,2025-08-26 19:00:00,0,614E1950,0,,537.03,1,0,1
B031,2025-08-26 19:00:00,1,614G2040,0,,,1,0,0
B031,2025-08-26 19:00:00,2,61402050,0,1.32,306.65,1,1,1
B031,2025-08-26 20:00:00,0,614E1950,0,,537.03,1,0,1
B031,2025-08-26 20:00:00,1,614G2040,0,,335.48,1,0,1
B031,2025-08-26 20:00:00,2,61402050,0,1.32,306.65,1,1,1
B031,2025-08-26 21:00:00,0,614E1950,0,,537.03,1,0,1
B031,2025-08-26 21:00:00,1,614G2040,0,,335.48,1,0,1
B031,2025-08-26 21:00:00,2,61402050,0,1.32,306.65,1,1,1
B031,2025-08-26 22:00:00,0,614E1950,0,,537.03,1,0,1
B031,2025-08-26 22:00:00,1,614G2040,0,,,1,0,0
B031,2025-08-26 22:00:00,2,61402050,0,1.33,306.65,1,1,1
B031,2025-08-26 23:00:00,0,614E1950,0,,537.03,1,0,1
B031,2025-08-26 23:00:00,1,614G2040,0,,335.48,1,0,1
B031,2025-08-26 23:00:00,2,61402050,0,1.33,306.65,1,1,1
B031,2025-08-27 00:00:00,0,614E1950,0,,537.03,1,0,1
B031,2025-08-27 00:00:00,1,614G2040,0,,335.48,1,0,1
B031,2025-08-27 00:00:00,2,61402050,0,1.32,306.65,1,1,1
B031,2025-08-27 01:00:00,0,614E1950,0,,537.03,1,0,1
B031,2025-08-27 01:00:00,1,614G2040,0,,335.48,1,0,1
B031,2025-08-27 01:00:00,2,61402050,0,1.32,306.65,1,1,1
B031,2025-08-27 02:00:00,0,614E1950,0,,537.03,1,0,1
B031,2025-08-27 02:00:00,1,614G2040,0,,335.48,1,0,1
B031,2025-08-27 02:00:00,2,61402050,0,1.32,306.65,1,1,1
B031,2025-08-27 03:00:00,0,614E1950,0,,537.03,1,0,1
B031,2025-08-27 03:00:00,1,614G2040,0,,,1,0,0
B031,2025-08-27 03:00:00,2,61402050,0,1.32,306.65,1,1,1
B031,2025-08-27 04:00:00,0,614E1950,0,,537.03,1,0,1
B031,2025-08-27 04:00:00,1,614G2040,0,,,1,0,0
B031,2025-08-27 04:00:00,2,61402050,0,1.32,306.65,1,1,1
B031,2025-08-27 05:00:00,0,614E1950,0,,537.03,1,0,1
B031,2025-08-27 05:00:00,1,614G2040,0,,335.48,1,0,1
B031,2025-08-27 05:00:00,2,61402050,0,1.32,306.65,1,1,1
B031,2025-08-27 06:00:00,0,614E1950,0,,537.03,1,0,1
B031,2025-08-27 06:00:00,1,614G2040,0,,335.48,1,0,1
B031,2025-08-27 06:00:00,2,61402050,0,1.32,306.65,1,1,1
B031,2025-08-27 07:00:00,0,614E1950,0,,537.03,1,0,1
B031,2025-08-27 07:00:00,1,614G2040,1.720755105,,335.48,1,0,1
B031,2025-08-27 07:00:00,2,61402050,0.07003657097,1.33,306.65,1,1,1
B031,2025-08-27 08:00:00,0,614E1950,0,,537.03,1,0,1
B031,2025-08-27 08:00:00,1,614G2040,0,,335.48,1,0,1
B031,2025-08-27 08:00:00,2,61402050,0,1.33,306.65,1,1,1
B031,2025-08-27 09:00:00,0,614E1950,0,,537.03,1,0,1
B031,2025-08-27 09:00:00,1,614G2040,0,,335.48,1,0,1
B031,2025-08-27 09:00:00,2,61402050,0,1.33,306.65,1,1,1
B031,2025-08-27 10:00:00,0,614E1950,0,,537.03,1,0,1
B031,2025-08-27 10:00:00,1,614G2040,0,,,1,0,0
B031,2025-08-27 10:00:00,2,61402050,0,1.33,306.65,1,1,1
B031,2025-08-27 11:00:00,0,614E1950,0,,537.03,1,0,1
B031,2025-08-27 11:00:00,1,614G2040,0,,335.48,1,0,1
B031,2025-08-27 11:00:00,2,61402050,0,1.33,306.65,1,1,1
B031,2025-08-27 12:00:00,0,614E1950,0,,537.03,1,0,1
B031,2025-08-27 12:00:00,1,614G2040,0,,335.48,1,0,1
B031,2025-08-27 12:00:00,2,61402050,0,1.33,306.65,1,1,1
B031,2025-08-27 13:00:00,0,614E1950,0,,537.03,1,0,1
B031,2025-08-27 13:00:00,1,614G2040,0,,,1,0,0
B031,2025-08-27 13:00:00,2,61402050,0,1.33,306.65,1,1,1
B031,2025-08-27 14:00:00,0,614E1950,0,,537.03,1,0,1
B031,2025-08-27 14:00:00,1,614G2040,0,,335.48,1,0,1
B031,2025-08-27 14:00:00,2,61402050,0,1.33,306.65,1,1,1
B031,2025-08-27 15:00:00,0,614E1950,0,,537.03,1,0,1
B031,2025-08-27 15:00:00,1,614G2040,0,,335.49,1,0,1
B031,2025-08-27 15:00:00,2,61402050,0,1.33,306.65,1,1,1
B031,2025-08-27 16:00:00,0,614E1950,0.2451547191,,537.03,1,0,1
B031,2025-08-27 16:00:00,1,614G2040,0.105329375,,335.48,1,0,1
B031,2025-08-27 16:00:00,2,61402050,0,1.33,306.65,1,1,1
B031,2025-08-27 17:00:00,0,614E1950,0,,537.03,1,0,1
B031,2025-08-27 17:00:00,1,614G2040,0,,335.48,1,0,1
B031,2025-08-27 17:00:00,2,61402050,0,1.33,306.65,1,1,1
B031,2025-08-27 18:00:00,0,614E1950,0,,537.03,1,0,1
B031,2025-08-27 18:00:00,1,614G2040,0,,335.48,1,0,1
B031,2025-08-27 18:00:00,2,61402050,0,1.33,306.65,1,1,1
B031,2025-08-27 19:00:00,0,614E1950,0,,537.03,1,0,1
B031,2025-08-27 19:00:00,1,614G2040,0,,,1,0,0
B031,2025-08-27 19:00:00,2,61402050,0,1.33,306.65,1,1,1
B031,2025-08-27 20:00:00,0,614E1950,0.06128867977,,537.03,1,0,1
B031,2025-08-27 20:00:00,1,614G2040,0.02633234376,,335.48,1,0,1
B031,2025-08-27 20:00:00,2,61402050,0,1.49,306.66,1,1,1
B031,2025-08-27 21:00:00,0,614E1950,0,,537.03,1,0,1
B031,2025-08-27 21:00:00,1,614G2040,0,,335.48,1,0,1
B031,2025-08-27 21:00:00,2,61402050,0,1.33,306.65,1,1,1
B031,2025-08-27 22:00:00,0,614E1950,0,,537.03,1,0,1
B031,2025-08-27 22:00:00,1,614G2040,0,,335.48,1,0,1
B031,2025-08-27 22:00:00,2,61402050,0,1.33,306.65,1,1,1
B031,2025-08-27 23:00:00,0,614E1950,0,,537.03,1,0,1
B031,2025-08-27 23:00:00,1,614G2040,0,,335.48,1,0,1
B031,2025-08-27 23:00:00,2,61402050,0,1.33,306.65,1,1,1
B031,2025-08-28 00:00:00,0,614E1950,0,,537.03,1,0,1
B031,2025-08-28 00:00:00,1,614G2040,0,,,1,0,0
B031,2025-08-28 00:00:00,2,61402050,0,1.33,306.65,1,1,1
B031,2025-08-28 01:00:00,0,614E1950,0,,537.03,1,0,1
B031,2025-08-28 01:00:00,1,614G2040,0,,,1,0,0
B031,2025-08-28 01:00:00,2,61402050,0,1.33,306.65,1,1,1
B031,2025-08-28 02:00:00,0,614E1950,0,,537.03,1,0,1
B031,2025-08-28 02:00:00,1,614G2040,0,,,1,0,0
B031,2025-08-28 02:00:00,2,61402050,0,1.33,306.65,1,1,1
B031,2025-08-28 03:00:00,0,614E1950,0,,537.03,1,0,1
B031,2025-08-28 03:00:00,1,614G2040,0,,335.49,1,0,1
B031,2025-08-28 03:00:00,2,61402050,0,1.33,306.65,1,1,1
B031,2025-08-28 04:00:00,0,614E1950,0,,537.03,1,0,1
B031,2025-08-28 04:00:00,1,614G2040,0,,335.49,1,0,1
B031,2025-08-28 04:00:00,2,61402050,0,1.49,306.66,1,1,1
B031,2025-08-28 05:00:00,0,614E1950,0,,537.03,1,0,1
B031,2025-08-28 05:00:00,1,614G2040,0,,335.49,1,0,1
B031,2025-08-28 05:00:00,2,61402050,0,1.49,306.66,1,1,1
B031,2025-08-28 06:00:00,0,614E1950,0,,537.03,1,0,1
B031,2025-08-28 06:00:00,1,614G2040,0,,335.49,1,0,1
B031,2025-08-28 06:00:00,2,61402050,0,1.48,306.66,1,1,1
B031,2025-08-28 07:00:00,0,614E1950,0.3064433988,,537.03,1,0,1
B031,2025-08-28 07:00:00,1,614G2040,0.1316617188,,,1,0,0
B031,2025-08-28 07:00:00,2,61402050,0,1.48,306.66,1,1,1
B031,2025-08-28 08:00:00,0,614E1950,0,,537.03,1,0,1
B031,2025-08-28 08:00:00,1,614G2040,0,,335.48,1,0,1
B031,2025-08-28 08:00:00,2,61402050,0,1.48,306.66,1,1,1
B031,2025-08-28 09:00:00,0,614E1950,0,,537.03,1,0,1
B031,2025-08-28 09:00:00,1,614G2040,0,,335.48,1,0,1
B031,2025-08-28 09:00:00,2,61402050,0,1.32,306.65,1,1,1
B031,2025-08-28 10:00:00,0,614E1950,0,,537.03,1,0,1
B031,2025-08-28 10:00:00,1,614G2040,0,,,1,0,0
B031,2025-08-28 10:00:00,2,61402050,0,1.32,306.65,1,1,1
B031,2025-08-28 11:00:00,0,614E1950,0,,537.03,1,0,1
B031,2025-08-28 11:00:00,1,614G2040,0,,335.48,1,0,1
B031,2025-08-28 11:00:00,2,61402050,0,1.32,306.65,1,1,1
B031,2025-08-28 12:00:00,0,614E1950,0,,537.03,1,0,1
B031,2025-08-28 12:00:00,1,614G2040,0,,,1,0,0
B031,2025-08-28 12:00:00,2,61402050,0,1.32,306.65,1,1,1
B031,2025-08-28 13:00:00,0,614E1950,0,,537.03,1,0,1
B031,2025-08-28 13:00:00,1,614G2040,0,,335.48,1,0,1
B031,2025-08-28 13:00:00,2,61402050,0,1.32,306.65,1,1,1
B031,2025-08-28 14:00:00,0,614E1950,0,,537.03,1,0,1
B031,2025-08-28 14:00:00,1,614G2040,0,,335.48,1,0,1
B031,2025-08-28 14:00:00,2,61402050,0,1.32,306.65,1,1,1
B031,2025-08-28 15:00:00,0,614E1950,0,,537.03,1,0,1
B031,2025-08-28 15:00:00,1,614G2040,0,,,1,0,0
B031,2025-08-28 15:00:00,2,61402050,0,1.33,306.65,1,1,1
B031,2025-08-28 16:00:00,0,614E1950,0,,537.03,1,0,1
B031,2025-08-28 16:00:00,1,614G2040,0,,335.48,1,0,1
B031,2025-08-28 16:00:00,2,61402050,0,1.32,306.65,1,1,1
B031,2025-08-28 17:00:00,0,614E1950,0.08103052099,,537.02,1,0,1
B031,2025-08-28 17:00:00,1,614G2040,0,,335.48,1,0,1
B031,2025-08-28 17:00:00,2,61402050,0,1.32,306.65,1,1,1
B031,2025-08-28 18:00:00,0,614E1950,0.0162061042,,537.02,1,0,1
B031,2025-08-28 18:00:00,1,614G2040,1.526103011,,335.48,1,0,1
B031,2025-08-28 18:00:00,2,61402050,1.539763639,1.32,306.65,1,1,1
B031,2025-08-28 19:00:00,0,614E1950,0,,537.02,1,0,1
B031,2025-08-28 19:00:00,1,614G2040,0.03392877011,,,1,0,0
B031,2025-08-28 19:00:00,2,61402050,0.3265598946,1.48,306.66,1,1,1
B031,2025-08-28 20:00:00,0,614E1950,0,,537.02,1,0,1
B031,2025-08-28 20:00:00,1,614G2040,0,,335.49,1,0,1
B031,2025-08-28 20:00:00,2,61402050,0,1.48,306.66,1,1,1
B031,2025-08-28 21:00:00,0,614E1950,0,,537.02,1,0,1
B031,2025-08-28 21:00:00,1,614G2040,0,,335.49,1,0,1
B031,2025-08-28 21:00:00,2,61402050,0,1.48,306.66,1,1,1
B031,2025-08-28 22:00:00,0,614E1950,0,,537.02,1,0,1
B031,2025-08-28 22:00:00,1,614G2040,0,,335.48,1,0,1
B031,2025-08-28 22:00:00,2,61402050,0,1.48,306.66,1,1,1
B031,2025-08-28 23:00:00,0,614E1950,0,,537.02,1,0,1
B031,2025-08-28 23:00:00,1,614G2040,0,,335.48,1,0,1
B031,2025-08-28 23:00:00,2,61402050,0,1.48,306.66,1,1,1
B031,2025-08-29 00:00:00,0,614E1950,0,,537.02,1,0,1
B031,2025-08-29 00:00:00,1,614G2040,0.01232074968,,335.48,1,0,1
B031,2025-08-29 00:00:00,2,61402050,0.0004341390214,1.48,306.66,1,1,1
B031,2025-08-29 01:00:00,0,614E1950,0,,537.02,1,0,1
B031,2025-08-29 01:00:00,1,614G2040,0,,335.48,1,0,1
B031,2025-08-29 01:00:00,2,61402050,0,1.48,306.66,1,1,1
B031,2025-08-29 02:00:00,0,614E1950,0,,537.02,1,0,1
B031,2025-08-29 02:00:00,1,614G2040,0,,,1,0,0
B031,2025-08-29 02:00:00,2,61402050,0,1.48,306.66,1,1,1
B031,2025-08-29 03:00:00,0,614E1950,0,,537.02,1,0,1
B031,2025-08-29 03:00:00,1,614G2040,0,,335.48,1,0,1
B031,2025-08-29 03:00:00,2,61402050,0,1.48,306.66,1,1,1
B031,2025-08-29 04:00:00,0,614E1950,0,,537.02,1,0,1
B031,2025-08-29 04:00:00,1,614G2040,0,,335.48,1,0,1
B031,2025-08-29 04:00:00,2,61402050,0,1.48,306.66,1,1,1
B031,2025-08-29 05:00:00,0,614E1950,0,,537.02,1,0,1
B031,2025-08-29 05:00:00,1,614G2040,0,,335.49,1,0,1
B031,2025-08-29 05:00:00,2,61402050,0,1.48,306.66,1,1,1
B031,2025-08-29 06:00:00,0,614E1950,0,,537.02,1,0,1
B031,2025-08-29 06:00:00,1,614G2040,0,,335.49,1,0,1
B031,2025-08-29 06:00:00,2,61402050,0,1.48,306.66,1,1,1
B031,2025-08-29 07:00:00,0,614E1950,0.09723662519,,537.02,1,0,1
B031,2025-08-29 07:00:00,1,614G2040,1.572352531,,335.48,1,0,1
B031,2025-08-29 07:00:00,2,61402050,2.051833124,1.48,306.66,1,1,1
B031,2025-08-29 08:00:00,0,614E1950,0,,537.02,1,0,1
B031,2025-08-29 08:00:00,1,614G2040,0,,335.48,1,0,1
B031,2025-08-29 08:00:00,2,61402050,0,1.48,306.66,1,1,1
B031,2025-08-29 09:00:00,0,614E1950,0,,537.02,1,0,1
B031,2025-08-29 09:00:00,1,614G2040,0,,335.48,1,0,1
B031,2025-08-29 09:00:00,2,61402050,0,1.48,306.66,1,1,1
B031,2025-08-29 10:00:00,0,614E1950,0,,537.02,1,0,1
B031,2025-08-29 10:00:00,1,614G2040,0,,,1,0,0
B031,2025-08-29 10:00:00,2,61402050,0,1.32,306.65,1,1,1
B031,2025-08-29 11:00:00,0,614E1950,0,,537.02,1,0,1
B031,2025-08-29 11:00:00,1,614G2040,0,,335.48,1,0,1
B031,2025-08-29 11:00:00,2,61402050,0,1.32,306.65,1,1,1
B031,2025-08-29 12:00:00,0,614E1950,0,,537.02,1,0,1
B031,2025-08-29 12:00:00,1,614G2040,0,,,1,0,0
B031,2025-08-29 12:00:00,2,61402050,0,1.48,306.66,1,1,1
B031,2025-08-29 13:00:00,0,614E1950,0,,537.02,1,0,1
B031,2025-08-29 13:00:00,1,614G2040,2.559932685,,335.48,1,0,1
B031,2025-08-29 13:00:00,2,61402050,3.952257044,1.48,306.66,1,1,1
B031,2025-08-29 14:00:00,0,614E1950,0,,537.02,1,0,1
B031,2025-08-29 14:00:00,1,614G2040,0.06361644396,,,1,0,0
B031,2025-08-29 14:00:00,2,61402050,0.6308693327,3.22,306.76,1,1,1
B031,2025-08-29 15:00:00,0,614E1950,0,,537.02,1,0,1
B031,2025-08-29 15:00:00,1,614G2040,0,,335.48,1,0,1
B031,2025-08-29 15:00:00,2,61402050,0.01856953027,2.84,306.74,1,1,1
B031,2025-08-29 16:00:00,0,614E1950,0.07749478396,,537.02,1,0,1
B031,2025-08-29 16:00:00,1,614G2040,0.5580910176,,,1,0,0
B031,2025-08-29 16:00:00,2,61402050,1.295604133,1.94,306.69,1,1,1
B031,2025-08-29 17:00:00,0,614E1950,0.01717679341,,537.02,1,0,1
B031,2025-08-29 17:00:00,1,614G2040,0.01810572492,,335.48,1,0,1
B031,2025-08-29 17:00:00,2,61402050,0,1.94,306.69,1,1,1
B031,2025-08-29 18:00:00,0,614E1950,0,,,1,0,0
B031,2025-08-29 18:00:00,1,614G2040,0,,335.48,1,0,1
B031,2025-08-29 18:00:00,2,61402050,0,,,1,0,0
B031,2025-08-29 19:00:00,0,614E1950,0,,537.02,1,0,1
B031,2025-08-29 19:00:00,1,614G2040,0,,335.48,1,0,1
B031,2025-08-29 19:00:00,2,61402050,0,1.8,306.68,1,1,1
B031,2025-08-29 20:00:00,0,614E1950,0,,537.02,1,0,1
B031,2025-08-29 20:00:00,1,614G2040,0,,335.48,1,0,1
B031,2025-08-29 20:00:00,2,61402050,0.04690213946,1.64,306.67,1,1,1
B031,2025-08-29 21:00:00,0,614E1950,0,,537.02,1,0,1
B031,2025-08-29 21:00:00,1,614G2040,0,,,1,0,0
B031,2025-08-29 21:00:00,2,61402050,0,1.64,306.67,1,1,1
B031,2025-08-29 22:00:00,0,614E1950,0,,537.02,1,0,1
B031,2025-08-29 22:00:00,1,614G2040,0,,335.48,1,0,1
B031,2025-08-29 22:00:00,2,61402050,0,1.64,306.67,1,1,1
B031,2025-08-29 23:00:00,0,614E1950,0,,537.02,1,0,1
B031,2025-08-29 23:00:00,1,614G2040,0,,,1,0,0
B031,2025-08-29 23:00:00,2,61402050,0,1.64,306.67,1,1,1
B031,2025-08-30 00:00:00,0,614E1950,0,,537.02,1,0,1
B031,2025-08-30 00:00:00,1,614G2040,0,,,1,0,0
B031,2025-08-30 00:00:00,2,61402050,0,1.48,306.66,1,1,1
B031,2025-08-30 01:00:00,0,614E1950,0,,537.02,1,0,1
B031,2025-08-30 01:00:00,1,614G2040,0,,335.48,1,0,1
B031,2025-08-30 01:00:00,2,61402050,0,1.48,306.66,1,1,1
B031,2025-08-30 02:00:00,0,614E1950,0,,537.02,1,0,1
B031,2025-08-30 02:00:00,1,614G2040,0,,,1,0,0
B031,2025-08-30 02:00:00,2,61402050,0,1.48,306.66,1,1,1
B031,2025-08-30 03:00:00,0,614E1950,0,,537.02,1,0,1
B031,2025-08-30 03:00:00,1,614G2040,0,,335.48,1,0,1
B031,2025-08-30 03:00:00,2,61402050,0,1.48,306.66,1,1,1
B031,2025-08-30 04:00:00,0,614E1950,0,,537.02,1,0,1
B031,2025-08-30 04:00:00,1,614G2040,0.07383172314,,335.48,1,0,1
B031,2025-08-30 04:00:00,2,61402050,0.01254644733,1.48,306.66,1,1,1
B031,2025-08-30 05:00:00,0,614E1950,0.4290207584,,537.02,1,0,1
B031,2025-08-30 05:00:00,1,614G2040,0.2602786776,,335.48,1,0,1
B031,2025-08-30 05:00:00,2,61402050,0.03097471529,1.48,306.66,1,1,1
B031,2025-08-30 06:00:00,0,614E1950,0.2908728237,,537.02,1,0,1
B031,2025-08-30 06:00:00,1,614G2040,0.4729360006,,335.48,1,0,1
B031,2025-08-30 06:00:00,2,61402050,0.05999883383,1.48,306.66,1,1,1
B031,2025-08-30 07:00:00,0,614E1950,0.8145651594,,537.02,1,0,1
B031,2025-08-30 07:00:00,1,614G2040,2.057634782,,,1,0,0
B031,2025-08-30 07:00:00,2,61402050,6.651224791,1.48,306.66,1,1,1
B031,2025-08-30 08:00:00,0,614E1950,0,,537.02,1,0,1
B031,2025-08-30 08:00:00,1,614G2040,0,,335.48,1,0,1
B031,2025-08-30 08:00:00,2,61402050,0.06463787812,1.48,306.66,1,1,1
B031,2025-08-30 09:00:00,0,614E1950,0,,537.02,1,0,1
B031,2025-08-30 09:00:00,1,614G2040,0,,335.48,1,0,1
B031,2025-08-30 09:00:00,2,61402050,0,1.48,306.66,1,1,1
B031,2025-08-30 10:00:00,0,614E1950,1.417856282,,537.02,1,0,1
B031,2025-08-30 10:00:00,1,614G2040,1.475160413,,335.48,1,0,1
B031,2025-08-30 10:00:00,2,61402050,0,1.48,306.66,1,1,1
B031,2025-08-30 11:00:00,0,614E1950,0,,537.08,1,0,1
B031,2025-08-30 11:00:00,1,614G2040,2.705961901,,,1,0,0
B031,2025-08-30 11:00:00,2,61402050,0.9266155886,1.48,306.66,1,1,1
B031,2025-08-30 12:00:00,0,614E1950,0,,537.05,1,0,1
B031,2025-08-30 12:00:00,1,614G2040,0.1108867471,,335.49,1,0,1
B031,2025-08-30 12:00:00,2,61402050,0.003907251193,2.48,306.72,1,1,1
B031,2025-08-30 13:00:00,0,614E1950,4.120523495,,537.03,1,0,1
B031,2025-08-30 13:00:00,1,614G2040,0.9167462046,,,1,0,0
B031,2025-08-30 13:00:00,2,61402050,0.5829042306,2.12,306.7,1,1,1
B031,2025-08-30 14:00:00,0,614E1950,4.175684903,,537.05,1,0,1
B031,2025-08-30 14:00:00,1,614G2040,1.968387468,,335.48,1,0,1
B031,2025-08-30 14:00:00,2,61402050,0.00168026546,1.8,306.68,1,1,1
B031,2025-08-30 15:00:00,0,614E1950,0,,537.12,1,0,1
B031,2025-08-30 15:00:00,1,614G2040,0,,335.48,1,0,1
B031,2025-08-30 15:00:00,2,61402050,0,1.64,306.67,1,1,1
B031,2025-08-30 16:00:00,0,614E1950,0,,537.13,1,0,1
B031,2025-08-30 16:00:00,1,614G2040,0,,,1,0,0
B031,2025-08-30 16:00:00,2,61402050,0,1.63,306.67,1,1,1
B031,2025-08-30 17:00:00,0,614E1950,0,,537.13,1,0,1
B031,2025-08-30 17:00:00,1,614G2040,0,,335.48,1,0,1
B031,2025-08-30 17:00:00,2,61402050,0,1.64,306.67,1,1,1
B031,2025-08-30 18:00:00,0,614E1950,0,,537.15,1,0,1
B031,2025-08-30 18:00:00,1,614G2040,0,,335.49,1,0,1
B031,2025-08-30 18:00:00,2,61402050,0,1.48,306.66,1,1,1
B031,2025-08-30 19:00:00,0,614E1950,0,,537.14,1,0,1
B031,2025-08-30 19:00:00,1,614G2040,0,,,1,0,0
B031,2025-08-30 19:00:00,2,61402050,0,1.48,306.66,1,1,1
B031,2025-08-30 20:00:00,0,614E1950,0,,537.13,1,0,1
B031,2025-08-30 20:00:00,1,614G2040,0.1519045425,,335.49,1,0,1
B031,2025-08-30 20:00:00,2,61402050,0.06194943059,1.48,306.66,1,1,1
B031,2025-08-30 21:00:00,0,614E1950,0,,537.12,1,0,1
B031,2025-08-30 21:00:00,1,614G2040,2.264605793,,335.5,1,0,1
B031,2025-08-30 21:00:00,2,61402050,0.2959870205,1.48,306.66,1,1,1
B031,2025-08-30 22:00:00,0,614E1950,0,,537.12,1,0,1
B031,2025-08-30 22:00:00,1,614G2040,0,,,1,0,0
B031,2025-08-30 22:00:00,2,61402050,0,1.64,306.67,1,1,1
B031,2025-08-30 23:00:00,0,614E1950,0,,537.11,1,0,1
B031,2025-08-30 23:00:00,1,614G2040,0.03604931825,,,1,0,0
B031,2025-08-30 23:00:00,2,61402050,0.346969888,1.63,306.67,1,1,1
B031,2025-08-31 00:00:00,0,614E1950,0,,537.1,1,0,1
B031,2025-08-31 00:00:00,1,614G2040,0,,335.48,1,0,1
B031,2025-08-31 00:00:00,2,61402050,0,1.64,306.67,1,1,1
B031,2025-08-31 01:00:00,0,614E1950,0,,537.1,1,0,1
B031,2025-08-31 01:00:00,1,614G2040,0,,335.48,1,0,1
B031,2025-08-31 01:00:00,2,61402050,0,1.64,306.67,1,1,1
B031,2025-08-31 02:00:00,0,614E1950,0,,537.1,1,0,1
B031,2025-08-31 02:00:00,1,614G2040,0,,335.48,1,0,1
B031,2025-08-31 02:00:00,2,61402050,0,1.48,306.66,1,1,1
B031,2025-08-31 03:00:00,0,614E1950,0,,537.09,1,0,1
B031,2025-08-31 03:00:00,1,614G2040,0,,335.48,1,0,1
B031,2025-08-31 03:00:00,2,61402050,0,1.48,306.66,1,1,1
B031,2025-08-31 04:00:00,0,614E1950,0,,537.09,1,0,1
B031,2025-08-31 04:00:00,1,614G2040,0,,335.48,1,0,1
B031,2025-08-31 04:00:00,2,61402050,0,1.48,306.66,1,1,1
B031,2025-08-31 05:00:00,0,614E1950,0,,537.09,1,0,1
B031,2025-08-31 05:00:00,1,614G2040,0,,,1,0,0
B031,2025-08-31 05:00:00,2,61402050,0,1.48,306.66,1,1,1
B031,2025-08-31 06:00:00,0,614E1950,0,,537.09,1,0,1
B031,2025-08-31 06:00:00,1,614G2040,0,,335.48,1,0,1
B031,2025-08-31 06:00:00,2,61402050,0,1.48,306.66,1,1,1
B031,2025-08-31 07:00:00,0,614E1950,9.714064681,,537.09,1,0,1
B031,2025-08-31 07:00:00,1,614G2040,10.14652445,,335.48,1,0,1
B031,2025-08-31 07:00:00,2,61402050,2.381739038,1.48,306.66,1,1,1
B031,2025-08-31 08:00:00,0,614E1950,0,,537.08,1,0,1
B031,2025-08-31 08:00:00,1,614G2040,0,,335.48,1,0,1
B031,2025-08-31 08:00:00,2,61402050,0,1.48,306.66,1,1,1
B031,2025-08-31 09:00:00,0,614E1950,0,,537.08,1,0,1
B031,2025-08-31 09:00:00,1,614G2040,0,,335.48,1,0,1
B031,2025-08-31 09:00:00,2,61402050,0,1.48,306.66,1,1,1
B031,2025-08-31 10:00:00,0,614E1950,0,,537.08,1,0,1
B031,2025-08-31 10:00:00,1,614G2040,0,,,1,0,0
B031,2025-08-31 10:00:00,2,61402050,0,1.48,306.66,1,1,1
B031,2025-08-31 11:00:00,0,614E1950,0,,537.08,1,0,1
B031,2025-08-31 11:00:00,1,614G2040,0,,,1,0,0
B031,2025-08-31 11:00:00,2,61402050,0,1.48,306.66,1,1,1
B031,2025-08-31 12:00:00,0,614E1950,0,,537.08,1,0,1
B031,2025-08-31 12:00:00,1,614G2040,0,,,1,0,0
B031,2025-08-31 12:00:00,2,61402050,0,1.48,306.66,1,1,1
B031,2025-08-31 13:00:00,0,614E1950,0,,537.08,1,0,1
B031,2025-08-31 13:00:00,1,614G2040,0,,335.48,1,0,1
B031,2025-08-31 13:00:00,2,61402050,0.01856953027,1.48,306.66,1,1,1
B031,2025-08-31 14:00:00,0,614E1950,0.01717679341,,537.08,1,0,1
B031,2025-08-31 14:00:00,1,614G2040,0.01810572492,,,1,0,0
B031,2025-08-31 14:00:00,2,61402050,0,1.48,306.66,1,1,1
B031,2025-08-31 15:00:00,0,614E1950,0,,537.08,1,0,1
B031,2025-08-31 15:00:00,1,614G2040,0,,335.48,1,0,1
B031,2025-08-31 15:00:00,2,61402050,0,1.48,306.66,1,1,1
B031,2025-08-31 16:00:00,0,614E1950,0.316098815,,537.08,1,0,1
B031,2025-08-31 16:00:00,1,614G2040,0,,,1,0,0
B031,2025-08-31 16:00:00,2,61402050,0.1893141579,1.48,306.66,1,1,1
B031,2025-08-31 17:00:00,0,614E1950,0,,537.08,1,0,1
B031,2025-08-31 17:00:00,1,614G2040,0.7383172314,,335.48,1,0,1
B031,2025-08-31 17:00:00,2,61402050,0.2357030262,1.48,306.66,1,1,1
B031,2025-08-31 18:00:00,0,614E1950,0,,537.08,1,0,1
B031,2025-08-31 18:00:00,1,614G2040,0.1320922285,,,1,0,0
B031,2025-08-31 18:00:00,2,61402050,0.2080071853,1.48,306.66,1,1,1
B031,2025-08-31 19:00:00,0,614E1950,0,,537.08,1,0,1
B031,2025-08-31 19:00:00,1,614G2040,0,,335.49,1,0,1
B031,2025-08-31 19:00:00,2,61402050,0,1.48,306.66,1,1,1
B031,2025-08-31 20:00:00,0,614E1950,0,,537.08,1,0,1
B031,2025-08-31 20:00:00,1,614G2040,0,,335.48,1,0,1
B031,2025-08-31 20:00:00,2,61402050,0,1.48,306.66,1,1,1
B031,2025-08-31 21:00:00,0,614E1950,0,,537.08,1,0,1
B031,2025-08-31 21:00:00,1,614G2040,0,,335.48,1,0,1
B031,2025-08-31 21:00:00,2,61402050,0,1.48,306.66,1,1,1
B031,2025-08-31 22:00:00,0,614E1950,0,,537.08,1,0,1
B031,2025-08-31 22:00:00,1,614G2040,0,,,1,0,0
B031,2025-08-31 22:00:00,2,61402050,0,1.48,306.66,1,1,1
B031,2025-08-31 23:00:00,0,614E1950,0,,537.08,1,0,1
B031,2025-08-31 23:00:00,1,614G2040,0,,335.48,1,0,1
B031,2025-08-31 23:00:00,2,61402050,0,1.48,306.66,1,1,1
B031,2025-09-01 00:00:00,0,614E1950,0,,537.08,1,0,1
B031,2025-09-01 00:00:00,1,614G2040,0,,335.48,1,0,1
B031,2025-09-01 00:00:00,2,61402050,0,1.48,306.66,1,1,1
B031,2025-09-01 01:00:00,0,614E1950,0,,537.08,1,0,1
B031,2025-09-01 01:00:00,1,614G2040,0,,335.48,1,0,1
B031,2025-09-01 01:00:00,2,61402050,0,1.48,306.66,1,1,1
B031,2025-09-01 02:00:00,0,614E1950,0,,537.08,1,0,1
B031,2025-09-01 02:00:00,1,614G2040,0,,,1,0,0
B031,2025-09-01 02:00:00,2,61402050,0,1.48,306.66,1,1,1
B031,2025-09-01 03:00:00,0,614E1950,0,,537.08,1,0,1
B031,2025-09-01 03:00:00,1,614G2040,0,,,1,0,0
B031,2025-09-01 03:00:00,2,61402050,0,1.48,306.66,1,1,1
B031,2025-09-01 04:00:00,0,614E1950,0,,537.08,1,0,1
B031,2025-09-01 04:00:00,1,614G2040,0,,335.49,1,0,1
B031,2025-09-01 04:00:00,2,61402050,0,1.48,306.66,1,1,1
B031,2025-09-01 05:00:00,0,614E1950,0.881318432,,537.07,1,0,1
B031,2025-09-01 05:00:00,1,614G2040,0.8108194367,,335.49,1,0,1
B031,2025-09-01 05:00:00,2,61402050,0.3622107524,1.48,306.66,1,1,1
B031,2025-09-01 06:00:00,0,614E1950,0.123461128,,537.08,1,0,1
B031,2025-09-01 06:00:00,1,614G2040,0.3401685737,,335.49,1,0,1
B031,2025-09-01 06:00:00,2,61402050,0.5955401453,1.48,306.66,1,1,1
B031,2025-09-01 07:00:00,0,614E1950,1.338055168,,537.08,1,0,1
B031,2025-09-01 07:00:00,1,614G2040,1.552213822,,335.48,1,0,1
B031,2025-09-01 07:00:00,2,61402050,1.691635725,1.48,306.66,1,1,1
B031,2025-09-01 08:00:00,0,614E1950,0,,537.07,1,0,1
B031,2025-09-01 08:00:00,1,614G2040,0,,335.48,1,0,1
B031,2025-09-01 08:00:00,2,61402050,0,1.48,306.66,1,1,1
B031,2025-09-01 09:00:00,0,614E1950,0,,537.07,1,0,1
B031,2025-09-01 09:00:00,1,614G2040,0,,335.48,1,0,1
B031,2025-09-01 09:00:00,2,61402050,0,1.48,306.66,1,1,1
B031,2025-09-01 10:00:00,0,614E1950,0,,537.07,1,0,1
B031,2025-09-01 10:00:00,1,614G2040,0,,,1,0,0
B031,2025-09-01 10:00:00,2,61402050,0,1.48,306.66,1,1,1
B031,2025-09-01 11:00:00,0,614E1950,0,,537.07,1,0,1
B031,2025-09-01 11:00:00,1,614G2040,0,,335.48,1,0,1
B031,2025-09-01 11:00:00,2,61402050,0,1.48,306.66,1,1,1
B031,2025-09-01 12:00:00,0,614E1950,0,,537.07,1,0,1
B031,2025-09-01 12:00:00,1,614G2040,0,,,1,0,0
B031,2025-09-01 12:00:00,2,61402050,0,1.48,306.66,1,1,1
B031,2025-09-01 13:00:00,0,614E1950,0,,537.07,1,0,1
B031,2025-09-01 13:00:00,1,614G2040,0,,,1,0,0
B031,2025-09-01 13:00:00,2,61402050,0,1.48,306.66,1,1,1
B031,2025-09-01 14:00:00,0,614E1950,0,,537.07,1,0,1
B031,2025-09-01 14:00:00,1,614G2040,0,,335.48,1,0,1
B031,2025-09-01 14:00:00,2,61402050,0,1.48,306.66,1,1,1
B031,2025-09-01 15:00:00,0,614E1950,0,,537.07,1,0,1
B031,2025-09-01 15:00:00,1,614G2040,0,,,1,0,0
B031,2025-09-01 15:00:00,2,61402050,0,1.48,306.66,1,1,1
B031,2025-09-01 16:00:00,0,614E1950,0,,537.07,1,0,1
B031,2025-09-01 16:00:00,1,614G2040,0,,335.48,1,0,1
B031,2025-09-01 16:00:00,2,61402050,0,1.48,306.66,1,1,1
B031,2025-09-01 17:00:00,0,614E1950,0,,537.06,1,0,1
B031,2025-09-01 17:00:00,1,614G2040,0,,335.48,1,0,1
B031,2025-09-01 17:00:00,2,61402050,0,1.48,306.66,1,1,1
B031,2025-09-01 18:00:00,0,614E1950,0,,537.06,1,0,1
B031,2025-09-01 18:00:00,1,614G2040,0,,335.48,1,0,1
B031,2025-09-01 18:00:00,2,61402050,0,1.48,306.66,1,1,1
B031,2025-09-01 19:00:00,0,614E1950,0,,537.06,1,0,1
B031,2025-09-01 19:00:00,1,614G2040,0,,,1,0,0
B031,2025-09-01 19:00:00,2,61402050,0,1.48,306.66,1,1,1
B031,2025-09-01 20:00:00,0,614E1950,0,,537.06,1,0,1
B031,2025-09-01 20:00:00,1,614G2040,0,,335.48,1,0,1
B031,2025-09-01 20:00:00,2,61402050,0,1.48,306.66,1,1,1
B031,2025-09-01 21:00:00,0,614E1950,0,,537.06,1,0,1
B031,2025-09-01 21:00:00,1,614G2040,0,,335.48,1,0,1
B031,2025-09-01 21:00:00,2,61402050,0,1.48,306.66,1,1,1
B031,2025-09-01 22:00:00,0,614E1950,0,,537.06,1,0,1
B031,2025-09-01 22:00:00,1,614G2040,0,,335.48,1,0,1
B031,2025-09-01 22:00:00,2,61402050,0,1.48,306.66,1,1,1
B031,2025-09-01 23:00:00,0,614E1950,0,,,1,0,0
B031,2025-09-01 23:00:00,1,614G2040,0,,335.48,1,0,1
B031,2025-09-01 23:00:00,2,61402050,0,,,1,0,0
B031,2025-09-02 00:00:00,0,614E1950,0,,,1,0,0
B031,2025-09-02 00:00:00,1,614G2040,0,,,1,0,0
B031,2025-09-02 00:00:00,2,61402050,0,,,1,0,0
B031,2025-09-04 06:00:00,0,614E1950,0,,537.03,1,0,1
B031,2025-09-04 06:00:00,1,614G2040,0,,,1,0,0
B031,2025-09-04 06:00:00,2,61402050,0,1.48,306.66,1,1,1
B031,2025-09-04 07:00:00,0,614E1950,0.5309522878,,537.03,1,0,1
B031,2025-09-04 07:00:00,1,614G2040,0.1086343495,,335.48,1,0,1
B031,2025-09-04 07:00:00,2,61402050,0.03429483939,1.48,306.66,1,1,1
B031,2025-09-04 08:00:00,0,614E1950,0,,537.03,1,0,1
B031,2025-09-04 08:00:00,1,614G2040,0,,335.48,1,0,1
B031,2025-09-04 08:00:00,2,61402050,0,1.48,306.66,1,1,1
B031,2025-09-04 09:00:00,0,614E1950,0,,537.03,1,0,1
B031,2025-09-04 09:00:00,1,614G2040,0,,,1,0,0
B031,2025-09-04 09:00:00,2,61402050,0,1.48,306.66,1,1,1
B031,2025-09-04 10:00:00,0,614E1950,0,,537.03,1,0,1
B031,2025-09-04 10:00:00,1,614G2040,0,,335.48,1,0,1
B031,2025-09-04 10:00:00,2,61402050,0,1.48,306.66,1,1,1
B031,2025-09-04 11:00:00,0,614E1950,0,,537.03,1,0,1
B031,2025-09-04 11:00:00,1,614G2040,0,,,1,0,0
B031,2025-09-04 11:00:00,2,61402050,0,1.48,306.66,1,1,1
B031,2025-09-04 12:00:00,0,614E1950,0,,537.03,1,0,1
B031,2025-09-04 12:00:00,1,614G2040,0,,,1,0,0
B031,2025-09-04 12:00:00,2,61402050,0,1.48,306.66,1,1,1
B031,2025-09-04 13:00:00,0,614E1950,0,,537.03,1,0,1
B031,2025-09-04 13:00:00,1,614G2040,0,,335.48,1,0,1
B031,2025-09-04 13:00:00,2,61402050,0,1.48,306.66,1,1,1
B031,2025-09-04 14:00:00,0,614E1950,0,,537.03,1,0,1
B031,2025-09-04 14:00:00,1,614G2040,0,,335.48,1,0,1
B031,2025-09-04 14:00:00,2,61402050,0,1.48,306.66,1,1,1
B031,2025-09-04 15:00:00,0,614E1950,0,,537.03,1,0,1
B031,2025-09-04 15:00:00,1,614G2040,0,,335.48,1,0,1
B031,2025-09-04 15:00:00,2,61402050,0,1.48,306.66,1,1,1
B031,2025-09-04 16:00:00,0,614E1950,0,,537.03,1,0,1
B031,2025-09-04 16:00:00,1,614G2040,0,,335.49,1,0,1
B031,2025-09-04 16:00:00,2,61402050,0,1.48,306.66,1,1,1
B031,2025-09-04 17:00:00,0,614E1950,0,,537.03,1,0,1
B031,2025-09-04 17:00:00,1,614G2040,0,,335.48,1,0,1
B031,2025-09-04 17:00:00,2,61402050,0,1.48,306.66,1,1,1
B031,2025-09-04 18:00:00,0,614E1950,0,,537.03,1,0,1
B031,2025-09-04 18:00:00,1,614G2040,0,,335.48,1,0,1
B031,2025-09-04 18:00:00,2,61402050,0,1.48,306.66,1,1,1
B031,2025-09-04 19:00:00,0,614E1950,0,,537.03,1,0,1
B031,2025-09-04 19:00:00,1,614G2040,0,,,1,0,0
B031,2025-09-04 19:00:00,2,61402050,0,1.48,306.66,1,1,1
B031,2025-09-04 20:00:00,0,614E1950,0,,537.03,1,0,1
B031,2025-09-04 20:00:00,1,614G2040,0,,335.48,1,0,1
B031,2025-09-04 20:00:00,2,61402050,0,1.48,306.66,1,1,1
B031,2025-09-04 21:00:00,0,614E1950,0,,537.03,1,0,1
B031,2025-09-04 21:00:00,1,614G2040,0,,,1,0,0
B031,2025-09-04 21:00:00,2,61402050,0,1.48,306.66,1,1,1
B031,2025-09-04 22:00:00,0,614E1950,0,,537.03,1,0,1
B031,2025-09-04 22:00:00,1,614G2040,0,,335.48,1,0,1
B031,2025-09-04 22:00:00,2,61402050,0,1.48,306.66,1,1,1
B031,2025-09-04 23:00:00,0,614E1950,0,,537.03,1,0,1
B031,2025-09-04 23:00:00,1,614G2040,0,,335.48,1,0,1
B031,2025-09-04 23:00:00,2,61402050,0,1.48,306.66,1,1,1
B031,2025-09-05 00:00:00,0,614E1950,0,,537.03,1,0,1
B031,2025-09-05 00:00:00,1,614G2040,0,,,1,0,0
B031,2025-09-05 00:00:00,2,61402050,0,1.48,306.66,1,1,1
B031,2025-09-05 01:00:00,0,614E1950,0,,537.03,1,0,1
B031,2025-09-05 01:00:00,1,614G2040,0,,335.48,1,0,1
B031,2025-09-05 01:00:00,2,61402050,0,1.48,306.66,1,1,1
B031,2025-09-05 02:00:00,0,614E1950,0,,537.03,1,0,1
B031,2025-09-05 02:00:00,1,614G2040,0,,,1,0,0
B031,2025-09-05 02:00:00,2,61402050,0,1.48,306.66,1,1,1
B031,2025-09-05 03:00:00,0,614E1950,0,,537.03,1,0,1
B031,2025-09-05 03:00:00,1,614G2040,0,,335.49,1,0,1
B031,2025-09-05 03:00:00,2,61402050,0,1.48,306.66,1,1,1
B031,2025-09-05 04:00:00,0,614E1950,0,,537.03,1,0,1
B031,2025-09-05 04:00:00,1,614G2040,0,,335.49,1,0,1
B031,2025-09-05 04:00:00,2,61402050,0,1.48,306.66,1,1,1
B031,2025-09-05 05:00:00,0,614E1950,0,,537.03,1,0,1
B031,2025-09-05 05:00:00,1,614G2040,0,,,1,0,0
B031,2025-09-05 05:00:00,2,61402050,0,1.48,306.66,1,1,1
B031,2025-09-05 06:00:00,0,614E1950,0,,537.03,1,0,1
B031,2025-09-05 06:00:00,1,614G2040,0,,,1,0,0
B031,2025-09-05 06:00:00,2,61402050,0,1.48,306.66,1,1,1
B031,2025-09-05 07:00:00,0,614E1950,0,,537.03,1,0,1
B031,2025-09-05 07:00:00,1,614G2040,0,,335.48,1,0,1
B031,2025-09-05 07:00:00,2,61402050,0,1.48,306.66,1,1,1
B031,2025-09-05 08:00:00,0,614E1950,0,,537.03,1,0,1
B031,2025-09-05 08:00:00,1,614G2040,0,,335.48,1,0,1
B031,2025-09-05 08:00:00,2,61402050,0,1.48,306.66,1,1,1
B031,2025-09-05 09:00:00,0,614E1950,0,,537.03,1,0,1
B031,2025-09-05 09:00:00,1,614G2040,0,,335.48,1,0,1
B031,2025-09-05 09:00:00,2,61402050,0,1.48,306.66,1,1,1
B031,2025-09-05 10:00:00,0,614E1950,0,,537.03,1,0,1
B031,2025-09-05 10:00:00,1,614G2040,0,,,1,0,0
B031,2025-09-05 10:00:00,2,61402050,0,1.48,306.66,1,1,1
B031,2025-09-05 11:00:00,0,614E1950,0,,537.03,1,0,1
B031,2025-09-05 11:00:00,1,614G2040,0,,335.48,1,0,1
B031,2025-09-05 11:00:00,2,61402050,0,1.48,306.66,1,1,1
B031,2025-09-05 12:00:00,0,614E1950,0,,537.03,1,0,1
B031,2025-09-05 12:00:00,1,614G2040,0,,,1,0,0
B031,2025-09-05 12:00:00,2,61402050,0,1.48,306.66,1,1,1
B031,2025-09-05 13:00:00,0,614E1950,0,,537.03,1,0,1
B031,2025-09-05 13:00:00,1,614G2040,0,,335.49,1,0,1
B031,2025-09-05 13:00:00,2,61402050,0,1.48,306.66,1,1,1
B031,2025-09-05 14:00:00,0,614E1950,0,,537.03,1,0,1
B031,2025-09-05 14:00:00,1,614G2040,0,,335.49,1,0,1
B031,2025-09-05 14:00:00,2,61402050,0,1.48,306.66,1,1,1
B031,2025-09-05 15:00:00,0,614E1950,0,,537.03,1,0,1
B031,2025-09-05 15:00:00,1,614G2040,0,,335.48,1,0,1
B031,2025-09-05 15:00:00,2,61402050,0,1.48,306.66,1,1,1
B031,2025-09-05 16:00:00,0,614E1950,0,,537.03,1,0,1
B031,2025-09-05 16:00:00,1,614G2040,0,,,1,0,0
B031,2025-09-05 16:00:00,2,61402050,0,1.32,306.65,1,1,1
B031,2025-09-05 17:00:00,0,614E1950,0,,537.03,1,0,1
B031,2025-09-05 17:00:00,1,614G2040,0,,335.48,1,0,1
B031,2025-09-05 17:00:00,2,61402050,0,1.32,306.65,1,1,1
B031,2025-09-05 18:00:00,0,614E1950,0,,537.03,1,0,1
B031,2025-09-05 18:00:00,1,614G2040,0,,335.48,1,0,1
B031,2025-09-05 18:00:00,2,61402050,0,1.48,306.66,1,1,1
B031,2025-09-05 19:00:00,0,614E1950,0,,537.03,1,0,1
B031,2025-09-05 19:00:00,1,614G2040,0,,,1,0,0
B031,2025-09-05 19:00:00,2,61402050,0,1.48,306.66,1,1,1
B031,2025-09-05 20:00:00,0,614E1950,0,,537.03,1,0,1
B031,2025-09-05 20:00:00,1,614G2040,0,,335.48,1,0,1
B031,2025-09-05 20:00:00,2,61402050,0,1.48,306.66,1,1,1
B031,2025-09-05 21:00:00,0,614E1950,0,,537.03,1,0,1
B031,2025-09-05 21:00:00,1,614G2040,0,,335.48,1,0,1
B031,2025-09-05 21:00:00,2,61402050,0,1.48,306.66,1,1,1
B031,2025-09-05 22:00:00,0,614E1950,0,,537.03,1,0,1
B031,2025-09-05 22:00:00,1,614G2040,0,,,1,0,0
B031,2025-09-05 22:00:00,2,61402050,0,1.48,306.66,1,1,1
B031,2025-09-05 23:00:00,0,614E1950,0,,537.03,1,0,1
B031,2025-09-05 23:00:00,1,614G2040,0,,335.49,1,0,1
B031,2025-09-05 23:00:00,2,61402050,0,1.48,306.66,1,1,1
B031,2025-09-06 00:00:00,0,614E1950,0,,537.03,1,0,1
B031,2025-09-06 00:00:00,1,614G2040,0,,335.48,1,0,1
B031,2025-09-06 00:00:00,2,61402050,0,1.48,306.66,1,1,1
B031,2025-09-06 01:00:00,0,614E1950,0,,537.03,1,0,1
B031,2025-09-06 01:00:00,1,614G2040,0,,335.48,1,0,1
B031,2025-09-06 01:00:00,2,61402050,0,1.48,306.66,1,1,1
B031,2025-09-06 02:00:00,0,614E1950,0,,537.03,1,0,1
B031,2025-09-06 02:00:00,1,614G2040,0,,335.48,1,0,1
B031,2025-09-06 02:00:00,2,61402050,0,1.48,306.66,1,1,1
B031,2025-09-06 03:00:00,0,614E1950,0,,537.03,1,0,1
B031,2025-09-06 03:00:00,1,614G2040,0,,335.48,1,0,1
B031,2025-09-06 03:00:00,2,61402050,0,1.48,306.66,1,1,1
B031,2025-09-06 04:00:00,0,614E1950,0,,537.03,1,0,1
B031,2025-09-06 04:00:00,1,614G2040,0,,335.49,1,0,1
B031,2025-09-06 04:00:00,2,61402050,0,1.48,306.66,1,1,1
B031,2025-09-06 05:00:00,0,614E1950,0,,537.03,1,0,1
B031,2025-09-06 05:00:00,1,614G2040,0,,335.49,1,0,1
B031,2025-09-06 05:00:00,2,61402050,0,1.48,306.66,1,1,1
B031,2025-09-06 06:00:00,0,614E1950,0.2125686692,,537.03,1,0,1
B031,2025-09-06 06:00:00,1,614G2040,0.7206254655,,,1,0,0
B031,2025-09-06 06:00:00,2,61402050,0.4210488478,1.48,306.66,1,1,1
B031,2025-09-06 07:00:00,0,614E1950,0.1674116957,,537.03,1,0,1
B031,2025-09-06 07:00:00,1,614G2040,0.499130296,,335.48,1,0,1
B031,2025-09-06 07:00:00,2,61402050,0.3623098024,1.8,306.68,1,1,1
B031,2025-09-06 08:00:00,0,614E1950,2.40914307,,537.03,1,0,1
B031,2025-09-06 08:00:00,1,614G2040,4.672307451,,335.48,1,0,1
B031,2025-09-06 08:00:00,2,61402050,3.148626237,1.64,306.67,1,1,1
B031,2025-09-06 09:00:00,0,614E1950,0,,537.03,1,0,1
B031,2025-09-06 09:00:00,1,614G2040,1.084221591,,,1,0,0
B031,2025-09-06 09:00:00,2,61402050,1.133832016,1.64,306.67,1,1,1
B031,2025-09-06 10:00:00,0,614E1950,0,,537.03,1,0,1
B031,2025-09-06 10:00:00,1,614G2040,0,,335.5,1,0,1
B031,2025-09-06 10:00:00,2,61402050,0.06519885756,2.84,306.74,1,1,1
B031,2025-09-06 11:00:00,0,614E1950,0,,537.03,1,0,1
B031,2025-09-06 11:00:00,1,614G2040,0.07383172314,,,1,0,0
B031,2025-09-06 11:00:00,2,61402050,0.01056472188,2.3,306.71,1,1,1
B031,2025-09-06 12:00:00,0,614E1950,0,,537.03,1,0,1
B031,2025-09-06 12:00:00,1,614G2040,0.002120548132,,,1,0,0
B031,2025-09-06 12:00:00,2,61402050,0.02040999341,1.96,306.69,1,1,1
B031,2025-09-06 13:00:00,0,614E1950,0,,537.03,1,0,1
B031,2025-09-06 13:00:00,1,614G2040,0,,335.49,1,0,1
B031,2025-09-06 13:00:00,2,61402050,0,1.96,306.69,1,1,1
B031,2025-09-06 14:00:00,0,614E1950,0,,537.03,1,0,1
B031,2025-09-06 14:00:00,1,614G2040,0,,335.49,1,0,1
B031,2025-09-06 14:00:00,2,61402050,0,1.96,306.69,1,1,1
B031,2025-09-06 15:00:00,0,614E1950,0,,537.03,1,0,1
B031,2025-09-06 15:00:00,1,614G2040,0,,,1,0,0
B031,2025-09-06 15:00:00,2,61402050,0,1.96,306.69,1,1,1
B031,2025-09-06 16:00:00,0,614E1950,0,,537.03,1,0,1
B031,2025-09-06 16:00:00,1,614G2040,0,,,1,0,0
B031,2025-09-06 16:00:00,2,61402050,0,1.96,306.69,1,1,1
B031,2025-09-06 17:00:00,0,614E1950,0,,537.03,1,0,1
B031,2025-09-06 17:00:00,1,614G2040,0,,335.49,1,0,1
B031,2025-09-06 17:00:00,2,61402050,0,1.94,306.69,1,1,1
B031,2025-09-06 18:00:00,0,614E1950,0,,537.03,1,0,1
B031,2025-09-06 18:00:00,1,614G2040,0,,335.49,1,0,1
B031,2025-09-06 18:00:00,2,61402050,0,1.8,306.68,1,1,1
B031,2025-09-06 19:00:00,0,614E1950,0,,537.03,1,0,1
B031,2025-09-06 19:00:00,1,614G2040,0,,,1,0,0
B031,2025-09-06 19:00:00,2,61402050,0,1.8,306.68,1,1,1
B031,2025-09-06 20:00:00,0,614E1950,0,,537.02,1,0,1
B031,2025-09-06 20:00:00,1,614G2040,0,,,1,0,0
B031,2025-09-06 20:00:00,2,61402050,0,1.64,306.67,1,1,1
B031,2025-09-06 21:00:00,0,614E1950,0,,537.02,1,0,1
B031,2025-09-06 21:00:00,1,614G2040,0,,,1,0,0
B031,2025-09-06 21:00:00,2,61402050,0,1.64,306.67,1,1,1
B031,2025-09-06 22:00:00,0,614E1950,0,,537.02,1,0,1
B031,2025-09-06 22:00:00,1,614G2040,0,,335.49,1,0,1
B031,2025-09-06 22:00:00,2,61402050,0,1.64,306.67,1,1,1
B031,2025-09-06 23:00:00,0,614E1950,0,,537.02,1,0,1
B031,2025-09-06 23:00:00,1,614G2040,0,,335.49,1,0,1
B031,2025-09-06 23:00:00,2,61402050,0,1.64,306.67,1,1,1
B031,2025-09-07 00:00:00,0,614E1950,0,,537.02,1,0,1
B031,2025-09-07 00:00:00,1,614G2040,0,,335.48,1,0,1
B031,2025-09-07 00:00:00,2,61402050,0,1.64,306.67,1,1,1
B031,2025-09-07 01:00:00,0,614E1950,0,,537.02,1,0,1
B031,2025-09-07 01:00:00,1,614G2040,0,,335.49,1,0,1
B031,2025-09-07 01:00:00,2,61402050,0,1.64,306.67,1,1,1
B031,2025-09-07 02:00:00,0,614E1950,0,,537.02,1,0,1
B031,2025-09-07 02:00:00,1,614G2040,0,,,1,0,0
B031,2025-09-07 02:00:00,2,61402050,0,1.64,306.67,1,1,1
B031,2025-09-07 03:00:00,0,614E1950,0,,537.02,1,0,1
B031,2025-09-07 03:00:00,1,614G2040,0,,335.48,1,0,1
B031,2025-09-07 03:00:00,2,61402050,0,1.48,306.66,1,1,1
B031,2025-09-07 04:00:00,0,614E1950,0,,537.02,1,0,1
B031,2025-09-07 04:00:00,1,614G2040,0,,335.49,1,0,1
B031,2025-09-07 04:00:00,2,61402050,0,1.48,306.66,1,1,1
B031,2025-09-07 05:00:00,0,614E1950,0,,537.02,1,0,1
B031,2025-09-07 05:00:00,1,614G2040,0,,335.49,1,0,1
B031,2025-09-07 05:00:00,2,61402050,0,1.48,306.66,1,1,1
B031,2025-09-07 06:00:00,0,614E1950,0,,537.02,1,0,1
B031,2025-09-07 06:00:00,1,614G2040,0,,,1,0,0
B031,2025-09-07 06:00:00,2,61402050,0,1.48,306.66,1,1,1
B031,2025-09-07 07:00:00,0,614E1950,2.40914307,,537.02,1,0,1
B031,2025-09-07 07:00:00,1,614G2040,4.429678573,,335.48,1,0,1
B031,2025-09-07 07:00:00,2,61402050,4.210284593,1.48,306.66,1,1,1
B031,2025-09-07 08:00:00,0,614E1950,0,,537.02,1,0,1
B031,2025-09-07 08:00:00,1,614G2040,0,,335.49,1,0,1
B031,2025-09-07 08:00:00,2,61402050,0,1.64,306.67,1,1,1
B031,2025-09-07 09:00:00,0,614E1950,0,,537.02,1,0,1
B031,2025-09-07 09:00:00,1,614G2040,0,,335.48,1,0,1
B031,2025-09-07 09:00:00,2,61402050,0,1.48,306.66,1,1,1
B031,2025-09-07 10:00:00,0,614E1950,0,,537.02,1,0,1
B031,2025-09-07 10:00:00,1,614G2040,0,,,1,0,0
B031,2025-09-07 10:00:00,2,61402050,0,1.48,306.66,1,1,1
B031,2025-09-07 11:00:00,0,614E1950,0,,537.02,1,0,1
B031,2025-09-07 11:00:00,1,614G2040,0,,,1,0,0
B031,2025-09-07 11:00:00,2,61402050,0,1.49,306.66,1,1,1
B031,2025-09-07 12:00:00,0,614E1950,0,,537.02,1,0,1
B031,2025-09-07 12:00:00,1,614G2040,0,,335.48,1,0,1
B031,2025-09-07 12:00:00,2,61402050,0,1.49,306.66,1,1,1
B031,2025-09-07 13:00:00,0,614E1950,0,,537.02,1,0,1
B031,2025-09-07 13:00:00,1,614G2040,0,,,1,0,0
B031,2025-09-07 13:00:00,2,61402050,0,1.48,306.66,1,1,1
B031,2025-09-07 14:00:00,0,614E1950,0,,537.02,1,0,1
B031,2025-09-07 14:00:00,1,614G2040,0,,,1,0,0
B031,2025-09-07 14:00:00,2,61402050,0,1.48,306.66,1,1,1
B031,2025-09-07 15:00:00,0,614E1950,0,,537.02,1,0,1
B031,2025-09-07 15:00:00,1,614G2040,0,,335.49,1,0,1
B031,2025-09-07 15:00:00,2,61402050,0,1.48,306.66,1,1,1
B031,2025-09-07 16:00:00,0,614E1950,0,,537.02,1,0,1
B031,2025-09-07 16:00:00,1,614G2040,0,,335.49,1,0,1
B031,2025-09-07 16:00:00,2,61402050,0,1.48,306.66,1,1,1
B031,2025-09-07 17:00:00,0,614E1950,0,,537.02,1,0,1
B031,2025-09-07 17:00:00,1,614G2040,0,,335.48,1,0,1
B031,2025-09-07 17:00:00,2,61402050,0,1.48,306.66,1,1,1
B031,2025-09-07 18:00:00,0,614E1950,0,,537.02,1,0,1
B031,2025-09-07 18:00:00,1,614G2040,0,,335.48,1,0,1
B031,2025-09-07 18:00:00,2,61402050,0,1.48,306.66,1,1,1
B031,2025-09-07 19:00:00,0,614E1950,0,,537.02,1,0,1
B031,2025-09-07 19:00:00,1,614G2040,0,,,1,0,0
B031,2025-09-07 19:00:00,2,61402050,0,1.48,306.66,1,1,1
B031,2025-09-07 20:00:00,0,614E1950,0,,537.02,1,0,1
B031,2025-09-07 20:00:00,1,614G2040,0,,335.49,1,0,1
B031,2025-09-07 20:00:00,2,61402050,0,1.49,306.66,1,1,1
B031,2025-09-07 21:00:00,0,614E1950,0,,537.02,1,0,1
B031,2025-09-07 21:00:00,1,614G2040,0,,335.48,1,0,1
B031,2025-09-07 21:00:00,2,61402050,0,1.48,306.66,1,1,1
B031,2025-09-07 22:00:00,0,614E1950,0,,537.02,1,0,1
B031,2025-09-07 22:00:00,1,614G2040,0,,335.48,1,0,1
B031,2025-09-07 22:00:00,2,61402050,0,1.48,306.66,1,1,1
B031,2025-09-07 23:00:00,0,614E1950,0,,537.02,1,0,1
B031,2025-09-07 23:00:00,1,614G2040,0,,,1,0,0
B031,2025-09-07 23:00:00,2,61402050,0,1.48,306.66,1,1,1
B031,2025-09-08 00:00:00,0,614E1950,0,,537.02,1,0,1
B031,2025-09-08 00:00:00,1,614G2040,0,,335.49,1,0,1
B031,2025-09-08 00:00:00,2,61402050,0,1.48,306.66,1,1,1
B031,2025-09-08 01:00:00,0,614E1950,0,,537.02,1,0,1
B031,2025-09-08 01:00:00,1,614G2040,0,,,1,0,0
B031,2025-09-08 01:00:00,2,61402050,0,1.48,306.66,1,1,1
B031,2025-09-08 02:00:00,0,614E1950,0,,537.02,1,0,1
B031,2025-09-08 02:00:00,1,614G2040,0,,335.49,1,0,1
B031,2025-09-08 02:00:00,2,61402050,0,1.48,306.66,1,1,1
B031,2025-09-08 03:00:00,0,614E1950,0,,537.02,1,0,1
B031,2025-09-08 03:00:00,1,614G2040,0,,335.48,1,0,1
B031,2025-09-08 03:00:00,2,61402050,0,1.48,306.66,1,1,1
B031,2025-09-08 04:00:00,0,614E1950,0,,537.02,1,0,1
B031,2025-09-08 04:00:00,1,614G2040,0,,,1,0,0
B031,2025-09-08 04:00:00,2,61402050,0,1.48,306.66,1,1,1
B031,2025-09-08 05:00:00,0,614E1950,0,,537.02,1,0,1
B031,2025-09-08 05:00:00,1,614G2040,0,,,1,0,0
B031,2025-09-08 05:00:00,2,61402050,0,1.49,306.66,1,1,1
B031,2025-09-08 06:00:00,0,614E1950,0,,537.02,1,0,1
B031,2025-09-08 06:00:00,1,614G2040,0,,,1,0,0
B031,2025-09-08 06:00:00,2,61402050,0,1.49,306.66,1,1,1
B031,2025-09-08 07:00:00,0,614E1950,0,,537.02,1,0,1
B031,2025-09-08 07:00:00,1,614G2040,0,,335.49,1,0,1
B031,2025-09-08 07:00:00,2,61402050,0,1.48,306.66,1,1,1
B031,2025-09-08 08:00:00,0,614E1950,0,,537.02,1,0,1
B031,2025-09-08 08:00:00,1,614G2040,0,,335.49,1,0,1
B031,2025-09-08 08:00:00,2,61402050,0,1.48,306.66,1,1,1
B031,2025-09-08 09:00:00,0,614E1950,0,,537.02,1,0,1
B031,2025-09-08 09:00:00,1,614G2040,0,,,1,0,0
B031,2025-09-08 09:00:00,2,61402050,0,1.48,306.66,1,1,1
B031,2025-09-08 10:00:00,0,614E1950,0,,537.02,1,0,1
B031,2025-09-08 10:00:00,1,614G2040,0,,,1,0,0
B031,2025-09-08 10:00:00,2,61402050,0,1.48,306.66,1,1,1
B031,2025-09-08 11:00:00,0,614E1950,0,,537.02,1,0,1
B031,2025-09-08 11:00:00,1,614G2040,0,,,1,0,0
B031,2025-09-08 11:00:00,2,61402050,0,1.48,306.66,1,1,1
B031,2025-09-08 12:00:00,0,614E1950,0,,537.02,1,0,1
B031,2025-09-08 12:00:00,1,614G2040,0,,,1,0,0
B031,2025-09-08 12:00:00,2,61402050,0,1.48,306.66,1,1,1
B031,2025-09-08 13:00:00,0,614E1950,0,,537.02,1,0,1
B031,2025-09-08 13:00:00,1,614G2040,0,,,1,0,0
B031,2025-09-08 13:00:00,2,61402050,0,1.48,306.66,1,1,1
B031,2025-09-10 07:00:00,0,614E1950,0.200955912,,537.02,1,0,1
B031,2025-09-10 07:00:00,1,614G2040,1.602750855,,,1,0,0
B031,2025-09-10 07:00:00,2,61402050,1.105072792,1.48,306.66,1,1,1
B031,2025-09-10 08:00:00,0,614E1950,0.3143986414,,537.02,1,0,1
B031,2025-09-10 08:00:00,1,614G2040,0.2616660506,,335.49,1,0,1
B031,2025-09-10 08:00:00,2,61402050,0.05785939732,1.64,306.67,1,1,1
B031,2025-09-10 09:00:00,0,614E1950,0.04958900181,,537.02,1,0,1
B031,2025-09-10 09:00:00,1,614G2040,0.2667393897,,,1,0,0
B031,2025-09-10 09:00:00,2,61402050,0.305956007,1.64,306.67,1,1,1
B031,2025-09-10 10:00:00,0,614E1950,0.07749478396,,537.02,1,0,1
B031,2025-09-10 10:00:00,1,614G2040,0.02633234376,,335.49,1,0,1
B031,2025-09-10 10:00:00,2,61402050,0.04690213946,1.48,306.66,1,1,1
B031,2025-09-10 11:00:00,0,614E1950,0,,537.02,1,0,1
B031,2025-09-10 11:00:00,1,614G2040,0.1433962588,,335.49,1,0,1
B031,2025-09-10 11:00:00,2,61402050,0,1.49,306.66,1,1,1
B031,2025-09-10 12:00:00,0,614E1950,0,,537.02,1,0,1
B031,2025-09-10 12:00:00,1,614G2040,0,,335.48,1,0,1
B031,2025-09-10 12:00:00,2,61402050,0.04606834784,1.49,306.66,1,1,1
B031,2025-09-10 13:00:00,0,614E1950,0.01717679341,,537.02,1,0,1
B031,2025-09-10 13:00:00,1,614G2040,0.01810572492,,335.48,1,0,1
B031,2025-09-10 13:00:00,2,61402050,0,1.48,306.66,1,1,1
B031,2025-09-10 14:00:00,0,614E1950,0,,537.02,1,0,1
B031,2025-09-10 14:00:00,1,614G2040,0,,335.49,1,0,1
B031,2025-09-10 14:00:00,2,61402050,0.04606834784,1.48,306.66,1,1,1
B031,2025-09-10 15:00:00,0,614E1950,0,,537.02,1,0,1
B031,2025-09-10 15:00:00,1,614G2040,0.1433962588,,,1,0,0
B031,2025-09-10 15:00:00,2,61402050,0.1876085579,1.48,306.66,1,1,1
B031,2025-09-10 16:00:00,0,614E1950,0,,537.02,1,0,1
B031,2025-09-10 16:00:00,1,614G2040,0,,,1,0,0
B031,2025-09-10 16:00:00,2,61402050,0.04606834784,1.48,306.66,1,1,1
B031,2025-09-10 17:00:00,0,614E1950,0,,537.02,1,0,1
B031,2025-09-10 17:00:00,1,614G2040,0,,,1,0,0
B031,2025-09-10 17:00:00,2,61402050,0,1.48,306.66,1,1,1
B031,2025-09-10 18:00:00,0,614E1950,0,,537.02,1,0,1
B031,2025-09-10 18:00:00,1,614G2040,0,,,1,0,0
B031,2025-09-10 18:00:00,2,61402050,0,1.48,306.66,1,1,1
B031,2025-09-10 19:00:00,0,614E1950,0,,537.02,1,0,1
B031,2025-09-10 19:00:00,1,614G2040,0.07383172314,,335.49,1,0,1
B031,2025-09-10 19:00:00,2,61402050,0.05746686134,1.49,306.66,1,1,1
B031,2025-09-10 20:00:00,0,614E1950,0,,537.02,1,0,1
B031,2025-09-10 20:00:00,1,614G2040,0,,,1,0,0
B031,2025-09-10 20:00:00,2,61402050,0,1.48,306.66,1,1,1
B031,2025-09-10 21:00:00,0,614E1950,0,,537.02,1,0,1
B031,2025-09-10 21:00:00,1,614G2040,0,,,1,0,0
B031,2025-09-10 21:00:00,2,61402050,0,1.48,306.66,1,1,1
B031,2025-09-10 22:00:00,0,614E1950,0,,537.02,1,0,1
B031,2025-09-10 22:00:00,1,614G2040,0.01232074968,,335.49,1,0,1
B031,2025-09-10 22:00:00,2,61402050,0.0004341390214,1.48,306.66,1,1,1
B031,2025-09-10 23:00:00,0,614E1950,0,,537.02,1,0,1
B031,2025-09-10 23:00:00,1,614G2040,0,,,1,0,0
B031,2025-09-10 23:00:00,2,61402050,0.1206883766,1.48,306.66,1,1,1
B031,2025-09-11 00:00:00,0,614E1950,0.1882111468,,537.01,1,0,1
B031,2025-09-11 00:00:00,1,614G2040,0.2616660506,,,1,0,0
B031,2025-09-11 00:00:00,2,61402050,0.2796720467,1.48,306.66,1,1,1
B031,2025-09-11 01:00:00,0,614E1950,0.01717679341,,537.01,1,0,1
B031,2025-09-11 01:00:00,1,614G2040,0.2416953512,,,1,0,0
B031,2025-09-11 01:00:00,2,61402050,0.3623558979,1.48,306.66,1,1,1
B031,2025-09-11 02:00:00,0,614E1950,0,,537.02,1,0,1
B031,2025-09-11 02:00:00,1,614G2040,0.02464149936,,335.49,1,0,1
B031,2025-09-11 02:00:00,2,61402050,0.0008682780428,1.49,306.66,1,1,1
B031,2025-09-11 03:00:00,0,614E1950,0,,537.02,1,0,1
B031,2025-09-11 03:00:00,1,614G2040,0,,,1,0,0
B031,2025-09-11 03:00:00,2,61402050,0,1.49,306.66,1,1,1
B031,2025-09-11 04:00:00,0,614E1950,0,,537.01,1,0,1
B031,2025-09-11 04:00:00,1,614G2040,0,,,1,0,0
B031,2025-09-11 04:00:00,2,61402050,0.04606834784,1.48,306.66,1,1,1
B031,2025-09-11 05:00:00,0,614E1950,0.06128867977,,537.01,1,0,1
B031,2025-09-11 05:00:00,1,614G2040,0.02633234376,,,1,0,0
B031,2025-09-11 05:00:00,2,61402050,0,1.48,306.66,1,1,1
B031,2025-09-11 06:00:00,0,614E1950,0,,537.01,1,0,1
B031,2025-09-11 06:00:00,1,614G2040,0,,335.49,1,0,1
B031,2025-09-11 06:00:00,2,61402050,0,1.48,306.66,1,1,1
B031,2025-09-11 07:00:00,0,614E1950,0.7253358406,,537.01,1,0,1
B031,2025-09-11 07:00:00,1,614G2040,1.4853574,,,1,0,0
B031,2025-09-11 07:00:00,2,61402050,1.929157065,1.48,306.66,1,1,1
B031,2025-09-11 08:00:00,0,614E1950,0.04515697358,,537.01,1,0,1
B031,2025-09-11 08:00:00,1,614G2040,0,,335.49,1,0,1
B031,2025-09-11 08:00:00,2,61402050,0.02704487971,1.64,306.67,1,1,1
B031,2025-09-11 09:00:00,0,614E1950,0,,537.01,1,0,1
B031,2025-09-11 09:00:00,1,614G2040,0,,335.49,1,0,1
B031,2025-09-11 09:00:00,2,61402050,0,1.48,306.66,1,1,1
B031,2025-09-11 10:00:00,0,614E1950,0,,537.01,1,0,1
B031,2025-09-11 10:00:00,1,614G2040,0,,335.49,1,0,1
B031,2025-09-11 10:00:00,2,61402050,0,1.48,306.66,1,1,1
B031,2025-09-11 11:00:00,0,614E1950,0,,537.02,1,0,1
B031,2025-09-11 11:00:00,1,614G2040,0,,,1,0,0
B031,2025-09-11 11:00:00,2,61402050,0.01856953027,1.49,306.66,1,1,1
B031,2025-09-11 12:00:00,0,614E1950,0,,537.01,1,0,1
B031,2025-09-11 12:00:00,1,614G2040,0,,,1,0,0
B031,2025-09-11 12:00:00,2,61402050,0,1.48,306.66,1,1,1
B031,2025-09-11 13:00:00,0,614E1950,0,,537.02,1,0,1
B031,2025-09-11 13:00:00,1,614G2040,0,,335.49,1,0,1
B031,2025-09-11 13:00:00,2,61402050,0,1.48,306.66,1,1,1
B031,2025-09-11 14:00:00,0,614E1950,0,,537.01,1,0,1
B031,2025-09-11 14:00:00,1,614G2040,0,,335.48,1,0,1
B031,2025-09-11 14:00:00,2,61402050,0,1.48,306.66,1,1,1
B031,2025-09-11 15:00:00,0,614E1950,0.9679234637,,537.01,1,0,1
B031,2025-09-11 15:00:00,1,614G2040,0.2369910938,,,1,0,0
B031,2025-09-11 15:00:00,2,61402050,0.1115400497,1.48,306.66,1,1,1
B031,2025-09-11 16:00:00,0,614E1950,1.781122284,,537.01,1,0,1
B031,2025-09-11 16:00:00,1,614G2040,1.612232825,,335.49,1,0,1
B031,2025-09-11 16:00:00,2,61402050,0.5734715251,1.48,306.66,1,1,1
B031,2025-09-11 17:00:00,0,614E1950,0,,537.03,1,0,1
B031,2025-09-11 17:00:00,1,614G2040,0.004241096264,,,1,0,0
B031,2025-09-11 17:00:00,2,61402050,0.04081998683,1.48,306.66,1,1,1
B031,2025-09-11 18:00:00,0,614E1950,0,,537.03,1,0,1
B031,2025-09-11 18:00:00,1,614G2040,0,,335.49,1,0,1
B031,2025-09-11 18:00:00,2,61402050,0,1.64,306.67,1,1,1
B031,2025-09-11 19:00:00,0,614E1950,0,,537.03,1,0,1
B031,2025-09-11 19:00:00,1,614G2040,0,,335.48,1,0,1
B031,2025-09-11 19:00:00,2,61402050,0,1.48,306.66,1,1,1
B031,2025-09-11 20:00:00,0,614E1950,0,,537.03,1,0,1
B031,2025-09-11 20:00:00,1,614G2040,0,,,1,0,0
B031,2025-09-11 20:00:00,2,61402050,0,1.48,306.66,1,1,1
B031,2025-09-11 21:00:00,0,614E1950,0,,537.03,1,0,1
B031,2025-09-11 21:00:00,1,614G2040,0,,335.48,1,0,1
B031,2025-09-11 21:00:00,2,61402050,0,1.48,306.66,1,1,1
B031,2025-09-11 22:00:00,0,614E1950,0,,537.03,1,0,1
B031,2025-09-11 22:00:00,1,614G2040,0,,,1,0,0
B031,2025-09-11 22:00:00,2,61402050,0,1.48,306.66,1,1,1
B031,2025-09-11 23:00:00,0,614E1950,0,,537.03,1,0,1
B031,2025-09-11 23:00:00,1,614G2040,0,,335.49,1,0,1
B031,2025-09-11 23:00:00,2,61402050,0,1.48,306.66,1,1,1
B031,2025-09-12 00:00:00,0,614E1950,0,,537.03,1,0,1
B031,2025-09-12 00:00:00,1,614G2040,0,,335.49,1,0,1
B031,2025-09-12 00:00:00,2,61402050,0,1.49,306.66,1,1,1
B031,2025-09-12 01:00:00,0,614E1950,0,,537.03,1,0,1
B031,2025-09-12 01:00:00,1,614G2040,0,,335.48,1,0,1
B031,2025-09-12 01:00:00,2,61402050,0,1.49,306.66,1,1,1
B031,2025-09-12 02:00:00,0,614E1950,0,,537.03,1,0,1
B031,2025-09-12 02:00:00,1,614G2040,0,,335.49,1,0,1
B031,2025-09-12 02:00:00,2,61402050,0,1.48,306.66,1,1,1
B031,2025-09-12 03:00:00,0,614E1950,0,,537.03,1,0,1
B031,2025-09-12 03:00:00,1,614G2040,0,,335.49,1,0,1
B031,2025-09-12 03:00:00,2,61402050,0,1.48,306.66,1,1,1
B031,2025-09-12 04:00:00,0,614E1950,0,,537.03,1,0,1
B031,2025-09-12 04:00:00,1,614G2040,0,,335.49,1,0,1
B031,2025-09-12 04:00:00,2,61402050,0,1.48,306.66,1,1,1
B031,2025-09-12 05:00:00,0,614E1950,0,,537.03,1,0,1
B031,2025-09-12 05:00:00,1,614G2040,0,,,1,0,0
B031,2025-09-12 05:00:00,2,61402050,0,1.48,306.66,1,1,1
B031,2025-09-12 06:00:00,0,614E1950,0,,537.03,1,0,1
B031,2025-09-12 06:00:00,1,614G2040,0,,335.48,1,0,1
B031,2025-09-12 06:00:00,2,61402050,0,1.48,306.66,1,1,1
B031,2025-09-12 07:00:00,0,614E1950,2.794202721,,537.03,1,0,1
B031,2025-09-12 07:00:00,1,614G2040,2.311221698,,335.49,1,0,1
B031,2025-09-12 07:00:00,2,61402050,0.9063505418,1.48,306.66,1,1,1
B031,2025-09-12 08:00:00,0,614E1950,0,,537.03,1,0,1
B031,2025-09-12 08:00:00,1,614G2040,0,,335.5,1,0,1
B031,2025-09-12 08:00:00,2,61402050,0,1.48,306.66,1,1,1
B031,2025-09-12 09:00:00,0,614E1950,0,,537.03,1,0,1
B031,2025-09-12 09:00:00,1,614G2040,0,,335.48,1,0,1
B031,2025-09-12 09:00:00,2,61402050,0,1.48,306.66,1,1,1
B031,2025-09-12 10:00:00,0,614E1950,0,,537.03,1,0,1
B031,2025-09-12 10:00:00,1,614G2040,0,,,1,0,0
B031,2025-09-12 10:00:00,2,61402050,0,1.48,306.66,1,1,1
B031,2025-09-12 11:00:00,0,614E1950,0,,537.03,1,0,1
B031,2025-09-12 11:00:00,1,614G2040,0,,335.49,1,0,1
B031,2025-09-12 11:00:00,2,61402050,0,1.48,306.66,1,1,1
B031,2025-09-12 12:00:00,0,614E1950,0.1225773595,,537.03,1,0,1
B031,2025-09-12 12:00:00,1,614G2040,0.05266468752,,335.49,1,0,1
B031,2025-09-12 12:00:00,2,61402050,0.04690213946,1.48,306.66,1,1,1
B031,2025-09-12 13:00:00,0,614E1950,0,,537.03,1,0,1
B031,2025-09-12 13:00:00,1,614G2040,0,,,1,0,0
B031,2025-09-12 13:00:00,2,61402050,0,1.48,306.66,1,1,1
B031,2025-09-12 14:00:00,0,614E1950,0,,537.03,1,0,1
B031,2025-09-12 14:00:00,1,614G2040,0,,335.49,1,0,1
B031,2025-09-12 14:00:00,2,61402050,0.009148359047,1.48,306.66,1,1,1
B031,2025-09-12 15:00:00,0,614E1950,0,,537.03,1,0,1
B031,2025-09-12 15:00:00,1,614G2040,0,,335.49,1,0,1
B031,2025-09-12 15:00:00,2,61402050,0,1.48,306.66,1,1,1
B031,2025-09-12 16:00:00,0,614E1950,0,,537.03,1,0,1
B031,2025-09-12 16:00:00,1,614G2040,0,,,1,0,0
B031,2025-09-12 16:00:00,2,61402050,0,1.48,306.66,1,1,1
B031,2025-09-12 17:00:00,0,614E1950,0,,537.03,1,0,1
B031,2025-09-12 17:00:00,1,614G2040,0,,,1,0,0
B031,2025-09-12 17:00:00,2,61402050,0,1.48,306.66,1,1,1
B031,2025-09-12 18:00:00,0,614E1950,0,,537.03,1,0,1
B031,2025-09-12 18:00:00,1,614G2040,0.002120548132,,,1,0,0
B031,2025-09-12 18:00:00,2,61402050,0.02040999341,1.48,306.66,1,1,1
B031,2025-09-12 19:00:00,0,614E1950,0,,537.03,1,0,1
B031,2025-09-12 19:00:00,1,614G2040,0,,335.49,1,0,1
B031,2025-09-12 19:00:00,2,61402050,0,1.48,306.66,1,1,1
B031,2025-09-12 20:00:00,0,614E1950,0,,537.03,1,0,1
B031,2025-09-12 20:00:00,1,614G2040,0,,335.49,1,0,1
B031,2025-09-12 20:00:00,2,61402050,0,1.48,306.66,1,1,1
B031,2025-09-12 21:00:00,0,614E1950,0,,537.03,1,0,1
B031,2025-09-12 21:00:00,1,614G2040,0,,335.49,1,0,1
B031,2025-09-12 21:00:00,2,61402050,0,1.48,306.66,1,1,1
B031,2025-09-12 22:00:00,0,614E1950,0,,537.03,1,0,1
B031,2025-09-12 22:00:00,1,614G2040,0,,335.49,1,0,1
B031,2025-09-12 22:00:00,2,61402050,0,1.48,306.66,1,1,1
B031,2025-09-12 23:00:00,0,614E1950,0,,537.03,1,0,1
B031,2025-09-12 23:00:00,1,614G2040,0,,,1,0,0
B031,2025-09-12 23:00:00,2,61402050,0.04606834784,1.48,306.66,1,1,1
B031,2025-09-13 00:00:00,0,614E1950,0,,537.03,1,0,1
B031,2025-09-13 00:00:00,1,614G2040,0,,,1,0,0
B031,2025-09-13 00:00:00,2,61402050,0,1.48,306.66,1,1,1
B031,2025-09-13 01:00:00,0,614E1950,0,,537.03,1,0,1
B031,2025-09-13 01:00:00,1,614G2040,0,,335.49,1,0,1
B031,2025-09-13 01:00:00,2,61402050,0.04690213946,1.48,306.66,1,1,1
B031,2025-09-13 02:00:00,0,614E1950,0,,537.03,1,0,1
B031,2025-09-13 02:00:00,1,614G2040,0,,335.49,1,0,1
B031,2025-09-13 02:00:00,2,61402050,0,1.48,306.66,1,1,1
B031,2025-09-13 03:00:00,0,614E1950,0,,537.03,1,0,1
B031,2025-09-13 03:00:00,1,614G2040,0,,335.49,1,0,1
B031,2025-09-13 03:00:00,2,61402050,0,1.48,306.66,1,1,1
B031,2025-09-13 04:00:00,0,614E1950,0,,537.03,1,0,1
B031,2025-09-13 04:00:00,1,614G2040,0,,335.49,1,0,1
B031,2025-09-13 04:00:00,2,61402050,0.04690213946,1.48,306.66,1,1,1
B031,2025-09-13 05:00:00,0,614E1950,0,,537.03,1,0,1
B031,2025-09-13 05:00:00,1,614G2040,0,,335.49,1,0,1
B031,2025-09-13 05:00:00,2,61402050,0,1.48,306.66,1,1,1
B031,2025-09-13 06:00:00,0,614E1950,0,,537.03,1,0,1
B031,2025-09-13 06:00:00,1,614G2040,0,,335.49,1,0,1
B031,2025-09-13 06:00:00,2,61402050,0,1.48,306.66,1,1,1
B031,2025-09-13 07:00:00,0,614E1950,0.1225773595,,537.03,1,0,1
B031,2025-09-13 07:00:00,1,614G2040,0.05478523565,,335.49,1,0,1
B031,2025-09-13 07:00:00,2,61402050,0.3551397077,1.48,306.66,1,1,1
B031,2025-09-13 08:00:00,0,614E1950,0,,537.03,1,0,1
B031,2025-09-13 08:00:00,1,614G2040,0,,335.49,1,0,1
B031,2025-09-13 08:00:00,2,61402050,0,1.48,306.66,1,1,1
B031,2025-09-13 09:00:00,0,614E1950,0,,537.03,1,0,1
B031,2025-09-13 09:00:00,1,614G2040,0,,,1,0,0
B031,2025-09-13 09:00:00,2,61402050,0,1.48,306.66,1,1,1
B031,2025-09-13 10:00:00,0,614E1950,0.07733346524,,537.03,1,0,1
B031,2025-09-13 10:00:00,1,614G2040,0,,335.49,1,0,1
B031,2025-09-13 10:00:00,2,61402050,0.00168026546,1.48,306.66,1,1,1
B031,2025-09-13 11:00:00,0,614E1950,0.1270837858,,537.03,1,0,1
B031,2025-09-13 11:00:00,1,614G2040,0.04443806868,,335.49,1,0,1
B031,2025-09-13 11:00:00,2,61402050,0,1.48,306.66,1,1,1
B031,2025-09-13 12:00:00,0,614E1950,0.2332937224,,537.03,1,0,1
B031,2025-09-13 12:00:00,1,614G2040,0.07077041244,,335.49,1,0,1
B031,2025-09-13 12:00:00,2,61402050,0.00168026546,1.48,306.66,1,1,1
B031,2025-09-13 13:00:00,0,614E1950,0.5588427703,,537.03,1,0,1
B031,2025-09-13 13:00:00,1,614G2040,0.5528178132,,,1,0,0
B031,2025-09-13 13:00:00,2,61402050,0.1349274925,1.48,306.66,1,1,1
B031,2025-09-13 14:00:00,0,614E1950,0.2956274894,,537.03,1,0,1
B031,2025-09-13 14:00:00,1,614G2040,0.5479736005,,335.49,1,0,1
B031,2025-09-13 14:00:00,2,61402050,0.1528417133,1.48,306.66,1,1,1
B031,2025-09-13 15:00:00,0,614E1950,0.2792600665,,537.03,1,0,1
B031,2025-09-13 15:00:00,1,614G2040,0.2963336214,,,1,0,0
B031,2025-09-13 15:00:00,2,61402050,0.202912635,1.48,306.66,1,1,1
B031,2025-09-13 16:00:00,0,614E1950,0.278450696,,537.03,1,0,1
B031,2025-09-13 16:00:00,1,614G2040,0.2879983943,,335.49,1,0,1
B031,2025-09-13 16:00:00,2,61402050,0.1508298846,1.48,306.66,1,1,1
B031,2025-09-13 17:00:00,0,614E1950,0.2794213852,,537.03,1,0,1
B031,2025-09-13 17:00:00,1,614G2040,0.449500378,,,1,0,0
B031,2025-09-13 17:00:00,2,61402050,0.2251771012,1.48,306.66,1,1,1
B031,2025-09-13 18:00:00,0,614E1950,0.8640547178,,537.03,1,0,1
B031,2025-09-13 18:00:00,1,614G2040,1.21954689,,,1,0,0
B031,2025-09-13 18:00:00,2,61402050,0.6060440964,1.48,306.66,1,1,1
B031,2025-09-13 19:00:00,0,614E1950,0.3406231442,,537.03,1,0,1
B031,2025-09-13 19:00:00,1,614G2040,0.2920925252,,,1,0,0
B031,2025-09-13 19:00:00,2,61402050,0.3844459333,1.48,306.66,1,1,1
B031,2025-09-13 20:00:00,0,614E1950,0.1062843346,,537.03,1,0,1
B031,2025-09-13 20:00:00,1,614G2040,0.1603606438,,,1,0,0
B031,2025-09-13 20:00:00,2,61402050,0.1920050925,1.48,306.66,1,1,1
B031,2025-09-13 21:00:00,0,614E1950,0,,537.03,1,0,1
B031,2025-09-13 21:00:00,1,614G2040,0.01232074968,,335.49,1,0,1
B031,2025-09-13 21:00:00,2,61402050,0.0004341390214,1.48,306.66,1,1,1
B031,2025-09-13 22:00:00,0,614E1950,0,,537.03,1,0,1
B031,2025-09-13 22:00:00,1,614G2040,0,,335.49,1,0,1
B031,2025-09-13 22:00:00,2,61402050,0,1.48,306.66,1,1,1
B031,2025-09-13 23:00:00,0,614E1950,0.2622445918,,537.03,1,0,1
B031,2025-09-13 23:00:00,1,614G2040,0.1446021356,,,1,0,0
B031,2025-09-13 23:00:00,2,61402050,0.2143611589,1.48,306.66,1,1,1
B031,2025-09-14 00:00:00,0,614E1950,3.55604559,,537.03,1,0,1
B031,2025-09-14 00:00:00,1,614G2040,2.236921044,,,1,0,0
B031,2025-09-14 00:00:00,2,61402050,0.8063714684,1.48,306.66,1,1,1
B031,2025-09-14 01:00:00,0,614E1950,10.85111375,,537.04,1,0,1
B031,2025-09-14 01:00:00,1,614G2040,23.55284299,,335.49,1,0,1
B031,2025-09-14 01:00:00,2,61402050,8.459796066,1.48,306.66,1,1,1
B031,2025-09-14 02:00:00,0,614E1950,0.437161702,,537.2,1,0,1
B031,2025-09-14 02:00:00,1,614G2040,4.235153165,,335.59,1,0,1
B031,2025-09-14 02:00:00,2,61402050,4.454562784,5.92,306.87,1,1,1
B031,2025-09-14 03:00:00,0,614E1950,0,,537.54,1,0,1
B031,2025-09-14 03:00:00,1,614G2040,0.05089315517,,,1,0,0
B031,2025-09-14 03:00:00,2,61402050,0.4898398419,27.8,307.29,1,1,1
B031,2025-09-14 04:00:00,0,614E1950,1.459951086,,537.46,1,0,1
B031,2025-09-14 04:00:00,1,614G2040,0.6490107978,,335.59,1,0,1
B031,2025-09-14 04:00:00,2,61402050,0.2453000565,22.9,307.22,1,1,1
B031,2025-09-14 05:00:00,0,614E1950,1.557746788,,537.43,1,0,1
B031,2025-09-14 05:00:00,1,614G2040,5.518639003,,,1,0,0
B031,2025-09-14 05:00:00,2,61402050,5.511148997,17.7,307.14,1,1,1
B031,2025-09-14 06:00:00,0,614E1950,1.101479436,,537.44,1,0,1
B031,2025-09-14 06:00:00,1,614G2040,2.802345424,,335.62,1,0,1
B031,2025-09-14 06:00:00,2,61402050,2.089232044,19.6,307.17,1,1,1
B031,2025-09-14 07:00:00,0,614E1950,1.606850448,,537.46,1,0,1
B031,2025-09-14 07:00:00,1,614G2040,2.465527262,,335.65,1,0,1
B031,2025-09-14 07:00:00,2,61402050,9.012836418,23.6,307.23,1,1,1
B031,2025-09-14 08:00:00,0,614E1950,1.003647552,,537.49,1,0,1
B031,2025-09-14 08:00:00,1,614G2040,1.313175183,,335.65,1,0,1
B031,2025-09-14 08:00:00,2,61402050,0.664050133,26.4,307.27,1,1,1
B031,2025-09-14 09:00:00,0,614E1950,0.5531918135,,537.51,1,0,1
B031,2025-09-14 09:00:00,1,614G2040,1.069790728,,,1,0,0
B031,2025-09-14 09:00:00,2,61402050,0.8527056306,25.7,307.26,1,1,1
B031,2025-09-14 10:00:00,0,614E1950,1.820042124,,537.53,1,0,1
B031,2025-09-14 10:00:00,1,614G2040,2.175214496,,335.64,1,0,1
B031,2025-09-14 10:00:00,2,61402050,1.664022536,24.3,307.24,1,1,1
B031,2025-09-14 11:00:00,0,614E1950,1.135722449,,537.54,1,0,1
B031,2025-09-14 11:00:00,1,614G2040,0.6346110409,,335.63,1,0,1
B031,2025-09-14 11:00:00,2,61402050,0.604390433,21.5,307.2,1,1,1
B031,2025-09-14 12:00:00,0,614E1950,0.1676474124,,537.57,1,0,1
B031,2025-09-14 12:00:00,1,614G2040,0.147637355,,,1,0,0
B031,2025-09-14 12:00:00,2,61402050,0.451447178,20.9,307.19,1,1,1
B031,2025-09-14 13:00:00,0,614E1950,0,,537.58,1,0,1
B031,2025-09-14 13:00:00,1,614G2040,0,,335.6,1,0,1
B031,2025-09-14 13:00:00,2,61402050,0.08404120001,20.2,307.18,1,1,1
B031,2025-09-14 14:00:00,0,614E1950,0,,537.57,1,0,1
B031,2025-09-14 14:00:00,1,614G2040,0,,335.58,1,0,1
B031,2025-09-14 14:00:00,2,61402050,0,19,307.16,1,1,1
B031,2025-09-14 15:00:00,0,614E1950,0,,537.56,1,0,1
B031,2025-09-14 15:00:00,1,614G2040,0,,,1,0,0
B031,2025-09-14 15:00:00,2,61402050,0,17.7,307.14,1,1,1
B031,2025-09-14 16:00:00,0,614E1950,0,,537.54,1,0,1
B031,2025-09-14 16:00:00,1,614G2040,0,,335.57,1,0,1
B031,2025-09-14 16:00:00,2,61402050,0,15.8,307.11,1,1,1
B031,2025-09-14 17:00:00,0,614E1950,0,,537.52,1,0,1
B031,2025-09-14 17:00:00,1,614G2040,0,,335.56,1,0,1
B031,2025-09-14 17:00:00,2,61402050,0,14.2,307.08,1,1,1
B031,2025-09-14 18:00:00,0,614E1950,0,,537.5,1,0,1
B031,2025-09-14 18:00:00,1,614G2040,0,,335.55,1,0,1
B031,2025-09-14 18:00:00,2,61402050,0,13.1,307.06,1,1,1
B031,2025-09-14 19:00:00,0,614E1950,0,,537.49,1,0,1
B031,2025-09-14 19:00:00,1,614G2040,0,,,1,0,0
B031,2025-09-14 19:00:00,2,61402050,0,11.6,307.03,1,1,1
B031,2025-09-14 20:00:00,0,614E1950,0,,537.47,1,0,1
B031,2025-09-14 20:00:00,1,614G2040,0,,335.54,1,0,1
B031,2025-09-14 20:00:00,2,61402050,0,10.5,307.01,1,1,1
B031,2025-09-14 21:00:00,0,614E1950,0,,537.46,1,0,1
B031,2025-09-14 21:00:00,1,614G2040,0,,,1,0,0
B031,2025-09-14 21:00:00,2,61402050,0,9.68,306.99,1,1,1
B031,2025-09-14 22:00:00,0,614E1950,0,,537.44,1,0,1
B031,2025-09-14 22:00:00,1,614G2040,0,,335.54,1,0,1
B031,2025-09-14 22:00:00,2,61402050,0,9.36,306.98,1,1,1
B031,2025-09-14 23:00:00,0,614E1950,0.0486183126,,537.42,1,0,1
B031,2025-09-14 23:00:00,1,614G2040,0,,335.53,1,0,1
B031,2025-09-14 23:00:00,2,61402050,0,8.72,306.96,1,1,1
B031,2025-09-15 00:00:00,0,614E1950,0.8339718405,,537.41,1,0,1
B031,2025-09-15 00:00:00,1,614G2040,0.815058169,,335.53,1,0,1
B031,2025-09-15 00:00:00,2,61402050,0.3368301721,8.4,306.95,1,1,1
B031,2025-09-15 01:00:00,0,614E1950,1.256729767,,537.4,1,0,1
B031,2025-09-15 01:00:00,1,614G2040,1.59214481,,,1,0,0
B031,2025-09-15 01:00:00,2,61402050,0.8887726074,7.76,306.93,1,1,1
B031,2025-09-15 02:00:00,0,614E1950,4.876794858,,537.4,1,0,1
B031,2025-09-15 02:00:00,1,614G2040,4.228284922,,335.54,1,0,1
B031,2025-09-15 02:00:00,2,61402050,2.042470591,8.08,306.94,1,1,1
B031,2025-09-15 03:00:00,0,614E1950,1.102127488,,537.41,1,0,1
B031,2025-09-15 03:00:00,1,614G2040,5.699870805,,335.56,1,0,1
B031,2025-09-15 03:00:00,2,61402050,0.8092725689,7.76,306.93,1,1,1
B031,2025-09-15 04:00:00,0,614E1950,0,,537.44,1,0,1
B031,2025-09-15 04:00:00,1,614G2040,0,,335.59,1,0,1
B031,2025-09-15 04:00:00,2,61402050,0.3835316831,8.08,306.94,1,1,1
B031,2025-09-15 05:00:00,0,614E1950,0.04515697358,,537.54,1,0,1
B031,2025-09-15 05:00:00,1,614G2040,0.01444129781,,335.59,1,0,1
B031,2025-09-15 05:00:00,2,61402050,0.04788901214,10.5,307.01,1,1,1
B031,2025-09-15 06:00:00,0,614E1950,0,,537.52,1,0,1
B031,2025-09-15 06:00:00,1,614G2040,0,,335.58,1,0,1
B031,2025-09-15 06:00:00,2,61402050,0,11.6,307.03,1,1,1
B031,2025-09-15 07:00:00,0,614E1950,12.84365059,,537.5,1,0,1
B031,2025-09-15 07:00:00,1,614G2040,17.45396729,,,1,0,0
B031,2025-09-15 07:00:00,2,61402050,9.730888222,10.5,307.01,1,1,1
B031,2025-09-15 08:00:00,0,614E1950,0,,537.49,1,0,1
B031,2025-09-15 08:00:00,1,614G2040,0,,335.58,1,0,1
B031,2025-09-15 08:00:00,2,61402050,0,2.17,307,1,1,1
B031,2025-09-15 09:00:00,0,614E1950,0,,537.47,1,0,1
B031,2025-09-15 09:00:00,1,614G2040,0,,335.56,1,0,1
B031,2025-09-15 09:00:00,2,61402050,0.04690213946,1.85,306.99,1,1,1
B031,2025-09-15 10:00:00,0,614E1950,0,,537.46,1,0,1
B031,2025-09-15 10:00:00,1,614G2040,0,,,1,0,0
B031,2025-09-15 10:00:00,2,61402050,0,1.21,306.97,1,1,1
B031,2025-09-15 11:00:00,0,614E1950,0,,537.45,1,0,1
B031,2025-09-15 11:00:00,1,614G2040,0,,335.88,1,0,1
B031,2025-09-15 11:00:00,2,61402050,0,0.889,306.96,1,1,1
B031,2025-09-15 12:00:00,0,614E1950,0,,537.44,1,0,1
B031,2025-09-15 12:00:00,1,614G2040,0,,,1,0,0
B031,2025-09-15 12:00:00,2,61402050,0,2.69,307.01,1,1,1
B031,2025-09-15 13:00:00,0,614E1950,0.06128867977,,537.43,1,0,1
B031,2025-09-15 13:00:00,1,614G2040,0.02633234376,,,1,0,0
B031,2025-09-15 13:00:00,2,61402050,0,2.17,307,1,1,1
B031,2025-09-15 14:00:00,0,614E1950,0,,537.42,1,0,1
B031,2025-09-15 14:00:00,1,614G2040,0,,,1,0,0
B031,2025-09-15 14:00:00,2,61402050,0,1.85,306.99,1,1,1
B031,2025-09-15 15:00:00,0,614E1950,0,,537.41,1,0,1
B031,2025-09-15 15:00:00,1,614G2040,0,,335.88,1,0,1
B031,2025-09-15 15:00:00,2,61402050,0,1.53,306.98,1,1,1
B031,2025-09-15 16:00:00,0,614E1950,0,,537.4,1,0,1
B031,2025-09-15 16:00:00,1,614G2040,0,,335.87,1,0,1
B031,2025-09-15 16:00:00,2,61402050,0,1.53,306.98,1,1,1
B031,2025-09-15 17:00:00,0,614E1950,0,,537.4,1,0,1
B031,2025-09-15 17:00:00,1,614G2040,0,,335.87,1,0,1
B031,2025-09-15 17:00:00,2,61402050,0,1.21,306.97,1,1,1
B031,2025-09-15 18:00:00,0,614E1950,0,,537.38,1,0,1
B031,2025-09-15 18:00:00,1,614G2040,0,,335.87,1,0,1
B031,2025-09-15 18:00:00,2,61402050,0,0.889,306.96,1,1,1
B031,2025-09-15 19:00:00,0,614E1950,0,,537.38,1,0,1
B031,2025-09-15 19:00:00,1,614G2040,0,,,1,0,0
B031,2025-09-15 19:00:00,2,61402050,0,0.55,306.95,1,1,1
B031,2025-09-15 20:00:00,0,614E1950,0,,537.37,1,0,1
B031,2025-09-15 20:00:00,1,614G2040,0,,,1,0,0
B031,2025-09-15 20:00:00,2,61402050,0,0.57,306.95,1,1,1
B031,2025-09-15 21:00:00,0,614E1950,0,,537.36,1,0,1
B031,2025-09-15 21:00:00,1,614G2040,0,,335.86,1,0,1
B031,2025-09-15 21:00:00,2,61402050,0,0.25,306.94,1,1,1
B031,2025-09-15 22:00:00,0,614E1950,0,,537.35,1,0,1
B031,2025-09-15 22:00:00,1,614G2040,0,,335.87,1,0,1
B031,2025-09-15 22:00:00,2,61402050,0,8.44,306.93,1,1,1
B031,2025-09-15 23:00:00,0,614E1950,0,,537.34,1,0,1
B031,2025-09-15 23:00:00,1,614G2040,0,,335.86,1,0,1
B031,2025-09-15 23:00:00,2,61402050,0,8.44,306.93,1,1,1
B031,2025-09-16 00:00:00,0,614E1950,0,,537.33,1,0,1
B031,2025-09-16 00:00:00,1,614G2040,0,,,1,0,0
B031,2025-09-16 00:00:00,2,61402050,0,8.44,306.93,1,1,1
B031,2025-09-16 01:00:00,0,614E1950,0,,537.33,1,0,1
B031,2025-09-16 01:00:00,1,614G2040,0,,,1,0,0
B031,2025-09-16 01:00:00,2,61402050,0,8.12,306.92,1,1,1
B031,2025-09-16 02:00:00,0,614E1950,0,,537.32,1,0,1
B031,2025-09-16 02:00:00,1,614G2040,0,,335.86,1,0,1
B031,2025-09-16 02:00:00,2,61402050,0,8.12,306.92,1,1,1
B031,2025-09-16 03:00:00,0,614E1950,0,,537.31,1,0,1
B031,2025-09-16 03:00:00,1,614G2040,0,,335.86,1,0,1
B031,2025-09-16 03:00:00,2,61402050,0,8.12,306.92,1,1,1
B031,2025-09-16 04:00:00,0,614E1950,0,,537.31,1,0,1
B031,2025-09-16 04:00:00,1,614G2040,0,,335.87,1,0,1
B031,2025-09-16 04:00:00,2,61402050,0,7.8,306.91,1,1,1
B031,2025-09-16 05:00:00,0,614E1950,0,,537.3,1,0,1
B031,2025-09-16 05:00:00,1,614G2040,0,,335.86,1,0,1
B031,2025-09-16 05:00:00,2,61402050,0,7.8,306.91,1,1,1
B031,2025-09-16 06:00:00,0,614E1950,0,,537.3,1,0,1
B031,2025-09-16 06:00:00,1,614G2040,0,,335.86,1,0,1
B031,2025-09-16 06:00:00,2,61402050,0,7.48,306.9,1,1,1
B031,2025-09-16 07:00:00,0,614E1950,0.06128867977,,537.29,1,0,1
B031,2025-09-16 07:00:00,1,614G2040,0.02633234376,,335.86,1,0,1
B031,2025-09-16 07:00:00,2,61402050,0.07003657097,7.48,306.9,1,1,1
B031,2025-09-16 08:00:00,0,614E1950,0,,537.28,1,0,1
B031,2025-09-16 08:00:00,1,614G2040,0,,335.86,1,0,1
B031,2025-09-16 08:00:00,2,61402050,0,7.48,306.9,1,1,1
B031,2025-09-16 09:00:00,0,614E1950,0,,537.28,1,0,1
B031,2025-09-16 09:00:00,1,614G2040,0,,,1,0,0
B031,2025-09-16 09:00:00,2,61402050,0,7.48,306.9,1,1,1
B031,2025-09-16 10:00:00,0,614E1950,0,,537.27,1,0,1
B031,2025-09-16 10:00:00,1,614G2040,0,,335.64,1,0,1
B031,2025-09-16 10:00:00,2,61402050,0,6.58,306.87,1,1,1
B031,2025-09-16 11:00:00,0,614E1950,0,,537.27,1,0,1
B031,2025-09-16 11:00:00,1,614G2040,0,,,1,0,0
B031,2025-09-16 11:00:00,2,61402050,0,5.46,306.83,1,1,1
B031,2025-09-16 12:00:00,0,614E1950,0,,537.26,1,0,1
B031,2025-09-16 12:00:00,1,614G2040,0,,,1,0,0
B031,2025-09-16 12:00:00,2,61402050,0,5.2,306.82,1,1,1
B031,2025-09-16 13:00:00,0,614E1950,0,,537.26,1,0,1
B031,2025-09-16 13:00:00,1,614G2040,0,,335.63,1,0,1
B031,2025-09-16 13:00:00,2,61402050,0,5.2,306.82,1,1,1
B031,2025-09-16 14:00:00,0,614E1950,0,,537.25,1,0,1
B031,2025-09-16 14:00:00,1,614G2040,0,,,1,0,0
B031,2025-09-16 14:00:00,2,61402050,0,4.94,306.81,1,1,1
B031,2025-09-16 15:00:00,0,614E1950,0,,537.25,1,0,1
B031,2025-09-16 15:00:00,1,614G2040,0,,335.63,1,0,1
B031,2025-09-16 15:00:00,2,61402050,0,4.99,306.81,1,1,1
B031,2025-09-16 16:00:00,0,614E1950,0,,537.25,1,0,1
B031,2025-09-16 16:00:00,1,614G2040,0,,,1,0,0
B031,2025-09-16 16:00:00,2,61402050,0,4.68,306.8,1,1,1
B031,2025-09-16 17:00:00,0,614E1950,0,,537.24,1,0,1
B031,2025-09-16 17:00:00,1,614G2040,0,,335.63,1,0,1
B031,2025-09-16 17:00:00,2,61402050,0,4.68,306.8,1,1,1
B031,2025-09-16 18:00:00,0,614E1950,0,,537.24,1,0,1
B031,2025-09-16 18:00:00,1,614G2040,0,,335.63,1,0,1
B031,2025-09-16 18:00:00,2,61402050,0,4.68,306.8,1,1,1
B031,2025-09-16 19:00:00,0,614E1950,0,,537.24,1,0,1
B031,2025-09-16 19:00:00,1,614G2040,0,,335.63,1,0,1
B031,2025-09-16 19:00:00,2,61402050,0,4.68,306.8,1,1,1
B031,2025-09-16 20:00:00,0,614E1950,0,,537.24,1,0,1
B031,2025-09-16 20:00:00,1,614G2040,0,,335.63,1,0,1
B031,2025-09-16 20:00:00,2,61402050,0,4.68,306.8,1,1,1
B031,2025-09-16 21:00:00,0,614E1950,0,,537.23,1,0,1
B031,2025-09-16 21:00:00,1,614G2040,0,,,1,0,0
B031,2025-09-16 21:00:00,2,61402050,0,4.68,306.8,1,1,1
B031,2025-09-16 22:00:00,0,614E1950,0,,537.23,1,0,1
B031,2025-09-16 22:00:00,1,614G2040,0,,335.63,1,0,1
B031,2025-09-16 22:00:00,2,61402050,0,4.48,306.79,1,1,1
B031,2025-09-16 23:00:00,0,614E1950,0,,537.22,1,0,1
B031,2025-09-16 23:00:00,1,614G2040,0,,,1,0,0
B031,2025-09-16 23:00:00,2,61402050,0,4.52,306.79,1,1,1
B031,2025-09-17 00:00:00,0,614E1950,0,,537.22,1,0,1
B031,2025-09-17 00:00:00,1,614G2040,0,,,1,0,0
B031,2025-09-17 00:00:00,2,61402050,0,4.48,306.79,1,1,1
B031,2025-09-17 01:00:00,0,614E1950,0,,537.22,1,0,1
B031,2025-09-17 01:00:00,1,614G2040,0,,335.63,1,0,1
B031,2025-09-17 01:00:00,2,61402050,0,4.28,306.78,1,1,1
B031,2025-09-17 02:00:00,0,614E1950,0,,537.22,1,0,1
B031,2025-09-17 02:00:00,1,614G2040,0,,335.63,1,0,1
B031,2025-09-17 02:00:00,2,61402050,0,4.28,306.78,1,1,1
B031,2025-09-17 03:00:00,0,614E1950,0,,537.22,1,0,1
B031,2025-09-17 03:00:00,1,614G2040,0,,335.63,1,0,1
B031,2025-09-17 03:00:00,2,61402050,0,4.28,306.78,1,1,1
B031,2025-09-17 04:00:00,0,614E1950,0,,537.21,1,0,1
B031,2025-09-17 04:00:00,1,614G2040,0,,335.63,1,0,1
B031,2025-09-17 04:00:00,2,61402050,0,4.28,306.78,1,1,1
B031,2025-09-17 05:00:00,0,614E1950,0,,537.21,1,0,1
B031,2025-09-17 05:00:00,1,614G2040,0,,335.63,1,0,1
B031,2025-09-17 05:00:00,2,61402050,0,4.28,306.78,1,1,1
B031,2025-09-17 06:00:00,0,614E1950,0,,537.2,1,0,1
B031,2025-09-17 06:00:00,1,614G2040,0,,335.63,1,0,1
B031,2025-09-17 06:00:00,2,61402050,0,4.08,306.77,1,1,1
B031,2025-09-17 07:00:00,0,614E1950,0,,537.2,1,0,1
B031,2025-09-17 07:00:00,1,614G2040,0,,335.63,1,0,1
B031,2025-09-17 07:00:00,2,61402050,0,4.08,306.77,1,1,1
B031,2025-09-17 08:00:00,0,614E1950,0,,537.2,1,0,1
B031,2025-09-17 08:00:00,1,614G2040,0,,335.63,1,0,1
B031,2025-09-17 08:00:00,2,61402050,0,3.65,306.77,1,1,1
B031,2025-09-17 09:00:00,0,614E1950,0,,537.19,1,0,1
B031,2025-09-17 09:00:00,1,614G2040,0,,,1,0,0
B031,2025-09-17 09:00:00,2,61402050,0,3.65,306.77,1,1,1
B031,2025-09-17 10:00:00,0,614E1950,0,,537.19,1,0,1
B031,2025-09-17 10:00:00,1,614G2040,0,,,1,0,0
B031,2025-09-17 10:00:00,2,61402050,0,3.65,306.77,1,1,1
B031,2025-09-17 11:00:00,0,614E1950,0,,537.19,1,0,1
B031,2025-09-17 11:00:00,1,614G2040,0,,,1,0,0
B031,2025-09-17 11:00:00,2,61402050,0,3.65,306.77,1,1,1
B031,2025-09-17 12:00:00,0,614E1950,0,,537.19,1,0,1
B031,2025-09-17 12:00:00,1,614G2040,0,,335.62,1,0,1
B031,2025-09-17 12:00:00,2,61402050,0,3.65,306.77,1,1,1
B031,2025-09-17 13:00:00,0,614E1950,0,,537.19,1,0,1
B031,2025-09-17 13:00:00,1,614G2040,0,,335.63,1,0,1
B031,2025-09-17 13:00:00,2,61402050,0,3.65,306.77,1,1,1
B031,2025-09-17 14:00:00,0,614E1950,0,,537.18,1,0,1
B031,2025-09-17 14:00:00,1,614G2040,0,,335.62,1,0,1
B031,2025-09-17 14:00:00,2,61402050,0,3.65,306.77,1,1,1
B031,2025-09-17 15:00:00,0,614E1950,0,,537.18,1,0,1
B031,2025-09-17 15:00:00,1,614G2040,0,,335.62,1,0,1
B031,2025-09-17 15:00:00,2,61402050,0,3.65,306.77,1,1,1
B031,2025-09-17 16:00:00,0,614E1950,0,,537.18,1,0,1
B031,2025-09-17 16:00:00,1,614G2040,0,,335.62,1,0,1
B031,2025-09-17 16:00:00,2,61402050,0,3.44,306.76,1,1,1
B031,2025-09-17 17:00:00,0,614E1950,0,,537.17,1,0,1
B031,2025-09-17 17:00:00,1,614G2040,0,,,1,0,0
B031,2025-09-17 17:00:00,2,61402050,0,3.45,306.76,1,1,1
B031,2025-09-17 18:00:00,0,614E1950,0,,537.17,1,0,1
B031,2025-09-17 18:00:00,1,614G2040,0,,,1,0,0
B031,2025-09-17 18:00:00,2,61402050,0,3.45,306.76,1,1,1
B031,2025-09-17 19:00:00,0,614E1950,0,,537.17,1,0,1
B031,2025-09-17 19:00:00,1,614G2040,0,,335.63,1,0,1
B031,2025-09-17 19:00:00,2,61402050,0,3.45,306.76,1,1,1
B031,2025-09-17 20:00:00,0,614E1950,0,,537.17,1,0,1
B031,2025-09-17 20:00:00,1,614G2040,0,,,1,0,0
B031,2025-09-17 20:00:00,2,61402050,0,3.45,306.76,1,1,1
B031,2025-09-17 21:00:00,0,614E1950,0,,537.17,1,0,1
B031,2025-09-17 21:00:00,1,614G2040,0,,,1,0,0
B031,2025-09-17 21:00:00,2,61402050,0,3.45,306.76,1,1,1
B031,2025-09-17 22:00:00,0,614E1950,0,,537.16,1,0,1
B031,2025-09-17 22:00:00,1,614G2040,0.1433962588,,,1,0,0
B031,2025-09-17 22:00:00,2,61402050,0,3.45,306.76,1,1,1
B031,2025-09-17 23:00:00,0,614E1950,0,,537.16,1,0,1
B031,2025-09-17 23:00:00,1,614G2040,0,,335.63,1,0,1
B031,2025-09-17 23:00:00,2,61402050,0,3.45,306.76,1,1,1
B031,2025-09-18 00:00:00,0,614E1950,0,,537.16,1,0,1
B031,2025-09-18 00:00:00,1,614G2040,0,,335.63,1,0,1
B031,2025-09-18 00:00:00,2,61402050,0,3.45,306.76,1,1,1
B031,2025-09-18 01:00:00,0,614E1950,0,,537.16,1,0,1
B031,2025-09-18 01:00:00,1,614G2040,0.1433962588,,,1,0,0
B031,2025-09-18 01:00:00,2,61402050,0,3.45,306.76,1,1,1
B031,2025-09-18 02:00:00,0,614E1950,0,,537.15,1,0,1
B031,2025-09-18 02:00:00,1,614G2040,0,,,1,0,0
B031,2025-09-18 02:00:00,2,61402050,0,3.45,306.76,1,1,1
B031,2025-09-18 03:00:00,0,614E1950,0,,537.15,1,0,1
B031,2025-09-18 03:00:00,1,614G2040,0,,335.63,1,0,1
B031,2025-09-18 03:00:00,2,61402050,0,3.45,306.76,1,1,1
B031,2025-09-18 04:00:00,0,614E1950,0,,537.15,1,0,1
B031,2025-09-18 04:00:00,1,614G2040,0,,,1,0,0
B031,2025-09-18 04:00:00,2,61402050,0,3.25,306.75,1,1,1
B031,2025-09-18 05:00:00,0,614E1950,0,,537.15,1,0,1
B031,2025-09-18 05:00:00,1,614G2040,0.6516578544,,335.63,1,0,1
B031,2025-09-18 05:00:00,2,61402050,0.3765298498,3.25,306.75,1,1,1
B031,2025-09-18 06:00:00,0,614E1950,0,,537.15,1,0,1
B031,2025-09-18 06:00:00,1,614G2040,0.5805202673,,335.63,1,0,1
B031,2025-09-18 06:00:00,2,61402050,0.2083609804,3.45,306.76,1,1,1
B031,2025-09-18 07:00:00,0,614E1950,1.175801391,,537.15,1,0,1
B031,2025-09-18 07:00:00,1,614G2040,2.24799117,,335.63,1,0,1
B031,2025-09-18 07:00:00,2,61402050,0.6605415344,3.44,306.76,1,1,1
B031,2025-09-18 08:00:00,0,614E1950,0,,537.15,1,0,1
B031,2025-09-18 08:00:00,1,614G2040,0.08615247282,,335.63,1,0,1
B031,2025-09-18 08:00:00,2,61402050,0.1048031398,3.18,306.75,1,1,1
B031,2025-09-18 09:00:00,0,614E1950,0.06112736104,,537.15,1,0,1
B031,2025-09-18 09:00:00,1,614G2040,0.1433962588,,335.63,1,0,1
B031,2025-09-18 09:00:00,2,61402050,0.00168026546,3.18,306.75,1,1,1
B031,2025-09-18 10:00:00,0,614E1950,0.07846547318,,537.15,1,0,1
B031,2025-09-18 10:00:00,1,614G2040,0.04443806868,,335.63,1,0,1
B031,2025-09-18 10:00:00,2,61402050,0,3.18,306.75,1,1,1
B031,2025-09-18 11:00:00,0,614E1950,1.103883166,,537.15,1,0,1
B031,2025-09-18 11:00:00,1,614G2040,1.11677659,,335.63,1,0,1
B031,2025-09-18 11:00:00,2,61402050,0.5303083248,3.18,306.75,1,1,1
B031,2025-09-18 12:00:00,0,614E1950,0.3082109358,,537.15,1,0,1
B031,2025-09-18 12:00:00,1,614G2040,0.6162759221,,,1,0,0
B031,2025-09-18 12:00:00,2,61402050,0.3563064976,3.18,306.75,1,1,1
B031,2025-09-18 13:00:00,0,614E1950,0,,537.15,1,0,1
B031,2025-09-18 13:00:00,1,614G2040,0,,335.63,1,0,1
B031,2025-09-18 13:00:00,2,61402050,0.1592759487,3.38,306.76,1,1,1
B031,2025-09-18 14:00:00,0,614E1950,1.166801061,,537.15,1,0,1
B031,2025-09-18 14:00:00,1,614G2040,0.9819572186,,335.63,1,0,1
B031,2025-09-18 14:00:00,2,61402050,0.1453059913,3.38,306.76,1,1,1
B031,2025-09-18 15:00:00,0,614E1950,0,,537.15,1,0,1
B031,2025-09-18 15:00:00,1,614G2040,0,,335.63,1,0,1
B031,2025-09-18 15:00:00,2,61402050,0,3.38,306.76,1,1,1
B031,2025-09-18 16:00:00,0,614E1950,0,,537.15,1,0,1
B031,2025-09-18 16:00:00,1,614G2040,0,,335.63,1,0,1
B031,2025-09-18 16:00:00,2,61402050,0.0006605751495,3.18,306.75,1,1,1
B031,2025-09-18 17:00:00,0,614E1950,0,,537.15,1,0,1
B031,2025-09-18 17:00:00,1,614G2040,0,,335.63,1,0,1
B031,2025-09-18 17:00:00,2,61402050,0,3.18,306.75,1,1,1
B031,2025-09-18 18:00:00,0,614E1950,0,,537.15,1,0,1
B031,2025-09-18 18:00:00,1,614G2040,0,,335.86,1,0,1
B031,2025-09-18 18:00:00,2,61402050,0,3.18,306.75,1,1,1
B031,2025-09-18 19:00:00,0,614E1950,0.0162061042,,537.15,1,0,1
B031,2025-09-18 19:00:00,1,614G2040,0,,335.86,1,0,1
B031,2025-09-18 19:00:00,2,61402050,0.01856953027,4.7,306.82,1,1,1
B031,2025-09-18 20:00:00,0,614E1950,0,,537.15,1,0,1
B031,2025-09-18 20:00:00,1,614G2040,0,,335.86,1,0,1
B031,2025-09-18 20:00:00,2,61402050,0,4.96,306.83,1,1,1
B031,2025-09-18 21:00:00,0,614E1950,0,,537.15,1,0,1
B031,2025-09-18 21:00:00,1,614G2040,0,,335.86,1,0,1
B031,2025-09-18 21:00:00,2,61402050,0.04690213946,4.96,306.83,1,1,1
B031,2025-09-18 22:00:00,0,614E1950,0,,537.15,1,0,1
B031,2025-09-18 22:00:00,1,614G2040,0,,335.86,1,0,1
B031,2025-09-18 22:00:00,2,61402050,0,4.96,306.83,1,1,1
B031,2025-09-18 23:00:00,0,614E1950,0,,537.15,1,0,1
B031,2025-09-18 23:00:00,1,614G2040,0,,,1,0,0
B031,2025-09-18 23:00:00,2,61402050,0.05605049851,4.96,306.83,1,1,1
B031,2025-09-19 00:00:00,0,614E1950,0,,537.14,1,0,1
B031,2025-09-19 00:00:00,1,614G2040,0,,335.86,1,0,1
B031,2025-09-19 00:00:00,2,61402050,0,5.03,306.83,1,1,1
B031,2025-09-19 01:00:00,0,614E1950,0.0162061042,,537.14,1,0,1
B031,2025-09-19 01:00:00,1,614G2040,0.1433962588,,335.86,1,0,1
B031,2025-09-19 01:00:00,2,61402050,0,5.03,306.83,1,1,1
B031,2025-09-19 02:00:00,0,614E1950,0,,537.14,1,0,1
B031,2025-09-19 02:00:00,1,614G2040,0,,335.86,1,0,1
B031,2025-09-19 02:00:00,2,61402050,0,4.96,306.83,1,1,1
B031,2025-09-19 03:00:00,0,614E1950,0,,537.14,1,0,1
B031,2025-09-19 03:00:00,1,614G2040,0,,335.86,1,0,1
B031,2025-09-19 03:00:00,2,61402050,0,4.96,306.83,1,1,1
B031,2025-09-19 04:00:00,0,614E1950,0,,537.14,1,0,1
B031,2025-09-19 04:00:00,1,614G2040,0,,335.86,1,0,1
B031,2025-09-19 04:00:00,2,61402050,0,4.96,306.83,1,1,1
B031,2025-09-19 05:00:00,0,614E1950,0,,537.14,1,0,1
B031,2025-09-19 05:00:00,1,614G2040,0,,,1,0,0
B031,2025-09-19 05:00:00,2,61402050,0,4.96,306.83,1,1,1
B031,2025-09-19 06:00:00,0,614E1950,0,,537.14,1,0,1
B031,2025-09-19 06:00:00,1,614G2040,0,,335.86,1,0,1
B031,2025-09-19 06:00:00,2,61402050,0.01856953027,4.96,306.83,1,1,1
B031,2025-09-19 07:00:00,0,614E1950,1.831570008,,537.14,1,0,1
B031,2025-09-19 07:00:00,1,614G2040,2.826005702,,,1,0,0
B031,2025-09-19 07:00:00,2,61402050,1.128708577,4.96,306.83,1,1,1
B031,2025-09-19 08:00:00,0,614E1950,0,,537.14,1,0,1
B031,2025-09-19 08:00:00,1,614G2040,0,,335.86,1,0,1
B031,2025-09-19 08:00:00,2,61402050,0,5.21,306.83,1,1,1
B031,2025-09-19 09:00:00,0,614E1950,0,,537.14,1,0,1
B031,2025-09-19 09:00:00,1,614G2040,0,,335.86,1,0,1
B031,2025-09-19 09:00:00,2,61402050,0,5.21,306.83,1,1,1
B031,2025-09-19 10:00:00,0,614E1950,0,,537.14,1,0,1
B031,2025-09-19 10:00:00,1,614G2040,0,,335.86,1,0,1
B031,2025-09-19 10:00:00,2,61402050,0,5.21,306.83,1,1,1
B031,2025-09-19 11:00:00,0,614E1950,0,,537.13,1,0,1
B031,2025-09-19 11:00:00,1,614G2040,0,,335.86,1,0,1
B031,2025-09-19 11:00:00,2,61402050,0,5.21,306.83,1,1,1
B031,2025-09-19 12:00:00,0,614E1950,0,,537.13,1,0,1
B031,2025-09-19 12:00:00,1,614G2040,0,,335.86,1,0,1
B031,2025-09-19 12:00:00,2,61402050,0,4.95,306.82,1,1,1
B031,2025-09-19 13:00:00,0,614E1950,0,,537.13,1,0,1
B031,2025-09-19 13:00:00,1,614G2040,0,,335.86,1,0,1
B031,2025-09-19 13:00:00,2,61402050,0,4.95,306.82,1,1,1
B031,2025-09-19 14:00:00,0,614E1950,0,,537.13,1,0,1
B031,2025-09-19 14:00:00,1,614G2040,0,,335.85,1,0,1
B031,2025-09-19 14:00:00,2,61402050,0,4.95,306.82,1,1,1
B031,2025-09-19 15:00:00,0,614E1950,0,,537.13,1,0,1
B031,2025-09-19 15:00:00,1,614G2040,0,,335.86,1,0,1
B031,2025-09-19 15:00:00,2,61402050,0,4.95,306.82,1,1,1
B031,2025-09-19 16:00:00,0,614E1950,0,,537.13,1,0,1
B031,2025-09-19 16:00:00,1,614G2040,0,,335.86,1,0,1
B031,2025-09-19 16:00:00,2,61402050,0.04690213946,4.95,306.82,1,1,1
B031,2025-09-19 17:00:00,0,614E1950,0,,537.13,1,0,1
B031,2025-09-19 17:00:00,1,614G2040,0,,,1,0,0
B031,2025-09-19 17:00:00,2,61402050,0,4.95,306.82,1,1,1
B031,2025-09-19 18:00:00,0,614E1950,0,,537.12,1,0,1
B031,2025-09-19 18:00:00,1,614G2040,0,,335.86,1,0,1
B031,2025-09-19 18:00:00,2,61402050,0.06547166974,4.95,306.82,1,1,1
B031,2025-09-19 19:00:00,0,614E1950,0,,537.12,1,0,1
B031,2025-09-19 19:00:00,1,614G2040,0,,335.86,1,0,1
B031,2025-09-19 19:00:00,2,61402050,0,4.95,306.82,1,1,1
B031,2025-09-19 20:00:00,0,614E1950,0,,537.12,1,0,1
B031,2025-09-19 20:00:00,1,614G2040,0.1433962588,,335.86,1,0,1
B031,2025-09-19 20:00:00,2,61402050,0,4.95,306.82,1,1,1
B031,2025-09-19 21:00:00,0,614E1950,0,,537.12,1,0,1
B031,2025-09-19 21:00:00,1,614G2040,0.1433962588,,335.86,1,0,1
B031,2025-09-19 21:00:00,2,61402050,0,4.95,306.82,1,1,1
B031,2025-09-19 22:00:00,0,614E1950,0,,537.12,1,0,1
B031,2025-09-19 22:00:00,1,614G2040,0,,335.86,1,0,1
B031,2025-09-19 22:00:00,2,61402050,0,4.95,306.82,1,1,1
B031,2025-09-19 23:00:00,0,614E1950,0,,537.12,1,0,1
B031,2025-09-19 23:00:00,1,614G2040,0,,,1,0,0
B031,2025-09-19 23:00:00,2,61402050,0.04690213946,4.95,306.82,1,1,1
B031,2025-09-20 00:00:00,0,614E1950,0,,537.12,1,0,1
B031,2025-09-20 00:00:00,1,614G2040,0,,335.86,1,0,1
B031,2025-09-20 00:00:00,2,61402050,0,4.95,306.82,1,1,1
B031,2025-09-20 01:00:00,0,614E1950,0,,537.12,1,0,1
B031,2025-09-20 01:00:00,1,614G2040,0,,,1,0,0
B031,2025-09-20 01:00:00,2,61402050,0,4.95,306.82,1,1,1
B031,2025-09-20 02:00:00,0,614E1950,0,,537.12,1,0,1
B031,2025-09-20 02:00:00,1,614G2040,0,,,1,0,0
B031,2025-09-20 02:00:00,2,61402050,0,4.95,306.82,1,1,1
B031,2025-09-20 03:00:00,0,614E1950,0,,537.12,1,0,1
B031,2025-09-20 03:00:00,1,614G2040,0,,,1,0,0
B031,2025-09-20 03:00:00,2,61402050,0,4.95,306.82,1,1,1
B031,2025-09-20 04:00:00,0,614E1950,0,,537.12,1,0,1
B031,2025-09-20 04:00:00,1,614G2040,0,,,1,0,0
B031,2025-09-20 04:00:00,2,61402050,0,4.95,306.82,1,1,1
B031,2025-09-20 05:00:00,0,614E1950,0,,537.12,1,0,1
B031,2025-09-20 05:00:00,1,614G2040,0,,335.86,1,0,1
B031,2025-09-20 05:00:00,2,61402050,0,4.95,306.82,1,1,1
B031,2025-09-20 06:00:00,0,614E1950,0,,537.11,1,0,1
B031,2025-09-20 06:00:00,1,614G2040,0,,335.86,1,0,1
B031,2025-09-20 06:00:00,2,61402050,0,4.95,306.82,1,1,1
B031,2025-09-20 07:00:00,0,614E1950,0,,537.11,1,0,1
B031,2025-09-20 07:00:00,1,614G2040,0.2867925175,,335.86,1,0,1
B031,2025-09-20 07:00:00,2,61402050,0.2286792432,4.95,306.82,1,1,1
B031,2025-09-20 08:00:00,0,614E1950,0,,537.11,1,0,1
B031,2025-09-20 08:00:00,1,614G2040,0,,335.86,1,0,1
B031,2025-09-20 08:00:00,2,61402050,0,4.94,306.82,1,1,1
B031,2025-09-20 09:00:00,0,614E1950,0,,537.11,1,0,1
B031,2025-09-20 09:00:00,1,614G2040,0,,,1,0,0
B031,2025-09-20 09:00:00,2,61402050,0,4.94,306.82,1,1,1
B031,2025-09-20 10:00:00,0,614E1950,0,,537.11,1,0,1
B031,2025-09-20 10:00:00,1,614G2040,0,,,1,0,0
B031,2025-09-20 10:00:00,2,61402050,0,4.94,306.82,1,1,1
B031,2025-09-20 11:00:00,0,614E1950,0,,537.11,1,0,1
B031,2025-09-20 11:00:00,1,614G2040,0,,,1,0,0
B031,2025-09-20 11:00:00,2,61402050,0,4.94,306.82,1,1,1
B031,2025-09-20 12:00:00,0,614E1950,0,,537.11,1,0,1
B031,2025-09-20 12:00:00,1,614G2040,0,,,1,0,0
B031,2025-09-20 12:00:00,2,61402050,0,4.94,306.82,1,1,1
B031,2025-09-20 13:00:00,0,614E1950,0.04515697358,,537.11,1,0,1
B031,2025-09-20 13:00:00,1,614G2040,0,,335.85,1,0,1
B031,2025-09-20 13:00:00,2,61402050,0.02704487971,4.94,306.82,1,1,1
B031,2025-09-20 14:00:00,0,614E1950,0,,537.11,1,0,1
B031,2025-09-20 14:00:00,1,614G2040,0,,,1,0,0
B031,2025-09-20 14:00:00,2,61402050,0,4.94,306.82,1,1,1
B031,2025-09-20 15:00:00,0,614E1950,0,,537.11,1,0,1
B031,2025-09-20 15:00:00,1,614G2040,0,,,1,0,0
B031,2025-09-20 15:00:00,2,61402050,0,4.94,306.82,1,1,1
B031,2025-09-20 16:00:00,0,614E1950,0,,537.11,1,0,1
B031,2025-09-20 16:00:00,1,614G2040,0,,335.86,1,0,1
B031,2025-09-20 16:00:00,2,61402050,0,4.94,306.82,1,1,1
B031,2025-09-20 17:00:00,0,614E1950,0,,537.1,1,0,1
B031,2025-09-20 17:00:00,1,614G2040,0,,,1,0,0
B031,2025-09-20 17:00:00,2,61402050,0,4.94,306.82,1,1,1
B031,2025-09-20 18:00:00,0,614E1950,0,,537.1,1,0,1
B031,2025-09-20 18:00:00,1,614G2040,0,,335.85,1,0,1
B031,2025-09-20 18:00:00,2,61402050,0,4.94,306.82,1,1,1
B031,2025-09-20 19:00:00,0,614E1950,0,,537.1,1,0,1
B031,2025-09-20 19:00:00,1,614G2040,0,,,1,0,0
B031,2025-09-20 19:00:00,2,61402050,0,4.94,306.82,1,1,1
B031,2025-09-20 20:00:00,0,614E1950,0,,537.1,1,0,1
B031,2025-09-20 20:00:00,1,614G2040,0,,335.86,1,0,1
B031,2025-09-20 20:00:00,2,61402050,0,4.94,306.82,1,1,1
B031,2025-09-20 21:00:00,0,614E1950,0,,537.1,1,0,1
B031,2025-09-20 21:00:00,1,614G2040,0,,,1,0,0
B031,2025-09-20 21:00:00,2,61402050,0,4.94,306.82,1,1,1
B031,2025-09-20 22:00:00,0,614E1950,0,,537.1,1,0,1
B031,2025-09-20 22:00:00,1,614G2040,0,,335.86,1,0,1
B031,2025-09-20 22:00:00,2,61402050,0,4.94,306.82,1,1,1
B031,2025-09-20 23:00:00,0,614E1950,0,,537.1,1,0,1
B031,2025-09-20 23:00:00,1,614G2040,0,,335.85,1,0,1
B031,2025-09-20 23:00:00,2,61402050,0,4.94,306.82,1,1,1
B031,2025-09-21 00:00:00,0,614E1950,0,,537.1,1,0,1
B031,2025-09-21 00:00:00,1,614G2040,0,,335.85,1,0,1
B031,2025-09-21 00:00:00,2,61402050,0,4.94,306.82,1,1,1
B031,2025-09-21 01:00:00,0,614E1950,0,,537.1,1,0,1
B031,2025-09-21 01:00:00,1,614G2040,0,,,1,0,0
B031,2025-09-21 01:00:00,2,61402050,0,4.94,306.82,1,1,1
B031,2025-09-21 02:00:00,0,614E1950,0,,537.1,1,0,1
B031,2025-09-21 02:00:00,1,614G2040,0,,335.86,1,0,1
B031,2025-09-21 02:00:00,2,61402050,0,4.94,306.82,1,1,1
B031,2025-09-21 03:00:00,0,614E1950,0,,537.1,1,0,1
B031,2025-09-21 03:00:00,1,614G2040,0,,,1,0,0
B031,2025-09-21 03:00:00,2,61402050,0,4.94,306.82,1,1,1
B031,2025-09-21 04:00:00,0,614E1950,0,,537.1,1,0,1
B031,2025-09-21 04:00:00,1,614G2040,0,,,1,0,0
B031,2025-09-21 04:00:00,2,61402050,0,4.94,306.82,1,1,1
B031,2025-09-21 05:00:00,0,614E1950,0,,537.1,1,0,1
B031,2025-09-21 05:00:00,1,614G2040,0,,,1,0,0
B031,2025-09-21 05:00:00,2,61402050,0,4.94,306.82,1,1,1
B031,2025-09-21 06:00:00,0,614E1950,0,,537.09,1,0,1
B031,2025-09-21 06:00:00,1,614G2040,0,,335.85,1,0,1
B031,2025-09-21 06:00:00,2,61402050,0,4.94,306.82,1,1,1
B031,2025-09-21 07:00:00,0,614E1950,0.04515697358,,537.09,1,0,1
B031,2025-09-21 07:00:00,1,614G2040,0,,,1,0,0
B031,2025-09-21 07:00:00,2,61402050,0.02704487971,4.94,306.82,1,1,1
B031,2025-09-21 08:00:00,0,614E1950,0,,537.09,1,0,1
B031,2025-09-21 08:00:00,1,614G2040,0,,335.85,1,0,1
B031,2025-09-21 08:00:00,2,61402050,0,4.94,306.82,1,1,1
B031,2026-02-21 01:00:00,0,614E1950,0,,536.98,1,0,1
B031,2026-02-21 01:00:00,1,614G2040,0,,,1,0,0
B031,2026-02-21 01:00:00,2,61402050,0,0.91,306.62,1,1,1
B031,2026-02-21 02:00:00,0,614E1950,0,,536.98,1,0,1
B031,2026-02-21 02:00:00,1,614G2040,0,,335.4,1,0,1
B031,2026-02-21 02:00:00,2,61402050,0,0.91,306.62,1,1,1
B031,2026-02-21 03:00:00,0,614E1950,0,,536.98,1,0,1
B031,2026-02-21 03:00:00,1,614G2040,0,,335.4,1,0,1
B031,2026-02-21 03:00:00,2,61402050,0,0.91,306.62,1,1,1
B031,2026-02-21 04:00:00,0,614E1950,0,,536.98,1,0,1
B031,2026-02-21 04:00:00,1,614G2040,0,,335.4,1,0,1
B031,2026-02-21 04:00:00,2,61402050,0,0.91,306.62,1,1,1
B031,2026-02-21 05:00:00,0,614E1950,0,,536.98,1,0,1
B031,2026-02-21 05:00:00,1,614G2040,0,,335.41,1,0,1
B031,2026-02-21 05:00:00,2,61402050,0,0.91,306.62,1,1,1
B031,2026-02-21 06:00:00,0,614E1950,0,,536.98,1,0,1
B031,2026-02-21 06:00:00,1,614G2040,0,,335.41,1,0,1
B031,2026-02-21 06:00:00,2,61402050,0,0.91,306.62,1,1,1
B031,2026-02-21 07:00:00,0,614E1950,0,,536.98,1,0,1
B031,2026-02-21 07:00:00,1,614G2040,0,,335.41,1,0,1
B031,2026-02-21 07:00:00,2,61402050,0,0.91,306.62,1,1,1
B031,2026-02-21 08:00:00,0,614E1950,0,,536.98,1,0,1
B031,2026-02-21 08:00:00,1,614G2040,0,,335.4,1,0,1
B031,2026-02-21 08:00:00,2,61402050,0,0.91,306.62,1,1,1
B031,2026-02-21 09:00:00,0,614E1950,0,,536.98,1,0,1
B031,2026-02-21 09:00:00,1,614G2040,0,,335.4,1,0,1
B031,2026-02-21 09:00:00,2,61402050,0,0.91,306.62,1,1,1
B031,2026-02-21 10:00:00,0,614E1950,0,,536.98,1,0,1
B031,2026-02-21 10:00:00,1,614G2040,0,,335.4,1,0,1
B031,2026-02-21 10:00:00,2,61402050,0,0.91,306.62,1,1,1
B031,2026-02-21 11:00:00,0,614E1950,0,,536.98,1,0,1
B031,2026-02-21 11:00:00,1,614G2040,0,,335.4,1,0,1
B031,2026-02-21 11:00:00,2,61402050,0,0.91,306.62,1,1,1
B031,2026-02-21 12:00:00,0,614E1950,0,,536.98,1,0,1
B031,2026-02-21 12:00:00,1,614G2040,0,,335.4,1,0,1
B031,2026-02-21 12:00:00,2,61402050,0,0.91,306.62,1,1,1
B031,2026-02-21 13:00:00,0,614E1950,0,,536.98,1,0,1
B031,2026-02-21 13:00:00,1,614G2040,0,,,1,0,0
B031,2026-02-21 13:00:00,2,61402050,0,0.91,306.62,1,1,1
B031,2026-02-21 14:00:00,0,614E1950,0,,536.98,1,0,1
B031,2026-02-21 14:00:00,1,614G2040,0,,335.39,1,0,1
B031,2026-02-21 14:00:00,2,61402050,0,0.91,306.62,1,1,1
B031,2026-02-21 15:00:00,0,614E1950,0,,536.98,1,0,1
B031,2026-02-21 15:00:00,1,614G2040,0,,,1,0,0
B031,2026-02-21 15:00:00,2,61402050,0,0.91,306.62,1,1,1
B031,2026-02-21 16:00:00,0,614E1950,0,,536.98,1,0,1
B031,2026-02-21 16:00:00,1,614G2040,0,,335.41,1,0,1
B031,2026-02-21 16:00:00,2,61402050,0,0.91,306.62,1,1,1
B031,2026-02-21 17:00:00,0,614E1950,0,,536.98,1,0,1
B031,2026-02-21 17:00:00,1,614G2040,0,,335.4,1,0,1
B031,2026-02-21 17:00:00,2,61402050,0,0.91,306.62,1,1,1
B031,2026-02-21 18:00:00,0,614E1950,0,,536.98,1,0,1
B031,2026-02-21 18:00:00,1,614G2040,0,,,1,0,0
B031,2026-02-21 18:00:00,2,61402050,0,0.91,306.62,1,1,1
B031,2026-02-21 19:00:00,0,614E1950,0,,536.98,1,0,1
B031,2026-02-21 19:00:00,1,614G2040,0,,335.4,1,0,1
B031,2026-02-21 19:00:00,2,61402050,0,0.91,306.62,1,1,1
B031,2026-02-21 20:00:00,0,614E1950,0,,536.98,1,0,1
B031,2026-02-21 20:00:00,1,614G2040,0,,,1,0,0
B031,2026-02-21 20:00:00,2,61402050,0,0.91,306.62,1,1,1
B031,2026-02-21 21:00:00,0,614E1950,0,,536.98,1,0,1
B031,2026-02-21 21:00:00,1,614G2040,0,,335.4,1,0,1
B031,2026-02-21 21:00:00,2,61402050,0,0.91,306.62,1,1,1
B031,2026-02-21 22:00:00,0,614E1950,0,,536.98,1,0,1
B031,2026-02-21 22:00:00,1,614G2040,0,,335.4,1,0,1
B031,2026-02-21 22:00:00,2,61402050,0,0.91,306.62,1,1,1
B031,2026-02-21 23:00:00,0,614E1950,0,,536.98,1,0,1
B031,2026-02-21 23:00:00,1,614G2040,0,,335.4,1,0,1
B031,2026-02-21 23:00:00,2,61402050,0,0.91,306.62,1,1,1
B031,2026-02-22 00:00:00,0,614E1950,0,,536.98,1,0,1
B031,2026-02-22 00:00:00,1,614G2040,0,,,1,0,0
B031,2026-02-22 00:00:00,2,61402050,0,0.91,306.62,1,1,1
B031,2026-02-22 01:00:00,0,614E1950,0,,536.98,1,0,1
B031,2026-02-22 01:00:00,1,614G2040,0,,335.4,1,0,1
B031,2026-02-22 01:00:00,2,61402050,0,0.91,306.62,1,1,1
B031,2026-02-22 02:00:00,0,614E1950,0,,536.98,1,0,1
B031,2026-02-22 02:00:00,1,614G2040,0,,335.4,1,0,1
B031,2026-02-22 02:00:00,2,61402050,0,0.91,306.62,1,1,1
B031,2026-02-22 03:00:00,0,614E1950,0,,536.98,1,0,1
B031,2026-02-22 03:00:00,1,614G2040,0,,335.4,1,0,1
B031,2026-02-22 03:00:00,2,61402050,0,0.81,306.61,1,1,1
B031,2026-02-22 04:00:00,0,614E1950,0,,536.98,1,0,1
B031,2026-02-22 04:00:00,1,614G2040,0,,335.41,1,0,1
B031,2026-02-22 04:00:00,2,61402050,0,0.81,306.61,1,1,1
B031,2026-02-22 05:00:00,0,614E1950,0,,536.98,1,0,1
B031,2026-02-22 05:00:00,1,614G2040,0,,335.41,1,0,1
B031,2026-02-22 05:00:00,2,61402050,0,0.81,306.61,1,1,1
B031,2026-02-22 06:00:00,0,614E1950,0,,536.98,1,0,1
B031,2026-02-22 06:00:00,1,614G2040,0,,335.4,1,0,1
B031,2026-02-22 06:00:00,2,61402050,0,0.91,306.62,1,1,1
B031,2026-02-22 07:00:00,0,614E1950,0,,536.98,1,0,1
B031,2026-02-22 07:00:00,1,614G2040,0,,335.4,1,0,1
B031,2026-02-22 07:00:00,2,61402050,0,0.91,306.62,1,1,1
B031,2026-02-22 08:00:00,0,614E1950,0,,536.98,1,0,1
B031,2026-02-22 08:00:00,1,614G2040,0,,335.4,1,0,1
B031,2026-02-22 08:00:00,2,61402050,0,0.91,306.62,1,1,1
B031,2026-02-22 09:00:00,0,614E1950,0,,536.98,1,0,1
B031,2026-02-22 09:00:00,1,614G2040,0,,335.4,1,0,1
B031,2026-02-22 09:00:00,2,61402050,0,0.91,306.62,1,1,1
B031,2026-02-22 10:00:00,0,614E1950,0,,536.98,1,0,1
B031,2026-02-22 10:00:00,1,614G2040,0,,335.4,1,0,1
B031,2026-02-22 10:00:00,2,61402050,0,0.91,306.62,1,1,1
B031,2026-02-22 11:00:00,0,614E1950,0,,536.98,1,0,1
B031,2026-02-22 11:00:00,1,614G2040,0,,335.4,1,0,1
B031,2026-02-22 11:00:00,2,61402050,0,0.81,306.61,1,1,1
B031,2026-02-22 12:00:00,0,614E1950,0,,536.98,1,0,1
B031,2026-02-22 12:00:00,1,614G2040,0,,335.4,1,0,1
B031,2026-02-22 12:00:00,2,61402050,0,0.81,306.61,1,1,1
B031,2026-02-22 13:00:00,0,614E1950,0,,536.98,1,0,1
B031,2026-02-22 13:00:00,1,614G2040,0,,335.39,1,0,1
B031,2026-02-22 13:00:00,2,61402050,0,0.81,306.61,1,1,1
B031,2026-02-22 14:00:00,0,614E1950,0,,536.98,1,0,1
B031,2026-02-22 14:00:00,1,614G2040,0,,,1,0,0
B031,2026-02-22 14:00:00,2,61402050,0,0.91,306.62,1,1,1
B031,2026-02-22 15:00:00,0,614E1950,0,,536.98,1,0,1
B031,2026-02-22 15:00:00,1,614G2040,0,,335.4,1,0,1
B031,2026-02-22 15:00:00,2,61402050,0,0.91,306.62,1,1,1
B031,2026-02-22 16:00:00,0,614E1950,0,,536.98,1,0,1
B031,2026-02-22 16:00:00,1,614G2040,0,,,1,0,0
B031,2026-02-22 16:00:00,2,61402050,0,0.91,306.62,1,1,1
B031,2026-02-22 17:00:00,0,614E1950,0,,536.98,1,0,1
B031,2026-02-22 17:00:00,1,614G2040,0,,335.4,1,0,1
B031,2026-02-22 17:00:00,2,61402050,0,0.91,306.62,1,1,1
B031,2026-02-22 18:00:00,0,614E1950,0,,536.98,1,0,1
B031,2026-02-22 18:00:00,1,614G2040,0,,,1,0,0
B031,2026-02-22 18:00:00,2,61402050,0,0.91,306.62,1,1,1
B031,2026-02-22 19:00:00,0,614E1950,0,,536.98,1,0,1
B031,2026-02-22 19:00:00,1,614G2040,0,,335.4,1,0,1
B031,2026-02-22 19:00:00,2,61402050,0,0.91,306.62,1,1,1
B031,2026-02-22 20:00:00,0,614E1950,0,,536.98,1,0,1
B031,2026-02-22 20:00:00,1,614G2040,0,,,1,0,0
B031,2026-02-22 20:00:00,2,61402050,0,0.91,306.62,1,1,1
B031,2026-02-22 21:00:00,0,614E1950,0,,536.98,1,0,1
B031,2026-02-22 21:00:00,1,614G2040,0,,335.4,1,0,1
B031,2026-02-22 21:00:00,2,61402050,0,0.91,306.62,1,1,1
B031,2026-02-22 22:00:00,0,614E1950,0,,536.98,1,0,1
B031,2026-02-22 22:00:00,1,614G2040,0,,335.4,1,0,1
B031,2026-02-22 22:00:00,2,61402050,0,0.91,306.62,1,1,1
B031,2026-02-22 23:00:00,0,614E1950,0,,536.98,1,0,1
B031,2026-02-22 23:00:00,1,614G2040,0,,335.4,1,0,1
B031,2026-02-22 23:00:00,2,61402050,0,0.91,306.62,1,1,1
B031,2026-02-23 00:00:00,0,614E1950,0,,536.98,1,0,1
B031,2026-02-23 00:00:00,1,614G2040,0,,335.4,1,0,1
B031,2026-02-23 00:00:00,2,61402050,0,0.91,306.62,1,1,1
B031,2026-02-23 01:00:00,0,614E1950,0.200955912,,536.98,1,0,1
B031,2026-02-23 01:00:00,1,614G2040,0.4195036071,,335.4,1,0,1
B031,2026-02-23 01:00:00,2,61402050,0.1531044868,0.81,306.61,1,1,1
B031,2026-02-23 02:00:00,0,614E1950,0.8093132861,,536.98,1,0,1
B031,2026-02-23 02:00:00,1,614G2040,0.869122134,,335.4,1,0,1
B031,2026-02-23 02:00:00,2,61402050,0.1648966654,0.79,306.61,1,1,1
B031,2026-02-23 03:00:00,0,614E1950,0,,536.98,1,0,1
B031,2026-02-23 03:00:00,1,614G2040,0.09251411722,,,1,0,0
B031,2026-02-23 03:00:00,2,61402050,0.09994673046,0.91,306.62,1,1,1
B031,2026-02-23 04:00:00,0,614E1950,0,,536.98,1,0,1
B031,2026-02-23 04:00:00,1,614G2040,0,,335.41,1,0,1
B031,2026-02-23 04:00:00,2,61402050,0.04690213946,0.91,306.62,1,1,1
B031,2026-02-23 05:00:00,0,614E1950,0,,536.98,1,0,1
B031,2026-02-23 05:00:00,1,614G2040,0,,335.41,1,0,1
B031,2026-02-23 05:00:00,2,61402050,0,0.91,306.62,1,1,1
B031,2026-02-23 06:00:00,0,614E1950,0.07749478396,,536.98,1,0,1
B031,2026-02-23 06:00:00,1,614G2040,0.02633234376,,335.41,1,0,1
B031,2026-02-23 06:00:00,2,61402050,0,0.91,306.62,1,1,1
B031,2026-02-23 07:00:00,0,614E1950,0.7858500068,,536.98,1,0,1
B031,2026-02-23 07:00:00,1,614G2040,0.85148447,,335.41,1,0,1
B031,2026-02-23 07:00:00,2,61402050,0.335562492,0.91,306.62,1,1,1
B031,2026-02-23 08:00:00,0,614E1950,1.886011071,,536.98,1,0,1
B031,2026-02-23 08:00:00,1,614G2040,2.126251875,,335.4,1,0,1
B031,2026-02-23 08:00:00,2,61402050,1.27172356,0.91,306.62,1,1,1
B031,2026-02-23 09:00:00,0,614E1950,1.049775215,,536.99,1,0,1
B031,2026-02-23 09:00:00,1,614G2040,1.908029302,,335.4,1,0,1
B031,2026-02-23 09:00:00,2,61402050,1.172850928,1.01,306.63,1,1,1
B031,2026-02-23 10:00:00,0,614E1950,0.2171620162,,536.99,1,0,1
B031,2026-02-23 10:00:00,1,614G2040,0.2616660506,,335.4,1,0,1
B031,2026-02-23 10:00:00,2,61402050,0.07642892759,1.51,306.66,1,1,1
B031,2026-02-23 11:00:00,0,614E1950,0.1893431548,,536.99,1,0,1
B031,2026-02-23 11:00:00,1,614G2040,0.7838839765,,335.4,1,0,1
B031,2026-02-23 11:00:00,2,61402050,0.1688465917,1.31,306.65,1,1,1
B031,2026-02-23 12:00:00,0,614E1950,0.7680154158,,536.99,1,0,1
B031,2026-02-23 12:00:00,1,614G2040,0.6511728869,,335.4,1,0,1
B031,2026-02-23 12:00:00,2,61402050,0.5656223085,1.16,306.64,1,1,1
B031,2026-02-23 13:00:00,0,614E1950,0.7828558434,,536.99,1,0,1
B031,2026-02-23 13:00:00,1,614G2040,1.481566777,,335.4,1,0,1
B031,2026-02-23 13:00:00,2,61402050,0.2159566164,1.21,306.64,1,1,1
B031,2026-02-23 14:00:00,0,614E1950,0.5124793908,,537,1,0,1
B031,2026-02-23 14:00:00,1,614G2040,0.9594892558,,,1,0,0
B031,2026-02-23 14:00:00,2,61402050,0.5364968442,1.31,306.65,1,1,1
B031,2026-02-23 15:00:00,0,614E1950,1.159945017,,537,1,0,1
B031,2026-02-23 15:00:00,1,614G2040,1.722714886,,335.41,1,0,1
B031,2026-02-23 15:00:00,2,61402050,0.2296951906,1.31,306.65,1,1,1
B031,2026-02-23 16:00:00,0,614E1950,2.312452712,,537.01,1,0,1
B031,2026-02-23 16:00:00,1,614G2040,3.326749285,,,1,0,0
B031,2026-02-23 16:00:00,2,61402050,0.8030052525,1.51,306.66,1,1,1
B031,2026-02-23 17:00:00,0,614E1950,0.5291722281,,537.05,1,0,1
B031,2026-02-23 17:00:00,1,614G2040,1.562200106,,335.41,1,0,1
B031,2026-02-23 17:00:00,2,61402050,0.2991227502,1.51,306.66,1,1,1
B031,2026-02-23 18:00:00,0,614E1950,0.2825600867,,537.06,1,0,1
B031,2026-02-23 18:00:00,1,614G2040,0.717154439,,,1,0,0
B031,2026-02-23 18:00:00,2,61402050,0.5338540703,2.41,306.71,1,1,1
B031,2026-02-23 19:00:00,0,614E1950,0.2793469872,,537.08,1,0,1
B031,2026-02-23 19:00:00,1,614G2040,0.291754523,,335.41,1,0,1
B031,2026-02-23 19:00:00,2,61402050,1.339170307,2.57,306.72,1,1,1
B031,2026-02-23 20:00:00,0,614E1950,0.09451025865,,537.19,1,0,1
B031,2026-02-23 20:00:00,1,614G2040,0.6799637809,,335.41,1,0,1
B031,2026-02-23 20:00:00,2,61402050,0.2081604117,2.98,306.74,1,1,1
B031,2026-02-23 21:00:00,0,614E1950,0.06128867977,,537.19,1,0,1
B031,2026-02-23 21:00:00,1,614G2040,0.1697286025,,335.41,1,0,1
B031,2026-02-23 21:00:00,2,61402050,0.03713906055,3.99,306.78,1,1,1
B031,2026-02-23 22:00:00,0,614E1950,0,,537.19,1,0,1
B031,2026-02-23 22:00:00,1,614G2040,0,,335.41,1,0,1
B031,2026-02-23 22:00:00,2,61402050,0.2061780881,3.99,306.78,1,1,1
B031,2026-02-23 23:00:00,0,614E1950,0,,537.18,1,0,1
B031,2026-02-23 23:00:00,1,614G2040,0,,,1,0,0
B031,2026-02-23 23:00:00,2,61402050,0,3.73,306.77,1,1,1
B031,2026-02-24 00:00:00,0,614E1950,0,,537.18,1,0,1
B031,2026-02-24 00:00:00,1,614G2040,0,,335.41,1,0,1
B031,2026-02-24 00:00:00,2,61402050,0,3.47,306.76,1,1,1
B031,2026-02-24 01:00:00,0,614E1950,0,,537.17,1,0,1
B031,2026-02-24 01:00:00,1,614G2040,0,,335.41,1,0,1
B031,2026-02-24 01:00:00,2,61402050,0,3.47,306.76,1,1,1
B031,2026-02-24 02:00:00,0,614E1950,0,,537.17,1,0,1
B031,2026-02-24 02:00:00,1,614G2040,0,,335.41,1,0,1
B031,2026-02-24 02:00:00,2,61402050,0,3.01,306.74,1,1,1
B031,2026-02-24 03:00:00,0,614E1950,0,,537.16,1,0,1
B031,2026-02-24 03:00:00,1,614G2040,0,,335.42,1,0,1
B031,2026-02-24 03:00:00,2,61402050,0,3.01,306.74,1,1,1
B031,2026-02-24 04:00:00,0,614E1950,0.01717679341,,537.16,1,0,1
B031,2026-02-24 04:00:00,1,614G2040,0.1615019837,,335.42,1,0,1
B031,2026-02-24 04:00:00,2,61402050,0,2.78,306.73,1,1,1
B031,2026-02-24 05:00:00,0,614E1950,0.07733346524,,537.15,1,0,1
B031,2026-02-24 05:00:00,1,614G2040,0,,335.42,1,0,1
B031,2026-02-24 05:00:00,2,61402050,0.00168026546,2.78,306.73,1,1,1
B031,2026-02-24 06:00:00,0,614E1950,0,,537.15,1,0,1
B031,2026-02-24 06:00:00,1,614G2040,0,,335.42,1,0,1
B031,2026-02-24 06:00:00,2,61402050,0,2.61,306.72,1,1,1
B031,2026-02-24 07:00:00,0,614E1950,10.21942834,,537.15,1,0,1
B031,2026-02-24 07:00:00,1,614G2040,16.80382773,,335.41,1,0,1
B031,2026-02-24 07:00:00,2,61402050,7.681784976,2.61,306.72,1,1,1
B031,2026-02-24 08:00:00,0,614E1950,0,,537.15,1,0,1
B031,2026-02-24 08:00:00,1,614G2040,0,,335.41,1,0,1
B031,2026-02-24 08:00:00,2,61402050,0,2.36,306.71,1,1,1
B031,2026-02-24 09:00:00,0,614E1950,0,,537.14,1,0,1
B031,2026-02-24 09:00:00,1,614G2040,0,,335.41,1,0,1
B031,2026-02-24 09:00:00,2,61402050,0,2.16,306.7,1,1,1
B031,2026-02-24 10:00:00,0,614E1950,0,,537.14,1,0,1
B031,2026-02-24 10:00:00,1,614G2040,0,,335.41,1,0,1
B031,2026-02-24 10:00:00,2,61402050,0,2.16,306.7,1,1,1
B031,2026-02-24 11:00:00,0,614E1950,0.316098815,,537.14,1,0,1
B031,2026-02-24 11:00:00,1,614G2040,0,,335.4,1,0,1
B031,2026-02-24 11:00:00,2,61402050,0.1893141579,1.96,306.69,1,1,1
B031,2026-02-24 12:00:00,0,614E1950,0,,537.14,1,0,1
B031,2026-02-24 12:00:00,1,614G2040,0,,335.4,1,0,1
B031,2026-02-24 12:00:00,2,61402050,0,1.96,306.69,1,1,1
B031,2026-02-24 13:00:00,0,614E1950,0,,537.14,1,0,1
B031,2026-02-24 13:00:00,1,614G2040,0,,335.4,1,0,1
B031,2026-02-24 13:00:00,2,61402050,0,1.96,306.69,1,1,1
B031,2026-02-24 14:00:00,0,614E1950,0,,537.14,1,0,1
B031,2026-02-24 14:00:00,1,614G2040,0,,335.4,1,0,1
B031,2026-02-24 14:00:00,2,61402050,0,1.96,306.69,1,1,1
B031,2026-02-24 15:00:00,0,614E1950,0,,537.13,1,0,1
B031,2026-02-24 15:00:00,1,614G2040,0,,335.4,1,0,1
B031,2026-02-24 15:00:00,2,61402050,0,1.76,306.68,1,1,1
B031,2026-02-24 16:00:00,0,614E1950,0,,537.13,1,0,1
B031,2026-02-24 16:00:00,1,614G2040,0,,335.4,1,0,1
B031,2026-02-24 16:00:00,2,61402050,0,1.76,306.68,1,1,1
B031,2026-02-24 17:00:00,0,614E1950,0,,537.13,1,0,1
B031,2026-02-24 17:00:00,1,614G2040,0,,335.4,1,0,1
B031,2026-02-24 17:00:00,2,61402050,0,1.76,306.68,1,1,1
B031,2026-02-24 18:00:00,0,614E1950,0,,537.13,1,0,1
B031,2026-02-24 18:00:00,1,614G2040,0,,335.4,1,0,1
B031,2026-02-24 18:00:00,2,61402050,0,1.56,306.67,1,1,1
B031,2026-02-24 19:00:00,0,614E1950,0,,537.13,1,0,1
B031,2026-02-24 19:00:00,1,614G2040,0,,335.4,1,0,1
B031,2026-02-24 19:00:00,2,61402050,0,1.56,306.67,1,1,1
B031,2026-02-24 20:00:00,0,614E1950,0,,537.12,1,0,1
B031,2026-02-24 20:00:00,1,614G2040,0,,335.4,1,0,1
B031,2026-02-24 20:00:00,2,61402050,0,1.56,306.67,1,1,1
B031,2026-02-24 21:00:00,0,614E1950,0,,537.12,1,0,1
B031,2026-02-24 21:00:00,1,614G2040,0,,,1,0,0
B031,2026-02-24 21:00:00,2,61402050,0,1.62,306.67,1,1,1
B031,2026-02-24 22:00:00,0,614E1950,0,,537.12,1,0,1
B031,2026-02-24 22:00:00,1,614G2040,0,,335.4,1,0,1
B031,2026-02-24 22:00:00,2,61402050,0,1.62,306.67,1,1,1
B031,2026-02-24 23:00:00,0,614E1950,0,,537.12,1,0,1
B031,2026-02-24 23:00:00,1,614G2040,0,,,1,0,0
B031,2026-02-24 23:00:00,2,61402050,0,1.56,306.67,1,1,1
B031,2026-02-25 00:00:00,0,614E1950,0,,537.12,1,0,1
B031,2026-02-25 00:00:00,1,614G2040,0,,335.4,1,0,1
B031,2026-02-25 00:00:00,2,61402050,0,1.56,306.67,1,1,1
B031,2026-02-25 01:00:00,0,614E1950,0,,537.12,1,0,1
B031,2026-02-25 01:00:00,1,614G2040,0,,335.4,1,0,1
B031,2026-02-25 01:00:00,2,61402050,0,1.46,306.66,1,1,1
B031,2026-02-25 02:00:00,0,614E1950,0,,537.11,1,0,1
B031,2026-02-25 02:00:00,1,614G2040,0,,335.4,1,0,1
B031,2026-02-25 02:00:00,2,61402050,0,1.46,306.66,1,1,1
B031,2026-02-25 03:00:00,0,614E1950,0,,537.11,1,0,1
B031,2026-02-25 03:00:00,1,614G2040,0,,,1,0,0
B031,2026-02-25 03:00:00,2,61402050,0,1.46,306.66,1,1,1
B031,2026-02-25 04:00:00,0,614E1950,0,,537.11,1,0,1
B031,2026-02-25 04:00:00,1,614G2040,0,,335.4,1,0,1
B031,2026-02-25 04:00:00,2,61402050,0,1.46,306.66,1,1,1
B031,2026-02-25 05:00:00,0,614E1950,0,,537.11,1,0,1
B031,2026-02-25 05:00:00,1,614G2040,0,,335.41,1,0,1
B031,2026-02-25 05:00:00,2,61402050,0,1.46,306.66,1,1,1
B031,2026-02-25 06:00:00,0,614E1950,0,,537.11,1,0,1
B031,2026-02-25 06:00:00,1,614G2040,0,,,1,0,0
B031,2026-02-25 06:00:00,2,61402050,0,1.46,306.66,1,1,1
B031,2026-02-25 07:00:00,0,614E1950,0.316098815,,537.11,1,0,1
B031,2026-02-25 07:00:00,1,614G2040,0,,335.4,1,0,1
B031,2026-02-25 07:00:00,2,61402050,0.1893141579,1.46,306.66,1,1,1
B031,2026-02-25 08:00:00,0,614E1950,0,,537.1,1,0,1
B031,2026-02-25 08:00:00,1,614G2040,0,,335.4,1,0,1
B031,2026-02-25 08:00:00,2,61402050,0,1.47,306.66,1,1,1
B031,2026-02-25 09:00:00,0,614E1950,0.0489892311,,537.1,1,0,1
B031,2026-02-25 09:00:00,1,614G2040,0.02540919459,,,1,0,0
B031,2026-02-25 09:00:00,2,61402050,0.05758562667,1.47,306.66,1,1,1
B031,2026-02-25 10:00:00,0,614E1950,0.1236245323,,537.1,1,0,1
B031,2026-02-25 10:00:00,1,614G2040,0.2665717626,,335.4,1,0,1
B031,2026-02-25 10:00:00,2,61402050,0.3294552446,1.47,306.66,1,1,1
B031,2026-02-25 11:00:00,0,614E1950,0,,537.1,1,0,1
B031,2026-02-25 11:00:00,1,614G2040,0.01273368941,,335.4,1,0,1
B031,2026-02-25 11:00:00,2,61402050,0.0008798521665,1.47,306.66,1,1,1
B031,2026-02-25 12:00:00,0,614E1950,0,,537.1,1,0,1
B031,2026-02-25 12:00:00,1,614G2040,0,,335.4,1,0,1
B031,2026-02-25 12:00:00,2,61402050,0,1.47,306.66,1,1,1
B031,2026-02-25 13:00:00,0,614E1950,0,,537.1,1,0,1
B031,2026-02-25 13:00:00,1,614G2040,0,,335.4,1,0,1
B031,2026-02-25 13:00:00,2,61402050,0,1.47,306.66,1,1,1
B031,2026-02-25 14:00:00,0,614E1950,0,,537.09,1,0,1
B031,2026-02-25 14:00:00,1,614G2040,0,,335.4,1,0,1
B031,2026-02-25 14:00:00,2,61402050,0,1.47,306.66,1,1,1
B031,2026-02-25 15:00:00,0,614E1950,0,,537.09,1,0,1
B031,2026-02-25 15:00:00,1,614G2040,0.02255800546,,,1,0,0
B031,2026-02-25 15:00:00,2,61402050,0,1.47,306.66,1,1,1
B031,2026-02-25 16:00:00,0,614E1950,0.002180906031,,537.09,1,0,1
B031,2026-02-25 16:00:00,1,614G2040,0.0127045973,,,1,0,0
B031,2026-02-25 16:00:00,2,61402050,0.02421863381,1.31,306.65,1,1,1
B031,2026-02-25 17:00:00,0,614E1950,0.02449461555,,537.09,1,0,1
B031,2026-02-25 17:00:00,1,614G2040,0.0127045973,,,1,0,0
B031,2026-02-25 17:00:00,2,61402050,0.02421863381,1.27,306.65,1,1,1
B031,2026-02-25 18:00:00,0,614E1950,0.01838701023,,537.09,1,0,1
B031,2026-02-25 18:00:00,1,614G2040,0.03526260275,,335.4,1,0,1
B031,2026-02-25 18:00:00,2,61402050,0.02421863381,1.27,306.65,1,1,1
B031,2026-02-25 19:00:00,0,614E1950,0.1637310282,,537.09,1,0,1
B031,2026-02-25 19:00:00,1,614G2040,0.04297225178,,335.4,1,0,1
B031,2026-02-25 19:00:00,2,61402050,0.02589889927,1.27,306.65,1,1,1
B031,2026-02-25 20:00:00,0,614E1950,0.1013734066,,537.09,1,0,1
B031,2026-02-25 20:00:00,1,614G2040,0.3028872425,,335.4,1,0,1
B031,2026-02-25 20:00:00,2,61402050,0.104522043,1.27,306.65,1,1,1
B031,2026-02-25 21:00:00,0,614E1950,0.1026036672,,537.09,1,0,1
B031,2026-02-25 21:00:00,1,614G2040,0.06781414407,,335.4,1,0,1
B031,2026-02-25 21:00:00,2,61402050,0.07112077328,1.27,306.65,1,1,1
B031,2026-02-25 22:00:00,0,614E1950,0.1214436263,,537.09,1,0,1
B031,2026-02-25 22:00:00,1,614G2040,0.07085539774,,,1,0,0
B031,2026-02-25 22:00:00,2,61402050,0.05099738525,1.27,306.65,1,1,1
B031,2026-02-25 23:00:00,0,614E1950,0.1359865648,,537.09,1,0,1
B031,2026-02-25 23:00:00,1,614G2040,0.3016898435,,,1,0,0
B031,2026-02-25 23:00:00,2,61402050,0.04482314103,1.27,306.65,1,1,1
B031,2026-02-26 00:00:00,0,614E1950,0.002180906031,,537.09,1,0,1
B031,2026-02-26 00:00:00,1,614G2040,0.05994115634,,335.4,1,0,1
B031,2026-02-26 00:00:00,2,61402050,0.04462862723,1.31,306.65,1,1,1
B031,2026-02-26 01:00:00,0,614E1950,0.02336308993,,537.09,1,0,1
B031,2026-02-26 01:00:00,1,614G2040,0.05478279203,,335.4,1,0,1
B031,2026-02-26 01:00:00,2,61402050,0.1204378931,1.27,306.65,1,1,1
B031,2026-02-26 02:00:00,0,614E1950,0,,537.08,1,0,1
B031,2026-02-26 02:00:00,1,614G2040,0.004567773659,,335.4,1,0,1
B031,2026-02-26 02:00:00,2,61402050,0.01856953027,1.27,306.65,1,1,1
B031,2026-02-26 03:00:00,0,614E1950,0.004361812061,,537.08,1,0,1
B031,2026-02-26 03:00:00,1,614G2040,0.04796720005,,335.4,1,0,1
B031,2026-02-26 03:00:00,2,61402050,0.04843726763,1.27,306.65,1,1,1
B031,2026-02-26 04:00:00,0,614E1950,0.04131498739,,537.08,1,0,1
B031,2026-02-26 04:00:00,1,614G2040,0.05629186359,,335.41,1,0,1
B031,2026-02-26 04:00:00,2,61402050,0.07201219957,1.27,306.65,1,1,1
B031,2026-02-26 05:00:00,0,614E1950,0.8990024953,,537.08,1,0,1
B031,2026-02-26 05:00:00,1,614G2040,0.529722545,,335.41,1,0,1
B031,2026-02-26 05:00:00,2,61402050,0.4377962174,1.27,306.65,1,1,1
B031,2026-02-26 06:00:00,0,614E1950,0.8753957077,,537.08,1,0,1
B031,2026-02-26 06:00:00,1,614G2040,2.709874034,,,1,0,0
B031,2026-02-26 06:00:00,2,61402050,1.417928169,1.27,306.65,1,1,1
B031,2026-02-26 07:00:00,0,614E1950,2.688433587,,537.08,1,0,1
B031,2026-02-26 07:00:00,1,614G2040,4.550701051,,335.41,1,0,1
B031,2026-02-26 07:00:00,2,61402050,2.304423439,1.27,306.65,1,1,1
B031,2026-02-26 08:00:00,0,614E1950,0.06799050897,,537.08,1,0,1
B031,2026-02-26 08:00:00,1,614G2040,0.1409723191,,335.41,1,0,1
B031,2026-02-26 08:00:00,2,61402050,0.1689332797,1.47,306.66,1,1,1
B031,2026-02-26 09:00:00,0,614E1950,0.01900127787,,537.08,1,0,1
B031,2026-02-26 09:00:00,1,614G2040,0.183007112,,335.4,1,0,1
B031,2026-02-26 09:00:00,2,61402050,0.02466434696,1.47,306.66,1,1,1
B031,2026-02-26 10:00:00,0,614E1950,0.0992912355,,537.08,1,0,1
B031,2026-02-26 10:00:00,1,614G2040,0.2259793637,,,1,0,0
B031,2026-02-26 10:00:00,2,61402050,0.09578512023,1.47,306.66,1,1,1
B031,2026-02-26 11:00:00,0,614E1950,0.06067268683,,537.08,1,0,1
B031,2026-02-26 11:00:00,1,614G2040,0.08274192511,,335.4,1,0,1
B031,2026-02-26 11:00:00,2,61402050,0.04931711979,1.31,306.65,1,1,1
B031,2026-02-26 12:00:00,0,614E1950,0.01900127787,,537.08,1,0,1
B031,2026-02-26 12:00:00,1,614G2040,0.01705284775,,335.4,1,0,1
B031,2026-02-26 12:00:00,2,61402050,0.02466434696,1.27,306.65,1,1,1
B031,2026-03-23 11:00:00,0,614E1950,0,,537.14,1,0,1
B031,2026-03-23 11:00:00,1,614G2040,0,,335.85,1,0,1
B031,2026-03-23 11:00:00,2,61402050,0,5.58,306.84,1,1,1
B031,2026-03-23 12:00:00,0,614E1950,0,,537.14,1,0,1
B031,2026-03-23 12:00:00,1,614G2040,0,,,1,0,0
B031,2026-03-23 12:00:00,2,61402050,0,5.58,306.84,1,1,1
B031,2026-03-23 13:00:00,0,614E1950,0,,537.15,1,0,1
B031,2026-03-23 13:00:00,1,614G2040,0,,335.85,1,0,1
B031,2026-03-23 13:00:00,2,61402050,0,5.3,306.83,1,1,1
B031,2026-03-23 14:00:00,0,614E1950,0,,537.15,1,0,1
B031,2026-03-23 14:00:00,1,614G2040,0,,335.85,1,0,1
B031,2026-03-23 14:00:00,2,61402050,0,5.3,306.83,1,1,1
B031,2026-03-23 15:00:00,0,614E1950,0,,537.14,1,0,1
B031,2026-03-23 15:00:00,1,614G2040,0,,,1,0,0
B031,2026-03-23 15:00:00,2,61402050,0,5.3,306.83,1,1,1
B031,2026-03-23 16:00:00,0,614E1950,0,,537.15,1,0,1
B031,2026-03-23 16:00:00,1,614G2040,0,,335.85,1,0,1
B031,2026-03-23 16:00:00,2,61402050,0,5.3,306.83,1,1,1
B031,2026-03-23 17:00:00,0,614E1950,0,,537.14,1,0,1
B031,2026-03-23 17:00:00,1,614G2040,0,,335.85,1,0,1
B031,2026-03-23 17:00:00,2,61402050,0,5.3,306.83,1,1,1
B031,2026-03-23 18:00:00,0,614E1950,0,,537.14,1,0,1
B031,2026-03-23 18:00:00,1,614G2040,0,,335.85,1,0,1
B031,2026-03-23 18:00:00,2,61402050,0,5.3,306.83,1,1,1
B031,2026-03-23 19:00:00,0,614E1950,0,,537.14,1,0,1
B031,2026-03-23 19:00:00,1,614G2040,0,,,1,0,0
B031,2026-03-23 19:00:00,2,61402050,0,5.3,306.83,1,1,1
B031,2026-03-23 20:00:00,0,614E1950,0,,537.14,1,0,1
B031,2026-03-23 20:00:00,1,614G2040,0,,335.85,1,0,1
B031,2026-03-23 20:00:00,2,61402050,0,5.3,306.83,1,1,1
B031,2026-03-23 21:00:00,0,614E1950,0,,537.14,1,0,1
B031,2026-03-23 21:00:00,1,614G2040,0,,335.84,1,0,1
B031,2026-03-23 21:00:00,2,61402050,0,5.3,306.83,1,1,1
B031,2026-03-23 22:00:00,0,614E1950,0,,537.14,1,0,1
B031,2026-03-23 22:00:00,1,614G2040,0,,335.85,1,0,1
B031,2026-03-23 22:00:00,2,61402050,0,5.3,306.83,1,1,1
B031,2026-03-23 23:00:00,0,614E1950,0,,537.14,1,0,1
B031,2026-03-23 23:00:00,1,614G2040,0,,335.84,1,0,1
B031,2026-03-23 23:00:00,2,61402050,0,5.3,306.83,1,1,1
B031,2026-03-24 00:00:00,0,614E1950,0,,537.14,1,0,1
B031,2026-03-24 00:00:00,1,614G2040,0,,335.85,1,0,1
B031,2026-03-24 00:00:00,2,61402050,0,5.3,306.83,1,1,1
B031,2026-03-24 01:00:00,0,614E1950,0,,537.14,1,0,1
B031,2026-03-24 01:00:00,1,614G2040,0,,,1,0,0
B031,2026-03-24 01:00:00,2,61402050,0,5.3,306.83,1,1,1
B031,2026-03-24 02:00:00,0,614E1950,0,,537.14,1,0,1
B031,2026-03-24 02:00:00,1,614G2040,0,,335.85,1,0,1
B031,2026-03-24 02:00:00,2,61402050,0,5.3,306.83,1,1,1
B031,2026-03-24 03:00:00,0,614E1950,0,,537.14,1,0,1
B031,2026-03-24 03:00:00,1,614G2040,0,,335.85,1,0,1
B031,2026-03-24 03:00:00,2,61402050,0,5.3,306.83,1,1,1
B031,2026-03-24 04:00:00,0,614E1950,0,,537.14,1,0,1
B031,2026-03-24 04:00:00,1,614G2040,0,,335.85,1,0,1
B031,2026-03-24 04:00:00,2,61402050,0,5.58,306.84,1,1,1
B031,2026-03-24 05:00:00,0,614E1950,0,,537.14,1,0,1
B031,2026-03-24 05:00:00,1,614G2040,0,,335.85,1,0,1
B031,2026-03-24 05:00:00,2,61402050,0,5.58,306.84,1,1,1
B031,2026-03-24 06:00:00,0,614E1950,0,,537.14,1,0,1
B031,2026-03-24 06:00:00,1,614G2040,0,,335.85,1,0,1
B031,2026-03-24 06:00:00,2,61402050,0,5.58,306.84,1,1,1
B031,2026-03-24 07:00:00,0,614E1950,0,,537.14,1,0,1
B031,2026-03-24 07:00:00,1,614G2040,0,,335.85,1,0,1
B031,2026-03-24 07:00:00,2,61402050,0,5.58,306.84,1,1,1
B031,2026-03-24 08:00:00,0,614E1950,0,,537.14,1,0,1
B031,2026-03-24 08:00:00,1,614G2040,0,,335.84,1,0,1
B031,2026-03-24 08:00:00,2,61402050,0,5.58,306.84,1,1,1
B031,2026-03-24 09:00:00,0,614E1950,0,,537.14,1,0,1
B031,2026-03-24 09:00:00,1,614G2040,0,,335.85,1,0,1
B031,2026-03-24 09:00:00,2,61402050,0,5.3,306.83,1,1,1
B031,2026-03-24 10:00:00,0,614E1950,0,,537.14,1,0,1
B031,2026-03-24 10:00:00,1,614G2040,0,,335.85,1,0,1
B031,2026-03-24 10:00:00,2,61402050,0,5.58,306.84,1,1,1
B031,2026-03-24 11:00:00,0,614E1950,0,,537.14,1,0,1
B031,2026-03-24 11:00:00,1,614G2040,0,,335.85,1,0,1
B031,2026-03-24 11:00:00,2,61402050,0,5.3,306.83,1,1,1
B031,2026-03-24 12:00:00,0,614E1950,0,,537.14,1,0,1
B031,2026-03-24 12:00:00,1,614G2040,0,,,1,0,0
B031,2026-03-24 12:00:00,2,61402050,0,5.3,306.83,1,1,1
B031,2026-03-24 13:00:00,0,614E1950,0,,537.14,1,0,1
B031,2026-03-24 13:00:00,1,614G2040,0,,,1,0,0
B031,2026-03-24 13:00:00,2,61402050,0,5.3,306.83,1,1,1
B031,2026-03-24 14:00:00,0,614E1950,0,,537.14,1,0,1
B031,2026-03-24 14:00:00,1,614G2040,0,,,1,0,0
B031,2026-03-24 14:00:00,2,61402050,0,5.3,306.83,1,1,1
B031,2026-03-24 15:00:00,0,614E1950,0,,537.14,1,0,1
B031,2026-03-24 15:00:00,1,614G2040,0,,335.84,1,0,1
B031,2026-03-24 15:00:00,2,61402050,0,5.3,306.83,1,1,1
B031,2026-03-24 16:00:00,0,614E1950,0,,537.14,1,0,1
B031,2026-03-24 16:00:00,1,614G2040,0,,335.85,1,0,1
B031,2026-03-24 16:00:00,2,61402050,0,5.58,306.84,1,1,1
B031,2026-03-24 17:00:00,0,614E1950,0,,537.14,1,0,1
B031,2026-03-24 17:00:00,1,614G2040,0,,335.84,1,0,1
B031,2026-03-24 17:00:00,2,61402050,0,5.58,306.84,1,1,1
B031,2026-03-24 18:00:00,0,614E1950,0,,537.14,1,0,1
B031,2026-03-24 18:00:00,1,614G2040,0,,335.85,1,0,1
B031,2026-03-24 18:00:00,2,61402050,0,5.58,306.84,1,1,1
B031,2026-03-24 19:00:00,0,614E1950,0,,537.14,1,0,1
B031,2026-03-24 19:00:00,1,614G2040,0,,,1,0,0
B031,2026-03-24 19:00:00,2,61402050,0,5.58,306.84,1,1,1
B031,2026-03-24 20:00:00,0,614E1950,0,,537.14,1,0,1
B031,2026-03-24 20:00:00,1,614G2040,0,,,1,0,0
B031,2026-03-24 20:00:00,2,61402050,0,5.58,306.84,1,1,1
B031,2026-03-24 21:00:00,0,614E1950,0,,537.14,1,0,1
B031,2026-03-24 21:00:00,1,614G2040,0,,335.85,1,0,1
B031,2026-03-24 21:00:00,2,61402050,0,5.3,306.83,1,1,1
B031,2026-03-24 22:00:00,0,614E1950,0,,537.14,1,0,1
B031,2026-03-24 22:00:00,1,614G2040,0,,335.85,1,0,1
B031,2026-03-24 22:00:00,2,61402050,0,5.3,306.83,1,1,1
B031,2026-03-24 23:00:00,0,614E1950,0,,537.14,1,0,1
B031,2026-03-24 23:00:00,1,614G2040,0,,335.84,1,0,1
B031,2026-03-24 23:00:00,2,61402050,0,5.3,306.83,1,1,1
B031,2026-03-25 00:00:00,0,614E1950,0,,537.14,1,0,1
B031,2026-03-25 00:00:00,1,614G2040,0,,335.84,1,0,1
B031,2026-03-25 00:00:00,2,61402050,0,5.3,306.83,1,1,1
B031,2026-03-25 01:00:00,0,614E1950,0,,537.14,1,0,1
B031,2026-03-25 01:00:00,1,614G2040,0,,335.84,1,0,1
B031,2026-03-25 01:00:00,2,61402050,0,5.3,306.83,1,1,1
B031,2026-03-25 02:00:00,0,614E1950,0,,537.14,1,0,1
B031,2026-03-25 02:00:00,1,614G2040,0,,335.85,1,0,1
B031,2026-03-25 02:00:00,2,61402050,0,5.3,306.83,1,1,1
B031,2026-03-25 03:00:00,0,614E1950,0,,537.14,1,0,1
B031,2026-03-25 03:00:00,1,614G2040,0,,335.85,1,0,1
B031,2026-03-25 03:00:00,2,61402050,0,5.3,306.83,1,1,1
B031,2026-03-25 04:00:00,0,614E1950,0,,537.14,1,0,1
B031,2026-03-25 04:00:00,1,614G2040,0,,335.85,1,0,1
B031,2026-03-25 04:00:00,2,61402050,0,5.3,306.83,1,1,1
B031,2026-03-25 05:00:00,0,614E1950,0,,537.13,1,0,1
B031,2026-03-25 05:00:00,1,614G2040,0,,335.85,1,0,1
B031,2026-03-25 05:00:00,2,61402050,0,5.3,306.83,1,1,1
B031,2026-03-25 06:00:00,0,614E1950,0,,537.13,1,0,1
B031,2026-03-25 06:00:00,1,614G2040,0,,335.85,1,0,1
B031,2026-03-25 06:00:00,2,61402050,0,5.3,306.83,1,1,1
B031,2026-03-25 07:00:00,0,614E1950,0,,537.14,1,0,1
B031,2026-03-25 07:00:00,1,614G2040,0,,335.85,1,0,1
B031,2026-03-25 07:00:00,2,61402050,0,5.3,306.83,1,1,1
B031,2026-03-25 08:00:00,0,614E1950,0,,537.14,1,0,1
B031,2026-03-25 08:00:00,1,614G2040,0,,335.85,1,0,1
B031,2026-03-25 08:00:00,2,61402050,0,5.3,306.83,1,1,1
B031,2026-03-25 09:00:00,0,614E1950,0,,537.13,1,0,1
B031,2026-03-25 09:00:00,1,614G2040,0,,335.84,1,0,1
B031,2026-03-25 09:00:00,2,61402050,0,5.3,306.83,1,1,1
B031,2026-03-25 10:00:00,0,614E1950,0,,537.13,1,0,1
B031,2026-03-25 10:00:00,1,614G2040,0,,335.84,1,0,1
B031,2026-03-25 10:00:00,2,61402050,0,5.3,306.83,1,1,1
B031,2026-03-25 11:00:00,0,614E1950,0.5952273224,,537.13,1,0,1
B031,2026-03-25 11:00:00,1,614G2040,0.6541560846,,335.85,1,0,1
B031,2026-03-25 11:00:00,2,61402050,0.1861049612,5.3,306.83,1,1,1
B031,2026-03-25 12:00:00,0,614E1950,0.1945765982,,537.13,1,0,1
B031,2026-03-25 12:00:00,1,614G2040,0.2929462274,,335.84,1,0,1
B031,2026-03-25 12:00:00,2,61402050,0.1354536561,5.3,306.83,1,1,1
B031,2026-03-25 13:00:00,0,614E1950,0.7982841956,,537.14,1,0,1
B031,2026-03-25 13:00:00,1,614G2040,1.216471949,,335.84,1,0,1
B031,2026-03-25 13:00:00,2,61402050,0.5549230385,5.3,306.83,1,1,1
B031,2026-03-25 14:00:00,0,614E1950,0.1208293587,,537.14,1,0,1
B031,2026-03-25 14:00:00,1,614G2040,0.04135524349,,335.84,1,0,1
B031,2026-03-25 14:00:00,2,61402050,0.2868602847,5.3,306.83,1,1,1
B031,2026-03-25 15:00:00,0,614E1950,0.06128867977,,537.14,1,0,1
B031,2026-03-25 15:00:00,1,614G2040,0.1910900424,,335.85,1,0,1
B031,2026-03-25 15:00:00,2,61402050,0,5.3,306.83,1,1,1
B031,2026-03-25 16:00:00,0,614E1950,0,,537.14,1,0,1
B031,2026-03-25 16:00:00,1,614G2040,0.00228388683,,335.85,1,0,1
B031,2026-03-25 16:00:00,2,61402050,0.01856953027,5.3,306.83,1,1,1
B031,2026-03-25 17:00:00,0,614E1950,0.02449461555,,537.14,1,0,1
B031,2026-03-25 17:00:00,1,614G2040,0.09885707012,,335.84,1,0,1
B031,2026-03-25 17:00:00,2,61402050,0.08211963418,5.3,306.83,1,1,1
B031,2026-03-25 18:00:00,0,614E1950,1.894099633,,537.14,1,0,1
B031,2026-03-25 18:00:00,1,614G2040,2.113321364,,335.84,1,0,1
B031,2026-03-25 18:00:00,2,61402050,2.542781524,5.3,306.83,1,1,1
B031,2026-03-25 19:00:00,0,614E1950,0.3888880782,,537.14,1,0,1
B031,2026-03-25 19:00:00,1,614G2040,0.5709069751,,335.85,1,0,1
B031,2026-03-25 19:00:00,2,61402050,0.9492543989,5.58,306.84,1,1,1
B031,2026-03-25 20:00:00,0,614E1950,0.09652650675,,537.14,1,0,1
B031,2026-03-25 20:00:00,1,614G2040,0.4322396675,,,1,0,0
B031,2026-03-25 20:00:00,2,61402050,1.020071394,5.58,306.84,1,1,1
B031,2026-03-25 21:00:00,0,614E1950,0.3530093916,,537.14,1,0,1
B031,2026-03-25 21:00:00,1,614G2040,0.3300339618,,,1,0,0
B031,2026-03-25 21:00:00,2,61402050,1.089537687,5.58,306.84,1,1,1
B031,2026-03-25 22:00:00,0,614E1950,0.0634695858,,537.14,1,0,1
B031,2026-03-25 22:00:00,1,614G2040,0.08786262171,,335.85,1,0,1
B031,2026-03-25 22:00:00,2,61402050,0.1524927239,5.58,306.84,1,1,1
B031,2026-03-25 23:00:00,0,614E1950,0.02231370952,,537.15,1,0,1
B031,2026-03-25 23:00:00,1,614G2040,0.008651370853,,,1,0,0
B031,2026-03-25 23:00:00,2,61402050,0.1309544188,5.58,306.84,1,1,1
B031,2026-03-26 00:00:00,0,614E1950,0.7846023245,,537.15,1,0,1
B031,2026-03-26 00:00:00,1,614G2040,1.290773253,,335.85,1,0,1
B031,2026-03-26 00:00:00,2,61402050,0.9330315341,5.86,306.85,1,1,1
B031,2026-03-26 01:00:00,0,614E1950,4.011300471,,537.15,1,0,1
B031,2026-03-26 01:00:00,1,614G2040,5.557301193,,335.84,1,0,1
B031,2026-03-26 01:00:00,2,61402050,3.278399883,5.86,306.85,1,1,1
B031,2026-03-26 02:00:00,0,614E1950,2.446422527,,537.15,1,0,1
B031,2026-03-26 02:00:00,1,614G2040,3.861991882,,335.85,1,0,1
B031,2026-03-26 02:00:00,2,61402050,3.484834964,6.8,306.88,1,1,1
B031,2026-03-26 03:00:00,0,614E1950,1.418174846,,537.16,1,0,1
B031,2026-03-26 03:00:00,1,614G2040,1.817026322,,335.85,1,0,1
B031,2026-03-26 03:00:00,2,61402050,1.660618616,7.43,306.9,1,1,1
B031,2026-03-26 04:00:00,0,614E1950,0.777402381,,537.18,1,0,1
B031,2026-03-26 04:00:00,1,614G2040,1.3657581,,,1,0,0
B031,2026-03-26 04:00:00,2,61402050,1.677403562,7.36,306.9,1,1,1
B031,2026-03-26 05:00:00,0,614E1950,0.6610720505,,537.2,1,0,1
B031,2026-03-26 05:00:00,1,614G2040,0.5140223199,,335.85,1,0,1
B031,2026-03-26 05:00:00,2,61402050,0.4221576533,8.44,306.93,1,1,1
B031,2026-03-26 06:00:00,0,614E1950,0.05534018556,,537.22,1,0,1
B031,2026-03-26 06:00:00,1,614G2040,0.00764498047,,335.85,1,0,1
B031,2026-03-26 06:00:00,2,61402050,0.1099236316,9.16,306.95,1,1,1
B031,2026-03-26 07:00:00,0,614E1950,14.76732246,,537.25,1,0,1
B031,2026-03-26 07:00:00,1,614G2040,15.58690015,,335.85,1,0,1
B031,2026-03-26 07:00:00,2,61402050,18.72950535,9.56,306.96,1,1,1
B031,2026-03-26 08:00:00,0,614E1950,0.002180906031,,537.26,1,0,1
B031,2026-03-26 08:00:00,1,614G2040,0.03526260275,,335.86,1,0,1
B031,2026-03-26 08:00:00,2,61402050,0.02421863381,9.58,306.96,1,1,1
B031,2026-03-26 09:00:00,0,614E1950,0,,537.26,1,0,1
B031,2026-03-26 09:00:00,1,614G2040,0,,335.85,1,0,1
B031,2026-03-26 09:00:00,2,61402050,0,9.58,306.96,1,1,1
B031,2026-03-26 10:00:00,0,614E1950,0,,537.26,1,0,1
B031,2026-03-26 10:00:00,1,614G2040,0,,335.86,1,0,1
B031,2026-03-26 10:00:00,2,61402050,0,9.18,306.95,1,1,1
B031,2026-03-26 11:00:00,0,614E1950,0,,537.26,1,0,1
B031,2026-03-26 11:00:00,1,614G2040,0,,,1,0,0
B031,2026-03-26 11:00:00,2,61402050,0,9.18,306.95,1,1,1
B031,2026-03-26 12:00:00,0,614E1950,0,,537.26,1,0,1
B031,2026-03-26 12:00:00,1,614G2040,0,,,1,0,0
B031,2026-03-26 12:00:00,2,61402050,0,9.18,306.95,1,1,1
B031,2026-03-26 13:00:00,0,614E1950,0.1354709207,,537.27,1,0,1
B031,2026-03-26 13:00:00,1,614G2040,0,,335.85,1,0,1
B031,2026-03-26 13:00:00,2,61402050,0.08113463912,8.83,306.94,1,1,1
B031,2026-03-26 14:00:00,0,614E1950,0,,537.27,1,0,1
B031,2026-03-26 14:00:00,1,614G2040,0,,335.85,1,0,1
B031,2026-03-26 14:00:00,2,61402050,0,8.82,306.94,1,1,1
B031,2026-03-26 15:00:00,0,614E1950,0,,537.27,1,0,1
B031,2026-03-26 15:00:00,1,614G2040,0,,335.85,1,0,1
B031,2026-03-26 15:00:00,2,61402050,0,8.46,306.93,1,1,1
B031,2026-03-26 16:00:00,0,614E1950,0,,537.27,1,0,1
B031,2026-03-26 16:00:00,1,614G2040,0.002120548132,,,1,0,0
B031,2026-03-26 16:00:00,2,61402050,0.02040999341,8.46,306.93,1,1,1
B031,2026-03-26 17:00:00,0,614E1950,0,,537.27,1,0,1
B031,2026-03-26 17:00:00,1,614G2040,0,,335.85,1,0,1
B031,2026-03-26 17:00:00,2,61402050,0,8.46,306.93,1,1,1
B031,2026-03-26 18:00:00,0,614E1950,0,,537.27,1,0,1
B031,2026-03-26 18:00:00,1,614G2040,0,,335.85,1,0,1
B031,2026-03-26 18:00:00,2,61402050,0,8.46,306.93,1,1,1
B031,2026-03-26 19:00:00,0,614E1950,0,,537.27,1,0,1
B031,2026-03-26 19:00:00,1,614G2040,0,,335.85,1,0,1
B031,2026-03-26 19:00:00,2,61402050,0,8.46,306.93,1,1,1
B031,2026-03-26 20:00:00,0,614E1950,0,,537.27,1,0,1
B031,2026-03-26 20:00:00,1,614G2040,0,,335.85,1,0,1
B031,2026-03-26 20:00:00,2,61402050,0,8.1,306.92,1,1,1
B031,2026-03-26 21:00:00,0,614E1950,0,,537.26,1,0,1
B031,2026-03-26 21:00:00,1,614G2040,0.002883790284,,335.85,1,0,1
B031,2026-03-26 21:00:00,2,61402050,0.03441217649,8.1,306.92,1,1,1
B031,2026-03-26 22:00:00,0,614E1950,0,,537.26,1,0,1
B031,2026-03-26 22:00:00,1,614G2040,0,,335.85,1,0,1
B031,2026-03-26 22:00:00,2,61402050,0,8.1,306.92,1,1,1
B031,2026-03-26 23:00:00,0,614E1950,0,,537.26,1,0,1
B031,2026-03-26 23:00:00,1,614G2040,0.002883790284,,335.85,1,0,1
B031,2026-03-26 23:00:00,2,61402050,0.03441217649,8.1,306.92,1,1,1
B031,2026-03-27 00:00:00,0,614E1950,0,,537.26,1,0,1
B031,2026-03-27 00:00:00,1,614G2040,0.07383172314,,335.85,1,0,1
B031,2026-03-27 00:00:00,2,61402050,0.01056472188,7.77,306.91,1,1,1
B031,2026-03-27 01:00:00,0,614E1950,0,,537.26,1,0,1
B031,2026-03-27 01:00:00,1,614G2040,0,,335.85,1,0,1
B031,2026-03-27 01:00:00,2,61402050,0,7.74,306.91,1,1,1
B031,2026-03-27 02:00:00,0,614E1950,0,,537.26,1,0,1
B031,2026-03-27 02:00:00,1,614G2040,0,,335.85,1,0,1
B031,2026-03-27 02:00:00,2,61402050,0,7.38,306.9,1,1,1
B031,2026-03-27 03:00:00,0,614E1950,0,,537.26,1,0,1
B031,2026-03-27 03:00:00,1,614G2040,0,,335.86,1,0,1
B031,2026-03-27 03:00:00,2,61402050,0,7.38,306.9,1,1,1
B031,2026-03-27 04:00:00,0,614E1950,0,,537.26,1,0,1
B031,2026-03-27 04:00:00,1,614G2040,0,,335.85,1,0,1
B031,2026-03-27 04:00:00,2,61402050,0,7.38,306.9,1,1,1
B031,2026-03-27 05:00:00,0,614E1950,0,,537.25,1,0,1
B031,2026-03-27 05:00:00,1,614G2040,0,,,1,0,0
B031,2026-03-27 05:00:00,2,61402050,0,7.38,306.9,1,1,1
B031,2026-03-27 06:00:00,0,614E1950,0,,537.25,1,0,1
B031,2026-03-27 06:00:00,1,614G2040,0,,,1,0,0
B031,2026-03-27 06:00:00,2,61402050,0,7.38,306.9,1,1,1
B031,2026-03-27 07:00:00,0,614E1950,0.1376518268,,537.25,1,0,1
B031,2026-03-27 07:00:00,1,614G2040,0.05791707608,,335.85,1,0,1
B031,2026-03-27 07:00:00,2,61402050,0.1967005637,7.38,306.9,1,1,1
B031,2026-03-27 08:00:00,0,614E1950,0,,537.25,1,0,1
B031,2026-03-27 08:00:00,1,614G2040,0,,335.85,1,0,1
B031,2026-03-27 08:00:00,2,61402050,0,7.44,306.9,1,1,1
B031,2026-03-27 09:00:00,0,614E1950,0,,537.25,1,0,1
B031,2026-03-27 09:00:00,1,614G2040,0,,335.85,1,0,1
B031,2026-03-27 09:00:00,2,61402050,0,7.14,306.89,1,1,1
B031,2026-03-27 10:00:00,0,614E1950,0.002180906031,,537.24,1,0,1
B031,2026-03-27 10:00:00,1,614G2040,0.0127045973,,335.85,1,0,1
B031,2026-03-27 10:00:00,2,61402050,0.02421863381,7.13,306.89,1,1,1
B031,2026-03-27 11:00:00,0,614E1950,0,,537.24,1,0,1
B031,2026-03-27 11:00:00,1,614G2040,0,,335.85,1,0,1
B031,2026-03-27 11:00:00,2,61402050,0,7.13,306.89,1,1,1
B031,2026-03-27 12:00:00,0,614E1950,0,,537.24,1,0,1
B031,2026-03-27 12:00:00,1,614G2040,0,,335.84,1,0,1
B031,2026-03-27 12:00:00,2,61402050,0,7.14,306.89,1,1,1
B031,2026-03-27 13:00:00,0,614E1950,0,,537.24,1,0,1
B031,2026-03-27 13:00:00,1,614G2040,0,,335.85,1,0,1
B031,2026-03-27 13:00:00,2,61402050,0,6.84,306.88,1,1,1
B031,2026-03-27 14:00:00,0,614E1950,0,,537.24,1,0,1
B031,2026-03-27 14:00:00,1,614G2040,0,,335.84,1,0,1
B031,2026-03-27 14:00:00,2,61402050,0.04606834784,6.84,306.88,1,1,1
B031,2026-03-27 15:00:00,0,614E1950,0,,537.24,1,0,1
B031,2026-03-27 15:00:00,1,614G2040,0,,335.85,1,0,1
B031,2026-03-27 15:00:00,2,61402050,0,6.84,306.88,1,1,1
B031,2026-03-27 16:00:00,0,614E1950,0,,537.23,1,0,1
B031,2026-03-27 16:00:00,1,614G2040,0,,,1,0,0
B031,2026-03-27 16:00:00,2,61402050,0,6.84,306.88,1,1,1
B031,2026-03-27 17:00:00,0,614E1950,0,,537.23,1,0,1
B031,2026-03-27 17:00:00,1,614G2040,0,,335.85,1,0,1
B031,2026-03-27 17:00:00,2,61402050,0,6.84,306.88,1,1,1
B031,2026-03-27 18:00:00,0,614E1950,0,,537.23,1,0,1
B031,2026-03-27 18:00:00,1,614G2040,0,,335.85,1,0,1
B031,2026-03-27 18:00:00,2,61402050,0,,306.88,1,0,1
B031,2026-03-27 19:00:00,0,614E1950,0,,537.23,1,0,1
B031,2026-03-27 19:00:00,1,614G2040,0,,,1,0,0
B031,2026-03-27 19:00:00,2,61402050,0,6.54,306.87,1,1,1
B031,2026-03-27 20:00:00,0,614E1950,0,,537.23,1,0,1
B031,2026-03-27 20:00:00,1,614G2040,0,,335.85,1,0,1
B031,2026-03-27 20:00:00,2,61402050,0,6.5,306.87,1,1,1
B031,2026-03-27 21:00:00,0,614E1950,0,,537.22,1,0,1
B031,2026-03-27 21:00:00,1,614G2040,0,,335.84,1,0,1
B031,2026-03-27 21:00:00,2,61402050,0,6.5,306.87,1,1,1
B031,2026-03-27 22:00:00,0,614E1950,0.06144779088,,537.22,1,0,1
B031,2026-03-27 22:00:00,1,614G2040,0.05193511192,,335.84,1,0,1
B031,2026-03-27 22:00:00,2,61402050,0.09012076731,6.54,306.87,1,1,1
B031,2026-03-27 23:00:00,0,614E1950,1.19235565,,537.22,1,0,1
B031,2026-03-27 23:00:00,1,614G2040,1.848726799,,335.85,1,0,1
B031,2026-03-27 23:00:00,2,61402050,1.655021328,6.54,306.87,1,1,1
B031,2026-03-28 00:00:00,0,614E1950,0.01935769944,,537.22,1,0,1
B031,2026-03-28 00:00:00,1,614G2040,0.03410705223,,335.85,1,0,1
B031,2026-03-28 00:00:00,2,61402050,0.05907652345,6.54,306.87,1,1,1
B031,2026-03-28 01:00:00,0,614E1950,0.004361812061,,537.22,1,0,1
B031,2026-03-28 01:00:00,1,614G2040,0.03117677516,,335.84,1,0,1
B031,2026-03-28 01:00:00,2,61402050,0.1172616206,6.54,306.87,1,1,1
B031,2026-03-28 02:00:00,0,614E1950,0.01682037184,,537.22,1,0,1
B031,2026-03-28 02:00:00,1,614G2040,0.0316609933,,335.85,1,0,1
B031,2026-03-28 02:00:00,2,61402050,0.03441217649,6.54,306.87,1,1,1
B031,2026-03-28 03:00:00,0,614E1950,0,,537.22,1,0,1
B031,2026-03-28 03:00:00,1,614G2040,0,,335.85,1,0,1
B031,2026-03-28 03:00:00,2,61402050,0,6.54,306.87,1,1,1
B031,2026-03-28 04:00:00,0,614E1950,0,,537.22,1,0,1
B031,2026-03-28 04:00:00,1,614G2040,0,,335.86,1,0,1
B031,2026-03-28 04:00:00,2,61402050,0,6.54,306.87,1,1,1
B031,2026-03-28 05:00:00,0,614E1950,0.06112736104,,537.22,1,0,1
B031,2026-03-28 05:00:00,1,614G2040,0,,335.85,1,0,1
B031,2026-03-28 05:00:00,2,61402050,0.02024979573,6.54,306.87,1,1,1
B031,2026-03-28 06:00:00,0,614E1950,0,,537.22,1,0,1
B031,2026-03-28 06:00:00,1,614G2040,0,,,1,0,0
B031,2026-03-28 06:00:00,2,61402050,0.06547166974,6.54,306.87,1,1,1
B031,2026-03-28 07:00:00,0,614E1950,0.8568547496,,537.22,1,0,1
B031,2026-03-28 07:00:00,1,614G2040,1.088064703,,335.85,1,0,1
B031,2026-03-28 07:00:00,2,61402050,1.52106204,6.19,306.86,1,1,1
B031,2026-03-28 08:00:00,0,614E1950,0,,537.21,1,0,1
B031,2026-03-28 08:00:00,1,614G2040,0.002883790284,,335.85,1,0,1
B031,2026-03-28 08:00:00,2,61402050,0.03441217649,6.18,306.86,1,1,1
B031,2026-03-28 09:00:00,0,614E1950,0,,537.21,1,0,1
B031,2026-03-28 09:00:00,1,614G2040,0,,335.84,1,0,1
B031,2026-03-28 09:00:00,2,61402050,0,6.18,306.86,1,1,1
B031,2026-03-28 10:00:00,0,614E1950,0,,537.21,1,0,1
B031,2026-03-28 10:00:00,1,614G2040,0,,335.84,1,0,1
B031,2026-03-28 10:00:00,2,61402050,0,6.18,306.86,1,1,1
B031,2026-03-28 11:00:00,0,614E1950,0,,537.21,1,0,1
B031,2026-03-28 11:00:00,1,614G2040,0,,,1,0,0
B031,2026-03-28 11:00:00,2,61402050,0,6.18,306.86,1,1,1
B031,2026-03-28 12:00:00,0,614E1950,0,,537.2,1,0,1
B031,2026-03-28 12:00:00,1,614G2040,0,,335.84,1,0,1
B031,2026-03-28 12:00:00,2,61402050,0,6.18,306.86,1,1,1
B031,2026-03-28 13:00:00,0,614E1950,0,,537.2,1,0,1
B031,2026-03-28 13:00:00,1,614G2040,0,,335.84,1,0,1
B031,2026-03-28 13:00:00,2,61402050,0,6.18,306.86,1,1,1
B031,2026-03-28 14:00:00,0,614E1950,0,,537.2,1,0,1
B031,2026-03-28 14:00:00,1,614G2040,0,,335.84,1,0,1
B031,2026-03-28 14:00:00,2,61402050,0,5.88,306.85,1,1,1
B031,2026-03-28 15:00:00,0,614E1950,0,,537.2,1,0,1
B031,2026-03-28 15:00:00,1,614G2040,0,,,1,0,0
B031,2026-03-28 15:00:00,2,61402050,0,5.88,306.85,1,1,1
B031,2026-03-28 16:00:00,0,614E1950,0,,537.2,1,0,1
B031,2026-03-28 16:00:00,1,614G2040,0,,335.84,1,0,1
B031,2026-03-28 16:00:00,2,61402050,0,5.88,306.85,1,1,1
B031,2026-03-28 17:00:00,0,614E1950,0,,537.2,1,0,1
B031,2026-03-28 17:00:00,1,614G2040,0,,335.85,1,0,1
B031,2026-03-28 17:00:00,2,61402050,0,5.87,306.85,1,1,1
B031,2026-03-28 18:00:00,0,614E1950,0,,537.2,1,0,1
B031,2026-03-28 18:00:00,1,614G2040,0,,335.84,1,0,1
B031,2026-03-28 18:00:00,2,61402050,0,5.87,306.85,1,1,1
B031,2026-03-28 19:00:00,0,614E1950,0,,537.2,1,0,1
B031,2026-03-28 19:00:00,1,614G2040,0,,,1,0,0
B031,2026-03-28 19:00:00,2,61402050,0,5.88,306.85,1,1,1
B031,2026-03-28 20:00:00,0,614E1950,0,,537.19,1,0,1
B031,2026-03-28 20:00:00,1,614G2040,0,,335.85,1,0,1
B031,2026-03-28 20:00:00,2,61402050,0,5.88,306.85,1,1,1
B031,2026-03-28 21:00:00,0,614E1950,0,,537.19,1,0,1
B031,2026-03-28 21:00:00,1,614G2040,0,,335.84,1,0,1
B031,2026-03-28 21:00:00,2,61402050,0,5.88,306.85,1,1,1
B031,2026-03-28 22:00:00,0,614E1950,0,,537.19,1,0,1
B031,2026-03-28 22:00:00,1,614G2040,0,,,1,0,0
B031,2026-03-28 22:00:00,2,61402050,0,5.88,306.85,1,1,1
B031,2026-03-28 23:00:00,0,614E1950,0,,537.19,1,0,1
B031,2026-03-28 23:00:00,1,614G2040,0,,335.84,1,0,1
B031,2026-03-28 23:00:00,2,61402050,0,5.88,306.85,1,1,1
B031,2026-03-29 00:00:00,0,614E1950,0,,537.19,1,0,1
B031,2026-03-29 00:00:00,1,614G2040,0,,,1,0,0
B031,2026-03-29 00:00:00,2,61402050,0,5.88,306.85,1,1,1
B031,2026-03-29 01:00:00,0,614E1950,0,,537.19,1,0,1
B031,2026-03-29 01:00:00,1,614G2040,0,,335.84,1,0,1
B031,2026-03-29 01:00:00,2,61402050,0,5.88,306.85,1,1,1
B031,2026-03-29 02:00:00,0,614E1950,0,,537.19,1,0,1
B031,2026-03-29 02:00:00,1,614G2040,0,,335.84,1,0,1
B031,2026-03-29 02:00:00,2,61402050,0,5.88,306.85,1,1,1
B031,2026-03-29 03:00:00,0,614E1950,0,,537.19,1,0,1
B031,2026-03-29 03:00:00,1,614G2040,0,,335.85,1,0,1
B031,2026-03-29 03:00:00,2,61402050,0,5.87,306.85,1,1,1
B031,2026-03-29 04:00:00,0,614E1950,0,,537.19,1,0,1
B031,2026-03-29 04:00:00,1,614G2040,0,,,1,0,0
B031,2026-03-29 04:00:00,2,61402050,0,5.88,306.85,1,1,1
B031,2026-03-29 05:00:00,0,614E1950,0,,537.18,1,0,1
B031,2026-03-29 05:00:00,1,614G2040,0,,335.85,1,0,1
B031,2026-03-29 05:00:00,2,61402050,0,5.88,306.85,1,1,1
B031,2026-03-29 06:00:00,0,614E1950,0,,537.18,1,0,1
B031,2026-03-29 06:00:00,1,614G2040,0,,,1,0,0
B031,2026-03-29 06:00:00,2,61402050,0,5.88,306.85,1,1,1
B031,2026-03-29 07:00:00,0,614E1950,0.3115978768,,537.18,1,0,1
B031,2026-03-29 07:00:00,1,614G2040,0.364844451,,335.85,1,0,1
B031,2026-03-29 07:00:00,2,61402050,0.1334639858,5.6,306.84,1,1,1
B031,2026-03-29 08:00:00,0,614E1950,0.7768880948,,537.18,1,0,1
B031,2026-03-29 08:00:00,1,614G2040,0.9244012367,,335.84,1,0,1
B031,2026-03-29 08:00:00,2,61402050,0.8205479633,5.88,306.85,1,1,1
B031,2026-03-29 09:00:00,0,614E1950,0.2197619757,,537.18,1,0,1
B031,2026-03-29 09:00:00,1,614G2040,0.004348250455,,335.84,1,0,1
B031,2026-03-29 09:00:00,2,61402050,0.2493316504,5.88,306.85,1,1,1
B031,2026-03-29 10:00:00,0,614E1950,0.5084068712,,537.18,1,0,1
B031,2026-03-29 10:00:00,1,614G2040,0.6324491361,,335.84,1,0,1
B031,2026-03-29 10:00:00,2,61402050,1.199449189,5.88,306.85,1,1,1
B031,2026-03-29 11:00:00,0,614E1950,1.033084204,,537.18,1,0,1
B031,2026-03-29 11:00:00,1,614G2040,1.375982407,,335.85,1,0,1
B031,2026-03-29 11:00:00,2,61402050,1.070926178,5.88,306.85,1,1,1
B031,2026-03-29 12:00:00,0,614E1950,2.278316381,,537.18,1,0,1
B031,2026-03-29 12:00:00,1,614G2040,2.52076078,,335.84,1,0,1
B031,2026-03-29 12:00:00,2,61402050,2.720360161,5.88,306.85,1,1,1
B031,2026-03-29 13:00:00,0,614E1950,0.02449461555,,537.19,1,0,1
B031,2026-03-29 13:00:00,1,614G2040,0.02330733796,,,1,0,0
B031,2026-03-29 13:00:00,2,61402050,0.1723369487,6.18,306.86,1,1,1
B031,2026-03-29 14:00:00,0,614E1950,0,,537.19,1,0,1
B031,2026-03-29 14:00:00,1,614G2040,0,,335.84,1,0,1
B031,2026-03-29 14:00:00,2,61402050,0,5.88,306.85,1,1,1
B031,2026-03-29 15:00:00,0,614E1950,0.03364074367,,537.19,1,0,1
B031,2026-03-29 15:00:00,1,614G2040,0.1541506705,,335.84,1,0,1
B031,2026-03-29 15:00:00,2,61402050,0.05298170676,5.88,306.85,1,1,1
B031,2026-03-29 16:00:00,0,614E1950,0.01682037184,,537.2,1,0,1
B031,2026-03-29 16:00:00,1,614G2040,0.009702891293,,,1,0,0
B031,2026-03-29 16:00:00,2,61402050,0.06882435298,5.88,306.85,1,1,1
B031,2026-03-29 17:00:00,0,614E1950,0.01935769944,,537.19,1,0,1
B031,2026-03-29 17:00:00,1,614G2040,0.06455318639,,335.84,1,0,1
B031,2026-03-29 17:00:00,2,61402050,0.1483108698,5.88,306.85,1,1,1
B031,2026-03-29 18:00:00,0,614E1950,0.1214436263,,537.19,1,0,1
B031,2026-03-29 18:00:00,1,614G2040,0.27728779,,335.84,1,0,1
B031,2026-03-29 18:00:00,2,61402050,0.5949242843,5.88,306.85,1,1,1
B031,2026-03-29 19:00:00,0,614E1950,0.1443537673,,537.19,1,0,1
B031,2026-03-29 19:00:00,1,614G2040,0.3585209361,,335.84,1,0,1
B031,2026-03-29 19:00:00,2,61402050,0.686549563,5.88,306.85,1,1,1
B031,2026-03-29 20:00:00,0,614E1950,0.4887008755,,537.19,1,0,1
B031,2026-03-29 20:00:00,1,614G2040,1.140028617,,335.84,1,0,1
B031,2026-03-29 20:00:00,2,61402050,0.8471451711,5.88,306.85,1,1,1
B031,2026-03-29 21:00:00,0,614E1950,0.04349589342,,537.19,1,0,1
B031,2026-03-29 21:00:00,1,614G2040,0.1054829288,,335.84,1,0,1
B031,2026-03-29 21:00:00,2,61402050,0.1831790035,5.88,306.85,1,1,1
B031,2026-03-29 22:00:00,0,614E1950,0.1408013257,,537.19,1,0,1
B031,2026-03-29 22:00:00,1,614G2040,0.287019649,,335.84,1,0,1
B031,2026-03-29 22:00:00,2,61402050,0.349841461,5.88,306.85,1,1,1
B031,2026-03-29 23:00:00,0,614E1950,0.1259667571,,537.19,1,0,1
B031,2026-03-29 23:00:00,1,614G2040,0.4361230118,,335.85,1,0,1
B031,2026-03-29 23:00:00,2,61402050,0.2641032065,5.88,306.85,1,1,1
B031,2026-03-30 00:00:00,0,614E1950,1.587212303,,537.19,1,0,1
B031,2026-03-30 00:00:00,1,614G2040,1.501808139,,335.84,1,0,1
B031,2026-03-30 00:00:00,2,61402050,1.845971229,5.88,306.85,1,1,1
B031,2026-03-30 01:00:00,0,614E1950,0.2054489581,,537.19,1,0,1
B031,2026-03-30 01:00:00,1,614G2040,0.4148149361,,335.84,1,0,1
B031,2026-03-30 01:00:00,2,61402050,0.1407750265,6.19,306.86,1,1,1
B031,2026-03-30 02:00:00,0,614E1950,4.546440962,,537.19,1,0,1
B031,2026-03-30 02:00:00,1,614G2040,5.604136216,,,1,0,0
B031,2026-03-30 02:00:00,2,61402050,5.321372942,6.19,306.86,1,1,1
B031,2026-03-30 03:00:00,0,614E1950,2.894754036,,537.21,1,0,1
B031,2026-03-30 03:00:00,1,614G2040,3.959090915,,335.85,1,0,1
B031,2026-03-30 03:00:00,2,61402050,3.312577456,6.78,306.88,1,1,1
B031,2026-03-30 04:00:00,0,614E1950,0.09762586216,,537.22,1,0,1
B031,2026-03-30 04:00:00,1,614G2040,0.08681913423,,335.85,1,0,1
B031,2026-03-30 04:00:00,2,61402050,0.3866836722,7.74,306.91,1,1,1
B031,2026-03-30 05:00:00,0,614E1950,0.08012863891,,537.27,1,0,1
B031,2026-03-30 05:00:00,1,614G2040,0.09259217929,,,1,0,0
B031,2026-03-30 05:00:00,2,61402050,0.05687361457,8.1,306.92,1,1,1
B031,2026-03-30 06:00:00,0,614E1950,0.06128867977,,537.3,1,0,1
B031,2026-03-30 06:00:00,1,614G2040,0.02962907377,,335.85,1,0,1
B031,2026-03-30 06:00:00,2,61402050,0.03485788963,9.18,306.95,1,1,1
B031,2026-03-30 07:00:00,0,614E1950,15.44843264,,537.31,1,0,1
B031,2026-03-30 07:00:00,1,614G2040,19.89964501,,335.85,1,0,1
B031,2026-03-30 07:00:00,2,61402050,20.54484054,9.58,306.96,1,1,1
B031,2026-03-30 08:00:00,0,614E1950,0,,537.31,1,0,1
B031,2026-03-30 08:00:00,1,614G2040,0,,335.85,1,0,1
B031,2026-03-30 08:00:00,2,61402050,0,9.58,306.96,1,1,1
B031,2026-03-30 09:00:00,0,614E1950,0,,537.31,1,0,1
B031,2026-03-30 09:00:00,1,614G2040,0,,335.85,1,0,1
B031,2026-03-30 09:00:00,2,61402050,0,9.18,306.95,1,1,1
B031,2026-03-30 10:00:00,0,614E1950,0.02667552158,,537.31,1,0,1
B031,2026-03-30 10:00:00,1,614G2040,0.2000148297,,335.85,1,0,1
B031,2026-03-30 10:00:00,2,61402050,0.1516737971,9.18,306.95,1,1,1
B031,2026-03-30 11:00:00,0,614E1950,0.01838701023,,537.31,1,0,1
B031,2026-03-30 11:00:00,1,614G2040,0.01847217786,,335.85,1,0,1
B031,2026-03-30 11:00:00,2,61402050,0.1399451263,8.82,306.94,1,1,1
B031,2026-03-30 12:00:00,0,614E1950,0,,537.31,1,0,1
B031,2026-03-30 12:00:00,1,614G2040,0.0004129397303,,335.84,1,0,1
B031,2026-03-30 12:00:00,2,61402050,0.0004457131451,8.83,306.94,1,1,1
B031,2026-03-30 13:00:00,0,614E1950,0,,537.31,1,0,1
B031,2026-03-30 13:00:00,1,614G2040,0,,335.84,1,0,1
B031,2026-03-30 13:00:00,2,61402050,0,8.48,306.93,1,1,1
B031,2026-03-30 14:00:00,0,614E1950,0,,537.3,1,0,1
B031,2026-03-30 14:00:00,1,614G2040,0,,335.85,1,0,1
B031,2026-03-30 14:00:00,2,61402050,0,8.46,306.93,1,1,1
B031,2026-03-30 15:00:00,0,614E1950,0,,537.31,1,0,1
B031,2026-03-30 15:00:00,1,614G2040,0,,335.85,1,0,1
B031,2026-03-30 15:00:00,2,61402050,0,8.46,306.93,1,1,1
B031,2026-03-30 16:00:00,0,614E1950,0,,537.31,1,0,1
B031,2026-03-30 16:00:00,1,614G2040,0,,335.85,1,0,1
B031,2026-03-30 16:00:00,2,61402050,0,8.46,306.93,1,1,1
B031,2026-03-30 17:00:00,0,614E1950,0,,537.31,1,0,1
B031,2026-03-30 17:00:00,1,614G2040,0,,335.85,1,0,1
B031,2026-03-30 17:00:00,2,61402050,0,8.1,306.92,1,1,1
B031,2026-03-30 18:00:00,0,614E1950,0,,537.3,1,0,1
B031,2026-03-30 18:00:00,1,614G2040,0,,335.85,1,0,1
B031,2026-03-30 18:00:00,2,61402050,0,8.1,306.92,1,1,1
B031,2026-03-30 19:00:00,0,614E1950,0,,537.3,1,0,1
B031,2026-03-30 19:00:00,1,614G2040,0,,335.85,1,0,1
B031,2026-03-30 19:00:00,2,61402050,0,8.1,306.92,1,1,1
B031,2026-03-30 20:00:00,0,614E1950,0,,537.3,1,0,1
B031,2026-03-30 20:00:00,1,614G2040,0,,,1,0,0
B031,2026-03-30 20:00:00,2,61402050,0,8.1,306.92,1,1,1
B031,2026-03-30 21:00:00,0,614E1950,0,,537.3,1,0,1
B031,2026-03-30 21:00:00,1,614G2040,0,,335.85,1,0,1
B031,2026-03-30 21:00:00,2,61402050,0,7.74,306.91,1,1,1
B031,2026-03-30 22:00:00,0,614E1950,0,,537.29,1,0,1
B031,2026-03-30 22:00:00,1,614G2040,0,,335.85,1,0,1
B031,2026-03-30 22:00:00,2,61402050,0,7.77,306.91,1,1,1
B031,2026-03-30 23:00:00,0,614E1950,0,,537.29,1,0,1
B031,2026-03-30 23:00:00,1,614G2040,0,,335.85,1,0,1
B031,2026-03-30 23:00:00,2,61402050,0,7.77,306.91,1,1,1
B031,2026-03-31 00:00:00,0,614E1950,0,,537.28,1,0,1
B031,2026-03-31 00:00:00,1,614G2040,0,,335.84,1,0,1
B031,2026-03-31 00:00:00,2,61402050,0,7.38,306.9,1,1,1
B031,2026-03-31 01:00:00,0,614E1950,0,,537.28,1,0,1
B031,2026-03-31 01:00:00,1,614G2040,0,,335.85,1,0,1
B031,2026-03-31 01:00:00,2,61402050,0,7.38,306.9,1,1,1
B031,2026-03-31 02:00:00,0,614E1950,2.543296314,,537.28,1,0,1
B031,2026-03-31 02:00:00,1,614G2040,3.213396029,,335.85,1,0,1
B031,2026-03-31 02:00:00,2,61402050,2.076848218,7.38,306.9,1,1,1
B031,2026-03-31 03:00:00,0,614E1950,2.635549734,,537.28,1,0,1
B031,2026-03-31 03:00:00,1,614G2040,3.487757437,,335.85,1,0,1
B031,2026-03-31 03:00:00,2,61402050,3.75364712,7.38,306.9,1,1,1
B031,2026-03-31 04:00:00,0,614E1950,2.93925661,,537.29,1,0,1
B031,2026-03-31 04:00:00,1,614G2040,4.026735287,,335.86,1,0,1
B031,2026-03-31 04:00:00,2,61402050,3.223047758,8.1,306.92,1,1,1
B031,2026-03-31 05:00:00,0,614E1950,4.205143918,,537.31,1,0,1
B031,2026-03-31 05:00:00,1,614G2040,5.495188503,,335.86,1,0,1
B031,2026-03-31 05:00:00,2,61402050,5.306667118,8.46,306.93,1,1,1
B031,2026-03-31 06:00:00,0,614E1950,0.3287331317,,537.34,1,0,1
B031,2026-03-31 06:00:00,1,614G2040,0.4292385064,,,1,0,0
B031,2026-03-31 06:00:00,2,61402050,0.7851498388,10,306.97,1,1,1
B031,2026-03-31 07:00:00,0,614E1950,12.69704224,,537.38,1,0,1
B031,2026-03-31 07:00:00,1,614G2040,16.87121571,,335.86,1,0,1
B031,2026-03-31 07:00:00,2,61402050,15.46781115,10.4,306.98,1,1,1
B031,2026-03-31 08:00:00,0,614E1950,0,,537.41,1,0,1
B031,2026-03-31 08:00:00,1,614G2040,0.02255800546,,335.86,1,0,1
B031,2026-03-31 08:00:00,2,61402050,0,11.6,307.01,1,1,1
B031,2026-03-31 09:00:00,0,614E1950,0,,537.41,1,0,1
B031,2026-03-31 09:00:00,1,614G2040,0,,335.86,1,0,1
B031,2026-03-31 09:00:00,2,61402050,0,11.6,307.01,1,1,1
B031,2026-03-31 10:00:00,0,614E1950,0,,537.41,1,0,1
B031,2026-03-31 10:00:00,1,614G2040,0.0004129397303,,335.86,1,0,1
B031,2026-03-31 10:00:00,2,61402050,0.0004457131451,11.6,307.01,1,1,1
B031,2026-03-31 11:00:00,0,614E1950,0,,537.41,1,0,1
B031,2026-03-31 11:00:00,1,614G2040,0,,335.85,1,0,1
B031,2026-03-31 11:00:00,2,61402050,0,11.1,307,1,1,1
B031,2026-03-31 12:00:00,0,614E1950,0,,537.41,1,0,1
B031,2026-03-31 12:00:00,1,614G2040,0,,335.85,1,0,1
B031,2026-03-31 12:00:00,2,61402050,0,10.7,306.99,1,1,1
B031,2026-03-31 13:00:00,0,614E1950,0,,537.41,1,0,1
B031,2026-03-31 13:00:00,1,614G2040,0,,335.85,1,0,1
B031,2026-03-31 13:00:00,2,61402050,0,10.7,306.99,1,1,1
B031,2026-03-31 14:00:00,0,614E1950,0,,537.41,1,0,1
B031,2026-03-31 14:00:00,1,614G2040,0,,335.85,1,0,1
B031,2026-03-31 14:00:00,2,61402050,0,10.3,306.98,1,1,1
B031,2026-03-31 15:00:00,0,614E1950,0,,537.41,1,0,1
B031,2026-03-31 15:00:00,1,614G2040,0,,335.86,1,0,1
B031,2026-03-31 15:00:00,2,61402050,0,10.3,306.98,1,1,1
B031,2026-03-31 16:00:00,0,614E1950,0,,537.41,1,0,1
B031,2026-03-31 16:00:00,1,614G2040,0,,335.86,1,0,1
B031,2026-03-31 16:00:00,2,61402050,0,10.3,306.98,1,1,1
B031,2026-03-31 17:00:00,0,614E1950,0,,537.41,1,0,1
B031,2026-03-31 17:00:00,1,614G2040,0,,335.86,1,0,1
B031,2026-03-31 17:00:00,2,61402050,0,10.3,306.98,1,1,1
B031,2026-03-31 18:00:00,0,614E1950,0,,537.41,1,0,1
B031,2026-03-31 18:00:00,1,614G2040,0,,335.86,1,0,1
B031,2026-03-31 18:00:00,2,61402050,0,9.91,306.97,1,1,1
B031,2026-03-31 19:00:00,0,614E1950,0,,537.4,1,0,1
B031,2026-03-31 19:00:00,1,614G2040,0,,335.85,1,0,1
B031,2026-03-31 19:00:00,2,61402050,0,9.51,306.96,1,1,1
B031,2026-03-31 20:00:00,0,614E1950,0,,537.4,1,0,1
B031,2026-03-31 20:00:00,1,614G2040,0,,335.85,1,0,1
B031,2026-03-31 20:00:00,2,61402050,0,9.51,306.96,1,1,1
B031,2026-03-31 21:00:00,0,614E1950,0,,537.4,1,0,1
B031,2026-03-31 21:00:00,1,614G2040,0,,335.85,1,0,1
B031,2026-03-31 21:00:00,2,61402050,0,9.11,306.95,1,1,1
B031,2026-03-31 22:00:00,0,614E1950,0,,537.39,1,0,1
B031,2026-03-31 22:00:00,1,614G2040,0,,,1,0,0
B031,2026-03-31 22:00:00,2,61402050,0,9.11,306.95,1,1,1
B031,2026-03-31 23:00:00,0,614E1950,0,,537.39,1,0,1
B031,2026-03-31 23:00:00,1,614G2040,0,,,1,0,0
B031,2026-03-31 23:00:00,2,61402050,0,9.11,306.95,1,1,1
B031,2026-04-01 00:00:00,0,614E1950,0,,537.39,1,0,1
B031,2026-04-01 00:00:00,1,614G2040,0,,335.85,1,0,1
B031,2026-04-01 00:00:00,2,61402050,0,8.75,306.94,1,1,1
B031,2026-04-01 01:00:00,0,614E1950,0,,537.38,1,0,1
B031,2026-04-01 01:00:00,1,614G2040,0,,335.85,1,0,1
B031,2026-04-01 01:00:00,2,61402050,0,8.75,306.94,1,1,1
B031,2026-04-01 02:00:00,0,614E1950,0,,537.38,1,0,1
B031,2026-04-01 02:00:00,1,614G2040,0,,,1,0,0
B031,2026-04-01 02:00:00,2,61402050,0,8.75,306.94,1,1,1
B031,2026-04-01 03:00:00,0,614E1950,0.02231370952,,537.37,1,0,1
B031,2026-04-01 03:00:00,1,614G2040,0,,335.86,1,0,1
B031,2026-04-01 03:00:00,2,61402050,0,8.39,306.93,1,1,1
B031,2026-04-01 04:00:00,0,614E1950,0,,537.37,1,0,1
B031,2026-04-01 04:00:00,1,614G2040,0,,,1,0,0
B031,2026-04-01 04:00:00,2,61402050,0,8.39,306.93,1,1,1
B031,2026-04-01 05:00:00,0,614E1950,0,,537.36,1,0,1
B031,2026-04-01 05:00:00,1,614G2040,0,,335.86,1,0,1
B031,2026-04-01 05:00:00,2,61402050,0,8.39,306.93,1,1,1
B031,2026-04-01 06:00:00,0,614E1950,0,,537.36,1,0,1
B031,2026-04-01 06:00:00,1,614G2040,0,,335.86,1,0,1
B031,2026-04-01 06:00:00,2,61402050,0,8.39,306.93,1,1,1
B031,2026-04-01 07:00:00,0,614E1950,0.02231370952,,537.35,1,0,1
B031,2026-04-01 07:00:00,1,614G2040,0.02297094519,,,1,0,0
B031,2026-04-01 07:00:00,2,61402050,0.0004457131451,8.03,306.92,1,1,1
B031,2026-04-01 08:00:00,0,614E1950,0,,537.35,1,0,1
B031,2026-04-01 08:00:00,1,614G2040,0,,335.85,1,0,1
B031,2026-04-01 08:00:00,2,61402050,0,8.12,306.92,1,1,1
B031,2026-04-01 09:00:00,0,614E1950,0,,537.35,1,0,1
B031,2026-04-01 09:00:00,1,614G2040,0.1433962588,,335.85,1,0,1
B031,2026-04-01 09:00:00,2,61402050,0,8.12,306.92,1,1,1
B031,2026-04-01 10:00:00,0,614E1950,0,,537.34,1,0,1
B031,2026-04-01 10:00:00,1,614G2040,0,,335.85,1,0,1
B031,2026-04-01 10:00:00,2,61402050,0,8.12,306.92,1,1,1
B031,2026-04-01 11:00:00,0,614E1950,0,,537.34,1,0,1
B031,2026-04-01 11:00:00,1,614G2040,0,,,1,0,0
B031,2026-04-01 11:00:00,2,61402050,0,8.12,306.92,1,1,1
B031,2026-04-01 12:00:00,0,614E1950,0,,537.33,1,0,1
B031,2026-04-01 12:00:00,1,614G2040,0,,,1,0,0
B031,2026-04-01 12:00:00,2,61402050,0,8.12,306.92,1,1,1
B031,2026-04-01 13:00:00,0,614E1950,0,,537.33,1,0,1
B031,2026-04-01 13:00:00,1,614G2040,0.002883790284,,335.85,1,0,1
B031,2026-04-01 13:00:00,2,61402050,0.03441217649,7.76,306.91,1,1,1
B031,2026-04-01 14:00:00,0,614E1950,0,,537.33,1,0,1
B031,2026-04-01 14:00:00,1,614G2040,0,,335.84,1,0,1
B031,2026-04-01 14:00:00,2,61402050,0,7.76,306.91,1,1,1
B031,2026-04-01 15:00:00,0,614E1950,0.06112736104,,537.32,1,0,1
B031,2026-04-01 15:00:00,1,614G2040,0,,335.85,1,0,1
B031,2026-04-01 15:00:00,2,61402050,0.00168026546,7.76,306.91,1,1,1
B031,2026-04-01 16:00:00,0,614E1950,0,,537.31,1,0,1
B031,2026-04-01 16:00:00,1,614G2040,0,,335.85,1,0,1
B031,2026-04-01 16:00:00,2,61402050,0,7.4,306.9,1,1,1
B031,2026-04-01 17:00:00,0,614E1950,0,,537.31,1,0,1
B031,2026-04-01 17:00:00,1,614G2040,0,,335.85,1,0,1
B031,2026-04-01 17:00:00,2,61402050,0,7.4,306.9,1,1,1
B031,2026-04-01 18:00:00,0,614E1950,0,,537.31,1,0,1
B031,2026-04-01 18:00:00,1,614G2040,0,,335.85,1,0,1
B031,2026-04-01 18:00:00,2,61402050,0,7.4,306.9,1,1,1
B031,2026-04-01 19:00:00,0,614E1950,0,,537.3,1,0,1
B031,2026-04-01 19:00:00,1,614G2040,0,,,1,0,0
B031,2026-04-01 19:00:00,2,61402050,0,7.42,306.9,1,1,1
B031,2026-04-01 20:00:00,0,614E1950,0,,537.3,1,0,1
B031,2026-04-01 20:00:00,1,614G2040,0,,,1,0,0
B031,2026-04-01 20:00:00,2,61402050,0,7.42,306.9,1,1,1
B031,2026-04-01 21:00:00,0,614E1950,0,,537.3,1,0,1
B031,2026-04-01 21:00:00,1,614G2040,0,,335.85,1,0,1
B031,2026-04-01 21:00:00,2,61402050,0,7.4,306.9,1,1,1
B031,2026-04-01 22:00:00,0,614E1950,0,,537.29,1,0,1
B031,2026-04-01 22:00:00,1,614G2040,0,,335.85,1,0,1
B031,2026-04-01 22:00:00,2,61402050,0,7.4,306.9,1,1,1
B031,2026-04-01 23:00:00,0,614E1950,0,,537.29,1,0,1
B031,2026-04-01 23:00:00,1,614G2040,0,,335.85,1,0,1
B031,2026-04-01 23:00:00,2,61402050,0,7.1,306.89,1,1,1
B031,2026-04-02 00:00:00,0,614E1950,0,,537.28,1,0,1
B031,2026-04-02 00:00:00,1,614G2040,0,,335.85,1,0,1
B031,2026-04-02 00:00:00,2,61402050,0,7.1,306.89,1,1,1
B031,2026-04-02 01:00:00,0,614E1950,0,,537.28,1,0,1
B031,2026-04-02 01:00:00,1,614G2040,0,,,1,0,0
B031,2026-04-02 01:00:00,2,61402050,0,7.1,306.89,1,1,1
B031,2026-04-02 02:00:00,0,614E1950,0,,537.27,1,0,1
B031,2026-04-02 02:00:00,1,614G2040,0,,,1,0,0
B031,2026-04-02 02:00:00,2,61402050,0,7.1,306.89,1,1,1
B031,2026-04-02 03:00:00,0,614E1950,0.03399716525,,537.27,1,0,1
B031,2026-04-02 03:00:00,1,614G2040,0.02204103564,,335.85,1,0,1
B031,2026-04-02 03:00:00,2,61402050,0,6.8,306.88,1,1,1
B031,2026-04-02 04:00:00,0,614E1950,0,,537.27,1,0,1
B031,2026-04-02 04:00:00,1,614G2040,0.02255800546,,,1,0,0
B031,2026-04-02 04:00:00,2,61402050,0,6.8,306.88,1,1,1
B031,2026-04-02 05:00:00,0,614E1950,0,,537.27,1,0,1
B031,2026-04-02 05:00:00,1,614G2040,0,,,1,0,0
B031,2026-04-02 05:00:00,2,61402050,0,6.8,306.88,1,1,1
B031,2026-04-02 06:00:00,0,614E1950,0.5139765023,,537.27,1,0,1
B031,2026-04-02 06:00:00,1,614G2040,0.4539123406,,335.85,1,0,1
B031,2026-04-02 06:00:00,2,61402050,0.2561614713,6.8,306.88,1,1,1
B031,2026-04-02 07:00:00,0,614E1950,0.5269705237,,537.26,1,0,1
B031,2026-04-02 07:00:00,1,614G2040,0.5820825326,,335.85,1,0,1
B031,2026-04-02 07:00:00,2,61402050,0.5723304797,6.79,306.88,1,1,1
B031,2026-04-02 08:00:00,0,614E1950,0.4842422133,,537.26,1,0,1
B031,2026-04-02 08:00:00,1,614G2040,0.5393477597,,335.85,1,0,1
B031,2026-04-02 08:00:00,2,61402050,0.2263655433,6.79,306.88,1,1,1
B031,2026-04-02 09:00:00,0,614E1950,0.7779374752,,537.25,1,0,1
B031,2026-04-02 09:00:00,1,614G2040,1.192414819,,335.85,1,0,1
B031,2026-04-02 09:00:00,2,61402050,1.465567544,6.49,306.87,1,1,1
B031,2026-04-02 10:00:00,0,614E1950,0.4486926323,,537.25,1,0,1
B031,2026-04-02 10:00:00,1,614G2040,0.7613865951,,335.85,1,0,1
B031,2026-04-02 10:00:00,2,61402050,0.7240620308,6.79,306.88,1,1,1
B031,2026-04-02 11:00:00,0,614E1950,0.215463219,,537.25,1,0,1
B031,2026-04-02 11:00:00,1,614G2040,0.3613636742,,,1,0,0
B031,2026-04-02 11:00:00,2,61402050,0.3962058851,6.79,306.88,1,1,1
