GRAPH_ID,TIMESTAMP,NODE_INDEX,STATION_ID,RAIN_MM,FLOW,WATER_LEVEL,RAIN_MASK,FLOW_MASK,WATER_LEVEL_MASK
B026,2023-03-21 00:00:00,0,613H2228,0,,,1,0,0
B026,2023-03-21 00:00:00,1,613E2680,0.03571055568,29.4,101.48,1,1,1
B026,2023-03-21 01:00:00,0,613H2228,0,,,1,0,0
B026,2023-03-21 01:00:00,1,613E2680,0.05185994824,29.4,101.48,1,1,1
B026,2023-03-21 02:00:00,0,613H2228,0.0970881848,,,1,0,0
B026,2023-03-21 02:00:00,1,613E2680,0.1317676237,29.4,101.48,1,1,1
B026,2023-03-21 03:00:00,0,613H2228,0.3160680515,,,1,0,0
B026,2023-03-21 03:00:00,1,613E2680,0.2442799821,29.4,101.48,1,1,1
B026,2023-03-21 04:00:00,0,613H2228,0.0132485568,,,1,0,0
B026,2023-03-21 04:00:00,1,613E2680,0,29.4,101.48,1,1,1
B026,2023-03-21 05:00:00,0,613H2228,0,,,1,0,0
B026,2023-03-21 05:00:00,1,613E2680,0,29.4,101.48,1,1,1
B026,2023-03-21 06:00:00,0,613H2228,0,,,1,0,0
B026,2023-03-21 06:00:00,1,613E2680,0.008132601666,29.4,101.48,1,1,1
B026,2023-03-21 07:00:00,0,613H2228,0.7165719715,,,1,0,0
B026,2023-03-21 07:00:00,1,613E2680,0.6435975112,29.4,101.48,1,1,1
B026,2023-03-21 08:00:00,0,613H2228,0.02590087316,,,1,0,0
B026,2023-03-21 08:00:00,1,613E2680,0,29.4,101.48,1,1,1
B026,2023-03-21 09:00:00,0,613H2228,0,,,1,0,0
B026,2023-03-21 09:00:00,1,613E2680,0.06223382466,29.4,101.48,1,1,1
B026,2023-03-21 10:00:00,0,613H2228,0.02590087316,,,1,0,0
B026,2023-03-21 10:00:00,1,613E2680,0.04810502736,29.4,101.48,1,1,1
B026,2023-03-21 11:00:00,0,613H2228,0,,,1,0,0
B026,2023-03-21 11:00:00,1,613E2680,0,29.4,101.48,1,1,1
B026,2023-03-21 12:00:00,0,613H2228,0,,,1,0,0
B026,2023-03-21 12:00:00,1,613E2680,0,29.4,101.48,1,1,1
B026,2023-03-21 13:00:00,0,613H2228,0,,,1,0,0
B026,2023-03-21 13:00:00,1,613E2680,0,29.4,101.48,1,1,1
B026,2023-03-21 14:00:00,0,613H2228,0,,,1,0,0
B026,2023-03-21 14:00:00,1,613E2680,0,29.4,101.48,1,1,1
B026,2023-03-21 15:00:00,0,613H2228,0,,,1,0,0
B026,2023-03-21 15:00:00,1,613E2680,0,29.4,101.48,1,1,1
B026,2023-03-21 16:00:00,0,613H2228,0,,,1,0,0
B026,2023-03-21 16:00:00,1,613E2680,0,28.4,101.47,1,1,1
B026,2023-03-21 17:00:00,0,613H2228,0,,,1,0,0
B026,2023-03-21 17:00:00,1,613E2680,0,28.4,101.47,1,1,1
B026,2023-03-21 18:00:00,0,613H2228,0,,,1,0,0
B026,2023-03-21 18:00:00,1,613E2680,0.009075906897,28.4,101.47,1,1,1
B026,2023-03-21 19:00:00,0,613H2228,0,,,1,0,0
B026,2023-03-21 19:00:00,1,613E2680,0,28.4,101.47,1,1,1
B026,2023-03-21 20:00:00,0,613H2228,0,,,1,0,0
B026,2023-03-21 20:00:00,1,613E2680,0,28.4,101.47,1,1,1
B026,2023-03-21 21:00:00,0,613H2228,0.2446365138,,,1,0,0
B026,2023-03-21 21:00:00,1,613E2680,0.7368829218,28.4,101.47,1,1,1
B026,2023-03-21 22:00:00,0,613H2228,4.638073958,,,1,0,0
B026,2023-03-21 22:00:00,1,613E2680,1.366866341,28.4,101.47,1,1,1
B026,2023-03-21 23:00:00,0,613H2228,1.67679256,,,1,0,0
B026,2023-03-21 23:00:00,1,613E2680,0.09404349889,28.4,101.47,1,1,1
B026,2023-03-22 00:00:00,0,613H2228,0.02590087316,,,1,0,0
B026,2023-03-22 00:00:00,1,613E2680,0.008533439014,28.4,101.47,1,1,1
B026,2023-03-22 01:00:00,0,613H2228,0,,,1,0,0
B026,2023-03-22 01:00:00,1,613E2680,0,28.4,101.47,1,1,1
B026,2023-03-22 02:00:00,0,613H2228,0,,,1,0,0
B026,2023-03-22 02:00:00,1,613E2680,0,28.4,101.47,1,1,1
B026,2023-03-22 03:00:00,0,613H2228,0.1093678203,,,1,0,0
B026,2023-03-22 03:00:00,1,613E2680,0.3285957353,28.4,101.47,1,1,1
B026,2023-03-22 04:00:00,0,613H2228,0.6322645578,,,1,0,0
B026,2023-03-22 04:00:00,1,613E2680,0.2245992138,28.4,101.47,1,1,1
B026,2023-03-22 05:00:00,0,613H2228,1.010583937,,,1,0,0
B026,2023-03-22 05:00:00,1,613E2680,1.109480518,28.4,101.47,1,1,1
B026,2023-03-22 06:00:00,0,613H2228,0.7412596972,,,1,0,0
B026,2023-03-22 06:00:00,1,613E2680,1.065750893,28.4,101.47,1,1,1
B026,2023-03-22 07:00:00,0,613H2228,3.44839444,,,1,0,0
B026,2023-03-22 07:00:00,1,613E2680,1.447774876,28.4,101.47,1,1,1
B026,2023-03-22 08:00:00,0,613H2228,2.132628189,,,1,0,0
B026,2023-03-22 08:00:00,1,613E2680,1.891630571,28.4,101.47,1,1,1
B026,2023-03-22 09:00:00,0,613H2228,1.615223148,,,1,0,0
B026,2023-03-22 09:00:00,1,613E2680,0.1059799079,28.4,101.47,1,1,1
B026,2023-03-22 10:00:00,0,613H2228,0,,,1,0,0
B026,2023-03-22 10:00:00,1,613E2680,0.003147335617,28.4,101.47,1,1,1
B026,2023-03-22 11:00:00,0,613H2228,0,,,1,0,0
B026,2023-03-22 11:00:00,1,613E2680,0,28.4,101.47,1,1,1
B026,2023-03-22 12:00:00,0,613H2228,0,,,1,0,0
B026,2023-03-22 12:00:00,1,613E2680,0,30.4,101.49,1,1,1
B026,2023-03-22 13:00:00,0,613H2228,0,,,1,0,0
B026,2023-03-22 13:00:00,1,613E2680,0,31.5,101.5,1,1,1
B026,2023-03-22 14:00:00,0,613H2228,0,,,1,0,0
B026,2023-03-22 14:00:00,1,613E2680,0,33.8,101.52,1,1,1
B026,2023-03-22 15:00:00,0,613H2228,0,,,1,0,0
B026,2023-03-22 15:00:00,1,613E2680,0,34.9,101.53,1,1,1
B026,2023-03-22 16:00:00,0,613H2228,0,,,1,0,0
B026,2023-03-22 16:00:00,1,613E2680,0,36,101.54,1,1,1
B026,2023-03-22 17:00:00,0,613H2228,0,,,1,0,0
B026,2023-03-22 17:00:00,1,613E2680,0,36,101.54,1,1,1
B026,2023-03-22 18:00:00,0,613H2228,0,,,1,0,0
B026,2023-03-22 18:00:00,1,613E2680,0,36,101.54,1,1,1
B026,2023-03-22 19:00:00,0,613H2228,0,,,1,0,0
B026,2023-03-22 19:00:00,1,613E2680,0,36,101.54,1,1,1
B026,2023-03-22 20:00:00,0,613H2228,0,,,1,0,0
B026,2023-03-22 20:00:00,1,613E2680,0,37.2,101.55,1,1,1
B026,2023-03-22 21:00:00,0,613H2228,0,,,1,0,0
B026,2023-03-22 21:00:00,1,613E2680,0,37.2,101.55,1,1,1
B026,2023-03-22 22:00:00,0,613H2228,0,,,1,0,0
B026,2023-03-22 22:00:00,1,613E2680,0,38.3,101.56,1,1,1
B026,2023-03-22 23:00:00,0,613H2228,0,,,1,0,0
B026,2023-03-22 23:00:00,1,613E2680,0,38.3,101.56,1,1,1
B026,2023-03-23 00:00:00,0,613H2228,0,,,1,0,0
B026,2023-03-23 00:00:00,1,613E2680,0.1027782623,38.3,101.56,1,1,1
B026,2023-03-23 01:00:00,0,613H2228,2.533355669,,,1,0,0
B026,2023-03-23 01:00:00,1,613E2680,1.656232731,38.3,101.56,1,1,1
B026,2023-03-23 02:00:00,0,613H2228,3.922599017,,,1,0,0
B026,2023-03-23 02:00:00,1,613E2680,2.859774783,37.2,101.55,1,1,1
B026,2023-03-23 03:00:00,0,613H2228,0.9424191604,,,1,0,0
B026,2023-03-23 03:00:00,1,613E2680,0.6526547704,38.3,101.56,1,1,1
B026,2023-03-23 04:00:00,0,613H2228,0.9475872476,,,1,0,0
B026,2023-03-23 04:00:00,1,613E2680,1.025277332,38.3,101.56,1,1,1
B026,2023-03-23 05:00:00,0,613H2228,1.961173437,,,1,0,0
B026,2023-03-23 05:00:00,1,613E2680,0.9509393013,39.4,101.57,1,1,1
B026,2023-03-23 06:00:00,0,613H2228,0.354004334,,,1,0,0
B026,2023-03-23 06:00:00,1,613E2680,0.6317250933,41.7,101.59,1,1,1
B026,2023-03-23 07:00:00,0,613H2228,5.920835651,,,1,0,0
B026,2023-03-23 07:00:00,1,613E2680,6.387596169,44,101.61,1,1,1
B026,2023-03-23 08:00:00,0,613H2228,0.5227682828,,,1,0,0
B026,2023-03-23 08:00:00,1,613E2680,0.0581759593,46.4,101.63,1,1,1
B026,2023-03-23 09:00:00,0,613H2228,2.470125961,,,1,0,0
B026,2023-03-23 09:00:00,1,613E2680,0.2330334005,,,1,0,0
B026,2023-03-23 10:00:00,0,613H2228,0.5484249298,,,1,0,0
B026,2023-03-23 10:00:00,1,613E2680,0.1113457502,49.9,101.66,1,1,1
B026,2023-03-23 11:00:00,0,613H2228,0,,,1,0,0
B026,2023-03-23 11:00:00,1,613E2680,0.03957164276,52.3,101.68,1,1,1
B026,2023-03-23 12:00:00,0,613H2228,0.4727504928,,,1,0,0
B026,2023-03-23 12:00:00,1,613E2680,0.1121153387,53.5,101.69,1,1,1
B026,2023-03-23 13:00:00,0,613H2228,0.03611452925,,,1,0,0
B026,2023-03-23 13:00:00,1,613E2680,0.003147335617,55.9,101.71,1,1,1
B026,2023-03-23 14:00:00,0,613H2228,0.0620154024,,,1,0,0
B026,2023-03-23 14:00:00,1,613E2680,0.04770424443,58.4,101.73,1,1,1
B026,2023-03-23 15:00:00,0,613H2228,0.2450091946,,,1,0,0
B026,2023-03-23 15:00:00,1,613E2680,0.1056629146,62.1,101.76,1,1,1
B026,2023-03-23 16:00:00,0,613H2228,0.02590087316,,,1,0,0
B026,2023-03-23 16:00:00,1,613E2680,0.05623768344,65.8,101.79,1,1,1
B026,2023-03-23 17:00:00,0,613H2228,0.2191083215,,,1,0,0
B026,2023-03-23 17:00:00,1,613E2680,0.07291240423,65.8,101.79,1,1,1
B026,2023-03-23 18:00:00,0,613H2228,0.1097405012,,,1,0,0
B026,2023-03-23 18:00:00,1,613E2680,0.09244839341,65.8,101.79,1,1,1
B026,2023-03-23 19:00:00,0,613H2228,0.5325285152,,,1,0,0
B026,2023-03-23 19:00:00,1,613E2680,0.04939540812,65.8,101.79,1,1,1
B026,2023-03-23 20:00:00,0,613H2228,0.5484249298,,,1,0,0
B026,2023-03-23 20:00:00,1,613E2680,0.2399843264,64.5,101.78,1,1,1
B026,2023-03-23 21:00:00,0,613H2228,0.2709100678,,,1,0,0
B026,2023-03-23 21:00:00,1,613E2680,0.1206166487,63.3,101.77,1,1,1
B026,2023-03-23 22:00:00,0,613H2228,0.3264276767,,,1,0,0
B026,2023-03-23 22:00:00,1,613E2680,0.08923156386,62.1,101.76,1,1,1
B026,2023-03-23 23:00:00,0,613H2228,0.2333986251,,,1,0,0
B026,2023-03-23 23:00:00,1,613E2680,0.1499143306,60.9,101.75,1,1,1
B026,2023-03-24 00:00:00,0,613H2228,0.3533527824,,,1,0,0
B026,2023-03-24 00:00:00,1,613E2680,0.1701878705,59.6,101.74,1,1,1
B026,2023-03-24 01:00:00,0,613H2228,0.4602147353,,,1,0,0
B026,2023-03-24 01:00:00,1,613E2680,1.361152541,59.6,101.74,1,1,1
B026,2023-03-24 02:00:00,0,613H2228,3.535255679,,,1,0,0
B026,2023-03-24 02:00:00,1,613E2680,1.262597469,58.4,101.73,1,1,1
B026,2023-03-24 03:00:00,0,613H2228,0.5412636887,,,1,0,0
B026,2023-03-24 03:00:00,1,613E2680,0.2798828414,58.4,101.73,1,1,1
B026,2023-03-24 04:00:00,0,613H2228,1.019195638,,,1,0,0
B026,2023-03-24 04:00:00,1,613E2680,0.156401954,57.2,101.72,1,1,1
B026,2023-03-24 05:00:00,0,613H2228,0.1819695597,,,1,0,0
B026,2023-03-24 05:00:00,1,613E2680,0.01283477661,57.2,101.72,1,1,1
B026,2023-03-24 06:00:00,0,613H2228,0.2105326527,,,1,0,0
B026,2023-03-24 06:00:00,1,613E2680,0.09696783507,57.2,101.72,1,1,1
B026,2023-03-24 07:00:00,0,613H2228,6.381720535,,,1,0,0
B026,2023-03-24 07:00:00,1,613E2680,4.705160552,57.2,101.72,1,1,1
B026,2023-03-24 08:00:00,0,613H2228,0.2687156336,,,1,0,0
B026,2023-03-24 08:00:00,1,613E2680,0.09823425687,57.2,101.72,1,1,1
B026,2023-03-24 09:00:00,0,613H2228,0.1352686935,,,1,0,0
B026,2023-03-24 09:00:00,1,613E2680,0.04197655792,57.2,101.72,1,1,1
B026,2023-03-24 10:00:00,0,613H2228,0.02590087316,,,1,0,0
B026,2023-03-24 10:00:00,1,613E2680,0,55.9,101.71,1,1,1
B026,2023-03-24 11:00:00,0,613H2228,0.1199541573,,,1,0,0
B026,2023-03-24 11:00:00,1,613E2680,0.004706605914,54.7,101.7,1,1,1
B026,2023-03-24 12:00:00,0,613H2228,0,,,1,0,0
B026,2023-03-24 12:00:00,1,613E2680,0,53.5,101.69,1,1,1
B026,2023-03-24 13:00:00,0,613H2228,0,,,1,0,0
B026,2023-03-24 13:00:00,1,613E2680,0.008132601666,52.3,101.68,1,1,1
B026,2023-03-24 14:00:00,0,613H2228,0,,,1,0,0
B026,2023-03-24 14:00:00,1,613E2680,0,52.3,101.68,1,1,1
B026,2023-03-24 15:00:00,0,613H2228,0.02590087316,,,1,0,0
B026,2023-03-24 15:00:00,1,613E2680,0,52.3,101.68,1,1,1
B026,2023-03-24 16:00:00,0,613H2228,0,,,1,0,0
B026,2023-03-24 16:00:00,1,613E2680,0,52.3,101.68,1,1,1
B026,2023-03-24 17:00:00,0,613H2228,0,,,1,0,0
B026,2023-03-24 17:00:00,1,613E2680,4.43096901e-06,51.1,101.67,1,1,1
B026,2023-03-24 18:00:00,0,613H2228,0,,,1,0,0
B026,2023-03-24 18:00:00,1,613E2680,0,49.9,101.66,1,1,1
B026,2023-03-24 19:00:00,0,613H2228,0,,,1,0,0
B026,2023-03-24 19:00:00,1,613E2680,0,48.8,101.65,1,1,1
B026,2023-03-24 20:00:00,0,613H2228,0,,,1,0,0
B026,2023-03-24 20:00:00,1,613E2680,0,47.6,101.64,1,1,1
B026,2023-03-24 21:00:00,0,613H2228,0,,,1,0,0
B026,2023-03-24 21:00:00,1,613E2680,0,47.6,101.64,1,1,1
B026,2023-03-24 22:00:00,0,613H2228,0,,,1,0,0
B026,2023-03-24 22:00:00,1,613E2680,0,47.6,101.64,1,1,1
B026,2023-03-24 23:00:00,0,613H2228,0,,,1,0,0
B026,2023-03-24 23:00:00,1,613E2680,0,46.4,101.63,1,1,1
B026,2023-03-25 00:00:00,0,613H2228,0,,,1,0,0
B026,2023-03-25 00:00:00,1,613E2680,0,45.2,101.62,1,1,1
B026,2023-03-25 01:00:00,0,613H2228,0,,,1,0,0
B026,2023-03-25 01:00:00,1,613E2680,0,44,101.61,1,1,1
B026,2023-03-25 02:00:00,0,613H2228,0,,,1,0,0
B026,2023-03-25 02:00:00,1,613E2680,0.0004303405251,42.8,101.6,1,1,1
B026,2023-03-25 03:00:00,0,613H2228,0,,,1,0,0
B026,2023-03-25 03:00:00,1,613E2680,0,41.7,101.59,1,1,1
B026,2023-03-25 04:00:00,0,613H2228,0,,,1,0,0
B026,2023-03-25 04:00:00,1,613E2680,0,41.7,101.59,1,1,1
B026,2023-03-25 05:00:00,0,613H2228,0.2552228507,,,1,0,0
B026,2023-03-25 05:00:00,1,613E2680,0.04668316383,41.7,101.59,1,1,1
B026,2023-03-25 06:00:00,0,613H2228,0.0132485568,,,1,0,0
B026,2023-03-25 06:00:00,1,613E2680,0.1535842868,40.5,101.58,1,1,1
B026,2023-03-25 07:00:00,0,613H2228,0.8442116382,,,1,0,0
B026,2023-03-25 07:00:00,1,613E2680,0.3537389515,39.4,101.57,1,1,1
B026,2023-03-25 08:00:00,0,613H2228,0.1807993581,,,1,0,0
B026,2023-03-25 08:00:00,1,613E2680,0.1389878193,37.2,101.55,1,1,1
B026,2023-03-25 09:00:00,0,613H2228,0.03611452925,,,1,0,0
B026,2023-03-25 09:00:00,1,613E2680,4.43096901e-06,36,101.54,1,1,1
B026,2023-03-25 10:00:00,0,613H2228,0,,,1,0,0
B026,2023-03-25 10:00:00,1,613E2680,0.07568303579,34.9,101.53,1,1,1
B026,2023-03-25 11:00:00,0,613H2228,0.02590087316,,,1,0,0
B026,2023-03-25 11:00:00,1,613E2680,0,33.8,101.52,1,1,1
B026,2023-03-25 12:00:00,0,613H2228,0,,,1,0,0
B026,2023-03-25 12:00:00,1,613E2680,0,33.8,101.52,1,1,1
B026,2023-03-25 13:00:00,0,613H2228,0,,,1,0,0
B026,2023-03-25 13:00:00,1,613E2680,0,32.6,101.51,1,1,1
B026,2023-03-25 14:00:00,0,613H2228,0,,,1,0,0
B026,2023-03-25 14:00:00,1,613E2680,0,32.6,101.51,1,1,1
B026,2023-03-25 15:00:00,0,613H2228,0,,,1,0,0
B026,2023-03-25 15:00:00,1,613E2680,0,31.5,101.5,1,1,1
B026,2023-03-25 16:00:00,0,613H2228,0,,,1,0,0
B026,2023-03-25 16:00:00,1,613E2680,0,31.5,101.5,1,1,1
B026,2023-03-25 17:00:00,0,613H2228,0,,,1,0,0
B026,2023-03-25 17:00:00,1,613E2680,0,30.4,101.49,1,1,1
B026,2023-03-25 18:00:00,0,613H2228,0,,,1,0,0
B026,2023-03-25 18:00:00,1,613E2680,0,30.4,101.49,1,1,1
B026,2023-03-25 19:00:00,0,613H2228,0,,,1,0,0
B026,2023-03-25 19:00:00,1,613E2680,0,30.4,101.49,1,1,1
B026,2023-03-25 20:00:00,0,613H2228,0,,,1,0,0
B026,2023-03-25 20:00:00,1,613E2680,0,30.4,101.49,1,1,1
B026,2023-03-25 21:00:00,0,613H2228,0,,,1,0,0
B026,2023-03-25 21:00:00,1,613E2680,0,30.4,101.49,1,1,1
B026,2023-03-25 22:00:00,0,613H2228,0,,,1,0,0
B026,2023-03-25 22:00:00,1,613E2680,0,30.4,101.49,1,1,1
B026,2023-03-25 23:00:00,0,613H2228,0,,,1,0,0
B026,2023-03-25 23:00:00,1,613E2680,0,30.4,101.49,1,1,1
B026,2023-03-26 00:00:00,0,613H2228,0,,,1,0,0
B026,2023-03-26 00:00:00,1,613E2680,0,30.4,101.49,1,1,1
B026,2023-03-26 01:00:00,0,613H2228,0,,,1,0,0
B026,2023-03-26 01:00:00,1,613E2680,0,30.4,101.49,1,1,1
B026,2023-03-26 02:00:00,0,613H2228,0,,,1,0,0
B026,2023-03-26 02:00:00,1,613E2680,0,30.4,101.49,1,1,1
B026,2023-03-26 03:00:00,0,613H2228,0,,,1,0,0
B026,2023-03-26 03:00:00,1,613E2680,0,30.4,101.49,1,1,1
B026,2023-03-26 04:00:00,0,613H2228,0,,,1,0,0
B026,2023-03-26 04:00:00,1,613E2680,0,30.4,101.49,1,1,1
B026,2023-03-26 05:00:00,0,613H2228,0,,,1,0,0
B026,2023-03-26 05:00:00,1,613E2680,0,29.4,101.48,1,1,1
B026,2023-03-26 06:00:00,0,613H2228,0,,,1,0,0
B026,2023-03-26 06:00:00,1,613E2680,0,29.4,101.48,1,1,1
B026,2023-03-26 07:00:00,0,613H2228,0.2428147605,,,1,0,0
B026,2023-03-26 07:00:00,1,613E2680,0.2146708551,29.4,101.48,1,1,1
B026,2023-03-26 08:00:00,0,613H2228,0,,,1,0,0
B026,2023-03-26 08:00:00,1,613E2680,0,29.4,101.48,1,1,1
B026,2023-03-26 09:00:00,0,613H2228,0,,,1,0,0
B026,2023-03-26 09:00:00,1,613E2680,0,29.4,101.48,1,1,1
B026,2023-03-26 10:00:00,0,613H2228,0,,,1,0,0
B026,2023-03-26 10:00:00,1,613E2680,0,29.4,101.48,1,1,1
B026,2023-03-26 11:00:00,0,613H2228,0,,,1,0,0
B026,2023-03-26 11:00:00,1,613E2680,0,29.4,101.48,1,1,1
B026,2023-03-26 12:00:00,0,613H2228,0,,,1,0,0
B026,2023-03-26 12:00:00,1,613E2680,0,29.4,101.48,1,1,1
B026,2023-03-26 13:00:00,0,613H2228,0,,,1,0,0
B026,2023-03-26 13:00:00,1,613E2680,0,29.4,101.48,1,1,1
B026,2023-03-26 14:00:00,0,613H2228,0,,,1,0,0
B026,2023-03-26 14:00:00,1,613E2680,0.03465587065,29.4,101.48,1,1,1
B026,2023-03-26 15:00:00,0,613H2228,0,,,1,0,0
B026,2023-03-26 15:00:00,1,613E2680,0,29.4,101.48,1,1,1
B026,2023-03-26 16:00:00,0,613H2228,0,,,1,0,0
B026,2023-03-26 16:00:00,1,613E2680,0,29.4,101.48,1,1,1
B026,2023-03-26 17:00:00,0,613H2228,0,,,1,0,0
B026,2023-03-26 17:00:00,1,613E2680,0,29.4,101.48,1,1,1
B026,2023-03-26 18:00:00,0,613H2228,0,,,1,0,0
B026,2023-03-26 18:00:00,1,613E2680,0,29.4,101.48,1,1,1
B026,2023-03-31 21:00:00,0,613H2228,0,,,1,0,0
B026,2023-03-31 21:00:00,1,613E2680,0.04702773252,14.1,101.33,1,1,1
B026,2023-03-31 22:00:00,0,613H2228,0,,,1,0,0
B026,2023-03-31 22:00:00,1,613E2680,0.04495769174,14.1,101.33,1,1,1
B026,2023-03-31 23:00:00,0,613H2228,0,,,1,0,0
B026,2023-03-31 23:00:00,1,613E2680,0,14.1,101.33,1,1,1
B026,2023-04-01 00:00:00,0,613H2228,0,,,1,0,0
B026,2023-04-01 00:00:00,1,613E2680,0,14.1,101.33,1,1,1
B026,2023-04-01 01:00:00,0,613H2228,0,,,1,0,0
B026,2023-04-01 01:00:00,1,613E2680,0,14.1,101.33,1,1,1
B026,2023-04-01 02:00:00,0,613H2228,0,,,1,0,0
B026,2023-04-01 02:00:00,1,613E2680,0.0004303405251,14.1,101.33,1,1,1
B026,2023-04-01 03:00:00,0,613H2228,0,,,1,0,0
B026,2023-04-01 03:00:00,1,613E2680,0,14.1,101.33,1,1,1
B026,2023-04-01 04:00:00,0,613H2228,0,,,1,0,0
B026,2023-04-01 04:00:00,1,613E2680,0,14.1,101.33,1,1,1
B026,2023-04-01 05:00:00,0,613H2228,0,,,1,0,0
B026,2023-04-01 05:00:00,1,613E2680,0,14.1,101.33,1,1,1
B026,2023-04-01 06:00:00,0,613H2228,0,,,1,0,0
B026,2023-04-01 06:00:00,1,613E2680,0,14.1,101.33,1,1,1
B026,2023-04-01 07:00:00,0,613H2228,0.1093678203,,,1,0,0
B026,2023-04-01 07:00:00,1,613E2680,0.1368059225,14.1,101.33,1,1,1
B026,2023-04-01 08:00:00,0,613H2228,0,,,1,0,0
B026,2023-04-01 08:00:00,1,613E2680,0,14.1,101.33,1,1,1
B026,2023-04-01 09:00:00,0,613H2228,0,,,1,0,0
B026,2023-04-01 09:00:00,1,613E2680,0,14.1,101.33,1,1,1
B026,2023-04-01 10:00:00,0,613H2228,0,,,1,0,0
B026,2023-04-01 10:00:00,1,613E2680,0,14.1,101.33,1,1,1
B026,2023-04-01 11:00:00,0,613H2228,0,,,1,0,0
B026,2023-04-01 11:00:00,1,613E2680,0,14.1,101.33,1,1,1
B026,2023-04-01 12:00:00,0,613H2228,0,,,1,0,0
B026,2023-04-01 12:00:00,1,613E2680,0,14.1,101.33,1,1,1
B026,2023-04-01 13:00:00,0,613H2228,0,,,1,0,0
B026,2023-04-01 13:00:00,1,613E2680,0,14.1,101.33,1,1,1
B026,2023-04-01 14:00:00,0,613H2228,0,,,1,0,0
B026,2023-04-01 14:00:00,1,613E2680,0,14.1,101.33,1,1,1
B026,2023-04-01 15:00:00,0,613H2228,0,,,1,0,0
B026,2023-04-01 15:00:00,1,613E2680,0,14.1,101.33,1,1,1
B026,2023-04-01 16:00:00,0,613H2228,0,,,1,0,0
B026,2023-04-01 16:00:00,1,613E2680,0,14.1,101.33,1,1,1
B026,2023-04-01 17:00:00,0,613H2228,0,,,1,0,0
B026,2023-04-01 17:00:00,1,613E2680,0,14.1,101.33,1,1,1
B026,2023-04-01 18:00:00,0,613H2228,0,,,1,0,0
B026,2023-04-01 18:00:00,1,613E2680,0,14.1,101.33,1,1,1
B026,2023-04-01 19:00:00,0,613H2228,0,,,1,0,0
B026,2023-04-01 19:00:00,1,613E2680,0,14.1,101.33,1,1,1
B026,2023-04-01 20:00:00,0,613H2228,0,,,1,0,0
B026,2023-04-01 20:00:00,1,613E2680,0,14.1,101.33,1,1,1
B026,2023-04-01 21:00:00,0,613H2228,0,,,1,0,0
B026,2023-04-01 21:00:00,1,613E2680,0,14.1,101.33,1,1,1
B026,2023-04-01 22:00:00,0,613H2228,0,,,1,0,0
B026,2023-04-01 22:00:00,1,613E2680,0,14.1,101.33,1,1,1
B026,2023-04-01 23:00:00,0,613H2228,0,,,1,0,0
B026,2023-04-01 23:00:00,1,613E2680,0,14.1,101.33,1,1,1
B026,2023-04-02 00:00:00,0,613H2228,0,,,1,0,0
B026,2023-04-02 00:00:00,1,613E2680,0,14.1,101.33,1,1,1
B026,2023-04-02 01:00:00,0,613H2228,0,,,1,0,0
B026,2023-04-02 01:00:00,1,613E2680,0,14.1,101.33,1,1,1
B026,2023-04-02 02:00:00,0,613H2228,0,,,1,0,0
B026,2023-04-02 02:00:00,1,613E2680,0,14.1,101.33,1,1,1
B026,2023-04-02 03:00:00,0,613H2228,0,,,1,0,0
B026,2023-04-02 03:00:00,1,613E2680,0,14.1,101.33,1,1,1
B026,2023-04-02 04:00:00,0,613H2228,0,,,1,0,0
B026,2023-04-02 04:00:00,1,613E2680,0,14.1,101.33,1,1,1
B026,2023-04-02 05:00:00,0,613H2228,0.1093678203,,,1,0,0
B026,2023-04-02 05:00:00,1,613E2680,0.0770106017,14.1,101.33,1,1,1
B026,2023-04-02 06:00:00,0,613H2228,0,,,1,0,0
B026,2023-04-02 06:00:00,1,613E2680,0.3156438351,13.1,101.32,1,1,1
B026,2023-04-02 07:00:00,0,613H2228,0.2901671784,,,1,0,0
B026,2023-04-02 07:00:00,1,613E2680,0.3947292727,13.1,101.32,1,1,1
B026,2023-04-02 08:00:00,0,613H2228,3.073589087,,,1,0,0
B026,2023-04-02 08:00:00,1,613E2680,0.1794789748,13.1,101.32,1,1,1
B026,2023-04-02 09:00:00,0,613H2228,0.1807993581,,,1,0,0
B026,2023-04-02 09:00:00,1,613E2680,0.01055758675,13.1,101.32,1,1,1
B026,2023-04-02 10:00:00,0,613H2228,0,,,1,0,0
B026,2023-04-02 10:00:00,1,613E2680,0,13.1,101.32,1,1,1
B026,2023-04-02 11:00:00,0,613H2228,0.1093678203,,,1,0,0
B026,2023-04-02 11:00:00,1,613E2680,0.002404915156,13.1,101.32,1,1,1
B026,2023-04-02 12:00:00,0,613H2228,0,,,1,0,0
B026,2023-04-02 12:00:00,1,613E2680,0.009071475928,,,1,0,0
B026,2023-04-02 13:00:00,0,613H2228,0,,,1,0,0
B026,2023-04-02 13:00:00,1,613E2680,0,13.1,101.32,1,1,1
B026,2023-04-02 14:00:00,0,613H2228,0,,,1,0,0
B026,2023-04-02 14:00:00,1,613E2680,0,13.1,101.32,1,1,1
B026,2023-04-02 15:00:00,0,613H2228,0,,,1,0,0
B026,2023-04-02 15:00:00,1,613E2680,0,13.1,101.32,1,1,1
B026,2023-04-02 16:00:00,0,613H2228,0,,,1,0,0
B026,2023-04-02 16:00:00,1,613E2680,0,13.1,101.32,1,1,1
B026,2023-04-02 17:00:00,0,613H2228,0,,,1,0,0
B026,2023-04-02 17:00:00,1,613E2680,0,13.1,101.32,1,1,1
B026,2023-04-02 18:00:00,0,613H2228,0,,,1,0,0
B026,2023-04-02 18:00:00,1,613E2680,0,13.1,101.32,1,1,1
B026,2023-04-02 19:00:00,0,613H2228,0,,,1,0,0
B026,2023-04-02 19:00:00,1,613E2680,0,13.1,101.32,1,1,1
B026,2023-04-02 20:00:00,0,613H2228,0,,,1,0,0
B026,2023-04-02 20:00:00,1,613E2680,0,13.1,101.32,1,1,1
B026,2023-04-02 21:00:00,0,613H2228,1.084796149,,,1,0,0
B026,2023-04-02 21:00:00,1,613E2680,0.06334552051,13.1,101.32,1,1,1
B026,2023-04-02 22:00:00,0,613H2228,1.627194223,,,1,0,0
B026,2023-04-02 22:00:00,1,613E2680,0.09501828076,13.1,101.32,1,1,1
B026,2023-04-02 23:00:00,0,613H2228,0.3995349987,,,1,0,0
B026,2023-04-02 23:00:00,1,613E2680,3.964925712,13.1,101.32,1,1,1
B026,2023-04-03 00:00:00,0,613H2228,4.857157724,,,1,0,0
B026,2023-04-03 00:00:00,1,613E2680,1.611532051,13.1,101.32,1,1,1
B026,2023-04-03 01:00:00,0,613H2228,0.0915474167,,,1,0,0
B026,2023-04-03 01:00:00,1,613E2680,0.2035034689,13.1,101.32,1,1,1
B026,2023-04-03 02:00:00,0,613H2228,0.2169138873,,,1,0,0
B026,2023-04-03 02:00:00,1,613E2680,0.01055758675,13.1,101.32,1,1,1
B026,2023-04-03 03:00:00,0,613H2228,7.051174965,,,1,0,0
B026,2023-04-03 03:00:00,1,613E2680,0.4393238373,13.1,101.32,1,1,1
B026,2023-04-03 04:00:00,0,613H2228,0.1807993581,,,1,0,0
B026,2023-04-03 04:00:00,1,613E2680,0.03750057861,13.1,101.32,1,1,1
B026,2023-04-03 05:00:00,0,613H2228,0,,,1,0,0
B026,2023-04-03 05:00:00,1,613E2680,0,13.1,101.32,1,1,1
B026,2023-04-03 06:00:00,0,613H2228,0.1807993581,,,1,0,0
B026,2023-04-03 06:00:00,1,613E2680,0.01055758675,13.1,101.32,1,1,1
B026,2023-04-03 07:00:00,0,613H2228,7.30171607,,,1,0,0
B026,2023-04-03 07:00:00,1,613E2680,6.008388687,12.1,101.31,1,1,1
B026,2023-04-03 08:00:00,0,613H2228,11.2095602,,,1,0,0
B026,2023-04-03 08:00:00,1,613E2680,0.6545703786,12.1,101.31,1,1,1
B026,2023-04-03 09:00:00,0,613H2228,3.073589087,,,1,0,0
B026,2023-04-03 09:00:00,1,613E2680,0.1794789748,12.1,101.31,1,1,1
B026,2023-04-03 10:00:00,0,613H2228,1.265595507,,,1,0,0
B026,2023-04-03 10:00:00,1,613E2680,0.07390310726,12.1,101.31,1,1,1
B026,2023-04-03 11:00:00,0,613H2228,3.832901049,,,1,0,0
B026,2023-04-03 11:00:00,1,613E2680,0.2221396623,12.1,101.31,1,1,1
B026,2023-04-03 12:00:00,0,613H2228,3.254388446,,,1,0,0
B026,2023-04-03 12:00:00,1,613E2680,0.1900365615,12.1,101.31,1,1,1
B026,2023-04-03 13:00:00,0,613H2228,3.615987162,,,1,0,0
B026,2023-04-03 13:00:00,1,613E2680,0.2565091147,12.1,101.31,1,1,1
B026,2023-04-03 14:00:00,0,613H2228,2.903055521,,,1,0,0
B026,2023-04-03 14:00:00,1,613E2680,0.4223166376,12.1,101.31,1,1,1
B026,2023-04-03 15:00:00,0,613H2228,2.612208576,,,1,0,0
B026,2023-04-03 15:00:00,1,613E2680,0.5087538594,12.1,101.31,1,1,1
B026,2023-04-03 16:00:00,0,613H2228,0.440946872,,,1,0,0
B026,2023-04-03 16:00:00,1,613E2680,0.5801263024,12.1,101.31,1,1,1
B026,2023-04-03 17:00:00,0,613H2228,1.988792939,,,1,0,0
B026,2023-04-03 17:00:00,1,613E2680,0.1405312593,12.1,101.31,1,1,1
B026,2023-04-03 18:00:00,0,613H2228,3.004251044,,,1,0,0
B026,2023-04-03 18:00:00,1,613E2680,3.742973038,12.1,101.31,1,1,1
B026,2023-04-03 19:00:00,0,613H2228,4.127246511,,,1,0,0
B026,2023-04-03 19:00:00,1,613E2680,1.711693208,12.1,101.31,1,1,1
B026,2023-04-03 20:00:00,0,613H2228,2.055231902,,,1,0,0
B026,2023-04-03 20:00:00,1,613E2680,1.166617797,12.1,101.31,1,1,1
B026,2023-04-03 21:00:00,0,613H2228,0.1093678203,,,1,0,0
B026,2023-04-03 21:00:00,1,613E2680,0.01191116258,12.1,101.31,1,1,1
B026,2023-04-03 22:00:00,0,613H2228,0.1352686935,,,1,0,0
B026,2023-04-03 22:00:00,1,613E2680,0.6723178767,13.1,101.32,1,1,1
B026,2023-04-03 23:00:00,0,613H2228,1.565215548,,,1,0,0
B026,2023-04-03 23:00:00,1,613E2680,1.762369701,13.1,101.32,1,1,1
B026,2023-04-04 00:00:00,0,613H2228,5.467671771,,,1,0,0
B026,2023-04-04 00:00:00,1,613E2680,5.443668248,12.1,101.31,1,1,1
B026,2023-04-04 01:00:00,0,613H2228,3.124895454,,,1,0,0
B026,2023-04-04 01:00:00,1,613E2680,5.930367646,13.1,101.32,1,1,1
B026,2023-04-04 02:00:00,0,613H2228,1.848878974,,,1,0,0
B026,2023-04-04 02:00:00,1,613E2680,2.32015628,6.1,101.2,1,1,1
B026,2023-04-04 03:00:00,0,613H2228,2.911021233,,,1,0,0
B026,2023-04-04 03:00:00,1,613E2680,5.783183071,7.1,101.22,1,1,1
B026,2023-04-04 04:00:00,0,613H2228,2.989198769,,,1,0,0
B026,2023-04-04 04:00:00,1,613E2680,8.444641293,21,101.4,1,1,1
B026,2023-04-04 05:00:00,0,613H2228,2.773498029,,,1,0,0
B026,2023-04-04 05:00:00,1,613E2680,5.292822239,54.7,101.7,1,1,1
B026,2023-04-04 06:00:00,0,613H2228,1.691646022,,,1,0,0
B026,2023-04-04 06:00:00,1,613E2680,3.87254567,99.4,102.04,1,1,1
B026,2023-04-04 07:00:00,0,613H2228,32.91646665,,,1,0,0
B026,2023-04-04 07:00:00,1,613E2680,5.939717583,197,102.57,1,1,1
B026,2023-04-04 08:00:00,0,613H2228,1.010211256,,,1,0,0
B026,2023-04-04 08:00:00,1,613E2680,2.400510987,328.2,103.21,1,1,1
B026,2023-04-04 09:00:00,0,613H2228,2.173274505,,,1,0,0
B026,2023-04-04 09:00:00,1,613E2680,4.098635121,548.7,104.11,1,1,1
B026,2023-04-04 10:00:00,0,613H2228,2.003428228,,,1,0,0
B026,2023-04-04 10:00:00,1,613E2680,2.158742587,597.3,104.29,1,1,1
B026,2023-04-04 11:00:00,0,613H2228,1.095956548,,,1,0,0
B026,2023-04-04 11:00:00,1,613E2680,0.8975339705,600,104.3,1,1,1
B026,2023-04-04 12:00:00,0,613H2228,0.2560633173,,,1,0,0
B026,2023-04-04 12:00:00,1,613E2680,0.1305635366,591.9,104.27,1,1,1
B026,2023-04-04 13:00:00,0,613H2228,0,,,1,0,0
B026,2023-04-04 13:00:00,1,613E2680,0,578.4,104.22,1,1,1
B026,2023-04-04 14:00:00,0,613H2228,0,,,1,0,0
B026,2023-04-04 14:00:00,1,613E2680,0,554.1,104.13,1,1,1
B026,2023-04-04 15:00:00,0,613H2228,0,,,1,0,0
B026,2023-04-04 15:00:00,1,613E2680,0,521.7,104.01,1,1,1
B026,2023-04-04 16:00:00,0,613H2228,0,,,1,0,0
B026,2023-04-04 16:00:00,1,613E2680,0,483,103.86,1,1,1
B026,2023-04-04 17:00:00,0,613H2228,0,,,1,0,0
B026,2023-04-04 17:00:00,1,613E2680,0,448,103.72,1,1,1
B026,2023-04-04 18:00:00,0,613H2228,0.2067002312,,,1,0,0
B026,2023-04-04 18:00:00,1,613E2680,0.01055758675,404.6,103.54,1,1,1
B026,2023-04-04 19:00:00,0,613H2228,1.627194223,,,1,0,0
B026,2023-04-04 19:00:00,1,613E2680,0.09501828076,364.1,103.37,1,1,1
B026,2023-04-04 20:00:00,0,613H2228,0.1807993581,,,1,0,0
B026,2023-04-04 20:00:00,1,613E2680,0.01055758675,328.2,103.21,1,1,1
B026,2023-04-04 21:00:00,0,613H2228,0.02590087316,,,1,0,0
B026,2023-04-04 21:00:00,1,613E2680,0,297.7,103.07,1,1,1
B026,2023-04-04 22:00:00,0,613H2228,0.03611452925,,,1,0,0
B026,2023-04-04 22:00:00,1,613E2680,0,269,102.93,1,1,1
B026,2023-04-04 23:00:00,0,613H2228,0,,,1,0,0
B026,2023-04-04 23:00:00,1,613E2680,0,245,102.81,1,1,1
B026,2023-04-05 00:00:00,0,613H2228,0.0132485568,,,1,0,0
B026,2023-04-05 00:00:00,1,613E2680,0,223,102.7,1,1,1
B026,2023-04-05 01:00:00,0,613H2228,0,,,1,0,0
B026,2023-04-05 01:00:00,1,613E2680,0.03957164276,203,102.6,1,1,1
B026,2023-04-05 02:00:00,0,613H2228,0,,,1,0,0
B026,2023-04-05 02:00:00,1,613E2680,0,185,102.51,1,1,1
B026,2023-04-05 03:00:00,0,613H2228,0,,,1,0,0
B026,2023-04-05 03:00:00,1,613E2680,0,167,102.42,1,1,1
B026,2023-04-05 04:00:00,0,613H2228,0,,,1,0,0
B026,2023-04-05 04:00:00,1,613E2680,0,153.5,102.35,1,1,1
B026,2023-04-05 05:00:00,0,613H2228,0.87754571,,,1,0,0
B026,2023-04-05 05:00:00,1,613E2680,0.04702174945,140.4,102.28,1,1,1
B026,2023-04-05 06:00:00,0,613H2228,0,,,1,0,0
B026,2023-04-05 06:00:00,1,613E2680,0.0004303405251,127.8,102.21,1,1,1
B026,2023-04-05 07:00:00,0,613H2228,5.31080679,,,1,0,0
B026,2023-04-05 07:00:00,1,613E2680,9.809052404,119.2,102.16,1,1,1
B026,2023-04-05 08:00:00,0,613H2228,0.2169138873,,,1,0,0
B026,2023-04-05 08:00:00,1,613E2680,0.0452134574,110.7,102.11,1,1,1
B026,2023-04-05 09:00:00,0,613H2228,0,,,1,0,0
B026,2023-04-05 09:00:00,1,613E2680,0,104.2,102.07,1,1,1
B026,2023-04-05 10:00:00,0,613H2228,3.11152537,,,1,0,0
B026,2023-04-05 10:00:00,1,613E2680,0.8752490248,97.8,102.03,1,1,1
B026,2023-04-05 11:00:00,0,613H2228,3.257316889,,,1,0,0
B026,2023-04-05 11:00:00,1,613E2680,2.503675179,91.6,101.99,1,1,1
B026,2023-04-05 12:00:00,0,613H2228,2.997786983,,,1,0,0
B026,2023-04-05 12:00:00,1,613E2680,0.2138901831,86.2,101.95,1,1,1
B026,2023-04-05 13:00:00,0,613H2228,2.067091799,,,1,0,0
B026,2023-04-05 13:00:00,1,613E2680,0.8314715859,83.5,101.93,1,1,1
B026,2023-04-05 14:00:00,0,613H2228,0.3615987162,,,1,0,0
B026,2023-04-05 14:00:00,1,613E2680,0.0211151735,82.2,101.92,1,1,1
B026,2023-04-05 15:00:00,0,613H2228,0.3615987162,,,1,0,0
B026,2023-04-05 15:00:00,1,613E2680,0.0211151735,79.5,101.9,1,1,1
B026,2023-04-05 16:00:00,0,613H2228,0,,,1,0,0
B026,2023-04-05 16:00:00,1,613E2680,0.0004303405251,78.2,101.89,1,1,1
B026,2023-04-05 17:00:00,0,613H2228,0,,,1,0,0
B026,2023-04-05 17:00:00,1,613E2680,0.008132601666,75.8,101.87,1,1,1
B026,2023-04-05 18:00:00,0,613H2228,0.0132485568,,,1,0,0
B026,2023-04-05 18:00:00,1,613E2680,0.07397072438,73.2,101.85,1,1,1
B026,2023-04-05 19:00:00,0,613H2228,0.07770261947,,,1,0,0
B026,2023-04-05 19:00:00,1,613E2680,0.04495769174,70.7,101.83,1,1,1
B026,2023-04-05 20:00:00,0,613H2228,0.2187356406,,,1,0,0
B026,2023-04-05 20:00:00,1,613E2680,0.3426666243,68.2,101.81,1,1,1
B026,2023-04-05 21:00:00,0,613H2228,0.217711408,,,1,0,0
B026,2023-04-05 21:00:00,1,613E2680,0.5968727275,65.8,101.79,1,1,1
B026,2023-04-05 22:00:00,0,613H2228,0.03611452925,,,1,0,0
B026,2023-04-05 22:00:00,1,613E2680,0.03957164276,63.3,101.77,1,1,1
B026,2023-04-05 23:00:00,0,613H2228,0,,,1,0,0
B026,2023-04-05 23:00:00,1,613E2680,0,62.1,101.76,1,1,1
B026,2023-04-06 00:00:00,0,613H2228,4.65032897,,,1,0,0
B026,2023-04-06 00:00:00,1,613E2680,0.3023469685,60.9,101.75,1,1,1
B026,2023-04-06 01:00:00,0,613H2228,0.2939995998,,,1,0,0
B026,2023-04-06 01:00:00,1,613E2680,0.2130432427,58.4,101.73,1,1,1
B026,2023-04-06 02:00:00,0,613H2228,1.490899033,,,1,0,0
B026,2023-04-06 02:00:00,1,613E2680,2.322339684,57.2,101.72,1,1,1
B026,2023-04-06 03:00:00,0,613H2228,3.151905281,,,1,0,0
B026,2023-04-06 03:00:00,1,613E2680,2.162517697,55.9,101.71,1,1,1
B026,2023-04-06 04:00:00,0,613H2228,2.679549749,,,1,0,0
B026,2023-04-06 04:00:00,1,613E2680,3.358240881,55.9,101.71,1,1,1
B026,2023-04-06 05:00:00,0,613H2228,2.353678903,,,1,0,0
B026,2023-04-06 05:00:00,1,613E2680,2.192307703,57.2,101.72,1,1,1
B026,2023-04-06 06:00:00,0,613H2228,0.408412989,,,1,0,0
B026,2023-04-06 06:00:00,1,613E2680,0.5676977952,59.6,101.74,1,1,1
B026,2023-04-06 07:00:00,0,613H2228,10.2999797,,,1,0,0
B026,2023-04-06 07:00:00,1,613E2680,1.362102988,64.5,101.78,1,1,1
B026,2023-04-06 08:00:00,0,613H2228,0.207497752,,,1,0,0
B026,2023-04-06 08:00:00,1,613E2680,0.08808591735,72,101.84,1,1,1
B026,2023-04-06 09:00:00,0,613H2228,0.02590087316,,,1,0,0
B026,2023-04-06 09:00:00,1,613E2680,0.02757795402,79.5,101.9,1,1,1
B026,2023-04-06 10:00:00,0,613H2228,0,,,1,0,0
B026,2023-04-06 10:00:00,1,613E2680,0,89,101.97,1,1,1
B026,2023-04-06 11:00:00,0,613H2228,0,,,1,0,0
B026,2023-04-06 11:00:00,1,613E2680,0,104.2,102.07,1,1,1
B026,2023-04-06 12:00:00,0,613H2228,0,,,1,0,0
B026,2023-04-06 12:00:00,1,613E2680,0,126,102.2,1,1,1
B026,2023-04-06 13:00:00,0,613H2228,0,,,1,0,0
B026,2023-04-06 13:00:00,1,613E2680,0,145.9,102.31,1,1,1
B026,2023-04-06 14:00:00,0,613H2228,0,,,1,0,0
B026,2023-04-06 14:00:00,1,613E2680,0,155.4,102.36,1,1,1
B026,2023-04-06 15:00:00,0,613H2228,0,,,1,0,0
B026,2023-04-06 15:00:00,1,613E2680,0,153.5,102.35,1,1,1
B026,2023-04-06 16:00:00,0,613H2228,0,,,1,0,0
B026,2023-04-06 16:00:00,1,613E2680,0,147.8,102.32,1,1,1
B026,2023-04-06 17:00:00,0,613H2228,0,,,1,0,0
B026,2023-04-06 17:00:00,1,613E2680,0,142.2,102.29,1,1,1
B026,2023-04-06 18:00:00,0,613H2228,0,,,1,0,0
B026,2023-04-06 18:00:00,1,613E2680,0,135,102.25,1,1,1
B026,2023-04-06 19:00:00,0,613H2228,0,,,1,0,0
B026,2023-04-06 19:00:00,1,613E2680,0,127.8,102.21,1,1,1
B026,2023-04-06 20:00:00,0,613H2228,0,,,1,0,0
B026,2023-04-06 20:00:00,1,613E2680,0,122.6,102.18,1,1,1
B026,2023-04-06 21:00:00,0,613H2228,0,,,1,0,0
B026,2023-04-06 21:00:00,1,613E2680,0,115.8,102.14,1,1,1
B026,2023-04-06 22:00:00,0,613H2228,0,,,1,0,0
B026,2023-04-06 22:00:00,1,613E2680,0,110.7,102.11,1,1,1
B026,2023-04-06 23:00:00,0,613H2228,0,,,1,0,0
B026,2023-04-06 23:00:00,1,613E2680,0,104.2,102.07,1,1,1
B026,2023-04-07 00:00:00,0,613H2228,0,,,1,0,0
B026,2023-04-07 00:00:00,1,613E2680,0,99.4,102.04,1,1,1
B026,2023-04-07 01:00:00,0,613H2228,0,,,1,0,0
B026,2023-04-07 01:00:00,1,613E2680,0,94.6,102.01,1,1,1
B026,2023-04-07 02:00:00,0,613H2228,0,,,1,0,0
B026,2023-04-07 02:00:00,1,613E2680,0,90.3,101.98,1,1,1
B026,2023-04-07 03:00:00,0,613H2228,0,,,1,0,0
B026,2023-04-07 03:00:00,1,613E2680,0,86.2,101.95,1,1,1
B026,2023-04-07 04:00:00,0,613H2228,0,,,1,0,0
B026,2023-04-07 04:00:00,1,613E2680,0,82.2,101.92,1,1,1
B026,2023-04-07 05:00:00,0,613H2228,0,,,1,0,0
B026,2023-04-07 05:00:00,1,613E2680,0,78.2,101.89,1,1,1
B026,2023-04-07 06:00:00,0,613H2228,0,,,1,0,0
B026,2023-04-07 06:00:00,1,613E2680,0,75.8,101.87,1,1,1
B026,2023-04-07 07:00:00,0,613H2228,0.2333986251,,,1,0,0
B026,2023-04-07 07:00:00,1,613E2680,0.1125165357,72,101.84,1,1,1
B026,2023-04-07 08:00:00,0,613H2228,0,,,1,0,0
B026,2023-04-07 08:00:00,1,613E2680,0,69.5,101.82,1,1,1
B026,2023-04-07 09:00:00,0,613H2228,0,,,1,0,0
B026,2023-04-07 09:00:00,1,613E2680,0,65.8,101.79,1,1,1
B026,2023-04-07 10:00:00,0,613H2228,0,,,1,0,0
B026,2023-04-07 10:00:00,1,613E2680,0,63.3,101.77,1,1,1
B026,2023-04-07 11:00:00,0,613H2228,0,,,1,0,0
B026,2023-04-07 11:00:00,1,613E2680,0,60.9,101.75,1,1,1
B026,2023-04-07 12:00:00,0,613H2228,0,,,1,0,0
B026,2023-04-07 12:00:00,1,613E2680,0,58.4,101.73,1,1,1
B026,2023-04-07 13:00:00,0,613H2228,0,,,1,0,0
B026,2023-04-07 13:00:00,1,613E2680,0,55.9,101.71,1,1,1
B026,2023-04-07 14:00:00,0,613H2228,0,,,1,0,0
B026,2023-04-07 14:00:00,1,613E2680,0,54.7,101.7,1,1,1
B026,2023-04-07 15:00:00,0,613H2228,0,,,1,0,0
B026,2023-04-07 15:00:00,1,613E2680,0,53.5,101.69,1,1,1
B026,2023-04-07 16:00:00,0,613H2228,0,,,1,0,0
B026,2023-04-07 16:00:00,1,613E2680,0,51.1,101.67,1,1,1
B026,2023-04-07 17:00:00,0,613H2228,0,,,1,0,0
B026,2023-04-07 17:00:00,1,613E2680,0,48.8,101.65,1,1,1
B026,2023-04-07 18:00:00,0,613H2228,0,,,1,0,0
B026,2023-04-07 18:00:00,1,613E2680,0,46.4,101.63,1,1,1
B026,2023-04-07 19:00:00,0,613H2228,0,,,1,0,0
B026,2023-04-07 19:00:00,1,613E2680,0,44,101.61,1,1,1
B026,2023-04-07 20:00:00,0,613H2228,0,,,1,0,0
B026,2023-04-07 20:00:00,1,613E2680,0,41.7,101.59,1,1,1
B026,2023-04-07 21:00:00,0,613H2228,0,,,1,0,0
B026,2023-04-07 21:00:00,1,613E2680,0,40.5,101.58,1,1,1
B026,2023-04-07 22:00:00,0,613H2228,0,,,1,0,0
B026,2023-04-07 22:00:00,1,613E2680,0,39.4,101.57,1,1,1
B026,2023-04-07 23:00:00,0,613H2228,0,,,1,0,0
B026,2023-04-07 23:00:00,1,613E2680,0,38.3,101.56,1,1,1
B026,2023-04-08 00:00:00,0,613H2228,0,,,1,0,0
B026,2023-04-08 00:00:00,1,613E2680,0,37.2,101.55,1,1,1
B026,2023-04-08 01:00:00,0,613H2228,0,,,1,0,0
B026,2023-04-08 01:00:00,1,613E2680,0,36,101.54,1,1,1
B026,2023-04-08 02:00:00,0,613H2228,0,,,1,0,0
B026,2023-04-08 02:00:00,1,613E2680,0,34.9,101.53,1,1,1
B026,2023-04-08 03:00:00,0,613H2228,0,,,1,0,0
B026,2023-04-08 03:00:00,1,613E2680,0,32.6,101.51,1,1,1
B026,2023-04-08 04:00:00,0,613H2228,0.08383962801,,,1,0,0
B026,2023-04-08 04:00:00,1,613E2680,0.004702174945,32.6,101.51,1,1,1
B026,2023-04-08 05:00:00,0,613H2228,0,,,1,0,0
B026,2023-04-08 05:00:00,1,613E2680,0,31.5,101.5,1,1,1
B026,2023-04-08 06:00:00,0,613H2228,0,,,1,0,0
B026,2023-04-08 06:00:00,1,613E2680,0,30.4,101.49,1,1,1
B026,2023-04-08 07:00:00,0,613H2228,0,,,1,0,0
B026,2023-04-08 07:00:00,1,613E2680,4.43096901e-06,29.4,101.48,1,1,1
B026,2023-04-08 08:00:00,0,613H2228,0,,,1,0,0
B026,2023-04-08 08:00:00,1,613E2680,0,29.4,101.48,1,1,1
B026,2023-04-08 09:00:00,0,613H2228,0,,,1,0,0
B026,2023-04-08 09:00:00,1,613E2680,0,28.4,101.47,1,1,1
B026,2023-04-08 10:00:00,0,613H2228,0,,,1,0,0
B026,2023-04-08 10:00:00,1,613E2680,0,28.4,101.47,1,1,1
B026,2023-07-30 07:00:00,0,613H2228,0,,,1,0,0
B026,2023-07-30 07:00:00,1,613E2680,0,25.5,101.53,1,1,1
B026,2023-07-30 08:00:00,0,613H2228,0,,,1,0,0
B026,2023-07-30 08:00:00,1,613E2680,0.003147335617,25.5,101.53,1,1,1
B026,2023-07-30 09:00:00,0,613H2228,0,,,1,0,0
B026,2023-07-30 09:00:00,1,613E2680,0,25.5,101.53,1,1,1
B026,2023-07-30 10:00:00,0,613H2228,0,,,1,0,0
B026,2023-07-30 10:00:00,1,613E2680,0,25.5,101.53,1,1,1
B026,2023-07-30 11:00:00,0,613H2228,0,,,1,0,0
B026,2023-07-30 11:00:00,1,613E2680,0,25.5,101.53,1,1,1
B026,2023-07-30 12:00:00,0,613H2228,0,,,1,0,0
B026,2023-07-30 12:00:00,1,613E2680,0,25.5,101.53,1,1,1
B026,2023-07-30 13:00:00,0,613H2228,0,,,1,0,0
B026,2023-07-30 13:00:00,1,613E2680,0,25.5,101.53,1,1,1
B026,2023-07-30 14:00:00,0,613H2228,0,,,1,0,0
B026,2023-07-30 14:00:00,1,613E2680,0.0442399374,25.5,101.53,1,1,1
B026,2023-07-30 15:00:00,0,613H2228,0.1805726462,,,1,0,0
B026,2023-07-30 15:00:00,1,613E2680,2.937971424,25.5,101.53,1,1,1
B026,2023-07-30 16:00:00,0,613H2228,4.679484798,,,1,0,0
B026,2023-07-30 16:00:00,1,613E2680,5.81374077,25.5,101.53,1,1,1
B026,2023-07-30 17:00:00,0,613H2228,7.17114801,,,1,0,0
B026,2023-07-30 17:00:00,1,613E2680,2.666290864,25.5,101.53,1,1,1
B026,2023-07-30 18:00:00,0,613H2228,0.7674047965,,,1,0,0
B026,2023-07-30 18:00:00,1,613E2680,0.9491436989,25.5,101.53,1,1,1
B026,2023-07-30 19:00:00,0,613H2228,2.15839467,,,1,0,0
B026,2023-07-30 19:00:00,1,613E2680,1.00480598,25.5,101.53,1,1,1
B026,2023-07-30 20:00:00,0,613H2228,0.7420106774,,,1,0,0
B026,2023-07-30 20:00:00,1,613E2680,1.197917881,23.6,101.51,1,1,1
B026,2023-07-30 21:00:00,0,613H2228,0.1093678203,,,1,0,0
B026,2023-07-30 21:00:00,1,613E2680,0.1417018985,23.6,101.51,1,1,1
B026,2023-07-30 22:00:00,0,613H2228,0,,,1,0,0
B026,2023-07-30 22:00:00,1,613E2680,0,23.6,101.51,1,1,1
B026,2023-07-30 23:00:00,0,613H2228,0,,,1,0,0
B026,2023-07-30 23:00:00,1,613E2680,0,23.6,101.51,1,1,1
B026,2023-07-31 00:00:00,0,613H2228,0,,,1,0,0
B026,2023-07-31 00:00:00,1,613E2680,0.008132601666,23.6,101.51,1,1,1
B026,2023-07-31 01:00:00,0,613H2228,0,,,1,0,0
B026,2023-07-31 01:00:00,1,613E2680,0,23.6,101.51,1,1,1
B026,2023-07-31 02:00:00,0,613H2228,0,,,1,0,0
B026,2023-07-31 02:00:00,1,613E2680,0,23.6,101.51,1,1,1
B026,2023-07-31 03:00:00,0,613H2228,0,,,1,0,0
B026,2023-07-31 03:00:00,1,613E2680,0.005386103397,23.6,101.51,1,1,1
B026,2023-07-31 04:00:00,0,613H2228,0,,,1,0,0
B026,2023-07-31 04:00:00,1,613E2680,0,23.6,101.51,1,1,1
B026,2023-07-31 05:00:00,0,613H2228,1.661268345,,,1,0,0
B026,2023-07-31 05:00:00,1,613E2680,0,23.6,101.51,1,1,1
B026,2023-07-31 06:00:00,0,613H2228,0,,,1,0,0
B026,2023-07-31 06:00:00,1,613E2680,0,23.6,101.51,1,1,1
B026,2023-07-31 07:00:00,0,613H2228,17.46965176,,,1,0,0
B026,2023-07-31 07:00:00,1,613E2680,15.09341354,24.5,101.52,1,1,1
B026,2023-07-31 08:00:00,0,613H2228,0,,,1,0,0
B026,2023-07-31 08:00:00,1,613E2680,0,30.6,101.58,1,1,1
B026,2023-07-31 09:00:00,0,613H2228,0,,,1,0,0
B026,2023-07-31 09:00:00,1,613E2680,0,30.6,101.58,1,1,1
B026,2023-07-31 10:00:00,0,613H2228,0,,,1,0,0
B026,2023-07-31 10:00:00,1,613E2680,0.105295755,29.5,101.57,1,1,1
B026,2023-07-31 11:00:00,0,613H2228,0,,,1,0,0
B026,2023-07-31 11:00:00,1,613E2680,0,28.5,101.56,1,1,1
B026,2023-07-31 12:00:00,0,613H2228,0,,,1,0,0
B026,2023-07-31 12:00:00,1,613E2680,0,28.5,101.56,1,1,1
B026,2023-07-31 13:00:00,0,613H2228,0,,,1,0,0
B026,2023-07-31 13:00:00,1,613E2680,0,28.5,101.56,1,1,1
B026,2023-07-31 14:00:00,0,613H2228,0,,,1,0,0
B026,2023-07-31 14:00:00,1,613E2680,4.43096901e-06,27.4,101.55,1,1,1
B026,2023-07-31 15:00:00,0,613H2228,0,,,1,0,0
B026,2023-07-31 15:00:00,1,613E2680,0.05742918116,27.4,101.55,1,1,1
B026,2023-07-31 16:00:00,0,613H2228,0,,,1,0,0
B026,2023-07-31 16:00:00,1,613E2680,0.01913419845,27.4,101.55,1,1,1
B026,2023-07-31 17:00:00,0,613H2228,0,,,1,0,0
B026,2023-07-31 17:00:00,1,613E2680,0,27.4,101.55,1,1,1
B026,2023-07-31 18:00:00,0,613H2228,0,,,1,0,0
B026,2023-07-31 18:00:00,1,613E2680,0,27.4,101.55,1,1,1
B026,2023-07-31 19:00:00,0,613H2228,0,,,1,0,0
B026,2023-07-31 19:00:00,1,613E2680,0,27.4,101.55,1,1,1
B026,2023-07-31 20:00:00,0,613H2228,0,,,1,0,0
B026,2023-07-31 20:00:00,1,613E2680,0,27.4,101.55,1,1,1
B026,2023-07-31 21:00:00,0,613H2228,0,,,1,0,0
B026,2023-07-31 21:00:00,1,613E2680,0,27.4,101.55,1,1,1
B026,2023-07-31 22:00:00,0,613H2228,0,,,1,0,0
B026,2023-07-31 22:00:00,1,613E2680,0,26.4,101.54,1,1,1
B026,2023-07-31 23:00:00,0,613H2228,0,,,1,0,0
B026,2023-07-31 23:00:00,1,613E2680,0.00637806615,26.4,101.54,1,1,1
B026,2023-08-01 00:00:00,0,613H2228,0,,,1,0,0
B026,2023-08-01 00:00:00,1,613E2680,0,26.4,101.54,1,1,1
B026,2023-08-01 01:00:00,0,613H2228,0,,,1,0,0
B026,2023-08-01 01:00:00,1,613E2680,0,26.4,101.54,1,1,1
B026,2023-08-01 02:00:00,0,613H2228,0,,,1,0,0
B026,2023-08-01 02:00:00,1,613E2680,0,26.4,101.54,1,1,1
B026,2023-08-01 03:00:00,0,613H2228,0,,,1,0,0
B026,2023-08-01 03:00:00,1,613E2680,0,26.4,101.54,1,1,1
B026,2023-08-01 04:00:00,0,613H2228,0,,,1,0,0
B026,2023-08-01 04:00:00,1,613E2680,0,26.4,101.54,1,1,1
B026,2023-08-01 05:00:00,0,613H2228,0,,,1,0,0
B026,2023-08-01 05:00:00,1,613E2680,0,26.4,101.54,1,1,1
B026,2023-08-01 06:00:00,0,613H2228,0,,,1,0,0
B026,2023-08-01 06:00:00,1,613E2680,0,26.4,101.54,1,1,1
B026,2023-08-01 07:00:00,0,613H2228,0,,,1,0,0
B026,2023-08-01 07:00:00,1,613E2680,0.188210615,26.4,101.54,1,1,1
B026,2023-08-01 08:00:00,0,613H2228,0,,,1,0,0
B026,2023-08-01 08:00:00,1,613E2680,0,26.4,101.54,1,1,1
B026,2023-08-01 09:00:00,0,613H2228,0,,,1,0,0
B026,2023-08-01 09:00:00,1,613E2680,0,25.5,101.53,1,1,1
B026,2023-08-01 10:00:00,0,613H2228,0,,,1,0,0
B026,2023-08-01 10:00:00,1,613E2680,0,25.5,101.53,1,1,1
B026,2023-08-01 11:00:00,0,613H2228,2.892789729,,,1,0,0
B026,2023-08-01 11:00:00,1,613E2680,0.3570323181,25.5,101.53,1,1,1
B026,2023-08-01 12:00:00,0,613H2228,0.7364459891,,,1,0,0
B026,2023-08-01 12:00:00,1,613E2680,0.2303412771,25.5,101.53,1,1,1
B026,2023-08-01 13:00:00,0,613H2228,0.05180174631,,,1,0,0
B026,2023-08-01 13:00:00,1,613E2680,0.05442885557,25.5,101.53,1,1,1
B026,2023-08-01 14:00:00,0,613H2228,0.02590087316,,,1,0,0
B026,2023-08-01 14:00:00,1,613E2680,0.4016388066,24.5,101.52,1,1,1
B026,2023-08-01 15:00:00,0,613H2228,0.5423980743,,,1,0,0
B026,2023-08-01 15:00:00,1,613E2680,2.065683573,24.5,101.52,1,1,1
B026,2023-08-01 16:00:00,0,613H2228,1.091629738,,,1,0,0
B026,2023-08-01 16:00:00,1,613E2680,1.414127103,22.6,101.5,1,1,1
B026,2023-08-01 17:00:00,0,613H2228,0.7926887627,,,1,0,0
B026,2023-08-01 17:00:00,1,613E2680,1.403801781,19,101.46,1,1,1
B026,2023-08-01 18:00:00,0,613H2228,0.7433133113,,,1,0,0
B026,2023-08-01 18:00:00,1,613E2680,0.7623705504,15.5,101.42,1,1,1
B026,2023-08-01 19:00:00,0,613H2228,0.4139967029,,,1,0,0
B026,2023-08-01 19:00:00,1,613E2680,0.574773729,13.8,101.4,1,1,1
B026,2023-08-01 20:00:00,0,613H2228,0.4317069535,,,1,0,0
B026,2023-08-01 20:00:00,1,613E2680,1.168444281,12.4,101.38,1,1,1
B026,2023-08-01 21:00:00,0,613H2228,0.316664292,,,1,0,0
B026,2023-08-01 21:00:00,1,613E2680,0.4679245684,11.7,101.37,1,1,1
B026,2023-08-01 22:00:00,0,613H2228,0.02590087316,,,1,0,0
B026,2023-08-01 22:00:00,1,613E2680,0.02452101801,12.4,101.38,1,1,1
B026,2023-08-01 23:00:00,0,613H2228,0.6500615265,,,1,0,0
B026,2023-08-01 23:00:00,1,613E2680,0,12.4,101.38,1,1,1
B026,2023-08-02 00:00:00,0,613H2228,0,,,1,0,0
B026,2023-08-02 00:00:00,1,613E2680,0,13.1,101.39,1,1,1
B026,2023-08-02 01:00:00,0,613H2228,0,,,1,0,0
B026,2023-08-02 01:00:00,1,613E2680,0,13.1,101.39,1,1,1
B026,2023-08-02 02:00:00,0,613H2228,0,,,1,0,0
B026,2023-08-02 02:00:00,1,613E2680,0,12.4,101.38,1,1,1
B026,2023-08-02 03:00:00,0,613H2228,0,,,1,0,0
B026,2023-08-02 03:00:00,1,613E2680,0.5935746414,13.1,101.39,1,1,1
B026,2023-08-02 04:00:00,0,613H2228,0,,,1,0,0
B026,2023-08-02 04:00:00,1,613E2680,0.02913228697,13.1,101.39,1,1,1
B026,2023-08-02 05:00:00,0,613H2228,0,,,1,0,0
B026,2023-08-02 05:00:00,1,613E2680,0.03508621117,19,101.46,1,1,1
B026,2023-08-02 06:00:00,0,613H2228,0,,,1,0,0
B026,2023-08-02 06:00:00,1,613E2680,0,33.8,101.61,1,1,1
B026,2023-08-02 07:00:00,0,613H2228,8.715298572,,,1,0,0
B026,2023-08-02 07:00:00,1,613E2680,8.980547823,30.6,101.58,1,1,1
B026,2023-08-02 08:00:00,0,613H2228,0,,,1,0,0
B026,2023-08-02 08:00:00,1,613E2680,0.02702113982,27.4,101.55,1,1,1
B026,2023-08-02 09:00:00,0,613H2228,0,,,1,0,0
B026,2023-08-02 09:00:00,1,613E2680,0.005386103397,27.4,101.55,1,1,1
B026,2023-08-02 10:00:00,0,613H2228,0.8556830003,,,1,0,0
B026,2023-08-02 10:00:00,1,613E2680,0.04852501824,27.4,101.55,1,1,1
B026,2023-08-02 11:00:00,0,613H2228,2.208741727,,,1,0,0
B026,2023-08-02 11:00:00,1,613E2680,0.126691041,27.4,101.55,1,1,1
B026,2023-08-02 12:00:00,0,613H2228,0.1093678203,,,1,0,0
B026,2023-08-02 12:00:00,1,613E2680,0.002404915156,27.4,101.55,1,1,1
B026,2023-08-02 13:00:00,0,613H2228,0,,,1,0,0
B026,2023-08-02 13:00:00,1,613E2680,0,27.4,101.55,1,1,1
B026,2023-08-02 14:00:00,0,613H2228,2.077988586,,,1,0,0
B026,2023-08-02 14:00:00,1,613E2680,0.04569338797,27.4,101.55,1,1,1
B026,2023-08-02 15:00:00,0,613H2228,0,,,1,0,0
B026,2023-08-02 15:00:00,1,613E2680,0,27.4,101.55,1,1,1
B026,2023-08-02 16:00:00,0,613H2228,0,,,1,0,0
B026,2023-08-02 16:00:00,1,613E2680,0,27.4,101.55,1,1,1
B026,2023-08-02 17:00:00,0,613H2228,0,,,1,0,0
B026,2023-08-02 17:00:00,1,613E2680,0,27.4,101.55,1,1,1
B026,2023-08-02 18:00:00,0,613H2228,0,,,1,0,0
B026,2023-08-02 18:00:00,1,613E2680,0,27.4,101.55,1,1,1
B026,2023-08-02 19:00:00,0,613H2228,0,,,1,0,0
B026,2023-08-02 19:00:00,1,613E2680,0,27.4,101.55,1,1,1
B026,2023-08-02 20:00:00,0,613H2228,0,,,1,0,0
B026,2023-08-02 20:00:00,1,613E2680,0,27.4,101.55,1,1,1
B026,2023-08-02 21:00:00,0,613H2228,0,,,1,0,0
B026,2023-08-02 21:00:00,1,613E2680,0,27.4,101.55,1,1,1
B026,2023-08-02 22:00:00,0,613H2228,0,,,1,0,0
B026,2023-08-02 22:00:00,1,613E2680,0,27.4,101.55,1,1,1
B026,2023-08-02 23:00:00,0,613H2228,0,,,1,0,0
B026,2023-08-02 23:00:00,1,613E2680,0,27.4,101.55,1,1,1
B026,2023-08-03 00:00:00,0,613H2228,0,,,1,0,0
B026,2023-08-03 00:00:00,1,613E2680,0,27.4,101.55,1,1,1
B026,2023-08-03 01:00:00,0,613H2228,0,,,1,0,0
B026,2023-08-03 01:00:00,1,613E2680,0,27.4,101.55,1,1,1
B026,2023-08-03 02:00:00,0,613H2228,0,,,1,0,0
B026,2023-08-03 02:00:00,1,613E2680,0,26.4,101.54,1,1,1
B026,2023-08-03 03:00:00,0,613H2228,0,,,1,0,0
B026,2023-08-03 03:00:00,1,613E2680,0,26.4,101.54,1,1,1
B026,2023-08-03 04:00:00,0,613H2228,0,,,1,0,0
B026,2023-08-03 04:00:00,1,613E2680,0,26.4,101.54,1,1,1
B026,2023-08-03 05:00:00,0,613H2228,0,,,1,0,0
B026,2023-08-03 05:00:00,1,613E2680,0,26.4,101.54,1,1,1
B026,2023-08-03 06:00:00,0,613H2228,0.08383962801,,,1,0,0
B026,2023-08-03 06:00:00,1,613E2680,0.004702174945,26.4,101.54,1,1,1
B026,2023-08-03 07:00:00,0,613H2228,5.335620761,,,1,0,0
B026,2023-08-03 07:00:00,1,613E2680,0.2604237805,26.4,101.54,1,1,1
B026,2023-08-03 08:00:00,0,613H2228,0,,,1,0,0
B026,2023-08-03 08:00:00,1,613E2680,0,26.4,101.54,1,1,1
B026,2023-08-03 09:00:00,0,613H2228,0,,,1,0,0
B026,2023-08-03 09:00:00,1,613E2680,0,26.4,101.54,1,1,1
B026,2023-08-03 10:00:00,0,613H2228,0,,,1,0,0
B026,2023-08-03 10:00:00,1,613E2680,0,26.4,101.54,1,1,1
B026,2023-08-03 11:00:00,0,613H2228,0,,,1,0,0
B026,2023-08-03 11:00:00,1,613E2680,0,26.4,101.54,1,1,1
B026,2023-08-03 12:00:00,0,613H2228,0,,,1,0,0
B026,2023-08-03 12:00:00,1,613E2680,0,26.4,101.54,1,1,1
B026,2023-08-03 13:00:00,0,613H2228,0,,,1,0,0
B026,2023-08-03 13:00:00,1,613E2680,0,21.7,101.49,1,1,1
B026,2023-08-03 14:00:00,0,613H2228,0,,,1,0,0
B026,2023-08-03 14:00:00,1,613E2680,0,18.1,101.45,1,1,1
B026,2023-08-03 15:00:00,0,613H2228,0,,,1,0,0
B026,2023-08-03 15:00:00,1,613E2680,0,15.5,101.42,1,1,1
B026,2023-08-03 16:00:00,0,613H2228,0,,,1,0,0
B026,2023-08-03 16:00:00,1,613E2680,0,13.8,101.4,1,1,1
B026,2023-08-03 17:00:00,0,613H2228,0,,,1,0,0
B026,2023-08-03 17:00:00,1,613E2680,0,12.4,101.38,1,1,1
B026,2023-08-03 18:00:00,0,613H2228,0,,,1,0,0
B026,2023-08-03 18:00:00,1,613E2680,0,12.4,101.38,1,1,1
B026,2023-08-03 19:00:00,0,613H2228,0,,,1,0,0
B026,2023-08-03 19:00:00,1,613E2680,0,12.4,101.38,1,1,1
B026,2023-08-03 20:00:00,0,613H2228,0,,,1,0,0
B026,2023-08-03 20:00:00,1,613E2680,0,12.4,101.38,1,1,1
B026,2023-08-03 21:00:00,0,613H2228,0,,,1,0,0
B026,2023-08-03 21:00:00,1,613E2680,0,12.4,101.38,1,1,1
B026,2023-08-03 22:00:00,0,613H2228,0.1093678203,,,1,0,0
B026,2023-08-03 22:00:00,1,613E2680,0.002404915156,12.4,101.38,1,1,1
B026,2023-08-03 23:00:00,0,613H2228,0,,,1,0,0
B026,2023-08-03 23:00:00,1,613E2680,0,12.4,101.38,1,1,1
B026,2023-08-04 00:00:00,0,613H2228,0,,,1,0,0
B026,2023-08-04 00:00:00,1,613E2680,0,12.4,101.38,1,1,1
B026,2023-08-04 01:00:00,0,613H2228,0,,,1,0,0
B026,2023-08-04 01:00:00,1,613E2680,0,12.4,101.38,1,1,1
B026,2023-08-04 02:00:00,0,613H2228,0,,,1,0,0
B026,2023-08-04 02:00:00,1,613E2680,0,12.4,101.38,1,1,1
B026,2023-08-04 03:00:00,0,613H2228,0,,,1,0,0
B026,2023-08-04 03:00:00,1,613E2680,0,12.4,101.38,1,1,1
B026,2023-08-04 04:00:00,0,613H2228,0,,,1,0,0
B026,2023-08-04 04:00:00,1,613E2680,0,12.4,101.38,1,1,1
B026,2023-08-04 05:00:00,0,613H2228,0,,,1,0,0
B026,2023-08-04 05:00:00,1,613E2680,0,12.4,101.38,1,1,1
B026,2023-08-04 06:00:00,0,613H2228,0,,,1,0,0
B026,2023-08-04 06:00:00,1,613E2680,0,12.4,101.38,1,1,1
B026,2023-08-04 07:00:00,0,613H2228,0.1093678203,,,1,0,0
B026,2023-08-04 07:00:00,1,613E2680,0.002404915156,12.4,101.38,1,1,1
B026,2023-08-04 08:00:00,0,613H2228,0,,,1,0,0
B026,2023-08-04 08:00:00,1,613E2680,0,11.7,101.37,1,1,1
B026,2023-08-04 09:00:00,0,613H2228,0,,,1,0,0
B026,2023-08-04 09:00:00,1,613E2680,0,11.7,101.37,1,1,1
B026,2023-08-04 10:00:00,0,613H2228,0,,,1,0,0
B026,2023-08-04 10:00:00,1,613E2680,0,11.7,101.37,1,1,1
B026,2023-08-04 11:00:00,0,613H2228,0,,,1,0,0
B026,2023-08-04 11:00:00,1,613E2680,0,11.7,101.37,1,1,1
B026,2023-08-04 12:00:00,0,613H2228,0,,,1,0,0
B026,2023-08-04 12:00:00,1,613E2680,0,11.7,101.37,1,1,1
B026,2023-08-04 13:00:00,0,613H2228,0,,,1,0,0
B026,2023-08-04 13:00:00,1,613E2680,0,11.7,101.37,1,1,1
B026,2023-08-04 14:00:00,0,613H2228,0,,,1,0,0
B026,2023-08-04 14:00:00,1,613E2680,0,11.7,101.37,1,1,1
B026,2023-08-04 15:00:00,0,613H2228,0,,,1,0,0
B026,2023-08-04 15:00:00,1,613E2680,0,11.7,101.37,1,1,1
B026,2024-05-24 13:00:00,0,613H2228,0,,,1,0,0
B026,2024-05-24 13:00:00,1,613E2680,0,4.6,101.25,1,1,1
B026,2024-05-24 14:00:00,0,613H2228,0,,,1,0,0
B026,2024-05-24 14:00:00,1,613E2680,0,4.6,101.25,1,1,1
B026,2024-05-24 15:00:00,0,613H2228,0,,,1,0,0
B026,2024-05-24 15:00:00,1,613E2680,0,4.6,101.25,1,1,1
B026,2024-05-24 16:00:00,0,613H2228,0,,,1,0,0
B026,2024-05-24 16:00:00,1,613E2680,0,4.6,101.25,1,1,1
B026,2024-05-24 17:00:00,0,613H2228,0,,,1,0,0
B026,2024-05-24 17:00:00,1,613E2680,0,4.6,101.25,1,1,1
B026,2024-05-24 18:00:00,0,613H2228,0,,,1,0,0
B026,2024-05-24 18:00:00,1,613E2680,0,4.6,101.25,1,1,1
B026,2024-05-24 19:00:00,0,613H2228,0,,,1,0,0
B026,2024-05-24 19:00:00,1,613E2680,0,4.6,101.25,1,1,1
B026,2024-05-24 20:00:00,0,613H2228,0,,,1,0,0
B026,2024-05-24 20:00:00,1,613E2680,0,4.6,101.25,1,1,1
B026,2024-05-24 21:00:00,0,613H2228,0,,,1,0,0
B026,2024-05-24 21:00:00,1,613E2680,0,4.22,101.24,1,1,1
B026,2024-05-24 22:00:00,0,613H2228,0,,,1,0,0
B026,2024-05-24 22:00:00,1,613E2680,0,4.22,101.24,1,1,1
B026,2024-05-24 23:00:00,0,613H2228,0,,,1,0,0
B026,2024-05-24 23:00:00,1,613E2680,0,4.6,101.25,1,1,1
B026,2024-05-25 00:00:00,0,613H2228,0,,,1,0,0
B026,2024-05-25 00:00:00,1,613E2680,0,4.6,101.25,1,1,1
B026,2024-05-25 01:00:00,0,613H2228,0,,,1,0,0
B026,2024-05-25 01:00:00,1,613E2680,0,4.6,101.25,1,1,1
B026,2024-05-25 02:00:00,0,613H2228,0,,,1,0,0
B026,2024-05-25 02:00:00,1,613E2680,0,4.6,101.25,1,1,1
B026,2024-05-25 03:00:00,0,613H2228,0,,,1,0,0
B026,2024-05-25 03:00:00,1,613E2680,0,4.6,101.25,1,1,1
B026,2024-05-25 04:00:00,0,613H2228,0,,,1,0,0
B026,2024-05-25 04:00:00,1,613E2680,0,4.6,101.25,1,1,1
B026,2024-05-25 05:00:00,0,613H2228,0,,,1,0,0
B026,2024-05-25 05:00:00,1,613E2680,0,4.6,101.25,1,1,1
B026,2024-05-25 06:00:00,0,613H2228,0,,,1,0,0
B026,2024-05-25 06:00:00,1,613E2680,0,4.6,101.25,1,1,1
B026,2024-05-25 07:00:00,0,613H2228,0,,,1,0,0
B026,2024-05-25 07:00:00,1,613E2680,0,4.22,101.24,1,1,1
B026,2024-05-25 08:00:00,0,613H2228,0,,,1,0,0
B026,2024-05-25 08:00:00,1,613E2680,0,4.22,101.24,1,1,1
B026,2024-05-25 09:00:00,0,613H2228,0,,,1,0,0
B026,2024-05-25 09:00:00,1,613E2680,0,4.22,101.24,1,1,1
B026,2024-05-25 10:00:00,0,613H2228,0,,,1,0,0
B026,2024-05-25 10:00:00,1,613E2680,0,4.22,101.24,1,1,1
B026,2024-05-25 11:00:00,0,613H2228,0,,,1,0,0
B026,2024-05-25 11:00:00,1,613E2680,0,4.22,101.24,1,1,1
B026,2024-05-25 12:00:00,0,613H2228,0,,,1,0,0
B026,2024-05-25 12:00:00,1,613E2680,0,4.22,101.24,1,1,1
B026,2024-05-25 13:00:00,0,613H2228,0,,,1,0,0
B026,2024-05-25 13:00:00,1,613E2680,0,4.22,101.24,1,1,1
B026,2024-05-25 14:00:00,0,613H2228,0,,,1,0,0
B026,2024-05-25 14:00:00,1,613E2680,0,4.6,101.25,1,1,1
B026,2024-05-25 15:00:00,0,613H2228,0,,,1,0,0
B026,2024-05-25 15:00:00,1,613E2680,0,4.22,101.24,1,1,1
B026,2024-05-25 16:00:00,0,613H2228,0,,,1,0,0
B026,2024-05-25 16:00:00,1,613E2680,0,4.22,101.24,1,1,1
B026,2024-05-25 17:00:00,0,613H2228,0,,,1,0,0
B026,2024-05-25 17:00:00,1,613E2680,0,4.22,101.24,1,1,1
B026,2024-05-25 18:00:00,0,613H2228,0,,,1,0,0
B026,2024-05-25 18:00:00,1,613E2680,0,4.22,101.24,1,1,1
B026,2024-05-25 19:00:00,0,613H2228,0,,,1,0,0
B026,2024-05-25 19:00:00,1,613E2680,0,4.22,101.24,1,1,1
B026,2024-05-25 20:00:00,0,613H2228,0,,,1,0,0
B026,2024-05-25 20:00:00,1,613E2680,0,4.22,101.24,1,1,1
B026,2024-05-25 21:00:00,0,613H2228,0,,,1,0,0
B026,2024-05-25 21:00:00,1,613E2680,0,4.22,101.24,1,1,1
B026,2024-05-25 22:00:00,0,613H2228,0,,,1,0,0
B026,2024-05-25 22:00:00,1,613E2680,0,4.22,101.24,1,1,1
B026,2024-05-25 23:00:00,0,613H2228,0,,,1,0,0
B026,2024-05-25 23:00:00,1,613E2680,0,4.22,101.24,1,1,1
B026,2024-05-26 00:00:00,0,613H2228,0,,,1,0,0
B026,2024-05-26 00:00:00,1,613E2680,0,4.22,101.24,1,1,1
B026,2024-05-26 01:00:00,0,613H2228,0,,,1,0,0
B026,2024-05-26 01:00:00,1,613E2680,0,4.6,101.25,1,1,1
B026,2024-05-26 02:00:00,0,613H2228,0,,,1,0,0
B026,2024-05-26 02:00:00,1,613E2680,0,4.6,101.25,1,1,1
B026,2024-05-26 03:00:00,0,613H2228,0,,,1,0,0
B026,2024-05-26 03:00:00,1,613E2680,0,4.22,101.24,1,1,1
B026,2024-05-26 04:00:00,0,613H2228,0,,,1,0,0
B026,2024-05-26 04:00:00,1,613E2680,0,4.22,101.24,1,1,1
B026,2024-05-26 05:00:00,0,613H2228,0,,,1,0,0
B026,2024-05-26 05:00:00,1,613E2680,0,4.22,101.24,1,1,1
B026,2024-05-26 06:00:00,0,613H2228,0,,,1,0,0
B026,2024-05-26 06:00:00,1,613E2680,0,4.22,101.24,1,1,1
B026,2024-05-26 07:00:00,0,613H2228,0,,,1,0,0
B026,2024-05-26 07:00:00,1,613E2680,0,4.22,101.24,1,1,1
B026,2024-05-26 08:00:00,0,613H2228,0,,,1,0,0
B026,2024-05-26 08:00:00,1,613E2680,0,4.22,101.24,1,1,1
B026,2024-05-26 09:00:00,0,613H2228,0,,,1,0,0
B026,2024-05-26 09:00:00,1,613E2680,0,4.22,101.24,1,1,1
B026,2024-05-26 10:00:00,0,613H2228,0,,,1,0,0
B026,2024-05-26 10:00:00,1,613E2680,0,4.22,101.24,1,1,1
B026,2024-05-26 11:00:00,0,613H2228,0,,,1,0,0
B026,2024-05-26 11:00:00,1,613E2680,0,4.22,101.24,1,1,1
B026,2024-05-26 12:00:00,0,613H2228,0,,,1,0,0
B026,2024-05-26 12:00:00,1,613E2680,0,4.22,101.24,1,1,1
B026,2024-05-26 13:00:00,0,613H2228,0,,,1,0,0
B026,2024-05-26 13:00:00,1,613E2680,0.2351386626,4.22,101.24,1,1,1
B026,2024-05-26 14:00:00,0,613H2228,0.2770470763,,,1,0,0
B026,2024-05-26 14:00:00,1,613E2680,0.4796759879,4.22,101.24,1,1,1
B026,2024-05-26 15:00:00,0,613H2228,1.720605956,,,1,0,0
B026,2024-05-26 15:00:00,1,613E2680,1.360858272,3.84,101.23,1,1,1
B026,2024-05-26 16:00:00,0,613H2228,1.813421831,,,1,0,0
B026,2024-05-26 16:00:00,1,613E2680,1.147852855,3.84,101.23,1,1,1
B026,2024-05-26 17:00:00,0,613H2228,0.532755227,,,1,0,0
B026,2024-05-26 17:00:00,1,613E2680,0.2638868346,3.84,101.23,1,1,1
B026,2024-05-26 18:00:00,0,613H2228,1.374540625,,,1,0,0
B026,2024-05-26 18:00:00,1,613E2680,0.8731239848,3.84,101.23,1,1,1
B026,2024-05-26 19:00:00,0,613H2228,2.929448499,,,1,0,0
B026,2024-05-26 19:00:00,1,613E2680,5.099811434,4.22,101.24,1,1,1
B026,2024-05-26 20:00:00,0,613H2228,2.258634759,,,1,0,0
B026,2024-05-26 20:00:00,1,613E2680,4.784811497,4.22,101.24,1,1,1
B026,2024-05-26 21:00:00,0,613H2228,2.271921113,,,1,0,0
B026,2024-05-26 21:00:00,1,613E2680,1.808362063,4.22,101.24,1,1,1
B026,2024-05-26 22:00:00,0,613H2228,0.9477332166,,,1,0,0
B026,2024-05-26 22:00:00,1,613E2680,0.7210114608,4.22,101.24,1,1,1
B026,2024-05-26 23:00:00,0,613H2228,0.2905398592,,,1,0,0
B026,2024-05-26 23:00:00,1,613E2680,0.06064779396,4.6,101.25,1,1,1
B026,2024-05-27 00:00:00,0,613H2228,0.1805726462,,,1,0,0
B026,2024-05-27 00:00:00,1,613E2680,0.5391981466,10.3,101.35,1,1,1
B026,2024-05-27 01:00:00,0,613H2228,0,,,1,0,0
B026,2024-05-27 01:00:00,1,613E2680,0.1929475061,29.5,101.57,1,1,1
B026,2024-05-27 02:00:00,0,613H2228,0,,,1,0,0
B026,2024-05-27 02:00:00,1,613E2680,0,27.4,101.55,1,1,1
B026,2024-05-27 03:00:00,0,613H2228,0.1093678203,,,1,0,0
B026,2024-05-27 03:00:00,1,613E2680,0.1494027123,28.5,101.56,1,1,1
B026,2024-05-27 04:00:00,0,613H2228,0,,,1,0,0
B026,2024-05-27 04:00:00,1,613E2680,0.02099968531,30.6,101.58,1,1,1
B026,2024-05-27 05:00:00,0,613H2228,0,,,1,0,0
B026,2024-05-27 05:00:00,1,613E2680,0,31.6,101.59,1,1,1
B026,2024-05-27 06:00:00,0,613H2228,0,,,1,0,0
B026,2024-05-27 06:00:00,1,613E2680,0,32.7,101.6,1,1,1
B026,2024-05-27 07:00:00,0,613H2228,14.70646889,,,1,0,0
B026,2024-05-27 07:00:00,1,613E2680,17.57094948,31.6,101.59,1,1,1
B026,2024-05-27 08:00:00,0,613H2228,0,,,1,0,0
B026,2024-05-27 08:00:00,1,613E2680,0,29.5,101.57,1,1,1
B026,2024-05-27 09:00:00,0,613H2228,0,,,1,0,0
B026,2024-05-27 09:00:00,1,613E2680,0,27.4,101.55,1,1,1
B026,2024-05-27 10:00:00,0,613H2228,0,,,1,0,0
B026,2024-05-27 10:00:00,1,613E2680,0,25.5,101.53,1,1,1
B026,2024-05-27 11:00:00,0,613H2228,0,,,1,0,0
B026,2024-05-27 11:00:00,1,613E2680,0.01504225072,24.5,101.52,1,1,1
B026,2024-05-27 12:00:00,0,613H2228,0,,,1,0,0
B026,2024-05-27 12:00:00,1,613E2680,0,24.5,101.52,1,1,1
B026,2024-05-27 13:00:00,0,613H2228,0,,,1,0,0
B026,2024-05-27 13:00:00,1,613E2680,0,24.5,101.52,1,1,1
B026,2024-05-27 14:00:00,0,613H2228,0.07770261947,,,1,0,0
B026,2024-05-27 14:00:00,1,613E2680,0.1173067938,24.5,101.52,1,1,1
B026,2024-05-27 15:00:00,0,613H2228,0.0722290585,,,1,0,0
B026,2024-05-27 15:00:00,1,613E2680,0,24.5,101.52,1,1,1
B026,2024-05-27 16:00:00,0,613H2228,0,,,1,0,0
B026,2024-05-27 16:00:00,1,613E2680,4.43096901e-06,24.5,101.52,1,1,1
B026,2024-05-27 17:00:00,0,613H2228,0,,,1,0,0
B026,2024-05-27 17:00:00,1,613E2680,0,24.5,101.52,1,1,1
B026,2024-05-27 18:00:00,0,613H2228,0,,,1,0,0
B026,2024-05-27 18:00:00,1,613E2680,0,24.5,101.52,1,1,1
B026,2024-05-27 19:00:00,0,613H2228,0,,,1,0,0
B026,2024-05-27 19:00:00,1,613E2680,0,23.6,101.51,1,1,1
B026,2024-05-27 20:00:00,0,613H2228,0,,,1,0,0
B026,2024-05-27 20:00:00,1,613E2680,0,23.6,101.51,1,1,1
B026,2024-05-27 21:00:00,0,613H2228,0,,,1,0,0
B026,2024-05-27 21:00:00,1,613E2680,0,23.6,101.51,1,1,1
B026,2024-05-27 22:00:00,0,613H2228,0,,,1,0,0
B026,2024-05-27 22:00:00,1,613E2680,0,22.6,101.5,1,1,1
B026,2024-05-27 23:00:00,0,613H2228,0,,,1,0,0
B026,2024-05-27 23:00:00,1,613E2680,0,22.6,101.5,1,1,1
B026,2024-05-28 00:00:00,0,613H2228,0,,,1,0,0
B026,2024-05-28 00:00:00,1,613E2680,0,22.6,101.5,1,1,1
B026,2024-05-28 01:00:00,0,613H2228,0,,,1,0,0
B026,2024-05-28 01:00:00,1,613E2680,0,22.6,101.5,1,1,1
B026,2024-05-28 02:00:00,0,613H2228,0,,,1,0,0
B026,2024-05-28 02:00:00,1,613E2680,0,22.6,101.5,1,1,1
B026,2024-05-28 03:00:00,0,613H2228,0,,,1,0,0
B026,2024-05-28 03:00:00,1,613E2680,0,21.7,101.49,1,1,1
B026,2024-05-28 04:00:00,0,613H2228,0,,,1,0,0
B026,2024-05-28 04:00:00,1,613E2680,0,21.7,101.49,1,1,1
B026,2024-05-28 05:00:00,0,613H2228,0,,,1,0,0
B026,2024-05-28 05:00:00,1,613E2680,0,21.7,101.49,1,1,1
B026,2024-05-28 06:00:00,0,613H2228,0,,,1,0,0
B026,2024-05-28 06:00:00,1,613E2680,0,21.7,101.49,1,1,1
B026,2024-05-28 07:00:00,0,613H2228,0.149931678,,,1,0,0
B026,2024-05-28 07:00:00,1,613E2680,0.1323490445,21.7,101.49,1,1,1
B026,2024-05-28 08:00:00,0,613H2228,0,,,1,0,0
B026,2024-05-28 08:00:00,1,613E2680,0,21.7,101.49,1,1,1
B026,2024-05-28 09:00:00,0,613H2228,0,,,1,0,0
B026,2024-05-28 09:00:00,1,613E2680,0,20.8,101.48,1,1,1
B026,2024-05-28 10:00:00,0,613H2228,0,,,1,0,0
B026,2024-05-28 10:00:00,1,613E2680,0,17.2,101.44,1,1,1
B026,2024-05-28 11:00:00,0,613H2228,0,,,1,0,0
B026,2024-05-28 11:00:00,1,613E2680,0,13.8,101.4,1,1,1
B026,2024-05-28 12:00:00,0,613H2228,0,,,1,0,0
B026,2024-05-28 12:00:00,1,613E2680,0,11,101.36,1,1,1
B026,2024-05-28 13:00:00,0,613H2228,0,,,1,0,0
B026,2024-05-28 13:00:00,1,613E2680,0,9.02,101.33,1,1,1
B026,2024-05-28 14:00:00,0,613H2228,0,,,1,0,0
B026,2024-05-28 14:00:00,1,613E2680,0,8.38,101.32,1,1,1
B026,2024-05-28 15:00:00,0,613H2228,0,,,1,0,0
B026,2024-05-28 15:00:00,1,613E2680,0,7.74,101.31,1,1,1
B026,2024-05-28 16:00:00,0,613H2228,0,,,1,0,0
B026,2024-05-28 16:00:00,1,613E2680,0,7.74,101.31,1,1,1
B026,2024-05-28 17:00:00,0,613H2228,0,,,1,0,0
B026,2024-05-28 17:00:00,1,613E2680,0,7.74,101.31,1,1,1
B026,2024-05-28 18:00:00,0,613H2228,0,,,1,0,0
B026,2024-05-28 18:00:00,1,613E2680,0,7.74,101.31,1,1,1
B026,2024-05-28 19:00:00,0,613H2228,0,,,1,0,0
B026,2024-05-28 19:00:00,1,613E2680,0,7.74,101.31,1,1,1
B026,2024-05-28 20:00:00,0,613H2228,0,,,1,0,0
B026,2024-05-28 20:00:00,1,613E2680,0,7.74,101.31,1,1,1
B026,2024-05-28 21:00:00,0,613H2228,2.993425514e-05,,,1,0,0
B026,2024-05-28 21:00:00,1,613E2680,0.01521704092,7.74,101.31,1,1,1
B026,2024-05-28 22:00:00,0,613H2228,0,,,1,0,0
B026,2024-05-28 22:00:00,1,613E2680,0,7.74,101.31,1,1,1
B026,2024-05-28 23:00:00,0,613H2228,0,,,1,0,0
B026,2024-05-28 23:00:00,1,613E2680,0,7.74,101.31,1,1,1
B026,2024-05-29 00:00:00,0,613H2228,0,,,1,0,0
B026,2024-05-29 00:00:00,1,613E2680,0,7.74,101.31,1,1,1
B026,2024-05-29 01:00:00,0,613H2228,0,,,1,0,0
B026,2024-05-29 01:00:00,1,613E2680,0,7.74,101.31,1,1,1
B026,2024-05-29 02:00:00,0,613H2228,0,,,1,0,0
B026,2024-05-29 02:00:00,1,613E2680,0,7.74,101.31,1,1,1
B026,2024-05-29 03:00:00,0,613H2228,0,,,1,0,0
B026,2024-05-29 03:00:00,1,613E2680,0,7.74,101.31,1,1,1
B026,2024-05-29 04:00:00,0,613H2228,0,,,1,0,0
B026,2024-05-29 04:00:00,1,613E2680,0,7.74,101.31,1,1,1
B026,2024-05-29 05:00:00,0,613H2228,0,,,1,0,0
B026,2024-05-29 05:00:00,1,613E2680,0,7.74,101.31,1,1,1
B026,2024-05-29 06:00:00,0,613H2228,0,,,1,0,0
B026,2024-05-29 06:00:00,1,613E2680,0,7.74,101.31,1,1,1
B026,2024-05-29 07:00:00,0,613H2228,0,,,1,0,0
B026,2024-05-29 07:00:00,1,613E2680,0,7.1,101.3,1,1,1
B026,2024-05-29 08:00:00,0,613H2228,0,,,1,0,0
B026,2024-05-29 08:00:00,1,613E2680,0,6.6,101.29,1,1,1
B026,2024-05-29 09:00:00,0,613H2228,0,,,1,0,0
B026,2024-05-29 09:00:00,1,613E2680,0,6.1,101.28,1,1,1
B026,2024-05-29 10:00:00,0,613H2228,0,,,1,0,0
B026,2024-05-29 10:00:00,1,613E2680,0.3382656036,6.1,101.28,1,1,1
B026,2024-05-29 11:00:00,0,613H2228,1.168052219,,,1,0,0
B026,2024-05-29 11:00:00,1,613E2680,1.848923303,5.6,101.27,1,1,1
B026,2024-05-29 12:00:00,0,613H2228,3.917746369,,,1,0,0
B026,2024-05-29 12:00:00,1,613E2680,3.729579561,6.1,101.28,1,1,1
B026,2024-05-29 13:00:00,0,613H2228,5.968048295,,,1,0,0
B026,2024-05-29 13:00:00,1,613E2680,5.142914144,6.1,101.28,1,1,1
B026,2024-05-29 14:00:00,0,613H2228,2.859640554,,,1,0,0
B026,2024-05-29 14:00:00,1,613E2680,1.447585531,6.1,101.28,1,1,1
B026,2024-05-29 15:00:00,0,613H2228,1.237868861,,,1,0,0
B026,2024-05-29 15:00:00,1,613E2680,1.055543581,6.1,101.28,1,1,1
B026,2024-05-29 16:00:00,0,613H2228,1.63706391,,,1,0,0
B026,2024-05-29 16:00:00,1,613E2680,0.7825063742,6.1,101.28,1,1,1
B026,2024-05-29 17:00:00,0,613H2228,0.5113161023,,,1,0,0
B026,2024-05-29 17:00:00,1,613E2680,0.495078892,6.1,101.28,1,1,1
B026,2024-08-16 00:00:00,0,613H2228,0.06624278399,,,1,0,0
B026,2024-08-16 00:00:00,1,613E2680,0,4.22,101.24,1,1,1
B026,2024-08-16 01:00:00,0,613H2228,0,,,1,0,0
B026,2024-08-16 01:00:00,1,613E2680,0.3917415754,4.22,101.24,1,1,1
B026,2024-08-16 02:00:00,0,613H2228,0.0843784446,,,1,0,0
B026,2024-08-16 02:00:00,1,613E2680,2.003884728,4.22,101.24,1,1,1
B026,2024-08-16 03:00:00,0,613H2228,5.35099909,,,1,0,0
B026,2024-08-16 03:00:00,1,613E2680,1.252404919,4.22,101.24,1,1,1
B026,2024-08-16 04:00:00,0,613H2228,19.30057784,,,1,0,0
B026,2024-08-16 04:00:00,1,613E2680,4.792452882,4.22,101.24,1,1,1
B026,2024-08-16 05:00:00,0,613H2228,0.6527348159,,,1,0,0
B026,2024-08-16 05:00:00,1,613E2680,0.4442905755,4.22,101.24,1,1,1
B026,2024-08-16 06:00:00,0,613H2228,0.0132485568,,,1,0,0
B026,2024-08-16 06:00:00,1,613E2680,0.1410831976,4.22,101.24,1,1,1
B026,2024-08-16 07:00:00,0,613H2228,25.4673733,,,1,0,0
B026,2024-08-16 07:00:00,1,613E2680,8.402775196,4.22,101.24,1,1,1
B026,2024-08-16 08:00:00,0,613H2228,0.1807993581,,,1,0,0
B026,2024-08-16 08:00:00,1,613E2680,0.145272546,4.22,101.24,1,1,1
B026,2024-08-16 09:00:00,0,613H2228,0,,,1,0,0
B026,2024-08-16 09:00:00,1,613E2680,0.2071229987,4.22,101.24,1,1,1
B026,2024-08-16 10:00:00,0,613H2228,0.437561084,,,1,0,0
B026,2024-08-16 10:00:00,1,613E2680,0.1813426241,4.22,101.24,1,1,1
B026,2024-08-16 11:00:00,0,613H2228,2.395073957,,,1,0,0
B026,2024-08-16 11:00:00,1,613E2680,0.569953557,4.22,101.24,1,1,1
B026,2024-08-16 12:00:00,0,613H2228,1.420787366,,,1,0,0
B026,2024-08-16 12:00:00,1,613E2680,0.3081194019,4.22,101.24,1,1,1
B026,2024-08-16 13:00:00,0,613H2228,5.483101812,,,1,0,0
B026,2024-08-16 13:00:00,1,613E2680,2.146027643,4.22,101.24,1,1,1
B026,2024-08-16 14:00:00,0,613H2228,6.776888332,,,1,0,0
B026,2024-08-16 14:00:00,1,613E2680,1.962918157,4.22,101.24,1,1,1
B026,2024-08-16 15:00:00,0,613H2228,0.674790256,,,1,0,0
B026,2024-08-16 15:00:00,1,613E2680,1.663815965,4.22,101.24,1,1,1
B026,2024-08-16 16:00:00,0,613H2228,0,,,1,0,0
B026,2024-08-16 16:00:00,1,613E2680,0.07459153033,,,1,0,0
B026,2024-08-16 17:00:00,0,613H2228,0,,,1,0,0
B026,2024-08-16 17:00:00,1,613E2680,0.04837743676,4.22,101.24,1,1,1
B026,2024-08-16 18:00:00,0,613H2228,0,,,1,0,0
B026,2024-08-16 18:00:00,1,613E2680,0,4.22,101.24,1,1,1
B026,2024-08-16 19:00:00,0,613H2228,1.305341177,,,1,0,0
B026,2024-08-16 19:00:00,1,613E2680,0.2074467943,4.22,101.24,1,1,1
B026,2024-08-16 20:00:00,0,613H2228,0,,,1,0,0
B026,2024-08-16 20:00:00,1,613E2680,0,4.22,101.24,1,1,1
B026,2024-08-16 21:00:00,0,613H2228,0,,,1,0,0
B026,2024-08-16 21:00:00,1,613E2680,0,,,1,0,0
B026,2024-08-16 22:00:00,0,613H2228,0,,,1,0,0
B026,2024-08-16 22:00:00,1,613E2680,0,4.6,101.25,1,1,1
B026,2024-08-16 23:00:00,0,613H2228,0,,,1,0,0
B026,2024-08-16 23:00:00,1,613E2680,0,4.6,101.25,1,1,1
B026,2024-08-17 00:00:00,0,613H2228,0,,,1,0,0
B026,2024-08-17 00:00:00,1,613E2680,0.02099968531,14.7,101.41,1,1,1
B026,2024-08-17 01:00:00,0,613H2228,0,,,1,0,0
B026,2024-08-17 01:00:00,1,613E2680,0.00637806615,31.6,101.59,1,1,1
B026,2024-08-17 02:00:00,0,613H2228,0,,,1,0,0
B026,2024-08-17 02:00:00,1,613E2680,0,32.7,101.6,1,1,1
B026,2024-08-17 03:00:00,0,613H2228,0.1093678203,,,1,0,0
B026,2024-08-17 03:00:00,1,613E2680,0.007791018553,33.8,101.61,1,1,1
B026,2024-08-17 04:00:00,0,613H2228,0.03611452925,,,1,0,0
B026,2024-08-17 04:00:00,1,613E2680,0.003147335617,33.8,101.61,1,1,1
B026,2024-08-17 05:00:00,0,613H2228,0.08386956226,,,1,0,0
B026,2024-08-17 05:00:00,1,613E2680,0.2073687564,33.8,101.61,1,1,1
B026,2024-08-17 06:00:00,0,613H2228,1.999614132,,,1,0,0
B026,2024-08-17 06:00:00,1,613E2680,0.4998647271,32.7,101.6,1,1,1
B026,2024-08-17 07:00:00,0,613H2228,14.13548367,,,1,0,0
B026,2024-08-17 07:00:00,1,613E2680,3.949910661,32.7,101.6,1,1,1
B026,2024-08-17 08:00:00,0,613H2228,11.37558924,,,1,0,0
B026,2024-08-17 08:00:00,1,613E2680,2.340484231,32.7,101.6,1,1,1
B026,2024-08-17 09:00:00,0,613H2228,0.4122424314,,,1,0,0
B026,2024-08-17 09:00:00,1,613E2680,1.389739424,32.7,101.6,1,1,1
B026,2024-08-17 10:00:00,0,613H2228,0.108373522,,,1,0,0
B026,2024-08-17 10:00:00,1,613E2680,0.02967462024,32.7,101.6,1,1,1
B026,2024-08-17 11:00:00,0,613H2228,0.1093977546,,,1,0,0
B026,2024-08-17 11:00:00,1,613E2680,0.1672824879,32.7,101.6,1,1,1
B026,2024-08-17 12:00:00,0,613H2228,0.1454823495,,,1,0,0
B026,2024-08-17 12:00:00,1,613E2680,0.002404915156,33.8,101.61,1,1,1
B026,2024-08-17 13:00:00,0,613H2228,0,,,1,0,0
B026,2024-08-17 13:00:00,1,613E2680,0.00637806615,33.8,101.61,1,1,1
B026,2024-08-17 14:00:00,0,613H2228,0,,,1,0,0
B026,2024-08-17 14:00:00,1,613E2680,0,33.8,101.61,1,1,1
B026,2024-08-17 15:00:00,0,613H2228,0,,,1,0,0
B026,2024-08-17 15:00:00,1,613E2680,0.00637806615,35.9,101.63,1,1,1
B026,2024-08-17 16:00:00,0,613H2228,0,,,1,0,0
B026,2024-08-17 16:00:00,1,613E2680,0.8463660206,35.9,101.63,1,1,1
B026,2024-08-17 17:00:00,0,613H2228,0,,,1,0,0
B026,2024-08-17 17:00:00,1,613E2680,0,35.9,101.63,1,1,1
B026,2024-08-17 18:00:00,0,613H2228,0,,,1,0,0
B026,2024-08-17 18:00:00,1,613E2680,0,35.9,101.63,1,1,1
B026,2024-08-17 19:00:00,0,613H2228,0,,,1,0,0
B026,2024-08-17 19:00:00,1,613E2680,0,37,101.64,1,1,1
B026,2024-08-17 20:00:00,0,613H2228,0,,,1,0,0
B026,2024-08-17 20:00:00,1,613E2680,0,37,101.64,1,1,1
B026,2024-08-17 21:00:00,0,613H2228,0,,,1,0,0
B026,2024-08-17 21:00:00,1,613E2680,0,37,101.64,1,1,1
B026,2024-08-17 22:00:00,0,613H2228,0,,,1,0,0
B026,2024-08-17 22:00:00,1,613E2680,0,38.1,101.65,1,1,1
B026,2024-08-17 23:00:00,0,613H2228,0,,,1,0,0
B026,2024-08-17 23:00:00,1,613E2680,0,38.1,101.65,1,1,1
B026,2024-08-18 00:00:00,0,613H2228,0,,,1,0,0
B026,2024-08-18 00:00:00,1,613E2680,0.02099968531,38.1,101.65,1,1,1
B026,2024-08-18 01:00:00,0,613H2228,0,,,1,0,0
B026,2024-08-18 01:00:00,1,613E2680,0,38.1,101.65,1,1,1
B026,2024-08-18 02:00:00,0,613H2228,0,,,1,0,0
B026,2024-08-18 02:00:00,1,613E2680,0,39.2,101.66,1,1,1
B026,2024-08-18 03:00:00,0,613H2228,0,,,1,0,0
B026,2024-08-18 03:00:00,1,613E2680,0,39.2,101.66,1,1,1
B026,2024-08-18 04:00:00,0,613H2228,0,,,1,0,0
B026,2024-08-18 04:00:00,1,613E2680,0,39.2,101.66,1,1,1
B026,2024-08-18 05:00:00,0,613H2228,0,,,1,0,0
B026,2024-08-18 05:00:00,1,613E2680,0,39.2,101.66,1,1,1
B026,2024-08-18 06:00:00,0,613H2228,0,,,1,0,0
B026,2024-08-18 06:00:00,1,613E2680,0,38.1,101.65,1,1,1
B026,2024-08-18 07:00:00,0,613H2228,9.744634037,,,1,0,0
B026,2024-08-18 07:00:00,1,613E2680,3.071023095,38.1,101.65,1,1,1
B026,2024-08-18 08:00:00,0,613H2228,1.905413916,,,1,0,0
B026,2024-08-18 08:00:00,1,613E2680,0.4196606764,38.1,101.65,1,1,1
B026,2024-08-18 09:00:00,0,613H2228,2.671736384,,,1,0,0
B026,2024-08-18 09:00:00,1,613E2680,1.929371638,38.1,101.65,1,1,1
B026,2024-08-18 10:00:00,0,613H2228,0.6838371261,,,1,0,0
B026,2024-08-18 10:00:00,1,613E2680,0.9469022479,39.2,101.66,1,1,1
B026,2024-08-18 11:00:00,0,613H2228,2.993425514e-05,,,1,0,0
B026,2024-08-18 11:00:00,1,613E2680,0.5347861669,38.1,101.65,1,1,1
B026,2024-08-18 12:00:00,0,613H2228,0,,,1,0,0
B026,2024-08-18 12:00:00,1,613E2680,0.01544954208,38.1,101.65,1,1,1
B026,2024-08-18 13:00:00,0,613H2228,0.08383962801,,,1,0,0
B026,2024-08-18 13:00:00,1,613E2680,0.004702174945,37,101.64,1,1,1
B026,2024-08-18 14:00:00,0,613H2228,0,,,1,0,0
B026,2024-08-18 14:00:00,1,613E2680,0.1032153684,35.9,101.63,1,1,1
B026,2024-08-18 15:00:00,0,613H2228,0,,,1,0,0
B026,2024-08-18 15:00:00,1,613E2680,0,35.9,101.63,1,1,1
B026,2024-08-18 16:00:00,0,613H2228,0.08383962801,,,1,0,0
B026,2024-08-18 16:00:00,1,613E2680,0.004702174945,35.9,101.63,1,1,1
B026,2024-08-18 17:00:00,0,613H2228,0,,,1,0,0
B026,2024-08-18 17:00:00,1,613E2680,0.02099968531,35.9,101.63,1,1,1
B026,2024-08-18 18:00:00,0,613H2228,0,,,1,0,0
B026,2024-08-18 18:00:00,1,613E2680,0.00637806615,35.9,101.63,1,1,1
B026,2024-08-18 19:00:00,0,613H2228,0,,,1,0,0
B026,2024-08-18 19:00:00,1,613E2680,0,35.9,101.63,1,1,1
B026,2024-08-18 20:00:00,0,613H2228,0.0722290585,,,1,0,0
B026,2024-08-18 20:00:00,1,613E2680,0,34.9,101.62,1,1,1
B026,2024-08-18 21:00:00,0,613H2228,0,,,1,0,0
B026,2024-08-18 21:00:00,1,613E2680,0,37,101.64,1,1,1
B026,2024-08-18 22:00:00,0,613H2228,0,,,1,0,0
B026,2024-08-18 22:00:00,1,613E2680,0,39.2,101.66,1,1,1
B026,2024-08-18 23:00:00,0,613H2228,0.1454823495,,,1,0,0
B026,2024-08-18 23:00:00,1,613E2680,0.1143197161,39.2,101.66,1,1,1
B026,2024-08-19 00:00:00,0,613H2228,0.3757046622,,,1,0,0
B026,2024-08-19 00:00:00,1,613E2680,0.2390970992,39.2,101.66,1,1,1
B026,2024-08-19 01:00:00,0,613H2228,0,,,1,0,0
B026,2024-08-19 01:00:00,1,613E2680,0.00637806615,39.2,101.66,1,1,1
B026,2024-08-19 02:00:00,0,613H2228,0,,,1,0,0
B026,2024-08-19 02:00:00,1,613E2680,0.02064307367,38.1,101.65,1,1,1
B026,2024-08-19 03:00:00,0,613H2228,0,,,1,0,0
B026,2024-08-19 03:00:00,1,613E2680,0.05340579867,38.1,101.65,1,1,1
B026,2024-08-19 04:00:00,0,613H2228,0,,,1,0,0
B026,2024-08-19 04:00:00,1,613E2680,0.009071475928,38.1,101.65,1,1,1
B026,2024-08-19 05:00:00,0,613H2228,0,,,1,0,0
B026,2024-08-19 05:00:00,1,613E2680,0,38.1,101.65,1,1,1
B026,2024-08-19 06:00:00,0,613H2228,0,,,1,0,0
B026,2024-08-19 06:00:00,1,613E2680,0,38.1,101.65,1,1,1
B026,2024-08-19 07:00:00,0,613H2228,6.022022884,,,1,0,0
B026,2024-08-19 07:00:00,1,613E2680,4.44161555,38.1,101.65,1,1,1
B026,2024-08-19 08:00:00,0,613H2228,0,,,1,0,0
B026,2024-08-19 08:00:00,1,613E2680,0,37,101.64,1,1,1
B026,2024-08-19 09:00:00,0,613H2228,0,,,1,0,0
B026,2024-08-19 09:00:00,1,613E2680,0.02064307367,37,101.64,1,1,1
B026,2024-08-19 10:00:00,0,613H2228,0,,,1,0,0
B026,2024-08-19 10:00:00,1,613E2680,0,35.9,101.63,1,1,1
B026,2024-08-19 11:00:00,0,613H2228,0,,,1,0,0
B026,2024-08-19 11:00:00,1,613E2680,0,34.9,101.62,1,1,1
B026,2024-08-19 12:00:00,0,613H2228,0,,,1,0,0
B026,2024-08-19 12:00:00,1,613E2680,0,33.8,101.61,1,1,1
B026,2024-08-19 13:00:00,0,613H2228,0,,,1,0,0
B026,2024-08-19 13:00:00,1,613E2680,0.00637806615,33.8,101.61,1,1,1
B026,2024-08-19 14:00:00,0,613H2228,0,,,1,0,0
B026,2024-08-19 14:00:00,1,613E2680,0.0127561323,32.7,101.6,1,1,1
B026,2024-08-19 15:00:00,0,613H2228,0,,,1,0,0
B026,2024-08-19 15:00:00,1,613E2680,0.00637806615,31.6,101.59,1,1,1
B026,2024-08-19 16:00:00,0,613H2228,0,,,1,0,0
B026,2024-08-19 16:00:00,1,613E2680,0,31.6,101.59,1,1,1
B026,2024-08-19 17:00:00,0,613H2228,0,,,1,0,0
B026,2024-08-19 17:00:00,1,613E2680,0,31.6,101.59,1,1,1
B026,2024-08-19 18:00:00,0,613H2228,0,,,1,0,0
B026,2024-08-19 18:00:00,1,613E2680,0,30.6,101.58,1,1,1
B026,2024-08-19 19:00:00,0,613H2228,0,,,1,0,0
B026,2024-08-19 19:00:00,1,613E2680,0,29.5,101.57,1,1,1
B026,2024-08-19 20:00:00,0,613H2228,0,,,1,0,0
B026,2024-08-19 20:00:00,1,613E2680,0,29.5,101.57,1,1,1
B026,2024-08-19 21:00:00,0,613H2228,0,,,1,0,0
B026,2024-08-19 21:00:00,1,613E2680,0.00637806615,28.5,101.56,1,1,1
B026,2024-08-19 22:00:00,0,613H2228,0,,,1,0,0
B026,2024-08-19 22:00:00,1,613E2680,0,28.5,101.56,1,1,1
B026,2024-08-19 23:00:00,0,613H2228,0,,,1,0,0
B026,2024-08-19 23:00:00,1,613E2680,0,27.4,101.55,1,1,1
B026,2024-08-20 00:00:00,0,613H2228,0,,,1,0,0
B026,2024-08-20 00:00:00,1,613E2680,0,27.4,101.55,1,1,1
B026,2024-08-20 01:00:00,0,613H2228,0,,,1,0,0
B026,2024-08-20 01:00:00,1,613E2680,0,26.4,101.54,1,1,1
B026,2024-08-20 02:00:00,0,613H2228,0,,,1,0,0
B026,2024-08-20 02:00:00,1,613E2680,0,26.4,101.54,1,1,1
B026,2024-08-20 03:00:00,0,613H2228,0,,,1,0,0
B026,2024-08-20 03:00:00,1,613E2680,0.00637806615,26.4,101.54,1,1,1
B026,2024-08-20 04:00:00,0,613H2228,0,,,1,0,0
B026,2024-08-20 04:00:00,1,613E2680,0,26.4,101.54,1,1,1
B026,2024-08-20 05:00:00,0,613H2228,0,,,1,0,0
B026,2024-08-20 05:00:00,1,613E2680,0,26.4,101.54,1,1,1
B026,2024-08-20 06:00:00,0,613H2228,0,,,1,0,0
B026,2024-08-20 06:00:00,1,613E2680,0,26.4,101.54,1,1,1
B026,2024-08-20 07:00:00,0,613H2228,0,,,1,0,0
B026,2024-08-20 07:00:00,1,613E2680,0.05891147057,26.4,101.54,1,1,1
B026,2024-08-20 08:00:00,0,613H2228,0,,,1,0,0
B026,2024-08-20 08:00:00,1,613E2680,0,26.4,101.54,1,1,1
B026,2024-08-20 09:00:00,0,613H2228,0,,,1,0,0
B026,2024-08-20 09:00:00,1,613E2680,0,26.4,101.54,1,1,1
B026,2024-08-20 10:00:00,0,613H2228,0,,,1,0,0
B026,2024-08-20 10:00:00,1,613E2680,0,26.4,101.54,1,1,1
B026,2024-08-20 11:00:00,0,613H2228,0,,,1,0,0
B026,2024-08-20 11:00:00,1,613E2680,0,26.4,101.54,1,1,1
B026,2024-08-20 12:00:00,0,613H2228,0,,,1,0,0
B026,2024-08-20 12:00:00,1,613E2680,0,26.4,101.54,1,1,1
B026,2024-08-20 13:00:00,0,613H2228,0,,,1,0,0
B026,2024-08-20 13:00:00,1,613E2680,0,23.6,101.51,1,1,1
B026,2024-08-20 14:00:00,0,613H2228,0,,,1,0,0
B026,2024-08-20 14:00:00,1,613E2680,0,22.6,101.5,1,1,1
B026,2024-08-20 15:00:00,0,613H2228,0,,,1,0,0
B026,2024-08-20 15:00:00,1,613E2680,0,22.6,101.5,1,1,1
B026,2024-08-20 16:00:00,0,613H2228,0,,,1,0,0
B026,2024-08-20 16:00:00,1,613E2680,0,21.7,101.49,1,1,1
B026,2024-08-20 17:00:00,0,613H2228,0,,,1,0,0
B026,2024-08-20 17:00:00,1,613E2680,0,21.7,101.49,1,1,1
B026,2024-08-20 18:00:00,0,613H2228,0,,,1,0,0
B026,2024-08-20 18:00:00,1,613E2680,0,21.7,101.49,1,1,1
B026,2024-08-20 19:00:00,0,613H2228,0,,,1,0,0
B026,2024-08-20 19:00:00,1,613E2680,0,21.7,101.49,1,1,1
B026,2024-08-20 20:00:00,0,613H2228,0,,,1,0,0
B026,2024-08-20 20:00:00,1,613E2680,0,21.7,101.49,1,1,1
B026,2024-08-20 21:00:00,0,613H2228,0,,,1,0,0
B026,2024-08-20 21:00:00,1,613E2680,0,21.7,101.49,1,1,1
B026,2024-08-20 22:00:00,0,613H2228,0,,,1,0,0
B026,2024-08-20 22:00:00,1,613E2680,0,21.7,101.49,1,1,1
B026,2024-08-20 23:00:00,0,613H2228,0,,,1,0,0
B026,2024-08-20 23:00:00,1,613E2680,0,21.7,101.49,1,1,1
B026,2024-08-21 00:00:00,0,613H2228,0,,,1,0,0
B026,2024-08-21 00:00:00,1,613E2680,0,20.8,101.48,1,1,1
B026,2024-08-21 01:00:00,0,613H2228,0,,,1,0,0
B026,2024-08-21 01:00:00,1,613E2680,0,20.8,101.48,1,1,1
B026,2024-08-21 02:00:00,0,613H2228,0,,,1,0,0
B026,2024-08-21 02:00:00,1,613E2680,0,19.9,101.47,1,1,1
B026,2024-08-21 03:00:00,0,613H2228,0,,,1,0,0
B026,2024-08-21 03:00:00,1,613E2680,0,16.4,101.43,1,1,1
B026,2024-08-21 04:00:00,0,613H2228,0,,,1,0,0
B026,2024-08-21 04:00:00,1,613E2680,0,12.4,101.38,1,1,1
B026,2024-08-21 05:00:00,0,613H2228,0,,,1,0,0
B026,2024-08-21 05:00:00,1,613E2680,0,9.66,101.34,1,1,1
B026,2024-08-21 06:00:00,0,613H2228,0,,,1,0,0
B026,2024-08-21 06:00:00,1,613E2680,0,7.74,101.31,1,1,1
B026,2024-08-21 07:00:00,0,613H2228,0,,,1,0,0
B026,2024-08-21 07:00:00,1,613E2680,0,6.6,101.29,1,1,1
B026,2024-08-21 08:00:00,0,613H2228,0,,,1,0,0
B026,2024-08-21 08:00:00,1,613E2680,0,5.6,101.27,1,1,1
B026,2024-08-21 09:00:00,0,613H2228,0,,,1,0,0
B026,2024-08-21 09:00:00,1,613E2680,0,5.6,101.27,1,1,1
B026,2024-08-21 10:00:00,0,613H2228,0,,,1,0,0
B026,2024-08-21 10:00:00,1,613E2680,0,6.1,101.28,1,1,1
B026,2024-08-21 11:00:00,0,613H2228,0,,,1,0,0
B026,2024-08-21 11:00:00,1,613E2680,0,6.1,101.28,1,1,1
B026,2024-08-21 12:00:00,0,613H2228,0,,,1,0,0
B026,2024-08-21 12:00:00,1,613E2680,0,6.1,101.28,1,1,1
B026,2024-08-21 13:00:00,0,613H2228,0,,,1,0,0
B026,2024-08-21 13:00:00,1,613E2680,0,6.1,101.28,1,1,1
B026,2024-08-21 14:00:00,0,613H2228,0,,,1,0,0
B026,2024-08-21 14:00:00,1,613E2680,0,6.1,101.28,1,1,1
B026,2024-08-21 15:00:00,0,613H2228,0,,,1,0,0
B026,2024-08-21 15:00:00,1,613E2680,0,6.1,101.28,1,1,1
B026,2024-08-21 16:00:00,0,613H2228,0,,,1,0,0
B026,2024-08-21 16:00:00,1,613E2680,0,6.1,101.28,1,1,1
B026,2024-08-21 17:00:00,0,613H2228,0,,,1,0,0
B026,2024-08-21 17:00:00,1,613E2680,0,6.1,101.28,1,1,1
B026,2024-08-21 18:00:00,0,613H2228,0,,,1,0,0
B026,2024-08-21 18:00:00,1,613E2680,0,6.1,101.28,1,1,1
B026,2024-08-21 19:00:00,0,613H2228,0,,,1,0,0
B026,2024-08-21 19:00:00,1,613E2680,0,6.1,101.28,1,1,1
B026,2024-08-21 20:00:00,0,613H2228,0,,,1,0,0
B026,2024-08-21 20:00:00,1,613E2680,0,6.1,101.28,1,1,1
B026,2024-08-21 21:00:00,0,613H2228,0,,,1,0,0
B026,2024-08-21 21:00:00,1,613E2680,0,5.6,101.27,1,1,1
B026,2024-08-21 22:00:00,0,613H2228,0,,,1,0,0
B026,2024-08-21 22:00:00,1,613E2680,0,5.6,101.27,1,1,1
B026,2024-08-21 23:00:00,0,613H2228,0,,,1,0,0
B026,2024-08-21 23:00:00,1,613E2680,0,6.1,101.28,1,1,1
B026,2024-08-22 00:00:00,0,613H2228,0,,,1,0,0
B026,2024-08-22 00:00:00,1,613E2680,0,6.1,101.28,1,1,1
B026,2024-08-22 01:00:00,0,613H2228,0,,,1,0,0
B026,2024-08-22 01:00:00,1,613E2680,0,6.1,101.28,1,1,1
B026,2024-08-22 02:00:00,0,613H2228,0,,,1,0,0
B026,2024-08-22 02:00:00,1,613E2680,0,6.1,101.28,1,1,1
B026,2024-08-22 03:00:00,0,613H2228,0,,,1,0,0
B026,2024-08-22 03:00:00,1,613E2680,0,6.1,101.28,1,1,1
B026,2024-08-22 04:00:00,0,613H2228,0,,,1,0,0
B026,2024-08-22 04:00:00,1,613E2680,0,6.1,101.28,1,1,1
B026,2024-08-22 05:00:00,0,613H2228,0,,,1,0,0
B026,2024-08-22 05:00:00,1,613E2680,0,6.1,101.28,1,1,1
B026,2024-08-22 06:00:00,0,613H2228,0,,,1,0,0
B026,2024-08-22 06:00:00,1,613E2680,0,6.1,101.28,1,1,1
B026,2024-08-22 07:00:00,0,613H2228,0,,,1,0,0
B026,2024-08-22 07:00:00,1,613E2680,0,6.1,101.28,1,1,1
B026,2024-08-22 08:00:00,0,613H2228,0,,,1,0,0
B026,2024-08-22 08:00:00,1,613E2680,0,6.1,101.28,1,1,1
B026,2025-04-19 04:00:00,0,613H2228,0,,117,1,0,1
B026,2025-04-19 04:00:00,1,613E2680,0,1.7,101.15,1,1,1
B026,2025-04-19 05:00:00,0,613H2228,0.0132485568,,117,1,0,1
B026,2025-04-19 05:00:00,1,613E2680,0.009501816453,1.7,101.15,1,1,1
B026,2025-04-19 06:00:00,0,613H2228,1.569620778,,117,1,0,1
B026,2025-04-19 06:00:00,1,613E2680,1.627306461,1.7,101.15,1,1,1
B026,2025-04-19 07:00:00,0,613H2228,7.588540088,,117,1,0,1
B026,2025-04-19 07:00:00,1,613E2680,5.056904609,1.7,101.15,1,1,1
B026,2025-04-19 08:00:00,0,613H2228,1.622264595,,117,1,0,1
B026,2025-04-19 08:00:00,1,613E2680,5.00803521,1.7,101.15,1,1,1
B026,2025-04-19 09:00:00,0,613H2228,7.219478226,,117,1,0,1
B026,2025-04-19 09:00:00,1,613E2680,8.646009349,1.7,101.15,1,1,1
B026,2025-04-19 10:00:00,0,613H2228,4.871103938,,117.03,1,0,1
B026,2025-04-19 10:00:00,1,613E2680,1.918984969,1.7,101.15,1,1,1
B026,2025-04-19 11:00:00,0,613H2228,0.1093678203,,117.04,1,0,1
B026,2025-04-19 11:00:00,1,613E2680,0.01592362022,1.7,101.15,1,1,1
B026,2025-04-19 12:00:00,0,613H2228,0,,,1,0,0
B026,2025-04-19 12:00:00,1,613E2680,0,,,1,0,0
B026,2025-04-19 13:00:00,0,613H2228,0,,117.04,1,0,1
B026,2025-04-19 13:00:00,1,613E2680,0,1.7,101.15,1,1,1
B026,2025-04-19 14:00:00,0,613H2228,0,,117.03,1,0,1
B026,2025-04-19 14:00:00,1,613E2680,0,1.9,101.16,1,1,1
B026,2025-04-19 15:00:00,0,613H2228,0.02590087316,,117.03,1,0,1
B026,2025-04-19 15:00:00,1,613E2680,0,1.9,101.16,1,1,1
B026,2025-04-19 16:00:00,0,613H2228,0.1352686935,,117.02,1,0,1
B026,2025-04-19 16:00:00,1,613E2680,0.002404915156,,,1,0,0
B026,2025-04-19 17:00:00,0,613H2228,0,,117.01,1,0,1
B026,2025-04-19 17:00:00,1,613E2680,0,1.9,101.16,1,1,1
B026,2025-04-19 18:00:00,0,613H2228,0.03611452925,,117.01,1,0,1
B026,2025-04-19 18:00:00,1,613E2680,0,1.7,101.15,1,1,1
B026,2025-04-19 19:00:00,0,613H2228,0,,117,1,0,1
B026,2025-04-19 19:00:00,1,613E2680,0,1.7,101.15,1,1,1
B026,2025-04-19 20:00:00,0,613H2228,0,,117,1,0,1
B026,2025-04-19 20:00:00,1,613E2680,0,1.7,101.15,1,1,1
B026,2025-04-19 21:00:00,0,613H2228,0,,117,1,0,1
B026,2025-04-19 21:00:00,1,613E2680,0,1.7,101.15,1,1,1
B026,2025-04-19 22:00:00,0,613H2228,0,,117,1,0,1
B026,2025-04-19 22:00:00,1,613E2680,0,,,1,0,0
B026,2025-04-19 23:00:00,0,613H2228,0.1093678203,,117,1,0,1
B026,2025-04-19 23:00:00,1,613E2680,0.002404915156,1.9,101.16,1,1,1
B026,2025-04-20 00:00:00,0,613H2228,0,,117,1,0,1
B026,2025-04-20 00:00:00,1,613E2680,0,1.9,101.16,1,1,1
B026,2025-04-20 01:00:00,0,613H2228,0,,117,1,0,1
B026,2025-04-20 01:00:00,1,613E2680,0,2.1,101.17,1,1,1
B026,2025-04-20 02:00:00,0,613H2228,0,,117,1,0,1
B026,2025-04-20 02:00:00,1,613E2680,0,2.1,101.17,1,1,1
B026,2025-04-20 03:00:00,0,613H2228,0,,117,1,0,1
B026,2025-04-20 03:00:00,1,613E2680,0.02099968531,2.1,101.17,1,1,1
B026,2025-04-20 04:00:00,0,613H2228,0,,117,1,0,1
B026,2025-04-20 04:00:00,1,613E2680,0,,,1,0,0
B026,2025-04-20 05:00:00,0,613H2228,0,,117,1,0,1
B026,2025-04-20 05:00:00,1,613E2680,0,2.1,101.17,1,1,1
B026,2025-04-20 06:00:00,0,613H2228,0.02590087316,,117,1,0,1
B026,2025-04-20 06:00:00,1,613E2680,0,2.1,101.17,1,1,1
B026,2025-04-20 07:00:00,0,613H2228,14.15476737,,117,1,0,1
B026,2025-04-20 07:00:00,1,613E2680,15.6145677,2.3,101.18,1,1,1
B026,2025-04-20 08:00:00,0,613H2228,0,,117,1,0,1
B026,2025-04-20 08:00:00,1,613E2680,0,2.3,101.18,1,1,1
B026,2025-04-20 09:00:00,0,613H2228,0,,117,1,0,1
B026,2025-04-20 09:00:00,1,613E2680,0,2.3,101.18,1,1,1
B026,2025-04-20 10:00:00,0,613H2228,0,,117,1,0,1
B026,2025-04-20 10:00:00,1,613E2680,0.03639139739,,,1,0,0
B026,2025-04-20 11:00:00,0,613H2228,0,,117,1,0,1
B026,2025-04-20 11:00:00,1,613E2680,0,2.3,101.18,1,1,1
B026,2025-04-20 12:00:00,0,613H2228,0,,117,1,0,1
B026,2025-04-20 12:00:00,1,613E2680,0,2.3,101.18,1,1,1
B026,2025-04-20 13:00:00,0,613H2228,0,,117,1,0,1
B026,2025-04-20 13:00:00,1,613E2680,0,2.3,101.18,1,1,1
B026,2025-04-20 14:00:00,0,613H2228,0,,117,1,0,1
B026,2025-04-20 14:00:00,1,613E2680,0,2.5,101.19,1,1,1
B026,2025-04-20 15:00:00,0,613H2228,0,,117,1,0,1
B026,2025-04-20 15:00:00,1,613E2680,0,2.5,101.19,1,1,1
B026,2025-04-20 16:00:00,0,613H2228,0,,,1,0,0
B026,2025-04-20 16:00:00,1,613E2680,0,,,1,0,0
B026,2025-04-20 17:00:00,0,613H2228,0,,117,1,0,1
B026,2025-04-20 17:00:00,1,613E2680,0,2.5,101.19,1,1,1
B026,2025-04-20 18:00:00,0,613H2228,0,,117,1,0,1
B026,2025-04-20 18:00:00,1,613E2680,0,2.5,101.19,1,1,1
B026,2025-04-20 19:00:00,0,613H2228,0,,117,1,0,1
B026,2025-04-20 19:00:00,1,613E2680,0.02099968531,2.5,101.19,1,1,1
B026,2025-04-20 20:00:00,0,613H2228,0,,117,1,0,1
B026,2025-04-20 20:00:00,1,613E2680,0.02064307367,2.5,101.19,1,1,1
B026,2025-04-20 21:00:00,0,613H2228,0,,117,1,0,1
B026,2025-04-20 21:00:00,1,613E2680,0,2.5,101.19,1,1,1
B026,2025-04-20 22:00:00,0,613H2228,0,,117,1,0,1
B026,2025-04-20 22:00:00,1,613E2680,0,2.3,101.18,1,1,1
B026,2025-04-20 23:00:00,0,613H2228,0,,117.06,1,0,1
B026,2025-04-20 23:00:00,1,613E2680,0,,,1,0,0
B026,2025-04-21 00:00:00,0,613H2228,0,,117.06,1,0,1
B026,2025-04-21 00:00:00,1,613E2680,0,2.3,101.18,1,1,1
B026,2025-04-21 01:00:00,0,613H2228,0,,117.06,1,0,1
B026,2025-04-21 01:00:00,1,613E2680,0,2.3,101.18,1,1,1
B026,2025-04-21 02:00:00,0,613H2228,0,,117.06,1,0,1
B026,2025-04-21 02:00:00,1,613E2680,0,2.3,101.18,1,1,1
B026,2025-04-21 03:00:00,0,613H2228,0,,117.07,1,0,1
B026,2025-04-21 03:00:00,1,613E2680,0,2.3,101.18,1,1,1
B026,2025-04-21 04:00:00,0,613H2228,0,,117.07,1,0,1
B026,2025-04-21 04:00:00,1,613E2680,0.0004303405251,2.3,101.18,1,1,1
B026,2025-04-21 05:00:00,0,613H2228,0,,117.06,1,0,1
B026,2025-04-21 05:00:00,1,613E2680,0,,,1,0,0
B026,2025-04-21 06:00:00,0,613H2228,0,,117.06,1,0,1
B026,2025-04-21 06:00:00,1,613E2680,0,2.3,101.18,1,1,1
B026,2025-04-21 07:00:00,0,613H2228,0,,117.07,1,0,1
B026,2025-04-21 07:00:00,1,613E2680,0.07846449689,2.3,101.18,1,1,1
B026,2025-04-21 08:00:00,0,613H2228,0,,117.07,1,0,1
B026,2025-04-21 08:00:00,1,613E2680,0,2.3,101.18,1,1,1
B026,2025-04-21 09:00:00,0,613H2228,0,,117.06,1,0,1
B026,2025-04-21 09:00:00,1,613E2680,0,2.3,101.18,1,1,1
B026,2025-04-21 10:00:00,0,613H2228,0,,117.06,1,0,1
B026,2025-04-21 10:00:00,1,613E2680,0,2.3,101.18,1,1,1
B026,2025-04-21 11:00:00,0,613H2228,0,,117.06,1,0,1
B026,2025-04-21 11:00:00,1,613E2680,0,2.3,101.18,1,1,1
B026,2025-04-21 12:00:00,0,613H2228,0,,,1,0,0
B026,2025-04-21 12:00:00,1,613E2680,0,,,1,0,0
B026,2025-04-21 13:00:00,0,613H2228,0,,117.06,1,0,1
B026,2025-04-21 13:00:00,1,613E2680,0,2.5,101.19,1,1,1
B026,2025-04-21 14:00:00,0,613H2228,0,,,1,0,0
B026,2025-04-21 14:00:00,1,613E2680,0.00637806615,,,1,0,0
B026,2025-04-21 15:00:00,0,613H2228,0.1807993581,,117.06,1,0,1
B026,2025-04-21 15:00:00,1,613E2680,0.01055758675,2.5,101.19,1,1,1
B026,2025-04-21 16:00:00,0,613H2228,0,,117.06,1,0,1
B026,2025-04-21 16:00:00,1,613E2680,0,2.5,101.19,1,1,1
B026,2025-04-21 17:00:00,0,613H2228,0,,117.06,1,0,1
B026,2025-04-21 17:00:00,1,613E2680,0,2.3,101.18,1,1,1
B026,2025-04-21 18:00:00,0,613H2228,0,,117.06,1,0,1
B026,2025-04-21 18:00:00,1,613E2680,0,,,1,0,0
B026,2025-04-21 19:00:00,0,613H2228,0,,117.06,1,0,1
B026,2025-04-21 19:00:00,1,613E2680,0,2.3,101.18,1,1,1
B026,2025-04-21 20:00:00,0,613H2228,0,,117.06,1,0,1
B026,2025-04-21 20:00:00,1,613E2680,0,2.3,101.18,1,1,1
B026,2025-04-21 21:00:00,0,613H2228,0.1199541573,,117.06,1,0,1
B026,2025-04-21 21:00:00,1,613E2680,0.2548618754,2.5,101.19,1,1,1
B026,2025-04-21 22:00:00,0,613H2228,32.41482909,,117.06,1,0,1
B026,2025-04-21 22:00:00,1,613E2680,18.10672075,2.5,101.19,1,1,1
B026,2025-04-21 23:00:00,0,613H2228,14.96035432,,117.17,1,0,1
B026,2025-04-21 23:00:00,1,613E2680,3.575469465,,,1,0,0
B026,2025-04-22 00:00:00,0,613H2228,4.909766967,,117.24,1,0,1
B026,2025-04-22 00:00:00,1,613E2680,1.779972404,2.7,101.2,1,1,1
B026,2025-04-22 01:00:00,0,613H2228,2.578428369,,117.22,1,0,1
B026,2025-04-22 01:00:00,1,613E2680,1.513689007,45.7,101.72,1,1,1
B026,2025-04-22 02:00:00,0,613H2228,1.622207298,,117.26,1,0,1
B026,2025-04-22 02:00:00,1,613E2680,0.5405207188,88,102.06,1,1,1
B026,2025-04-22 03:00:00,0,613H2228,0.8074624485,,117.15,1,0,1
B026,2025-04-22 03:00:00,1,613E2680,0.5483955809,146,102.43,1,1,1
B026,2025-04-22 04:00:00,0,613H2228,0.2469591635,,117.38,1,0,1
B026,2025-04-22 04:00:00,1,613E2680,0.3065772409,173,102.59,1,1,1
B026,2025-04-22 05:00:00,0,613H2228,0.1859679936,,117.38,1,0,1
B026,2025-04-22 05:00:00,1,613E2680,0.06143558729,175,102.6,1,1,1
B026,2025-04-22 06:00:00,0,613H2228,0.03611452925,,117.32,1,0,1
B026,2025-04-22 06:00:00,1,613E2680,0.04177750078,,,1,0,0
B026,2025-04-22 07:00:00,0,613H2228,46.2668283,,117.31,1,0,1
B026,2025-04-22 07:00:00,1,613E2680,26.33456077,180,102.63,1,1,1
B026,2025-04-22 08:00:00,0,613H2228,0,,117.25,1,0,1
B026,2025-04-22 08:00:00,1,613E2680,0,180,102.63,1,1,1
B026,2025-04-22 09:00:00,0,613H2228,0,,117.2,1,0,1
B026,2025-04-22 09:00:00,1,613E2680,0.008132601666,175,102.6,1,1,1
B026,2025-04-22 10:00:00,0,613H2228,0,,,1,0,0
B026,2025-04-22 10:00:00,1,613E2680,0,155,102.49,1,1,1
B026,2025-04-22 11:00:00,0,613H2228,0.1807993581,,117.12,1,0,1
B026,2025-04-22 11:00:00,1,613E2680,0.01055758675,143,102.41,1,1,1
B026,2025-04-22 12:00:00,0,613H2228,0,,117.09,1,0,1
B026,2025-04-22 12:00:00,1,613E2680,0.02757795402,133,102.35,1,1,1
B026,2025-04-22 13:00:00,0,613H2228,0,,117.06,1,0,1
B026,2025-04-22 13:00:00,1,613E2680,0,,,1,0,0
B026,2025-04-22 14:00:00,0,613H2228,0,,117.04,1,0,1
B026,2025-04-22 14:00:00,1,613E2680,0,122,102.28,1,1,1
B026,2025-04-22 15:00:00,0,613H2228,0,,117.01,1,0,1
B026,2025-04-22 15:00:00,1,613E2680,0,107,102.19,1,1,1
B026,2025-04-22 16:00:00,0,613H2228,0,,,1,0,0
B026,2025-04-22 16:00:00,1,613E2680,0,103,102.16,1,1,1
B026,2025-04-22 17:00:00,0,613H2228,0,,117,1,0,1
B026,2025-04-22 17:00:00,1,613E2680,0.04495769174,95.2,102.11,1,1,1
B026,2025-04-22 18:00:00,0,613H2228,0,,117,1,0,1
B026,2025-04-22 18:00:00,1,613E2680,0.0004303405251,88,102.06,1,1,1
B026,2025-04-22 19:00:00,0,613H2228,0,,117,1,0,1
B026,2025-04-22 19:00:00,1,613E2680,0,,,1,0,0
B026,2025-04-22 20:00:00,0,613H2228,0,,117,1,0,1
B026,2025-04-22 20:00:00,1,613E2680,0,79.5,102,1,1,1
B026,2025-04-22 21:00:00,0,613H2228,0,,117,1,0,1
B026,2025-04-22 21:00:00,1,613E2680,0,75.6,101.97,1,1,1
B026,2025-04-22 22:00:00,0,613H2228,0,,117,1,0,1
B026,2025-04-22 22:00:00,1,613E2680,0,67.8,101.91,1,1,1
B026,2025-04-22 23:00:00,0,613H2228,0,,117,1,0,1
B026,2025-04-22 23:00:00,1,613E2680,0,64.1,101.88,1,1,1
B026,2025-04-23 00:00:00,0,613H2228,0,,117,1,0,1
B026,2025-04-23 00:00:00,1,613E2680,0,61.6,101.86,1,1,1
B026,2025-04-23 01:00:00,0,613H2228,0,,117,1,0,1
B026,2025-04-23 01:00:00,1,613E2680,0,,,1,0,0
B026,2025-04-23 02:00:00,0,613H2228,0,,117,1,0,1
B026,2025-04-23 02:00:00,1,613E2680,0,58,101.83,1,1,1
B026,2025-04-23 03:00:00,0,613H2228,0,,117,1,0,1
B026,2025-04-23 03:00:00,1,613E2680,0,54.5,101.8,1,1,1
B026,2025-04-23 04:00:00,0,613H2228,0,,117,1,0,1
B026,2025-04-23 04:00:00,1,613E2680,0,50.1,101.76,1,1,1
B026,2025-04-23 05:00:00,0,613H2228,0,,117,1,0,1
B026,2025-04-23 05:00:00,1,613E2680,0,47.9,101.74,1,1,1
B026,2025-04-23 06:00:00,0,613H2228,0,,117,1,0,1
B026,2025-04-23 06:00:00,1,613E2680,0,45.7,101.72,1,1,1
B026,2025-04-23 07:00:00,0,613H2228,0.1807993581,,117,1,0,1
B026,2025-04-23 07:00:00,1,613E2680,0.0916561747,,,1,0,0
B026,2025-04-23 08:00:00,0,613H2228,0,,117,1,0,1
B026,2025-04-23 08:00:00,1,613E2680,0,44.6,101.71,1,1,1
B026,2025-04-23 09:00:00,0,613H2228,0,,117,1,0,1
B026,2025-04-23 09:00:00,1,613E2680,0,41.3,101.68,1,1,1
B026,2025-04-23 10:00:00,0,613H2228,0,,117,1,0,1
B026,2025-04-23 10:00:00,1,613E2680,0,39.2,101.66,1,1,1
B026,2025-04-23 11:00:00,0,613H2228,0,,117,1,0,1
B026,2025-04-23 11:00:00,1,613E2680,0,37,101.64,1,1,1
B026,2025-04-23 12:00:00,0,613H2228,0,,,1,0,0
B026,2025-04-23 12:00:00,1,613E2680,0,34.9,101.62,1,1,1
B026,2025-04-23 13:00:00,0,613H2228,0.1345389282,,117,1,0,1
B026,2025-04-23 13:00:00,1,613E2680,0.2486138191,,,1,0,0
B026,2025-04-23 14:00:00,0,613H2228,1.379054874,,117,1,0,1
B026,2025-04-23 14:00:00,1,613E2680,0.5921981371,33.8,101.61,1,1,1
B026,2025-04-23 15:00:00,0,613H2228,0.27425695,,117,1,0,1
B026,2025-04-23 15:00:00,1,613E2680,0.1875872111,32.7,101.6,1,1,1
B026,2025-04-23 16:00:00,0,613H2228,0.1036034926,,117,1,0,1
B026,2025-04-23 16:00:00,1,613E2680,0,,,1,0,0
B026,2025-04-23 17:00:00,0,613H2228,0.1093678203,,117,1,0,1
B026,2025-04-23 17:00:00,1,613E2680,0.1612968616,31.6,101.59,1,1,1
B026,2025-04-23 18:00:00,0,613H2228,0.0868138294,,,1,0,0
B026,2025-04-23 18:00:00,1,613E2680,0.02019801212,30.6,101.58,1,1,1
B026,2025-04-23 19:00:00,0,613H2228,0,,117,1,0,1
B026,2025-04-23 19:00:00,1,613E2680,0.04128614735,29.5,101.57,1,1,1
B026,2025-04-23 20:00:00,0,613H2228,0,,117,1,0,1
B026,2025-04-23 20:00:00,1,613E2680,0.02757795402,28.5,101.56,1,1,1
B026,2025-04-23 21:00:00,0,613H2228,0,,,1,0,0
B026,2025-04-23 21:00:00,1,613E2680,0,,,1,0,0
B026,2025-04-23 22:00:00,0,613H2228,0,,117,1,0,1
B026,2025-04-23 22:00:00,1,613E2680,0,27.4,101.55,1,1,1
B026,2025-04-23 23:00:00,0,613H2228,0,,117,1,0,1
B026,2025-04-23 23:00:00,1,613E2680,0,26.4,101.54,1,1,1
B026,2025-04-24 00:00:00,0,613H2228,0,,117,1,0,1
B026,2025-04-24 00:00:00,1,613E2680,0,25.5,101.53,1,1,1
B026,2025-04-24 01:00:00,0,613H2228,0,,117,1,0,1
B026,2025-04-24 01:00:00,1,613E2680,0.006294671234,25.5,101.53,1,1,1
B026,2025-04-24 02:00:00,0,613H2228,0,,117,1,0,1
B026,2025-04-24 02:00:00,1,613E2680,0,,,1,0,0
B026,2025-04-24 03:00:00,0,613H2228,0.02590087316,,117,1,0,1
B026,2025-04-24 03:00:00,1,613E2680,0,24.5,101.52,1,1,1
B026,2025-04-24 04:00:00,0,613H2228,0,,117,1,0,1
B026,2025-04-24 04:00:00,1,613E2680,0.008132601666,24.5,101.52,1,1,1
B026,2025-04-24 05:00:00,0,613H2228,1.376357636,,117,1,0,1
B026,2025-04-24 05:00:00,1,613E2680,0.6727278914,20.8,101.48,1,1,1
B026,2025-04-24 06:00:00,0,613H2228,3.747232697,,117,1,0,1
B026,2025-04-24 06:00:00,1,613E2680,1.851029649,19.9,101.47,1,1,1
B026,2025-04-24 07:00:00,0,613H2228,1.071127443,,117,1,0,1
B026,2025-04-24 07:00:00,1,613E2680,1.211417593,,,1,0,0
B026,2025-04-24 08:00:00,0,613H2228,0.6652162799,,117,1,0,1
B026,2025-04-24 08:00:00,1,613E2680,0.4365983511,19,101.46,1,1,1
B026,2025-04-24 09:00:00,0,613H2228,1.613822451,,117,1,0,1
B026,2025-04-24 09:00:00,1,613E2680,0.5508011416,15.5,101.42,1,1,1
B026,2025-04-24 10:00:00,0,613H2228,0.3612593852,,117,1,0,1
B026,2025-04-24 10:00:00,1,613E2680,0.08702078841,14.7,101.41,1,1,1
B026,2025-04-24 11:00:00,0,613H2228,0,,117,1,0,1
B026,2025-04-24 11:00:00,1,613E2680,0.123862873,14.7,101.41,1,1,1
B026,2025-04-24 12:00:00,0,613H2228,0,,,1,0,0
B026,2025-04-24 12:00:00,1,613E2680,0.003147335617,16.4,101.43,1,1,1
B026,2025-04-24 13:00:00,0,613H2228,0,,117,1,0,1
B026,2025-04-24 13:00:00,1,613E2680,0.03339920597,19.9,101.47,1,1,1
B026,2025-04-24 14:00:00,0,613H2228,0,,117,1,0,1
B026,2025-04-24 14:00:00,1,613E2680,0.00637806615,,,1,0,0
B026,2025-04-24 15:00:00,0,613H2228,0,,117,1,0,1
B026,2025-04-24 15:00:00,1,613E2680,0,20.8,101.48,1,1,1
B026,2025-04-24 16:00:00,0,613H2228,0,,117,1,0,1
B026,2025-04-24 16:00:00,1,613E2680,0,20.8,101.48,1,1,1
B026,2025-04-24 17:00:00,0,613H2228,0,,117,1,0,1
B026,2025-04-24 17:00:00,1,613E2680,0,15.5,101.42,1,1,1
B026,2025-04-24 18:00:00,0,613H2228,0,,,1,0,0
B026,2025-04-24 18:00:00,1,613E2680,0,14.7,101.41,1,1,1
B026,2025-04-24 19:00:00,0,613H2228,0,,117,1,0,1
B026,2025-04-24 19:00:00,1,613E2680,0,14.7,101.41,1,1,1
B026,2025-05-20 02:00:00,0,613H2228,0,,117,1,0,1
B026,2025-05-20 02:00:00,1,613E2680,0,1.9,101.16,1,1,1
B026,2025-05-20 03:00:00,0,613H2228,0,,117,1,0,1
B026,2025-05-20 03:00:00,1,613E2680,0,1.9,101.16,1,1,1
B026,2025-05-20 04:00:00,0,613H2228,0,,117,1,0,1
B026,2025-05-20 04:00:00,1,613E2680,0,1.9,101.16,1,1,1
B026,2025-05-20 05:00:00,0,613H2228,0,,117,1,0,1
B026,2025-05-20 05:00:00,1,613E2680,0,1.9,101.16,1,1,1
B026,2025-05-20 06:00:00,0,613H2228,0,,117,1,0,1
B026,2025-05-20 06:00:00,1,613E2680,0,1.9,101.16,1,1,1
B026,2025-05-20 07:00:00,0,613H2228,0,,,1,0,0
B026,2025-05-20 07:00:00,1,613E2680,0,1.9,101.16,1,1,1
B026,2025-05-20 08:00:00,0,613H2228,0,,117,1,0,1
B026,2025-05-20 08:00:00,1,613E2680,0.01504225072,1.9,101.16,1,1,1
B026,2025-05-20 09:00:00,0,613H2228,0,,117,1,0,1
B026,2025-05-20 09:00:00,1,613E2680,0,1.9,101.16,1,1,1
B026,2025-05-20 10:00:00,0,613H2228,0,,117,1,0,1
B026,2025-05-20 10:00:00,1,613E2680,0,,,1,0,0
B026,2025-05-20 11:00:00,0,613H2228,0.1093678203,,117,1,0,1
B026,2025-05-20 11:00:00,1,613E2680,0.2629381435,1.7,101.15,1,1,1
B026,2025-05-20 12:00:00,0,613H2228,0,,117,1,0,1
B026,2025-05-20 12:00:00,1,613E2680,0.121888934,1.7,101.15,1,1,1
B026,2025-05-20 13:00:00,0,613H2228,0,,117,1,0,1
B026,2025-05-20 13:00:00,1,613E2680,0,1.9,101.16,1,1,1
B026,2025-05-20 14:00:00,0,613H2228,0,,117,1,0,1
B026,2025-05-20 14:00:00,1,613E2680,0,,,1,0,0
B026,2025-05-20 15:00:00,0,613H2228,0,,117,1,0,1
B026,2025-05-20 15:00:00,1,613E2680,0,1.9,101.16,1,1,1
B026,2025-05-20 16:00:00,0,613H2228,0,,117,1,0,1
B026,2025-05-20 16:00:00,1,613E2680,0,1.9,101.16,1,1,1
B026,2025-05-20 17:00:00,0,613H2228,0,,117,1,0,1
B026,2025-05-20 17:00:00,1,613E2680,0,1.9,101.16,1,1,1
B026,2025-05-20 18:00:00,0,613H2228,0,,117,1,0,1
B026,2025-05-20 18:00:00,1,613E2680,0,1.9,101.16,1,1,1
B026,2025-05-20 19:00:00,0,613H2228,0,,117,1,0,1
B026,2025-05-20 19:00:00,1,613E2680,0,1.7,101.15,1,1,1
B026,2025-05-20 20:00:00,0,613H2228,0,,117,1,0,1
B026,2025-05-20 20:00:00,1,613E2680,0,,,1,0,0
B026,2025-05-20 21:00:00,0,613H2228,0,,117,1,0,1
B026,2025-05-20 21:00:00,1,613E2680,0,1.7,101.15,1,1,1
B026,2025-05-20 22:00:00,0,613H2228,0,,117,1,0,1
B026,2025-05-20 22:00:00,1,613E2680,0,1.7,101.15,1,1,1
B026,2025-05-20 23:00:00,0,613H2228,0,,117,1,0,1
B026,2025-05-20 23:00:00,1,613E2680,0,1.7,101.15,1,1,1
B026,2025-05-21 00:00:00,0,613H2228,0,,117,1,0,1
B026,2025-05-21 00:00:00,1,613E2680,0,1.7,101.15,1,1,1
B026,2025-05-21 01:00:00,0,613H2228,0,,117,1,0,1
B026,2025-05-21 01:00:00,1,613E2680,0,1.9,101.16,1,1,1
B026,2025-05-21 02:00:00,0,613H2228,0,,117,1,0,1
B026,2025-05-21 02:00:00,1,613E2680,0.02064307367,1.9,101.16,1,1,1
B026,2025-05-21 03:00:00,0,613H2228,0,,117,1,0,1
B026,2025-05-21 03:00:00,1,613E2680,0.02099968531,1.9,101.16,1,1,1
B026,2025-05-21 04:00:00,0,613H2228,0,,117,1,0,1
B026,2025-05-21 04:00:00,1,613E2680,0,,,1,0,0
B026,2025-05-21 05:00:00,0,613H2228,0,,117,1,0,1
B026,2025-05-21 05:00:00,1,613E2680,0,1.7,101.15,1,1,1
B026,2025-05-21 06:00:00,0,613H2228,0,,117,1,0,1
B026,2025-05-21 06:00:00,1,613E2680,0,,,1,0,0
B026,2025-05-21 07:00:00,0,613H2228,0.1093678203,,117,1,0,1
B026,2025-05-21 07:00:00,1,613E2680,0.4415076562,1.7,101.15,1,1,1
B026,2025-05-21 08:00:00,0,613H2228,0,,117,1,0,1
B026,2025-05-21 08:00:00,1,613E2680,0,,101.15,1,0,1
B026,2025-05-21 09:00:00,0,613H2228,0,,117,1,0,1
B026,2025-05-21 09:00:00,1,613E2680,0.00637806615,,101.15,1,0,1
B026,2025-05-21 10:00:00,0,613H2228,0,,,1,0,0
B026,2025-05-21 10:00:00,1,613E2680,0,,,1,0,0
B026,2025-05-21 11:00:00,0,613H2228,0,,117,1,0,1
B026,2025-05-21 11:00:00,1,613E2680,0,1.7,101.15,1,1,1
B026,2025-05-21 12:00:00,0,613H2228,0,,117,1,0,1
B026,2025-05-21 12:00:00,1,613E2680,0,1.7,101.15,1,1,1
B026,2025-05-21 13:00:00,0,613H2228,0,,,1,0,0
B026,2025-05-21 13:00:00,1,613E2680,0,1.9,101.16,1,1,1
B026,2025-05-21 14:00:00,0,613H2228,0,,117,1,0,1
B026,2025-05-21 14:00:00,1,613E2680,0,1.7,101.15,1,1,1
B026,2025-05-21 15:00:00,0,613H2228,0,,117,1,0,1
B026,2025-05-21 15:00:00,1,613E2680,0,1.7,101.15,1,1,1
B026,2025-05-21 16:00:00,0,613H2228,0,,117,1,0,1
B026,2025-05-21 16:00:00,1,613E2680,0,1.7,101.15,1,1,1
B026,2025-05-21 17:00:00,0,613H2228,0,,117,1,0,1
B026,2025-05-21 17:00:00,1,613E2680,1.077719674,,,1,0,0
B026,2025-05-21 18:00:00,0,613H2228,0,,117,1,0,1
B026,2025-05-21 18:00:00,1,613E2680,0,1.7,101.15,1,1,1
B026,2025-05-21 19:00:00,0,613H2228,0,,117,1,0,1
B026,2025-05-21 19:00:00,1,613E2680,0,1.7,101.15,1,1,1
B026,2025-05-21 20:00:00,0,613H2228,0,,117,1,0,1
B026,2025-05-21 20:00:00,1,613E2680,0,1.7,101.15,1,1,1
B026,2025-05-21 21:00:00,0,613H2228,0,,117,1,0,1
B026,2025-05-21 21:00:00,1,613E2680,0,1.7,101.15,1,1,1
B026,2025-05-21 22:00:00,0,613H2228,0,,117,1,0,1
B026,2025-05-21 22:00:00,1,613E2680,0,1.7,101.15,1,1,1
B026,2025-05-21 23:00:00,0,613H2228,0,,117,1,0,1
B026,2025-05-21 23:00:00,1,613E2680,0,,,1,0,0
B026,2025-05-22 00:00:00,0,613H2228,0,,117,1,0,1
B026,2025-05-22 00:00:00,1,613E2680,0,1.7,101.15,1,1,1
B026,2025-05-22 01:00:00,0,613H2228,0,,117,1,0,1
B026,2025-05-22 01:00:00,1,613E2680,0,1.7,101.15,1,1,1
B026,2025-05-22 02:00:00,0,613H2228,0,,117,1,0,1
B026,2025-05-22 02:00:00,1,613E2680,0.1465993177,1.7,101.15,1,1,1
B026,2025-05-22 03:00:00,0,613H2228,0.1961816497,,117,1,0,1
B026,2025-05-22 03:00:00,1,613E2680,0.1387227357,1.7,101.15,1,1,1
B026,2025-05-22 04:00:00,0,613H2228,0,,117,1,0,1
B026,2025-05-22 04:00:00,1,613E2680,0,1.7,101.15,1,1,1
B026,2025-05-22 05:00:00,0,613H2228,0.1093678203,,117,1,0,1
B026,2025-05-22 05:00:00,1,613E2680,0.3767970671,,,1,0,0
B026,2025-05-22 06:00:00,0,613H2228,0.03611452925,,117,1,0,1
B026,2025-05-22 06:00:00,1,613E2680,0.4883824524,1.7,101.15,1,1,1
B026,2025-05-22 07:00:00,0,613H2228,0.2909646991,,,1,0,0
B026,2025-05-22 07:00:00,1,613E2680,0.2372214628,1.7,101.15,1,1,1
B026,2025-05-22 08:00:00,0,613H2228,0.08383962801,,117,1,0,1
B026,2025-05-22 08:00:00,1,613E2680,0.07341019271,1.7,101.15,1,1,1
B026,2025-05-22 09:00:00,0,613H2228,0,,117,1,0,1
B026,2025-05-22 09:00:00,1,613E2680,0,1.7,101.15,1,1,1
B026,2025-05-22 10:00:00,0,613H2228,0,,,1,0,0
B026,2025-05-22 10:00:00,1,613E2680,0.02856538675,1.54,101.14,1,1,1
B026,2025-05-22 11:00:00,0,613H2228,0.3872553632,,117,1,0,1
B026,2025-05-22 11:00:00,1,613E2680,1.01788484,1.54,101.14,1,1,1
B026,2025-05-22 12:00:00,0,613H2228,3.748751756,,117,1,0,1
B026,2025-05-22 12:00:00,1,613E2680,5.756300334,1.54,101.14,1,1,1
B026,2025-05-22 13:00:00,0,613H2228,16.02326326,,117,1,0,1
B026,2025-05-22 13:00:00,1,613E2680,6.006477489,,,1,0,0
B026,2025-05-22 14:00:00,0,613H2228,0.9892691479,,117,1,0,1
B026,2025-05-22 14:00:00,1,613E2680,0.2224415886,1.54,101.14,1,1,1
B026,2025-05-22 15:00:00,0,613H2228,0.8065542265,,117,1,0,1
B026,2025-05-22 15:00:00,1,613E2680,0.1549756448,1.7,101.15,1,1,1
B026,2025-05-22 16:00:00,0,613H2228,0.426829633,,117,1,0,1
B026,2025-05-22 16:00:00,1,613E2680,0.211309872,1.7,101.15,1,1,1
B026,2025-05-22 17:00:00,0,613H2228,0.1272994735,,,1,0,0
B026,2025-05-22 17:00:00,1,613E2680,0.07414742278,1.9,101.16,1,1,1
B026,2025-05-22 18:00:00,0,613H2228,0.7939169583,,117,1,0,1
B026,2025-05-22 18:00:00,1,613E2680,1.18370106,1.9,101.16,1,1,1
B026,2025-05-22 19:00:00,0,613H2228,3.956064961,,117,1,0,1
B026,2025-05-22 19:00:00,1,613E2680,3.822886339,,,1,0,0
B026,2025-05-22 20:00:00,0,613H2228,4.84349689,,117,1,0,1
B026,2025-05-22 20:00:00,1,613E2680,2.954599755,3.08,101.21,1,1,1
B026,2025-05-22 21:00:00,0,613H2228,2.398566444,,,1,0,0
B026,2025-05-22 21:00:00,1,613E2680,0.8602254571,,,1,0,0
B026,2025-05-22 22:00:00,0,613H2228,3.512040833,,117,1,0,1
B026,2025-05-22 22:00:00,1,613E2680,1.006561845,31.6,101.59,1,1,1
B026,2025-05-22 23:00:00,0,613H2228,1.190188362,,117,1,0,1
B026,2025-05-22 23:00:00,1,613E2680,0.3061066238,29.5,101.57,1,1,1
B026,2025-05-23 00:00:00,0,613H2228,0,,117,1,0,1
B026,2025-05-23 00:00:00,1,613E2680,0,,,1,0,0
B026,2025-05-23 01:00:00,0,613H2228,0,,117,1,0,1
B026,2025-05-23 01:00:00,1,613E2680,0.02099968531,26.4,101.54,1,1,1
B026,2025-05-23 02:00:00,0,613H2228,0,,117,1,0,1
B026,2025-05-23 02:00:00,1,613E2680,0,27.4,101.55,1,1,1
B026,2025-05-23 03:00:00,0,613H2228,0,,117,1,0,1
B026,2025-05-23 03:00:00,1,613E2680,0,28.5,101.56,1,1,1
B026,2025-05-23 04:00:00,0,613H2228,0,,117,1,0,1
B026,2025-05-23 04:00:00,1,613E2680,0.00637806615,25.5,101.53,1,1,1
B026,2025-05-23 05:00:00,0,613H2228,0,,117,1,0,1
B026,2025-05-23 05:00:00,1,613E2680,0,24.5,101.52,1,1,1
B026,2025-05-23 06:00:00,0,613H2228,0,,117,1,0,1
B026,2025-05-23 06:00:00,1,613E2680,0,,,1,0,0
B026,2025-05-23 07:00:00,0,613H2228,12.35507202,,117,1,0,1
B026,2025-05-23 07:00:00,1,613E2680,6.164147022,23.6,101.51,1,1,1
B026,2025-05-23 08:00:00,0,613H2228,0,,117,1,0,1
B026,2025-05-23 08:00:00,1,613E2680,0,22.6,101.5,1,1,1
B026,2025-05-23 09:00:00,0,613H2228,0,,117,1,0,1
B026,2025-05-23 09:00:00,1,613E2680,0,21.7,101.49,1,1,1
B026,2025-05-23 10:00:00,0,613H2228,0,,117,1,0,1
B026,2025-05-23 10:00:00,1,613E2680,0.0004303405251,19.9,101.47,1,1,1
B026,2025-05-23 11:00:00,0,613H2228,0,,117,1,0,1
B026,2025-05-23 11:00:00,1,613E2680,0.00637806615,16.4,101.43,1,1,1
B026,2025-05-23 12:00:00,0,613H2228,0,,117,1,0,1
B026,2025-05-23 12:00:00,1,613E2680,0,,,1,0,0
B026,2025-05-23 13:00:00,0,613H2228,0,,117,1,0,1
B026,2025-05-23 13:00:00,1,613E2680,0,14.7,101.41,1,1,1
B026,2025-05-23 14:00:00,0,613H2228,0,,117,1,0,1
B026,2025-05-23 14:00:00,1,613E2680,0,14.7,101.41,1,1,1
B026,2025-05-23 15:00:00,0,613H2228,0,,117,1,0,1
B026,2025-05-23 15:00:00,1,613E2680,0,14.7,101.41,1,1,1
B026,2025-05-23 16:00:00,0,613H2228,0,,117,1,0,1
B026,2025-05-23 16:00:00,1,613E2680,0,20.8,101.48,1,1,1
B026,2025-05-23 17:00:00,0,613H2228,0,,117,1,0,1
B026,2025-05-23 17:00:00,1,613E2680,0,25.5,101.53,1,1,1
B026,2025-05-23 18:00:00,0,613H2228,0,,117,1,0,1
B026,2025-05-23 18:00:00,1,613E2680,0,,,1,0,0
B026,2025-05-23 19:00:00,0,613H2228,0,,117,1,0,1
B026,2025-05-23 19:00:00,1,613E2680,0,24.5,101.52,1,1,1
B026,2025-05-23 20:00:00,0,613H2228,0,,117,1,0,1
B026,2025-05-23 20:00:00,1,613E2680,0,19.9,101.47,1,1,1
B026,2025-05-23 21:00:00,0,613H2228,0,,117,1,0,1
B026,2025-05-23 21:00:00,1,613E2680,0,17.2,101.44,1,1,1
B026,2025-05-23 22:00:00,0,613H2228,0,,117,1,0,1
B026,2025-05-23 22:00:00,1,613E2680,0,16.4,101.43,1,1,1
B026,2025-05-23 23:00:00,0,613H2228,0,,117,1,0,1
B026,2025-05-23 23:00:00,1,613E2680,0,16.4,101.43,1,1,1
B026,2025-05-24 00:00:00,0,613H2228,0,,117,1,0,1
B026,2025-05-24 00:00:00,1,613E2680,0,16.4,101.43,1,1,1
B026,2025-05-24 01:00:00,0,613H2228,0,,,1,0,0
B026,2025-05-24 01:00:00,1,613E2680,0,,,1,0,0
B026,2025-05-24 02:00:00,0,613H2228,0,,117,1,0,1
B026,2025-05-24 02:00:00,1,613E2680,0,15.5,101.42,1,1,1
B026,2025-05-24 03:00:00,0,613H2228,0,,117,1,0,1
B026,2025-05-24 03:00:00,1,613E2680,0,15.5,101.42,1,1,1
B026,2025-05-24 04:00:00,0,613H2228,0,,117,1,0,1
B026,2025-05-24 04:00:00,1,613E2680,0,14.7,101.41,1,1,1
B026,2025-05-24 05:00:00,0,613H2228,0,,117,1,0,1
B026,2025-05-24 05:00:00,1,613E2680,0,14.7,101.41,1,1,1
B026,2025-05-24 06:00:00,0,613H2228,0,,117,1,0,1
B026,2025-05-24 06:00:00,1,613E2680,0,,,1,0,0
B026,2025-05-24 07:00:00,0,613H2228,0,,117,1,0,1
B026,2025-05-24 07:00:00,1,613E2680,0.006808406675,14.7,101.41,1,1,1
B026,2025-05-24 08:00:00,0,613H2228,0,,117,1,0,1
B026,2025-05-24 08:00:00,1,613E2680,0,14.7,101.41,1,1,1
B026,2025-05-24 09:00:00,0,613H2228,0,,117,1,0,1
B026,2025-05-24 09:00:00,1,613E2680,0,14.7,101.41,1,1,1
B026,2025-05-24 10:00:00,0,613H2228,0,,117,1,0,1
B026,2025-05-24 10:00:00,1,613E2680,0,14.7,101.41,1,1,1
B026,2025-05-24 11:00:00,0,613H2228,0,,117,1,0,1
B026,2025-05-24 11:00:00,1,613E2680,0,13.8,101.4,1,1,1
B026,2025-05-24 12:00:00,0,613H2228,0,,,1,0,0
B026,2025-05-24 12:00:00,1,613E2680,0,13.8,101.4,1,1,1
B026,2025-05-24 13:00:00,0,613H2228,0,,117,1,0,1
B026,2025-05-24 13:00:00,1,613E2680,0,,,1,0,0
B026,2025-05-24 14:00:00,0,613H2228,0,,117,1,0,1
B026,2025-05-24 14:00:00,1,613E2680,0,13.8,101.4,1,1,1
B026,2025-05-24 15:00:00,0,613H2228,0,,117,1,0,1
B026,2025-05-24 15:00:00,1,613E2680,0,13.8,101.4,1,1,1
B026,2025-05-24 16:00:00,0,613H2228,0,,117,1,0,1
B026,2025-05-24 16:00:00,1,613E2680,0,13.8,101.4,1,1,1
B026,2025-05-24 17:00:00,0,613H2228,0,,,1,0,0
B026,2025-05-24 17:00:00,1,613E2680,0,13.8,101.4,1,1,1
B026,2025-05-24 18:00:00,0,613H2228,0,,117,1,0,1
B026,2025-05-24 18:00:00,1,613E2680,0,13.8,101.4,1,1,1
B026,2025-05-24 19:00:00,0,613H2228,0,,117,1,0,1
B026,2025-05-24 19:00:00,1,613E2680,0,13.8,101.4,1,1,1
B026,2025-05-24 20:00:00,0,613H2228,0,,117,1,0,1
B026,2025-05-24 20:00:00,1,613E2680,0,13.8,101.4,1,1,1
B026,2025-05-24 21:00:00,0,613H2228,0,,117,1,0,1
B026,2025-05-24 21:00:00,1,613E2680,0,,,1,0,0
B026,2025-05-24 22:00:00,0,613H2228,0,,117,1,0,1
B026,2025-05-24 22:00:00,1,613E2680,0,13.8,101.4,1,1,1
B026,2025-05-24 23:00:00,0,613H2228,0,,117,1,0,1
B026,2025-05-24 23:00:00,1,613E2680,0,13.8,101.4,1,1,1
B026,2025-05-25 00:00:00,0,613H2228,0,,117,1,0,1
B026,2025-05-25 00:00:00,1,613E2680,0,13.8,101.4,1,1,1
B026,2025-05-25 01:00:00,0,613H2228,0,,117,1,0,1
B026,2025-05-25 01:00:00,1,613E2680,0,13.8,101.4,1,1,1
B026,2025-05-25 02:00:00,0,613H2228,0,,117,1,0,1
B026,2025-05-25 02:00:00,1,613E2680,0,13.8,101.4,1,1,1
B026,2025-05-25 03:00:00,0,613H2228,0,,117,1,0,1
B026,2025-05-25 03:00:00,1,613E2680,0,,,1,0,0
B026,2025-05-25 04:00:00,0,613H2228,0,,117,1,0,1
B026,2025-05-25 04:00:00,1,613E2680,0.02099968531,13.8,101.4,1,1,1
B026,2025-05-25 05:00:00,0,613H2228,0,,,1,0,0
B026,2025-05-25 05:00:00,1,613E2680,0,,,1,0,0
B026,2025-05-25 06:00:00,0,613H2228,0,,117,1,0,1
B026,2025-05-25 06:00:00,1,613E2680,0,11.7,101.37,1,1,1
B026,2025-05-25 07:00:00,0,613H2228,0,,117,1,0,1
B026,2025-05-25 07:00:00,1,613E2680,0.02099968531,9.02,101.33,1,1,1
B026,2025-05-25 08:00:00,0,613H2228,0,,117,1,0,1
B026,2025-05-25 08:00:00,1,613E2680,0,6.1,101.28,1,1,1
B026,2025-05-25 09:00:00,0,613H2228,0,,117,1,0,1
B026,2025-05-25 09:00:00,1,613E2680,0,,,1,0,0
B026,2025-05-25 10:00:00,0,613H2228,0,,117,1,0,1
B026,2025-05-25 10:00:00,1,613E2680,0,5.6,101.27,1,1,1
B026,2025-05-25 11:00:00,0,613H2228,0,,117,1,0,1
B026,2025-05-25 11:00:00,1,613E2680,0,4.6,101.25,1,1,1
B026,2025-05-25 12:00:00,0,613H2228,0,,117,1,0,1
B026,2025-05-25 12:00:00,1,613E2680,0,4.6,101.25,1,1,1
B026,2025-08-08 23:00:00,0,613H2228,0,,117,1,0,1
B026,2025-08-08 23:00:00,1,613E2680,0,10.3,101.35,1,1,1
B026,2025-08-09 00:00:00,0,613H2228,0,,117,1,0,1
B026,2025-08-09 00:00:00,1,613E2680,0,10.3,101.35,1,1,1
B026,2025-08-09 01:00:00,0,613H2228,0,,117,1,0,1
B026,2025-08-09 01:00:00,1,613E2680,0,8.38,101.32,1,1,1
B026,2025-08-09 02:00:00,0,613H2228,0,,117,1,0,1
B026,2025-08-09 02:00:00,1,613E2680,0,4.22,101.24,1,1,1
B026,2025-08-09 03:00:00,0,613H2228,0,,117,1,0,1
B026,2025-08-09 03:00:00,1,613E2680,0,3.08,101.21,1,1,1
B026,2025-08-09 04:00:00,0,613H2228,0,,117,1,0,1
B026,2025-08-09 04:00:00,1,613E2680,0,,,1,0,0
B026,2025-08-09 05:00:00,0,613H2228,0,,117,1,0,1
B026,2025-08-09 05:00:00,1,613E2680,0,2.5,101.19,1,1,1
B026,2025-08-09 06:00:00,0,613H2228,0,,117,1,0,1
B026,2025-08-09 06:00:00,1,613E2680,0,2.1,101.17,1,1,1
B026,2025-08-09 07:00:00,0,613H2228,0,,117,1,0,1
B026,2025-08-09 07:00:00,1,613E2680,0.09883749802,1.9,101.16,1,1,1
B026,2025-08-09 08:00:00,0,613H2228,0,,117,1,0,1
B026,2025-08-09 08:00:00,1,613E2680,0,1.7,101.15,1,1,1
B026,2025-08-09 09:00:00,0,613H2228,0,,117,1,0,1
B026,2025-08-09 09:00:00,1,613E2680,0,1.54,101.14,1,1,1
B026,2025-08-09 10:00:00,0,613H2228,0,,117,1,0,1
B026,2025-08-09 10:00:00,1,613E2680,0,1.54,101.14,1,1,1
B026,2025-08-09 11:00:00,0,613H2228,0,,117,1,0,1
B026,2025-08-09 11:00:00,1,613E2680,0,1.54,101.14,1,1,1
B026,2025-08-09 12:00:00,0,613H2228,0,,117,1,0,1
B026,2025-08-09 12:00:00,1,613E2680,0,6.6,101.29,1,1,1
B026,2025-08-09 13:00:00,0,613H2228,0,,117,1,0,1
B026,2025-08-09 13:00:00,1,613E2680,0,8.38,101.32,1,1,1
B026,2025-08-09 14:00:00,0,613H2228,0,,117,1,0,1
B026,2025-08-09 14:00:00,1,613E2680,0,4.22,101.24,1,1,1
B026,2025-08-09 15:00:00,0,613H2228,0,,117,1,0,1
B026,2025-08-09 15:00:00,1,613E2680,0,,,1,0,0
B026,2025-08-09 16:00:00,0,613H2228,0,,117,1,0,1
B026,2025-08-09 16:00:00,1,613E2680,0,3.08,101.21,1,1,1
B026,2025-08-09 17:00:00,0,613H2228,0,,117,1,0,1
B026,2025-08-09 17:00:00,1,613E2680,0,2.5,101.19,1,1,1
B026,2025-08-09 18:00:00,0,613H2228,0,,117,1,0,1
B026,2025-08-09 18:00:00,1,613E2680,0,2.1,101.17,1,1,1
B026,2025-08-09 19:00:00,0,613H2228,0,,117,1,0,1
B026,2025-08-09 19:00:00,1,613E2680,0,1.9,101.16,1,1,1
B026,2025-08-09 20:00:00,0,613H2228,0,,117,1,0,1
B026,2025-08-09 20:00:00,1,613E2680,0,1.54,101.14,1,1,1
B026,2025-08-09 21:00:00,0,613H2228,0,,117,1,0,1
B026,2025-08-09 21:00:00,1,613E2680,0,,,1,0,0
B026,2025-08-09 22:00:00,0,613H2228,0,,117,1,0,1
B026,2025-08-09 22:00:00,1,613E2680,0,1.54,101.14,1,1,1
B026,2025-08-09 23:00:00,0,613H2228,0,,117,1,0,1
B026,2025-08-09 23:00:00,1,613E2680,0,4.22,101.24,1,1,1
B026,2025-08-10 00:00:00,0,613H2228,0,,117,1,0,1
B026,2025-08-10 00:00:00,1,613E2680,0,9.02,101.33,1,1,1
B026,2025-08-10 01:00:00,0,613H2228,0,,117,1,0,1
B026,2025-08-10 01:00:00,1,613E2680,0,9.66,101.34,1,1,1
B026,2025-08-10 02:00:00,0,613H2228,0,,117,1,0,1
B026,2025-08-10 02:00:00,1,613E2680,0,7.1,101.3,1,1,1
B026,2025-08-10 03:00:00,0,613H2228,0,,117,1,0,1
B026,2025-08-10 03:00:00,1,613E2680,0,,,1,0,0
B026,2025-08-10 04:00:00,0,613H2228,0,,117,1,0,1
B026,2025-08-10 04:00:00,1,613E2680,0,4.6,101.25,1,1,1
B026,2025-08-10 05:00:00,0,613H2228,0,,117,1,0,1
B026,2025-08-10 05:00:00,1,613E2680,0,3.46,101.22,1,1,1
B026,2025-08-10 06:00:00,0,613H2228,0,,117,1,0,1
B026,2025-08-10 06:00:00,1,613E2680,0,2.5,101.19,1,1,1
B026,2025-08-10 07:00:00,0,613H2228,0,,117,1,0,1
B026,2025-08-10 07:00:00,1,613E2680,0,2.3,101.18,1,1,1
B026,2025-08-10 08:00:00,0,613H2228,0,,117,1,0,1
B026,2025-08-10 08:00:00,1,613E2680,0,1.7,101.15,1,1,1
B026,2025-08-10 09:00:00,0,613H2228,0,,117,1,0,1
B026,2025-08-10 09:00:00,1,613E2680,0,,,1,0,0
B026,2025-08-10 10:00:00,0,613H2228,0,,117,1,0,1
B026,2025-08-10 10:00:00,1,613E2680,0,1.54,101.14,1,1,1
B026,2025-08-10 11:00:00,0,613H2228,0,,117,1,0,1
B026,2025-08-10 11:00:00,1,613E2680,0,1.54,101.14,1,1,1
B026,2025-08-10 12:00:00,0,613H2228,0,,117,1,0,1
B026,2025-08-10 12:00:00,1,613E2680,0,1.37,101.13,1,1,1
B026,2025-08-10 13:00:00,0,613H2228,0,,117,1,0,1
B026,2025-08-10 13:00:00,1,613E2680,0,1.38,101.13,1,1,1
B026,2025-08-10 14:00:00,0,613H2228,0,,117,1,0,1
B026,2025-08-10 14:00:00,1,613E2680,0,1.22,101.12,1,1,1
B026,2025-08-10 15:00:00,0,613H2228,0,,117,1,0,1
B026,2025-08-10 15:00:00,1,613E2680,0,,,1,0,0
B026,2025-08-10 16:00:00,0,613H2228,0,,117,1,0,1
B026,2025-08-10 16:00:00,1,613E2680,0,1.54,101.14,1,1,1
B026,2025-08-10 17:00:00,0,613H2228,0,,117,1,0,1
B026,2025-08-10 17:00:00,1,613E2680,0,6.6,101.29,1,1,1
B026,2025-08-10 18:00:00,0,613H2228,0,,117,1,0,1
B026,2025-08-10 18:00:00,1,613E2680,0,6.6,101.29,1,1,1
B026,2025-08-10 19:00:00,0,613H2228,0,,117,1,0,1
B026,2025-08-10 19:00:00,1,613E2680,0,4.6,101.25,1,1,1
B026,2025-08-10 20:00:00,0,613H2228,0,,117,1,0,1
B026,2025-08-10 20:00:00,1,613E2680,0,2.5,101.19,1,1,1
B026,2025-08-10 21:00:00,0,613H2228,0,,117,1,0,1
B026,2025-08-10 21:00:00,1,613E2680,0,,,1,0,0
B026,2025-08-10 22:00:00,0,613H2228,0,,117,1,0,1
B026,2025-08-10 22:00:00,1,613E2680,0,2.1,101.17,1,1,1
B026,2025-08-10 23:00:00,0,613H2228,0.02590087316,,117,1,0,1
B026,2025-08-10 23:00:00,1,613E2680,0,1.9,101.16,1,1,1
B026,2025-08-11 00:00:00,0,613H2228,0.03611452925,,117,1,0,1
B026,2025-08-11 00:00:00,1,613E2680,0,2.1,101.17,1,1,1
B026,2025-08-11 01:00:00,0,613H2228,0.0620154024,,117,1,0,1
B026,2025-08-11 01:00:00,1,613E2680,0.008132601666,7.1,101.3,1,1,1
B026,2025-08-11 02:00:00,0,613H2228,0.07660017331,,117,1,0,1
B026,2025-08-11 02:00:00,1,613E2680,0.02019801212,7.1,101.3,1,1,1
B026,2025-08-11 03:00:00,0,613H2228,0.02590087316,,117,1,0,1
B026,2025-08-11 03:00:00,1,613E2680,0,,,1,0,0
B026,2025-08-11 04:00:00,0,613H2228,0,,117,1,0,1
B026,2025-08-11 04:00:00,1,613E2680,0,4.6,101.25,1,1,1
B026,2025-08-11 05:00:00,0,613H2228,0,,117,1,0,1
B026,2025-08-11 05:00:00,1,613E2680,0,3.46,101.22,1,1,1
B026,2025-08-11 06:00:00,0,613H2228,0,,117,1,0,1
B026,2025-08-11 06:00:00,1,613E2680,0,2.5,101.19,1,1,1
B026,2025-08-11 07:00:00,0,613H2228,0.2265318513,,117,1,0,1
B026,2025-08-11 07:00:00,1,613E2680,0.02833061379,2.3,101.18,1,1,1
B026,2025-08-11 08:00:00,0,613H2228,0.03611452925,,117,1,0,1
B026,2025-08-11 08:00:00,1,613E2680,0,1.9,101.16,1,1,1
B026,2025-08-11 09:00:00,0,613H2228,0,,117,1,0,1
B026,2025-08-11 09:00:00,1,613E2680,0,1.7,101.15,1,1,1
B026,2025-08-11 10:00:00,0,613H2228,0,,117,1,0,1
B026,2025-08-11 10:00:00,1,613E2680,0,1.7,101.15,1,1,1
B026,2025-08-11 11:00:00,0,613H2228,0,,117,1,0,1
B026,2025-08-11 11:00:00,1,613E2680,0,1.54,101.14,1,1,1
B026,2025-08-11 12:00:00,0,613H2228,0,,117,1,0,1
B026,2025-08-11 12:00:00,1,613E2680,0,1.54,101.14,1,1,1
B026,2025-08-11 13:00:00,0,613H2228,0,,117,1,0,1
B026,2025-08-11 13:00:00,1,613E2680,0,1.38,101.13,1,1,1
B026,2025-08-11 14:00:00,0,613H2228,0,,117,1,0,1
B026,2025-08-11 14:00:00,1,613E2680,0,1.38,101.13,1,1,1
B026,2025-08-11 15:00:00,0,613H2228,0.02590087316,,117,1,0,1
B026,2025-08-11 15:00:00,1,613E2680,0,1.38,101.13,1,1,1
B026,2025-08-11 16:00:00,0,613H2228,0.03611452925,,117,1,0,1
B026,2025-08-11 16:00:00,1,613E2680,0,1.22,101.12,1,1,1
B026,2025-08-11 17:00:00,0,613H2228,0,,117,1,0,1
B026,2025-08-11 17:00:00,1,613E2680,0,1.22,101.12,1,1,1
B026,2025-08-11 18:00:00,0,613H2228,0,,117,1,0,1
B026,2025-08-11 18:00:00,1,613E2680,0,4.6,101.25,1,1,1
B026,2025-08-11 19:00:00,0,613H2228,0,,117,1,0,1
B026,2025-08-11 19:00:00,1,613E2680,0,4.22,101.24,1,1,1
B026,2025-08-11 20:00:00,0,613H2228,0,,117,1,0,1
B026,2025-08-11 20:00:00,1,613E2680,0.008132601666,,,1,0,0
B026,2025-08-11 21:00:00,0,613H2228,0,,117,1,0,1
B026,2025-08-11 21:00:00,1,613E2680,0,3.08,101.21,1,1,1
B026,2025-08-11 22:00:00,0,613H2228,0,,117,1,0,1
B026,2025-08-11 22:00:00,1,613E2680,0,2.5,101.19,1,1,1
B026,2025-08-11 23:00:00,0,613H2228,0,,117,1,0,1
B026,2025-08-11 23:00:00,1,613E2680,0,2.1,101.17,1,1,1
B026,2025-08-12 00:00:00,0,613H2228,0,,117,1,0,1
B026,2025-08-12 00:00:00,1,613E2680,0,2.5,101.19,1,1,1
B026,2025-08-12 01:00:00,0,613H2228,0.03611452925,,117,1,0,1
B026,2025-08-12 01:00:00,1,613E2680,0,9.66,101.34,1,1,1
B026,2025-08-12 02:00:00,0,613H2228,0,,117,1,0,1
B026,2025-08-12 02:00:00,1,613E2680,0,,,1,0,0
B026,2025-08-12 03:00:00,0,613H2228,0,,117,1,0,1
B026,2025-08-12 03:00:00,1,613E2680,0,7.74,101.31,1,1,1
B026,2025-08-12 04:00:00,0,613H2228,0,,117,1,0,1
B026,2025-08-12 04:00:00,1,613E2680,0,5.1,101.26,1,1,1
B026,2025-08-12 05:00:00,0,613H2228,0,,117,1,0,1
B026,2025-08-12 05:00:00,1,613E2680,0,3.84,101.23,1,1,1
B026,2025-08-12 06:00:00,0,613H2228,0,,117,1,0,1
B026,2025-08-12 06:00:00,1,613E2680,0,2.7,101.2,1,1,1
B026,2025-08-12 07:00:00,0,613H2228,0.1342444609,,117,1,0,1
B026,2025-08-12 07:00:00,1,613E2680,0.008132601666,2.1,101.17,1,1,1
B026,2025-08-12 08:00:00,0,613H2228,0,,117,1,0,1
B026,2025-08-12 08:00:00,1,613E2680,0,,,1,0,0
B026,2025-08-12 09:00:00,0,613H2228,0,,117,1,0,1
B026,2025-08-12 09:00:00,1,613E2680,0,1.7,101.15,1,1,1
B026,2025-08-12 10:00:00,0,613H2228,0,,117,1,0,1
B026,2025-08-12 10:00:00,1,613E2680,0,1.7,101.15,1,1,1
B026,2025-08-12 11:00:00,0,613H2228,0,,117,1,0,1
B026,2025-08-12 11:00:00,1,613E2680,0,1.54,101.14,1,1,1
B026,2025-08-12 12:00:00,0,613H2228,0.1093678203,,117,1,0,1
B026,2025-08-12 12:00:00,1,613E2680,0.08579448397,3.08,101.21,1,1,1
B026,2025-08-12 13:00:00,0,613H2228,0,,117,1,0,1
B026,2025-08-12 13:00:00,1,613E2680,0.01127993728,8.38,101.32,1,1,1
B026,2025-08-12 14:00:00,0,613H2228,0.0620154024,,117,1,0,1
B026,2025-08-12 14:00:00,1,613E2680,0.0210734142,,,1,0,0
B026,2025-08-12 15:00:00,0,613H2228,0.3555901624,,117,1,0,1
B026,2025-08-12 15:00:00,1,613E2680,0.05033535522,5.6,101.27,1,1,1
B026,2025-08-12 16:00:00,0,613H2228,0.3045859368,,117,1,0,1
B026,2025-08-12 16:00:00,1,613E2680,0.1294396309,4.22,101.24,1,1,1
B026,2025-08-12 17:00:00,0,613H2228,0.02590087316,,117,1,0,1
B026,2025-08-12 17:00:00,1,613E2680,2.955385049,3.08,101.21,1,1,1
B026,2025-08-12 18:00:00,0,613H2228,10.38081279,,117,1,0,1
B026,2025-08-12 18:00:00,1,613E2680,4.338725042,2.5,101.19,1,1,1
B026,2025-08-12 19:00:00,0,613H2228,1.62856334,,117,1,0,1
B026,2025-08-12 19:00:00,1,613E2680,1.314404549,2.3,101.18,1,1,1
B026,2025-08-12 20:00:00,0,613H2228,0.8538513331,,117,1,0,1
B026,2025-08-12 20:00:00,1,613E2680,0.5548077908,,,1,0,0
B026,2025-08-12 21:00:00,0,613H2228,0.4270010336,,117,1,0,1
B026,2025-08-12 21:00:00,1,613E2680,0.2186861884,2.3,101.18,1,1,1
B026,2025-08-12 22:00:00,0,613H2228,0.1945546689,,117,1,0,1
B026,2025-08-12 22:00:00,1,613E2680,0.09473197695,2.3,101.18,1,1,1
B026,2025-08-12 23:00:00,0,613H2228,0.4110902569,,117,1,0,1
B026,2025-08-12 23:00:00,1,613E2680,0.06091247852,3.08,101.21,1,1,1
B026,2025-08-13 00:00:00,0,613H2228,0.371646908,,117,1,0,1
B026,2025-08-13 00:00:00,1,613E2680,0.8532102845,10.3,101.35,1,1,1
B026,2025-08-13 01:00:00,0,613H2228,1.797426458,,117,1,0,1
B026,2025-08-13 01:00:00,1,613E2680,4.602292169,11.7,101.37,1,1,1
B026,2025-08-13 02:00:00,0,613H2228,4.352828428,,117,1,0,1
B026,2025-08-13 02:00:00,1,613E2680,1.78676458,13.1,101.39,1,1,1
B026,2025-08-13 03:00:00,0,613H2228,5.424431989,,117,1,0,1
B026,2025-08-13 03:00:00,1,613E2680,0.9202338615,23.6,101.51,1,1,1
B026,2025-08-13 04:00:00,0,613H2228,0.4650920558,,117,1,0,1
B026,2025-08-13 04:00:00,1,613E2680,0.7710232133,28.5,101.56,1,1,1
B026,2025-08-13 05:00:00,0,613H2228,1.665181991,,117,1,0,1
B026,2025-08-13 05:00:00,1,613E2680,0.1748966527,26.4,101.54,1,1,1
B026,2025-08-13 06:00:00,0,613H2228,0.1813061121,,117,1,0,1
B026,2025-08-13 06:00:00,1,613E2680,0.03957164276,22.6,101.5,1,1,1
B026,2025-08-13 07:00:00,0,613H2228,29.01124756,,117,1,0,1
B026,2025-08-13 07:00:00,1,613E2680,11.94068145,21.7,101.49,1,1,1
B026,2025-08-13 08:00:00,0,613H2228,0,,117,1,0,1
B026,2025-08-13 08:00:00,1,613E2680,0.09567085121,,,1,0,0
B026,2025-08-13 09:00:00,0,613H2228,0,,117,1,0,1
B026,2025-08-13 09:00:00,1,613E2680,0,19.9,101.47,1,1,1
B026,2025-08-13 10:00:00,0,613H2228,0,,117,1,0,1
B026,2025-08-13 10:00:00,1,613E2680,0.04495769174,18.1,101.45,1,1,1
B026,2025-08-13 11:00:00,0,613H2228,0.05069930016,,117,1,0,1
B026,2025-08-13 11:00:00,1,613E2680,0.05383714053,19,101.46,1,1,1
B026,2025-08-13 12:00:00,0,613H2228,0,,117,1,0,1
B026,2025-08-13 12:00:00,1,613E2680,0,24.5,101.52,1,1,1
B026,2025-08-13 13:00:00,0,613H2228,0,,117,1,0,1
B026,2025-08-13 13:00:00,1,613E2680,0,,,1,0,0
B026,2025-08-13 14:00:00,0,613H2228,0,,117,1,0,1
B026,2025-08-13 14:00:00,1,613E2680,0,23.6,101.51,1,1,1
B026,2025-08-13 15:00:00,0,613H2228,0,,117,1,0,1
B026,2025-08-13 15:00:00,1,613E2680,0,21.7,101.49,1,1,1
B026,2025-08-13 16:00:00,0,613H2228,0,,117,1,0,1
B026,2025-08-13 16:00:00,1,613E2680,0,20.8,101.48,1,1,1
B026,2025-08-13 17:00:00,0,613H2228,0,,117,1,0,1
B026,2025-08-13 17:00:00,1,613E2680,0.009071475928,19,101.46,1,1,1
B026,2025-08-13 18:00:00,0,613H2228,0,,117,1,0,1
B026,2025-08-13 18:00:00,1,613E2680,0,14.7,101.41,1,1,1
B026,2025-08-13 19:00:00,0,613H2228,0,,117,1,0,1
B026,2025-08-13 19:00:00,1,613E2680,0,,,1,0,0
B026,2025-08-13 20:00:00,0,613H2228,0,,117,1,0,1
B026,2025-08-13 20:00:00,1,613E2680,0,13.8,101.4,1,1,1
B026,2025-08-13 21:00:00,0,613H2228,0,,117,1,0,1
B026,2025-08-13 21:00:00,1,613E2680,0,13.8,101.4,1,1,1
B026,2025-08-13 22:00:00,0,613H2228,0,,117,1,0,1
B026,2025-08-13 22:00:00,1,613E2680,0,13.8,101.4,1,1,1
B026,2025-08-13 23:00:00,0,613H2228,0,,117,1,0,1
B026,2025-08-13 23:00:00,1,613E2680,0,13.8,101.4,1,1,1
B026,2025-08-14 00:00:00,0,613H2228,0,,117,1,0,1
B026,2025-08-14 00:00:00,1,613E2680,0,13.8,101.4,1,1,1
B026,2025-08-14 01:00:00,0,613H2228,0,,117,1,0,1
B026,2025-08-14 01:00:00,1,613E2680,0,,,1,0,0
B026,2025-08-14 02:00:00,0,613H2228,0,,117,1,0,1
B026,2025-08-14 02:00:00,1,613E2680,0,13.1,101.39,1,1,1
B026,2025-08-14 03:00:00,0,613H2228,0,,117,1,0,1
B026,2025-08-14 03:00:00,1,613E2680,0,12.4,101.38,1,1,1
B026,2025-08-14 04:00:00,0,613H2228,0,,117,1,0,1
B026,2025-08-14 04:00:00,1,613E2680,0,12.4,101.38,1,1,1
B026,2025-08-14 05:00:00,0,613H2228,0,,117,1,0,1
B026,2025-08-14 05:00:00,1,613E2680,0,13.1,101.39,1,1,1
B026,2025-08-14 06:00:00,0,613H2228,0,,117,1,0,1
B026,2025-08-14 06:00:00,1,613E2680,0,13.1,101.39,1,1,1
B026,2025-08-14 07:00:00,0,613H2228,0.0868138294,,117,1,0,1
B026,2025-08-14 07:00:00,1,613E2680,0.2035371594,,,1,0,0
B026,2025-08-14 08:00:00,0,613H2228,0.05069930016,,117,1,0,1
B026,2025-08-14 08:00:00,1,613E2680,0.02833061379,13.1,101.39,1,1,1
B026,2025-08-14 09:00:00,0,613H2228,0,,117,1,0,1
B026,2025-08-14 09:00:00,1,613E2680,0.006294671234,13.1,101.39,1,1,1
B026,2025-08-14 10:00:00,0,613H2228,0.29133738,,117,1,0,1
B026,2025-08-14 10:00:00,1,613E2680,0.007107090101,12.4,101.38,1,1,1
B026,2025-08-14 11:00:00,0,613H2228,0.02590087316,,117,1,0,1
B026,2025-08-14 11:00:00,1,613E2680,0,11.7,101.37,1,1,1
B026,2025-08-14 12:00:00,0,613H2228,0,,117,1,0,1
B026,2025-08-14 12:00:00,1,613E2680,0,11,101.36,1,1,1
B026,2025-08-14 13:00:00,0,613H2228,0,,117,1,0,1
B026,2025-08-14 13:00:00,1,613E2680,0,,,1,0,0
B026,2025-08-14 14:00:00,0,613H2228,0,,117,1,0,1
B026,2025-08-14 14:00:00,1,613E2680,0,11.7,101.37,1,1,1
B026,2025-08-14 15:00:00,0,613H2228,0,,117,1,0,1
B026,2025-08-14 15:00:00,1,613E2680,0,11,101.36,1,1,1
B026,2025-08-14 16:00:00,0,613H2228,0.05180174631,,117,1,0,1
B026,2025-08-14 16:00:00,1,613E2680,0,10.3,101.35,1,1,1
B026,2025-08-14 17:00:00,0,613H2228,0.6208253889,,117,1,0,1
B026,2025-08-14 17:00:00,1,613E2680,0.111348499,7.74,101.31,1,1,1
B026,2025-08-14 18:00:00,0,613H2228,17.06080087,,117,1,0,1
B026,2025-08-14 18:00:00,1,613E2680,3.817324271,5.6,101.27,1,1,1
B026,2025-08-14 19:00:00,0,613H2228,4.601343775,,117,1,0,1
B026,2025-08-14 19:00:00,1,613E2680,8.402306942,4.22,101.24,1,1,1
B026,2025-08-14 20:00:00,0,613H2228,3.344391403,,117,1,0,1
B026,2025-08-14 20:00:00,1,613E2680,0.3326500554,4.6,101.25,1,1,1
B026,2025-08-14 21:00:00,0,613H2228,0.7258167063,,117,1,0,1
B026,2025-08-14 21:00:00,1,613E2680,1.739191399,13.8,101.4,1,1,1
B026,2025-08-14 22:00:00,0,613H2228,0,,117,1,0,1
B026,2025-08-14 22:00:00,1,613E2680,0,26.4,101.54,1,1,1
B026,2025-08-14 23:00:00,0,613H2228,0,,117,1,0,1
B026,2025-08-14 23:00:00,1,613E2680,0,31.6,101.59,1,1,1
B026,2025-08-15 00:00:00,0,613H2228,0,,117,1,0,1
B026,2025-08-15 00:00:00,1,613E2680,0,28.5,101.56,1,1,1
B026,2025-08-15 01:00:00,0,613H2228,0,,117,1,0,1
B026,2025-08-15 01:00:00,1,613E2680,0,,,1,0,0
B026,2025-08-15 02:00:00,0,613H2228,0.0132485568,,117,1,0,1
B026,2025-08-15 02:00:00,1,613E2680,0.005386103397,26.4,101.54,1,1,1
B026,2025-08-15 03:00:00,0,613H2228,0.1807993581,,117,1,0,1
B026,2025-08-15 03:00:00,1,613E2680,0.01055758675,29.5,101.57,1,1,1
B026,2025-08-15 04:00:00,0,613H2228,0,,117,1,0,1
B026,2025-08-15 04:00:00,1,613E2680,0,41.3,101.68,1,1,1
B026,2025-08-15 05:00:00,0,613H2228,0,,117,1,0,1
B026,2025-08-15 05:00:00,1,613E2680,0,47.9,101.74,1,1,1
B026,2025-08-15 06:00:00,0,613H2228,0.05069930016,,117,1,0,1
B026,2025-08-15 06:00:00,1,613E2680,0.1216852528,52.3,101.78,1,1,1
B026,2025-08-15 07:00:00,0,613H2228,27.01766465,,117,1,0,1
B026,2025-08-15 07:00:00,1,613E2680,13.8180853,,,1,0,0
B026,2025-08-15 08:00:00,0,613H2228,0,,117,1,0,1
B026,2025-08-15 08:00:00,1,613E2680,0.03957164276,50.1,101.76,1,1,1
B026,2025-08-15 09:00:00,0,613H2228,0,,117,1,0,1
B026,2025-08-15 09:00:00,1,613E2680,0,47.9,101.74,1,1,1
B026,2025-08-15 10:00:00,0,613H2228,0,,117,1,0,1
B026,2025-08-15 10:00:00,1,613E2680,0,45.7,101.72,1,1,1
B026,2025-08-15 11:00:00,0,613H2228,0,,117,1,0,1
B026,2025-08-15 11:00:00,1,613E2680,0.008132601666,44.6,101.71,1,1,1
B026,2025-08-15 12:00:00,0,613H2228,0,,117,1,0,1
B026,2025-08-15 12:00:00,1,613E2680,0,41.3,101.68,1,1,1
B026,2025-08-15 13:00:00,0,613H2228,0,,117,1,0,1
B026,2025-08-15 13:00:00,1,613E2680,0,,,1,0,0
B026,2025-08-15 14:00:00,0,613H2228,0,,117,1,0,1
B026,2025-08-15 14:00:00,1,613E2680,0,41.3,101.68,1,1,1
B026,2025-08-15 15:00:00,0,613H2228,0,,117,1,0,1
B026,2025-08-15 15:00:00,1,613E2680,0,40.3,101.67,1,1,1
B026,2025-08-15 16:00:00,0,613H2228,0,,117,1,0,1
B026,2025-08-15 16:00:00,1,613E2680,0,37,101.64,1,1,1
B026,2025-08-15 17:00:00,0,613H2228,0,,117,1,0,1
B026,2025-08-15 17:00:00,1,613E2680,0,31.6,101.59,1,1,1
B026,2025-08-15 18:00:00,0,613H2228,0,,117,1,0,1
B026,2025-08-15 18:00:00,1,613E2680,0,27.4,101.55,1,1,1
B026,2025-08-15 19:00:00,0,613H2228,0,,117,1,0,1
B026,2025-08-15 19:00:00,1,613E2680,0,,,1,0,0
B026,2025-08-15 20:00:00,0,613H2228,0,,117,1,0,1
B026,2025-08-15 20:00:00,1,613E2680,0,25.5,101.53,1,1,1
B026,2025-08-15 21:00:00,0,613H2228,0,,117,1,0,1
B026,2025-08-15 21:00:00,1,613E2680,0,24.5,101.52,1,1,1
B026,2025-08-15 22:00:00,0,613H2228,0,,117,1,0,1
B026,2025-08-15 22:00:00,1,613E2680,0,24.5,101.52,1,1,1
B026,2025-08-15 23:00:00,0,613H2228,0,,117,1,0,1
B026,2025-08-15 23:00:00,1,613E2680,0,24.5,101.52,1,1,1
B026,2025-08-16 00:00:00,0,613H2228,0,,117,1,0,1
B026,2025-08-16 00:00:00,1,613E2680,0,24.5,101.52,1,1,1
B026,2025-08-16 01:00:00,0,613H2228,0,,117,1,0,1
B026,2025-08-16 01:00:00,1,613E2680,0,,,1,0,0
B026,2025-08-16 02:00:00,0,613H2228,0.05069930016,,117,1,0,1
B026,2025-08-16 02:00:00,1,613E2680,0.02019801212,24.5,101.52,1,1,1
B026,2025-08-16 03:00:00,0,613H2228,0,,117,1,0,1
B026,2025-08-16 03:00:00,1,613E2680,0,23.6,101.51,1,1,1
B026,2025-08-16 04:00:00,0,613H2228,0,,117,1,0,1
B026,2025-08-16 04:00:00,1,613E2680,0,19.9,101.47,1,1,1
B026,2025-08-16 05:00:00,0,613H2228,0,,117,1,0,1
B026,2025-08-16 05:00:00,1,613E2680,0,14.7,101.41,1,1,1
B026,2025-08-16 06:00:00,0,613H2228,0,,117,1,0,1
B026,2025-08-16 06:00:00,1,613E2680,0,,,1,0,0
B026,2025-08-16 07:00:00,0,613H2228,0.05069930016,,117,1,0,1
B026,2025-08-16 07:00:00,1,613E2680,0.0742803227,14.7,101.41,1,1,1
B026,2025-08-16 08:00:00,0,613H2228,0,,117,1,0,1
B026,2025-08-16 08:00:00,1,613E2680,0,14.7,101.41,1,1,1
B026,2025-08-16 09:00:00,0,613H2228,0,,117,1,0,1
B026,2025-08-16 09:00:00,1,613E2680,0,14.7,101.41,1,1,1
B026,2025-08-16 10:00:00,0,613H2228,0,,117,1,0,1
B026,2025-08-16 10:00:00,1,613E2680,0.02064307367,16.4,101.43,1,1,1
B026,2025-08-16 11:00:00,0,613H2228,0,,117,1,0,1
B026,2025-08-16 11:00:00,1,613E2680,0,21.7,101.49,1,1,1
B026,2025-08-16 12:00:00,0,613H2228,0,,117,1,0,1
B026,2025-08-16 12:00:00,1,613E2680,0,22.6,101.5,1,1,1
B026,2025-08-16 13:00:00,0,613H2228,0,,117,1,0,1
B026,2025-08-16 13:00:00,1,613E2680,0,21.7,101.49,1,1,1
B026,2025-08-16 14:00:00,0,613H2228,0,,117,1,0,1
B026,2025-08-16 14:00:00,1,613E2680,0,21.7,101.49,1,1,1
B026,2025-08-16 15:00:00,0,613H2228,0,,117,1,0,1
B026,2025-08-16 15:00:00,1,613E2680,0,19.9,101.47,1,1,1
B026,2025-08-16 16:00:00,0,613H2228,0,,117,1,0,1
B026,2025-08-16 16:00:00,1,613E2680,0.1881109301,16.4,101.43,1,1,1
B026,2025-08-16 17:00:00,0,613H2228,0,,117,1,0,1
B026,2025-08-16 17:00:00,1,613E2680,0,13.8,101.4,1,1,1
B026,2025-08-16 18:00:00,0,613H2228,0,,117,1,0,1
B026,2025-08-16 18:00:00,1,613E2680,0,,,1,0,0
B026,2025-08-16 19:00:00,0,613H2228,0,,117,1,0,1
B026,2025-08-16 19:00:00,1,613E2680,0,13.1,101.39,1,1,1
B026,2025-08-16 20:00:00,0,613H2228,0,,117,1,0,1
B026,2025-08-16 20:00:00,1,613E2680,0,13.1,101.39,1,1,1
B026,2025-08-16 21:00:00,0,613H2228,0,,117,1,0,1
B026,2025-08-16 21:00:00,1,613E2680,0,12.4,101.38,1,1,1
B026,2025-08-16 22:00:00,0,613H2228,0,,117,1,0,1
B026,2025-08-16 22:00:00,1,613E2680,0,11.7,101.37,1,1,1
B026,2025-08-16 23:00:00,0,613H2228,0,,117,1,0,1
B026,2025-08-16 23:00:00,1,613E2680,0,11,101.36,1,1,1
B026,2025-08-17 00:00:00,0,613H2228,0,,117,1,0,1
B026,2025-08-17 00:00:00,1,613E2680,0,,,1,0,0
B026,2025-08-17 01:00:00,0,613H2228,0,,117,1,0,1
B026,2025-08-17 01:00:00,1,613E2680,0,11,101.36,1,1,1
B026,2025-08-17 02:00:00,0,613H2228,0,,117,1,0,1
B026,2025-08-17 02:00:00,1,613E2680,0,11,101.36,1,1,1
B026,2025-08-17 03:00:00,0,613H2228,0,,117,1,0,1
B026,2025-08-17 03:00:00,1,613E2680,0,11,101.36,1,1,1
B026,2025-08-17 04:00:00,0,613H2228,0,,117,1,0,1
B026,2025-08-17 04:00:00,1,613E2680,0,9.02,101.33,1,1,1
B026,2025-08-17 05:00:00,0,613H2228,0,,117,1,0,1
B026,2025-08-17 05:00:00,1,613E2680,0,5.1,101.26,1,1,1
B026,2025-08-17 06:00:00,0,613H2228,0,,117,1,0,1
B026,2025-08-17 06:00:00,1,613E2680,0,,,1,0,0
B026,2025-08-17 07:00:00,0,613H2228,0.05069930016,,117,1,0,1
B026,2025-08-17 07:00:00,1,613E2680,0.2289520159,3.84,101.23,1,1,1
B026,2025-08-17 08:00:00,0,613H2228,0,,117,1,0,1
B026,2025-08-17 08:00:00,1,613E2680,0,3.08,101.21,1,1,1
B026,2025-08-17 09:00:00,0,613H2228,0,,117,1,0,1
B026,2025-08-17 09:00:00,1,613E2680,0,2.7,101.2,1,1,1
B026,2025-08-17 10:00:00,0,613H2228,0,,117,1,0,1
B026,2025-08-17 10:00:00,1,613E2680,0,2.7,101.2,1,1,1
B026,2025-08-17 11:00:00,0,613H2228,0,,117,1,0,1
B026,2025-08-17 11:00:00,1,613E2680,0,11,101.36,1,1,1
B026,2025-08-17 12:00:00,0,613H2228,0,,117,1,0,1
B026,2025-08-17 12:00:00,1,613E2680,0,,,1,0,0
B026,2025-08-22 14:00:00,0,613H2228,0,,117,1,0,1
B026,2025-08-22 14:00:00,1,613E2680,0.9092800002,6.1,101.28,1,1,1
B026,2025-08-22 15:00:00,0,613H2228,0,,117,1,0,1
B026,2025-08-22 15:00:00,1,613E2680,0.3253810019,4.22,101.24,1,1,1
B026,2025-08-22 16:00:00,0,613H2228,0,,117,1,0,1
B026,2025-08-22 16:00:00,1,613E2680,0.02064307367,,,1,0,0
B026,2025-08-22 17:00:00,0,613H2228,0,,117,1,0,1
B026,2025-08-22 17:00:00,1,613E2680,0,3.08,101.21,1,1,1
B026,2025-08-22 18:00:00,0,613H2228,0,,117,1,0,1
B026,2025-08-22 18:00:00,1,613E2680,0.02757795402,2.5,101.19,1,1,1
B026,2025-08-22 19:00:00,0,613H2228,0,,117,1,0,1
B026,2025-08-22 19:00:00,1,613E2680,0,2.3,101.18,1,1,1
B026,2025-08-22 20:00:00,0,613H2228,0,,117,1,0,1
B026,2025-08-22 20:00:00,1,613E2680,0,1.9,101.16,1,1,1
B026,2025-08-22 21:00:00,0,613H2228,0,,117,1,0,1
B026,2025-08-22 21:00:00,1,613E2680,0,1.7,101.15,1,1,1
B026,2025-08-22 22:00:00,0,613H2228,0,,117,1,0,1
B026,2025-08-22 22:00:00,1,613E2680,0,,,1,0,0
B026,2025-08-22 23:00:00,0,613H2228,0,,117,1,0,1
B026,2025-08-22 23:00:00,1,613E2680,0,4.6,101.25,1,1,1
B026,2025-08-23 00:00:00,0,613H2228,0,,117,1,0,1
B026,2025-08-23 00:00:00,1,613E2680,0,9.02,101.33,1,1,1
B026,2025-08-23 01:00:00,0,613H2228,0,,117,1,0,1
B026,2025-08-23 01:00:00,1,613E2680,0.00637806615,9.66,101.34,1,1,1
B026,2025-08-23 02:00:00,0,613H2228,0,,117,1,0,1
B026,2025-08-23 02:00:00,1,613E2680,0,7.1,101.3,1,1,1
B026,2025-08-23 03:00:00,0,613H2228,0,,117,1,0,1
B026,2025-08-23 03:00:00,1,613E2680,0,,,1,0,0
B026,2025-08-23 04:00:00,0,613H2228,0,,117,1,0,1
B026,2025-08-23 04:00:00,1,613E2680,0.02064307367,5.1,101.26,1,1,1
B026,2025-08-23 05:00:00,0,613H2228,0,,117,1,0,1
B026,2025-08-23 05:00:00,1,613E2680,0,3.84,101.23,1,1,1
B026,2025-08-23 06:00:00,0,613H2228,0.05069930016,,117,1,0,1
B026,2025-08-23 06:00:00,1,613E2680,0.02019801212,2.7,101.2,1,1,1
B026,2025-08-23 07:00:00,0,613H2228,0.05069930016,,117,1,0,1
B026,2025-08-23 07:00:00,1,613E2680,1.358876857,2.5,101.19,1,1,1
B026,2025-08-23 08:00:00,0,613H2228,0,,117,1,0,1
B026,2025-08-23 08:00:00,1,613E2680,0,1.9,101.16,1,1,1
B026,2025-08-23 09:00:00,0,613H2228,0,,117,1,0,1
B026,2025-08-23 09:00:00,1,613E2680,0,,,1,0,0
B026,2025-08-23 10:00:00,0,613H2228,0,,117,1,0,1
B026,2025-08-23 10:00:00,1,613E2680,0,5.6,101.27,1,1,1
B026,2025-08-23 11:00:00,0,613H2228,0,,117,1,0,1
B026,2025-08-23 11:00:00,1,613E2680,0,9.02,101.33,1,1,1
B026,2025-08-23 12:00:00,0,613H2228,0,,117,1,0,1
B026,2025-08-23 12:00:00,1,613E2680,0,9.02,101.33,1,1,1
B026,2025-08-23 13:00:00,0,613H2228,0,,117,1,0,1
B026,2025-08-23 13:00:00,1,613E2680,0,9.02,101.33,1,1,1
B026,2025-08-23 14:00:00,0,613H2228,0,,117,1,0,1
B026,2025-08-23 14:00:00,1,613E2680,0,6.6,101.29,1,1,1
B026,2025-08-23 15:00:00,0,613H2228,0,,117,1,0,1
B026,2025-08-23 15:00:00,1,613E2680,0,,,1,0,0
B026,2025-08-23 16:00:00,0,613H2228,0,,117,1,0,1
B026,2025-08-23 16:00:00,1,613E2680,0,4.6,101.25,1,1,1
B026,2025-08-23 17:00:00,0,613H2228,0,,117,1,0,1
B026,2025-08-23 17:00:00,1,613E2680,0,3.46,101.22,1,1,1
B026,2025-08-23 18:00:00,0,613H2228,0,,117,1,0,1
B026,2025-08-23 18:00:00,1,613E2680,0,2.5,101.19,1,1,1
B026,2025-08-23 19:00:00,0,613H2228,0,,117,1,0,1
B026,2025-08-23 19:00:00,1,613E2680,0,2.3,101.18,1,1,1
B026,2025-08-23 20:00:00,0,613H2228,0,,117,1,0,1
B026,2025-08-23 20:00:00,1,613E2680,0,1.9,101.16,1,1,1
B026,2025-08-23 21:00:00,0,613H2228,0,,117,1,0,1
B026,2025-08-23 21:00:00,1,613E2680,0,,,1,0,0
B026,2025-08-23 22:00:00,0,613H2228,0,,117,1,0,1
B026,2025-08-23 22:00:00,1,613E2680,0,3.08,101.21,1,1,1
B026,2025-08-23 23:00:00,0,613H2228,0,,117,1,0,1
B026,2025-08-23 23:00:00,1,613E2680,0,7.74,101.31,1,1,1
B026,2025-08-24 00:00:00,0,613H2228,0,,117,1,0,1
B026,2025-08-24 00:00:00,1,613E2680,0,9.02,101.33,1,1,1
B026,2025-08-24 01:00:00,0,613H2228,0,,117,1,0,1
B026,2025-08-24 01:00:00,1,613E2680,0,9.02,101.33,1,1,1
B026,2025-08-24 02:00:00,0,613H2228,0,,117,1,0,1
B026,2025-08-24 02:00:00,1,613E2680,0,5.6,101.27,1,1,1
B026,2025-08-24 03:00:00,0,613H2228,0,,117,1,0,1
B026,2025-08-24 03:00:00,1,613E2680,0,,,1,0,0
B026,2025-08-24 04:00:00,0,613H2228,0,,117,1,0,1
B026,2025-08-24 04:00:00,1,613E2680,0,3.84,101.23,1,1,1
B026,2025-08-24 05:00:00,0,613H2228,0,,117,1,0,1
B026,2025-08-24 05:00:00,1,613E2680,0,3.08,101.21,1,1,1
B026,2025-08-24 06:00:00,0,613H2228,0,,117,1,0,1
B026,2025-08-24 06:00:00,1,613E2680,0,2.5,101.19,1,1,1
B026,2025-08-24 07:00:00,0,613H2228,0,,117,1,0,1
B026,2025-08-24 07:00:00,1,613E2680,0,2.1,101.17,1,1,1
B026,2025-08-24 08:00:00,0,613H2228,0,,117,1,0,1
B026,2025-08-24 08:00:00,1,613E2680,0,1.7,101.15,1,1,1
B026,2025-08-24 09:00:00,0,613H2228,0,,117,1,0,1
B026,2025-08-24 09:00:00,1,613E2680,0,,,1,0,0
B026,2025-08-24 10:00:00,0,613H2228,0,,117,1,0,1
B026,2025-08-24 10:00:00,1,613E2680,0,1.7,101.15,1,1,1
B026,2025-08-24 11:00:00,0,613H2228,0,,117,1,0,1
B026,2025-08-24 11:00:00,1,613E2680,0,1.54,101.14,1,1,1
B026,2025-08-24 12:00:00,0,613H2228,0,,117,1,0,1
B026,2025-08-24 12:00:00,1,613E2680,0,1.54,101.14,1,1,1
B026,2025-08-24 13:00:00,0,613H2228,0,,117,1,0,1
B026,2025-08-24 13:00:00,1,613E2680,0,4.6,101.25,1,1,1
B026,2025-08-24 14:00:00,0,613H2228,0,,117,1,0,1
B026,2025-08-24 14:00:00,1,613E2680,0.2374298566,0.561,101.27,1,1,1
B026,2025-08-24 15:00:00,0,613H2228,0,,117,1,0,1
B026,2025-08-24 15:00:00,1,613E2680,0.9940917929,,,1,0,0
B026,2025-08-24 16:00:00,0,613H2228,2.734195507,,117,1,0,1
B026,2025-08-24 16:00:00,1,613E2680,2.471999565,4.22,101.24,1,1,1
B026,2025-08-24 17:00:00,0,613H2228,0.2187356406,,117,1,0,1
B026,2025-08-24 17:00:00,1,613E2680,0.4560326223,3.08,101.21,1,1,1
B026,2025-08-24 18:00:00,0,613H2228,0,,117,1,0,1
B026,2025-08-24 18:00:00,1,613E2680,0.02064307367,3.46,101.22,1,1,1
B026,2025-08-24 19:00:00,0,613H2228,0,,117,1,0,1
B026,2025-08-24 19:00:00,1,613E2680,0,4.6,101.25,1,1,1
B026,2025-08-24 20:00:00,0,613H2228,0,,117,1,0,1
B026,2025-08-24 20:00:00,1,613E2680,0.02064307367,,,1,0,0
B026,2025-08-24 21:00:00,0,613H2228,0,,117,1,0,1
B026,2025-08-24 21:00:00,1,613E2680,0.00637806615,3.46,101.22,1,1,1
B026,2025-08-24 22:00:00,0,613H2228,0,,117,1,0,1
B026,2025-08-24 22:00:00,1,613E2680,0,3.08,101.21,1,1,1
B026,2025-08-24 23:00:00,0,613H2228,0,,117,1,0,1
B026,2025-08-24 23:00:00,1,613E2680,0.02099968531,4.6,101.25,1,1,1
B026,2025-08-25 00:00:00,0,613H2228,0,,117,1,0,1
B026,2025-08-25 00:00:00,1,613E2680,0,11,101.36,1,1,1
B026,2025-08-25 01:00:00,0,613H2228,0,,117,1,0,1
B026,2025-08-25 01:00:00,1,613E2680,0,12.4,101.38,1,1,1
B026,2025-08-25 02:00:00,0,613H2228,0,,117,1,0,1
B026,2025-08-25 02:00:00,1,613E2680,0,12.4,101.38,1,1,1
B026,2025-08-25 03:00:00,0,613H2228,0,,117,1,0,1
B026,2025-08-25 03:00:00,1,613E2680,0,12.4,101.38,1,1,1
B026,2025-08-25 04:00:00,0,613H2228,0,,117,1,0,1
B026,2025-08-25 04:00:00,1,613E2680,0,12.4,101.38,1,1,1
B026,2025-08-25 05:00:00,0,613H2228,0,,117,1,0,1
B026,2025-08-25 05:00:00,1,613E2680,0.02099968531,11,101.36,1,1,1
B026,2025-08-25 06:00:00,0,613H2228,0,,117,1,0,1
B026,2025-08-25 06:00:00,1,613E2680,0,8.38,101.32,1,1,1
B026,2025-08-25 07:00:00,0,613H2228,2.952931148,,117,1,0,1
B026,2025-08-25 07:00:00,1,613E2680,4.271670402,4.22,101.24,1,1,1
B026,2025-08-25 08:00:00,0,613H2228,0,,117,1,0,1
B026,2025-08-25 08:00:00,1,613E2680,0.00637806615,,,1,0,0
B026,2025-08-25 09:00:00,0,613H2228,0,,117,1,0,1
B026,2025-08-25 09:00:00,1,613E2680,0,3.46,101.22,1,1,1
B026,2025-08-25 10:00:00,0,613H2228,0,,117,1,0,1
B026,2025-08-25 10:00:00,1,613E2680,0,2.7,101.2,1,1,1
B026,2025-08-25 11:00:00,0,613H2228,0,,117,1,0,1
B026,2025-08-25 11:00:00,1,613E2680,0,2.5,101.19,1,1,1
B026,2025-08-25 12:00:00,0,613H2228,0,,117,1,0,1
B026,2025-08-25 12:00:00,1,613E2680,0,2.3,101.18,1,1,1
B026,2025-08-25 13:00:00,0,613H2228,0,,117,1,0,1
B026,2025-08-25 13:00:00,1,613E2680,0,7.74,101.31,1,1,1
B026,2025-08-25 14:00:00,0,613H2228,0,,117,1,0,1
B026,2025-08-25 14:00:00,1,613E2680,0,,,1,0,0
B026,2025-08-25 15:00:00,0,613H2228,0,,117,1,0,1
B026,2025-08-25 15:00:00,1,613E2680,0,10.3,101.35,1,1,1
B026,2025-08-25 16:00:00,0,613H2228,0,,117,1,0,1
B026,2025-08-25 16:00:00,1,613E2680,0,7.74,101.31,1,1,1
B026,2025-08-25 17:00:00,0,613H2228,0,,117,1,0,1
B026,2025-08-25 17:00:00,1,613E2680,0,5.6,101.27,1,1,1
B026,2025-08-25 18:00:00,0,613H2228,0.4906496583,,117,1,0,1
B026,2025-08-25 18:00:00,1,613E2680,0,4.22,101.24,1,1,1
B026,2025-08-25 19:00:00,0,613H2228,0,,117,1,0,1
B026,2025-08-25 19:00:00,1,613E2680,0,2.5,101.19,1,1,1
B026,2025-08-25 20:00:00,0,613H2228,0,,117,1,0,1
B026,2025-08-25 20:00:00,1,613E2680,0,,,1,0,0
B026,2025-08-25 21:00:00,0,613H2228,0,,117,1,0,1
B026,2025-08-25 21:00:00,1,613E2680,0,2.3,101.18,1,1,1
B026,2025-08-25 22:00:00,0,613H2228,0,,117,1,0,1
B026,2025-08-25 22:00:00,1,613E2680,0,6.1,101.28,1,1,1
B026,2025-08-25 23:00:00,0,613H2228,0,,117,1,0,1
B026,2025-08-25 23:00:00,1,613E2680,0,7.74,101.31,1,1,1
B026,2025-08-26 00:00:00,0,613H2228,0,,117,1,0,1
B026,2025-08-26 00:00:00,1,613E2680,0,8.38,101.32,1,1,1
B026,2025-08-26 01:00:00,0,613H2228,0,,117,1,0,1
B026,2025-08-26 01:00:00,1,613E2680,0,9.02,101.33,1,1,1
B026,2025-08-26 02:00:00,0,613H2228,0,,117,1,0,1
B026,2025-08-26 02:00:00,1,613E2680,0,,,1,0,0
B026,2025-08-26 03:00:00,0,613H2228,0,,117,1,0,1
B026,2025-08-26 03:00:00,1,613E2680,0.02099968531,6.1,101.28,1,1,1
B026,2025-08-26 04:00:00,0,613H2228,0,,117,1,0,1
B026,2025-08-26 04:00:00,1,613E2680,0,4.6,101.25,1,1,1
B026,2025-08-26 05:00:00,0,613H2228,0,,117,1,0,1
B026,2025-08-26 05:00:00,1,613E2680,0,3.46,101.22,1,1,1
B026,2025-08-26 06:00:00,0,613H2228,0,,117,1,0,1
B026,2025-08-26 06:00:00,1,613E2680,0,2.7,101.2,1,1,1
B026,2025-08-26 07:00:00,0,613H2228,0.4906496583,,117,1,0,1
B026,2025-08-26 07:00:00,1,613E2680,0.02737775146,2.1,101.17,1,1,1
B026,2025-08-26 08:00:00,0,613H2228,0,,117,1,0,1
B026,2025-08-26 08:00:00,1,613E2680,0,,,1,0,0
B026,2025-08-26 09:00:00,0,613H2228,0,,117,1,0,1
B026,2025-08-26 09:00:00,1,613E2680,0,1.9,101.16,1,1,1
B026,2025-08-26 10:00:00,0,613H2228,0,,117,1,0,1
B026,2025-08-26 10:00:00,1,613E2680,0,1.7,101.15,1,1,1
B026,2025-08-26 11:00:00,0,613H2228,0,,117,1,0,1
B026,2025-08-26 11:00:00,1,613E2680,0,1.7,101.15,1,1,1
B026,2025-08-26 12:00:00,0,613H2228,0,,117,1,0,1
B026,2025-08-26 12:00:00,1,613E2680,0,1.7,101.15,1,1,1
B026,2025-08-26 13:00:00,0,613H2228,0,,117,1,0,1
B026,2025-08-26 13:00:00,1,613E2680,0,1.7,101.15,1,1,1
B026,2025-08-26 14:00:00,0,613H2228,0,,117,1,0,1
B026,2025-08-26 14:00:00,1,613E2680,0,,,1,0,0
B026,2025-08-26 15:00:00,0,613H2228,0,,117,1,0,1
B026,2025-08-26 15:00:00,1,613E2680,0,5.1,101.26,1,1,1
B026,2025-08-26 16:00:00,0,613H2228,0,,117,1,0,1
B026,2025-08-26 16:00:00,1,613E2680,0,6.1,101.28,1,1,1
B026,2025-08-26 17:00:00,0,613H2228,0,,117,1,0,1
B026,2025-08-26 17:00:00,1,613E2680,0.07257180742,4.6,101.25,1,1,1
B026,2025-08-26 18:00:00,0,613H2228,0,,117,1,0,1
B026,2025-08-26 18:00:00,1,613E2680,0,3.46,101.22,1,1,1
B026,2025-08-26 19:00:00,0,613H2228,0,,117,1,0,1
B026,2025-08-26 19:00:00,1,613E2680,0,2.3,101.18,1,1,1
B026,2025-08-26 20:00:00,0,613H2228,0,,117,1,0,1
B026,2025-08-26 20:00:00,1,613E2680,0,,,1,0,0
B026,2025-08-26 21:00:00,0,613H2228,0,,117,1,0,1
B026,2025-08-26 21:00:00,1,613E2680,0,2.1,101.17,1,1,1
B026,2025-08-26 22:00:00,0,613H2228,0,,117,1,0,1
B026,2025-08-26 22:00:00,1,613E2680,0,1.9,101.16,1,1,1
B026,2025-08-26 23:00:00,0,613H2228,0,,117,1,0,1
B026,2025-08-26 23:00:00,1,613E2680,0,1.7,101.15,1,1,1
B026,2025-08-27 00:00:00,0,613H2228,0,,117,1,0,1
B026,2025-08-27 00:00:00,1,613E2680,0,2.5,101.19,1,1,1
B026,2025-08-27 01:00:00,0,613H2228,0.05069930016,,117,1,0,1
B026,2025-08-27 01:00:00,1,613E2680,0.02019801212,8.38,101.32,1,1,1
B026,2025-08-27 02:00:00,0,613H2228,0,,117,1,0,1
B026,2025-08-27 02:00:00,1,613E2680,0,8.38,101.32,1,1,1
B026,2025-08-27 03:00:00,0,613H2228,0,,117,1,0,1
B026,2025-08-27 03:00:00,1,613E2680,0,6.1,101.28,1,1,1
B026,2025-08-27 04:00:00,0,613H2228,0,,117,1,0,1
B026,2025-08-27 04:00:00,1,613E2680,0,4.22,101.24,1,1,1
B026,2025-08-27 05:00:00,0,613H2228,0,,117,1,0,1
B026,2025-08-27 05:00:00,1,613E2680,0,3.46,101.22,1,1,1
B026,2025-08-27 06:00:00,0,613H2228,0,,117,1,0,1
B026,2025-08-27 06:00:00,1,613E2680,0,2.5,101.19,1,1,1
B026,2025-08-27 07:00:00,0,613H2228,0.05069930016,,117,1,0,1
B026,2025-08-27 07:00:00,1,613E2680,0.09276981955,2.3,101.18,1,1,1
B026,2025-08-27 08:00:00,0,613H2228,0,,117,1,0,1
B026,2025-08-27 08:00:00,1,613E2680,0,2.1,101.17,1,1,1
B026,2025-08-27 09:00:00,0,613H2228,0,,117,1,0,1
B026,2025-08-27 09:00:00,1,613E2680,0,1.9,101.16,1,1,1
B026,2025-08-30 04:00:00,0,613H2228,0,,117,1,0,1
B026,2025-08-30 04:00:00,1,613E2680,0,3.08,101.21,1,1,1
B026,2025-08-30 05:00:00,0,613H2228,0,,117,1,0,1
B026,2025-08-30 05:00:00,1,613E2680,0,2.3,101.18,1,1,1
B026,2025-08-30 06:00:00,0,613H2228,0,,117,1,0,1
B026,2025-08-30 06:00:00,1,613E2680,0,,,1,0,0
B026,2025-08-30 07:00:00,0,613H2228,0,,117,1,0,1
B026,2025-08-30 07:00:00,1,613E2680,0.06329293586,1.9,101.16,1,1,1
B026,2025-08-30 08:00:00,0,613H2228,0,,117,1,0,1
B026,2025-08-30 08:00:00,1,613E2680,0,1.9,101.16,1,1,1
B026,2025-08-30 09:00:00,0,613H2228,0,,117,1,0,1
B026,2025-08-30 09:00:00,1,613E2680,0,1.7,101.15,1,1,1
B026,2025-08-30 10:00:00,0,613H2228,0,,117,1,0,1
B026,2025-08-30 10:00:00,1,613E2680,0,1.7,101.15,1,1,1
B026,2025-08-30 11:00:00,0,613H2228,0,,117,1,0,1
B026,2025-08-30 11:00:00,1,613E2680,0,1.54,101.14,1,1,1
B026,2025-08-30 12:00:00,0,613H2228,0,,117,1,0,1
B026,2025-08-30 12:00:00,1,613E2680,0,,,1,0,0
B026,2025-08-30 13:00:00,0,613H2228,0,,117,1,0,1
B026,2025-08-30 13:00:00,1,613E2680,0,1.54,101.14,1,1,1
B026,2025-08-30 14:00:00,0,613H2228,0,,117,1,0,1
B026,2025-08-30 14:00:00,1,613E2680,0.3275225765,1.38,101.13,1,1,1
B026,2025-08-30 15:00:00,0,613H2228,0,,117,1,0,1
B026,2025-08-30 15:00:00,1,613E2680,0,1.38,101.13,1,1,1
B026,2025-08-30 16:00:00,0,613H2228,0,,117,1,0,1
B026,2025-08-30 16:00:00,1,613E2680,1.975767496,1.38,101.13,1,1,1
B026,2025-08-30 17:00:00,0,613H2228,0.3615987162,,117,1,0,1
B026,2025-08-30 17:00:00,1,613E2680,7.893061571,1.37,101.13,1,1,1
B026,2025-08-30 18:00:00,0,613H2228,0.4940842841,,117,1,0,1
B026,2025-08-30 18:00:00,1,613E2680,0.2224143223,1.38,101.13,1,1,1
B026,2025-08-30 19:00:00,0,613H2228,0,,117,1,0,1
B026,2025-08-30 19:00:00,1,613E2680,0.02694299186,,,1,0,0
B026,2025-08-30 20:00:00,0,613H2228,0,,117,1,0,1
B026,2025-08-30 20:00:00,1,613E2680,0.09405989602,1.38,101.13,1,1,1
B026,2025-08-30 21:00:00,0,613H2228,0,,117,1,0,1
B026,2025-08-30 21:00:00,1,613E2680,0.01504225072,1.38,101.13,1,1,1
B026,2025-08-30 22:00:00,0,613H2228,0,,117,1,0,1
B026,2025-08-30 22:00:00,1,613E2680,0,1.38,101.13,1,1,1
B026,2025-08-30 23:00:00,0,613H2228,0,,117,1,0,1
B026,2025-08-30 23:00:00,1,613E2680,0,6.1,101.28,1,1,1
B026,2025-08-31 00:00:00,0,613H2228,0,,117,1,0,1
B026,2025-08-31 00:00:00,1,613E2680,0,9.02,101.33,1,1,1
B026,2025-08-31 01:00:00,0,613H2228,0,,117,1,0,1
B026,2025-08-31 01:00:00,1,613E2680,0,8.38,101.32,1,1,1
B026,2025-08-31 02:00:00,0,613H2228,0,,117,1,0,1
B026,2025-08-31 02:00:00,1,613E2680,0,6.1,101.28,1,1,1
B026,2025-08-31 03:00:00,0,613H2228,0,,117,1,0,1
B026,2025-08-31 03:00:00,1,613E2680,0,4.22,101.24,1,1,1
B026,2025-08-31 04:00:00,0,613H2228,0,,117,1,0,1
B026,2025-08-31 04:00:00,1,613E2680,0,3.08,101.21,1,1,1
B026,2025-08-31 05:00:00,0,613H2228,0,,117,1,0,1
B026,2025-08-31 05:00:00,1,613E2680,0,2.3,101.18,1,1,1
B026,2025-08-31 06:00:00,0,613H2228,0,,117,1,0,1
B026,2025-08-31 06:00:00,1,613E2680,0,,,1,0,0
B026,2025-08-31 07:00:00,0,613H2228,0.8556830003,,117,1,0,1
B026,2025-08-31 07:00:00,1,613E2680,10.5547535,1.9,101.16,1,1,1
B026,2025-08-31 08:00:00,0,613H2228,0,,117,1,0,1
B026,2025-08-31 08:00:00,1,613E2680,0,1.9,101.16,1,1,1
B026,2025-08-31 09:00:00,0,613H2228,0,,117,1,0,1
B026,2025-08-31 09:00:00,1,613E2680,0,1.7,101.15,1,1,1
B026,2025-08-31 10:00:00,0,613H2228,0,,117,1,0,1
B026,2025-08-31 10:00:00,1,613E2680,0.03465587065,1.54,101.14,1,1,1
B026,2025-08-31 11:00:00,0,613H2228,0,,117,1,0,1
B026,2025-08-31 11:00:00,1,613E2680,0,1.54,101.14,1,1,1
B026,2025-08-31 12:00:00,0,613H2228,0.1192370112,,117,1,0,1
B026,2025-08-31 12:00:00,1,613E2680,2.403713863,,,1,0,0
B026,2025-08-31 13:00:00,0,613H2228,1.788621188,,117,1,0,1
B026,2025-08-31 13:00:00,1,613E2680,0.08654284454,1.38,101.13,1,1,1
B026,2025-08-31 14:00:00,0,613H2228,0,,117,1,0,1
B026,2025-08-31 14:00:00,1,613E2680,0,1.37,101.13,1,1,1
B026,2025-08-31 15:00:00,0,613H2228,0,,117,1,0,1
B026,2025-08-31 15:00:00,1,613E2680,0,1.38,101.13,1,1,1
B026,2025-08-31 16:00:00,0,613H2228,0,,117,1,0,1
B026,2025-08-31 16:00:00,1,613E2680,0,1.38,101.13,1,1,1
B026,2025-08-31 17:00:00,0,613H2228,0,,117,1,0,1
B026,2025-08-31 17:00:00,1,613E2680,0,3.08,101.21,1,1,1
B026,2025-08-31 18:00:00,0,613H2228,0,,117,1,0,1
B026,2025-08-31 18:00:00,1,613E2680,0,,,1,0,0
B026,2025-08-31 19:00:00,0,613H2228,0,,117,1,0,1
B026,2025-08-31 19:00:00,1,613E2680,0,7.74,101.31,1,1,1
B026,2025-08-31 20:00:00,0,613H2228,0,,117,1,0,1
B026,2025-08-31 20:00:00,1,613E2680,0,6.1,101.28,1,1,1
B026,2025-08-31 21:00:00,0,613H2228,0,,117,1,0,1
B026,2025-08-31 21:00:00,1,613E2680,0,4.22,101.24,1,1,1
B026,2025-08-31 22:00:00,0,613H2228,0,,117,1,0,1
B026,2025-08-31 22:00:00,1,613E2680,0,3.08,101.21,1,1,1
B026,2025-08-31 23:00:00,0,613H2228,0,,117,1,0,1
B026,2025-08-31 23:00:00,1,613E2680,0,5.6,101.27,1,1,1
B026,2025-09-01 00:00:00,0,613H2228,0,,117,1,0,1
B026,2025-09-01 00:00:00,1,613E2680,0,,,1,0,0
B026,2025-09-01 01:00:00,0,613H2228,0,,117,1,0,1
B026,2025-09-01 01:00:00,1,613E2680,0,9.66,101.34,1,1,1
B026,2025-09-01 02:00:00,0,613H2228,0,,117,1,0,1
B026,2025-09-01 02:00:00,1,613E2680,0,9.02,101.33,1,1,1
B026,2025-09-01 03:00:00,0,613H2228,0,,117,1,0,1
B026,2025-09-01 03:00:00,1,613E2680,0,6.6,101.29,1,1,1
B026,2025-09-01 04:00:00,0,613H2228,0.02590087316,,117,1,0,1
B026,2025-09-01 04:00:00,1,613E2680,0,4.6,101.25,1,1,1
B026,2025-09-01 05:00:00,0,613H2228,0,,117,1,0,1
B026,2025-09-01 05:00:00,1,613E2680,0,2.7,101.2,1,1,1
B026,2025-09-01 06:00:00,0,613H2228,0,,117,1,0,1
B026,2025-09-01 06:00:00,1,613E2680,0,,,1,0,0
B026,2025-09-01 07:00:00,0,613H2228,1.933759072,,117,1,0,1
B026,2025-09-01 07:00:00,1,613E2680,2.524912578,2.3,101.18,1,1,1
B026,2025-09-01 08:00:00,0,613H2228,0,,117,1,0,1
B026,2025-09-01 08:00:00,1,613E2680,0,1.9,101.16,1,1,1
B026,2025-09-01 09:00:00,0,613H2228,0,,117,1,0,1
B026,2025-09-01 09:00:00,1,613E2680,0,1.7,101.15,1,1,1
B026,2025-09-01 10:00:00,0,613H2228,0,,117,1,0,1
B026,2025-09-01 10:00:00,1,613E2680,0,1.7,101.15,1,1,1
B026,2025-09-01 11:00:00,0,613H2228,0,,117,1,0,1
B026,2025-09-01 11:00:00,1,613E2680,2.25526112,1.54,101.14,1,1,1
B026,2025-09-01 12:00:00,0,613H2228,0.754556652,,117,1,0,1
B026,2025-09-01 12:00:00,1,613E2680,4.996224753,,,1,0,0
B026,2025-09-01 13:00:00,0,613H2228,5.987478998,,117,1,0,1
B026,2025-09-01 13:00:00,1,613E2680,11.87799462,1.54,101.14,1,1,1
B026,2025-09-01 14:00:00,0,613H2228,4.647124118,,117,1,0,1
B026,2025-09-01 14:00:00,1,613E2680,3.816849447,5.1,101.26,1,1,1
B026,2025-09-01 15:00:00,0,613H2228,0,,117,1,0,1
B026,2025-09-01 15:00:00,1,613E2680,0.006382497119,11,101.36,1,1,1
B026,2025-09-01 16:00:00,0,613H2228,0,,117,1,0,1
B026,2025-09-01 16:00:00,1,613E2680,0.02064307367,13.1,101.39,1,1,1
B026,2025-09-01 17:00:00,0,613H2228,0,,117,1,0,1
B026,2025-09-01 17:00:00,1,613E2680,0,9.66,101.34,1,1,1
B026,2025-09-01 18:00:00,0,613H2228,0,,117,1,0,1
B026,2025-09-01 18:00:00,1,613E2680,0,,,1,0,0
B026,2025-09-01 19:00:00,0,613H2228,0,,117,1,0,1
B026,2025-09-01 19:00:00,1,613E2680,0,13.1,101.39,1,1,1
B026,2025-09-01 20:00:00,0,613H2228,0,,117,1,0,1
B026,2025-09-01 20:00:00,1,613E2680,0.00637806615,20.8,101.48,1,1,1
B026,2025-09-01 21:00:00,0,613H2228,0,,117,1,0,1
B026,2025-09-01 21:00:00,1,613E2680,0,21.7,101.49,1,1,1
B026,2025-09-01 22:00:00,0,613H2228,0,,117,1,0,1
B026,2025-09-01 22:00:00,1,613E2680,0,21.7,101.49,1,1,1
B026,2025-09-01 23:00:00,0,613H2228,0,,117,1,0,1
B026,2025-09-01 23:00:00,1,613E2680,0,30.6,101.58,1,1,1
B026,2025-09-02 00:00:00,0,613H2228,0,,117,1,0,1
B026,2025-09-02 00:00:00,1,613E2680,0.02064307367,,,1,0,0
B026,2025-09-02 01:00:00,0,613H2228,0,,117,1,0,1
B026,2025-09-02 01:00:00,1,613E2680,0,41.3,101.68,1,1,1
B026,2025-09-02 02:00:00,0,613H2228,0,,117,1,0,1
B026,2025-09-02 02:00:00,1,613E2680,0,41.3,101.68,1,1,1
B026,2025-09-02 03:00:00,0,613H2228,0,,117,1,0,1
B026,2025-09-02 03:00:00,1,613E2680,0,39.2,101.66,1,1,1
B026,2025-09-02 04:00:00,0,613H2228,0,,117,1,0,1
B026,2025-09-02 04:00:00,1,613E2680,0,34.9,101.62,1,1,1
B026,2025-09-02 05:00:00,0,613H2228,0,,117,1,0,1
B026,2025-09-02 05:00:00,1,613E2680,0,32.7,101.6,1,1,1
B026,2025-09-02 06:00:00,0,613H2228,0,,117,1,0,1
B026,2025-09-02 06:00:00,1,613E2680,0,,,1,0,0
B026,2025-09-02 07:00:00,0,613H2228,11.38915977,,117,1,0,1
B026,2025-09-02 07:00:00,1,613E2680,23.02115479,31.6,101.59,1,1,1
B026,2025-09-02 08:00:00,0,613H2228,0,,117,1,0,1
B026,2025-09-02 08:00:00,1,613E2680,0,29.5,101.57,1,1,1
B026,2025-09-02 09:00:00,0,613H2228,0,,117,1,0,1
B026,2025-09-02 09:00:00,1,613E2680,0,25.5,101.53,1,1,1
B026,2025-09-02 10:00:00,0,613H2228,0,,117,1,0,1
B026,2025-09-02 10:00:00,1,613E2680,0,16.4,101.43,1,1,1
B026,2025-09-02 11:00:00,0,613H2228,0,,117,1,0,1
B026,2025-09-02 11:00:00,1,613E2680,0,,,1,0,0
B026,2025-09-02 12:00:00,0,613H2228,0,,117,1,0,1
B026,2025-09-02 12:00:00,1,613E2680,0,13.1,101.39,1,1,1
B026,2025-09-02 13:00:00,0,613H2228,0,,117,1,0,1
B026,2025-09-02 13:00:00,1,613E2680,0,12.4,101.38,1,1,1
B026,2025-09-02 14:00:00,0,613H2228,0,,117,1,0,1
B026,2025-09-02 14:00:00,1,613E2680,0,12.4,101.38,1,1,1
B026,2025-09-02 15:00:00,0,613H2228,0,,117,1,0,1
B026,2025-09-02 15:00:00,1,613E2680,0,12.4,101.38,1,1,1
B026,2025-09-02 16:00:00,0,613H2228,0,,117,1,0,1
B026,2025-09-02 16:00:00,1,613E2680,0,12.4,101.38,1,1,1
B026,2025-09-02 17:00:00,0,613H2228,0,,117,1,0,1
B026,2025-09-02 17:00:00,1,613E2680,0,12.4,101.38,1,1,1
B026,2025-09-02 18:00:00,0,613H2228,0,,117,1,0,1
B026,2025-09-02 18:00:00,1,613E2680,0,12.4,101.38,1,1,1
B026,2025-09-02 19:00:00,0,613H2228,0,,117,1,0,1
B026,2025-09-02 19:00:00,1,613E2680,0,12.4,101.38,1,1,1
B026,2025-09-02 20:00:00,0,613H2228,0,,117,1,0,1
B026,2025-09-02 20:00:00,1,613E2680,0,12.4,101.38,1,1,1
B026,2025-09-02 21:00:00,0,613H2228,0,,117,1,0,1
B026,2025-09-02 21:00:00,1,613E2680,0,12.4,101.38,1,1,1
B026,2025-09-02 22:00:00,0,613H2228,0,,117,1,0,1
B026,2025-09-02 22:00:00,1,613E2680,0,12.4,101.38,1,1,1
B026,2025-09-02 23:00:00,0,613H2228,0,,117,1,0,1
B026,2025-09-02 23:00:00,1,613E2680,0,,,1,0,0
B026,2025-09-03 00:00:00,0,613H2228,0,,117,1,0,1
B026,2025-09-03 00:00:00,1,613E2680,0,12.4,101.38,1,1,1
B026,2025-09-03 01:00:00,0,613H2228,0,,117,1,0,1
B026,2025-09-03 01:00:00,1,613E2680,0,11.7,101.37,1,1,1
B026,2025-09-03 02:00:00,0,613H2228,0,,117,1,0,1
B026,2025-09-03 02:00:00,1,613E2680,0,11.7,101.37,1,1,1
B026,2025-09-03 03:00:00,0,613H2228,0,,117,1,0,1
B026,2025-09-03 03:00:00,1,613E2680,0,11.7,101.37,1,1,1
B026,2025-09-03 04:00:00,0,613H2228,0,,117,1,0,1
B026,2025-09-03 04:00:00,1,613E2680,0,11.7,101.37,1,1,1
B026,2025-09-03 05:00:00,0,613H2228,0,,117,1,0,1
B026,2025-09-03 05:00:00,1,613E2680,0,,,1,0,0
B026,2025-09-03 06:00:00,0,613H2228,0,,117,1,0,1
B026,2025-09-03 06:00:00,1,613E2680,0,11.7,101.37,1,1,1
B026,2025-09-03 07:00:00,0,613H2228,0,,117,1,0,1
B026,2025-09-03 07:00:00,1,613E2680,0,11,101.36,1,1,1
B026,2025-09-03 08:00:00,0,613H2228,0,,117,1,0,1
B026,2025-09-03 08:00:00,1,613E2680,0,8.38,101.32,1,1,1
B026,2025-09-03 09:00:00,0,613H2228,0,,117,1,0,1
B026,2025-09-03 09:00:00,1,613E2680,0,5.6,101.27,1,1,1
B026,2025-09-03 10:00:00,0,613H2228,0,,117,1,0,1
B026,2025-09-03 10:00:00,1,613E2680,0,3.08,101.21,1,1,1
B026,2025-09-03 11:00:00,0,613H2228,0,,117,1,0,1
B026,2025-09-03 11:00:00,1,613E2680,0,,,1,0,0
B026,2025-09-03 12:00:00,0,613H2228,0,,117,1,0,1
B026,2025-09-03 12:00:00,1,613E2680,0.07914328552,2.5,101.19,1,1,1
B026,2025-09-03 13:00:00,0,613H2228,1.312413844,,117,1,0,1
B026,2025-09-03 13:00:00,1,613E2680,0.09892080456,2.3,101.18,1,1,1
B026,2025-09-03 14:00:00,0,613H2228,0,,117,1,0,1
B026,2025-09-03 14:00:00,1,613E2680,0.04128614735,2.5,101.19,1,1,1
B026,2025-09-03 15:00:00,0,613H2228,0,,117,1,0,1
B026,2025-09-03 15:00:00,1,613E2680,0,7.74,101.31,1,1,1
B026,2025-09-03 16:00:00,0,613H2228,0,,117,1,0,1
B026,2025-09-03 16:00:00,1,613E2680,0.02064307367,9.66,101.34,1,1,1
B026,2025-09-03 17:00:00,0,613H2228,0,,117,1,0,1
B026,2025-09-03 17:00:00,1,613E2680,0,,,1,0,0
B026,2025-09-03 18:00:00,0,613H2228,0,,117,1,0,1
B026,2025-09-03 18:00:00,1,613E2680,0,9.66,101.34,1,1,1
B026,2025-09-03 19:00:00,0,613H2228,0,,117,1,0,1
B026,2025-09-03 19:00:00,1,613E2680,0,9.66,101.34,1,1,1
B026,2025-09-03 20:00:00,0,613H2228,0,,117,1,0,1
B026,2025-09-03 20:00:00,1,613E2680,0,9.02,101.33,1,1,1
B026,2025-09-03 21:00:00,0,613H2228,0,,117,1,0,1
B026,2025-09-03 21:00:00,1,613E2680,0,6.6,101.29,1,1,1
B026,2025-09-03 22:00:00,0,613H2228,0,,117,1,0,1
B026,2025-09-03 22:00:00,1,613E2680,0,3.46,101.22,1,1,1
B026,2025-09-03 23:00:00,0,613H2228,0,,117,1,0,1
B026,2025-09-03 23:00:00,1,613E2680,0,,,1,0,0
B026,2025-09-04 00:00:00,0,613H2228,0,,117,1,0,1
B026,2025-09-04 00:00:00,1,613E2680,0,3.46,101.22,1,1,1
B026,2025-09-04 01:00:00,0,613H2228,0,,117,1,0,1
B026,2025-09-04 01:00:00,1,613E2680,0,9.02,101.33,1,1,1
B026,2025-09-04 02:00:00,0,613H2228,0,,117,1,0,1
B026,2025-09-04 02:00:00,1,613E2680,0,11,101.36,1,1,1
B026,2025-09-04 03:00:00,0,613H2228,0,,117,1,0,1
B026,2025-09-04 03:00:00,1,613E2680,0,11,101.36,1,1,1
B026,2025-09-04 04:00:00,0,613H2228,0,,117,1,0,1
B026,2025-09-04 04:00:00,1,613E2680,0,7.1,101.3,1,1,1
B026,2025-09-04 05:00:00,0,613H2228,0,,117,1,0,1
B026,2025-09-04 05:00:00,1,613E2680,0,,,1,0,0
B026,2025-09-04 06:00:00,0,613H2228,0,,117,1,0,1
B026,2025-09-04 06:00:00,1,613E2680,0,4.6,101.25,1,1,1
B026,2025-09-04 07:00:00,0,613H2228,1.312413844,,117,1,0,1
B026,2025-09-04 07:00:00,1,613E2680,0.2399933111,3.46,101.22,1,1,1
B026,2025-09-04 08:00:00,0,613H2228,0,,117,1,0,1
B026,2025-09-04 08:00:00,1,613E2680,0,2.7,101.2,1,1,1
B026,2025-09-11 18:00:00,0,613H2228,0,,117,1,0,1
B026,2025-09-11 18:00:00,1,613E2680,0.7424756122,5.6,101.27,1,1,1
B026,2025-09-11 19:00:00,0,613H2228,0,,117,1,0,1
B026,2025-09-11 19:00:00,1,613E2680,0.003147335617,5.1,101.26,1,1,1
B026,2025-09-11 20:00:00,0,613H2228,0,,117,1,0,1
B026,2025-09-11 20:00:00,1,613E2680,0,4.6,101.25,1,1,1
B026,2025-09-11 21:00:00,0,613H2228,0,,117,1,0,1
B026,2025-09-11 21:00:00,1,613E2680,0,5.1,101.26,1,1,1
B026,2025-09-11 22:00:00,0,613H2228,0,,117,1,0,1
B026,2025-09-11 22:00:00,1,613E2680,0,,,1,0,0
B026,2025-09-11 23:00:00,0,613H2228,0,,117,1,0,1
B026,2025-09-11 23:00:00,1,613E2680,0,9.02,101.33,1,1,1
B026,2025-09-12 00:00:00,0,613H2228,0,,117,1,0,1
B026,2025-09-12 00:00:00,1,613E2680,0,11.7,101.37,1,1,1
B026,2025-09-12 01:00:00,0,613H2228,0,,117,1,0,1
B026,2025-09-12 01:00:00,1,613E2680,0,11.7,101.37,1,1,1
B026,2025-09-12 02:00:00,0,613H2228,0,,117,1,0,1
B026,2025-09-12 02:00:00,1,613E2680,0,11.7,101.37,1,1,1
B026,2025-09-12 03:00:00,0,613H2228,0,,117,1,0,1
B026,2025-09-12 03:00:00,1,613E2680,0,8.38,101.32,1,1,1
B026,2025-09-12 04:00:00,0,613H2228,0,,117,1,0,1
B026,2025-09-12 04:00:00,1,613E2680,0.02064307367,,,1,0,0
B026,2025-09-12 05:00:00,0,613H2228,0,,117,1,0,1
B026,2025-09-12 05:00:00,1,613E2680,0,5.6,101.27,1,1,1
B026,2025-09-12 06:00:00,0,613H2228,0,,117,1,0,1
B026,2025-09-12 06:00:00,1,613E2680,0,4.22,101.24,1,1,1
B026,2025-09-12 07:00:00,0,613H2228,0.8035645715,,117,1,0,1
B026,2025-09-12 07:00:00,1,613E2680,1.567877505,3.46,101.22,1,1,1
B026,2025-09-12 08:00:00,0,613H2228,0,,117,1,0,1
B026,2025-09-12 08:00:00,1,613E2680,0,2.7,101.2,1,1,1
B026,2025-09-12 09:00:00,0,613H2228,0,,117,1,0,1
B026,2025-09-12 09:00:00,1,613E2680,0,2.3,101.18,1,1,1
B026,2025-09-12 10:00:00,0,613H2228,0.05069930016,,117,1,0,1
B026,2025-09-12 10:00:00,1,613E2680,0.02019801212,,,1,0,0
B026,2025-09-12 11:00:00,0,613H2228,0,,117,1,0,1
B026,2025-09-12 11:00:00,1,613E2680,0,2.1,101.17,1,1,1
B026,2025-09-12 12:00:00,0,613H2228,0,,117,1,0,1
B026,2025-09-12 12:00:00,1,613E2680,0,2.1,101.17,1,1,1
B026,2025-09-12 13:00:00,0,613H2228,0,,117,1,0,1
B026,2025-09-12 13:00:00,1,613E2680,0,1.9,101.16,1,1,1
B026,2025-09-12 14:00:00,0,613H2228,0,,117,1,0,1
B026,2025-09-12 14:00:00,1,613E2680,0,5.6,101.27,1,1,1
B026,2025-09-12 15:00:00,0,613H2228,0,,117,1,0,1
B026,2025-09-12 15:00:00,1,613E2680,0,9.02,101.33,1,1,1
B026,2025-09-12 16:00:00,0,613H2228,0,,117,1,0,1
B026,2025-09-12 16:00:00,1,613E2680,0,,,1,0,0
B026,2025-09-12 17:00:00,0,613H2228,0,,117,1,0,1
B026,2025-09-12 17:00:00,1,613E2680,0,6.6,101.29,1,1,1
B026,2025-09-12 18:00:00,0,613H2228,0,,117,1,0,1
B026,2025-09-12 18:00:00,1,613E2680,0,4.6,101.25,1,1,1
B026,2025-09-12 19:00:00,0,613H2228,0,,117,1,0,1
B026,2025-09-12 19:00:00,1,613E2680,0,3.46,101.22,1,1,1
B026,2025-09-12 20:00:00,0,613H2228,0,,117,1,0,1
B026,2025-09-12 20:00:00,1,613E2680,0,2.7,101.2,1,1,1
B026,2025-09-12 21:00:00,0,613H2228,0,,117,1,0,1
B026,2025-09-12 21:00:00,1,613E2680,0,2.5,101.19,1,1,1
B026,2025-09-12 22:00:00,0,613H2228,0,,117,1,0,1
B026,2025-09-12 22:00:00,1,613E2680,0,2.1,101.17,1,1,1
B026,2025-09-12 23:00:00,0,613H2228,0.0620154024,,117,1,0,1
B026,2025-09-12 23:00:00,1,613E2680,0,2.5,101.19,1,1,1
B026,2025-09-13 00:00:00,0,613H2228,0,,117,1,0,1
B026,2025-09-13 00:00:00,1,613E2680,0.008132601666,7.1,101.3,1,1,1
B026,2025-09-13 01:00:00,0,613H2228,0,,117,1,0,1
B026,2025-09-13 01:00:00,1,613E2680,0,6.1,101.28,1,1,1
B026,2025-09-13 02:00:00,0,613H2228,0.02590087316,,117,1,0,1
B026,2025-09-13 02:00:00,1,613E2680,0,5.6,101.27,1,1,1
B026,2025-09-13 03:00:00,0,613H2228,0,,117,1,0,1
B026,2025-09-13 03:00:00,1,613E2680,0,8.38,101.32,1,1,1
B026,2025-09-13 04:00:00,0,613H2228,0,,117,1,0,1
B026,2025-09-13 04:00:00,1,613E2680,0.008132601666,7.74,101.31,1,1,1
B026,2025-09-13 05:00:00,0,613H2228,0.1093678203,,117,1,0,1
B026,2025-09-13 05:00:00,1,613E2680,0.002404915156,5.6,101.27,1,1,1
B026,2025-09-13 06:00:00,0,613H2228,0,,117,1,0,1
B026,2025-09-13 06:00:00,1,613E2680,0,4.22,101.24,1,1,1
B026,2025-09-13 07:00:00,0,613H2228,0.247983396,,117,1,0,1
B026,2025-09-13 07:00:00,1,613E2680,0.03886813061,3.08,101.21,1,1,1
B026,2025-09-13 08:00:00,0,613H2228,0,,117,1,0,1
B026,2025-09-13 08:00:00,1,613E2680,0,2.3,101.18,1,1,1
B026,2025-09-13 09:00:00,0,613H2228,0,,117,1,0,1
B026,2025-09-13 09:00:00,1,613E2680,0,,,1,0,0
B026,2025-09-13 10:00:00,0,613H2228,0,,117,1,0,1
B026,2025-09-13 10:00:00,1,613E2680,0,2.1,101.17,1,1,1
B026,2025-09-13 11:00:00,0,613H2228,0,,117,1,0,1
B026,2025-09-13 11:00:00,1,613E2680,0,1.9,101.16,1,1,1
B026,2025-09-13 12:00:00,0,613H2228,0,,117,1,0,1
B026,2025-09-13 12:00:00,1,613E2680,0,1.7,101.15,1,1,1
B026,2025-09-13 13:00:00,0,613H2228,0,,117,1,0,1
B026,2025-09-13 13:00:00,1,613E2680,0,1.54,101.14,1,1,1
B026,2025-09-13 14:00:00,0,613H2228,0,,117,1,0,1
B026,2025-09-13 14:00:00,1,613E2680,0,0,101.2,1,1,1
B026,2025-09-13 15:00:00,0,613H2228,0,,117,1,0,1
B026,2025-09-13 15:00:00,1,613E2680,0,,,1,0,0
B026,2025-09-13 16:00:00,0,613H2228,0,,117,1,0,1
B026,2025-09-13 16:00:00,1,613E2680,0,5.6,101.27,1,1,1
B026,2025-09-13 17:00:00,0,613H2228,0,,117,1,0,1
B026,2025-09-13 17:00:00,1,613E2680,0,4.6,101.25,1,1,1
B026,2025-09-13 18:00:00,0,613H2228,0,,117,1,0,1
B026,2025-09-13 18:00:00,1,613E2680,0.04702773252,3.46,101.22,1,1,1
B026,2025-09-13 19:00:00,0,613H2228,0,,117,1,0,1
B026,2025-09-13 19:00:00,1,613E2680,0.09405546505,2.7,101.2,1,1,1
B026,2025-09-13 20:00:00,0,613H2228,0,,117,1,0,1
B026,2025-09-13 20:00:00,1,613E2680,0.1181493086,2.1,101.17,1,1,1
B026,2025-09-13 21:00:00,0,613H2228,0.5462304957,,117,1,0,1
B026,2025-09-13 21:00:00,1,613E2680,0.08575391332,,,1,0,0
B026,2025-09-13 22:00:00,0,613H2228,0,,117,1,0,1
B026,2025-09-13 22:00:00,1,613E2680,0,1.9,101.16,1,1,1
B026,2025-09-13 23:00:00,0,613H2228,0,,117,1,0,1
B026,2025-09-13 23:00:00,1,613E2680,4.43096901e-06,1.7,101.15,1,1,1
B026,2025-09-14 00:00:00,0,613H2228,0,,117,1,0,1
B026,2025-09-14 00:00:00,1,613E2680,0,1.9,101.16,1,1,1
B026,2025-09-14 01:00:00,0,613H2228,0.4109618022,,117,1,0,1
B026,2025-09-14 01:00:00,1,613E2680,0.1106608929,7.74,101.31,1,1,1
B026,2025-09-14 02:00:00,0,613H2228,0.3054264033,,117,1,0,1
B026,2025-09-14 02:00:00,1,613E2680,0.01098792728,8.38,101.32,1,1,1
B026,2025-09-14 03:00:00,0,613H2228,0.7529307269,,117,1,0,1
B026,2025-09-14 03:00:00,1,613E2680,0.1324189155,,,1,0,0
B026,2025-09-14 04:00:00,0,613H2228,0.149931678,,117,1,0,1
B026,2025-09-14 04:00:00,1,613E2680,0.003147335617,6.1,101.28,1,1,1
B026,2025-09-14 05:00:00,0,613H2228,0,,117,1,0,1
B026,2025-09-14 05:00:00,1,613E2680,0.2409076765,4.22,101.24,1,1,1
B026,2025-09-14 06:00:00,0,613H2228,0.1807993581,,117,1,0,1
B026,2025-09-14 06:00:00,1,613E2680,0.3705417787,3.46,101.22,1,1,1
B026,2025-09-14 07:00:00,0,613H2228,0.8468913723,,117,1,0,1
B026,2025-09-14 07:00:00,1,613E2680,0.79629617,2.5,101.19,1,1,1
B026,2025-09-14 08:00:00,0,613H2228,0.1807993581,,117,1,0,1
B026,2025-09-14 08:00:00,1,613E2680,0.08079753941,2.1,101.17,1,1,1
B026,2025-09-14 09:00:00,0,613H2228,0.8383962801,,117,1,0,1
B026,2025-09-14 09:00:00,1,613E2680,0.1203536408,,,1,0,0
B026,2025-09-14 10:00:00,0,613H2228,0.1093678203,,117,1,0,1
B026,2025-09-14 10:00:00,1,613E2680,0.08928806256,1.9,101.16,1,1,1
B026,2025-09-14 11:00:00,0,613H2228,0,,117,1,0,1
B026,2025-09-14 11:00:00,1,613E2680,0.02064307367,1.7,101.15,1,1,1
B026,2025-09-14 12:00:00,0,613H2228,0,,117,1,0,1
B026,2025-09-14 12:00:00,1,613E2680,1.567338142,1.54,101.14,1,1,1
B026,2025-09-14 13:00:00,0,613H2228,0.5112830157,,117,1,0,1
B026,2025-09-14 13:00:00,1,613E2680,2.834907321,1.54,101.14,1,1,1
B026,2025-09-14 14:00:00,0,613H2228,0.1342444609,,117,1,0,1
B026,2025-09-14 14:00:00,1,613E2680,0.3829818647,1.7,101.15,1,1,1
B026,2025-09-14 15:00:00,0,613H2228,0.1093678203,,117,1,0,1
B026,2025-09-14 15:00:00,1,613E2680,0.1810447684,,,1,0,0
B026,2025-09-14 16:00:00,0,613H2228,0,,117,1,0,1
B026,2025-09-14 16:00:00,1,613E2680,0.0127561323,2.5,101.19,1,1,1
B026,2025-09-14 17:00:00,0,613H2228,0,,117,1,0,1
B026,2025-09-14 17:00:00,1,613E2680,0,3.46,101.22,1,1,1
B026,2025-09-14 18:00:00,0,613H2228,0,,117,1,0,1
B026,2025-09-14 18:00:00,1,613E2680,0,3.84,101.23,1,1,1
B026,2025-09-14 19:00:00,0,613H2228,0,,117,1,0,1
B026,2025-09-14 19:00:00,1,613E2680,0,8.38,101.32,1,1,1
B026,2025-09-14 20:00:00,0,613H2228,0.1458550304,,117,1,0,1
B026,2025-09-14 20:00:00,1,613E2680,0.004702174945,13.1,101.39,1,1,1
B026,2025-09-14 21:00:00,0,613H2228,0,,117,1,0,1
B026,2025-09-14 21:00:00,1,613E2680,0,,,1,0,0
B026,2025-09-14 22:00:00,0,613H2228,0,,117,1,0,1
B026,2025-09-14 22:00:00,1,613E2680,0.02099968531,13.1,101.39,1,1,1
B026,2025-09-14 23:00:00,0,613H2228,0,,117,1,0,1
B026,2025-09-14 23:00:00,1,613E2680,0.251639612,13.1,101.39,1,1,1
B026,2025-09-15 00:00:00,0,613H2228,0,,117,1,0,1
B026,2025-09-15 00:00:00,1,613E2680,0.06264244429,12.4,101.38,1,1,1
B026,2025-09-15 01:00:00,0,613H2228,0,,117,1,0,1
B026,2025-09-15 01:00:00,1,613E2680,0,12.4,101.38,1,1,1
B026,2025-09-15 02:00:00,0,613H2228,0,,117,1,0,1
B026,2025-09-15 02:00:00,1,613E2680,0,11.7,101.37,1,1,1
B026,2025-09-15 03:00:00,0,613H2228,0,,117,1,0,1
B026,2025-09-15 03:00:00,1,613E2680,0,,,1,0,0
B026,2025-09-15 04:00:00,0,613H2228,0,,117,1,0,1
B026,2025-09-15 04:00:00,1,613E2680,0,11.7,101.37,1,1,1
B026,2025-09-15 05:00:00,0,613H2228,0,,117,1,0,1
B026,2025-09-15 05:00:00,1,613E2680,0,11.7,101.37,1,1,1
B026,2025-09-15 06:00:00,0,613H2228,0,,117,1,0,1
B026,2025-09-15 06:00:00,1,613E2680,0,11,101.36,1,1,1
B026,2025-09-15 07:00:00,0,613H2228,2.029313786,,117,1,0,1
B026,2025-09-15 07:00:00,1,613E2680,5.630019135,11,101.36,1,1,1
B026,2025-09-15 08:00:00,0,613H2228,0,,117,1,0,1
B026,2025-09-15 08:00:00,1,613E2680,0,14.9,101.33,1,1,1
B026,2025-09-15 09:00:00,0,613H2228,0,,117,1,0,1
B026,2025-09-15 09:00:00,1,613E2680,0,,,1,0,0
B026,2025-09-15 10:00:00,0,613H2228,0,,117,1,0,1
B026,2025-09-15 10:00:00,1,613E2680,0,6.6,101.29,1,1,1
B026,2025-09-15 11:00:00,0,613H2228,0,,117,1,0,1
B026,2025-09-15 11:00:00,1,613E2680,0.00637806615,4.6,101.25,1,1,1
B026,2025-09-15 12:00:00,0,613H2228,0,,117,1,0,1
B026,2025-09-15 12:00:00,1,613E2680,0,3.84,101.23,1,1,1
B026,2025-09-15 13:00:00,0,613H2228,0,,117,1,0,1
B026,2025-09-15 13:00:00,1,613E2680,0,3.08,101.21,1,1,1
B026,2025-09-15 14:00:00,0,613H2228,0,,117,1,0,1
B026,2025-09-15 14:00:00,1,613E2680,0,2.5,101.19,1,1,1
B026,2025-09-15 15:00:00,0,613H2228,0.02590087316,,117,1,0,1
B026,2025-09-15 15:00:00,1,613E2680,0,2.3,101.18,1,1,1
B026,2025-09-15 16:00:00,0,613H2228,0,,117,1,0,1
B026,2025-09-15 16:00:00,1,613E2680,0,2.3,101.18,1,1,1
B026,2025-09-15 17:00:00,0,613H2228,0,,117,1,0,1
B026,2025-09-15 17:00:00,1,613E2680,0,7.1,101.3,1,1,1
B026,2025-09-15 18:00:00,0,613H2228,0,,117,1,0,1
B026,2025-09-15 18:00:00,1,613E2680,0,10.3,101.35,1,1,1
B026,2025-09-15 19:00:00,0,613H2228,0,,117,1,0,1
B026,2025-09-15 19:00:00,1,613E2680,0,9.66,101.34,1,1,1
B026,2025-09-15 20:00:00,0,613H2228,0,,117,1,0,1
B026,2025-09-15 20:00:00,1,613E2680,0,7.1,101.3,1,1,1
B026,2025-09-15 21:00:00,0,613H2228,0,,117,1,0,1
B026,2025-09-15 21:00:00,1,613E2680,0,5.1,101.26,1,1,1
B026,2025-09-15 22:00:00,0,613H2228,0,,117,1,0,1
B026,2025-09-15 22:00:00,1,613E2680,0,3.84,101.23,1,1,1
B026,2025-09-15 23:00:00,0,613H2228,0,,117,1,0,1
B026,2025-09-15 23:00:00,1,613E2680,0.00637806615,5.6,101.27,1,1,1
B026,2025-09-16 00:00:00,0,613H2228,0,,117,1,0,1
B026,2025-09-16 00:00:00,1,613E2680,0,9.66,101.34,1,1,1
B026,2025-09-16 01:00:00,0,613H2228,0,,117,1,0,1
B026,2025-09-16 01:00:00,1,613E2680,0,10.3,101.35,1,1,1
B026,2025-09-16 02:00:00,0,613H2228,0,,117,1,0,1
B026,2025-09-16 02:00:00,1,613E2680,0,,,1,0,0
B026,2025-09-16 03:00:00,0,613H2228,0,,117,1,0,1
B026,2025-09-16 03:00:00,1,613E2680,0,9.02,101.33,1,1,1
B026,2025-09-16 04:00:00,0,613H2228,0,,117,1,0,1
B026,2025-09-16 04:00:00,1,613E2680,0,6.6,101.29,1,1,1
B026,2025-09-16 05:00:00,0,613H2228,0,,117,1,0,1
B026,2025-09-16 05:00:00,1,613E2680,0,4.6,101.25,1,1,1
B026,2025-09-16 06:00:00,0,613H2228,0,,117,1,0,1
B026,2025-09-16 06:00:00,1,613E2680,0,3.46,101.22,1,1,1
B026,2025-09-16 07:00:00,0,613H2228,0.02590087316,,117,1,0,1
B026,2025-09-16 07:00:00,1,613E2680,0.0127561323,2.5,101.19,1,1,1
B026,2025-09-16 08:00:00,0,613H2228,0,,117,1,0,1
B026,2025-09-16 08:00:00,1,613E2680,0,,,1,0,0
B026,2025-09-16 09:00:00,0,613H2228,0,,117,1,0,1
B026,2025-09-16 09:00:00,1,613E2680,0,2.1,101.17,1,1,1
B026,2025-09-16 10:00:00,0,613H2228,0,,117,1,0,1
B026,2025-09-16 10:00:00,1,613E2680,0,1.9,101.16,1,1,1
B026,2025-09-16 11:00:00,0,613H2228,0,,117,1,0,1
B026,2025-09-16 11:00:00,1,613E2680,0,1.9,101.16,1,1,1
B026,2025-09-16 12:00:00,0,613H2228,0,,117,1,0,1
B026,2025-09-16 12:00:00,1,613E2680,0,2.1,101.17,1,1,1
B026,2025-09-16 13:00:00,0,613H2228,0,,117,1,0,1
B026,2025-09-16 13:00:00,1,613E2680,0,5.6,101.27,1,1,1
B026,2025-09-16 14:00:00,0,613H2228,0,,117,1,0,1
B026,2025-09-16 14:00:00,1,613E2680,0,,,1,0,0
B026,2025-09-16 15:00:00,0,613H2228,0,,117,1,0,1
B026,2025-09-16 15:00:00,1,613E2680,0,4.22,101.24,1,1,1
B026,2025-09-16 16:00:00,0,613H2228,0,,117,1,0,1
B026,2025-09-16 16:00:00,1,613E2680,0,3.08,101.21,1,1,1
B026,2025-09-16 17:00:00,0,613H2228,0,,117,1,0,1
B026,2025-09-16 17:00:00,1,613E2680,0,2.5,101.19,1,1,1
B026,2025-09-16 18:00:00,0,613H2228,0,,117,1,0,1
B026,2025-09-16 18:00:00,1,613E2680,0,2.3,101.18,1,1,1
B026,2025-09-16 19:00:00,0,613H2228,0,,117,1,0,1
B026,2025-09-16 19:00:00,1,613E2680,0,1.9,101.16,1,1,1
B026,2025-09-16 20:00:00,0,613H2228,0,,117,1,0,1
B026,2025-09-16 20:00:00,1,613E2680,0,,,1,0,0
B026,2025-09-16 21:00:00,0,613H2228,0,,117,1,0,1
B026,2025-09-16 21:00:00,1,613E2680,0,1.7,101.15,1,1,1
B026,2025-09-16 22:00:00,0,613H2228,0,,117,1,0,1
B026,2025-09-16 22:00:00,1,613E2680,0,1.7,101.15,1,1,1
B026,2025-09-16 23:00:00,0,613H2228,0,,117,1,0,1
B026,2025-09-16 23:00:00,1,613E2680,0,2.1,101.17,1,1,1
B026,2025-09-17 00:00:00,0,613H2228,0,,117,1,0,1
B026,2025-09-17 00:00:00,1,613E2680,0,7.74,101.31,1,1,1
B026,2025-09-17 01:00:00,0,613H2228,0,,117,1,0,1
B026,2025-09-17 01:00:00,1,613E2680,0,9.02,101.33,1,1,1
B026,2025-09-17 02:00:00,0,613H2228,0,,117,1,0,1
B026,2025-09-17 02:00:00,1,613E2680,0,,,1,0,0
B026,2025-09-17 03:00:00,0,613H2228,0,,117,1,0,1
B026,2025-09-17 03:00:00,1,613E2680,0,7.1,101.3,1,1,1
B026,2025-09-17 04:00:00,0,613H2228,0,,117,1,0,1
B026,2025-09-17 04:00:00,1,613E2680,0,5.1,101.26,1,1,1
B026,2025-09-17 05:00:00,0,613H2228,0,,117,1,0,1
B026,2025-09-17 05:00:00,1,613E2680,0,3.84,101.23,1,1,1
B026,2025-09-17 06:00:00,0,613H2228,0,,117,1,0,1
B026,2025-09-17 06:00:00,1,613E2680,0,2.7,101.2,1,1,1
B026,2025-09-17 07:00:00,0,613H2228,0,,117,1,0,1
B026,2025-09-17 07:00:00,1,613E2680,0,2.1,101.17,1,1,1
B026,2025-09-17 08:00:00,0,613H2228,0,,117,1,0,1
B026,2025-09-17 08:00:00,1,613E2680,0,,,1,0,0
B026,2025-09-17 09:00:00,0,613H2228,0,,117,1,0,1
B026,2025-09-17 09:00:00,1,613E2680,0,1.9,101.16,1,1,1
B026,2025-09-17 10:00:00,0,613H2228,0,,117,1,0,1
B026,2025-09-17 10:00:00,1,613E2680,0,1.7,101.15,1,1,1
B026,2025-09-17 11:00:00,0,613H2228,0,,117,1,0,1
B026,2025-09-17 11:00:00,1,613E2680,0,1.7,101.15,1,1,1
B026,2025-09-17 12:00:00,0,613H2228,0,,117,1,0,1
B026,2025-09-17 12:00:00,1,613E2680,0,3.84,101.23,1,1,1
B026,2025-09-17 13:00:00,0,613H2228,0,,117,1,0,1
B026,2025-09-17 13:00:00,1,613E2680,0,4.6,101.25,1,1,1
B026,2025-09-17 14:00:00,0,613H2228,0,,117,1,0,1
B026,2025-09-17 14:00:00,1,613E2680,0,,,1,0,0
B026,2025-09-17 15:00:00,0,613H2228,0,,117,1,0,1
B026,2025-09-17 15:00:00,1,613E2680,0,3.46,101.22,1,1,1
B026,2025-09-17 16:00:00,0,613H2228,0.1295043658,,117,1,0,1
B026,2025-09-17 16:00:00,1,613E2680,0.08273386205,2.7,101.2,1,1,1
