GRAPH_ID,TIMESTAMP,NODE_INDEX,STATION_ID,RAIN_MM,FLOW,WATER_LEVEL,RAIN_MASK,FLOW_MASK,WATER_LEVEL_MASK
B025,2021-04-17 23:00:00,0,613H2404,0,,,1,0,0
B025,2021-04-17 23:00:00,1,613E2580,0,,191.32,1,0,1
B025,2021-04-18 00:00:00,0,613H2404,0.003956706784,,,1,0,0
B025,2021-04-18 00:00:00,1,613E2580,0,,191.32,1,0,1
B025,2021-04-18 01:00:00,0,613H2404,0.1129296231,,,1,0,0
B025,2021-04-18 01:00:00,1,613E2580,0,,191.32,1,0,1
B025,2021-04-18 02:00:00,0,613H2404,0,,,1,0,0
B025,2021-04-18 02:00:00,1,613E2580,0,,191.32,1,0,1
B025,2021-04-18 03:00:00,0,613H2404,0,,,1,0,0
B025,2021-04-18 03:00:00,1,613E2580,0,,191.31,1,0,1
B025,2021-04-18 04:00:00,0,613H2404,0,,,1,0,0
B025,2021-04-18 04:00:00,1,613E2580,0,,191.31,1,0,1
B025,2021-04-18 05:00:00,0,613H2404,0,,,1,0,0
B025,2021-04-18 05:00:00,1,613E2580,0,,191.31,1,0,1
B025,2021-04-18 06:00:00,0,613H2404,0.1022583772,,,1,0,0
B025,2021-04-18 06:00:00,1,613E2580,0,,191.31,1,0,1
B025,2021-04-18 07:00:00,0,613H2404,0.219144707,,,1,0,0
B025,2021-04-18 07:00:00,1,613E2580,0,,191.31,1,0,1
B025,2021-04-18 08:00:00,0,613H2404,0,,,1,0,0
B025,2021-04-18 08:00:00,1,613E2580,0,,191.31,1,0,1
B025,2021-04-18 09:00:00,0,613H2404,0.09830167042,,,1,0,0
B025,2021-04-18 09:00:00,1,613E2580,0,,191.31,1,0,1
B025,2021-04-18 10:00:00,0,613H2404,0.2484006123,,,1,0,0
B025,2021-04-18 10:00:00,1,613E2580,0,,191.31,1,0,1
B025,2021-04-18 11:00:00,0,613H2404,0.2337726597,,,1,0,0
B025,2021-04-18 11:00:00,1,613E2580,0,,191.31,1,0,1
B025,2021-04-18 12:00:00,0,613H2404,0.1315142825,,,1,0,0
B025,2021-04-18 12:00:00,1,613E2580,0,,191.31,1,0,1
B025,2021-04-18 13:00:00,0,613H2404,0.1022583772,,,1,0,0
B025,2021-04-18 13:00:00,1,613E2580,0,,191.31,1,0,1
B025,2021-04-18 14:00:00,0,613H2404,0,,,1,0,0
B025,2021-04-18 14:00:00,1,613E2580,0,,191.31,1,0,1
B025,2021-04-18 15:00:00,0,613H2404,0,,,1,0,0
B025,2021-04-18 15:00:00,1,613E2580,0,,191.31,1,0,1
B025,2021-04-18 16:00:00,0,613H2404,0.01462795264,,,1,0,0
B025,2021-04-18 16:00:00,1,613E2580,0,,191.31,1,0,1
B025,2021-04-18 17:00:00,0,613H2404,0.09830167042,,,1,0,0
B025,2021-04-18 17:00:00,1,613E2580,0,,191.31,1,0,1
B025,2021-04-18 18:00:00,0,613H2404,0,,,1,0,0
B025,2021-04-18 18:00:00,1,613E2580,0,,191.31,1,0,1
B025,2021-04-18 19:00:00,0,613H2404,0,,,1,0,0
B025,2021-04-18 19:00:00,1,613E2580,0,,191.31,1,0,1
B025,2021-04-18 20:00:00,0,613H2404,0,,,1,0,0
B025,2021-04-18 20:00:00,1,613E2580,0,,191.31,1,0,1
B025,2021-04-18 21:00:00,0,613H2404,0,,,1,0,0
B025,2021-04-18 21:00:00,1,613E2580,0,,191.31,1,0,1
B025,2021-04-18 22:00:00,0,613H2404,0,,,1,0,0
B025,2021-04-18 22:00:00,1,613E2580,0,,191.31,1,0,1
B025,2021-04-18 23:00:00,0,613H2404,0,,,1,0,0
B025,2021-04-18 23:00:00,1,613E2580,0,,191.31,1,0,1
B025,2021-04-19 00:00:00,0,613H2404,0,,,1,0,0
B025,2021-04-19 00:00:00,1,613E2580,0,,191.31,1,0,1
B025,2021-04-19 01:00:00,0,613H2404,0,,,1,0,0
B025,2021-04-19 01:00:00,1,613E2580,0,,191.31,1,0,1
B025,2021-04-19 02:00:00,0,613H2404,0,,,1,0,0
B025,2021-04-19 02:00:00,1,613E2580,0,,191.3,1,0,1
B025,2021-04-19 03:00:00,0,613H2404,0,,,1,0,0
B025,2021-04-19 03:00:00,1,613E2580,0,,191.3,1,0,1
B025,2021-04-19 04:00:00,0,613H2404,0,,,1,0,0
B025,2021-04-19 04:00:00,1,613E2580,0,,191.3,1,0,1
B025,2021-04-19 05:00:00,0,613H2404,0,,,1,0,0
B025,2021-04-19 05:00:00,1,613E2580,0,,191.3,1,0,1
B025,2021-04-19 06:00:00,0,613H2404,0.01462795264,,,1,0,0
B025,2021-04-19 06:00:00,1,613E2580,0,,191.3,1,0,1
B025,2021-04-19 07:00:00,0,613H2404,0.810153604,,,1,0,0
B025,2021-04-19 07:00:00,1,613E2580,0,,191.3,1,0,1
B025,2021-04-19 08:00:00,0,613H2404,0,,,1,0,0
B025,2021-04-19 08:00:00,1,613E2580,0,,191.3,1,0,1
B025,2021-04-19 09:00:00,0,613H2404,0,,,1,0,0
B025,2021-04-19 09:00:00,1,613E2580,0,,191.3,1,0,1
B025,2021-04-19 10:00:00,0,613H2404,0,,,1,0,0
B025,2021-04-19 10:00:00,1,613E2580,0,,191.29,1,0,1
B025,2021-04-19 11:00:00,0,613H2404,0,,,1,0,0
B025,2021-04-19 11:00:00,1,613E2580,0,,191.29,1,0,1
B025,2021-04-19 12:00:00,0,613H2404,0,,,1,0,0
B025,2021-04-19 12:00:00,1,613E2580,0,,191.29,1,0,1
B025,2021-04-19 13:00:00,0,613H2404,0,,,1,0,0
B025,2021-04-19 13:00:00,1,613E2580,0,,191.29,1,0,1
B025,2021-04-19 14:00:00,0,613H2404,0,,,1,0,0
B025,2021-04-19 14:00:00,1,613E2580,0,,191.29,1,0,1
B025,2021-04-19 15:00:00,0,613H2404,0,,,1,0,0
B025,2021-04-19 15:00:00,1,613E2580,0,,191.28,1,0,1
B025,2021-04-19 16:00:00,0,613H2404,0,,,1,0,0
B025,2021-04-19 16:00:00,1,613E2580,0,,191.28,1,0,1
B025,2021-04-19 17:00:00,0,613H2404,0,,,1,0,0
B025,2021-04-19 17:00:00,1,613E2580,0,,191.28,1,0,1
B025,2021-04-19 18:00:00,0,613H2404,0,,,1,0,0
B025,2021-04-19 18:00:00,1,613E2580,0,,191.28,1,0,1
B025,2021-04-19 19:00:00,0,613H2404,0,,,1,0,0
B025,2021-04-19 19:00:00,1,613E2580,0,,191.28,1,0,1
B025,2021-04-19 20:00:00,0,613H2404,0,,,1,0,0
B025,2021-04-19 20:00:00,1,613E2580,0,,191.28,1,0,1
B025,2021-04-19 21:00:00,0,613H2404,0,,,1,0,0
B025,2021-04-19 21:00:00,1,613E2580,0,,191.28,1,0,1
B025,2021-04-19 22:00:00,0,613H2404,0,,,1,0,0
B025,2021-04-19 22:00:00,1,613E2580,0,,191.28,1,0,1
B025,2021-04-19 23:00:00,0,613H2404,0.003956706784,,,1,0,0
B025,2021-04-19 23:00:00,1,613E2580,0,,191.27,1,0,1
B025,2021-04-20 00:00:00,0,613H2404,0,,,1,0,0
B025,2021-04-20 00:00:00,1,613E2580,0,,191.27,1,0,1
B025,2021-04-20 01:00:00,0,613H2404,0,,,1,0,0
B025,2021-04-20 01:00:00,1,613E2580,0,,191.27,1,0,1
B025,2021-04-20 02:00:00,0,613H2404,0,,,1,0,0
B025,2021-04-20 02:00:00,1,613E2580,0,,191.27,1,0,1
B025,2021-04-20 03:00:00,0,613H2404,0,,,1,0,0
B025,2021-04-20 03:00:00,1,613E2580,0,,191.27,1,0,1
B025,2021-04-20 04:00:00,0,613H2404,0,,,1,0,0
B025,2021-04-20 04:00:00,1,613E2580,0,,191.27,1,0,1
B025,2021-04-20 05:00:00,0,613H2404,0.1129296231,,,1,0,0
B025,2021-04-20 05:00:00,1,613E2580,0,,191.27,1,0,1
B025,2021-04-20 06:00:00,0,613H2404,0,,,1,0,0
B025,2021-04-20 06:00:00,1,613E2580,0,,191.27,1,0,1
B025,2021-04-20 07:00:00,0,613H2404,0.1022583772,,,1,0,0
B025,2021-04-20 07:00:00,1,613E2580,0,,191.27,1,0,1
B025,2021-04-20 08:00:00,0,613H2404,0.09830167042,,,1,0,0
B025,2021-04-20 08:00:00,1,613E2580,0,,191.27,1,0,1
B025,2021-04-20 09:00:00,0,613H2404,0.09830167042,,,1,0,0
B025,2021-04-20 09:00:00,1,613E2580,0,,191.27,1,0,1
B025,2021-04-20 10:00:00,0,613H2404,0.01858465942,,,1,0,0
B025,2021-04-20 10:00:00,1,613E2580,0,,191.27,1,0,1
B025,2021-04-20 11:00:00,0,613H2404,0,,,1,0,0
B025,2021-04-20 11:00:00,1,613E2580,0,,191.27,1,0,1
B025,2021-04-20 12:00:00,0,613H2404,0.03321261206,,,1,0,0
B025,2021-04-20 12:00:00,1,613E2580,0,,191.27,1,0,1
B025,2021-04-20 13:00:00,0,613H2404,0,,,1,0,0
B025,2021-04-20 13:00:00,1,613E2580,0,,191.27,1,0,1
B025,2021-04-20 14:00:00,0,613H2404,0.1354709893,,,1,0,0
B025,2021-04-20 14:00:00,1,613E2580,0,,191.27,1,0,1
B025,2021-04-20 15:00:00,0,613H2404,0.1022583772,,,1,0,0
B025,2021-04-20 15:00:00,1,613E2580,0,,191.27,1,0,1
B025,2021-04-20 16:00:00,0,613H2404,0,,,1,0,0
B025,2021-04-20 16:00:00,1,613E2580,0,,191.27,1,0,1
B025,2021-04-20 17:00:00,0,613H2404,0,,,1,0,0
B025,2021-04-20 17:00:00,1,613E2580,0,,191.27,1,0,1
B025,2021-04-20 18:00:00,0,613H2404,0,,,1,0,0
B025,2021-04-20 18:00:00,1,613E2580,0,,191.27,1,0,1
B025,2021-04-20 19:00:00,0,613H2404,0.3932066817,,,1,0,0
B025,2021-04-20 19:00:00,1,613E2580,0,,,1,0,0
B025,2021-04-20 20:00:00,0,613H2404,0,,,1,0,0
B025,2021-04-20 20:00:00,1,613E2580,0,,191.27,1,0,1
B025,2021-04-20 21:00:00,0,613H2404,0,,,1,0,0
B025,2021-04-20 21:00:00,1,613E2580,0,,,1,0,0
B025,2021-04-20 22:00:00,0,613H2404,0,,,1,0,0
B025,2021-04-20 22:00:00,1,613E2580,0,,191.28,1,0,1
B025,2021-04-20 23:00:00,0,613H2404,0.09830167042,,,1,0,0
B025,2021-04-20 23:00:00,1,613E2580,0,,191.28,1,0,1
B025,2021-04-21 00:00:00,0,613H2404,0.003956706784,,,1,0,0
B025,2021-04-21 00:00:00,1,613E2580,0,,191.28,1,0,1
B025,2021-04-21 01:00:00,0,613H2404,0,,,1,0,0
B025,2021-04-21 01:00:00,1,613E2580,0,,191.28,1,0,1
B025,2021-04-21 02:00:00,0,613H2404,0,,,1,0,0
B025,2021-04-21 02:00:00,1,613E2580,0,,191.28,1,0,1
B025,2021-04-21 03:00:00,0,613H2404,0,,,1,0,0
B025,2021-04-21 03:00:00,1,613E2580,0,,191.28,1,0,1
B025,2021-04-21 04:00:00,0,613H2404,0,,,1,0,0
B025,2021-04-21 04:00:00,1,613E2580,0,,191.28,1,0,1
B025,2021-04-21 05:00:00,0,613H2404,0,,,1,0,0
B025,2021-04-21 05:00:00,1,613E2580,0,,191.28,1,0,1
B025,2021-04-21 06:00:00,0,613H2404,0.09830167042,,,1,0,0
B025,2021-04-21 06:00:00,1,613E2580,0,,191.27,1,0,1
B025,2021-04-21 07:00:00,0,613H2404,1.006756945,,,1,0,0
B025,2021-04-21 07:00:00,1,613E2580,0,,191.27,1,0,1
B025,2021-04-21 08:00:00,0,613H2404,0,,,1,0,0
B025,2021-04-21 08:00:00,1,613E2580,0,,191.27,1,0,1
B025,2021-04-21 09:00:00,0,613H2404,0,,,1,0,0
B025,2021-04-21 09:00:00,1,613E2580,0,,191.27,1,0,1
B025,2021-04-21 10:00:00,0,613H2404,0.07709646997,,,1,0,0
B025,2021-04-21 10:00:00,1,613E2580,0,,191.27,1,0,1
B025,2021-04-21 11:00:00,0,613H2404,0.3439444504,,,1,0,0
B025,2021-04-21 11:00:00,1,613E2580,0,,191.27,1,0,1
B025,2021-04-21 12:00:00,0,613H2404,2.147837795,,,1,0,0
B025,2021-04-21 12:00:00,1,613E2580,0,,191.27,1,0,1
B025,2021-04-21 13:00:00,0,613H2404,0.3467022827,,,1,0,0
B025,2021-04-21 13:00:00,1,613E2580,0,,191.28,1,0,1
B025,2021-04-21 14:00:00,0,613H2404,0.2883277634,,,1,0,0
B025,2021-04-21 14:00:00,1,613E2580,0,,191.31,1,0,1
B025,2021-04-21 15:00:00,0,613H2404,1.314868242,,,1,0,0
B025,2021-04-21 15:00:00,1,613E2580,0,,191.43,1,0,1
B025,2021-04-21 16:00:00,0,613H2404,1.196783038,,,1,0,0
B025,2021-04-21 16:00:00,1,613E2580,0,,191.56,1,0,1
B025,2021-04-21 17:00:00,0,613H2404,0.3573735286,,,1,0,0
B025,2021-04-21 17:00:00,1,613E2580,0,,191.72,1,0,1
B025,2021-04-21 18:00:00,0,613H2404,0.9032996932,,,1,0,0
B025,2021-04-21 18:00:00,1,613E2580,0,,191.83,1,0,1
B025,2021-04-21 19:00:00,0,613H2404,0,,,1,0,0
B025,2021-04-21 19:00:00,1,613E2580,0,,191.91,1,0,1
B025,2021-04-21 20:00:00,0,613H2404,0,,,1,0,0
B025,2021-04-21 20:00:00,1,613E2580,0,,191.96,1,0,1
B025,2021-04-21 21:00:00,0,613H2404,0,,,1,0,0
B025,2021-04-21 21:00:00,1,613E2580,0,,192.01,1,0,1
B025,2021-04-21 22:00:00,0,613H2404,0,,,1,0,0
B025,2021-04-21 22:00:00,1,613E2580,0,,192.1,1,0,1
B025,2021-04-21 23:00:00,0,613H2404,0,,,1,0,0
B025,2021-04-21 23:00:00,1,613E2580,0,,192.13,1,0,1
B025,2021-04-22 00:00:00,0,613H2404,0.09830167042,,,1,0,0
B025,2021-04-22 00:00:00,1,613E2580,0,,192.1,1,0,1
B025,2021-04-22 01:00:00,0,613H2404,0,,,1,0,0
B025,2021-04-22 01:00:00,1,613E2580,0,,192.03,1,0,1
B025,2021-04-22 02:00:00,0,613H2404,0,,,1,0,0
B025,2021-04-22 02:00:00,1,613E2580,0,,191.98,1,0,1
B025,2021-04-22 03:00:00,0,613H2404,0,,,1,0,0
B025,2021-04-22 03:00:00,1,613E2580,0,,191.94,1,0,1
B025,2021-04-22 04:00:00,0,613H2404,0.003956706784,,,1,0,0
B025,2021-04-22 04:00:00,1,613E2580,0,,191.89,1,0,1
B025,2021-04-22 05:00:00,0,613H2404,0,,,1,0,0
B025,2021-04-22 05:00:00,1,613E2580,0,,191.86,1,0,1
B025,2021-04-22 06:00:00,0,613H2404,0,,,1,0,0
B025,2021-04-22 06:00:00,1,613E2580,0,,191.82,1,0,1
B025,2021-04-22 07:00:00,0,613H2404,6.288582198,,,1,0,0
B025,2021-04-22 07:00:00,1,613E2580,0,,191.8,1,0,1
B025,2021-04-22 08:00:00,0,613H2404,0.01462795264,,,1,0,0
B025,2021-04-22 08:00:00,1,613E2580,0,,191.77,1,0,1
B025,2021-04-22 09:00:00,0,613H2404,0,,,1,0,0
B025,2021-04-22 09:00:00,1,613E2580,0,,191.75,1,0,1
B025,2021-04-22 10:00:00,0,613H2404,0,,,1,0,0
B025,2021-04-22 10:00:00,1,613E2580,0,,191.73,1,0,1
B025,2021-04-22 11:00:00,0,613H2404,0,,,1,0,0
B025,2021-04-22 11:00:00,1,613E2580,0,,191.71,1,0,1
B025,2021-04-22 12:00:00,0,613H2404,0,,,1,0,0
B025,2021-04-22 12:00:00,1,613E2580,0,,191.69,1,0,1
B025,2021-04-22 13:00:00,0,613H2404,0,,,1,0,0
B025,2021-04-22 13:00:00,1,613E2580,0,,191.68,1,0,1
B025,2021-04-22 14:00:00,0,613H2404,0,,,1,0,0
B025,2021-04-22 14:00:00,1,613E2580,0,,191.66,1,0,1
B025,2021-04-22 15:00:00,0,613H2404,0,,,1,0,0
B025,2021-04-22 15:00:00,1,613E2580,0,,191.64,1,0,1
B025,2021-04-22 16:00:00,0,613H2404,0,,,1,0,0
B025,2021-04-22 16:00:00,1,613E2580,0,,191.63,1,0,1
B025,2021-04-22 17:00:00,0,613H2404,0,,,1,0,0
B025,2021-04-22 17:00:00,1,613E2580,0,,191.62,1,0,1
B025,2021-04-22 18:00:00,0,613H2404,0,,,1,0,0
B025,2021-04-22 18:00:00,1,613E2580,0,,191.6,1,0,1
B025,2021-04-22 19:00:00,0,613H2404,0,,,1,0,0
B025,2021-04-22 19:00:00,1,613E2580,0,,191.59,1,0,1
B025,2021-04-22 20:00:00,0,613H2404,0,,,1,0,0
B025,2021-04-22 20:00:00,1,613E2580,0,,191.58,1,0,1
B025,2021-04-22 21:00:00,0,613H2404,0,,,1,0,0
B025,2021-04-22 21:00:00,1,613E2580,0,,191.57,1,0,1
B025,2021-04-22 22:00:00,0,613H2404,0,,,1,0,0
B025,2021-04-22 22:00:00,1,613E2580,0,,191.56,1,0,1
B025,2021-04-22 23:00:00,0,613H2404,0,,,1,0,0
B025,2021-04-22 23:00:00,1,613E2580,0,,191.55,1,0,1
B025,2021-04-23 00:00:00,0,613H2404,0,,,1,0,0
B025,2021-04-23 00:00:00,1,613E2580,0,,191.54,1,0,1
B025,2021-04-23 01:00:00,0,613H2404,0,,,1,0,0
B025,2021-04-23 01:00:00,1,613E2580,0,,191.53,1,0,1
B025,2021-04-23 02:00:00,0,613H2404,0,,,1,0,0
B025,2021-04-23 02:00:00,1,613E2580,0,,191.52,1,0,1
B025,2021-04-23 03:00:00,0,613H2404,0,,,1,0,0
B025,2021-04-23 03:00:00,1,613E2580,0,,191.51,1,0,1
B025,2021-04-23 04:00:00,0,613H2404,0,,,1,0,0
B025,2021-04-23 04:00:00,1,613E2580,0,,191.51,1,0,1
B025,2021-04-23 05:00:00,0,613H2404,0,,,1,0,0
B025,2021-04-23 05:00:00,1,613E2580,0,,191.5,1,0,1
B025,2021-04-23 06:00:00,0,613H2404,0,,,1,0,0
B025,2021-04-23 06:00:00,1,613E2580,0,,191.49,1,0,1
B025,2021-04-23 07:00:00,0,613H2404,0,,,1,0,0
B025,2021-04-23 07:00:00,1,613E2580,0,,191.49,1,0,1
B025,2021-04-23 08:00:00,0,613H2404,0,,,1,0,0
B025,2021-04-23 08:00:00,1,613E2580,0,,191.48,1,0,1
B025,2021-04-23 09:00:00,0,613H2404,0,,,1,0,0
B025,2021-04-23 09:00:00,1,613E2580,0,,191.47,1,0,1
B025,2021-04-23 10:00:00,0,613H2404,0,,,1,0,0
B025,2021-04-23 10:00:00,1,613E2580,0,,191.47,1,0,1
B025,2021-04-23 11:00:00,0,613H2404,0,,,1,0,0
B025,2021-04-23 11:00:00,1,613E2580,0,,191.46,1,0,1
B025,2021-04-23 12:00:00,0,613H2404,0,,,1,0,0
B025,2021-04-23 12:00:00,1,613E2580,0,,191.46,1,0,1
B025,2021-04-23 13:00:00,0,613H2404,0,,,1,0,0
B025,2021-04-23 13:00:00,1,613E2580,0,,191.45,1,0,1
B025,2021-04-23 14:00:00,0,613H2404,0,,,1,0,0
B025,2021-04-23 14:00:00,1,613E2580,0,,191.45,1,0,1
B025,2021-04-23 15:00:00,0,613H2404,0,,,1,0,0
B025,2021-04-23 15:00:00,1,613E2580,0,,191.44,1,0,1
B025,2021-04-23 16:00:00,0,613H2404,0,,,1,0,0
B025,2021-04-23 16:00:00,1,613E2580,0,,191.44,1,0,1
B025,2021-04-23 17:00:00,0,613H2404,0,,,1,0,0
B025,2021-04-23 17:00:00,1,613E2580,0,,191.43,1,0,1
B025,2021-04-23 18:00:00,0,613H2404,0,,,1,0,0
B025,2021-04-23 18:00:00,1,613E2580,0,,191.43,1,0,1
B025,2021-04-23 19:00:00,0,613H2404,0,,,1,0,0
B025,2021-04-23 19:00:00,1,613E2580,0,,191.42,1,0,1
B025,2021-04-23 20:00:00,0,613H2404,0,,,1,0,0
B025,2021-04-23 20:00:00,1,613E2580,0,,191.42,1,0,1
B025,2021-04-23 21:00:00,0,613H2404,0,,,1,0,0
B025,2021-04-23 21:00:00,1,613E2580,0,,191.41,1,0,1
B025,2021-04-23 22:00:00,0,613H2404,0,,,1,0,0
B025,2021-04-23 22:00:00,1,613E2580,0,,191.41,1,0,1
B025,2021-04-23 23:00:00,0,613H2404,0.1022583772,,,1,0,0
B025,2021-04-23 23:00:00,1,613E2580,0,,191.41,1,0,1
B025,2021-04-24 00:00:00,0,613H2404,0.01462795264,,,1,0,0
B025,2021-04-24 00:00:00,1,613E2580,0,,191.41,1,0,1
B025,2021-04-24 01:00:00,0,613H2404,0.09830167042,,,1,0,0
B025,2021-04-24 01:00:00,1,613E2580,0,,191.4,1,0,1
B025,2021-04-24 02:00:00,0,613H2404,0.4462028277,,,1,0,0
B025,2021-04-24 02:00:00,1,613E2580,0,,191.4,1,0,1
B025,2021-04-24 03:00:00,0,613H2404,0.4782165652,,,1,0,0
B025,2021-04-24 03:00:00,1,613E2580,0,,191.4,1,0,1
B025,2021-04-24 04:00:00,0,613H2404,0.7570719573,,,1,0,0
B025,2021-04-24 04:00:00,1,613E2580,0,,191.4,1,0,1
B025,2021-04-24 05:00:00,0,613H2404,0.7929051104,,,1,0,0
B025,2021-04-24 05:00:00,1,613E2580,0,,191.41,1,0,1
B025,2021-04-24 06:00:00,0,613H2404,1.511471583,,,1,0,0
B025,2021-04-24 06:00:00,1,613E2580,0,,191.48,1,0,1
B025,2021-04-24 07:00:00,0,613H2404,1.607152712,,,1,0,0
B025,2021-04-24 07:00:00,1,613E2580,0,,191.59,1,0,1
B025,2021-04-24 08:00:00,0,613H2404,0.6322722139,,,1,0,0
B025,2021-04-24 08:00:00,1,613E2580,0,,191.69,1,0,1
B025,2021-04-24 09:00:00,0,613H2404,0.8221610157,,,1,0,0
B025,2021-04-24 09:00:00,1,613E2580,0,,191.86,1,0,1
B025,2021-04-24 10:00:00,0,613H2404,0.4928445178,,,1,0,0
B025,2021-04-24 10:00:00,1,613E2580,0,,192.06,1,0,1
B025,2021-04-24 11:00:00,0,613H2404,0.5725615288,,,1,0,0
B025,2021-04-24 11:00:00,1,613E2580,0,,192.31,1,0,1
B025,2021-04-24 12:00:00,0,613H2404,0.5923450628,,,1,0,0
B025,2021-04-24 12:00:00,1,613E2580,0,,192.65,1,0,1
B025,2021-04-24 13:00:00,0,613H2404,0.5737604033,,,1,0,0
B025,2021-04-24 13:00:00,1,613E2580,0,,192.71,1,0,1
B025,2021-04-24 14:00:00,0,613H2404,0.8884489485,,,1,0,0
B025,2021-04-24 14:00:00,1,613E2580,0,,192.66,1,0,1
B025,2021-04-24 15:00:00,0,613H2404,0.9815950377,,,1,0,0
B025,2021-04-24 15:00:00,1,613E2580,0,,192.64,1,0,1
B025,2021-04-24 16:00:00,0,613H2404,0.06642522412,,,1,0,0
B025,2021-04-24 16:00:00,1,613E2580,0,,192.63,1,0,1
B025,2021-04-24 17:00:00,0,613H2404,0.09830167042,,,1,0,0
B025,2021-04-24 17:00:00,1,613E2580,0,,192.62,1,0,1
B025,2021-04-24 18:00:00,0,613H2404,0,,,1,0,0
B025,2021-04-24 18:00:00,1,613E2580,0,,192.68,1,0,1
B025,2021-04-24 19:00:00,0,613H2404,0,,,1,0,0
B025,2021-04-24 19:00:00,1,613E2580,0,,192.67,1,0,1
B025,2021-04-24 20:00:00,0,613H2404,0,,,1,0,0
B025,2021-04-24 20:00:00,1,613E2580,0,,192.61,1,0,1
B025,2021-04-24 21:00:00,0,613H2404,0,,,1,0,0
B025,2021-04-24 21:00:00,1,613E2580,0,,192.49,1,0,1
B025,2021-04-24 22:00:00,0,613H2404,0,,,1,0,0
B025,2021-04-24 22:00:00,1,613E2580,0,,192.39,1,0,1
B025,2021-04-24 23:00:00,0,613H2404,0,,,1,0,0
B025,2021-04-24 23:00:00,1,613E2580,0,,192.29,1,0,1
B025,2021-04-25 00:00:00,0,613H2404,0,,,1,0,0
B025,2021-04-25 00:00:00,1,613E2580,0,,192.21,1,0,1
B025,2021-04-25 01:00:00,0,613H2404,0,,,1,0,0
B025,2021-04-25 01:00:00,1,613E2580,0,,192.14,1,0,1
B025,2021-04-25 02:00:00,0,613H2404,0,,,1,0,0
B025,2021-04-25 02:00:00,1,613E2580,0,,192.08,1,0,1
B025,2021-04-25 03:00:00,0,613H2404,0,,,1,0,0
B025,2021-04-25 03:00:00,1,613E2580,0,,192.03,1,0,1
B025,2021-04-25 04:00:00,0,613H2404,0,,,1,0,0
B025,2021-04-25 04:00:00,1,613E2580,0,,191.99,1,0,1
B025,2021-04-25 05:00:00,0,613H2404,0,,,1,0,0
B025,2021-04-25 05:00:00,1,613E2580,0,,191.95,1,0,1
B025,2021-04-25 06:00:00,0,613H2404,0,,,1,0,0
B025,2021-04-25 06:00:00,1,613E2580,0,,191.93,1,0,1
B025,2021-04-25 07:00:00,0,613H2404,5.018573896,,,1,0,0
B025,2021-04-25 07:00:00,1,613E2580,0,,191.89,1,0,1
B025,2021-04-25 08:00:00,0,613H2404,0,,,1,0,0
B025,2021-04-25 08:00:00,1,613E2580,0,,191.87,1,0,1
B025,2021-04-25 09:00:00,0,613H2404,0,,,1,0,0
B025,2021-04-25 09:00:00,1,613E2580,0,,191.85,1,0,1
B025,2021-04-25 10:00:00,0,613H2404,0,,,1,0,0
B025,2021-04-25 10:00:00,1,613E2580,0,,191.82,1,0,1
B025,2021-04-25 11:00:00,0,613H2404,0,,,1,0,0
B025,2021-04-25 11:00:00,1,613E2580,0,,191.8,1,0,1
B025,2021-04-25 12:00:00,0,613H2404,0,,,1,0,0
B025,2021-04-25 12:00:00,1,613E2580,0,,191.78,1,0,1
B025,2021-04-25 13:00:00,0,613H2404,0,,,1,0,0
B025,2021-04-25 13:00:00,1,613E2580,0,,191.76,1,0,1
B025,2021-04-25 14:00:00,0,613H2404,0,,,1,0,0
B025,2021-04-25 14:00:00,1,613E2580,0,,191.74,1,0,1
B025,2021-04-25 15:00:00,0,613H2404,0,,,1,0,0
B025,2021-04-25 15:00:00,1,613E2580,0,,191.72,1,0,1
B025,2021-04-25 16:00:00,0,613H2404,0,,,1,0,0
B025,2021-04-25 16:00:00,1,613E2580,0,,191.71,1,0,1
B025,2021-04-25 17:00:00,0,613H2404,0,,,1,0,0
B025,2021-04-25 17:00:00,1,613E2580,0,,191.69,1,0,1
B025,2021-04-25 18:00:00,0,613H2404,0,,,1,0,0
B025,2021-04-25 18:00:00,1,613E2580,0,,191.68,1,0,1
B025,2021-04-25 19:00:00,0,613H2404,0.05851181055,,,1,0,0
B025,2021-04-25 19:00:00,1,613E2580,0,,191.67,1,0,1
B025,2021-04-25 20:00:00,0,613H2404,0.1287564502,,,1,0,0
B025,2021-04-25 20:00:00,1,613E2580,0,,191.66,1,0,1
B025,2021-04-25 21:00:00,0,613H2404,0.09830167042,,,1,0,0
B025,2021-04-25 21:00:00,1,613E2580,0,,191.65,1,0,1
B025,2021-04-25 22:00:00,0,613H2404,0.2738371021,,,1,0,0
B025,2021-04-25 22:00:00,1,613E2580,0,,191.64,1,0,1
B025,2021-04-25 23:00:00,0,613H2404,0,,,1,0,0
B025,2021-04-25 23:00:00,1,613E2580,0,,191.64,1,0,1
B025,2021-04-26 00:00:00,0,613H2404,0,,,1,0,0
B025,2021-04-26 00:00:00,1,613E2580,0,,191.66,1,0,1
B025,2021-04-26 01:00:00,0,613H2404,0.003956706784,,,1,0,0
B025,2021-04-26 01:00:00,1,613E2580,0,,191.66,1,0,1
B025,2021-04-26 02:00:00,0,613H2404,0,,,1,0,0
B025,2021-04-26 02:00:00,1,613E2580,0,,191.68,1,0,1
B025,2021-04-26 03:00:00,0,613H2404,0,,,1,0,0
B025,2021-04-26 03:00:00,1,613E2580,0,,191.7,1,0,1
B025,2021-04-26 04:00:00,0,613H2404,0,,,1,0,0
B025,2021-04-26 04:00:00,1,613E2580,0,,191.69,1,0,1
B025,2021-04-26 05:00:00,0,613H2404,0,,,1,0,0
B025,2021-04-26 05:00:00,1,613E2580,0,,191.68,1,0,1
B025,2021-04-26 06:00:00,0,613H2404,0,,,1,0,0
B025,2021-04-26 06:00:00,1,613E2580,0,,191.66,1,0,1
B025,2021-04-26 07:00:00,0,613H2404,0.3146885452,,,1,0,0
B025,2021-04-26 07:00:00,1,613E2580,0,,191.65,1,0,1
B025,2021-04-26 08:00:00,0,613H2404,0,,,1,0,0
B025,2021-04-26 08:00:00,1,613E2580,0,,191.64,1,0,1
B025,2021-04-26 09:00:00,0,613H2404,0,,,1,0,0
B025,2021-04-26 09:00:00,1,613E2580,0,,191.63,1,0,1
B025,2021-04-26 10:00:00,0,613H2404,0,,,1,0,0
B025,2021-04-26 10:00:00,1,613E2580,0,,191.62,1,0,1
B025,2021-04-26 11:00:00,0,613H2404,0,,,1,0,0
B025,2021-04-26 11:00:00,1,613E2580,0,,191.61,1,0,1
B025,2021-04-26 12:00:00,0,613H2404,0,,,1,0,0
B025,2021-04-26 12:00:00,1,613E2580,0,,191.6,1,0,1
B025,2021-04-26 13:00:00,0,613H2404,0,,,1,0,0
B025,2021-04-26 13:00:00,1,613E2580,0,,191.59,1,0,1
B025,2021-04-26 14:00:00,0,613H2404,0,,,1,0,0
B025,2021-04-26 14:00:00,1,613E2580,0,,191.58,1,0,1
B025,2021-04-26 15:00:00,0,613H2404,0,,,1,0,0
B025,2021-04-26 15:00:00,1,613E2580,0,,191.57,1,0,1
B025,2021-04-26 16:00:00,0,613H2404,0,,,1,0,0
B025,2021-04-26 16:00:00,1,613E2580,0,,191.57,1,0,1
B025,2021-04-26 17:00:00,0,613H2404,0,,,1,0,0
B025,2021-04-26 17:00:00,1,613E2580,0,,191.56,1,0,1
B025,2021-04-26 18:00:00,0,613H2404,0,,,1,0,0
B025,2021-04-26 18:00:00,1,613E2580,0,,191.55,1,0,1
B025,2021-07-18 15:00:00,0,613H2404,0,,,1,0,0
B025,2021-07-18 15:00:00,1,613E2580,0,,191.91,1,0,1
B025,2021-07-18 16:00:00,0,613H2404,0,,,1,0,0
B025,2021-07-18 16:00:00,1,613E2580,0,,191.91,1,0,1
B025,2021-07-18 17:00:00,0,613H2404,0,,,1,0,0
B025,2021-07-18 17:00:00,1,613E2580,0,,191.91,1,0,1
B025,2021-07-18 18:00:00,0,613H2404,0,,,1,0,0
B025,2021-07-18 18:00:00,1,613E2580,0,,191.91,1,0,1
B025,2021-07-18 19:00:00,0,613H2404,0.09830167042,,,1,0,0
B025,2021-07-18 19:00:00,1,613E2580,0,,191.91,1,0,1
B025,2021-07-18 20:00:00,0,613H2404,0.09830167042,,,1,0,0
B025,2021-07-18 20:00:00,1,613E2580,0,,191.91,1,0,1
B025,2021-07-18 21:00:00,0,613H2404,0.106215084,,,1,0,0
B025,2021-07-18 21:00:00,1,613E2580,0,,191.91,1,0,1
B025,2021-07-18 22:00:00,0,613H2404,0.1129296231,,,1,0,0
B025,2021-07-18 22:00:00,1,613E2580,0,,191.91,1,0,1
B025,2021-07-18 23:00:00,0,613H2404,0,,,1,0,0
B025,2021-07-18 23:00:00,1,613E2580,0,,191.91,1,0,1
B025,2021-07-19 00:00:00,0,613H2404,0,,,1,0,0
B025,2021-07-19 00:00:00,1,613E2580,0,,191.91,1,0,1
B025,2021-07-19 01:00:00,0,613H2404,0,,,1,0,0
B025,2021-07-19 01:00:00,1,613E2580,0,,191.91,1,0,1
B025,2021-07-19 02:00:00,0,613H2404,0,,,1,0,0
B025,2021-07-19 02:00:00,1,613E2580,0,,191.91,1,0,1
B025,2021-07-19 03:00:00,0,613H2404,0,,,1,0,0
B025,2021-07-19 03:00:00,1,613E2580,0,,191.91,1,0,1
B025,2021-07-19 04:00:00,0,613H2404,0.01462795264,,,1,0,0
B025,2021-07-19 04:00:00,1,613E2580,0,,191.91,1,0,1
B025,2021-07-19 05:00:00,0,613H2404,0.3534168218,,,1,0,0
B025,2021-07-19 05:00:00,1,613E2580,0,,191.91,1,0,1
B025,2021-07-19 06:00:00,0,613H2404,0.003956706784,,,1,0,0
B025,2021-07-19 06:00:00,1,613E2580,0,,191.91,1,0,1
B025,2021-07-19 07:00:00,0,613H2404,0.7982834837,,,1,0,0
B025,2021-07-19 07:00:00,1,613E2580,0,,191.91,1,0,1
B025,2021-07-19 08:00:00,0,613H2404,1.181368085,,,1,0,0
B025,2021-07-19 08:00:00,1,613E2580,0,,191.91,1,0,1
B025,2021-07-19 09:00:00,0,613H2404,2.057297203,,,1,0,0
B025,2021-07-19 09:00:00,1,613E2580,0,,191.91,1,0,1
B025,2021-07-19 10:00:00,0,613H2404,1.640450825,,,1,0,0
B025,2021-07-19 10:00:00,1,613E2580,0,,191.88,1,0,1
B025,2021-07-19 11:00:00,0,613H2404,1.037349016,,,1,0,0
B025,2021-07-19 11:00:00,1,613E2580,0,,191.55,1,0,1
B025,2021-07-19 12:00:00,0,613H2404,0.4355315818,,,1,0,0
B025,2021-07-19 12:00:00,1,613E2580,0,,192.38,1,0,1
B025,2021-07-19 13:00:00,0,613H2404,0.003956706784,,,1,0,0
B025,2021-07-19 13:00:00,1,613E2580,0,,192.21,1,0,1
B025,2021-07-19 14:00:00,0,613H2404,0,,,1,0,0
B025,2021-07-19 14:00:00,1,613E2580,0,,192.06,1,0,1
B025,2021-07-19 15:00:00,0,613H2404,0,,,1,0,0
B025,2021-07-19 15:00:00,1,613E2580,0,,192.01,1,0,1
B025,2021-07-19 16:00:00,0,613H2404,0,,,1,0,0
B025,2021-07-19 16:00:00,1,613E2580,0,,191.98,1,0,1
B025,2021-07-19 17:00:00,0,613H2404,0,,,1,0,0
B025,2021-07-19 17:00:00,1,613E2580,0,,191.95,1,0,1
B025,2021-07-19 18:00:00,0,613H2404,0,,,1,0,0
B025,2021-07-19 18:00:00,1,613E2580,0,,191.9,1,0,1
B025,2021-07-19 19:00:00,0,613H2404,0,,,1,0,0
B025,2021-07-19 19:00:00,1,613E2580,0,,191.84,1,0,1
B025,2021-07-19 20:00:00,0,613H2404,0,,,1,0,0
B025,2021-07-19 20:00:00,1,613E2580,0,,191.79,1,0,1
B025,2021-07-19 21:00:00,0,613H2404,0,,,1,0,0
B025,2021-07-19 21:00:00,1,613E2580,0,,191.74,1,0,1
B025,2021-07-19 22:00:00,0,613H2404,0,,,1,0,0
B025,2021-07-19 22:00:00,1,613E2580,0,,191.7,1,0,1
B025,2021-07-19 23:00:00,0,613H2404,0,,,1,0,0
B025,2021-07-19 23:00:00,1,613E2580,0,,191.66,1,0,1
B025,2021-07-20 00:00:00,0,613H2404,0,,,1,0,0
B025,2021-07-20 00:00:00,1,613E2580,0,,191.62,1,0,1
B025,2021-07-20 01:00:00,0,613H2404,0,,,1,0,0
B025,2021-07-20 01:00:00,1,613E2580,0,,191.59,1,0,1
B025,2021-07-20 02:00:00,0,613H2404,0,,,1,0,0
B025,2021-07-20 02:00:00,1,613E2580,0,,191.56,1,0,1
B025,2021-07-20 03:00:00,0,613H2404,0,,,1,0,0
B025,2021-07-20 03:00:00,1,613E2580,0,,191.55,1,0,1
B025,2021-07-20 04:00:00,0,613H2404,0,,,1,0,0
B025,2021-07-20 04:00:00,1,613E2580,0,,191.57,1,0,1
B025,2021-07-20 05:00:00,0,613H2404,0,,,1,0,0
B025,2021-07-20 05:00:00,1,613E2580,0,,191.59,1,0,1
B025,2021-07-20 06:00:00,0,613H2404,0,,,1,0,0
B025,2021-07-20 06:00:00,1,613E2580,0,,191.61,1,0,1
B025,2021-07-20 07:00:00,0,613H2404,4.907786106,,,1,0,0
B025,2021-07-20 07:00:00,1,613E2580,0,,191.62,1,0,1
B025,2021-07-20 08:00:00,0,613H2404,0,,,1,0,0
B025,2021-07-20 08:00:00,1,613E2580,0,,191.63,1,0,1
B025,2021-07-20 09:00:00,0,613H2404,0,,,1,0,0
B025,2021-07-20 09:00:00,1,613E2580,0,,191.65,1,0,1
B025,2021-07-20 10:00:00,0,613H2404,0,,,1,0,0
B025,2021-07-20 10:00:00,1,613E2580,0,,191.43,1,0,1
B025,2021-07-20 11:00:00,0,613H2404,0,,,1,0,0
B025,2021-07-20 11:00:00,1,613E2580,0,,191.42,1,0,1
B025,2021-07-20 12:00:00,0,613H2404,0,,,1,0,0
B025,2021-07-20 12:00:00,1,613E2580,0,,191.41,1,0,1
B025,2021-07-20 13:00:00,0,613H2404,0,,,1,0,0
B025,2021-07-20 13:00:00,1,613E2580,0,,191.41,1,0,1
B025,2021-07-20 14:00:00,0,613H2404,0,,,1,0,0
B025,2021-07-20 14:00:00,1,613E2580,0,,191.4,1,0,1
B025,2021-07-20 15:00:00,0,613H2404,0.05851181055,,,1,0,0
B025,2021-07-20 15:00:00,1,613E2580,0,,191.39,1,0,1
B025,2021-07-20 16:00:00,0,613H2404,9.55384669,,,1,0,0
B025,2021-07-20 16:00:00,1,613E2580,0,,191.38,1,0,1
B025,2021-07-20 17:00:00,0,613H2404,5.115643568,,,1,0,0
B025,2021-07-20 17:00:00,1,613E2580,0,,191.38,1,0,1
B025,2021-07-20 18:00:00,0,613H2404,0.01462795264,,,1,0,0
B025,2021-07-20 18:00:00,1,613E2580,0,,191.37,1,0,1
B025,2021-07-20 19:00:00,0,613H2404,0,,,1,0,0
B025,2021-07-20 19:00:00,1,613E2580,0,,191.36,1,0,1
B025,2021-07-20 20:00:00,0,613H2404,0,,,1,0,0
B025,2021-07-20 20:00:00,1,613E2580,0,,191.36,1,0,1
B025,2021-07-20 21:00:00,0,613H2404,0,,,1,0,0
B025,2021-07-20 21:00:00,1,613E2580,0,,192.03,1,0,1
B025,2021-07-20 22:00:00,0,613H2404,0,,,1,0,0
B025,2021-07-20 22:00:00,1,613E2580,0,,192.37,1,0,1
B025,2021-07-20 23:00:00,0,613H2404,0,,,1,0,0
B025,2021-07-20 23:00:00,1,613E2580,0,,192.18,1,0,1
B025,2021-07-21 00:00:00,0,613H2404,0,,,1,0,0
B025,2021-07-21 00:00:00,1,613E2580,0,,192.03,1,0,1
B025,2021-07-21 01:00:00,0,613H2404,0,,,1,0,0
B025,2021-07-21 01:00:00,1,613E2580,0,,191.94,1,0,1
B025,2021-07-21 02:00:00,0,613H2404,0,,,1,0,0
B025,2021-07-21 02:00:00,1,613E2580,0,,191.87,1,0,1
B025,2021-07-21 03:00:00,0,613H2404,0,,,1,0,0
B025,2021-07-21 03:00:00,1,613E2580,0,,191.81,1,0,1
B025,2021-07-21 04:00:00,0,613H2404,0,,,1,0,0
B025,2021-07-21 04:00:00,1,613E2580,0,,191.76,1,0,1
B025,2021-07-21 05:00:00,0,613H2404,0,,,1,0,0
B025,2021-07-21 05:00:00,1,613E2580,0,,191.71,1,0,1
B025,2021-07-21 06:00:00,0,613H2404,0,,,1,0,0
B025,2021-07-21 06:00:00,1,613E2580,0,,191.67,1,0,1
B025,2021-07-21 07:00:00,0,613H2404,14.65486231,,,1,0,0
B025,2021-07-21 07:00:00,1,613E2580,0,,191.64,1,0,1
B025,2021-07-21 08:00:00,0,613H2404,0,,,1,0,0
B025,2021-07-21 08:00:00,1,613E2580,0,,191.61,1,0,1
B025,2021-07-21 09:00:00,0,613H2404,0,,,1,0,0
B025,2021-07-21 09:00:00,1,613E2580,0,,191.58,1,0,1
B025,2021-07-21 10:00:00,0,613H2404,0,,,1,0,0
B025,2021-07-21 10:00:00,1,613E2580,0,,191.56,1,0,1
B025,2021-07-21 11:00:00,0,613H2404,0,,,1,0,0
B025,2021-07-21 11:00:00,1,613E2580,0,,191.54,1,0,1
B025,2021-07-21 12:00:00,0,613H2404,0,,,1,0,0
B025,2021-07-21 12:00:00,1,613E2580,0,,191.52,1,0,1
B025,2021-07-21 13:00:00,0,613H2404,0,,,1,0,0
B025,2021-07-21 13:00:00,1,613E2580,0,,191.51,1,0,1
B025,2021-07-21 14:00:00,0,613H2404,0,,,1,0,0
B025,2021-07-21 14:00:00,1,613E2580,0,,191.49,1,0,1
B025,2021-07-21 15:00:00,0,613H2404,0,,,1,0,0
B025,2021-07-21 15:00:00,1,613E2580,0,,191.47,1,0,1
B025,2021-07-21 16:00:00,0,613H2404,0,,,1,0,0
B025,2021-07-21 16:00:00,1,613E2580,0,,191.46,1,0,1
B025,2021-07-21 17:00:00,0,613H2404,0,,,1,0,0
B025,2021-07-21 17:00:00,1,613E2580,0,,191.45,1,0,1
B025,2021-07-21 18:00:00,0,613H2404,0,,,1,0,0
B025,2021-07-21 18:00:00,1,613E2580,0,,191.44,1,0,1
B025,2021-07-21 19:00:00,0,613H2404,0,,,1,0,0
B025,2021-07-21 19:00:00,1,613E2580,0,,191.43,1,0,1
B025,2021-07-21 20:00:00,0,613H2404,0,,,1,0,0
B025,2021-07-21 20:00:00,1,613E2580,0,,191.42,1,0,1
B025,2021-07-21 21:00:00,0,613H2404,0,,,1,0,0
B025,2021-07-21 21:00:00,1,613E2580,0,,191.41,1,0,1
B025,2021-07-21 22:00:00,0,613H2404,0,,,1,0,0
B025,2021-07-21 22:00:00,1,613E2580,0,,191.4,1,0,1
B025,2021-07-21 23:00:00,0,613H2404,0,,,1,0,0
B025,2021-07-21 23:00:00,1,613E2580,0,,191.39,1,0,1
B025,2021-07-22 00:00:00,0,613H2404,0,,,1,0,0
B025,2021-07-22 00:00:00,1,613E2580,0,,191.39,1,0,1
B025,2021-07-22 01:00:00,0,613H2404,0,,,1,0,0
B025,2021-07-22 01:00:00,1,613E2580,0,,191.38,1,0,1
B025,2021-07-22 02:00:00,0,613H2404,0,,,1,0,0
B025,2021-07-22 02:00:00,1,613E2580,0,,191.38,1,0,1
B025,2021-07-22 03:00:00,0,613H2404,0,,,1,0,0
B025,2021-07-22 03:00:00,1,613E2580,0,,191.37,1,0,1
B025,2021-07-22 04:00:00,0,613H2404,0,,,1,0,0
B025,2021-07-22 04:00:00,1,613E2580,0,,191.36,1,0,1
B025,2021-07-22 05:00:00,0,613H2404,0,,,1,0,0
B025,2021-07-22 05:00:00,1,613E2580,0,,191.36,1,0,1
B025,2021-07-22 06:00:00,0,613H2404,0,,,1,0,0
B025,2021-07-22 06:00:00,1,613E2580,0,,191.36,1,0,1
B025,2021-07-22 07:00:00,0,613H2404,0,,,1,0,0
B025,2021-07-22 07:00:00,1,613E2580,0,,191.35,1,0,1
B025,2021-07-22 08:00:00,0,613H2404,0,,,1,0,0
B025,2021-07-22 08:00:00,1,613E2580,0,,191.35,1,0,1
B025,2021-07-22 09:00:00,0,613H2404,0,,,1,0,0
B025,2021-07-22 09:00:00,1,613E2580,0,,191.34,1,0,1
B025,2021-07-22 10:00:00,0,613H2404,0,,,1,0,0
B025,2021-07-22 10:00:00,1,613E2580,0,,191.34,1,0,1
B025,2021-07-22 11:00:00,0,613H2404,0,,,1,0,0
B025,2021-07-22 11:00:00,1,613E2580,0,,191.34,1,0,1
B025,2021-07-22 12:00:00,0,613H2404,0.007913413569,,,1,0,0
B025,2021-07-22 12:00:00,1,613E2580,0,,191.33,1,0,1
B025,2021-07-22 13:00:00,0,613H2404,0,,,1,0,0
B025,2021-07-22 13:00:00,1,613E2580,0,,191.33,1,0,1
B025,2021-07-22 14:00:00,0,613H2404,0.1966033408,,,1,0,0
B025,2021-07-22 14:00:00,1,613E2580,0,,191.33,1,0,1
B025,2021-07-22 15:00:00,0,613H2404,0,,,1,0,0
B025,2021-07-22 15:00:00,1,613E2580,0,,191.33,1,0,1
B025,2021-07-22 16:00:00,0,613H2404,0,,,1,0,0
B025,2021-07-22 16:00:00,1,613E2580,0,,191.32,1,0,1
B025,2021-07-22 17:00:00,0,613H2404,0,,,1,0,0
B025,2021-07-22 17:00:00,1,613E2580,0,,,1,0,0
B025,2021-07-22 18:00:00,0,613H2404,0,,,1,0,0
B025,2021-07-22 18:00:00,1,613E2580,0,,191.32,1,0,1
B025,2021-07-22 19:00:00,0,613H2404,0,,,1,0,0
B025,2021-07-22 19:00:00,1,613E2580,0,,191.31,1,0,1
B025,2021-08-21 18:00:00,0,613H2404,0.09830167042,,,1,0,0
B025,2021-08-21 18:00:00,1,613E2580,0,,191.51,1,0,1
B025,2021-08-21 19:00:00,0,613H2404,0,,,1,0,0
B025,2021-08-21 19:00:00,1,613E2580,0,,191.5,1,0,1
B025,2021-08-21 20:00:00,0,613H2404,0,,,1,0,0
B025,2021-08-21 20:00:00,1,613E2580,0,,191.49,1,0,1
B025,2021-08-21 21:00:00,0,613H2404,0,,,1,0,0
B025,2021-08-21 21:00:00,1,613E2580,0,,191.48,1,0,1
B025,2021-08-21 22:00:00,0,613H2404,0,,,1,0,0
B025,2021-08-21 22:00:00,1,613E2580,0,,191.47,1,0,1
B025,2021-08-21 23:00:00,0,613H2404,0,,,1,0,0
B025,2021-08-21 23:00:00,1,613E2580,0,,191.46,1,0,1
B025,2021-08-22 00:00:00,0,613H2404,0,,,1,0,0
B025,2021-08-22 00:00:00,1,613E2580,0,,191.45,1,0,1
B025,2021-08-22 01:00:00,0,613H2404,0,,,1,0,0
B025,2021-08-22 01:00:00,1,613E2580,0,,191.44,1,0,1
B025,2021-08-22 02:00:00,0,613H2404,0,,,1,0,0
B025,2021-08-22 02:00:00,1,613E2580,0,,191.43,1,0,1
B025,2021-08-22 03:00:00,0,613H2404,0,,,1,0,0
B025,2021-08-22 03:00:00,1,613E2580,0,,191.42,1,0,1
B025,2021-08-22 04:00:00,0,613H2404,0,,,1,0,0
B025,2021-08-22 04:00:00,1,613E2580,0,,191.42,1,0,1
B025,2021-08-22 05:00:00,0,613H2404,0,,,1,0,0
B025,2021-08-22 05:00:00,1,613E2580,0,,191.41,1,0,1
B025,2021-08-22 06:00:00,0,613H2404,0,,,1,0,0
B025,2021-08-22 06:00:00,1,613E2580,0,,191.41,1,0,1
B025,2021-08-22 07:00:00,0,613H2404,0.1966033408,,,1,0,0
B025,2021-08-22 07:00:00,1,613E2580,0,,191.4,1,0,1
B025,2021-08-22 08:00:00,0,613H2404,0,,,1,0,0
B025,2021-08-22 08:00:00,1,613E2580,0,,191.4,1,0,1
B025,2021-08-22 09:00:00,0,613H2404,0,,,1,0,0
B025,2021-08-22 09:00:00,1,613E2580,0,,191.39,1,0,1
B025,2021-08-22 10:00:00,0,613H2404,0,,,1,0,0
B025,2021-08-22 10:00:00,1,613E2580,0,,191.39,1,0,1
B025,2021-08-22 11:00:00,0,613H2404,0,,,1,0,0
B025,2021-08-22 11:00:00,1,613E2580,0,,191.39,1,0,1
B025,2021-08-22 12:00:00,0,613H2404,0,,,1,0,0
B025,2021-08-22 12:00:00,1,613E2580,0,,191.38,1,0,1
B025,2021-08-22 13:00:00,0,613H2404,0,,,1,0,0
B025,2021-08-22 13:00:00,1,613E2580,0,,191.38,1,0,1
B025,2021-08-22 14:00:00,0,613H2404,0,,,1,0,0
B025,2021-08-22 14:00:00,1,613E2580,0,,191.38,1,0,1
B025,2021-08-22 15:00:00,0,613H2404,0,,,1,0,0
B025,2021-08-22 15:00:00,1,613E2580,0,,191.38,1,0,1
B025,2021-08-22 16:00:00,0,613H2404,0,,,1,0,0
B025,2021-08-22 16:00:00,1,613E2580,0,,191.37,1,0,1
B025,2021-08-22 17:00:00,0,613H2404,0,,,1,0,0
B025,2021-08-22 17:00:00,1,613E2580,0,,191.37,1,0,1
B025,2021-08-22 18:00:00,0,613H2404,0,,,1,0,0
B025,2021-08-22 18:00:00,1,613E2580,0,,191.37,1,0,1
B025,2021-08-22 19:00:00,0,613H2404,0,,,1,0,0
B025,2021-08-22 19:00:00,1,613E2580,0,,191.36,1,0,1
B025,2021-08-22 20:00:00,0,613H2404,0,,,1,0,0
B025,2021-08-22 20:00:00,1,613E2580,0,,191.36,1,0,1
B025,2021-08-22 21:00:00,0,613H2404,0,,,1,0,0
B025,2021-08-22 21:00:00,1,613E2580,0,,191.36,1,0,1
B025,2021-08-22 22:00:00,0,613H2404,0,,,1,0,0
B025,2021-08-22 22:00:00,1,613E2580,0,,191.36,1,0,1
B025,2021-08-22 23:00:00,0,613H2404,0,,,1,0,0
B025,2021-08-22 23:00:00,1,613E2580,0,,191.36,1,0,1
B025,2021-08-23 00:00:00,0,613H2404,0,,,1,0,0
B025,2021-08-23 00:00:00,1,613E2580,0,,191.35,1,0,1
B025,2021-08-23 01:00:00,0,613H2404,0,,,1,0,0
B025,2021-08-23 01:00:00,1,613E2580,0,,191.35,1,0,1
B025,2021-08-23 02:00:00,0,613H2404,0,,,1,0,0
B025,2021-08-23 02:00:00,1,613E2580,0,,191.35,1,0,1
B025,2021-08-23 03:00:00,0,613H2404,0,,,1,0,0
B025,2021-08-23 03:00:00,1,613E2580,0,,191.35,1,0,1
B025,2021-08-23 04:00:00,0,613H2404,0,,,1,0,0
B025,2021-08-23 04:00:00,1,613E2580,0,,191.34,1,0,1
B025,2021-08-23 05:00:00,0,613H2404,0,,,1,0,0
B025,2021-08-23 05:00:00,1,613E2580,0,,191.34,1,0,1
B025,2021-08-23 06:00:00,0,613H2404,0,,,1,0,0
B025,2021-08-23 06:00:00,1,613E2580,0,,191.34,1,0,1
B025,2021-08-23 07:00:00,0,613H2404,0,,,1,0,0
B025,2021-08-23 07:00:00,1,613E2580,0,,191.34,1,0,1
B025,2021-08-23 08:00:00,0,613H2404,0,,,1,0,0
B025,2021-08-23 08:00:00,1,613E2580,0,,191.34,1,0,1
B025,2021-08-23 09:00:00,0,613H2404,0,,,1,0,0
B025,2021-08-23 09:00:00,1,613E2580,0,,191.33,1,0,1
B025,2021-08-23 10:00:00,0,613H2404,0,,,1,0,0
B025,2021-08-23 10:00:00,1,613E2580,0,,191.33,1,0,1
B025,2021-08-23 11:00:00,0,613H2404,0,,,1,0,0
B025,2021-08-23 11:00:00,1,613E2580,0,,191.33,1,0,1
B025,2021-08-23 12:00:00,0,613H2404,0,,,1,0,0
B025,2021-08-23 12:00:00,1,613E2580,0,,191.33,1,0,1
B025,2021-08-23 13:00:00,0,613H2404,0,,,1,0,0
B025,2021-08-23 13:00:00,1,613E2580,0,,191.32,1,0,1
B025,2021-08-23 14:00:00,0,613H2404,0,,,1,0,0
B025,2021-08-23 14:00:00,1,613E2580,0,,191.32,1,0,1
B025,2021-08-23 15:00:00,0,613H2404,0,,,1,0,0
B025,2021-08-23 15:00:00,1,613E2580,0,,191.32,1,0,1
B025,2021-08-23 16:00:00,0,613H2404,0,,,1,0,0
B025,2021-08-23 16:00:00,1,613E2580,0,,191.32,1,0,1
B025,2021-08-23 17:00:00,0,613H2404,0,,,1,0,0
B025,2021-08-23 17:00:00,1,613E2580,0,,191.32,1,0,1
B025,2021-08-23 18:00:00,0,613H2404,1.179620045,,,1,0,0
B025,2021-08-23 18:00:00,1,613E2580,0,,191.31,1,0,1
B025,2021-08-23 19:00:00,0,613H2404,2.929043787,,,1,0,0
B025,2021-08-23 19:00:00,1,613E2580,0,,191.31,1,0,1
B025,2021-08-23 20:00:00,0,613H2404,6.522321734,,,1,0,0
B025,2021-08-23 20:00:00,1,613E2580,0,,191.31,1,0,1
B025,2021-08-23 21:00:00,0,613H2404,3.998458331,,,1,0,0
B025,2021-08-23 21:00:00,1,613E2580,0,,191.31,1,0,1
B025,2021-08-23 22:00:00,0,613H2404,5.571763765,,,1,0,0
B025,2021-08-23 22:00:00,1,613E2580,0,,191.31,1,0,1
B025,2021-08-23 23:00:00,0,613H2404,1.280233964,,,1,0,0
B025,2021-08-23 23:00:00,1,613E2580,0,,191.31,1,0,1
B025,2021-08-24 00:00:00,0,613H2404,0.2428849477,,,1,0,0
B025,2021-08-24 00:00:00,1,613E2580,0,,191.31,1,0,1
B025,2021-08-24 01:00:00,0,613H2404,0.2137663337,,,1,0,0
B025,2021-08-24 01:00:00,1,613E2580,0,,192.09,1,0,1
B025,2021-08-24 02:00:00,0,613H2404,0.15921123,,,1,0,0
B025,2021-08-24 02:00:00,1,613E2580,0,,193.47,1,0,1
B025,2021-08-24 03:00:00,0,613H2404,0.0478405647,,,1,0,0
B025,2021-08-24 03:00:00,1,613E2580,0,,193.36,1,0,1
B025,2021-08-24 04:00:00,0,613H2404,0.106215084,,,1,0,0
B025,2021-08-24 04:00:00,1,613E2580,0,,193.05,1,0,1
B025,2021-08-24 05:00:00,0,613H2404,0.1168863298,,,1,0,0
B025,2021-08-24 05:00:00,1,613E2580,0,,192.78,1,0,1
B025,2021-08-24 06:00:00,0,613H2404,0.2590718582,,,1,0,0
B025,2021-08-24 06:00:00,1,613E2580,0,,192.63,1,0,1
B025,2021-08-24 07:00:00,0,613H2404,0.3254970823,,,1,0,0
B025,2021-08-24 07:00:00,1,613E2580,0,,192.51,1,0,1
B025,2021-08-24 08:00:00,0,613H2404,0.01858465942,,,1,0,0
B025,2021-08-24 08:00:00,1,613E2580,0,,192.41,1,0,1
B025,2021-08-24 09:00:00,0,613H2404,0,,,1,0,0
B025,2021-08-24 09:00:00,1,613E2580,0,,192.35,1,0,1
B025,2021-08-24 10:00:00,0,613H2404,0,,,1,0,0
B025,2021-08-24 10:00:00,1,613E2580,0,,192.29,1,0,1
B025,2021-08-24 11:00:00,0,613H2404,0,,,1,0,0
B025,2021-08-24 11:00:00,1,613E2580,0,,192.26,1,0,1
B025,2021-08-24 12:00:00,0,613H2404,0.04388385791,,,1,0,0
B025,2021-08-24 12:00:00,1,613E2580,0,,192.22,1,0,1
B025,2021-08-24 13:00:00,0,613H2404,0,,,1,0,0
B025,2021-08-24 13:00:00,1,613E2580,0,,192.18,1,0,1
B025,2021-08-24 14:00:00,0,613H2404,0,,,1,0,0
B025,2021-08-24 14:00:00,1,613E2580,0,,192.13,1,0,1
B025,2021-08-24 15:00:00,0,613H2404,0.4011200952,,,1,0,0
B025,2021-08-24 15:00:00,1,613E2580,0,,192.09,1,0,1
B025,2021-08-24 16:00:00,0,613H2404,0.1461422351,,,1,0,0
B025,2021-08-24 16:00:00,1,613E2580,0,,192.05,1,0,1
B025,2021-08-24 17:00:00,0,613H2404,0.007913413569,,,1,0,0
B025,2021-08-24 17:00:00,1,613E2580,0,,192.02,1,0,1
B025,2021-08-24 18:00:00,0,613H2404,0,,,1,0,0
B025,2021-08-24 18:00:00,1,613E2580,0,,192,1,0,1
B025,2021-08-24 19:00:00,0,613H2404,0,,,1,0,0
B025,2021-08-24 19:00:00,1,613E2580,0,,191.98,1,0,1
B025,2021-08-24 20:00:00,0,613H2404,0,,,1,0,0
B025,2021-08-24 20:00:00,1,613E2580,0,,191.96,1,0,1
B025,2021-08-24 21:00:00,0,613H2404,0,,,1,0,0
B025,2021-08-24 21:00:00,1,613E2580,0,,191.94,1,0,1
B025,2021-08-24 22:00:00,0,613H2404,0,,,1,0,0
B025,2021-08-24 22:00:00,1,613E2580,0,,191.92,1,0,1
B025,2021-08-24 23:00:00,0,613H2404,0,,,1,0,0
B025,2021-08-24 23:00:00,1,613E2580,0,,191.89,1,0,1
B025,2021-08-25 00:00:00,0,613H2404,0,,,1,0,0
B025,2021-08-25 00:00:00,1,613E2580,0,,191.87,1,0,1
B025,2021-08-25 01:00:00,0,613H2404,0,,,1,0,0
B025,2021-08-25 01:00:00,1,613E2580,0,,191.84,1,0,1
B025,2021-08-25 02:00:00,0,613H2404,0,,,1,0,0
B025,2021-08-25 02:00:00,1,613E2580,0,,191.82,1,0,1
B025,2021-08-25 03:00:00,0,613H2404,0,,,1,0,0
B025,2021-08-25 03:00:00,1,613E2580,0,,191.8,1,0,1
B025,2021-08-25 04:00:00,0,613H2404,0,,,1,0,0
B025,2021-08-25 04:00:00,1,613E2580,0,,191.78,1,0,1
B025,2021-08-25 05:00:00,0,613H2404,0,,,1,0,0
B025,2021-08-25 05:00:00,1,613E2580,0,,191.76,1,0,1
B025,2021-08-25 06:00:00,0,613H2404,0.02925590528,,,1,0,0
B025,2021-08-25 06:00:00,1,613E2580,0,,191.75,1,0,1
B025,2021-08-25 07:00:00,0,613H2404,0.1512978164,,,1,0,0
B025,2021-08-25 07:00:00,1,613E2580,0,,191.73,1,0,1
B025,2021-08-25 08:00:00,0,613H2404,0.05179727148,,,1,0,0
B025,2021-08-25 08:00:00,1,613E2580,0,,191.72,1,0,1
B025,2021-08-25 09:00:00,0,613H2404,0.298861718,,,1,0,0
B025,2021-08-25 09:00:00,1,613E2580,0,,191.71,1,0,1
B025,2021-08-25 10:00:00,0,613H2404,0.183311554,,,1,0,0
B025,2021-08-25 10:00:00,1,613E2580,0,,191.71,1,0,1
B025,2021-08-25 11:00:00,0,613H2404,0.09830167042,,,1,0,0
B025,2021-08-25 11:00:00,1,613E2580,0,,191.7,1,0,1
B025,2021-08-25 12:00:00,0,613H2404,0,,,1,0,0
B025,2021-08-25 12:00:00,1,613E2580,0,,191.69,1,0,1
B025,2021-08-25 13:00:00,0,613H2404,0.5367283758,,,1,0,0
B025,2021-08-25 13:00:00,1,613E2580,0,,191.68,1,0,1
B025,2021-08-25 14:00:00,0,613H2404,0.1461422351,,,1,0,0
B025,2021-08-25 14:00:00,1,613E2580,0,,191.68,1,0,1
B025,2021-08-25 15:00:00,0,613H2404,0.4131275069,,,1,0,0
B025,2021-08-25 15:00:00,1,613E2580,0,,191.69,1,0,1
B025,2021-08-25 16:00:00,0,613H2404,0.2005600476,,,1,0,0
B025,2021-08-25 16:00:00,1,613E2580,0,,191.71,1,0,1
B025,2021-08-25 17:00:00,0,613H2404,0.5898100225,,,1,0,0
B025,2021-08-25 17:00:00,1,613E2580,0,,191.76,1,0,1
B025,2021-08-25 18:00:00,0,613H2404,0,,,1,0,0
B025,2021-08-25 18:00:00,1,613E2580,0,,191.83,1,0,1
B025,2021-08-25 19:00:00,0,613H2404,0,,,1,0,0
B025,2021-08-25 19:00:00,1,613E2580,0,,191.87,1,0,1
B025,2021-08-25 20:00:00,0,613H2404,0,,,1,0,0
B025,2021-08-25 20:00:00,1,613E2580,0,,191.88,1,0,1
B025,2021-08-25 21:00:00,0,613H2404,0.01462795264,,,1,0,0
B025,2021-08-25 21:00:00,1,613E2580,0,,191.88,1,0,1
B025,2021-08-25 22:00:00,0,613H2404,0.3971633885,,,1,0,0
B025,2021-08-25 22:00:00,1,613E2580,0,,191.87,1,0,1
B025,2021-08-25 23:00:00,0,613H2404,0.8196259754,,,1,0,0
B025,2021-08-25 23:00:00,1,613E2580,0,,191.85,1,0,1
B025,2021-08-26 00:00:00,0,613H2404,0.09830167042,,,1,0,0
B025,2021-08-26 00:00:00,1,613E2580,0,,191.84,1,0,1
B025,2021-08-26 01:00:00,0,613H2404,0,,,1,0,0
B025,2021-08-26 01:00:00,1,613E2580,0,,191.82,1,0,1
B025,2021-08-26 02:00:00,0,613H2404,0,,,1,0,0
B025,2021-08-26 02:00:00,1,613E2580,0,,191.8,1,0,1
B025,2021-08-26 03:00:00,0,613H2404,0,,,1,0,0
B025,2021-08-26 03:00:00,1,613E2580,0,,191.79,1,0,1
B025,2021-08-26 04:00:00,0,613H2404,0,,,1,0,0
B025,2021-08-26 04:00:00,1,613E2580,0,,191.78,1,0,1
B025,2021-08-26 05:00:00,0,613H2404,0,,,1,0,0
B025,2021-08-26 05:00:00,1,613E2580,0,,191.76,1,0,1
B025,2021-08-26 06:00:00,0,613H2404,0,,,1,0,0
B025,2021-08-26 06:00:00,1,613E2580,0,,191.75,1,0,1
B025,2021-08-26 07:00:00,0,613H2404,3.40952081,,,1,0,0
B025,2021-08-26 07:00:00,1,613E2580,0,,191.74,1,0,1
B025,2021-08-26 08:00:00,0,613H2404,0,,,1,0,0
B025,2021-08-26 08:00:00,1,613E2580,0,,191.73,1,0,1
B025,2021-08-26 09:00:00,0,613H2404,0,,,1,0,0
B025,2021-08-26 09:00:00,1,613E2580,0,,191.72,1,0,1
B025,2021-08-26 10:00:00,0,613H2404,0,,,1,0,0
B025,2021-08-26 10:00:00,1,613E2580,0,,191.71,1,0,1
B025,2021-08-26 11:00:00,0,613H2404,0,,,1,0,0
B025,2021-08-26 11:00:00,1,613E2580,0,,191.7,1,0,1
B025,2021-08-26 12:00:00,0,613H2404,0,,,1,0,0
B025,2021-08-26 12:00:00,1,613E2580,0,,191.69,1,0,1
B025,2021-08-26 13:00:00,0,613H2404,0,,,1,0,0
B025,2021-08-26 13:00:00,1,613E2580,0,,191.68,1,0,1
B025,2021-08-26 14:00:00,0,613H2404,0,,,1,0,0
B025,2021-08-26 14:00:00,1,613E2580,0,,191.67,1,0,1
B025,2021-08-26 15:00:00,0,613H2404,0,,,1,0,0
B025,2021-08-26 15:00:00,1,613E2580,0,,191.66,1,0,1
B025,2021-08-26 16:00:00,0,613H2404,0,,,1,0,0
B025,2021-08-26 16:00:00,1,613E2580,0,,191.65,1,0,1
B025,2021-08-26 17:00:00,0,613H2404,0,,,1,0,0
B025,2021-08-26 17:00:00,1,613E2580,0,,191.63,1,0,1
B025,2021-08-26 18:00:00,0,613H2404,0.003956706784,,,1,0,0
B025,2021-08-26 18:00:00,1,613E2580,0,,191.62,1,0,1
B025,2021-09-27 00:00:00,0,613H2404,0,,,1,0,0
B025,2021-09-27 00:00:00,1,613E2580,0,,191.14,1,0,1
B025,2021-09-27 01:00:00,0,613H2404,0,,,1,0,0
B025,2021-09-27 01:00:00,1,613E2580,0,,191.14,1,0,1
B025,2021-09-27 02:00:00,0,613H2404,0,,,1,0,0
B025,2021-09-27 02:00:00,1,613E2580,0,,191.14,1,0,1
B025,2021-09-27 03:00:00,0,613H2404,0,,,1,0,0
B025,2021-09-27 03:00:00,1,613E2580,0,,191.14,1,0,1
B025,2021-09-27 04:00:00,0,613H2404,0,,,1,0,0
B025,2021-09-27 04:00:00,1,613E2580,0,,191.14,1,0,1
B025,2021-09-27 05:00:00,0,613H2404,0,,,1,0,0
B025,2021-09-27 05:00:00,1,613E2580,0,,191.14,1,0,1
B025,2021-09-27 06:00:00,0,613H2404,0,,,1,0,0
B025,2021-09-27 06:00:00,1,613E2580,0,,191.14,1,0,1
B025,2021-09-27 07:00:00,0,613H2404,0,,,1,0,0
B025,2021-09-27 07:00:00,1,613E2580,0,,191.14,1,0,1
B025,2021-09-27 08:00:00,0,613H2404,2.490891664,,,1,0,0
B025,2021-09-27 08:00:00,1,613E2580,0,,191.14,1,0,1
B025,2021-09-27 09:00:00,0,613H2404,0.5435802061,,,1,0,0
B025,2021-09-27 09:00:00,1,613E2580,0,,191.14,1,0,1
B025,2021-09-27 10:00:00,0,613H2404,0,,,1,0,0
B025,2021-09-27 10:00:00,1,613E2580,0,,191.14,1,0,1
B025,2021-09-27 11:00:00,0,613H2404,0,,,1,0,0
B025,2021-09-27 11:00:00,1,613E2580,0,,191.13,1,0,1
B025,2021-09-27 12:00:00,0,613H2404,0,,,1,0,0
B025,2021-09-27 12:00:00,1,613E2580,0,,191.13,1,0,1
B025,2021-09-27 13:00:00,0,613H2404,0,,,1,0,0
B025,2021-09-27 13:00:00,1,613E2580,0,,191.13,1,0,1
B025,2021-09-27 14:00:00,0,613H2404,0,,,1,0,0
B025,2021-09-27 14:00:00,1,613E2580,0,,191.13,1,0,1
B025,2021-09-27 15:00:00,0,613H2404,0,,,1,0,0
B025,2021-09-27 15:00:00,1,613E2580,0,,191.13,1,0,1
B025,2021-09-27 16:00:00,0,613H2404,0,,,1,0,0
B025,2021-09-27 16:00:00,1,613E2580,0,,191.13,1,0,1
B025,2021-09-27 17:00:00,0,613H2404,0,,,1,0,0
B025,2021-09-27 17:00:00,1,613E2580,0,,191.13,1,0,1
B025,2021-09-27 18:00:00,0,613H2404,0,,,1,0,0
B025,2021-09-27 18:00:00,1,613E2580,0,,191.13,1,0,1
B025,2021-09-27 19:00:00,0,613H2404,0,,,1,0,0
B025,2021-09-27 19:00:00,1,613E2580,0,,191.13,1,0,1
B025,2021-09-27 20:00:00,0,613H2404,0,,,1,0,0
B025,2021-09-27 20:00:00,1,613E2580,0,,191.13,1,0,1
B025,2021-09-27 21:00:00,0,613H2404,0,,,1,0,0
B025,2021-09-27 21:00:00,1,613E2580,0,,191.13,1,0,1
B025,2021-09-27 22:00:00,0,613H2404,0,,,1,0,0
B025,2021-09-27 22:00:00,1,613E2580,0,,191.13,1,0,1
B025,2021-09-27 23:00:00,0,613H2404,0,,,1,0,0
B025,2021-09-27 23:00:00,1,613E2580,0,,191.13,1,0,1
B025,2021-09-28 00:00:00,0,613H2404,0,,,1,0,0
B025,2021-09-28 00:00:00,1,613E2580,0,,191.13,1,0,1
B025,2021-09-28 01:00:00,0,613H2404,0,,,1,0,0
B025,2021-09-28 01:00:00,1,613E2580,0,,191.13,1,0,1
B025,2021-09-28 02:00:00,0,613H2404,0,,,1,0,0
B025,2021-09-28 02:00:00,1,613E2580,0,,191.13,1,0,1
B025,2021-09-28 03:00:00,0,613H2404,0,,,1,0,0
B025,2021-09-28 03:00:00,1,613E2580,0,,191.13,1,0,1
B025,2021-09-28 04:00:00,0,613H2404,0,,,1,0,0
B025,2021-09-28 04:00:00,1,613E2580,0,,191.13,1,0,1
B025,2021-09-28 05:00:00,0,613H2404,0,,,1,0,0
B025,2021-09-28 05:00:00,1,613E2580,0,,191.13,1,0,1
B025,2021-09-28 06:00:00,0,613H2404,0,,,1,0,0
B025,2021-09-28 06:00:00,1,613E2580,0,,191.13,1,0,1
B025,2021-09-28 07:00:00,0,613H2404,2.654145101,,,1,0,0
B025,2021-09-28 07:00:00,1,613E2580,0,,191.13,1,0,1
B025,2021-09-28 08:00:00,0,613H2404,0,,,1,0,0
B025,2021-09-28 08:00:00,1,613E2580,0,,191.13,1,0,1
B025,2021-09-28 09:00:00,0,613H2404,0,,,1,0,0
B025,2021-09-28 09:00:00,1,613E2580,0,,191.12,1,0,1
B025,2021-09-28 10:00:00,0,613H2404,0,,,1,0,0
B025,2021-09-28 10:00:00,1,613E2580,0,,191.12,1,0,1
B025,2021-09-28 11:00:00,0,613H2404,0,,,1,0,0
B025,2021-09-28 11:00:00,1,613E2580,0,,191.12,1,0,1
B025,2021-09-28 12:00:00,0,613H2404,0,,,1,0,0
B025,2021-09-28 12:00:00,1,613E2580,0,,191.12,1,0,1
B025,2021-09-28 13:00:00,0,613H2404,0,,,1,0,0
B025,2021-09-28 13:00:00,1,613E2580,0,,191.12,1,0,1
B025,2021-09-28 14:00:00,0,613H2404,0,,,1,0,0
B025,2021-09-28 14:00:00,1,613E2580,0,,191.12,1,0,1
B025,2021-09-28 15:00:00,0,613H2404,0,,,1,0,0
B025,2021-09-28 15:00:00,1,613E2580,0,,191.12,1,0,1
B025,2021-09-28 16:00:00,0,613H2404,0,,,1,0,0
B025,2021-09-28 16:00:00,1,613E2580,0,,191.12,1,0,1
B025,2021-09-28 17:00:00,0,613H2404,0,,,1,0,0
B025,2021-09-28 17:00:00,1,613E2580,0,,191.12,1,0,1
B025,2021-09-28 18:00:00,0,613H2404,0,,,1,0,0
B025,2021-09-28 18:00:00,1,613E2580,0,,191.12,1,0,1
B025,2021-09-28 19:00:00,0,613H2404,0,,,1,0,0
B025,2021-09-28 19:00:00,1,613E2580,0,,191.12,1,0,1
B025,2021-09-28 20:00:00,0,613H2404,0,,,1,0,0
B025,2021-09-28 20:00:00,1,613E2580,0,,191.12,1,0,1
B025,2021-09-28 21:00:00,0,613H2404,0,,,1,0,0
B025,2021-09-28 21:00:00,1,613E2580,0,,191.12,1,0,1
B025,2021-09-28 22:00:00,0,613H2404,0,,,1,0,0
B025,2021-09-28 22:00:00,1,613E2580,0,,191.12,1,0,1
B025,2021-09-28 23:00:00,0,613H2404,0,,,1,0,0
B025,2021-09-28 23:00:00,1,613E2580,0,,191.12,1,0,1
B025,2021-09-29 00:00:00,0,613H2404,2.900474338,,,1,0,0
B025,2021-09-29 00:00:00,1,613E2580,0,,191.12,1,0,1
B025,2021-09-29 01:00:00,0,613H2404,2.527255315,,,1,0,0
B025,2021-09-29 01:00:00,1,613E2580,0,,191.2,1,0,1
B025,2021-09-29 02:00:00,0,613H2404,0,,,1,0,0
B025,2021-09-29 02:00:00,1,613E2580,0,,191.24,1,0,1
B025,2021-09-29 03:00:00,0,613H2404,0.7252810118,,,1,0,0
B025,2021-09-29 03:00:00,1,613E2580,0,,191.3,1,0,1
B025,2021-09-29 04:00:00,0,613H2404,0.02925590528,,,1,0,0
B025,2021-09-29 04:00:00,1,613E2580,0,,191.47,1,0,1
B025,2021-09-29 05:00:00,0,613H2404,0.3029557161,,,1,0,0
B025,2021-09-29 05:00:00,1,613E2580,0,,191.92,1,0,1
B025,2021-09-29 06:00:00,0,613H2404,0,,,1,0,0
B025,2021-09-29 06:00:00,1,613E2580,0,,191.93,1,0,1
B025,2021-09-29 07:00:00,0,613H2404,5.549033317,,,1,0,0
B025,2021-09-29 07:00:00,1,613E2580,0,,191.87,1,0,1
B025,2021-09-29 08:00:00,0,613H2404,0,,,1,0,0
B025,2021-09-29 08:00:00,1,613E2580,0,,191.8,1,0,1
B025,2021-09-29 09:00:00,0,613H2404,0,,,1,0,0
B025,2021-09-29 09:00:00,1,613E2580,0,,191.74,1,0,1
B025,2021-09-29 10:00:00,0,613H2404,0,,,1,0,0
B025,2021-09-29 10:00:00,1,613E2580,0,,191.69,1,0,1
B025,2021-09-29 11:00:00,0,613H2404,0,,,1,0,0
B025,2021-09-29 11:00:00,1,613E2580,0,,191.64,1,0,1
B025,2021-09-29 12:00:00,0,613H2404,0,,,1,0,0
B025,2021-09-29 12:00:00,1,613E2580,0,,191.58,1,0,1
B025,2021-09-29 13:00:00,0,613H2404,0,,,1,0,0
B025,2021-09-29 13:00:00,1,613E2580,0,,191.53,1,0,1
B025,2021-09-29 14:00:00,0,613H2404,0,,,1,0,0
B025,2021-09-29 14:00:00,1,613E2580,0,,191.5,1,0,1
B025,2021-09-29 15:00:00,0,613H2404,0,,,1,0,0
B025,2021-09-29 15:00:00,1,613E2580,0,,191.48,1,0,1
B025,2021-09-29 16:00:00,0,613H2404,0,,,1,0,0
B025,2021-09-29 16:00:00,1,613E2580,0,,191.45,1,0,1
B025,2021-09-29 17:00:00,0,613H2404,0,,,1,0,0
B025,2021-09-29 17:00:00,1,613E2580,0,,191.43,1,0,1
B025,2021-09-29 18:00:00,0,613H2404,0,,,1,0,0
B025,2021-09-29 18:00:00,1,613E2580,0,,191.41,1,0,1
B025,2021-09-29 19:00:00,0,613H2404,0,,,1,0,0
B025,2021-09-29 19:00:00,1,613E2580,0,,191.4,1,0,1
B025,2021-09-29 20:00:00,0,613H2404,0,,,1,0,0
B025,2021-09-29 20:00:00,1,613E2580,0,,191.38,1,0,1
B025,2021-09-29 21:00:00,0,613H2404,0,,,1,0,0
B025,2021-09-29 21:00:00,1,613E2580,0,,191.37,1,0,1
B025,2021-09-29 22:00:00,0,613H2404,0,,,1,0,0
B025,2021-09-29 22:00:00,1,613E2580,0,,191.36,1,0,1
B025,2021-09-29 23:00:00,0,613H2404,0,,,1,0,0
B025,2021-09-29 23:00:00,1,613E2580,0,,191.35,1,0,1
B025,2021-09-30 00:00:00,0,613H2404,0,,,1,0,0
B025,2021-09-30 00:00:00,1,613E2580,0,,191.34,1,0,1
B025,2021-09-30 01:00:00,0,613H2404,0,,,1,0,0
B025,2021-09-30 01:00:00,1,613E2580,0,,191.34,1,0,1
B025,2021-09-30 02:00:00,0,613H2404,0,,,1,0,0
B025,2021-09-30 02:00:00,1,613E2580,0,,191.33,1,0,1
B025,2021-09-30 03:00:00,0,613H2404,0,,,1,0,0
B025,2021-09-30 03:00:00,1,613E2580,0,,191.32,1,0,1
B025,2021-09-30 04:00:00,0,613H2404,0,,,1,0,0
B025,2021-09-30 04:00:00,1,613E2580,0,,191.32,1,0,1
B025,2021-09-30 05:00:00,0,613H2404,0,,,1,0,0
B025,2021-09-30 05:00:00,1,613E2580,0,,191.31,1,0,1
B025,2021-09-30 06:00:00,0,613H2404,0,,,1,0,0
B025,2021-09-30 06:00:00,1,613E2580,0,,191.3,1,0,1
B025,2021-09-30 07:00:00,0,613H2404,0,,,1,0,0
B025,2021-09-30 07:00:00,1,613E2580,0,,191.3,1,0,1
B025,2021-09-30 08:00:00,0,613H2404,0,,,1,0,0
B025,2021-09-30 08:00:00,1,613E2580,0,,191.29,1,0,1
B025,2021-09-30 09:00:00,0,613H2404,0,,,1,0,0
B025,2021-09-30 09:00:00,1,613E2580,0,,191.29,1,0,1
B025,2021-09-30 10:00:00,0,613H2404,0,,,1,0,0
B025,2021-09-30 10:00:00,1,613E2580,0,,191.28,1,0,1
B025,2021-09-30 11:00:00,0,613H2404,0,,,1,0,0
B025,2021-09-30 11:00:00,1,613E2580,0,,191.28,1,0,1
B025,2021-09-30 12:00:00,0,613H2404,0,,,1,0,0
B025,2021-09-30 12:00:00,1,613E2580,0,,191.27,1,0,1
B025,2021-09-30 13:00:00,0,613H2404,0,,,1,0,0
B025,2021-09-30 13:00:00,1,613E2580,0,,191.26,1,0,1
B025,2021-09-30 14:00:00,0,613H2404,0,,,1,0,0
B025,2021-09-30 14:00:00,1,613E2580,0,,191.26,1,0,1
B025,2021-09-30 15:00:00,0,613H2404,0,,,1,0,0
B025,2021-09-30 15:00:00,1,613E2580,0,,191.26,1,0,1
B025,2021-09-30 16:00:00,0,613H2404,0,,,1,0,0
B025,2021-09-30 16:00:00,1,613E2580,0,,191.25,1,0,1
B025,2021-09-30 17:00:00,0,613H2404,0,,,1,0,0
B025,2021-09-30 17:00:00,1,613E2580,0,,191.25,1,0,1
B025,2021-09-30 18:00:00,0,613H2404,0,,,1,0,0
B025,2021-09-30 18:00:00,1,613E2580,0,,191.25,1,0,1
B025,2021-09-30 19:00:00,0,613H2404,0,,,1,0,0
B025,2021-09-30 19:00:00,1,613E2580,0,,191.24,1,0,1
B025,2021-09-30 20:00:00,0,613H2404,0,,,1,0,0
B025,2021-09-30 20:00:00,1,613E2580,0,,191.24,1,0,1
B025,2021-09-30 21:00:00,0,613H2404,0,,,1,0,0
B025,2021-09-30 21:00:00,1,613E2580,0,,191.24,1,0,1
B025,2021-09-30 22:00:00,0,613H2404,0,,,1,0,0
B025,2021-09-30 22:00:00,1,613E2580,0,,191.23,1,0,1
B025,2021-09-30 23:00:00,0,613H2404,0,,,1,0,0
B025,2021-09-30 23:00:00,1,613E2580,0,,191.23,1,0,1
B025,2021-10-01 00:00:00,0,613H2404,0,,,1,0,0
B025,2021-10-01 00:00:00,1,613E2580,0,,191.23,1,0,1
B025,2021-10-01 01:00:00,0,613H2404,0,,,1,0,0
B025,2021-10-01 01:00:00,1,613E2580,0,,191.22,1,0,1
B025,2021-10-01 02:00:00,0,613H2404,0,,,1,0,0
B025,2021-10-01 02:00:00,1,613E2580,0,,191.22,1,0,1
B025,2021-10-01 03:00:00,0,613H2404,0,,,1,0,0
B025,2021-10-01 03:00:00,1,613E2580,0,,191.22,1,0,1
B025,2021-10-01 04:00:00,0,613H2404,0,,,1,0,0
B025,2021-10-01 04:00:00,1,613E2580,0,,191.22,1,0,1
B025,2021-10-01 05:00:00,0,613H2404,0,,,1,0,0
B025,2021-10-01 05:00:00,1,613E2580,0,,191.21,1,0,1
B025,2021-10-01 06:00:00,0,613H2404,0,,,1,0,0
B025,2021-10-01 06:00:00,1,613E2580,0,,191.21,1,0,1
B025,2021-10-01 07:00:00,0,613H2404,0,,,1,0,0
B025,2021-10-01 07:00:00,1,613E2580,0,,191.21,1,0,1
B025,2021-10-01 08:00:00,0,613H2404,0,,,1,0,0
B025,2021-10-01 08:00:00,1,613E2580,0,,191.21,1,0,1
B025,2022-04-12 07:00:00,0,613H2404,0,,,1,0,0
B025,2022-04-12 07:00:00,1,613E2580,0,,,1,0,0
B025,2022-04-12 08:00:00,0,613H2404,0,,,1,0,0
B025,2022-04-12 08:00:00,1,613E2580,0,,191.19,1,0,1
B025,2022-04-12 09:00:00,0,613H2404,0,,,1,0,0
B025,2022-04-12 09:00:00,1,613E2580,0,,,1,0,0
B025,2022-04-12 10:00:00,0,613H2404,0.1901633843,,,1,0,0
B025,2022-04-12 10:00:00,1,613E2580,0,,191.18,1,0,1
B025,2022-04-12 11:00:00,0,613H2404,0.1182224956,,,1,0,0
B025,2022-04-12 11:00:00,1,613E2580,0,,,1,0,0
B025,2022-04-12 12:00:00,0,613H2404,0.1712186416,,,1,0,0
B025,2022-04-12 12:00:00,1,613E2580,0,,,1,0,0
B025,2022-04-12 13:00:00,0,613H2404,0.03045477978,,,1,0,0
B025,2022-04-12 13:00:00,1,613E2580,0,,,1,0,0
B025,2022-04-12 14:00:00,0,613H2404,0.1288937415,,,1,0,0
B025,2022-04-12 14:00:00,1,613E2580,0,,,1,0,0
B025,2022-04-12 15:00:00,0,613H2404,0.1008367107,,,1,0,0
B025,2022-04-12 15:00:00,1,613E2580,0,,,1,0,0
B025,2022-04-12 16:00:00,0,613H2404,0.05575397827,,,1,0,0
B025,2022-04-12 16:00:00,1,613E2580,0,,,1,0,0
B025,2022-04-12 17:00:00,0,613H2404,0.05971068505,,,1,0,0
B025,2022-04-12 17:00:00,1,613E2580,0,,191.2,1,0,1
B025,2022-04-12 18:00:00,0,613H2404,0.1605473957,,,1,0,0
B025,2022-04-12 18:00:00,1,613E2580,0,,,1,0,0
B025,2022-04-12 19:00:00,0,613H2404,0.2190592063,,,1,0,0
B025,2022-04-12 19:00:00,1,613E2580,0,,,1,0,0
B025,2022-04-12 20:00:00,0,613H2404,0.1565906889,,,1,0,0
B025,2022-04-12 20:00:00,1,613E2580,0,,191.22,1,0,1
B025,2022-04-12 21:00:00,0,613H2404,0.03321261206,,,1,0,0
B025,2022-04-12 21:00:00,1,613E2580,0,,191.24,1,0,1
B025,2022-04-12 22:00:00,0,613H2404,0.04112602563,,,1,0,0
B025,2022-04-12 22:00:00,1,613E2580,0,,191.28,1,0,1
B025,2022-04-12 23:00:00,0,613H2404,0.07829534447,,,1,0,0
B025,2022-04-12 23:00:00,1,613E2580,0,,191.32,1,0,1
B025,2022-04-13 00:00:00,0,613H2404,0.01858465942,,,1,0,0
B025,2022-04-13 00:00:00,1,613E2580,0,,191.33,1,0,1
B025,2022-04-13 01:00:00,0,613H2404,0,,,1,0,0
B025,2022-04-13 01:00:00,1,613E2580,0,,191.64,1,0,1
B025,2022-04-13 02:00:00,0,613H2404,0.003956706784,,,1,0,0
B025,2022-04-13 02:00:00,1,613E2580,0,,191.74,1,0,1
B025,2022-04-13 03:00:00,0,613H2404,0.01462795264,,,1,0,0
B025,2022-04-13 03:00:00,1,613E2580,0,,191.78,1,0,1
B025,2022-04-13 04:00:00,0,613H2404,0.003956706784,,,1,0,0
B025,2022-04-13 04:00:00,1,613E2580,0,,,1,0,0
B025,2022-04-13 05:00:00,0,613H2404,0,,,1,0,0
B025,2022-04-13 05:00:00,1,613E2580,0,,,1,0,0
B025,2022-04-13 06:00:00,0,613H2404,0,,,1,0,0
B025,2022-04-13 06:00:00,1,613E2580,0,,,1,0,0
B025,2022-04-13 07:00:00,0,613H2404,0.312579836,,,1,0,0
B025,2022-04-13 07:00:00,1,613E2580,0,,,1,0,0
B025,2022-04-13 08:00:00,0,613H2404,0.09830167042,,,1,0,0
B025,2022-04-13 08:00:00,1,613E2580,0,,191.76,1,0,1
B025,2022-04-13 09:00:00,0,613H2404,0,,,1,0,0
B025,2022-04-13 09:00:00,1,613E2580,0,,191.74,1,0,1
B025,2022-04-13 10:00:00,0,613H2404,0,,,1,0,0
B025,2022-04-13 10:00:00,1,613E2580,0,,191.72,1,0,1
B025,2022-04-13 11:00:00,0,613H2404,0,,,1,0,0
B025,2022-04-13 11:00:00,1,613E2580,0,,191.68,1,0,1
B025,2022-04-13 12:00:00,0,613H2404,0,,,1,0,0
B025,2022-04-13 12:00:00,1,613E2580,0,,191.66,1,0,1
B025,2022-04-13 13:00:00,0,613H2404,0,,,1,0,0
B025,2022-04-13 13:00:00,1,613E2580,0,,191.64,1,0,1
B025,2022-04-13 14:00:00,0,613H2404,0,,,1,0,0
B025,2022-04-13 14:00:00,1,613E2580,0,,191.62,1,0,1
B025,2022-04-13 15:00:00,0,613H2404,0,,,1,0,0
B025,2022-04-13 15:00:00,1,613E2580,0,,191.6,1,0,1
B025,2022-04-13 16:00:00,0,613H2404,0,,,1,0,0
B025,2022-04-13 16:00:00,1,613E2580,0,,191.58,1,0,1
B025,2022-04-13 17:00:00,0,613H2404,0,,,1,0,0
B025,2022-04-13 17:00:00,1,613E2580,0,,191.56,1,0,1
B025,2022-04-13 18:00:00,0,613H2404,0,,,1,0,0
B025,2022-04-13 18:00:00,1,613E2580,0,,,1,0,0
B025,2022-04-13 19:00:00,0,613H2404,0,,,1,0,0
B025,2022-04-13 19:00:00,1,613E2580,0,,191.56,1,0,1
B025,2022-04-13 20:00:00,0,613H2404,0,,,1,0,0
B025,2022-04-13 20:00:00,1,613E2580,0,,191.52,1,0,1
B025,2022-04-13 21:00:00,0,613H2404,0,,,1,0,0
B025,2022-04-13 21:00:00,1,613E2580,0,,,1,0,0
B025,2022-04-13 22:00:00,0,613H2404,0,,,1,0,0
B025,2022-04-13 22:00:00,1,613E2580,0,,191.5,1,0,1
B025,2022-04-13 23:00:00,0,613H2404,0,,,1,0,0
B025,2022-04-13 23:00:00,1,613E2580,0,,191.48,1,0,1
B025,2022-04-14 00:00:00,0,613H2404,0,,,1,0,0
B025,2022-04-14 00:00:00,1,613E2580,0,,,1,0,0
B025,2022-04-14 01:00:00,0,613H2404,0,,,1,0,0
B025,2022-04-14 01:00:00,1,613E2580,0,,191.46,1,0,1
B025,2022-04-14 02:00:00,0,613H2404,0,,,1,0,0
B025,2022-04-14 02:00:00,1,613E2580,0,,,1,0,0
B025,2022-04-14 03:00:00,0,613H2404,0,,,1,0,0
B025,2022-04-14 03:00:00,1,613E2580,0,,,1,0,0
B025,2022-04-14 04:00:00,0,613H2404,0,,,1,0,0
B025,2022-04-14 04:00:00,1,613E2580,0,,191.44,1,0,1
B025,2022-04-14 05:00:00,0,613H2404,0,,,1,0,0
B025,2022-04-14 05:00:00,1,613E2580,0,,,1,0,0
B025,2022-04-14 06:00:00,0,613H2404,0,,,1,0,0
B025,2022-04-14 06:00:00,1,613E2580,0,,,1,0,0
B025,2022-04-14 07:00:00,0,613H2404,0.1022583772,,,1,0,0
B025,2022-04-14 07:00:00,1,613E2580,0,,,1,0,0
B025,2022-04-14 08:00:00,0,613H2404,0.1129296231,,,1,0,0
B025,2022-04-14 08:00:00,1,613E2580,0,,191.42,1,0,1
B025,2022-04-14 09:00:00,0,613H2404,0.09830167042,,,1,0,0
B025,2022-04-14 09:00:00,1,613E2580,0,,,1,0,0
B025,2022-04-14 10:00:00,0,613H2404,0.1966033408,,,1,0,0
B025,2022-04-14 10:00:00,1,613E2580,0,,191.41,1,0,1
B025,2022-04-14 11:00:00,0,613H2404,0.1129296231,,,1,0,0
B025,2022-04-14 11:00:00,1,613E2580,0,,,1,0,0
B025,2022-04-14 12:00:00,0,613H2404,0,,,1,0,0
B025,2022-04-14 12:00:00,1,613E2580,0,,191.69,1,0,1
B025,2022-04-14 13:00:00,0,613H2404,0.106215084,,,1,0,0
B025,2022-04-14 13:00:00,1,613E2580,0,,,1,0,0
B025,2022-04-14 14:00:00,0,613H2404,2.007073933,,,1,0,0
B025,2022-04-14 14:00:00,1,613E2580,0,,,1,0,0
B025,2022-04-14 15:00:00,0,613H2404,0.2337726597,,,1,0,0
B025,2022-04-14 15:00:00,1,613E2580,0,,,1,0,0
B025,2022-04-14 16:00:00,0,613H2404,0.482173272,,,1,0,0
B025,2022-04-14 16:00:00,1,613E2580,0,,,1,0,0
B025,2022-04-14 17:00:00,0,613H2404,0.561890283,,,1,0,0
B025,2022-04-14 17:00:00,1,613E2580,0,,,1,0,0
B025,2022-04-14 18:00:00,0,613H2404,0.9444257188,,,1,0,0
B025,2022-04-14 18:00:00,1,613E2580,0,,,1,0,0
B025,2022-04-14 19:00:00,0,613H2404,0.2484006123,,,1,0,0
B025,2022-04-14 19:00:00,1,613E2580,0,,191.65,1,0,1
B025,2022-04-14 20:00:00,0,613H2404,0.6322722139,,,1,0,0
B025,2022-04-14 20:00:00,1,613E2580,0,,191.57,1,0,1
B025,2022-04-14 21:00:00,0,613H2404,0.2337726597,,,1,0,0
B025,2022-04-14 21:00:00,1,613E2580,0,,191.7,1,0,1
B025,2022-04-14 22:00:00,0,613H2404,0.1315142825,,,1,0,0
B025,2022-04-14 22:00:00,1,613E2580,0,,191.9,1,0,1
B025,2022-04-14 23:00:00,0,613H2404,0.2005600476,,,1,0,0
B025,2022-04-14 23:00:00,1,613E2580,0,,191.99,1,0,1
B025,2022-04-15 00:00:00,0,613H2404,0.1168863298,,,1,0,0
B025,2022-04-15 00:00:00,1,613E2580,0,,192.03,1,0,1
B025,2022-04-15 01:00:00,0,613H2404,0.01858465942,,,1,0,0
B025,2022-04-15 01:00:00,1,613E2580,0,,192.05,1,0,1
B025,2022-04-15 02:00:00,0,613H2404,0.4675453194,,,1,0,0
B025,2022-04-15 02:00:00,1,613E2580,0,,,1,0,0
B025,2022-04-15 03:00:00,0,613H2404,0.561890283,,,1,0,0
B025,2022-04-15 03:00:00,1,613E2580,0,,192.03,1,0,1
B025,2022-04-15 04:00:00,0,613H2404,0.9018780267,,,1,0,0
B025,2022-04-15 04:00:00,1,613E2580,0,,192.05,1,0,1
B025,2022-04-15 05:00:00,0,613H2404,1.037349016,,,1,0,0
B025,2022-04-15 05:00:00,1,613E2580,0,,192.09,1,0,1
B025,2022-04-15 06:00:00,0,613H2404,0.3984995542,,,1,0,0
B025,2022-04-15 06:00:00,1,613E2580,0,,192.16,1,0,1
B025,2022-04-15 07:00:00,0,613H2404,0.3652869422,,,1,0,0
B025,2022-04-15 07:00:00,1,613E2580,0,,,1,0,0
B025,2022-04-15 08:00:00,0,613H2404,0.2337726597,,,1,0,0
B025,2022-04-15 08:00:00,1,613E2580,0,,192.36,1,0,1
B025,2022-04-15 09:00:00,0,613H2404,0.1168863298,,,1,0,0
B025,2022-04-15 09:00:00,1,613E2580,0,,192.44,1,0,1
B025,2022-04-15 10:00:00,0,613H2404,0.5007579314,,,1,0,0
B025,2022-04-15 10:00:00,1,613E2580,0,,192.48,1,0,1
B025,2022-04-15 11:00:00,0,613H2404,0.4675453194,,,1,0,0
B025,2022-04-15 11:00:00,1,613E2580,0,,192.46,1,0,1
B025,2022-04-15 12:00:00,0,613H2404,0.5114291773,,,1,0,0
B025,2022-04-15 12:00:00,1,613E2580,0,,192.46,1,0,1
B025,2022-04-15 13:00:00,0,613H2404,0.3360310369,,,1,0,0
B025,2022-04-15 13:00:00,1,613E2580,0,,192.44,1,0,1
B025,2022-04-15 14:00:00,0,613H2404,0.2337726597,,,1,0,0
B025,2022-04-15 14:00:00,1,613E2580,0,,192.46,1,0,1
B025,2022-04-15 15:00:00,0,613H2404,0.1022583772,,,1,0,0
B025,2022-04-15 15:00:00,1,613E2580,0,,,1,0,0
B025,2022-04-15 16:00:00,0,613H2404,0.298861718,,,1,0,0
B025,2022-04-15 16:00:00,1,613E2580,0,,192.42,1,0,1
B025,2022-04-15 17:00:00,0,613H2404,0.3214030842,,,1,0,0
B025,2022-04-15 17:00:00,1,613E2580,0,,192.38,1,0,1
B025,2022-04-15 18:00:00,0,613H2404,0.1168863298,,,1,0,0
B025,2022-04-15 18:00:00,1,613E2580,0,,192.34,1,0,1
B025,2022-04-15 19:00:00,0,613H2404,0.003956706784,,,1,0,0
B025,2022-04-15 19:00:00,1,613E2580,0,,192.28,1,0,1
B025,2022-04-15 20:00:00,0,613H2404,0.2337726597,,,1,0,0
B025,2022-04-15 20:00:00,1,613E2580,0,,192.22,1,0,1
B025,2022-04-15 21:00:00,0,613H2404,0.2337726597,,,1,0,0
B025,2022-04-15 21:00:00,1,613E2580,0,,192.18,1,0,1
B025,2022-04-15 22:00:00,0,613H2404,0.1022583772,,,1,0,0
B025,2022-04-15 22:00:00,1,613E2580,0,,192.12,1,0,1
B025,2022-04-15 23:00:00,0,613H2404,0,,,1,0,0
B025,2022-04-15 23:00:00,1,613E2580,0,,192.1,1,0,1
B025,2022-04-16 00:00:00,0,613H2404,0.4782165652,,,1,0,0
B025,2022-04-16 00:00:00,1,613E2580,0,,192.08,1,0,1
B025,2022-04-16 01:00:00,0,613H2404,0.6799754873,,,1,0,0
B025,2022-04-16 01:00:00,1,613E2580,0,,192.06,1,0,1
B025,2022-04-16 02:00:00,0,613H2404,0.1168863298,,,1,0,0
B025,2022-04-16 02:00:00,1,613E2580,0,,,1,0,0
B025,2022-04-16 03:00:00,0,613H2404,0.3214030842,,,1,0,0
B025,2022-04-16 03:00:00,1,613E2580,0,,192.08,1,0,1
B025,2022-04-16 04:00:00,0,613H2404,0,,,1,0,0
B025,2022-04-16 04:00:00,1,613E2580,0,,192.1,1,0,1
B025,2022-04-16 05:00:00,0,613H2404,0.01462795264,,,1,0,0
B025,2022-04-16 05:00:00,1,613E2580,0,,192.12,1,0,1
B025,2022-04-16 06:00:00,0,613H2404,0.219144707,,,1,0,0
B025,2022-04-16 06:00:00,1,613E2580,0,,,1,0,0
B025,2022-04-16 07:00:00,0,613H2404,0.106215084,,,1,0,0
B025,2022-04-16 07:00:00,1,613E2580,0,,,1,0,0
B025,2022-04-16 08:00:00,0,613H2404,0,,,1,0,0
B025,2022-04-16 08:00:00,1,613E2580,0,,192.12,1,0,1
B025,2022-04-16 09:00:00,0,613H2404,0,,,1,0,0
B025,2022-04-16 09:00:00,1,613E2580,0,,192.1,1,0,1
B025,2022-04-16 10:00:00,0,613H2404,0.1022583772,,,1,0,0
B025,2022-04-16 10:00:00,1,613E2580,0,,192.07,1,0,1
B025,2022-04-16 11:00:00,0,613H2404,0.01462795264,,,1,0,0
B025,2022-04-16 11:00:00,1,613E2580,0,,192.03,1,0,1
B025,2022-04-16 12:00:00,0,613H2404,0,,,1,0,0
B025,2022-04-16 12:00:00,1,613E2580,0,,192.01,1,0,1
B025,2022-04-16 13:00:00,0,613H2404,0,,,1,0,0
B025,2022-04-16 13:00:00,1,613E2580,0,,191.97,1,0,1
B025,2022-04-16 14:00:00,0,613H2404,0,,,1,0,0
B025,2022-04-16 14:00:00,1,613E2580,0,,191.95,1,0,1
B025,2022-04-16 15:00:00,0,613H2404,0,,,1,0,0
B025,2022-04-16 15:00:00,1,613E2580,0,,191.93,1,0,1
B025,2022-04-16 16:00:00,0,613H2404,0,,,1,0,0
B025,2022-04-16 16:00:00,1,613E2580,0,,191.91,1,0,1
B025,2022-04-16 17:00:00,0,613H2404,0,,,1,0,0
B025,2022-04-16 17:00:00,1,613E2580,0,,191.89,1,0,1
B025,2022-04-16 18:00:00,0,613H2404,0,,,1,0,0
B025,2022-04-16 18:00:00,1,613E2580,0,,191.87,1,0,1
B025,2022-04-16 19:00:00,0,613H2404,0,,,1,0,0
B025,2022-04-16 19:00:00,1,613E2580,0,,191.85,1,0,1
B025,2022-04-16 20:00:00,0,613H2404,0,,,1,0,0
B025,2022-04-16 20:00:00,1,613E2580,0,,191.83,1,0,1
B025,2022-04-16 21:00:00,0,613H2404,0,,,1,0,0
B025,2022-04-16 21:00:00,1,613E2580,0,,191.81,1,0,1
B025,2022-04-16 22:00:00,0,613H2404,0,,,1,0,0
B025,2022-04-16 22:00:00,1,613E2580,0,,191.79,1,0,1
B025,2022-04-16 23:00:00,0,613H2404,0,,,1,0,0
B025,2022-04-16 23:00:00,1,613E2580,0,,191.77,1,0,1
B025,2022-04-17 00:00:00,0,613H2404,0,,,1,0,0
B025,2022-04-17 00:00:00,1,613E2580,0,,191.75,1,0,1
B025,2022-04-17 01:00:00,0,613H2404,0,,,1,0,0
B025,2022-04-17 01:00:00,1,613E2580,0,,,1,0,0
B025,2022-04-17 02:00:00,0,613H2404,0.2005600476,,,1,0,0
B025,2022-04-17 02:00:00,1,613E2580,0,,191.73,1,0,1
B025,2022-04-17 03:00:00,0,613H2404,0.003956706784,,,1,0,0
B025,2022-04-17 03:00:00,1,613E2580,0,,191.71,1,0,1
B025,2022-04-17 04:00:00,0,613H2404,0,,,1,0,0
B025,2022-04-17 04:00:00,1,613E2580,0,,,1,0,0
B025,2022-04-17 05:00:00,0,613H2404,0.2151880003,,,1,0,0
B025,2022-04-17 05:00:00,1,613E2580,0,,191.69,1,0,1
B025,2022-04-17 06:00:00,0,613H2404,0.003956706784,,,1,0,0
B025,2022-04-17 06:00:00,1,613E2580,0,,,1,0,0
B025,2022-04-17 07:00:00,0,613H2404,0.1168863298,,,1,0,0
B025,2022-04-17 07:00:00,1,613E2580,0,,,1,0,0
B025,2022-04-17 08:00:00,0,613H2404,0,,,1,0,0
B025,2022-04-17 08:00:00,1,613E2580,0,,191.67,1,0,1
B025,2022-04-17 09:00:00,0,613H2404,0,,,1,0,0
B025,2022-04-17 09:00:00,1,613E2580,0,,191.65,1,0,1
B025,2022-04-17 10:00:00,0,613H2404,0,,,1,0,0
B025,2022-04-17 10:00:00,1,613E2580,0,,191.64,1,0,1
B025,2022-04-17 11:00:00,0,613H2404,0,,,1,0,0
B025,2022-04-17 11:00:00,1,613E2580,0,,,1,0,0
B025,2022-04-17 12:00:00,0,613H2404,0,,,1,0,0
B025,2022-04-17 12:00:00,1,613E2580,0,,191.62,1,0,1
B025,2022-04-17 13:00:00,0,613H2404,0,,,1,0,0
B025,2022-04-17 13:00:00,1,613E2580,0,,191.6,1,0,1
B025,2022-04-17 14:00:00,0,613H2404,0,,,1,0,0
B025,2022-04-17 14:00:00,1,613E2580,0,,,1,0,0
B025,2022-04-17 15:00:00,0,613H2404,0,,,1,0,0
B025,2022-04-17 15:00:00,1,613E2580,0,,,1,0,0
B025,2022-04-17 16:00:00,0,613H2404,0,,,1,0,0
B025,2022-04-17 16:00:00,1,613E2580,0,,191.58,1,0,1
B025,2022-04-17 17:00:00,0,613H2404,0,,,1,0,0
B025,2022-04-17 17:00:00,1,613E2580,0,,,1,0,0
B025,2022-04-17 18:00:00,0,613H2404,0,,,1,0,0
B025,2022-04-17 18:00:00,1,613E2580,0,,191.56,1,0,1
B025,2022-04-17 19:00:00,0,613H2404,0,,,1,0,0
B025,2022-04-17 19:00:00,1,613E2580,0,,,1,0,0
B025,2022-04-17 20:00:00,0,613H2404,0,,,1,0,0
B025,2022-04-17 20:00:00,1,613E2580,0,,,1,0,0
B025,2022-04-17 21:00:00,0,613H2404,0,,,1,0,0
B025,2022-04-17 21:00:00,1,613E2580,0,,191.54,1,0,1
B025,2022-04-17 22:00:00,0,613H2404,0,,,1,0,0
B025,2022-04-17 22:00:00,1,613E2580,0,,,1,0,0
B025,2022-04-17 23:00:00,0,613H2404,0,,,1,0,0
B025,2022-04-17 23:00:00,1,613E2580,0,,191.56,1,0,1
B025,2022-04-18 00:00:00,0,613H2404,0,,,1,0,0
B025,2022-04-18 00:00:00,1,613E2580,0,,,1,0,0
B025,2022-04-18 01:00:00,0,613H2404,0,,,1,0,0
B025,2022-04-18 01:00:00,1,613E2580,0,,191.52,1,0,1
B025,2022-04-18 02:00:00,0,613H2404,0,,,1,0,0
B025,2022-04-18 02:00:00,1,613E2580,0,,191.57,1,0,1
B025,2022-04-18 03:00:00,0,613H2404,0,,,1,0,0
B025,2022-04-18 03:00:00,1,613E2580,0,,,1,0,0
B025,2022-04-18 04:00:00,0,613H2404,0,,,1,0,0
B025,2022-04-18 04:00:00,1,613E2580,0,,,1,0,0
B025,2022-04-18 05:00:00,0,613H2404,0,,,1,0,0
B025,2022-04-18 05:00:00,1,613E2580,0,,191.59,1,0,1
B025,2022-04-18 06:00:00,0,613H2404,0,,,1,0,0
B025,2022-04-18 06:00:00,1,613E2580,0,,,1,0,0
B025,2022-04-18 07:00:00,0,613H2404,0,,,1,0,0
B025,2022-04-18 07:00:00,1,613E2580,0,,,1,0,0
B025,2022-04-18 08:00:00,0,613H2404,0,,,1,0,0
B025,2022-04-18 08:00:00,1,613E2580,0,,191.6,1,0,1
B025,2022-04-18 09:00:00,0,613H2404,0,,,1,0,0
B025,2022-04-18 09:00:00,1,613E2580,0,,,1,0,0
B025,2022-04-18 10:00:00,0,613H2404,0,,,1,0,0
B025,2022-04-18 10:00:00,1,613E2580,0,,191.61,1,0,1
B025,2022-04-18 11:00:00,0,613H2404,0,,,1,0,0
B025,2022-04-18 11:00:00,1,613E2580,0,,191.61,1,0,1
B025,2022-04-18 12:00:00,0,613H2404,0,,,1,0,0
B025,2022-04-18 12:00:00,1,613E2580,0,,,1,0,0
B025,2022-04-26 05:00:00,0,613H2404,0,,,1,0,0
B025,2022-04-26 05:00:00,1,613E2580,0,,191.58,1,0,1
B025,2022-04-26 06:00:00,0,613H2404,0,,,1,0,0
B025,2022-04-26 06:00:00,1,613E2580,0,,,1,0,0
B025,2022-04-26 07:00:00,0,613H2404,0.2288729943,,,1,0,0
B025,2022-04-26 07:00:00,1,613E2580,0,,,1,0,0
B025,2022-04-26 08:00:00,0,613H2404,0,,,1,0,0
B025,2022-04-26 08:00:00,1,613E2580,0,,191.56,1,0,1
B025,2022-04-26 09:00:00,0,613H2404,0,,,1,0,0
B025,2022-04-26 09:00:00,1,613E2580,0,,,1,0,0
B025,2022-04-26 10:00:00,0,613H2404,0,,,1,0,0
B025,2022-04-26 10:00:00,1,613E2580,0,,191.54,1,0,1
B025,2022-04-26 11:00:00,0,613H2404,0,,,1,0,0
B025,2022-04-26 11:00:00,1,613E2580,0,,,1,0,0
B025,2022-04-26 12:00:00,0,613H2404,0.09830167042,,,1,0,0
B025,2022-04-26 12:00:00,1,613E2580,0,,,1,0,0
B025,2022-04-26 13:00:00,0,613H2404,0.09830167042,,,1,0,0
B025,2022-04-26 13:00:00,1,613E2580,0,,,1,0,0
B025,2022-04-26 14:00:00,0,613H2404,0,,,1,0,0
B025,2022-04-26 14:00:00,1,613E2580,0,,191.53,1,0,1
B025,2022-04-26 15:00:00,0,613H2404,0,,,1,0,0
B025,2022-04-26 15:00:00,1,613E2580,0,,,1,0,0
B025,2022-04-26 16:00:00,0,613H2404,0,,,1,0,0
B025,2022-04-26 16:00:00,1,613E2580,0,,191.51,1,0,1
B025,2022-04-26 17:00:00,0,613H2404,0,,,1,0,0
B025,2022-04-26 17:00:00,1,613E2580,0,,191.5,1,0,1
B025,2022-04-26 18:00:00,0,613H2404,0,,,1,0,0
B025,2022-04-26 18:00:00,1,613E2580,0,,191.5,1,0,1
B025,2022-04-26 19:00:00,0,613H2404,0,,,1,0,0
B025,2022-04-26 19:00:00,1,613E2580,0,,191.49,1,0,1
B025,2022-04-26 20:00:00,0,613H2404,0,,,1,0,0
B025,2022-04-26 20:00:00,1,613E2580,0,,191.49,1,0,1
B025,2022-04-26 21:00:00,0,613H2404,0,,,1,0,0
B025,2022-04-26 21:00:00,1,613E2580,0,,191.48,1,0,1
B025,2022-04-26 22:00:00,0,613H2404,0,,,1,0,0
B025,2022-04-26 22:00:00,1,613E2580,0,,191.47,1,0,1
B025,2022-04-26 23:00:00,0,613H2404,0,,,1,0,0
B025,2022-04-26 23:00:00,1,613E2580,0,,191.47,1,0,1
B025,2022-04-27 00:00:00,0,613H2404,0,,,1,0,0
B025,2022-04-27 00:00:00,1,613E2580,0,,191.46,1,0,1
B025,2022-04-27 01:00:00,0,613H2404,0,,,1,0,0
B025,2022-04-27 01:00:00,1,613E2580,0,,191.46,1,0,1
B025,2022-04-27 02:00:00,0,613H2404,0,,,1,0,0
B025,2022-04-27 02:00:00,1,613E2580,0,,191.45,1,0,1
B025,2022-04-27 03:00:00,0,613H2404,0,,,1,0,0
B025,2022-04-27 03:00:00,1,613E2580,0,,191.45,1,0,1
B025,2022-04-27 04:00:00,0,613H2404,0,,,1,0,0
B025,2022-04-27 04:00:00,1,613E2580,0,,191.44,1,0,1
B025,2022-04-27 05:00:00,0,613H2404,0,,,1,0,0
B025,2022-04-27 05:00:00,1,613E2580,0,,191.44,1,0,1
B025,2022-04-27 06:00:00,0,613H2404,0,,,1,0,0
B025,2022-04-27 06:00:00,1,613E2580,0,,191.44,1,0,1
B025,2022-04-27 07:00:00,0,613H2404,0.1966033408,,,1,0,0
B025,2022-04-27 07:00:00,1,613E2580,0,,191.44,1,0,1
B025,2022-04-27 08:00:00,0,613H2404,0,,,1,0,0
B025,2022-04-27 08:00:00,1,613E2580,0,,191.44,1,0,1
B025,2022-04-27 09:00:00,0,613H2404,0,,,1,0,0
B025,2022-04-27 09:00:00,1,613E2580,0,,191.43,1,0,1
B025,2022-04-27 10:00:00,0,613H2404,0,,,1,0,0
B025,2022-04-27 10:00:00,1,613E2580,0,,191.43,1,0,1
B025,2022-04-27 11:00:00,0,613H2404,0,,,1,0,0
B025,2022-04-27 11:00:00,1,613E2580,0,,191.43,1,0,1
B025,2022-04-27 12:00:00,0,613H2404,0,,,1,0,0
B025,2022-04-27 12:00:00,1,613E2580,0,,191.42,1,0,1
B025,2022-04-27 13:00:00,0,613H2404,0,,,1,0,0
B025,2022-04-27 13:00:00,1,613E2580,0,,191.42,1,0,1
B025,2022-04-27 14:00:00,0,613H2404,0,,,1,0,0
B025,2022-04-27 14:00:00,1,613E2580,0,,191.42,1,0,1
B025,2022-04-27 15:00:00,0,613H2404,0,,,1,0,0
B025,2022-04-27 15:00:00,1,613E2580,0,,191.41,1,0,1
B025,2022-04-27 16:00:00,0,613H2404,0,,,1,0,0
B025,2022-04-27 16:00:00,1,613E2580,0,,191.41,1,0,1
B025,2022-04-27 17:00:00,0,613H2404,0,,,1,0,0
B025,2022-04-27 17:00:00,1,613E2580,0,,191.41,1,0,1
B025,2022-04-27 18:00:00,0,613H2404,0,,,1,0,0
B025,2022-04-27 18:00:00,1,613E2580,0,,191.41,1,0,1
B025,2022-04-27 19:00:00,0,613H2404,0,,,1,0,0
B025,2022-04-27 19:00:00,1,613E2580,0,,191.4,1,0,1
B025,2022-04-27 20:00:00,0,613H2404,0,,,1,0,0
B025,2022-04-27 20:00:00,1,613E2580,0,,191.4,1,0,1
B025,2022-04-27 21:00:00,0,613H2404,0,,,1,0,0
B025,2022-04-27 21:00:00,1,613E2580,0,,191.4,1,0,1
B025,2022-04-27 22:00:00,0,613H2404,0,,,1,0,0
B025,2022-04-27 22:00:00,1,613E2580,0,,191.4,1,0,1
B025,2022-04-27 23:00:00,0,613H2404,0,,,1,0,0
B025,2022-04-27 23:00:00,1,613E2580,0,,191.39,1,0,1
B025,2022-04-28 00:00:00,0,613H2404,0,,,1,0,0
B025,2022-04-28 00:00:00,1,613E2580,0,,191.39,1,0,1
B025,2022-04-28 01:00:00,0,613H2404,0,,,1,0,0
B025,2022-04-28 01:00:00,1,613E2580,0,,191.39,1,0,1
B025,2022-04-28 02:00:00,0,613H2404,0,,,1,0,0
B025,2022-04-28 02:00:00,1,613E2580,0,,191.39,1,0,1
B025,2022-04-28 03:00:00,0,613H2404,0,,,1,0,0
B025,2022-04-28 03:00:00,1,613E2580,0,,191.39,1,0,1
B025,2022-04-28 04:00:00,0,613H2404,0,,,1,0,0
B025,2022-04-28 04:00:00,1,613E2580,0,,191.38,1,0,1
B025,2022-04-28 05:00:00,0,613H2404,0.2112312935,,,1,0,0
B025,2022-04-28 05:00:00,1,613E2580,0,,191.38,1,0,1
B025,2022-04-28 06:00:00,0,613H2404,4.291889885,,,1,0,0
B025,2022-04-28 06:00:00,1,613E2580,2.589134642,,191.38,1,0,1
B025,2022-04-28 07:00:00,0,613H2404,3.250053077,,,1,0,0
B025,2022-04-28 07:00:00,1,613E2580,3.602274284,,191.39,1,0,1
B025,2022-04-28 08:00:00,0,613H2404,2.000359394,,,1,0,0
B025,2022-04-28 08:00:00,1,613E2580,0.5628553569,,191.41,1,0,1
B025,2022-04-28 09:00:00,0,613H2404,2.074560741,,,1,0,0
B025,2022-04-28 09:00:00,1,613E2580,0.2251421428,,191.95,1,0,1
B025,2022-04-28 10:00:00,0,613H2404,4.678262816,,,1,0,0
B025,2022-04-28 10:00:00,1,613E2580,4.390271784,,192.71,1,0,1
B025,2022-04-28 11:00:00,0,613H2404,0.9269544331,,,1,0,0
B025,2022-04-28 11:00:00,1,613E2580,2.026279285,,193.08,1,0,1
B025,2022-04-28 12:00:00,0,613H2404,0.8885862398,,,1,0,0
B025,2022-04-28 12:00:00,1,613E2580,3.714845356,,194.69,1,0,1
B025,2022-04-28 13:00:00,0,613H2404,0.05971068505,,,1,0,0
B025,2022-04-28 13:00:00,1,613E2580,3.489703213,,195.67,1,0,1
B025,2022-04-28 14:00:00,0,613H2404,0.1168863298,,,1,0,0
B025,2022-04-28 14:00:00,1,613E2580,0.2251421428,,195.97,1,0,1
B025,2022-04-28 15:00:00,0,613H2404,0,,,1,0,0
B025,2022-04-28 15:00:00,1,613E2580,0,,195.66,1,0,1
B025,2022-04-28 16:00:00,0,613H2404,0,,,1,0,0
B025,2022-04-28 16:00:00,1,613E2580,0,,194.78,1,0,1
B025,2022-04-28 17:00:00,0,613H2404,0.09830167042,,,1,0,0
B025,2022-04-28 17:00:00,1,613E2580,0,,193.94,1,0,1
B025,2022-04-28 18:00:00,0,613H2404,0,,,1,0,0
B025,2022-04-28 18:00:00,1,613E2580,0,,193.35,1,0,1
B025,2022-04-28 19:00:00,0,613H2404,0,,,1,0,0
B025,2022-04-28 19:00:00,1,613E2580,0,,192.96,1,0,1
B025,2022-04-28 20:00:00,0,613H2404,0.003956706784,,,1,0,0
B025,2022-04-28 20:00:00,1,613E2580,0.1125710714,,192.69,1,0,1
B025,2022-04-28 21:00:00,0,613H2404,0,,,1,0,0
B025,2022-04-28 21:00:00,1,613E2580,0,,192.52,1,0,1
B025,2022-04-28 22:00:00,0,613H2404,0,,,1,0,0
B025,2022-04-28 22:00:00,1,613E2580,0,,192.4,1,0,1
B025,2022-04-28 23:00:00,0,613H2404,0,,,1,0,0
B025,2022-04-28 23:00:00,1,613E2580,0,,192.3,1,0,1
B025,2022-04-29 00:00:00,0,613H2404,0,,,1,0,0
B025,2022-04-29 00:00:00,1,613E2580,0,,192.23,1,0,1
B025,2022-04-29 01:00:00,0,613H2404,0,,,1,0,0
B025,2022-04-29 01:00:00,1,613E2580,0,,192.16,1,0,1
B025,2022-04-29 02:00:00,0,613H2404,0,,,1,0,0
B025,2022-04-29 02:00:00,1,613E2580,0,,192.1,1,0,1
B025,2022-04-29 03:00:00,0,613H2404,0,,,1,0,0
B025,2022-04-29 03:00:00,1,613E2580,0,,192.07,1,0,1
B025,2022-04-29 04:00:00,0,613H2404,0,,,1,0,0
B025,2022-04-29 04:00:00,1,613E2580,0,,192.03,1,0,1
B025,2022-04-29 05:00:00,0,613H2404,0,,,1,0,0
B025,2022-04-29 05:00:00,1,613E2580,0,,192,1,0,1
B025,2022-04-29 06:00:00,0,613H2404,0,,,1,0,0
B025,2022-04-29 06:00:00,1,613E2580,0,,191.97,1,0,1
B025,2022-04-29 07:00:00,0,613H2404,9.282388084,,,1,0,0
B025,2022-04-29 07:00:00,1,613E2580,14.74681035,,191.94,1,0,1
B025,2022-04-29 08:00:00,0,613H2404,0,,,1,0,0
B025,2022-04-29 08:00:00,1,613E2580,0,,191.92,1,0,1
B025,2022-04-29 09:00:00,0,613H2404,0,,,1,0,0
B025,2022-04-29 09:00:00,1,613E2580,0,,191.89,1,0,1
B025,2022-04-29 10:00:00,0,613H2404,0,,,1,0,0
B025,2022-04-29 10:00:00,1,613E2580,0,,191.86,1,0,1
B025,2022-04-29 11:00:00,0,613H2404,0,,,1,0,0
B025,2022-04-29 11:00:00,1,613E2580,0,,191.84,1,0,1
B025,2022-04-29 12:00:00,0,613H2404,0,,,1,0,0
B025,2022-04-29 12:00:00,1,613E2580,0,,191.82,1,0,1
B025,2022-04-29 13:00:00,0,613H2404,0,,,1,0,0
B025,2022-04-29 13:00:00,1,613E2580,0,,191.8,1,0,1
B025,2022-04-29 14:00:00,0,613H2404,0,,,1,0,0
B025,2022-04-29 14:00:00,1,613E2580,0,,191.78,1,0,1
B025,2022-04-29 15:00:00,0,613H2404,0,,,1,0,0
B025,2022-04-29 15:00:00,1,613E2580,0,,191.76,1,0,1
B025,2022-04-29 16:00:00,0,613H2404,0,,,1,0,0
B025,2022-04-29 16:00:00,1,613E2580,0,,191.75,1,0,1
B025,2022-04-29 17:00:00,0,613H2404,0.09830167042,,,1,0,0
B025,2022-04-29 17:00:00,1,613E2580,0.1125710714,,191.73,1,0,1
B025,2022-04-29 18:00:00,0,613H2404,0,,,1,0,0
B025,2022-04-29 18:00:00,1,613E2580,0.3377132142,,191.72,1,0,1
B025,2022-04-29 19:00:00,0,613H2404,0.01858465942,,,1,0,0
B025,2022-04-29 19:00:00,1,613E2580,0,,191.7,1,0,1
B025,2022-04-29 20:00:00,0,613H2404,0,,,1,0,0
B025,2022-04-29 20:00:00,1,613E2580,0,,191.69,1,0,1
B025,2022-04-29 21:00:00,0,613H2404,0,,,1,0,0
B025,2022-04-29 21:00:00,1,613E2580,0,,191.68,1,0,1
B025,2022-04-29 22:00:00,0,613H2404,0,,,1,0,0
B025,2022-04-29 22:00:00,1,613E2580,0.1125710714,,191.67,1,0,1
B025,2022-04-29 23:00:00,0,613H2404,0,,,1,0,0
B025,2022-04-29 23:00:00,1,613E2580,0,,191.66,1,0,1
B025,2022-04-30 00:00:00,0,613H2404,0,,,1,0,0
B025,2022-04-30 00:00:00,1,613E2580,0,,191.65,1,0,1
B025,2022-04-30 01:00:00,0,613H2404,0,,,1,0,0
B025,2022-04-30 01:00:00,1,613E2580,0,,191.64,1,0,1
B025,2022-04-30 02:00:00,0,613H2404,0,,,1,0,0
B025,2022-04-30 02:00:00,1,613E2580,0,,191.63,1,0,1
B025,2022-04-30 03:00:00,0,613H2404,0,,,1,0,0
B025,2022-04-30 03:00:00,1,613E2580,0,,191.62,1,0,1
B025,2022-04-30 04:00:00,0,613H2404,0,,,1,0,0
B025,2022-04-30 04:00:00,1,613E2580,0,,191.61,1,0,1
B025,2022-04-30 05:00:00,0,613H2404,0.6495207076,,,1,0,0
B025,2022-04-30 05:00:00,1,613E2580,1.125710714,,191.6,1,0,1
B025,2022-04-30 06:00:00,0,613H2404,0.6243588003,,,1,0,0
B025,2022-04-30 06:00:00,1,613E2580,1.350852857,,191.6,1,0,1
B025,2022-04-30 07:00:00,0,613H2404,0.4900866856,,,1,0,0
B025,2022-04-30 07:00:00,1,613E2580,0.7879974997,,191.61,1,0,1
B025,2022-04-30 08:00:00,0,613H2404,0.3799148948,,,1,0,0
B025,2022-04-30 08:00:00,1,613E2580,0.4502842855,,191.65,1,0,1
B025,2022-04-30 09:00:00,0,613H2404,0.5551757439,,,1,0,0
B025,2022-04-30 09:00:00,1,613E2580,0.3377132142,,191.71,1,0,1
B025,2022-04-30 10:00:00,0,613H2404,0.3506589895,,,1,0,0
B025,2022-04-30 10:00:00,1,613E2580,0.1125710714,,191.77,1,0,1
B025,2022-04-30 11:00:00,0,613H2404,0.1129296231,,,1,0,0
B025,2022-04-30 11:00:00,1,613E2580,0.2251421428,,191.82,1,0,1
B025,2022-04-30 12:00:00,0,613H2404,0.3399877437,,,1,0,0
B025,2022-04-30 12:00:00,1,613E2580,0.1125710714,,191.85,1,0,1
B025,2022-04-30 13:00:00,0,613H2404,0.003956706784,,,1,0,0
B025,2022-04-30 13:00:00,1,613E2580,0.2251421428,,191.87,1,0,1
B025,2022-04-30 14:00:00,0,613H2404,0,,,1,0,0
B025,2022-04-30 14:00:00,1,613E2580,0,,191.87,1,0,1
B025,2022-04-30 15:00:00,0,613H2404,0,,,1,0,0
B025,2022-04-30 15:00:00,1,613E2580,0,,191.87,1,0,1
B025,2022-04-30 16:00:00,0,613H2404,0.09830167042,,,1,0,0
B025,2022-04-30 16:00:00,1,613E2580,0,,191.86,1,0,1
B025,2022-04-30 17:00:00,0,613H2404,0,,,1,0,0
B025,2022-04-30 17:00:00,1,613E2580,0,,191.86,1,0,1
B025,2022-04-30 18:00:00,0,613H2404,0,,,1,0,0
B025,2022-04-30 18:00:00,1,613E2580,0,,191.85,1,0,1
B025,2022-04-30 19:00:00,0,613H2404,0,,,1,0,0
B025,2022-04-30 19:00:00,1,613E2580,0,,191.84,1,0,1
B025,2022-04-30 20:00:00,0,613H2404,0,,,1,0,0
B025,2022-04-30 20:00:00,1,613E2580,0,,191.83,1,0,1
B025,2022-04-30 21:00:00,0,613H2404,0,,,1,0,0
B025,2022-04-30 21:00:00,1,613E2580,0,,191.82,1,0,1
B025,2022-05-07 07:00:00,0,613H2404,0,,,1,0,0
B025,2022-05-07 07:00:00,1,613E2580,0,,191.27,1,0,1
B025,2022-05-07 08:00:00,0,613H2404,0,,,1,0,0
B025,2022-05-07 08:00:00,1,613E2580,0,,191.27,1,0,1
B025,2022-05-07 09:00:00,0,613H2404,0,,,1,0,0
B025,2022-05-07 09:00:00,1,613E2580,0,,191.27,1,0,1
B025,2022-05-07 10:00:00,0,613H2404,0,,,1,0,0
B025,2022-05-07 10:00:00,1,613E2580,0,,191.27,1,0,1
B025,2022-05-07 11:00:00,0,613H2404,0,,,1,0,0
B025,2022-05-07 11:00:00,1,613E2580,0,,191.27,1,0,1
B025,2022-05-07 12:00:00,0,613H2404,0,,,1,0,0
B025,2022-05-07 12:00:00,1,613E2580,0,,191.27,1,0,1
B025,2022-05-07 13:00:00,0,613H2404,0,,,1,0,0
B025,2022-05-07 13:00:00,1,613E2580,0,,191.26,1,0,1
B025,2022-05-07 14:00:00,0,613H2404,0,,,1,0,0
B025,2022-05-07 14:00:00,1,613E2580,0,,191.26,1,0,1
B025,2022-05-07 15:00:00,0,613H2404,0,,,1,0,0
B025,2022-05-07 15:00:00,1,613E2580,0,,191.26,1,0,1
B025,2022-05-07 16:00:00,0,613H2404,0,,,1,0,0
B025,2022-05-07 16:00:00,1,613E2580,0,,191.26,1,0,1
B025,2022-05-07 17:00:00,0,613H2404,0,,,1,0,0
B025,2022-05-07 17:00:00,1,613E2580,0,,191.26,1,0,1
B025,2022-05-07 18:00:00,0,613H2404,0,,,1,0,0
B025,2022-05-07 18:00:00,1,613E2580,0,,191.26,1,0,1
B025,2022-05-07 19:00:00,0,613H2404,0,,,1,0,0
B025,2022-05-07 19:00:00,1,613E2580,0,,191.26,1,0,1
B025,2022-05-07 20:00:00,0,613H2404,0,,,1,0,0
B025,2022-05-07 20:00:00,1,613E2580,0,,191.26,1,0,1
B025,2022-05-07 21:00:00,0,613H2404,0,,,1,0,0
B025,2022-05-07 21:00:00,1,613E2580,0,,191.26,1,0,1
B025,2022-05-07 22:00:00,0,613H2404,0,,,1,0,0
B025,2022-05-07 22:00:00,1,613E2580,0,,191.26,1,0,1
B025,2022-05-07 23:00:00,0,613H2404,0,,,1,0,0
B025,2022-05-07 23:00:00,1,613E2580,0,,191.25,1,0,1
B025,2022-05-08 00:00:00,0,613H2404,0,,,1,0,0
B025,2022-05-08 00:00:00,1,613E2580,0,,191.25,1,0,1
B025,2022-05-08 01:00:00,0,613H2404,0.01462795264,,,1,0,0
B025,2022-05-08 01:00:00,1,613E2580,0,,191.25,1,0,1
B025,2022-05-08 02:00:00,0,613H2404,0,,,1,0,0
B025,2022-05-08 02:00:00,1,613E2580,0,,191.25,1,0,1
B025,2022-05-08 03:00:00,0,613H2404,0,,,1,0,0
B025,2022-05-08 03:00:00,1,613E2580,0,,191.25,1,0,1
B025,2022-05-08 04:00:00,0,613H2404,0,,,1,0,0
B025,2022-05-08 04:00:00,1,613E2580,0,,191.25,1,0,1
B025,2022-05-08 05:00:00,0,613H2404,0,,,1,0,0
B025,2022-05-08 05:00:00,1,613E2580,0,,191.25,1,0,1
B025,2022-05-08 06:00:00,0,613H2404,0,,,1,0,0
B025,2022-05-08 06:00:00,1,613E2580,0,,191.25,1,0,1
B025,2022-05-08 07:00:00,0,613H2404,0,,,1,0,0
B025,2022-05-08 07:00:00,1,613E2580,0,,191.25,1,0,1
B025,2022-05-08 08:00:00,0,613H2404,0,,,1,0,0
B025,2022-05-08 08:00:00,1,613E2580,0,,191.25,1,0,1
B025,2022-05-08 09:00:00,0,613H2404,0,,,1,0,0
B025,2022-05-08 09:00:00,1,613E2580,0,,191.25,1,0,1
B025,2022-05-08 10:00:00,0,613H2404,0,,,1,0,0
B025,2022-05-08 10:00:00,1,613E2580,0,,191.25,1,0,1
B025,2022-05-08 11:00:00,0,613H2404,0.1129296231,,,1,0,0
B025,2022-05-08 11:00:00,1,613E2580,0,,191.25,1,0,1
B025,2022-05-08 12:00:00,0,613H2404,0,,,1,0,0
B025,2022-05-08 12:00:00,1,613E2580,0.1125710714,,191.25,1,0,1
B025,2022-05-08 13:00:00,0,613H2404,0,,,1,0,0
B025,2022-05-08 13:00:00,1,613E2580,0,,191.25,1,0,1
B025,2022-05-08 14:00:00,0,613H2404,0.01462795264,,,1,0,0
B025,2022-05-08 14:00:00,1,613E2580,0,,191.25,1,0,1
B025,2022-05-08 15:00:00,0,613H2404,0,,,1,0,0
B025,2022-05-08 15:00:00,1,613E2580,0,,191.25,1,0,1
B025,2022-05-08 16:00:00,0,613H2404,0,,,1,0,0
B025,2022-05-08 16:00:00,1,613E2580,0,,191.25,1,0,1
B025,2022-05-08 17:00:00,0,613H2404,0,,,1,0,0
B025,2022-05-08 17:00:00,1,613E2580,0,,191.25,1,0,1
B025,2022-05-08 18:00:00,0,613H2404,0,,,1,0,0
B025,2022-05-08 18:00:00,1,613E2580,0,,191.24,1,0,1
B025,2022-05-08 19:00:00,0,613H2404,0,,,1,0,0
B025,2022-05-08 19:00:00,1,613E2580,0,,191.24,1,0,1
B025,2022-05-08 20:00:00,0,613H2404,0,,,1,0,0
B025,2022-05-08 20:00:00,1,613E2580,0,,191.24,1,0,1
B025,2022-05-08 21:00:00,0,613H2404,0,,,1,0,0
B025,2022-05-08 21:00:00,1,613E2580,0,,191.24,1,0,1
B025,2022-05-08 22:00:00,0,613H2404,0,,,1,0,0
B025,2022-05-08 22:00:00,1,613E2580,0,,191.24,1,0,1
B025,2022-05-08 23:00:00,0,613H2404,0,,,1,0,0
B025,2022-05-08 23:00:00,1,613E2580,0,,191.24,1,0,1
B025,2022-05-09 00:00:00,0,613H2404,0,,,1,0,0
B025,2022-05-09 00:00:00,1,613E2580,0,,191.24,1,0,1
B025,2022-05-09 01:00:00,0,613H2404,0,,,1,0,0
B025,2022-05-09 01:00:00,1,613E2580,0,,191.24,1,0,1
B025,2022-05-09 02:00:00,0,613H2404,0,,,1,0,0
B025,2022-05-09 02:00:00,1,613E2580,0,,191.24,1,0,1
B025,2022-05-09 03:00:00,0,613H2404,0,,,1,0,0
B025,2022-05-09 03:00:00,1,613E2580,0,,191.24,1,0,1
B025,2022-05-09 04:00:00,0,613H2404,0,,,1,0,0
B025,2022-05-09 04:00:00,1,613E2580,0,,191.24,1,0,1
B025,2022-05-09 05:00:00,0,613H2404,0,,,1,0,0
B025,2022-05-09 05:00:00,1,613E2580,0,,191.24,1,0,1
B025,2022-05-09 06:00:00,0,613H2404,0,,,1,0,0
B025,2022-05-09 06:00:00,1,613E2580,0,,191.24,1,0,1
B025,2022-05-09 07:00:00,0,613H2404,0.09830167042,,,1,0,0
B025,2022-05-09 07:00:00,1,613E2580,0.1125710714,,191.24,1,0,1
B025,2022-05-09 08:00:00,0,613H2404,0,,,1,0,0
B025,2022-05-09 08:00:00,1,613E2580,0,,191.24,1,0,1
B025,2022-05-09 09:00:00,0,613H2404,0,,,1,0,0
B025,2022-05-09 09:00:00,1,613E2580,0,,191.24,1,0,1
B025,2022-05-09 10:00:00,0,613H2404,0,,,1,0,0
B025,2022-05-09 10:00:00,1,613E2580,0.1125710714,,191.24,1,0,1
B025,2022-05-09 11:00:00,0,613H2404,0,,,1,0,0
B025,2022-05-09 11:00:00,1,613E2580,0,,191.24,1,0,1
B025,2022-05-09 12:00:00,0,613H2404,0.003956706784,,,1,0,0
B025,2022-05-09 12:00:00,1,613E2580,0,,191.24,1,0,1
B025,2022-05-09 13:00:00,0,613H2404,0,,,1,0,0
B025,2022-05-09 13:00:00,1,613E2580,0,,191.24,1,0,1
B025,2022-05-09 14:00:00,0,613H2404,0,,,1,0,0
B025,2022-05-09 14:00:00,1,613E2580,0,,191.24,1,0,1
B025,2022-05-09 15:00:00,0,613H2404,0,,,1,0,0
B025,2022-05-09 15:00:00,1,613E2580,0,,191.24,1,0,1
B025,2022-05-09 16:00:00,0,613H2404,0.4303760005,,,1,0,0
B025,2022-05-09 16:00:00,1,613E2580,0.1125710714,,191.24,1,0,1
B025,2022-05-09 17:00:00,0,613H2404,0.5007579314,,,1,0,0
B025,2022-05-09 17:00:00,1,613E2580,0.5628553569,,191.24,1,0,1
B025,2022-05-09 18:00:00,0,613H2404,1.511608874,,,1,0,0
B025,2022-05-09 18:00:00,1,613E2580,2.026279285,,,1,0,0
B025,2022-05-09 19:00:00,0,613H2404,0.9350906387,,,1,0,0
B025,2022-05-09 19:00:00,1,613E2580,0.6754264283,,191.25,1,0,1
B025,2022-05-09 20:00:00,0,613H2404,1.42397845,,,1,0,0
B025,2022-05-09 20:00:00,1,613E2580,1.238281785,,191.25,1,0,1
B025,2022-05-09 21:00:00,0,613H2404,1.972576946,,,1,0,0
B025,2022-05-09 21:00:00,1,613E2580,1.575994999,,191.26,1,0,1
B025,2022-05-09 22:00:00,0,613H2404,1.567362853,,,1,0,0
B025,2022-05-09 22:00:00,1,613E2580,1.350852857,,191.28,1,0,1
B025,2022-05-09 23:00:00,0,613H2404,2.491867746,,,1,0,0
B025,2022-05-09 23:00:00,1,613E2580,2.138850356,,191.32,1,0,1
B025,2022-05-10 00:00:00,0,613H2404,1.508851042,,,1,0,0
B025,2022-05-10 00:00:00,1,613E2580,1.238281785,,191.61,1,0,1
B025,2022-05-10 01:00:00,0,613H2404,0.701317979,,,1,0,0
B025,2022-05-10 01:00:00,1,613E2580,1.238281785,,192.27,1,0,1
B025,2022-05-10 02:00:00,0,613H2404,0.3652869422,,,1,0,0
B025,2022-05-10 02:00:00,1,613E2580,0.4502842855,,192.68,1,0,1
B025,2022-05-10 03:00:00,0,613H2404,0.1168863298,,,1,0,0
B025,2022-05-10 03:00:00,1,613E2580,0.1125710714,,192.96,1,0,1
B025,2022-05-10 04:00:00,0,613H2404,0,,,1,0,0
B025,2022-05-10 04:00:00,1,613E2580,0,,193.04,1,0,1
B025,2022-05-10 05:00:00,0,613H2404,0.09830167042,,,1,0,0
B025,2022-05-10 05:00:00,1,613E2580,0,,192.97,1,0,1
B025,2022-05-10 06:00:00,0,613H2404,0,,,1,0,0
B025,2022-05-10 06:00:00,1,613E2580,0,,192.79,1,0,1
B025,2022-05-10 07:00:00,0,613H2404,11.91674965,,,1,0,0
B025,2022-05-10 07:00:00,1,613E2580,12.83310214,,192.59,1,0,1
B025,2022-05-10 08:00:00,0,613H2404,0,,,1,0,0
B025,2022-05-10 08:00:00,1,613E2580,0,,192.43,1,0,1
B025,2022-05-10 09:00:00,0,613H2404,0,,,1,0,0
B025,2022-05-10 09:00:00,1,613E2580,0,,192.31,1,0,1
B025,2022-05-10 10:00:00,0,613H2404,0,,,1,0,0
B025,2022-05-10 10:00:00,1,613E2580,0,,192.21,1,0,1
B025,2022-05-10 11:00:00,0,613H2404,0,,,1,0,0
B025,2022-05-10 11:00:00,1,613E2580,0,,192.14,1,0,1
B025,2022-05-10 12:00:00,0,613H2404,0,,,1,0,0
B025,2022-05-10 12:00:00,1,613E2580,0,,192.07,1,0,1
B025,2022-05-10 13:00:00,0,613H2404,0,,,1,0,0
B025,2022-05-10 13:00:00,1,613E2580,0,,192.02,1,0,1
B025,2022-05-10 14:00:00,0,613H2404,0,,,1,0,0
B025,2022-05-10 14:00:00,1,613E2580,0,,191.98,1,0,1
B025,2022-05-10 15:00:00,0,613H2404,0,,,1,0,0
B025,2022-05-10 15:00:00,1,613E2580,0,,191.93,1,0,1
B025,2022-05-10 16:00:00,0,613H2404,0,,,1,0,0
B025,2022-05-10 16:00:00,1,613E2580,0,,191.9,1,0,1
B025,2022-05-10 17:00:00,0,613H2404,0,,,1,0,0
B025,2022-05-10 17:00:00,1,613E2580,0,,191.87,1,0,1
B025,2022-05-10 18:00:00,0,613H2404,0,,,1,0,0
B025,2022-05-10 18:00:00,1,613E2580,0,,191.84,1,0,1
B025,2022-05-10 19:00:00,0,613H2404,0,,,1,0,0
B025,2022-05-10 19:00:00,1,613E2580,0,,191.81,1,0,1
B025,2022-05-10 20:00:00,0,613H2404,0,,,1,0,0
B025,2022-05-10 20:00:00,1,613E2580,0,,191.79,1,0,1
B025,2022-05-10 21:00:00,0,613H2404,0,,,1,0,0
B025,2022-05-10 21:00:00,1,613E2580,0,,191.76,1,0,1
B025,2022-05-10 22:00:00,0,613H2404,0,,,1,0,0
B025,2022-05-10 22:00:00,1,613E2580,0,,191.74,1,0,1
B025,2022-05-10 23:00:00,0,613H2404,0,,,1,0,0
B025,2022-05-10 23:00:00,1,613E2580,0,,191.72,1,0,1
B025,2022-05-11 00:00:00,0,613H2404,0,,,1,0,0
B025,2022-05-11 00:00:00,1,613E2580,0,,191.7,1,0,1
B025,2022-05-11 01:00:00,0,613H2404,0,,,1,0,0
B025,2022-05-11 01:00:00,1,613E2580,0,,191.68,1,0,1
B025,2022-05-11 02:00:00,0,613H2404,0,,,1,0,0
B025,2022-05-11 02:00:00,1,613E2580,0,,191.66,1,0,1
B025,2022-05-11 03:00:00,0,613H2404,0,,,1,0,0
B025,2022-05-11 03:00:00,1,613E2580,0,,191.65,1,0,1
B025,2022-05-11 04:00:00,0,613H2404,0,,,1,0,0
B025,2022-05-11 04:00:00,1,613E2580,0,,191.64,1,0,1
B025,2022-05-11 05:00:00,0,613H2404,0,,,1,0,0
B025,2022-05-11 05:00:00,1,613E2580,0,,191.63,1,0,1
B025,2022-05-11 06:00:00,0,613H2404,0,,,1,0,0
B025,2022-05-11 06:00:00,1,613E2580,0,,191.61,1,0,1
B025,2022-05-11 07:00:00,0,613H2404,0,,,1,0,0
B025,2022-05-11 07:00:00,1,613E2580,0,,191.6,1,0,1
B025,2022-05-11 08:00:00,0,613H2404,0,,,1,0,0
B025,2022-05-11 08:00:00,1,613E2580,0,,191.59,1,0,1
B025,2022-05-11 09:00:00,0,613H2404,0,,,1,0,0
B025,2022-05-11 09:00:00,1,613E2580,0,,191.58,1,0,1
B025,2022-05-11 10:00:00,0,613H2404,0,,,1,0,0
B025,2022-05-11 10:00:00,1,613E2580,0,,191.57,1,0,1
B025,2022-05-11 11:00:00,0,613H2404,0,,,1,0,0
B025,2022-05-11 11:00:00,1,613E2580,0,,191.56,1,0,1
B025,2022-05-11 12:00:00,0,613H2404,0,,,1,0,0
B025,2022-05-11 12:00:00,1,613E2580,0,,191.55,1,0,1
B025,2022-05-11 13:00:00,0,613H2404,0,,,1,0,0
B025,2022-05-11 13:00:00,1,613E2580,0,,191.54,1,0,1
B025,2022-05-11 14:00:00,0,613H2404,0,,,1,0,0
B025,2022-05-11 14:00:00,1,613E2580,0,,191.53,1,0,1
B025,2022-05-11 15:00:00,0,613H2404,0,,,1,0,0
B025,2022-05-11 15:00:00,1,613E2580,0,,191.52,1,0,1
B025,2022-05-11 16:00:00,0,613H2404,0,,,1,0,0
B025,2022-05-11 16:00:00,1,613E2580,0,,191.52,1,0,1
B025,2022-05-11 17:00:00,0,613H2404,0.01462795264,,,1,0,0
B025,2022-05-11 17:00:00,1,613E2580,0,,,1,0,0
B025,2022-05-11 18:00:00,0,613H2404,0,,,1,0,0
B025,2022-05-11 18:00:00,1,613E2580,0,,,1,0,0
B025,2022-05-11 19:00:00,0,613H2404,0,,,1,0,0
B025,2022-05-11 19:00:00,1,613E2580,0.4502842855,,,1,0,0
B025,2022-05-11 20:00:00,0,613H2404,0,,,1,0,0
B025,2022-05-11 20:00:00,1,613E2580,0,,191.49,1,0,1
B025,2022-05-11 21:00:00,0,613H2404,0,,,1,0,0
B025,2022-05-11 21:00:00,1,613E2580,0,,191.49,1,0,1
B025,2022-05-11 22:00:00,0,613H2404,0,,,1,0,0
B025,2022-05-11 22:00:00,1,613E2580,0,,191.48,1,0,1
B025,2022-05-11 23:00:00,0,613H2404,0,,,1,0,0
B025,2022-05-11 23:00:00,1,613E2580,0,,191.48,1,0,1
B025,2022-05-12 00:00:00,0,613H2404,0,,,1,0,0
B025,2022-05-12 00:00:00,1,613E2580,0,,191.47,1,0,1
B025,2022-05-12 01:00:00,0,613H2404,0,,,1,0,0
B025,2022-05-12 01:00:00,1,613E2580,0,,191.47,1,0,1
B025,2022-05-12 02:00:00,0,613H2404,0,,,1,0,0
B025,2022-05-12 02:00:00,1,613E2580,0,,191.46,1,0,1
B025,2022-05-12 03:00:00,0,613H2404,0,,,1,0,0
B025,2022-05-12 03:00:00,1,613E2580,0,,191.46,1,0,1
B025,2022-05-12 04:00:00,0,613H2404,0,,,1,0,0
B025,2022-05-12 04:00:00,1,613E2580,0,,191.45,1,0,1
B025,2022-05-12 05:00:00,0,613H2404,0,,,1,0,0
B025,2022-05-12 05:00:00,1,613E2580,0,,191.45,1,0,1
B025,2022-05-12 06:00:00,0,613H2404,0,,,1,0,0
B025,2022-05-12 06:00:00,1,613E2580,0,,191.44,1,0,1
B025,2022-05-12 07:00:00,0,613H2404,0,,,1,0,0
B025,2022-05-12 07:00:00,1,613E2580,0.4502842855,,191.44,1,0,1
B025,2022-05-12 08:00:00,0,613H2404,0,,,1,0,0
B025,2022-05-12 08:00:00,1,613E2580,0,,191.44,1,0,1
B025,2022-05-25 07:00:00,0,613H2404,0,,,1,0,0
B025,2022-05-25 07:00:00,1,613E2580,0,,191.26,1,0,1
B025,2022-05-25 08:00:00,0,613H2404,0,,,1,0,0
B025,2022-05-25 08:00:00,1,613E2580,0,,191.26,1,0,1
B025,2022-05-25 09:00:00,0,613H2404,0,,,1,0,0
B025,2022-05-25 09:00:00,1,613E2580,0,,191.26,1,0,1
B025,2022-05-25 10:00:00,0,613H2404,0,,,1,0,0
B025,2022-05-25 10:00:00,1,613E2580,0,,191.26,1,0,1
B025,2022-05-25 11:00:00,0,613H2404,0,,,1,0,0
B025,2022-05-25 11:00:00,1,613E2580,0,,191.26,1,0,1
B025,2022-05-25 12:00:00,0,613H2404,0,,,1,0,0
B025,2022-05-25 12:00:00,1,613E2580,0,,191.26,1,0,1
B025,2022-05-25 13:00:00,0,613H2404,0,,,1,0,0
B025,2022-05-25 13:00:00,1,613E2580,0,,191.26,1,0,1
B025,2022-05-25 14:00:00,0,613H2404,0,,,1,0,0
B025,2022-05-25 14:00:00,1,613E2580,0,,191.26,1,0,1
B025,2022-05-25 15:00:00,0,613H2404,0,,,1,0,0
B025,2022-05-25 15:00:00,1,613E2580,0,,191.26,1,0,1
B025,2022-05-25 16:00:00,0,613H2404,0,,,1,0,0
B025,2022-05-25 16:00:00,1,613E2580,0,,191.25,1,0,1
B025,2022-05-25 17:00:00,0,613H2404,0,,,1,0,0
B025,2022-05-25 17:00:00,1,613E2580,0,,191.25,1,0,1
B025,2022-05-25 18:00:00,0,613H2404,0,,,1,0,0
B025,2022-05-25 18:00:00,1,613E2580,0,,191.25,1,0,1
B025,2022-05-25 19:00:00,0,613H2404,0,,,1,0,0
B025,2022-05-25 19:00:00,1,613E2580,0,,191.25,1,0,1
B025,2022-05-25 20:00:00,0,613H2404,0,,,1,0,0
B025,2022-05-25 20:00:00,1,613E2580,0,,191.25,1,0,1
B025,2022-05-25 21:00:00,0,613H2404,0.01858465942,,,1,0,0
B025,2022-05-25 21:00:00,1,613E2580,0,,191.25,1,0,1
B025,2022-05-25 22:00:00,0,613H2404,0.6230226346,,,1,0,0
B025,2022-05-25 22:00:00,1,613E2580,0.2251421428,,191.25,1,0,1
B025,2022-05-25 23:00:00,0,613H2404,0.2112312935,,,1,0,0
B025,2022-05-25 23:00:00,1,613E2580,0.3377132142,,191.25,1,0,1
B025,2022-05-26 00:00:00,0,613H2404,0.106215084,,,1,0,0
B025,2022-05-26 00:00:00,1,613E2580,0.1125710714,,191.25,1,0,1
B025,2022-05-26 01:00:00,0,613H2404,0.2484006123,,,1,0,0
B025,2022-05-26 01:00:00,1,613E2580,0.1125710714,,191.25,1,0,1
B025,2022-05-26 02:00:00,0,613H2404,0.3214030842,,,1,0,0
B025,2022-05-26 02:00:00,1,613E2580,0,,191.25,1,0,1
B025,2022-05-26 03:00:00,0,613H2404,0.2084734612,,,1,0,0
B025,2022-05-26 03:00:00,1,613E2580,0.1125710714,,191.25,1,0,1
B025,2022-05-26 04:00:00,0,613H2404,0.1129296231,,,1,0,0
B025,2022-05-26 04:00:00,1,613E2580,0,,191.25,1,0,1
B025,2022-05-26 05:00:00,0,613H2404,0.1168863298,,,1,0,0
B025,2022-05-26 05:00:00,1,613E2580,0,,191.25,1,0,1
B025,2022-05-26 06:00:00,0,613H2404,0.1247997434,,,1,0,0
B025,2022-05-26 06:00:00,1,613E2580,0.1125710714,,191.25,1,0,1
B025,2022-05-26 07:00:00,0,613H2404,0.1168863298,,,1,0,0
B025,2022-05-26 07:00:00,1,613E2580,0.2251421428,,191.25,1,0,1
B025,2022-05-26 08:00:00,0,613H2404,0.4012573865,,,1,0,0
B025,2022-05-26 08:00:00,1,613E2580,0.1125710714,,191.25,1,0,1
B025,2022-05-26 09:00:00,0,613H2404,0.5698036966,,,1,0,0
B025,2022-05-26 09:00:00,1,613E2580,0.4502842855,,191.25,1,0,1
B025,2022-05-26 10:00:00,0,613H2404,0.106215084,,,1,0,0
B025,2022-05-26 10:00:00,1,613E2580,0,,191.26,1,0,1
B025,2022-05-26 11:00:00,0,613H2404,0.003956706784,,,1,0,0
B025,2022-05-26 11:00:00,1,613E2580,0,,191.26,1,0,1
B025,2022-05-26 12:00:00,0,613H2404,0.3095329639,,,1,0,0
B025,2022-05-26 12:00:00,1,613E2580,0.3377132142,,191.26,1,0,1
B025,2022-05-26 13:00:00,0,613H2404,0.1101717908,,,1,0,0
B025,2022-05-26 13:00:00,1,613E2580,0.1125710714,,191.26,1,0,1
B025,2022-05-26 14:00:00,0,613H2404,0,,,1,0,0
B025,2022-05-26 14:00:00,1,613E2580,0,,191.27,1,0,1
B025,2022-05-26 15:00:00,0,613H2404,0,,,1,0,0
B025,2022-05-26 15:00:00,1,613E2580,0,,191.27,1,0,1
B025,2022-05-26 16:00:00,0,613H2404,0,,,1,0,0
B025,2022-05-26 16:00:00,1,613E2580,0,,191.27,1,0,1
B025,2022-05-26 17:00:00,0,613H2404,0,,,1,0,0
B025,2022-05-26 17:00:00,1,613E2580,0,,191.27,1,0,1
B025,2022-05-26 18:00:00,0,613H2404,0,,,1,0,0
B025,2022-05-26 18:00:00,1,613E2580,0,,191.27,1,0,1
B025,2022-05-26 19:00:00,0,613H2404,0,,,1,0,0
B025,2022-05-26 19:00:00,1,613E2580,0,,191.28,1,0,1
B025,2022-05-26 20:00:00,0,613H2404,0,,,1,0,0
B025,2022-05-26 20:00:00,1,613E2580,0,,191.28,1,0,1
B025,2022-05-26 21:00:00,0,613H2404,0,,,1,0,0
B025,2022-05-26 21:00:00,1,613E2580,0,,191.28,1,0,1
B025,2022-05-26 22:00:00,0,613H2404,0,,,1,0,0
B025,2022-05-26 22:00:00,1,613E2580,0,,191.28,1,0,1
B025,2022-05-26 23:00:00,0,613H2404,0,,,1,0,0
B025,2022-05-26 23:00:00,1,613E2580,0,,191.29,1,0,1
B025,2022-05-27 00:00:00,0,613H2404,0,,,1,0,0
B025,2022-05-27 00:00:00,1,613E2580,0,,191.29,1,0,1
B025,2022-05-27 01:00:00,0,613H2404,0,,,1,0,0
B025,2022-05-27 01:00:00,1,613E2580,0,,191.29,1,0,1
B025,2022-05-27 02:00:00,0,613H2404,0,,,1,0,0
B025,2022-05-27 02:00:00,1,613E2580,0,,191.29,1,0,1
B025,2022-05-27 03:00:00,0,613H2404,0,,,1,0,0
B025,2022-05-27 03:00:00,1,613E2580,0,,191.29,1,0,1
B025,2022-05-27 04:00:00,0,613H2404,0,,,1,0,0
B025,2022-05-27 04:00:00,1,613E2580,0,,191.29,1,0,1
B025,2022-05-27 05:00:00,0,613H2404,0,,,1,0,0
B025,2022-05-27 05:00:00,1,613E2580,0,,191.29,1,0,1
B025,2022-05-27 06:00:00,0,613H2404,0,,,1,0,0
B025,2022-05-27 06:00:00,1,613E2580,0,,191.29,1,0,1
B025,2022-05-27 07:00:00,0,613H2404,1.325402197,,,1,0,0
B025,2022-05-27 07:00:00,1,613E2580,0.1125710714,,191.29,1,0,1
B025,2022-05-27 08:00:00,0,613H2404,0,,,1,0,0
B025,2022-05-27 08:00:00,1,613E2580,0,,191.29,1,0,1
B025,2022-05-27 09:00:00,0,613H2404,0.2298159529,,,1,0,0
B025,2022-05-27 09:00:00,1,613E2580,0.1125710714,,191.29,1,0,1
B025,2022-05-27 10:00:00,0,613H2404,0.588388356,,,1,0,0
B025,2022-05-27 10:00:00,1,613E2580,0.4502842855,,191.29,1,0,1
B025,2022-05-27 11:00:00,0,613H2404,1.302998122,,,1,0,0
B025,2022-05-27 11:00:00,1,613E2580,1.125710714,,191.29,1,0,1
B025,2022-05-27 12:00:00,0,613H2404,0.7159459317,,,1,0,0
B025,2022-05-27 12:00:00,1,613E2580,1.463423928,,191.3,1,0,1
B025,2022-05-27 13:00:00,0,613H2404,0.6866900264,,,1,0,0
B025,2022-05-27 13:00:00,1,613E2580,0.6754264283,,191.31,1,0,1
B025,2022-05-27 14:00:00,0,613H2404,0.5405477913,,,1,0,0
B025,2022-05-27 14:00:00,1,613E2580,0.2251421428,,191.33,1,0,1
B025,2022-05-27 15:00:00,0,613H2404,0.375958188,,,1,0,0
B025,2022-05-27 15:00:00,1,613E2580,0.3377132142,,191.37,1,0,1
B025,2022-05-27 16:00:00,0,613H2404,0.003956706784,,,1,0,0
B025,2022-05-27 16:00:00,1,613E2580,0.1125710714,,191.56,1,0,1
B025,2022-05-27 17:00:00,0,613H2404,0.01462795264,,,1,0,0
B025,2022-05-27 17:00:00,1,613E2580,0,,191.68,1,0,1
B025,2022-05-27 18:00:00,0,613H2404,0,,,1,0,0
B025,2022-05-27 18:00:00,1,613E2580,0,,191.73,1,0,1
B025,2022-05-27 19:00:00,0,613H2404,0,,,1,0,0
B025,2022-05-27 19:00:00,1,613E2580,0,,191.75,1,0,1
B025,2022-05-27 20:00:00,0,613H2404,0.09830167042,,,1,0,0
B025,2022-05-27 20:00:00,1,613E2580,0.1125710714,,191.76,1,0,1
B025,2022-05-27 21:00:00,0,613H2404,0.02925590528,,,1,0,0
B025,2022-05-27 21:00:00,1,613E2580,0.2251421428,,191.77,1,0,1
B025,2022-05-27 22:00:00,0,613H2404,0.2337726597,,,1,0,0
B025,2022-05-27 22:00:00,1,613E2580,0,,191.78,1,0,1
B025,2022-05-27 23:00:00,0,613H2404,0.1022583772,,,1,0,0
B025,2022-05-27 23:00:00,1,613E2580,0.1125710714,,191.8,1,0,1
B025,2022-05-28 00:00:00,0,613H2404,0.1129296231,,,1,0,0
B025,2022-05-28 00:00:00,1,613E2580,0,,191.8,1,0,1
B025,2022-05-28 01:00:00,0,613H2404,0.3838716016,,,1,0,0
B025,2022-05-28 01:00:00,1,613E2580,0,,191.78,1,0,1
B025,2022-05-28 02:00:00,0,613H2404,0.2045167544,,,1,0,0
B025,2022-05-28 02:00:00,1,613E2580,0,,191.77,1,0,1
B025,2022-05-28 03:00:00,0,613H2404,0,,,1,0,0
B025,2022-05-28 03:00:00,1,613E2580,0.1125710714,,191.76,1,0,1
B025,2022-05-28 04:00:00,0,613H2404,0,,,1,0,0
B025,2022-05-28 04:00:00,1,613E2580,0,,191.76,1,0,1
B025,2022-05-28 05:00:00,0,613H2404,0,,,1,0,0
B025,2022-05-28 05:00:00,1,613E2580,0,,191.75,1,0,1
B025,2022-05-28 06:00:00,0,613H2404,0,,,1,0,0
B025,2022-05-28 06:00:00,1,613E2580,0,,191.74,1,0,1
B025,2022-05-28 07:00:00,0,613H2404,4.994833656,,,1,0,0
B025,2022-05-28 07:00:00,1,613E2580,0.1125710714,,191.74,1,0,1
B025,2022-05-28 08:00:00,0,613H2404,0.01858465942,,,1,0,0
B025,2022-05-28 08:00:00,1,613E2580,0,,191.73,1,0,1
B025,2022-05-28 09:00:00,0,613H2404,0,,,1,0,0
B025,2022-05-28 09:00:00,1,613E2580,0,,191.73,1,0,1
B025,2022-05-28 10:00:00,0,613H2404,0,,,1,0,0
B025,2022-05-28 10:00:00,1,613E2580,0,,191.72,1,0,1
B025,2022-05-28 11:00:00,0,613H2404,0,,,1,0,0
B025,2022-05-28 11:00:00,1,613E2580,0,,,1,0,0
B025,2022-05-28 12:00:00,0,613H2404,0.3506589895,,,1,0,0
B025,2022-05-28 12:00:00,1,613E2580,1.013139642,,,1,0,0
B025,2022-05-28 13:00:00,0,613H2404,0.325359791,,,1,0,0
B025,2022-05-28 13:00:00,1,613E2580,0.1125710714,,191.69,1,0,1
B025,2022-05-28 14:00:00,0,613H2404,0.1022583772,,,1,0,0
B025,2022-05-28 14:00:00,1,613E2580,0,,191.69,1,0,1
B025,2022-05-28 15:00:00,0,613H2404,0,,,1,0,0
B025,2022-05-28 15:00:00,1,613E2580,0,,191.69,1,0,1
B025,2022-05-28 16:00:00,0,613H2404,0,,,1,0,0
B025,2022-05-28 16:00:00,1,613E2580,0,,191.7,1,0,1
B025,2022-05-28 17:00:00,0,613H2404,0,,,1,0,0
B025,2022-05-28 17:00:00,1,613E2580,0,,191.69,1,0,1
B025,2022-05-28 18:00:00,0,613H2404,0,,,1,0,0
B025,2022-05-28 18:00:00,1,613E2580,0,,191.69,1,0,1
B025,2022-05-28 19:00:00,0,613H2404,0,,,1,0,0
B025,2022-05-28 19:00:00,1,613E2580,0,,191.68,1,0,1
B025,2022-05-28 20:00:00,0,613H2404,0,,,1,0,0
B025,2022-05-28 20:00:00,1,613E2580,0,,191.67,1,0,1
B025,2022-05-28 21:00:00,0,613H2404,0,,,1,0,0
B025,2022-05-28 21:00:00,1,613E2580,0,,191.66,1,0,1
B025,2022-05-28 22:00:00,0,613H2404,0,,,1,0,0
B025,2022-05-28 22:00:00,1,613E2580,0,,191.66,1,0,1
B025,2022-05-28 23:00:00,0,613H2404,0,,,1,0,0
B025,2022-05-28 23:00:00,1,613E2580,0,,191.65,1,0,1
B025,2022-05-29 00:00:00,0,613H2404,0,,,1,0,0
B025,2022-05-29 00:00:00,1,613E2580,0,,191.65,1,0,1
B025,2022-05-29 01:00:00,0,613H2404,0,,,1,0,0
B025,2022-05-29 01:00:00,1,613E2580,0,,191.64,1,0,1
B025,2022-05-29 02:00:00,0,613H2404,0,,,1,0,0
B025,2022-05-29 02:00:00,1,613E2580,0,,191.63,1,0,1
B025,2022-05-29 03:00:00,0,613H2404,0,,,1,0,0
B025,2022-05-29 03:00:00,1,613E2580,0,,191.63,1,0,1
B025,2022-05-29 04:00:00,0,613H2404,0,,,1,0,0
B025,2022-05-29 04:00:00,1,613E2580,0,,191.62,1,0,1
B025,2022-05-29 05:00:00,0,613H2404,0,,,1,0,0
B025,2022-05-29 05:00:00,1,613E2580,0,,191.61,1,0,1
B025,2022-05-29 06:00:00,0,613H2404,0,,,1,0,0
B025,2022-05-29 06:00:00,1,613E2580,0,,191.6,1,0,1
B025,2022-05-29 07:00:00,0,613H2404,0.723722054,,,1,0,0
B025,2022-05-29 07:00:00,1,613E2580,1.125710714,,191.59,1,0,1
B025,2022-05-29 08:00:00,0,613H2404,0,,,1,0,0
B025,2022-05-29 08:00:00,1,613E2580,0,,191.59,1,0,1
B025,2022-05-29 09:00:00,0,613H2404,0.6135502632,,,1,0,0
B025,2022-05-29 09:00:00,1,613E2580,0,,191.58,1,0,1
B025,2022-05-29 10:00:00,0,613H2404,0.04388385791,,,1,0,0
B025,2022-05-29 10:00:00,1,613E2580,0,,191.57,1,0,1
B025,2022-05-29 11:00:00,0,613H2404,0,,,1,0,0
B025,2022-05-29 11:00:00,1,613E2580,0.6754264283,,191.57,1,0,1
B025,2022-05-29 12:00:00,0,613H2404,0.09830167042,,,1,0,0
B025,2022-05-29 12:00:00,1,613E2580,0.1125710714,,191.57,1,0,1
B025,2022-05-29 13:00:00,0,613H2404,0.09830167042,,,1,0,0
B025,2022-05-29 13:00:00,1,613E2580,0.1125710714,,191.56,1,0,1
B025,2022-05-29 14:00:00,0,613H2404,0.8445650906,,,1,0,0
B025,2022-05-29 14:00:00,1,613E2580,0.1125710714,,191.55,1,0,1
B025,2022-05-29 15:00:00,0,613H2404,0,,,1,0,0
B025,2022-05-29 15:00:00,1,613E2580,0,,191.56,1,0,1
B025,2022-05-29 16:00:00,0,613H2404,0,,,1,0,0
B025,2022-05-29 16:00:00,1,613E2580,0,,191.57,1,0,1
B025,2022-05-29 17:00:00,0,613H2404,0,,,1,0,0
B025,2022-05-29 17:00:00,1,613E2580,0,,191.59,1,0,1
B025,2022-05-29 18:00:00,0,613H2404,0,,,1,0,0
B025,2022-05-29 18:00:00,1,613E2580,0,,191.59,1,0,1
B025,2022-05-29 19:00:00,0,613H2404,0,,,1,0,0
B025,2022-05-29 19:00:00,1,613E2580,0,,191.59,1,0,1
B025,2022-05-29 20:00:00,0,613H2404,0,,,1,0,0
B025,2022-05-29 20:00:00,1,613E2580,0,,191.58,1,0,1
B025,2022-05-29 21:00:00,0,613H2404,0,,,1,0,0
B025,2022-05-29 21:00:00,1,613E2580,0,,191.57,1,0,1
B025,2022-05-29 22:00:00,0,613H2404,0,,,1,0,0
B025,2022-05-29 22:00:00,1,613E2580,0,,191.56,1,0,1
B025,2022-05-29 23:00:00,0,613H2404,0,,,1,0,0
B025,2022-05-29 23:00:00,1,613E2580,0,,191.56,1,0,1
B025,2022-05-30 00:00:00,0,613H2404,0,,,1,0,0
B025,2022-05-30 00:00:00,1,613E2580,0,,191.55,1,0,1
B025,2022-05-30 01:00:00,0,613H2404,0,,,1,0,0
B025,2022-05-30 01:00:00,1,613E2580,0,,191.55,1,0,1
B025,2022-05-30 02:00:00,0,613H2404,0,,,1,0,0
B025,2022-05-30 02:00:00,1,613E2580,0,,191.55,1,0,1
B025,2022-05-30 03:00:00,0,613H2404,0,,,1,0,0
B025,2022-05-30 03:00:00,1,613E2580,0,,191.54,1,0,1
B025,2022-05-30 04:00:00,0,613H2404,0,,,1,0,0
B025,2022-05-30 04:00:00,1,613E2580,0,,191.54,1,0,1
B025,2022-05-30 05:00:00,0,613H2404,0,,,1,0,0
B025,2022-05-30 05:00:00,1,613E2580,0,,191.54,1,0,1
B025,2022-05-30 06:00:00,0,613H2404,0,,,1,0,0
B025,2022-05-30 06:00:00,1,613E2580,0,,191.54,1,0,1
B025,2022-05-30 07:00:00,0,613H2404,1.640090742,,,1,0,0
B025,2022-05-30 07:00:00,1,613E2580,1.013139642,,191.53,1,0,1
B025,2022-05-30 08:00:00,0,613H2404,0,,,1,0,0
B025,2022-05-30 08:00:00,1,613E2580,0,,191.53,1,0,1
B025,2022-05-30 09:00:00,0,613H2404,0,,,1,0,0
B025,2022-05-30 09:00:00,1,613E2580,0,,191.52,1,0,1
B025,2022-05-30 10:00:00,0,613H2404,0,,,1,0,0
B025,2022-05-30 10:00:00,1,613E2580,0,,191.52,1,0,1
B025,2022-05-30 11:00:00,0,613H2404,0,,,1,0,0
B025,2022-05-30 11:00:00,1,613E2580,0,,191.51,1,0,1
B025,2022-05-30 12:00:00,0,613H2404,0,,,1,0,0
B025,2022-05-30 12:00:00,1,613E2580,0,,191.5,1,0,1
B025,2022-05-30 13:00:00,0,613H2404,0,,,1,0,0
B025,2022-05-30 13:00:00,1,613E2580,0,,191.5,1,0,1
B025,2022-05-30 14:00:00,0,613H2404,0,,,1,0,0
B025,2022-05-30 14:00:00,1,613E2580,0,,191.5,1,0,1
B025,2022-05-30 15:00:00,0,613H2404,0,,,1,0,0
B025,2022-05-30 15:00:00,1,613E2580,0,,191.49,1,0,1
B025,2022-06-15 15:00:00,0,613H2404,0,,,1,0,0
B025,2022-06-15 15:00:00,1,613E2580,0,,,1,0,0
B025,2022-06-15 16:00:00,0,613H2404,0,,,1,0,0
B025,2022-06-15 16:00:00,1,613E2580,0,,,1,0,0
B025,2022-06-15 17:00:00,0,613H2404,0,,,1,0,0
B025,2022-06-15 17:00:00,1,613E2580,0,,,1,0,0
B025,2022-06-15 18:00:00,0,613H2404,0,,,1,0,0
B025,2022-06-15 18:00:00,1,613E2580,0,,,1,0,0
B025,2022-06-15 19:00:00,0,613H2404,0,,,1,0,0
B025,2022-06-15 19:00:00,1,613E2580,0,,,1,0,0
B025,2022-06-15 20:00:00,0,613H2404,0,,,1,0,0
B025,2022-06-15 20:00:00,1,613E2580,0,,,1,0,0
B025,2022-06-15 21:00:00,0,613H2404,0,,,1,0,0
B025,2022-06-15 21:00:00,1,613E2580,0,,,1,0,0
B025,2022-06-15 22:00:00,0,613H2404,0,,,1,0,0
B025,2022-06-15 22:00:00,1,613E2580,0,,,1,0,0
B025,2022-06-15 23:00:00,0,613H2404,0,,,1,0,0
B025,2022-06-15 23:00:00,1,613E2580,0,,,1,0,0
B025,2022-06-16 00:00:00,0,613H2404,0,,,1,0,0
B025,2022-06-16 00:00:00,1,613E2580,0,,,1,0,0
B025,2022-06-16 01:00:00,0,613H2404,0,,,1,0,0
B025,2022-06-16 01:00:00,1,613E2580,0,,,1,0,0
B025,2022-06-16 02:00:00,0,613H2404,0,,,1,0,0
B025,2022-06-16 02:00:00,1,613E2580,0,,,1,0,0
B025,2022-06-16 03:00:00,0,613H2404,0,,,1,0,0
B025,2022-06-16 03:00:00,1,613E2580,0,,,1,0,0
B025,2022-06-16 04:00:00,0,613H2404,0,,,1,0,0
B025,2022-06-16 04:00:00,1,613E2580,0,,,1,0,0
B025,2022-06-16 05:00:00,0,613H2404,0,,,1,0,0
B025,2022-06-16 05:00:00,1,613E2580,0,,,1,0,0
B025,2022-06-16 06:00:00,0,613H2404,0,,,1,0,0
B025,2022-06-16 06:00:00,1,613E2580,0,,,1,0,0
B025,2022-06-16 07:00:00,0,613H2404,0,,,1,0,0
B025,2022-06-16 07:00:00,1,613E2580,0,,,1,0,0
B025,2022-06-16 08:00:00,0,613H2404,0,,,1,0,0
B025,2022-06-16 08:00:00,1,613E2580,0,,,1,0,0
B025,2022-06-16 09:00:00,0,613H2404,0,,,1,0,0
B025,2022-06-16 09:00:00,1,613E2580,0,,,1,0,0
B025,2022-06-16 10:00:00,0,613H2404,0,,,1,0,0
B025,2022-06-16 10:00:00,1,613E2580,0,,,1,0,0
B025,2022-06-16 11:00:00,0,613H2404,0,,,1,0,0
B025,2022-06-16 11:00:00,1,613E2580,0,,,1,0,0
B025,2022-06-16 12:00:00,0,613H2404,0,,,1,0,0
B025,2022-06-16 12:00:00,1,613E2580,0,,,1,0,0
B025,2022-06-16 13:00:00,0,613H2404,0,,,1,0,0
B025,2022-06-16 13:00:00,1,613E2580,0,,,1,0,0
B025,2022-06-16 14:00:00,0,613H2404,0,,,1,0,0
B025,2022-06-16 14:00:00,1,613E2580,0,,,1,0,0
B025,2022-06-16 15:00:00,0,613H2404,0,,,1,0,0
B025,2022-06-16 15:00:00,1,613E2580,0,,,1,0,0
B025,2022-06-16 16:00:00,0,613H2404,0,,,1,0,0
B025,2022-06-16 16:00:00,1,613E2580,0,,,1,0,0
B025,2022-06-16 17:00:00,0,613H2404,0,,,1,0,0
B025,2022-06-16 17:00:00,1,613E2580,0,,,1,0,0
B025,2022-06-16 18:00:00,0,613H2404,0,,,1,0,0
B025,2022-06-16 18:00:00,1,613E2580,0,,,1,0,0
B025,2022-06-16 19:00:00,0,613H2404,0,,,1,0,0
B025,2022-06-16 19:00:00,1,613E2580,0,,,1,0,0
B025,2022-06-16 20:00:00,0,613H2404,0,,,1,0,0
B025,2022-06-16 20:00:00,1,613E2580,0,,,1,0,0
B025,2022-06-16 21:00:00,0,613H2404,0,,,1,0,0
B025,2022-06-16 21:00:00,1,613E2580,0,,,1,0,0
B025,2022-06-16 22:00:00,0,613H2404,0,,,1,0,0
B025,2022-06-16 22:00:00,1,613E2580,0,,,1,0,0
B025,2022-06-16 23:00:00,0,613H2404,0,,,1,0,0
B025,2022-06-16 23:00:00,1,613E2580,0,,,1,0,0
B025,2022-06-17 00:00:00,0,613H2404,0,,,1,0,0
B025,2022-06-17 00:00:00,1,613E2580,0,,,1,0,0
B025,2022-06-17 01:00:00,0,613H2404,0,,,1,0,0
B025,2022-06-17 01:00:00,1,613E2580,0,,,1,0,0
B025,2022-06-17 02:00:00,0,613H2404,0,,,1,0,0
B025,2022-06-17 02:00:00,1,613E2580,0,,,1,0,0
B025,2022-06-17 03:00:00,0,613H2404,0,,,1,0,0
B025,2022-06-17 03:00:00,1,613E2580,0,,,1,0,0
B025,2022-06-17 04:00:00,0,613H2404,0,,,1,0,0
B025,2022-06-17 04:00:00,1,613E2580,0,,,1,0,0
B025,2022-06-17 05:00:00,0,613H2404,0,,,1,0,0
B025,2022-06-17 05:00:00,1,613E2580,0,,,1,0,0
B025,2022-06-17 06:00:00,0,613H2404,0,,,1,0,0
B025,2022-06-17 06:00:00,1,613E2580,0,,,1,0,0
B025,2022-06-17 07:00:00,0,613H2404,0,,,1,0,0
B025,2022-06-17 07:00:00,1,613E2580,0,,,1,0,0
B025,2022-06-17 08:00:00,0,613H2404,0,,,1,0,0
B025,2022-06-17 08:00:00,1,613E2580,0,,,1,0,0
B025,2022-06-17 09:00:00,0,613H2404,0,,,1,0,0
B025,2022-06-17 09:00:00,1,613E2580,0,,,1,0,0
B025,2022-06-17 10:00:00,0,613H2404,0,,,1,0,0
B025,2022-06-17 10:00:00,1,613E2580,0,,191.28,1,0,1
B025,2022-06-17 11:00:00,0,613H2404,0,,,1,0,0
B025,2022-06-17 11:00:00,1,613E2580,0,,191.27,1,0,1
B025,2022-06-17 12:00:00,0,613H2404,0,,,1,0,0
B025,2022-06-17 12:00:00,1,613E2580,0,,191.27,1,0,1
B025,2022-06-17 13:00:00,0,613H2404,0,,,1,0,0
B025,2022-06-17 13:00:00,1,613E2580,0,,191.27,1,0,1
B025,2022-06-17 14:00:00,0,613H2404,0,,,1,0,0
B025,2022-06-17 14:00:00,1,613E2580,0,,191.27,1,0,1
B025,2022-06-17 15:00:00,0,613H2404,0,,,1,0,0
B025,2022-06-17 15:00:00,1,613E2580,0.1125710714,,191.27,1,0,1
B025,2022-06-17 16:00:00,0,613H2404,0,,,1,0,0
B025,2022-06-17 16:00:00,1,613E2580,0,,191.27,1,0,1
B025,2022-06-17 17:00:00,0,613H2404,0,,,1,0,0
B025,2022-06-17 17:00:00,1,613E2580,0,,191.27,1,0,1
B025,2022-06-17 18:00:00,0,613H2404,0,,,1,0,0
B025,2022-06-17 18:00:00,1,613E2580,0.2251421428,,191.26,1,0,1
B025,2022-06-17 19:00:00,0,613H2404,0,,,1,0,0
B025,2022-06-17 19:00:00,1,613E2580,0,,191.26,1,0,1
B025,2022-06-17 20:00:00,0,613H2404,0,,,1,0,0
B025,2022-06-17 20:00:00,1,613E2580,0,,191.26,1,0,1
B025,2022-06-17 21:00:00,0,613H2404,0.1022583772,,,1,0,0
B025,2022-06-17 21:00:00,1,613E2580,0,,191.26,1,0,1
B025,2022-06-17 22:00:00,0,613H2404,0,,,1,0,0
B025,2022-06-17 22:00:00,1,613E2580,0,,191.26,1,0,1
B025,2022-06-17 23:00:00,0,613H2404,0,,,1,0,0
B025,2022-06-17 23:00:00,1,613E2580,0,,191.25,1,0,1
B025,2022-06-18 00:00:00,0,613H2404,0,,,1,0,0
B025,2022-06-18 00:00:00,1,613E2580,0,,191.25,1,0,1
B025,2022-06-18 01:00:00,0,613H2404,0,,,1,0,0
B025,2022-06-18 01:00:00,1,613E2580,0,,191.25,1,0,1
B025,2022-06-18 02:00:00,0,613H2404,0,,,1,0,0
B025,2022-06-18 02:00:00,1,613E2580,0,,191.25,1,0,1
B025,2022-06-18 03:00:00,0,613H2404,0.01462795264,,,1,0,0
B025,2022-06-18 03:00:00,1,613E2580,0.1125710714,,191.25,1,0,1
B025,2022-06-18 04:00:00,0,613H2404,0.01462795264,,,1,0,0
B025,2022-06-18 04:00:00,1,613E2580,0,,191.25,1,0,1
B025,2022-06-18 05:00:00,0,613H2404,1.160949885,,,1,0,0
B025,2022-06-18 05:00:00,1,613E2580,1.125710714,,191.25,1,0,1
B025,2022-06-18 06:00:00,0,613H2404,1.62306504,,,1,0,0
B025,2022-06-18 06:00:00,1,613E2580,0,,191.25,1,0,1
B025,2022-06-18 07:00:00,0,613H2404,0.1695223925,,,1,0,0
B025,2022-06-18 07:00:00,1,613E2580,1.575994999,,191.25,1,0,1
B025,2022-06-18 08:00:00,0,613H2404,0,,,1,0,0
B025,2022-06-18 08:00:00,1,613E2580,0,,191.25,1,0,1
B025,2022-06-18 09:00:00,0,613H2404,0,,,1,0,0
B025,2022-06-18 09:00:00,1,613E2580,0,,191.25,1,0,1
B025,2022-06-18 10:00:00,0,613H2404,0,,,1,0,0
B025,2022-06-18 10:00:00,1,613E2580,0,,191.25,1,0,1
B025,2022-06-18 11:00:00,0,613H2404,0,,,1,0,0
B025,2022-06-18 11:00:00,1,613E2580,0,,191.25,1,0,1
B025,2022-06-18 12:00:00,0,613H2404,0,,,1,0,0
B025,2022-06-18 12:00:00,1,613E2580,0,,191.25,1,0,1
B025,2022-06-18 13:00:00,0,613H2404,0,,,1,0,0
B025,2022-06-18 13:00:00,1,613E2580,0,,191.25,1,0,1
B025,2022-06-18 14:00:00,0,613H2404,0.02925590528,,,1,0,0
B025,2022-06-18 14:00:00,1,613E2580,0,,191.25,1,0,1
B025,2022-06-18 15:00:00,0,613H2404,0.01462795264,,,1,0,0
B025,2022-06-18 15:00:00,1,613E2580,0,,191.25,1,0,1
B025,2022-06-18 16:00:00,0,613H2404,0.1966033408,,,1,0,0
B025,2022-06-18 16:00:00,1,613E2580,0.1125710714,,191.25,1,0,1
B025,2022-06-18 17:00:00,0,613H2404,0.4170842136,,,1,0,0
B025,2022-06-18 17:00:00,1,613E2580,0.1125710714,,191.25,1,0,1
B025,2022-06-18 18:00:00,0,613H2404,0.1275575757,,,1,0,0
B025,2022-06-18 18:00:00,1,613E2580,0,,191.25,1,0,1
B025,2022-06-18 19:00:00,0,613H2404,0,,,1,0,0
B025,2022-06-18 19:00:00,1,613E2580,0,,191.25,1,0,1
B025,2022-06-18 20:00:00,0,613H2404,0.2949050113,,,1,0,0
B025,2022-06-18 20:00:00,1,613E2580,0,,191.25,1,0,1
B025,2022-06-18 21:00:00,0,613H2404,0.003956706784,,,1,0,0
B025,2022-06-18 21:00:00,1,613E2580,0,,191.25,1,0,1
B025,2022-06-18 22:00:00,0,613H2404,0.02925590528,,,1,0,0
B025,2022-06-18 22:00:00,1,613E2580,0.2251421428,,191.25,1,0,1
B025,2022-06-18 23:00:00,0,613H2404,0.01462795264,,,1,0,0
B025,2022-06-18 23:00:00,1,613E2580,0.1125710714,,191.25,1,0,1
B025,2022-06-19 00:00:00,0,613H2404,0,,,1,0,0
B025,2022-06-19 00:00:00,1,613E2580,2.138850356,,191.25,1,0,1
B025,2022-06-19 01:00:00,0,613H2404,0.6670437837,,,1,0,0
B025,2022-06-19 01:00:00,1,613E2580,1.350852857,,191.26,1,0,1
B025,2022-06-19 02:00:00,0,613H2404,0.8870790725,,,1,0,0
B025,2022-06-19 02:00:00,1,613E2580,1.801137142,,191.27,1,0,1
B025,2022-06-19 03:00:00,0,613H2404,3.833319562,,,1,0,0
B025,2022-06-19 03:00:00,1,613E2580,5.628553569,,191.31,1,0,1
B025,2022-06-19 04:00:00,0,613H2404,1.195446872,,,1,0,0
B025,2022-06-19 04:00:00,1,613E2580,6.416551069,,192.45,1,0,1
B025,2022-06-19 05:00:00,0,613H2404,0.7027396456,,,1,0,0
B025,2022-06-19 05:00:00,1,613E2580,1.013139642,,193.55,1,0,1
B025,2022-06-19 06:00:00,0,613H2404,0.09830167042,,,1,0,0
B025,2022-06-19 06:00:00,1,613E2580,0.1125710714,,193.71,1,0,1
B025,2022-06-19 07:00:00,0,613H2404,7.590244154,,,1,0,0
B025,2022-06-19 07:00:00,1,613E2580,19.02451106,,193.56,1,0,1
B025,2022-06-19 08:00:00,0,613H2404,0,,,1,0,0
B025,2022-06-19 08:00:00,1,613E2580,0,,193.16,1,0,1
B025,2022-06-19 09:00:00,0,613H2404,0.01462795264,,,1,0,0
B025,2022-06-19 09:00:00,1,613E2580,0,,192.82,1,0,1
B025,2022-06-19 10:00:00,0,613H2404,0.003956706784,,,1,0,0
B025,2022-06-19 10:00:00,1,613E2580,0,,192.61,1,0,1
B025,2022-06-19 11:00:00,0,613H2404,0,,,1,0,0
B025,2022-06-19 11:00:00,1,613E2580,0.2251421428,,192.42,1,0,1
B025,2022-06-19 12:00:00,0,613H2404,0.9565704217,,,1,0,0
B025,2022-06-19 12:00:00,1,613E2580,0.3377132142,,192.3,1,0,1
B025,2022-06-19 13:00:00,0,613H2404,0.1421855283,,,1,0,0
B025,2022-06-19 13:00:00,1,613E2580,0.3377132142,,192.2,1,0,1
B025,2022-06-19 14:00:00,0,613H2404,0,,,1,0,0
B025,2022-06-19 14:00:00,1,613E2580,0,,192.13,1,0,1
B025,2022-06-19 15:00:00,0,613H2404,0,,,1,0,0
B025,2022-06-19 15:00:00,1,613E2580,0,,192.1,1,0,1
B025,2022-06-19 16:00:00,0,613H2404,0,,,1,0,0
B025,2022-06-19 16:00:00,1,613E2580,0,,192.14,1,0,1
B025,2022-06-19 17:00:00,0,613H2404,0,,,1,0,0
B025,2022-06-19 17:00:00,1,613E2580,0,,192.17,1,0,1
B025,2022-06-19 18:00:00,0,613H2404,0,,,1,0,0
B025,2022-06-19 18:00:00,1,613E2580,0,,192.13,1,0,1
B025,2022-06-19 19:00:00,0,613H2404,0,,,1,0,0
B025,2022-06-19 19:00:00,1,613E2580,0,,192.08,1,0,1
B025,2022-06-19 20:00:00,0,613H2404,0.02925590528,,,1,0,0
B025,2022-06-19 20:00:00,1,613E2580,0.1125710714,,192.03,1,0,1
B025,2022-06-19 21:00:00,0,613H2404,0,,,1,0,0
B025,2022-06-19 21:00:00,1,613E2580,0,,191.98,1,0,1
B025,2022-06-19 22:00:00,0,613H2404,0,,,1,0,0
B025,2022-06-19 22:00:00,1,613E2580,0,,191.95,1,0,1
B025,2022-06-19 23:00:00,0,613H2404,0,,,1,0,0
B025,2022-06-19 23:00:00,1,613E2580,0,,191.91,1,0,1
B025,2022-06-20 00:00:00,0,613H2404,0,,,1,0,0
B025,2022-06-20 00:00:00,1,613E2580,0,,191.88,1,0,1
B025,2022-06-20 01:00:00,0,613H2404,0,,,1,0,0
B025,2022-06-20 01:00:00,1,613E2580,0,,191.84,1,0,1
B025,2022-06-20 02:00:00,0,613H2404,0,,,1,0,0
B025,2022-06-20 02:00:00,1,613E2580,0,,191.82,1,0,1
B025,2022-06-20 03:00:00,0,613H2404,0,,,1,0,0
B025,2022-06-20 03:00:00,1,613E2580,0,,191.8,1,0,1
B025,2022-06-20 04:00:00,0,613H2404,0,,,1,0,0
B025,2022-06-20 04:00:00,1,613E2580,0,,191.78,1,0,1
B025,2022-06-20 05:00:00,0,613H2404,0,,,1,0,0
B025,2022-06-20 05:00:00,1,613E2580,0,,191.76,1,0,1
B025,2022-06-20 06:00:00,0,613H2404,0,,,1,0,0
B025,2022-06-20 06:00:00,1,613E2580,0,,191.74,1,0,1
B025,2022-06-20 07:00:00,0,613H2404,0.810153604,,,1,0,0
B025,2022-06-20 07:00:00,1,613E2580,1.013139642,,191.72,1,0,1
B025,2022-06-20 08:00:00,0,613H2404,0,,,1,0,0
B025,2022-06-20 08:00:00,1,613E2580,0,,191.7,1,0,1
B025,2022-06-20 09:00:00,0,613H2404,0,,,1,0,0
B025,2022-06-20 09:00:00,1,613E2580,0,,191.68,1,0,1
B025,2022-06-20 10:00:00,0,613H2404,0.1966033408,,,1,0,0
B025,2022-06-20 10:00:00,1,613E2580,0,,191.67,1,0,1
B025,2022-06-20 11:00:00,0,613H2404,0.09830167042,,,1,0,0
B025,2022-06-20 11:00:00,1,613E2580,0,,191.65,1,0,1
B025,2022-06-20 12:00:00,0,613H2404,0,,,1,0,0
B025,2022-06-20 12:00:00,1,613E2580,0,,191.64,1,0,1
B025,2022-06-20 13:00:00,0,613H2404,0.003956706784,,,1,0,0
B025,2022-06-20 13:00:00,1,613E2580,0,,191.63,1,0,1
B025,2022-06-20 14:00:00,0,613H2404,0,,,1,0,0
B025,2022-06-20 14:00:00,1,613E2580,0,,191.61,1,0,1
B025,2022-06-20 15:00:00,0,613H2404,0,,,1,0,0
B025,2022-06-20 15:00:00,1,613E2580,0,,191.6,1,0,1
B025,2022-06-20 16:00:00,0,613H2404,0,,,1,0,0
B025,2022-06-20 16:00:00,1,613E2580,0,,191.59,1,0,1
B025,2022-06-20 17:00:00,0,613H2404,0,,,1,0,0
B025,2022-06-20 17:00:00,1,613E2580,0,,191.57,1,0,1
B025,2022-06-20 18:00:00,0,613H2404,0,,,1,0,0
B025,2022-06-20 18:00:00,1,613E2580,0,,191.56,1,0,1
B025,2022-06-20 19:00:00,0,613H2404,0,,,1,0,0
B025,2022-06-20 19:00:00,1,613E2580,0,,191.55,1,0,1
B025,2022-06-20 20:00:00,0,613H2404,0,,,1,0,0
B025,2022-06-20 20:00:00,1,613E2580,0,,191.54,1,0,1
B025,2022-06-20 21:00:00,0,613H2404,0,,,1,0,0
B025,2022-06-20 21:00:00,1,613E2580,0,,191.53,1,0,1
B025,2022-06-20 22:00:00,0,613H2404,0.02374024071,,,1,0,0
B025,2022-06-20 22:00:00,1,613E2580,0,,191.52,1,0,1
B025,2022-06-20 23:00:00,0,613H2404,0.01582682714,,,1,0,0
B025,2022-06-20 23:00:00,1,613E2580,0,,191.51,1,0,1
B025,2022-06-21 00:00:00,0,613H2404,0,,,1,0,0
B025,2022-06-21 00:00:00,1,613E2580,0,,191.5,1,0,1
B025,2022-06-21 01:00:00,0,613H2404,0,,,1,0,0
B025,2022-06-21 01:00:00,1,613E2580,0,,191.5,1,0,1
B025,2022-06-21 02:00:00,0,613H2404,0,,,1,0,0
B025,2022-06-21 02:00:00,1,613E2580,0,,191.52,1,0,1
B025,2022-06-21 03:00:00,0,613H2404,0,,,1,0,0
B025,2022-06-21 03:00:00,1,613E2580,0,,191.52,1,0,1
B025,2022-06-21 04:00:00,0,613H2404,0,,,1,0,0
B025,2022-06-21 04:00:00,1,613E2580,0,,191.52,1,0,1
B025,2022-06-21 05:00:00,0,613H2404,0,,,1,0,0
B025,2022-06-21 05:00:00,1,613E2580,0,,191.5,1,0,1
B025,2022-06-21 06:00:00,0,613H2404,0,,,1,0,0
B025,2022-06-21 06:00:00,1,613E2580,0,,191.5,1,0,1
B025,2022-06-21 07:00:00,0,613H2404,0.3384287859,,,1,0,0
B025,2022-06-21 07:00:00,1,613E2580,0.9005685711,,191.49,1,0,1
B025,2022-06-21 08:00:00,0,613H2404,0,,,1,0,0
B025,2022-06-21 08:00:00,1,613E2580,0.5628553569,,191.49,1,0,1
B025,2022-06-21 09:00:00,0,613H2404,0,,,1,0,0
B025,2022-06-21 09:00:00,1,613E2580,0,,191.49,1,0,1
B025,2022-06-21 10:00:00,0,613H2404,0.04388385791,,,1,0,0
B025,2022-06-21 10:00:00,1,613E2580,0,,191.49,1,0,1
B025,2022-06-21 11:00:00,0,613H2404,0,,,1,0,0
B025,2022-06-21 11:00:00,1,613E2580,0,,191.49,1,0,1
B025,2022-06-21 12:00:00,0,613H2404,0,,,1,0,0
B025,2022-06-21 12:00:00,1,613E2580,0,,191.48,1,0,1
B025,2022-06-21 13:00:00,0,613H2404,0,,,1,0,0
B025,2022-06-21 13:00:00,1,613E2580,0,,191.47,1,0,1
B025,2022-06-21 14:00:00,0,613H2404,0,,,1,0,0
B025,2022-06-21 14:00:00,1,613E2580,0,,191.47,1,0,1
B025,2022-06-21 15:00:00,0,613H2404,0,,,1,0,0
B025,2022-06-21 15:00:00,1,613E2580,0,,191.46,1,0,1
B025,2022-06-21 16:00:00,0,613H2404,0,,,1,0,0
B025,2022-06-21 16:00:00,1,613E2580,0,,191.45,1,0,1
B025,2022-06-21 17:00:00,0,613H2404,0,,,1,0,0
B025,2022-06-21 17:00:00,1,613E2580,0,,191.45,1,0,1
B025,2022-06-21 18:00:00,0,613H2404,0,,,1,0,0
B025,2022-06-21 18:00:00,1,613E2580,0,,191.44,1,0,1
B025,2022-06-21 19:00:00,0,613H2404,0,,,1,0,0
B025,2022-06-21 19:00:00,1,613E2580,0,,191.44,1,0,1
B025,2022-06-21 20:00:00,0,613H2404,0,,,1,0,0
B025,2022-06-21 20:00:00,1,613E2580,0,,191.44,1,0,1
B025,2022-06-21 21:00:00,0,613H2404,1.572826727,,,1,0,0
B025,2022-06-21 21:00:00,1,613E2580,0,,191.44,1,0,1
B025,2022-06-30 07:00:00,0,613H2404,0,,,1,0,0
B025,2022-06-30 07:00:00,1,613E2580,0,,191.21,1,0,1
B025,2022-06-30 08:00:00,0,613H2404,0,,,1,0,0
B025,2022-06-30 08:00:00,1,613E2580,0,,191.21,1,0,1
B025,2022-06-30 09:00:00,0,613H2404,0,,,1,0,0
B025,2022-06-30 09:00:00,1,613E2580,0,,191.21,1,0,1
B025,2022-06-30 10:00:00,0,613H2404,0,,,1,0,0
B025,2022-06-30 10:00:00,1,613E2580,0,,191.21,1,0,1
B025,2022-06-30 11:00:00,0,613H2404,0,,,1,0,0
B025,2022-06-30 11:00:00,1,613E2580,0,,191.21,1,0,1
B025,2022-06-30 12:00:00,0,613H2404,0,,,1,0,0
B025,2022-06-30 12:00:00,1,613E2580,0,,191.21,1,0,1
B025,2022-06-30 13:00:00,0,613H2404,0,,,1,0,0
B025,2022-06-30 13:00:00,1,613E2580,0,,191.21,1,0,1
B025,2022-06-30 14:00:00,0,613H2404,0,,,1,0,0
B025,2022-06-30 14:00:00,1,613E2580,0,,191.21,1,0,1
B025,2022-06-30 15:00:00,0,613H2404,0,,,1,0,0
B025,2022-06-30 15:00:00,1,613E2580,0,,191.21,1,0,1
B025,2022-06-30 16:00:00,0,613H2404,0,,,1,0,0
B025,2022-06-30 16:00:00,1,613E2580,0,,191.2,1,0,1
B025,2022-06-30 17:00:00,0,613H2404,0,,,1,0,0
B025,2022-06-30 17:00:00,1,613E2580,0,,191.2,1,0,1
B025,2022-06-30 18:00:00,0,613H2404,0,,,1,0,0
B025,2022-06-30 18:00:00,1,613E2580,0,,191.2,1,0,1
B025,2022-06-30 19:00:00,0,613H2404,0,,,1,0,0
B025,2022-06-30 19:00:00,1,613E2580,0,,191.2,1,0,1
B025,2022-06-30 20:00:00,0,613H2404,0,,,1,0,0
B025,2022-06-30 20:00:00,1,613E2580,0,,191.2,1,0,1
B025,2022-06-30 21:00:00,0,613H2404,0,,,1,0,0
B025,2022-06-30 21:00:00,1,613E2580,0,,191.2,1,0,1
B025,2022-06-30 22:00:00,0,613H2404,0,,,1,0,0
B025,2022-06-30 22:00:00,1,613E2580,0,,191.2,1,0,1
B025,2022-06-30 23:00:00,0,613H2404,0,,,1,0,0
B025,2022-06-30 23:00:00,1,613E2580,0,,191.2,1,0,1
B025,2022-07-01 00:00:00,0,613H2404,0,,,1,0,0
B025,2022-07-01 00:00:00,1,613E2580,0,,191.2,1,0,1
B025,2022-07-01 01:00:00,0,613H2404,0,,,1,0,0
B025,2022-07-01 01:00:00,1,613E2580,0,,191.2,1,0,1
B025,2022-07-01 02:00:00,0,613H2404,0,,,1,0,0
B025,2022-07-01 02:00:00,1,613E2580,0,,191.2,1,0,1
B025,2022-07-01 03:00:00,0,613H2404,0,,,1,0,0
B025,2022-07-01 03:00:00,1,613E2580,0,,191.2,1,0,1
B025,2022-07-01 04:00:00,0,613H2404,0,,,1,0,0
B025,2022-07-01 04:00:00,1,613E2580,0,,191.2,1,0,1
B025,2022-07-01 05:00:00,0,613H2404,0,,,1,0,0
B025,2022-07-01 05:00:00,1,613E2580,0,,191.2,1,0,1
B025,2022-07-01 06:00:00,0,613H2404,0,,,1,0,0
B025,2022-07-01 06:00:00,1,613E2580,0,,191.2,1,0,1
B025,2022-07-01 07:00:00,0,613H2404,0,,,1,0,0
B025,2022-07-01 07:00:00,1,613E2580,0,,191.2,1,0,1
B025,2022-07-01 08:00:00,0,613H2404,0,,,1,0,0
B025,2022-07-01 08:00:00,1,613E2580,0,,191.19,1,0,1
B025,2022-07-01 09:00:00,0,613H2404,0,,,1,0,0
B025,2022-07-01 09:00:00,1,613E2580,0,,191.19,1,0,1
B025,2022-07-01 10:00:00,0,613H2404,0,,,1,0,0
B025,2022-07-01 10:00:00,1,613E2580,0,,191.19,1,0,1
B025,2022-07-01 11:00:00,0,613H2404,0,,,1,0,0
B025,2022-07-01 11:00:00,1,613E2580,0,,191.19,1,0,1
B025,2022-07-01 12:00:00,0,613H2404,0,,,1,0,0
B025,2022-07-01 12:00:00,1,613E2580,0,,191.19,1,0,1
B025,2022-07-01 13:00:00,0,613H2404,0,,,1,0,0
B025,2022-07-01 13:00:00,1,613E2580,0,,191.19,1,0,1
B025,2022-07-01 14:00:00,0,613H2404,0,,,1,0,0
B025,2022-07-01 14:00:00,1,613E2580,0,,191.18,1,0,1
B025,2022-07-01 15:00:00,0,613H2404,0.4956023501,,,1,0,0
B025,2022-07-01 15:00:00,1,613E2580,0.1125710714,,191.18,1,0,1
B025,2022-07-01 16:00:00,0,613H2404,0.5061363047,,,1,0,0
B025,2022-07-01 16:00:00,1,613E2580,0.2251421428,,191.18,1,0,1
B025,2022-07-01 17:00:00,0,613H2404,0.09830167042,,,1,0,0
B025,2022-07-01 17:00:00,1,613E2580,0,,191.18,1,0,1
B025,2022-07-01 18:00:00,0,613H2404,0.01462795264,,,1,0,0
B025,2022-07-01 18:00:00,1,613E2580,0,,191.18,1,0,1
B025,2022-07-01 19:00:00,0,613H2404,0,,,1,0,0
B025,2022-07-01 19:00:00,1,613E2580,0,,191.18,1,0,1
B025,2022-07-01 20:00:00,0,613H2404,0,,,1,0,0
B025,2022-07-01 20:00:00,1,613E2580,0,,191.19,1,0,1
B025,2022-07-01 21:00:00,0,613H2404,0.01462795264,,,1,0,0
B025,2022-07-01 21:00:00,1,613E2580,0,,191.19,1,0,1
B025,2022-07-01 22:00:00,0,613H2404,0,,,1,0,0
B025,2022-07-01 22:00:00,1,613E2580,0,,191.19,1,0,1
B025,2022-07-01 23:00:00,0,613H2404,0,,,1,0,0
B025,2022-07-01 23:00:00,1,613E2580,0,,191.19,1,0,1
B025,2022-07-02 00:00:00,0,613H2404,0,,,1,0,0
B025,2022-07-02 00:00:00,1,613E2580,0,,191.2,1,0,1
B025,2022-07-02 01:00:00,0,613H2404,0,,,1,0,0
B025,2022-07-02 01:00:00,1,613E2580,0,,191.2,1,0,1
B025,2022-07-02 02:00:00,0,613H2404,0,,,1,0,0
B025,2022-07-02 02:00:00,1,613E2580,0,,191.2,1,0,1
B025,2022-07-02 03:00:00,0,613H2404,0,,,1,0,0
B025,2022-07-02 03:00:00,1,613E2580,0,,191.2,1,0,1
B025,2022-07-02 04:00:00,0,613H2404,0,,,1,0,0
B025,2022-07-02 04:00:00,1,613E2580,0,,191.2,1,0,1
B025,2022-07-02 05:00:00,0,613H2404,0,,,1,0,0
B025,2022-07-02 05:00:00,1,613E2580,0,,191.2,1,0,1
B025,2022-07-02 06:00:00,0,613H2404,0,,,1,0,0
B025,2022-07-02 06:00:00,1,613E2580,0,,191.21,1,0,1
B025,2022-07-02 07:00:00,0,613H2404,0.9830167042,,,1,0,0
B025,2022-07-02 07:00:00,1,613E2580,0.3377132142,,191.21,1,0,1
B025,2022-07-02 08:00:00,0,613H2404,0.09830167042,,,1,0,0
B025,2022-07-02 08:00:00,1,613E2580,0,,191.21,1,0,1
B025,2022-07-02 09:00:00,0,613H2404,0,,,1,0,0
B025,2022-07-02 09:00:00,1,613E2580,0,,191.21,1,0,1
B025,2022-07-02 10:00:00,0,613H2404,0,,,1,0,0
B025,2022-07-02 10:00:00,1,613E2580,0,,191.21,1,0,1
B025,2022-07-02 11:00:00,0,613H2404,0,,,1,0,0
B025,2022-07-02 11:00:00,1,613E2580,0,,191.21,1,0,1
B025,2022-07-02 12:00:00,0,613H2404,0,,,1,0,0
B025,2022-07-02 12:00:00,1,613E2580,0,,191.21,1,0,1
B025,2022-07-02 13:00:00,0,613H2404,0.01187012035,,,1,0,0
B025,2022-07-02 13:00:00,1,613E2580,0.5628553569,,191.21,1,0,1
B025,2022-07-02 14:00:00,0,613H2404,0.3107318384,,,1,0,0
B025,2022-07-02 14:00:00,1,613E2580,0,,191.21,1,0,1
B025,2022-07-02 15:00:00,0,613H2404,0,,,1,0,0
B025,2022-07-02 15:00:00,1,613E2580,0,,191.21,1,0,1
B025,2022-07-02 16:00:00,0,613H2404,0,,,1,0,0
B025,2022-07-02 16:00:00,1,613E2580,0,,191.21,1,0,1
B025,2022-07-02 17:00:00,0,613H2404,0,,,1,0,0
B025,2022-07-02 17:00:00,1,613E2580,0,,191.22,1,0,1
B025,2022-07-02 18:00:00,0,613H2404,0,,,1,0,0
B025,2022-07-02 18:00:00,1,613E2580,1.013139642,,191.22,1,0,1
B025,2022-07-02 19:00:00,0,613H2404,2.842715818,,,1,0,0
B025,2022-07-02 19:00:00,1,613E2580,2.026279285,,191.22,1,0,1
B025,2022-07-02 20:00:00,0,613H2404,0.6934045655,,,1,0,0
B025,2022-07-02 20:00:00,1,613E2580,0.3377132142,,191.23,1,0,1
B025,2022-07-02 21:00:00,0,613H2404,0.2151880003,,,1,0,0
B025,2022-07-02 21:00:00,1,613E2580,0.5628553569,,191.25,1,0,1
B025,2022-07-02 22:00:00,0,613H2404,0,,,1,0,0
B025,2022-07-02 22:00:00,1,613E2580,0.1125710714,,191.27,1,0,1
B025,2022-07-02 23:00:00,0,613H2404,0,,,1,0,0
B025,2022-07-02 23:00:00,1,613E2580,0,,191.3,1,0,1
B025,2022-07-03 00:00:00,0,613H2404,0.01462795264,,,1,0,0
B025,2022-07-03 00:00:00,1,613E2580,0,,191.33,1,0,1
B025,2022-07-03 01:00:00,0,613H2404,0,,,1,0,0
B025,2022-07-03 01:00:00,1,613E2580,0,,191.39,1,0,1
B025,2022-07-03 02:00:00,0,613H2404,0,,,1,0,0
B025,2022-07-03 02:00:00,1,613E2580,0,,191.48,1,0,1
B025,2022-07-03 03:00:00,0,613H2404,0.003956706784,,,1,0,0
B025,2022-07-03 03:00:00,1,613E2580,0,,191.5,1,0,1
B025,2022-07-03 04:00:00,0,613H2404,0,,,1,0,0
B025,2022-07-03 04:00:00,1,613E2580,0,,191.5,1,0,1
B025,2022-07-03 05:00:00,0,613H2404,0,,,1,0,0
B025,2022-07-03 05:00:00,1,613E2580,0,,191.5,1,0,1
B025,2022-07-03 06:00:00,0,613H2404,0,,,1,0,0
B025,2022-07-03 06:00:00,1,613E2580,0,,191.49,1,0,1
B025,2022-07-03 07:00:00,0,613H2404,3.488654945,,,1,0,0
B025,2022-07-03 07:00:00,1,613E2580,4.615413927,,191.48,1,0,1
B025,2022-07-03 08:00:00,0,613H2404,0,,,1,0,0
B025,2022-07-03 08:00:00,1,613E2580,0,,191.46,1,0,1
B025,2022-07-03 09:00:00,0,613H2404,0,,,1,0,0
B025,2022-07-03 09:00:00,1,613E2580,0,,191.44,1,0,1
B025,2022-07-03 10:00:00,0,613H2404,0,,,1,0,0
B025,2022-07-03 10:00:00,1,613E2580,0,,191.43,1,0,1
B025,2022-07-03 11:00:00,0,613H2404,0,,,1,0,0
B025,2022-07-03 11:00:00,1,613E2580,0,,191.42,1,0,1
B025,2022-07-03 12:00:00,0,613H2404,0.01187012035,,,1,0,0
B025,2022-07-03 12:00:00,1,613E2580,0,,191.41,1,0,1
B025,2022-07-03 13:00:00,0,613H2404,0.4078864248,,,1,0,0
B025,2022-07-03 13:00:00,1,613E2580,0.7879974997,,191.39,1,0,1
B025,2022-07-03 14:00:00,0,613H2404,1.016143815,,,1,0,0
B025,2022-07-03 14:00:00,1,613E2580,1.913708214,,191.39,1,0,1
B025,2022-07-03 15:00:00,0,613H2404,0.4596319058,,,1,0,0
B025,2022-07-03 15:00:00,1,613E2580,0,,191.43,1,0,1
B025,2022-07-03 16:00:00,0,613H2404,0.1168863298,,,1,0,0
B025,2022-07-03 16:00:00,1,613E2580,0.3377132142,,192.03,1,0,1
B025,2022-07-03 17:00:00,0,613H2404,0,,,1,0,0
B025,2022-07-03 17:00:00,1,613E2580,0.1125710714,,192.28,1,0,1
B025,2022-07-03 18:00:00,0,613H2404,0,,,1,0,0
B025,2022-07-03 18:00:00,1,613E2580,0,,192.13,1,0,1
B025,2022-07-03 19:00:00,0,613H2404,0,,,1,0,0
B025,2022-07-03 19:00:00,1,613E2580,0,,192,1,0,1
B025,2022-07-03 20:00:00,0,613H2404,0.03321261206,,,1,0,0
B025,2022-07-03 20:00:00,1,613E2580,0.1125710714,,191.91,1,0,1
B025,2022-07-03 21:00:00,0,613H2404,0,,,1,0,0
B025,2022-07-03 21:00:00,1,613E2580,0,,191.84,1,0,1
B025,2022-07-03 22:00:00,0,613H2404,0,,,1,0,0
B025,2022-07-03 22:00:00,1,613E2580,0,,191.78,1,0,1
B025,2022-07-03 23:00:00,0,613H2404,0,,,1,0,0
B025,2022-07-03 23:00:00,1,613E2580,0,,191.74,1,0,1
B025,2022-07-04 00:00:00,0,613H2404,0.2084734612,,,1,0,0
B025,2022-07-04 00:00:00,1,613E2580,0,,191.69,1,0,1
B025,2022-07-04 01:00:00,0,613H2404,0.4224625869,,,1,0,0
B025,2022-07-04 01:00:00,1,613E2580,0,,191.66,1,0,1
B025,2022-07-04 02:00:00,0,613H2404,0,,,1,0,0
B025,2022-07-04 02:00:00,1,613E2580,0,,191.63,1,0,1
B025,2022-07-04 03:00:00,0,613H2404,0,,,1,0,0
B025,2022-07-04 03:00:00,1,613E2580,0,,191.6,1,0,1
B025,2022-07-04 04:00:00,0,613H2404,0.01462795264,,,1,0,0
B025,2022-07-04 04:00:00,1,613E2580,0,,191.58,1,0,1
B025,2022-07-04 05:00:00,0,613H2404,0,,,1,0,0
B025,2022-07-04 05:00:00,1,613E2580,0,,191.56,1,0,1
B025,2022-07-04 06:00:00,0,613H2404,0,,,1,0,0
B025,2022-07-04 06:00:00,1,613E2580,0,,191.54,1,0,1
B025,2022-07-04 07:00:00,0,613H2404,8.175907216,,,1,0,0
B025,2022-07-04 07:00:00,1,613E2580,5.403411426,,191.52,1,0,1
B025,2022-07-04 08:00:00,0,613H2404,0.139427696,,,1,0,0
B025,2022-07-04 08:00:00,1,613E2580,0.2251421428,,191.52,1,0,1
B025,2022-07-04 09:00:00,0,613H2404,0.01858465942,,,1,0,0
B025,2022-07-04 09:00:00,1,613E2580,0.1125710714,,191.5,1,0,1
B025,2022-07-04 10:00:00,0,613H2404,0.1022583772,,,1,0,0
B025,2022-07-04 10:00:00,1,613E2580,0,,191.5,1,0,1
B025,2022-07-04 11:00:00,0,613H2404,0,,,1,0,0
B025,2022-07-04 11:00:00,1,613E2580,0,,191.5,1,0,1
B025,2022-07-04 12:00:00,0,613H2404,0,,,1,0,0
B025,2022-07-04 12:00:00,1,613E2580,0,,191.5,1,0,1
B025,2022-07-04 13:00:00,0,613H2404,0,,,1,0,0
B025,2022-07-04 13:00:00,1,613E2580,0,,191.5,1,0,1
B025,2022-07-04 14:00:00,0,613H2404,0,,,1,0,0
B025,2022-07-04 14:00:00,1,613E2580,0,,191.51,1,0,1
B025,2022-07-04 15:00:00,0,613H2404,0,,,1,0,0
B025,2022-07-04 15:00:00,1,613E2580,0,,191.52,1,0,1
B025,2022-07-04 16:00:00,0,613H2404,0,,,1,0,0
B025,2022-07-04 16:00:00,1,613E2580,0,,191.51,1,0,1
B025,2022-07-04 17:00:00,0,613H2404,0,,,1,0,0
B025,2022-07-04 17:00:00,1,613E2580,0,,191.51,1,0,1
B025,2022-07-04 18:00:00,0,613H2404,0,,,1,0,0
B025,2022-07-04 18:00:00,1,613E2580,0,,191.5,1,0,1
B025,2022-07-04 19:00:00,0,613H2404,0,,,1,0,0
B025,2022-07-04 19:00:00,1,613E2580,0,,191.49,1,0,1
B025,2022-07-04 20:00:00,0,613H2404,0,,,1,0,0
B025,2022-07-04 20:00:00,1,613E2580,0,,191.49,1,0,1
B025,2022-07-04 21:00:00,0,613H2404,0,,,1,0,0
B025,2022-07-04 21:00:00,1,613E2580,0,,191.47,1,0,1
B025,2022-07-04 22:00:00,0,613H2404,0.2949050113,,,1,0,0
B025,2022-07-04 22:00:00,1,613E2580,0,,191.46,1,0,1
B025,2022-07-04 23:00:00,0,613H2404,0,,,1,0,0
B025,2022-07-04 23:00:00,1,613E2580,0,,191.45,1,0,1
B025,2022-07-05 00:00:00,0,613H2404,0,,,1,0,0
B025,2022-07-05 00:00:00,1,613E2580,0,,191.44,1,0,1
B025,2022-07-05 01:00:00,0,613H2404,0,,,1,0,0
B025,2022-07-05 01:00:00,1,613E2580,0,,191.44,1,0,1
B025,2022-07-05 02:00:00,0,613H2404,0,,,1,0,0
B025,2022-07-05 02:00:00,1,613E2580,0,,191.43,1,0,1
B025,2022-07-05 03:00:00,0,613H2404,0,,,1,0,0
B025,2022-07-05 03:00:00,1,613E2580,0,,191.43,1,0,1
B025,2022-07-05 04:00:00,0,613H2404,0,,,1,0,0
B025,2022-07-05 04:00:00,1,613E2580,0,,191.41,1,0,1
B025,2022-07-05 05:00:00,0,613H2404,0,,,1,0,0
B025,2022-07-05 05:00:00,1,613E2580,0,,191.41,1,0,1
B025,2022-07-05 06:00:00,0,613H2404,0,,,1,0,0
B025,2022-07-05 06:00:00,1,613E2580,0,,191.4,1,0,1
B025,2022-07-05 07:00:00,0,613H2404,0.511291886,,,1,0,0
B025,2022-07-05 07:00:00,1,613E2580,0.3377132142,,191.4,1,0,1
B025,2022-07-05 08:00:00,0,613H2404,0,,,1,0,0
B025,2022-07-05 08:00:00,1,613E2580,0,,191.39,1,0,1
B025,2022-07-05 09:00:00,0,613H2404,0,,,1,0,0
B025,2022-07-05 09:00:00,1,613E2580,0,,191.39,1,0,1
B025,2022-07-05 10:00:00,0,613H2404,0,,,1,0,0
B025,2022-07-05 10:00:00,1,613E2580,0,,191.38,1,0,1
B025,2022-07-05 11:00:00,0,613H2404,0,,,1,0,0
B025,2022-07-05 11:00:00,1,613E2580,0,,191.38,1,0,1
B025,2022-07-05 12:00:00,0,613H2404,0,,,1,0,0
B025,2022-07-05 12:00:00,1,613E2580,0,,191.37,1,0,1
B025,2022-07-05 13:00:00,0,613H2404,0,,,1,0,0
B025,2022-07-05 13:00:00,1,613E2580,0,,191.37,1,0,1
B025,2022-07-05 14:00:00,0,613H2404,0,,,1,0,0
B025,2022-07-05 14:00:00,1,613E2580,0,,191.37,1,0,1
B025,2022-07-05 15:00:00,0,613H2404,0,,,1,0,0
B025,2022-07-05 15:00:00,1,613E2580,0,,191.36,1,0,1
B025,2022-07-05 16:00:00,0,613H2404,0,,,1,0,0
B025,2022-07-05 16:00:00,1,613E2580,0,,191.36,1,0,1
B025,2022-07-05 17:00:00,0,613H2404,0,,,1,0,0
B025,2022-07-05 17:00:00,1,613E2580,0,,191.36,1,0,1
B025,2022-07-05 18:00:00,0,613H2404,0,,,1,0,0
B025,2022-07-05 18:00:00,1,613E2580,0,,191.36,1,0,1
B025,2022-07-05 19:00:00,0,613H2404,0,,,1,0,0
B025,2022-07-05 19:00:00,1,613E2580,0,,191.35,1,0,1
B025,2022-07-05 20:00:00,0,613H2404,1.694645846,,,1,0,0
B025,2022-07-05 20:00:00,1,613E2580,0,,191.35,1,0,1
B025,2022-07-05 21:00:00,0,613H2404,3.723318187,,,1,0,0
B025,2022-07-05 21:00:00,1,613E2580,0.5628553569,,191.34,1,0,1
B025,2022-07-05 22:00:00,0,613H2404,0.09496096282,,,1,0,0
B025,2022-07-05 22:00:00,1,613E2580,0.1125710714,,191.34,1,0,1
B025,2022-07-05 23:00:00,0,613H2404,1.538225572,,,1,0,0
B025,2022-07-05 23:00:00,1,613E2580,0.1125710714,,191.34,1,0,1
B025,2022-07-06 00:00:00,0,613H2404,0.2788553921,,,1,0,0
B025,2022-07-06 00:00:00,1,613E2580,0.7879974997,,191.34,1,0,1
B025,2022-07-06 01:00:00,0,613H2404,0.139427696,,,1,0,0
B025,2022-07-06 01:00:00,1,613E2580,0.9005685711,,191.34,1,0,1
B025,2022-07-06 02:00:00,0,613H2404,0.1168863298,,,1,0,0
B025,2022-07-06 02:00:00,1,613E2580,0.3377132142,,191.85,1,0,1
B025,2022-07-06 03:00:00,0,613H2404,0,,,1,0,0
B025,2022-07-06 03:00:00,1,613E2580,0,,192.29,1,0,1
B025,2022-07-06 04:00:00,0,613H2404,0,,,1,0,0
B025,2022-07-06 04:00:00,1,613E2580,0,,192.29,1,0,1
B025,2022-07-06 05:00:00,0,613H2404,0,,,1,0,0
B025,2022-07-06 05:00:00,1,613E2580,0,,192.21,1,0,1
B025,2022-07-06 06:00:00,0,613H2404,0,,,1,0,0
B025,2022-07-06 06:00:00,1,613E2580,0,,192.12,1,0,1
B025,2022-07-06 07:00:00,0,613H2404,7.132853453,,,1,0,0
B025,2022-07-06 07:00:00,1,613E2580,2.814276785,,192.05,1,0,1
B025,2022-07-06 08:00:00,0,613H2404,0,,,1,0,0
B025,2022-07-06 08:00:00,1,613E2580,0,,191.99,1,0,1
B025,2022-07-06 09:00:00,0,613H2404,0.003956706784,,,1,0,0
B025,2022-07-06 09:00:00,1,613E2580,0,,191.93,1,0,1
B025,2022-07-06 10:00:00,0,613H2404,0,,,1,0,0
B025,2022-07-06 10:00:00,1,613E2580,0,,191.89,1,0,1
B025,2022-07-06 11:00:00,0,613H2404,0,,,1,0,0
B025,2022-07-06 11:00:00,1,613E2580,0,,191.85,1,0,1
B025,2022-07-06 12:00:00,0,613H2404,0,,,1,0,0
B025,2022-07-06 12:00:00,1,613E2580,0,,191.82,1,0,1
B025,2022-07-06 13:00:00,0,613H2404,0,,,1,0,0
B025,2022-07-06 13:00:00,1,613E2580,0,,191.78,1,0,1
B025,2022-07-06 14:00:00,0,613H2404,0,,,1,0,0
B025,2022-07-06 14:00:00,1,613E2580,0,,191.74,1,0,1
B025,2022-07-06 15:00:00,0,613H2404,0,,,1,0,0
B025,2022-07-06 15:00:00,1,613E2580,0,,,1,0,0
B025,2022-07-06 16:00:00,0,613H2404,0,,,1,0,0
B025,2022-07-06 16:00:00,1,613E2580,0,,191.7,1,0,1
B025,2022-07-06 17:00:00,0,613H2404,0,,,1,0,0
B025,2022-07-06 17:00:00,1,613E2580,0,,191.68,1,0,1
B025,2022-07-06 18:00:00,0,613H2404,0,,,1,0,0
B025,2022-07-06 18:00:00,1,613E2580,0,,191.65,1,0,1
B025,2022-07-06 19:00:00,0,613H2404,0,,,1,0,0
B025,2022-07-06 19:00:00,1,613E2580,0.1125710714,,191.63,1,0,1
B025,2022-07-06 20:00:00,0,613H2404,0,,,1,0,0
B025,2022-07-06 20:00:00,1,613E2580,0,,191.61,1,0,1
B025,2022-07-06 21:00:00,0,613H2404,0,,,1,0,0
B025,2022-07-06 21:00:00,1,613E2580,0,,191.59,1,0,1
B025,2022-07-06 22:00:00,0,613H2404,0,,,1,0,0
B025,2022-07-06 22:00:00,1,613E2580,0,,191.57,1,0,1
B025,2022-07-06 23:00:00,0,613H2404,0,,,1,0,0
B025,2022-07-06 23:00:00,1,613E2580,0,,191.56,1,0,1
B025,2022-07-07 00:00:00,0,613H2404,0,,,1,0,0
B025,2022-07-07 00:00:00,1,613E2580,0,,191.54,1,0,1
B025,2022-07-07 01:00:00,0,613H2404,0,,,1,0,0
B025,2022-07-07 01:00:00,1,613E2580,0,,191.53,1,0,1
B025,2022-07-07 02:00:00,0,613H2404,0,,,1,0,0
B025,2022-07-07 02:00:00,1,613E2580,0,,191.52,1,0,1
B025,2022-07-07 03:00:00,0,613H2404,0,,,1,0,0
B025,2022-07-07 03:00:00,1,613E2580,0,,191.5,1,0,1
B025,2022-07-07 04:00:00,0,613H2404,0,,,1,0,0
B025,2022-07-07 04:00:00,1,613E2580,0,,191.5,1,0,1
B025,2022-07-07 05:00:00,0,613H2404,0,,,1,0,0
B025,2022-07-07 05:00:00,1,613E2580,0.1125710714,,191.49,1,0,1
B025,2022-07-07 06:00:00,0,613H2404,0,,,1,0,0
B025,2022-07-07 06:00:00,1,613E2580,0,,191.48,1,0,1
B025,2022-07-07 07:00:00,0,613H2404,0.003956706784,,,1,0,0
B025,2022-07-07 07:00:00,1,613E2580,0.2251421428,,191.47,1,0,1
B025,2022-07-07 08:00:00,0,613H2404,0,,,1,0,0
B025,2022-07-07 08:00:00,1,613E2580,0,,191.46,1,0,1
B025,2022-07-07 09:00:00,0,613H2404,0,,,1,0,0
B025,2022-07-07 09:00:00,1,613E2580,0,,191.46,1,0,1
B025,2022-07-07 10:00:00,0,613H2404,0,,,1,0,0
B025,2022-07-07 10:00:00,1,613E2580,0,,191.45,1,0,1
B025,2022-07-07 11:00:00,0,613H2404,0,,,1,0,0
B025,2022-07-07 11:00:00,1,613E2580,0,,191.44,1,0,1
B025,2022-07-07 12:00:00,0,613H2404,0,,,1,0,0
B025,2022-07-07 12:00:00,1,613E2580,0,,191.44,1,0,1
B025,2022-07-07 13:00:00,0,613H2404,0,,,1,0,0
B025,2022-07-07 13:00:00,1,613E2580,1.238281785,,191.43,1,0,1
B025,2022-07-07 14:00:00,0,613H2404,0,,,1,0,0
B025,2022-07-07 14:00:00,1,613E2580,0,,191.44,1,0,1
B025,2022-07-07 15:00:00,0,613H2404,0,,,1,0,0
B025,2022-07-07 15:00:00,1,613E2580,0,,191.44,1,0,1
B025,2022-07-07 16:00:00,0,613H2404,0,,,1,0,0
B025,2022-07-07 16:00:00,1,613E2580,0,,191.43,1,0,1
B025,2022-07-07 17:00:00,0,613H2404,0,,,1,0,0
B025,2022-07-07 17:00:00,1,613E2580,0,,191.43,1,0,1
B025,2022-07-07 18:00:00,0,613H2404,0,,,1,0,0
B025,2022-07-07 18:00:00,1,613E2580,0,,191.43,1,0,1
B025,2022-07-07 19:00:00,0,613H2404,0,,,1,0,0
B025,2022-07-07 19:00:00,1,613E2580,0,,191.42,1,0,1
B025,2022-07-07 20:00:00,0,613H2404,0,,,1,0,0
B025,2022-07-07 20:00:00,1,613E2580,0,,191.41,1,0,1
B025,2022-07-07 21:00:00,0,613H2404,0,,,1,0,0
B025,2022-07-07 21:00:00,1,613E2580,0,,191.41,1,0,1
B025,2022-07-07 22:00:00,0,613H2404,0,,,1,0,0
B025,2022-07-07 22:00:00,1,613E2580,0,,191.41,1,0,1
B025,2022-07-07 23:00:00,0,613H2404,0,,,1,0,0
B025,2022-07-07 23:00:00,1,613E2580,0,,191.4,1,0,1
B025,2022-07-08 00:00:00,0,613H2404,0,,,1,0,0
B025,2022-07-08 00:00:00,1,613E2580,0,,191.39,1,0,1
B025,2022-07-08 01:00:00,0,613H2404,0,,,1,0,0
B025,2022-07-08 01:00:00,1,613E2580,0,,191.39,1,0,1
B025,2022-07-08 02:00:00,0,613H2404,0,,,1,0,0
B025,2022-07-08 02:00:00,1,613E2580,0,,191.39,1,0,1
B025,2022-07-08 03:00:00,0,613H2404,0,,,1,0,0
B025,2022-07-08 03:00:00,1,613E2580,0,,191.38,1,0,1
B025,2022-07-08 04:00:00,0,613H2404,0,,,1,0,0
B025,2022-07-08 04:00:00,1,613E2580,0,,191.38,1,0,1
B025,2022-07-08 05:00:00,0,613H2404,0,,,1,0,0
B025,2022-07-08 05:00:00,1,613E2580,0,,191.38,1,0,1
B025,2022-07-08 06:00:00,0,613H2404,0,,,1,0,0
B025,2022-07-08 06:00:00,1,613E2580,0,,191.37,1,0,1
B025,2022-07-08 07:00:00,0,613H2404,0,,,1,0,0
B025,2022-07-08 07:00:00,1,613E2580,1.238281785,,191.37,1,0,1
B025,2022-07-08 08:00:00,0,613H2404,0,,,1,0,0
B025,2022-07-08 08:00:00,1,613E2580,0,,191.37,1,0,1
B025,2022-07-08 09:00:00,0,613H2404,0,,,1,0,0
B025,2022-07-08 09:00:00,1,613E2580,0,,191.36,1,0,1
B025,2022-07-08 10:00:00,0,613H2404,0,,,1,0,0
B025,2022-07-08 10:00:00,1,613E2580,0,,191.36,1,0,1
B025,2023-03-31 20:00:00,0,613H2404,0.01462795264,,,1,0,0
B025,2023-03-31 20:00:00,1,613E2580,0,,191.18,1,0,1
B025,2023-03-31 21:00:00,0,613H2404,0,,,1,0,0
B025,2023-03-31 21:00:00,1,613E2580,0,,191.18,1,0,1
B025,2023-03-31 22:00:00,0,613H2404,0,,,1,0,0
B025,2023-03-31 22:00:00,1,613E2580,0,,191.18,1,0,1
B025,2023-03-31 23:00:00,0,613H2404,0,,,1,0,0
B025,2023-03-31 23:00:00,1,613E2580,0,,191.18,1,0,1
B025,2023-04-01 00:00:00,0,613H2404,0,,,1,0,0
B025,2023-04-01 00:00:00,1,613E2580,0,,191.18,1,0,1
B025,2023-04-01 01:00:00,0,613H2404,0,,,1,0,0
B025,2023-04-01 01:00:00,1,613E2580,0,,191.18,1,0,1
B025,2023-04-01 02:00:00,0,613H2404,0,,,1,0,0
B025,2023-04-01 02:00:00,1,613E2580,0,,191.18,1,0,1
B025,2023-04-01 03:00:00,0,613H2404,0,,,1,0,0
B025,2023-04-01 03:00:00,1,613E2580,0,,191.18,1,0,1
B025,2023-04-01 04:00:00,0,613H2404,0,,,1,0,0
B025,2023-04-01 04:00:00,1,613E2580,0,,191.18,1,0,1
B025,2023-04-01 05:00:00,0,613H2404,0,,,1,0,0
B025,2023-04-01 05:00:00,1,613E2580,0,,191.17,1,0,1
B025,2023-04-01 06:00:00,0,613H2404,0,,,1,0,0
B025,2023-04-01 06:00:00,1,613E2580,0,,191.17,1,0,1
B025,2023-04-01 07:00:00,0,613H2404,0,,,1,0,0
B025,2023-04-01 07:00:00,1,613E2580,0,,191.17,1,0,1
B025,2023-04-01 08:00:00,0,613H2404,0,,,1,0,0
B025,2023-04-01 08:00:00,1,613E2580,0,,191.17,1,0,1
B025,2023-04-01 09:00:00,0,613H2404,0,,,1,0,0
B025,2023-04-01 09:00:00,1,613E2580,0,,191.17,1,0,1
B025,2023-04-01 10:00:00,0,613H2404,0,,,1,0,0
B025,2023-04-01 10:00:00,1,613E2580,0,,191.17,1,0,1
B025,2023-04-01 11:00:00,0,613H2404,0,,,1,0,0
B025,2023-04-01 11:00:00,1,613E2580,0,,191.17,1,0,1
B025,2023-04-01 12:00:00,0,613H2404,0,,,1,0,0
B025,2023-04-01 12:00:00,1,613E2580,0,,191.17,1,0,1
B025,2023-04-01 13:00:00,0,613H2404,0,,,1,0,0
B025,2023-04-01 13:00:00,1,613E2580,0,,191.17,1,0,1
B025,2023-04-01 14:00:00,0,613H2404,0,,,1,0,0
B025,2023-04-01 14:00:00,1,613E2580,0,,191.17,1,0,1
B025,2023-04-01 15:00:00,0,613H2404,0,,,1,0,0
B025,2023-04-01 15:00:00,1,613E2580,0,,191.17,1,0,1
B025,2023-04-01 16:00:00,0,613H2404,0,,,1,0,0
B025,2023-04-01 16:00:00,1,613E2580,0,,191.17,1,0,1
B025,2023-04-01 17:00:00,0,613H2404,0,,,1,0,0
B025,2023-04-01 17:00:00,1,613E2580,0,,191.17,1,0,1
B025,2023-04-01 18:00:00,0,613H2404,0,,,1,0,0
B025,2023-04-01 18:00:00,1,613E2580,0,,191.17,1,0,1
B025,2023-04-01 19:00:00,0,613H2404,0,,,1,0,0
B025,2023-04-01 19:00:00,1,613E2580,0,,191.17,1,0,1
B025,2023-04-01 20:00:00,0,613H2404,0,,,1,0,0
B025,2023-04-01 20:00:00,1,613E2580,0,,191.17,1,0,1
B025,2023-04-01 21:00:00,0,613H2404,0,,,1,0,0
B025,2023-04-01 21:00:00,1,613E2580,0,,191.17,1,0,1
B025,2023-04-01 22:00:00,0,613H2404,0,,,1,0,0
B025,2023-04-01 22:00:00,1,613E2580,0,,191.17,1,0,1
B025,2023-04-01 23:00:00,0,613H2404,0,,,1,0,0
B025,2023-04-01 23:00:00,1,613E2580,0,,191.17,1,0,1
B025,2023-04-02 00:00:00,0,613H2404,0,,,1,0,0
B025,2023-04-02 00:00:00,1,613E2580,0,,191.17,1,0,1
B025,2023-04-02 01:00:00,0,613H2404,0,,,1,0,0
B025,2023-04-02 01:00:00,1,613E2580,0,,191.17,1,0,1
B025,2023-04-02 02:00:00,0,613H2404,0,,,1,0,0
B025,2023-04-02 02:00:00,1,613E2580,0,,191.17,1,0,1
B025,2023-04-02 03:00:00,0,613H2404,0,,,1,0,0
B025,2023-04-02 03:00:00,1,613E2580,0,,191.17,1,0,1
B025,2023-04-02 04:00:00,0,613H2404,0,,,1,0,0
B025,2023-04-02 04:00:00,1,613E2580,0,,191.17,1,0,1
B025,2023-04-02 05:00:00,0,613H2404,0,,,1,0,0
B025,2023-04-02 05:00:00,1,613E2580,0,,191.16,1,0,1
B025,2023-04-02 06:00:00,0,613H2404,0.2949050113,,,1,0,0
B025,2023-04-02 06:00:00,1,613E2580,0.2251421428,,191.16,1,0,1
B025,2023-04-02 07:00:00,0,613H2404,0.09830167042,,,1,0,0
B025,2023-04-02 07:00:00,1,613E2580,0.2251421428,,191.16,1,0,1
B025,2023-04-02 08:00:00,0,613H2404,0,,,1,0,0
B025,2023-04-02 08:00:00,1,613E2580,0,,191.16,1,0,1
B025,2023-04-02 09:00:00,0,613H2404,0,,,1,0,0
B025,2023-04-02 09:00:00,1,613E2580,0,,191.16,1,0,1
B025,2023-04-02 10:00:00,0,613H2404,0,,,1,0,0
B025,2023-04-02 10:00:00,1,613E2580,0,,191.16,1,0,1
B025,2023-04-02 11:00:00,0,613H2404,0,,,1,0,0
B025,2023-04-02 11:00:00,1,613E2580,0,,191.16,1,0,1
B025,2023-04-02 12:00:00,0,613H2404,0,,,1,0,0
B025,2023-04-02 12:00:00,1,613E2580,0,,191.16,1,0,1
B025,2023-04-02 13:00:00,0,613H2404,0,,,1,0,0
B025,2023-04-02 13:00:00,1,613E2580,0,,,1,0,0
B025,2023-04-02 14:00:00,0,613H2404,0,,,1,0,0
B025,2023-04-02 14:00:00,1,613E2580,0,,191.16,1,0,1
B025,2023-04-02 15:00:00,0,613H2404,0,,,1,0,0
B025,2023-04-02 15:00:00,1,613E2580,0,,191.17,1,0,1
B025,2023-04-02 16:00:00,0,613H2404,0,,,1,0,0
B025,2023-04-02 16:00:00,1,613E2580,0,,191.16,1,0,1
B025,2023-04-02 17:00:00,0,613H2404,0,,,1,0,0
B025,2023-04-02 17:00:00,1,613E2580,0,,191.16,1,0,1
B025,2023-04-02 18:00:00,0,613H2404,0,,,1,0,0
B025,2023-04-02 18:00:00,1,613E2580,0,,191.16,1,0,1
B025,2023-04-02 19:00:00,0,613H2404,0,,,1,0,0
B025,2023-04-02 19:00:00,1,613E2580,0,,191.16,1,0,1
B025,2023-04-02 20:00:00,0,613H2404,0.01462795264,,,1,0,0
B025,2023-04-02 20:00:00,1,613E2580,0,,191.16,1,0,1
B025,2023-04-02 21:00:00,0,613H2404,0.003956706784,,,1,0,0
B025,2023-04-02 21:00:00,1,613E2580,0.1125710714,,191.16,1,0,1
B025,2023-04-02 22:00:00,0,613H2404,0.01858465942,,,1,0,0
B025,2023-04-02 22:00:00,1,613E2580,0.1125710714,,191.16,1,0,1
B025,2023-04-02 23:00:00,0,613H2404,3.422693385,,,1,0,0
B025,2023-04-02 23:00:00,1,613E2580,2.363992499,,191.16,1,0,1
B025,2023-04-03 00:00:00,0,613H2404,0.2298159529,,,1,0,0
B025,2023-04-03 00:00:00,1,613E2580,0.6754264283,,191.17,1,0,1
B025,2023-04-03 01:00:00,0,613H2404,0.5433056236,,,1,0,0
B025,2023-04-03 01:00:00,1,613E2580,5.065698212,,191.17,1,0,1
B025,2023-04-03 02:00:00,0,613H2404,0.01582682714,,,1,0,0
B025,2023-04-03 02:00:00,1,613E2580,0.1125710714,,191.23,1,0,1
B025,2023-04-03 03:00:00,0,613H2404,0.09830167042,,,1,0,0
B025,2023-04-03 03:00:00,1,613E2580,0,,,1,0,0
B025,2023-04-03 04:00:00,0,613H2404,0,,,1,0,0
B025,2023-04-03 04:00:00,1,613E2580,0,,191.25,1,0,1
B025,2023-04-03 05:00:00,0,613H2404,0,,,1,0,0
B025,2023-04-03 05:00:00,1,613E2580,0,,191.33,1,0,1
B025,2023-04-03 06:00:00,0,613H2404,0,,,1,0,0
B025,2023-04-03 06:00:00,1,613E2580,0,,191.59,1,0,1
B025,2023-04-03 07:00:00,0,613H2404,3.732738767,,,1,0,0
B025,2023-04-03 07:00:00,1,613E2580,8.442830354,,191.66,1,0,1
B025,2023-04-03 08:00:00,0,613H2404,0,,,1,0,0
B025,2023-04-03 08:00:00,1,613E2580,0,,191.63,1,0,1
B025,2023-04-03 09:00:00,0,613H2404,0,,,1,0,0
B025,2023-04-03 09:00:00,1,613E2580,0,,191.59,1,0,1
B025,2023-04-03 10:00:00,0,613H2404,0,,,1,0,0
B025,2023-04-03 10:00:00,1,613E2580,0,,191.5,1,0,1
B025,2023-04-03 11:00:00,0,613H2404,0,,,1,0,0
B025,2023-04-03 11:00:00,1,613E2580,0,,191.48,1,0,1
B025,2023-04-03 12:00:00,0,613H2404,0,,,1,0,0
B025,2023-04-03 12:00:00,1,613E2580,0,,191.47,1,0,1
B025,2023-04-03 13:00:00,0,613H2404,0,,,1,0,0
B025,2023-04-03 13:00:00,1,613E2580,0,,191.47,1,0,1
B025,2023-04-03 14:00:00,0,613H2404,0,,,1,0,0
B025,2023-04-03 14:00:00,1,613E2580,0,,191.46,1,0,1
B025,2023-04-03 15:00:00,0,613H2404,0.1514351077,,,1,0,0
B025,2023-04-03 15:00:00,1,613E2580,0.5628553569,,191.48,1,0,1
B025,2023-04-03 16:00:00,0,613H2404,1.202161411,,,1,0,0
B025,2023-04-03 16:00:00,1,613E2580,3.489703213,,191.48,1,0,1
B025,2023-04-03 17:00:00,0,613H2404,0.3841461841,,,1,0,0
B025,2023-04-03 17:00:00,1,613E2580,4.502842855,,191.51,1,0,1
B025,2023-04-03 18:00:00,0,613H2404,0.4011200952,,,1,0,0
B025,2023-04-03 18:00:00,1,613E2580,0,,191.84,1,0,1
B025,2023-04-03 19:00:00,0,613H2404,0.2592091494,,,1,0,0
B025,2023-04-03 19:00:00,1,613E2580,0.1125710714,,192.5,1,0,1
B025,2023-04-03 20:00:00,0,613H2404,0.5117037598,,,1,0,0
B025,2023-04-03 20:00:00,1,613E2580,2.363992499,,192.48,1,0,1
B025,2023-04-03 21:00:00,0,613H2404,2.096589689,,,1,0,0
B025,2023-04-03 21:00:00,1,613E2580,1.913708214,,192.39,1,0,1
B025,2023-04-03 22:00:00,0,613H2404,1.439942568,,,1,0,0
B025,2023-04-03 22:00:00,1,613E2580,3.377132142,,192.58,1,0,1
B025,2023-04-03 23:00:00,0,613H2404,1.618235832,,,1,0,0
B025,2023-04-03 23:00:00,1,613E2580,4.840556069,,193.21,1,0,1
B025,2023-04-04 00:00:00,0,613H2404,0.7360895489,,,1,0,0
B025,2023-04-04 00:00:00,1,613E2580,2.138850356,,194.06,1,0,1
B025,2023-04-04 01:00:00,0,613H2404,0.8197632667,,,1,0,0
B025,2023-04-04 01:00:00,1,613E2580,1.125710714,,194.7,1,0,1
B025,2023-04-04 02:00:00,0,613H2404,0.4517184922,,,1,0,0
B025,2023-04-04 02:00:00,1,613E2580,0.7879974997,,194.66,1,0,1
B025,2023-04-04 03:00:00,0,613H2404,0.5646481153,,,1,0,0
B025,2023-04-04 03:00:00,1,613E2580,0.4502842855,,194.3,1,0,1
B025,2023-04-04 04:00:00,0,613H2404,2.170824745,,,1,0,0
B025,2023-04-04 04:00:00,1,613E2580,2.138850356,,193.87,1,0,1
B025,2023-04-04 05:00:00,0,613H2404,1.183714043,,,1,0,0
B025,2023-04-04 05:00:00,1,613E2580,0.9005685711,,193.53,1,0,1
B025,2023-04-04 06:00:00,0,613H2404,0.7941371088,,,1,0,0
B025,2023-04-04 06:00:00,1,613E2580,0.2251421428,,193.43,1,0,1
B025,2023-04-04 07:00:00,0,613H2404,0.8900079063,,,1,0,0
B025,2023-04-04 07:00:00,1,613E2580,0.4502842855,,193.34,1,0,1
B025,2023-04-04 08:00:00,0,613H2404,1.388008005,,,1,0,0
B025,2023-04-04 08:00:00,1,613E2580,0.5628553569,,193.31,1,0,1
B025,2023-04-04 09:00:00,0,613H2404,1.154235346,,,1,0,0
B025,2023-04-04 09:00:00,1,613E2580,0.9005685711,,193.28,1,0,1
B025,2023-04-04 10:00:00,0,613H2404,0.6866900264,,,1,0,0
B025,2023-04-04 10:00:00,1,613E2580,0.5628553569,,193.17,1,0,1
B025,2023-04-04 11:00:00,0,613H2404,0.263028565,,,1,0,0
B025,2023-04-04 11:00:00,1,613E2580,0.2251421428,,193.11,1,0,1
B025,2023-04-04 12:00:00,0,613H2404,0.5433056236,,,1,0,0
B025,2023-04-04 12:00:00,1,613E2580,0.3377132142,,193.12,1,0,1
B025,2023-04-04 13:00:00,0,613H2404,0.1022583772,,,1,0,0
B025,2023-04-04 13:00:00,1,613E2580,0.1125710714,,193.15,1,0,1
B025,2023-04-04 14:00:00,0,613H2404,0,,,1,0,0
B025,2023-04-04 14:00:00,1,613E2580,0,,193.11,1,0,1
B025,2023-04-04 15:00:00,0,613H2404,0,,,1,0,0
B025,2023-04-04 15:00:00,1,613E2580,0,,192.99,1,0,1
B025,2023-04-04 16:00:00,0,613H2404,0,,,1,0,0
B025,2023-04-04 16:00:00,1,613E2580,0,,192.8,1,0,1
B025,2023-04-04 17:00:00,0,613H2404,0,,,1,0,0
B025,2023-04-04 17:00:00,1,613E2580,0,,192.66,1,0,1
B025,2023-04-04 18:00:00,0,613H2404,0,,,1,0,0
B025,2023-04-04 18:00:00,1,613E2580,0,,192.52,1,0,1
B025,2023-04-04 19:00:00,0,613H2404,0,,,1,0,0
B025,2023-04-04 19:00:00,1,613E2580,0,,192.4,1,0,1
B025,2023-04-04 20:00:00,0,613H2404,0,,,1,0,0
B025,2023-04-04 20:00:00,1,613E2580,0,,192.3,1,0,1
B025,2023-04-04 21:00:00,0,613H2404,0,,,1,0,0
B025,2023-04-04 21:00:00,1,613E2580,0,,192.23,1,0,1
B025,2023-04-04 22:00:00,0,613H2404,0,,,1,0,0
B025,2023-04-04 22:00:00,1,613E2580,0,,192.16,1,0,1
B025,2023-04-04 23:00:00,0,613H2404,0,,,1,0,0
B025,2023-04-04 23:00:00,1,613E2580,0,,192.1,1,0,1
B025,2023-04-05 00:00:00,0,613H2404,0,,,1,0,0
B025,2023-04-05 00:00:00,1,613E2580,0,,192.05,1,0,1
B025,2023-04-05 01:00:00,0,613H2404,0,,,1,0,0
B025,2023-04-05 01:00:00,1,613E2580,0,,192,1,0,1
B025,2023-04-05 02:00:00,0,613H2404,0,,,1,0,0
B025,2023-04-05 02:00:00,1,613E2580,0,,191.97,1,0,1
B025,2023-04-05 03:00:00,0,613H2404,0,,,1,0,0
B025,2023-04-05 03:00:00,1,613E2580,0,,191.93,1,0,1
B025,2023-04-05 04:00:00,0,613H2404,0,,,1,0,0
B025,2023-04-05 04:00:00,1,613E2580,0,,191.9,1,0,1
B025,2023-04-05 05:00:00,0,613H2404,0,,,1,0,0
B025,2023-04-05 05:00:00,1,613E2580,0,,191.87,1,0,1
B025,2023-04-05 06:00:00,0,613H2404,0,,,1,0,0
B025,2023-04-05 06:00:00,1,613E2580,0,,191.84,1,0,1
B025,2023-04-05 07:00:00,0,613H2404,3.669431459,,,1,0,0
B025,2023-04-05 07:00:00,1,613E2580,2.701705713,,191.82,1,0,1
B025,2023-04-05 08:00:00,0,613H2404,0,,,1,0,0
B025,2023-04-05 08:00:00,1,613E2580,0,,191.8,1,0,1
B025,2023-04-05 09:00:00,0,613H2404,0,,,1,0,0
B025,2023-04-05 09:00:00,1,613E2580,0,,191.77,1,0,1
B025,2023-04-05 10:00:00,0,613H2404,0.2736998108,,,1,0,0
B025,2023-04-05 10:00:00,1,613E2580,0.2251421428,,191.75,1,0,1
B025,2023-04-05 11:00:00,0,613H2404,0.4422461209,,,1,0,0
B025,2023-04-05 11:00:00,1,613E2580,0.6754264283,,191.74,1,0,1
B025,2023-04-05 12:00:00,0,613H2404,0.003956706784,,,1,0,0
B025,2023-04-05 12:00:00,1,613E2580,0.1125710714,,191.72,1,0,1
B025,2023-04-05 13:00:00,0,613H2404,0,,,1,0,0
B025,2023-04-05 13:00:00,1,613E2580,0,,191.71,1,0,1
B025,2023-04-05 14:00:00,0,613H2404,0,,,1,0,0
B025,2023-04-05 14:00:00,1,613E2580,0,,191.69,1,0,1
B025,2023-04-05 15:00:00,0,613H2404,0,,,1,0,0
B025,2023-04-05 15:00:00,1,613E2580,0,,191.68,1,0,1
B025,2023-04-05 16:00:00,0,613H2404,0,,,1,0,0
B025,2023-04-05 16:00:00,1,613E2580,0,,191.67,1,0,1
B025,2023-04-05 17:00:00,0,613H2404,0,,,1,0,0
B025,2023-04-05 17:00:00,1,613E2580,0,,191.66,1,0,1
B025,2023-04-05 18:00:00,0,613H2404,0,,,1,0,0
B025,2023-04-05 18:00:00,1,613E2580,0,,191.65,1,0,1
B025,2023-04-05 19:00:00,0,613H2404,0.4224625869,,,1,0,0
B025,2023-04-05 19:00:00,1,613E2580,0,,191.65,1,0,1
B025,2023-04-05 20:00:00,0,613H2404,1.174241672,,,1,0,0
B025,2023-04-05 20:00:00,1,613E2580,0.5628553569,,191.63,1,0,1
B025,2023-04-05 21:00:00,0,613H2404,0.1022583772,,,1,0,0
B025,2023-04-05 21:00:00,1,613E2580,0.1125710714,,191.63,1,0,1
B025,2023-04-05 22:00:00,0,613H2404,0.003956706784,,,1,0,0
B025,2023-04-05 22:00:00,1,613E2580,0,,191.62,1,0,1
B025,2023-04-05 23:00:00,0,613H2404,0,,,1,0,0
B025,2023-04-05 23:00:00,1,613E2580,0,,191.61,1,0,1
B025,2023-04-06 00:00:00,0,613H2404,0,,,1,0,0
B025,2023-04-06 00:00:00,1,613E2580,0,,191.6,1,0,1
B025,2023-04-06 01:00:00,0,613H2404,0.1275575757,,,1,0,0
B025,2023-04-06 01:00:00,1,613E2580,0.2251421428,,191.6,1,0,1
B025,2023-04-06 02:00:00,0,613H2404,0.1247997434,,,1,0,0
B025,2023-04-06 02:00:00,1,613E2580,0.3377132142,,191.6,1,0,1
B025,2023-04-06 03:00:00,0,613H2404,0.9829312034,,,1,0,0
B025,2023-04-06 03:00:00,1,613E2580,0.5628553569,,191.6,1,0,1
B025,2023-04-06 04:00:00,0,613H2404,0.5990596018,,,1,0,0
B025,2023-04-06 04:00:00,1,613E2580,0.6754264283,,191.6,1,0,1
B025,2023-04-06 05:00:00,0,613H2404,0.4382894141,,,1,0,0
B025,2023-04-06 05:00:00,1,613E2580,0.3377132142,,191.61,1,0,1
B025,2023-04-06 06:00:00,0,613H2404,0.003956706784,,,1,0,0
B025,2023-04-06 06:00:00,1,613E2580,0,,191.63,1,0,1
B025,2023-04-06 07:00:00,0,613H2404,4.172809931,,,1,0,0
B025,2023-04-06 07:00:00,1,613E2580,0.1125710714,,191.66,1,0,1
B025,2023-04-06 08:00:00,0,613H2404,0,,,1,0,0
B025,2023-04-06 08:00:00,1,613E2580,0,,191.71,1,0,1
B025,2023-04-06 09:00:00,0,613H2404,0,,,1,0,0
B025,2023-04-06 09:00:00,1,613E2580,0,,191.76,1,0,1
B025,2023-04-06 10:00:00,0,613H2404,0,,,1,0,0
B025,2023-04-06 10:00:00,1,613E2580,0,,191.83,1,0,1
B025,2023-04-06 11:00:00,0,613H2404,0,,,1,0,0
B025,2023-04-06 11:00:00,1,613E2580,0,,191.91,1,0,1
B025,2023-04-06 12:00:00,0,613H2404,0,,,1,0,0
B025,2023-04-06 12:00:00,1,613E2580,0,,191.92,1,0,1
B025,2023-04-06 13:00:00,0,613H2404,0,,,1,0,0
B025,2023-04-06 13:00:00,1,613E2580,0,,191.91,1,0,1
B025,2023-04-06 14:00:00,0,613H2404,0,,,1,0,0
B025,2023-04-06 14:00:00,1,613E2580,0,,191.91,1,0,1
B025,2023-04-11 15:00:00,0,613H2404,0,,,1,0,0
B025,2023-04-11 15:00:00,1,613E2580,0.6754264283,,191.28,1,0,1
B025,2023-04-11 16:00:00,0,613H2404,0,,,1,0,0
B025,2023-04-11 16:00:00,1,613E2580,0.2251421428,,191.28,1,0,1
B025,2023-04-11 17:00:00,0,613H2404,0,,,1,0,0
B025,2023-04-11 17:00:00,1,613E2580,0,,191.28,1,0,1
B025,2023-04-11 18:00:00,0,613H2404,0,,,1,0,0
B025,2023-04-11 18:00:00,1,613E2580,0.1125710714,,191.28,1,0,1
B025,2023-04-11 19:00:00,0,613H2404,0,,,1,0,0
B025,2023-04-11 19:00:00,1,613E2580,0,,191.28,1,0,1
B025,2023-04-11 20:00:00,0,613H2404,0,,,1,0,0
B025,2023-04-11 20:00:00,1,613E2580,0,,191.28,1,0,1
B025,2023-04-11 21:00:00,0,613H2404,0,,,1,0,0
B025,2023-04-11 21:00:00,1,613E2580,0,,191.28,1,0,1
B025,2023-04-11 22:00:00,0,613H2404,0,,,1,0,0
B025,2023-04-11 22:00:00,1,613E2580,0,,191.28,1,0,1
B025,2023-04-11 23:00:00,0,613H2404,0,,,1,0,0
B025,2023-04-11 23:00:00,1,613E2580,0,,191.28,1,0,1
B025,2023-04-12 00:00:00,0,613H2404,0,,,1,0,0
B025,2023-04-12 00:00:00,1,613E2580,0,,191.28,1,0,1
B025,2023-04-12 01:00:00,0,613H2404,0,,,1,0,0
B025,2023-04-12 01:00:00,1,613E2580,0,,191.28,1,0,1
B025,2023-04-12 02:00:00,0,613H2404,0,,,1,0,0
B025,2023-04-12 02:00:00,1,613E2580,0,,191.28,1,0,1
B025,2023-04-12 03:00:00,0,613H2404,0,,,1,0,0
B025,2023-04-12 03:00:00,1,613E2580,0,,191.28,1,0,1
B025,2023-04-12 04:00:00,0,613H2404,0,,,1,0,0
B025,2023-04-12 04:00:00,1,613E2580,0,,191.27,1,0,1
B025,2023-04-12 05:00:00,0,613H2404,0,,,1,0,0
B025,2023-04-12 05:00:00,1,613E2580,0,,191.27,1,0,1
B025,2023-04-12 06:00:00,0,613H2404,0,,,1,0,0
B025,2023-04-12 06:00:00,1,613E2580,0,,191.27,1,0,1
B025,2023-04-12 07:00:00,0,613H2404,0,,,1,0,0
B025,2023-04-12 07:00:00,1,613E2580,2.589134642,,191.27,1,0,1
B025,2023-04-12 08:00:00,0,613H2404,0,,,1,0,0
B025,2023-04-12 08:00:00,1,613E2580,0,,191.27,1,0,1
B025,2023-04-12 09:00:00,0,613H2404,0,,,1,0,0
B025,2023-04-12 09:00:00,1,613E2580,0,,191.27,1,0,1
B025,2023-04-12 10:00:00,0,613H2404,0,,,1,0,0
B025,2023-04-12 10:00:00,1,613E2580,0,,191.27,1,0,1
B025,2023-04-12 11:00:00,0,613H2404,0,,,1,0,0
B025,2023-04-12 11:00:00,1,613E2580,0,,191.27,1,0,1
B025,2023-04-12 12:00:00,0,613H2404,0,,,1,0,0
B025,2023-04-12 12:00:00,1,613E2580,0,,191.27,1,0,1
B025,2023-04-12 13:00:00,0,613H2404,0,,,1,0,0
B025,2023-04-12 13:00:00,1,613E2580,0,,191.27,1,0,1
B025,2023-04-12 14:00:00,0,613H2404,0,,,1,0,0
B025,2023-04-12 14:00:00,1,613E2580,0,,191.26,1,0,1
B025,2023-04-12 15:00:00,0,613H2404,0,,,1,0,0
B025,2023-04-12 15:00:00,1,613E2580,0,,191.26,1,0,1
B025,2023-04-12 16:00:00,0,613H2404,0,,,1,0,0
B025,2023-04-12 16:00:00,1,613E2580,0,,191.26,1,0,1
B025,2023-04-12 17:00:00,0,613H2404,0,,,1,0,0
B025,2023-04-12 17:00:00,1,613E2580,0,,191.26,1,0,1
B025,2023-04-12 18:00:00,0,613H2404,0,,,1,0,0
B025,2023-04-12 18:00:00,1,613E2580,0,,191.26,1,0,1
B025,2023-04-12 19:00:00,0,613H2404,0,,,1,0,0
B025,2023-04-12 19:00:00,1,613E2580,0,,191.26,1,0,1
B025,2023-04-12 20:00:00,0,613H2404,0,,,1,0,0
B025,2023-04-12 20:00:00,1,613E2580,0,,191.26,1,0,1
B025,2023-04-12 21:00:00,0,613H2404,0,,,1,0,0
B025,2023-04-12 21:00:00,1,613E2580,0,,191.26,1,0,1
B025,2023-04-12 22:00:00,0,613H2404,0,,,1,0,0
B025,2023-04-12 22:00:00,1,613E2580,0,,191.25,1,0,1
B025,2023-04-12 23:00:00,0,613H2404,0,,,1,0,0
B025,2023-04-12 23:00:00,1,613E2580,0,,191.25,1,0,1
B025,2023-04-13 00:00:00,0,613H2404,0.2949050113,,,1,0,0
B025,2023-04-13 00:00:00,1,613E2580,0,,191.25,1,0,1
B025,2023-04-13 01:00:00,0,613H2404,0.003956706784,,,1,0,0
B025,2023-04-13 01:00:00,1,613E2580,0,,191.25,1,0,1
B025,2023-04-13 02:00:00,0,613H2404,0,,,1,0,0
B025,2023-04-13 02:00:00,1,613E2580,0,,191.25,1,0,1
B025,2023-04-13 03:00:00,0,613H2404,0,,,1,0,0
B025,2023-04-13 03:00:00,1,613E2580,0,,191.25,1,0,1
B025,2023-04-13 04:00:00,0,613H2404,0,,,1,0,0
B025,2023-04-13 04:00:00,1,613E2580,0,,191.25,1,0,1
B025,2023-04-13 05:00:00,0,613H2404,0,,,1,0,0
B025,2023-04-13 05:00:00,1,613E2580,0,,191.25,1,0,1
B025,2023-04-13 06:00:00,0,613H2404,0,,,1,0,0
B025,2023-04-13 06:00:00,1,613E2580,0,,191.25,1,0,1
B025,2023-04-13 07:00:00,0,613H2404,0.298861718,,,1,0,0
B025,2023-04-13 07:00:00,1,613E2580,0,,191.24,1,0,1
B025,2023-04-13 08:00:00,0,613H2404,0,,,1,0,0
B025,2023-04-13 08:00:00,1,613E2580,0,,191.24,1,0,1
B025,2023-04-13 09:00:00,0,613H2404,0,,,1,0,0
B025,2023-04-13 09:00:00,1,613E2580,0,,191.24,1,0,1
B025,2023-04-13 10:00:00,0,613H2404,0,,,1,0,0
B025,2023-04-13 10:00:00,1,613E2580,0,,191.24,1,0,1
B025,2023-04-13 11:00:00,0,613H2404,0,,,1,0,0
B025,2023-04-13 11:00:00,1,613E2580,0,,191.24,1,0,1
B025,2023-04-13 12:00:00,0,613H2404,0,,,1,0,0
B025,2023-04-13 12:00:00,1,613E2580,0,,191.24,1,0,1
B025,2023-04-13 13:00:00,0,613H2404,0,,,1,0,0
B025,2023-04-13 13:00:00,1,613E2580,0,,191.24,1,0,1
B025,2023-04-13 14:00:00,0,613H2404,0,,,1,0,0
B025,2023-04-13 14:00:00,1,613E2580,0,,191.24,1,0,1
B025,2023-04-13 15:00:00,0,613H2404,0.003956706784,,,1,0,0
B025,2023-04-13 15:00:00,1,613E2580,0,,191.24,1,0,1
B025,2023-04-13 16:00:00,0,613H2404,0,,,1,0,0
B025,2023-04-13 16:00:00,1,613E2580,0,,191.24,1,0,1
B025,2023-04-13 17:00:00,0,613H2404,0,,,1,0,0
B025,2023-04-13 17:00:00,1,613E2580,0.1125710714,,191.24,1,0,1
B025,2023-04-13 18:00:00,0,613H2404,0,,,1,0,0
B025,2023-04-13 18:00:00,1,613E2580,0,,191.24,1,0,1
B025,2023-04-13 19:00:00,0,613H2404,0,,,1,0,0
B025,2023-04-13 19:00:00,1,613E2580,0,,191.23,1,0,1
B025,2023-04-13 20:00:00,0,613H2404,0,,,1,0,0
B025,2023-04-13 20:00:00,1,613E2580,0,,191.23,1,0,1
B025,2023-04-13 21:00:00,0,613H2404,3.130442625,,,1,0,0
B025,2023-04-13 21:00:00,1,613E2580,0,,191.23,1,0,1
B025,2023-04-13 22:00:00,0,613H2404,0.1765970149,,,1,0,0
B025,2023-04-13 22:00:00,1,613E2580,0,,191.23,1,0,1
B025,2023-04-13 23:00:00,0,613H2404,0,,,1,0,0
B025,2023-04-13 23:00:00,1,613E2580,5.403411426,,191.23,1,0,1
B025,2023-04-14 00:00:00,0,613H2404,0,,,1,0,0
B025,2023-04-14 00:00:00,1,613E2580,7.654832854,,191.26,1,0,1
B025,2023-04-14 01:00:00,0,613H2404,0,,,1,0,0
B025,2023-04-14 01:00:00,1,613E2580,0,,191.34,1,0,1
B025,2023-04-14 02:00:00,0,613H2404,0.003956706784,,,1,0,0
B025,2023-04-14 02:00:00,1,613E2580,0,,191.41,1,0,1
B025,2023-04-14 03:00:00,0,613H2404,0.01462795264,,,1,0,0
B025,2023-04-14 03:00:00,1,613E2580,0.1125710714,,191.47,1,0,1
B025,2023-04-14 04:00:00,0,613H2404,0,,,1,0,0
B025,2023-04-14 04:00:00,1,613E2580,0,,191.52,1,0,1
B025,2023-04-14 05:00:00,0,613H2404,0,,,1,0,0
B025,2023-04-14 05:00:00,1,613E2580,0,,191.51,1,0,1
B025,2023-04-14 06:00:00,0,613H2404,0,,,1,0,0
B025,2023-04-14 06:00:00,1,613E2580,0,,191.49,1,0,1
B025,2023-04-14 07:00:00,0,613H2404,3.256441243,,,1,0,0
B025,2023-04-14 07:00:00,1,613E2580,13.28338642,,191.46,1,0,1
B025,2023-04-14 08:00:00,0,613H2404,0,,,1,0,0
B025,2023-04-14 08:00:00,1,613E2580,0,,191.44,1,0,1
B025,2023-04-14 09:00:00,0,613H2404,0,,,1,0,0
B025,2023-04-14 09:00:00,1,613E2580,0,,191.43,1,0,1
B025,2023-04-14 10:00:00,0,613H2404,0,,,1,0,0
B025,2023-04-14 10:00:00,1,613E2580,0,,191.41,1,0,1
B025,2023-04-14 11:00:00,0,613H2404,0,,,1,0,0
B025,2023-04-14 11:00:00,1,613E2580,0,,191.4,1,0,1
B025,2023-04-14 12:00:00,0,613H2404,0.1275575757,,,1,0,0
B025,2023-04-14 12:00:00,1,613E2580,0,,191.39,1,0,1
B025,2023-04-14 13:00:00,0,613H2404,0.263028565,,,1,0,0
B025,2023-04-14 13:00:00,1,613E2580,0.3377132142,,191.38,1,0,1
B025,2023-04-14 14:00:00,0,613H2404,0.1022583772,,,1,0,0
B025,2023-04-14 14:00:00,1,613E2580,0.1125710714,,191.37,1,0,1
B025,2023-04-14 15:00:00,0,613H2404,0,,,1,0,0
B025,2023-04-14 15:00:00,1,613E2580,0.1125710714,,191.37,1,0,1
B025,2023-04-14 16:00:00,0,613H2404,0,,,1,0,0
B025,2023-04-14 16:00:00,1,613E2580,0.1125710714,,191.36,1,0,1
B025,2023-04-14 17:00:00,0,613H2404,0,,,1,0,0
B025,2023-04-14 17:00:00,1,613E2580,0.1125710714,,191.35,1,0,1
B025,2023-04-14 18:00:00,0,613H2404,0,,,1,0,0
B025,2023-04-14 18:00:00,1,613E2580,0,,191.35,1,0,1
B025,2023-04-14 19:00:00,0,613H2404,0,,,1,0,0
B025,2023-04-14 19:00:00,1,613E2580,0,,191.34,1,0,1
B025,2023-04-14 20:00:00,0,613H2404,0,,,1,0,0
B025,2023-04-14 20:00:00,1,613E2580,0,,191.34,1,0,1
B025,2023-04-14 21:00:00,0,613H2404,0,,,1,0,0
B025,2023-04-14 21:00:00,1,613E2580,0,,191.34,1,0,1
B025,2023-04-14 22:00:00,0,613H2404,0,,,1,0,0
B025,2023-04-14 22:00:00,1,613E2580,0,,191.33,1,0,1
B025,2023-04-14 23:00:00,0,613H2404,0,,,1,0,0
B025,2023-04-14 23:00:00,1,613E2580,0,,191.33,1,0,1
B025,2023-04-15 00:00:00,0,613H2404,0,,,1,0,0
B025,2023-04-15 00:00:00,1,613E2580,0,,191.33,1,0,1
B025,2023-04-15 01:00:00,0,613H2404,0,,,1,0,0
B025,2023-04-15 01:00:00,1,613E2580,0,,191.32,1,0,1
B025,2023-04-15 02:00:00,0,613H2404,0,,,1,0,0
B025,2023-04-15 02:00:00,1,613E2580,0,,191.32,1,0,1
B025,2023-04-15 03:00:00,0,613H2404,0,,,1,0,0
B025,2023-04-15 03:00:00,1,613E2580,0,,191.32,1,0,1
B025,2023-04-15 04:00:00,0,613H2404,0,,,1,0,0
B025,2023-04-15 04:00:00,1,613E2580,0,,191.32,1,0,1
B025,2023-04-15 05:00:00,0,613H2404,0,,,1,0,0
B025,2023-04-15 05:00:00,1,613E2580,0,,191.31,1,0,1
B025,2023-04-15 06:00:00,0,613H2404,0,,,1,0,0
B025,2023-04-15 06:00:00,1,613E2580,0,,191.31,1,0,1
B025,2023-04-15 07:00:00,0,613H2404,0.405076802,,,1,0,0
B025,2023-04-15 07:00:00,1,613E2580,0.7879974997,,191.31,1,0,1
B025,2023-04-15 08:00:00,0,613H2404,0,,,1,0,0
B025,2023-04-15 08:00:00,1,613E2580,0,,191.31,1,0,1
B025,2023-04-15 09:00:00,0,613H2404,0,,,1,0,0
B025,2023-04-15 09:00:00,1,613E2580,0,,191.31,1,0,1
B025,2023-04-15 10:00:00,0,613H2404,0.1022583772,,,1,0,0
B025,2023-04-15 10:00:00,1,613E2580,0,,191.31,1,0,1
B025,2023-04-15 11:00:00,0,613H2404,0,,,1,0,0
B025,2023-04-15 11:00:00,1,613E2580,0,,191.31,1,0,1
B025,2023-04-15 12:00:00,0,613H2404,0,,,1,0,0
B025,2023-04-15 12:00:00,1,613E2580,0,,191.3,1,0,1
B025,2023-04-15 13:00:00,0,613H2404,0,,,1,0,0
B025,2023-04-15 13:00:00,1,613E2580,0,,191.3,1,0,1
B025,2023-04-15 14:00:00,0,613H2404,0,,,1,0,0
B025,2023-04-15 14:00:00,1,613E2580,0,,191.3,1,0,1
B025,2023-04-15 15:00:00,0,613H2404,0,,,1,0,0
B025,2023-04-15 15:00:00,1,613E2580,0,,191.29,1,0,1
B025,2023-04-15 16:00:00,0,613H2404,0,,,1,0,0
B025,2023-04-15 16:00:00,1,613E2580,0,,191.29,1,0,1
B025,2023-04-15 17:00:00,0,613H2404,0,,,1,0,0
B025,2023-04-15 17:00:00,1,613E2580,0,,191.29,1,0,1
B025,2023-04-15 18:00:00,0,613H2404,0,,,1,0,0
B025,2023-04-15 18:00:00,1,613E2580,0,,191.29,1,0,1
B025,2023-04-15 19:00:00,0,613H2404,0,,,1,0,0
B025,2023-04-15 19:00:00,1,613E2580,0,,191.29,1,0,1
B025,2023-04-15 20:00:00,0,613H2404,0,,,1,0,0
B025,2023-04-15 20:00:00,1,613E2580,0,,191.28,1,0,1
B025,2023-04-15 21:00:00,0,613H2404,0,,,1,0,0
B025,2023-04-15 21:00:00,1,613E2580,0,,191.28,1,0,1
B025,2023-04-15 22:00:00,0,613H2404,0,,,1,0,0
B025,2023-04-15 22:00:00,1,613E2580,0,,191.28,1,0,1
B025,2023-04-15 23:00:00,0,613H2404,0,,,1,0,0
B025,2023-04-15 23:00:00,1,613E2580,0,,191.28,1,0,1
B025,2023-04-16 00:00:00,0,613H2404,0,,,1,0,0
B025,2023-04-16 00:00:00,1,613E2580,0,,191.28,1,0,1
B025,2023-04-16 01:00:00,0,613H2404,0,,,1,0,0
B025,2023-04-16 01:00:00,1,613E2580,0,,191.28,1,0,1
B025,2023-04-16 02:00:00,0,613H2404,0,,,1,0,0
B025,2023-04-16 02:00:00,1,613E2580,0,,191.28,1,0,1
B025,2023-04-16 03:00:00,0,613H2404,0,,,1,0,0
B025,2023-04-16 03:00:00,1,613E2580,0,,191.27,1,0,1
B025,2023-04-16 04:00:00,0,613H2404,0,,,1,0,0
B025,2023-04-16 04:00:00,1,613E2580,0,,191.27,1,0,1
B025,2023-04-16 05:00:00,0,613H2404,0,,,1,0,0
B025,2023-04-16 05:00:00,1,613E2580,0,,191.27,1,0,1
B025,2023-04-16 06:00:00,0,613H2404,0,,,1,0,0
B025,2023-04-16 06:00:00,1,613E2580,0,,191.27,1,0,1
B025,2023-04-16 07:00:00,0,613H2404,0.1022583772,,,1,0,0
B025,2023-04-16 07:00:00,1,613E2580,0,,191.27,1,0,1
B025,2023-04-16 08:00:00,0,613H2404,0,,,1,0,0
B025,2023-04-16 08:00:00,1,613E2580,0,,191.27,1,0,1
B025,2023-04-16 09:00:00,0,613H2404,0,,,1,0,0
B025,2023-04-16 09:00:00,1,613E2580,0,,191.26,1,0,1
B025,2023-04-16 10:00:00,0,613H2404,0,,,1,0,0
B025,2023-04-16 10:00:00,1,613E2580,0,,191.26,1,0,1
B025,2023-04-16 11:00:00,0,613H2404,0,,,1,0,0
B025,2023-04-16 11:00:00,1,613E2580,0,,191.26,1,0,1
B025,2023-04-16 12:00:00,0,613H2404,0,,,1,0,0
B025,2023-04-16 12:00:00,1,613E2580,0,,191.26,1,0,1
B025,2023-04-16 13:00:00,0,613H2404,0,,,1,0,0
B025,2023-04-16 13:00:00,1,613E2580,0,,191.26,1,0,1
B025,2023-04-16 14:00:00,0,613H2404,0,,,1,0,0
B025,2023-04-16 14:00:00,1,613E2580,0,,191.26,1,0,1
B025,2023-04-16 15:00:00,0,613H2404,0,,,1,0,0
B025,2023-04-16 15:00:00,1,613E2580,0,,191.25,1,0,1
B025,2023-04-16 16:00:00,0,613H2404,0,,,1,0,0
B025,2023-04-16 16:00:00,1,613E2580,0,,191.25,1,0,1
B025,2023-04-16 17:00:00,0,613H2404,0,,,1,0,0
B025,2023-04-16 17:00:00,1,613E2580,0,,191.25,1,0,1
B025,2023-04-16 18:00:00,0,613H2404,0,,,1,0,0
B025,2023-04-16 18:00:00,1,613E2580,0,,191.25,1,0,1
B025,2023-06-16 00:00:00,0,613H2404,0,,,1,0,0
B025,2023-06-16 00:00:00,1,613E2580,0,,190.93,1,0,1
B025,2023-06-16 01:00:00,0,613H2404,0.1966033408,,,1,0,0
B025,2023-06-16 01:00:00,1,613E2580,0,,190.93,1,0,1
B025,2023-06-16 02:00:00,0,613H2404,1.310911535,,,1,0,0
B025,2023-06-16 02:00:00,1,613E2580,0.2251421428,,190.91,1,0,1
B025,2023-06-16 03:00:00,0,613H2404,1.00547257,,,1,0,0
B025,2023-06-16 03:00:00,1,613E2580,1.238281785,,190.9,1,0,1
B025,2023-06-16 04:00:00,0,613H2404,0.8767161194,,,1,0,0
B025,2023-06-16 04:00:00,1,613E2580,1.463423928,,190.9,1,0,1
B025,2023-06-16 05:00:00,0,613H2404,0.5778544014,,,1,0,0
B025,2023-06-16 05:00:00,1,613E2580,2.138850356,,190.9,1,0,1
B025,2023-06-16 06:00:00,0,613H2404,0.4277554595,,,1,0,0
B025,2023-06-16 06:00:00,1,613E2580,1.463423928,,190.9,1,0,1
B025,2023-06-16 07:00:00,0,613H2404,0.4382894141,,,1,0,0
B025,2023-06-16 07:00:00,1,613E2580,0.6754264283,,190.91,1,0,1
B025,2023-06-16 08:00:00,0,613H2404,0.2005600476,,,1,0,0
B025,2023-06-16 08:00:00,1,613E2580,0,,190.93,1,0,1
B025,2023-06-16 09:00:00,0,613H2404,0.1129296231,,,1,0,0
B025,2023-06-16 09:00:00,1,613E2580,0,,190.91,1,0,1
B025,2023-06-16 10:00:00,0,613H2404,0.2151880003,,,1,0,0
B025,2023-06-16 10:00:00,1,613E2580,0,,190.91,1,0,1
B025,2023-06-16 11:00:00,0,613H2404,0.3281176233,,,1,0,0
B025,2023-06-16 11:00:00,1,613E2580,0.1125710714,,190.91,1,0,1
B025,2023-06-16 12:00:00,0,613H2404,0.3399877437,,,1,0,0
B025,2023-06-16 12:00:00,1,613E2580,0.1125710714,,190.91,1,0,1
B025,2023-06-16 13:00:00,0,613H2404,0.2337726597,,,1,0,0
B025,2023-06-16 13:00:00,1,613E2580,0,,190.9,1,0,1
B025,2023-06-16 14:00:00,0,613H2404,0.02649807299,,,1,0,0
B025,2023-06-16 14:00:00,1,613E2580,0.1125710714,,190.9,1,0,1
B025,2023-06-16 15:00:00,0,613H2404,0,,,1,0,0
B025,2023-06-16 15:00:00,1,613E2580,0,,190.9,1,0,1
B025,2023-06-16 16:00:00,0,613H2404,0.1022583772,,,1,0,0
B025,2023-06-16 16:00:00,1,613E2580,0,,,1,0,0
B025,2023-06-16 17:00:00,0,613H2404,0,,,1,0,0
B025,2023-06-16 17:00:00,1,613E2580,0,,190.9,1,0,1
B025,2023-06-16 18:00:00,0,613H2404,0,,,1,0,0
B025,2023-06-16 18:00:00,1,613E2580,0,,190.9,1,0,1
B025,2023-06-16 19:00:00,0,613H2404,0,,,1,0,0
B025,2023-06-16 19:00:00,1,613E2580,0,,190.94,1,0,1
B025,2023-06-16 20:00:00,0,613H2404,0,,,1,0,0
B025,2023-06-16 20:00:00,1,613E2580,0.1125710714,,191.01,1,0,1
B025,2023-06-16 21:00:00,0,613H2404,0.01858465942,,,1,0,0
B025,2023-06-16 21:00:00,1,613E2580,0.1125710714,,191.07,1,0,1
B025,2023-06-16 22:00:00,0,613H2404,0,,,1,0,0
B025,2023-06-16 22:00:00,1,613E2580,0,,191.14,1,0,1
B025,2023-06-16 23:00:00,0,613H2404,0.09830167042,,,1,0,0
B025,2023-06-16 23:00:00,1,613E2580,0,,191.18,1,0,1
B025,2023-06-17 00:00:00,0,613H2404,3.117733714,,,1,0,0
B025,2023-06-17 00:00:00,1,613E2580,0.3377132142,,191.3,1,0,1
B025,2023-06-17 01:00:00,0,613H2404,0.2005600476,,,1,0,0
B025,2023-06-17 01:00:00,1,613E2580,0,,191.23,1,0,1
B025,2023-06-17 02:00:00,0,613H2404,0,,,1,0,0
B025,2023-06-17 02:00:00,1,613E2580,0,,191.23,1,0,1
B025,2023-06-17 03:00:00,0,613H2404,0.1022583772,,,1,0,0
B025,2023-06-17 03:00:00,1,613E2580,0,,191.24,1,0,1
B025,2023-06-17 04:00:00,0,613H2404,0.2112312935,,,1,0,0
B025,2023-06-17 04:00:00,1,613E2580,0,,191.24,1,0,1
B025,2023-06-17 05:00:00,0,613H2404,0,,,1,0,0
B025,2023-06-17 05:00:00,1,613E2580,0,,191.27,1,0,1
B025,2023-06-17 06:00:00,0,613H2404,0.1022583772,,,1,0,0
B025,2023-06-17 06:00:00,1,613E2580,0,,191.27,1,0,1
B025,2023-06-17 07:00:00,0,613H2404,5.190820997,,,1,0,0
B025,2023-06-17 07:00:00,1,613E2580,0.9005685711,,191.27,1,0,1
B025,2023-06-17 08:00:00,0,613H2404,0,,,1,0,0
B025,2023-06-17 08:00:00,1,613E2580,0,,191.27,1,0,1
B025,2023-06-17 09:00:00,0,613H2404,0,,,1,0,0
B025,2023-06-17 09:00:00,1,613E2580,0,,191.27,1,0,1
B025,2023-06-17 10:00:00,0,613H2404,0,,,1,0,0
B025,2023-06-17 10:00:00,1,613E2580,0,,191.28,1,0,1
B025,2023-06-17 11:00:00,0,613H2404,0,,,1,0,0
B025,2023-06-17 11:00:00,1,613E2580,0,,191.28,1,0,1
B025,2023-06-17 12:00:00,0,613H2404,0,,,1,0,0
B025,2023-06-17 12:00:00,1,613E2580,0,,191.28,1,0,1
B025,2023-06-17 13:00:00,0,613H2404,0,,,1,0,0
B025,2023-06-17 13:00:00,1,613E2580,0,,191.28,1,0,1
B025,2023-06-17 14:00:00,0,613H2404,0,,,1,0,0
B025,2023-06-17 14:00:00,1,613E2580,0,,191.28,1,0,1
B025,2023-06-17 15:00:00,0,613H2404,0,,,1,0,0
B025,2023-06-17 15:00:00,1,613E2580,0,,191.27,1,0,1
B025,2023-06-17 16:00:00,0,613H2404,0,,,1,0,0
B025,2023-06-17 16:00:00,1,613E2580,0,,191.27,1,0,1
B025,2023-06-17 17:00:00,0,613H2404,0,,,1,0,0
B025,2023-06-17 17:00:00,1,613E2580,0,,191.27,1,0,1
B025,2023-06-17 18:00:00,0,613H2404,0,,,1,0,0
B025,2023-06-17 18:00:00,1,613E2580,0,,191.27,1,0,1
B025,2023-06-17 19:00:00,0,613H2404,0,,,1,0,0
B025,2023-06-17 19:00:00,1,613E2580,0,,191.28,1,0,1
B025,2023-06-17 20:00:00,0,613H2404,0,,,1,0,0
B025,2023-06-17 20:00:00,1,613E2580,0,,191.28,1,0,1
B025,2023-06-17 21:00:00,0,613H2404,0,,,1,0,0
B025,2023-06-17 21:00:00,1,613E2580,0,,191.3,1,0,1
B025,2023-06-17 22:00:00,0,613H2404,0,,,1,0,0
B025,2023-06-17 22:00:00,1,613E2580,0,,191.31,1,0,1
B025,2023-06-17 23:00:00,0,613H2404,0,,,1,0,0
B025,2023-06-17 23:00:00,1,613E2580,0,,191.31,1,0,1
B025,2023-06-18 00:00:00,0,613H2404,0.01462795264,,,1,0,0
B025,2023-06-18 00:00:00,1,613E2580,0,,191.31,1,0,1
B025,2023-06-18 01:00:00,0,613H2404,0.6083946819,,,1,0,0
B025,2023-06-18 01:00:00,1,613E2580,0,,191.31,1,0,1
B025,2023-06-18 02:00:00,0,613H2404,0,,,1,0,0
B025,2023-06-18 02:00:00,1,613E2580,0,,191.31,1,0,1
B025,2023-06-18 03:00:00,0,613H2404,0,,,1,0,0
B025,2023-06-18 03:00:00,1,613E2580,0,,191.31,1,0,1
B025,2023-06-18 04:00:00,0,613H2404,0,,,1,0,0
B025,2023-06-18 04:00:00,1,613E2580,0,,191.31,1,0,1
B025,2023-06-18 05:00:00,0,613H2404,0,,,1,0,0
B025,2023-06-18 05:00:00,1,613E2580,0,,191.31,1,0,1
B025,2023-06-18 06:00:00,0,613H2404,0,,,1,0,0
B025,2023-06-18 06:00:00,1,613E2580,0,,191.31,1,0,1
B025,2023-06-18 07:00:00,0,613H2404,0.5937667293,,,1,0,0
B025,2023-06-18 07:00:00,1,613E2580,0,,191.3,1,0,1
B025,2023-06-18 08:00:00,0,613H2404,0,,,1,0,0
B025,2023-06-18 08:00:00,1,613E2580,0,,191.3,1,0,1
B025,2023-06-18 09:00:00,0,613H2404,0,,,1,0,0
B025,2023-06-18 09:00:00,1,613E2580,0,,191.3,1,0,1
B025,2023-06-18 10:00:00,0,613H2404,0,,,1,0,0
B025,2023-06-18 10:00:00,1,613E2580,0,,191.28,1,0,1
B025,2023-06-18 11:00:00,0,613H2404,0,,,1,0,0
B025,2023-06-18 11:00:00,1,613E2580,0.1125710714,,191.28,1,0,1
B025,2023-06-18 12:00:00,0,613H2404,0,,,1,0,0
B025,2023-06-18 12:00:00,1,613E2580,0,,191.28,1,0,1
B025,2023-06-18 13:00:00,0,613H2404,0,,,1,0,0
B025,2023-06-18 13:00:00,1,613E2580,0,,191.27,1,0,1
B025,2023-06-18 14:00:00,0,613H2404,0,,,1,0,0
B025,2023-06-18 14:00:00,1,613E2580,0,,191.27,1,0,1
B025,2023-06-18 15:00:00,0,613H2404,0.003956706784,,,1,0,0
B025,2023-06-18 15:00:00,1,613E2580,0,,191.27,1,0,1
B025,2023-06-18 16:00:00,0,613H2404,0,,,1,0,0
B025,2023-06-18 16:00:00,1,613E2580,0,,191.27,1,0,1
B025,2023-06-18 17:00:00,0,613H2404,0,,,1,0,0
B025,2023-06-18 17:00:00,1,613E2580,0,,191.27,1,0,1
B025,2023-06-18 18:00:00,0,613H2404,3.459810914,,,1,0,0
B025,2023-06-18 18:00:00,1,613E2580,0.2251421428,,191.27,1,0,1
B025,2023-06-18 19:00:00,0,613H2404,0.2855699312,,,1,0,0
B025,2023-06-18 19:00:00,1,613E2580,4.953127141,,191.27,1,0,1
B025,2023-06-18 20:00:00,0,613H2404,0.03321261206,,,1,0,0
B025,2023-06-18 20:00:00,1,613E2580,0.4502842855,,191.28,1,0,1
B025,2023-06-18 21:00:00,0,613H2404,0.5061363047,,,1,0,0
B025,2023-06-18 21:00:00,1,613E2580,0.1125710714,,191.31,1,0,1
B025,2023-06-18 22:00:00,0,613H2404,0.08776771583,,,1,0,0
B025,2023-06-18 22:00:00,1,613E2580,1.238281785,,191.36,1,0,1
B025,2023-06-18 23:00:00,0,613H2404,0,,,1,0,0
B025,2023-06-18 23:00:00,1,613E2580,0.4502842855,,191.53,1,0,1
B025,2023-06-19 00:00:00,0,613H2404,0.003956706784,,,1,0,0
B025,2023-06-19 00:00:00,1,613E2580,0.1125710714,,191.66,1,0,1
B025,2023-06-19 01:00:00,0,613H2404,0,,,1,0,0
B025,2023-06-19 01:00:00,1,613E2580,0,,191.73,1,0,1
B025,2023-06-19 02:00:00,0,613H2404,0.2590718582,,,1,0,0
B025,2023-06-19 02:00:00,1,613E2580,0,,191.81,1,0,1
B025,2023-06-19 03:00:00,0,613H2404,0.4236614614,,,1,0,0
B025,2023-06-19 03:00:00,1,613E2580,0.1125710714,,191.92,1,0,1
B025,2023-06-19 04:00:00,0,613H2404,0.1022583772,,,1,0,0
B025,2023-06-19 04:00:00,1,613E2580,0,,191.95,1,0,1
B025,2023-06-19 05:00:00,0,613H2404,0.3174463775,,,1,0,0
B025,2023-06-19 05:00:00,1,613E2580,0,,191.93,1,0,1
B025,2023-06-19 06:00:00,0,613H2404,0.106215084,,,1,0,0
B025,2023-06-19 06:00:00,1,613E2580,0.2251421428,,191.89,1,0,1
B025,2023-06-19 07:00:00,0,613H2404,0.1168863298,,,1,0,0
B025,2023-06-19 07:00:00,1,613E2580,7.992546068,,191.85,1,0,1
B025,2023-06-19 08:00:00,0,613H2404,0.003956706784,,,1,0,0
B025,2023-06-19 08:00:00,1,613E2580,0,,191.82,1,0,1
B025,2023-06-19 09:00:00,0,613H2404,0,,,1,0,0
B025,2023-06-19 09:00:00,1,613E2580,0.1125710714,,191.79,1,0,1
B025,2023-06-19 10:00:00,0,613H2404,0.01462795264,,,1,0,0
B025,2023-06-19 10:00:00,1,613E2580,0,,191.77,1,0,1
B025,2023-06-19 11:00:00,0,613H2404,0,,,1,0,0
B025,2023-06-19 11:00:00,1,613E2580,0,,191.76,1,0,1
B025,2023-06-19 12:00:00,0,613H2404,0.09830167042,,,1,0,0
B025,2023-06-19 12:00:00,1,613E2580,0,,191.75,1,0,1
B025,2023-06-19 13:00:00,0,613H2404,0,,,1,0,0
B025,2023-06-19 13:00:00,1,613E2580,0,,191.73,1,0,1
B025,2023-06-19 14:00:00,0,613H2404,0,,,1,0,0
B025,2023-06-19 14:00:00,1,613E2580,0,,191.71,1,0,1
B025,2023-06-19 15:00:00,0,613H2404,0,,,1,0,0
B025,2023-06-19 15:00:00,1,613E2580,0,,191.7,1,0,1
B025,2023-06-19 16:00:00,0,613H2404,0,,,1,0,0
B025,2023-06-19 16:00:00,1,613E2580,0,,191.68,1,0,1
B025,2023-06-19 17:00:00,0,613H2404,0,,,1,0,0
B025,2023-06-19 17:00:00,1,613E2580,0,,191.66,1,0,1
B025,2023-06-19 18:00:00,0,613H2404,0,,,1,0,0
B025,2023-06-19 18:00:00,1,613E2580,0,,191.65,1,0,1
B025,2023-06-19 19:00:00,0,613H2404,0,,,1,0,0
B025,2023-06-19 19:00:00,1,613E2580,0,,191.64,1,0,1
B025,2023-06-19 20:00:00,0,613H2404,0,,,1,0,0
B025,2023-06-19 20:00:00,1,613E2580,0,,191.62,1,0,1
B025,2023-06-19 21:00:00,0,613H2404,0,,,1,0,0
B025,2023-06-19 21:00:00,1,613E2580,0,,191.6,1,0,1
B025,2023-06-19 22:00:00,0,613H2404,0,,,1,0,0
B025,2023-06-19 22:00:00,1,613E2580,0.2251421428,,191.59,1,0,1
B025,2023-06-19 23:00:00,0,613H2404,0.1168863298,,,1,0,0
B025,2023-06-19 23:00:00,1,613E2580,1.238281785,,191.58,1,0,1
B025,2023-06-20 00:00:00,0,613H2404,0.1022583772,,,1,0,0
B025,2023-06-20 00:00:00,1,613E2580,0.3377132142,,191.57,1,0,1
B025,2023-06-20 01:00:00,0,613H2404,0,,,1,0,0
B025,2023-06-20 01:00:00,1,613E2580,0.1125710714,,191.56,1,0,1
B025,2023-06-20 02:00:00,0,613H2404,0,,,1,0,0
B025,2023-06-20 02:00:00,1,613E2580,0,,191.55,1,0,1
B025,2023-06-20 03:00:00,0,613H2404,0,,,1,0,0
B025,2023-06-20 03:00:00,1,613E2580,0,,191.55,1,0,1
B025,2023-06-20 04:00:00,0,613H2404,0,,,1,0,0
B025,2023-06-20 04:00:00,1,613E2580,0,,191.55,1,0,1
B025,2023-06-20 05:00:00,0,613H2404,0.003956706784,,,1,0,0
B025,2023-06-20 05:00:00,1,613E2580,0,,191.55,1,0,1
B025,2023-06-20 06:00:00,0,613H2404,0,,,1,0,0
B025,2023-06-20 06:00:00,1,613E2580,0,,191.53,1,0,1
B025,2023-06-20 07:00:00,0,613H2404,0.3107318384,,,1,0,0
B025,2023-06-20 07:00:00,1,613E2580,2.026279285,,191.53,1,0,1
B025,2023-06-20 08:00:00,0,613H2404,0,,,1,0,0
B025,2023-06-20 08:00:00,1,613E2580,0,,191.52,1,0,1
B025,2023-06-20 09:00:00,0,613H2404,0,,,1,0,0
B025,2023-06-20 09:00:00,1,613E2580,0,,191.52,1,0,1
B025,2023-06-20 10:00:00,0,613H2404,0.09830167042,,,1,0,0
B025,2023-06-20 10:00:00,1,613E2580,0,,191.51,1,0,1
B025,2023-06-20 11:00:00,0,613H2404,0.9830167042,,,1,0,0
B025,2023-06-20 11:00:00,1,613E2580,0,,191.49,1,0,1
B025,2023-06-20 12:00:00,0,613H2404,0.3932066817,,,1,0,0
B025,2023-06-20 12:00:00,1,613E2580,0,,191.48,1,0,1
B025,2023-06-20 13:00:00,0,613H2404,0.4915083521,,,1,0,0
B025,2023-06-20 13:00:00,1,613E2580,0.9005685711,,,1,0,0
B025,2023-06-20 14:00:00,0,613H2404,0,,,1,0,0
B025,2023-06-20 14:00:00,1,613E2580,0.3377132142,,191.48,1,0,1
B025,2023-06-20 15:00:00,0,613H2404,0,,,1,0,0
B025,2023-06-20 15:00:00,1,613E2580,0.1125710714,,191.47,1,0,1
B025,2023-06-20 16:00:00,0,613H2404,0,,,1,0,0
B025,2023-06-20 16:00:00,1,613E2580,0,,191.45,1,0,1
B025,2023-06-20 17:00:00,0,613H2404,0,,,1,0,0
B025,2023-06-20 17:00:00,1,613E2580,0,,191.45,1,0,1
B025,2023-06-20 18:00:00,0,613H2404,0,,,1,0,0
B025,2023-06-20 18:00:00,1,613E2580,0,,191.45,1,0,1
B025,2023-06-20 19:00:00,0,613H2404,0,,,1,0,0
B025,2023-06-20 19:00:00,1,613E2580,0,,191.44,1,0,1
B025,2023-06-20 20:00:00,0,613H2404,0,,,1,0,0
B025,2023-06-20 20:00:00,1,613E2580,0,,191.44,1,0,1
B025,2023-06-20 21:00:00,0,613H2404,0,,,1,0,0
B025,2023-06-20 21:00:00,1,613E2580,0,,191.44,1,0,1
B025,2023-06-20 22:00:00,0,613H2404,0,,,1,0,0
B025,2023-06-20 22:00:00,1,613E2580,0,,191.43,1,0,1
B025,2023-06-20 23:00:00,0,613H2404,0,,,1,0,0
B025,2023-06-20 23:00:00,1,613E2580,0,,191.43,1,0,1
B025,2023-06-21 00:00:00,0,613H2404,0,,,1,0,0
B025,2023-06-21 00:00:00,1,613E2580,0,,191.41,1,0,1
B025,2023-06-21 01:00:00,0,613H2404,0,,,1,0,0
B025,2023-06-21 01:00:00,1,613E2580,0,,191.41,1,0,1
B025,2023-06-21 02:00:00,0,613H2404,0,,,1,0,0
B025,2023-06-21 02:00:00,1,613E2580,0,,191.41,1,0,1
B025,2023-06-21 03:00:00,0,613H2404,0,,,1,0,0
B025,2023-06-21 03:00:00,1,613E2580,0,,191.43,1,0,1
B025,2023-06-21 04:00:00,0,613H2404,0,,,1,0,0
B025,2023-06-21 04:00:00,1,613E2580,0,,191.44,1,0,1
B025,2023-06-21 05:00:00,0,613H2404,0,,,1,0,0
B025,2023-06-21 05:00:00,1,613E2580,0,,191.44,1,0,1
B025,2023-06-21 06:00:00,0,613H2404,0,,,1,0,0
B025,2023-06-21 06:00:00,1,613E2580,0,,191.44,1,0,1
B025,2023-06-21 07:00:00,0,613H2404,2.555843431,,,1,0,0
B025,2023-06-21 07:00:00,1,613E2580,1.350852857,,191.43,1,0,1
B025,2023-06-21 08:00:00,0,613H2404,0,,,1,0,0
B025,2023-06-21 08:00:00,1,613E2580,0,,191.43,1,0,1
B025,2023-06-21 09:00:00,0,613H2404,0,,,1,0,0
B025,2023-06-21 09:00:00,1,613E2580,0,,191.43,1,0,1
B025,2023-06-21 10:00:00,0,613H2404,0,,,1,0,0
B025,2023-06-21 10:00:00,1,613E2580,0,,191.41,1,0,1
B025,2023-06-21 11:00:00,0,613H2404,0,,,1,0,0
B025,2023-06-21 11:00:00,1,613E2580,0,,191.41,1,0,1
B025,2023-06-21 12:00:00,0,613H2404,0,,,1,0,0
B025,2023-06-21 12:00:00,1,613E2580,0,,191.4,1,0,1
B025,2023-06-21 13:00:00,0,613H2404,0,,,1,0,0
B025,2023-06-21 13:00:00,1,613E2580,0,,191.4,1,0,1
B025,2023-06-27 19:00:00,0,613H2404,0,,,1,0,0
B025,2023-06-27 19:00:00,1,613E2580,0,,191.23,1,0,1
B025,2023-06-27 20:00:00,0,613H2404,0,,,1,0,0
B025,2023-06-27 20:00:00,1,613E2580,0,,191.23,1,0,1
B025,2023-06-27 21:00:00,0,613H2404,0,,,1,0,0
B025,2023-06-27 21:00:00,1,613E2580,0,,191.23,1,0,1
B025,2023-06-27 22:00:00,0,613H2404,0,,,1,0,0
B025,2023-06-27 22:00:00,1,613E2580,0,,191.23,1,0,1
B025,2023-06-27 23:00:00,0,613H2404,0,,,1,0,0
B025,2023-06-27 23:00:00,1,613E2580,0,,191.23,1,0,1
B025,2023-06-28 00:00:00,0,613H2404,0,,,1,0,0
B025,2023-06-28 00:00:00,1,613E2580,0,,191.23,1,0,1
B025,2023-06-28 01:00:00,0,613H2404,0,,,1,0,0
B025,2023-06-28 01:00:00,1,613E2580,0,,191.23,1,0,1
B025,2023-06-28 02:00:00,0,613H2404,0,,,1,0,0
B025,2023-06-28 02:00:00,1,613E2580,0,,191.23,1,0,1
B025,2023-06-28 03:00:00,0,613H2404,0,,,1,0,0
B025,2023-06-28 03:00:00,1,613E2580,0,,191.23,1,0,1
B025,2023-06-28 04:00:00,0,613H2404,0,,,1,0,0
B025,2023-06-28 04:00:00,1,613E2580,0,,191.23,1,0,1
B025,2023-06-28 05:00:00,0,613H2404,0,,,1,0,0
B025,2023-06-28 05:00:00,1,613E2580,0,,191.23,1,0,1
B025,2023-06-28 06:00:00,0,613H2404,0,,,1,0,0
B025,2023-06-28 06:00:00,1,613E2580,0,,191.23,1,0,1
B025,2023-06-28 07:00:00,0,613H2404,0,,,1,0,0
B025,2023-06-28 07:00:00,1,613E2580,0,,191.23,1,0,1
B025,2023-06-28 08:00:00,0,613H2404,0,,,1,0,0
B025,2023-06-28 08:00:00,1,613E2580,0,,191.23,1,0,1
B025,2023-06-28 09:00:00,0,613H2404,0,,,1,0,0
B025,2023-06-28 09:00:00,1,613E2580,0,,191.22,1,0,1
B025,2023-06-28 10:00:00,0,613H2404,0,,,1,0,0
B025,2023-06-28 10:00:00,1,613E2580,0,,191.22,1,0,1
B025,2023-06-28 11:00:00,0,613H2404,0,,,1,0,0
B025,2023-06-28 11:00:00,1,613E2580,0,,191.22,1,0,1
B025,2023-06-28 12:00:00,0,613H2404,0,,,1,0,0
B025,2023-06-28 12:00:00,1,613E2580,0,,191.22,1,0,1
B025,2023-06-28 13:00:00,0,613H2404,0,,,1,0,0
B025,2023-06-28 13:00:00,1,613E2580,0,,191.22,1,0,1
B025,2023-06-28 14:00:00,0,613H2404,0,,,1,0,0
B025,2023-06-28 14:00:00,1,613E2580,0,,191.22,1,0,1
B025,2023-06-28 15:00:00,0,613H2404,0,,,1,0,0
B025,2023-06-28 15:00:00,1,613E2580,0,,191.22,1,0,1
B025,2023-06-28 16:00:00,0,613H2404,0,,,1,0,0
B025,2023-06-28 16:00:00,1,613E2580,0,,191.22,1,0,1
B025,2023-06-28 17:00:00,0,613H2404,0,,,1,0,0
B025,2023-06-28 17:00:00,1,613E2580,0,,191.22,1,0,1
B025,2023-06-28 18:00:00,0,613H2404,0,,,1,0,0
B025,2023-06-28 18:00:00,1,613E2580,0,,191.22,1,0,1
B025,2023-06-28 19:00:00,0,613H2404,0,,,1,0,0
B025,2023-06-28 19:00:00,1,613E2580,0,,191.22,1,0,1
B025,2023-06-28 20:00:00,0,613H2404,0,,,1,0,0
B025,2023-06-28 20:00:00,1,613E2580,0,,191.22,1,0,1
B025,2023-06-28 21:00:00,0,613H2404,0,,,1,0,0
B025,2023-06-28 21:00:00,1,613E2580,0,,191.22,1,0,1
B025,2023-06-28 22:00:00,0,613H2404,0,,,1,0,0
B025,2023-06-28 22:00:00,1,613E2580,0,,191.22,1,0,1
B025,2023-06-28 23:00:00,0,613H2404,0,,,1,0,0
B025,2023-06-28 23:00:00,1,613E2580,0,,191.22,1,0,1
B025,2023-06-29 00:00:00,0,613H2404,0,,,1,0,0
B025,2023-06-29 00:00:00,1,613E2580,0,,191.22,1,0,1
B025,2023-06-29 01:00:00,0,613H2404,0,,,1,0,0
B025,2023-06-29 01:00:00,1,613E2580,0,,191.22,1,0,1
B025,2023-06-29 02:00:00,0,613H2404,0,,,1,0,0
B025,2023-06-29 02:00:00,1,613E2580,0,,191.3,1,0,1
B025,2023-06-29 03:00:00,0,613H2404,0,,,1,0,0
B025,2023-06-29 03:00:00,1,613E2580,0,,191.3,1,0,1
B025,2023-06-29 04:00:00,0,613H2404,0,,,1,0,0
B025,2023-06-29 04:00:00,1,613E2580,0,,191.3,1,0,1
B025,2023-06-29 05:00:00,0,613H2404,0,,,1,0,0
B025,2023-06-29 05:00:00,1,613E2580,0,,191.3,1,0,1
B025,2023-06-29 06:00:00,0,613H2404,0,,,1,0,0
B025,2023-06-29 06:00:00,1,613E2580,0,,191.3,1,0,1
B025,2023-06-29 07:00:00,0,613H2404,0,,,1,0,0
B025,2023-06-29 07:00:00,1,613E2580,0,,191.3,1,0,1
B025,2023-06-29 08:00:00,0,613H2404,0,,,1,0,0
B025,2023-06-29 08:00:00,1,613E2580,0,,191.3,1,0,1
B025,2023-06-29 09:00:00,0,613H2404,0,,,1,0,0
B025,2023-06-29 09:00:00,1,613E2580,0,,191.3,1,0,1
B025,2023-06-29 10:00:00,0,613H2404,0,,,1,0,0
B025,2023-06-29 10:00:00,1,613E2580,0,,191.19,1,0,1
B025,2023-06-29 11:00:00,0,613H2404,0,,,1,0,0
B025,2023-06-29 11:00:00,1,613E2580,0,,191.19,1,0,1
B025,2023-06-29 12:00:00,0,613H2404,0,,,1,0,0
B025,2023-06-29 12:00:00,1,613E2580,0,,191.19,1,0,1
B025,2023-06-29 13:00:00,0,613H2404,0,,,1,0,0
B025,2023-06-29 13:00:00,1,613E2580,0,,191.19,1,0,1
B025,2023-06-29 14:00:00,0,613H2404,0,,,1,0,0
B025,2023-06-29 14:00:00,1,613E2580,0,,191.19,1,0,1
B025,2023-06-29 15:00:00,0,613H2404,0,,,1,0,0
B025,2023-06-29 15:00:00,1,613E2580,0,,191.19,1,0,1
B025,2023-06-29 16:00:00,0,613H2404,0,,,1,0,0
B025,2023-06-29 16:00:00,1,613E2580,0,,191.19,1,0,1
B025,2023-06-29 17:00:00,0,613H2404,0,,,1,0,0
B025,2023-06-29 17:00:00,1,613E2580,0,,191.19,1,0,1
B025,2023-06-29 18:00:00,0,613H2404,0,,,1,0,0
B025,2023-06-29 18:00:00,1,613E2580,0,,191.19,1,0,1
B025,2023-06-29 19:00:00,0,613H2404,0.003956706784,,,1,0,0
B025,2023-06-29 19:00:00,1,613E2580,0,,191.19,1,0,1
B025,2023-06-29 20:00:00,0,613H2404,0,,,1,0,0
B025,2023-06-29 20:00:00,1,613E2580,0,,191.19,1,0,1
B025,2023-06-29 21:00:00,0,613H2404,0,,,1,0,0
B025,2023-06-29 21:00:00,1,613E2580,0,,191.19,1,0,1
B025,2023-06-29 22:00:00,0,613H2404,0.003956706784,,,1,0,0
B025,2023-06-29 22:00:00,1,613E2580,0,,191.19,1,0,1
B025,2023-06-29 23:00:00,0,613H2404,4.927621431,,,1,0,0
B025,2023-06-29 23:00:00,1,613E2580,0,,191.19,1,0,1
B025,2023-06-30 00:00:00,0,613H2404,3.248820493,,,1,0,0
B025,2023-06-30 00:00:00,1,613E2580,0.3377132142,,191.19,1,0,1
B025,2023-06-30 01:00:00,0,613H2404,0.7071600166,,,1,0,0
B025,2023-06-30 01:00:00,1,613E2580,0.6754264283,,191.19,1,0,1
B025,2023-06-30 02:00:00,0,613H2404,0.1209803279,,,1,0,0
B025,2023-06-30 02:00:00,1,613E2580,5.178269284,,191.19,1,0,1
B025,2023-06-30 03:00:00,0,613H2404,0,,,1,0,0
B025,2023-06-30 03:00:00,1,613E2580,2.251421428,,191.22,1,0,1
B025,2023-06-30 04:00:00,0,613H2404,0,,,1,0,0
B025,2023-06-30 04:00:00,1,613E2580,0.3377132142,,192.77,1,0,1
B025,2023-06-30 05:00:00,0,613H2404,0,,,1,0,0
B025,2023-06-30 05:00:00,1,613E2580,0.3377132142,,193.83,1,0,1
B025,2023-06-30 06:00:00,0,613H2404,0,,,1,0,0
B025,2023-06-30 06:00:00,1,613E2580,0.2251421428,,193.35,1,0,1
B025,2023-06-30 07:00:00,0,613H2404,7.154745697,,,1,0,0
B025,2023-06-30 07:00:00,1,613E2580,1.125710714,,192.92,1,0,1
B025,2023-06-30 08:00:00,0,613H2404,0,,,1,0,0
B025,2023-06-30 08:00:00,1,613E2580,0.2251421428,,192.61,1,0,1
B025,2023-06-30 09:00:00,0,613H2404,0,,,1,0,0
B025,2023-06-30 09:00:00,1,613E2580,0.1125710714,,192.31,1,0,1
B025,2023-06-30 10:00:00,0,613H2404,0.4370905396,,,1,0,0
B025,2023-06-30 10:00:00,1,613E2580,0.1125710714,,192.27,1,0,1
B025,2023-06-30 11:00:00,0,613H2404,0.212430168,,,1,0,0
B025,2023-06-30 11:00:00,1,613E2580,0.5628553569,,192.17,1,0,1
B025,2023-06-30 12:00:00,0,613H2404,0.003956706784,,,1,0,0
B025,2023-06-30 12:00:00,1,613E2580,0,,192.1,1,0,1
B025,2023-06-30 13:00:00,0,613H2404,0.01462795264,,,1,0,0
B025,2023-06-30 13:00:00,1,613E2580,0,,192.05,1,0,1
B025,2023-06-30 14:00:00,0,613H2404,0.1129296231,,,1,0,0
B025,2023-06-30 14:00:00,1,613E2580,0.1125710714,,191.98,1,0,1
B025,2023-06-30 15:00:00,0,613H2404,0,,,1,0,0
B025,2023-06-30 15:00:00,1,613E2580,0,,191.95,1,0,1
B025,2023-06-30 16:00:00,0,613H2404,0,,,1,0,0
B025,2023-06-30 16:00:00,1,613E2580,0,,191.81,1,0,1
B025,2023-06-30 17:00:00,0,613H2404,0,,,1,0,0
B025,2023-06-30 17:00:00,1,613E2580,0,,191.88,1,0,1
B025,2023-06-30 18:00:00,0,613H2404,0,,,1,0,0
B025,2023-06-30 18:00:00,1,613E2580,0,,191.84,1,0,1
B025,2023-06-30 19:00:00,0,613H2404,0,,,1,0,0
B025,2023-06-30 19:00:00,1,613E2580,0,,191.82,1,0,1
B025,2023-06-30 20:00:00,0,613H2404,0,,,1,0,0
B025,2023-06-30 20:00:00,1,613E2580,0,,191.79,1,0,1
B025,2023-06-30 21:00:00,0,613H2404,0,,,1,0,0
B025,2023-06-30 21:00:00,1,613E2580,0,,191.76,1,0,1
B025,2023-06-30 22:00:00,0,613H2404,0,,,1,0,0
B025,2023-06-30 22:00:00,1,613E2580,0,,191.73,1,0,1
B025,2023-06-30 23:00:00,0,613H2404,0,,,1,0,0
B025,2023-06-30 23:00:00,1,613E2580,0,,191.72,1,0,1
B025,2023-07-01 00:00:00,0,613H2404,0,,,1,0,0
B025,2023-07-01 00:00:00,1,613E2580,0,,191.7,1,0,1
B025,2023-07-01 01:00:00,0,613H2404,0,,,1,0,0
B025,2023-07-01 01:00:00,1,613E2580,0,,191.68,1,0,1
B025,2023-07-01 02:00:00,0,613H2404,0,,,1,0,0
B025,2023-07-01 02:00:00,1,613E2580,0,,191.66,1,0,1
B025,2023-07-01 03:00:00,0,613H2404,0,,,1,0,0
B025,2023-07-01 03:00:00,1,613E2580,0,,191.65,1,0,1
B025,2023-07-01 04:00:00,0,613H2404,0,,,1,0,0
B025,2023-07-01 04:00:00,1,613E2580,0,,191.63,1,0,1
B025,2023-07-01 05:00:00,0,613H2404,0,,,1,0,0
B025,2023-07-01 05:00:00,1,613E2580,0,,191.61,1,0,1
B025,2023-07-01 06:00:00,0,613H2404,0,,,1,0,0
B025,2023-07-01 06:00:00,1,613E2580,0,,191.6,1,0,1
B025,2023-07-01 07:00:00,0,613H2404,0.7078952268,,,1,0,0
B025,2023-07-01 07:00:00,1,613E2580,1.125710714,,191.59,1,0,1
B025,2023-07-01 08:00:00,0,613H2404,0,,,1,0,0
B025,2023-07-01 08:00:00,1,613E2580,0,,191.58,1,0,1
B025,2023-07-01 09:00:00,0,613H2404,0,,,1,0,0
B025,2023-07-01 09:00:00,1,613E2580,0,,191.57,1,0,1
B025,2023-07-01 10:00:00,0,613H2404,0,,,1,0,0
B025,2023-07-01 10:00:00,1,613E2580,0,,191.55,1,0,1
B025,2023-07-01 11:00:00,0,613H2404,0,,,1,0,0
B025,2023-07-01 11:00:00,1,613E2580,0,,191.53,1,0,1
B025,2023-07-01 12:00:00,0,613H2404,0.09830167042,,,1,0,0
B025,2023-07-01 12:00:00,1,613E2580,0,,191.52,1,0,1
B025,2023-07-01 13:00:00,0,613H2404,0,,,1,0,0
B025,2023-07-01 13:00:00,1,613E2580,0,,191.52,1,0,1
B025,2023-07-01 14:00:00,0,613H2404,0,,,1,0,0
B025,2023-07-01 14:00:00,1,613E2580,0,,191.52,1,0,1
B025,2023-07-01 15:00:00,0,613H2404,0,,,1,0,0
B025,2023-07-01 15:00:00,1,613E2580,0,,191.49,1,0,1
B025,2023-07-01 16:00:00,0,613H2404,0,,,1,0,0
B025,2023-07-01 16:00:00,1,613E2580,0,,191.49,1,0,1
B025,2023-07-01 17:00:00,0,613H2404,0,,,1,0,0
B025,2023-07-01 17:00:00,1,613E2580,0,,191.48,1,0,1
B025,2023-07-01 18:00:00,0,613H2404,0,,,1,0,0
B025,2023-07-01 18:00:00,1,613E2580,0,,191.48,1,0,1
B025,2023-07-01 19:00:00,0,613H2404,0,,,1,0,0
B025,2023-07-01 19:00:00,1,613E2580,0,,191.48,1,0,1
B025,2023-07-01 20:00:00,0,613H2404,0,,,1,0,0
B025,2023-07-01 20:00:00,1,613E2580,0,,191.47,1,0,1
B025,2023-07-01 21:00:00,0,613H2404,0,,,1,0,0
B025,2023-07-01 21:00:00,1,613E2580,0,,191.45,1,0,1
B025,2023-07-01 22:00:00,0,613H2404,0,,,1,0,0
B025,2023-07-01 22:00:00,1,613E2580,0,,191.45,1,0,1
B025,2023-07-01 23:00:00,0,613H2404,0,,,1,0,0
B025,2023-07-01 23:00:00,1,613E2580,0,,191.44,1,0,1
B025,2023-07-02 00:00:00,0,613H2404,0,,,1,0,0
B025,2023-07-02 00:00:00,1,613E2580,0,,191.44,1,0,1
B025,2023-07-02 01:00:00,0,613H2404,0,,,1,0,0
B025,2023-07-02 01:00:00,1,613E2580,0,,191.44,1,0,1
B025,2023-07-02 02:00:00,0,613H2404,0,,,1,0,0
B025,2023-07-02 02:00:00,1,613E2580,0,,191.44,1,0,1
B025,2023-07-02 03:00:00,0,613H2404,0,,,1,0,0
B025,2023-07-02 03:00:00,1,613E2580,0,,191.43,1,0,1
B025,2023-07-02 04:00:00,0,613H2404,0,,,1,0,0
B025,2023-07-02 04:00:00,1,613E2580,0,,191.43,1,0,1
B025,2023-07-02 05:00:00,0,613H2404,0,,,1,0,0
B025,2023-07-02 05:00:00,1,613E2580,0,,191.41,1,0,1
B025,2023-07-02 06:00:00,0,613H2404,0,,,1,0,0
B025,2023-07-02 06:00:00,1,613E2580,0,,191.41,1,0,1
B025,2023-07-02 07:00:00,0,613H2404,0.09830167042,,,1,0,0
B025,2023-07-02 07:00:00,1,613E2580,0,,191.4,1,0,1
B025,2023-07-02 08:00:00,0,613H2404,0,,,1,0,0
B025,2023-07-02 08:00:00,1,613E2580,0,,191.4,1,0,1
B025,2023-07-02 09:00:00,0,613H2404,0,,,1,0,0
B025,2023-07-02 09:00:00,1,613E2580,0,,191.4,1,0,1
B025,2023-07-02 10:00:00,0,613H2404,0,,,1,0,0
B025,2023-07-02 10:00:00,1,613E2580,0,,191.4,1,0,1
B025,2023-07-02 11:00:00,0,613H2404,0,,,1,0,0
B025,2023-07-02 11:00:00,1,613E2580,0,,191.4,1,0,1
B025,2023-07-02 12:00:00,0,613H2404,0,,,1,0,0
B025,2023-07-02 12:00:00,1,613E2580,0,,191.4,1,0,1
B025,2023-07-02 13:00:00,0,613H2404,0,,,1,0,0
B025,2023-07-02 13:00:00,1,613E2580,0,,,1,0,0
B025,2023-07-02 14:00:00,0,613H2404,0,,,1,0,0
B025,2023-07-02 14:00:00,1,613E2580,0,,191.39,1,0,1
B025,2023-07-02 15:00:00,0,613H2404,0,,,1,0,0
B025,2023-07-02 15:00:00,1,613E2580,0,,191.39,1,0,1
B025,2023-09-28 00:00:00,0,613H2404,0,,,1,0,0
B025,2023-09-28 00:00:00,1,613E2580,0,,191.11,1,0,1
B025,2023-09-28 01:00:00,0,613H2404,0.02925590528,,,1,0,0
B025,2023-09-28 01:00:00,1,613E2580,0,,191.11,1,0,1
B025,2023-09-28 02:00:00,0,613H2404,0,,,1,0,0
B025,2023-09-28 02:00:00,1,613E2580,0.1125710714,,191.11,1,0,1
B025,2023-09-28 03:00:00,0,613H2404,0,,,1,0,0
B025,2023-09-28 03:00:00,1,613E2580,0,,191.11,1,0,1
B025,2023-09-28 04:00:00,0,613H2404,0,,,1,0,0
B025,2023-09-28 04:00:00,1,613E2580,0,,191.11,1,0,1
B025,2023-09-28 05:00:00,0,613H2404,0,,,1,0,0
B025,2023-09-28 05:00:00,1,613E2580,0,,191.11,1,0,1
B025,2023-09-28 06:00:00,0,613H2404,0,,,1,0,0
B025,2023-09-28 06:00:00,1,613E2580,0,,191.11,1,0,1
B025,2023-09-28 07:00:00,0,613H2404,0,,,1,0,0
B025,2023-09-28 07:00:00,1,613E2580,0.1125710714,,191.1,1,0,1
B025,2023-09-28 08:00:00,0,613H2404,0,,,1,0,0
B025,2023-09-28 08:00:00,1,613E2580,0,,191.1,1,0,1
B025,2023-09-28 09:00:00,0,613H2404,0,,,1,0,0
B025,2023-09-28 09:00:00,1,613E2580,0,,191.1,1,0,1
B025,2023-09-28 10:00:00,0,613H2404,0,,,1,0,0
B025,2023-09-28 10:00:00,1,613E2580,0,,,1,0,0
B025,2023-09-28 11:00:00,0,613H2404,0,,,1,0,0
B025,2023-09-28 11:00:00,1,613E2580,0,,191.1,1,0,1
B025,2023-09-28 12:00:00,0,613H2404,0,,,1,0,0
B025,2023-09-28 12:00:00,1,613E2580,0,,191.1,1,0,1
B025,2023-09-28 13:00:00,0,613H2404,0,,,1,0,0
B025,2023-09-28 13:00:00,1,613E2580,0,,191.1,1,0,1
B025,2023-09-28 14:00:00,0,613H2404,0,,,1,0,0
B025,2023-09-28 14:00:00,1,613E2580,0,,191.1,1,0,1
B025,2023-09-28 15:00:00,0,613H2404,0,,,1,0,0
B025,2023-09-28 15:00:00,1,613E2580,0,,191.1,1,0,1
B025,2023-09-28 16:00:00,0,613H2404,0,,,1,0,0
B025,2023-09-28 16:00:00,1,613E2580,0,,191.1,1,0,1
B025,2023-09-28 17:00:00,0,613H2404,0,,,1,0,0
B025,2023-09-28 17:00:00,1,613E2580,0,,191.1,1,0,1
B025,2023-09-28 18:00:00,0,613H2404,0,,,1,0,0
B025,2023-09-28 18:00:00,1,613E2580,0,,191.1,1,0,1
B025,2023-09-28 19:00:00,0,613H2404,0,,,1,0,0
B025,2023-09-28 19:00:00,1,613E2580,0,,191.09,1,0,1
B025,2023-09-28 20:00:00,0,613H2404,0,,,1,0,0
B025,2023-09-28 20:00:00,1,613E2580,0,,191.09,1,0,1
B025,2023-09-28 21:00:00,0,613H2404,0,,,1,0,0
B025,2023-09-28 21:00:00,1,613E2580,0,,191.09,1,0,1
B025,2023-09-28 22:00:00,0,613H2404,0,,,1,0,0
B025,2023-09-28 22:00:00,1,613E2580,0,,191.09,1,0,1
B025,2023-09-28 23:00:00,0,613H2404,0,,,1,0,0
B025,2023-09-28 23:00:00,1,613E2580,0,,191.09,1,0,1
B025,2023-09-29 00:00:00,0,613H2404,0,,,1,0,0
B025,2023-09-29 00:00:00,1,613E2580,0,,191.09,1,0,1
B025,2023-09-29 01:00:00,0,613H2404,0,,,1,0,0
B025,2023-09-29 01:00:00,1,613E2580,0,,191.09,1,0,1
B025,2023-09-29 02:00:00,0,613H2404,0,,,1,0,0
B025,2023-09-29 02:00:00,1,613E2580,0,,191.09,1,0,1
B025,2023-09-29 03:00:00,0,613H2404,0,,,1,0,0
B025,2023-09-29 03:00:00,1,613E2580,0,,191.09,1,0,1
B025,2023-09-29 04:00:00,0,613H2404,0,,,1,0,0
B025,2023-09-29 04:00:00,1,613E2580,0,,191.09,1,0,1
B025,2023-09-29 05:00:00,0,613H2404,0,,,1,0,0
B025,2023-09-29 05:00:00,1,613E2580,0,,191.09,1,0,1
B025,2023-09-29 06:00:00,0,613H2404,0,,,1,0,0
B025,2023-09-29 06:00:00,1,613E2580,0,,191.09,1,0,1
B025,2023-09-29 07:00:00,0,613H2404,0,,,1,0,0
B025,2023-09-29 07:00:00,1,613E2580,0,,191.09,1,0,1
B025,2023-09-29 08:00:00,0,613H2404,0,,,1,0,0
B025,2023-09-29 08:00:00,1,613E2580,0,,191.09,1,0,1
B025,2023-09-29 09:00:00,0,613H2404,0,,,1,0,0
B025,2023-09-29 09:00:00,1,613E2580,0,,191.09,1,0,1
B025,2023-09-29 10:00:00,0,613H2404,0,,,1,0,0
B025,2023-09-29 10:00:00,1,613E2580,0,,191.09,1,0,1
B025,2023-09-29 11:00:00,0,613H2404,0,,,1,0,0
B025,2023-09-29 11:00:00,1,613E2580,0,,191.09,1,0,1
B025,2023-09-29 12:00:00,0,613H2404,0,,,1,0,0
B025,2023-09-29 12:00:00,1,613E2580,0,,191.09,1,0,1
B025,2023-09-29 13:00:00,0,613H2404,0,,,1,0,0
B025,2023-09-29 13:00:00,1,613E2580,0,,191.09,1,0,1
B025,2023-09-29 14:00:00,0,613H2404,0,,,1,0,0
B025,2023-09-29 14:00:00,1,613E2580,0,,191.09,1,0,1
B025,2023-09-29 15:00:00,0,613H2404,0,,,1,0,0
B025,2023-09-29 15:00:00,1,613E2580,0,,191.09,1,0,1
B025,2023-09-29 16:00:00,0,613H2404,0,,,1,0,0
B025,2023-09-29 16:00:00,1,613E2580,0,,191.09,1,0,1
B025,2023-09-29 17:00:00,0,613H2404,0,,,1,0,0
B025,2023-09-29 17:00:00,1,613E2580,0,,191.09,1,0,1
B025,2023-09-29 18:00:00,0,613H2404,0,,,1,0,0
B025,2023-09-29 18:00:00,1,613E2580,0,,191.09,1,0,1
B025,2023-09-29 19:00:00,0,613H2404,0,,,1,0,0
B025,2023-09-29 19:00:00,1,613E2580,0,,191.09,1,0,1
B025,2023-09-29 20:00:00,0,613H2404,0,,,1,0,0
B025,2023-09-29 20:00:00,1,613E2580,0,,191.09,1,0,1
B025,2023-09-29 21:00:00,0,613H2404,0,,,1,0,0
B025,2023-09-29 21:00:00,1,613E2580,0,,191.09,1,0,1
B025,2023-09-29 22:00:00,0,613H2404,0,,,1,0,0
B025,2023-09-29 22:00:00,1,613E2580,0,,191.09,1,0,1
B025,2023-09-29 23:00:00,0,613H2404,0,,,1,0,0
B025,2023-09-29 23:00:00,1,613E2580,0,,191.09,1,0,1
B025,2023-09-30 00:00:00,0,613H2404,0.09830167042,,,1,0,0
B025,2023-09-30 00:00:00,1,613E2580,0,,191.09,1,0,1
B025,2023-09-30 01:00:00,0,613H2404,0,,,1,0,0
B025,2023-09-30 01:00:00,1,613E2580,0,,191.09,1,0,1
B025,2023-09-30 02:00:00,0,613H2404,0,,,1,0,0
B025,2023-09-30 02:00:00,1,613E2580,0,,191.09,1,0,1
B025,2023-09-30 03:00:00,0,613H2404,0,,,1,0,0
B025,2023-09-30 03:00:00,1,613E2580,0,,191.09,1,0,1
B025,2023-09-30 04:00:00,0,613H2404,0,,,1,0,0
B025,2023-09-30 04:00:00,1,613E2580,0,,191.09,1,0,1
B025,2023-09-30 05:00:00,0,613H2404,0.09830167042,,,1,0,0
B025,2023-09-30 05:00:00,1,613E2580,0,,191.09,1,0,1
B025,2023-09-30 06:00:00,0,613H2404,0.003956706784,,,1,0,0
B025,2023-09-30 06:00:00,1,613E2580,0,,191.09,1,0,1
B025,2023-09-30 07:00:00,0,613H2404,0.2005600476,,,1,0,0
B025,2023-09-30 07:00:00,1,613E2580,0,,191.09,1,0,1
B025,2023-09-30 08:00:00,0,613H2404,0.7238593452,,,1,0,0
B025,2023-09-30 08:00:00,1,613E2580,0,,191.07,1,0,1
B025,2023-09-30 09:00:00,0,613H2404,2.406412279,,,1,0,0
B025,2023-09-30 09:00:00,1,613E2580,1.013139642,,191.07,1,0,1
B025,2023-09-30 10:00:00,0,613H2404,1.143838682,,,1,0,0
B025,2023-09-30 10:00:00,1,613E2580,5.966266783,,191.09,1,0,1
B025,2023-09-30 11:00:00,0,613H2404,0.03321261206,,,1,0,0
B025,2023-09-30 11:00:00,1,613E2580,1.238281785,,191.11,1,0,1
B025,2023-09-30 12:00:00,0,613H2404,0.2258592461,,,1,0,0
B025,2023-09-30 12:00:00,1,613E2580,1.463423928,,191.14,1,0,1
B025,2023-09-30 13:00:00,0,613H2404,0.003956706784,,,1,0,0
B025,2023-09-30 13:00:00,1,613E2580,0.1125710714,,191.18,1,0,1
B025,2023-09-30 14:00:00,0,613H2404,0,,,1,0,0
B025,2023-09-30 14:00:00,1,613E2580,0,,191.3,1,0,1
B025,2023-09-30 15:00:00,0,613H2404,0,,,1,0,0
B025,2023-09-30 15:00:00,1,613E2580,0,,191.23,1,0,1
B025,2023-09-30 16:00:00,0,613H2404,0,,,1,0,0
B025,2023-09-30 16:00:00,1,613E2580,0,,191.27,1,0,1
B025,2023-09-30 17:00:00,0,613H2404,0,,,1,0,0
B025,2023-09-30 17:00:00,1,613E2580,0,,191.27,1,0,1
B025,2023-09-30 18:00:00,0,613H2404,0,,,1,0,0
B025,2023-09-30 18:00:00,1,613E2580,0,,191.27,1,0,1
B025,2023-09-30 19:00:00,0,613H2404,0,,,1,0,0
B025,2023-09-30 19:00:00,1,613E2580,0,,191.28,1,0,1
B025,2023-09-30 20:00:00,0,613H2404,0,,,1,0,0
B025,2023-09-30 20:00:00,1,613E2580,0,,191.28,1,0,1
B025,2023-09-30 21:00:00,0,613H2404,0,,,1,0,0
B025,2023-09-30 21:00:00,1,613E2580,0,,191.28,1,0,1
B025,2023-09-30 22:00:00,0,613H2404,0,,,1,0,0
B025,2023-09-30 22:00:00,1,613E2580,0,,191.28,1,0,1
B025,2023-09-30 23:00:00,0,613H2404,0,,,1,0,0
B025,2023-09-30 23:00:00,1,613E2580,0,,191.28,1,0,1
B025,2023-10-01 00:00:00,0,613H2404,0,,,1,0,0
B025,2023-10-01 00:00:00,1,613E2580,0,,191.27,1,0,1
B025,2023-10-01 01:00:00,0,613H2404,0,,,1,0,0
B025,2023-10-01 01:00:00,1,613E2580,0,,191.27,1,0,1
B025,2023-10-01 02:00:00,0,613H2404,0,,,1,0,0
B025,2023-10-01 02:00:00,1,613E2580,0,,191.27,1,0,1
B025,2023-10-01 03:00:00,0,613H2404,0,,,1,0,0
B025,2023-10-01 03:00:00,1,613E2580,0,,191.27,1,0,1
B025,2023-10-01 04:00:00,0,613H2404,0,,,1,0,0
B025,2023-10-01 04:00:00,1,613E2580,0,,191.27,1,0,1
B025,2023-10-01 05:00:00,0,613H2404,0.09830167042,,,1,0,0
B025,2023-10-01 05:00:00,1,613E2580,0,,191.27,1,0,1
B025,2023-10-01 06:00:00,0,613H2404,0.03321261206,,,1,0,0
B025,2023-10-01 06:00:00,1,613E2580,0,,191.26,1,0,1
B025,2023-10-01 07:00:00,0,613H2404,3.937255522,,,1,0,0
B025,2023-10-01 07:00:00,1,613E2580,0.7879974997,,191.26,1,0,1
B025,2023-10-01 08:00:00,0,613H2404,0.1022583772,,,1,0,0
B025,2023-10-01 08:00:00,1,613E2580,0.3377132142,,191.26,1,0,1
B025,2023-10-01 09:00:00,0,613H2404,0.04388385791,,,1,0,0
B025,2023-10-01 09:00:00,1,613E2580,0.1125710714,,191.27,1,0,1
B025,2023-10-01 10:00:00,0,613H2404,0.1315142825,,,1,0,0
B025,2023-10-01 10:00:00,1,613E2580,0,,191.27,1,0,1
B025,2023-10-01 11:00:00,0,613H2404,0.1022583772,,,1,0,0
B025,2023-10-01 11:00:00,1,613E2580,0,,191.27,1,0,1
B025,2023-10-01 12:00:00,0,613H2404,0.1129296231,,,1,0,0
B025,2023-10-01 12:00:00,1,613E2580,0,,191.27,1,0,1
B025,2023-10-01 13:00:00,0,613H2404,0.09830167042,,,1,0,0
B025,2023-10-01 13:00:00,1,613E2580,0,,191.27,1,0,1
B025,2023-10-01 14:00:00,0,613H2404,0,,,1,0,0
B025,2023-10-01 14:00:00,1,613E2580,0,,191.27,1,0,1
B025,2023-10-01 15:00:00,0,613H2404,0.003956706784,,,1,0,0
B025,2023-10-01 15:00:00,1,613E2580,0,,191.27,1,0,1
B025,2023-10-01 16:00:00,0,613H2404,0,,,1,0,0
B025,2023-10-01 16:00:00,1,613E2580,0,,191.27,1,0,1
B025,2023-10-01 17:00:00,0,613H2404,0,,,1,0,0
B025,2023-10-01 17:00:00,1,613E2580,0,,191.27,1,0,1
B025,2023-10-01 18:00:00,0,613H2404,0,,,1,0,0
B025,2023-10-01 18:00:00,1,613E2580,0,,191.27,1,0,1
B025,2023-10-01 19:00:00,0,613H2404,0,,,1,0,0
B025,2023-10-01 19:00:00,1,613E2580,0,,191.27,1,0,1
B025,2023-10-01 20:00:00,0,613H2404,0,,,1,0,0
B025,2023-10-01 20:00:00,1,613E2580,0,,191.27,1,0,1
B025,2023-10-01 21:00:00,0,613H2404,0,,,1,0,0
B025,2023-10-01 21:00:00,1,613E2580,0,,191.27,1,0,1
B025,2023-10-01 22:00:00,0,613H2404,0,,,1,0,0
B025,2023-10-01 22:00:00,1,613E2580,0,,191.27,1,0,1
B025,2023-10-01 23:00:00,0,613H2404,0,,,1,0,0
B025,2023-10-01 23:00:00,1,613E2580,0,,191.27,1,0,1
B025,2023-10-02 00:00:00,0,613H2404,0,,,1,0,0
B025,2023-10-02 00:00:00,1,613E2580,0,,191.27,1,0,1
B025,2023-10-02 01:00:00,0,613H2404,0,,,1,0,0
B025,2023-10-02 01:00:00,1,613E2580,0,,191.27,1,0,1
B025,2023-10-02 02:00:00,0,613H2404,0,,,1,0,0
B025,2023-10-02 02:00:00,1,613E2580,0,,191.27,1,0,1
B025,2023-10-02 03:00:00,0,613H2404,0,,,1,0,0
B025,2023-10-02 03:00:00,1,613E2580,0,,191.27,1,0,1
B025,2023-10-02 04:00:00,0,613H2404,0,,,1,0,0
B025,2023-10-02 04:00:00,1,613E2580,0,,191.26,1,0,1
B025,2023-10-02 05:00:00,0,613H2404,0,,,1,0,0
B025,2023-10-02 05:00:00,1,613E2580,0,,191.26,1,0,1
B025,2023-10-02 06:00:00,0,613H2404,0,,,1,0,0
B025,2023-10-02 06:00:00,1,613E2580,0,,191.26,1,0,1
B025,2023-10-02 07:00:00,0,613H2404,0.5073351792,,,1,0,0
B025,2023-10-02 07:00:00,1,613E2580,0.4502842855,,191.24,1,0,1
B025,2023-10-02 08:00:00,0,613H2404,0.003956706784,,,1,0,0
B025,2023-10-02 08:00:00,1,613E2580,0,,191.24,1,0,1
B025,2023-10-02 09:00:00,0,613H2404,0.09830167042,,,1,0,0
B025,2023-10-02 09:00:00,1,613E2580,0,,191.24,1,0,1
B025,2023-10-02 10:00:00,0,613H2404,0,,,1,0,0
B025,2023-10-02 10:00:00,1,613E2580,0,,191.24,1,0,1
B025,2023-10-02 11:00:00,0,613H2404,0,,,1,0,0
B025,2023-10-02 11:00:00,1,613E2580,0,,191.24,1,0,1
B025,2023-10-02 12:00:00,0,613H2404,0,,,1,0,0
B025,2023-10-02 12:00:00,1,613E2580,0,,191.23,1,0,1
B025,2023-10-02 13:00:00,0,613H2404,0,,,1,0,0
B025,2023-10-02 13:00:00,1,613E2580,0,,191.23,1,0,1
B025,2023-10-02 14:00:00,0,613H2404,0,,,1,0,0
B025,2023-10-02 14:00:00,1,613E2580,0,,191.23,1,0,1
B025,2024-02-12 19:00:00,0,613H2404,0,,,1,0,0
B025,2024-02-12 19:00:00,1,613E2580,0,,191.83,1,0,1
B025,2024-02-12 20:00:00,0,613H2404,0,,,1,0,0
B025,2024-02-12 20:00:00,1,613E2580,0,,191.86,1,0,1
B025,2024-02-12 21:00:00,0,613H2404,0,,,1,0,0
B025,2024-02-12 21:00:00,1,613E2580,0,,191.89,1,0,1
B025,2024-02-12 22:00:00,0,613H2404,0,,,1,0,0
B025,2024-02-12 22:00:00,1,613E2580,0,,191.81,1,0,1
B025,2024-02-12 23:00:00,0,613H2404,0,,,1,0,0
B025,2024-02-12 23:00:00,1,613E2580,0,,191.92,1,0,1
B025,2024-02-13 00:00:00,0,613H2404,0,,,1,0,0
B025,2024-02-13 00:00:00,1,613E2580,0,,191.81,1,0,1
B025,2024-02-13 01:00:00,0,613H2404,0,,,1,0,0
B025,2024-02-13 01:00:00,1,613E2580,0,,191.9,1,0,1
B025,2024-02-13 02:00:00,0,613H2404,0,,,1,0,0
B025,2024-02-13 02:00:00,1,613E2580,0,,191.89,1,0,1
B025,2024-02-13 03:00:00,0,613H2404,0,,,1,0,0
B025,2024-02-13 03:00:00,1,613E2580,0,,191.87,1,0,1
B025,2024-02-13 04:00:00,0,613H2404,0,,,1,0,0
B025,2024-02-13 04:00:00,1,613E2580,0,,191.85,1,0,1
B025,2024-02-13 05:00:00,0,613H2404,0,,,1,0,0
B025,2024-02-13 05:00:00,1,613E2580,0,,191.84,1,0,1
B025,2024-02-13 06:00:00,0,613H2404,0,,,1,0,0
B025,2024-02-13 06:00:00,1,613E2580,0,,191.82,1,0,1
B025,2024-02-13 07:00:00,0,613H2404,0.09830167042,,,1,0,0
B025,2024-02-13 07:00:00,1,613E2580,0,,191.81,1,0,1
B025,2024-02-13 08:00:00,0,613H2404,0,,,1,0,0
B025,2024-02-13 08:00:00,1,613E2580,0,,191.8,1,0,1
B025,2024-02-13 09:00:00,0,613H2404,0,,,1,0,0
B025,2024-02-13 09:00:00,1,613E2580,0,,191.77,1,0,1
B025,2024-02-13 10:00:00,0,613H2404,0,,,1,0,0
B025,2024-02-13 10:00:00,1,613E2580,0,,191.77,1,0,1
B025,2024-02-13 11:00:00,0,613H2404,0,,,1,0,0
B025,2024-02-13 11:00:00,1,613E2580,0,,191.76,1,0,1
B025,2024-02-13 12:00:00,0,613H2404,0,,,1,0,0
B025,2024-02-13 12:00:00,1,613E2580,0,,191.75,1,0,1
B025,2024-02-13 13:00:00,0,613H2404,0,,,1,0,0
B025,2024-02-13 13:00:00,1,613E2580,0,,191.73,1,0,1
B025,2024-02-13 14:00:00,0,613H2404,0,,,1,0,0
B025,2024-02-13 14:00:00,1,613E2580,0,,191.73,1,0,1
B025,2024-02-13 15:00:00,0,613H2404,0,,,1,0,0
B025,2024-02-13 15:00:00,1,613E2580,0,,191.73,1,0,1
B025,2024-02-13 16:00:00,0,613H2404,0,,,1,0,0
B025,2024-02-13 16:00:00,1,613E2580,0,,191.72,1,0,1
B025,2024-02-13 17:00:00,0,613H2404,0,,,1,0,0
B025,2024-02-13 17:00:00,1,613E2580,0,,191.73,1,0,1
B025,2024-02-13 18:00:00,0,613H2404,0,,,1,0,0
B025,2024-02-13 18:00:00,1,613E2580,0,,191.73,1,0,1
B025,2024-02-13 19:00:00,0,613H2404,0,,,1,0,0
B025,2024-02-13 19:00:00,1,613E2580,0,,191.75,1,0,1
B025,2024-02-13 20:00:00,0,613H2404,0,,,1,0,0
B025,2024-02-13 20:00:00,1,613E2580,0,,191.75,1,0,1
B025,2024-02-13 21:00:00,0,613H2404,0,,,1,0,0
B025,2024-02-13 21:00:00,1,613E2580,0,,191.76,1,0,1
B025,2024-02-13 22:00:00,0,613H2404,0,,,1,0,0
B025,2024-02-13 22:00:00,1,613E2580,0,,191.77,1,0,1
B025,2024-02-13 23:00:00,0,613H2404,0,,,1,0,0
B025,2024-02-13 23:00:00,1,613E2580,0,,191.77,1,0,1
B025,2024-02-14 00:00:00,0,613H2404,0,,,1,0,0
B025,2024-02-14 00:00:00,1,613E2580,0,,191.77,1,0,1
B025,2024-02-14 01:00:00,0,613H2404,0,,,1,0,0
B025,2024-02-14 01:00:00,1,613E2580,0,,191.77,1,0,1
B025,2024-02-14 02:00:00,0,613H2404,0,,,1,0,0
B025,2024-02-14 02:00:00,1,613E2580,0,,191.76,1,0,1
B025,2024-02-14 03:00:00,0,613H2404,0,,,1,0,0
B025,2024-02-14 03:00:00,1,613E2580,0,,191.76,1,0,1
B025,2024-02-14 04:00:00,0,613H2404,0,,,1,0,0
B025,2024-02-14 04:00:00,1,613E2580,0,,191.75,1,0,1
B025,2024-02-14 05:00:00,0,613H2404,0,,,1,0,0
B025,2024-02-14 05:00:00,1,613E2580,0,,191.73,1,0,1
B025,2024-02-14 06:00:00,0,613H2404,0,,,1,0,0
B025,2024-02-14 06:00:00,1,613E2580,0,,191.72,1,0,1
B025,2024-02-14 07:00:00,0,613H2404,0,,,1,0,0
B025,2024-02-14 07:00:00,1,613E2580,0,,191.71,1,0,1
B025,2024-02-14 08:00:00,0,613H2404,0,,,1,0,0
B025,2024-02-14 08:00:00,1,613E2580,0,,191.7,1,0,1
B025,2024-02-14 09:00:00,0,613H2404,0,,,1,0,0
B025,2024-02-14 09:00:00,1,613E2580,0,,191.69,1,0,1
B025,2024-02-14 10:00:00,0,613H2404,0,,,1,0,0
B025,2024-02-14 10:00:00,1,613E2580,0,,191.68,1,0,1
B025,2024-02-14 11:00:00,0,613H2404,0,,,1,0,0
B025,2024-02-14 11:00:00,1,613E2580,0,,191.67,1,0,1
B025,2024-02-14 12:00:00,0,613H2404,0,,,1,0,0
B025,2024-02-14 12:00:00,1,613E2580,0,,191.66,1,0,1
B025,2024-02-14 13:00:00,0,613H2404,0,,,1,0,0
B025,2024-02-14 13:00:00,1,613E2580,0,,191.66,1,0,1
B025,2024-02-14 14:00:00,0,613H2404,0,,,1,0,0
B025,2024-02-14 14:00:00,1,613E2580,0,,191.65,1,0,1
B025,2024-02-14 15:00:00,0,613H2404,0,,,1,0,0
B025,2024-02-14 15:00:00,1,613E2580,0,,191.65,1,0,1
B025,2024-02-14 16:00:00,0,613H2404,0,,,1,0,0
B025,2024-02-14 16:00:00,1,613E2580,0,,191.64,1,0,1
B025,2024-02-14 17:00:00,0,613H2404,0,,,1,0,0
B025,2024-02-14 17:00:00,1,613E2580,0,,191.64,1,0,1
B025,2024-02-14 18:00:00,0,613H2404,0,,,1,0,0
B025,2024-02-14 18:00:00,1,613E2580,0,,191.64,1,0,1
B025,2024-02-14 19:00:00,0,613H2404,0.01462795264,,,1,0,0
B025,2024-02-14 19:00:00,1,613E2580,0,,191.64,1,0,1
B025,2024-02-14 20:00:00,0,613H2404,1.320435697,,,1,0,0
B025,2024-02-14 20:00:00,1,613E2580,0.1125710714,,191.64,1,0,1
B025,2024-02-14 21:00:00,0,613H2404,0.07913413569,,,1,0,0
B025,2024-02-14 21:00:00,1,613E2580,0.4502842855,,191.64,1,0,1
B025,2024-02-14 22:00:00,0,613H2404,3.016726002,,,1,0,0
B025,2024-02-14 22:00:00,1,613E2580,0.1125710714,,191.64,1,0,1
B025,2024-02-14 23:00:00,0,613H2404,1.34688198,,,1,0,0
B025,2024-02-14 23:00:00,1,613E2580,0.5628553569,,191.64,1,0,1
B025,2024-02-15 00:00:00,0,613H2404,0.106215084,,,1,0,0
B025,2024-02-15 00:00:00,1,613E2580,0.4502842855,,191.65,1,0,1
B025,2024-02-15 01:00:00,0,613H2404,0,,,1,0,0
B025,2024-02-15 01:00:00,1,613E2580,0.4502842855,,191.66,1,0,1
B025,2024-02-15 02:00:00,0,613H2404,0,,,1,0,0
B025,2024-02-15 02:00:00,1,613E2580,0.3377132142,,191.75,1,0,1
B025,2024-02-15 03:00:00,0,613H2404,0,,,1,0,0
B025,2024-02-15 03:00:00,1,613E2580,0.1125710714,,192.1,1,0,1
B025,2024-02-15 04:00:00,0,613H2404,0,,,1,0,0
B025,2024-02-15 04:00:00,1,613E2580,0,,192.33,1,0,1
B025,2024-02-15 05:00:00,0,613H2404,0,,,1,0,0
B025,2024-02-15 05:00:00,1,613E2580,0,,192.38,1,0,1
B025,2024-02-15 06:00:00,0,613H2404,0,,,1,0,0
B025,2024-02-15 06:00:00,1,613E2580,0,,192.31,1,0,1
B025,2024-02-15 07:00:00,0,613H2404,5.050227551,,,1,0,0
B025,2024-02-15 07:00:00,1,613E2580,2.589134642,,192.23,1,0,1
B025,2024-02-15 08:00:00,0,613H2404,0,,,1,0,0
B025,2024-02-15 08:00:00,1,613E2580,0,,192.15,1,0,1
B025,2024-02-15 09:00:00,0,613H2404,0,,,1,0,0
B025,2024-02-15 09:00:00,1,613E2580,0.1125710714,,192.1,1,0,1
B025,2024-02-15 10:00:00,0,613H2404,0.09830167042,,,1,0,0
B025,2024-02-15 10:00:00,1,613E2580,0,,192.04,1,0,1
B025,2024-02-15 11:00:00,0,613H2404,0,,,1,0,0
B025,2024-02-15 11:00:00,1,613E2580,0,,192,1,0,1
B025,2024-02-15 12:00:00,0,613H2404,0,,,1,0,0
B025,2024-02-15 12:00:00,1,613E2580,0,,191.96,1,0,1
B025,2024-02-15 13:00:00,0,613H2404,0,,,1,0,0
B025,2024-02-15 13:00:00,1,613E2580,0,,191.92,1,0,1
B025,2024-02-15 14:00:00,0,613H2404,0,,,1,0,0
B025,2024-02-15 14:00:00,1,613E2580,0,,191.89,1,0,1
B025,2024-02-15 15:00:00,0,613H2404,0,,,1,0,0
B025,2024-02-15 15:00:00,1,613E2580,0,,191.87,1,0,1
B025,2024-02-15 16:00:00,0,613H2404,0,,,1,0,0
B025,2024-02-15 16:00:00,1,613E2580,0,,191.84,1,0,1
B025,2024-02-15 17:00:00,0,613H2404,0,,,1,0,0
B025,2024-02-15 17:00:00,1,613E2580,0,,191.82,1,0,1
B025,2024-02-15 18:00:00,0,613H2404,0,,,1,0,0
B025,2024-02-15 18:00:00,1,613E2580,0,,191.81,1,0,1
B025,2024-02-15 19:00:00,0,613H2404,0,,,1,0,0
B025,2024-02-15 19:00:00,1,613E2580,0,,191.79,1,0,1
B025,2024-02-15 20:00:00,0,613H2404,0,,,1,0,0
B025,2024-02-15 20:00:00,1,613E2580,0,,191.77,1,0,1
B025,2024-02-15 21:00:00,0,613H2404,0,,,1,0,0
B025,2024-02-15 21:00:00,1,613E2580,0,,191.76,1,0,1
B025,2024-02-15 22:00:00,0,613H2404,0,,,1,0,0
B025,2024-02-15 22:00:00,1,613E2580,0,,191.75,1,0,1
B025,2024-02-15 23:00:00,0,613H2404,0,,,1,0,0
B025,2024-02-15 23:00:00,1,613E2580,0,,191.73,1,0,1
B025,2024-02-16 00:00:00,0,613H2404,0,,,1,0,0
B025,2024-02-16 00:00:00,1,613E2580,0,,191.72,1,0,1
B025,2024-02-16 01:00:00,0,613H2404,0,,,1,0,0
B025,2024-02-16 01:00:00,1,613E2580,0,,191.7,1,0,1
B025,2024-02-16 02:00:00,0,613H2404,0,,,1,0,0
B025,2024-02-16 02:00:00,1,613E2580,0,,191.68,1,0,1
B025,2024-02-16 03:00:00,0,613H2404,0,,,1,0,0
B025,2024-02-16 03:00:00,1,613E2580,0,,191.68,1,0,1
B025,2024-02-16 04:00:00,0,613H2404,0,,,1,0,0
B025,2024-02-16 04:00:00,1,613E2580,0,,191.66,1,0,1
B025,2024-02-16 05:00:00,0,613H2404,0,,,1,0,0
B025,2024-02-16 05:00:00,1,613E2580,0,,191.65,1,0,1
B025,2024-02-16 06:00:00,0,613H2404,0,,,1,0,0
B025,2024-02-16 06:00:00,1,613E2580,0,,191.65,1,0,1
B025,2024-02-16 07:00:00,0,613H2404,0.09830167042,,,1,0,0
B025,2024-02-16 07:00:00,1,613E2580,0.1125710714,,191.63,1,0,1
B025,2024-02-16 08:00:00,0,613H2404,0,,,1,0,0
B025,2024-02-16 08:00:00,1,613E2580,0,,191.62,1,0,1
B025,2024-02-16 09:00:00,0,613H2404,0,,,1,0,0
B025,2024-02-16 09:00:00,1,613E2580,0,,191.61,1,0,1
B025,2024-02-16 10:00:00,0,613H2404,0,,,1,0,0
B025,2024-02-16 10:00:00,1,613E2580,0,,191.6,1,0,1
B025,2024-02-16 11:00:00,0,613H2404,0,,,1,0,0
B025,2024-02-16 11:00:00,1,613E2580,0,,191.6,1,0,1
B025,2024-02-16 12:00:00,0,613H2404,0,,,1,0,0
B025,2024-02-16 12:00:00,1,613E2580,0,,191.59,1,0,1
B025,2024-02-16 13:00:00,0,613H2404,0,,,1,0,0
B025,2024-02-16 13:00:00,1,613E2580,0,,191.58,1,0,1
B025,2024-02-16 14:00:00,0,613H2404,0,,,1,0,0
B025,2024-02-16 14:00:00,1,613E2580,0,,191.57,1,0,1
B025,2024-02-16 15:00:00,0,613H2404,0,,,1,0,0
B025,2024-02-16 15:00:00,1,613E2580,0,,191.56,1,0,1
B025,2024-02-16 16:00:00,0,613H2404,0,,,1,0,0
B025,2024-02-16 16:00:00,1,613E2580,0,,191.55,1,0,1
B025,2024-02-16 17:00:00,0,613H2404,0,,,1,0,0
B025,2024-02-16 17:00:00,1,613E2580,0,,191.55,1,0,1
B025,2024-02-16 18:00:00,0,613H2404,0,,,1,0,0
B025,2024-02-16 18:00:00,1,613E2580,0,,191.53,1,0,1
B025,2024-02-16 19:00:00,0,613H2404,0,,,1,0,0
B025,2024-02-16 19:00:00,1,613E2580,0,,191.53,1,0,1
B025,2024-02-16 20:00:00,0,613H2404,0,,,1,0,0
B025,2024-02-16 20:00:00,1,613E2580,0,,191.52,1,0,1
B025,2024-02-16 21:00:00,0,613H2404,0,,,1,0,0
B025,2024-02-16 21:00:00,1,613E2580,0,,191.52,1,0,1
B025,2024-02-16 22:00:00,0,613H2404,0,,,1,0,0
B025,2024-02-16 22:00:00,1,613E2580,0,,191.52,1,0,1
B025,2024-02-16 23:00:00,0,613H2404,0,,,1,0,0
B025,2024-02-16 23:00:00,1,613E2580,0,,191.52,1,0,1
B025,2024-02-17 00:00:00,0,613H2404,0,,,1,0,0
B025,2024-02-17 00:00:00,1,613E2580,0,,191.51,1,0,1
B025,2024-02-17 01:00:00,0,613H2404,0,,,1,0,0
B025,2024-02-17 01:00:00,1,613E2580,0,,191.51,1,0,1
B025,2024-02-17 02:00:00,0,613H2404,0,,,1,0,0
B025,2024-02-17 02:00:00,1,613E2580,0,,191.49,1,0,1
B025,2024-02-17 03:00:00,0,613H2404,0,,,1,0,0
B025,2024-02-17 03:00:00,1,613E2580,0,,191.49,1,0,1
B025,2024-02-17 04:00:00,0,613H2404,0,,,1,0,0
B025,2024-02-17 04:00:00,1,613E2580,0,,191.49,1,0,1
B025,2024-02-17 05:00:00,0,613H2404,0,,,1,0,0
B025,2024-02-17 05:00:00,1,613E2580,0,,191.48,1,0,1
B025,2024-02-17 06:00:00,0,613H2404,0,,,1,0,0
B025,2024-02-17 06:00:00,1,613E2580,0,,191.48,1,0,1
B025,2024-02-17 07:00:00,0,613H2404,0,,,1,0,0
B025,2024-02-17 07:00:00,1,613E2580,0,,191.48,1,0,1
B025,2024-02-17 08:00:00,0,613H2404,0,,,1,0,0
B025,2024-02-17 08:00:00,1,613E2580,0,,191.48,1,0,1
B025,2024-02-17 09:00:00,0,613H2404,0,,,1,0,0
B025,2024-02-17 09:00:00,1,613E2580,0,,191.48,1,0,1
B025,2024-02-17 10:00:00,0,613H2404,0,,,1,0,0
B025,2024-02-17 10:00:00,1,613E2580,0,,191.47,1,0,1
B025,2024-02-17 11:00:00,0,613H2404,0,,,1,0,0
B025,2024-02-17 11:00:00,1,613E2580,0,,,1,0,0
B025,2024-03-25 20:00:00,0,613H2404,0,,,1,0,0
B025,2024-03-25 20:00:00,1,613E2580,0,,191.56,1,0,1
B025,2024-03-25 21:00:00,0,613H2404,0,,,1,0,0
B025,2024-03-25 21:00:00,1,613E2580,0,,191.55,1,0,1
B025,2024-03-25 22:00:00,0,613H2404,0,,,1,0,0
B025,2024-03-25 22:00:00,1,613E2580,0,,191.53,1,0,1
B025,2024-03-25 23:00:00,0,613H2404,0,,,1,0,0
B025,2024-03-25 23:00:00,1,613E2580,0,,191.52,1,0,1
B025,2024-03-26 00:00:00,0,613H2404,0,,,1,0,0
B025,2024-03-26 00:00:00,1,613E2580,0,,191.52,1,0,1
B025,2024-03-26 01:00:00,0,613H2404,0,,,1,0,0
B025,2024-03-26 01:00:00,1,613E2580,0,,191.52,1,0,1
B025,2024-03-26 02:00:00,0,613H2404,0,,,1,0,0
B025,2024-03-26 02:00:00,1,613E2580,0,,191.49,1,0,1
B025,2024-03-26 03:00:00,0,613H2404,0,,,1,0,0
B025,2024-03-26 03:00:00,1,613E2580,0,,191.49,1,0,1
B025,2024-03-26 04:00:00,0,613H2404,0,,,1,0,0
B025,2024-03-26 04:00:00,1,613E2580,0,,191.48,1,0,1
B025,2024-03-26 05:00:00,0,613H2404,0,,,1,0,0
B025,2024-03-26 05:00:00,1,613E2580,0,,191.48,1,0,1
B025,2024-03-26 06:00:00,0,613H2404,0,,,1,0,0
B025,2024-03-26 06:00:00,1,613E2580,0,,191.47,1,0,1
B025,2024-03-26 07:00:00,0,613H2404,0.2045167544,,,1,0,0
B025,2024-03-26 07:00:00,1,613E2580,0.2251421428,,191.47,1,0,1
B025,2024-03-26 08:00:00,0,613H2404,0,,,1,0,0
B025,2024-03-26 08:00:00,1,613E2580,0,,191.45,1,0,1
B025,2024-03-26 09:00:00,0,613H2404,0,,,1,0,0
B025,2024-03-26 09:00:00,1,613E2580,0,,191.44,1,0,1
B025,2024-03-26 10:00:00,0,613H2404,0,,,1,0,0
B025,2024-03-26 10:00:00,1,613E2580,0,,191.44,1,0,1
B025,2024-03-26 11:00:00,0,613H2404,0,,,1,0,0
B025,2024-03-26 11:00:00,1,613E2580,0,,191.45,1,0,1
B025,2024-03-26 12:00:00,0,613H2404,0,,,1,0,0
B025,2024-03-26 12:00:00,1,613E2580,0,,191.44,1,0,1
B025,2024-03-26 13:00:00,0,613H2404,0,,,1,0,0
B025,2024-03-26 13:00:00,1,613E2580,0,,191.44,1,0,1
B025,2024-03-26 14:00:00,0,613H2404,0,,,1,0,0
B025,2024-03-26 14:00:00,1,613E2580,0,,191.43,1,0,1
B025,2024-03-26 15:00:00,0,613H2404,0,,,1,0,0
B025,2024-03-26 15:00:00,1,613E2580,0,,191.43,1,0,1
B025,2024-03-26 16:00:00,0,613H2404,0,,,1,0,0
B025,2024-03-26 16:00:00,1,613E2580,0,,191.41,1,0,1
B025,2024-03-26 17:00:00,0,613H2404,0,,,1,0,0
B025,2024-03-26 17:00:00,1,613E2580,0,,191.4,1,0,1
B025,2024-03-26 18:00:00,0,613H2404,0,,,1,0,0
B025,2024-03-26 18:00:00,1,613E2580,0,,191.4,1,0,1
B025,2024-03-26 19:00:00,0,613H2404,0,,,1,0,0
B025,2024-03-26 19:00:00,1,613E2580,0,,191.4,1,0,1
B025,2024-03-26 20:00:00,0,613H2404,0,,,1,0,0
B025,2024-03-26 20:00:00,1,613E2580,0,,191.4,1,0,1
B025,2024-03-26 21:00:00,0,613H2404,0,,,1,0,0
B025,2024-03-26 21:00:00,1,613E2580,0,,191.4,1,0,1
B025,2024-03-26 22:00:00,0,613H2404,0,,,1,0,0
B025,2024-03-26 22:00:00,1,613E2580,0,,191.39,1,0,1
B025,2024-03-26 23:00:00,0,613H2404,0,,,1,0,0
B025,2024-03-26 23:00:00,1,613E2580,0,,191.39,1,0,1
B025,2024-03-27 00:00:00,0,613H2404,0,,,1,0,0
B025,2024-03-27 00:00:00,1,613E2580,0,,191.39,1,0,1
B025,2024-03-27 01:00:00,0,613H2404,0,,,1,0,0
B025,2024-03-27 01:00:00,1,613E2580,0,,191.38,1,0,1
B025,2024-03-27 02:00:00,0,613H2404,0,,,1,0,0
B025,2024-03-27 02:00:00,1,613E2580,0,,191.38,1,0,1
B025,2024-03-27 03:00:00,0,613H2404,0,,,1,0,0
B025,2024-03-27 03:00:00,1,613E2580,0,,191.38,1,0,1
B025,2024-03-27 04:00:00,0,613H2404,0,,,1,0,0
B025,2024-03-27 04:00:00,1,613E2580,0,,191.36,1,0,1
B025,2024-03-27 05:00:00,0,613H2404,0,,,1,0,0
B025,2024-03-27 05:00:00,1,613E2580,0,,191.36,1,0,1
B025,2024-03-27 06:00:00,0,613H2404,0,,,1,0,0
B025,2024-03-27 06:00:00,1,613E2580,0,,191.36,1,0,1
B025,2024-03-27 07:00:00,0,613H2404,0,,,1,0,0
B025,2024-03-27 07:00:00,1,613E2580,0,,191.36,1,0,1
B025,2024-03-27 08:00:00,0,613H2404,0,,,1,0,0
B025,2024-03-27 08:00:00,1,613E2580,0,,191.36,1,0,1
B025,2024-03-27 09:00:00,0,613H2404,0,,,1,0,0
B025,2024-03-27 09:00:00,1,613E2580,0,,191.36,1,0,1
B025,2024-03-27 10:00:00,0,613H2404,0,,,1,0,0
B025,2024-03-27 10:00:00,1,613E2580,0,,191.36,1,0,1
B025,2024-03-27 11:00:00,0,613H2404,0,,,1,0,0
B025,2024-03-27 11:00:00,1,613E2580,0,,191.36,1,0,1
B025,2024-03-27 12:00:00,0,613H2404,0,,,1,0,0
B025,2024-03-27 12:00:00,1,613E2580,0,,191.36,1,0,1
B025,2024-03-27 13:00:00,0,613H2404,0,,,1,0,0
B025,2024-03-27 13:00:00,1,613E2580,0,,191.36,1,0,1
B025,2024-03-27 14:00:00,0,613H2404,0,,,1,0,0
B025,2024-03-27 14:00:00,1,613E2580,0,,191.36,1,0,1
B025,2024-03-27 15:00:00,0,613H2404,0,,,1,0,0
B025,2024-03-27 15:00:00,1,613E2580,0,,191.35,1,0,1
B025,2024-03-27 16:00:00,0,613H2404,0,,,1,0,0
B025,2024-03-27 16:00:00,1,613E2580,0,,191.35,1,0,1
B025,2024-03-27 17:00:00,0,613H2404,0,,,1,0,0
B025,2024-03-27 17:00:00,1,613E2580,0,,191.34,1,0,1
B025,2024-03-27 18:00:00,0,613H2404,0,,,1,0,0
B025,2024-03-27 18:00:00,1,613E2580,0,,191.34,1,0,1
B025,2024-03-27 19:00:00,0,613H2404,0,,,1,0,0
B025,2024-03-27 19:00:00,1,613E2580,0,,191.34,1,0,1
B025,2024-03-27 20:00:00,0,613H2404,2.086928235,,,1,0,0
B025,2024-03-27 20:00:00,1,613E2580,0,,191.34,1,0,1
B025,2024-03-27 21:00:00,0,613H2404,2.80393575,,,1,0,0
B025,2024-03-27 21:00:00,1,613E2580,5.403411426,,191.34,1,0,1
B025,2024-03-27 22:00:00,0,613H2404,0.6760187805,,,1,0,0
B025,2024-03-27 22:00:00,1,613E2580,1.013139642,,191.36,1,0,1
B025,2024-03-27 23:00:00,0,613H2404,0.2151880003,,,1,0,0
B025,2024-03-27 23:00:00,1,613E2580,0.2251421428,,191.44,1,0,1
B025,2024-03-28 00:00:00,0,613H2404,0.1168863298,,,1,0,0
B025,2024-03-28 00:00:00,1,613E2580,0.2251421428,,191.62,1,0,1
B025,2024-03-28 01:00:00,0,613H2404,0,,,1,0,0
B025,2024-03-28 01:00:00,1,613E2580,0,,191.73,1,0,1
B025,2024-03-28 02:00:00,0,613H2404,0,,,1,0,0
B025,2024-03-28 02:00:00,1,613E2580,0,,191.77,1,0,1
B025,2024-03-28 03:00:00,0,613H2404,0,,,1,0,0
B025,2024-03-28 03:00:00,1,613E2580,0,,191.77,1,0,1
B025,2024-03-28 04:00:00,0,613H2404,0,,,1,0,0
B025,2024-03-28 04:00:00,1,613E2580,0,,191.86,1,0,1
B025,2024-03-28 05:00:00,0,613H2404,0,,,1,0,0
B025,2024-03-28 05:00:00,1,613E2580,0,,191.95,1,0,1
B025,2024-03-28 06:00:00,0,613H2404,0,,,1,0,0
B025,2024-03-28 06:00:00,1,613E2580,0,,191.97,1,0,1
B025,2024-03-28 07:00:00,0,613H2404,5.269955133,,,1,0,0
B025,2024-03-28 07:00:00,1,613E2580,6.866835354,,191.95,1,0,1
B025,2024-03-28 08:00:00,0,613H2404,0,,,1,0,0
B025,2024-03-28 08:00:00,1,613E2580,0,,191.92,1,0,1
B025,2024-03-28 09:00:00,0,613H2404,0,,,1,0,0
B025,2024-03-28 09:00:00,1,613E2580,0,,191.89,1,0,1
B025,2024-03-28 10:00:00,0,613H2404,0,,,1,0,0
B025,2024-03-28 10:00:00,1,613E2580,0,,191.86,1,0,1
B025,2024-03-28 11:00:00,0,613H2404,0,,,1,0,0
B025,2024-03-28 11:00:00,1,613E2580,0,,191.83,1,0,1
B025,2024-03-28 12:00:00,0,613H2404,0,,,1,0,0
B025,2024-03-28 12:00:00,1,613E2580,0,,191.81,1,0,1
B025,2024-03-28 13:00:00,0,613H2404,0,,,1,0,0
B025,2024-03-28 13:00:00,1,613E2580,0,,191.77,1,0,1
B025,2024-03-28 14:00:00,0,613H2404,0,,,1,0,0
B025,2024-03-28 14:00:00,1,613E2580,0,,191.76,1,0,1
B025,2024-03-28 15:00:00,0,613H2404,0,,,1,0,0
B025,2024-03-28 15:00:00,1,613E2580,0,,191.73,1,0,1
B025,2024-03-28 16:00:00,0,613H2404,0,,,1,0,0
B025,2024-03-28 16:00:00,1,613E2580,0,,191.72,1,0,1
B025,2024-03-28 17:00:00,0,613H2404,0,,,1,0,0
B025,2024-03-28 17:00:00,1,613E2580,0,,191.7,1,0,1
B025,2024-03-28 18:00:00,0,613H2404,0,,,1,0,0
B025,2024-03-28 18:00:00,1,613E2580,0,,191.69,1,0,1
B025,2024-03-28 19:00:00,0,613H2404,0,,,1,0,0
B025,2024-03-28 19:00:00,1,613E2580,0,,191.67,1,0,1
B025,2024-03-28 20:00:00,0,613H2404,0,,,1,0,0
B025,2024-03-28 20:00:00,1,613E2580,0,,191.65,1,0,1
B025,2024-03-28 21:00:00,0,613H2404,0,,,1,0,0
B025,2024-03-28 21:00:00,1,613E2580,0,,191.64,1,0,1
B025,2024-03-28 22:00:00,0,613H2404,0,,,1,0,0
B025,2024-03-28 22:00:00,1,613E2580,0,,191.63,1,0,1
B025,2024-03-28 23:00:00,0,613H2404,0,,,1,0,0
B025,2024-03-28 23:00:00,1,613E2580,0,,191.61,1,0,1
B025,2024-03-29 00:00:00,0,613H2404,0,,,1,0,0
B025,2024-03-29 00:00:00,1,613E2580,0,,191.59,1,0,1
B025,2024-03-29 01:00:00,0,613H2404,0,,,1,0,0
B025,2024-03-29 01:00:00,1,613E2580,0,,191.58,1,0,1
B025,2024-03-29 02:00:00,0,613H2404,0,,,1,0,0
B025,2024-03-29 02:00:00,1,613E2580,0,,191.57,1,0,1
B025,2024-03-29 03:00:00,0,613H2404,0,,,1,0,0
B025,2024-03-29 03:00:00,1,613E2580,0,,191.56,1,0,1
B025,2024-03-29 04:00:00,0,613H2404,0,,,1,0,0
B025,2024-03-29 04:00:00,1,613E2580,0,,191.53,1,0,1
B025,2024-03-29 05:00:00,0,613H2404,0,,,1,0,0
B025,2024-03-29 05:00:00,1,613E2580,0,,191.53,1,0,1
B025,2024-03-29 06:00:00,0,613H2404,0,,,1,0,0
B025,2024-03-29 06:00:00,1,613E2580,0,,191.52,1,0,1
B025,2024-03-29 07:00:00,0,613H2404,0,,,1,0,0
B025,2024-03-29 07:00:00,1,613E2580,0,,191.52,1,0,1
B025,2024-03-29 08:00:00,0,613H2404,0,,,1,0,0
B025,2024-03-29 08:00:00,1,613E2580,0,,191.51,1,0,1
B025,2024-03-29 09:00:00,0,613H2404,0,,,1,0,0
B025,2024-03-29 09:00:00,1,613E2580,0,,191.51,1,0,1
B025,2024-03-29 10:00:00,0,613H2404,0,,,1,0,0
B025,2024-03-29 10:00:00,1,613E2580,0,,191.49,1,0,1
B025,2024-03-29 11:00:00,0,613H2404,0,,,1,0,0
B025,2024-03-29 11:00:00,1,613E2580,0,,191.48,1,0,1
B025,2024-03-29 12:00:00,0,613H2404,0,,,1,0,0
B025,2024-03-29 12:00:00,1,613E2580,0,,191.48,1,0,1
B025,2024-03-29 13:00:00,0,613H2404,0,,,1,0,0
B025,2024-03-29 13:00:00,1,613E2580,0,,191.48,1,0,1
B025,2024-03-29 14:00:00,0,613H2404,0,,,1,0,0
B025,2024-03-29 14:00:00,1,613E2580,0,,191.47,1,0,1
B025,2024-03-29 15:00:00,0,613H2404,0,,,1,0,0
B025,2024-03-29 15:00:00,1,613E2580,0,,191.47,1,0,1
B025,2024-03-29 16:00:00,0,613H2404,0,,,1,0,0
B025,2024-03-29 16:00:00,1,613E2580,0,,191.45,1,0,1
B025,2024-03-29 17:00:00,0,613H2404,0,,,1,0,0
B025,2024-03-29 17:00:00,1,613E2580,0,,191.45,1,0,1
B025,2024-03-29 18:00:00,0,613H2404,0,,,1,0,0
B025,2024-03-29 18:00:00,1,613E2580,0,,191.45,1,0,1
B025,2024-03-29 19:00:00,0,613H2404,0,,,1,0,0
B025,2024-03-29 19:00:00,1,613E2580,0,,191.44,1,0,1
B025,2024-03-29 20:00:00,0,613H2404,0,,,1,0,0
B025,2024-03-29 20:00:00,1,613E2580,0,,191.44,1,0,1
B025,2024-03-29 21:00:00,0,613H2404,0,,,1,0,0
B025,2024-03-29 21:00:00,1,613E2580,0,,191.44,1,0,1
B025,2024-03-29 22:00:00,0,613H2404,0,,,1,0,0
B025,2024-03-29 22:00:00,1,613E2580,0,,191.44,1,0,1
B025,2024-03-29 23:00:00,0,613H2404,0,,,1,0,0
B025,2024-03-29 23:00:00,1,613E2580,0,,191.43,1,0,1
B025,2024-03-30 00:00:00,0,613H2404,0,,,1,0,0
B025,2024-03-30 00:00:00,1,613E2580,0,,191.43,1,0,1
B025,2024-03-30 01:00:00,0,613H2404,0,,,1,0,0
B025,2024-03-30 01:00:00,1,613E2580,0,,191.43,1,0,1
B025,2024-03-30 02:00:00,0,613H2404,0,,,1,0,0
B025,2024-03-30 02:00:00,1,613E2580,0,,191.41,1,0,1
B025,2024-03-30 03:00:00,0,613H2404,0,,,1,0,0
B025,2024-03-30 03:00:00,1,613E2580,0,,191.41,1,0,1
B025,2024-03-30 04:00:00,0,613H2404,0,,,1,0,0
B025,2024-03-30 04:00:00,1,613E2580,0,,191.41,1,0,1
B025,2024-03-30 05:00:00,0,613H2404,0,,,1,0,0
B025,2024-03-30 05:00:00,1,613E2580,0,,191.4,1,0,1
B025,2024-03-30 06:00:00,0,613H2404,0,,,1,0,0
B025,2024-03-30 06:00:00,1,613E2580,0,,191.4,1,0,1
B025,2024-03-30 07:00:00,0,613H2404,0,,,1,0,0
B025,2024-03-30 07:00:00,1,613E2580,0,,191.4,1,0,1
B025,2024-03-30 08:00:00,0,613H2404,0,,,1,0,0
B025,2024-03-30 08:00:00,1,613E2580,0,,191.4,1,0,1
B025,2024-04-11 03:00:00,0,613H2404,0,,,1,0,0
B025,2024-04-11 03:00:00,1,613E2580,0,,191.28,1,0,1
B025,2024-04-11 04:00:00,0,613H2404,0,,,1,0,0
B025,2024-04-11 04:00:00,1,613E2580,0,,191.28,1,0,1
B025,2024-04-11 05:00:00,0,613H2404,0,,,1,0,0
B025,2024-04-11 05:00:00,1,613E2580,0,,191.28,1,0,1
B025,2024-04-11 06:00:00,0,613H2404,0,,,1,0,0
B025,2024-04-11 06:00:00,1,613E2580,0,,191.28,1,0,1
B025,2024-04-11 07:00:00,0,613H2404,0,,,1,0,0
B025,2024-04-11 07:00:00,1,613E2580,0.1125710714,,191.28,1,0,1
B025,2024-04-11 08:00:00,0,613H2404,0.06246851734,,,1,0,0
B025,2024-04-11 08:00:00,1,613E2580,0,,191.27,1,0,1
B025,2024-04-11 09:00:00,0,613H2404,0,,,1,0,0
B025,2024-04-11 09:00:00,1,613E2580,0,,191.27,1,0,1
B025,2024-04-11 10:00:00,0,613H2404,0,,,1,0,0
B025,2024-04-11 10:00:00,1,613E2580,0,,191.27,1,0,1
B025,2024-04-11 11:00:00,0,613H2404,0,,,1,0,0
B025,2024-04-11 11:00:00,1,613E2580,0,,191.27,1,0,1
B025,2024-04-11 12:00:00,0,613H2404,0.1966033408,,,1,0,0
B025,2024-04-11 12:00:00,1,613E2580,0,,191.27,1,0,1
B025,2024-04-11 13:00:00,0,613H2404,0.09830167042,,,1,0,0
B025,2024-04-11 13:00:00,1,613E2580,0,,191.27,1,0,1
B025,2024-04-11 14:00:00,0,613H2404,0,,,1,0,0
B025,2024-04-11 14:00:00,1,613E2580,0,,191.27,1,0,1
B025,2024-04-11 15:00:00,0,613H2404,0,,,1,0,0
B025,2024-04-11 15:00:00,1,613E2580,0,,191.27,1,0,1
B025,2024-04-11 16:00:00,0,613H2404,0,,,1,0,0
B025,2024-04-11 16:00:00,1,613E2580,0,,191.27,1,0,1
B025,2024-04-11 17:00:00,0,613H2404,0,,,1,0,0
B025,2024-04-11 17:00:00,1,613E2580,0,,191.27,1,0,1
B025,2024-04-11 18:00:00,0,613H2404,0,,,1,0,0
B025,2024-04-11 18:00:00,1,613E2580,0,,191.27,1,0,1
B025,2024-04-11 19:00:00,0,613H2404,0,,,1,0,0
B025,2024-04-11 19:00:00,1,613E2580,0,,191.27,1,0,1
B025,2024-04-11 20:00:00,0,613H2404,0,,,1,0,0
B025,2024-04-11 20:00:00,1,613E2580,0,,191.27,1,0,1
B025,2024-04-11 21:00:00,0,613H2404,0,,,1,0,0
B025,2024-04-11 21:00:00,1,613E2580,0,,191.27,1,0,1
B025,2024-04-11 22:00:00,0,613H2404,0,,,1,0,0
B025,2024-04-11 22:00:00,1,613E2580,0,,191.27,1,0,1
B025,2024-04-11 23:00:00,0,613H2404,0,,,1,0,0
B025,2024-04-11 23:00:00,1,613E2580,0,,191.27,1,0,1
B025,2024-04-12 00:00:00,0,613H2404,0,,,1,0,0
B025,2024-04-12 00:00:00,1,613E2580,0,,191.27,1,0,1
B025,2024-04-12 01:00:00,0,613H2404,0,,,1,0,0
B025,2024-04-12 01:00:00,1,613E2580,0,,191.27,1,0,1
B025,2024-04-12 02:00:00,0,613H2404,0,,,1,0,0
B025,2024-04-12 02:00:00,1,613E2580,0,,191.27,1,0,1
B025,2024-04-12 03:00:00,0,613H2404,0,,,1,0,0
B025,2024-04-12 03:00:00,1,613E2580,0,,191.27,1,0,1
B025,2024-04-12 04:00:00,0,613H2404,0,,,1,0,0
B025,2024-04-12 04:00:00,1,613E2580,0,,191.27,1,0,1
B025,2024-04-12 05:00:00,0,613H2404,0,,,1,0,0
B025,2024-04-12 05:00:00,1,613E2580,0,,191.27,1,0,1
B025,2024-04-12 06:00:00,0,613H2404,0,,,1,0,0
B025,2024-04-12 06:00:00,1,613E2580,0,,191.27,1,0,1
B025,2024-04-12 07:00:00,0,613H2404,0.298861718,,,1,0,0
B025,2024-04-12 07:00:00,1,613E2580,0,,191.27,1,0,1
B025,2024-04-12 08:00:00,0,613H2404,0.003956706784,,,1,0,0
B025,2024-04-12 08:00:00,1,613E2580,0,,191.27,1,0,1
B025,2024-04-12 09:00:00,0,613H2404,0,,,1,0,0
B025,2024-04-12 09:00:00,1,613E2580,0,,191.27,1,0,1
B025,2024-04-12 10:00:00,0,613H2404,0,,,1,0,0
B025,2024-04-12 10:00:00,1,613E2580,0,,191.27,1,0,1
B025,2024-04-12 11:00:00,0,613H2404,0,,,1,0,0
B025,2024-04-12 11:00:00,1,613E2580,0,,191.27,1,0,1
B025,2024-04-12 12:00:00,0,613H2404,0,,,1,0,0
B025,2024-04-12 12:00:00,1,613E2580,0,,191.27,1,0,1
B025,2024-04-12 13:00:00,0,613H2404,0,,,1,0,0
B025,2024-04-12 13:00:00,1,613E2580,0,,191.27,1,0,1
B025,2024-04-12 14:00:00,0,613H2404,0,,,1,0,0
B025,2024-04-12 14:00:00,1,613E2580,0,,191.27,1,0,1
B025,2024-04-12 15:00:00,0,613H2404,0,,,1,0,0
B025,2024-04-12 15:00:00,1,613E2580,0,,191.27,1,0,1
B025,2024-04-12 16:00:00,0,613H2404,0,,,1,0,0
B025,2024-04-12 16:00:00,1,613E2580,0,,191.27,1,0,1
B025,2024-04-12 17:00:00,0,613H2404,0,,,1,0,0
B025,2024-04-12 17:00:00,1,613E2580,0,,191.27,1,0,1
B025,2024-04-12 18:00:00,0,613H2404,0,,,1,0,0
B025,2024-04-12 18:00:00,1,613E2580,0,,191.27,1,0,1
B025,2024-04-12 19:00:00,0,613H2404,0,,,1,0,0
B025,2024-04-12 19:00:00,1,613E2580,0,,191.27,1,0,1
B025,2024-04-12 20:00:00,0,613H2404,0,,,1,0,0
B025,2024-04-12 20:00:00,1,613E2580,0,,191.27,1,0,1
B025,2024-04-12 21:00:00,0,613H2404,0,,,1,0,0
B025,2024-04-12 21:00:00,1,613E2580,0,,191.27,1,0,1
B025,2024-04-12 22:00:00,0,613H2404,0,,,1,0,0
B025,2024-04-12 22:00:00,1,613E2580,0,,191.27,1,0,1
B025,2024-04-12 23:00:00,0,613H2404,0,,,1,0,0
B025,2024-04-12 23:00:00,1,613E2580,0,,191.27,1,0,1
B025,2024-04-13 00:00:00,0,613H2404,0,,,1,0,0
B025,2024-04-13 00:00:00,1,613E2580,0,,191.27,1,0,1
B025,2024-04-13 01:00:00,0,613H2404,0,,,1,0,0
B025,2024-04-13 01:00:00,1,613E2580,0,,191.26,1,0,1
B025,2024-04-13 02:00:00,0,613H2404,0,,,1,0,0
B025,2024-04-13 02:00:00,1,613E2580,0,,191.26,1,0,1
B025,2024-04-13 03:00:00,0,613H2404,0.01462795264,,,1,0,0
B025,2024-04-13 03:00:00,1,613E2580,0,,191.26,1,0,1
B025,2024-04-13 04:00:00,0,613H2404,4.183447467,,,1,0,0
B025,2024-04-13 04:00:00,1,613E2580,0.1125710714,,191.26,1,0,1
B025,2024-04-13 05:00:00,0,613H2404,5.086353367,,,1,0,0
B025,2024-04-13 05:00:00,1,613E2580,0.2251421428,,191.26,1,0,1
B025,2024-04-13 06:00:00,0,613H2404,1.441226943,,,1,0,0
B025,2024-04-13 06:00:00,1,613E2580,2.814276785,,191.26,1,0,1
B025,2024-04-13 07:00:00,0,613H2404,0.3214030842,,,1,0,0
B025,2024-04-13 07:00:00,1,613E2580,1.350852857,,191.27,1,0,1
B025,2024-04-13 08:00:00,0,613H2404,0,,,1,0,0
B025,2024-04-13 08:00:00,1,613E2580,0.1125710714,,191.28,1,0,1
B025,2024-04-13 09:00:00,0,613H2404,0,,,1,0,0
B025,2024-04-13 09:00:00,1,613E2580,0,,192.6,1,0,1
B025,2024-04-13 10:00:00,0,613H2404,0,,,1,0,0
B025,2024-04-13 10:00:00,1,613E2580,0,,193.27,1,0,1
B025,2024-04-13 11:00:00,0,613H2404,0,,,1,0,0
B025,2024-04-13 11:00:00,1,613E2580,0,,193.06,1,0,1
B025,2024-04-13 12:00:00,0,613H2404,0.003956706784,,,1,0,0
B025,2024-04-13 12:00:00,1,613E2580,0,,192.76,1,0,1
B025,2024-04-13 13:00:00,0,613H2404,0,,,1,0,0
B025,2024-04-13 13:00:00,1,613E2580,0,,192.52,1,0,1
B025,2024-04-13 14:00:00,0,613H2404,0,,,1,0,0
B025,2024-04-13 14:00:00,1,613E2580,0,,192.38,1,0,1
B025,2024-04-13 15:00:00,0,613H2404,0,,,1,0,0
B025,2024-04-13 15:00:00,1,613E2580,0,,192.27,1,0,1
B025,2024-04-13 16:00:00,0,613H2404,0,,,1,0,0
B025,2024-04-13 16:00:00,1,613E2580,0,,192.18,1,0,1
B025,2024-04-13 17:00:00,0,613H2404,0,,,1,0,0
B025,2024-04-13 17:00:00,1,613E2580,0,,192.11,1,0,1
B025,2024-04-13 18:00:00,0,613H2404,0,,,1,0,0
B025,2024-04-13 18:00:00,1,613E2580,0,,192.05,1,0,1
B025,2024-04-13 19:00:00,0,613H2404,0,,,1,0,0
B025,2024-04-13 19:00:00,1,613E2580,0,,192,1,0,1
B025,2024-04-13 20:00:00,0,613H2404,0,,,1,0,0
B025,2024-04-13 20:00:00,1,613E2580,0,,191.96,1,0,1
B025,2024-04-13 21:00:00,0,613H2404,0,,,1,0,0
B025,2024-04-13 21:00:00,1,613E2580,0,,191.92,1,0,1
B025,2024-04-13 22:00:00,0,613H2404,0,,,1,0,0
B025,2024-04-13 22:00:00,1,613E2580,0,,191.89,1,0,1
B025,2024-04-13 23:00:00,0,613H2404,0,,,1,0,0
B025,2024-04-13 23:00:00,1,613E2580,0,,191.86,1,0,1
B025,2024-04-14 00:00:00,0,613H2404,0,,,1,0,0
B025,2024-04-14 00:00:00,1,613E2580,0,,191.83,1,0,1
B025,2024-04-14 01:00:00,0,613H2404,0,,,1,0,0
B025,2024-04-14 01:00:00,1,613E2580,0,,191.81,1,0,1
B025,2024-04-14 02:00:00,0,613H2404,0,,,1,0,0
B025,2024-04-14 02:00:00,1,613E2580,0,,191.77,1,0,1
B025,2024-04-14 03:00:00,0,613H2404,0,,,1,0,0
B025,2024-04-14 03:00:00,1,613E2580,0,,191.76,1,0,1
B025,2024-04-14 04:00:00,0,613H2404,0.09830167042,,,1,0,0
B025,2024-04-14 04:00:00,1,613E2580,0,,191.75,1,0,1
B025,2024-04-14 05:00:00,0,613H2404,0.003956706784,,,1,0,0
B025,2024-04-14 05:00:00,1,613E2580,0,,191.73,1,0,1
B025,2024-04-14 06:00:00,0,613H2404,0,,,1,0,0
B025,2024-04-14 06:00:00,1,613E2580,0,,191.71,1,0,1
B025,2024-04-14 07:00:00,0,613H2404,0.106215084,,,1,0,0
B025,2024-04-14 07:00:00,1,613E2580,0.1125710714,,191.69,1,0,1
B025,2024-04-14 08:00:00,0,613H2404,0,,,1,0,0
B025,2024-04-14 08:00:00,1,613E2580,0,,191.68,1,0,1
B025,2024-04-14 09:00:00,0,613H2404,0,,,1,0,0
B025,2024-04-14 09:00:00,1,613E2580,0,,191.67,1,0,1
B025,2024-04-14 10:00:00,0,613H2404,0,,,1,0,0
B025,2024-04-14 10:00:00,1,613E2580,0,,191.66,1,0,1
B025,2024-04-14 11:00:00,0,613H2404,0,,,1,0,0
B025,2024-04-14 11:00:00,1,613E2580,0.1125710714,,191.64,1,0,1
B025,2024-04-14 12:00:00,0,613H2404,0,,,1,0,0
B025,2024-04-14 12:00:00,1,613E2580,0,,191.63,1,0,1
B025,2024-04-14 13:00:00,0,613H2404,0,,,1,0,0
B025,2024-04-14 13:00:00,1,613E2580,0,,191.61,1,0,1
B025,2024-04-14 14:00:00,0,613H2404,0,,,1,0,0
B025,2024-04-14 14:00:00,1,613E2580,0,,191.6,1,0,1
B025,2024-04-14 15:00:00,0,613H2404,0,,,1,0,0
B025,2024-04-14 15:00:00,1,613E2580,0,,191.59,1,0,1
B025,2024-04-14 16:00:00,0,613H2404,0,,,1,0,0
B025,2024-04-14 16:00:00,1,613E2580,0,,191.58,1,0,1
B025,2024-04-14 17:00:00,0,613H2404,0,,,1,0,0
B025,2024-04-14 17:00:00,1,613E2580,0,,191.57,1,0,1
B025,2024-04-14 18:00:00,0,613H2404,0,,,1,0,0
B025,2024-04-14 18:00:00,1,613E2580,0,,191.56,1,0,1
B025,2024-04-14 19:00:00,0,613H2404,0,,,1,0,0
B025,2024-04-14 19:00:00,1,613E2580,0,,191.55,1,0,1
B025,2024-04-14 20:00:00,0,613H2404,0,,,1,0,0
B025,2024-04-14 20:00:00,1,613E2580,0,,191.53,1,0,1
B025,2024-04-14 21:00:00,0,613H2404,0,,,1,0,0
B025,2024-04-14 21:00:00,1,613E2580,0,,191.52,1,0,1
B025,2024-04-14 22:00:00,0,613H2404,0,,,1,0,0
B025,2024-04-14 22:00:00,1,613E2580,0,,191.52,1,0,1
B025,2024-04-14 23:00:00,0,613H2404,0,,,1,0,0
B025,2024-04-14 23:00:00,1,613E2580,0,,191.52,1,0,1
B025,2024-04-15 00:00:00,0,613H2404,0,,,1,0,0
B025,2024-04-15 00:00:00,1,613E2580,0,,191.51,1,0,1
B025,2024-04-15 01:00:00,0,613H2404,0,,,1,0,0
B025,2024-04-15 01:00:00,1,613E2580,0,,191.49,1,0,1
B025,2024-04-15 02:00:00,0,613H2404,0,,,1,0,0
B025,2024-04-15 02:00:00,1,613E2580,0,,191.49,1,0,1
B025,2024-04-15 03:00:00,0,613H2404,0,,,1,0,0
B025,2024-04-15 03:00:00,1,613E2580,0,,191.48,1,0,1
B025,2024-04-15 04:00:00,0,613H2404,0,,,1,0,0
B025,2024-04-15 04:00:00,1,613E2580,0,,191.48,1,0,1
B025,2024-04-15 05:00:00,0,613H2404,0,,,1,0,0
B025,2024-04-15 05:00:00,1,613E2580,0,,191.48,1,0,1
B025,2024-04-15 06:00:00,0,613H2404,0,,,1,0,0
B025,2024-04-15 06:00:00,1,613E2580,0,,191.48,1,0,1
B025,2024-04-15 07:00:00,0,613H2404,0,,,1,0,0
B025,2024-04-15 07:00:00,1,613E2580,0.1125710714,,191.47,1,0,1
B025,2024-04-15 08:00:00,0,613H2404,0,,,1,0,0
B025,2024-04-15 08:00:00,1,613E2580,0,,191.45,1,0,1
B025,2024-04-15 09:00:00,0,613H2404,0,,,1,0,0
B025,2024-04-15 09:00:00,1,613E2580,0,,191.45,1,0,1
B025,2024-04-15 10:00:00,0,613H2404,0,,,1,0,0
B025,2024-04-15 10:00:00,1,613E2580,0,,191.45,1,0,1
B025,2024-04-15 11:00:00,0,613H2404,0,,,1,0,0
B025,2024-04-15 11:00:00,1,613E2580,0,,191.44,1,0,1
B025,2024-04-15 12:00:00,0,613H2404,0,,,1,0,0
B025,2024-04-15 12:00:00,1,613E2580,0,,,1,0,0
B025,2024-04-15 13:00:00,0,613H2404,0,,,1,0,0
B025,2024-04-15 13:00:00,1,613E2580,0,,191.44,1,0,1
B025,2024-04-25 14:00:00,0,613H2404,0,,,1,0,0
B025,2024-04-25 14:00:00,1,613E2580,0,,191.32,1,0,1
B025,2024-04-25 15:00:00,0,613H2404,0,,,1,0,0
B025,2024-04-25 15:00:00,1,613E2580,0,,191.32,1,0,1
B025,2024-04-25 16:00:00,0,613H2404,0,,,1,0,0
B025,2024-04-25 16:00:00,1,613E2580,0,,191.32,1,0,1
B025,2024-04-25 17:00:00,0,613H2404,0,,,1,0,0
B025,2024-04-25 17:00:00,1,613E2580,0,,191.32,1,0,1
B025,2024-04-25 18:00:00,0,613H2404,0,,,1,0,0
B025,2024-04-25 18:00:00,1,613E2580,0,,191.32,1,0,1
B025,2024-04-25 19:00:00,0,613H2404,0,,,1,0,0
B025,2024-04-25 19:00:00,1,613E2580,0,,191.32,1,0,1
B025,2024-04-25 20:00:00,0,613H2404,0,,,1,0,0
B025,2024-04-25 20:00:00,1,613E2580,0,,191.32,1,0,1
B025,2024-04-25 21:00:00,0,613H2404,0,,,1,0,0
B025,2024-04-25 21:00:00,1,613E2580,0,,191.32,1,0,1
B025,2024-04-25 22:00:00,0,613H2404,0,,,1,0,0
B025,2024-04-25 22:00:00,1,613E2580,0,,191.32,1,0,1
B025,2024-04-25 23:00:00,0,613H2404,0,,,1,0,0
B025,2024-04-25 23:00:00,1,613E2580,0,,191.32,1,0,1
B025,2024-04-26 00:00:00,0,613H2404,0,,,1,0,0
B025,2024-04-26 00:00:00,1,613E2580,0,,191.32,1,0,1
B025,2024-04-26 01:00:00,0,613H2404,0,,,1,0,0
B025,2024-04-26 01:00:00,1,613E2580,0,,191.32,1,0,1
B025,2024-04-26 02:00:00,0,613H2404,0,,,1,0,0
B025,2024-04-26 02:00:00,1,613E2580,0,,191.32,1,0,1
B025,2024-04-26 03:00:00,0,613H2404,0,,,1,0,0
B025,2024-04-26 03:00:00,1,613E2580,0,,191.32,1,0,1
B025,2024-04-26 04:00:00,0,613H2404,0,,,1,0,0
B025,2024-04-26 04:00:00,1,613E2580,0,,191.31,1,0,1
B025,2024-04-26 05:00:00,0,613H2404,0,,,1,0,0
B025,2024-04-26 05:00:00,1,613E2580,0,,191.31,1,0,1
B025,2024-04-26 06:00:00,0,613H2404,0,,,1,0,0
B025,2024-04-26 06:00:00,1,613E2580,0,,191.31,1,0,1
B025,2024-04-26 07:00:00,0,613H2404,0,,,1,0,0
B025,2024-04-26 07:00:00,1,613E2580,0.1125710714,,191.31,1,0,1
B025,2024-04-26 08:00:00,0,613H2404,0,,,1,0,0
B025,2024-04-26 08:00:00,1,613E2580,0,,191.31,1,0,1
B025,2024-04-26 09:00:00,0,613H2404,0,,,1,0,0
B025,2024-04-26 09:00:00,1,613E2580,0,,191.31,1,0,1
B025,2024-04-26 10:00:00,0,613H2404,0,,,1,0,0
B025,2024-04-26 10:00:00,1,613E2580,0,,191.31,1,0,1
B025,2024-04-26 11:00:00,0,613H2404,0,,,1,0,0
B025,2024-04-26 11:00:00,1,613E2580,0,,191.31,1,0,1
B025,2024-04-26 12:00:00,0,613H2404,0,,,1,0,0
B025,2024-04-26 12:00:00,1,613E2580,0,,191.31,1,0,1
B025,2024-04-26 13:00:00,0,613H2404,0,,,1,0,0
B025,2024-04-26 13:00:00,1,613E2580,0,,191.3,1,0,1
B025,2024-04-26 14:00:00,0,613H2404,0,,,1,0,0
B025,2024-04-26 14:00:00,1,613E2580,0,,191.3,1,0,1
B025,2024-04-26 15:00:00,0,613H2404,0,,,1,0,0
B025,2024-04-26 15:00:00,1,613E2580,0,,191.3,1,0,1
B025,2024-04-26 16:00:00,0,613H2404,0,,,1,0,0
B025,2024-04-26 16:00:00,1,613E2580,0,,191.3,1,0,1
B025,2024-04-26 17:00:00,0,613H2404,0,,,1,0,0
B025,2024-04-26 17:00:00,1,613E2580,0,,191.3,1,0,1
B025,2024-04-26 18:00:00,0,613H2404,0,,,1,0,0
B025,2024-04-26 18:00:00,1,613E2580,0,,191.3,1,0,1
B025,2024-04-26 19:00:00,0,613H2404,0,,,1,0,0
B025,2024-04-26 19:00:00,1,613E2580,0,,191.3,1,0,1
B025,2024-04-26 20:00:00,0,613H2404,0,,,1,0,0
B025,2024-04-26 20:00:00,1,613E2580,0,,191.28,1,0,1
B025,2024-04-26 21:00:00,0,613H2404,0,,,1,0,0
B025,2024-04-26 21:00:00,1,613E2580,0,,191.28,1,0,1
B025,2024-04-26 22:00:00,0,613H2404,0,,,1,0,0
B025,2024-04-26 22:00:00,1,613E2580,0,,191.28,1,0,1
B025,2024-04-26 23:00:00,0,613H2404,0,,,1,0,0
B025,2024-04-26 23:00:00,1,613E2580,0,,191.28,1,0,1
B025,2024-04-27 00:00:00,0,613H2404,0,,,1,0,0
B025,2024-04-27 00:00:00,1,613E2580,0,,191.28,1,0,1
B025,2024-04-27 01:00:00,0,613H2404,0,,,1,0,0
B025,2024-04-27 01:00:00,1,613E2580,0,,191.27,1,0,1
B025,2024-04-27 02:00:00,0,613H2404,0,,,1,0,0
B025,2024-04-27 02:00:00,1,613E2580,0,,191.27,1,0,1
B025,2024-04-27 03:00:00,0,613H2404,0,,,1,0,0
B025,2024-04-27 03:00:00,1,613E2580,0,,191.27,1,0,1
B025,2024-04-27 04:00:00,0,613H2404,0,,,1,0,0
B025,2024-04-27 04:00:00,1,613E2580,0,,191.27,1,0,1
B025,2024-04-27 05:00:00,0,613H2404,0,,,1,0,0
B025,2024-04-27 05:00:00,1,613E2580,0,,191.27,1,0,1
B025,2024-04-27 06:00:00,0,613H2404,0,,,1,0,0
B025,2024-04-27 06:00:00,1,613E2580,0,,191.27,1,0,1
B025,2024-04-27 07:00:00,0,613H2404,0,,,1,0,0
B025,2024-04-27 07:00:00,1,613E2580,0,,191.27,1,0,1
B025,2024-04-27 08:00:00,0,613H2404,0,,,1,0,0
B025,2024-04-27 08:00:00,1,613E2580,0,,191.27,1,0,1
B025,2024-04-27 09:00:00,0,613H2404,0,,,1,0,0
B025,2024-04-27 09:00:00,1,613E2580,0,,191.27,1,0,1
B025,2024-04-27 10:00:00,0,613H2404,0,,,1,0,0
B025,2024-04-27 10:00:00,1,613E2580,0,,191.27,1,0,1
B025,2024-04-27 11:00:00,0,613H2404,0,,,1,0,0
B025,2024-04-27 11:00:00,1,613E2580,0,,191.27,1,0,1
B025,2024-04-27 12:00:00,0,613H2404,0,,,1,0,0
B025,2024-04-27 12:00:00,1,613E2580,0,,191.27,1,0,1
B025,2024-04-27 13:00:00,0,613H2404,0,,,1,0,0
B025,2024-04-27 13:00:00,1,613E2580,0,,191.27,1,0,1
B025,2024-04-27 14:00:00,0,613H2404,0,,,1,0,0
B025,2024-04-27 14:00:00,1,613E2580,0.2251421428,,191.27,1,0,1
B025,2024-04-27 15:00:00,0,613H2404,0,,,1,0,0
B025,2024-04-27 15:00:00,1,613E2580,0,,191.27,1,0,1
B025,2024-04-27 16:00:00,0,613H2404,0,,,1,0,0
B025,2024-04-27 16:00:00,1,613E2580,0,,191.27,1,0,1
B025,2024-04-27 17:00:00,0,613H2404,0,,,1,0,0
B025,2024-04-27 17:00:00,1,613E2580,0,,191.27,1,0,1
B025,2024-04-27 18:00:00,0,613H2404,0.1315142825,,,1,0,0
B025,2024-04-27 18:00:00,1,613E2580,0,,191.27,1,0,1
B025,2024-04-27 19:00:00,0,613H2404,0.1580123555,,,1,0,0
B025,2024-04-27 19:00:00,1,613E2580,0,,191.27,1,0,1
B025,2024-04-27 20:00:00,0,613H2404,0,,,1,0,0
B025,2024-04-27 20:00:00,1,613E2580,0.1125710714,,191.27,1,0,1
B025,2024-04-27 21:00:00,0,613H2404,0.01462795264,,,1,0,0
B025,2024-04-27 21:00:00,1,613E2580,1.801137142,,191.27,1,0,1
B025,2024-04-27 22:00:00,0,613H2404,0.02925590528,,,1,0,0
B025,2024-04-27 22:00:00,1,613E2580,6.303979997,,191.27,1,0,1
B025,2024-04-27 23:00:00,0,613H2404,0.02925590528,,,1,0,0
B025,2024-04-27 23:00:00,1,613E2580,0.1125710714,,191.34,1,0,1
B025,2024-04-28 00:00:00,0,613H2404,0.003956706784,,,1,0,0
B025,2024-04-28 00:00:00,1,613E2580,0,,191.43,1,0,1
B025,2024-04-28 01:00:00,0,613H2404,0,,,1,0,0
B025,2024-04-28 01:00:00,1,613E2580,0,,191.52,1,0,1
B025,2024-04-28 02:00:00,0,613H2404,0,,,1,0,0
B025,2024-04-28 02:00:00,1,613E2580,0,,191.52,1,0,1
B025,2024-04-28 03:00:00,0,613H2404,0,,,1,0,0
B025,2024-04-28 03:00:00,1,613E2580,0,,191.53,1,0,1
B025,2024-04-28 04:00:00,0,613H2404,0,,,1,0,0
B025,2024-04-28 04:00:00,1,613E2580,0,,191.59,1,0,1
B025,2024-04-28 05:00:00,0,613H2404,0,,,1,0,0
B025,2024-04-28 05:00:00,1,613E2580,0,,191.6,1,0,1
B025,2024-04-28 06:00:00,0,613H2404,0,,,1,0,0
B025,2024-04-28 06:00:00,1,613E2580,0,,191.57,1,0,1
B025,2024-04-28 07:00:00,0,613H2404,0.2203435815,,,1,0,0
B025,2024-04-28 07:00:00,1,613E2580,8.555401425,,191.53,1,0,1
B025,2024-04-28 08:00:00,0,613H2404,0,,,1,0,0
B025,2024-04-28 08:00:00,1,613E2580,0,,191.52,1,0,1
B025,2024-04-28 09:00:00,0,613H2404,0,,,1,0,0
B025,2024-04-28 09:00:00,1,613E2580,0,,191.49,1,0,1
B025,2024-04-28 10:00:00,0,613H2404,0,,,1,0,0
B025,2024-04-28 10:00:00,1,613E2580,0,,191.47,1,0,1
B025,2024-04-28 11:00:00,0,613H2404,0,,,1,0,0
B025,2024-04-28 11:00:00,1,613E2580,0,,191.44,1,0,1
B025,2024-04-28 12:00:00,0,613H2404,0,,,1,0,0
B025,2024-04-28 12:00:00,1,613E2580,0,,191.44,1,0,1
B025,2024-04-28 13:00:00,0,613H2404,0,,,1,0,0
B025,2024-04-28 13:00:00,1,613E2580,0,,191.43,1,0,1
B025,2024-04-28 14:00:00,0,613H2404,0,,,1,0,0
B025,2024-04-28 14:00:00,1,613E2580,0,,191.4,1,0,1
B025,2024-04-28 15:00:00,0,613H2404,0,,,1,0,0
B025,2024-04-28 15:00:00,1,613E2580,0,,191.4,1,0,1
B025,2024-04-28 16:00:00,0,613H2404,0,,,1,0,0
B025,2024-04-28 16:00:00,1,613E2580,0,,191.39,1,0,1
B025,2024-04-28 17:00:00,0,613H2404,0,,,1,0,0
B025,2024-04-28 17:00:00,1,613E2580,0,,191.38,1,0,1
B025,2024-04-28 18:00:00,0,613H2404,0,,,1,0,0
B025,2024-04-28 18:00:00,1,613E2580,0,,191.36,1,0,1
B025,2024-04-28 19:00:00,0,613H2404,0,,,1,0,0
B025,2024-04-28 19:00:00,1,613E2580,0,,191.36,1,0,1
B025,2024-04-28 20:00:00,0,613H2404,0,,,1,0,0
B025,2024-04-28 20:00:00,1,613E2580,0,,191.36,1,0,1
B025,2024-04-28 21:00:00,0,613H2404,0,,,1,0,0
B025,2024-04-28 21:00:00,1,613E2580,0,,191.36,1,0,1
B025,2024-04-28 22:00:00,0,613H2404,0,,,1,0,0
B025,2024-04-28 22:00:00,1,613E2580,0,,191.35,1,0,1
B025,2024-04-28 23:00:00,0,613H2404,0,,,1,0,0
B025,2024-04-28 23:00:00,1,613E2580,0,,191.34,1,0,1
B025,2024-04-29 00:00:00,0,613H2404,0,,,1,0,0
B025,2024-04-29 00:00:00,1,613E2580,0,,191.34,1,0,1
B025,2024-04-29 01:00:00,0,613H2404,0,,,1,0,0
B025,2024-04-29 01:00:00,1,613E2580,0,,191.34,1,0,1
B025,2024-04-29 02:00:00,0,613H2404,0,,,1,0,0
B025,2024-04-29 02:00:00,1,613E2580,0,,191.34,1,0,1
B025,2024-04-29 03:00:00,0,613H2404,0,,,1,0,0
B025,2024-04-29 03:00:00,1,613E2580,0,,191.32,1,0,1
B025,2024-04-29 04:00:00,0,613H2404,0,,,1,0,0
B025,2024-04-29 04:00:00,1,613E2580,0,,191.32,1,0,1
B025,2024-04-29 05:00:00,0,613H2404,0,,,1,0,0
B025,2024-04-29 05:00:00,1,613E2580,0,,191.32,1,0,1
B025,2024-04-29 06:00:00,0,613H2404,0,,,1,0,0
B025,2024-04-29 06:00:00,1,613E2580,0,,191.32,1,0,1
B025,2024-04-29 07:00:00,0,613H2404,0.2298159529,,,1,0,0
B025,2024-04-29 07:00:00,1,613E2580,0,,191.32,1,0,1
B025,2024-04-29 08:00:00,0,613H2404,7.021435207,,,1,0,0
B025,2024-04-29 08:00:00,1,613E2580,1.463423928,,191.32,1,0,1
B025,2024-04-29 09:00:00,0,613H2404,0.5777171101,,,1,0,0
B025,2024-04-29 09:00:00,1,613E2580,0.6754264283,,191.32,1,0,1
B025,2024-04-29 10:00:00,0,613H2404,0.1022583772,,,1,0,0
B025,2024-04-29 10:00:00,1,613E2580,0.1125710714,,191.32,1,0,1
B025,2024-04-29 11:00:00,0,613H2404,0.1462795264,,,1,0,0
B025,2024-04-29 11:00:00,1,613E2580,0.1125710714,,191.32,1,0,1
B025,2024-04-29 12:00:00,0,613H2404,2.04326717,,,1,0,0
B025,2024-04-29 12:00:00,1,613E2580,2.026279285,,191.32,1,0,1
B025,2024-04-29 13:00:00,0,613H2404,0.1966033408,,,1,0,0
B025,2024-04-29 13:00:00,1,613E2580,0.2251421428,,191.36,1,0,1
B025,2024-04-29 14:00:00,0,613H2404,0.1028743764,,,1,0,0
B025,2024-04-29 14:00:00,1,613E2580,0,,191.51,1,0,1
B025,2024-04-29 15:00:00,0,613H2404,0,,,1,0,0
B025,2024-04-29 15:00:00,1,613E2580,0.7879974997,,191.77,1,0,1
B025,2024-04-29 16:00:00,0,613H2404,0,,,1,0,0
B025,2024-04-29 16:00:00,1,613E2580,1.238281785,,191.96,1,0,1
B025,2024-04-29 17:00:00,0,613H2404,0,,,1,0,0
B025,2024-04-29 17:00:00,1,613E2580,0.1125710714,,192.17,1,0,1
B025,2024-04-29 18:00:00,0,613H2404,0,,,1,0,0
B025,2024-04-29 18:00:00,1,613E2580,0,,192.27,1,0,1
B025,2024-04-29 19:00:00,0,613H2404,0,,,1,0,0
B025,2024-04-29 19:00:00,1,613E2580,0,,192.23,1,0,1
B025,2024-04-29 20:00:00,0,613H2404,0,,,1,0,0
B025,2024-04-29 20:00:00,1,613E2580,0,,192.16,1,0,1
B025,2024-04-29 21:00:00,0,613H2404,0.003956706784,,,1,0,0
B025,2024-04-29 21:00:00,1,613E2580,0,,192.08,1,0,1
B025,2024-04-29 22:00:00,0,613H2404,0,,,1,0,0
B025,2024-04-29 22:00:00,1,613E2580,0,,192.02,1,0,1
B025,2024-04-29 23:00:00,0,613H2404,0,,,1,0,0
B025,2024-04-29 23:00:00,1,613E2580,0,,191.98,1,0,1
B025,2024-04-30 00:00:00,0,613H2404,0,,,1,0,0
B025,2024-04-30 00:00:00,1,613E2580,0,,191.94,1,0,1
B025,2024-04-30 01:00:00,0,613H2404,0,,,1,0,0
B025,2024-04-30 01:00:00,1,613E2580,0,,191.9,1,0,1
B025,2024-04-30 02:00:00,0,613H2404,0.2203435815,,,1,0,0
B025,2024-04-30 02:00:00,1,613E2580,0,,191.86,1,0,1
B025,2024-04-30 03:00:00,0,613H2404,0.3840088928,,,1,0,0
B025,2024-04-30 03:00:00,1,613E2580,0.1125710714,,191.83,1,0,1
B025,2024-04-30 04:00:00,0,613H2404,0.01462795264,,,1,0,0
B025,2024-04-30 04:00:00,1,613E2580,0,,191.81,1,0,1
B025,2024-04-30 05:00:00,0,613H2404,0.1022583772,,,1,0,0
B025,2024-04-30 05:00:00,1,613E2580,0.1125710714,,191.77,1,0,1
B025,2024-04-30 06:00:00,0,613H2404,0.02925590528,,,1,0,0
B025,2024-04-30 06:00:00,1,613E2580,0,,191.76,1,0,1
B025,2024-04-30 07:00:00,0,613H2404,10.11109322,,,1,0,0
B025,2024-04-30 07:00:00,1,613E2580,6.979406426,,191.75,1,0,1
B025,2024-04-30 08:00:00,0,613H2404,0.01462795264,,,1,0,0
B025,2024-04-30 08:00:00,1,613E2580,0,,191.73,1,0,1
B025,2024-06-06 07:00:00,0,613H2404,0,,,1,0,0
B025,2024-06-06 07:00:00,1,613E2580,0,,191.39,1,0,1
B025,2024-06-06 08:00:00,0,613H2404,0,,,1,0,0
B025,2024-06-06 08:00:00,1,613E2580,0,,191.38,1,0,1
B025,2024-06-06 09:00:00,0,613H2404,0,,,1,0,0
B025,2024-06-06 09:00:00,1,613E2580,0,,191.38,1,0,1
B025,2024-06-06 10:00:00,0,613H2404,0,,,1,0,0
B025,2024-06-06 10:00:00,1,613E2580,0,,191.36,1,0,1
B025,2024-06-06 11:00:00,0,613H2404,0,,,1,0,0
B025,2024-06-06 11:00:00,1,613E2580,0,,191.36,1,0,1
B025,2024-06-06 12:00:00,0,613H2404,0,,,1,0,0
B025,2024-06-06 12:00:00,1,613E2580,0,,191.36,1,0,1
B025,2024-06-06 13:00:00,0,613H2404,0,,,1,0,0
B025,2024-06-06 13:00:00,1,613E2580,0,,191.36,1,0,1
B025,2024-06-06 14:00:00,0,613H2404,0,,,1,0,0
B025,2024-06-06 14:00:00,1,613E2580,0,,191.36,1,0,1
B025,2024-06-06 15:00:00,0,613H2404,0,,,1,0,0
B025,2024-06-06 15:00:00,1,613E2580,0,,191.36,1,0,1
B025,2024-06-06 16:00:00,0,613H2404,0,,,1,0,0
B025,2024-06-06 16:00:00,1,613E2580,0,,191.35,1,0,1
B025,2024-06-06 17:00:00,0,613H2404,0,,,1,0,0
B025,2024-06-06 17:00:00,1,613E2580,0,,191.35,1,0,1
B025,2024-06-06 18:00:00,0,613H2404,0,,,1,0,0
B025,2024-06-06 18:00:00,1,613E2580,0,,191.34,1,0,1
B025,2024-06-06 19:00:00,0,613H2404,0,,,1,0,0
B025,2024-06-06 19:00:00,1,613E2580,0,,191.34,1,0,1
B025,2024-06-06 20:00:00,0,613H2404,0,,,1,0,0
B025,2024-06-06 20:00:00,1,613E2580,0,,191.34,1,0,1
B025,2024-06-06 21:00:00,0,613H2404,0,,,1,0,0
B025,2024-06-06 21:00:00,1,613E2580,0,,191.34,1,0,1
B025,2024-06-06 22:00:00,0,613H2404,0,,,1,0,0
B025,2024-06-06 22:00:00,1,613E2580,0,,191.34,1,0,1
B025,2024-06-06 23:00:00,0,613H2404,0,,,1,0,0
B025,2024-06-06 23:00:00,1,613E2580,0,,191.32,1,0,1
B025,2024-06-07 00:00:00,0,613H2404,0,,,1,0,0
B025,2024-06-07 00:00:00,1,613E2580,0,,191.32,1,0,1
B025,2024-06-07 01:00:00,0,613H2404,0,,,1,0,0
B025,2024-06-07 01:00:00,1,613E2580,0,,191.32,1,0,1
B025,2024-06-07 02:00:00,0,613H2404,0,,,1,0,0
B025,2024-06-07 02:00:00,1,613E2580,0,,191.32,1,0,1
B025,2024-06-07 03:00:00,0,613H2404,0,,,1,0,0
B025,2024-06-07 03:00:00,1,613E2580,0,,191.32,1,0,1
B025,2024-06-07 04:00:00,0,613H2404,0,,,1,0,0
B025,2024-06-07 04:00:00,1,613E2580,0,,191.32,1,0,1
B025,2024-06-07 05:00:00,0,613H2404,0,,,1,0,0
B025,2024-06-07 05:00:00,1,613E2580,0,,191.32,1,0,1
B025,2024-06-07 06:00:00,0,613H2404,0,,,1,0,0
B025,2024-06-07 06:00:00,1,613E2580,0,,191.32,1,0,1
B025,2024-06-07 07:00:00,0,613H2404,0,,,1,0,0
B025,2024-06-07 07:00:00,1,613E2580,0,,191.31,1,0,1
B025,2024-06-07 08:00:00,0,613H2404,0,,,1,0,0
B025,2024-06-07 08:00:00,1,613E2580,0,,191.31,1,0,1
B025,2024-06-07 09:00:00,0,613H2404,0,,,1,0,0
B025,2024-06-07 09:00:00,1,613E2580,0,,191.31,1,0,1
B025,2024-06-07 10:00:00,0,613H2404,0,,,1,0,0
B025,2024-06-07 10:00:00,1,613E2580,0,,191.31,1,0,1
B025,2024-06-07 11:00:00,0,613H2404,0,,,1,0,0
B025,2024-06-07 11:00:00,1,613E2580,0,,191.31,1,0,1
B025,2024-06-07 12:00:00,0,613H2404,0,,,1,0,0
B025,2024-06-07 12:00:00,1,613E2580,0,,191.3,1,0,1
B025,2024-06-07 13:00:00,0,613H2404,0,,,1,0,0
B025,2024-06-07 13:00:00,1,613E2580,0,,191.3,1,0,1
B025,2024-06-07 14:00:00,0,613H2404,0.1022583772,,,1,0,0
B025,2024-06-07 14:00:00,1,613E2580,0,,191.3,1,0,1
B025,2024-06-07 15:00:00,0,613H2404,0,,,1,0,0
B025,2024-06-07 15:00:00,1,613E2580,0,,191.3,1,0,1
B025,2024-06-07 16:00:00,0,613H2404,0,,,1,0,0
B025,2024-06-07 16:00:00,1,613E2580,0,,191.28,1,0,1
B025,2024-06-07 17:00:00,0,613H2404,0,,,1,0,0
B025,2024-06-07 17:00:00,1,613E2580,0,,191.28,1,0,1
B025,2024-06-07 18:00:00,0,613H2404,0,,,1,0,0
B025,2024-06-07 18:00:00,1,613E2580,0,,191.28,1,0,1
B025,2024-06-07 19:00:00,0,613H2404,0,,,1,0,0
B025,2024-06-07 19:00:00,1,613E2580,0,,191.28,1,0,1
B025,2024-06-07 20:00:00,0,613H2404,0,,,1,0,0
B025,2024-06-07 20:00:00,1,613E2580,0,,191.27,1,0,1
B025,2024-06-07 21:00:00,0,613H2404,0,,,1,0,0
B025,2024-06-07 21:00:00,1,613E2580,0,,191.27,1,0,1
B025,2024-06-07 22:00:00,0,613H2404,0,,,1,0,0
B025,2024-06-07 22:00:00,1,613E2580,0,,191.27,1,0,1
B025,2024-06-07 23:00:00,0,613H2404,0,,,1,0,0
B025,2024-06-07 23:00:00,1,613E2580,0,,191.27,1,0,1
B025,2024-06-08 00:00:00,0,613H2404,0,,,1,0,0
B025,2024-06-08 00:00:00,1,613E2580,0,,191.27,1,0,1
B025,2024-06-08 01:00:00,0,613H2404,0,,,1,0,0
B025,2024-06-08 01:00:00,1,613E2580,0,,191.27,1,0,1
B025,2024-06-08 02:00:00,0,613H2404,0,,,1,0,0
B025,2024-06-08 02:00:00,1,613E2580,0,,191.27,1,0,1
B025,2024-06-08 03:00:00,0,613H2404,0,,,1,0,0
B025,2024-06-08 03:00:00,1,613E2580,0,,191.27,1,0,1
B025,2024-06-08 04:00:00,0,613H2404,0,,,1,0,0
B025,2024-06-08 04:00:00,1,613E2580,0,,191.27,1,0,1
B025,2024-06-08 05:00:00,0,613H2404,0,,,1,0,0
B025,2024-06-08 05:00:00,1,613E2580,0,,191.27,1,0,1
B025,2024-06-08 06:00:00,0,613H2404,0,,,1,0,0
B025,2024-06-08 06:00:00,1,613E2580,0,,191.27,1,0,1
B025,2024-06-08 07:00:00,0,613H2404,0.1022583772,,,1,0,0
B025,2024-06-08 07:00:00,1,613E2580,0,,191.27,1,0,1
B025,2024-06-08 08:00:00,0,613H2404,0,,,1,0,0
B025,2024-06-08 08:00:00,1,613E2580,0,,191.27,1,0,1
B025,2024-06-08 09:00:00,0,613H2404,0,,,1,0,0
B025,2024-06-08 09:00:00,1,613E2580,0,,191.27,1,0,1
B025,2024-06-08 10:00:00,0,613H2404,0,,,1,0,0
B025,2024-06-08 10:00:00,1,613E2580,0,,191.27,1,0,1
B025,2024-06-08 11:00:00,0,613H2404,0,,,1,0,0
B025,2024-06-08 11:00:00,1,613E2580,0,,191.27,1,0,1
B025,2024-06-08 12:00:00,0,613H2404,0,,,1,0,0
B025,2024-06-08 12:00:00,1,613E2580,0,,191.26,1,0,1
B025,2024-06-08 13:00:00,0,613H2404,0,,,1,0,0
B025,2024-06-08 13:00:00,1,613E2580,0.1125710714,,191.26,1,0,1
B025,2024-06-08 14:00:00,0,613H2404,0.05851181055,,,1,0,0
B025,2024-06-08 14:00:00,1,613E2580,0.2251421428,,191.26,1,0,1
B025,2024-06-08 15:00:00,0,613H2404,0.8369262596,,,1,0,0
B025,2024-06-08 15:00:00,1,613E2580,0.5628553569,,191.26,1,0,1
B025,2024-06-08 16:00:00,0,613H2404,0.9390473455,,,1,0,0
B025,2024-06-08 16:00:00,1,613E2580,2.138850356,,191.26,1,0,1
B025,2024-06-08 17:00:00,0,613H2404,0.3546156963,,,1,0,0
B025,2024-06-08 17:00:00,1,613E2580,0.3377132142,,191.27,1,0,1
B025,2024-06-08 18:00:00,0,613H2404,0.3652869422,,,1,0,0
B025,2024-06-08 18:00:00,1,613E2580,0.3377132142,,191.27,1,0,1
B025,2024-06-08 19:00:00,0,613H2404,0.3613302354,,,1,0,0
B025,2024-06-08 19:00:00,1,613E2580,0.5628553569,,191.27,1,0,1
B025,2024-06-08 20:00:00,0,613H2404,0.2005600476,,,1,0,0
B025,2024-06-08 20:00:00,1,613E2580,0.2251421428,,191.27,1,0,1
B025,2024-06-08 21:00:00,0,613H2404,0.2337726597,,,1,0,0
B025,2024-06-08 21:00:00,1,613E2580,0.4502842855,,191.28,1,0,1
B025,2024-06-08 22:00:00,0,613H2404,0.003956706784,,,1,0,0
B025,2024-06-08 22:00:00,1,613E2580,0.4502842855,,191.31,1,0,1
B025,2024-06-08 23:00:00,0,613H2404,0,,,1,0,0
B025,2024-06-08 23:00:00,1,613E2580,0,,191.34,1,0,1
B025,2024-06-09 00:00:00,0,613H2404,0,,,1,0,0
B025,2024-06-09 00:00:00,1,613E2580,0,,191.43,1,0,1
B025,2024-06-09 01:00:00,0,613H2404,0,,,1,0,0
B025,2024-06-09 01:00:00,1,613E2580,0,,191.52,1,0,1
B025,2024-06-09 02:00:00,0,613H2404,0,,,1,0,0
B025,2024-06-09 02:00:00,1,613E2580,0,,191.58,1,0,1
B025,2024-06-09 03:00:00,0,613H2404,0.3241609165,,,1,0,0
B025,2024-06-09 03:00:00,1,613E2580,0.2251421428,,191.59,1,0,1
B025,2024-06-09 04:00:00,0,613H2404,0.2270581206,,,1,0,0
B025,2024-06-09 04:00:00,1,613E2580,0.1125710714,,191.59,1,0,1
B025,2024-06-09 05:00:00,0,613H2404,0.2298159529,,,1,0,0
B025,2024-06-09 05:00:00,1,613E2580,0.2251421428,,191.58,1,0,1
B025,2024-06-09 06:00:00,0,613H2404,0.003956706784,,,1,0,0
B025,2024-06-09 06:00:00,1,613E2580,0.1125710714,,191.57,1,0,1
B025,2024-06-09 07:00:00,0,613H2404,3.480741532,,,1,0,0
B025,2024-06-09 07:00:00,1,613E2580,6.078837855,,191.57,1,0,1
B025,2024-06-09 08:00:00,0,613H2404,0,,,1,0,0
B025,2024-06-09 08:00:00,1,613E2580,0,,191.56,1,0,1
B025,2024-06-09 09:00:00,0,613H2404,0,,,1,0,0
B025,2024-06-09 09:00:00,1,613E2580,0,,191.55,1,0,1
B025,2024-06-09 10:00:00,0,613H2404,0,,,1,0,0
B025,2024-06-09 10:00:00,1,613E2580,0,,191.53,1,0,1
B025,2024-06-09 11:00:00,0,613H2404,0,,,1,0,0
B025,2024-06-09 11:00:00,1,613E2580,0,,191.53,1,0,1
B025,2024-06-09 12:00:00,0,613H2404,0,,,1,0,0
B025,2024-06-09 12:00:00,1,613E2580,0,,191.52,1,0,1
B025,2024-06-09 13:00:00,0,613H2404,0,,,1,0,0
B025,2024-06-09 13:00:00,1,613E2580,0,,191.52,1,0,1
B025,2024-06-09 14:00:00,0,613H2404,0,,,1,0,0
B025,2024-06-09 14:00:00,1,613E2580,0,,,1,0,0
B025,2024-06-09 15:00:00,0,613H2404,0,,,1,0,0
B025,2024-06-09 15:00:00,1,613E2580,0,,191.52,1,0,1
B025,2024-06-09 16:00:00,0,613H2404,0,,,1,0,0
B025,2024-06-09 16:00:00,1,613E2580,0,,191.51,1,0,1
B025,2024-06-09 17:00:00,0,613H2404,0,,,1,0,0
B025,2024-06-09 17:00:00,1,613E2580,0,,191.49,1,0,1
B025,2024-06-09 18:00:00,0,613H2404,0,,,1,0,0
B025,2024-06-09 18:00:00,1,613E2580,0,,191.48,1,0,1
B025,2024-06-09 19:00:00,0,613H2404,0.01462795264,,,1,0,0
B025,2024-06-09 19:00:00,1,613E2580,0,,191.48,1,0,1
B025,2024-06-09 20:00:00,0,613H2404,0.219144707,,,1,0,0
B025,2024-06-09 20:00:00,1,613E2580,0.1125710714,,191.48,1,0,1
B025,2024-06-09 21:00:00,0,613H2404,0.1315142825,,,1,0,0
B025,2024-06-09 21:00:00,1,613E2580,0.1125710714,,191.48,1,0,1
B025,2024-06-09 22:00:00,0,613H2404,0.190026093,,,1,0,0
B025,2024-06-09 22:00:00,1,613E2580,0.1125710714,,191.47,1,0,1
B025,2024-06-09 23:00:00,0,613H2404,0.5405477913,,,1,0,0
B025,2024-06-09 23:00:00,1,613E2580,0.3377132142,,191.45,1,0,1
B025,2024-06-10 00:00:00,0,613H2404,0.4489606599,,,1,0,0
B025,2024-06-10 00:00:00,1,613E2580,0.2251421428,,191.45,1,0,1
B025,2024-06-10 01:00:00,0,613H2404,0.1022583772,,,1,0,0
B025,2024-06-10 01:00:00,1,613E2580,0.5628553569,,191.45,1,0,1
B025,2024-06-10 02:00:00,0,613H2404,0.1022583772,,,1,0,0
B025,2024-06-10 02:00:00,1,613E2580,0.1125710714,,191.44,1,0,1
B025,2024-06-10 03:00:00,0,613H2404,0.1966033408,,,1,0,0
B025,2024-06-10 03:00:00,1,613E2580,0.1125710714,,191.45,1,0,1
B025,2024-06-10 04:00:00,0,613H2404,0.003956706784,,,1,0,0
B025,2024-06-10 04:00:00,1,613E2580,0,,191.45,1,0,1
B025,2024-06-10 05:00:00,0,613H2404,0,,,1,0,0
B025,2024-06-10 05:00:00,1,613E2580,0,,191.47,1,0,1
B025,2024-06-10 06:00:00,0,613H2404,0,,,1,0,0
B025,2024-06-10 06:00:00,1,613E2580,0,,191.48,1,0,1
B025,2024-06-10 07:00:00,0,613H2404,1.730478999,,,1,0,0
B025,2024-06-10 07:00:00,1,613E2580,0.1125710714,,191.49,1,0,1
B025,2024-06-10 08:00:00,0,613H2404,0,,,1,0,0
B025,2024-06-10 08:00:00,1,613E2580,0,,191.51,1,0,1
B025,2024-06-10 09:00:00,0,613H2404,0,,,1,0,0
B025,2024-06-10 09:00:00,1,613E2580,0,,191.52,1,0,1
B025,2024-06-10 10:00:00,0,613H2404,0,,,1,0,0
B025,2024-06-10 10:00:00,1,613E2580,0,,191.52,1,0,1
B025,2024-06-10 11:00:00,0,613H2404,0,,,1,0,0
B025,2024-06-10 11:00:00,1,613E2580,0,,191.52,1,0,1
B025,2024-06-10 12:00:00,0,613H2404,0,,,1,0,0
B025,2024-06-10 12:00:00,1,613E2580,0,,191.52,1,0,1
B025,2024-06-10 13:00:00,0,613H2404,0,,,1,0,0
B025,2024-06-10 13:00:00,1,613E2580,0,,191.52,1,0,1
B025,2024-06-10 14:00:00,0,613H2404,0,,,1,0,0
B025,2024-06-10 14:00:00,1,613E2580,0,,191.51,1,0,1
B025,2024-06-10 15:00:00,0,613H2404,0,,,1,0,0
B025,2024-06-10 15:00:00,1,613E2580,0,,191.51,1,0,1
B025,2024-06-10 16:00:00,0,613H2404,0,,,1,0,0
B025,2024-06-10 16:00:00,1,613E2580,0,,191.51,1,0,1
B025,2024-06-10 17:00:00,0,613H2404,0,,,1,0,0
B025,2024-06-10 17:00:00,1,613E2580,0,,191.49,1,0,1
B025,2024-06-10 18:00:00,0,613H2404,0,,,1,0,0
B025,2024-06-10 18:00:00,1,613E2580,0,,191.49,1,0,1
B025,2024-06-10 19:00:00,0,613H2404,0,,,1,0,0
B025,2024-06-10 19:00:00,1,613E2580,0,,191.49,1,0,1
B025,2024-06-10 20:00:00,0,613H2404,0,,,1,0,0
B025,2024-06-10 20:00:00,1,613E2580,0,,191.48,1,0,1
B025,2024-06-10 21:00:00,0,613H2404,0,,,1,0,0
B025,2024-06-10 21:00:00,1,613E2580,0,,191.48,1,0,1
B025,2024-06-10 22:00:00,0,613H2404,0,,,1,0,0
B025,2024-06-10 22:00:00,1,613E2580,0,,191.48,1,0,1
B025,2024-06-10 23:00:00,0,613H2404,0,,,1,0,0
B025,2024-06-10 23:00:00,1,613E2580,0,,191.47,1,0,1
B025,2024-06-11 00:00:00,0,613H2404,0,,,1,0,0
B025,2024-06-11 00:00:00,1,613E2580,0,,191.45,1,0,1
B025,2024-06-11 01:00:00,0,613H2404,0,,,1,0,0
B025,2024-06-11 01:00:00,1,613E2580,0,,191.45,1,0,1
B025,2024-06-11 02:00:00,0,613H2404,0,,,1,0,0
B025,2024-06-11 02:00:00,1,613E2580,0,,191.44,1,0,1
B025,2024-06-11 03:00:00,0,613H2404,0,,,1,0,0
B025,2024-06-11 03:00:00,1,613E2580,0,,191.44,1,0,1
B025,2024-06-11 04:00:00,0,613H2404,0,,,1,0,0
B025,2024-06-11 04:00:00,1,613E2580,0,,191.44,1,0,1
B025,2024-06-11 05:00:00,0,613H2404,0,,,1,0,0
B025,2024-06-11 05:00:00,1,613E2580,0,,191.44,1,0,1
B025,2024-06-11 06:00:00,0,613H2404,0,,,1,0,0
B025,2024-06-11 06:00:00,1,613E2580,0,,191.43,1,0,1
B025,2024-06-11 07:00:00,0,613H2404,0,,,1,0,0
B025,2024-06-11 07:00:00,1,613E2580,0,,191.43,1,0,1
B025,2024-06-11 08:00:00,0,613H2404,0,,,1,0,0
B025,2024-06-11 08:00:00,1,613E2580,0,,191.41,1,0,1
B025,2024-06-19 21:00:00,0,613H2404,0.156813481,,,1,0,0
B025,2024-06-19 21:00:00,1,613E2580,2.363992499,,191.19,1,0,1
B025,2024-06-19 22:00:00,0,613H2404,0.7143869739,,,1,0,0
B025,2024-06-19 22:00:00,1,613E2580,1.013139642,,191.19,1,0,1
B025,2024-06-19 23:00:00,0,613H2404,0.2337726597,,,1,0,0
B025,2024-06-19 23:00:00,1,613E2580,0.4502842855,,191.3,1,0,1
B025,2024-06-20 00:00:00,0,613H2404,0.908729857,,,1,0,0
B025,2024-06-20 00:00:00,1,613E2580,1.238281785,,191.22,1,0,1
B025,2024-06-20 01:00:00,0,613H2404,0.106215084,,,1,0,0
B025,2024-06-20 01:00:00,1,613E2580,2.589134642,,191.23,1,0,1
B025,2024-06-20 02:00:00,0,613H2404,0.003956706784,,,1,0,0
B025,2024-06-20 02:00:00,1,613E2580,0.2251421428,,191.27,1,0,1
B025,2024-06-20 03:00:00,0,613H2404,0.01462795264,,,1,0,0
B025,2024-06-20 03:00:00,1,613E2580,0,,191.48,1,0,1
B025,2024-06-20 04:00:00,0,613H2404,0.07313976319,,,1,0,0
B025,2024-06-20 04:00:00,1,613E2580,0.6754264283,,191.75,1,0,1
B025,2024-06-20 05:00:00,0,613H2404,0.01462795264,,,1,0,0
B025,2024-06-20 05:00:00,1,613E2580,0.1125710714,,191.77,1,0,1
B025,2024-06-20 06:00:00,0,613H2404,0.5156604666,,,1,0,0
B025,2024-06-20 06:00:00,1,613E2580,0.6754264283,,191.76,1,0,1
B025,2024-06-20 07:00:00,0,613H2404,1.464607101,,,1,0,0
B025,2024-06-20 07:00:00,1,613E2580,2.026279285,,191.75,1,0,1
B025,2024-06-20 08:00:00,0,613H2404,0.6641486602,,,1,0,0
B025,2024-06-20 08:00:00,1,613E2580,0.3377132142,,191.77,1,0,1
B025,2024-06-20 09:00:00,0,613H2404,0.139427696,,,1,0,0
B025,2024-06-20 09:00:00,1,613E2580,1.913708214,,191.85,1,0,1
B025,2024-06-20 10:00:00,0,613H2404,2.89643213,,,1,0,0
B025,2024-06-20 10:00:00,1,613E2580,5.178269284,,191.92,1,0,1
B025,2024-06-20 11:00:00,0,613H2404,4.023345655,,,1,0,0
B025,2024-06-20 11:00:00,1,613E2580,1.013139642,,192.23,1,0,1
B025,2024-06-20 12:00:00,0,613H2404,0.9309966407,,,1,0,0
B025,2024-06-20 12:00:00,1,613E2580,0.2251421428,,192.6,1,0,1
B025,2024-06-20 13:00:00,0,613H2404,0.2045167544,,,1,0,0
B025,2024-06-20 13:00:00,1,613E2580,0.1125710714,,192.61,1,0,1
B025,2024-06-20 14:00:00,0,613H2404,0,,,1,0,0
B025,2024-06-20 14:00:00,1,613E2580,0,,192.71,1,0,1
B025,2024-06-20 15:00:00,0,613H2404,0.3134896707,,,1,0,0
B025,2024-06-20 15:00:00,1,613E2580,0,,192.92,1,0,1
B025,2024-06-20 16:00:00,0,613H2404,0.007913413569,,,1,0,0
B025,2024-06-20 16:00:00,1,613E2580,0,,193.06,1,0,1
B025,2024-06-20 17:00:00,0,613H2404,0,,,1,0,0
B025,2024-06-20 17:00:00,1,613E2580,0,,192.9,1,0,1
B025,2024-06-20 18:00:00,0,613H2404,0,,,1,0,0
B025,2024-06-20 18:00:00,1,613E2580,0,,192.66,1,0,1
B025,2024-06-20 19:00:00,0,613H2404,0,,,1,0,0
B025,2024-06-20 19:00:00,1,613E2580,0,,192.47,1,0,1
B025,2024-06-20 20:00:00,0,613H2404,0,,,1,0,0
B025,2024-06-20 20:00:00,1,613E2580,0,,192.33,1,0,1
B025,2024-06-20 21:00:00,0,613H2404,0,,,1,0,0
B025,2024-06-20 21:00:00,1,613E2580,0,,192.23,1,0,1
B025,2024-06-20 22:00:00,0,613H2404,0,,,1,0,0
B025,2024-06-20 22:00:00,1,613E2580,0,,192.15,1,0,1
B025,2024-06-20 23:00:00,0,613H2404,0,,,1,0,0
B025,2024-06-20 23:00:00,1,613E2580,0,,192.09,1,0,1
B025,2024-06-21 00:00:00,0,613H2404,0,,,1,0,0
B025,2024-06-21 00:00:00,1,613E2580,0,,192.02,1,0,1
B025,2024-06-21 01:00:00,0,613H2404,0,,,1,0,0
B025,2024-06-21 01:00:00,1,613E2580,0,,191.98,1,0,1
B025,2024-06-21 02:00:00,0,613H2404,0,,,1,0,0
B025,2024-06-21 02:00:00,1,613E2580,0,,191.95,1,0,1
B025,2024-06-21 03:00:00,0,613H2404,0,,,1,0,0
B025,2024-06-21 03:00:00,1,613E2580,0,,191.81,1,0,1
B025,2024-06-21 04:00:00,0,613H2404,0,,,1,0,0
B025,2024-06-21 04:00:00,1,613E2580,0,,191.88,1,0,1
B025,2024-06-21 05:00:00,0,613H2404,0,,,1,0,0
B025,2024-06-21 05:00:00,1,613E2580,0,,191.85,1,0,1
B025,2024-06-21 06:00:00,0,613H2404,0,,,1,0,0
B025,2024-06-21 06:00:00,1,613E2580,0,,191.82,1,0,1
B025,2024-06-21 07:00:00,0,613H2404,8.156313936,,,1,0,0
B025,2024-06-21 07:00:00,1,613E2580,8.780543568,,191.8,1,0,1
B025,2024-06-21 08:00:00,0,613H2404,0,,,1,0,0
B025,2024-06-21 08:00:00,1,613E2580,0,,191.77,1,0,1
B025,2024-06-21 09:00:00,0,613H2404,0,,,1,0,0
B025,2024-06-21 09:00:00,1,613E2580,0,,191.76,1,0,1
B025,2024-06-21 10:00:00,0,613H2404,0,,,1,0,0
B025,2024-06-21 10:00:00,1,613E2580,0,,191.73,1,0,1
B025,2024-06-21 11:00:00,0,613H2404,0,,,1,0,0
B025,2024-06-21 11:00:00,1,613E2580,0,,191.72,1,0,1
B025,2024-06-21 12:00:00,0,613H2404,0,,,1,0,0
B025,2024-06-21 12:00:00,1,613E2580,0,,191.71,1,0,1
B025,2024-06-21 13:00:00,0,613H2404,0,,,1,0,0
B025,2024-06-21 13:00:00,1,613E2580,0,,191.68,1,0,1
B025,2024-06-21 14:00:00,0,613H2404,0,,,1,0,0
B025,2024-06-21 14:00:00,1,613E2580,0,,191.67,1,0,1
B025,2024-06-21 15:00:00,0,613H2404,0,,,1,0,0
B025,2024-06-21 15:00:00,1,613E2580,0,,191.65,1,0,1
B025,2024-06-21 16:00:00,0,613H2404,0,,,1,0,0
B025,2024-06-21 16:00:00,1,613E2580,0,,191.64,1,0,1
B025,2024-06-21 17:00:00,0,613H2404,0,,,1,0,0
B025,2024-06-21 17:00:00,1,613E2580,0,,191.63,1,0,1
B025,2024-06-21 18:00:00,0,613H2404,0,,,1,0,0
B025,2024-06-21 18:00:00,1,613E2580,0,,191.61,1,0,1
B025,2024-06-21 19:00:00,0,613H2404,0,,,1,0,0
B025,2024-06-21 19:00:00,1,613E2580,0,,191.6,1,0,1
B025,2024-06-21 20:00:00,0,613H2404,0,,,1,0,0
B025,2024-06-21 20:00:00,1,613E2580,0,,191.59,1,0,1
B025,2024-06-21 21:00:00,0,613H2404,0.2045167544,,,1,0,0
B025,2024-06-21 21:00:00,1,613E2580,0,,191.57,1,0,1
B025,2024-06-21 22:00:00,0,613H2404,1.787929226,,,1,0,0
B025,2024-06-21 22:00:00,1,613E2580,0,,191.56,1,0,1
B025,2024-06-21 23:00:00,0,613H2404,13.27147821,,,1,0,0
B025,2024-06-21 23:00:00,1,613E2580,1.013139642,,191.55,1,0,1
B025,2024-06-22 00:00:00,0,613H2404,6.679720541,,,1,0,0
B025,2024-06-22 00:00:00,1,613E2580,3.827416427,,191.55,1,0,1
B025,2024-06-22 01:00:00,0,613H2404,0.04628160691,,,1,0,0
B025,2024-06-22 01:00:00,1,613E2580,8.217688211,,191.6,1,0,1
B025,2024-06-22 02:00:00,0,613H2404,0,,,1,0,0
B025,2024-06-22 02:00:00,1,613E2580,5.853695712,,194.62,1,0,1
B025,2024-06-22 03:00:00,0,613H2404,0,,,1,0,0
B025,2024-06-22 03:00:00,1,613E2580,3.039418927,,197.66,1,0,1
B025,2024-06-22 04:00:00,0,613H2404,0,,,1,0,0
B025,2024-06-22 04:00:00,1,613E2580,0.3377132142,,198.27,1,0,1
B025,2024-06-22 05:00:00,0,613H2404,0,,,1,0,0
B025,2024-06-22 05:00:00,1,613E2580,0.1125710714,,197.66,1,0,1
B025,2024-06-22 06:00:00,0,613H2404,0.1275575757,,,1,0,0
B025,2024-06-22 06:00:00,1,613E2580,0.4502842855,,196.16,1,0,1
B025,2024-06-22 07:00:00,0,613H2404,19.70387173,,,1,0,0
B025,2024-06-22 07:00:00,1,613E2580,1.463423928,,194.6,1,0,1
B025,2024-06-22 08:00:00,0,613H2404,3.219546507,,,1,0,0
B025,2024-06-22 08:00:00,1,613E2580,6.52912214,,193.59,1,0,1
B025,2024-06-22 09:00:00,0,613H2404,2.146501629,,,1,0,0
B025,2024-06-22 09:00:00,1,613E2580,4.277700713,,193.56,1,0,1
B025,2024-06-22 10:00:00,0,613H2404,0.1607701878,,,1,0,0
B025,2024-06-22 10:00:00,1,613E2580,1.801137142,,194.93,1,0,1
B025,2024-06-22 11:00:00,0,613H2404,0.559269742,,,1,0,0
B025,2024-06-22 11:00:00,1,613E2580,3.939987498,,195.17,1,0,1
B025,2024-06-22 12:00:00,0,613H2404,1.051839677,,,1,0,0
B025,2024-06-22 12:00:00,1,613E2580,2.47656357,,194.77,1,0,1
B025,2024-06-22 13:00:00,0,613H2404,0.5722014456,,,1,0,0
B025,2024-06-22 13:00:00,1,613E2580,0.1125710714,,194.77,1,0,1
B025,2024-06-22 14:00:00,0,613H2404,0.2005600476,,,1,0,0
B025,2024-06-22 14:00:00,1,613E2580,0,,194.37,1,0,1
B025,2024-06-22 15:00:00,0,613H2404,0,,,1,0,0
B025,2024-06-22 15:00:00,1,613E2580,0,,193.92,1,0,1
B025,2024-06-22 16:00:00,0,613H2404,0,,,1,0,0
B025,2024-06-22 16:00:00,1,613E2580,0,,193.48,1,0,1
B025,2024-06-22 17:00:00,0,613H2404,0.1461422351,,,1,0,0
B025,2024-06-22 17:00:00,1,613E2580,0.1125710714,,193.21,1,0,1
B025,2024-06-22 18:00:00,0,613H2404,0,,,1,0,0
B025,2024-06-22 18:00:00,1,613E2580,0,,193,1,0,1
B025,2024-06-22 19:00:00,0,613H2404,0.003956706784,,,1,0,0
B025,2024-06-22 19:00:00,1,613E2580,0,,192.8,1,0,1
B025,2024-06-22 20:00:00,0,613H2404,0,,,1,0,0
B025,2024-06-22 20:00:00,1,613E2580,0.1125710714,,192.64,1,0,1
B025,2024-06-22 21:00:00,0,613H2404,0,,,1,0,0
B025,2024-06-22 21:00:00,1,613E2580,0,,192.52,1,0,1
B025,2024-06-22 22:00:00,0,613H2404,0,,,1,0,0
B025,2024-06-22 22:00:00,1,613E2580,0,,192.42,1,0,1
B025,2024-06-22 23:00:00,0,613H2404,0,,,1,0,0
B025,2024-06-22 23:00:00,1,613E2580,0,,192.34,1,0,1
B025,2024-06-23 00:00:00,0,613H2404,0,,,1,0,0
B025,2024-06-23 00:00:00,1,613E2580,0,,192.27,1,0,1
B025,2024-06-23 01:00:00,0,613H2404,0,,,1,0,0
B025,2024-06-23 01:00:00,1,613E2580,0,,192.23,1,0,1
B025,2024-06-23 02:00:00,0,613H2404,0,,,1,0,0
B025,2024-06-23 02:00:00,1,613E2580,0,,192.17,1,0,1
B025,2024-06-23 03:00:00,0,613H2404,0,,,1,0,0
B025,2024-06-23 03:00:00,1,613E2580,0,,192.13,1,0,1
B025,2024-06-23 04:00:00,0,613H2404,0.3028184248,,,1,0,0
B025,2024-06-23 04:00:00,1,613E2580,0.1125710714,,192.09,1,0,1
B025,2024-06-23 05:00:00,0,613H2404,0.1022583772,,,1,0,0
B025,2024-06-23 05:00:00,1,613E2580,0,,192.05,1,0,1
B025,2024-06-23 06:00:00,0,613H2404,0.3506589895,,,1,0,0
B025,2024-06-23 06:00:00,1,613E2580,0,,192.02,1,0,1
B025,2024-06-23 07:00:00,0,613H2404,7.76978867,,,1,0,0
B025,2024-06-23 07:00:00,1,613E2580,1.125710714,,192,1,0,1
B025,2024-06-23 08:00:00,0,613H2404,0,,,1,0,0
B025,2024-06-23 08:00:00,1,613E2580,0,,191.98,1,0,1
B025,2024-06-23 09:00:00,0,613H2404,0,,,1,0,0
B025,2024-06-23 09:00:00,1,613E2580,0,,191.97,1,0,1
B025,2024-06-23 10:00:00,0,613H2404,0,,,1,0,0
B025,2024-06-23 10:00:00,1,613E2580,0,,191.96,1,0,1
B025,2024-06-23 11:00:00,0,613H2404,0,,,1,0,0
B025,2024-06-23 11:00:00,1,613E2580,0,,191.95,1,0,1
B025,2024-06-23 12:00:00,0,613H2404,0,,,1,0,0
B025,2024-06-23 12:00:00,1,613E2580,0,,191.93,1,0,1
B025,2024-06-23 13:00:00,0,613H2404,0,,,1,0,0
B025,2024-06-23 13:00:00,1,613E2580,0.1125710714,,191.81,1,0,1
B025,2024-06-23 14:00:00,0,613H2404,0,,,1,0,0
B025,2024-06-23 14:00:00,1,613E2580,0,,191.89,1,0,1
B025,2024-06-23 15:00:00,0,613H2404,0,,,1,0,0
B025,2024-06-23 15:00:00,1,613E2580,0,,191.88,1,0,1
B025,2024-06-23 16:00:00,0,613H2404,0,,,1,0,0
B025,2024-06-23 16:00:00,1,613E2580,0,,191.86,1,0,1
B025,2024-06-23 17:00:00,0,613H2404,0.1129296231,,,1,0,0
B025,2024-06-23 17:00:00,1,613E2580,0,,191.84,1,0,1
B025,2024-06-23 18:00:00,0,613H2404,0,,,1,0,0
B025,2024-06-23 18:00:00,1,613E2580,0.1125710714,,191.82,1,0,1
B025,2024-06-23 19:00:00,0,613H2404,0.01462795264,,,1,0,0
B025,2024-06-23 19:00:00,1,613E2580,0,,191.8,1,0,1
B025,2024-06-23 20:00:00,0,613H2404,0,,,1,0,0
B025,2024-06-23 20:00:00,1,613E2580,0,,191.77,1,0,1
B025,2024-06-23 21:00:00,0,613H2404,0,,,1,0,0
B025,2024-06-23 21:00:00,1,613E2580,0,,191.77,1,0,1
B025,2024-06-23 22:00:00,0,613H2404,0,,,1,0,0
B025,2024-06-23 22:00:00,1,613E2580,0,,191.76,1,0,1
B025,2024-06-23 23:00:00,0,613H2404,0,,,1,0,0
B025,2024-06-23 23:00:00,1,613E2580,0,,191.75,1,0,1
B025,2024-06-24 00:00:00,0,613H2404,0,,,1,0,0
B025,2024-06-24 00:00:00,1,613E2580,0,,191.73,1,0,1
B025,2024-06-24 01:00:00,0,613H2404,0,,,1,0,0
B025,2024-06-24 01:00:00,1,613E2580,0.1125710714,,191.73,1,0,1
B025,2024-06-24 02:00:00,0,613H2404,0,,,1,0,0
B025,2024-06-24 02:00:00,1,613E2580,0,,191.72,1,0,1
B025,2024-06-24 03:00:00,0,613H2404,0.4823105633,,,1,0,0
B025,2024-06-24 03:00:00,1,613E2580,0.5628553569,,191.72,1,0,1
B025,2024-06-24 04:00:00,0,613H2404,0.5737604033,,,1,0,0
B025,2024-06-24 04:00:00,1,613E2580,0,,191.71,1,0,1
B025,2024-06-24 05:00:00,0,613H2404,0.2045167544,,,1,0,0
B025,2024-06-24 05:00:00,1,613E2580,0.1125710714,,191.71,1,0,1
B025,2024-06-24 06:00:00,0,613H2404,0.003956706784,,,1,0,0
B025,2024-06-24 06:00:00,1,613E2580,0,,191.71,1,0,1
B025,2024-06-24 07:00:00,0,613H2404,1.128798856,,,1,0,0
B025,2024-06-24 07:00:00,1,613E2580,1.013139642,,191.73,1,0,1
B025,2024-06-24 08:00:00,0,613H2404,0,,,1,0,0
B025,2024-06-24 08:00:00,1,613E2580,0,,191.75,1,0,1
B025,2024-06-24 09:00:00,0,613H2404,0,,,1,0,0
B025,2024-06-24 09:00:00,1,613E2580,0,,191.76,1,0,1
B025,2024-06-24 10:00:00,0,613H2404,0,,,1,0,0
B025,2024-06-24 10:00:00,1,613E2580,0,,191.76,1,0,1
B025,2024-06-24 11:00:00,0,613H2404,0,,,1,0,0
B025,2024-06-24 11:00:00,1,613E2580,0,,191.76,1,0,1
B025,2024-06-24 12:00:00,0,613H2404,0,,,1,0,0
B025,2024-06-24 12:00:00,1,613E2580,0,,191.75,1,0,1
B025,2024-06-24 13:00:00,0,613H2404,0.04388385791,,,1,0,0
B025,2024-06-24 13:00:00,1,613E2580,0.4502842855,,191.75,1,0,1
B025,2024-06-24 14:00:00,0,613H2404,0.1607701878,,,1,0,0
B025,2024-06-24 14:00:00,1,613E2580,0.7879974997,,191.73,1,0,1
B025,2024-06-24 15:00:00,0,613H2404,0.1022583772,,,1,0,0
B025,2024-06-24 15:00:00,1,613E2580,0.1125710714,,191.73,1,0,1
B025,2024-06-24 16:00:00,0,613H2404,0.1129296231,,,1,0,0
B025,2024-06-24 16:00:00,1,613E2580,0,,191.73,1,0,1
B025,2024-06-24 17:00:00,0,613H2404,0.1168863298,,,1,0,0
B025,2024-06-24 17:00:00,1,613E2580,0.2251421428,,191.73,1,0,1
B025,2024-06-24 18:00:00,0,613H2404,0.003956706784,,,1,0,0
B025,2024-06-24 18:00:00,1,613E2580,0,,191.73,1,0,1
B025,2024-06-24 19:00:00,0,613H2404,0,,,1,0,0
B025,2024-06-24 19:00:00,1,613E2580,0,,191.73,1,0,1
B025,2024-06-24 20:00:00,0,613H2404,0,,,1,0,0
B025,2024-06-24 20:00:00,1,613E2580,0.1125710714,,191.73,1,0,1
B025,2024-06-24 21:00:00,0,613H2404,0,,,1,0,0
B025,2024-06-24 21:00:00,1,613E2580,0,,191.73,1,0,1
B025,2024-07-26 13:00:00,0,613H2404,0,,,1,0,0
B025,2024-07-26 13:00:00,1,613E2580,0,,191.11,1,0,1
B025,2024-07-26 14:00:00,0,613H2404,0,,,1,0,0
B025,2024-07-26 14:00:00,1,613E2580,0,,191.11,1,0,1
B025,2024-07-26 15:00:00,0,613H2404,0,,,1,0,0
B025,2024-07-26 15:00:00,1,613E2580,0,,191.11,1,0,1
B025,2024-07-26 16:00:00,0,613H2404,0,,,1,0,0
B025,2024-07-26 16:00:00,1,613E2580,0,,191.13,1,0,1
B025,2024-07-26 17:00:00,0,613H2404,0,,,1,0,0
B025,2024-07-26 17:00:00,1,613E2580,0,,191.13,1,0,1
B025,2024-07-26 18:00:00,0,613H2404,0,,,1,0,0
B025,2024-07-26 18:00:00,1,613E2580,0,,191.13,1,0,1
B025,2024-07-26 19:00:00,0,613H2404,0,,,1,0,0
B025,2024-07-26 19:00:00,1,613E2580,0,,191.13,1,0,1
B025,2024-07-26 20:00:00,0,613H2404,0,,,1,0,0
B025,2024-07-26 20:00:00,1,613E2580,0,,191.13,1,0,1
B025,2024-07-26 21:00:00,0,613H2404,0,,,1,0,0
B025,2024-07-26 21:00:00,1,613E2580,0,,191.13,1,0,1
B025,2024-07-26 22:00:00,0,613H2404,0,,,1,0,0
B025,2024-07-26 22:00:00,1,613E2580,0,,191.13,1,0,1
B025,2024-07-26 23:00:00,0,613H2404,0,,,1,0,0
B025,2024-07-26 23:00:00,1,613E2580,0,,191.13,1,0,1
B025,2024-07-27 00:00:00,0,613H2404,0,,,1,0,0
B025,2024-07-27 00:00:00,1,613E2580,0,,191.13,1,0,1
B025,2024-07-27 01:00:00,0,613H2404,0,,,1,0,0
B025,2024-07-27 01:00:00,1,613E2580,0,,191.13,1,0,1
B025,2024-07-27 02:00:00,0,613H2404,0,,,1,0,0
B025,2024-07-27 02:00:00,1,613E2580,0,,191.13,1,0,1
B025,2024-07-27 03:00:00,0,613H2404,0,,,1,0,0
B025,2024-07-27 03:00:00,1,613E2580,0,,191.13,1,0,1
B025,2024-07-27 04:00:00,0,613H2404,0,,,1,0,0
B025,2024-07-27 04:00:00,1,613E2580,0,,191.13,1,0,1
B025,2024-07-27 05:00:00,0,613H2404,0,,,1,0,0
B025,2024-07-27 05:00:00,1,613E2580,0,,191.13,1,0,1
B025,2024-07-27 06:00:00,0,613H2404,0,,,1,0,0
B025,2024-07-27 06:00:00,1,613E2580,0,,191.13,1,0,1
B025,2024-07-27 07:00:00,0,613H2404,0,,,1,0,0
B025,2024-07-27 07:00:00,1,613E2580,0,,191.13,1,0,1
B025,2024-07-27 08:00:00,0,613H2404,0,,,1,0,0
B025,2024-07-27 08:00:00,1,613E2580,0,,191.11,1,0,1
B025,2024-07-27 09:00:00,0,613H2404,0,,,1,0,0
B025,2024-07-27 09:00:00,1,613E2580,0,,191.11,1,0,1
B025,2024-07-27 10:00:00,0,613H2404,0,,,1,0,0
B025,2024-07-27 10:00:00,1,613E2580,0,,191.11,1,0,1
B025,2024-07-27 11:00:00,0,613H2404,0,,,1,0,0
B025,2024-07-27 11:00:00,1,613E2580,0,,191.11,1,0,1
B025,2024-07-27 12:00:00,0,613H2404,0,,,1,0,0
B025,2024-07-27 12:00:00,1,613E2580,0,,191.11,1,0,1
B025,2024-07-27 13:00:00,0,613H2404,0,,,1,0,0
B025,2024-07-27 13:00:00,1,613E2580,0,,191.11,1,0,1
B025,2024-07-27 14:00:00,0,613H2404,0,,,1,0,0
B025,2024-07-27 14:00:00,1,613E2580,0,,191.11,1,0,1
B025,2024-07-27 15:00:00,0,613H2404,0,,,1,0,0
B025,2024-07-27 15:00:00,1,613E2580,0,,191.1,1,0,1
B025,2024-07-27 16:00:00,0,613H2404,0,,,1,0,0
B025,2024-07-27 16:00:00,1,613E2580,0,,191.1,1,0,1
B025,2024-07-27 17:00:00,0,613H2404,0,,,1,0,0
B025,2024-07-27 17:00:00,1,613E2580,0,,191.09,1,0,1
B025,2024-07-27 18:00:00,0,613H2404,0,,,1,0,0
B025,2024-07-27 18:00:00,1,613E2580,0,,191.09,1,0,1
B025,2024-07-27 19:00:00,0,613H2404,0,,,1,0,0
B025,2024-07-27 19:00:00,1,613E2580,0,,191.09,1,0,1
B025,2024-07-27 20:00:00,0,613H2404,0,,,1,0,0
B025,2024-07-27 20:00:00,1,613E2580,0,,191.09,1,0,1
B025,2024-07-27 21:00:00,0,613H2404,0,,,1,0,0
B025,2024-07-27 21:00:00,1,613E2580,0,,191.09,1,0,1
B025,2024-07-27 22:00:00,0,613H2404,0,,,1,0,0
B025,2024-07-27 22:00:00,1,613E2580,0,,191.09,1,0,1
B025,2024-07-27 23:00:00,0,613H2404,0,,,1,0,0
B025,2024-07-27 23:00:00,1,613E2580,0,,191.1,1,0,1
B025,2024-07-28 00:00:00,0,613H2404,0,,,1,0,0
B025,2024-07-28 00:00:00,1,613E2580,0,,191.1,1,0,1
B025,2024-07-28 01:00:00,0,613H2404,0,,,1,0,0
B025,2024-07-28 01:00:00,1,613E2580,0,,191.11,1,0,1
B025,2024-07-28 02:00:00,0,613H2404,0,,,1,0,0
B025,2024-07-28 02:00:00,1,613E2580,0,,191.11,1,0,1
B025,2024-07-28 03:00:00,0,613H2404,0,,,1,0,0
B025,2024-07-28 03:00:00,1,613E2580,0,,191.11,1,0,1
B025,2024-07-28 04:00:00,0,613H2404,0,,,1,0,0
B025,2024-07-28 04:00:00,1,613E2580,0,,191.11,1,0,1
B025,2024-07-28 05:00:00,0,613H2404,0,,,1,0,0
B025,2024-07-28 05:00:00,1,613E2580,0,,191.11,1,0,1
B025,2024-07-28 06:00:00,0,613H2404,0,,,1,0,0
B025,2024-07-28 06:00:00,1,613E2580,0,,191.11,1,0,1
B025,2024-07-28 07:00:00,0,613H2404,0,,,1,0,0
B025,2024-07-28 07:00:00,1,613E2580,0,,191.11,1,0,1
B025,2024-07-28 08:00:00,0,613H2404,0,,,1,0,0
B025,2024-07-28 08:00:00,1,613E2580,0,,191.11,1,0,1
B025,2024-07-28 09:00:00,0,613H2404,0,,,1,0,0
B025,2024-07-28 09:00:00,1,613E2580,0,,191.11,1,0,1
B025,2024-07-28 10:00:00,0,613H2404,0,,,1,0,0
B025,2024-07-28 10:00:00,1,613E2580,0,,191.11,1,0,1
B025,2024-07-28 11:00:00,0,613H2404,0,,,1,0,0
B025,2024-07-28 11:00:00,1,613E2580,0,,191.11,1,0,1
B025,2024-07-28 12:00:00,0,613H2404,0,,,1,0,0
B025,2024-07-28 12:00:00,1,613E2580,0,,191.11,1,0,1
B025,2024-07-28 13:00:00,0,613H2404,0.003956706784,,,1,0,0
B025,2024-07-28 13:00:00,1,613E2580,0.6754264283,,191.11,1,0,1
B025,2024-07-28 14:00:00,0,613H2404,0.1022583772,,,1,0,0
B025,2024-07-28 14:00:00,1,613E2580,0.1125710714,,191.11,1,0,1
B025,2024-07-28 15:00:00,0,613H2404,0.2440838222,,,1,0,0
B025,2024-07-28 15:00:00,1,613E2580,0.6754264283,,191.11,1,0,1
B025,2024-07-28 16:00:00,0,613H2404,0.9203253948,,,1,0,0
B025,2024-07-28 16:00:00,1,613E2580,2.701705713,,191.11,1,0,1
B025,2024-07-28 17:00:00,0,613H2404,0.3107318384,,,1,0,0
B025,2024-07-28 17:00:00,1,613E2580,0.3377132142,,191.13,1,0,1
B025,2024-07-28 18:00:00,0,613H2404,0.1141284976,,,1,0,0
B025,2024-07-28 18:00:00,1,613E2580,0.5628553569,,191.13,1,0,1
B025,2024-07-28 19:00:00,0,613H2404,0.3028184248,,,1,0,0
B025,2024-07-28 19:00:00,1,613E2580,0.9005685711,,191.14,1,0,1
B025,2024-07-28 20:00:00,0,613H2404,0,,,1,0,0
B025,2024-07-28 20:00:00,1,613E2580,0.4502842855,,191.14,1,0,1
B025,2024-07-28 21:00:00,0,613H2404,0.09830167042,,,1,0,0
B025,2024-07-28 21:00:00,1,613E2580,0,,191.14,1,0,1
B025,2024-07-28 22:00:00,0,613H2404,0,,,1,0,0
B025,2024-07-28 22:00:00,1,613E2580,0.1125710714,,191.14,1,0,1
B025,2024-07-28 23:00:00,0,613H2404,0.2005600476,,,1,0,0
B025,2024-07-28 23:00:00,1,613E2580,0.4502842855,,191.15,1,0,1
B025,2024-07-29 00:00:00,0,613H2404,0.1180852043,,,1,0,0
B025,2024-07-29 00:00:00,1,613E2580,1.913708214,,191.15,1,0,1
B025,2024-07-29 01:00:00,0,613H2404,1.597182967,,,1,0,0
B025,2024-07-29 01:00:00,1,613E2580,3.714845356,,191.15,1,0,1
B025,2024-07-29 02:00:00,0,613H2404,3.240614416,,,1,0,0
B025,2024-07-29 02:00:00,1,613E2580,4.840556069,,191.18,1,0,1
B025,2024-07-29 03:00:00,0,613H2404,3.036097662,,,1,0,0
B025,2024-07-29 03:00:00,1,613E2580,2.363992499,,191.22,1,0,1
B025,2024-07-29 04:00:00,0,613H2404,0.7158086404,,,1,0,0
B025,2024-07-29 04:00:00,1,613E2580,0.2251421428,,191.28,1,0,1
B025,2024-07-29 05:00:00,0,613H2404,0.4954650589,,,1,0,0
B025,2024-07-29 05:00:00,1,613E2580,0,,191.52,1,0,1
B025,2024-07-29 06:00:00,0,613H2404,0.106215084,,,1,0,0
B025,2024-07-29 06:00:00,1,613E2580,0.6754264283,,191.8,1,0,1
B025,2024-07-29 07:00:00,0,613H2404,0.6087168456,,,1,0,0
B025,2024-07-29 07:00:00,1,613E2580,0.5628553569,,191.83,1,0,1
B025,2024-07-29 08:00:00,0,613H2404,0.3971633885,,,1,0,0
B025,2024-07-29 08:00:00,1,613E2580,0,,191.81,1,0,1
B025,2024-07-29 09:00:00,0,613H2404,0,,,1,0,0
B025,2024-07-29 09:00:00,1,613E2580,0.1125710714,,191.77,1,0,1
B025,2024-07-29 10:00:00,0,613H2404,0.2005600476,,,1,0,0
B025,2024-07-29 10:00:00,1,613E2580,0.1125710714,,191.77,1,0,1
B025,2024-07-29 11:00:00,0,613H2404,0,,,1,0,0
B025,2024-07-29 11:00:00,1,613E2580,0,,191.73,1,0,1
B025,2024-07-29 12:00:00,0,613H2404,0,,,1,0,0
B025,2024-07-29 12:00:00,1,613E2580,0,,191.69,1,0,1
B025,2024-07-29 13:00:00,0,613H2404,0,,,1,0,0
B025,2024-07-29 13:00:00,1,613E2580,0,,191.65,1,0,1
B025,2024-07-29 14:00:00,0,613H2404,1.376223386,,,1,0,0
B025,2024-07-29 14:00:00,1,613E2580,0,,191.6,1,0,1
B025,2024-07-29 15:00:00,0,613H2404,0,,,1,0,0
B025,2024-07-29 15:00:00,1,613E2580,0,,191.56,1,0,1
B025,2024-07-29 16:00:00,0,613H2404,0,,,1,0,0
B025,2024-07-29 16:00:00,1,613E2580,0,,191.52,1,0,1
B025,2024-07-29 17:00:00,0,613H2404,0,,,1,0,0
B025,2024-07-29 17:00:00,1,613E2580,0.5628553569,,191.49,1,0,1
B025,2024-07-29 18:00:00,0,613H2404,0.61750697,,,1,0,0
B025,2024-07-29 18:00:00,1,613E2580,0.6754264283,,191.48,1,0,1
B025,2024-07-29 19:00:00,0,613H2404,0.02769694749,,,1,0,0
B025,2024-07-29 19:00:00,1,613E2580,0.9005685711,,191.47,1,0,1
B025,2024-07-29 20:00:00,0,613H2404,0.003956706784,,,1,0,0
B025,2024-07-29 20:00:00,1,613E2580,0.3377132142,,191.47,1,0,1
B025,2024-07-29 21:00:00,0,613H2404,0.1101717908,,,1,0,0
B025,2024-07-29 21:00:00,1,613E2580,0.3377132142,,191.45,1,0,1
B025,2024-07-29 22:00:00,0,613H2404,0.003956706784,,,1,0,0
B025,2024-07-29 22:00:00,1,613E2580,0.1125710714,,191.44,1,0,1
B025,2024-07-29 23:00:00,0,613H2404,0.003956706784,,,1,0,0
B025,2024-07-29 23:00:00,1,613E2580,0,,191.44,1,0,1
B025,2024-07-30 00:00:00,0,613H2404,0.09830167042,,,1,0,0
B025,2024-07-30 00:00:00,1,613E2580,0,,191.44,1,0,1
B025,2024-07-30 01:00:00,0,613H2404,0.1022583772,,,1,0,0
B025,2024-07-30 01:00:00,1,613E2580,0,,191.45,1,0,1
B025,2024-07-30 02:00:00,0,613H2404,0,,,1,0,0
B025,2024-07-30 02:00:00,1,613E2580,0.1125710714,,191.45,1,0,1
B025,2024-07-30 03:00:00,0,613H2404,0.09830167042,,,1,0,0
B025,2024-07-30 03:00:00,1,613E2580,0,,191.45,1,0,1
B025,2024-07-30 04:00:00,0,613H2404,0,,,1,0,0
B025,2024-07-30 04:00:00,1,613E2580,0,,191.45,1,0,1
B025,2024-07-30 05:00:00,0,613H2404,0,,,1,0,0
B025,2024-07-30 05:00:00,1,613E2580,0,,191.44,1,0,1
B025,2024-07-30 06:00:00,0,613H2404,0,,,1,0,0
B025,2024-07-30 06:00:00,1,613E2580,0,,191.44,1,0,1
B025,2024-07-30 07:00:00,0,613H2404,3.040054369,,,1,0,0
B025,2024-07-30 07:00:00,1,613E2580,3.26456107,,191.44,1,0,1
B025,2024-07-30 08:00:00,0,613H2404,0,,,1,0,0
B025,2024-07-30 08:00:00,1,613E2580,0,,191.43,1,0,1
B025,2024-07-30 09:00:00,0,613H2404,0,,,1,0,0
B025,2024-07-30 09:00:00,1,613E2580,0,,191.41,1,0,1
B025,2024-07-30 10:00:00,0,613H2404,0,,,1,0,0
B025,2024-07-30 10:00:00,1,613E2580,0,,191.4,1,0,1
B025,2024-07-30 11:00:00,0,613H2404,0,,,1,0,0
B025,2024-07-30 11:00:00,1,613E2580,0,,191.4,1,0,1
B025,2024-07-30 12:00:00,0,613H2404,0,,,1,0,0
B025,2024-07-30 12:00:00,1,613E2580,0,,191.4,1,0,1
B025,2024-07-30 13:00:00,0,613H2404,0,,,1,0,0
B025,2024-07-30 13:00:00,1,613E2580,0,,191.39,1,0,1
B025,2024-07-30 14:00:00,0,613H2404,0,,,1,0,0
B025,2024-07-30 14:00:00,1,613E2580,0,,191.38,1,0,1
B025,2024-07-30 15:00:00,0,613H2404,0,,,1,0,0
B025,2024-07-30 15:00:00,1,613E2580,0,,191.36,1,0,1
B025,2024-07-30 16:00:00,0,613H2404,0,,,1,0,0
B025,2024-07-30 16:00:00,1,613E2580,0,,191.36,1,0,1
B025,2024-07-30 17:00:00,0,613H2404,0,,,1,0,0
B025,2024-07-30 17:00:00,1,613E2580,0,,191.36,1,0,1
B025,2024-07-30 18:00:00,0,613H2404,0,,,1,0,0
B025,2024-07-30 18:00:00,1,613E2580,0,,191.35,1,0,1
B025,2024-07-30 19:00:00,0,613H2404,0,,,1,0,0
B025,2024-07-30 19:00:00,1,613E2580,0,,191.35,1,0,1
B025,2024-07-30 20:00:00,0,613H2404,0,,,1,0,0
B025,2024-07-30 20:00:00,1,613E2580,0,,191.34,1,0,1
B025,2024-07-30 21:00:00,0,613H2404,0,,,1,0,0
B025,2024-07-30 21:00:00,1,613E2580,0,,191.34,1,0,1
B025,2024-07-30 22:00:00,0,613H2404,0,,,1,0,0
B025,2024-07-30 22:00:00,1,613E2580,0,,191.34,1,0,1
B025,2024-07-30 23:00:00,0,613H2404,0,,,1,0,0
B025,2024-07-30 23:00:00,1,613E2580,0,,191.32,1,0,1
B025,2024-07-31 00:00:00,0,613H2404,0.1966033408,,,1,0,0
B025,2024-07-31 00:00:00,1,613E2580,0,,191.32,1,0,1
B025,2024-07-31 01:00:00,0,613H2404,0,,,1,0,0
B025,2024-07-31 01:00:00,1,613E2580,0,,191.32,1,0,1
B025,2024-07-31 02:00:00,0,613H2404,0.007913413569,,,1,0,0
B025,2024-07-31 02:00:00,1,613E2580,0,,191.32,1,0,1
B025,2024-07-31 03:00:00,0,613H2404,0,,,1,0,0
B025,2024-07-31 03:00:00,1,613E2580,0,,191.32,1,0,1
B025,2024-07-31 04:00:00,0,613H2404,0,,,1,0,0
B025,2024-07-31 04:00:00,1,613E2580,0,,191.31,1,0,1
B025,2024-07-31 05:00:00,0,613H2404,0,,,1,0,0
B025,2024-07-31 05:00:00,1,613E2580,0,,191.31,1,0,1
B025,2024-07-31 06:00:00,0,613H2404,0,,,1,0,0
B025,2024-07-31 06:00:00,1,613E2580,0,,191.31,1,0,1
B025,2024-07-31 07:00:00,0,613H2404,0.2045167544,,,1,0,0
B025,2024-07-31 07:00:00,1,613E2580,0,,191.31,1,0,1
B025,2024-07-31 08:00:00,0,613H2404,0,,,1,0,0
B025,2024-07-31 08:00:00,1,613E2580,0,,191.3,1,0,1
B025,2024-07-31 09:00:00,0,613H2404,0,,,1,0,0
B025,2024-07-31 09:00:00,1,613E2580,0,,191.3,1,0,1
B025,2024-07-31 10:00:00,0,613H2404,0,,,1,0,0
B025,2024-07-31 10:00:00,1,613E2580,0,,191.3,1,0,1
B025,2024-07-31 11:00:00,0,613H2404,0,,,1,0,0
B025,2024-07-31 11:00:00,1,613E2580,0,,191.28,1,0,1
B025,2024-07-31 12:00:00,0,613H2404,0.09830167042,,,1,0,0
B025,2024-07-31 12:00:00,1,613E2580,0,,191.28,1,0,1
B025,2024-07-31 13:00:00,0,613H2404,0,,,1,0,0
B025,2024-07-31 13:00:00,1,613E2580,0,,191.28,1,0,1
B025,2024-07-31 14:00:00,0,613H2404,0.09830167042,,,1,0,0
B025,2024-07-31 14:00:00,1,613E2580,0.2251421428,,191.27,1,0,1
B025,2024-07-31 15:00:00,0,613H2404,0,,,1,0,0
B025,2024-07-31 15:00:00,1,613E2580,0,,191.27,1,0,1
B025,2024-07-31 16:00:00,0,613H2404,0,,,1,0,0
B025,2024-07-31 16:00:00,1,613E2580,0,,191.27,1,0,1
B025,2024-07-31 17:00:00,0,613H2404,0,,,1,0,0
B025,2024-07-31 17:00:00,1,613E2580,0.3377132142,,191.27,1,0,1
B025,2024-07-31 18:00:00,0,613H2404,0,,,1,0,0
B025,2024-07-31 18:00:00,1,613E2580,0.3377132142,,191.28,1,0,1
B025,2024-07-31 19:00:00,0,613H2404,0,,,1,0,0
B025,2024-07-31 19:00:00,1,613E2580,0,,191.32,1,0,1
B025,2024-07-31 20:00:00,0,613H2404,0,,,1,0,0
B025,2024-07-31 20:00:00,1,613E2580,0,,191.34,1,0,1
B025,2024-07-31 21:00:00,0,613H2404,0,,,1,0,0
B025,2024-07-31 21:00:00,1,613E2580,0,,191.36,1,0,1
B025,2024-07-31 22:00:00,0,613H2404,0.003956706784,,,1,0,0
B025,2024-07-31 22:00:00,1,613E2580,0,,191.36,1,0,1
B025,2024-07-31 23:00:00,0,613H2404,0,,,1,0,0
B025,2024-07-31 23:00:00,1,613E2580,0.1125710714,,191.36,1,0,1
B025,2024-08-01 00:00:00,0,613H2404,0,,,1,0,0
B025,2024-08-01 00:00:00,1,613E2580,0,,191.35,1,0,1
B025,2024-08-01 01:00:00,0,613H2404,0,,,1,0,0
B025,2024-08-01 01:00:00,1,613E2580,0,,191.34,1,0,1
B025,2024-08-01 02:00:00,0,613H2404,0,,,1,0,0
B025,2024-08-01 02:00:00,1,613E2580,0,,191.34,1,0,1
B025,2024-08-01 03:00:00,0,613H2404,0,,,1,0,0
B025,2024-08-01 03:00:00,1,613E2580,0,,191.32,1,0,1
B025,2024-08-01 04:00:00,0,613H2404,0,,,1,0,0
B025,2024-08-01 04:00:00,1,613E2580,0,,191.32,1,0,1
B025,2024-08-01 05:00:00,0,613H2404,0,,,1,0,0
B025,2024-08-01 05:00:00,1,613E2580,0,,191.32,1,0,1
B025,2024-08-01 06:00:00,0,613H2404,0,,,1,0,0
B025,2024-08-01 06:00:00,1,613E2580,0,,191.31,1,0,1
B025,2024-08-01 07:00:00,0,613H2404,0.2005600476,,,1,0,0
B025,2024-08-01 07:00:00,1,613E2580,1.013139642,,191.31,1,0,1
B025,2024-08-01 08:00:00,0,613H2404,0,,,1,0,0
B025,2024-08-01 08:00:00,1,613E2580,0,,191.3,1,0,1
B025,2025-04-09 21:00:00,0,613H2404,0,,,1,0,0
B025,2025-04-09 21:00:00,1,613E2580,0,,191.02,1,0,1
B025,2025-04-09 22:00:00,0,613H2404,0,,,1,0,0
B025,2025-04-09 22:00:00,1,613E2580,0,,191.02,1,0,1
B025,2025-04-09 23:00:00,0,613H2404,0,,,1,0,0
B025,2025-04-09 23:00:00,1,613E2580,0,,191.02,1,0,1
B025,2025-04-10 00:00:00,0,613H2404,0,,,1,0,0
B025,2025-04-10 00:00:00,1,613E2580,0,,191.02,1,0,1
B025,2025-04-10 01:00:00,0,613H2404,0,,,1,0,0
B025,2025-04-10 01:00:00,1,613E2580,0,,191.02,1,0,1
B025,2025-04-10 02:00:00,0,613H2404,0,,,1,0,0
B025,2025-04-10 02:00:00,1,613E2580,0,,191.02,1,0,1
B025,2025-04-10 03:00:00,0,613H2404,0,,,1,0,0
B025,2025-04-10 03:00:00,1,613E2580,0,,191.02,1,0,1
B025,2025-04-10 04:00:00,0,613H2404,0,,,1,0,0
B025,2025-04-10 04:00:00,1,613E2580,0,,191.02,1,0,1
B025,2025-04-10 05:00:00,0,613H2404,0,,,1,0,0
B025,2025-04-10 05:00:00,1,613E2580,0,,191.02,1,0,1
B025,2025-04-10 06:00:00,0,613H2404,0,,,1,0,0
B025,2025-04-10 06:00:00,1,613E2580,0,,191.02,1,0,1
B025,2025-04-10 07:00:00,0,613H2404,0.8965851541,,,1,0,0
B025,2025-04-10 07:00:00,1,613E2580,0,,191.02,1,0,1
B025,2025-04-10 08:00:00,0,613H2404,0,,,1,0,0
B025,2025-04-10 08:00:00,1,613E2580,0,,191.02,1,0,1
B025,2025-04-10 09:00:00,0,613H2404,0,,,1,0,0
B025,2025-04-10 09:00:00,1,613E2580,0,,191.02,1,0,1
B025,2025-04-10 10:00:00,0,613H2404,0,,,1,0,0
B025,2025-04-10 10:00:00,1,613E2580,0,,191.02,1,0,1
B025,2025-04-10 11:00:00,0,613H2404,0,,,1,0,0
B025,2025-04-10 11:00:00,1,613E2580,0,,191.02,1,0,1
B025,2025-04-10 12:00:00,0,613H2404,0,,,1,0,0
B025,2025-04-10 12:00:00,1,613E2580,0,,191.02,1,0,1
B025,2025-04-10 13:00:00,0,613H2404,0,,,1,0,0
B025,2025-04-10 13:00:00,1,613E2580,0,,191.02,1,0,1
B025,2025-04-10 14:00:00,0,613H2404,0,,,1,0,0
B025,2025-04-10 14:00:00,1,613E2580,0,,191.02,1,0,1
B025,2025-04-10 15:00:00,0,613H2404,0,,,1,0,0
B025,2025-04-10 15:00:00,1,613E2580,0,,191.02,1,0,1
B025,2025-04-10 16:00:00,0,613H2404,0,,,1,0,0
B025,2025-04-10 16:00:00,1,613E2580,0,,191.02,1,0,1
B025,2025-04-10 17:00:00,0,613H2404,0,,,1,0,0
B025,2025-04-10 17:00:00,1,613E2580,0,,191.02,1,0,1
B025,2025-04-10 18:00:00,0,613H2404,0,,,1,0,0
B025,2025-04-10 18:00:00,1,613E2580,0,,191.02,1,0,1
B025,2025-04-10 19:00:00,0,613H2404,0,,,1,0,0
B025,2025-04-10 19:00:00,1,613E2580,0,,191.02,1,0,1
B025,2025-04-10 20:00:00,0,613H2404,0,,,1,0,0
B025,2025-04-10 20:00:00,1,613E2580,0,,191.02,1,0,1
B025,2025-04-10 21:00:00,0,613H2404,0,,,1,0,0
B025,2025-04-10 21:00:00,1,613E2580,0,,191.02,1,0,1
B025,2025-04-10 22:00:00,0,613H2404,0,,,1,0,0
B025,2025-04-10 22:00:00,1,613E2580,0,,191.02,1,0,1
B025,2025-04-10 23:00:00,0,613H2404,0,,,1,0,0
B025,2025-04-10 23:00:00,1,613E2580,0,,191.02,1,0,1
B025,2025-04-11 00:00:00,0,613H2404,0,,,1,0,0
B025,2025-04-11 00:00:00,1,613E2580,0,,191.02,1,0,1
B025,2025-04-11 01:00:00,0,613H2404,0,,,1,0,0
B025,2025-04-11 01:00:00,1,613E2580,0,,191.02,1,0,1
B025,2025-04-11 02:00:00,0,613H2404,0,,,1,0,0
B025,2025-04-11 02:00:00,1,613E2580,0,,191.02,1,0,1
B025,2025-04-11 03:00:00,0,613H2404,0,,,1,0,0
B025,2025-04-11 03:00:00,1,613E2580,0,,191.02,1,0,1
B025,2025-04-11 04:00:00,0,613H2404,0,,,1,0,0
B025,2025-04-11 04:00:00,1,613E2580,0,,191.02,1,0,1
B025,2025-04-11 05:00:00,0,613H2404,0,,,1,0,0
B025,2025-04-11 05:00:00,1,613E2580,0,,191.02,1,0,1
B025,2025-04-11 06:00:00,0,613H2404,0,,,1,0,0
B025,2025-04-11 06:00:00,1,613E2580,0,,191.02,1,0,1
B025,2025-04-11 07:00:00,0,613H2404,0,,,1,0,0
B025,2025-04-11 07:00:00,1,613E2580,0,,191.02,1,0,1
B025,2025-04-11 08:00:00,0,613H2404,0,,,1,0,0
B025,2025-04-11 08:00:00,1,613E2580,0,,191.02,1,0,1
B025,2025-04-11 09:00:00,0,613H2404,0,,,1,0,0
B025,2025-04-11 09:00:00,1,613E2580,0,,191.01,1,0,1
B025,2025-04-11 10:00:00,0,613H2404,0,,,1,0,0
B025,2025-04-11 10:00:00,1,613E2580,0,,191.02,1,0,1
B025,2025-04-11 11:00:00,0,613H2404,0,,,1,0,0
B025,2025-04-11 11:00:00,1,613E2580,0,,191.02,1,0,1
B025,2025-04-11 12:00:00,0,613H2404,0,,,1,0,0
B025,2025-04-11 12:00:00,1,613E2580,0,,191.02,1,0,1
B025,2025-04-11 13:00:00,0,613H2404,0,,,1,0,0
B025,2025-04-11 13:00:00,1,613E2580,0,,191.02,1,0,1
B025,2025-04-11 14:00:00,0,613H2404,0,,,1,0,0
B025,2025-04-11 14:00:00,1,613E2580,0,,191.02,1,0,1
B025,2025-04-11 15:00:00,0,613H2404,0,,,1,0,0
B025,2025-04-11 15:00:00,1,613E2580,0,,191.02,1,0,1
B025,2025-04-11 16:00:00,0,613H2404,0,,,1,0,0
B025,2025-04-11 16:00:00,1,613E2580,0,,191.02,1,0,1
B025,2025-04-11 17:00:00,0,613H2404,0,,,1,0,0
B025,2025-04-11 17:00:00,1,613E2580,0,,191.02,1,0,1
B025,2025-04-11 18:00:00,0,613H2404,0,,,1,0,0
B025,2025-04-11 18:00:00,1,613E2580,0,,191.02,1,0,1
B025,2025-04-11 19:00:00,0,613H2404,0,,,1,0,0
B025,2025-04-11 19:00:00,1,613E2580,0,,191.02,1,0,1
B025,2025-04-11 20:00:00,0,613H2404,0,,,1,0,0
B025,2025-04-11 20:00:00,1,613E2580,0,,191.02,1,0,1
B025,2025-04-11 21:00:00,0,613H2404,4.145112984,,,1,0,0
B025,2025-04-11 21:00:00,1,613E2580,3.827416427,,191.02,1,0,1
B025,2025-04-11 22:00:00,0,613H2404,1.583738845,,,1,0,0
B025,2025-04-11 22:00:00,1,613E2580,3.039418927,,191.03,1,0,1
B025,2025-04-11 23:00:00,0,613H2404,0.2377293665,,,1,0,0
B025,2025-04-11 23:00:00,1,613E2580,0.6754264283,,191.05,1,0,1
B025,2025-04-12 00:00:00,0,613H2404,0.5951028951,,,1,0,0
B025,2025-04-12 00:00:00,1,613E2580,1.013139642,,191.06,1,0,1
B025,2025-04-12 01:00:00,0,613H2404,0.1966033408,,,1,0,0
B025,2025-04-12 01:00:00,1,613E2580,0.3377132142,,191.07,1,0,1
B025,2025-04-12 02:00:00,0,613H2404,0,,,1,0,0
B025,2025-04-12 02:00:00,1,613E2580,0.1125710714,,191.07,1,0,1
B025,2025-04-12 03:00:00,0,613H2404,0.003956706784,,,1,0,0
B025,2025-04-12 03:00:00,1,613E2580,0,,191.1,1,0,1
B025,2025-04-12 04:00:00,0,613H2404,0,,,1,0,0
B025,2025-04-12 04:00:00,1,613E2580,0,,191.11,1,0,1
B025,2025-04-12 05:00:00,0,613H2404,0.01858465942,,,1,0,0
B025,2025-04-12 05:00:00,1,613E2580,0.1125710714,,191.15,1,0,1
B025,2025-04-12 06:00:00,0,613H2404,0.1966033408,,,1,0,0
B025,2025-04-12 06:00:00,1,613E2580,0.1125710714,,191.3,1,0,1
B025,2025-04-12 07:00:00,0,613H2404,0.2337726597,,,1,0,0
B025,2025-04-12 07:00:00,1,613E2580,9.230827853,,191.23,1,0,1
B025,2025-04-12 08:00:00,0,613H2404,0,,,1,0,0
B025,2025-04-12 08:00:00,1,613E2580,0,,191.27,1,0,1
B025,2025-04-12 09:00:00,0,613H2404,0.09830167042,,,1,0,0
B025,2025-04-12 09:00:00,1,613E2580,0.3377132142,,191.27,1,0,1
B025,2025-04-12 10:00:00,0,613H2404,0.1168863298,,,1,0,0
B025,2025-04-12 10:00:00,1,613E2580,0,,191.28,1,0,1
B025,2025-04-12 11:00:00,0,613H2404,0.09830167042,,,1,0,0
B025,2025-04-12 11:00:00,1,613E2580,0,,191.28,1,0,1
B025,2025-04-12 12:00:00,0,613H2404,0,,,1,0,0
B025,2025-04-12 12:00:00,1,613E2580,0,,191.27,1,0,1
B025,2025-04-12 13:00:00,0,613H2404,0.01462795264,,,1,0,0
B025,2025-04-12 13:00:00,1,613E2580,0,,191.27,1,0,1
B025,2025-04-12 14:00:00,0,613H2404,0,,,1,0,0
B025,2025-04-12 14:00:00,1,613E2580,0.1125710714,,191.27,1,0,1
B025,2025-04-12 15:00:00,0,613H2404,0,,,1,0,0
B025,2025-04-12 15:00:00,1,613E2580,0,,191.26,1,0,1
B025,2025-04-12 16:00:00,0,613H2404,0,,,1,0,0
B025,2025-04-12 16:00:00,1,613E2580,0,,191.24,1,0,1
B025,2025-04-12 17:00:00,0,613H2404,0,,,1,0,0
B025,2025-04-12 17:00:00,1,613E2580,0,,191.24,1,0,1
B025,2025-04-12 18:00:00,0,613H2404,0,,,1,0,0
B025,2025-04-12 18:00:00,1,613E2580,0,,191.24,1,0,1
B025,2025-04-12 19:00:00,0,613H2404,0,,,1,0,0
B025,2025-04-12 19:00:00,1,613E2580,0,,191.23,1,0,1
B025,2025-04-12 20:00:00,0,613H2404,0,,,1,0,0
B025,2025-04-12 20:00:00,1,613E2580,0,,191.23,1,0,1
B025,2025-04-12 21:00:00,0,613H2404,0,,,1,0,0
B025,2025-04-12 21:00:00,1,613E2580,0,,191.23,1,0,1
B025,2025-04-12 22:00:00,0,613H2404,0,,,1,0,0
B025,2025-04-12 22:00:00,1,613E2580,0,,191.23,1,0,1
B025,2025-04-12 23:00:00,0,613H2404,0,,,1,0,0
B025,2025-04-12 23:00:00,1,613E2580,0,,191.23,1,0,1
B025,2025-04-13 00:00:00,0,613H2404,0,,,1,0,0
B025,2025-04-13 00:00:00,1,613E2580,0,,191.23,1,0,1
B025,2025-04-13 01:00:00,0,613H2404,0,,,1,0,0
B025,2025-04-13 01:00:00,1,613E2580,0,,191.23,1,0,1
B025,2025-04-13 02:00:00,0,613H2404,0,,,1,0,0
B025,2025-04-13 02:00:00,1,613E2580,0,,191.23,1,0,1
B025,2025-04-13 03:00:00,0,613H2404,0,,,1,0,0
B025,2025-04-13 03:00:00,1,613E2580,0,,191.23,1,0,1
B025,2025-04-13 04:00:00,0,613H2404,0,,,1,0,0
B025,2025-04-13 04:00:00,1,613E2580,0,,191.23,1,0,1
B025,2025-04-13 05:00:00,0,613H2404,0,,,1,0,0
B025,2025-04-13 05:00:00,1,613E2580,0,,191.23,1,0,1
B025,2025-04-13 06:00:00,0,613H2404,0,,,1,0,0
B025,2025-04-13 06:00:00,1,613E2580,0,,191.22,1,0,1
B025,2025-04-13 07:00:00,0,613H2404,0.3281176233,,,1,0,0
B025,2025-04-13 07:00:00,1,613E2580,0.4502842855,,191.22,1,0,1
B025,2025-04-13 08:00:00,0,613H2404,0,,,1,0,0
B025,2025-04-13 08:00:00,1,613E2580,0,,191.22,1,0,1
B025,2025-04-13 09:00:00,0,613H2404,0,,,1,0,0
B025,2025-04-13 09:00:00,1,613E2580,0,,191.3,1,0,1
B025,2025-04-13 10:00:00,0,613H2404,0,,,1,0,0
B025,2025-04-13 10:00:00,1,613E2580,0,,191.3,1,0,1
B025,2025-04-13 11:00:00,0,613H2404,0,,,1,0,0
B025,2025-04-13 11:00:00,1,613E2580,0,,191.3,1,0,1
B025,2025-04-13 12:00:00,0,613H2404,0,,,1,0,0
B025,2025-04-13 12:00:00,1,613E2580,0,,191.19,1,0,1
B025,2025-04-13 13:00:00,0,613H2404,0,,,1,0,0
B025,2025-04-13 13:00:00,1,613E2580,0,,191.19,1,0,1
B025,2025-04-13 14:00:00,0,613H2404,0,,,1,0,0
B025,2025-04-13 14:00:00,1,613E2580,0,,191.19,1,0,1
B025,2025-04-13 15:00:00,0,613H2404,0,,,1,0,0
B025,2025-04-13 15:00:00,1,613E2580,0,,191.19,1,0,1
B025,2025-04-13 16:00:00,0,613H2404,0,,,1,0,0
B025,2025-04-13 16:00:00,1,613E2580,0,,191.19,1,0,1
B025,2025-04-13 17:00:00,0,613H2404,0,,,1,0,0
B025,2025-04-13 17:00:00,1,613E2580,0,,191.19,1,0,1
B025,2025-04-13 18:00:00,0,613H2404,0,,,1,0,0
B025,2025-04-13 18:00:00,1,613E2580,0,,191.18,1,0,1
B025,2025-04-13 19:00:00,0,613H2404,0,,,1,0,0
B025,2025-04-13 19:00:00,1,613E2580,0,,191.18,1,0,1
B025,2025-04-13 20:00:00,0,613H2404,0,,,1,0,0
B025,2025-04-13 20:00:00,1,613E2580,0,,191.18,1,0,1
B025,2025-04-13 21:00:00,0,613H2404,0,,,1,0,0
B025,2025-04-13 21:00:00,1,613E2580,0,,191.18,1,0,1
B025,2025-04-13 22:00:00,0,613H2404,0,,,1,0,0
B025,2025-04-13 22:00:00,1,613E2580,0,,191.18,1,0,1
B025,2025-04-13 23:00:00,0,613H2404,0,,,1,0,0
B025,2025-04-13 23:00:00,1,613E2580,0,,191.18,1,0,1
B025,2025-04-14 00:00:00,0,613H2404,0,,,1,0,0
B025,2025-04-14 00:00:00,1,613E2580,0,,191.16,1,0,1
B025,2025-04-14 01:00:00,0,613H2404,0,,,1,0,0
B025,2025-04-14 01:00:00,1,613E2580,0,,191.16,1,0,1
B025,2025-04-14 02:00:00,0,613H2404,0,,,1,0,0
B025,2025-04-14 02:00:00,1,613E2580,0,,191.16,1,0,1
B025,2025-04-14 03:00:00,0,613H2404,0,,,1,0,0
B025,2025-04-14 03:00:00,1,613E2580,0,,191.16,1,0,1
B025,2025-04-14 04:00:00,0,613H2404,0,,,1,0,0
B025,2025-04-14 04:00:00,1,613E2580,0,,191.16,1,0,1
B025,2025-04-14 05:00:00,0,613H2404,0,,,1,0,0
B025,2025-04-14 05:00:00,1,613E2580,0,,191.15,1,0,1
B025,2025-04-14 06:00:00,0,613H2404,0,,,1,0,0
B025,2025-04-14 06:00:00,1,613E2580,0,,191.15,1,0,1
B025,2025-04-14 07:00:00,0,613H2404,0,,,1,0,0
B025,2025-04-14 07:00:00,1,613E2580,0,,191.15,1,0,1
B025,2025-04-14 08:00:00,0,613H2404,0,,,1,0,0
B025,2025-04-14 08:00:00,1,613E2580,0,,191.15,1,0,1
B025,2025-04-14 09:00:00,0,613H2404,0,,,1,0,0
B025,2025-04-14 09:00:00,1,613E2580,0,,191.15,1,0,1
B025,2025-04-14 10:00:00,0,613H2404,0,,,1,0,0
B025,2025-04-14 10:00:00,1,613E2580,0,,191.15,1,0,1
B025,2025-04-14 11:00:00,0,613H2404,0,,,1,0,0
B025,2025-04-14 11:00:00,1,613E2580,0,,191.14,1,0,1
B025,2025-04-14 12:00:00,0,613H2404,0,,,1,0,0
B025,2025-04-14 12:00:00,1,613E2580,0,,191.14,1,0,1
B025,2025-04-14 13:00:00,0,613H2404,0,,,1,0,0
B025,2025-04-14 13:00:00,1,613E2580,0,,191.14,1,0,1
B025,2025-04-14 14:00:00,0,613H2404,0,,,1,0,0
B025,2025-04-14 14:00:00,1,613E2580,0,,191.14,1,0,1
B025,2025-04-14 15:00:00,0,613H2404,0,,,1,0,0
B025,2025-04-14 15:00:00,1,613E2580,0,,191.14,1,0,1
B025,2025-04-16 18:00:00,0,613H2404,0,,,1,0,0
B025,2025-04-16 18:00:00,1,613E2580,0,,191.07,1,0,1
B025,2025-04-16 19:00:00,0,613H2404,0,,,1,0,0
B025,2025-04-16 19:00:00,1,613E2580,0,,191.06,1,0,1
B025,2025-04-16 20:00:00,0,613H2404,0,,,1,0,0
B025,2025-04-16 20:00:00,1,613E2580,0,,191.06,1,0,1
B025,2025-04-16 21:00:00,0,613H2404,0,,,1,0,0
B025,2025-04-16 21:00:00,1,613E2580,0,,191.06,1,0,1
B025,2025-04-16 22:00:00,0,613H2404,0,,,1,0,0
B025,2025-04-16 22:00:00,1,613E2580,0,,191.06,1,0,1
B025,2025-04-16 23:00:00,0,613H2404,0,,,1,0,0
B025,2025-04-16 23:00:00,1,613E2580,0,,191.06,1,0,1
B025,2025-04-17 00:00:00,0,613H2404,0,,,1,0,0
B025,2025-04-17 00:00:00,1,613E2580,0,,191.06,1,0,1
B025,2025-04-17 01:00:00,0,613H2404,0,,,1,0,0
B025,2025-04-17 01:00:00,1,613E2580,0,,191.06,1,0,1
B025,2025-04-17 02:00:00,0,613H2404,0,,,1,0,0
B025,2025-04-17 02:00:00,1,613E2580,0,,191.06,1,0,1
B025,2025-04-17 03:00:00,0,613H2404,0,,,1,0,0
B025,2025-04-17 03:00:00,1,613E2580,0,,191.06,1,0,1
B025,2025-04-17 04:00:00,0,613H2404,0,,,1,0,0
B025,2025-04-17 04:00:00,1,613E2580,0,,191.06,1,0,1
B025,2025-04-17 05:00:00,0,613H2404,0,,,1,0,0
B025,2025-04-17 05:00:00,1,613E2580,0,,191.06,1,0,1
B025,2025-04-17 06:00:00,0,613H2404,0,,,1,0,0
B025,2025-04-17 06:00:00,1,613E2580,0,,191.06,1,0,1
B025,2025-04-17 07:00:00,0,613H2404,0.01462795264,,,1,0,0
B025,2025-04-17 07:00:00,1,613E2580,0.3377132142,,191.06,1,0,1
B025,2025-04-17 08:00:00,0,613H2404,0,,,1,0,0
B025,2025-04-17 08:00:00,1,613E2580,0,,191.06,1,0,1
B025,2025-04-17 09:00:00,0,613H2404,0,,,1,0,0
B025,2025-04-17 09:00:00,1,613E2580,0,,191.06,1,0,1
B025,2025-04-17 10:00:00,0,613H2404,0,,,1,0,0
B025,2025-04-17 10:00:00,1,613E2580,0,,191.06,1,0,1
B025,2025-04-17 11:00:00,0,613H2404,0,,,1,0,0
B025,2025-04-17 11:00:00,1,613E2580,0,,191.06,1,0,1
B025,2025-04-17 12:00:00,0,613H2404,0,,,1,0,0
B025,2025-04-17 12:00:00,1,613E2580,0,,191.06,1,0,1
B025,2025-04-17 13:00:00,0,613H2404,0,,,1,0,0
B025,2025-04-17 13:00:00,1,613E2580,0,,191.06,1,0,1
B025,2025-04-17 14:00:00,0,613H2404,0,,,1,0,0
B025,2025-04-17 14:00:00,1,613E2580,0,,191.06,1,0,1
B025,2025-04-17 15:00:00,0,613H2404,0,,,1,0,0
B025,2025-04-17 15:00:00,1,613E2580,0,,191.06,1,0,1
B025,2025-04-17 16:00:00,0,613H2404,0,,,1,0,0
B025,2025-04-17 16:00:00,1,613E2580,0,,191.06,1,0,1
B025,2025-04-17 17:00:00,0,613H2404,0,,,1,0,0
B025,2025-04-17 17:00:00,1,613E2580,0,,191.06,1,0,1
B025,2025-04-17 18:00:00,0,613H2404,0,,,1,0,0
B025,2025-04-17 18:00:00,1,613E2580,0,,191.06,1,0,1
B025,2025-04-17 19:00:00,0,613H2404,0,,,1,0,0
B025,2025-04-17 19:00:00,1,613E2580,0,,191.06,1,0,1
B025,2025-04-17 20:00:00,0,613H2404,0,,,1,0,0
B025,2025-04-17 20:00:00,1,613E2580,0,,191.06,1,0,1
B025,2025-04-17 21:00:00,0,613H2404,0,,,1,0,0
B025,2025-04-17 21:00:00,1,613E2580,0,,191.06,1,0,1
B025,2025-04-17 22:00:00,0,613H2404,0,,,1,0,0
B025,2025-04-17 22:00:00,1,613E2580,0,,191.06,1,0,1
B025,2025-04-17 23:00:00,0,613H2404,0,,,1,0,0
B025,2025-04-17 23:00:00,1,613E2580,0,,191.06,1,0,1
B025,2025-04-18 00:00:00,0,613H2404,0,,,1,0,0
B025,2025-04-18 00:00:00,1,613E2580,0,,191.06,1,0,1
B025,2025-04-18 01:00:00,0,613H2404,0,,,1,0,0
B025,2025-04-18 01:00:00,1,613E2580,0,,191.06,1,0,1
B025,2025-04-18 02:00:00,0,613H2404,0,,,1,0,0
B025,2025-04-18 02:00:00,1,613E2580,0,,191.06,1,0,1
B025,2025-04-18 03:00:00,0,613H2404,0,,,1,0,0
B025,2025-04-18 03:00:00,1,613E2580,0,,191.06,1,0,1
B025,2025-04-18 04:00:00,0,613H2404,0,,,1,0,0
B025,2025-04-18 04:00:00,1,613E2580,0,,191.06,1,0,1
B025,2025-04-18 05:00:00,0,613H2404,0,,,1,0,0
B025,2025-04-18 05:00:00,1,613E2580,0,,191.06,1,0,1
B025,2025-04-18 06:00:00,0,613H2404,0,,,1,0,0
B025,2025-04-18 06:00:00,1,613E2580,0,,191.06,1,0,1
B025,2025-04-18 07:00:00,0,613H2404,0,,,1,0,0
B025,2025-04-18 07:00:00,1,613E2580,0,,191.06,1,0,1
B025,2025-04-18 08:00:00,0,613H2404,0,,,1,0,0
B025,2025-04-18 08:00:00,1,613E2580,0,,191.06,1,0,1
B025,2025-04-18 09:00:00,0,613H2404,0,,,1,0,0
B025,2025-04-18 09:00:00,1,613E2580,0,,191.06,1,0,1
B025,2025-04-18 10:00:00,0,613H2404,0,,,1,0,0
B025,2025-04-18 10:00:00,1,613E2580,0,,191.06,1,0,1
B025,2025-04-18 11:00:00,0,613H2404,0,,,1,0,0
B025,2025-04-18 11:00:00,1,613E2580,0,,191.06,1,0,1
B025,2025-04-18 12:00:00,0,613H2404,0,,,1,0,0
B025,2025-04-18 12:00:00,1,613E2580,0,,191.06,1,0,1
B025,2025-04-18 13:00:00,0,613H2404,0,,,1,0,0
B025,2025-04-18 13:00:00,1,613E2580,0,,191.06,1,0,1
B025,2025-04-18 14:00:00,0,613H2404,0,,,1,0,0
B025,2025-04-18 14:00:00,1,613E2580,0,,191.06,1,0,1
B025,2025-04-18 15:00:00,0,613H2404,0,,,1,0,0
B025,2025-04-18 15:00:00,1,613E2580,0,,191.06,1,0,1
B025,2025-04-18 16:00:00,0,613H2404,0,,,1,0,0
B025,2025-04-18 16:00:00,1,613E2580,0,,191.06,1,0,1
B025,2025-04-18 17:00:00,0,613H2404,0,,,1,0,0
B025,2025-04-18 17:00:00,1,613E2580,0,,191.06,1,0,1
B025,2025-04-18 18:00:00,0,613H2404,0,,,1,0,0
B025,2025-04-18 18:00:00,1,613E2580,1.238281785,,191.06,1,0,1
B025,2025-04-18 19:00:00,0,613H2404,0.2087480437,,,1,0,0
B025,2025-04-18 19:00:00,1,613E2580,8.10511714,,191.07,1,0,1
B025,2025-04-18 20:00:00,0,613H2404,5.013385191,,,1,0,0
B025,2025-04-18 20:00:00,1,613E2580,13.28338642,,191.11,1,0,1
B025,2025-04-18 21:00:00,0,613H2404,6.586211918,,,1,0,0
B025,2025-04-18 21:00:00,1,613E2580,0.1125710714,,191.45,1,0,1
B025,2025-04-18 22:00:00,0,613H2404,3.276721565,,,1,0,0
B025,2025-04-18 22:00:00,1,613E2580,3.602274284,,192.09,1,0,1
B025,2025-04-18 23:00:00,0,613H2404,0.375958188,,,1,0,0
B025,2025-04-18 23:00:00,1,613E2580,3.039418927,,192.01,1,0,1
B025,2025-04-19 00:00:00,0,613H2404,0.09830167042,,,1,0,0
B025,2025-04-19 00:00:00,1,613E2580,0.9005685711,,192.14,1,0,1
B025,2025-04-19 01:00:00,0,613H2404,0.2337726597,,,1,0,0
B025,2025-04-19 01:00:00,1,613E2580,0,,192.34,1,0,1
B025,2025-04-19 02:00:00,0,613H2404,0,,,1,0,0
B025,2025-04-19 02:00:00,1,613E2580,0,,192.3,1,0,1
B025,2025-04-19 03:00:00,0,613H2404,0.01462795264,,,1,0,0
B025,2025-04-19 03:00:00,1,613E2580,0,,192.19,1,0,1
B025,2025-04-19 04:00:00,0,613H2404,0,,,1,0,0
B025,2025-04-19 04:00:00,1,613E2580,0,,192.12,1,0,1
B025,2025-04-19 05:00:00,0,613H2404,0,,,1,0,0
B025,2025-04-19 05:00:00,1,613E2580,0,,192.14,1,0,1
B025,2025-04-19 06:00:00,0,613H2404,0,,,1,0,0
B025,2025-04-19 06:00:00,1,613E2580,0,,192.05,1,0,1
B025,2025-04-19 07:00:00,0,613H2404,1.009191441,,,1,0,0
B025,2025-04-19 07:00:00,1,613E2580,30.2816182,,191.96,1,0,1
B025,2025-04-19 08:00:00,0,613H2404,0.3932066817,,,1,0,0
B025,2025-04-19 08:00:00,1,613E2580,0.1125710714,,191.89,1,0,1
B025,2025-04-19 09:00:00,0,613H2404,1.471819014,,,1,0,0
B025,2025-04-19 09:00:00,1,613E2580,5.065698212,,191.84,1,0,1
B025,2025-04-19 10:00:00,0,613H2404,0.7864133633,,,1,0,0
B025,2025-04-19 10:00:00,1,613E2580,0.5628553569,,191.82,1,0,1
B025,2025-04-19 11:00:00,0,613H2404,0.3582123198,,,1,0,0
B025,2025-04-19 11:00:00,1,613E2580,0,,191.94,1,0,1
B025,2025-04-19 12:00:00,0,613H2404,0,,,1,0,0
B025,2025-04-19 12:00:00,1,613E2580,0.1125710714,,192.04,1,0,1
B025,2025-04-19 13:00:00,0,613H2404,0.1421855283,,,1,0,0
B025,2025-04-19 13:00:00,1,613E2580,0,,192.04,1,0,1
B025,2025-04-19 14:00:00,0,613H2404,0,,,1,0,0
B025,2025-04-19 14:00:00,1,613E2580,0,,192,1,0,1
B025,2025-04-19 15:00:00,0,613H2404,0,,,1,0,0
B025,2025-04-19 15:00:00,1,613E2580,0,,191.97,1,0,1
B025,2025-04-19 16:00:00,0,613H2404,0,,,1,0,0
B025,2025-04-19 16:00:00,1,613E2580,0,,191.95,1,0,1
B025,2025-04-19 17:00:00,0,613H2404,0,,,1,0,0
B025,2025-04-19 17:00:00,1,613E2580,0,,191.95,1,0,1
B025,2025-04-19 18:00:00,0,613H2404,0,,,1,0,0
B025,2025-04-19 18:00:00,1,613E2580,0,,191.93,1,0,1
B025,2025-04-19 19:00:00,0,613H2404,0,,,1,0,0
B025,2025-04-19 19:00:00,1,613E2580,0,,191.9,1,0,1
B025,2025-04-19 20:00:00,0,613H2404,0,,,1,0,0
B025,2025-04-19 20:00:00,1,613E2580,0,,191.85,1,0,1
B025,2025-04-19 21:00:00,0,613H2404,0,,,1,0,0
B025,2025-04-19 21:00:00,1,613E2580,0,,191.82,1,0,1
B025,2025-04-19 22:00:00,0,613H2404,0,,,1,0,0
B025,2025-04-19 22:00:00,1,613E2580,0,,191.77,1,0,1
B025,2025-04-19 23:00:00,0,613H2404,0,,,1,0,0
B025,2025-04-19 23:00:00,1,613E2580,0,,191.75,1,0,1
B025,2025-04-20 00:00:00,0,613H2404,0,,,1,0,0
B025,2025-04-20 00:00:00,1,613E2580,0,,191.71,1,0,1
B025,2025-04-20 01:00:00,0,613H2404,0,,,1,0,0
B025,2025-04-20 01:00:00,1,613E2580,0,,191.68,1,0,1
B025,2025-04-20 02:00:00,0,613H2404,0,,,1,0,0
B025,2025-04-20 02:00:00,1,613E2580,0,,191.65,1,0,1
B025,2025-04-20 03:00:00,0,613H2404,0,,,1,0,0
B025,2025-04-20 03:00:00,1,613E2580,0,,191.63,1,0,1
B025,2025-04-20 04:00:00,0,613H2404,0,,,1,0,0
B025,2025-04-20 04:00:00,1,613E2580,0,,191.6,1,0,1
B025,2025-04-20 05:00:00,0,613H2404,0,,,1,0,0
B025,2025-04-20 05:00:00,1,613E2580,0,,191.57,1,0,1
B025,2025-04-20 06:00:00,0,613H2404,0,,,1,0,0
B025,2025-04-20 06:00:00,1,613E2580,0,,191.55,1,0,1
B025,2025-04-20 07:00:00,0,613H2404,3.151836908,,,1,0,0
B025,2025-04-20 07:00:00,1,613E2580,5.853695712,,191.52,1,0,1
B025,2025-04-20 08:00:00,0,613H2404,0,,,1,0,0
B025,2025-04-20 08:00:00,1,613E2580,0,,191.52,1,0,1
B025,2025-04-20 09:00:00,0,613H2404,0,,,1,0,0
B025,2025-04-20 09:00:00,1,613E2580,0,,191.49,1,0,1
B025,2025-04-20 10:00:00,0,613H2404,0,,,1,0,0
B025,2025-04-20 10:00:00,1,613E2580,0,,191.48,1,0,1
B025,2025-04-20 11:00:00,0,613H2404,0,,,1,0,0
B025,2025-04-20 11:00:00,1,613E2580,0,,191.48,1,0,1
B025,2025-04-20 12:00:00,0,613H2404,0,,,1,0,0
B025,2025-04-20 12:00:00,1,613E2580,0,,191.45,1,0,1
B025,2025-04-20 13:00:00,0,613H2404,0,,,1,0,0
B025,2025-04-20 13:00:00,1,613E2580,0,,191.44,1,0,1
B025,2025-04-20 14:00:00,0,613H2404,0,,,1,0,0
B025,2025-04-20 14:00:00,1,613E2580,0,,191.43,1,0,1
B025,2025-04-20 15:00:00,0,613H2404,0,,,1,0,0
B025,2025-04-20 15:00:00,1,613E2580,0,,191.43,1,0,1
B025,2025-04-20 16:00:00,0,613H2404,0,,,1,0,0
B025,2025-04-20 16:00:00,1,613E2580,0,,191.4,1,0,1
B025,2025-04-20 17:00:00,0,613H2404,0,,,1,0,0
B025,2025-04-20 17:00:00,1,613E2580,0,,191.4,1,0,1
B025,2025-04-20 18:00:00,0,613H2404,0,,,1,0,0
B025,2025-04-20 18:00:00,1,613E2580,0,,191.4,1,0,1
B025,2025-04-20 19:00:00,0,613H2404,0,,,1,0,0
B025,2025-04-20 19:00:00,1,613E2580,0,,191.39,1,0,1
B025,2025-04-20 20:00:00,0,613H2404,0,,,1,0,0
B025,2025-04-20 20:00:00,1,613E2580,0,,191.38,1,0,1
B025,2025-04-20 21:00:00,0,613H2404,0,,,1,0,0
B025,2025-04-20 21:00:00,1,613E2580,0,,191.36,1,0,1
B025,2025-04-20 22:00:00,0,613H2404,0,,,1,0,0
B025,2025-04-20 22:00:00,1,613E2580,0,,191.36,1,0,1
B025,2025-04-20 23:00:00,0,613H2404,0,,,1,0,0
B025,2025-04-20 23:00:00,1,613E2580,0,,191.36,1,0,1
B025,2025-04-21 00:00:00,0,613H2404,0,,,1,0,0
B025,2025-04-21 00:00:00,1,613E2580,0,,191.35,1,0,1
B025,2025-04-21 01:00:00,0,613H2404,0,,,1,0,0
B025,2025-04-21 01:00:00,1,613E2580,0,,191.34,1,0,1
B025,2025-04-21 02:00:00,0,613H2404,1.014670358,,,1,0,0
B025,2025-04-21 02:00:00,1,613E2580,0,,191.34,1,0,1
B025,2025-04-21 03:00:00,0,613H2404,0.1462795264,,,1,0,0
B025,2025-04-21 03:00:00,1,613E2580,0,,191.34,1,0,1
B025,2025-04-21 04:00:00,0,613H2404,0.3907234319,,,1,0,0
B025,2025-04-21 04:00:00,1,613E2580,0,,191.32,1,0,1
B025,2025-04-21 05:00:00,0,613H2404,0.8964996534,,,1,0,0
B025,2025-04-21 05:00:00,1,613E2580,0,,191.32,1,0,1
B025,2025-04-21 06:00:00,0,613H2404,0,,,1,0,0
B025,2025-04-21 06:00:00,1,613E2580,0.1125710714,,191.32,1,0,1
B025,2025-04-21 07:00:00,0,613H2404,1.189418789,,,1,0,0
B025,2025-04-21 07:00:00,1,613E2580,0.1125710714,,191.32,1,0,1
B025,2025-04-21 08:00:00,0,613H2404,0.106215084,,,1,0,0
B025,2025-04-21 08:00:00,1,613E2580,0,,191.32,1,0,1
B025,2025-04-21 09:00:00,0,613H2404,0.09830167042,,,1,0,0
B025,2025-04-21 09:00:00,1,613E2580,0,,191.32,1,0,1
B025,2025-04-21 10:00:00,0,613H2404,0.01462795264,,,1,0,0
B025,2025-04-21 10:00:00,1,613E2580,0,,191.41,1,0,1
B025,2025-04-21 11:00:00,0,613H2404,0,,,1,0,0
B025,2025-04-21 11:00:00,1,613E2580,0,,191.53,1,0,1
B025,2025-04-21 12:00:00,0,613H2404,0,,,1,0,0
B025,2025-04-21 12:00:00,1,613E2580,0,,191.6,1,0,1
B025,2025-04-21 13:00:00,0,613H2404,0,,,1,0,0
B025,2025-04-21 13:00:00,1,613E2580,0,,191.61,1,0,1
B025,2025-04-21 14:00:00,0,613H2404,0,,,1,0,0
B025,2025-04-21 14:00:00,1,613E2580,0,,191.6,1,0,1
B025,2025-04-21 15:00:00,0,613H2404,0,,,1,0,0
B025,2025-04-21 15:00:00,1,613E2580,0,,191.59,1,0,1
B025,2025-04-21 16:00:00,0,613H2404,0,,,1,0,0
B025,2025-04-21 16:00:00,1,613E2580,0,,191.57,1,0,1
B025,2025-04-21 17:00:00,0,613H2404,0,,,1,0,0
B025,2025-04-21 17:00:00,1,613E2580,0,,191.53,1,0,1
B025,2025-04-21 18:00:00,0,613H2404,0,,,1,0,0
B025,2025-04-21 18:00:00,1,613E2580,0,,191.52,1,0,1
B025,2025-04-21 19:00:00,0,613H2404,0,,,1,0,0
B025,2025-04-21 19:00:00,1,613E2580,0,,191.51,1,0,1
B025,2025-04-21 20:00:00,0,613H2404,4.696506059,,,1,0,0
B025,2025-04-21 20:00:00,1,613E2580,0.2251421428,,191.49,1,0,1
B025,2025-04-21 21:00:00,0,613H2404,3.173591273,,,1,0,0
B025,2025-04-21 21:00:00,1,613E2580,2.47656357,,191.49,1,0,1
B025,2025-04-21 22:00:00,0,613H2404,3.441449046,,,1,0,0
B025,2025-04-21 22:00:00,1,613E2580,1.463423928,,191.51,1,0,1
B025,2025-04-21 23:00:00,0,613H2404,0.4833721465,,,1,0,0
B025,2025-04-21 23:00:00,1,613E2580,0.4502842855,,191.53,1,0,1
B025,2025-04-22 00:00:00,0,613H2404,0.1168863298,,,1,0,0
B025,2025-04-22 00:00:00,1,613E2580,0.2251421428,,192.39,1,0,1
B025,2025-04-22 01:00:00,0,613H2404,0.9124119812,,,1,0,0
B025,2025-04-22 01:00:00,1,613E2580,0.4502842855,,193.35,1,0,1
B025,2025-04-22 02:00:00,0,613H2404,0.1966033408,,,1,0,0
B025,2025-04-22 02:00:00,1,613E2580,0,,193.7,1,0,1
B025,2025-04-22 03:00:00,0,613H2404,0.1793548472,,,1,0,0
B025,2025-04-22 03:00:00,1,613E2580,0,,193.44,1,0,1
B025,2025-04-22 04:00:00,0,613H2404,0.219144707,,,1,0,0
B025,2025-04-22 04:00:00,1,613E2580,0.1125710714,,193.02,1,0,1
B025,2025-04-22 05:00:00,0,613H2404,0.09830167042,,,1,0,0
B025,2025-04-22 05:00:00,1,613E2580,0,,192.67,1,0,1
B025,2025-04-22 06:00:00,0,613H2404,0,,,1,0,0
B025,2025-04-22 06:00:00,1,613E2580,0,,192.47,1,0,1
B025,2025-04-22 07:00:00,0,613H2404,13.73676611,,,1,0,0
B025,2025-04-22 07:00:00,1,613E2580,5.403411426,,192.34,1,0,1
B025,2025-04-22 08:00:00,0,613H2404,0,,,1,0,0
B025,2025-04-22 08:00:00,1,613E2580,0,,192.23,1,0,1
B025,2025-04-22 09:00:00,0,613H2404,0,,,1,0,0
B025,2025-04-22 09:00:00,1,613E2580,0.1125710714,,192.16,1,0,1
B025,2025-04-22 10:00:00,0,613H2404,0.02649807299,,,1,0,0
B025,2025-04-22 10:00:00,1,613E2580,0,,192.08,1,0,1
B025,2025-04-22 11:00:00,0,613H2404,0,,,1,0,0
B025,2025-04-22 11:00:00,1,613E2580,0,,192.02,1,0,1
B025,2025-04-22 12:00:00,0,613H2404,0.09830167042,,,1,0,0
B025,2025-04-22 12:00:00,1,613E2580,0,,191.98,1,0,1
B025,2025-04-22 13:00:00,0,613H2404,0,,,1,0,0
B025,2025-04-22 13:00:00,1,613E2580,0,,191.93,1,0,1
B025,2025-04-22 14:00:00,0,613H2404,0,,,1,0,0
B025,2025-04-22 14:00:00,1,613E2580,0,,191.9,1,0,1
B025,2025-04-22 15:00:00,0,613H2404,0,,,1,0,0
B025,2025-04-22 15:00:00,1,613E2580,0,,191.86,1,0,1
B025,2025-04-22 16:00:00,0,613H2404,0.01462795264,,,1,0,0
B025,2025-04-22 16:00:00,1,613E2580,0,,191.82,1,0,1
B025,2025-04-22 17:00:00,0,613H2404,0.09830167042,,,1,0,0
B025,2025-04-22 17:00:00,1,613E2580,0.1125710714,,191.8,1,0,1
B025,2025-04-22 18:00:00,0,613H2404,0.003956706784,,,1,0,0
B025,2025-04-22 18:00:00,1,613E2580,0,,191.77,1,0,1
B025,2025-04-22 19:00:00,0,613H2404,0,,,1,0,0
B025,2025-04-22 19:00:00,1,613E2580,0,,191.73,1,0,1
B025,2025-04-22 20:00:00,0,613H2404,0,,,1,0,0
B025,2025-04-22 20:00:00,1,613E2580,0,,191.72,1,0,1
B025,2025-04-22 21:00:00,0,613H2404,0,,,1,0,0
B025,2025-04-22 21:00:00,1,613E2580,0,,191.7,1,0,1
B025,2025-04-22 22:00:00,0,613H2404,0,,,1,0,0
B025,2025-04-22 22:00:00,1,613E2580,0,,191.67,1,0,1
B025,2025-04-22 23:00:00,0,613H2404,0,,,1,0,0
B025,2025-04-22 23:00:00,1,613E2580,0,,191.65,1,0,1
B025,2025-04-23 00:00:00,0,613H2404,0,,,1,0,0
B025,2025-04-23 00:00:00,1,613E2580,0,,191.64,1,0,1
B025,2025-04-23 01:00:00,0,613H2404,0,,,1,0,0
B025,2025-04-23 01:00:00,1,613E2580,0,,191.62,1,0,1
B025,2025-04-23 02:00:00,0,613H2404,0,,,1,0,0
B025,2025-04-23 02:00:00,1,613E2580,0,,191.6,1,0,1
B025,2025-04-23 03:00:00,0,613H2404,0,,,1,0,0
B025,2025-04-23 03:00:00,1,613E2580,0,,191.59,1,0,1
B025,2025-04-23 04:00:00,0,613H2404,0,,,1,0,0
B025,2025-04-23 04:00:00,1,613E2580,0,,191.57,1,0,1
B025,2025-04-23 05:00:00,0,613H2404,0,,,1,0,0
B025,2025-04-23 05:00:00,1,613E2580,0,,191.55,1,0,1
B025,2025-04-23 06:00:00,0,613H2404,0,,,1,0,0
B025,2025-04-23 06:00:00,1,613E2580,0,,191.53,1,0,1
B025,2025-04-23 07:00:00,0,613H2404,0.2416860732,,,1,0,0
B025,2025-04-23 07:00:00,1,613E2580,0.2251421428,,191.52,1,0,1
B025,2025-04-23 08:00:00,0,613H2404,0,,,1,0,0
B025,2025-04-23 08:00:00,1,613E2580,0,,191.51,1,0,1
B025,2025-04-23 09:00:00,0,613H2404,0,,,1,0,0
B025,2025-04-23 09:00:00,1,613E2580,0,,191.49,1,0,1
B025,2025-04-23 10:00:00,0,613H2404,0,,,1,0,0
B025,2025-04-23 10:00:00,1,613E2580,0,,191.48,1,0,1
B025,2025-04-23 11:00:00,0,613H2404,0,,,1,0,0
B025,2025-04-23 11:00:00,1,613E2580,0,,191.47,1,0,1
B025,2025-04-23 12:00:00,0,613H2404,0.219144707,,,1,0,0
B025,2025-04-23 12:00:00,1,613E2580,0.1125710714,,191.45,1,0,1
B025,2025-04-23 13:00:00,0,613H2404,0.1168863298,,,1,0,0
B025,2025-04-23 13:00:00,1,613E2580,0.2251421428,,191.44,1,0,1
B025,2025-04-23 14:00:00,0,613H2404,0,,,1,0,0
B025,2025-04-23 14:00:00,1,613E2580,0,,191.44,1,0,1
B025,2025-04-23 15:00:00,0,613H2404,0,,,1,0,0
B025,2025-04-23 15:00:00,1,613E2580,0,,191.44,1,0,1
B025,2025-04-23 16:00:00,0,613H2404,0,,,1,0,0
B025,2025-04-23 16:00:00,1,613E2580,0,,191.43,1,0,1
B025,2025-04-23 17:00:00,0,613H2404,0,,,1,0,0
B025,2025-04-23 17:00:00,1,613E2580,0,,191.43,1,0,1
B025,2025-04-23 18:00:00,0,613H2404,0,,,1,0,0
B025,2025-04-23 18:00:00,1,613E2580,0,,191.41,1,0,1
B025,2025-04-23 19:00:00,0,613H2404,0,,,1,0,0
B025,2025-04-23 19:00:00,1,613E2580,0,,191.4,1,0,1
B025,2025-04-23 20:00:00,0,613H2404,0,,,1,0,0
B025,2025-04-23 20:00:00,1,613E2580,0.1125710714,,191.41,1,0,1
B025,2025-04-23 21:00:00,0,613H2404,0,,,1,0,0
B025,2025-04-23 21:00:00,1,613E2580,0,,191.4,1,0,1
B025,2025-04-23 22:00:00,0,613H2404,0,,,1,0,0
B025,2025-04-23 22:00:00,1,613E2580,0,,191.4,1,0,1
B025,2025-04-23 23:00:00,0,613H2404,0,,,1,0,0
B025,2025-04-23 23:00:00,1,613E2580,0,,191.39,1,0,1
B025,2025-04-24 00:00:00,0,613H2404,0,,,1,0,0
B025,2025-04-24 00:00:00,1,613E2580,0,,191.38,1,0,1
B025,2025-04-24 01:00:00,0,613H2404,0,,,1,0,0
B025,2025-04-24 01:00:00,1,613E2580,0,,191.38,1,0,1
B025,2025-04-24 02:00:00,0,613H2404,0,,,1,0,0
B025,2025-04-24 02:00:00,1,613E2580,0,,191.36,1,0,1
B025,2025-04-24 03:00:00,0,613H2404,0,,,1,0,0
B025,2025-04-24 03:00:00,1,613E2580,0,,191.36,1,0,1
B025,2025-04-24 04:00:00,0,613H2404,0.4635886126,,,1,0,0
B025,2025-04-24 04:00:00,1,613E2580,0.1125710714,,191.36,1,0,1
B025,2025-04-24 05:00:00,0,613H2404,0.4742598584,,,1,0,0
B025,2025-04-24 05:00:00,1,613E2580,0.7879974997,,191.36,1,0,1
B025,2025-04-24 06:00:00,0,613H2404,0.02254136621,,,1,0,0
B025,2025-04-24 06:00:00,1,613E2580,0.3377132142,,191.36,1,0,1
B025,2025-04-24 07:00:00,0,613H2404,0.1524966909,,,1,0,0
B025,2025-04-24 07:00:00,1,613E2580,1.688566071,,191.36,1,0,1
B025,2025-04-24 08:00:00,0,613H2404,0,,,1,0,0
B025,2025-04-24 08:00:00,1,613E2580,0,,191.36,1,0,1
B025,2025-04-24 09:00:00,0,613H2404,0,,,1,0,0
B025,2025-04-24 09:00:00,1,613E2580,0,,191.36,1,0,1
B025,2025-04-24 10:00:00,0,613H2404,0,,,1,0,0
B025,2025-04-24 10:00:00,1,613E2580,0,,191.35,1,0,1
B025,2025-04-24 11:00:00,0,613H2404,0,,,1,0,0
B025,2025-04-24 11:00:00,1,613E2580,0,,191.36,1,0,1
B025,2025-04-24 12:00:00,0,613H2404,0,,,1,0,0
B025,2025-04-24 12:00:00,1,613E2580,0,,191.36,1,0,1
B025,2025-04-24 13:00:00,0,613H2404,0,,,1,0,0
B025,2025-04-24 13:00:00,1,613E2580,0,,191.36,1,0,1
B025,2025-04-24 14:00:00,0,613H2404,0,,,1,0,0
B025,2025-04-24 14:00:00,1,613E2580,0,,191.36,1,0,1
B025,2025-04-24 15:00:00,0,613H2404,0,,,1,0,0
B025,2025-04-24 15:00:00,1,613E2580,0.1125710714,,191.36,1,0,1
B025,2025-04-24 16:00:00,0,613H2404,0,,,1,0,0
B025,2025-04-24 16:00:00,1,613E2580,0,,191.36,1,0,1
B025,2025-04-24 17:00:00,0,613H2404,0,,,1,0,0
B025,2025-04-24 17:00:00,1,613E2580,0,,191.36,1,0,1
B025,2025-04-24 18:00:00,0,613H2404,0,,,1,0,0
B025,2025-04-24 18:00:00,1,613E2580,0,,191.36,1,0,1
B025,2025-04-24 19:00:00,0,613H2404,0,,,1,0,0
B025,2025-04-24 19:00:00,1,613E2580,0,,191.36,1,0,1
B025,2025-05-05 23:00:00,0,613H2404,0,,,1,0,0
B025,2025-05-05 23:00:00,1,613E2580,0,,191.07,1,0,1
B025,2025-05-06 00:00:00,0,613H2404,0,,,1,0,0
B025,2025-05-06 00:00:00,1,613E2580,0,,191.07,1,0,1
B025,2025-05-06 01:00:00,0,613H2404,0,,,1,0,0
B025,2025-05-06 01:00:00,1,613E2580,0,,191.07,1,0,1
B025,2025-05-06 02:00:00,0,613H2404,0,,,1,0,0
B025,2025-05-06 02:00:00,1,613E2580,0,,191.07,1,0,1
B025,2025-05-06 03:00:00,0,613H2404,0,,,1,0,0
B025,2025-05-06 03:00:00,1,613E2580,0,,191.07,1,0,1
B025,2025-05-06 04:00:00,0,613H2404,0,,,1,0,0
B025,2025-05-06 04:00:00,1,613E2580,0,,191.07,1,0,1
B025,2025-05-06 05:00:00,0,613H2404,0,,,1,0,0
B025,2025-05-06 05:00:00,1,613E2580,0,,191.07,1,0,1
B025,2025-05-06 06:00:00,0,613H2404,0,,,1,0,0
B025,2025-05-06 06:00:00,1,613E2580,0,,191.07,1,0,1
B025,2025-05-06 07:00:00,0,613H2404,0,,,1,0,0
B025,2025-05-06 07:00:00,1,613E2580,0,,191.07,1,0,1
B025,2025-05-06 08:00:00,0,613H2404,0,,,1,0,0
B025,2025-05-06 08:00:00,1,613E2580,0,,191.07,1,0,1
B025,2025-05-06 09:00:00,0,613H2404,0,,,1,0,0
B025,2025-05-06 09:00:00,1,613E2580,0,,191.07,1,0,1
B025,2025-05-06 10:00:00,0,613H2404,0,,,1,0,0
B025,2025-05-06 10:00:00,1,613E2580,0,,191.07,1,0,1
B025,2025-05-06 11:00:00,0,613H2404,0,,,1,0,0
B025,2025-05-06 11:00:00,1,613E2580,0,,191.07,1,0,1
B025,2025-05-06 12:00:00,0,613H2404,0,,,1,0,0
B025,2025-05-06 12:00:00,1,613E2580,0,,191.07,1,0,1
B025,2025-05-06 13:00:00,0,613H2404,0,,,1,0,0
B025,2025-05-06 13:00:00,1,613E2580,0,,191.07,1,0,1
B025,2025-05-06 14:00:00,0,613H2404,0,,,1,0,0
B025,2025-05-06 14:00:00,1,613E2580,0,,191.07,1,0,1
B025,2025-05-06 15:00:00,0,613H2404,0,,,1,0,0
B025,2025-05-06 15:00:00,1,613E2580,0,,191.07,1,0,1
B025,2025-05-06 16:00:00,0,613H2404,0,,,1,0,0
B025,2025-05-06 16:00:00,1,613E2580,0,,191.07,1,0,1
B025,2025-05-06 17:00:00,0,613H2404,0,,,1,0,0
B025,2025-05-06 17:00:00,1,613E2580,0,,,1,0,0
B025,2025-05-06 18:00:00,0,613H2404,0,,,1,0,0
B025,2025-05-06 18:00:00,1,613E2580,0,,191.07,1,0,1
B025,2025-05-06 19:00:00,0,613H2404,0,,,1,0,0
B025,2025-05-06 19:00:00,1,613E2580,0,,191.07,1,0,1
B025,2025-05-06 20:00:00,0,613H2404,0,,,1,0,0
B025,2025-05-06 20:00:00,1,613E2580,0,,191.07,1,0,1
B025,2025-05-06 21:00:00,0,613H2404,0,,,1,0,0
B025,2025-05-06 21:00:00,1,613E2580,0,,191.07,1,0,1
B025,2025-05-06 22:00:00,0,613H2404,0,,,1,0,0
B025,2025-05-06 22:00:00,1,613E2580,0,,191.07,1,0,1
B025,2025-05-06 23:00:00,0,613H2404,0,,,1,0,0
B025,2025-05-06 23:00:00,1,613E2580,0,,191.07,1,0,1
B025,2025-05-07 00:00:00,0,613H2404,0,,,1,0,0
B025,2025-05-07 00:00:00,1,613E2580,0,,191.07,1,0,1
B025,2025-05-07 01:00:00,0,613H2404,0,,,1,0,0
B025,2025-05-07 01:00:00,1,613E2580,0,,191.07,1,0,1
B025,2025-05-07 02:00:00,0,613H2404,0,,,1,0,0
B025,2025-05-07 02:00:00,1,613E2580,0,,191.06,1,0,1
B025,2025-05-07 03:00:00,0,613H2404,0,,,1,0,0
B025,2025-05-07 03:00:00,1,613E2580,0,,191.07,1,0,1
B025,2025-05-07 04:00:00,0,613H2404,0,,,1,0,0
B025,2025-05-07 04:00:00,1,613E2580,0,,191.06,1,0,1
B025,2025-05-07 05:00:00,0,613H2404,0,,,1,0,0
B025,2025-05-07 05:00:00,1,613E2580,0,,191.06,1,0,1
B025,2025-05-07 06:00:00,0,613H2404,0,,,1,0,0
B025,2025-05-07 06:00:00,1,613E2580,0,,191.06,1,0,1
B025,2025-05-07 07:00:00,0,613H2404,0,,,1,0,0
B025,2025-05-07 07:00:00,1,613E2580,0,,191.06,1,0,1
B025,2025-05-07 08:00:00,0,613H2404,0,,,1,0,0
B025,2025-05-07 08:00:00,1,613E2580,0,,191.06,1,0,1
B025,2025-05-07 09:00:00,0,613H2404,0,,,1,0,0
B025,2025-05-07 09:00:00,1,613E2580,0,,191.06,1,0,1
B025,2025-05-07 10:00:00,0,613H2404,0,,,1,0,0
B025,2025-05-07 10:00:00,1,613E2580,0,,191.06,1,0,1
B025,2025-05-07 11:00:00,0,613H2404,0,,,1,0,0
B025,2025-05-07 11:00:00,1,613E2580,0,,191.06,1,0,1
B025,2025-05-07 12:00:00,0,613H2404,0,,,1,0,0
B025,2025-05-07 12:00:00,1,613E2580,0,,191.06,1,0,1
B025,2025-05-07 13:00:00,0,613H2404,0,,,1,0,0
B025,2025-05-07 13:00:00,1,613E2580,0,,191.06,1,0,1
B025,2025-05-07 14:00:00,0,613H2404,0,,,1,0,0
B025,2025-05-07 14:00:00,1,613E2580,0,,191.06,1,0,1
B025,2025-05-07 15:00:00,0,613H2404,0,,,1,0,0
B025,2025-05-07 15:00:00,1,613E2580,0,,191.06,1,0,1
B025,2025-05-07 16:00:00,0,613H2404,0,,,1,0,0
B025,2025-05-07 16:00:00,1,613E2580,0,,191.06,1,0,1
B025,2025-05-07 17:00:00,0,613H2404,0,,,1,0,0
B025,2025-05-07 17:00:00,1,613E2580,0,,191.06,1,0,1
B025,2025-05-07 18:00:00,0,613H2404,0,,,1,0,0
B025,2025-05-07 18:00:00,1,613E2580,0,,191.06,1,0,1
B025,2025-05-07 19:00:00,0,613H2404,0,,,1,0,0
B025,2025-05-07 19:00:00,1,613E2580,0,,191.06,1,0,1
B025,2025-05-07 20:00:00,0,613H2404,0,,,1,0,0
B025,2025-05-07 20:00:00,1,613E2580,0,,191.06,1,0,1
B025,2025-05-07 21:00:00,0,613H2404,0,,,1,0,0
B025,2025-05-07 21:00:00,1,613E2580,0,,191.05,1,0,1
B025,2025-05-07 22:00:00,0,613H2404,0,,,1,0,0
B025,2025-05-07 22:00:00,1,613E2580,0,,191.05,1,0,1
B025,2025-05-07 23:00:00,0,613H2404,0.09830167042,,,1,0,0
B025,2025-05-07 23:00:00,1,613E2580,0,,191.05,1,0,1
B025,2025-05-08 00:00:00,0,613H2404,0,,,1,0,0
B025,2025-05-08 00:00:00,1,613E2580,0,,191.05,1,0,1
B025,2025-05-08 01:00:00,0,613H2404,0.7158086404,,,1,0,0
B025,2025-05-08 01:00:00,1,613E2580,0.3377132142,,191.05,1,0,1
B025,2025-05-08 02:00:00,0,613H2404,2.647756935,,,1,0,0
B025,2025-05-08 02:00:00,1,613E2580,2.251421428,,191.05,1,0,1
B025,2025-05-08 03:00:00,0,613H2404,3.089505682,,,1,0,0
B025,2025-05-08 03:00:00,1,613E2580,1.238281785,,191.06,1,0,1
B025,2025-05-08 04:00:00,0,613H2404,6.009504014,,,1,0,0
B025,2025-05-08 04:00:00,1,613E2580,2.363992499,,191.07,1,0,1
B025,2025-05-08 05:00:00,0,613H2404,4.186104755,,,1,0,0
B025,2025-05-08 05:00:00,1,613E2580,6.191408926,,191.07,1,0,1
B025,2025-05-08 06:00:00,0,613H2404,1.589766928,,,1,0,0
B025,2025-05-08 06:00:00,1,613E2580,1.463423928,,191.18,1,0,1
B025,2025-05-08 07:00:00,0,613H2404,5.211992488,,,1,0,0
B025,2025-05-08 07:00:00,1,613E2580,2.47656357,,191.57,1,0,1
B025,2025-05-08 08:00:00,0,613H2404,1.405479291,,,1,0,0
B025,2025-05-08 08:00:00,1,613E2580,0.6754264283,,193.2,1,0,1
B025,2025-05-08 09:00:00,0,613H2404,0.2949050113,,,1,0,0
B025,2025-05-08 09:00:00,1,613E2580,0.5628553569,,193.96,1,0,1
B025,2025-05-08 10:00:00,0,613H2404,0.04748048141,,,1,0,0
B025,2025-05-08 10:00:00,1,613E2580,0,,194.15,1,0,1
B025,2025-05-08 11:00:00,0,613H2404,0.1316515737,,,1,0,0
B025,2025-05-08 11:00:00,1,613E2580,0,,194.16,1,0,1
B025,2025-05-08 12:00:00,0,613H2404,0,,,1,0,0
B025,2025-05-08 12:00:00,1,613E2580,0,,193.86,1,0,1
B025,2025-05-08 13:00:00,0,613H2404,0,,,1,0,0
B025,2025-05-08 13:00:00,1,613E2580,0,,193.42,1,0,1
B025,2025-05-08 14:00:00,0,613H2404,0,,,1,0,0
B025,2025-05-08 14:00:00,1,613E2580,0.1125710714,,192.97,1,0,1
B025,2025-05-08 15:00:00,0,613H2404,0,,,1,0,0
B025,2025-05-08 15:00:00,1,613E2580,0.2251421428,,192.67,1,0,1
B025,2025-05-08 16:00:00,0,613H2404,0,,,1,0,0
B025,2025-05-08 16:00:00,1,613E2580,0,,192.44,1,0,1
B025,2025-05-08 17:00:00,0,613H2404,0,,,1,0,0
B025,2025-05-08 17:00:00,1,613E2580,0,,192.27,1,0,1
B025,2025-05-08 18:00:00,0,613H2404,0,,,1,0,0
B025,2025-05-08 18:00:00,1,613E2580,0,,192.17,1,0,1
B025,2025-05-08 19:00:00,0,613H2404,1.018627065,,,1,0,0
B025,2025-05-08 19:00:00,1,613E2580,0.1125710714,,192.08,1,0,1
B025,2025-05-08 20:00:00,0,613H2404,0.3136269619,,,1,0,0
B025,2025-05-08 20:00:00,1,613E2580,0.4502842855,,192.02,1,0,1
B025,2025-05-08 21:00:00,0,613H2404,0,,,1,0,0
B025,2025-05-08 21:00:00,1,613E2580,0.1125710714,,191.96,1,0,1
B025,2025-05-08 22:00:00,0,613H2404,0,,,1,0,0
B025,2025-05-08 22:00:00,1,613E2580,0.1125710714,,191.92,1,0,1
B025,2025-05-08 23:00:00,0,613H2404,0,,,1,0,0
B025,2025-05-08 23:00:00,1,613E2580,0,,191.88,1,0,1
B025,2025-05-09 00:00:00,0,613H2404,0,,,1,0,0
B025,2025-05-09 00:00:00,1,613E2580,0,,191.84,1,0,1
B025,2025-05-09 01:00:00,0,613H2404,0,,,1,0,0
B025,2025-05-09 01:00:00,1,613E2580,0,,191.81,1,0,1
B025,2025-05-09 02:00:00,0,613H2404,0,,,1,0,0
B025,2025-05-09 02:00:00,1,613E2580,0,,191.77,1,0,1
B025,2025-05-09 03:00:00,0,613H2404,0,,,1,0,0
B025,2025-05-09 03:00:00,1,613E2580,0,,191.76,1,0,1
B025,2025-05-09 04:00:00,0,613H2404,0,,,1,0,0
B025,2025-05-09 04:00:00,1,613E2580,0,,191.73,1,0,1
B025,2025-05-09 05:00:00,0,613H2404,0,,,1,0,0
B025,2025-05-09 05:00:00,1,613E2580,0,,191.71,1,0,1
B025,2025-05-09 06:00:00,0,613H2404,0,,,1,0,0
B025,2025-05-09 06:00:00,1,613E2580,0,,191.69,1,0,1
B025,2025-05-09 07:00:00,0,613H2404,3.211770385,,,1,0,0
B025,2025-05-09 07:00:00,1,613E2580,2.363992499,,191.68,1,0,1
B025,2025-05-09 08:00:00,0,613H2404,0,,,1,0,0
B025,2025-05-09 08:00:00,1,613E2580,0,,191.66,1,0,1
B025,2025-05-09 09:00:00,0,613H2404,0,,,1,0,0
B025,2025-05-09 09:00:00,1,613E2580,0,,191.64,1,0,1
B025,2025-05-09 10:00:00,0,613H2404,0,,,1,0,0
B025,2025-05-09 10:00:00,1,613E2580,0,,191.63,1,0,1
B025,2025-05-09 11:00:00,0,613H2404,0,,,1,0,0
B025,2025-05-09 11:00:00,1,613E2580,0,,191.6,1,0,1
B025,2025-05-09 12:00:00,0,613H2404,0,,,1,0,0
B025,2025-05-09 12:00:00,1,613E2580,0,,191.59,1,0,1
B025,2025-05-09 13:00:00,0,613H2404,0,,,1,0,0
B025,2025-05-09 13:00:00,1,613E2580,0,,191.57,1,0,1
B025,2025-05-09 14:00:00,0,613H2404,0,,,1,0,0
B025,2025-05-09 14:00:00,1,613E2580,0,,191.55,1,0,1
B025,2025-05-09 15:00:00,0,613H2404,0,,,1,0,0
B025,2025-05-09 15:00:00,1,613E2580,0,,191.52,1,0,1
B025,2025-05-09 16:00:00,0,613H2404,0,,,1,0,0
B025,2025-05-09 16:00:00,1,613E2580,0,,191.52,1,0,1
B025,2025-05-09 17:00:00,0,613H2404,0,,,1,0,0
B025,2025-05-09 17:00:00,1,613E2580,0,,191.49,1,0,1
B025,2025-05-09 18:00:00,0,613H2404,0,,,1,0,0
B025,2025-05-09 18:00:00,1,613E2580,0,,191.48,1,0,1
B025,2025-05-09 19:00:00,0,613H2404,0,,,1,0,0
B025,2025-05-09 19:00:00,1,613E2580,0,,191.48,1,0,1
B025,2025-05-09 20:00:00,0,613H2404,0,,,1,0,0
B025,2025-05-09 20:00:00,1,613E2580,0,,191.45,1,0,1
B025,2025-05-09 21:00:00,0,613H2404,0,,,1,0,0
B025,2025-05-09 21:00:00,1,613E2580,0,,191.44,1,0,1
B025,2025-05-09 22:00:00,0,613H2404,0,,,1,0,0
B025,2025-05-09 22:00:00,1,613E2580,0,,191.44,1,0,1
B025,2025-05-09 23:00:00,0,613H2404,0,,,1,0,0
B025,2025-05-09 23:00:00,1,613E2580,0,,191.43,1,0,1
B025,2025-05-10 00:00:00,0,613H2404,0,,,1,0,0
B025,2025-05-10 00:00:00,1,613E2580,0,,191.41,1,0,1
B025,2025-05-10 01:00:00,0,613H2404,0,,,1,0,0
B025,2025-05-10 01:00:00,1,613E2580,0,,191.4,1,0,1
B025,2025-05-10 02:00:00,0,613H2404,0,,,1,0,0
B025,2025-05-10 02:00:00,1,613E2580,0,,191.4,1,0,1
B025,2025-05-10 03:00:00,0,613H2404,0,,,1,0,0
B025,2025-05-10 03:00:00,1,613E2580,0,,191.4,1,0,1
B025,2025-05-10 04:00:00,0,613H2404,0,,,1,0,0
B025,2025-05-10 04:00:00,1,613E2580,0,,191.39,1,0,1
B025,2025-05-10 05:00:00,0,613H2404,0.3654242334,,,1,0,0
B025,2025-05-10 05:00:00,1,613E2580,0.5628553569,,191.38,1,0,1
B025,2025-05-10 06:00:00,0,613H2404,1.905294264,,,1,0,0
B025,2025-05-10 06:00:00,1,613E2580,0.2251421428,,191.38,1,0,1
B025,2025-05-10 07:00:00,0,613H2404,0.7092313926,,,1,0,0
B025,2025-05-10 07:00:00,1,613E2580,0.6754264283,,191.38,1,0,1
B025,2025-05-10 08:00:00,0,613H2404,0.5844316492,,,1,0,0
B025,2025-05-10 08:00:00,1,613E2580,0.6754264283,,191.36,1,0,1
B025,2025-05-10 09:00:00,0,613H2404,0.4489606599,,,1,0,0
B025,2025-05-10 09:00:00,1,613E2580,0.2251421428,,191.38,1,0,1
B025,2025-05-10 10:00:00,0,613H2404,0.3360310369,,,1,0,0
B025,2025-05-10 10:00:00,1,613E2580,0.1125710714,,191.38,1,0,1
B025,2025-05-10 11:00:00,0,613H2404,0.1315142825,,,1,0,0
B025,2025-05-10 11:00:00,1,613E2580,0.1125710714,,191.39,1,0,1
B025,2025-05-10 12:00:00,0,613H2404,0.2005600476,,,1,0,0
B025,2025-05-10 12:00:00,1,613E2580,0.1125710714,,191.4,1,0,1
B025,2025-05-10 13:00:00,0,613H2404,0.3613302354,,,1,0,0
B025,2025-05-10 13:00:00,1,613E2580,0.1125710714,,191.44,1,0,1
B025,2025-05-10 14:00:00,0,613H2404,0.2151880003,,,1,0,0
B025,2025-05-10 14:00:00,1,613E2580,0.2251421428,,191.52,1,0,1
B025,2025-05-10 15:00:00,0,613H2404,0,,,1,0,0
B025,2025-05-10 15:00:00,1,613E2580,0.1125710714,,191.66,1,0,1
B025,2025-05-10 16:00:00,0,613H2404,0,,,1,0,0
B025,2025-05-10 16:00:00,1,613E2580,0,,191.77,1,0,1
B025,2025-05-10 17:00:00,0,613H2404,0,,,1,0,0
B025,2025-05-10 17:00:00,1,613E2580,0,,191.82,1,0,1
B025,2025-05-10 18:00:00,0,613H2404,0,,,1,0,0
B025,2025-05-10 18:00:00,1,613E2580,0,,191.82,1,0,1
B025,2025-05-10 19:00:00,0,613H2404,0,,,1,0,0
B025,2025-05-10 19:00:00,1,613E2580,0,,191.82,1,0,1
B025,2025-05-10 20:00:00,0,613H2404,0,,,1,0,0
B025,2025-05-10 20:00:00,1,613E2580,0,,191.81,1,0,1
B025,2025-05-10 21:00:00,0,613H2404,0,,,1,0,0
B025,2025-05-10 21:00:00,1,613E2580,0,,191.81,1,0,1
B025,2025-05-10 22:00:00,0,613H2404,0,,,1,0,0
B025,2025-05-10 22:00:00,1,613E2580,0,,191.79,1,0,1
B025,2025-05-10 23:00:00,0,613H2404,0,,,1,0,0
B025,2025-05-10 23:00:00,1,613E2580,0,,191.77,1,0,1
B025,2025-05-20 01:00:00,0,613H2404,0,,,1,0,0
B025,2025-05-20 01:00:00,1,613E2580,0,,191.13,1,0,1
B025,2025-05-20 02:00:00,0,613H2404,0,,,1,0,0
B025,2025-05-20 02:00:00,1,613E2580,0,,191.13,1,0,1
B025,2025-05-20 03:00:00,0,613H2404,0,,,1,0,0
B025,2025-05-20 03:00:00,1,613E2580,0,,191.13,1,0,1
B025,2025-05-20 04:00:00,0,613H2404,0,,,1,0,0
B025,2025-05-20 04:00:00,1,613E2580,0,,191.13,1,0,1
B025,2025-05-20 05:00:00,0,613H2404,0,,,1,0,0
B025,2025-05-20 05:00:00,1,613E2580,0,,191.13,1,0,1
B025,2025-05-20 06:00:00,0,613H2404,0,,,1,0,0
B025,2025-05-20 06:00:00,1,613E2580,0,,191.11,1,0,1
B025,2025-05-20 07:00:00,0,613H2404,0,,,1,0,0
B025,2025-05-20 07:00:00,1,613E2580,0,,191.11,1,0,1
B025,2025-05-20 08:00:00,0,613H2404,0,,,1,0,0
B025,2025-05-20 08:00:00,1,613E2580,0,,191.11,1,0,1
B025,2025-05-20 09:00:00,0,613H2404,0,,,1,0,0
B025,2025-05-20 09:00:00,1,613E2580,0,,191.11,1,0,1
B025,2025-05-20 10:00:00,0,613H2404,0,,,1,0,0
B025,2025-05-20 10:00:00,1,613E2580,0,,191.11,1,0,1
B025,2025-05-20 11:00:00,0,613H2404,0,,,1,0,0
B025,2025-05-20 11:00:00,1,613E2580,0,,191.11,1,0,1
B025,2025-05-20 12:00:00,0,613H2404,0.09830167042,,,1,0,0
B025,2025-05-20 12:00:00,1,613E2580,0,,191.11,1,0,1
B025,2025-05-20 13:00:00,0,613H2404,0,,,1,0,0
B025,2025-05-20 13:00:00,1,613E2580,0,,191.11,1,0,1
B025,2025-05-20 14:00:00,0,613H2404,0,,,1,0,0
B025,2025-05-20 14:00:00,1,613E2580,0,,191.11,1,0,1
B025,2025-05-20 15:00:00,0,613H2404,0,,,1,0,0
B025,2025-05-20 15:00:00,1,613E2580,0,,191.11,1,0,1
B025,2025-05-20 16:00:00,0,613H2404,0,,,1,0,0
B025,2025-05-20 16:00:00,1,613E2580,0,,191.11,1,0,1
B025,2025-05-20 17:00:00,0,613H2404,0,,,1,0,0
B025,2025-05-20 17:00:00,1,613E2580,0,,191.11,1,0,1
B025,2025-05-20 18:00:00,0,613H2404,0,,,1,0,0
B025,2025-05-20 18:00:00,1,613E2580,0,,191.11,1,0,1
B025,2025-05-20 19:00:00,0,613H2404,0,,,1,0,0
B025,2025-05-20 19:00:00,1,613E2580,0,,191.11,1,0,1
B025,2025-05-20 20:00:00,0,613H2404,0,,,1,0,0
B025,2025-05-20 20:00:00,1,613E2580,0,,191.11,1,0,1
B025,2025-05-20 21:00:00,0,613H2404,0,,,1,0,0
B025,2025-05-20 21:00:00,1,613E2580,0,,191.11,1,0,1
B025,2025-05-20 22:00:00,0,613H2404,0,,,1,0,0
B025,2025-05-20 22:00:00,1,613E2580,0,,191.11,1,0,1
B025,2025-05-20 23:00:00,0,613H2404,0,,,1,0,0
B025,2025-05-20 23:00:00,1,613E2580,0,,191.11,1,0,1
B025,2025-05-21 00:00:00,0,613H2404,0,,,1,0,0
B025,2025-05-21 00:00:00,1,613E2580,0,,191.11,1,0,1
B025,2025-05-21 01:00:00,0,613H2404,0,,,1,0,0
B025,2025-05-21 01:00:00,1,613E2580,0,,191.11,1,0,1
B025,2025-05-21 02:00:00,0,613H2404,0,,,1,0,0
B025,2025-05-21 02:00:00,1,613E2580,0,,191.11,1,0,1
B025,2025-05-21 03:00:00,0,613H2404,0,,,1,0,0
B025,2025-05-21 03:00:00,1,613E2580,0,,191.11,1,0,1
B025,2025-05-21 04:00:00,0,613H2404,0,,,1,0,0
B025,2025-05-21 04:00:00,1,613E2580,0,,191.11,1,0,1
B025,2025-05-21 05:00:00,0,613H2404,0,,,1,0,0
B025,2025-05-21 05:00:00,1,613E2580,0,,191.11,1,0,1
B025,2025-05-21 06:00:00,0,613H2404,0,,,1,0,0
B025,2025-05-21 06:00:00,1,613E2580,0,,191.11,1,0,1
B025,2025-05-21 07:00:00,0,613H2404,0.09830167042,,,1,0,0
B025,2025-05-21 07:00:00,1,613E2580,0,,191.11,1,0,1
B025,2025-05-21 08:00:00,0,613H2404,0,,,1,0,0
B025,2025-05-21 08:00:00,1,613E2580,0,,191.11,1,0,1
B025,2025-05-21 09:00:00,0,613H2404,0,,,1,0,0
B025,2025-05-21 09:00:00,1,613E2580,0,,191.11,1,0,1
B025,2025-05-21 10:00:00,0,613H2404,0,,,1,0,0
B025,2025-05-21 10:00:00,1,613E2580,0,,191.11,1,0,1
B025,2025-05-21 11:00:00,0,613H2404,0,,,1,0,0
B025,2025-05-21 11:00:00,1,613E2580,0,,191.11,1,0,1
B025,2025-05-21 12:00:00,0,613H2404,0,,,1,0,0
B025,2025-05-21 12:00:00,1,613E2580,0,,191.11,1,0,1
B025,2025-05-21 13:00:00,0,613H2404,0,,,1,0,0
B025,2025-05-21 13:00:00,1,613E2580,0,,191.11,1,0,1
B025,2025-05-21 14:00:00,0,613H2404,0,,,1,0,0
B025,2025-05-21 14:00:00,1,613E2580,0,,191.11,1,0,1
B025,2025-05-21 15:00:00,0,613H2404,0,,,1,0,0
B025,2025-05-21 15:00:00,1,613E2580,0,,191.11,1,0,1
B025,2025-05-21 16:00:00,0,613H2404,0,,,1,0,0
B025,2025-05-21 16:00:00,1,613E2580,0,,191.11,1,0,1
B025,2025-05-21 17:00:00,0,613H2404,0,,,1,0,0
B025,2025-05-21 17:00:00,1,613E2580,0,,191.11,1,0,1
B025,2025-05-21 18:00:00,0,613H2404,0,,,1,0,0
B025,2025-05-21 18:00:00,1,613E2580,0,,191.1,1,0,1
B025,2025-05-21 19:00:00,0,613H2404,0,,,1,0,0
B025,2025-05-21 19:00:00,1,613E2580,0,,191.1,1,0,1
B025,2025-05-21 20:00:00,0,613H2404,0,,,1,0,0
B025,2025-05-21 20:00:00,1,613E2580,0,,191.1,1,0,1
B025,2025-05-21 21:00:00,0,613H2404,0,,,1,0,0
B025,2025-05-21 21:00:00,1,613E2580,0,,191.1,1,0,1
B025,2025-05-21 22:00:00,0,613H2404,0,,,1,0,0
B025,2025-05-21 22:00:00,1,613E2580,0,,191.1,1,0,1
B025,2025-05-21 23:00:00,0,613H2404,0,,,1,0,0
B025,2025-05-21 23:00:00,1,613E2580,0,,191.1,1,0,1
B025,2025-05-22 00:00:00,0,613H2404,0,,,1,0,0
B025,2025-05-22 00:00:00,1,613E2580,0,,191.1,1,0,1
B025,2025-05-22 01:00:00,0,613H2404,1.183576752,,,1,0,0
B025,2025-05-22 01:00:00,1,613E2580,0,,191.1,1,0,1
B025,2025-05-22 02:00:00,0,613H2404,9.262054798,,,1,0,0
B025,2025-05-22 02:00:00,1,613E2580,0,,191.1,1,0,1
B025,2025-05-22 03:00:00,0,613H2404,10.44696772,,,1,0,0
B025,2025-05-22 03:00:00,1,613E2580,0,,191.1,1,0,1
B025,2025-05-22 04:00:00,0,613H2404,5.088012869,,,1,0,0
B025,2025-05-22 04:00:00,1,613E2580,0,,191.1,1,0,1
B025,2025-05-22 05:00:00,0,613H2404,12.12318545,,,1,0,0
B025,2025-05-22 05:00:00,1,613E2580,0,,191.1,1,0,1
B025,2025-05-22 06:00:00,0,613H2404,7.641510341,,,1,0,0
B025,2025-05-22 06:00:00,1,613E2580,0.1125710714,,191.11,1,0,1
B025,2025-05-22 07:00:00,0,613H2404,7.516317391,,,1,0,0
B025,2025-05-22 07:00:00,1,613E2580,3.377132142,,195.06,1,0,1
B025,2025-05-22 08:00:00,0,613H2404,5.085221913,,,1,0,0
B025,2025-05-22 08:00:00,1,613E2580,5.065698212,,196.08,1,0,1
B025,2025-05-22 09:00:00,0,613H2404,8.065980507,,,1,0,0
B025,2025-05-22 09:00:00,1,613E2580,5.065698212,,196.76,1,0,1
B025,2025-05-22 10:00:00,0,613H2404,7.502888312,,,1,0,0
B025,2025-05-22 10:00:00,1,613E2580,1.125710714,,197.37,1,0,1
B025,2025-05-22 11:00:00,0,613H2404,6.612145196,,,1,0,0
B025,2025-05-22 11:00:00,1,613E2580,5.515982498,,198.46,1,0,1
B025,2025-05-22 12:00:00,0,613H2404,2.08132707,,,1,0,0
B025,2025-05-22 12:00:00,1,613E2580,3.26456107,,199.39,1,0,1
B025,2025-05-22 13:00:00,0,613H2404,0.007913413569,,,1,0,0
B025,2025-05-22 13:00:00,1,613E2580,0.1125710714,,199.91,1,0,1
B025,2025-05-22 14:00:00,0,613H2404,0,,,1,0,0
B025,2025-05-22 14:00:00,1,613E2580,0,,199.83,1,0,1
B025,2025-05-22 15:00:00,0,613H2404,3.554686962,,,1,0,0
B025,2025-05-22 15:00:00,1,613E2580,0.4502842855,,199.37,1,0,1
B025,2025-05-22 16:00:00,0,613H2404,0.4704404429,,,1,0,0
B025,2025-05-22 16:00:00,1,613E2580,0.5628553569,,198.37,1,0,1
B025,2025-05-22 17:00:00,0,613H2404,0,,,1,0,0
B025,2025-05-22 17:00:00,1,613E2580,0.1125710714,,197.17,1,0,1
B025,2025-05-22 18:00:00,0,613H2404,0.09830167042,,,1,0,0
B025,2025-05-22 18:00:00,1,613E2580,0,,195.41,1,0,1
B025,2025-05-22 19:00:00,0,613H2404,0.02925590528,,,1,0,0
B025,2025-05-22 19:00:00,1,613E2580,0,,,1,0,0
B025,2025-05-22 20:00:00,0,613H2404,0,,,1,0,0
B025,2025-05-22 20:00:00,1,613E2580,0.9005685711,,,1,0,0
B025,2025-05-22 21:00:00,0,613H2404,0,,,1,0,0
B025,2025-05-22 21:00:00,1,613E2580,0,,193.27,1,0,1
B025,2025-05-22 22:00:00,0,613H2404,0,,,1,0,0
B025,2025-05-22 22:00:00,1,613E2580,0.6754264283,,,1,0,0
B025,2025-05-22 23:00:00,0,613H2404,0,,,1,0,0
B025,2025-05-22 23:00:00,1,613E2580,0.1125710714,,192.83,1,0,1
B025,2025-05-23 00:00:00,0,613H2404,0,,,1,0,0
B025,2025-05-23 00:00:00,1,613E2580,0,,192.62,1,0,1
B025,2025-05-23 01:00:00,0,613H2404,0,,,1,0,0
B025,2025-05-23 01:00:00,1,613E2580,0,,192.5,1,0,1
B025,2025-05-23 02:00:00,0,613H2404,0,,,1,0,0
B025,2025-05-23 02:00:00,1,613E2580,0,,192.4,1,0,1
B025,2025-05-23 03:00:00,0,613H2404,0,,,1,0,0
B025,2025-05-23 03:00:00,1,613E2580,0,,192.31,1,0,1
B025,2025-05-23 04:00:00,0,613H2404,0,,,1,0,0
B025,2025-05-23 04:00:00,1,613E2580,0,,192.23,1,0,1
B025,2025-05-23 05:00:00,0,613H2404,0,,,1,0,0
B025,2025-05-23 05:00:00,1,613E2580,0,,192.18,1,0,1
B025,2025-05-23 06:00:00,0,613H2404,0,,,1,0,0
B025,2025-05-23 06:00:00,1,613E2580,0,,192.12,1,0,1
B025,2025-05-23 07:00:00,0,613H2404,30.33389567,,,1,0,0
B025,2025-05-23 07:00:00,1,613E2580,22.96449856,,192.06,1,0,1
B025,2025-05-23 08:00:00,0,613H2404,0,,,1,0,0
B025,2025-05-23 08:00:00,1,613E2580,0,,192.02,1,0,1
B025,2025-05-23 09:00:00,0,613H2404,0,,,1,0,0
B025,2025-05-23 09:00:00,1,613E2580,0,,191.98,1,0,1
B025,2025-05-23 10:00:00,0,613H2404,0,,,1,0,0
B025,2025-05-23 10:00:00,1,613E2580,0,,191.95,1,0,1
B025,2025-05-23 11:00:00,0,613H2404,0,,,1,0,0
B025,2025-05-23 11:00:00,1,613E2580,0,,191.81,1,0,1
B025,2025-05-23 12:00:00,0,613H2404,0,,,1,0,0
B025,2025-05-23 12:00:00,1,613E2580,0,,191.89,1,0,1
B025,2025-05-23 13:00:00,0,613H2404,0,,,1,0,0
B025,2025-05-23 13:00:00,1,613E2580,0,,191.87,1,0,1
B025,2025-05-23 14:00:00,0,613H2404,0,,,1,0,0
B025,2025-05-23 14:00:00,1,613E2580,0,,191.83,1,0,1
B025,2025-05-23 15:00:00,0,613H2404,0,,,1,0,0
B025,2025-05-23 15:00:00,1,613E2580,0,,191.8,1,0,1
B025,2025-05-23 16:00:00,0,613H2404,0,,,1,0,0
B025,2025-05-23 16:00:00,1,613E2580,0,,191.77,1,0,1
B025,2025-05-23 17:00:00,0,613H2404,0,,,1,0,0
B025,2025-05-23 17:00:00,1,613E2580,0,,191.76,1,0,1
B025,2025-05-23 18:00:00,0,613H2404,0,,,1,0,0
B025,2025-05-23 18:00:00,1,613E2580,0,,191.75,1,0,1
B025,2025-05-23 19:00:00,0,613H2404,0,,,1,0,0
B025,2025-05-23 19:00:00,1,613E2580,0,,191.73,1,0,1
B025,2025-05-23 20:00:00,0,613H2404,0,,,1,0,0
B025,2025-05-23 20:00:00,1,613E2580,0,,191.72,1,0,1
B025,2025-05-23 21:00:00,0,613H2404,0,,,1,0,0
B025,2025-05-23 21:00:00,1,613E2580,0,,191.7,1,0,1
B025,2025-05-23 22:00:00,0,613H2404,0,,,1,0,0
B025,2025-05-23 22:00:00,1,613E2580,0,,191.68,1,0,1
B025,2025-05-23 23:00:00,0,613H2404,0,,,1,0,0
B025,2025-05-23 23:00:00,1,613E2580,0,,191.66,1,0,1
B025,2025-05-24 00:00:00,0,613H2404,0,,,1,0,0
B025,2025-05-24 00:00:00,1,613E2580,0,,191.65,1,0,1
B025,2025-05-24 01:00:00,0,613H2404,0,,,1,0,0
B025,2025-05-24 01:00:00,1,613E2580,0,,191.63,1,0,1
B025,2025-05-24 02:00:00,0,613H2404,0,,,1,0,0
B025,2025-05-24 02:00:00,1,613E2580,0,,191.62,1,0,1
B025,2025-05-24 03:00:00,0,613H2404,0,,,1,0,0
B025,2025-05-24 03:00:00,1,613E2580,0,,191.6,1,0,1
B025,2025-05-24 04:00:00,0,613H2404,0,,,1,0,0
B025,2025-05-24 04:00:00,1,613E2580,0,,191.59,1,0,1
B025,2025-05-24 05:00:00,0,613H2404,0,,,1,0,0
B025,2025-05-24 05:00:00,1,613E2580,0,,191.58,1,0,1
B025,2025-05-24 06:00:00,0,613H2404,0,,,1,0,0
B025,2025-05-24 06:00:00,1,613E2580,0,,191.57,1,0,1
B025,2025-05-24 07:00:00,0,613H2404,0,,,1,0,0
B025,2025-05-24 07:00:00,1,613E2580,0,,191.56,1,0,1
B025,2025-05-24 08:00:00,0,613H2404,0,,,1,0,0
B025,2025-05-24 08:00:00,1,613E2580,0,,191.53,1,0,1
B025,2025-05-24 09:00:00,0,613H2404,0,,,1,0,0
B025,2025-05-24 09:00:00,1,613E2580,0,,191.52,1,0,1
B025,2025-05-24 10:00:00,0,613H2404,0,,,1,0,0
B025,2025-05-24 10:00:00,1,613E2580,0,,191.52,1,0,1
B025,2025-05-24 11:00:00,0,613H2404,0,,,1,0,0
B025,2025-05-24 11:00:00,1,613E2580,0,,191.51,1,0,1
B025,2025-05-24 12:00:00,0,613H2404,0,,,1,0,0
B025,2025-05-24 12:00:00,1,613E2580,0,,191.49,1,0,1
B025,2025-05-24 13:00:00,0,613H2404,0,,,1,0,0
B025,2025-05-24 13:00:00,1,613E2580,0,,191.48,1,0,1
B025,2025-05-24 14:00:00,0,613H2404,0,,,1,0,0
B025,2025-05-24 14:00:00,1,613E2580,0,,191.48,1,0,1
B025,2025-05-24 15:00:00,0,613H2404,0,,,1,0,0
B025,2025-05-24 15:00:00,1,613E2580,0,,191.48,1,0,1
B025,2025-05-24 16:00:00,0,613H2404,0,,,1,0,0
B025,2025-05-24 16:00:00,1,613E2580,0,,191.47,1,0,1
B025,2025-05-24 17:00:00,0,613H2404,0,,,1,0,0
B025,2025-05-24 17:00:00,1,613E2580,0,,191.45,1,0,1
B025,2025-05-24 18:00:00,0,613H2404,0,,,1,0,0
B025,2025-05-24 18:00:00,1,613E2580,0,,191.44,1,0,1
B025,2025-05-24 19:00:00,0,613H2404,0,,,1,0,0
B025,2025-05-24 19:00:00,1,613E2580,0,,191.44,1,0,1
B025,2025-05-24 20:00:00,0,613H2404,0,,,1,0,0
B025,2025-05-24 20:00:00,1,613E2580,0,,191.44,1,0,1
B025,2025-05-24 21:00:00,0,613H2404,0,,,1,0,0
B025,2025-05-24 21:00:00,1,613E2580,0,,191.43,1,0,1
B025,2025-05-24 22:00:00,0,613H2404,0,,,1,0,0
B025,2025-05-24 22:00:00,1,613E2580,0,,191.41,1,0,1
B025,2025-05-24 23:00:00,0,613H2404,0,,,1,0,0
B025,2025-05-24 23:00:00,1,613E2580,0,,191.4,1,0,1
B025,2025-05-25 00:00:00,0,613H2404,0,,,1,0,0
B025,2025-05-25 00:00:00,1,613E2580,0,,191.4,1,0,1
B025,2025-06-05 14:00:00,0,613H2404,0,,,1,0,0
B025,2025-06-05 14:00:00,1,613E2580,0,,191.24,1,0,1
B025,2025-06-05 15:00:00,0,613H2404,0,,,1,0,0
B025,2025-06-05 15:00:00,1,613E2580,0,,191.24,1,0,1
B025,2025-06-05 16:00:00,0,613H2404,0,,,1,0,0
B025,2025-06-05 16:00:00,1,613E2580,0,,191.24,1,0,1
B025,2025-06-05 17:00:00,0,613H2404,0,,,1,0,0
B025,2025-06-05 17:00:00,1,613E2580,0,,191.24,1,0,1
B025,2025-06-05 18:00:00,0,613H2404,0,,,1,0,0
B025,2025-06-05 18:00:00,1,613E2580,0,,191.23,1,0,1
B025,2025-06-05 19:00:00,0,613H2404,0,,,1,0,0
B025,2025-06-05 19:00:00,1,613E2580,0,,191.23,1,0,1
B025,2025-06-05 20:00:00,0,613H2404,0,,,1,0,0
B025,2025-06-05 20:00:00,1,613E2580,0,,191.23,1,0,1
B025,2025-06-05 21:00:00,0,613H2404,0,,,1,0,0
B025,2025-06-05 21:00:00,1,613E2580,0,,191.23,1,0,1
B025,2025-06-05 22:00:00,0,613H2404,0,,,1,0,0
B025,2025-06-05 22:00:00,1,613E2580,0,,191.23,1,0,1
B025,2025-06-05 23:00:00,0,613H2404,0,,,1,0,0
B025,2025-06-05 23:00:00,1,613E2580,0,,191.23,1,0,1
B025,2025-06-06 00:00:00,0,613H2404,0,,,1,0,0
B025,2025-06-06 00:00:00,1,613E2580,0,,191.23,1,0,1
B025,2025-06-06 01:00:00,0,613H2404,0,,,1,0,0
B025,2025-06-06 01:00:00,1,613E2580,0,,191.23,1,0,1
B025,2025-06-06 02:00:00,0,613H2404,0,,,1,0,0
B025,2025-06-06 02:00:00,1,613E2580,0,,191.22,1,0,1
B025,2025-06-06 03:00:00,0,613H2404,0,,,1,0,0
B025,2025-06-06 03:00:00,1,613E2580,0,,191.22,1,0,1
B025,2025-06-06 04:00:00,0,613H2404,0,,,1,0,0
B025,2025-06-06 04:00:00,1,613E2580,0,,191.22,1,0,1
B025,2025-06-06 05:00:00,0,613H2404,0,,,1,0,0
B025,2025-06-06 05:00:00,1,613E2580,0,,191.22,1,0,1
B025,2025-06-06 06:00:00,0,613H2404,0,,,1,0,0
B025,2025-06-06 06:00:00,1,613E2580,0,,191.22,1,0,1
B025,2025-06-06 07:00:00,0,613H2404,0,,,1,0,0
B025,2025-06-06 07:00:00,1,613E2580,0,,191.3,1,0,1
B025,2025-06-06 08:00:00,0,613H2404,0,,,1,0,0
B025,2025-06-06 08:00:00,1,613E2580,0,,191.3,1,0,1
B025,2025-06-06 09:00:00,0,613H2404,0,,,1,0,0
B025,2025-06-06 09:00:00,1,613E2580,0,,191.3,1,0,1
B025,2025-06-06 10:00:00,0,613H2404,0,,,1,0,0
B025,2025-06-06 10:00:00,1,613E2580,0,,191.3,1,0,1
B025,2025-06-06 11:00:00,0,613H2404,0,,,1,0,0
B025,2025-06-06 11:00:00,1,613E2580,0,,191.3,1,0,1
B025,2025-06-06 12:00:00,0,613H2404,0,,,1,0,0
B025,2025-06-06 12:00:00,1,613E2580,0,,191.3,1,0,1
B025,2025-06-06 13:00:00,0,613H2404,0,,,1,0,0
B025,2025-06-06 13:00:00,1,613E2580,0,,191.19,1,0,1
B025,2025-06-06 14:00:00,0,613H2404,0,,,1,0,0
B025,2025-06-06 14:00:00,1,613E2580,0,,191.19,1,0,1
B025,2025-06-06 15:00:00,0,613H2404,0,,,1,0,0
B025,2025-06-06 15:00:00,1,613E2580,0,,191.19,1,0,1
B025,2025-06-06 16:00:00,0,613H2404,0,,,1,0,0
B025,2025-06-06 16:00:00,1,613E2580,0,,191.19,1,0,1
B025,2025-06-06 17:00:00,0,613H2404,0,,,1,0,0
B025,2025-06-06 17:00:00,1,613E2580,0,,191.19,1,0,1
B025,2025-06-06 18:00:00,0,613H2404,0,,,1,0,0
B025,2025-06-06 18:00:00,1,613E2580,0,,191.19,1,0,1
B025,2025-06-06 19:00:00,0,613H2404,0,,,1,0,0
B025,2025-06-06 19:00:00,1,613E2580,0,,191.19,1,0,1
B025,2025-06-06 20:00:00,0,613H2404,0,,,1,0,0
B025,2025-06-06 20:00:00,1,613E2580,0,,191.19,1,0,1
B025,2025-06-06 21:00:00,0,613H2404,0,,,1,0,0
B025,2025-06-06 21:00:00,1,613E2580,0,,191.19,1,0,1
B025,2025-06-06 22:00:00,0,613H2404,0,,,1,0,0
B025,2025-06-06 22:00:00,1,613E2580,0,,191.19,1,0,1
B025,2025-06-06 23:00:00,0,613H2404,0,,,1,0,0
B025,2025-06-06 23:00:00,1,613E2580,0,,191.19,1,0,1
B025,2025-06-07 00:00:00,0,613H2404,0,,,1,0,0
B025,2025-06-07 00:00:00,1,613E2580,0,,191.19,1,0,1
B025,2025-06-07 01:00:00,0,613H2404,0,,,1,0,0
B025,2025-06-07 01:00:00,1,613E2580,0,,191.19,1,0,1
B025,2025-06-07 02:00:00,0,613H2404,0,,,1,0,0
B025,2025-06-07 02:00:00,1,613E2580,0,,191.19,1,0,1
B025,2025-06-07 03:00:00,0,613H2404,0,,,1,0,0
B025,2025-06-07 03:00:00,1,613E2580,0,,191.18,1,0,1
B025,2025-06-07 04:00:00,0,613H2404,0,,,1,0,0
B025,2025-06-07 04:00:00,1,613E2580,0,,191.18,1,0,1
B025,2025-06-07 05:00:00,0,613H2404,0,,,1,0,0
B025,2025-06-07 05:00:00,1,613E2580,0,,191.18,1,0,1
B025,2025-06-07 06:00:00,0,613H2404,0,,,1,0,0
B025,2025-06-07 06:00:00,1,613E2580,0,,191.18,1,0,1
B025,2025-06-07 07:00:00,0,613H2404,0,,,1,0,0
B025,2025-06-07 07:00:00,1,613E2580,0,,191.18,1,0,1
B025,2025-06-07 08:00:00,0,613H2404,0,,,1,0,0
B025,2025-06-07 08:00:00,1,613E2580,0,,191.18,1,0,1
B025,2025-06-07 09:00:00,0,613H2404,0,,,1,0,0
B025,2025-06-07 09:00:00,1,613E2580,0,,191.18,1,0,1
B025,2025-06-07 10:00:00,0,613H2404,0,,,1,0,0
B025,2025-06-07 10:00:00,1,613E2580,0,,191.18,1,0,1
B025,2025-06-07 11:00:00,0,613H2404,0,,,1,0,0
B025,2025-06-07 11:00:00,1,613E2580,0,,191.18,1,0,1
B025,2025-06-07 12:00:00,0,613H2404,0,,,1,0,0
B025,2025-06-07 12:00:00,1,613E2580,0,,191.18,1,0,1
B025,2025-06-07 13:00:00,0,613H2404,0,,,1,0,0
B025,2025-06-07 13:00:00,1,613E2580,0,,191.18,1,0,1
B025,2025-06-07 14:00:00,0,613H2404,0.3932066817,,,1,0,0
B025,2025-06-07 14:00:00,1,613E2580,0,,191.18,1,0,1
B025,2025-06-07 15:00:00,0,613H2404,0,,,1,0,0
B025,2025-06-07 15:00:00,1,613E2580,0,,191.16,1,0,1
B025,2025-06-07 16:00:00,0,613H2404,0,,,1,0,0
B025,2025-06-07 16:00:00,1,613E2580,0,,191.16,1,0,1
B025,2025-06-07 17:00:00,0,613H2404,4.963180001,,,1,0,0
B025,2025-06-07 17:00:00,1,613E2580,0,,191.16,1,0,1
B025,2025-06-07 18:00:00,0,613H2404,15.96602496,,,1,0,0
B025,2025-06-07 18:00:00,1,613E2580,0,,191.16,1,0,1
B025,2025-06-07 19:00:00,0,613H2404,2.563128252,,,1,0,0
B025,2025-06-07 19:00:00,1,613E2580,1.463423928,,191.16,1,0,1
B025,2025-06-07 20:00:00,0,613H2404,0.1170236211,,,1,0,0
B025,2025-06-07 20:00:00,1,613E2580,3.489703213,,191.16,1,0,1
B025,2025-06-07 21:00:00,0,613H2404,0.01187012035,,,1,0,0
B025,2025-06-07 21:00:00,1,613E2580,0.1125710714,,191.19,1,0,1
B025,2025-06-07 22:00:00,0,613H2404,0,,,1,0,0
B025,2025-06-07 22:00:00,1,613E2580,0,,194.37,1,0,1
B025,2025-06-07 23:00:00,0,613H2404,0.3762327705,,,1,0,0
B025,2025-06-07 23:00:00,1,613E2580,0.2251421428,,194.93,1,0,1
B025,2025-06-08 00:00:00,0,613H2404,0,,,1,0,0
B025,2025-06-08 00:00:00,1,613E2580,0.1125710714,,194.34,1,0,1
B025,2025-06-08 01:00:00,0,613H2404,0,,,1,0,0
B025,2025-06-08 01:00:00,1,613E2580,0,,193.38,1,0,1
B025,2025-06-08 02:00:00,0,613H2404,0,,,1,0,0
B025,2025-06-08 02:00:00,1,613E2580,0,,192.84,1,0,1
B025,2025-06-08 03:00:00,0,613H2404,0,,,1,0,0
B025,2025-06-08 03:00:00,1,613E2580,0,,192.55,1,0,1
B025,2025-06-08 04:00:00,0,613H2404,0.01462795264,,,1,0,0
B025,2025-06-08 04:00:00,1,613E2580,0.1125710714,,192.34,1,0,1
B025,2025-06-08 05:00:00,0,613H2404,0,,,1,0,0
B025,2025-06-08 05:00:00,1,613E2580,0,,192.22,1,0,1
B025,2025-06-08 06:00:00,0,613H2404,0,,,1,0,0
B025,2025-06-08 06:00:00,1,613E2580,0,,192.1,1,0,1
B025,2025-06-08 07:00:00,0,613H2404,4.155150255,,,1,0,0
B025,2025-06-08 07:00:00,1,613E2580,0.3377132142,,192.07,1,0,1
B025,2025-06-08 08:00:00,0,613H2404,0,,,1,0,0
B025,2025-06-08 08:00:00,1,613E2580,0,,191.98,1,0,1
B025,2025-06-08 09:00:00,0,613H2404,0.003956706784,,,1,0,0
B025,2025-06-08 09:00:00,1,613E2580,0,,191.95,1,0,1
B025,2025-06-08 10:00:00,0,613H2404,0,,,1,0,0
B025,2025-06-08 10:00:00,1,613E2580,0,,191.81,1,0,1
B025,2025-06-08 11:00:00,0,613H2404,0,,,1,0,0
B025,2025-06-08 11:00:00,1,613E2580,0,,191.87,1,0,1
B025,2025-06-08 12:00:00,0,613H2404,0.04388385791,,,1,0,0
B025,2025-06-08 12:00:00,1,613E2580,0.3377132142,,191.83,1,0,1
B025,2025-06-08 13:00:00,0,613H2404,0.1022583772,,,1,0,0
B025,2025-06-08 13:00:00,1,613E2580,1.125710714,,191.81,1,0,1
B025,2025-06-08 14:00:00,0,613H2404,0.01187012035,,,1,0,0
B025,2025-06-08 14:00:00,1,613E2580,0,,191.77,1,0,1
B025,2025-06-08 15:00:00,0,613H2404,0,,,1,0,0
B025,2025-06-08 15:00:00,1,613E2580,0,,191.77,1,0,1
B025,2025-06-08 16:00:00,0,613H2404,0.07313976319,,,1,0,0
B025,2025-06-08 16:00:00,1,613E2580,0,,191.77,1,0,1
B025,2025-06-08 17:00:00,0,613H2404,0.01462795264,,,1,0,0
B025,2025-06-08 17:00:00,1,613E2580,0,,191.76,1,0,1
B025,2025-06-08 18:00:00,0,613H2404,0,,,1,0,0
B025,2025-06-08 18:00:00,1,613E2580,0,,191.76,1,0,1
B025,2025-06-08 19:00:00,0,613H2404,0,,,1,0,0
B025,2025-06-08 19:00:00,1,613E2580,0,,191.75,1,0,1
B025,2025-06-08 20:00:00,0,613H2404,0.09830167042,,,1,0,0
B025,2025-06-08 20:00:00,1,613E2580,0,,191.73,1,0,1
B025,2025-06-08 21:00:00,0,613H2404,0,,,1,0,0
B025,2025-06-08 21:00:00,1,613E2580,0,,191.72,1,0,1
B025,2025-06-08 22:00:00,0,613H2404,0,,,1,0,0
B025,2025-06-08 22:00:00,1,613E2580,0,,191.7,1,0,1
B025,2025-06-08 23:00:00,0,613H2404,0,,,1,0,0
B025,2025-06-08 23:00:00,1,613E2580,0,,191.68,1,0,1
B025,2025-06-09 00:00:00,0,613H2404,0,,,1,0,0
B025,2025-06-09 00:00:00,1,613E2580,0,,191.66,1,0,1
B025,2025-06-09 01:00:00,0,613H2404,0,,,1,0,0
B025,2025-06-09 01:00:00,1,613E2580,0,,191.65,1,0,1
B025,2025-06-09 02:00:00,0,613H2404,0,,,1,0,0
B025,2025-06-09 02:00:00,1,613E2580,0,,191.63,1,0,1
B025,2025-06-09 03:00:00,0,613H2404,0,,,1,0,0
B025,2025-06-09 03:00:00,1,613E2580,0,,191.6,1,0,1
B025,2025-06-09 04:00:00,0,613H2404,0,,,1,0,0
B025,2025-06-09 04:00:00,1,613E2580,0,,191.59,1,0,1
B025,2025-06-09 05:00:00,0,613H2404,0,,,1,0,0
B025,2025-06-09 05:00:00,1,613E2580,0,,191.58,1,0,1
B025,2025-06-09 06:00:00,0,613H2404,0,,,1,0,0
B025,2025-06-09 06:00:00,1,613E2580,0,,191.57,1,0,1
B025,2025-06-09 07:00:00,0,613H2404,0.3480384485,,,1,0,0
B025,2025-06-09 07:00:00,1,613E2580,1.463423928,,191.55,1,0,1
B025,2025-06-09 08:00:00,0,613H2404,0,,,1,0,0
B025,2025-06-09 08:00:00,1,613E2580,0,,191.53,1,0,1
B025,2025-06-09 09:00:00,0,613H2404,0,,,1,0,0
B025,2025-06-09 09:00:00,1,613E2580,0,,191.52,1,0,1
B025,2025-06-09 10:00:00,0,613H2404,0,,,1,0,0
B025,2025-06-09 10:00:00,1,613E2580,0,,191.52,1,0,1
B025,2025-06-09 11:00:00,0,613H2404,0,,,1,0,0
B025,2025-06-09 11:00:00,1,613E2580,0,,191.49,1,0,1
B025,2025-06-09 12:00:00,0,613H2404,0,,,1,0,0
B025,2025-06-09 12:00:00,1,613E2580,0,,191.49,1,0,1
B025,2025-06-09 13:00:00,0,613H2404,0,,,1,0,0
B025,2025-06-09 13:00:00,1,613E2580,0,,191.48,1,0,1
B025,2025-06-09 14:00:00,0,613H2404,0,,,1,0,0
B025,2025-06-09 14:00:00,1,613E2580,0,,191.48,1,0,1
B025,2025-06-09 15:00:00,0,613H2404,0,,,1,0,0
B025,2025-06-09 15:00:00,1,613E2580,0,,191.47,1,0,1
B025,2025-06-09 16:00:00,0,613H2404,0,,,1,0,0
B025,2025-06-09 16:00:00,1,613E2580,0,,191.45,1,0,1
B025,2025-06-09 17:00:00,0,613H2404,0,,,1,0,0
B025,2025-06-09 17:00:00,1,613E2580,0,,191.44,1,0,1
B025,2025-06-09 18:00:00,0,613H2404,0,,,1,0,0
B025,2025-06-09 18:00:00,1,613E2580,0,,191.44,1,0,1
B025,2025-06-09 19:00:00,0,613H2404,0,,,1,0,0
B025,2025-06-09 19:00:00,1,613E2580,0,,191.44,1,0,1
B025,2025-06-09 20:00:00,0,613H2404,0,,,1,0,0
B025,2025-06-09 20:00:00,1,613E2580,0,,191.43,1,0,1
B025,2025-06-09 21:00:00,0,613H2404,0,,,1,0,0
B025,2025-06-09 21:00:00,1,613E2580,0,,191.43,1,0,1
B025,2025-06-09 22:00:00,0,613H2404,0,,,1,0,0
B025,2025-06-09 22:00:00,1,613E2580,0,,191.41,1,0,1
B025,2025-06-09 23:00:00,0,613H2404,0,,,1,0,0
B025,2025-06-09 23:00:00,1,613E2580,0,,191.4,1,0,1
B025,2025-06-10 00:00:00,0,613H2404,0,,,1,0,0
B025,2025-06-10 00:00:00,1,613E2580,0,,191.4,1,0,1
B025,2025-06-10 01:00:00,0,613H2404,0,,,1,0,0
B025,2025-06-10 01:00:00,1,613E2580,0,,191.39,1,0,1
B025,2025-06-10 02:00:00,0,613H2404,0,,,1,0,0
B025,2025-06-10 02:00:00,1,613E2580,0,,191.39,1,0,1
B025,2025-06-10 03:00:00,0,613H2404,0,,,1,0,0
B025,2025-06-10 03:00:00,1,613E2580,0,,191.38,1,0,1
B025,2025-06-10 04:00:00,0,613H2404,0,,,1,0,0
B025,2025-06-10 04:00:00,1,613E2580,0,,191.38,1,0,1
B025,2025-06-10 05:00:00,0,613H2404,0,,,1,0,0
B025,2025-06-10 05:00:00,1,613E2580,0,,191.36,1,0,1
B025,2025-06-10 06:00:00,0,613H2404,0,,,1,0,0
B025,2025-06-10 06:00:00,1,613E2580,0,,191.36,1,0,1
B025,2025-06-10 07:00:00,0,613H2404,0.07913413569,,,1,0,0
B025,2025-06-10 07:00:00,1,613E2580,0,,191.36,1,0,1
B025,2025-06-10 08:00:00,0,613H2404,0,,,1,0,0
B025,2025-06-10 08:00:00,1,613E2580,0,,191.36,1,0,1
B025,2025-06-10 09:00:00,0,613H2404,0,,,1,0,0
B025,2025-06-10 09:00:00,1,613E2580,0,,191.36,1,0,1
B025,2025-06-10 10:00:00,0,613H2404,0,,,1,0,0
B025,2025-06-10 10:00:00,1,613E2580,0,,191.35,1,0,1
B025,2025-06-10 11:00:00,0,613H2404,0,,,1,0,0
B025,2025-06-10 11:00:00,1,613E2580,0,,191.35,1,0,1
B025,2025-06-10 12:00:00,0,613H2404,0,,,1,0,0
B025,2025-06-10 12:00:00,1,613E2580,0,,191.34,1,0,1
B025,2025-06-10 13:00:00,0,613H2404,0,,,1,0,0
B025,2025-06-10 13:00:00,1,613E2580,0,,191.34,1,0,1
B025,2025-06-10 14:00:00,0,613H2404,0,,,1,0,0
B025,2025-06-10 14:00:00,1,613E2580,0,,191.34,1,0,1
B025,2025-06-10 15:00:00,0,613H2404,0,,,1,0,0
B025,2025-06-10 15:00:00,1,613E2580,0,,191.32,1,0,1
B025,2025-06-10 16:00:00,0,613H2404,0,,,1,0,0
B025,2025-06-10 16:00:00,1,613E2580,0,,191.32,1,0,1
B025,2025-06-10 17:00:00,0,613H2404,0,,,1,0,0
B025,2025-06-10 17:00:00,1,613E2580,0,,191.32,1,0,1
B025,2025-06-10 18:00:00,0,613H2404,0,,,1,0,0
B025,2025-06-10 18:00:00,1,613E2580,0,,191.32,1,0,1
B025,2025-06-10 19:00:00,0,613H2404,0,,,1,0,0
B025,2025-06-10 19:00:00,1,613E2580,0,,191.32,1,0,1
B025,2025-06-10 20:00:00,0,613H2404,0,,,1,0,0
B025,2025-06-10 20:00:00,1,613E2580,0,,191.32,1,0,1
B025,2025-06-10 21:00:00,0,613H2404,0,,,1,0,0
B025,2025-06-10 21:00:00,1,613E2580,0,,191.32,1,0,1
B025,2025-06-12 22:00:00,0,613H2404,0,,,1,0,0
B025,2025-06-12 22:00:00,1,613E2580,0,,191.22,1,0,1
B025,2025-06-12 23:00:00,0,613H2404,0,,,1,0,0
B025,2025-06-12 23:00:00,1,613E2580,0,,191.22,1,0,1
B025,2025-06-13 00:00:00,0,613H2404,0,,,1,0,0
B025,2025-06-13 00:00:00,1,613E2580,0,,191.22,1,0,1
B025,2025-06-13 01:00:00,0,613H2404,0,,,1,0,0
B025,2025-06-13 01:00:00,1,613E2580,0,,191.22,1,0,1
B025,2025-06-13 02:00:00,0,613H2404,0,,,1,0,0
B025,2025-06-13 02:00:00,1,613E2580,0,,191.22,1,0,1
B025,2025-06-13 03:00:00,0,613H2404,0,,,1,0,0
B025,2025-06-13 03:00:00,1,613E2580,0,,191.3,1,0,1
B025,2025-06-13 04:00:00,0,613H2404,0,,,1,0,0
B025,2025-06-13 04:00:00,1,613E2580,0,,191.3,1,0,1
B025,2025-06-13 05:00:00,0,613H2404,0,,,1,0,0
B025,2025-06-13 05:00:00,1,613E2580,0,,191.3,1,0,1
B025,2025-06-13 06:00:00,0,613H2404,0,,,1,0,0
B025,2025-06-13 06:00:00,1,613E2580,0,,191.3,1,0,1
B025,2025-06-13 07:00:00,0,613H2404,0,,,1,0,0
B025,2025-06-13 07:00:00,1,613E2580,0,,191.3,1,0,1
B025,2025-06-13 08:00:00,0,613H2404,0,,,1,0,0
B025,2025-06-13 08:00:00,1,613E2580,0,,191.19,1,0,1
B025,2025-06-13 09:00:00,0,613H2404,0,,,1,0,0
B025,2025-06-13 09:00:00,1,613E2580,0,,191.19,1,0,1
B025,2025-06-13 10:00:00,0,613H2404,0,,,1,0,0
B025,2025-06-13 10:00:00,1,613E2580,0,,191.19,1,0,1
B025,2025-06-13 11:00:00,0,613H2404,0,,,1,0,0
B025,2025-06-13 11:00:00,1,613E2580,0,,191.19,1,0,1
B025,2025-06-13 12:00:00,0,613H2404,0,,,1,0,0
B025,2025-06-13 12:00:00,1,613E2580,0,,191.19,1,0,1
B025,2025-06-13 13:00:00,0,613H2404,0,,,1,0,0
B025,2025-06-13 13:00:00,1,613E2580,0,,191.19,1,0,1
B025,2025-06-13 14:00:00,0,613H2404,0,,,1,0,0
B025,2025-06-13 14:00:00,1,613E2580,0,,191.19,1,0,1
B025,2025-06-13 15:00:00,0,613H2404,0,,,1,0,0
B025,2025-06-13 15:00:00,1,613E2580,0,,191.19,1,0,1
B025,2025-06-13 16:00:00,0,613H2404,0,,,1,0,0
B025,2025-06-13 16:00:00,1,613E2580,0,,191.19,1,0,1
B025,2025-06-13 17:00:00,0,613H2404,0,,,1,0,0
B025,2025-06-13 17:00:00,1,613E2580,0,,191.19,1,0,1
B025,2025-06-13 18:00:00,0,613H2404,0,,,1,0,0
B025,2025-06-13 18:00:00,1,613E2580,0,,191.19,1,0,1
B025,2025-06-13 19:00:00,0,613H2404,0,,,1,0,0
B025,2025-06-13 19:00:00,1,613E2580,0,,191.19,1,0,1
B025,2025-06-13 20:00:00,0,613H2404,0,,,1,0,0
B025,2025-06-13 20:00:00,1,613E2580,0,,191.19,1,0,1
B025,2025-06-13 21:00:00,0,613H2404,0,,,1,0,0
B025,2025-06-13 21:00:00,1,613E2580,0,,191.19,1,0,1
B025,2025-06-13 22:00:00,0,613H2404,0,,,1,0,0
B025,2025-06-13 22:00:00,1,613E2580,0,,191.19,1,0,1
B025,2025-06-13 23:00:00,0,613H2404,0,,,1,0,0
B025,2025-06-13 23:00:00,1,613E2580,0,,191.19,1,0,1
B025,2025-06-14 00:00:00,0,613H2404,0,,,1,0,0
B025,2025-06-14 00:00:00,1,613E2580,0,,191.18,1,0,1
B025,2025-06-14 01:00:00,0,613H2404,0,,,1,0,0
B025,2025-06-14 01:00:00,1,613E2580,0,,191.18,1,0,1
B025,2025-06-14 02:00:00,0,613H2404,0,,,1,0,0
B025,2025-06-14 02:00:00,1,613E2580,0,,191.18,1,0,1
B025,2025-06-14 03:00:00,0,613H2404,0,,,1,0,0
B025,2025-06-14 03:00:00,1,613E2580,0,,191.18,1,0,1
B025,2025-06-14 04:00:00,0,613H2404,0,,,1,0,0
B025,2025-06-14 04:00:00,1,613E2580,0,,191.18,1,0,1
B025,2025-06-14 05:00:00,0,613H2404,0,,,1,0,0
B025,2025-06-14 05:00:00,1,613E2580,0,,191.18,1,0,1
B025,2025-06-14 06:00:00,0,613H2404,0,,,1,0,0
B025,2025-06-14 06:00:00,1,613E2580,0,,191.18,1,0,1
B025,2025-06-14 07:00:00,0,613H2404,0,,,1,0,0
B025,2025-06-14 07:00:00,1,613E2580,0,,191.16,1,0,1
B025,2025-06-14 08:00:00,0,613H2404,0,,,1,0,0
B025,2025-06-14 08:00:00,1,613E2580,0,,191.16,1,0,1
B025,2025-06-14 09:00:00,0,613H2404,0,,,1,0,0
B025,2025-06-14 09:00:00,1,613E2580,0,,191.16,1,0,1
B025,2025-06-14 10:00:00,0,613H2404,0,,,1,0,0
B025,2025-06-14 10:00:00,1,613E2580,0,,191.16,1,0,1
B025,2025-06-14 11:00:00,0,613H2404,0,,,1,0,0
B025,2025-06-14 11:00:00,1,613E2580,0,,191.16,1,0,1
B025,2025-06-14 12:00:00,0,613H2404,0,,,1,0,0
B025,2025-06-14 12:00:00,1,613E2580,0,,191.16,1,0,1
B025,2025-06-14 13:00:00,0,613H2404,0,,,1,0,0
B025,2025-06-14 13:00:00,1,613E2580,0,,191.16,1,0,1
B025,2025-06-14 14:00:00,0,613H2404,0,,,1,0,0
B025,2025-06-14 14:00:00,1,613E2580,0,,191.16,1,0,1
B025,2025-06-14 15:00:00,0,613H2404,0,,,1,0,0
B025,2025-06-14 15:00:00,1,613E2580,0,,191.16,1,0,1
B025,2025-06-14 16:00:00,0,613H2404,0,,,1,0,0
B025,2025-06-14 16:00:00,1,613E2580,0,,191.16,1,0,1
B025,2025-06-14 17:00:00,0,613H2404,0,,,1,0,0
B025,2025-06-14 17:00:00,1,613E2580,0,,191.16,1,0,1
B025,2025-06-14 18:00:00,0,613H2404,0,,,1,0,0
B025,2025-06-14 18:00:00,1,613E2580,0,,191.16,1,0,1
B025,2025-06-14 19:00:00,0,613H2404,0,,,1,0,0
B025,2025-06-14 19:00:00,1,613E2580,0,,191.16,1,0,1
B025,2025-06-14 20:00:00,0,613H2404,0,,,1,0,0
B025,2025-06-14 20:00:00,1,613E2580,0,,191.15,1,0,1
B025,2025-06-14 21:00:00,0,613H2404,0,,,1,0,0
B025,2025-06-14 21:00:00,1,613E2580,0,,191.15,1,0,1
B025,2025-06-14 22:00:00,0,613H2404,0.9424205906,,,1,0,0
B025,2025-06-14 22:00:00,1,613E2580,3.827416427,,191.15,1,0,1
B025,2025-06-14 23:00:00,0,613H2404,0.03441148656,,,1,0,0
B025,2025-06-14 23:00:00,1,613E2580,1.801137142,,191.16,1,0,1
B025,2025-06-15 00:00:00,0,613H2404,0.02374024071,,,1,0,0
B025,2025-06-15 00:00:00,1,613E2580,0.3377132142,,191.18,1,0,1
B025,2025-06-15 01:00:00,0,613H2404,0,,,1,0,0
B025,2025-06-15 01:00:00,1,613E2580,0.1125710714,,191.18,1,0,1
B025,2025-06-15 02:00:00,0,613H2404,0.06246851734,,,1,0,0
B025,2025-06-15 02:00:00,1,613E2580,0,,191.19,1,0,1
B025,2025-06-15 03:00:00,0,613H2404,0,,,1,0,0
B025,2025-06-15 03:00:00,1,613E2580,0,,191.3,1,0,1
B025,2025-06-15 04:00:00,0,613H2404,0,,,1,0,0
B025,2025-06-15 04:00:00,1,613E2580,0,,191.27,1,0,1
B025,2025-06-15 05:00:00,0,613H2404,0,,,1,0,0
B025,2025-06-15 05:00:00,1,613E2580,0,,191.68,1,0,1
B025,2025-06-15 06:00:00,0,613H2404,0,,,1,0,0
B025,2025-06-15 06:00:00,1,613E2580,0,,191.72,1,0,1
B025,2025-06-15 07:00:00,0,613H2404,1.063040835,,,1,0,0
B025,2025-06-15 07:00:00,1,613E2580,6.078837855,,191.69,1,0,1
B025,2025-06-15 08:00:00,0,613H2404,0,,,1,0,0
B025,2025-06-15 08:00:00,1,613E2580,0,,191.66,1,0,1
B025,2025-06-15 09:00:00,0,613H2404,0,,,1,0,0
B025,2025-06-15 09:00:00,1,613E2580,0,,191.63,1,0,1
B025,2025-06-15 10:00:00,0,613H2404,0,,,1,0,0
B025,2025-06-15 10:00:00,1,613E2580,0,,191.6,1,0,1
B025,2025-06-15 11:00:00,0,613H2404,0,,,1,0,0
B025,2025-06-15 11:00:00,1,613E2580,0,,191.57,1,0,1
B025,2025-06-15 12:00:00,0,613H2404,0,,,1,0,0
B025,2025-06-15 12:00:00,1,613E2580,0,,191.53,1,0,1
B025,2025-06-15 13:00:00,0,613H2404,0,,,1,0,0
B025,2025-06-15 13:00:00,1,613E2580,0,,191.52,1,0,1
B025,2025-06-15 14:00:00,0,613H2404,0,,,1,0,0
B025,2025-06-15 14:00:00,1,613E2580,0,,191.48,1,0,1
B025,2025-06-15 15:00:00,0,613H2404,0,,,1,0,0
B025,2025-06-15 15:00:00,1,613E2580,0,,191.47,1,0,1
B025,2025-06-15 16:00:00,0,613H2404,0,,,1,0,0
B025,2025-06-15 16:00:00,1,613E2580,0,,191.44,1,0,1
B025,2025-06-15 17:00:00,0,613H2404,0,,,1,0,0
B025,2025-06-15 17:00:00,1,613E2580,0,,191.44,1,0,1
B025,2025-06-15 18:00:00,0,613H2404,0,,,1,0,0
B025,2025-06-15 18:00:00,1,613E2580,0,,191.41,1,0,1
B025,2025-06-15 19:00:00,0,613H2404,0,,,1,0,0
B025,2025-06-15 19:00:00,1,613E2580,0,,191.4,1,0,1
B025,2025-06-15 20:00:00,0,613H2404,0,,,1,0,0
B025,2025-06-15 20:00:00,1,613E2580,0,,191.4,1,0,1
B025,2025-06-15 21:00:00,0,613H2404,0,,,1,0,0
B025,2025-06-15 21:00:00,1,613E2580,0,,191.38,1,0,1
B025,2025-06-15 22:00:00,0,613H2404,0,,,1,0,0
B025,2025-06-15 22:00:00,1,613E2580,0,,191.36,1,0,1
B025,2025-06-15 23:00:00,0,613H2404,0,,,1,0,0
B025,2025-06-15 23:00:00,1,613E2580,0,,191.36,1,0,1
B025,2025-06-16 00:00:00,0,613H2404,0,,,1,0,0
B025,2025-06-16 00:00:00,1,613E2580,0,,191.35,1,0,1
B025,2025-06-16 01:00:00,0,613H2404,0,,,1,0,0
B025,2025-06-16 01:00:00,1,613E2580,0,,191.34,1,0,1
B025,2025-06-16 02:00:00,0,613H2404,0,,,1,0,0
B025,2025-06-16 02:00:00,1,613E2580,0,,191.32,1,0,1
B025,2025-06-16 03:00:00,0,613H2404,0,,,1,0,0
B025,2025-06-16 03:00:00,1,613E2580,0,,191.32,1,0,1
B025,2025-06-16 04:00:00,0,613H2404,0,,,1,0,0
B025,2025-06-16 04:00:00,1,613E2580,0,,191.32,1,0,1
B025,2025-06-16 05:00:00,0,613H2404,0,,,1,0,0
B025,2025-06-16 05:00:00,1,613E2580,0,,191.31,1,0,1
B025,2025-06-16 06:00:00,0,613H2404,0,,,1,0,0
B025,2025-06-16 06:00:00,1,613E2580,0,,191.31,1,0,1
B025,2025-06-16 07:00:00,0,613H2404,0,,,1,0,0
B025,2025-06-16 07:00:00,1,613E2580,0,,191.31,1,0,1
B025,2025-06-16 08:00:00,0,613H2404,0,,,1,0,0
B025,2025-06-16 08:00:00,1,613E2580,0,,191.3,1,0,1
B025,2025-06-16 09:00:00,0,613H2404,0,,,1,0,0
B025,2025-06-16 09:00:00,1,613E2580,0,,191.28,1,0,1
B025,2025-06-16 10:00:00,0,613H2404,0,,,1,0,0
B025,2025-06-16 10:00:00,1,613E2580,0,,191.28,1,0,1
B025,2025-06-16 11:00:00,0,613H2404,0,,,1,0,0
B025,2025-06-16 11:00:00,1,613E2580,0,,191.27,1,0,1
B025,2025-06-16 12:00:00,0,613H2404,0,,,1,0,0
B025,2025-06-16 12:00:00,1,613E2580,0,,191.27,1,0,1
B025,2025-06-16 13:00:00,0,613H2404,0,,,1,0,0
B025,2025-06-16 13:00:00,1,613E2580,0,,191.27,1,0,1
B025,2025-06-16 14:00:00,0,613H2404,0,,,1,0,0
B025,2025-06-16 14:00:00,1,613E2580,0,,191.27,1,0,1
B025,2025-06-16 15:00:00,0,613H2404,0,,,1,0,0
B025,2025-06-16 15:00:00,1,613E2580,0,,191.27,1,0,1
B025,2025-06-16 16:00:00,0,613H2404,0,,,1,0,0
B025,2025-06-16 16:00:00,1,613E2580,0,,191.27,1,0,1
B025,2025-06-16 17:00:00,0,613H2404,0,,,1,0,0
B025,2025-06-16 17:00:00,1,613E2580,0,,191.27,1,0,1
B025,2025-06-16 18:00:00,0,613H2404,0,,,1,0,0
B025,2025-06-16 18:00:00,1,613E2580,0,,191.27,1,0,1
B025,2025-06-16 19:00:00,0,613H2404,0,,,1,0,0
B025,2025-06-16 19:00:00,1,613E2580,0,,191.26,1,0,1
B025,2025-06-16 20:00:00,0,613H2404,0,,,1,0,0
B025,2025-06-16 20:00:00,1,613E2580,0,,191.26,1,0,1
B025,2025-06-16 21:00:00,0,613H2404,0,,,1,0,0
B025,2025-06-16 21:00:00,1,613E2580,0,,191.24,1,0,1
B025,2025-06-16 22:00:00,0,613H2404,0,,,1,0,0
B025,2025-06-16 22:00:00,1,613E2580,0,,191.24,1,0,1
B025,2025-06-16 23:00:00,0,613H2404,0,,,1,0,0
B025,2025-06-16 23:00:00,1,613E2580,0,,191.24,1,0,1
B025,2025-06-17 00:00:00,0,613H2404,0,,,1,0,0
B025,2025-06-17 00:00:00,1,613E2580,0,,191.24,1,0,1
B025,2025-06-17 01:00:00,0,613H2404,0,,,1,0,0
B025,2025-06-17 01:00:00,1,613E2580,0,,191.24,1,0,1
B025,2025-06-17 02:00:00,0,613H2404,0,,,1,0,0
B025,2025-06-17 02:00:00,1,613E2580,0,,191.23,1,0,1
B025,2025-06-17 03:00:00,0,613H2404,0,,,1,0,0
B025,2025-06-17 03:00:00,1,613E2580,0,,191.23,1,0,1
B025,2025-06-17 04:00:00,0,613H2404,0,,,1,0,0
B025,2025-06-17 04:00:00,1,613E2580,0,,191.23,1,0,1
B025,2025-06-17 05:00:00,0,613H2404,0,,,1,0,0
B025,2025-06-17 05:00:00,1,613E2580,0,,191.23,1,0,1
B025,2025-06-17 06:00:00,0,613H2404,0,,,1,0,0
B025,2025-06-17 06:00:00,1,613E2580,0,,191.23,1,0,1
B025,2025-06-17 07:00:00,0,613H2404,0,,,1,0,0
B025,2025-06-17 07:00:00,1,613E2580,0,,191.23,1,0,1
B025,2025-06-17 08:00:00,0,613H2404,0,,,1,0,0
B025,2025-06-17 08:00:00,1,613E2580,0,,191.23,1,0,1
B025,2025-08-12 20:00:00,0,613H2404,0,,,1,0,0
B025,2025-08-12 20:00:00,1,613E2580,0,,191.07,1,0,1
B025,2025-08-12 21:00:00,0,613H2404,0,,,1,0,0
B025,2025-08-12 21:00:00,1,613E2580,0,,191.07,1,0,1
B025,2025-08-12 22:00:00,0,613H2404,0,,,1,0,0
B025,2025-08-12 22:00:00,1,613E2580,0.1125710714,,191.07,1,0,1
B025,2025-08-12 23:00:00,0,613H2404,0,,,1,0,0
B025,2025-08-12 23:00:00,1,613E2580,0,,191.07,1,0,1
B025,2025-08-13 00:00:00,0,613H2404,0,,,1,0,0
B025,2025-08-13 00:00:00,1,613E2580,0,,191.07,1,0,1
B025,2025-08-13 01:00:00,0,613H2404,0,,,1,0,0
B025,2025-08-13 01:00:00,1,613E2580,0,,191.09,1,0,1
B025,2025-08-13 02:00:00,0,613H2404,0,,,1,0,0
B025,2025-08-13 02:00:00,1,613E2580,0,,191.09,1,0,1
B025,2025-08-13 03:00:00,0,613H2404,0,,,1,0,0
B025,2025-08-13 03:00:00,1,613E2580,0,,191.09,1,0,1
B025,2025-08-13 04:00:00,0,613H2404,0,,,1,0,0
B025,2025-08-13 04:00:00,1,613E2580,0,,191.09,1,0,1
B025,2025-08-13 05:00:00,0,613H2404,0,,,1,0,0
B025,2025-08-13 05:00:00,1,613E2580,0,,,1,0,0
B025,2025-08-13 06:00:00,0,613H2404,0,,,1,0,0
B025,2025-08-13 06:00:00,1,613E2580,0,,191.11,1,0,1
B025,2025-08-13 07:00:00,0,613H2404,0.8891685287,,,1,0,0
B025,2025-08-13 07:00:00,1,613E2580,2.701705713,,191.11,1,0,1
B025,2025-08-13 08:00:00,0,613H2404,0,,,1,0,0
B025,2025-08-13 08:00:00,1,613E2580,0,,191.11,1,0,1
B025,2025-08-13 09:00:00,0,613H2404,0,,,1,0,0
B025,2025-08-13 09:00:00,1,613E2580,0,,191.14,1,0,1
B025,2025-08-13 10:00:00,0,613H2404,0.003956706784,,,1,0,0
B025,2025-08-13 10:00:00,1,613E2580,0,,191.14,1,0,1
B025,2025-08-13 11:00:00,0,613H2404,0,,,1,0,0
B025,2025-08-13 11:00:00,1,613E2580,0,,191.15,1,0,1
B025,2025-08-13 12:00:00,0,613H2404,0,,,1,0,0
B025,2025-08-13 12:00:00,1,613E2580,0,,191.15,1,0,1
B025,2025-08-13 13:00:00,0,613H2404,0,,,1,0,0
B025,2025-08-13 13:00:00,1,613E2580,0,,191.15,1,0,1
B025,2025-08-13 14:00:00,0,613H2404,0,,,1,0,0
B025,2025-08-13 14:00:00,1,613E2580,0,,191.15,1,0,1
B025,2025-08-13 15:00:00,0,613H2404,0,,,1,0,0
B025,2025-08-13 15:00:00,1,613E2580,0,,191.15,1,0,1
B025,2025-08-13 16:00:00,0,613H2404,0,,,1,0,0
B025,2025-08-13 16:00:00,1,613E2580,0,,191.15,1,0,1
B025,2025-08-13 17:00:00,0,613H2404,0,,,1,0,0
B025,2025-08-13 17:00:00,1,613E2580,0,,191.15,1,0,1
B025,2025-08-13 18:00:00,0,613H2404,0,,,1,0,0
B025,2025-08-13 18:00:00,1,613E2580,0,,191.15,1,0,1
B025,2025-08-13 19:00:00,0,613H2404,0,,,1,0,0
B025,2025-08-13 19:00:00,1,613E2580,0,,191.15,1,0,1
B025,2025-08-13 20:00:00,0,613H2404,0,,,1,0,0
B025,2025-08-13 20:00:00,1,613E2580,0,,191.15,1,0,1
B025,2025-08-13 21:00:00,0,613H2404,0,,,1,0,0
B025,2025-08-13 21:00:00,1,613E2580,0,,191.15,1,0,1
B025,2025-08-13 22:00:00,0,613H2404,0,,,1,0,0
B025,2025-08-13 22:00:00,1,613E2580,0,,191.15,1,0,1
B025,2025-08-13 23:00:00,0,613H2404,0,,,1,0,0
B025,2025-08-13 23:00:00,1,613E2580,0,,191.15,1,0,1
B025,2025-08-14 00:00:00,0,613H2404,0,,,1,0,0
B025,2025-08-14 00:00:00,1,613E2580,0,,191.14,1,0,1
B025,2025-08-14 01:00:00,0,613H2404,0,,,1,0,0
B025,2025-08-14 01:00:00,1,613E2580,0,,191.14,1,0,1
B025,2025-08-14 02:00:00,0,613H2404,0,,,1,0,0
B025,2025-08-14 02:00:00,1,613E2580,0,,191.14,1,0,1
B025,2025-08-14 03:00:00,0,613H2404,0,,,1,0,0
B025,2025-08-14 03:00:00,1,613E2580,0,,191.14,1,0,1
B025,2025-08-14 04:00:00,0,613H2404,0,,,1,0,0
B025,2025-08-14 04:00:00,1,613E2580,0,,191.14,1,0,1
B025,2025-08-14 05:00:00,0,613H2404,0,,,1,0,0
B025,2025-08-14 05:00:00,1,613E2580,0,,191.13,1,0,1
B025,2025-08-14 06:00:00,0,613H2404,0,,,1,0,0
B025,2025-08-14 06:00:00,1,613E2580,0,,191.13,1,0,1
B025,2025-08-14 07:00:00,0,613H2404,0.003956706784,,,1,0,0
B025,2025-08-14 07:00:00,1,613E2580,0,,191.13,1,0,1
B025,2025-08-14 08:00:00,0,613H2404,0,,,1,0,0
B025,2025-08-14 08:00:00,1,613E2580,0,,191.13,1,0,1
B025,2025-08-14 09:00:00,0,613H2404,0,,,1,0,0
B025,2025-08-14 09:00:00,1,613E2580,0,,191.13,1,0,1
B025,2025-08-14 10:00:00,0,613H2404,0,,,1,0,0
B025,2025-08-14 10:00:00,1,613E2580,0,,191.11,1,0,1
B025,2025-08-14 11:00:00,0,613H2404,0,,,1,0,0
B025,2025-08-14 11:00:00,1,613E2580,0,,191.11,1,0,1
B025,2025-08-14 12:00:00,0,613H2404,0,,,1,0,0
B025,2025-08-14 12:00:00,1,613E2580,0,,,1,0,0
B025,2025-08-14 13:00:00,0,613H2404,0,,,1,0,0
B025,2025-08-14 13:00:00,1,613E2580,0,,191.11,1,0,1
B025,2025-08-14 14:00:00,0,613H2404,0,,,1,0,0
B025,2025-08-14 14:00:00,1,613E2580,0,,191.11,1,0,1
B025,2025-08-14 15:00:00,0,613H2404,0,,,1,0,0
B025,2025-08-14 15:00:00,1,613E2580,0,,191.11,1,0,1
B025,2025-08-14 16:00:00,0,613H2404,0,,,1,0,0
B025,2025-08-14 16:00:00,1,613E2580,0,,191.11,1,0,1
B025,2025-08-14 17:00:00,0,613H2404,0,,,1,0,0
B025,2025-08-14 17:00:00,1,613E2580,0,,191.11,1,0,1
B025,2025-08-14 18:00:00,0,613H2404,0,,,1,0,0
B025,2025-08-14 18:00:00,1,613E2580,0,,191.11,1,0,1
B025,2025-08-14 19:00:00,0,613H2404,0,,,1,0,0
B025,2025-08-14 19:00:00,1,613E2580,0,,191.11,1,0,1
B025,2025-08-14 20:00:00,0,613H2404,1.557615899,,,1,0,0
B025,2025-08-14 20:00:00,1,613E2580,0.7879974997,,191.11,1,0,1
B025,2025-08-14 21:00:00,0,613H2404,0.6694933232,,,1,0,0
B025,2025-08-14 21:00:00,1,613E2580,0,,191.11,1,0,1
B025,2025-08-14 22:00:00,0,613H2404,9.688032718,,,1,0,0
B025,2025-08-14 22:00:00,1,613E2580,4.277700713,,191.11,1,0,1
B025,2025-08-14 23:00:00,0,613H2404,1.179620045,,,1,0,0
B025,2025-08-14 23:00:00,1,613E2580,0,,191.14,1,0,1
B025,2025-08-15 00:00:00,0,613H2404,0,,,1,0,0
B025,2025-08-15 00:00:00,1,613E2580,0,,191.19,1,0,1
B025,2025-08-15 01:00:00,0,613H2404,0,,,1,0,0
B025,2025-08-15 01:00:00,1,613E2580,0,,191.85,1,0,1
B025,2025-08-15 02:00:00,0,613H2404,0.3146885452,,,1,0,0
B025,2025-08-15 02:00:00,1,613E2580,0,,191.89,1,0,1
B025,2025-08-15 03:00:00,0,613H2404,0.09830167042,,,1,0,0
B025,2025-08-15 03:00:00,1,613E2580,0,,192.12,1,0,1
B025,2025-08-15 04:00:00,0,613H2404,0,,,1,0,0
B025,2025-08-15 04:00:00,1,613E2580,0,,192.21,1,0,1
B025,2025-08-15 05:00:00,0,613H2404,0,,,1,0,0
B025,2025-08-15 05:00:00,1,613E2580,0,,192.02,1,0,1
B025,2025-08-15 06:00:00,0,613H2404,0,,,1,0,0
B025,2025-08-15 06:00:00,1,613E2580,0,,,1,0,0
B025,2025-08-15 07:00:00,0,613H2404,13.55163606,,,1,0,0
B025,2025-08-15 07:00:00,1,613E2580,5.065698212,,191.81,1,0,1
B025,2025-08-15 08:00:00,0,613H2404,0,,,1,0,0
B025,2025-08-15 08:00:00,1,613E2580,0,,191.83,1,0,1
B025,2025-08-15 09:00:00,0,613H2404,0,,,1,0,0
B025,2025-08-15 09:00:00,1,613E2580,0,,191.76,1,0,1
B025,2025-08-15 10:00:00,0,613H2404,0,,,1,0,0
B025,2025-08-15 10:00:00,1,613E2580,0,,191.72,1,0,1
B025,2025-08-15 11:00:00,0,613H2404,0,,,1,0,0
B025,2025-08-15 11:00:00,1,613E2580,0,,191.64,1,0,1
B025,2025-08-15 12:00:00,0,613H2404,0,,,1,0,0
B025,2025-08-15 12:00:00,1,613E2580,0,,,1,0,0
B025,2025-08-15 13:00:00,0,613H2404,0,,,1,0,0
B025,2025-08-15 13:00:00,1,613E2580,0,,191.6,1,0,1
B025,2025-08-15 14:00:00,0,613H2404,0,,,1,0,0
B025,2025-08-15 14:00:00,1,613E2580,0,,191.57,1,0,1
B025,2025-08-15 15:00:00,0,613H2404,0,,,1,0,0
B025,2025-08-15 15:00:00,1,613E2580,0,,191.53,1,0,1
B025,2025-08-15 16:00:00,0,613H2404,0,,,1,0,0
B025,2025-08-15 16:00:00,1,613E2580,0,,191.52,1,0,1
B025,2025-08-15 17:00:00,0,613H2404,0,,,1,0,0
B025,2025-08-15 17:00:00,1,613E2580,0,,191.48,1,0,1
B025,2025-08-15 18:00:00,0,613H2404,0,,,1,0,0
B025,2025-08-15 18:00:00,1,613E2580,0,,191.44,1,0,1
B025,2025-08-15 19:00:00,0,613H2404,0,,,1,0,0
B025,2025-08-15 19:00:00,1,613E2580,0,,,1,0,0
B025,2025-08-15 20:00:00,0,613H2404,0,,,1,0,0
B025,2025-08-15 20:00:00,1,613E2580,0,,191.44,1,0,1
B025,2025-08-15 21:00:00,0,613H2404,0,,,1,0,0
B025,2025-08-15 21:00:00,1,613E2580,0,,191.43,1,0,1
B025,2025-08-15 22:00:00,0,613H2404,0,,,1,0,0
B025,2025-08-15 22:00:00,1,613E2580,0,,191.4,1,0,1
B025,2025-08-15 23:00:00,0,613H2404,0,,,1,0,0
B025,2025-08-15 23:00:00,1,613E2580,0,,191.4,1,0,1
B025,2025-08-16 00:00:00,0,613H2404,0,,,1,0,0
B025,2025-08-16 00:00:00,1,613E2580,0,,191.39,1,0,1
B025,2025-08-16 01:00:00,0,613H2404,0,,,1,0,0
B025,2025-08-16 01:00:00,1,613E2580,0,,191.38,1,0,1
B025,2025-08-16 02:00:00,0,613H2404,0,,,1,0,0
B025,2025-08-16 02:00:00,1,613E2580,0,,191.36,1,0,1
B025,2025-08-16 03:00:00,0,613H2404,0,,,1,0,0
B025,2025-08-16 03:00:00,1,613E2580,0,,191.36,1,0,1
B025,2025-08-16 04:00:00,0,613H2404,0,,,1,0,0
B025,2025-08-16 04:00:00,1,613E2580,0,,191.35,1,0,1
B025,2025-08-16 05:00:00,0,613H2404,0,,,1,0,0
B025,2025-08-16 05:00:00,1,613E2580,0,,191.34,1,0,1
B025,2025-08-16 06:00:00,0,613H2404,0,,,1,0,0
B025,2025-08-16 06:00:00,1,613E2580,0,,191.32,1,0,1
B025,2025-08-16 07:00:00,0,613H2404,0,,,1,0,0
B025,2025-08-16 07:00:00,1,613E2580,0,,191.32,1,0,1
B025,2025-08-16 08:00:00,0,613H2404,0,,,1,0,0
B025,2025-08-16 08:00:00,1,613E2580,0,,191.32,1,0,1
B025,2025-08-16 09:00:00,0,613H2404,0,,,1,0,0
B025,2025-08-16 09:00:00,1,613E2580,0,,191.31,1,0,1
B025,2025-08-16 10:00:00,0,613H2404,0,,,1,0,0
B025,2025-08-16 10:00:00,1,613E2580,0,,191.31,1,0,1
B025,2025-08-16 11:00:00,0,613H2404,0,,,1,0,0
B025,2025-08-16 11:00:00,1,613E2580,0,,191.3,1,0,1
B025,2025-08-16 12:00:00,0,613H2404,0,,,1,0,0
B025,2025-08-16 12:00:00,1,613E2580,0,,191.28,1,0,1
B025,2025-08-16 13:00:00,0,613H2404,0,,,1,0,0
B025,2025-08-16 13:00:00,1,613E2580,0,,191.28,1,0,1
B025,2025-08-16 14:00:00,0,613H2404,0,,,1,0,0
B025,2025-08-16 14:00:00,1,613E2580,0,,191.27,1,0,1
B025,2025-08-16 15:00:00,0,613H2404,0,,,1,0,0
B025,2025-08-16 15:00:00,1,613E2580,0,,191.27,1,0,1
B025,2025-08-16 16:00:00,0,613H2404,0,,,1,0,0
B025,2025-08-16 16:00:00,1,613E2580,0,,191.27,1,0,1
B025,2025-08-16 17:00:00,0,613H2404,0,,,1,0,0
B025,2025-08-16 17:00:00,1,613E2580,0,,191.27,1,0,1
B025,2025-08-16 18:00:00,0,613H2404,0,,,1,0,0
B025,2025-08-16 18:00:00,1,613E2580,0,,191.27,1,0,1
B025,2025-08-16 19:00:00,0,613H2404,0,,,1,0,0
B025,2025-08-16 19:00:00,1,613E2580,0,,191.27,1,0,1
B025,2025-08-16 20:00:00,0,613H2404,0,,,1,0,0
B025,2025-08-16 20:00:00,1,613E2580,0,,191.26,1,0,1
B025,2025-08-16 21:00:00,0,613H2404,0,,,1,0,0
B025,2025-08-16 21:00:00,1,613E2580,0,,191.26,1,0,1
B025,2025-08-16 22:00:00,0,613H2404,0,,,1,0,0
B025,2025-08-16 22:00:00,1,613E2580,0,,191.24,1,0,1
B025,2025-08-16 23:00:00,0,613H2404,0,,,1,0,0
B025,2025-08-16 23:00:00,1,613E2580,0,,191.24,1,0,1
B025,2025-08-17 00:00:00,0,613H2404,0,,,1,0,0
B025,2025-08-17 00:00:00,1,613E2580,0,,191.24,1,0,1
B025,2025-08-17 01:00:00,0,613H2404,0,,,1,0,0
B025,2025-08-17 01:00:00,1,613E2580,0,,191.23,1,0,1
B025,2025-08-17 02:00:00,0,613H2404,0,,,1,0,0
B025,2025-08-17 02:00:00,1,613E2580,0,,191.23,1,0,1
B025,2025-08-17 03:00:00,0,613H2404,0,,,1,0,0
B025,2025-08-17 03:00:00,1,613E2580,0,,191.23,1,0,1
B025,2025-08-17 04:00:00,0,613H2404,0,,,1,0,0
B025,2025-08-17 04:00:00,1,613E2580,0,,191.23,1,0,1
B025,2025-08-17 05:00:00,0,613H2404,0,,,1,0,0
B025,2025-08-17 05:00:00,1,613E2580,0,,191.23,1,0,1
B025,2025-08-17 06:00:00,0,613H2404,0,,,1,0,0
B025,2025-08-17 06:00:00,1,613E2580,0,,191.23,1,0,1
B025,2025-08-17 07:00:00,0,613H2404,0,,,1,0,0
B025,2025-08-17 07:00:00,1,613E2580,0,,191.23,1,0,1
B025,2025-08-17 08:00:00,0,613H2404,0,,,1,0,0
B025,2025-08-17 08:00:00,1,613E2580,0,,191.22,1,0,1
